# Sinh tự động bởi tools/mesh_kit.py - đừng sửa tay
o bamboo_clump
v 0.3488 -0.0109 0.0000
v 0.3244 -0.0055 -0.0433
v 0.2756 0.0055 -0.0433
v 0.2512 0.0109 -0.0000
v 0.2756 0.0055 0.0433
v 0.3244 -0.0055 0.0433
v 0.3488 -0.0109 0.0000
v 0.7424 1.7905 0.0000
v 0.7224 1.7952 -0.0356
v 0.6824 1.8048 -0.0356
v 0.6624 1.8095 -0.0000
v 0.6824 1.8048 0.0356
v 0.7224 1.7952 0.0356
v 0.7424 1.7905 0.0000
v 1.1886 3.5910 0.0000
v 1.1732 3.5955 -0.0278
v 1.1423 3.6045 -0.0278
v 1.1269 3.6090 -0.0000
v 1.1423 3.6045 0.0278
v 1.1732 3.5955 0.0278
v 1.1886 3.5910 0.0000
v 1.9391 5.9939 0.0000
v 1.9295 5.9970 -0.0173
v 1.9105 6.0030 -0.0173
v 1.9009 6.0061 -0.0000
v 1.9105 6.0030 0.0173
v 1.9295 5.9970 0.0173
v 1.9391 5.9939 0.0000
v 0.3000 0.0000 0.0000
v 0.3488 -0.0109 0.0000
v 0.3244 -0.0055 -0.0433
v 0.2756 0.0055 -0.0433
v 0.2512 0.0109 -0.0000
v 0.2756 0.0055 0.0433
v 0.3244 -0.0055 0.0433
v 1.9200 6.0000 0.0000
v 1.9391 5.9939 0.0000
v 1.9295 5.9970 -0.0173
v 1.9105 6.0030 -0.0173
v 1.9009 6.0061 -0.0000
v 1.9105 6.0030 0.0173
v 1.9295 5.9970 0.0173
v 0.2791 -0.0083 0.1916
v 0.2545 0.0020 0.1494
v 0.2052 0.0103 0.1506
v 0.1805 0.0083 0.1940
v 0.2052 -0.0020 0.2363
v 0.2545 -0.0103 0.2351
v 0.2791 -0.0083 0.1916
v 0.5785 1.7928 0.4505
v 0.5584 1.8018 0.4158
v 0.5179 1.8090 0.4168
v 0.4976 1.8072 0.4525
v 0.5178 1.7982 0.4872
v 0.5583 1.7910 0.4862
v 0.5785 1.7928 0.4505
v 0.9183 3.5932 0.7432
v 0.9028 3.6017 0.7163
v 0.8714 3.6084 0.7173
v 0.8555 3.6068 0.7452
v 0.8710 3.5983 0.7721
v 0.9024 3.5916 0.7711
v 0.9183 3.5932 0.7432
v 1.4903 5.9954 1.2334
v 1.4807 6.0011 1.2168
v 1.4613 6.0057 1.2175
v 1.4514 6.0046 1.2349
v 1.4609 5.9989 1.2515
v 1.4803 5.9943 1.2508
v 1.4903 5.9954 1.2334
v 0.2298 0.0000 0.1928
v 0.2791 -0.0083 0.1916
v 0.2545 0.0020 0.1494
v 0.2052 0.0103 0.1506
v 0.1805 0.0083 0.1940
v 0.2052 -0.0020 0.2363
v 0.2545 -0.0103 0.2351
v 1.4708 6.0000 1.2342
v 1.4903 5.9954 1.2334
v 1.4807 6.0011 1.2168
v 1.4613 6.0057 1.2175
v 1.4514 6.0046 1.2349
v 1.4609 5.9989 1.2515
v 1.4803 5.9943 1.2508
v 0.1021 -0.0019 0.2950
v 0.0771 0.0084 0.2530
v 0.0271 0.0102 0.2534
v 0.0021 0.0019 0.2958
v 0.0271 -0.0084 0.3379
v 0.0771 -0.0102 0.3375
v 0.1021 -0.0019 0.2950
v 0.1630 1.7984 0.6914
v 0.1425 1.8073 0.6569
v 0.1015 1.8089 0.6573
v 0.0809 1.8016 0.6921
v 0.1014 1.7927 0.7266
v 0.1425 1.7911 0.7262
v 0.1630 1.7984 0.6914
v 0.2332 3.5985 1.1398
v 0.2172 3.6069 1.1132
v 0.1851 3.6084 1.1136
v 0.1689 3.6015 1.1405
v 0.1849 3.5931 1.1671
v 0.2170 3.5916 1.1668
v 0.2332 3.5985 1.1398
v 0.3534 5.9990 1.8906
v 0.3435 6.0047 1.8742
v 0.3235 6.0057 1.8744
v 0.3134 6.0010 1.8911
v 0.3234 5.9953 1.9075
v 0.3433 5.9943 1.9072
v 0.3534 5.9990 1.8906
v 0.0521 0.0000 0.2954
v 0.1021 -0.0019 0.2950
v 0.0771 0.0084 0.2530
v 0.0271 0.0102 0.2534
v 0.0021 0.0019 0.2958
v 0.0271 -0.0084 0.3379
v 0.0771 -0.0102 0.3375
v 0.3334 6.0000 1.8908
v 0.3534 5.9990 1.8906
v 0.3435 6.0047 1.8742
v 0.3235 6.0057 1.8744
v 0.3134 6.0010 1.8911
v 0.3234 5.9953 1.9075
v 0.3433 5.9943 1.9072
v -0.1003 0.0054 0.2608
v -0.1251 0.0109 0.2178
v -0.1749 0.0056 0.2168
v -0.1997 -0.0054 0.2588
v -0.1749 -0.0109 0.3018
v -0.1251 -0.0056 0.3028
v -0.1003 0.0054 0.2608
v -0.3104 1.8047 0.6092
v -0.3308 1.8095 0.5739
v -0.3717 1.8049 0.5730
v -0.3920 1.7953 0.6074
v -0.3716 1.7905 0.6427
v -0.3307 1.7951 0.6436
v -0.3104 1.8047 0.6092
v -0.5470 3.6044 1.0035
v -0.5631 3.6090 0.9761
v -0.5950 3.6046 0.9752
v -0.6107 3.5956 1.0018
v -0.5946 3.5910 1.0292
v -0.5628 3.5954 1.0301
v -0.5470 3.6044 1.0035
v -0.9402 6.0030 1.6634
v -0.9503 6.0061 1.6464
v -0.9700 6.0031 1.6458
v -0.9798 5.9970 1.6621
v -0.9697 5.9939 1.6792
v -0.9500 5.9969 1.6798
v -0.9402 6.0030 1.6634
v -0.1500 0.0000 0.2598
v -0.1003 0.0054 0.2608
v -0.1251 0.0109 0.2178
v -0.1749 0.0056 0.2168
v -0.1997 -0.0054 0.2588
v -0.1749 -0.0109 0.3018
v -0.1251 -0.0056 0.3028
v -0.9600 6.0000 1.6628
v -0.9402 6.0030 1.6634
v -0.9503 6.0061 1.6464
v -0.9700 6.0031 1.6458
v -0.9798 5.9970 1.6621
v -0.9697 5.9939 1.6792
v -0.9500 5.9969 1.6798
v -0.2330 0.0102 0.1034
v -0.2574 0.0084 0.0598
v -0.3064 -0.0018 0.0590
v -0.3308 -0.0102 0.1018
v -0.3064 -0.0084 0.1454
v -0.2574 0.0018 0.1462
v -0.2330 0.0102 0.1034
v -0.6199 1.8089 0.2409
v -0.6400 1.8073 0.2051
v -0.6802 1.7984 0.2044
v -0.7002 1.7911 0.2396
v -0.6801 1.7927 0.2754
v -0.6400 1.8016 0.2761
v -0.6199 1.8089 0.2409
v -1.0569 3.6084 0.3967
v -1.0726 3.6069 0.3686
v -1.1036 3.5985 0.3679
v -1.1190 3.5916 0.3953
v -1.1033 3.5931 0.4233
v -1.0723 3.6015 0.4240
v -1.0569 3.6084 0.3967
v -1.7850 6.0057 0.6571
v -1.7947 6.0047 0.6397
v -1.8139 5.9990 0.6392
v -1.8234 5.9943 0.6562
v -1.8137 5.9953 0.6737
v -1.7945 6.0010 0.6741
v -1.7850 6.0057 0.6571
v -0.2819 0.0000 0.1026
v -0.2330 0.0102 0.1034
v -0.2574 0.0084 0.0598
v -0.3064 -0.0018 0.0590
v -0.3308 -0.0102 0.1018
v -0.3064 -0.0084 0.1454
v -0.2574 0.0018 0.1462
v -1.8042 6.0000 0.6567
v -1.7850 6.0057 0.6571
v -1.7947 6.0047 0.6397
v -1.8139 5.9990 0.6392
v -1.8234 5.9943 0.6562
v -1.8137 5.9953 0.6737
v -1.7945 6.0010 0.6741
v -0.2330 0.0102 -0.1034
v -0.2574 0.0018 -0.1462
v -0.3064 -0.0084 -0.1454
v -0.3308 -0.0102 -0.1018
v -0.3064 -0.0018 -0.0590
v -0.2574 0.0084 -0.0598
v -0.2330 0.0102 -0.1034
v -0.6199 1.8089 -0.2409
v -0.6400 1.8016 -0.2761
v -0.6801 1.7927 -0.2754
v -0.7002 1.7911 -0.2396
v -0.6802 1.7984 -0.2044
v -0.6400 1.8073 -0.2051
v -0.6199 1.8089 -0.2409
v -1.0569 3.6084 -0.3967
v -1.0723 3.6015 -0.4240
v -1.1033 3.5931 -0.4233
v -1.1190 3.5916 -0.3953
v -1.1036 3.5985 -0.3679
v -1.0726 3.6069 -0.3686
v -1.0569 3.6084 -0.3967
v -1.7850 6.0057 -0.6571
v -1.7945 6.0010 -0.6741
v -1.8137 5.9953 -0.6737
v -1.8234 5.9943 -0.6562
v -1.8139 5.9990 -0.6392
v -1.7947 6.0047 -0.6397
v -1.7850 6.0057 -0.6571
v -0.2819 0.0000 -0.1026
v -0.2330 0.0102 -0.1034
v -0.2574 0.0018 -0.1462
v -0.3064 -0.0084 -0.1454
v -0.3308 -0.0102 -0.1018
v -0.3064 -0.0018 -0.0590
v -0.2574 0.0084 -0.0598
v -1.8042 6.0000 -0.6567
v -1.7850 6.0057 -0.6571
v -1.7945 6.0010 -0.6741
v -1.8137 5.9953 -0.6737
v -1.8234 5.9943 -0.6562
v -1.8139 5.9990 -0.6392
v -1.7947 6.0047 -0.6397
v -0.1003 0.0054 -0.2608
v -0.1251 -0.0056 -0.3028
v -0.1749 -0.0109 -0.3018
v -0.1997 -0.0054 -0.2588
v -0.1749 0.0056 -0.2168
v -0.1251 0.0109 -0.2178
v -0.1003 0.0054 -0.2608
v -0.3104 1.8047 -0.6092
v -0.3307 1.7951 -0.6436
v -0.3716 1.7905 -0.6427
v -0.3920 1.7953 -0.6074
v -0.3717 1.8049 -0.5730
v -0.3308 1.8095 -0.5739
v -0.3104 1.8047 -0.6092
v -0.5470 3.6044 -1.0035
v -0.5628 3.5954 -1.0301
v -0.5946 3.5910 -1.0292
v -0.6107 3.5956 -1.0018
v -0.5950 3.6046 -0.9752
v -0.5631 3.6090 -0.9761
v -0.5470 3.6044 -1.0035
v -0.9402 6.0030 -1.6634
v -0.9500 5.9969 -1.6798
v -0.9697 5.9939 -1.6792
v -0.9798 5.9970 -1.6621
v -0.9700 6.0031 -1.6458
v -0.9503 6.0061 -1.6464
v -0.9402 6.0030 -1.6634
v -0.1500 0.0000 -0.2598
v -0.1003 0.0054 -0.2608
v -0.1251 -0.0056 -0.3028
v -0.1749 -0.0109 -0.3018
v -0.1997 -0.0054 -0.2588
v -0.1749 0.0056 -0.2168
v -0.1251 0.0109 -0.2178
v -0.9600 6.0000 -1.6628
v -0.9402 6.0030 -1.6634
v -0.9500 5.9969 -1.6798
v -0.9697 5.9939 -1.6792
v -0.9798 5.9970 -1.6621
v -0.9700 6.0031 -1.6458
v -0.9503 6.0061 -1.6464
v 0.1021 -0.0019 -0.2950
v 0.0771 -0.0102 -0.3375
v 0.0271 -0.0084 -0.3379
v 0.0021 0.0019 -0.2958
v 0.0271 0.0102 -0.2534
v 0.0771 0.0084 -0.2530
v 0.1021 -0.0019 -0.2950
v 0.1630 1.7984 -0.6914
v 0.1425 1.7911 -0.7262
v 0.1014 1.7927 -0.7266
v 0.0809 1.8016 -0.6921
v 0.1015 1.8089 -0.6573
v 0.1425 1.8073 -0.6569
v 0.1630 1.7984 -0.6914
v 0.2332 3.5985 -1.1398
v 0.2170 3.5916 -1.1668
v 0.1849 3.5931 -1.1671
v 0.1689 3.6015 -1.1405
v 0.1851 3.6084 -1.1136
v 0.2172 3.6069 -1.1132
v 0.2332 3.5985 -1.1398
v 0.3534 5.9990 -1.8906
v 0.3433 5.9943 -1.9072
v 0.3234 5.9953 -1.9075
v 0.3134 6.0010 -1.8911
v 0.3235 6.0057 -1.8744
v 0.3435 6.0047 -1.8742
v 0.3534 5.9990 -1.8906
v 0.0521 0.0000 -0.2954
v 0.1021 -0.0019 -0.2950
v 0.0771 -0.0102 -0.3375
v 0.0271 -0.0084 -0.3379
v 0.0021 0.0019 -0.2958
v 0.0271 0.0102 -0.2534
v 0.0771 0.0084 -0.2530
v 0.3334 6.0000 -1.8908
v 0.3534 5.9990 -1.8906
v 0.3433 5.9943 -1.9072
v 0.3234 5.9953 -1.9075
v 0.3134 6.0010 -1.8911
v 0.3235 6.0057 -1.8744
v 0.3435 6.0047 -1.8742
v 0.2791 -0.0083 -0.1916
v 0.2545 -0.0103 -0.2351
v 0.2052 -0.0020 -0.2363
v 0.1805 0.0083 -0.1940
v 0.2052 0.0103 -0.1506
v 0.2545 0.0020 -0.1494
v 0.2791 -0.0083 -0.1916
v 0.5785 1.7928 -0.4505
v 0.5583 1.7910 -0.4862
v 0.5178 1.7982 -0.4872
v 0.4976 1.8072 -0.4525
v 0.5179 1.8090 -0.4168
v 0.5584 1.8018 -0.4158
v 0.5785 1.7928 -0.4505
v 0.9183 3.5932 -0.7432
v 0.9024 3.5916 -0.7711
v 0.8710 3.5983 -0.7721
v 0.8555 3.6068 -0.7452
v 0.8714 3.6084 -0.7173
v 0.9028 3.6017 -0.7163
v 0.9183 3.5932 -0.7432
v 1.4903 5.9954 -1.2334
v 1.4803 5.9943 -1.2508
v 1.4609 5.9989 -1.2515
v 1.4514 6.0046 -1.2349
v 1.4613 6.0057 -1.2175
v 1.4807 6.0011 -1.2168
v 1.4903 5.9954 -1.2334
v 0.2298 0.0000 -0.1928
v 0.2791 -0.0083 -0.1916
v 0.2545 -0.0103 -0.2351
v 0.2052 -0.0020 -0.2363
v 0.1805 0.0083 -0.1940
v 0.2052 0.0103 -0.1506
v 0.2545 0.0020 -0.1494
v 1.4708 6.0000 -1.2342
v 1.4903 5.9954 -1.2334
v 1.4803 5.9943 -1.2508
v 1.4609 5.9989 -1.2515
v 1.4514 6.0046 -1.2349
v 1.4613 6.0057 -1.2175
v 1.4807 6.0011 -1.2168
vt 0.0000 0.0000
vt 0.0000 0.0524
vt 0.0000 0.1047
vt 0.0000 0.1571
vt 0.0000 0.2094
vt 0.0000 0.2618
vt 0.0000 0.3142
vt 1.8444 0.0000
vt 1.8444 0.0524
vt 1.8444 0.1047
vt 1.8444 0.1571
vt 1.8444 0.2094
vt 1.8444 0.2618
vt 1.8444 0.3142
vt 3.7011 0.0000
vt 3.7011 0.0524
vt 3.7011 0.1047
vt 3.7011 0.1571
vt 3.7011 0.2094
vt 3.7011 0.2618
vt 3.7011 0.3142
vt 6.2193 0.0000
vt 6.2193 0.0524
vt 6.2193 0.1047
vt 6.2193 0.1571
vt 6.2193 0.2094
vt 6.2193 0.2618
vt 6.2193 0.3142
vt 0.0000 0.0000
vt 0.0500 0.0000
vt 0.0250 0.0433
vt -0.0250 0.0433
vt -0.0500 0.0000
vt -0.0250 -0.0433
vt 0.0250 -0.0433
vt 0.0000 0.0000
vt 0.0200 0.0000
vt 0.0100 0.0173
vt -0.0100 0.0173
vt -0.0200 0.0000
vt -0.0100 -0.0173
vt 0.0100 -0.0173
vt 0.0000 0.0000
vt 0.0000 0.0524
vt 0.0000 0.1047
vt 0.0000 0.1571
vt 0.0000 0.2094
vt 0.0000 0.2618
vt 0.0000 0.3142
vt 1.8444 0.0000
vt 1.8444 0.0524
vt 1.8444 0.1047
vt 1.8444 0.1571
vt 1.8444 0.2094
vt 1.8444 0.2618
vt 1.8444 0.3142
vt 3.7011 0.0000
vt 3.7011 0.0524
vt 3.7011 0.1047
vt 3.7011 0.1571
vt 3.7011 0.2094
vt 3.7011 0.2618
vt 3.7011 0.3142
vt 6.2193 0.0000
vt 6.2193 0.0524
vt 6.2193 0.1047
vt 6.2193 0.1571
vt 6.2193 0.2094
vt 6.2193 0.2618
vt 6.2193 0.3142
vt 0.0000 0.0000
vt 0.0500 0.0000
vt 0.0250 0.0433
vt -0.0250 0.0433
vt -0.0500 0.0000
vt -0.0250 -0.0433
vt 0.0250 -0.0433
vt 0.0000 0.0000
vt 0.0200 0.0000
vt 0.0100 0.0173
vt -0.0100 0.0173
vt -0.0200 0.0000
vt -0.0100 -0.0173
vt 0.0100 -0.0173
vt 0.0000 0.0000
vt 0.0000 0.0524
vt 0.0000 0.1047
vt 0.0000 0.1571
vt 0.0000 0.2094
vt 0.0000 0.2618
vt 0.0000 0.3142
vt 1.8444 0.0000
vt 1.8444 0.0524
vt 1.8444 0.1047
vt 1.8444 0.1571
vt 1.8444 0.2094
vt 1.8444 0.2618
vt 1.8444 0.3142
vt 3.7011 0.0000
vt 3.7011 0.0524
vt 3.7011 0.1047
vt 3.7011 0.1571
vt 3.7011 0.2094
vt 3.7011 0.2618
vt 3.7011 0.3142
vt 6.2193 0.0000
vt 6.2193 0.0524
vt 6.2193 0.1047
vt 6.2193 0.1571
vt 6.2193 0.2094
vt 6.2193 0.2618
vt 6.2193 0.3142
vt 0.0000 0.0000
vt 0.0500 0.0000
vt 0.0250 0.0433
vt -0.0250 0.0433
vt -0.0500 0.0000
vt -0.0250 -0.0433
vt 0.0250 -0.0433
vt 0.0000 0.0000
vt 0.0200 0.0000
vt 0.0100 0.0173
vt -0.0100 0.0173
vt -0.0200 0.0000
vt -0.0100 -0.0173
vt 0.0100 -0.0173
vt 0.0000 0.0000
vt 0.0000 0.0524
vt 0.0000 0.1047
vt 0.0000 0.1571
vt 0.0000 0.2094
vt 0.0000 0.2618
vt 0.0000 0.3142
vt 1.8444 0.0000
vt 1.8444 0.0524
vt 1.8444 0.1047
vt 1.8444 0.1571
vt 1.8444 0.2094
vt 1.8444 0.2618
vt 1.8444 0.3142
vt 3.7011 0.0000
vt 3.7011 0.0524
vt 3.7011 0.1047
vt 3.7011 0.1571
vt 3.7011 0.2094
vt 3.7011 0.2618
vt 3.7011 0.3142
vt 6.2193 0.0000
vt 6.2193 0.0524
vt 6.2193 0.1047
vt 6.2193 0.1571
vt 6.2193 0.2094
vt 6.2193 0.2618
vt 6.2193 0.3142
vt 0.0000 0.0000
vt 0.0500 0.0000
vt 0.0250 0.0433
vt -0.0250 0.0433
vt -0.0500 0.0000
vt -0.0250 -0.0433
vt 0.0250 -0.0433
vt 0.0000 0.0000
vt 0.0200 0.0000
vt 0.0100 0.0173
vt -0.0100 0.0173
vt -0.0200 0.0000
vt -0.0100 -0.0173
vt 0.0100 -0.0173
vt 0.0000 0.0000
vt 0.0000 0.0524
vt 0.0000 0.1047
vt 0.0000 0.1571
vt 0.0000 0.2094
vt 0.0000 0.2618
vt 0.0000 0.3142
vt 1.8444 0.0000
vt 1.8444 0.0524
vt 1.8444 0.1047
vt 1.8444 0.1571
vt 1.8444 0.2094
vt 1.8444 0.2618
vt 1.8444 0.3142
vt 3.7011 0.0000
vt 3.7011 0.0524
vt 3.7011 0.1047
vt 3.7011 0.1571
vt 3.7011 0.2094
vt 3.7011 0.2618
vt 3.7011 0.3142
vt 6.2193 0.0000
vt 6.2193 0.0524
vt 6.2193 0.1047
vt 6.2193 0.1571
vt 6.2193 0.2094
vt 6.2193 0.2618
vt 6.2193 0.3142
vt 0.0000 0.0000
vt 0.0500 0.0000
vt 0.0250 0.0433
vt -0.0250 0.0433
vt -0.0500 0.0000
vt -0.0250 -0.0433
vt 0.0250 -0.0433
vt 0.0000 0.0000
vt 0.0200 0.0000
vt 0.0100 0.0173
vt -0.0100 0.0173
vt -0.0200 0.0000
vt -0.0100 -0.0173
vt 0.0100 -0.0173
vt 0.0000 0.0000
vt 0.0000 0.0524
vt 0.0000 0.1047
vt 0.0000 0.1571
vt 0.0000 0.2094
vt 0.0000 0.2618
vt 0.0000 0.3142
vt 1.8444 0.0000
vt 1.8444 0.0524
vt 1.8444 0.1047
vt 1.8444 0.1571
vt 1.8444 0.2094
vt 1.8444 0.2618
vt 1.8444 0.3142
vt 3.7011 0.0000
vt 3.7011 0.0524
vt 3.7011 0.1047
vt 3.7011 0.1571
vt 3.7011 0.2094
vt 3.7011 0.2618
vt 3.7011 0.3142
vt 6.2193 0.0000
vt 6.2193 0.0524
vt 6.2193 0.1047
vt 6.2193 0.1571
vt 6.2193 0.2094
vt 6.2193 0.2618
vt 6.2193 0.3142
vt 0.0000 0.0000
vt 0.0500 0.0000
vt 0.0250 0.0433
vt -0.0250 0.0433
vt -0.0500 0.0000
vt -0.0250 -0.0433
vt 0.0250 -0.0433
vt 0.0000 0.0000
vt 0.0200 0.0000
vt 0.0100 0.0173
vt -0.0100 0.0173
vt -0.0200 0.0000
vt -0.0100 -0.0173
vt 0.0100 -0.0173
vt 0.0000 0.0000
vt 0.0000 0.0524
vt 0.0000 0.1047
vt 0.0000 0.1571
vt 0.0000 0.2094
vt 0.0000 0.2618
vt 0.0000 0.3142
vt 1.8444 0.0000
vt 1.8444 0.0524
vt 1.8444 0.1047
vt 1.8444 0.1571
vt 1.8444 0.2094
vt 1.8444 0.2618
vt 1.8444 0.3142
vt 3.7011 0.0000
vt 3.7011 0.0524
vt 3.7011 0.1047
vt 3.7011 0.1571
vt 3.7011 0.2094
vt 3.7011 0.2618
vt 3.7011 0.3142
vt 6.2193 0.0000
vt 6.2193 0.0524
vt 6.2193 0.1047
vt 6.2193 0.1571
vt 6.2193 0.2094
vt 6.2193 0.2618
vt 6.2193 0.3142
vt 0.0000 0.0000
vt 0.0500 0.0000
vt 0.0250 0.0433
vt -0.0250 0.0433
vt -0.0500 0.0000
vt -0.0250 -0.0433
vt 0.0250 -0.0433
vt 0.0000 0.0000
vt 0.0200 0.0000
vt 0.0100 0.0173
vt -0.0100 0.0173
vt -0.0200 0.0000
vt -0.0100 -0.0173
vt 0.0100 -0.0173
vt 0.0000 0.0000
vt 0.0000 0.0524
vt 0.0000 0.1047
vt 0.0000 0.1571
vt 0.0000 0.2094
vt 0.0000 0.2618
vt 0.0000 0.3142
vt 1.8444 0.0000
vt 1.8444 0.0524
vt 1.8444 0.1047
vt 1.8444 0.1571
vt 1.8444 0.2094
vt 1.8444 0.2618
vt 1.8444 0.3142
vt 3.7011 0.0000
vt 3.7011 0.0524
vt 3.7011 0.1047
vt 3.7011 0.1571
vt 3.7011 0.2094
vt 3.7011 0.2618
vt 3.7011 0.3142
vt 6.2193 0.0000
vt 6.2193 0.0524
vt 6.2193 0.1047
vt 6.2193 0.1571
vt 6.2193 0.2094
vt 6.2193 0.2618
vt 6.2193 0.3142
vt 0.0000 0.0000
vt 0.0500 0.0000
vt 0.0250 0.0433
vt -0.0250 0.0433
vt -0.0500 0.0000
vt -0.0250 -0.0433
vt 0.0250 -0.0433
vt 0.0000 0.0000
vt 0.0200 0.0000
vt 0.0100 0.0173
vt -0.0100 0.0173
vt -0.0200 0.0000
vt -0.0100 -0.0173
vt 0.0100 -0.0173
vt 0.0000 0.0000
vt 0.0000 0.0524
vt 0.0000 0.1047
vt 0.0000 0.1571
vt 0.0000 0.2094
vt 0.0000 0.2618
vt 0.0000 0.3142
vt 1.8444 0.0000
vt 1.8444 0.0524
vt 1.8444 0.1047
vt 1.8444 0.1571
vt 1.8444 0.2094
vt 1.8444 0.2618
vt 1.8444 0.3142
vt 3.7011 0.0000
vt 3.7011 0.0524
vt 3.7011 0.1047
vt 3.7011 0.1571
vt 3.7011 0.2094
vt 3.7011 0.2618
vt 3.7011 0.3142
vt 6.2193 0.0000
vt 6.2193 0.0524
vt 6.2193 0.1047
vt 6.2193 0.1571
vt 6.2193 0.2094
vt 6.2193 0.2618
vt 6.2193 0.3142
vt 0.0000 0.0000
vt 0.0500 0.0000
vt 0.0250 0.0433
vt -0.0250 0.0433
vt -0.0500 0.0000
vt -0.0250 -0.0433
vt 0.0250 -0.0433
vt 0.0000 0.0000
vt 0.0200 0.0000
vt 0.0100 0.0173
vt -0.0100 0.0173
vt -0.0200 0.0000
vt -0.0100 -0.0173
vt 0.0100 -0.0173
vn 0.976 -0.218 0.000
vn 0.488 -0.109 -0.866
vn -0.488 0.109 -0.866
vn -0.976 0.218 -0.000
vn -0.488 0.109 0.866
vn 0.488 -0.109 0.866
vn 0.976 -0.218 0.000
vn 0.973 -0.232 0.000
vn 0.486 -0.116 -0.866
vn -0.486 0.116 -0.866
vn -0.973 0.232 -0.000
vn -0.486 0.116 0.866
vn 0.486 -0.116 0.866
vn 0.973 -0.232 0.000
vn 0.960 -0.278 0.000
vn 0.480 -0.139 -0.866
vn -0.480 0.139 -0.866
vn -0.960 0.278 -0.000
vn -0.480 0.139 0.866
vn 0.480 -0.139 0.866
vn 0.960 -0.278 0.000
vn 0.953 -0.303 0.000
vn 0.477 -0.151 -0.866
vn -0.477 0.151 -0.866
vn -0.953 0.303 -0.000
vn -0.477 0.151 0.866
vn 0.477 -0.151 0.866
vn 0.953 -0.303 0.000
vn -0.218 -0.976 -0.000
vn -0.218 -0.976 -0.000
vn -0.218 -0.976 -0.000
vn -0.218 -0.976 -0.000
vn -0.218 -0.976 -0.000
vn -0.218 -0.976 -0.000
vn -0.218 -0.976 -0.000
vn 0.303 0.953 0.000
vn 0.303 0.953 0.000
vn 0.303 0.953 0.000
vn 0.303 0.953 0.000
vn 0.303 0.953 0.000
vn 0.303 0.953 0.000
vn 0.303 0.953 0.000
vn 0.986 -0.165 -0.024
vn 0.493 0.040 -0.869
vn -0.493 0.206 -0.845
vn -0.986 0.165 0.024
vn -0.493 -0.040 0.869
vn 0.493 -0.206 0.845
vn 0.986 -0.165 -0.024
vn 0.984 -0.176 -0.025
vn 0.493 0.043 -0.869
vn -0.491 0.219 -0.843
vn -0.984 0.176 0.025
vn -0.493 -0.043 0.869
vn 0.491 -0.219 0.843
vn 0.984 -0.176 -0.025
vn 0.977 -0.211 -0.032
vn 0.495 0.052 -0.868
vn -0.482 0.263 -0.836
vn -0.977 0.211 0.032
vn -0.495 -0.052 0.868
vn 0.482 -0.263 0.836
vn 0.977 -0.211 -0.032
vn 0.973 -0.229 -0.036
vn 0.496 0.056 -0.867
vn -0.477 0.286 -0.831
vn -0.973 0.229 0.036
vn -0.496 -0.056 0.867
vn 0.477 -0.286 0.831
vn 0.973 -0.229 -0.036
vn -0.167 -0.976 -0.140
vn -0.167 -0.976 -0.140
vn -0.167 -0.976 -0.140
vn -0.167 -0.976 -0.140
vn -0.167 -0.976 -0.140
vn -0.167 -0.976 -0.140
vn -0.167 -0.976 -0.140
vn 0.232 0.953 0.195
vn 0.232 0.953 0.195
vn 0.232 0.953 0.195
vn 0.232 0.953 0.195
vn 0.232 0.953 0.195
vn 0.232 0.953 0.195
vn 0.232 0.953 0.195
vn 0.999 -0.037 -0.008
vn 0.500 0.168 -0.850
vn -0.500 0.205 -0.842
vn -0.999 0.037 0.008
vn -0.500 -0.168 0.850
vn 0.500 -0.205 0.842
vn 0.999 -0.037 -0.008
vn 0.999 -0.039 -0.009
vn 0.500 0.178 -0.847
vn -0.499 0.217 -0.839
vn -0.999 0.039 0.009
vn -0.500 -0.178 0.847
vn 0.499 -0.217 0.839
vn 0.999 -0.039 -0.009
vn 0.999 -0.047 -0.011
vn 0.502 0.214 -0.838
vn -0.497 0.261 -0.827
vn -0.999 0.047 0.011
vn -0.502 -0.214 0.838
vn 0.497 -0.261 0.827
vn 0.999 -0.047 -0.011
vn 0.999 -0.051 -0.012
vn 0.502 0.233 -0.833
vn -0.496 0.284 -0.820
vn -0.999 0.051 0.012
vn -0.502 -0.233 0.833
vn 0.496 -0.284 0.820
vn 0.999 -0.051 -0.012
vn -0.038 -0.976 -0.215
vn -0.038 -0.976 -0.215
vn -0.038 -0.976 -0.215
vn -0.038 -0.976 -0.215
vn -0.038 -0.976 -0.215
vn -0.038 -0.976 -0.215
vn -0.038 -0.976 -0.215
vn 0.053 0.953 0.298
vn 0.053 0.953 0.298
vn 0.053 0.953 0.298
vn 0.053 0.953 0.298
vn 0.053 0.953 0.298
vn 0.053 0.953 0.298
vn 0.053 0.953 0.298
vn 0.994 0.107 0.021
vn 0.497 0.218 -0.840
vn -0.497 0.111 -0.861
vn -0.994 -0.107 -0.021
vn -0.497 -0.218 0.840
vn 0.497 -0.111 0.861
vn 0.994 0.107 0.021
vn 0.993 0.114 0.022
vn 0.495 0.232 -0.837
vn -0.498 0.118 -0.859
vn -0.993 -0.114 -0.022
vn -0.495 -0.232 0.837
vn 0.498 -0.118 0.859
vn 0.993 0.114 0.022
vn 0.990 0.137 0.028
vn 0.490 0.278 -0.826
vn -0.500 0.142 -0.854
vn -0.990 -0.137 -0.028
vn -0.490 -0.278 0.826
vn 0.500 -0.142 0.854
vn 0.990 0.137 0.028
vn 0.988 0.148 0.031
vn 0.486 0.303 -0.820
vn -0.502 0.154 -0.851
vn -0.988 -0.148 -0.031
vn -0.486 -0.303 0.820
vn 0.502 -0.154 0.851
vn 0.988 0.148 0.031
vn 0.109 -0.976 -0.189
vn 0.109 -0.976 -0.189
vn 0.109 -0.976 -0.189
vn 0.109 -0.976 -0.189
vn 0.109 -0.976 -0.189
vn 0.109 -0.976 -0.189
vn 0.109 -0.976 -0.189
vn -0.151 0.953 0.262
vn -0.151 0.953 0.262
vn -0.151 0.953 0.262
vn -0.151 0.953 0.262
vn -0.151 0.953 0.262
vn -0.151 0.953 0.262
vn -0.151 0.953 0.262
vn 0.979 0.204 0.016
vn 0.489 0.168 -0.856
vn -0.489 -0.036 -0.871
vn -0.979 -0.204 -0.016
vn -0.489 -0.168 0.856
vn 0.489 0.036 0.871
vn 0.979 0.204 0.016
vn 0.976 0.217 0.017
vn 0.487 0.179 -0.855
vn -0.489 -0.038 -0.872
vn -0.976 -0.217 -0.017
vn -0.487 -0.179 0.855
vn 0.489 0.038 0.872
vn 0.976 0.217 0.017
vn 0.965 0.261 0.021
vn 0.479 0.215 -0.851
vn -0.487 -0.046 -0.872
vn -0.965 -0.261 -0.021
vn -0.479 -0.215 0.851
vn 0.487 0.046 0.872
vn 0.965 0.261 0.021
vn 0.959 0.284 0.023
vn 0.473 0.234 -0.849
vn -0.485 -0.050 -0.873
vn -0.959 -0.284 -0.023
vn -0.473 -0.234 0.849
vn 0.485 0.050 0.873
vn 0.959 0.284 0.023
vn 0.205 -0.976 -0.075
vn 0.205 -0.976 -0.075
vn 0.205 -0.976 -0.075
vn 0.205 -0.976 -0.075
vn 0.205 -0.976 -0.075
vn 0.205 -0.976 -0.075
vn 0.205 -0.976 -0.075
vn -0.284 0.953 0.104
vn -0.284 0.953 0.104
vn -0.284 0.953 0.104
vn -0.284 0.953 0.104
vn -0.284 0.953 0.104
vn -0.284 0.953 0.104
vn -0.284 0.953 0.104
vn 0.979 0.204 -0.016
vn 0.489 0.036 -0.871
vn -0.489 -0.168 -0.856
vn -0.979 -0.204 0.016
vn -0.489 -0.036 0.871
vn 0.489 0.168 0.856
vn 0.979 0.204 -0.016
vn 0.976 0.217 -0.017
vn 0.489 0.038 -0.872
vn -0.487 -0.179 -0.855
vn -0.976 -0.217 0.017
vn -0.489 -0.038 0.872
vn 0.487 0.179 0.855
vn 0.976 0.217 -0.017
vn 0.965 0.261 -0.021
vn 0.487 0.046 -0.872
vn -0.479 -0.215 -0.851
vn -0.965 -0.261 0.021
vn -0.487 -0.046 0.872
vn 0.479 0.215 0.851
vn 0.965 0.261 -0.021
vn 0.959 0.284 -0.023
vn 0.485 0.050 -0.873
vn -0.473 -0.234 -0.849
vn -0.959 -0.284 0.023
vn -0.485 -0.050 0.873
vn 0.473 0.234 0.849
vn 0.959 0.284 -0.023
vn 0.205 -0.976 0.075
vn 0.205 -0.976 0.075
vn 0.205 -0.976 0.075
vn 0.205 -0.976 0.075
vn 0.205 -0.976 0.075
vn 0.205 -0.976 0.075
vn 0.205 -0.976 0.075
vn -0.284 0.953 -0.104
vn -0.284 0.953 -0.104
vn -0.284 0.953 -0.104
vn -0.284 0.953 -0.104
vn -0.284 0.953 -0.104
vn -0.284 0.953 -0.104
vn -0.284 0.953 -0.104
vn 0.994 0.107 -0.021
vn 0.497 -0.111 -0.861
vn -0.497 -0.218 -0.840
vn -0.994 -0.107 0.021
vn -0.497 0.111 0.861
vn 0.497 0.218 0.840
vn 0.994 0.107 -0.021
vn 0.993 0.114 -0.022
vn 0.498 -0.118 -0.859
vn -0.495 -0.232 -0.837
vn -0.993 -0.114 0.022
vn -0.498 0.118 0.859
vn 0.495 0.232 0.837
vn 0.993 0.114 -0.022
vn 0.990 0.137 -0.028
vn 0.500 -0.142 -0.854
vn -0.490 -0.278 -0.826
vn -0.990 -0.137 0.028
vn -0.500 0.142 0.854
vn 0.490 0.278 0.826
vn 0.990 0.137 -0.028
vn 0.988 0.148 -0.031
vn 0.502 -0.154 -0.851
vn -0.486 -0.303 -0.820
vn -0.988 -0.148 0.031
vn -0.502 0.154 0.851
vn 0.486 0.303 0.820
vn 0.988 0.148 -0.031
vn 0.109 -0.976 0.189
vn 0.109 -0.976 0.189
vn 0.109 -0.976 0.189
vn 0.109 -0.976 0.189
vn 0.109 -0.976 0.189
vn 0.109 -0.976 0.189
vn 0.109 -0.976 0.189
vn -0.151 0.953 -0.262
vn -0.151 0.953 -0.262
vn -0.151 0.953 -0.262
vn -0.151 0.953 -0.262
vn -0.151 0.953 -0.262
vn -0.151 0.953 -0.262
vn -0.151 0.953 -0.262
vn 0.999 -0.037 0.008
vn 0.500 -0.205 -0.842
vn -0.500 -0.168 -0.850
vn -0.999 0.037 -0.008
vn -0.500 0.205 0.842
vn 0.500 0.168 0.850
vn 0.999 -0.037 0.008
vn 0.999 -0.039 0.009
vn 0.499 -0.217 -0.839
vn -0.500 -0.178 -0.847
vn -0.999 0.039 -0.009
vn -0.499 0.217 0.839
vn 0.500 0.178 0.847
vn 0.999 -0.039 0.009
vn 0.999 -0.047 0.011
vn 0.497 -0.261 -0.827
vn -0.502 -0.214 -0.838
vn -0.999 0.047 -0.011
vn -0.497 0.261 0.827
vn 0.502 0.214 0.838
vn 0.999 -0.047 0.011
vn 0.999 -0.051 0.012
vn 0.496 -0.284 -0.820
vn -0.502 -0.233 -0.833
vn -0.999 0.051 -0.012
vn -0.496 0.284 0.820
vn 0.502 0.233 0.833
vn 0.999 -0.051 0.012
vn -0.038 -0.976 0.215
vn -0.038 -0.976 0.215
vn -0.038 -0.976 0.215
vn -0.038 -0.976 0.215
vn -0.038 -0.976 0.215
vn -0.038 -0.976 0.215
vn -0.038 -0.976 0.215
vn 0.053 0.953 -0.298
vn 0.053 0.953 -0.298
vn 0.053 0.953 -0.298
vn 0.053 0.953 -0.298
vn 0.053 0.953 -0.298
vn 0.053 0.953 -0.298
vn 0.053 0.953 -0.298
vn 0.986 -0.165 0.024
vn 0.493 -0.206 -0.845
vn -0.493 -0.040 -0.869
vn -0.986 0.165 -0.024
vn -0.493 0.206 0.845
vn 0.493 0.040 0.869
vn 0.986 -0.165 0.024
vn 0.984 -0.176 0.025
vn 0.491 -0.219 -0.843
vn -0.493 -0.043 -0.869
vn -0.984 0.176 -0.025
vn -0.491 0.219 0.843
vn 0.493 0.043 0.869
vn 0.984 -0.176 0.025
vn 0.977 -0.211 0.032
vn 0.482 -0.263 -0.836
vn -0.495 -0.052 -0.868
vn -0.977 0.211 -0.032
vn -0.482 0.263 0.836
vn 0.495 0.052 0.868
vn 0.977 -0.211 0.032
vn 0.973 -0.229 0.036
vn 0.477 -0.286 -0.831
vn -0.496 -0.056 -0.867
vn -0.973 0.229 -0.036
vn -0.477 0.286 0.831
vn 0.496 0.056 0.867
vn 0.973 -0.229 0.036
vn -0.167 -0.976 0.140
vn -0.167 -0.976 0.140
vn -0.167 -0.976 0.140
vn -0.167 -0.976 0.140
vn -0.167 -0.976 0.140
vn -0.167 -0.976 0.140
vn -0.167 -0.976 0.140
vn 0.232 0.953 -0.195
vn 0.232 0.953 -0.195
vn 0.232 0.953 -0.195
vn 0.232 0.953 -0.195
vn 0.232 0.953 -0.195
vn 0.232 0.953 -0.195
vn 0.232 0.953 -0.195
v 1.1673 2.9500 0.0000
v 1.1673 2.9500 0.0000
v 1.1673 2.9500 0.0000
v 1.1673 2.9500 -0.0000
v 1.1673 2.9500 -0.0000
v 1.1673 2.9500 -0.0000
v 1.1673 2.9500 -0.0000
v 1.1673 2.9500 -0.0000
v 1.1673 2.9500 0.0000
v 1.1673 2.9500 0.0000
v 1.1673 2.9500 0.0000
v 1.1673 2.9969 0.3500
v 1.3730 2.9969 0.2832
v 1.5001 2.9969 0.1082
v 1.5001 2.9969 -0.1082
v 1.3730 2.9969 -0.2832
v 1.1673 2.9969 -0.3500
v 0.9615 2.9969 -0.2832
v 0.8344 2.9969 -0.1082
v 0.8344 2.9969 0.1082
v 0.9615 2.9969 0.2832
v 1.1673 2.9969 0.3500
v 1.1673 3.1250 0.6062
v 1.5236 3.1250 0.4904
v 1.7438 3.1250 0.1873
v 1.7438 3.1250 -0.1873
v 1.5236 3.1250 -0.4904
v 1.1673 3.1250 -0.6062
v 0.8109 3.1250 -0.4904
v 0.5907 3.1250 -0.1873
v 0.5907 3.1250 0.1873
v 0.8109 3.1250 0.4904
v 1.1672 3.1250 0.6062
v 1.1673 3.3000 0.7000
v 1.5787 3.3000 0.5663
v 1.8330 3.3000 0.2163
v 1.8330 3.3000 -0.2163
v 1.5787 3.3000 -0.5663
v 1.1673 3.3000 -0.7000
v 0.7558 3.3000 -0.5663
v 0.5015 3.3000 -0.2163
v 0.5015 3.3000 0.2163
v 0.7558 3.3000 0.5663
v 1.1672 3.3000 0.7000
v 1.1673 3.4750 0.6062
v 1.5236 3.4750 0.4904
v 1.7438 3.4750 0.1873
v 1.7438 3.4750 -0.1873
v 1.5236 3.4750 -0.4904
v 1.1673 3.4750 -0.6062
v 0.8109 3.4750 -0.4904
v 0.5907 3.4750 -0.1873
v 0.5907 3.4750 0.1873
v 0.8109 3.4750 0.4904
v 1.1672 3.4750 0.6062
v 1.1673 3.6031 0.3500
v 1.3730 3.6031 0.2832
v 1.5001 3.6031 0.1082
v 1.5001 3.6031 -0.1082
v 1.3730 3.6031 -0.2832
v 1.1673 3.6031 -0.3500
v 0.9615 3.6031 -0.2832
v 0.8344 3.6031 -0.1082
v 0.8344 3.6031 0.1082
v 0.9615 3.6031 0.2832
v 1.1673 3.6031 0.3500
v 1.1673 3.6500 0.0000
v 1.1673 3.6500 0.0000
v 1.1673 3.6500 0.0000
v 1.1673 3.6500 -0.0000
v 1.1673 3.6500 -0.0000
v 1.1673 3.6500 -0.0000
v 1.1673 3.6500 -0.0000
v 1.1673 3.6500 -0.0000
v 1.1673 3.6500 0.0000
v 1.1673 3.6500 0.0000
v 1.1673 3.6500 0.0000
v 1.3616 3.7300 0.0000
v 1.3616 3.7300 0.0000
v 1.3616 3.7300 0.0000
v 1.3616 3.7300 -0.0000
v 1.3616 3.7300 -0.0000
v 1.3616 3.7300 -0.0000
v 1.3616 3.7300 -0.0000
v 1.3616 3.7300 -0.0000
v 1.3616 3.7300 0.0000
v 1.3616 3.7300 0.0000
v 1.3616 3.7300 0.0000
v 1.3616 3.7769 0.3500
v 1.5673 3.7769 0.2832
v 1.6945 3.7769 0.1082
v 1.6945 3.7769 -0.1082
v 1.5673 3.7769 -0.2832
v 1.3616 3.7769 -0.3500
v 1.1559 3.7769 -0.2832
v 1.0287 3.7769 -0.1082
v 1.0287 3.7769 0.1082
v 1.1559 3.7769 0.2832
v 1.3616 3.7769 0.3500
v 1.3616 3.9050 0.6062
v 1.7179 3.9050 0.4904
v 1.9381 3.9050 0.1873
v 1.9381 3.9050 -0.1873
v 1.7179 3.9050 -0.4904
v 1.3616 3.9050 -0.6062
v 1.0053 3.9050 -0.4904
v 0.7851 3.9050 -0.1873
v 0.7851 3.9050 0.1873
v 1.0053 3.9050 0.4904
v 1.3616 3.9050 0.6062
v 1.3616 4.0800 0.7000
v 1.7730 4.0800 0.5663
v 2.0273 4.0800 0.2163
v 2.0273 4.0800 -0.2163
v 1.7730 4.0800 -0.5663
v 1.3616 4.0800 -0.7000
v 0.9502 4.0800 -0.5663
v 0.6959 4.0800 -0.2163
v 0.6959 4.0800 0.2163
v 0.9502 4.0800 0.5663
v 1.3616 4.0800 0.7000
v 1.3616 4.2550 0.6062
v 1.7179 4.2550 0.4904
v 1.9381 4.2550 0.1873
v 1.9381 4.2550 -0.1873
v 1.7179 4.2550 -0.4904
v 1.3616 4.2550 -0.6062
v 1.0053 4.2550 -0.4904
v 0.7851 4.2550 -0.1873
v 0.7851 4.2550 0.1873
v 1.0053 4.2550 0.4904
v 1.3616 4.2550 0.6062
v 1.3616 4.3831 0.3500
v 1.5673 4.3831 0.2832
v 1.6945 4.3831 0.1082
v 1.6945 4.3831 -0.1082
v 1.5673 4.3831 -0.2832
v 1.3616 4.3831 -0.3500
v 1.1559 4.3831 -0.2832
v 1.0287 4.3831 -0.1082
v 1.0287 4.3831 0.1082
v 1.1559 4.3831 0.2832
v 1.3616 4.3831 0.3500
v 1.3616 4.4300 0.0000
v 1.3616 4.4300 0.0000
v 1.3616 4.4300 0.0000
v 1.3616 4.4300 -0.0000
v 1.3616 4.4300 -0.0000
v 1.3616 4.4300 -0.0000
v 1.3616 4.4300 -0.0000
v 1.3616 4.4300 -0.0000
v 1.3616 4.4300 0.0000
v 1.3616 4.4300 0.0000
v 1.3616 4.4300 0.0000
v 1.5560 4.5100 0.0000
v 1.5560 4.5100 0.0000
v 1.5560 4.5100 0.0000
v 1.5560 4.5100 -0.0000
v 1.5560 4.5100 -0.0000
v 1.5560 4.5100 -0.0000
v 1.5560 4.5100 -0.0000
v 1.5560 4.5100 -0.0000
v 1.5560 4.5100 0.0000
v 1.5560 4.5100 0.0000
v 1.5560 4.5100 0.0000
v 1.5560 4.5569 0.3500
v 1.7617 4.5569 0.2832
v 1.8888 4.5569 0.1082
v 1.8888 4.5569 -0.1082
v 1.7617 4.5569 -0.2832
v 1.5560 4.5569 -0.3500
v 1.3502 4.5569 -0.2832
v 1.2231 4.5569 -0.1082
v 1.2231 4.5569 0.1082
v 1.3502 4.5569 0.2832
v 1.5560 4.5569 0.3500
v 1.5560 4.6850 0.6062
v 1.9123 4.6850 0.4904
v 2.1325 4.6850 0.1873
v 2.1325 4.6850 -0.1873
v 1.9123 4.6850 -0.4904
v 1.5560 4.6850 -0.6062
v 1.1996 4.6850 -0.4904
v 0.9794 4.6850 -0.1873
v 0.9794 4.6850 0.1873
v 1.1996 4.6850 0.4904
v 1.5559 4.6850 0.6062
v 1.5560 4.8600 0.7000
v 1.9674 4.8600 0.5663
v 2.2217 4.8600 0.2163
v 2.2217 4.8600 -0.2163
v 1.9674 4.8600 -0.5663
v 1.5560 4.8600 -0.7000
v 1.1445 4.8600 -0.5663
v 0.8902 4.8600 -0.2163
v 0.8902 4.8600 0.2163
v 1.1445 4.8600 0.5663
v 1.5559 4.8600 0.7000
v 1.5560 5.0350 0.6062
v 1.9123 5.0350 0.4904
v 2.1325 5.0350 0.1873
v 2.1325 5.0350 -0.1873
v 1.9123 5.0350 -0.4904
v 1.5560 5.0350 -0.6062
v 1.1996 5.0350 -0.4904
v 0.9794 5.0350 -0.1873
v 0.9794 5.0350 0.1873
v 1.1996 5.0350 0.4904
v 1.5559 5.0350 0.6062
v 1.5560 5.1631 0.3500
v 1.7617 5.1631 0.2832
v 1.8888 5.1631 0.1082
v 1.8888 5.1631 -0.1082
v 1.7617 5.1631 -0.2832
v 1.5560 5.1631 -0.3500
v 1.3502 5.1631 -0.2832
v 1.2231 5.1631 -0.1082
v 1.2231 5.1631 0.1082
v 1.3502 5.1631 0.2832
v 1.5560 5.1631 0.3500
v 1.5560 5.2100 0.0000
v 1.5560 5.2100 0.0000
v 1.5560 5.2100 0.0000
v 1.5560 5.2100 -0.0000
v 1.5560 5.2100 -0.0000
v 1.5560 5.2100 -0.0000
v 1.5560 5.2100 -0.0000
v 1.5560 5.2100 -0.0000
v 1.5560 5.2100 0.0000
v 1.5560 5.2100 0.0000
v 1.5560 5.2100 0.0000
v 1.7503 5.2900 0.0000
v 1.7503 5.2900 0.0000
v 1.7503 5.2900 0.0000
v 1.7503 5.2900 -0.0000
v 1.7503 5.2900 -0.0000
v 1.7503 5.2900 -0.0000
v 1.7503 5.2900 -0.0000
v 1.7503 5.2900 -0.0000
v 1.7503 5.2900 0.0000
v 1.7503 5.2900 0.0000
v 1.7503 5.2900 0.0000
v 1.7503 5.3369 0.3500
v 1.9560 5.3369 0.2832
v 2.0832 5.3369 0.1082
v 2.0832 5.3369 -0.1082
v 1.9560 5.3369 -0.2832
v 1.7503 5.3369 -0.3500
v 1.5446 5.3369 -0.2832
v 1.4174 5.3369 -0.1082
v 1.4174 5.3369 0.1082
v 1.5446 5.3369 0.2832
v 1.7503 5.3369 0.3500
v 1.7503 5.4650 0.6062
v 2.1066 5.4650 0.4904
v 2.3268 5.4650 0.1873
v 2.3268 5.4650 -0.1873
v 2.1066 5.4650 -0.4904
v 1.7503 5.4650 -0.6062
v 1.3940 5.4650 -0.4904
v 1.1738 5.4650 -0.1873
v 1.1738 5.4650 0.1873
v 1.3940 5.4650 0.4904
v 1.7503 5.4650 0.6062
v 1.7503 5.6400 0.7000
v 2.1617 5.6400 0.5663
v 2.4160 5.6400 0.2163
v 2.4160 5.6400 -0.2163
v 2.1617 5.6400 -0.5663
v 1.7503 5.6400 -0.7000
v 1.3389 5.6400 -0.5663
v 1.0846 5.6400 -0.2163
v 1.0846 5.6400 0.2163
v 1.3389 5.6400 0.5663
v 1.7503 5.6400 0.7000
v 1.7503 5.8150 0.6062
v 2.1066 5.8150 0.4904
v 2.3268 5.8150 0.1873
v 2.3268 5.8150 -0.1873
v 2.1066 5.8150 -0.4904
v 1.7503 5.8150 -0.6062
v 1.3940 5.8150 -0.4904
v 1.1738 5.8150 -0.1873
v 1.1738 5.8150 0.1873
v 1.3940 5.8150 0.4904
v 1.7503 5.8150 0.6062
v 1.7503 5.9431 0.3500
v 1.9560 5.9431 0.2832
v 2.0832 5.9431 0.1082
v 2.0832 5.9431 -0.1082
v 1.9560 5.9431 -0.2832
v 1.7503 5.9431 -0.3500
v 1.5446 5.9431 -0.2832
v 1.4174 5.9431 -0.1082
v 1.4174 5.9431 0.1082
v 1.5446 5.9431 0.2832
v 1.7503 5.9431 0.3500
v 1.7503 5.9900 0.0000
v 1.7503 5.9900 0.0000
v 1.7503 5.9900 0.0000
v 1.7503 5.9900 -0.0000
v 1.7503 5.9900 -0.0000
v 1.7503 5.9900 -0.0000
v 1.7503 5.9900 -0.0000
v 1.7503 5.9900 -0.0000
v 1.7503 5.9900 0.0000
v 1.7503 5.9900 0.0000
v 1.7503 5.9900 0.0000
v 0.8942 2.9500 0.7503
v 0.8942 2.9500 0.7503
v 0.8942 2.9500 0.7503
v 0.8942 2.9500 0.7503
v 0.8942 2.9500 0.7503
v 0.8942 2.9500 0.7503
v 0.8942 2.9500 0.7503
v 0.8942 2.9500 0.7503
v 0.8942 2.9500 0.7503
v 0.8942 2.9500 0.7503
v 0.8942 2.9500 0.7503
v 0.8942 2.9969 1.1003
v 1.0999 2.9969 1.0334
v 1.2270 2.9969 0.8584
v 1.2270 2.9969 0.6421
v 1.0999 2.9969 0.4671
v 0.8942 2.9969 0.4003
v 0.6884 2.9969 0.4671
v 0.5613 2.9969 0.6421
v 0.5613 2.9969 0.8584
v 0.6884 2.9969 1.0334
v 0.8942 2.9969 1.1003
v 0.8942 3.1250 1.3565
v 1.2505 3.1250 1.2407
v 1.4707 3.1250 0.9376
v 1.4707 3.1250 0.5630
v 1.2505 3.1250 0.2599
v 0.8942 3.1250 0.1441
v 0.5378 3.1250 0.2599
v 0.3176 3.1250 0.5630
v 0.3176 3.1250 0.9376
v 0.5378 3.1250 1.2407
v 0.8942 3.1250 1.3565
v 0.8942 3.3000 1.4503
v 1.3056 3.3000 1.3166
v 1.5599 3.3000 0.9666
v 1.5599 3.3000 0.5340
v 1.3056 3.3000 0.1840
v 0.8942 3.3000 0.0503
v 0.4827 3.3000 0.1840
v 0.2284 3.3000 0.5340
v 0.2284 3.3000 0.9666
v 0.4827 3.3000 1.3166
v 0.8942 3.3000 1.4503
v 0.8942 3.4750 1.3565
v 1.2505 3.4750 1.2407
v 1.4707 3.4750 0.9376
v 1.4707 3.4750 0.5630
v 1.2505 3.4750 0.2599
v 0.8942 3.4750 0.1441
v 0.5378 3.4750 0.2599
v 0.3176 3.4750 0.5630
v 0.3176 3.4750 0.9376
v 0.5378 3.4750 1.2407
v 0.8942 3.4750 1.3565
v 0.8942 3.6031 1.1003
v 1.0999 3.6031 1.0334
v 1.2270 3.6031 0.8584
v 1.2270 3.6031 0.6421
v 1.0999 3.6031 0.4671
v 0.8942 3.6031 0.4003
v 0.6884 3.6031 0.4671
v 0.5613 3.6031 0.6421
v 0.5613 3.6031 0.8584
v 0.6884 3.6031 1.0334
v 0.8942 3.6031 1.1003
v 0.8942 3.6500 0.7503
v 0.8942 3.6500 0.7503
v 0.8942 3.6500 0.7503
v 0.8942 3.6500 0.7503
v 0.8942 3.6500 0.7503
v 0.8942 3.6500 0.7503
v 0.8942 3.6500 0.7503
v 0.8942 3.6500 0.7503
v 0.8942 3.6500 0.7503
v 0.8942 3.6500 0.7503
v 0.8942 3.6500 0.7503
v 1.0430 3.7300 0.8752
v 1.0430 3.7300 0.8752
v 1.0430 3.7300 0.8752
v 1.0430 3.7300 0.8752
v 1.0430 3.7300 0.8752
v 1.0430 3.7300 0.8752
v 1.0430 3.7300 0.8752
v 1.0430 3.7300 0.8752
v 1.0430 3.7300 0.8752
v 1.0430 3.7300 0.8752
v 1.0430 3.7300 0.8752
v 1.0430 3.7769 1.2252
v 1.2488 3.7769 1.1584
v 1.3759 3.7769 0.9834
v 1.3759 3.7769 0.7671
v 1.2488 3.7769 0.5921
v 1.0430 3.7769 0.5252
v 0.8373 3.7769 0.5921
v 0.7102 3.7769 0.7671
v 0.7102 3.7769 0.9834
v 0.8373 3.7769 1.1584
v 1.0430 3.7769 1.2252
v 1.0430 3.9050 1.4814
v 1.3994 3.9050 1.3657
v 1.6196 3.9050 1.0626
v 1.6196 3.9050 0.6879
v 1.3994 3.9050 0.3848
v 1.0430 3.9050 0.2690
v 0.6867 3.9050 0.3848
v 0.4665 3.9050 0.6879
v 0.4665 3.9050 1.0626
v 0.6867 3.9050 1.3657
v 1.0430 3.9050 1.4814
v 1.0430 4.0800 1.5752
v 1.4545 4.0800 1.4415
v 1.7088 4.0800 1.0915
v 1.7088 4.0800 0.6589
v 1.4545 4.0800 0.3089
v 1.0430 4.0800 0.1752
v 0.6316 4.0800 0.3089
v 0.3773 4.0800 0.6589
v 0.3773 4.0800 1.0915
v 0.6316 4.0800 1.4415
v 1.0430 4.0800 1.5752
v 1.0430 4.2550 1.4814
v 1.3994 4.2550 1.3657
v 1.6196 4.2550 1.0626
v 1.6196 4.2550 0.6879
v 1.3994 4.2550 0.3848
v 1.0430 4.2550 0.2690
v 0.6867 4.2550 0.3848
v 0.4665 4.2550 0.6879
v 0.4665 4.2550 1.0626
v 0.6867 4.2550 1.3657
v 1.0430 4.2550 1.4814
v 1.0430 4.3831 1.2252
v 1.2488 4.3831 1.1584
v 1.3759 4.3831 0.9834
v 1.3759 4.3831 0.7671
v 1.2488 4.3831 0.5921
v 1.0430 4.3831 0.5252
v 0.8373 4.3831 0.5921
v 0.7102 4.3831 0.7671
v 0.7102 4.3831 0.9834
v 0.8373 4.3831 1.1584
v 1.0430 4.3831 1.2252
v 1.0430 4.4300 0.8752
v 1.0430 4.4300 0.8752
v 1.0430 4.4300 0.8752
v 1.0430 4.4300 0.8752
v 1.0430 4.4300 0.8752
v 1.0430 4.4300 0.8752
v 1.0430 4.4300 0.8752
v 1.0430 4.4300 0.8752
v 1.0430 4.4300 0.8752
v 1.0430 4.4300 0.8752
v 1.0430 4.4300 0.8752
v 1.1919 4.5100 1.0001
v 1.1919 4.5100 1.0001
v 1.1919 4.5100 1.0001
v 1.1919 4.5100 1.0001
v 1.1919 4.5100 1.0001
v 1.1919 4.5100 1.0001
v 1.1919 4.5100 1.0001
v 1.1919 4.5100 1.0001
v 1.1919 4.5100 1.0001
v 1.1919 4.5100 1.0001
v 1.1919 4.5100 1.0001
v 1.1919 4.5569 1.3501
v 1.3977 4.5569 1.2833
v 1.5248 4.5569 1.1083
v 1.5248 4.5569 0.8920
v 1.3977 4.5569 0.7170
v 1.1919 4.5569 0.6501
v 0.9862 4.5569 0.7170
v 0.8591 4.5569 0.8920
v 0.8591 4.5569 1.1083
v 0.9862 4.5569 1.2833
v 1.1919 4.5569 1.3501
v 1.1919 4.6850 1.6064
v 1.5483 4.6850 1.4906
v 1.7685 4.6850 1.1875
v 1.7685 4.6850 0.8128
v 1.5483 4.6850 0.5097
v 1.1919 4.6850 0.3939
v 0.8356 4.6850 0.5097
v 0.6154 4.6850 0.8128
v 0.6154 4.6850 1.1875
v 0.8356 4.6850 1.4906
v 1.1919 4.6850 1.6064
v 1.1919 4.8600 1.7001
v 1.6034 4.8600 1.5665
v 1.8577 4.8600 1.2165
v 1.8577 4.8600 0.7838
v 1.6034 4.8600 0.4338
v 1.1919 4.8600 0.3001
v 0.7805 4.8600 0.4338
v 0.5262 4.8600 0.7838
v 0.5262 4.8600 1.2165
v 0.7805 4.8600 1.5665
v 1.1919 4.8600 1.7001
v 1.1919 5.0350 1.6064
v 1.5483 5.0350 1.4906
v 1.7685 5.0350 1.1875
v 1.7685 5.0350 0.8128
v 1.5483 5.0350 0.5097
v 1.1919 5.0350 0.3939
v 0.8356 5.0350 0.5097
v 0.6154 5.0350 0.8128
v 0.6154 5.0350 1.1875
v 0.8356 5.0350 1.4906
v 1.1919 5.0350 1.6064
v 1.1919 5.1631 1.3501
v 1.3977 5.1631 1.2833
v 1.5248 5.1631 1.1083
v 1.5248 5.1631 0.8920
v 1.3977 5.1631 0.7170
v 1.1919 5.1631 0.6501
v 0.9862 5.1631 0.7170
v 0.8591 5.1631 0.8920
v 0.8591 5.1631 1.1083
v 0.9862 5.1631 1.2833
v 1.1919 5.1631 1.3501
v 1.1919 5.2100 1.0001
v 1.1919 5.2100 1.0001
v 1.1919 5.2100 1.0001
v 1.1919 5.2100 1.0001
v 1.1919 5.2100 1.0001
v 1.1919 5.2100 1.0001
v 1.1919 5.2100 1.0001
v 1.1919 5.2100 1.0001
v 1.1919 5.2100 1.0001
v 1.1919 5.2100 1.0001
v 1.1919 5.2100 1.0001
v 1.3408 5.2900 1.1251
v 1.3408 5.2900 1.1251
v 1.3408 5.2900 1.1251
v 1.3408 5.2900 1.1251
v 1.3408 5.2900 1.1251
v 1.3408 5.2900 1.1251
v 1.3408 5.2900 1.1251
v 1.3408 5.2900 1.1251
v 1.3408 5.2900 1.1251
v 1.3408 5.2900 1.1251
v 1.3408 5.2900 1.1251
v 1.3408 5.3369 1.4751
v 1.5465 5.3369 1.4082
v 1.6737 5.3369 1.2332
v 1.6737 5.3369 1.0169
v 1.5465 5.3369 0.8419
v 1.3408 5.3369 0.7751
v 1.1351 5.3369 0.8419
v 1.0079 5.3369 1.0169
v 1.0079 5.3369 1.2332
v 1.1351 5.3369 1.4082
v 1.3408 5.3369 1.4751
v 1.3408 5.4650 1.7313
v 1.6971 5.4650 1.6155
v 1.9174 5.4650 1.3124
v 1.9174 5.4650 0.9377
v 1.6971 5.4650 0.6346
v 1.3408 5.4650 0.5189
v 0.9845 5.4650 0.6346
v 0.7643 5.4650 0.9377
v 0.7643 5.4650 1.3124
v 0.9845 5.4650 1.6155
v 1.3408 5.4650 1.7313
v 1.3408 5.6400 1.8251
v 1.7523 5.6400 1.6914
v 2.0065 5.6400 1.3414
v 2.0065 5.6400 0.9088
v 1.7523 5.6400 0.5588
v 1.3408 5.6400 0.4251
v 0.9294 5.6400 0.5588
v 0.6751 5.6400 0.9088
v 0.6751 5.6400 1.3414
v 0.9294 5.6400 1.6914
v 1.3408 5.6400 1.8251
v 1.3408 5.8150 1.7313
v 1.6971 5.8150 1.6155
v 1.9174 5.8150 1.3124
v 1.9174 5.8150 0.9377
v 1.6971 5.8150 0.6346
v 1.3408 5.8150 0.5189
v 0.9845 5.8150 0.6346
v 0.7643 5.8150 0.9377
v 0.7643 5.8150 1.3124
v 0.9845 5.8150 1.6155
v 1.3408 5.8150 1.7313
v 1.3408 5.9431 1.4751
v 1.5465 5.9431 1.4082
v 1.6737 5.9431 1.2332
v 1.6737 5.9431 1.0169
v 1.5465 5.9431 0.8419
v 1.3408 5.9431 0.7751
v 1.1351 5.9431 0.8419
v 1.0079 5.9431 1.0169
v 1.0079 5.9431 1.2332
v 1.1351 5.9431 1.4082
v 1.3408 5.9431 1.4751
v 1.3408 5.9900 1.1251
v 1.3408 5.9900 1.1251
v 1.3408 5.9900 1.1251
v 1.3408 5.9900 1.1251
v 1.3408 5.9900 1.1251
v 1.3408 5.9900 1.1251
v 1.3408 5.9900 1.1251
v 1.3408 5.9900 1.1251
v 1.3408 5.9900 1.1251
v 1.3408 5.9900 1.1251
v 1.3408 5.9900 1.1251
v 0.2027 2.9500 1.1495
v 0.2027 2.9500 1.1495
v 0.2027 2.9500 1.1495
v 0.2027 2.9500 1.1495
v 0.2027 2.9500 1.1495
v 0.2027 2.9500 1.1495
v 0.2027 2.9500 1.1495
v 0.2027 2.9500 1.1495
v 0.2027 2.9500 1.1495
v 0.2027 2.9500 1.1495
v 0.2027 2.9500 1.1495
v 0.2027 2.9969 1.4995
v 0.4084 2.9969 1.4327
v 0.5356 2.9969 1.2577
v 0.5356 2.9969 1.0414
v 0.4084 2.9969 0.8664
v 0.2027 2.9969 0.7995
v -0.0030 2.9969 0.8664
v -0.1302 2.9969 1.0414
v -0.1302 2.9969 1.2577
v -0.0030 2.9969 1.4327
v 0.2027 2.9969 1.4995
v 0.2027 3.1250 1.7557
v 0.5590 3.1250 1.6400
v 0.7792 3.1250 1.3368
v 0.7792 3.1250 0.9622
v 0.5590 3.1250 0.6591
v 0.2027 3.1250 0.5433
v -0.1536 3.1250 0.6591
v -0.3739 3.1250 0.9622
v -0.3739 3.1250 1.3368
v -0.1536 3.1250 1.6400
v 0.2027 3.1250 1.7557
v 0.2027 3.3000 1.8495
v 0.6141 3.3000 1.7158
v 0.8684 3.3000 1.3658
v 0.8684 3.3000 0.9332
v 0.6141 3.3000 0.5832
v 0.2027 3.3000 0.4495
v -0.2088 3.3000 0.5832
v -0.4630 3.3000 0.9332
v -0.4630 3.3000 1.3658
v -0.2088 3.3000 1.7158
v 0.2027 3.3000 1.8495
v 0.2027 3.4750 1.7557
v 0.5590 3.4750 1.6400
v 0.7792 3.4750 1.3368
v 0.7792 3.4750 0.9622
v 0.5590 3.4750 0.6591
v 0.2027 3.4750 0.5433
v -0.1536 3.4750 0.6591
v -0.3739 3.4750 0.9622
v -0.3739 3.4750 1.3368
v -0.1536 3.4750 1.6400
v 0.2027 3.4750 1.7557
v 0.2027 3.6031 1.4995
v 0.4084 3.6031 1.4327
v 0.5356 3.6031 1.2577
v 0.5356 3.6031 1.0414
v 0.4084 3.6031 0.8664
v 0.2027 3.6031 0.7995
v -0.0030 3.6031 0.8664
v -0.1302 3.6031 1.0414
v -0.1302 3.6031 1.2577
v -0.0030 3.6031 1.4327
v 0.2027 3.6031 1.4995
v 0.2027 3.6500 1.1495
v 0.2027 3.6500 1.1495
v 0.2027 3.6500 1.1495
v 0.2027 3.6500 1.1495
v 0.2027 3.6500 1.1495
v 0.2027 3.6500 1.1495
v 0.2027 3.6500 1.1495
v 0.2027 3.6500 1.1495
v 0.2027 3.6500 1.1495
v 0.2027 3.6500 1.1495
v 0.2027 3.6500 1.1495
v 0.2364 3.7300 1.3409
v 0.2364 3.7300 1.3409
v 0.2364 3.7300 1.3409
v 0.2364 3.7300 1.3409
v 0.2364 3.7300 1.3409
v 0.2364 3.7300 1.3409
v 0.2364 3.7300 1.3409
v 0.2364 3.7300 1.3409
v 0.2364 3.7300 1.3409
v 0.2364 3.7300 1.3409
v 0.2364 3.7300 1.3409
v 0.2364 3.7769 1.6909
v 0.4422 3.7769 1.6241
v 0.5693 3.7769 1.4491
v 0.5693 3.7769 1.2328
v 0.4422 3.7769 1.0578
v 0.2364 3.7769 0.9909
v 0.0307 3.7769 1.0578
v -0.0964 3.7769 1.2328
v -0.0964 3.7769 1.4491
v 0.0307 3.7769 1.6241
v 0.2364 3.7769 1.6909
v 0.2364 3.9050 1.9471
v 0.5928 3.9050 1.8314
v 0.8130 3.9050 1.5282
v 0.8130 3.9050 1.1536
v 0.5928 3.9050 0.8505
v 0.2364 3.9050 0.7347
v -0.1199 3.9050 0.8505
v -0.3401 3.9050 1.1536
v -0.3401 3.9050 1.5282
v -0.1199 3.9050 1.8314
v 0.2364 3.9050 1.9471
v 0.2364 4.0800 2.0409
v 0.6479 4.0800 1.9072
v 0.9022 4.0800 1.5572
v 0.9022 4.0800 1.1246
v 0.6479 4.0800 0.7746
v 0.2364 4.0800 0.6409
v -0.1750 4.0800 0.7746
v -0.4293 4.0800 1.1246
v -0.4293 4.0800 1.5572
v -0.1750 4.0800 1.9072
v 0.2364 4.0800 2.0409
v 0.2364 4.2550 1.9471
v 0.5928 4.2550 1.8314
v 0.8130 4.2550 1.5282
v 0.8130 4.2550 1.1536
v 0.5928 4.2550 0.8505
v 0.2364 4.2550 0.7347
v -0.1199 4.2550 0.8505
v -0.3401 4.2550 1.1536
v -0.3401 4.2550 1.5282
v -0.1199 4.2550 1.8314
v 0.2364 4.2550 1.9471
v 0.2364 4.3831 1.6909
v 0.4422 4.3831 1.6241
v 0.5693 4.3831 1.4491
v 0.5693 4.3831 1.2328
v 0.4422 4.3831 1.0578
v 0.2364 4.3831 0.9909
v 0.0307 4.3831 1.0578
v -0.0964 4.3831 1.2328
v -0.0964 4.3831 1.4491
v 0.0307 4.3831 1.6241
v 0.2364 4.3831 1.6909
v 0.2364 4.4300 1.3409
v 0.2364 4.4300 1.3409
v 0.2364 4.4300 1.3409
v 0.2364 4.4300 1.3409
v 0.2364 4.4300 1.3409
v 0.2364 4.4300 1.3409
v 0.2364 4.4300 1.3409
v 0.2364 4.4300 1.3409
v 0.2364 4.4300 1.3409
v 0.2364 4.4300 1.3409
v 0.2364 4.4300 1.3409
v 0.2702 4.5100 1.5323
v 0.2702 4.5100 1.5323
v 0.2702 4.5100 1.5323
v 0.2702 4.5100 1.5323
v 0.2702 4.5100 1.5323
v 0.2702 4.5100 1.5323
v 0.2702 4.5100 1.5323
v 0.2702 4.5100 1.5323
v 0.2702 4.5100 1.5323
v 0.2702 4.5100 1.5323
v 0.2702 4.5100 1.5323
v 0.2702 4.5569 1.8823
v 0.4759 4.5569 1.8155
v 0.6031 4.5569 1.6405
v 0.6031 4.5569 1.4242
v 0.4759 4.5569 1.2492
v 0.2702 4.5569 1.1823
v 0.0645 4.5569 1.2492
v -0.0627 4.5569 1.4242
v -0.0627 4.5569 1.6405
v 0.0645 4.5569 1.8155
v 0.2702 4.5569 1.8823
v 0.2702 4.6850 2.1385
v 0.6265 4.6850 2.0228
v 0.8467 4.6850 1.7196
v 0.8467 4.6850 1.3450
v 0.6265 4.6850 1.0419
v 0.2702 4.6850 0.9261
v -0.0861 4.6850 1.0419
v -0.3064 4.6850 1.3450
v -0.3064 4.6850 1.7196
v -0.0861 4.6850 2.0228
v 0.2702 4.6850 2.1385
v 0.2702 4.8600 2.2323
v 0.6816 4.8600 2.0986
v 0.9359 4.8600 1.7486
v 0.9359 4.8600 1.3160
v 0.6816 4.8600 0.9660
v 0.2702 4.8600 0.8323
v -0.1413 4.8600 0.9660
v -0.3956 4.8600 1.3160
v -0.3956 4.8600 1.7486
v -0.1413 4.8600 2.0986
v 0.2702 4.8600 2.2323
v 0.2702 5.0350 2.1385
v 0.6265 5.0350 2.0228
v 0.8467 5.0350 1.7196
v 0.8467 5.0350 1.3450
v 0.6265 5.0350 1.0419
v 0.2702 5.0350 0.9261
v -0.0861 5.0350 1.0419
v -0.3064 5.0350 1.3450
v -0.3064 5.0350 1.7196
v -0.0861 5.0350 2.0228
v 0.2702 5.0350 2.1385
v 0.2702 5.1631 1.8823
v 0.4759 5.1631 1.8155
v 0.6031 5.1631 1.6405
v 0.6031 5.1631 1.4242
v 0.4759 5.1631 1.2492
v 0.2702 5.1631 1.1823
v 0.0645 5.1631 1.2492
v -0.0627 5.1631 1.4242
v -0.0627 5.1631 1.6405
v 0.0645 5.1631 1.8155
v 0.2702 5.1631 1.8823
v 0.2702 5.2100 1.5323
v 0.2702 5.2100 1.5323
v 0.2702 5.2100 1.5323
v 0.2702 5.2100 1.5323
v 0.2702 5.2100 1.5323
v 0.2702 5.2100 1.5323
v 0.2702 5.2100 1.5323
v 0.2702 5.2100 1.5323
v 0.2702 5.2100 1.5323
v 0.2702 5.2100 1.5323
v 0.2702 5.2100 1.5323
v 0.3039 5.2900 1.7237
v 0.3039 5.2900 1.7237
v 0.3039 5.2900 1.7237
v 0.3039 5.2900 1.7237
v 0.3039 5.2900 1.7237
v 0.3039 5.2900 1.7237
v 0.3039 5.2900 1.7237
v 0.3039 5.2900 1.7237
v 0.3039 5.2900 1.7237
v 0.3039 5.2900 1.7237
v 0.3039 5.2900 1.7237
v 0.3039 5.3369 2.0737
v 0.5097 5.3369 2.0069
v 0.6368 5.3369 1.8319
v 0.6368 5.3369 1.6156
v 0.5097 5.3369 1.4406
v 0.3039 5.3369 1.3737
v 0.0982 5.3369 1.4406
v -0.0289 5.3369 1.6156
v -0.0289 5.3369 1.8319
v 0.0982 5.3369 2.0069
v 0.3039 5.3369 2.0737
v 0.3039 5.4650 2.3299
v 0.6603 5.4650 2.2141
v 0.8805 5.4650 1.9110
v 0.8805 5.4650 1.5364
v 0.6603 5.4650 1.2333
v 0.3039 5.4650 1.1175
v -0.0524 5.4650 1.2333
v -0.2726 5.4650 1.5364
v -0.2726 5.4650 1.9110
v -0.0524 5.4650 2.2141
v 0.3039 5.4650 2.3299
v 0.3039 5.6400 2.4237
v 0.7154 5.6400 2.2900
v 0.9697 5.6400 1.9400
v 0.9697 5.6400 1.5074
v 0.7154 5.6400 1.1574
v 0.3039 5.6400 1.0237
v -0.1075 5.6400 1.1574
v -0.3618 5.6400 1.5074
v -0.3618 5.6400 1.9400
v -0.1075 5.6400 2.2900
v 0.3039 5.6400 2.4237
v 0.3039 5.8150 2.3299
v 0.6603 5.8150 2.2141
v 0.8805 5.8150 1.9110
v 0.8805 5.8150 1.5364
v 0.6603 5.8150 1.2333
v 0.3039 5.8150 1.1175
v -0.0524 5.8150 1.2333
v -0.2726 5.8150 1.5364
v -0.2726 5.8150 1.9110
v -0.0524 5.8150 2.2141
v 0.3039 5.8150 2.3299
v 0.3039 5.9431 2.0737
v 0.5097 5.9431 2.0069
v 0.6368 5.9431 1.8319
v 0.6368 5.9431 1.6156
v 0.5097 5.9431 1.4406
v 0.3039 5.9431 1.3737
v 0.0982 5.9431 1.4406
v -0.0289 5.9431 1.6156
v -0.0289 5.9431 1.8319
v 0.0982 5.9431 2.0069
v 0.3039 5.9431 2.0737
v 0.3039 5.9900 1.7237
v 0.3039 5.9900 1.7237
v 0.3039 5.9900 1.7237
v 0.3039 5.9900 1.7237
v 0.3039 5.9900 1.7237
v 0.3039 5.9900 1.7237
v 0.3039 5.9900 1.7237
v 0.3039 5.9900 1.7237
v 0.3039 5.9900 1.7237
v 0.3039 5.9900 1.7237
v 0.3039 5.9900 1.7237
v -0.5836 2.9500 1.0109
v -0.5836 2.9500 1.0109
v -0.5836 2.9500 1.0109
v -0.5836 2.9500 1.0109
v -0.5836 2.9500 1.0109
v -0.5836 2.9500 1.0109
v -0.5836 2.9500 1.0109
v -0.5836 2.9500 1.0109
v -0.5836 2.9500 1.0109
v -0.5836 2.9500 1.0109
v -0.5836 2.9500 1.0109
v -0.5836 2.9969 1.3609
v -0.3779 2.9969 1.2940
v -0.2508 2.9969 1.1190
v -0.2508 2.9969 0.9027
v -0.3779 2.9969 0.7277
v -0.5836 2.9969 0.6609
v -0.7893 2.9969 0.7277
v -0.9165 2.9969 0.9027
v -0.9165 2.9969 1.1190
v -0.7893 2.9969 1.2940
v -0.5836 2.9969 1.3609
v -0.5836 3.1250 1.6171
v -0.2273 3.1250 1.5013
v -0.0071 3.1250 1.1982
v -0.0071 3.1250 0.8235
v -0.2273 3.1250 0.5204
v -0.5836 3.1250 0.4047
v -0.9400 3.1250 0.5204
v -1.1602 3.1250 0.8235
v -1.1602 3.1250 1.1982
v -0.9400 3.1250 1.5013
v -0.5836 3.1250 1.6171
v -0.5836 3.3000 1.7109
v -0.1722 3.3000 1.5772
v 0.0821 3.3000 1.2272
v 0.0821 3.3000 0.7946
v -0.1722 3.3000 0.4446
v -0.5836 3.3000 0.3109
v -0.9951 3.3000 0.4446
v -1.2494 3.3000 0.7946
v -1.2494 3.3000 1.2272
v -0.9951 3.3000 1.5772
v -0.5836 3.3000 1.7109
v -0.5836 3.4750 1.6171
v -0.2273 3.4750 1.5013
v -0.0071 3.4750 1.1982
v -0.0071 3.4750 0.8235
v -0.2273 3.4750 0.5204
v -0.5836 3.4750 0.4047
v -0.9400 3.4750 0.5204
v -1.1602 3.4750 0.8235
v -1.1602 3.4750 1.1982
v -0.9400 3.4750 1.5013
v -0.5836 3.4750 1.6171
v -0.5836 3.6031 1.3609
v -0.3779 3.6031 1.2940
v -0.2508 3.6031 1.1190
v -0.2508 3.6031 0.9027
v -0.3779 3.6031 0.7277
v -0.5836 3.6031 0.6609
v -0.7893 3.6031 0.7277
v -0.9165 3.6031 0.9027
v -0.9165 3.6031 1.1190
v -0.7893 3.6031 1.2940
v -0.5836 3.6031 1.3609
v -0.5836 3.6500 1.0109
v -0.5836 3.6500 1.0109
v -0.5836 3.6500 1.0109
v -0.5836 3.6500 1.0109
v -0.5836 3.6500 1.0109
v -0.5836 3.6500 1.0109
v -0.5836 3.6500 1.0109
v -0.5836 3.6500 1.0109
v -0.5836 3.6500 1.0109
v -0.5836 3.6500 1.0109
v -0.5836 3.6500 1.0109
v -0.6808 3.7300 1.1792
v -0.6808 3.7300 1.1792
v -0.6808 3.7300 1.1792
v -0.6808 3.7300 1.1792
v -0.6808 3.7300 1.1792
v -0.6808 3.7300 1.1792
v -0.6808 3.7300 1.1792
v -0.6808 3.7300 1.1792
v -0.6808 3.7300 1.1792
v -0.6808 3.7300 1.1792
v -0.6808 3.7300 1.1792
v -0.6808 3.7769 1.5292
v -0.4751 3.7769 1.4623
v -0.3479 3.7769 1.2873
v -0.3479 3.7769 1.0710
v -0.4751 3.7769 0.8960
v -0.6808 3.7769 0.8292
v -0.8865 3.7769 0.8960
v -1.0137 3.7769 1.0710
v -1.0137 3.7769 1.2873
v -0.8865 3.7769 1.4623
v -0.6808 3.7769 1.5292
v -0.6808 3.9050 1.7854
v -0.3245 3.9050 1.6696
v -0.1043 3.9050 1.3665
v -0.1043 3.9050 0.9918
v -0.3245 3.9050 0.6887
v -0.6808 3.9050 0.5730
v -1.0371 3.9050 0.6887
v -1.2573 3.9050 0.9918
v -1.2573 3.9050 1.3665
v -1.0371 3.9050 1.6696
v -0.6808 3.9050 1.7854
v -0.6808 4.0800 1.8792
v -0.2694 4.0800 1.7455
v -0.0151 4.0800 1.3955
v -0.0151 4.0800 0.9629
v -0.2694 4.0800 0.6129
v -0.6808 4.0800 0.4792
v -1.0922 4.0800 0.6129
v -1.3465 4.0800 0.9629
v -1.3465 4.0800 1.3955
v -1.0922 4.0800 1.7455
v -0.6808 4.0800 1.8792
v -0.6808 4.2550 1.7854
v -0.3245 4.2550 1.6696
v -0.1043 4.2550 1.3665
v -0.1043 4.2550 0.9918
v -0.3245 4.2550 0.6887
v -0.6808 4.2550 0.5730
v -1.0371 4.2550 0.6887
v -1.2573 4.2550 0.9918
v -1.2573 4.2550 1.3665
v -1.0371 4.2550 1.6696
v -0.6808 4.2550 1.7854
v -0.6808 4.3831 1.5292
v -0.4751 4.3831 1.4623
v -0.3479 4.3831 1.2873
v -0.3479 4.3831 1.0710
v -0.4751 4.3831 0.8960
v -0.6808 4.3831 0.8292
v -0.8865 4.3831 0.8960
v -1.0137 4.3831 1.0710
v -1.0137 4.3831 1.2873
v -0.8865 4.3831 1.4623
v -0.6808 4.3831 1.5292
v -0.6808 4.4300 1.1792
v -0.6808 4.4300 1.1792
v -0.6808 4.4300 1.1792
v -0.6808 4.4300 1.1792
v -0.6808 4.4300 1.1792
v -0.6808 4.4300 1.1792
v -0.6808 4.4300 1.1792
v -0.6808 4.4300 1.1792
v -0.6808 4.4300 1.1792
v -0.6808 4.4300 1.1792
v -0.6808 4.4300 1.1792
v -0.7780 4.5100 1.3475
v -0.7780 4.5100 1.3475
v -0.7780 4.5100 1.3475
v -0.7780 4.5100 1.3475
v -0.7780 4.5100 1.3475
v -0.7780 4.5100 1.3475
v -0.7780 4.5100 1.3475
v -0.7780 4.5100 1.3475
v -0.7780 4.5100 1.3475
v -0.7780 4.5100 1.3475
v -0.7780 4.5100 1.3475
v -0.7780 4.5569 1.6975
v -0.5723 4.5569 1.6306
v -0.4451 4.5569 1.4556
v -0.4451 4.5569 1.2393
v -0.5723 4.5569 1.0643
v -0.7780 4.5569 0.9975
v -0.9837 4.5569 1.0643
v -1.1108 4.5569 1.2393
v -1.1108 4.5569 1.4556
v -0.9837 4.5569 1.6306
v -0.7780 4.5569 1.6975
v -0.7780 4.6850 1.9537
v -0.4216 4.6850 1.8379
v -0.2014 4.6850 1.5348
v -0.2014 4.6850 1.1602
v -0.4216 4.6850 0.8571
v -0.7780 4.6850 0.7413
v -1.1343 4.6850 0.8571
v -1.3545 4.6850 1.1602
v -1.3545 4.6850 1.5348
v -1.1343 4.6850 1.8379
v -0.7780 4.6850 1.9537
v -0.7780 4.8600 2.0475
v -0.3665 4.8600 1.9138
v -0.1122 4.8600 1.5638
v -0.1122 4.8600 1.1312
v -0.3665 4.8600 0.7812
v -0.7780 4.8600 0.6475
v -1.1894 4.8600 0.7812
v -1.4437 4.8600 1.1312
v -1.4437 4.8600 1.5638
v -1.1894 4.8600 1.9138
v -0.7780 4.8600 2.0475
v -0.7780 5.0350 1.9537
v -0.4216 5.0350 1.8379
v -0.2014 5.0350 1.5348
v -0.2014 5.0350 1.1602
v -0.4216 5.0350 0.8571
v -0.7780 5.0350 0.7413
v -1.1343 5.0350 0.8571
v -1.3545 5.0350 1.1602
v -1.3545 5.0350 1.5348
v -1.1343 5.0350 1.8379
v -0.7780 5.0350 1.9537
v -0.7780 5.1631 1.6975
v -0.5723 5.1631 1.6306
v -0.4451 5.1631 1.4556
v -0.4451 5.1631 1.2393
v -0.5723 5.1631 1.0643
v -0.7780 5.1631 0.9975
v -0.9837 5.1631 1.0643
v -1.1108 5.1631 1.2393
v -1.1108 5.1631 1.4556
v -0.9837 5.1631 1.6306
v -0.7780 5.1631 1.6975
v -0.7780 5.2100 1.3475
v -0.7780 5.2100 1.3475
v -0.7780 5.2100 1.3475
v -0.7780 5.2100 1.3475
v -0.7780 5.2100 1.3475
v -0.7780 5.2100 1.3475
v -0.7780 5.2100 1.3475
v -0.7780 5.2100 1.3475
v -0.7780 5.2100 1.3475
v -0.7780 5.2100 1.3475
v -0.7780 5.2100 1.3475
v -0.8751 5.2900 1.5158
v -0.8751 5.2900 1.5158
v -0.8751 5.2900 1.5158
v -0.8751 5.2900 1.5158
v -0.8751 5.2900 1.5158
v -0.8751 5.2900 1.5158
v -0.8751 5.2900 1.5158
v -0.8751 5.2900 1.5158
v -0.8751 5.2900 1.5158
v -0.8751 5.2900 1.5158
v -0.8751 5.2900 1.5158
v -0.8751 5.3369 1.8658
v -0.6694 5.3369 1.7990
v -0.5423 5.3369 1.6240
v -0.5423 5.3369 1.4076
v -0.6694 5.3369 1.2326
v -0.8751 5.3369 1.1658
v -1.0809 5.3369 1.2326
v -1.2080 5.3369 1.4076
v -1.2080 5.3369 1.6240
v -1.0809 5.3369 1.7990
v -0.8751 5.3369 1.8658
v -0.8751 5.4650 2.1220
v -0.5188 5.4650 2.0062
v -0.2986 5.4650 1.7031
v -0.2986 5.4650 1.3285
v -0.5188 5.4650 1.0254
v -0.8751 5.4650 0.9096
v -1.2315 5.4650 1.0254
v -1.4517 5.4650 1.3285
v -1.4517 5.4650 1.7031
v -1.2315 5.4650 2.0062
v -0.8751 5.4650 2.1220
v -0.8751 5.6400 2.2158
v -0.4637 5.6400 2.0821
v -0.2094 5.6400 1.7321
v -0.2094 5.6400 1.2995
v -0.4637 5.6400 0.9495
v -0.8751 5.6400 0.8158
v -1.2866 5.6400 0.9495
v -1.5409 5.6400 1.2995
v -1.5409 5.6400 1.7321
v -1.2866 5.6400 2.0821
v -0.8751 5.6400 2.2158
v -0.8751 5.8150 2.1220
v -0.5188 5.8150 2.0062
v -0.2986 5.8150 1.7031
v -0.2986 5.8150 1.3285
v -0.5188 5.8150 1.0254
v -0.8751 5.8150 0.9096
v -1.2315 5.8150 1.0254
v -1.4517 5.8150 1.3285
v -1.4517 5.8150 1.7031
v -1.2315 5.8150 2.0062
v -0.8751 5.8150 2.1220
v -0.8751 5.9431 1.8658
v -0.6694 5.9431 1.7990
v -0.5423 5.9431 1.6240
v -0.5423 5.9431 1.4076
v -0.6694 5.9431 1.2326
v -0.8751 5.9431 1.1658
v -1.0809 5.9431 1.2326
v -1.2080 5.9431 1.4076
v -1.2080 5.9431 1.6240
v -1.0809 5.9431 1.7990
v -0.8751 5.9431 1.8658
v -0.8751 5.9900 1.5158
v -0.8751 5.9900 1.5158
v -0.8751 5.9900 1.5158
v -0.8751 5.9900 1.5158
v -0.8751 5.9900 1.5158
v -0.8751 5.9900 1.5158
v -0.8751 5.9900 1.5158
v -0.8751 5.9900 1.5158
v -0.8751 5.9900 1.5158
v -0.8751 5.9900 1.5158
v -0.8751 5.9900 1.5158
v -1.0969 2.9500 0.3992
v -1.0969 2.9500 0.3992
v -1.0969 2.9500 0.3992
v -1.0969 2.9500 0.3992
v -1.0969 2.9500 0.3992
v -1.0969 2.9500 0.3992
v -1.0969 2.9500 0.3992
v -1.0969 2.9500 0.3992
v -1.0969 2.9500 0.3992
v -1.0969 2.9500 0.3992
v -1.0969 2.9500 0.3992
v -1.0969 2.9969 0.7492
v -0.8911 2.9969 0.6824
v -0.7640 2.9969 0.5074
v -0.7640 2.9969 0.2911
v -0.8911 2.9969 0.1161
v -1.0969 2.9969 0.0492
v -1.3026 2.9969 0.1161
v -1.4297 2.9969 0.2911
v -1.4297 2.9969 0.5074
v -1.3026 2.9969 0.6824
v -1.0969 2.9969 0.7492
v -1.0969 3.1250 1.0054
v -0.7405 3.1250 0.8897
v -0.5203 3.1250 0.5866
v -0.5203 3.1250 0.2119
v -0.7405 3.1250 -0.0912
v -1.0969 3.1250 -0.2070
v -1.4532 3.1250 -0.0912
v -1.6734 3.1250 0.2119
v -1.6734 3.1250 0.5866
v -1.4532 3.1250 0.8897
v -1.0969 3.1250 1.0054
v -1.0969 3.3000 1.0992
v -0.6854 3.3000 0.9655
v -0.4311 3.3000 0.6155
v -0.4311 3.3000 0.1829
v -0.6854 3.3000 -0.1671
v -1.0969 3.3000 -0.3008
v -1.5083 3.3000 -0.1671
v -1.7626 3.3000 0.1829
v -1.7626 3.3000 0.6155
v -1.5083 3.3000 0.9655
v -1.0969 3.3000 1.0992
v -1.0969 3.4750 1.0054
v -0.7405 3.4750 0.8897
v -0.5203 3.4750 0.5866
v -0.5203 3.4750 0.2119
v -0.7405 3.4750 -0.0912
v -1.0969 3.4750 -0.2070
v -1.4532 3.4750 -0.0912
v -1.6734 3.4750 0.2119
v -1.6734 3.4750 0.5866
v -1.4532 3.4750 0.8897
v -1.0969 3.4750 1.0054
v -1.0969 3.6031 0.7492
v -0.8911 3.6031 0.6824
v -0.7640 3.6031 0.5074
v -0.7640 3.6031 0.2911
v -0.8911 3.6031 0.1161
v -1.0969 3.6031 0.0492
v -1.3026 3.6031 0.1161
v -1.4297 3.6031 0.2911
v -1.4297 3.6031 0.5074
v -1.3026 3.6031 0.6824
v -1.0969 3.6031 0.7492
v -1.0969 3.6500 0.3992
v -1.0969 3.6500 0.3992
v -1.0969 3.6500 0.3992
v -1.0969 3.6500 0.3992
v -1.0969 3.6500 0.3992
v -1.0969 3.6500 0.3992
v -1.0969 3.6500 0.3992
v -1.0969 3.6500 0.3992
v -1.0969 3.6500 0.3992
v -1.0969 3.6500 0.3992
v -1.0969 3.6500 0.3992
v -1.2795 3.7300 0.4657
v -1.2795 3.7300 0.4657
v -1.2795 3.7300 0.4657
v -1.2795 3.7300 0.4657
v -1.2795 3.7300 0.4657
v -1.2795 3.7300 0.4657
v -1.2795 3.7300 0.4657
v -1.2795 3.7300 0.4657
v -1.2795 3.7300 0.4657
v -1.2795 3.7300 0.4657
v -1.2795 3.7300 0.4657
v -1.2795 3.7769 0.8157
v -1.0738 3.7769 0.7489
v -0.9466 3.7769 0.5739
v -0.9466 3.7769 0.3575
v -1.0738 3.7769 0.1825
v -1.2795 3.7769 0.1157
v -1.4852 3.7769 0.1825
v -1.6124 3.7769 0.3575
v -1.6124 3.7769 0.5739
v -1.4852 3.7769 0.7489
v -1.2795 3.7769 0.8157
v -1.2795 3.9050 1.0719
v -0.9232 3.9050 0.9561
v -0.7029 3.9050 0.6530
v -0.7029 3.9050 0.2784
v -0.9232 3.9050 -0.0247
v -1.2795 3.9050 -0.1405
v -1.6358 3.9050 -0.0247
v -1.8560 3.9050 0.2784
v -1.8560 3.9050 0.6530
v -1.6358 3.9050 0.9561
v -1.2795 3.9050 1.0719
v -1.2795 4.0800 1.1657
v -0.8680 4.0800 1.0320
v -0.6137 4.0800 0.6820
v -0.6137 4.0800 0.2494
v -0.8680 4.0800 -0.1006
v -1.2795 4.0800 -0.2343
v -1.6909 4.0800 -0.1006
v -1.9452 4.0800 0.2494
v -1.9452 4.0800 0.6820
v -1.6909 4.0800 1.0320
v -1.2795 4.0800 1.1657
v -1.2795 4.2550 1.0719
v -0.9232 4.2550 0.9561
v -0.7029 4.2550 0.6530
v -0.7029 4.2550 0.2784
v -0.9232 4.2550 -0.0247
v -1.2795 4.2550 -0.1405
v -1.6358 4.2550 -0.0247
v -1.8560 4.2550 0.2784
v -1.8560 4.2550 0.6530
v -1.6358 4.2550 0.9561
v -1.2795 4.2550 1.0719
v -1.2795 4.3831 0.8157
v -1.0738 4.3831 0.7489
v -0.9466 4.3831 0.5739
v -0.9466 4.3831 0.3575
v -1.0738 4.3831 0.1825
v -1.2795 4.3831 0.1157
v -1.4852 4.3831 0.1825
v -1.6124 4.3831 0.3575
v -1.6124 4.3831 0.5739
v -1.4852 4.3831 0.7489
v -1.2795 4.3831 0.8157
v -1.2795 4.4300 0.4657
v -1.2795 4.4300 0.4657
v -1.2795 4.4300 0.4657
v -1.2795 4.4300 0.4657
v -1.2795 4.4300 0.4657
v -1.2795 4.4300 0.4657
v -1.2795 4.4300 0.4657
v -1.2795 4.4300 0.4657
v -1.2795 4.4300 0.4657
v -1.2795 4.4300 0.4657
v -1.2795 4.4300 0.4657
v -1.4621 4.5100 0.5322
v -1.4621 4.5100 0.5322
v -1.4621 4.5100 0.5322
v -1.4621 4.5100 0.5322
v -1.4621 4.5100 0.5322
v -1.4621 4.5100 0.5322
v -1.4621 4.5100 0.5322
v -1.4621 4.5100 0.5322
v -1.4621 4.5100 0.5322
v -1.4621 4.5100 0.5322
v -1.4621 4.5100 0.5322
v -1.4621 4.5569 0.8822
v -1.2564 4.5569 0.8153
v -1.1292 4.5569 0.6403
v -1.1292 4.5569 0.4240
v -1.2564 4.5569 0.2490
v -1.4621 4.5569 0.1822
v -1.6678 4.5569 0.2490
v -1.7950 4.5569 0.4240
v -1.7950 4.5569 0.6403
v -1.6678 4.5569 0.8153
v -1.4621 4.5569 0.8822
v -1.4621 4.6850 1.1384
v -1.1058 4.6850 1.0226
v -0.8856 4.6850 0.7195
v -0.8856 4.6850 0.3448
v -1.1058 4.6850 0.0417
v -1.4621 4.6850 -0.0741
v -1.8184 4.6850 0.0417
v -2.0387 4.6850 0.3448
v -2.0387 4.6850 0.7195
v -1.8184 4.6850 1.0226
v -1.4621 4.6850 1.1384
v -1.4621 4.8600 1.2322
v -1.0507 4.8600 1.0985
v -0.7964 4.8600 0.7485
v -0.7964 4.8600 0.3159
v -1.0507 4.8600 -0.0341
v -1.4621 4.8600 -0.1678
v -1.8736 4.8600 -0.0341
v -2.1279 4.8600 0.3159
v -2.1279 4.8600 0.7485
v -1.8736 4.8600 1.0985
v -1.4621 4.8600 1.2322
v -1.4621 5.0350 1.1384
v -1.1058 5.0350 1.0226
v -0.8856 5.0350 0.7195
v -0.8856 5.0350 0.3448
v -1.1058 5.0350 0.0417
v -1.4621 5.0350 -0.0741
v -1.8184 5.0350 0.0417
v -2.0387 5.0350 0.3448
v -2.0387 5.0350 0.7195
v -1.8184 5.0350 1.0226
v -1.4621 5.0350 1.1384
v -1.4621 5.1631 0.8822
v -1.2564 5.1631 0.8153
v -1.1292 5.1631 0.6403
v -1.1292 5.1631 0.4240
v -1.2564 5.1631 0.2490
v -1.4621 5.1631 0.1822
v -1.6678 5.1631 0.2490
v -1.7950 5.1631 0.4240
v -1.7950 5.1631 0.6403
v -1.6678 5.1631 0.8153
v -1.4621 5.1631 0.8822
v -1.4621 5.2100 0.5322
v -1.4621 5.2100 0.5322
v -1.4621 5.2100 0.5322
v -1.4621 5.2100 0.5322
v -1.4621 5.2100 0.5322
v -1.4621 5.2100 0.5322
v -1.4621 5.2100 0.5322
v -1.4621 5.2100 0.5322
v -1.4621 5.2100 0.5322
v -1.4621 5.2100 0.5322
v -1.4621 5.2100 0.5322
v -1.6447 5.2900 0.5986
v -1.6447 5.2900 0.5986
v -1.6447 5.2900 0.5986
v -1.6447 5.2900 0.5986
v -1.6447 5.2900 0.5986
v -1.6447 5.2900 0.5986
v -1.6447 5.2900 0.5986
v -1.6447 5.2900 0.5986
v -1.6447 5.2900 0.5986
v -1.6447 5.2900 0.5986
v -1.6447 5.2900 0.5986
v -1.6447 5.3369 0.9486
v -1.4390 5.3369 0.8818
v -1.3119 5.3369 0.7068
v -1.3119 5.3369 0.4905
v -1.4390 5.3369 0.3155
v -1.6447 5.3369 0.2486
v -1.8505 5.3369 0.3155
v -1.9776 5.3369 0.4905
v -1.9776 5.3369 0.7068
v -1.8505 5.3369 0.8818
v -1.6447 5.3369 0.9486
v -1.6447 5.4650 1.2049
v -1.2884 5.4650 1.0891
v -1.0682 5.4650 0.7860
v -1.0682 5.4650 0.4113
v -1.2884 5.4650 0.1082
v -1.6447 5.4650 -0.0076
v -2.0011 5.4650 0.1082
v -2.2213 5.4650 0.4113
v -2.2213 5.4650 0.7860
v -2.0011 5.4650 1.0891
v -1.6447 5.4650 1.2049
v -1.6447 5.6400 1.2986
v -1.2333 5.6400 1.1649
v -0.9790 5.6400 0.8149
v -0.9790 5.6400 0.3823
v -1.2333 5.6400 0.0323
v -1.6447 5.6400 -0.1014
v -2.0562 5.6400 0.0323
v -2.3105 5.6400 0.3823
v -2.3105 5.6400 0.8149
v -2.0562 5.6400 1.1649
v -1.6447 5.6400 1.2986
v -1.6447 5.8150 1.2049
v -1.2884 5.8150 1.0891
v -1.0682 5.8150 0.7860
v -1.0682 5.8150 0.4113
v -1.2884 5.8150 0.1082
v -1.6447 5.8150 -0.0076
v -2.0011 5.8150 0.1082
v -2.2213 5.8150 0.4113
v -2.2213 5.8150 0.7860
v -2.0011 5.8150 1.0891
v -1.6447 5.8150 1.2049
v -1.6447 5.9431 0.9486
v -1.4390 5.9431 0.8818
v -1.3119 5.9431 0.7068
v -1.3119 5.9431 0.4905
v -1.4390 5.9431 0.3155
v -1.6447 5.9431 0.2486
v -1.8505 5.9431 0.3155
v -1.9776 5.9431 0.4905
v -1.9776 5.9431 0.7068
v -1.8505 5.9431 0.8818
v -1.6447 5.9431 0.9486
v -1.6447 5.9900 0.5986
v -1.6447 5.9900 0.5986
v -1.6447 5.9900 0.5986
v -1.6447 5.9900 0.5986
v -1.6447 5.9900 0.5986
v -1.6447 5.9900 0.5986
v -1.6447 5.9900 0.5986
v -1.6447 5.9900 0.5986
v -1.6447 5.9900 0.5986
v -1.6447 5.9900 0.5986
v -1.6447 5.9900 0.5986
v -1.0969 2.9500 -0.3992
v -1.0969 2.9500 -0.3992
v -1.0969 2.9500 -0.3992
v -1.0969 2.9500 -0.3992
v -1.0969 2.9500 -0.3992
v -1.0969 2.9500 -0.3992
v -1.0969 2.9500 -0.3992
v -1.0969 2.9500 -0.3992
v -1.0969 2.9500 -0.3992
v -1.0969 2.9500 -0.3992
v -1.0969 2.9500 -0.3992
v -1.0969 2.9969 -0.0492
v -0.8911 2.9969 -0.1161
v -0.7640 2.9969 -0.2911
v -0.7640 2.9969 -0.5074
v -0.8911 2.9969 -0.6824
v -1.0969 2.9969 -0.7492
v -1.3026 2.9969 -0.6824
v -1.4297 2.9969 -0.5074
v -1.4297 2.9969 -0.2911
v -1.3026 2.9969 -0.1161
v -1.0969 2.9969 -0.0492
v -1.0969 3.1250 0.2070
v -0.7405 3.1250 0.0912
v -0.5203 3.1250 -0.2119
v -0.5203 3.1250 -0.5866
v -0.7405 3.1250 -0.8897
v -1.0969 3.1250 -1.0054
v -1.4532 3.1250 -0.8897
v -1.6734 3.1250 -0.5866
v -1.6734 3.1250 -0.2119
v -1.4532 3.1250 0.0912
v -1.0969 3.1250 0.2070
v -1.0969 3.3000 0.3008
v -0.6854 3.3000 0.1671
v -0.4311 3.3000 -0.1829
v -0.4311 3.3000 -0.6155
v -0.6854 3.3000 -0.9655
v -1.0969 3.3000 -1.0992
v -1.5083 3.3000 -0.9655
v -1.7626 3.3000 -0.6155
v -1.7626 3.3000 -0.1829
v -1.5083 3.3000 0.1671
v -1.0969 3.3000 0.3008
v -1.0969 3.4750 0.2070
v -0.7405 3.4750 0.0912
v -0.5203 3.4750 -0.2119
v -0.5203 3.4750 -0.5866
v -0.7405 3.4750 -0.8897
v -1.0969 3.4750 -1.0054
v -1.4532 3.4750 -0.8897
v -1.6734 3.4750 -0.5866
v -1.6734 3.4750 -0.2119
v -1.4532 3.4750 0.0912
v -1.0969 3.4750 0.2070
v -1.0969 3.6031 -0.0492
v -0.8911 3.6031 -0.1161
v -0.7640 3.6031 -0.2911
v -0.7640 3.6031 -0.5074
v -0.8911 3.6031 -0.6824
v -1.0969 3.6031 -0.7492
v -1.3026 3.6031 -0.6824
v -1.4297 3.6031 -0.5074
v -1.4297 3.6031 -0.2911
v -1.3026 3.6031 -0.1161
v -1.0969 3.6031 -0.0492
v -1.0969 3.6500 -0.3992
v -1.0969 3.6500 -0.3992
v -1.0969 3.6500 -0.3992
v -1.0969 3.6500 -0.3992
v -1.0969 3.6500 -0.3992
v -1.0969 3.6500 -0.3992
v -1.0969 3.6500 -0.3992
v -1.0969 3.6500 -0.3992
v -1.0969 3.6500 -0.3992
v -1.0969 3.6500 -0.3992
v -1.0969 3.6500 -0.3992
v -1.2795 3.7300 -0.4657
v -1.2795 3.7300 -0.4657
v -1.2795 3.7300 -0.4657
v -1.2795 3.7300 -0.4657
v -1.2795 3.7300 -0.4657
v -1.2795 3.7300 -0.4657
v -1.2795 3.7300 -0.4657
v -1.2795 3.7300 -0.4657
v -1.2795 3.7300 -0.4657
v -1.2795 3.7300 -0.4657
v -1.2795 3.7300 -0.4657
v -1.2795 3.7769 -0.1157
v -1.0738 3.7769 -0.1825
v -0.9466 3.7769 -0.3575
v -0.9466 3.7769 -0.5739
v -1.0738 3.7769 -0.7489
v -1.2795 3.7769 -0.8157
v -1.4852 3.7769 -0.7489
v -1.6124 3.7769 -0.5739
v -1.6124 3.7769 -0.3575
v -1.4852 3.7769 -0.1825
v -1.2795 3.7769 -0.1157
v -1.2795 3.9050 0.1405
v -0.9232 3.9050 0.0247
v -0.7029 3.9050 -0.2784
v -0.7029 3.9050 -0.6530
v -0.9232 3.9050 -0.9561
v -1.2795 3.9050 -1.0719
v -1.6358 3.9050 -0.9561
v -1.8560 3.9050 -0.6530
v -1.8560 3.9050 -0.2784
v -1.6358 3.9050 0.0247
v -1.2795 3.9050 0.1405
v -1.2795 4.0800 0.2343
v -0.8680 4.0800 0.1006
v -0.6137 4.0800 -0.2494
v -0.6137 4.0800 -0.6820
v -0.8680 4.0800 -1.0320
v -1.2795 4.0800 -1.1657
v -1.6909 4.0800 -1.0320
v -1.9452 4.0800 -0.6820
v -1.9452 4.0800 -0.2494
v -1.6909 4.0800 0.1006
v -1.2795 4.0800 0.2343
v -1.2795 4.2550 0.1405
v -0.9232 4.2550 0.0247
v -0.7029 4.2550 -0.2784
v -0.7029 4.2550 -0.6530
v -0.9232 4.2550 -0.9561
v -1.2795 4.2550 -1.0719
v -1.6358 4.2550 -0.9561
v -1.8560 4.2550 -0.6530
v -1.8560 4.2550 -0.2784
v -1.6358 4.2550 0.0247
v -1.2795 4.2550 0.1405
v -1.2795 4.3831 -0.1157
v -1.0738 4.3831 -0.1825
v -0.9466 4.3831 -0.3575
v -0.9466 4.3831 -0.5739
v -1.0738 4.3831 -0.7489
v -1.2795 4.3831 -0.8157
v -1.4852 4.3831 -0.7489
v -1.6124 4.3831 -0.5739
v -1.6124 4.3831 -0.3575
v -1.4852 4.3831 -0.1825
v -1.2795 4.3831 -0.1157
v -1.2795 4.4300 -0.4657
v -1.2795 4.4300 -0.4657
v -1.2795 4.4300 -0.4657
v -1.2795 4.4300 -0.4657
v -1.2795 4.4300 -0.4657
v -1.2795 4.4300 -0.4657
v -1.2795 4.4300 -0.4657
v -1.2795 4.4300 -0.4657
v -1.2795 4.4300 -0.4657
v -1.2795 4.4300 -0.4657
v -1.2795 4.4300 -0.4657
v -1.4621 4.5100 -0.5322
v -1.4621 4.5100 -0.5322
v -1.4621 4.5100 -0.5322
v -1.4621 4.5100 -0.5322
v -1.4621 4.5100 -0.5322
v -1.4621 4.5100 -0.5322
v -1.4621 4.5100 -0.5322
v -1.4621 4.5100 -0.5322
v -1.4621 4.5100 -0.5322
v -1.4621 4.5100 -0.5322
v -1.4621 4.5100 -0.5322
v -1.4621 4.5569 -0.1822
v -1.2564 4.5569 -0.2490
v -1.1292 4.5569 -0.4240
v -1.1292 4.5569 -0.6403
v -1.2564 4.5569 -0.8153
v -1.4621 4.5569 -0.8822
v -1.6678 4.5569 -0.8153
v -1.7950 4.5569 -0.6403
v -1.7950 4.5569 -0.4240
v -1.6678 4.5569 -0.2490
v -1.4621 4.5569 -0.1822
v -1.4621 4.6850 0.0741
v -1.1058 4.6850 -0.0417
v -0.8856 4.6850 -0.3448
v -0.8856 4.6850 -0.7195
v -1.1058 4.6850 -1.0226
v -1.4621 4.6850 -1.1384
v -1.8184 4.6850 -1.0226
v -2.0387 4.6850 -0.7195
v -2.0387 4.6850 -0.3448
v -1.8184 4.6850 -0.0417
v -1.4621 4.6850 0.0741
v -1.4621 4.8600 0.1678
v -1.0507 4.8600 0.0341
v -0.7964 4.8600 -0.3159
v -0.7964 4.8600 -0.7485
v -1.0507 4.8600 -1.0985
v -1.4621 4.8600 -1.2322
v -1.8736 4.8600 -1.0985
v -2.1279 4.8600 -0.7485
v -2.1279 4.8600 -0.3159
v -1.8736 4.8600 0.0341
v -1.4621 4.8600 0.1678
v -1.4621 5.0350 0.0741
v -1.1058 5.0350 -0.0417
v -0.8856 5.0350 -0.3448
v -0.8856 5.0350 -0.7195
v -1.1058 5.0350 -1.0226
v -1.4621 5.0350 -1.1384
v -1.8184 5.0350 -1.0226
v -2.0387 5.0350 -0.7195
v -2.0387 5.0350 -0.3448
v -1.8184 5.0350 -0.0417
v -1.4621 5.0350 0.0741
v -1.4621 5.1631 -0.1822
v -1.2564 5.1631 -0.2490
v -1.1292 5.1631 -0.4240
v -1.1292 5.1631 -0.6403
v -1.2564 5.1631 -0.8153
v -1.4621 5.1631 -0.8822
v -1.6678 5.1631 -0.8153
v -1.7950 5.1631 -0.6403
v -1.7950 5.1631 -0.4240
v -1.6678 5.1631 -0.2490
v -1.4621 5.1631 -0.1822
v -1.4621 5.2100 -0.5322
v -1.4621 5.2100 -0.5322
v -1.4621 5.2100 -0.5322
v -1.4621 5.2100 -0.5322
v -1.4621 5.2100 -0.5322
v -1.4621 5.2100 -0.5322
v -1.4621 5.2100 -0.5322
v -1.4621 5.2100 -0.5322
v -1.4621 5.2100 -0.5322
v -1.4621 5.2100 -0.5322
v -1.4621 5.2100 -0.5322
v -1.6447 5.2900 -0.5986
v -1.6447 5.2900 -0.5986
v -1.6447 5.2900 -0.5986
v -1.6447 5.2900 -0.5986
v -1.6447 5.2900 -0.5986
v -1.6447 5.2900 -0.5986
v -1.6447 5.2900 -0.5986
v -1.6447 5.2900 -0.5986
v -1.6447 5.2900 -0.5986
v -1.6447 5.2900 -0.5986
v -1.6447 5.2900 -0.5986
v -1.6447 5.3369 -0.2486
v -1.4390 5.3369 -0.3155
v -1.3119 5.3369 -0.4905
v -1.3119 5.3369 -0.7068
v -1.4390 5.3369 -0.8818
v -1.6447 5.3369 -0.9486
v -1.8505 5.3369 -0.8818
v -1.9776 5.3369 -0.7068
v -1.9776 5.3369 -0.4905
v -1.8505 5.3369 -0.3155
v -1.6447 5.3369 -0.2486
v -1.6447 5.4650 0.0076
v -1.2884 5.4650 -0.1082
v -1.0682 5.4650 -0.4113
v -1.0682 5.4650 -0.7860
v -1.2884 5.4650 -1.0891
v -1.6447 5.4650 -1.2049
v -2.0011 5.4650 -1.0891
v -2.2213 5.4650 -0.7860
v -2.2213 5.4650 -0.4113
v -2.0011 5.4650 -0.1082
v -1.6447 5.4650 0.0076
v -1.6447 5.6400 0.1014
v -1.2333 5.6400 -0.0323
v -0.9790 5.6400 -0.3823
v -0.9790 5.6400 -0.8149
v -1.2333 5.6400 -1.1649
v -1.6447 5.6400 -1.2986
v -2.0562 5.6400 -1.1649
v -2.3105 5.6400 -0.8149
v -2.3105 5.6400 -0.3823
v -2.0562 5.6400 -0.0323
v -1.6447 5.6400 0.1014
v -1.6447 5.8150 0.0076
v -1.2884 5.8150 -0.1082
v -1.0682 5.8150 -0.4113
v -1.0682 5.8150 -0.7860
v -1.2884 5.8150 -1.0891
v -1.6447 5.8150 -1.2049
v -2.0011 5.8150 -1.0891
v -2.2213 5.8150 -0.7860
v -2.2213 5.8150 -0.4113
v -2.0011 5.8150 -0.1082
v -1.6447 5.8150 0.0076
v -1.6447 5.9431 -0.2486
v -1.4390 5.9431 -0.3155
v -1.3119 5.9431 -0.4905
v -1.3119 5.9431 -0.7068
v -1.4390 5.9431 -0.8818
v -1.6447 5.9431 -0.9486
v -1.8505 5.9431 -0.8818
v -1.9776 5.9431 -0.7068
v -1.9776 5.9431 -0.4905
v -1.8505 5.9431 -0.3155
v -1.6447 5.9431 -0.2486
v -1.6447 5.9900 -0.5986
v -1.6447 5.9900 -0.5986
v -1.6447 5.9900 -0.5986
v -1.6447 5.9900 -0.5986
v -1.6447 5.9900 -0.5986
v -1.6447 5.9900 -0.5986
v -1.6447 5.9900 -0.5986
v -1.6447 5.9900 -0.5986
v -1.6447 5.9900 -0.5986
v -1.6447 5.9900 -0.5986
v -1.6447 5.9900 -0.5986
v -0.5836 2.9500 -1.0109
v -0.5836 2.9500 -1.0109
v -0.5836 2.9500 -1.0109
v -0.5836 2.9500 -1.0109
v -0.5836 2.9500 -1.0109
v -0.5836 2.9500 -1.0109
v -0.5836 2.9500 -1.0109
v -0.5836 2.9500 -1.0109
v -0.5836 2.9500 -1.0109
v -0.5836 2.9500 -1.0109
v -0.5836 2.9500 -1.0109
v -0.5836 2.9969 -0.6609
v -0.3779 2.9969 -0.7277
v -0.2508 2.9969 -0.9027
v -0.2508 2.9969 -1.1190
v -0.3779 2.9969 -1.2940
v -0.5836 2.9969 -1.3609
v -0.7893 2.9969 -1.2940
v -0.9165 2.9969 -1.1190
v -0.9165 2.9969 -0.9027
v -0.7893 2.9969 -0.7277
v -0.5836 2.9969 -0.6609
v -0.5836 3.1250 -0.4047
v -0.2273 3.1250 -0.5204
v -0.0071 3.1250 -0.8235
v -0.0071 3.1250 -1.1982
v -0.2273 3.1250 -1.5013
v -0.5836 3.1250 -1.6171
v -0.9400 3.1250 -1.5013
v -1.1602 3.1250 -1.1982
v -1.1602 3.1250 -0.8235
v -0.9400 3.1250 -0.5204
v -0.5836 3.1250 -0.4047
v -0.5836 3.3000 -0.3109
v -0.1722 3.3000 -0.4446
v 0.0821 3.3000 -0.7946
v 0.0821 3.3000 -1.2272
v -0.1722 3.3000 -1.5772
v -0.5836 3.3000 -1.7109
v -0.9951 3.3000 -1.5772
v -1.2494 3.3000 -1.2272
v -1.2494 3.3000 -0.7946
v -0.9951 3.3000 -0.4446
v -0.5836 3.3000 -0.3109
v -0.5836 3.4750 -0.4047
v -0.2273 3.4750 -0.5204
v -0.0071 3.4750 -0.8235
v -0.0071 3.4750 -1.1982
v -0.2273 3.4750 -1.5013
v -0.5836 3.4750 -1.6171
v -0.9400 3.4750 -1.5013
v -1.1602 3.4750 -1.1982
v -1.1602 3.4750 -0.8235
v -0.9400 3.4750 -0.5204
v -0.5836 3.4750 -0.4047
v -0.5836 3.6031 -0.6609
v -0.3779 3.6031 -0.7277
v -0.2508 3.6031 -0.9027
v -0.2508 3.6031 -1.1190
v -0.3779 3.6031 -1.2940
v -0.5836 3.6031 -1.3609
v -0.7893 3.6031 -1.2940
v -0.9165 3.6031 -1.1190
v -0.9165 3.6031 -0.9027
v -0.7893 3.6031 -0.7277
v -0.5836 3.6031 -0.6609
v -0.5836 3.6500 -1.0109
v -0.5836 3.6500 -1.0109
v -0.5836 3.6500 -1.0109
v -0.5836 3.6500 -1.0109
v -0.5836 3.6500 -1.0109
v -0.5836 3.6500 -1.0109
v -0.5836 3.6500 -1.0109
v -0.5836 3.6500 -1.0109
v -0.5836 3.6500 -1.0109
v -0.5836 3.6500 -1.0109
v -0.5836 3.6500 -1.0109
v -0.6808 3.7300 -1.1792
v -0.6808 3.7300 -1.1792
v -0.6808 3.7300 -1.1792
v -0.6808 3.7300 -1.1792
v -0.6808 3.7300 -1.1792
v -0.6808 3.7300 -1.1792
v -0.6808 3.7300 -1.1792
v -0.6808 3.7300 -1.1792
v -0.6808 3.7300 -1.1792
v -0.6808 3.7300 -1.1792
v -0.6808 3.7300 -1.1792
v -0.6808 3.7769 -0.8292
v -0.4751 3.7769 -0.8960
v -0.3479 3.7769 -1.0710
v -0.3479 3.7769 -1.2873
v -0.4751 3.7769 -1.4623
v -0.6808 3.7769 -1.5292
v -0.8865 3.7769 -1.4623
v -1.0137 3.7769 -1.2873
v -1.0137 3.7769 -1.0710
v -0.8865 3.7769 -0.8960
v -0.6808 3.7769 -0.8292
v -0.6808 3.9050 -0.5730
v -0.3245 3.9050 -0.6887
v -0.1043 3.9050 -0.9918
v -0.1043 3.9050 -1.3665
v -0.3245 3.9050 -1.6696
v -0.6808 3.9050 -1.7854
v -1.0371 3.9050 -1.6696
v -1.2573 3.9050 -1.3665
v -1.2573 3.9050 -0.9918
v -1.0371 3.9050 -0.6887
v -0.6808 3.9050 -0.5730
v -0.6808 4.0800 -0.4792
v -0.2694 4.0800 -0.6129
v -0.0151 4.0800 -0.9629
v -0.0151 4.0800 -1.3955
v -0.2694 4.0800 -1.7455
v -0.6808 4.0800 -1.8792
v -1.0922 4.0800 -1.7455
v -1.3465 4.0800 -1.3955
v -1.3465 4.0800 -0.9629
v -1.0922 4.0800 -0.6129
v -0.6808 4.0800 -0.4792
v -0.6808 4.2550 -0.5730
v -0.3245 4.2550 -0.6887
v -0.1043 4.2550 -0.9918
v -0.1043 4.2550 -1.3665
v -0.3245 4.2550 -1.6696
v -0.6808 4.2550 -1.7854
v -1.0371 4.2550 -1.6696
v -1.2573 4.2550 -1.3665
v -1.2573 4.2550 -0.9918
v -1.0371 4.2550 -0.6887
v -0.6808 4.2550 -0.5730
v -0.6808 4.3831 -0.8292
v -0.4751 4.3831 -0.8960
v -0.3479 4.3831 -1.0710
v -0.3479 4.3831 -1.2873
v -0.4751 4.3831 -1.4623
v -0.6808 4.3831 -1.5292
v -0.8865 4.3831 -1.4623
v -1.0137 4.3831 -1.2873
v -1.0137 4.3831 -1.0710
v -0.8865 4.3831 -0.8960
v -0.6808 4.3831 -0.8292
v -0.6808 4.4300 -1.1792
v -0.6808 4.4300 -1.1792
v -0.6808 4.4300 -1.1792
v -0.6808 4.4300 -1.1792
v -0.6808 4.4300 -1.1792
v -0.6808 4.4300 -1.1792
v -0.6808 4.4300 -1.1792
v -0.6808 4.4300 -1.1792
v -0.6808 4.4300 -1.1792
v -0.6808 4.4300 -1.1792
v -0.6808 4.4300 -1.1792
v -0.7780 4.5100 -1.3475
v -0.7780 4.5100 -1.3475
v -0.7780 4.5100 -1.3475
v -0.7780 4.5100 -1.3475
v -0.7780 4.5100 -1.3475
v -0.7780 4.5100 -1.3475
v -0.7780 4.5100 -1.3475
v -0.7780 4.5100 -1.3475
v -0.7780 4.5100 -1.3475
v -0.7780 4.5100 -1.3475
v -0.7780 4.5100 -1.3475
v -0.7780 4.5569 -0.9975
v -0.5723 4.5569 -1.0643
v -0.4451 4.5569 -1.2393
v -0.4451 4.5569 -1.4556
v -0.5723 4.5569 -1.6306
v -0.7780 4.5569 -1.6975
v -0.9837 4.5569 -1.6306
v -1.1108 4.5569 -1.4556
v -1.1108 4.5569 -1.2393
v -0.9837 4.5569 -1.0643
v -0.7780 4.5569 -0.9975
v -0.7780 4.6850 -0.7413
v -0.4216 4.6850 -0.8571
v -0.2014 4.6850 -1.1602
v -0.2014 4.6850 -1.5348
v -0.4216 4.6850 -1.8379
v -0.7780 4.6850 -1.9537
v -1.1343 4.6850 -1.8379
v -1.3545 4.6850 -1.5348
v -1.3545 4.6850 -1.1602
v -1.1343 4.6850 -0.8571
v -0.7780 4.6850 -0.7413
v -0.7780 4.8600 -0.6475
v -0.3665 4.8600 -0.7812
v -0.1122 4.8600 -1.1312
v -0.1122 4.8600 -1.5638
v -0.3665 4.8600 -1.9138
v -0.7780 4.8600 -2.0475
v -1.1894 4.8600 -1.9138
v -1.4437 4.8600 -1.5638
v -1.4437 4.8600 -1.1312
v -1.1894 4.8600 -0.7812
v -0.7780 4.8600 -0.6475
v -0.7780 5.0350 -0.7413
v -0.4216 5.0350 -0.8571
v -0.2014 5.0350 -1.1602
v -0.2014 5.0350 -1.5348
v -0.4216 5.0350 -1.8379
v -0.7780 5.0350 -1.9537
v -1.1343 5.0350 -1.8379
v -1.3545 5.0350 -1.5348
v -1.3545 5.0350 -1.1602
v -1.1343 5.0350 -0.8571
v -0.7780 5.0350 -0.7413
v -0.7780 5.1631 -0.9975
v -0.5723 5.1631 -1.0643
v -0.4451 5.1631 -1.2393
v -0.4451 5.1631 -1.4556
v -0.5723 5.1631 -1.6306
v -0.7780 5.1631 -1.6975
v -0.9837 5.1631 -1.6306
v -1.1108 5.1631 -1.4556
v -1.1108 5.1631 -1.2393
v -0.9837 5.1631 -1.0643
v -0.7780 5.1631 -0.9975
v -0.7780 5.2100 -1.3475
v -0.7780 5.2100 -1.3475
v -0.7780 5.2100 -1.3475
v -0.7780 5.2100 -1.3475
v -0.7780 5.2100 -1.3475
v -0.7780 5.2100 -1.3475
v -0.7780 5.2100 -1.3475
v -0.7780 5.2100 -1.3475
v -0.7780 5.2100 -1.3475
v -0.7780 5.2100 -1.3475
v -0.7780 5.2100 -1.3475
v -0.8752 5.2900 -1.5158
v -0.8752 5.2900 -1.5158
v -0.8752 5.2900 -1.5158
v -0.8752 5.2900 -1.5158
v -0.8752 5.2900 -1.5158
v -0.8752 5.2900 -1.5158
v -0.8752 5.2900 -1.5158
v -0.8752 5.2900 -1.5158
v -0.8752 5.2900 -1.5158
v -0.8752 5.2900 -1.5158
v -0.8752 5.2900 -1.5158
v -0.8752 5.3369 -1.1658
v -0.6694 5.3369 -1.2326
v -0.5423 5.3369 -1.4076
v -0.5423 5.3369 -1.6240
v -0.6694 5.3369 -1.7990
v -0.8752 5.3369 -1.8658
v -1.0809 5.3369 -1.7990
v -1.2080 5.3369 -1.6240
v -1.2080 5.3369 -1.4076
v -1.0809 5.3369 -1.2326
v -0.8752 5.3369 -1.1658
v -0.8752 5.4650 -0.9096
v -0.5188 5.4650 -1.0254
v -0.2986 5.4650 -1.3285
v -0.2986 5.4650 -1.7031
v -0.5188 5.4650 -2.0062
v -0.8752 5.4650 -2.1220
v -1.2315 5.4650 -2.0062
v -1.4517 5.4650 -1.7031
v -1.4517 5.4650 -1.3285
v -1.2315 5.4650 -1.0254
v -0.8752 5.4650 -0.9096
v -0.8752 5.6400 -0.8158
v -0.4637 5.6400 -0.9495
v -0.2094 5.6400 -1.2995
v -0.2094 5.6400 -1.7321
v -0.4637 5.6400 -2.0821
v -0.8752 5.6400 -2.2158
v -1.2866 5.6400 -2.0821
v -1.5409 5.6400 -1.7321
v -1.5409 5.6400 -1.2995
v -1.2866 5.6400 -0.9495
v -0.8752 5.6400 -0.8158
v -0.8752 5.8150 -0.9096
v -0.5188 5.8150 -1.0254
v -0.2986 5.8150 -1.3285
v -0.2986 5.8150 -1.7031
v -0.5188 5.8150 -2.0062
v -0.8752 5.8150 -2.1220
v -1.2315 5.8150 -2.0062
v -1.4517 5.8150 -1.7031
v -1.4517 5.8150 -1.3285
v -1.2315 5.8150 -1.0254
v -0.8752 5.8150 -0.9096
v -0.8752 5.9431 -1.1658
v -0.6694 5.9431 -1.2326
v -0.5423 5.9431 -1.4076
v -0.5423 5.9431 -1.6240
v -0.6694 5.9431 -1.7990
v -0.8752 5.9431 -1.8658
v -1.0809 5.9431 -1.7990
v -1.2080 5.9431 -1.6240
v -1.2080 5.9431 -1.4076
v -1.0809 5.9431 -1.2326
v -0.8752 5.9431 -1.1658
v -0.8752 5.9900 -1.5158
v -0.8752 5.9900 -1.5158
v -0.8752 5.9900 -1.5158
v -0.8752 5.9900 -1.5158
v -0.8752 5.9900 -1.5158
v -0.8752 5.9900 -1.5158
v -0.8752 5.9900 -1.5158
v -0.8752 5.9900 -1.5158
v -0.8752 5.9900 -1.5158
v -0.8752 5.9900 -1.5158
v -0.8752 5.9900 -1.5158
v 0.2027 2.9500 -1.1495
v 0.2027 2.9500 -1.1495
v 0.2027 2.9500 -1.1495
v 0.2027 2.9500 -1.1495
v 0.2027 2.9500 -1.1495
v 0.2027 2.9500 -1.1495
v 0.2027 2.9500 -1.1495
v 0.2027 2.9500 -1.1495
v 0.2027 2.9500 -1.1495
v 0.2027 2.9500 -1.1495
v 0.2027 2.9500 -1.1495
v 0.2027 2.9969 -0.7995
v 0.4084 2.9969 -0.8664
v 0.5356 2.9969 -1.0414
v 0.5356 2.9969 -1.2577
v 0.4084 2.9969 -1.4327
v 0.2027 2.9969 -1.4995
v -0.0030 2.9969 -1.4327
v -0.1302 2.9969 -1.2577
v -0.1302 2.9969 -1.0414
v -0.0030 2.9969 -0.8664
v 0.2027 2.9969 -0.7995
v 0.2027 3.1250 -0.5433
v 0.5590 3.1250 -0.6591
v 0.7792 3.1250 -0.9622
v 0.7792 3.1250 -1.3368
v 0.5590 3.1250 -1.6400
v 0.2027 3.1250 -1.7557
v -0.1536 3.1250 -1.6400
v -0.3739 3.1250 -1.3368
v -0.3739 3.1250 -0.9622
v -0.1536 3.1250 -0.6591
v 0.2027 3.1250 -0.5433
v 0.2027 3.3000 -0.4495
v 0.6141 3.3000 -0.5832
v 0.8684 3.3000 -0.9332
v 0.8684 3.3000 -1.3658
v 0.6141 3.3000 -1.7158
v 0.2027 3.3000 -1.8495
v -0.2088 3.3000 -1.7158
v -0.4630 3.3000 -1.3658
v -0.4630 3.3000 -0.9332
v -0.2088 3.3000 -0.5832
v 0.2027 3.3000 -0.4495
v 0.2027 3.4750 -0.5433
v 0.5590 3.4750 -0.6591
v 0.7792 3.4750 -0.9622
v 0.7792 3.4750 -1.3368
v 0.5590 3.4750 -1.6400
v 0.2027 3.4750 -1.7557
v -0.1536 3.4750 -1.6400
v -0.3739 3.4750 -1.3368
v -0.3739 3.4750 -0.9622
v -0.1536 3.4750 -0.6591
v 0.2027 3.4750 -0.5433
v 0.2027 3.6031 -0.7995
v 0.4084 3.6031 -0.8664
v 0.5356 3.6031 -1.0414
v 0.5356 3.6031 -1.2577
v 0.4084 3.6031 -1.4327
v 0.2027 3.6031 -1.4995
v -0.0030 3.6031 -1.4327
v -0.1302 3.6031 -1.2577
v -0.1302 3.6031 -1.0414
v -0.0030 3.6031 -0.8664
v 0.2027 3.6031 -0.7995
v 0.2027 3.6500 -1.1495
v 0.2027 3.6500 -1.1495
v 0.2027 3.6500 -1.1495
v 0.2027 3.6500 -1.1495
v 0.2027 3.6500 -1.1495
v 0.2027 3.6500 -1.1495
v 0.2027 3.6500 -1.1495
v 0.2027 3.6500 -1.1495
v 0.2027 3.6500 -1.1495
v 0.2027 3.6500 -1.1495
v 0.2027 3.6500 -1.1495
v 0.2364 3.7300 -1.3409
v 0.2364 3.7300 -1.3409
v 0.2364 3.7300 -1.3409
v 0.2364 3.7300 -1.3409
v 0.2364 3.7300 -1.3409
v 0.2364 3.7300 -1.3409
v 0.2364 3.7300 -1.3409
v 0.2364 3.7300 -1.3409
v 0.2364 3.7300 -1.3409
v 0.2364 3.7300 -1.3409
v 0.2364 3.7300 -1.3409
v 0.2364 3.7769 -0.9909
v 0.4422 3.7769 -1.0578
v 0.5693 3.7769 -1.2328
v 0.5693 3.7769 -1.4491
v 0.4422 3.7769 -1.6241
v 0.2364 3.7769 -1.6909
v 0.0307 3.7769 -1.6241
v -0.0964 3.7769 -1.4491
v -0.0964 3.7769 -1.2328
v 0.0307 3.7769 -1.0578
v 0.2364 3.7769 -0.9909
v 0.2364 3.9050 -0.7347
v 0.5928 3.9050 -0.8505
v 0.8130 3.9050 -1.1536
v 0.8130 3.9050 -1.5282
v 0.5928 3.9050 -1.8314
v 0.2364 3.9050 -1.9471
v -0.1199 3.9050 -1.8314
v -0.3401 3.9050 -1.5282
v -0.3401 3.9050 -1.1536
v -0.1199 3.9050 -0.8505
v 0.2364 3.9050 -0.7347
v 0.2364 4.0800 -0.6409
v 0.6479 4.0800 -0.7746
v 0.9022 4.0800 -1.1246
v 0.9022 4.0800 -1.5572
v 0.6479 4.0800 -1.9072
v 0.2364 4.0800 -2.0409
v -0.1750 4.0800 -1.9072
v -0.4293 4.0800 -1.5572
v -0.4293 4.0800 -1.1246
v -0.1750 4.0800 -0.7746
v 0.2364 4.0800 -0.6409
v 0.2364 4.2550 -0.7347
v 0.5928 4.2550 -0.8505
v 0.8130 4.2550 -1.1536
v 0.8130 4.2550 -1.5282
v 0.5928 4.2550 -1.8314
v 0.2364 4.2550 -1.9471
v -0.1199 4.2550 -1.8314
v -0.3401 4.2550 -1.5282
v -0.3401 4.2550 -1.1536
v -0.1199 4.2550 -0.8505
v 0.2364 4.2550 -0.7347
v 0.2364 4.3831 -0.9909
v 0.4422 4.3831 -1.0578
v 0.5693 4.3831 -1.2328
v 0.5693 4.3831 -1.4491
v 0.4422 4.3831 -1.6241
v 0.2364 4.3831 -1.6909
v 0.0307 4.3831 -1.6241
v -0.0964 4.3831 -1.4491
v -0.0964 4.3831 -1.2328
v 0.0307 4.3831 -1.0578
v 0.2364 4.3831 -0.9909
v 0.2364 4.4300 -1.3409
v 0.2364 4.4300 -1.3409
v 0.2364 4.4300 -1.3409
v 0.2364 4.4300 -1.3409
v 0.2364 4.4300 -1.3409
v 0.2364 4.4300 -1.3409
v 0.2364 4.4300 -1.3409
v 0.2364 4.4300 -1.3409
v 0.2364 4.4300 -1.3409
v 0.2364 4.4300 -1.3409
v 0.2364 4.4300 -1.3409
v 0.2702 4.5100 -1.5323
v 0.2702 4.5100 -1.5323
v 0.2702 4.5100 -1.5323
v 0.2702 4.5100 -1.5323
v 0.2702 4.5100 -1.5323
v 0.2702 4.5100 -1.5323
v 0.2702 4.5100 -1.5323
v 0.2702 4.5100 -1.5323
v 0.2702 4.5100 -1.5323
v 0.2702 4.5100 -1.5323
v 0.2702 4.5100 -1.5323
v 0.2702 4.5569 -1.1823
v 0.4759 4.5569 -1.2492
v 0.6031 4.5569 -1.4242
v 0.6031 4.5569 -1.6405
v 0.4759 4.5569 -1.8155
v 0.2702 4.5569 -1.8823
v 0.0645 4.5569 -1.8155
v -0.0627 4.5569 -1.6405
v -0.0627 4.5569 -1.4242
v 0.0645 4.5569 -1.2492
v 0.2702 4.5569 -1.1823
v 0.2702 4.6850 -0.9261
v 0.6265 4.6850 -1.0419
v 0.8467 4.6850 -1.3450
v 0.8467 4.6850 -1.7196
v 0.6265 4.6850 -2.0228
v 0.2702 4.6850 -2.1385
v -0.0861 4.6850 -2.0228
v -0.3064 4.6850 -1.7196
v -0.3064 4.6850 -1.3450
v -0.0861 4.6850 -1.0419
v 0.2702 4.6850 -0.9261
v 0.2702 4.8600 -0.8323
v 0.6816 4.8600 -0.9660
v 0.9359 4.8600 -1.3160
v 0.9359 4.8600 -1.7486
v 0.6816 4.8600 -2.0986
v 0.2702 4.8600 -2.2323
v -0.1413 4.8600 -2.0986
v -0.3956 4.8600 -1.7486
v -0.3956 4.8600 -1.3160
v -0.1413 4.8600 -0.9660
v 0.2702 4.8600 -0.8323
v 0.2702 5.0350 -0.9261
v 0.6265 5.0350 -1.0419
v 0.8467 5.0350 -1.3450
v 0.8467 5.0350 -1.7196
v 0.6265 5.0350 -2.0228
v 0.2702 5.0350 -2.1385
v -0.0861 5.0350 -2.0228
v -0.3064 5.0350 -1.7196
v -0.3064 5.0350 -1.3450
v -0.0861 5.0350 -1.0419
v 0.2702 5.0350 -0.9261
v 0.2702 5.1631 -1.1823
v 0.4759 5.1631 -1.2492
v 0.6031 5.1631 -1.4242
v 0.6031 5.1631 -1.6405
v 0.4759 5.1631 -1.8155
v 0.2702 5.1631 -1.8823
v 0.0645 5.1631 -1.8155
v -0.0627 5.1631 -1.6405
v -0.0627 5.1631 -1.4242
v 0.0645 5.1631 -1.2492
v 0.2702 5.1631 -1.1823
v 0.2702 5.2100 -1.5323
v 0.2702 5.2100 -1.5323
v 0.2702 5.2100 -1.5323
v 0.2702 5.2100 -1.5323
v 0.2702 5.2100 -1.5323
v 0.2702 5.2100 -1.5323
v 0.2702 5.2100 -1.5323
v 0.2702 5.2100 -1.5323
v 0.2702 5.2100 -1.5323
v 0.2702 5.2100 -1.5323
v 0.2702 5.2100 -1.5323
v 0.3039 5.2900 -1.7237
v 0.3039 5.2900 -1.7237
v 0.3039 5.2900 -1.7237
v 0.3039 5.2900 -1.7237
v 0.3039 5.2900 -1.7237
v 0.3039 5.2900 -1.7237
v 0.3039 5.2900 -1.7237
v 0.3039 5.2900 -1.7237
v 0.3039 5.2900 -1.7237
v 0.3039 5.2900 -1.7237
v 0.3039 5.2900 -1.7237
v 0.3039 5.3369 -1.3737
v 0.5097 5.3369 -1.4406
v 0.6368 5.3369 -1.6156
v 0.6368 5.3369 -1.8319
v 0.5097 5.3369 -2.0069
v 0.3039 5.3369 -2.0737
v 0.0982 5.3369 -2.0069
v -0.0289 5.3369 -1.8319
v -0.0289 5.3369 -1.6156
v 0.0982 5.3369 -1.4406
v 0.3039 5.3369 -1.3737
v 0.3039 5.4650 -1.1175
v 0.6603 5.4650 -1.2333
v 0.8805 5.4650 -1.5364
v 0.8805 5.4650 -1.9110
v 0.6603 5.4650 -2.2141
v 0.3039 5.4650 -2.3299
v -0.0524 5.4650 -2.2141
v -0.2726 5.4650 -1.9110
v -0.2726 5.4650 -1.5364
v -0.0524 5.4650 -1.2333
v 0.3039 5.4650 -1.1175
v 0.3039 5.6400 -1.0237
v 0.7154 5.6400 -1.1574
v 0.9697 5.6400 -1.5074
v 0.9697 5.6400 -1.9400
v 0.7154 5.6400 -2.2900
v 0.3039 5.6400 -2.4237
v -0.1075 5.6400 -2.2900
v -0.3618 5.6400 -1.9400
v -0.3618 5.6400 -1.5074
v -0.1075 5.6400 -1.1574
v 0.3039 5.6400 -1.0237
v 0.3039 5.8150 -1.1175
v 0.6603 5.8150 -1.2333
v 0.8805 5.8150 -1.5364
v 0.8805 5.8150 -1.9110
v 0.6603 5.8150 -2.2141
v 0.3039 5.8150 -2.3299
v -0.0524 5.8150 -2.2141
v -0.2726 5.8150 -1.9110
v -0.2726 5.8150 -1.5364
v -0.0524 5.8150 -1.2333
v 0.3039 5.8150 -1.1175
v 0.3039 5.9431 -1.3737
v 0.5097 5.9431 -1.4406
v 0.6368 5.9431 -1.6156
v 0.6368 5.9431 -1.8319
v 0.5097 5.9431 -2.0069
v 0.3039 5.9431 -2.0737
v 0.0982 5.9431 -2.0069
v -0.0289 5.9431 -1.8319
v -0.0289 5.9431 -1.6156
v 0.0982 5.9431 -1.4406
v 0.3039 5.9431 -1.3737
v 0.3039 5.9900 -1.7237
v 0.3039 5.9900 -1.7237
v 0.3039 5.9900 -1.7237
v 0.3039 5.9900 -1.7237
v 0.3039 5.9900 -1.7237
v 0.3039 5.9900 -1.7237
v 0.3039 5.9900 -1.7237
v 0.3039 5.9900 -1.7237
v 0.3039 5.9900 -1.7237
v 0.3039 5.9900 -1.7237
v 0.3039 5.9900 -1.7237
v 0.8942 2.9500 -0.7503
v 0.8942 2.9500 -0.7503
v 0.8942 2.9500 -0.7503
v 0.8942 2.9500 -0.7503
v 0.8942 2.9500 -0.7503
v 0.8942 2.9500 -0.7503
v 0.8942 2.9500 -0.7503
v 0.8942 2.9500 -0.7503
v 0.8942 2.9500 -0.7503
v 0.8942 2.9500 -0.7503
v 0.8942 2.9500 -0.7503
v 0.8942 2.9969 -0.4003
v 1.0999 2.9969 -0.4671
v 1.2270 2.9969 -0.6421
v 1.2270 2.9969 -0.8584
v 1.0999 2.9969 -1.0334
v 0.8942 2.9969 -1.1003
v 0.6884 2.9969 -1.0334
v 0.5613 2.9969 -0.8584
v 0.5613 2.9969 -0.6421
v 0.6884 2.9969 -0.4671
v 0.8942 2.9969 -0.4003
v 0.8942 3.1250 -0.1441
v 1.2505 3.1250 -0.2599
v 1.4707 3.1250 -0.5630
v 1.4707 3.1250 -0.9376
v 1.2505 3.1250 -1.2407
v 0.8942 3.1250 -1.3565
v 0.5378 3.1250 -1.2407
v 0.3176 3.1250 -0.9376
v 0.3176 3.1250 -0.5630
v 0.5378 3.1250 -0.2599
v 0.8942 3.1250 -0.1441
v 0.8942 3.3000 -0.0503
v 1.3056 3.3000 -0.1840
v 1.5599 3.3000 -0.5340
v 1.5599 3.3000 -0.9666
v 1.3056 3.3000 -1.3166
v 0.8942 3.3000 -1.4503
v 0.4827 3.3000 -1.3166
v 0.2284 3.3000 -0.9666
v 0.2284 3.3000 -0.5340
v 0.4827 3.3000 -0.1840
v 0.8942 3.3000 -0.0503
v 0.8942 3.4750 -0.1441
v 1.2505 3.4750 -0.2599
v 1.4707 3.4750 -0.5630
v 1.4707 3.4750 -0.9376
v 1.2505 3.4750 -1.2407
v 0.8942 3.4750 -1.3565
v 0.5378 3.4750 -1.2407
v 0.3176 3.4750 -0.9376
v 0.3176 3.4750 -0.5630
v 0.5378 3.4750 -0.2599
v 0.8942 3.4750 -0.1441
v 0.8942 3.6031 -0.4003
v 1.0999 3.6031 -0.4671
v 1.2270 3.6031 -0.6421
v 1.2270 3.6031 -0.8584
v 1.0999 3.6031 -1.0334
v 0.8942 3.6031 -1.1003
v 0.6884 3.6031 -1.0334
v 0.5613 3.6031 -0.8584
v 0.5613 3.6031 -0.6421
v 0.6884 3.6031 -0.4671
v 0.8942 3.6031 -0.4003
v 0.8942 3.6500 -0.7503
v 0.8942 3.6500 -0.7503
v 0.8942 3.6500 -0.7503
v 0.8942 3.6500 -0.7503
v 0.8942 3.6500 -0.7503
v 0.8942 3.6500 -0.7503
v 0.8942 3.6500 -0.7503
v 0.8942 3.6500 -0.7503
v 0.8942 3.6500 -0.7503
v 0.8942 3.6500 -0.7503
v 0.8942 3.6500 -0.7503
v 1.0430 3.7300 -0.8752
v 1.0430 3.7300 -0.8752
v 1.0430 3.7300 -0.8752
v 1.0430 3.7300 -0.8752
v 1.0430 3.7300 -0.8752
v 1.0430 3.7300 -0.8752
v 1.0430 3.7300 -0.8752
v 1.0430 3.7300 -0.8752
v 1.0430 3.7300 -0.8752
v 1.0430 3.7300 -0.8752
v 1.0430 3.7300 -0.8752
v 1.0430 3.7769 -0.5252
v 1.2488 3.7769 -0.5921
v 1.3759 3.7769 -0.7671
v 1.3759 3.7769 -0.9834
v 1.2488 3.7769 -1.1584
v 1.0430 3.7769 -1.2252
v 0.8373 3.7769 -1.1584
v 0.7102 3.7769 -0.9834
v 0.7102 3.7769 -0.7671
v 0.8373 3.7769 -0.5921
v 1.0430 3.7769 -0.5252
v 1.0430 3.9050 -0.2690
v 1.3994 3.9050 -0.3848
v 1.6196 3.9050 -0.6879
v 1.6196 3.9050 -1.0626
v 1.3994 3.9050 -1.3657
v 1.0430 3.9050 -1.4814
v 0.6867 3.9050 -1.3657
v 0.4665 3.9050 -1.0626
v 0.4665 3.9050 -0.6879
v 0.6867 3.9050 -0.3848
v 1.0430 3.9050 -0.2690
v 1.0430 4.0800 -0.1752
v 1.4545 4.0800 -0.3089
v 1.7088 4.0800 -0.6589
v 1.7088 4.0800 -1.0915
v 1.4545 4.0800 -1.4415
v 1.0430 4.0800 -1.5752
v 0.6316 4.0800 -1.4415
v 0.3773 4.0800 -1.0915
v 0.3773 4.0800 -0.6589
v 0.6316 4.0800 -0.3089
v 1.0430 4.0800 -0.1752
v 1.0430 4.2550 -0.2690
v 1.3994 4.2550 -0.3848
v 1.6196 4.2550 -0.6879
v 1.6196 4.2550 -1.0626
v 1.3994 4.2550 -1.3657
v 1.0430 4.2550 -1.4814
v 0.6867 4.2550 -1.3657
v 0.4665 4.2550 -1.0626
v 0.4665 4.2550 -0.6879
v 0.6867 4.2550 -0.3848
v 1.0430 4.2550 -0.2690
v 1.0430 4.3831 -0.5252
v 1.2488 4.3831 -0.5921
v 1.3759 4.3831 -0.7671
v 1.3759 4.3831 -0.9834
v 1.2488 4.3831 -1.1584
v 1.0430 4.3831 -1.2252
v 0.8373 4.3831 -1.1584
v 0.7102 4.3831 -0.9834
v 0.7102 4.3831 -0.7671
v 0.8373 4.3831 -0.5921
v 1.0430 4.3831 -0.5252
v 1.0430 4.4300 -0.8752
v 1.0430 4.4300 -0.8752
v 1.0430 4.4300 -0.8752
v 1.0430 4.4300 -0.8752
v 1.0430 4.4300 -0.8752
v 1.0430 4.4300 -0.8752
v 1.0430 4.4300 -0.8752
v 1.0430 4.4300 -0.8752
v 1.0430 4.4300 -0.8752
v 1.0430 4.4300 -0.8752
v 1.0430 4.4300 -0.8752
v 1.1919 4.5100 -1.0001
v 1.1919 4.5100 -1.0001
v 1.1919 4.5100 -1.0001
v 1.1919 4.5100 -1.0001
v 1.1919 4.5100 -1.0001
v 1.1919 4.5100 -1.0001
v 1.1919 4.5100 -1.0001
v 1.1919 4.5100 -1.0001
v 1.1919 4.5100 -1.0001
v 1.1919 4.5100 -1.0001
v 1.1919 4.5100 -1.0001
v 1.1919 4.5569 -0.6501
v 1.3977 4.5569 -0.7170
v 1.5248 4.5569 -0.8920
v 1.5248 4.5569 -1.1083
v 1.3977 4.5569 -1.2833
v 1.1919 4.5569 -1.3501
v 0.9862 4.5569 -1.2833
v 0.8591 4.5569 -1.1083
v 0.8591 4.5569 -0.8920
v 0.9862 4.5569 -0.7170
v 1.1919 4.5569 -0.6501
v 1.1919 4.6850 -0.3939
v 1.5483 4.6850 -0.5097
v 1.7685 4.6850 -0.8128
v 1.7685 4.6850 -1.1875
v 1.5483 4.6850 -1.4906
v 1.1919 4.6850 -1.6064
v 0.8356 4.6850 -1.4906
v 0.6154 4.6850 -1.1875
v 0.6154 4.6850 -0.8128
v 0.8356 4.6850 -0.5097
v 1.1919 4.6850 -0.3939
v 1.1919 4.8600 -0.3001
v 1.6034 4.8600 -0.4338
v 1.8577 4.8600 -0.7838
v 1.8577 4.8600 -1.2165
v 1.6034 4.8600 -1.5665
v 1.1919 4.8600 -1.7001
v 0.7805 4.8600 -1.5665
v 0.5262 4.8600 -1.2165
v 0.5262 4.8600 -0.7838
v 0.7805 4.8600 -0.4338
v 1.1919 4.8600 -0.3001
v 1.1919 5.0350 -0.3939
v 1.5483 5.0350 -0.5097
v 1.7685 5.0350 -0.8128
v 1.7685 5.0350 -1.1875
v 1.5483 5.0350 -1.4906
v 1.1919 5.0350 -1.6064
v 0.8356 5.0350 -1.4906
v 0.6154 5.0350 -1.1875
v 0.6154 5.0350 -0.8128
v 0.8356 5.0350 -0.5097
v 1.1919 5.0350 -0.3939
v 1.1919 5.1631 -0.6501
v 1.3977 5.1631 -0.7170
v 1.5248 5.1631 -0.8920
v 1.5248 5.1631 -1.1083
v 1.3977 5.1631 -1.2833
v 1.1919 5.1631 -1.3501
v 0.9862 5.1631 -1.2833
v 0.8591 5.1631 -1.1083
v 0.8591 5.1631 -0.8920
v 0.9862 5.1631 -0.7170
v 1.1919 5.1631 -0.6501
v 1.1919 5.2100 -1.0001
v 1.1919 5.2100 -1.0001
v 1.1919 5.2100 -1.0001
v 1.1919 5.2100 -1.0001
v 1.1919 5.2100 -1.0001
v 1.1919 5.2100 -1.0001
v 1.1919 5.2100 -1.0001
v 1.1919 5.2100 -1.0001
v 1.1919 5.2100 -1.0001
v 1.1919 5.2100 -1.0001
v 1.1919 5.2100 -1.0001
v 1.3408 5.2900 -1.1251
v 1.3408 5.2900 -1.1251
v 1.3408 5.2900 -1.1251
v 1.3408 5.2900 -1.1251
v 1.3408 5.2900 -1.1251
v 1.3408 5.2900 -1.1251
v 1.3408 5.2900 -1.1251
v 1.3408 5.2900 -1.1251
v 1.3408 5.2900 -1.1251
v 1.3408 5.2900 -1.1251
v 1.3408 5.2900 -1.1251
v 1.3408 5.3369 -0.7751
v 1.5465 5.3369 -0.8419
v 1.6737 5.3369 -1.0169
v 1.6737 5.3369 -1.2332
v 1.5465 5.3369 -1.4082
v 1.3408 5.3369 -1.4751
v 1.1351 5.3369 -1.4082
v 1.0079 5.3369 -1.2332
v 1.0079 5.3369 -1.0169
v 1.1351 5.3369 -0.8419
v 1.3408 5.3369 -0.7751
v 1.3408 5.4650 -0.5189
v 1.6971 5.4650 -0.6346
v 1.9174 5.4650 -0.9377
v 1.9174 5.4650 -1.3124
v 1.6971 5.4650 -1.6155
v 1.3408 5.4650 -1.7313
v 0.9845 5.4650 -1.6155
v 0.7643 5.4650 -1.3124
v 0.7643 5.4650 -0.9377
v 0.9845 5.4650 -0.6346
v 1.3408 5.4650 -0.5189
v 1.3408 5.6400 -0.4251
v 1.7523 5.6400 -0.5588
v 2.0065 5.6400 -0.9088
v 2.0065 5.6400 -1.3414
v 1.7523 5.6400 -1.6914
v 1.3408 5.6400 -1.8251
v 0.9294 5.6400 -1.6914
v 0.6751 5.6400 -1.3414
v 0.6751 5.6400 -0.9088
v 0.9294 5.6400 -0.5588
v 1.3408 5.6400 -0.4251
v 1.3408 5.8150 -0.5189
v 1.6971 5.8150 -0.6346
v 1.9174 5.8150 -0.9377
v 1.9174 5.8150 -1.3124
v 1.6971 5.8150 -1.6155
v 1.3408 5.8150 -1.7313
v 0.9845 5.8150 -1.6155
v 0.7643 5.8150 -1.3124
v 0.7643 5.8150 -0.9377
v 0.9845 5.8150 -0.6346
v 1.3408 5.8150 -0.5189
v 1.3408 5.9431 -0.7751
v 1.5465 5.9431 -0.8419
v 1.6737 5.9431 -1.0169
v 1.6737 5.9431 -1.2332
v 1.5465 5.9431 -1.4082
v 1.3408 5.9431 -1.4751
v 1.1351 5.9431 -1.4082
v 1.0079 5.9431 -1.2332
v 1.0079 5.9431 -1.0169
v 1.1351 5.9431 -0.8419
v 1.3408 5.9431 -0.7751
v 1.3408 5.9900 -1.1251
v 1.3408 5.9900 -1.1251
v 1.3408 5.9900 -1.1251
v 1.3408 5.9900 -1.1251
v 1.3408 5.9900 -1.1251
v 1.3408 5.9900 -1.1251
v 1.3408 5.9900 -1.1251
v 1.3408 5.9900 -1.1251
v 1.3408 5.9900 -1.1251
v 1.3408 5.9900 -1.1251
v 1.3408 5.9900 -1.1251
vt 0.0000 0.0000
vt 0.4326 0.0000
vt 0.8652 0.0000
vt 1.2979 0.0000
vt 1.7305 0.0000
vt 2.1631 0.0000
vt 2.5957 0.0000
vt 3.0284 0.0000
vt 3.4610 0.0000
vt 3.8936 0.0000
vt 4.3262 0.0000
vt 0.0000 0.3531
vt 0.4326 0.3531
vt 0.8652 0.3531
vt 1.2979 0.3531
vt 1.7305 0.3531
vt 2.1631 0.3531
vt 2.5957 0.3531
vt 3.0284 0.3531
vt 3.4610 0.3531
vt 3.8936 0.3531
vt 4.3262 0.3531
vt 0.0000 0.6396
vt 0.4326 0.6396
vt 0.8652 0.6396
vt 1.2979 0.6396
vt 1.7305 0.6396
vt 2.1631 0.6396
vt 2.5957 0.6396
vt 3.0284 0.6396
vt 3.4610 0.6396
vt 3.8936 0.6396
vt 4.3262 0.6396
vt 0.0000 0.8381
vt 0.4326 0.8381
vt 0.8652 0.8381
vt 1.2979 0.8381
vt 1.7305 0.8381
vt 2.1631 0.8381
vt 2.5957 0.8381
vt 3.0284 0.8381
vt 3.4610 0.8381
vt 3.8936 0.8381
vt 4.3262 0.8381
vt 0.0000 1.0367
vt 0.4326 1.0367
vt 0.8652 1.0367
vt 1.2979 1.0367
vt 1.7305 1.0367
vt 2.1631 1.0367
vt 2.5957 1.0367
vt 3.0284 1.0367
vt 3.4610 1.0367
vt 3.8936 1.0367
vt 4.3262 1.0367
vt 0.0000 1.3231
vt 0.4326 1.3231
vt 0.8652 1.3231
vt 1.2979 1.3231
vt 1.7305 1.3231
vt 2.1631 1.3231
vt 2.5957 1.3231
vt 3.0284 1.3231
vt 3.4610 1.3231
vt 3.8936 1.3231
vt 4.3262 1.3231
vt 0.0000 1.6763
vt 0.4326 1.6763
vt 0.8652 1.6763
vt 1.2979 1.6763
vt 1.7305 1.6763
vt 2.1631 1.6763
vt 2.5957 1.6763
vt 3.0284 1.6763
vt 3.4610 1.6763
vt 3.8936 1.6763
vt 4.3262 1.6763
vt 0.0000 0.0000
vt 0.4326 0.0000
vt 0.8652 0.0000
vt 1.2979 0.0000
vt 1.7305 0.0000
vt 2.1631 0.0000
vt 2.5957 0.0000
vt 3.0284 0.0000
vt 3.4610 0.0000
vt 3.8936 0.0000
vt 4.3262 0.0000
vt 0.0000 0.3531
vt 0.4326 0.3531
vt 0.8652 0.3531
vt 1.2979 0.3531
vt 1.7305 0.3531
vt 2.1631 0.3531
vt 2.5957 0.3531
vt 3.0284 0.3531
vt 3.4610 0.3531
vt 3.8936 0.3531
vt 4.3262 0.3531
vt 0.0000 0.6396
vt 0.4326 0.6396
vt 0.8652 0.6396
vt 1.2979 0.6396
vt 1.7305 0.6396
vt 2.1631 0.6396
vt 2.5957 0.6396
vt 3.0284 0.6396
vt 3.4610 0.6396
vt 3.8936 0.6396
vt 4.3262 0.6396
vt 0.0000 0.8381
vt 0.4326 0.8381
vt 0.8652 0.8381
vt 1.2979 0.8381
vt 1.7305 0.8381
vt 2.1631 0.8381
vt 2.5957 0.8381
vt 3.0284 0.8381
vt 3.4610 0.8381
vt 3.8936 0.8381
vt 4.3262 0.8381
vt 0.0000 1.0367
vt 0.4326 1.0367
vt 0.8652 1.0367
vt 1.2979 1.0367
vt 1.7305 1.0367
vt 2.1631 1.0367
vt 2.5957 1.0367
vt 3.0284 1.0367
vt 3.4610 1.0367
vt 3.8936 1.0367
vt 4.3262 1.0367
vt 0.0000 1.3231
vt 0.4326 1.3231
vt 0.8652 1.3231
vt 1.2979 1.3231
vt 1.7305 1.3231
vt 2.1631 1.3231
vt 2.5957 1.3231
vt 3.0284 1.3231
vt 3.4610 1.3231
vt 3.8936 1.3231
vt 4.3262 1.3231
vt 0.0000 1.6763
vt 0.4326 1.6763
vt 0.8652 1.6763
vt 1.2979 1.6763
vt 1.7305 1.6763
vt 2.1631 1.6763
vt 2.5957 1.6763
vt 3.0284 1.6763
vt 3.4610 1.6763
vt 3.8936 1.6763
vt 4.3262 1.6763
vt 0.0000 0.0000
vt 0.4326 0.0000
vt 0.8652 0.0000
vt 1.2979 0.0000
vt 1.7305 0.0000
vt 2.1631 0.0000
vt 2.5957 0.0000
vt 3.0284 0.0000
vt 3.4610 0.0000
vt 3.8936 0.0000
vt 4.3262 0.0000
vt 0.0000 0.3531
vt 0.4326 0.3531
vt 0.8652 0.3531
vt 1.2979 0.3531
vt 1.7305 0.3531
vt 2.1631 0.3531
vt 2.5957 0.3531
vt 3.0284 0.3531
vt 3.4610 0.3531
vt 3.8936 0.3531
vt 4.3262 0.3531
vt 0.0000 0.6396
vt 0.4326 0.6396
vt 0.8652 0.6396
vt 1.2979 0.6396
vt 1.7305 0.6396
vt 2.1631 0.6396
vt 2.5957 0.6396
vt 3.0284 0.6396
vt 3.4610 0.6396
vt 3.8936 0.6396
vt 4.3262 0.6396
vt 0.0000 0.8381
vt 0.4326 0.8381
vt 0.8652 0.8381
vt 1.2979 0.8381
vt 1.7305 0.8381
vt 2.1631 0.8381
vt 2.5957 0.8381
vt 3.0284 0.8381
vt 3.4610 0.8381
vt 3.8936 0.8381
vt 4.3262 0.8381
vt 0.0000 1.0367
vt 0.4326 1.0367
vt 0.8652 1.0367
vt 1.2979 1.0367
vt 1.7305 1.0367
vt 2.1631 1.0367
vt 2.5957 1.0367
vt 3.0284 1.0367
vt 3.4610 1.0367
vt 3.8936 1.0367
vt 4.3262 1.0367
vt 0.0000 1.3231
vt 0.4326 1.3231
vt 0.8652 1.3231
vt 1.2979 1.3231
vt 1.7305 1.3231
vt 2.1631 1.3231
vt 2.5957 1.3231
vt 3.0284 1.3231
vt 3.4610 1.3231
vt 3.8936 1.3231
vt 4.3262 1.3231
vt 0.0000 1.6763
vt 0.4326 1.6763
vt 0.8652 1.6763
vt 1.2979 1.6763
vt 1.7305 1.6763
vt 2.1631 1.6763
vt 2.5957 1.6763
vt 3.0284 1.6763
vt 3.4610 1.6763
vt 3.8936 1.6763
vt 4.3262 1.6763
vt 0.0000 0.0000
vt 0.4326 0.0000
vt 0.8652 0.0000
vt 1.2979 0.0000
vt 1.7305 0.0000
vt 2.1631 0.0000
vt 2.5957 0.0000
vt 3.0284 0.0000
vt 3.4610 0.0000
vt 3.8936 0.0000
vt 4.3262 0.0000
vt 0.0000 0.3531
vt 0.4326 0.3531
vt 0.8652 0.3531
vt 1.2979 0.3531
vt 1.7305 0.3531
vt 2.1631 0.3531
vt 2.5957 0.3531
vt 3.0284 0.3531
vt 3.4610 0.3531
vt 3.8936 0.3531
vt 4.3262 0.3531
vt 0.0000 0.6396
vt 0.4326 0.6396
vt 0.8652 0.6396
vt 1.2979 0.6396
vt 1.7305 0.6396
vt 2.1631 0.6396
vt 2.5957 0.6396
vt 3.0284 0.6396
vt 3.4610 0.6396
vt 3.8936 0.6396
vt 4.3262 0.6396
vt 0.0000 0.8381
vt 0.4326 0.8381
vt 0.8652 0.8381
vt 1.2979 0.8381
vt 1.7305 0.8381
vt 2.1631 0.8381
vt 2.5957 0.8381
vt 3.0284 0.8381
vt 3.4610 0.8381
vt 3.8936 0.8381
vt 4.3262 0.8381
vt 0.0000 1.0367
vt 0.4326 1.0367
vt 0.8652 1.0367
vt 1.2979 1.0367
vt 1.7305 1.0367
vt 2.1631 1.0367
vt 2.5957 1.0367
vt 3.0284 1.0367
vt 3.4610 1.0367
vt 3.8936 1.0367
vt 4.3262 1.0367
vt 0.0000 1.3231
vt 0.4326 1.3231
vt 0.8652 1.3231
vt 1.2979 1.3231
vt 1.7305 1.3231
vt 2.1631 1.3231
vt 2.5957 1.3231
vt 3.0284 1.3231
vt 3.4610 1.3231
vt 3.8936 1.3231
vt 4.3262 1.3231
vt 0.0000 1.6763
vt 0.4326 1.6763
vt 0.8652 1.6763
vt 1.2979 1.6763
vt 1.7305 1.6763
vt 2.1631 1.6763
vt 2.5957 1.6763
vt 3.0284 1.6763
vt 3.4610 1.6763
vt 3.8936 1.6763
vt 4.3262 1.6763
vt 0.0000 0.0000
vt 0.4326 0.0000
vt 0.8652 0.0000
vt 1.2979 0.0000
vt 1.7305 0.0000
vt 2.1631 0.0000
vt 2.5957 0.0000
vt 3.0284 0.0000
vt 3.4610 0.0000
vt 3.8936 0.0000
vt 4.3262 0.0000
vt 0.0000 0.3531
vt 0.4326 0.3531
vt 0.8652 0.3531
vt 1.2979 0.3531
vt 1.7305 0.3531
vt 2.1631 0.3531
vt 2.5957 0.3531
vt 3.0284 0.3531
vt 3.4610 0.3531
vt 3.8936 0.3531
vt 4.3262 0.3531
vt 0.0000 0.6396
vt 0.4326 0.6396
vt 0.8652 0.6396
vt 1.2979 0.6396
vt 1.7305 0.6396
vt 2.1631 0.6396
vt 2.5957 0.6396
vt 3.0284 0.6396
vt 3.4610 0.6396
vt 3.8936 0.6396
vt 4.3262 0.6396
vt 0.0000 0.8381
vt 0.4326 0.8381
vt 0.8652 0.8381
vt 1.2979 0.8381
vt 1.7305 0.8381
vt 2.1631 0.8381
vt 2.5957 0.8381
vt 3.0284 0.8381
vt 3.4610 0.8381
vt 3.8936 0.8381
vt 4.3262 0.8381
vt 0.0000 1.0367
vt 0.4326 1.0367
vt 0.8652 1.0367
vt 1.2979 1.0367
vt 1.7305 1.0367
vt 2.1631 1.0367
vt 2.5957 1.0367
vt 3.0284 1.0367
vt 3.4610 1.0367
vt 3.8936 1.0367
vt 4.3262 1.0367
vt 0.0000 1.3231
vt 0.4326 1.3231
vt 0.8652 1.3231
vt 1.2979 1.3231
vt 1.7305 1.3231
vt 2.1631 1.3231
vt 2.5957 1.3231
vt 3.0284 1.3231
vt 3.4610 1.3231
vt 3.8936 1.3231
vt 4.3262 1.3231
vt 0.0000 1.6763
vt 0.4326 1.6763
vt 0.8652 1.6763
vt 1.2979 1.6763
vt 1.7305 1.6763
vt 2.1631 1.6763
vt 2.5957 1.6763
vt 3.0284 1.6763
vt 3.4610 1.6763
vt 3.8936 1.6763
vt 4.3262 1.6763
vt 0.0000 0.0000
vt 0.4326 0.0000
vt 0.8652 0.0000
vt 1.2979 0.0000
vt 1.7305 0.0000
vt 2.1631 0.0000
vt 2.5957 0.0000
vt 3.0284 0.0000
vt 3.4610 0.0000
vt 3.8936 0.0000
vt 4.3262 0.0000
vt 0.0000 0.3531
vt 0.4326 0.3531
vt 0.8652 0.3531
vt 1.2979 0.3531
vt 1.7305 0.3531
vt 2.1631 0.3531
vt 2.5957 0.3531
vt 3.0284 0.3531
vt 3.4610 0.3531
vt 3.8936 0.3531
vt 4.3262 0.3531
vt 0.0000 0.6396
vt 0.4326 0.6396
vt 0.8652 0.6396
vt 1.2979 0.6396
vt 1.7305 0.6396
vt 2.1631 0.6396
vt 2.5957 0.6396
vt 3.0284 0.6396
vt 3.4610 0.6396
vt 3.8936 0.6396
vt 4.3262 0.6396
vt 0.0000 0.8381
vt 0.4326 0.8381
vt 0.8652 0.8381
vt 1.2979 0.8381
vt 1.7305 0.8381
vt 2.1631 0.8381
vt 2.5957 0.8381
vt 3.0284 0.8381
vt 3.4610 0.8381
vt 3.8936 0.8381
vt 4.3262 0.8381
vt 0.0000 1.0367
vt 0.4326 1.0367
vt 0.8652 1.0367
vt 1.2979 1.0367
vt 1.7305 1.0367
vt 2.1631 1.0367
vt 2.5957 1.0367
vt 3.0284 1.0367
vt 3.4610 1.0367
vt 3.8936 1.0367
vt 4.3262 1.0367
vt 0.0000 1.3231
vt 0.4326 1.3231
vt 0.8652 1.3231
vt 1.2979 1.3231
vt 1.7305 1.3231
vt 2.1631 1.3231
vt 2.5957 1.3231
vt 3.0284 1.3231
vt 3.4610 1.3231
vt 3.8936 1.3231
vt 4.3262 1.3231
vt 0.0000 1.6763
vt 0.4326 1.6763
vt 0.8652 1.6763
vt 1.2979 1.6763
vt 1.7305 1.6763
vt 2.1631 1.6763
vt 2.5957 1.6763
vt 3.0284 1.6763
vt 3.4610 1.6763
vt 3.8936 1.6763
vt 4.3262 1.6763
vt 0.0000 0.0000
vt 0.4326 0.0000
vt 0.8652 0.0000
vt 1.2979 0.0000
vt 1.7305 0.0000
vt 2.1631 0.0000
vt 2.5957 0.0000
vt 3.0284 0.0000
vt 3.4610 0.0000
vt 3.8936 0.0000
vt 4.3262 0.0000
vt 0.0000 0.3531
vt 0.4326 0.3531
vt 0.8652 0.3531
vt 1.2979 0.3531
vt 1.7305 0.3531
vt 2.1631 0.3531
vt 2.5957 0.3531
vt 3.0284 0.3531
vt 3.4610 0.3531
vt 3.8936 0.3531
vt 4.3262 0.3531
vt 0.0000 0.6396
vt 0.4326 0.6396
vt 0.8652 0.6396
vt 1.2979 0.6396
vt 1.7305 0.6396
vt 2.1631 0.6396
vt 2.5957 0.6396
vt 3.0284 0.6396
vt 3.4610 0.6396
vt 3.8936 0.6396
vt 4.3262 0.6396
vt 0.0000 0.8381
vt 0.4326 0.8381
vt 0.8652 0.8381
vt 1.2979 0.8381
vt 1.7305 0.8381
vt 2.1631 0.8381
vt 2.5957 0.8381
vt 3.0284 0.8381
vt 3.4610 0.8381
vt 3.8936 0.8381
vt 4.3262 0.8381
vt 0.0000 1.0367
vt 0.4326 1.0367
vt 0.8652 1.0367
vt 1.2979 1.0367
vt 1.7305 1.0367
vt 2.1631 1.0367
vt 2.5957 1.0367
vt 3.0284 1.0367
vt 3.4610 1.0367
vt 3.8936 1.0367
vt 4.3262 1.0367
vt 0.0000 1.3231
vt 0.4326 1.3231
vt 0.8652 1.3231
vt 1.2979 1.3231
vt 1.7305 1.3231
vt 2.1631 1.3231
vt 2.5957 1.3231
vt 3.0284 1.3231
vt 3.4610 1.3231
vt 3.8936 1.3231
vt 4.3262 1.3231
vt 0.0000 1.6763
vt 0.4326 1.6763
vt 0.8652 1.6763
vt 1.2979 1.6763
vt 1.7305 1.6763
vt 2.1631 1.6763
vt 2.5957 1.6763
vt 3.0284 1.6763
vt 3.4610 1.6763
vt 3.8936 1.6763
vt 4.3262 1.6763
vt 0.0000 0.0000
vt 0.4326 0.0000
vt 0.8652 0.0000
vt 1.2979 0.0000
vt 1.7305 0.0000
vt 2.1631 0.0000
vt 2.5957 0.0000
vt 3.0284 0.0000
vt 3.4610 0.0000
vt 3.8936 0.0000
vt 4.3262 0.0000
vt 0.0000 0.3531
vt 0.4326 0.3531
vt 0.8652 0.3531
vt 1.2979 0.3531
vt 1.7305 0.3531
vt 2.1631 0.3531
vt 2.5957 0.3531
vt 3.0284 0.3531
vt 3.4610 0.3531
vt 3.8936 0.3531
vt 4.3262 0.3531
vt 0.0000 0.6396
vt 0.4326 0.6396
vt 0.8652 0.6396
vt 1.2979 0.6396
vt 1.7305 0.6396
vt 2.1631 0.6396
vt 2.5957 0.6396
vt 3.0284 0.6396
vt 3.4610 0.6396
vt 3.8936 0.6396
vt 4.3262 0.6396
vt 0.0000 0.8381
vt 0.4326 0.8381
vt 0.8652 0.8381
vt 1.2979 0.8381
vt 1.7305 0.8381
vt 2.1631 0.8381
vt 2.5957 0.8381
vt 3.0284 0.8381
vt 3.4610 0.8381
vt 3.8936 0.8381
vt 4.3262 0.8381
vt 0.0000 1.0367
vt 0.4326 1.0367
vt 0.8652 1.0367
vt 1.2979 1.0367
vt 1.7305 1.0367
vt 2.1631 1.0367
vt 2.5957 1.0367
vt 3.0284 1.0367
vt 3.4610 1.0367
vt 3.8936 1.0367
vt 4.3262 1.0367
vt 0.0000 1.3231
vt 0.4326 1.3231
vt 0.8652 1.3231
vt 1.2979 1.3231
vt 1.7305 1.3231
vt 2.1631 1.3231
vt 2.5957 1.3231
vt 3.0284 1.3231
vt 3.4610 1.3231
vt 3.8936 1.3231
vt 4.3262 1.3231
vt 0.0000 1.6763
vt 0.4326 1.6763
vt 0.8652 1.6763
vt 1.2979 1.6763
vt 1.7305 1.6763
vt 2.1631 1.6763
vt 2.5957 1.6763
vt 3.0284 1.6763
vt 3.4610 1.6763
vt 3.8936 1.6763
vt 4.3262 1.6763
vt 0.0000 0.0000
vt 0.4326 0.0000
vt 0.8652 0.0000
vt 1.2979 0.0000
vt 1.7305 0.0000
vt 2.1631 0.0000
vt 2.5957 0.0000
vt 3.0284 0.0000
vt 3.4610 0.0000
vt 3.8936 0.0000
vt 4.3262 0.0000
vt 0.0000 0.3531
vt 0.4326 0.3531
vt 0.8652 0.3531
vt 1.2979 0.3531
vt 1.7305 0.3531
vt 2.1631 0.3531
vt 2.5957 0.3531
vt 3.0284 0.3531
vt 3.4610 0.3531
vt 3.8936 0.3531
vt 4.3262 0.3531
vt 0.0000 0.6396
vt 0.4326 0.6396
vt 0.8652 0.6396
vt 1.2979 0.6396
vt 1.7305 0.6396
vt 2.1631 0.6396
vt 2.5957 0.6396
vt 3.0284 0.6396
vt 3.4610 0.6396
vt 3.8936 0.6396
vt 4.3262 0.6396
vt 0.0000 0.8381
vt 0.4326 0.8381
vt 0.8652 0.8381
vt 1.2979 0.8381
vt 1.7305 0.8381
vt 2.1631 0.8381
vt 2.5957 0.8381
vt 3.0284 0.8381
vt 3.4610 0.8381
vt 3.8936 0.8381
vt 4.3262 0.8381
vt 0.0000 1.0367
vt 0.4326 1.0367
vt 0.8652 1.0367
vt 1.2979 1.0367
vt 1.7305 1.0367
vt 2.1631 1.0367
vt 2.5957 1.0367
vt 3.0284 1.0367
vt 3.4610 1.0367
vt 3.8936 1.0367
vt 4.3262 1.0367
vt 0.0000 1.3231
vt 0.4326 1.3231
vt 0.8652 1.3231
vt 1.2979 1.3231
vt 1.7305 1.3231
vt 2.1631 1.3231
vt 2.5957 1.3231
vt 3.0284 1.3231
vt 3.4610 1.3231
vt 3.8936 1.3231
vt 4.3262 1.3231
vt 0.0000 1.6763
vt 0.4326 1.6763
vt 0.8652 1.6763
vt 1.2979 1.6763
vt 1.7305 1.6763
vt 2.1631 1.6763
vt 2.5957 1.6763
vt 3.0284 1.6763
vt 3.4610 1.6763
vt 3.8936 1.6763
vt 4.3262 1.6763
vt 0.0000 0.0000
vt 0.4326 0.0000
vt 0.8652 0.0000
vt 1.2979 0.0000
vt 1.7305 0.0000
vt 2.1631 0.0000
vt 2.5957 0.0000
vt 3.0284 0.0000
vt 3.4610 0.0000
vt 3.8936 0.0000
vt 4.3262 0.0000
vt 0.0000 0.3531
vt 0.4326 0.3531
vt 0.8652 0.3531
vt 1.2979 0.3531
vt 1.7305 0.3531
vt 2.1631 0.3531
vt 2.5957 0.3531
vt 3.0284 0.3531
vt 3.4610 0.3531
vt 3.8936 0.3531
vt 4.3262 0.3531
vt 0.0000 0.6396
vt 0.4326 0.6396
vt 0.8652 0.6396
vt 1.2979 0.6396
vt 1.7305 0.6396
vt 2.1631 0.6396
vt 2.5957 0.6396
vt 3.0284 0.6396
vt 3.4610 0.6396
vt 3.8936 0.6396
vt 4.3262 0.6396
vt 0.0000 0.8381
vt 0.4326 0.8381
vt 0.8652 0.8381
vt 1.2979 0.8381
vt 1.7305 0.8381
vt 2.1631 0.8381
vt 2.5957 0.8381
vt 3.0284 0.8381
vt 3.4610 0.8381
vt 3.8936 0.8381
vt 4.3262 0.8381
vt 0.0000 1.0367
vt 0.4326 1.0367
vt 0.8652 1.0367
vt 1.2979 1.0367
vt 1.7305 1.0367
vt 2.1631 1.0367
vt 2.5957 1.0367
vt 3.0284 1.0367
vt 3.4610 1.0367
vt 3.8936 1.0367
vt 4.3262 1.0367
vt 0.0000 1.3231
vt 0.4326 1.3231
vt 0.8652 1.3231
vt 1.2979 1.3231
vt 1.7305 1.3231
vt 2.1631 1.3231
vt 2.5957 1.3231
vt 3.0284 1.3231
vt 3.4610 1.3231
vt 3.8936 1.3231
vt 4.3262 1.3231
vt 0.0000 1.6763
vt 0.4326 1.6763
vt 0.8652 1.6763
vt 1.2979 1.6763
vt 1.7305 1.6763
vt 2.1631 1.6763
vt 2.5957 1.6763
vt 3.0284 1.6763
vt 3.4610 1.6763
vt 3.8936 1.6763
vt 4.3262 1.6763
vt 0.0000 0.0000
vt 0.4326 0.0000
vt 0.8652 0.0000
vt 1.2979 0.0000
vt 1.7305 0.0000
vt 2.1631 0.0000
vt 2.5957 0.0000
vt 3.0284 0.0000
vt 3.4610 0.0000
vt 3.8936 0.0000
vt 4.3262 0.0000
vt 0.0000 0.3531
vt 0.4326 0.3531
vt 0.8652 0.3531
vt 1.2979 0.3531
vt 1.7305 0.3531
vt 2.1631 0.3531
vt 2.5957 0.3531
vt 3.0284 0.3531
vt 3.4610 0.3531
vt 3.8936 0.3531
vt 4.3262 0.3531
vt 0.0000 0.6396
vt 0.4326 0.6396
vt 0.8652 0.6396
vt 1.2979 0.6396
vt 1.7305 0.6396
vt 2.1631 0.6396
vt 2.5957 0.6396
vt 3.0284 0.6396
vt 3.4610 0.6396
vt 3.8936 0.6396
vt 4.3262 0.6396
vt 0.0000 0.8381
vt 0.4326 0.8381
vt 0.8652 0.8381
vt 1.2979 0.8381
vt 1.7305 0.8381
vt 2.1631 0.8381
vt 2.5957 0.8381
vt 3.0284 0.8381
vt 3.4610 0.8381
vt 3.8936 0.8381
vt 4.3262 0.8381
vt 0.0000 1.0367
vt 0.4326 1.0367
vt 0.8652 1.0367
vt 1.2979 1.0367
vt 1.7305 1.0367
vt 2.1631 1.0367
vt 2.5957 1.0367
vt 3.0284 1.0367
vt 3.4610 1.0367
vt 3.8936 1.0367
vt 4.3262 1.0367
vt 0.0000 1.3231
vt 0.4326 1.3231
vt 0.8652 1.3231
vt 1.2979 1.3231
vt 1.7305 1.3231
vt 2.1631 1.3231
vt 2.5957 1.3231
vt 3.0284 1.3231
vt 3.4610 1.3231
vt 3.8936 1.3231
vt 4.3262 1.3231
vt 0.0000 1.6763
vt 0.4326 1.6763
vt 0.8652 1.6763
vt 1.2979 1.6763
vt 1.7305 1.6763
vt 2.1631 1.6763
vt 2.5957 1.6763
vt 3.0284 1.6763
vt 3.4610 1.6763
vt 3.8936 1.6763
vt 4.3262 1.6763
vt 0.0000 0.0000
vt 0.4326 0.0000
vt 0.8652 0.0000
vt 1.2979 0.0000
vt 1.7305 0.0000
vt 2.1631 0.0000
vt 2.5957 0.0000
vt 3.0284 0.0000
vt 3.4610 0.0000
vt 3.8936 0.0000
vt 4.3262 0.0000
vt 0.0000 0.3531
vt 0.4326 0.3531
vt 0.8652 0.3531
vt 1.2979 0.3531
vt 1.7305 0.3531
vt 2.1631 0.3531
vt 2.5957 0.3531
vt 3.0284 0.3531
vt 3.4610 0.3531
vt 3.8936 0.3531
vt 4.3262 0.3531
vt 0.0000 0.6396
vt 0.4326 0.6396
vt 0.8652 0.6396
vt 1.2979 0.6396
vt 1.7305 0.6396
vt 2.1631 0.6396
vt 2.5957 0.6396
vt 3.0284 0.6396
vt 3.4610 0.6396
vt 3.8936 0.6396
vt 4.3262 0.6396
vt 0.0000 0.8381
vt 0.4326 0.8381
vt 0.8652 0.8381
vt 1.2979 0.8381
vt 1.7305 0.8381
vt 2.1631 0.8381
vt 2.5957 0.8381
vt 3.0284 0.8381
vt 3.4610 0.8381
vt 3.8936 0.8381
vt 4.3262 0.8381
vt 0.0000 1.0367
vt 0.4326 1.0367
vt 0.8652 1.0367
vt 1.2979 1.0367
vt 1.7305 1.0367
vt 2.1631 1.0367
vt 2.5957 1.0367
vt 3.0284 1.0367
vt 3.4610 1.0367
vt 3.8936 1.0367
vt 4.3262 1.0367
vt 0.0000 1.3231
vt 0.4326 1.3231
vt 0.8652 1.3231
vt 1.2979 1.3231
vt 1.7305 1.3231
vt 2.1631 1.3231
vt 2.5957 1.3231
vt 3.0284 1.3231
vt 3.4610 1.3231
vt 3.8936 1.3231
vt 4.3262 1.3231
vt 0.0000 1.6763
vt 0.4326 1.6763
vt 0.8652 1.6763
vt 1.2979 1.6763
vt 1.7305 1.6763
vt 2.1631 1.6763
vt 2.5957 1.6763
vt 3.0284 1.6763
vt 3.4610 1.6763
vt 3.8936 1.6763
vt 4.3262 1.6763
vt 0.0000 0.0000
vt 0.4326 0.0000
vt 0.8652 0.0000
vt 1.2979 0.0000
vt 1.7305 0.0000
vt 2.1631 0.0000
vt 2.5957 0.0000
vt 3.0284 0.0000
vt 3.4610 0.0000
vt 3.8936 0.0000
vt 4.3262 0.0000
vt 0.0000 0.3531
vt 0.4326 0.3531
vt 0.8652 0.3531
vt 1.2979 0.3531
vt 1.7305 0.3531
vt 2.1631 0.3531
vt 2.5957 0.3531
vt 3.0284 0.3531
vt 3.4610 0.3531
vt 3.8936 0.3531
vt 4.3262 0.3531
vt 0.0000 0.6396
vt 0.4326 0.6396
vt 0.8652 0.6396
vt 1.2979 0.6396
vt 1.7305 0.6396
vt 2.1631 0.6396
vt 2.5957 0.6396
vt 3.0284 0.6396
vt 3.4610 0.6396
vt 3.8936 0.6396
vt 4.3262 0.6396
vt 0.0000 0.8381
vt 0.4326 0.8381
vt 0.8652 0.8381
vt 1.2979 0.8381
vt 1.7305 0.8381
vt 2.1631 0.8381
vt 2.5957 0.8381
vt 3.0284 0.8381
vt 3.4610 0.8381
vt 3.8936 0.8381
vt 4.3262 0.8381
vt 0.0000 1.0367
vt 0.4326 1.0367
vt 0.8652 1.0367
vt 1.2979 1.0367
vt 1.7305 1.0367
vt 2.1631 1.0367
vt 2.5957 1.0367
vt 3.0284 1.0367
vt 3.4610 1.0367
vt 3.8936 1.0367
vt 4.3262 1.0367
vt 0.0000 1.3231
vt 0.4326 1.3231
vt 0.8652 1.3231
vt 1.2979 1.3231
vt 1.7305 1.3231
vt 2.1631 1.3231
vt 2.5957 1.3231
vt 3.0284 1.3231
vt 3.4610 1.3231
vt 3.8936 1.3231
vt 4.3262 1.3231
vt 0.0000 1.6763
vt 0.4326 1.6763
vt 0.8652 1.6763
vt 1.2979 1.6763
vt 1.7305 1.6763
vt 2.1631 1.6763
vt 2.5957 1.6763
vt 3.0284 1.6763
vt 3.4610 1.6763
vt 3.8936 1.6763
vt 4.3262 1.6763
vt 0.0000 0.0000
vt 0.4326 0.0000
vt 0.8652 0.0000
vt 1.2979 0.0000
vt 1.7305 0.0000
vt 2.1631 0.0000
vt 2.5957 0.0000
vt 3.0284 0.0000
vt 3.4610 0.0000
vt 3.8936 0.0000
vt 4.3262 0.0000
vt 0.0000 0.3531
vt 0.4326 0.3531
vt 0.8652 0.3531
vt 1.2979 0.3531
vt 1.7305 0.3531
vt 2.1631 0.3531
vt 2.5957 0.3531
vt 3.0284 0.3531
vt 3.4610 0.3531
vt 3.8936 0.3531
vt 4.3262 0.3531
vt 0.0000 0.6396
vt 0.4326 0.6396
vt 0.8652 0.6396
vt 1.2979 0.6396
vt 1.7305 0.6396
vt 2.1631 0.6396
vt 2.5957 0.6396
vt 3.0284 0.6396
vt 3.4610 0.6396
vt 3.8936 0.6396
vt 4.3262 0.6396
vt 0.0000 0.8381
vt 0.4326 0.8381
vt 0.8652 0.8381
vt 1.2979 0.8381
vt 1.7305 0.8381
vt 2.1631 0.8381
vt 2.5957 0.8381
vt 3.0284 0.8381
vt 3.4610 0.8381
vt 3.8936 0.8381
vt 4.3262 0.8381
vt 0.0000 1.0367
vt 0.4326 1.0367
vt 0.8652 1.0367
vt 1.2979 1.0367
vt 1.7305 1.0367
vt 2.1631 1.0367
vt 2.5957 1.0367
vt 3.0284 1.0367
vt 3.4610 1.0367
vt 3.8936 1.0367
vt 4.3262 1.0367
vt 0.0000 1.3231
vt 0.4326 1.3231
vt 0.8652 1.3231
vt 1.2979 1.3231
vt 1.7305 1.3231
vt 2.1631 1.3231
vt 2.5957 1.3231
vt 3.0284 1.3231
vt 3.4610 1.3231
vt 3.8936 1.3231
vt 4.3262 1.3231
vt 0.0000 1.6763
vt 0.4326 1.6763
vt 0.8652 1.6763
vt 1.2979 1.6763
vt 1.7305 1.6763
vt 2.1631 1.6763
vt 2.5957 1.6763
vt 3.0284 1.6763
vt 3.4610 1.6763
vt 3.8936 1.6763
vt 4.3262 1.6763
vt 0.0000 0.0000
vt 0.4326 0.0000
vt 0.8652 0.0000
vt 1.2979 0.0000
vt 1.7305 0.0000
vt 2.1631 0.0000
vt 2.5957 0.0000
vt 3.0284 0.0000
vt 3.4610 0.0000
vt 3.8936 0.0000
vt 4.3262 0.0000
vt 0.0000 0.3531
vt 0.4326 0.3531
vt 0.8652 0.3531
vt 1.2979 0.3531
vt 1.7305 0.3531
vt 2.1631 0.3531
vt 2.5957 0.3531
vt 3.0284 0.3531
vt 3.4610 0.3531
vt 3.8936 0.3531
vt 4.3262 0.3531
vt 0.0000 0.6396
vt 0.4326 0.6396
vt 0.8652 0.6396
vt 1.2979 0.6396
vt 1.7305 0.6396
vt 2.1631 0.6396
vt 2.5957 0.6396
vt 3.0284 0.6396
vt 3.4610 0.6396
vt 3.8936 0.6396
vt 4.3262 0.6396
vt 0.0000 0.8381
vt 0.4326 0.8381
vt 0.8652 0.8381
vt 1.2979 0.8381
vt 1.7305 0.8381
vt 2.1631 0.8381
vt 2.5957 0.8381
vt 3.0284 0.8381
vt 3.4610 0.8381
vt 3.8936 0.8381
vt 4.3262 0.8381
vt 0.0000 1.0367
vt 0.4326 1.0367
vt 0.8652 1.0367
vt 1.2979 1.0367
vt 1.7305 1.0367
vt 2.1631 1.0367
vt 2.5957 1.0367
vt 3.0284 1.0367
vt 3.4610 1.0367
vt 3.8936 1.0367
vt 4.3262 1.0367
vt 0.0000 1.3231
vt 0.4326 1.3231
vt 0.8652 1.3231
vt 1.2979 1.3231
vt 1.7305 1.3231
vt 2.1631 1.3231
vt 2.5957 1.3231
vt 3.0284 1.3231
vt 3.4610 1.3231
vt 3.8936 1.3231
vt 4.3262 1.3231
vt 0.0000 1.6763
vt 0.4326 1.6763
vt 0.8652 1.6763
vt 1.2979 1.6763
vt 1.7305 1.6763
vt 2.1631 1.6763
vt 2.5957 1.6763
vt 3.0284 1.6763
vt 3.4610 1.6763
vt 3.8936 1.6763
vt 4.3262 1.6763
vt 0.0000 0.0000
vt 0.4326 0.0000
vt 0.8652 0.0000
vt 1.2979 0.0000
vt 1.7305 0.0000
vt 2.1631 0.0000
vt 2.5957 0.0000
vt 3.0284 0.0000
vt 3.4610 0.0000
vt 3.8936 0.0000
vt 4.3262 0.0000
vt 0.0000 0.3531
vt 0.4326 0.3531
vt 0.8652 0.3531
vt 1.2979 0.3531
vt 1.7305 0.3531
vt 2.1631 0.3531
vt 2.5957 0.3531
vt 3.0284 0.3531
vt 3.4610 0.3531
vt 3.8936 0.3531
vt 4.3262 0.3531
vt 0.0000 0.6396
vt 0.4326 0.6396
vt 0.8652 0.6396
vt 1.2979 0.6396
vt 1.7305 0.6396
vt 2.1631 0.6396
vt 2.5957 0.6396
vt 3.0284 0.6396
vt 3.4610 0.6396
vt 3.8936 0.6396
vt 4.3262 0.6396
vt 0.0000 0.8381
vt 0.4326 0.8381
vt 0.8652 0.8381
vt 1.2979 0.8381
vt 1.7305 0.8381
vt 2.1631 0.8381
vt 2.5957 0.8381
vt 3.0284 0.8381
vt 3.4610 0.8381
vt 3.8936 0.8381
vt 4.3262 0.8381
vt 0.0000 1.0367
vt 0.4326 1.0367
vt 0.8652 1.0367
vt 1.2979 1.0367
vt 1.7305 1.0367
vt 2.1631 1.0367
vt 2.5957 1.0367
vt 3.0284 1.0367
vt 3.4610 1.0367
vt 3.8936 1.0367
vt 4.3262 1.0367
vt 0.0000 1.3231
vt 0.4326 1.3231
vt 0.8652 1.3231
vt 1.2979 1.3231
vt 1.7305 1.3231
vt 2.1631 1.3231
vt 2.5957 1.3231
vt 3.0284 1.3231
vt 3.4610 1.3231
vt 3.8936 1.3231
vt 4.3262 1.3231
vt 0.0000 1.6763
vt 0.4326 1.6763
vt 0.8652 1.6763
vt 1.2979 1.6763
vt 1.7305 1.6763
vt 2.1631 1.6763
vt 2.5957 1.6763
vt 3.0284 1.6763
vt 3.4610 1.6763
vt 3.8936 1.6763
vt 4.3262 1.6763
vt 0.0000 0.0000
vt 0.4326 0.0000
vt 0.8652 0.0000
vt 1.2979 0.0000
vt 1.7305 0.0000
vt 2.1631 0.0000
vt 2.5957 0.0000
vt 3.0284 0.0000
vt 3.4610 0.0000
vt 3.8936 0.0000
vt 4.3262 0.0000
vt 0.0000 0.3531
vt 0.4326 0.3531
vt 0.8652 0.3531
vt 1.2979 0.3531
vt 1.7305 0.3531
vt 2.1631 0.3531
vt 2.5957 0.3531
vt 3.0284 0.3531
vt 3.4610 0.3531
vt 3.8936 0.3531
vt 4.3262 0.3531
vt 0.0000 0.6396
vt 0.4326 0.6396
vt 0.8652 0.6396
vt 1.2979 0.6396
vt 1.7305 0.6396
vt 2.1631 0.6396
vt 2.5957 0.6396
vt 3.0284 0.6396
vt 3.4610 0.6396
vt 3.8936 0.6396
vt 4.3262 0.6396
vt 0.0000 0.8381
vt 0.4326 0.8381
vt 0.8652 0.8381
vt 1.2979 0.8381
vt 1.7305 0.8381
vt 2.1631 0.8381
vt 2.5957 0.8381
vt 3.0284 0.8381
vt 3.4610 0.8381
vt 3.8936 0.8381
vt 4.3262 0.8381
vt 0.0000 1.0367
vt 0.4326 1.0367
vt 0.8652 1.0367
vt 1.2979 1.0367
vt 1.7305 1.0367
vt 2.1631 1.0367
vt 2.5957 1.0367
vt 3.0284 1.0367
vt 3.4610 1.0367
vt 3.8936 1.0367
vt 4.3262 1.0367
vt 0.0000 1.3231
vt 0.4326 1.3231
vt 0.8652 1.3231
vt 1.2979 1.3231
vt 1.7305 1.3231
vt 2.1631 1.3231
vt 2.5957 1.3231
vt 3.0284 1.3231
vt 3.4610 1.3231
vt 3.8936 1.3231
vt 4.3262 1.3231
vt 0.0000 1.6763
vt 0.4326 1.6763
vt 0.8652 1.6763
vt 1.2979 1.6763
vt 1.7305 1.6763
vt 2.1631 1.6763
vt 2.5957 1.6763
vt 3.0284 1.6763
vt 3.4610 1.6763
vt 3.8936 1.6763
vt 4.3262 1.6763
vt 0.0000 0.0000
vt 0.4326 0.0000
vt 0.8652 0.0000
vt 1.2979 0.0000
vt 1.7305 0.0000
vt 2.1631 0.0000
vt 2.5957 0.0000
vt 3.0284 0.0000
vt 3.4610 0.0000
vt 3.8936 0.0000
vt 4.3262 0.0000
vt 0.0000 0.3531
vt 0.4326 0.3531
vt 0.8652 0.3531
vt 1.2979 0.3531
vt 1.7305 0.3531
vt 2.1631 0.3531
vt 2.5957 0.3531
vt 3.0284 0.3531
vt 3.4610 0.3531
vt 3.8936 0.3531
vt 4.3262 0.3531
vt 0.0000 0.6396
vt 0.4326 0.6396
vt 0.8652 0.6396
vt 1.2979 0.6396
vt 1.7305 0.6396
vt 2.1631 0.6396
vt 2.5957 0.6396
vt 3.0284 0.6396
vt 3.4610 0.6396
vt 3.8936 0.6396
vt 4.3262 0.6396
vt 0.0000 0.8381
vt 0.4326 0.8381
vt 0.8652 0.8381
vt 1.2979 0.8381
vt 1.7305 0.8381
vt 2.1631 0.8381
vt 2.5957 0.8381
vt 3.0284 0.8381
vt 3.4610 0.8381
vt 3.8936 0.8381
vt 4.3262 0.8381
vt 0.0000 1.0367
vt 0.4326 1.0367
vt 0.8652 1.0367
vt 1.2979 1.0367
vt 1.7305 1.0367
vt 2.1631 1.0367
vt 2.5957 1.0367
vt 3.0284 1.0367
vt 3.4610 1.0367
vt 3.8936 1.0367
vt 4.3262 1.0367
vt 0.0000 1.3231
vt 0.4326 1.3231
vt 0.8652 1.3231
vt 1.2979 1.3231
vt 1.7305 1.3231
vt 2.1631 1.3231
vt 2.5957 1.3231
vt 3.0284 1.3231
vt 3.4610 1.3231
vt 3.8936 1.3231
vt 4.3262 1.3231
vt 0.0000 1.6763
vt 0.4326 1.6763
vt 0.8652 1.6763
vt 1.2979 1.6763
vt 1.7305 1.6763
vt 2.1631 1.6763
vt 2.5957 1.6763
vt 3.0284 1.6763
vt 3.4610 1.6763
vt 3.8936 1.6763
vt 4.3262 1.6763
vt 0.0000 0.0000
vt 0.4326 0.0000
vt 0.8652 0.0000
vt 1.2979 0.0000
vt 1.7305 0.0000
vt 2.1631 0.0000
vt 2.5957 0.0000
vt 3.0284 0.0000
vt 3.4610 0.0000
vt 3.8936 0.0000
vt 4.3262 0.0000
vt 0.0000 0.3531
vt 0.4326 0.3531
vt 0.8652 0.3531
vt 1.2979 0.3531
vt 1.7305 0.3531
vt 2.1631 0.3531
vt 2.5957 0.3531
vt 3.0284 0.3531
vt 3.4610 0.3531
vt 3.8936 0.3531
vt 4.3262 0.3531
vt 0.0000 0.6396
vt 0.4326 0.6396
vt 0.8652 0.6396
vt 1.2979 0.6396
vt 1.7305 0.6396
vt 2.1631 0.6396
vt 2.5957 0.6396
vt 3.0284 0.6396
vt 3.4610 0.6396
vt 3.8936 0.6396
vt 4.3262 0.6396
vt 0.0000 0.8381
vt 0.4326 0.8381
vt 0.8652 0.8381
vt 1.2979 0.8381
vt 1.7305 0.8381
vt 2.1631 0.8381
vt 2.5957 0.8381
vt 3.0284 0.8381
vt 3.4610 0.8381
vt 3.8936 0.8381
vt 4.3262 0.8381
vt 0.0000 1.0367
vt 0.4326 1.0367
vt 0.8652 1.0367
vt 1.2979 1.0367
vt 1.7305 1.0367
vt 2.1631 1.0367
vt 2.5957 1.0367
vt 3.0284 1.0367
vt 3.4610 1.0367
vt 3.8936 1.0367
vt 4.3262 1.0367
vt 0.0000 1.3231
vt 0.4326 1.3231
vt 0.8652 1.3231
vt 1.2979 1.3231
vt 1.7305 1.3231
vt 2.1631 1.3231
vt 2.5957 1.3231
vt 3.0284 1.3231
vt 3.4610 1.3231
vt 3.8936 1.3231
vt 4.3262 1.3231
vt 0.0000 1.6763
vt 0.4326 1.6763
vt 0.8652 1.6763
vt 1.2979 1.6763
vt 1.7305 1.6763
vt 2.1631 1.6763
vt 2.5957 1.6763
vt 3.0284 1.6763
vt 3.4610 1.6763
vt 3.8936 1.6763
vt 4.3262 1.6763
vt 0.0000 0.0000
vt 0.4326 0.0000
vt 0.8652 0.0000
vt 1.2979 0.0000
vt 1.7305 0.0000
vt 2.1631 0.0000
vt 2.5957 0.0000
vt 3.0284 0.0000
vt 3.4610 0.0000
vt 3.8936 0.0000
vt 4.3262 0.0000
vt 0.0000 0.3531
vt 0.4326 0.3531
vt 0.8652 0.3531
vt 1.2979 0.3531
vt 1.7305 0.3531
vt 2.1631 0.3531
vt 2.5957 0.3531
vt 3.0284 0.3531
vt 3.4610 0.3531
vt 3.8936 0.3531
vt 4.3262 0.3531
vt 0.0000 0.6396
vt 0.4326 0.6396
vt 0.8652 0.6396
vt 1.2979 0.6396
vt 1.7305 0.6396
vt 2.1631 0.6396
vt 2.5957 0.6396
vt 3.0284 0.6396
vt 3.4610 0.6396
vt 3.8936 0.6396
vt 4.3262 0.6396
vt 0.0000 0.8381
vt 0.4326 0.8381
vt 0.8652 0.8381
vt 1.2979 0.8381
vt 1.7305 0.8381
vt 2.1631 0.8381
vt 2.5957 0.8381
vt 3.0284 0.8381
vt 3.4610 0.8381
vt 3.8936 0.8381
vt 4.3262 0.8381
vt 0.0000 1.0367
vt 0.4326 1.0367
vt 0.8652 1.0367
vt 1.2979 1.0367
vt 1.7305 1.0367
vt 2.1631 1.0367
vt 2.5957 1.0367
vt 3.0284 1.0367
vt 3.4610 1.0367
vt 3.8936 1.0367
vt 4.3262 1.0367
vt 0.0000 1.3231
vt 0.4326 1.3231
vt 0.8652 1.3231
vt 1.2979 1.3231
vt 1.7305 1.3231
vt 2.1631 1.3231
vt 2.5957 1.3231
vt 3.0284 1.3231
vt 3.4610 1.3231
vt 3.8936 1.3231
vt 4.3262 1.3231
vt 0.0000 1.6763
vt 0.4326 1.6763
vt 0.8652 1.6763
vt 1.2979 1.6763
vt 1.7305 1.6763
vt 2.1631 1.6763
vt 2.5957 1.6763
vt 3.0284 1.6763
vt 3.4610 1.6763
vt 3.8936 1.6763
vt 4.3262 1.6763
vt 0.0000 0.0000
vt 0.4326 0.0000
vt 0.8652 0.0000
vt 1.2979 0.0000
vt 1.7305 0.0000
vt 2.1631 0.0000
vt 2.5957 0.0000
vt 3.0284 0.0000
vt 3.4610 0.0000
vt 3.8936 0.0000
vt 4.3262 0.0000
vt 0.0000 0.3531
vt 0.4326 0.3531
vt 0.8652 0.3531
vt 1.2979 0.3531
vt 1.7305 0.3531
vt 2.1631 0.3531
vt 2.5957 0.3531
vt 3.0284 0.3531
vt 3.4610 0.3531
vt 3.8936 0.3531
vt 4.3262 0.3531
vt 0.0000 0.6396
vt 0.4326 0.6396
vt 0.8652 0.6396
vt 1.2979 0.6396
vt 1.7305 0.6396
vt 2.1631 0.6396
vt 2.5957 0.6396
vt 3.0284 0.6396
vt 3.4610 0.6396
vt 3.8936 0.6396
vt 4.3262 0.6396
vt 0.0000 0.8381
vt 0.4326 0.8381
vt 0.8652 0.8381
vt 1.2979 0.8381
vt 1.7305 0.8381
vt 2.1631 0.8381
vt 2.5957 0.8381
vt 3.0284 0.8381
vt 3.4610 0.8381
vt 3.8936 0.8381
vt 4.3262 0.8381
vt 0.0000 1.0367
vt 0.4326 1.0367
vt 0.8652 1.0367
vt 1.2979 1.0367
vt 1.7305 1.0367
vt 2.1631 1.0367
vt 2.5957 1.0367
vt 3.0284 1.0367
vt 3.4610 1.0367
vt 3.8936 1.0367
vt 4.3262 1.0367
vt 0.0000 1.3231
vt 0.4326 1.3231
vt 0.8652 1.3231
vt 1.2979 1.3231
vt 1.7305 1.3231
vt 2.1631 1.3231
vt 2.5957 1.3231
vt 3.0284 1.3231
vt 3.4610 1.3231
vt 3.8936 1.3231
vt 4.3262 1.3231
vt 0.0000 1.6763
vt 0.4326 1.6763
vt 0.8652 1.6763
vt 1.2979 1.6763
vt 1.7305 1.6763
vt 2.1631 1.6763
vt 2.5957 1.6763
vt 3.0284 1.6763
vt 3.4610 1.6763
vt 3.8936 1.6763
vt 4.3262 1.6763
vt 0.0000 0.0000
vt 0.4326 0.0000
vt 0.8652 0.0000
vt 1.2979 0.0000
vt 1.7305 0.0000
vt 2.1631 0.0000
vt 2.5957 0.0000
vt 3.0284 0.0000
vt 3.4610 0.0000
vt 3.8936 0.0000
vt 4.3262 0.0000
vt 0.0000 0.3531
vt 0.4326 0.3531
vt 0.8652 0.3531
vt 1.2979 0.3531
vt 1.7305 0.3531
vt 2.1631 0.3531
vt 2.5957 0.3531
vt 3.0284 0.3531
vt 3.4610 0.3531
vt 3.8936 0.3531
vt 4.3262 0.3531
vt 0.0000 0.6396
vt 0.4326 0.6396
vt 0.8652 0.6396
vt 1.2979 0.6396
vt 1.7305 0.6396
vt 2.1631 0.6396
vt 2.5957 0.6396
vt 3.0284 0.6396
vt 3.4610 0.6396
vt 3.8936 0.6396
vt 4.3262 0.6396
vt 0.0000 0.8381
vt 0.4326 0.8381
vt 0.8652 0.8381
vt 1.2979 0.8381
vt 1.7305 0.8381
vt 2.1631 0.8381
vt 2.5957 0.8381
vt 3.0284 0.8381
vt 3.4610 0.8381
vt 3.8936 0.8381
vt 4.3262 0.8381
vt 0.0000 1.0367
vt 0.4326 1.0367
vt 0.8652 1.0367
vt 1.2979 1.0367
vt 1.7305 1.0367
vt 2.1631 1.0367
vt 2.5957 1.0367
vt 3.0284 1.0367
vt 3.4610 1.0367
vt 3.8936 1.0367
vt 4.3262 1.0367
vt 0.0000 1.3231
vt 0.4326 1.3231
vt 0.8652 1.3231
vt 1.2979 1.3231
vt 1.7305 1.3231
vt 2.1631 1.3231
vt 2.5957 1.3231
vt 3.0284 1.3231
vt 3.4610 1.3231
vt 3.8936 1.3231
vt 4.3262 1.3231
vt 0.0000 1.6763
vt 0.4326 1.6763
vt 0.8652 1.6763
vt 1.2979 1.6763
vt 1.7305 1.6763
vt 2.1631 1.6763
vt 2.5957 1.6763
vt 3.0284 1.6763
vt 3.4610 1.6763
vt 3.8936 1.6763
vt 4.3262 1.6763
vt 0.0000 0.0000
vt 0.4326 0.0000
vt 0.8652 0.0000
vt 1.2979 0.0000
vt 1.7305 0.0000
vt 2.1631 0.0000
vt 2.5957 0.0000
vt 3.0284 0.0000
vt 3.4610 0.0000
vt 3.8936 0.0000
vt 4.3262 0.0000
vt 0.0000 0.3531
vt 0.4326 0.3531
vt 0.8652 0.3531
vt 1.2979 0.3531
vt 1.7305 0.3531
vt 2.1631 0.3531
vt 2.5957 0.3531
vt 3.0284 0.3531
vt 3.4610 0.3531
vt 3.8936 0.3531
vt 4.3262 0.3531
vt 0.0000 0.6396
vt 0.4326 0.6396
vt 0.8652 0.6396
vt 1.2979 0.6396
vt 1.7305 0.6396
vt 2.1631 0.6396
vt 2.5957 0.6396
vt 3.0284 0.6396
vt 3.4610 0.6396
vt 3.8936 0.6396
vt 4.3262 0.6396
vt 0.0000 0.8381
vt 0.4326 0.8381
vt 0.8652 0.8381
vt 1.2979 0.8381
vt 1.7305 0.8381
vt 2.1631 0.8381
vt 2.5957 0.8381
vt 3.0284 0.8381
vt 3.4610 0.8381
vt 3.8936 0.8381
vt 4.3262 0.8381
vt 0.0000 1.0367
vt 0.4326 1.0367
vt 0.8652 1.0367
vt 1.2979 1.0367
vt 1.7305 1.0367
vt 2.1631 1.0367
vt 2.5957 1.0367
vt 3.0284 1.0367
vt 3.4610 1.0367
vt 3.8936 1.0367
vt 4.3262 1.0367
vt 0.0000 1.3231
vt 0.4326 1.3231
vt 0.8652 1.3231
vt 1.2979 1.3231
vt 1.7305 1.3231
vt 2.1631 1.3231
vt 2.5957 1.3231
vt 3.0284 1.3231
vt 3.4610 1.3231
vt 3.8936 1.3231
vt 4.3262 1.3231
vt 0.0000 1.6763
vt 0.4326 1.6763
vt 0.8652 1.6763
vt 1.2979 1.6763
vt 1.7305 1.6763
vt 2.1631 1.6763
vt 2.5957 1.6763
vt 3.0284 1.6763
vt 3.4610 1.6763
vt 3.8936 1.6763
vt 4.3262 1.6763
vt 0.0000 0.0000
vt 0.4326 0.0000
vt 0.8652 0.0000
vt 1.2979 0.0000
vt 1.7305 0.0000
vt 2.1631 0.0000
vt 2.5957 0.0000
vt 3.0284 0.0000
vt 3.4610 0.0000
vt 3.8936 0.0000
vt 4.3262 0.0000
vt 0.0000 0.3531
vt 0.4326 0.3531
vt 0.8652 0.3531
vt 1.2979 0.3531
vt 1.7305 0.3531
vt 2.1631 0.3531
vt 2.5957 0.3531
vt 3.0284 0.3531
vt 3.4610 0.3531
vt 3.8936 0.3531
vt 4.3262 0.3531
vt 0.0000 0.6396
vt 0.4326 0.6396
vt 0.8652 0.6396
vt 1.2979 0.6396
vt 1.7305 0.6396
vt 2.1631 0.6396
vt 2.5957 0.6396
vt 3.0284 0.6396
vt 3.4610 0.6396
vt 3.8936 0.6396
vt 4.3262 0.6396
vt 0.0000 0.8381
vt 0.4326 0.8381
vt 0.8652 0.8381
vt 1.2979 0.8381
vt 1.7305 0.8381
vt 2.1631 0.8381
vt 2.5957 0.8381
vt 3.0284 0.8381
vt 3.4610 0.8381
vt 3.8936 0.8381
vt 4.3262 0.8381
vt 0.0000 1.0367
vt 0.4326 1.0367
vt 0.8652 1.0367
vt 1.2979 1.0367
vt 1.7305 1.0367
vt 2.1631 1.0367
vt 2.5957 1.0367
vt 3.0284 1.0367
vt 3.4610 1.0367
vt 3.8936 1.0367
vt 4.3262 1.0367
vt 0.0000 1.3231
vt 0.4326 1.3231
vt 0.8652 1.3231
vt 1.2979 1.3231
vt 1.7305 1.3231
vt 2.1631 1.3231
vt 2.5957 1.3231
vt 3.0284 1.3231
vt 3.4610 1.3231
vt 3.8936 1.3231
vt 4.3262 1.3231
vt 0.0000 1.6763
vt 0.4326 1.6763
vt 0.8652 1.6763
vt 1.2979 1.6763
vt 1.7305 1.6763
vt 2.1631 1.6763
vt 2.5957 1.6763
vt 3.0284 1.6763
vt 3.4610 1.6763
vt 3.8936 1.6763
vt 4.3262 1.6763
vt 0.0000 0.0000
vt 0.4326 0.0000
vt 0.8652 0.0000
vt 1.2979 0.0000
vt 1.7305 0.0000
vt 2.1631 0.0000
vt 2.5957 0.0000
vt 3.0284 0.0000
vt 3.4610 0.0000
vt 3.8936 0.0000
vt 4.3262 0.0000
vt 0.0000 0.3531
vt 0.4326 0.3531
vt 0.8652 0.3531
vt 1.2979 0.3531
vt 1.7305 0.3531
vt 2.1631 0.3531
vt 2.5957 0.3531
vt 3.0284 0.3531
vt 3.4610 0.3531
vt 3.8936 0.3531
vt 4.3262 0.3531
vt 0.0000 0.6396
vt 0.4326 0.6396
vt 0.8652 0.6396
vt 1.2979 0.6396
vt 1.7305 0.6396
vt 2.1631 0.6396
vt 2.5957 0.6396
vt 3.0284 0.6396
vt 3.4610 0.6396
vt 3.8936 0.6396
vt 4.3262 0.6396
vt 0.0000 0.8381
vt 0.4326 0.8381
vt 0.8652 0.8381
vt 1.2979 0.8381
vt 1.7305 0.8381
vt 2.1631 0.8381
vt 2.5957 0.8381
vt 3.0284 0.8381
vt 3.4610 0.8381
vt 3.8936 0.8381
vt 4.3262 0.8381
vt 0.0000 1.0367
vt 0.4326 1.0367
vt 0.8652 1.0367
vt 1.2979 1.0367
vt 1.7305 1.0367
vt 2.1631 1.0367
vt 2.5957 1.0367
vt 3.0284 1.0367
vt 3.4610 1.0367
vt 3.8936 1.0367
vt 4.3262 1.0367
vt 0.0000 1.3231
vt 0.4326 1.3231
vt 0.8652 1.3231
vt 1.2979 1.3231
vt 1.7305 1.3231
vt 2.1631 1.3231
vt 2.5957 1.3231
vt 3.0284 1.3231
vt 3.4610 1.3231
vt 3.8936 1.3231
vt 4.3262 1.3231
vt 0.0000 1.6763
vt 0.4326 1.6763
vt 0.8652 1.6763
vt 1.2979 1.6763
vt 1.7305 1.6763
vt 2.1631 1.6763
vt 2.5957 1.6763
vt 3.0284 1.6763
vt 3.4610 1.6763
vt 3.8936 1.6763
vt 4.3262 1.6763
vt 0.0000 0.0000
vt 0.4326 0.0000
vt 0.8652 0.0000
vt 1.2979 0.0000
vt 1.7305 0.0000
vt 2.1631 0.0000
vt 2.5957 0.0000
vt 3.0284 0.0000
vt 3.4610 0.0000
vt 3.8936 0.0000
vt 4.3262 0.0000
vt 0.0000 0.3531
vt 0.4326 0.3531
vt 0.8652 0.3531
vt 1.2979 0.3531
vt 1.7305 0.3531
vt 2.1631 0.3531
vt 2.5957 0.3531
vt 3.0284 0.3531
vt 3.4610 0.3531
vt 3.8936 0.3531
vt 4.3262 0.3531
vt 0.0000 0.6396
vt 0.4326 0.6396
vt 0.8652 0.6396
vt 1.2979 0.6396
vt 1.7305 0.6396
vt 2.1631 0.6396
vt 2.5957 0.6396
vt 3.0284 0.6396
vt 3.4610 0.6396
vt 3.8936 0.6396
vt 4.3262 0.6396
vt 0.0000 0.8381
vt 0.4326 0.8381
vt 0.8652 0.8381
vt 1.2979 0.8381
vt 1.7305 0.8381
vt 2.1631 0.8381
vt 2.5957 0.8381
vt 3.0284 0.8381
vt 3.4610 0.8381
vt 3.8936 0.8381
vt 4.3262 0.8381
vt 0.0000 1.0367
vt 0.4326 1.0367
vt 0.8652 1.0367
vt 1.2979 1.0367
vt 1.7305 1.0367
vt 2.1631 1.0367
vt 2.5957 1.0367
vt 3.0284 1.0367
vt 3.4610 1.0367
vt 3.8936 1.0367
vt 4.3262 1.0367
vt 0.0000 1.3231
vt 0.4326 1.3231
vt 0.8652 1.3231
vt 1.2979 1.3231
vt 1.7305 1.3231
vt 2.1631 1.3231
vt 2.5957 1.3231
vt 3.0284 1.3231
vt 3.4610 1.3231
vt 3.8936 1.3231
vt 4.3262 1.3231
vt 0.0000 1.6763
vt 0.4326 1.6763
vt 0.8652 1.6763
vt 1.2979 1.6763
vt 1.7305 1.6763
vt 2.1631 1.6763
vt 2.5957 1.6763
vt 3.0284 1.6763
vt 3.4610 1.6763
vt 3.8936 1.6763
vt 4.3262 1.6763
vt 0.0000 0.0000
vt 0.4326 0.0000
vt 0.8652 0.0000
vt 1.2979 0.0000
vt 1.7305 0.0000
vt 2.1631 0.0000
vt 2.5957 0.0000
vt 3.0284 0.0000
vt 3.4610 0.0000
vt 3.8936 0.0000
vt 4.3262 0.0000
vt 0.0000 0.3531
vt 0.4326 0.3531
vt 0.8652 0.3531
vt 1.2979 0.3531
vt 1.7305 0.3531
vt 2.1631 0.3531
vt 2.5957 0.3531
vt 3.0284 0.3531
vt 3.4610 0.3531
vt 3.8936 0.3531
vt 4.3262 0.3531
vt 0.0000 0.6396
vt 0.4326 0.6396
vt 0.8652 0.6396
vt 1.2979 0.6396
vt 1.7305 0.6396
vt 2.1631 0.6396
vt 2.5957 0.6396
vt 3.0284 0.6396
vt 3.4610 0.6396
vt 3.8936 0.6396
vt 4.3262 0.6396
vt 0.0000 0.8381
vt 0.4326 0.8381
vt 0.8652 0.8381
vt 1.2979 0.8381
vt 1.7305 0.8381
vt 2.1631 0.8381
vt 2.5957 0.8381
vt 3.0284 0.8381
vt 3.4610 0.8381
vt 3.8936 0.8381
vt 4.3262 0.8381
vt 0.0000 1.0367
vt 0.4326 1.0367
vt 0.8652 1.0367
vt 1.2979 1.0367
vt 1.7305 1.0367
vt 2.1631 1.0367
vt 2.5957 1.0367
vt 3.0284 1.0367
vt 3.4610 1.0367
vt 3.8936 1.0367
vt 4.3262 1.0367
vt 0.0000 1.3231
vt 0.4326 1.3231
vt 0.8652 1.3231
vt 1.2979 1.3231
vt 1.7305 1.3231
vt 2.1631 1.3231
vt 2.5957 1.3231
vt 3.0284 1.3231
vt 3.4610 1.3231
vt 3.8936 1.3231
vt 4.3262 1.3231
vt 0.0000 1.6763
vt 0.4326 1.6763
vt 0.8652 1.6763
vt 1.2979 1.6763
vt 1.7305 1.6763
vt 2.1631 1.6763
vt 2.5957 1.6763
vt 3.0284 1.6763
vt 3.4610 1.6763
vt 3.8936 1.6763
vt 4.3262 1.6763
vt 0.0000 0.0000
vt 0.4326 0.0000
vt 0.8652 0.0000
vt 1.2979 0.0000
vt 1.7305 0.0000
vt 2.1631 0.0000
vt 2.5957 0.0000
vt 3.0284 0.0000
vt 3.4610 0.0000
vt 3.8936 0.0000
vt 4.3262 0.0000
vt 0.0000 0.3531
vt 0.4326 0.3531
vt 0.8652 0.3531
vt 1.2979 0.3531
vt 1.7305 0.3531
vt 2.1631 0.3531
vt 2.5957 0.3531
vt 3.0284 0.3531
vt 3.4610 0.3531
vt 3.8936 0.3531
vt 4.3262 0.3531
vt 0.0000 0.6396
vt 0.4326 0.6396
vt 0.8652 0.6396
vt 1.2979 0.6396
vt 1.7305 0.6396
vt 2.1631 0.6396
vt 2.5957 0.6396
vt 3.0284 0.6396
vt 3.4610 0.6396
vt 3.8936 0.6396
vt 4.3262 0.6396
vt 0.0000 0.8381
vt 0.4326 0.8381
vt 0.8652 0.8381
vt 1.2979 0.8381
vt 1.7305 0.8381
vt 2.1631 0.8381
vt 2.5957 0.8381
vt 3.0284 0.8381
vt 3.4610 0.8381
vt 3.8936 0.8381
vt 4.3262 0.8381
vt 0.0000 1.0367
vt 0.4326 1.0367
vt 0.8652 1.0367
vt 1.2979 1.0367
vt 1.7305 1.0367
vt 2.1631 1.0367
vt 2.5957 1.0367
vt 3.0284 1.0367
vt 3.4610 1.0367
vt 3.8936 1.0367
vt 4.3262 1.0367
vt 0.0000 1.3231
vt 0.4326 1.3231
vt 0.8652 1.3231
vt 1.2979 1.3231
vt 1.7305 1.3231
vt 2.1631 1.3231
vt 2.5957 1.3231
vt 3.0284 1.3231
vt 3.4610 1.3231
vt 3.8936 1.3231
vt 4.3262 1.3231
vt 0.0000 1.6763
vt 0.4326 1.6763
vt 0.8652 1.6763
vt 1.2979 1.6763
vt 1.7305 1.6763
vt 2.1631 1.6763
vt 2.5957 1.6763
vt 3.0284 1.6763
vt 3.4610 1.6763
vt 3.8936 1.6763
vt 4.3262 1.6763
vt 0.0000 0.0000
vt 0.4326 0.0000
vt 0.8652 0.0000
vt 1.2979 0.0000
vt 1.7305 0.0000
vt 2.1631 0.0000
vt 2.5957 0.0000
vt 3.0284 0.0000
vt 3.4610 0.0000
vt 3.8936 0.0000
vt 4.3262 0.0000
vt 0.0000 0.3531
vt 0.4326 0.3531
vt 0.8652 0.3531
vt 1.2979 0.3531
vt 1.7305 0.3531
vt 2.1631 0.3531
vt 2.5957 0.3531
vt 3.0284 0.3531
vt 3.4610 0.3531
vt 3.8936 0.3531
vt 4.3262 0.3531
vt 0.0000 0.6396
vt 0.4326 0.6396
vt 0.8652 0.6396
vt 1.2979 0.6396
vt 1.7305 0.6396
vt 2.1631 0.6396
vt 2.5957 0.6396
vt 3.0284 0.6396
vt 3.4610 0.6396
vt 3.8936 0.6396
vt 4.3262 0.6396
vt 0.0000 0.8381
vt 0.4326 0.8381
vt 0.8652 0.8381
vt 1.2979 0.8381
vt 1.7305 0.8381
vt 2.1631 0.8381
vt 2.5957 0.8381
vt 3.0284 0.8381
vt 3.4610 0.8381
vt 3.8936 0.8381
vt 4.3262 0.8381
vt 0.0000 1.0367
vt 0.4326 1.0367
vt 0.8652 1.0367
vt 1.2979 1.0367
vt 1.7305 1.0367
vt 2.1631 1.0367
vt 2.5957 1.0367
vt 3.0284 1.0367
vt 3.4610 1.0367
vt 3.8936 1.0367
vt 4.3262 1.0367
vt 0.0000 1.3231
vt 0.4326 1.3231
vt 0.8652 1.3231
vt 1.2979 1.3231
vt 1.7305 1.3231
vt 2.1631 1.3231
vt 2.5957 1.3231
vt 3.0284 1.3231
vt 3.4610 1.3231
vt 3.8936 1.3231
vt 4.3262 1.3231
vt 0.0000 1.6763
vt 0.4326 1.6763
vt 0.8652 1.6763
vt 1.2979 1.6763
vt 1.7305 1.6763
vt 2.1631 1.6763
vt 2.5957 1.6763
vt 3.0284 1.6763
vt 3.4610 1.6763
vt 3.8936 1.6763
vt 4.3262 1.6763
vt 0.0000 0.0000
vt 0.4326 0.0000
vt 0.8652 0.0000
vt 1.2979 0.0000
vt 1.7305 0.0000
vt 2.1631 0.0000
vt 2.5957 0.0000
vt 3.0284 0.0000
vt 3.4610 0.0000
vt 3.8936 0.0000
vt 4.3262 0.0000
vt 0.0000 0.3531
vt 0.4326 0.3531
vt 0.8652 0.3531
vt 1.2979 0.3531
vt 1.7305 0.3531
vt 2.1631 0.3531
vt 2.5957 0.3531
vt 3.0284 0.3531
vt 3.4610 0.3531
vt 3.8936 0.3531
vt 4.3262 0.3531
vt 0.0000 0.6396
vt 0.4326 0.6396
vt 0.8652 0.6396
vt 1.2979 0.6396
vt 1.7305 0.6396
vt 2.1631 0.6396
vt 2.5957 0.6396
vt 3.0284 0.6396
vt 3.4610 0.6396
vt 3.8936 0.6396
vt 4.3262 0.6396
vt 0.0000 0.8381
vt 0.4326 0.8381
vt 0.8652 0.8381
vt 1.2979 0.8381
vt 1.7305 0.8381
vt 2.1631 0.8381
vt 2.5957 0.8381
vt 3.0284 0.8381
vt 3.4610 0.8381
vt 3.8936 0.8381
vt 4.3262 0.8381
vt 0.0000 1.0367
vt 0.4326 1.0367
vt 0.8652 1.0367
vt 1.2979 1.0367
vt 1.7305 1.0367
vt 2.1631 1.0367
vt 2.5957 1.0367
vt 3.0284 1.0367
vt 3.4610 1.0367
vt 3.8936 1.0367
vt 4.3262 1.0367
vt 0.0000 1.3231
vt 0.4326 1.3231
vt 0.8652 1.3231
vt 1.2979 1.3231
vt 1.7305 1.3231
vt 2.1631 1.3231
vt 2.5957 1.3231
vt 3.0284 1.3231
vt 3.4610 1.3231
vt 3.8936 1.3231
vt 4.3262 1.3231
vt 0.0000 1.6763
vt 0.4326 1.6763
vt 0.8652 1.6763
vt 1.2979 1.6763
vt 1.7305 1.6763
vt 2.1631 1.6763
vt 2.5957 1.6763
vt 3.0284 1.6763
vt 3.4610 1.6763
vt 3.8936 1.6763
vt 4.3262 1.6763
vt 0.0000 0.0000
vt 0.4326 0.0000
vt 0.8652 0.0000
vt 1.2979 0.0000
vt 1.7305 0.0000
vt 2.1631 0.0000
vt 2.5957 0.0000
vt 3.0284 0.0000
vt 3.4610 0.0000
vt 3.8936 0.0000
vt 4.3262 0.0000
vt 0.0000 0.3531
vt 0.4326 0.3531
vt 0.8652 0.3531
vt 1.2979 0.3531
vt 1.7305 0.3531
vt 2.1631 0.3531
vt 2.5957 0.3531
vt 3.0284 0.3531
vt 3.4610 0.3531
vt 3.8936 0.3531
vt 4.3262 0.3531
vt 0.0000 0.6396
vt 0.4326 0.6396
vt 0.8652 0.6396
vt 1.2979 0.6396
vt 1.7305 0.6396
vt 2.1631 0.6396
vt 2.5957 0.6396
vt 3.0284 0.6396
vt 3.4610 0.6396
vt 3.8936 0.6396
vt 4.3262 0.6396
vt 0.0000 0.8381
vt 0.4326 0.8381
vt 0.8652 0.8381
vt 1.2979 0.8381
vt 1.7305 0.8381
vt 2.1631 0.8381
vt 2.5957 0.8381
vt 3.0284 0.8381
vt 3.4610 0.8381
vt 3.8936 0.8381
vt 4.3262 0.8381
vt 0.0000 1.0367
vt 0.4326 1.0367
vt 0.8652 1.0367
vt 1.2979 1.0367
vt 1.7305 1.0367
vt 2.1631 1.0367
vt 2.5957 1.0367
vt 3.0284 1.0367
vt 3.4610 1.0367
vt 3.8936 1.0367
vt 4.3262 1.0367
vt 0.0000 1.3231
vt 0.4326 1.3231
vt 0.8652 1.3231
vt 1.2979 1.3231
vt 1.7305 1.3231
vt 2.1631 1.3231
vt 2.5957 1.3231
vt 3.0284 1.3231
vt 3.4610 1.3231
vt 3.8936 1.3231
vt 4.3262 1.3231
vt 0.0000 1.6763
vt 0.4326 1.6763
vt 0.8652 1.6763
vt 1.2979 1.6763
vt 1.7305 1.6763
vt 2.1631 1.6763
vt 2.5957 1.6763
vt 3.0284 1.6763
vt 3.4610 1.6763
vt 3.8936 1.6763
vt 4.3262 1.6763
vt 0.0000 0.0000
vt 0.4326 0.0000
vt 0.8652 0.0000
vt 1.2979 0.0000
vt 1.7305 0.0000
vt 2.1631 0.0000
vt 2.5957 0.0000
vt 3.0284 0.0000
vt 3.4610 0.0000
vt 3.8936 0.0000
vt 4.3262 0.0000
vt 0.0000 0.3531
vt 0.4326 0.3531
vt 0.8652 0.3531
vt 1.2979 0.3531
vt 1.7305 0.3531
vt 2.1631 0.3531
vt 2.5957 0.3531
vt 3.0284 0.3531
vt 3.4610 0.3531
vt 3.8936 0.3531
vt 4.3262 0.3531
vt 0.0000 0.6396
vt 0.4326 0.6396
vt 0.8652 0.6396
vt 1.2979 0.6396
vt 1.7305 0.6396
vt 2.1631 0.6396
vt 2.5957 0.6396
vt 3.0284 0.6396
vt 3.4610 0.6396
vt 3.8936 0.6396
vt 4.3262 0.6396
vt 0.0000 0.8381
vt 0.4326 0.8381
vt 0.8652 0.8381
vt 1.2979 0.8381
vt 1.7305 0.8381
vt 2.1631 0.8381
vt 2.5957 0.8381
vt 3.0284 0.8381
vt 3.4610 0.8381
vt 3.8936 0.8381
vt 4.3262 0.8381
vt 0.0000 1.0367
vt 0.4326 1.0367
vt 0.8652 1.0367
vt 1.2979 1.0367
vt 1.7305 1.0367
vt 2.1631 1.0367
vt 2.5957 1.0367
vt 3.0284 1.0367
vt 3.4610 1.0367
vt 3.8936 1.0367
vt 4.3262 1.0367
vt 0.0000 1.3231
vt 0.4326 1.3231
vt 0.8652 1.3231
vt 1.2979 1.3231
vt 1.7305 1.3231
vt 2.1631 1.3231
vt 2.5957 1.3231
vt 3.0284 1.3231
vt 3.4610 1.3231
vt 3.8936 1.3231
vt 4.3262 1.3231
vt 0.0000 1.6763
vt 0.4326 1.6763
vt 0.8652 1.6763
vt 1.2979 1.6763
vt 1.7305 1.6763
vt 2.1631 1.6763
vt 2.5957 1.6763
vt 3.0284 1.6763
vt 3.4610 1.6763
vt 3.8936 1.6763
vt 4.3262 1.6763
vt 0.0000 0.0000
vt 0.4326 0.0000
vt 0.8652 0.0000
vt 1.2979 0.0000
vt 1.7305 0.0000
vt 2.1631 0.0000
vt 2.5957 0.0000
vt 3.0284 0.0000
vt 3.4610 0.0000
vt 3.8936 0.0000
vt 4.3262 0.0000
vt 0.0000 0.3531
vt 0.4326 0.3531
vt 0.8652 0.3531
vt 1.2979 0.3531
vt 1.7305 0.3531
vt 2.1631 0.3531
vt 2.5957 0.3531
vt 3.0284 0.3531
vt 3.4610 0.3531
vt 3.8936 0.3531
vt 4.3262 0.3531
vt 0.0000 0.6396
vt 0.4326 0.6396
vt 0.8652 0.6396
vt 1.2979 0.6396
vt 1.7305 0.6396
vt 2.1631 0.6396
vt 2.5957 0.6396
vt 3.0284 0.6396
vt 3.4610 0.6396
vt 3.8936 0.6396
vt 4.3262 0.6396
vt 0.0000 0.8381
vt 0.4326 0.8381
vt 0.8652 0.8381
vt 1.2979 0.8381
vt 1.7305 0.8381
vt 2.1631 0.8381
vt 2.5957 0.8381
vt 3.0284 0.8381
vt 3.4610 0.8381
vt 3.8936 0.8381
vt 4.3262 0.8381
vt 0.0000 1.0367
vt 0.4326 1.0367
vt 0.8652 1.0367
vt 1.2979 1.0367
vt 1.7305 1.0367
vt 2.1631 1.0367
vt 2.5957 1.0367
vt 3.0284 1.0367
vt 3.4610 1.0367
vt 3.8936 1.0367
vt 4.3262 1.0367
vt 0.0000 1.3231
vt 0.4326 1.3231
vt 0.8652 1.3231
vt 1.2979 1.3231
vt 1.7305 1.3231
vt 2.1631 1.3231
vt 2.5957 1.3231
vt 3.0284 1.3231
vt 3.4610 1.3231
vt 3.8936 1.3231
vt 4.3262 1.3231
vt 0.0000 1.6763
vt 0.4326 1.6763
vt 0.8652 1.6763
vt 1.2979 1.6763
vt 1.7305 1.6763
vt 2.1631 1.6763
vt 2.5957 1.6763
vt 3.0284 1.6763
vt 3.4610 1.6763
vt 3.8936 1.6763
vt 4.3262 1.6763
vt 0.0000 0.0000
vt 0.4326 0.0000
vt 0.8652 0.0000
vt 1.2979 0.0000
vt 1.7305 0.0000
vt 2.1631 0.0000
vt 2.5957 0.0000
vt 3.0284 0.0000
vt 3.4610 0.0000
vt 3.8936 0.0000
vt 4.3262 0.0000
vt 0.0000 0.3531
vt 0.4326 0.3531
vt 0.8652 0.3531
vt 1.2979 0.3531
vt 1.7305 0.3531
vt 2.1631 0.3531
vt 2.5957 0.3531
vt 3.0284 0.3531
vt 3.4610 0.3531
vt 3.8936 0.3531
vt 4.3262 0.3531
vt 0.0000 0.6396
vt 0.4326 0.6396
vt 0.8652 0.6396
vt 1.2979 0.6396
vt 1.7305 0.6396
vt 2.1631 0.6396
vt 2.5957 0.6396
vt 3.0284 0.6396
vt 3.4610 0.6396
vt 3.8936 0.6396
vt 4.3262 0.6396
vt 0.0000 0.8381
vt 0.4326 0.8381
vt 0.8652 0.8381
vt 1.2979 0.8381
vt 1.7305 0.8381
vt 2.1631 0.8381
vt 2.5957 0.8381
vt 3.0284 0.8381
vt 3.4610 0.8381
vt 3.8936 0.8381
vt 4.3262 0.8381
vt 0.0000 1.0367
vt 0.4326 1.0367
vt 0.8652 1.0367
vt 1.2979 1.0367
vt 1.7305 1.0367
vt 2.1631 1.0367
vt 2.5957 1.0367
vt 3.0284 1.0367
vt 3.4610 1.0367
vt 3.8936 1.0367
vt 4.3262 1.0367
vt 0.0000 1.3231
vt 0.4326 1.3231
vt 0.8652 1.3231
vt 1.2979 1.3231
vt 1.7305 1.3231
vt 2.1631 1.3231
vt 2.5957 1.3231
vt 3.0284 1.3231
vt 3.4610 1.3231
vt 3.8936 1.3231
vt 4.3262 1.3231
vt 0.0000 1.6763
vt 0.4326 1.6763
vt 0.8652 1.6763
vt 1.2979 1.6763
vt 1.7305 1.6763
vt 2.1631 1.6763
vt 2.5957 1.6763
vt 3.0284 1.6763
vt 3.4610 1.6763
vt 3.8936 1.6763
vt 4.3262 1.6763
vt 0.0000 0.0000
vt 0.4326 0.0000
vt 0.8652 0.0000
vt 1.2979 0.0000
vt 1.7305 0.0000
vt 2.1631 0.0000
vt 2.5957 0.0000
vt 3.0284 0.0000
vt 3.4610 0.0000
vt 3.8936 0.0000
vt 4.3262 0.0000
vt 0.0000 0.3531
vt 0.4326 0.3531
vt 0.8652 0.3531
vt 1.2979 0.3531
vt 1.7305 0.3531
vt 2.1631 0.3531
vt 2.5957 0.3531
vt 3.0284 0.3531
vt 3.4610 0.3531
vt 3.8936 0.3531
vt 4.3262 0.3531
vt 0.0000 0.6396
vt 0.4326 0.6396
vt 0.8652 0.6396
vt 1.2979 0.6396
vt 1.7305 0.6396
vt 2.1631 0.6396
vt 2.5957 0.6396
vt 3.0284 0.6396
vt 3.4610 0.6396
vt 3.8936 0.6396
vt 4.3262 0.6396
vt 0.0000 0.8381
vt 0.4326 0.8381
vt 0.8652 0.8381
vt 1.2979 0.8381
vt 1.7305 0.8381
vt 2.1631 0.8381
vt 2.5957 0.8381
vt 3.0284 0.8381
vt 3.4610 0.8381
vt 3.8936 0.8381
vt 4.3262 0.8381
vt 0.0000 1.0367
vt 0.4326 1.0367
vt 0.8652 1.0367
vt 1.2979 1.0367
vt 1.7305 1.0367
vt 2.1631 1.0367
vt 2.5957 1.0367
vt 3.0284 1.0367
vt 3.4610 1.0367
vt 3.8936 1.0367
vt 4.3262 1.0367
vt 0.0000 1.3231
vt 0.4326 1.3231
vt 0.8652 1.3231
vt 1.2979 1.3231
vt 1.7305 1.3231
vt 2.1631 1.3231
vt 2.5957 1.3231
vt 3.0284 1.3231
vt 3.4610 1.3231
vt 3.8936 1.3231
vt 4.3262 1.3231
vt 0.0000 1.6763
vt 0.4326 1.6763
vt 0.8652 1.6763
vt 1.2979 1.6763
vt 1.7305 1.6763
vt 2.1631 1.6763
vt 2.5957 1.6763
vt 3.0284 1.6763
vt 3.4610 1.6763
vt 3.8936 1.6763
vt 4.3262 1.6763
vt 0.0000 0.0000
vt 0.4326 0.0000
vt 0.8652 0.0000
vt 1.2979 0.0000
vt 1.7305 0.0000
vt 2.1631 0.0000
vt 2.5957 0.0000
vt 3.0284 0.0000
vt 3.4610 0.0000
vt 3.8936 0.0000
vt 4.3262 0.0000
vt 0.0000 0.3531
vt 0.4326 0.3531
vt 0.8652 0.3531
vt 1.2979 0.3531
vt 1.7305 0.3531
vt 2.1631 0.3531
vt 2.5957 0.3531
vt 3.0284 0.3531
vt 3.4610 0.3531
vt 3.8936 0.3531
vt 4.3262 0.3531
vt 0.0000 0.6396
vt 0.4326 0.6396
vt 0.8652 0.6396
vt 1.2979 0.6396
vt 1.7305 0.6396
vt 2.1631 0.6396
vt 2.5957 0.6396
vt 3.0284 0.6396
vt 3.4610 0.6396
vt 3.8936 0.6396
vt 4.3262 0.6396
vt 0.0000 0.8381
vt 0.4326 0.8381
vt 0.8652 0.8381
vt 1.2979 0.8381
vt 1.7305 0.8381
vt 2.1631 0.8381
vt 2.5957 0.8381
vt 3.0284 0.8381
vt 3.4610 0.8381
vt 3.8936 0.8381
vt 4.3262 0.8381
vt 0.0000 1.0367
vt 0.4326 1.0367
vt 0.8652 1.0367
vt 1.2979 1.0367
vt 1.7305 1.0367
vt 2.1631 1.0367
vt 2.5957 1.0367
vt 3.0284 1.0367
vt 3.4610 1.0367
vt 3.8936 1.0367
vt 4.3262 1.0367
vt 0.0000 1.3231
vt 0.4326 1.3231
vt 0.8652 1.3231
vt 1.2979 1.3231
vt 1.7305 1.3231
vt 2.1631 1.3231
vt 2.5957 1.3231
vt 3.0284 1.3231
vt 3.4610 1.3231
vt 3.8936 1.3231
vt 4.3262 1.3231
vt 0.0000 1.6763
vt 0.4326 1.6763
vt 0.8652 1.6763
vt 1.2979 1.6763
vt 1.7305 1.6763
vt 2.1631 1.6763
vt 2.5957 1.6763
vt 3.0284 1.6763
vt 3.4610 1.6763
vt 3.8936 1.6763
vt 4.3262 1.6763
vn -0.000 -0.961 0.277
vn 0.163 -0.961 0.224
vn 0.264 -0.961 0.086
vn 0.264 -0.961 -0.086
vn 0.163 -0.961 -0.224
vn 0.000 -0.961 -0.277
vn -0.163 -0.961 -0.224
vn -0.264 -0.961 -0.086
vn -0.264 -0.961 0.086
vn -0.163 -0.961 0.224
vn -0.000 -0.961 0.277
vn -0.000 -0.961 0.277
vn 0.163 -0.961 0.224
vn 0.264 -0.961 0.086
vn 0.264 -0.961 -0.086
vn 0.163 -0.961 -0.224
vn 0.000 -0.961 -0.277
vn -0.163 -0.961 -0.224
vn -0.264 -0.961 -0.086
vn -0.264 -0.961 0.086
vn -0.163 -0.961 0.224
vn -0.000 -0.961 0.277
vn -0.000 -0.756 0.655
vn 0.385 -0.756 0.530
vn 0.623 -0.756 0.202
vn 0.623 -0.756 -0.202
vn 0.385 -0.756 -0.530
vn 0.000 -0.756 -0.655
vn -0.385 -0.756 -0.530
vn -0.623 -0.756 -0.202
vn -0.623 -0.756 0.202
vn -0.385 -0.756 0.530
vn -0.000 -0.756 0.655
vn 0.000 -0.000 1.000
vn 0.588 -0.000 0.809
vn 0.951 -0.000 0.309
vn 0.951 -0.000 -0.309
vn 0.588 -0.000 -0.809
vn 0.000 -0.000 -1.000
vn -0.588 -0.000 -0.809
vn -0.951 -0.000 -0.309
vn -0.951 -0.000 0.309
vn -0.588 -0.000 0.809
vn 0.000 -0.000 1.000
vn -0.000 0.756 0.655
vn 0.385 0.756 0.530
vn 0.623 0.756 0.202
vn 0.623 0.756 -0.202
vn 0.385 0.756 -0.530
vn 0.000 0.756 -0.655
vn -0.385 0.756 -0.530
vn -0.623 0.756 -0.202
vn -0.623 0.756 0.202
vn -0.385 0.756 0.530
vn -0.000 0.756 0.655
vn -0.000 0.961 0.277
vn 0.163 0.961 0.224
vn 0.264 0.961 0.086
vn 0.264 0.961 -0.086
vn 0.163 0.961 -0.224
vn 0.000 0.961 -0.277
vn -0.163 0.961 -0.224
vn -0.264 0.961 -0.086
vn -0.264 0.961 0.086
vn -0.163 0.961 0.224
vn -0.000 0.961 0.277
vn -0.000 0.961 0.277
vn 0.163 0.961 0.224
vn 0.264 0.961 0.086
vn 0.264 0.961 -0.086
vn 0.163 0.961 -0.224
vn 0.000 0.961 -0.277
vn -0.163 0.961 -0.224
vn -0.264 0.961 -0.086
vn -0.264 0.961 0.086
vn -0.163 0.961 0.224
vn -0.000 0.961 0.277
vn -0.000 -0.961 0.277
vn 0.163 -0.961 0.224
vn 0.264 -0.961 0.086
vn 0.264 -0.961 -0.086
vn 0.163 -0.961 -0.224
vn 0.000 -0.961 -0.277
vn -0.163 -0.961 -0.224
vn -0.264 -0.961 -0.086
vn -0.264 -0.961 0.086
vn -0.163 -0.961 0.224
vn -0.000 -0.961 0.277
vn -0.000 -0.961 0.277
vn 0.163 -0.961 0.224
vn 0.264 -0.961 0.086
vn 0.264 -0.961 -0.086
vn 0.163 -0.961 -0.224
vn 0.000 -0.961 -0.277
vn -0.163 -0.961 -0.224
vn -0.264 -0.961 -0.086
vn -0.264 -0.961 0.086
vn -0.163 -0.961 0.224
vn -0.000 -0.961 0.277
vn -0.000 -0.756 0.655
vn 0.385 -0.756 0.530
vn 0.623 -0.756 0.202
vn 0.623 -0.756 -0.202
vn 0.385 -0.756 -0.530
vn 0.000 -0.756 -0.655
vn -0.385 -0.756 -0.530
vn -0.623 -0.756 -0.202
vn -0.623 -0.756 0.202
vn -0.385 -0.756 0.530
vn -0.000 -0.756 0.655
vn 0.000 -0.000 1.000
vn 0.588 -0.000 0.809
vn 0.951 -0.000 0.309
vn 0.951 -0.000 -0.309
vn 0.588 -0.000 -0.809
vn 0.000 -0.000 -1.000
vn -0.588 -0.000 -0.809
vn -0.951 -0.000 -0.309
vn -0.951 -0.000 0.309
vn -0.588 -0.000 0.809
vn 0.000 -0.000 1.000
vn -0.000 0.756 0.655
vn 0.385 0.756 0.530
vn 0.623 0.756 0.202
vn 0.623 0.756 -0.202
vn 0.385 0.756 -0.530
vn 0.000 0.756 -0.655
vn -0.385 0.756 -0.530
vn -0.623 0.756 -0.202
vn -0.623 0.756 0.202
vn -0.385 0.756 0.530
vn -0.000 0.756 0.655
vn -0.000 0.961 0.277
vn 0.163 0.961 0.224
vn 0.264 0.961 0.086
vn 0.264 0.961 -0.086
vn 0.163 0.961 -0.224
vn 0.000 0.961 -0.277
vn -0.163 0.961 -0.224
vn -0.264 0.961 -0.086
vn -0.264 0.961 0.086
vn -0.163 0.961 0.224
vn -0.000 0.961 0.277
vn -0.000 0.961 0.277
vn 0.163 0.961 0.224
vn 0.264 0.961 0.086
vn 0.264 0.961 -0.086
vn 0.163 0.961 -0.224
vn 0.000 0.961 -0.277
vn -0.163 0.961 -0.224
vn -0.264 0.961 -0.086
vn -0.264 0.961 0.086
vn -0.163 0.961 0.224
vn -0.000 0.961 0.277
vn -0.000 -0.961 0.277
vn 0.163 -0.961 0.224
vn 0.264 -0.961 0.086
vn 0.264 -0.961 -0.086
vn 0.163 -0.961 -0.224
vn 0.000 -0.961 -0.277
vn -0.163 -0.961 -0.224
vn -0.264 -0.961 -0.086
vn -0.264 -0.961 0.086
vn -0.163 -0.961 0.224
vn -0.000 -0.961 0.277
vn -0.000 -0.961 0.277
vn 0.163 -0.961 0.224
vn 0.264 -0.961 0.086
vn 0.264 -0.961 -0.086
vn 0.163 -0.961 -0.224
vn 0.000 -0.961 -0.277
vn -0.163 -0.961 -0.224
vn -0.264 -0.961 -0.086
vn -0.264 -0.961 0.086
vn -0.163 -0.961 0.224
vn -0.000 -0.961 0.277
vn -0.000 -0.756 0.655
vn 0.385 -0.756 0.530
vn 0.623 -0.756 0.202
vn 0.623 -0.756 -0.202
vn 0.385 -0.756 -0.530
vn 0.000 -0.756 -0.655
vn -0.385 -0.756 -0.530
vn -0.623 -0.756 -0.202
vn -0.623 -0.756 0.202
vn -0.385 -0.756 0.530
vn -0.000 -0.756 0.655
vn 0.000 -0.000 1.000
vn 0.588 -0.000 0.809
vn 0.951 -0.000 0.309
vn 0.951 -0.000 -0.309
vn 0.588 -0.000 -0.809
vn 0.000 -0.000 -1.000
vn -0.588 -0.000 -0.809
vn -0.951 -0.000 -0.309
vn -0.951 -0.000 0.309
vn -0.588 -0.000 0.809
vn 0.000 -0.000 1.000
vn -0.000 0.756 0.655
vn 0.385 0.756 0.530
vn 0.623 0.756 0.202
vn 0.623 0.756 -0.202
vn 0.385 0.756 -0.530
vn 0.000 0.756 -0.655
vn -0.385 0.756 -0.530
vn -0.623 0.756 -0.202
vn -0.623 0.756 0.202
vn -0.385 0.756 0.530
vn -0.000 0.756 0.655
vn -0.000 0.961 0.277
vn 0.163 0.961 0.224
vn 0.264 0.961 0.086
vn 0.264 0.961 -0.086
vn 0.163 0.961 -0.224
vn 0.000 0.961 -0.277
vn -0.163 0.961 -0.224
vn -0.264 0.961 -0.086
vn -0.264 0.961 0.086
vn -0.163 0.961 0.224
vn -0.000 0.961 0.277
vn -0.000 0.961 0.277
vn 0.163 0.961 0.224
vn 0.264 0.961 0.086
vn 0.264 0.961 -0.086
vn 0.163 0.961 -0.224
vn 0.000 0.961 -0.277
vn -0.163 0.961 -0.224
vn -0.264 0.961 -0.086
vn -0.264 0.961 0.086
vn -0.163 0.961 0.224
vn -0.000 0.961 0.277
vn -0.000 -0.961 0.277
vn 0.163 -0.961 0.224
vn 0.264 -0.961 0.086
vn 0.264 -0.961 -0.086
vn 0.163 -0.961 -0.224
vn 0.000 -0.961 -0.277
vn -0.163 -0.961 -0.224
vn -0.264 -0.961 -0.086
vn -0.264 -0.961 0.086
vn -0.163 -0.961 0.224
vn -0.000 -0.961 0.277
vn -0.000 -0.961 0.277
vn 0.163 -0.961 0.224
vn 0.264 -0.961 0.086
vn 0.264 -0.961 -0.086
vn 0.163 -0.961 -0.224
vn 0.000 -0.961 -0.277
vn -0.163 -0.961 -0.224
vn -0.264 -0.961 -0.086
vn -0.264 -0.961 0.086
vn -0.163 -0.961 0.224
vn -0.000 -0.961 0.277
vn -0.000 -0.756 0.655
vn 0.385 -0.756 0.530
vn 0.623 -0.756 0.202
vn 0.623 -0.756 -0.202
vn 0.385 -0.756 -0.530
vn 0.000 -0.756 -0.655
vn -0.385 -0.756 -0.530
vn -0.623 -0.756 -0.202
vn -0.623 -0.756 0.202
vn -0.385 -0.756 0.530
vn -0.000 -0.756 0.655
vn 0.000 -0.000 1.000
vn 0.588 -0.000 0.809
vn 0.951 -0.000 0.309
vn 0.951 -0.000 -0.309
vn 0.588 -0.000 -0.809
vn 0.000 -0.000 -1.000
vn -0.588 -0.000 -0.809
vn -0.951 -0.000 -0.309
vn -0.951 -0.000 0.309
vn -0.588 -0.000 0.809
vn 0.000 -0.000 1.000
vn -0.000 0.756 0.655
vn 0.385 0.756 0.530
vn 0.623 0.756 0.202
vn 0.623 0.756 -0.202
vn 0.385 0.756 -0.530
vn 0.000 0.756 -0.655
vn -0.385 0.756 -0.530
vn -0.623 0.756 -0.202
vn -0.623 0.756 0.202
vn -0.385 0.756 0.530
vn -0.000 0.756 0.655
vn -0.000 0.961 0.277
vn 0.163 0.961 0.224
vn 0.264 0.961 0.086
vn 0.264 0.961 -0.086
vn 0.163 0.961 -0.224
vn 0.000 0.961 -0.277
vn -0.163 0.961 -0.224
vn -0.264 0.961 -0.086
vn -0.264 0.961 0.086
vn -0.163 0.961 0.224
vn -0.000 0.961 0.277
vn -0.000 0.961 0.277
vn 0.163 0.961 0.224
vn 0.264 0.961 0.086
vn 0.264 0.961 -0.086
vn 0.163 0.961 -0.224
vn 0.000 0.961 -0.277
vn -0.163 0.961 -0.224
vn -0.264 0.961 -0.086
vn -0.264 0.961 0.086
vn -0.163 0.961 0.224
vn -0.000 0.961 0.277
vn -0.000 -0.961 0.277
vn 0.163 -0.961 0.224
vn 0.264 -0.961 0.086
vn 0.264 -0.961 -0.086
vn 0.163 -0.961 -0.224
vn 0.000 -0.961 -0.277
vn -0.163 -0.961 -0.224
vn -0.264 -0.961 -0.086
vn -0.264 -0.961 0.086
vn -0.163 -0.961 0.224
vn -0.000 -0.961 0.277
vn -0.000 -0.961 0.277
vn 0.163 -0.961 0.224
vn 0.264 -0.961 0.086
vn 0.264 -0.961 -0.086
vn 0.163 -0.961 -0.224
vn 0.000 -0.961 -0.277
vn -0.163 -0.961 -0.224
vn -0.264 -0.961 -0.086
vn -0.264 -0.961 0.086
vn -0.163 -0.961 0.224
vn -0.000 -0.961 0.277
vn -0.000 -0.756 0.655
vn 0.385 -0.756 0.530
vn 0.623 -0.756 0.202
vn 0.623 -0.756 -0.202
vn 0.385 -0.756 -0.530
vn 0.000 -0.756 -0.655
vn -0.385 -0.756 -0.530
vn -0.623 -0.756 -0.202
vn -0.623 -0.756 0.202
vn -0.385 -0.756 0.530
vn -0.000 -0.756 0.655
vn 0.000 -0.000 1.000
vn 0.588 -0.000 0.809
vn 0.951 -0.000 0.309
vn 0.951 -0.000 -0.309
vn 0.588 -0.000 -0.809
vn 0.000 -0.000 -1.000
vn -0.588 -0.000 -0.809
vn -0.951 -0.000 -0.309
vn -0.951 -0.000 0.309
vn -0.588 -0.000 0.809
vn 0.000 -0.000 1.000
vn -0.000 0.756 0.655
vn 0.385 0.756 0.530
vn 0.623 0.756 0.202
vn 0.623 0.756 -0.202
vn 0.385 0.756 -0.530
vn 0.000 0.756 -0.655
vn -0.385 0.756 -0.530
vn -0.623 0.756 -0.202
vn -0.623 0.756 0.202
vn -0.385 0.756 0.530
vn -0.000 0.756 0.655
vn -0.000 0.961 0.277
vn 0.163 0.961 0.224
vn 0.264 0.961 0.086
vn 0.264 0.961 -0.086
vn 0.163 0.961 -0.224
vn 0.000 0.961 -0.277
vn -0.163 0.961 -0.224
vn -0.264 0.961 -0.086
vn -0.264 0.961 0.086
vn -0.163 0.961 0.224
vn -0.000 0.961 0.277
vn -0.000 0.961 0.277
vn 0.163 0.961 0.224
vn 0.264 0.961 0.086
vn 0.264 0.961 -0.086
vn 0.163 0.961 -0.224
vn 0.000 0.961 -0.277
vn -0.163 0.961 -0.224
vn -0.264 0.961 -0.086
vn -0.264 0.961 0.086
vn -0.163 0.961 0.224
vn -0.000 0.961 0.277
vn -0.000 -0.961 0.277
vn 0.163 -0.961 0.224
vn 0.264 -0.961 0.086
vn 0.264 -0.961 -0.086
vn 0.163 -0.961 -0.224
vn 0.000 -0.961 -0.277
vn -0.163 -0.961 -0.224
vn -0.264 -0.961 -0.086
vn -0.264 -0.961 0.086
vn -0.163 -0.961 0.224
vn -0.000 -0.961 0.277
vn -0.000 -0.961 0.277
vn 0.163 -0.961 0.224
vn 0.264 -0.961 0.086
vn 0.264 -0.961 -0.086
vn 0.163 -0.961 -0.224
vn 0.000 -0.961 -0.277
vn -0.163 -0.961 -0.224
vn -0.264 -0.961 -0.086
vn -0.264 -0.961 0.086
vn -0.163 -0.961 0.224
vn -0.000 -0.961 0.277
vn -0.000 -0.756 0.655
vn 0.385 -0.756 0.530
vn 0.623 -0.756 0.202
vn 0.623 -0.756 -0.202
vn 0.385 -0.756 -0.530
vn 0.000 -0.756 -0.655
vn -0.385 -0.756 -0.530
vn -0.623 -0.756 -0.202
vn -0.623 -0.756 0.202
vn -0.385 -0.756 0.530
vn -0.000 -0.756 0.655
vn 0.000 -0.000 1.000
vn 0.588 -0.000 0.809
vn 0.951 -0.000 0.309
vn 0.951 -0.000 -0.309
vn 0.588 -0.000 -0.809
vn 0.000 -0.000 -1.000
vn -0.588 -0.000 -0.809
vn -0.951 -0.000 -0.309
vn -0.951 -0.000 0.309
vn -0.588 -0.000 0.809
vn 0.000 -0.000 1.000
vn -0.000 0.756 0.655
vn 0.385 0.756 0.530
vn 0.623 0.756 0.202
vn 0.623 0.756 -0.202
vn 0.385 0.756 -0.530
vn 0.000 0.756 -0.655
vn -0.385 0.756 -0.530
vn -0.623 0.756 -0.202
vn -0.623 0.756 0.202
vn -0.385 0.756 0.530
vn -0.000 0.756 0.655
vn -0.000 0.961 0.277
vn 0.163 0.961 0.224
vn 0.264 0.961 0.086
vn 0.264 0.961 -0.086
vn 0.163 0.961 -0.224
vn 0.000 0.961 -0.277
vn -0.163 0.961 -0.224
vn -0.264 0.961 -0.086
vn -0.264 0.961 0.086
vn -0.163 0.961 0.224
vn -0.000 0.961 0.277
vn -0.000 0.961 0.277
vn 0.163 0.961 0.224
vn 0.264 0.961 0.086
vn 0.264 0.961 -0.086
vn 0.163 0.961 -0.224
vn 0.000 0.961 -0.277
vn -0.163 0.961 -0.224
vn -0.264 0.961 -0.086
vn -0.264 0.961 0.086
vn -0.163 0.961 0.224
vn -0.000 0.961 0.277
vn -0.000 -0.961 0.277
vn 0.163 -0.961 0.224
vn 0.264 -0.961 0.086
vn 0.264 -0.961 -0.086
vn 0.163 -0.961 -0.224
vn 0.000 -0.961 -0.277
vn -0.163 -0.961 -0.224
vn -0.264 -0.961 -0.086
vn -0.264 -0.961 0.086
vn -0.163 -0.961 0.224
vn -0.000 -0.961 0.277
vn -0.000 -0.961 0.277
vn 0.163 -0.961 0.224
vn 0.264 -0.961 0.086
vn 0.264 -0.961 -0.086
vn 0.163 -0.961 -0.224
vn 0.000 -0.961 -0.277
vn -0.163 -0.961 -0.224
vn -0.264 -0.961 -0.086
vn -0.264 -0.961 0.086
vn -0.163 -0.961 0.224
vn -0.000 -0.961 0.277
vn -0.000 -0.756 0.655
vn 0.385 -0.756 0.530
vn 0.623 -0.756 0.202
vn 0.623 -0.756 -0.202
vn 0.385 -0.756 -0.530
vn 0.000 -0.756 -0.655
vn -0.385 -0.756 -0.530
vn -0.623 -0.756 -0.202
vn -0.623 -0.756 0.202
vn -0.385 -0.756 0.530
vn -0.000 -0.756 0.655
vn 0.000 -0.000 1.000
vn 0.588 -0.000 0.809
vn 0.951 -0.000 0.309
vn 0.951 -0.000 -0.309
vn 0.588 -0.000 -0.809
vn 0.000 -0.000 -1.000
vn -0.588 -0.000 -0.809
vn -0.951 -0.000 -0.309
vn -0.951 -0.000 0.309
vn -0.588 -0.000 0.809
vn 0.000 -0.000 1.000
vn -0.000 0.756 0.655
vn 0.385 0.756 0.530
vn 0.623 0.756 0.202
vn 0.623 0.756 -0.202
vn 0.385 0.756 -0.530
vn 0.000 0.756 -0.655
vn -0.385 0.756 -0.530
vn -0.623 0.756 -0.202
vn -0.623 0.756 0.202
vn -0.385 0.756 0.530
vn -0.000 0.756 0.655
vn -0.000 0.961 0.277
vn 0.163 0.961 0.224
vn 0.264 0.961 0.086
vn 0.264 0.961 -0.086
vn 0.163 0.961 -0.224
vn 0.000 0.961 -0.277
vn -0.163 0.961 -0.224
vn -0.264 0.961 -0.086
vn -0.264 0.961 0.086
vn -0.163 0.961 0.224
vn -0.000 0.961 0.277
vn -0.000 0.961 0.277
vn 0.163 0.961 0.224
vn 0.264 0.961 0.086
vn 0.264 0.961 -0.086
vn 0.163 0.961 -0.224
vn 0.000 0.961 -0.277
vn -0.163 0.961 -0.224
vn -0.264 0.961 -0.086
vn -0.264 0.961 0.086
vn -0.163 0.961 0.224
vn -0.000 0.961 0.277
vn -0.000 -0.961 0.277
vn 0.163 -0.961 0.224
vn 0.264 -0.961 0.086
vn 0.264 -0.961 -0.086
vn 0.163 -0.961 -0.224
vn 0.000 -0.961 -0.277
vn -0.163 -0.961 -0.224
vn -0.264 -0.961 -0.086
vn -0.264 -0.961 0.086
vn -0.163 -0.961 0.224
vn -0.000 -0.961 0.277
vn -0.000 -0.961 0.277
vn 0.163 -0.961 0.224
vn 0.264 -0.961 0.086
vn 0.264 -0.961 -0.086
vn 0.163 -0.961 -0.224
vn 0.000 -0.961 -0.277
vn -0.163 -0.961 -0.224
vn -0.264 -0.961 -0.086
vn -0.264 -0.961 0.086
vn -0.163 -0.961 0.224
vn -0.000 -0.961 0.277
vn -0.000 -0.756 0.655
vn 0.385 -0.756 0.530
vn 0.623 -0.756 0.202
vn 0.623 -0.756 -0.202
vn 0.385 -0.756 -0.530
vn 0.000 -0.756 -0.655
vn -0.385 -0.756 -0.530
vn -0.623 -0.756 -0.202
vn -0.623 -0.756 0.202
vn -0.385 -0.756 0.530
vn -0.000 -0.756 0.655
vn 0.000 -0.000 1.000
vn 0.588 -0.000 0.809
vn 0.951 -0.000 0.309
vn 0.951 -0.000 -0.309
vn 0.588 -0.000 -0.809
vn 0.000 -0.000 -1.000
vn -0.588 -0.000 -0.809
vn -0.951 -0.000 -0.309
vn -0.951 -0.000 0.309
vn -0.588 -0.000 0.809
vn 0.000 -0.000 1.000
vn -0.000 0.756 0.655
vn 0.385 0.756 0.530
vn 0.623 0.756 0.202
vn 0.623 0.756 -0.202
vn 0.385 0.756 -0.530
vn 0.000 0.756 -0.655
vn -0.385 0.756 -0.530
vn -0.623 0.756 -0.202
vn -0.623 0.756 0.202
vn -0.385 0.756 0.530
vn -0.000 0.756 0.655
vn -0.000 0.961 0.277
vn 0.163 0.961 0.224
vn 0.264 0.961 0.086
vn 0.264 0.961 -0.086
vn 0.163 0.961 -0.224
vn 0.000 0.961 -0.277
vn -0.163 0.961 -0.224
vn -0.264 0.961 -0.086
vn -0.264 0.961 0.086
vn -0.163 0.961 0.224
vn -0.000 0.961 0.277
vn -0.000 0.961 0.277
vn 0.163 0.961 0.224
vn 0.264 0.961 0.086
vn 0.264 0.961 -0.086
vn 0.163 0.961 -0.224
vn 0.000 0.961 -0.277
vn -0.163 0.961 -0.224
vn -0.264 0.961 -0.086
vn -0.264 0.961 0.086
vn -0.163 0.961 0.224
vn -0.000 0.961 0.277
vn -0.000 -0.961 0.277
vn 0.163 -0.961 0.224
vn 0.264 -0.961 0.086
vn 0.264 -0.961 -0.086
vn 0.163 -0.961 -0.224
vn 0.000 -0.961 -0.277
vn -0.163 -0.961 -0.224
vn -0.264 -0.961 -0.086
vn -0.264 -0.961 0.086
vn -0.163 -0.961 0.224
vn -0.000 -0.961 0.277
vn -0.000 -0.961 0.277
vn 0.163 -0.961 0.224
vn 0.264 -0.961 0.086
vn 0.264 -0.961 -0.086
vn 0.163 -0.961 -0.224
vn 0.000 -0.961 -0.277
vn -0.163 -0.961 -0.224
vn -0.264 -0.961 -0.086
vn -0.264 -0.961 0.086
vn -0.163 -0.961 0.224
vn -0.000 -0.961 0.277
vn -0.000 -0.756 0.655
vn 0.385 -0.756 0.530
vn 0.623 -0.756 0.202
vn 0.623 -0.756 -0.202
vn 0.385 -0.756 -0.530
vn 0.000 -0.756 -0.655
vn -0.385 -0.756 -0.530
vn -0.623 -0.756 -0.202
vn -0.623 -0.756 0.202
vn -0.385 -0.756 0.530
vn -0.000 -0.756 0.655
vn 0.000 -0.000 1.000
vn 0.588 -0.000 0.809
vn 0.951 -0.000 0.309
vn 0.951 -0.000 -0.309
vn 0.588 -0.000 -0.809
vn 0.000 -0.000 -1.000
vn -0.588 -0.000 -0.809
vn -0.951 -0.000 -0.309
vn -0.951 -0.000 0.309
vn -0.588 -0.000 0.809
vn 0.000 -0.000 1.000
vn -0.000 0.756 0.655
vn 0.385 0.756 0.530
vn 0.623 0.756 0.202
vn 0.623 0.756 -0.202
vn 0.385 0.756 -0.530
vn 0.000 0.756 -0.655
vn -0.385 0.756 -0.530
vn -0.623 0.756 -0.202
vn -0.623 0.756 0.202
vn -0.385 0.756 0.530
vn -0.000 0.756 0.655
vn -0.000 0.961 0.277
vn 0.163 0.961 0.224
vn 0.264 0.961 0.086
vn 0.264 0.961 -0.086
vn 0.163 0.961 -0.224
vn 0.000 0.961 -0.277
vn -0.163 0.961 -0.224
vn -0.264 0.961 -0.086
vn -0.264 0.961 0.086
vn -0.163 0.961 0.224
vn -0.000 0.961 0.277
vn -0.000 0.961 0.277
vn 0.163 0.961 0.224
vn 0.264 0.961 0.086
vn 0.264 0.961 -0.086
vn 0.163 0.961 -0.224
vn 0.000 0.961 -0.277
vn -0.163 0.961 -0.224
vn -0.264 0.961 -0.086
vn -0.264 0.961 0.086
vn -0.163 0.961 0.224
vn -0.000 0.961 0.277
vn -0.000 -0.961 0.277
vn 0.163 -0.961 0.224
vn 0.264 -0.961 0.086
vn 0.264 -0.961 -0.086
vn 0.163 -0.961 -0.224
vn 0.000 -0.961 -0.277
vn -0.163 -0.961 -0.224
vn -0.264 -0.961 -0.086
vn -0.264 -0.961 0.086
vn -0.163 -0.961 0.224
vn -0.000 -0.961 0.277
vn -0.000 -0.961 0.277
vn 0.163 -0.961 0.224
vn 0.264 -0.961 0.086
vn 0.264 -0.961 -0.086
vn 0.163 -0.961 -0.224
vn 0.000 -0.961 -0.277
vn -0.163 -0.961 -0.224
vn -0.264 -0.961 -0.086
vn -0.264 -0.961 0.086
vn -0.163 -0.961 0.224
vn -0.000 -0.961 0.277
vn -0.000 -0.756 0.655
vn 0.385 -0.756 0.530
vn 0.623 -0.756 0.202
vn 0.623 -0.756 -0.202
vn 0.385 -0.756 -0.530
vn 0.000 -0.756 -0.655
vn -0.385 -0.756 -0.530
vn -0.623 -0.756 -0.202
vn -0.623 -0.756 0.202
vn -0.385 -0.756 0.530
vn -0.000 -0.756 0.655
vn 0.000 -0.000 1.000
vn 0.588 -0.000 0.809
vn 0.951 -0.000 0.309
vn 0.951 -0.000 -0.309
vn 0.588 -0.000 -0.809
vn 0.000 -0.000 -1.000
vn -0.588 -0.000 -0.809
vn -0.951 -0.000 -0.309
vn -0.951 -0.000 0.309
vn -0.588 -0.000 0.809
vn 0.000 -0.000 1.000
vn -0.000 0.756 0.655
vn 0.385 0.756 0.530
vn 0.623 0.756 0.202
vn 0.623 0.756 -0.202
vn 0.385 0.756 -0.530
vn 0.000 0.756 -0.655
vn -0.385 0.756 -0.530
vn -0.623 0.756 -0.202
vn -0.623 0.756 0.202
vn -0.385 0.756 0.530
vn -0.000 0.756 0.655
vn -0.000 0.961 0.277
vn 0.163 0.961 0.224
vn 0.264 0.961 0.086
vn 0.264 0.961 -0.086
vn 0.163 0.961 -0.224
vn 0.000 0.961 -0.277
vn -0.163 0.961 -0.224
vn -0.264 0.961 -0.086
vn -0.264 0.961 0.086
vn -0.163 0.961 0.224
vn -0.000 0.961 0.277
vn -0.000 0.961 0.277
vn 0.163 0.961 0.224
vn 0.264 0.961 0.086
vn 0.264 0.961 -0.086
vn 0.163 0.961 -0.224
vn 0.000 0.961 -0.277
vn -0.163 0.961 -0.224
vn -0.264 0.961 -0.086
vn -0.264 0.961 0.086
vn -0.163 0.961 0.224
vn -0.000 0.961 0.277
vn -0.000 -0.961 0.277
vn 0.163 -0.961 0.224
vn 0.264 -0.961 0.086
vn 0.264 -0.961 -0.086
vn 0.163 -0.961 -0.224
vn 0.000 -0.961 -0.277
vn -0.163 -0.961 -0.224
vn -0.264 -0.961 -0.086
vn -0.264 -0.961 0.086
vn -0.163 -0.961 0.224
vn -0.000 -0.961 0.277
vn -0.000 -0.961 0.277
vn 0.163 -0.961 0.224
vn 0.264 -0.961 0.086
vn 0.264 -0.961 -0.086
vn 0.163 -0.961 -0.224
vn 0.000 -0.961 -0.277
vn -0.163 -0.961 -0.224
vn -0.264 -0.961 -0.086
vn -0.264 -0.961 0.086
vn -0.163 -0.961 0.224
vn -0.000 -0.961 0.277
vn -0.000 -0.756 0.655
vn 0.385 -0.756 0.530
vn 0.623 -0.756 0.202
vn 0.623 -0.756 -0.202
vn 0.385 -0.756 -0.530
vn 0.000 -0.756 -0.655
vn -0.385 -0.756 -0.530
vn -0.623 -0.756 -0.202
vn -0.623 -0.756 0.202
vn -0.385 -0.756 0.530
vn -0.000 -0.756 0.655
vn 0.000 -0.000 1.000
vn 0.588 -0.000 0.809
vn 0.951 -0.000 0.309
vn 0.951 -0.000 -0.309
vn 0.588 -0.000 -0.809
vn 0.000 -0.000 -1.000
vn -0.588 -0.000 -0.809
vn -0.951 -0.000 -0.309
vn -0.951 -0.000 0.309
vn -0.588 -0.000 0.809
vn 0.000 -0.000 1.000
vn -0.000 0.756 0.655
vn 0.385 0.756 0.530
vn 0.623 0.756 0.202
vn 0.623 0.756 -0.202
vn 0.385 0.756 -0.530
vn 0.000 0.756 -0.655
vn -0.385 0.756 -0.530
vn -0.623 0.756 -0.202
vn -0.623 0.756 0.202
vn -0.385 0.756 0.530
vn -0.000 0.756 0.655
vn -0.000 0.961 0.277
vn 0.163 0.961 0.224
vn 0.264 0.961 0.086
vn 0.264 0.961 -0.086
vn 0.163 0.961 -0.224
vn 0.000 0.961 -0.277
vn -0.163 0.961 -0.224
vn -0.264 0.961 -0.086
vn -0.264 0.961 0.086
vn -0.163 0.961 0.224
vn -0.000 0.961 0.277
vn -0.000 0.961 0.277
vn 0.163 0.961 0.224
vn 0.264 0.961 0.086
vn 0.264 0.961 -0.086
vn 0.163 0.961 -0.224
vn 0.000 0.961 -0.277
vn -0.163 0.961 -0.224
vn -0.264 0.961 -0.086
vn -0.264 0.961 0.086
vn -0.163 0.961 0.224
vn -0.000 0.961 0.277
vn -0.000 -0.961 0.277
vn 0.163 -0.961 0.224
vn 0.264 -0.961 0.086
vn 0.264 -0.961 -0.086
vn 0.163 -0.961 -0.224
vn 0.000 -0.961 -0.277
vn -0.163 -0.961 -0.224
vn -0.264 -0.961 -0.086
vn -0.264 -0.961 0.086
vn -0.163 -0.961 0.224
vn -0.000 -0.961 0.277
vn -0.000 -0.961 0.277
vn 0.163 -0.961 0.224
vn 0.264 -0.961 0.086
vn 0.264 -0.961 -0.086
vn 0.163 -0.961 -0.224
vn 0.000 -0.961 -0.277
vn -0.163 -0.961 -0.224
vn -0.264 -0.961 -0.086
vn -0.264 -0.961 0.086
vn -0.163 -0.961 0.224
vn -0.000 -0.961 0.277
vn -0.000 -0.756 0.655
vn 0.385 -0.756 0.530
vn 0.623 -0.756 0.202
vn 0.623 -0.756 -0.202
vn 0.385 -0.756 -0.530
vn 0.000 -0.756 -0.655
vn -0.385 -0.756 -0.530
vn -0.623 -0.756 -0.202
vn -0.623 -0.756 0.202
vn -0.385 -0.756 0.530
vn -0.000 -0.756 0.655
vn 0.000 -0.000 1.000
vn 0.588 -0.000 0.809
vn 0.951 -0.000 0.309
vn 0.951 -0.000 -0.309
vn 0.588 -0.000 -0.809
vn 0.000 -0.000 -1.000
vn -0.588 -0.000 -0.809
vn -0.951 -0.000 -0.309
vn -0.951 -0.000 0.309
vn -0.588 -0.000 0.809
vn 0.000 -0.000 1.000
vn -0.000 0.756 0.655
vn 0.385 0.756 0.530
vn 0.623 0.756 0.202
vn 0.623 0.756 -0.202
vn 0.385 0.756 -0.530
vn 0.000 0.756 -0.655
vn -0.385 0.756 -0.530
vn -0.623 0.756 -0.202
vn -0.623 0.756 0.202
vn -0.385 0.756 0.530
vn -0.000 0.756 0.655
vn -0.000 0.961 0.277
vn 0.163 0.961 0.224
vn 0.264 0.961 0.086
vn 0.264 0.961 -0.086
vn 0.163 0.961 -0.224
vn 0.000 0.961 -0.277
vn -0.163 0.961 -0.224
vn -0.264 0.961 -0.086
vn -0.264 0.961 0.086
vn -0.163 0.961 0.224
vn -0.000 0.961 0.277
vn -0.000 0.961 0.277
vn 0.163 0.961 0.224
vn 0.264 0.961 0.086
vn 0.264 0.961 -0.086
vn 0.163 0.961 -0.224
vn 0.000 0.961 -0.277
vn -0.163 0.961 -0.224
vn -0.264 0.961 -0.086
vn -0.264 0.961 0.086
vn -0.163 0.961 0.224
vn -0.000 0.961 0.277
vn -0.000 -0.961 0.277
vn 0.163 -0.961 0.224
vn 0.264 -0.961 0.086
vn 0.264 -0.961 -0.086
vn 0.163 -0.961 -0.224
vn 0.000 -0.961 -0.277
vn -0.163 -0.961 -0.224
vn -0.264 -0.961 -0.086
vn -0.264 -0.961 0.086
vn -0.163 -0.961 0.224
vn -0.000 -0.961 0.277
vn -0.000 -0.961 0.277
vn 0.163 -0.961 0.224
vn 0.264 -0.961 0.086
vn 0.264 -0.961 -0.086
vn 0.163 -0.961 -0.224
vn 0.000 -0.961 -0.277
vn -0.163 -0.961 -0.224
vn -0.264 -0.961 -0.086
vn -0.264 -0.961 0.086
vn -0.163 -0.961 0.224
vn -0.000 -0.961 0.277
vn -0.000 -0.756 0.655
vn 0.385 -0.756 0.530
vn 0.623 -0.756 0.202
vn 0.623 -0.756 -0.202
vn 0.385 -0.756 -0.530
vn 0.000 -0.756 -0.655
vn -0.385 -0.756 -0.530
vn -0.623 -0.756 -0.202
vn -0.623 -0.756 0.202
vn -0.385 -0.756 0.530
vn -0.000 -0.756 0.655
vn 0.000 -0.000 1.000
vn 0.588 -0.000 0.809
vn 0.951 -0.000 0.309
vn 0.951 -0.000 -0.309
vn 0.588 -0.000 -0.809
vn 0.000 -0.000 -1.000
vn -0.588 -0.000 -0.809
vn -0.951 -0.000 -0.309
vn -0.951 -0.000 0.309
vn -0.588 -0.000 0.809
vn 0.000 -0.000 1.000
vn -0.000 0.756 0.655
vn 0.385 0.756 0.530
vn 0.623 0.756 0.202
vn 0.623 0.756 -0.202
vn 0.385 0.756 -0.530
vn 0.000 0.756 -0.655
vn -0.385 0.756 -0.530
vn -0.623 0.756 -0.202
vn -0.623 0.756 0.202
vn -0.385 0.756 0.530
vn -0.000 0.756 0.655
vn -0.000 0.961 0.277
vn 0.163 0.961 0.224
vn 0.264 0.961 0.086
vn 0.264 0.961 -0.086
vn 0.163 0.961 -0.224
vn 0.000 0.961 -0.277
vn -0.163 0.961 -0.224
vn -0.264 0.961 -0.086
vn -0.264 0.961 0.086
vn -0.163 0.961 0.224
vn -0.000 0.961 0.277
vn -0.000 0.961 0.277
vn 0.163 0.961 0.224
vn 0.264 0.961 0.086
vn 0.264 0.961 -0.086
vn 0.163 0.961 -0.224
vn 0.000 0.961 -0.277
vn -0.163 0.961 -0.224
vn -0.264 0.961 -0.086
vn -0.264 0.961 0.086
vn -0.163 0.961 0.224
vn -0.000 0.961 0.277
vn -0.000 -0.961 0.277
vn 0.163 -0.961 0.224
vn 0.264 -0.961 0.086
vn 0.264 -0.961 -0.086
vn 0.163 -0.961 -0.224
vn 0.000 -0.961 -0.277
vn -0.163 -0.961 -0.224
vn -0.264 -0.961 -0.086
vn -0.264 -0.961 0.086
vn -0.163 -0.961 0.224
vn -0.000 -0.961 0.277
vn -0.000 -0.961 0.277
vn 0.163 -0.961 0.224
vn 0.264 -0.961 0.086
vn 0.264 -0.961 -0.086
vn 0.163 -0.961 -0.224
vn 0.000 -0.961 -0.277
vn -0.163 -0.961 -0.224
vn -0.264 -0.961 -0.086
vn -0.264 -0.961 0.086
vn -0.163 -0.961 0.224
vn -0.000 -0.961 0.277
vn -0.000 -0.756 0.655
vn 0.385 -0.756 0.530
vn 0.623 -0.756 0.202
vn 0.623 -0.756 -0.202
vn 0.385 -0.756 -0.530
vn 0.000 -0.756 -0.655
vn -0.385 -0.756 -0.530
vn -0.623 -0.756 -0.202
vn -0.623 -0.756 0.202
vn -0.385 -0.756 0.530
vn -0.000 -0.756 0.655
vn 0.000 -0.000 1.000
vn 0.588 -0.000 0.809
vn 0.951 -0.000 0.309
vn 0.951 -0.000 -0.309
vn 0.588 -0.000 -0.809
vn 0.000 -0.000 -1.000
vn -0.588 -0.000 -0.809
vn -0.951 -0.000 -0.309
vn -0.951 -0.000 0.309
vn -0.588 -0.000 0.809
vn 0.000 -0.000 1.000
vn -0.000 0.756 0.655
vn 0.385 0.756 0.530
vn 0.623 0.756 0.202
vn 0.623 0.756 -0.202
vn 0.385 0.756 -0.530
vn 0.000 0.756 -0.655
vn -0.385 0.756 -0.530
vn -0.623 0.756 -0.202
vn -0.623 0.756 0.202
vn -0.385 0.756 0.530
vn -0.000 0.756 0.655
vn -0.000 0.961 0.277
vn 0.163 0.961 0.224
vn 0.264 0.961 0.086
vn 0.264 0.961 -0.086
vn 0.163 0.961 -0.224
vn 0.000 0.961 -0.277
vn -0.163 0.961 -0.224
vn -0.264 0.961 -0.086
vn -0.264 0.961 0.086
vn -0.163 0.961 0.224
vn -0.000 0.961 0.277
vn -0.000 0.961 0.277
vn 0.163 0.961 0.224
vn 0.264 0.961 0.086
vn 0.264 0.961 -0.086
vn 0.163 0.961 -0.224
vn 0.000 0.961 -0.277
vn -0.163 0.961 -0.224
vn -0.264 0.961 -0.086
vn -0.264 0.961 0.086
vn -0.163 0.961 0.224
vn -0.000 0.961 0.277
vn -0.000 -0.961 0.277
vn 0.163 -0.961 0.224
vn 0.264 -0.961 0.086
vn 0.264 -0.961 -0.086
vn 0.163 -0.961 -0.224
vn 0.000 -0.961 -0.277
vn -0.163 -0.961 -0.224
vn -0.264 -0.961 -0.086
vn -0.264 -0.961 0.086
vn -0.163 -0.961 0.224
vn -0.000 -0.961 0.277
vn -0.000 -0.961 0.277
vn 0.163 -0.961 0.224
vn 0.264 -0.961 0.086
vn 0.264 -0.961 -0.086
vn 0.163 -0.961 -0.224
vn 0.000 -0.961 -0.277
vn -0.163 -0.961 -0.224
vn -0.264 -0.961 -0.086
vn -0.264 -0.961 0.086
vn -0.163 -0.961 0.224
vn -0.000 -0.961 0.277
vn -0.000 -0.756 0.655
vn 0.385 -0.756 0.530
vn 0.623 -0.756 0.202
vn 0.623 -0.756 -0.202
vn 0.385 -0.756 -0.530
vn 0.000 -0.756 -0.655
vn -0.385 -0.756 -0.530
vn -0.623 -0.756 -0.202
vn -0.623 -0.756 0.202
vn -0.385 -0.756 0.530
vn -0.000 -0.756 0.655
vn 0.000 -0.000 1.000
vn 0.588 -0.000 0.809
vn 0.951 -0.000 0.309
vn 0.951 -0.000 -0.309
vn 0.588 -0.000 -0.809
vn 0.000 -0.000 -1.000
vn -0.588 -0.000 -0.809
vn -0.951 -0.000 -0.309
vn -0.951 -0.000 0.309
vn -0.588 -0.000 0.809
vn 0.000 -0.000 1.000
vn -0.000 0.756 0.655
vn 0.385 0.756 0.530
vn 0.623 0.756 0.202
vn 0.623 0.756 -0.202
vn 0.385 0.756 -0.530
vn 0.000 0.756 -0.655
vn -0.385 0.756 -0.530
vn -0.623 0.756 -0.202
vn -0.623 0.756 0.202
vn -0.385 0.756 0.530
vn -0.000 0.756 0.655
vn -0.000 0.961 0.277
vn 0.163 0.961 0.224
vn 0.264 0.961 0.086
vn 0.264 0.961 -0.086
vn 0.163 0.961 -0.224
vn 0.000 0.961 -0.277
vn -0.163 0.961 -0.224
vn -0.264 0.961 -0.086
vn -0.264 0.961 0.086
vn -0.163 0.961 0.224
vn -0.000 0.961 0.277
vn -0.000 0.961 0.277
vn 0.163 0.961 0.224
vn 0.264 0.961 0.086
vn 0.264 0.961 -0.086
vn 0.163 0.961 -0.224
vn 0.000 0.961 -0.277
vn -0.163 0.961 -0.224
vn -0.264 0.961 -0.086
vn -0.264 0.961 0.086
vn -0.163 0.961 0.224
vn -0.000 0.961 0.277
vn -0.000 -0.961 0.277
vn 0.163 -0.961 0.224
vn 0.264 -0.961 0.086
vn 0.264 -0.961 -0.086
vn 0.163 -0.961 -0.224
vn 0.000 -0.961 -0.277
vn -0.163 -0.961 -0.224
vn -0.264 -0.961 -0.086
vn -0.264 -0.961 0.086
vn -0.163 -0.961 0.224
vn -0.000 -0.961 0.277
vn -0.000 -0.961 0.277
vn 0.163 -0.961 0.224
vn 0.264 -0.961 0.086
vn 0.264 -0.961 -0.086
vn 0.163 -0.961 -0.224
vn 0.000 -0.961 -0.277
vn -0.163 -0.961 -0.224
vn -0.264 -0.961 -0.086
vn -0.264 -0.961 0.086
vn -0.163 -0.961 0.224
vn -0.000 -0.961 0.277
vn -0.000 -0.756 0.655
vn 0.385 -0.756 0.530
vn 0.623 -0.756 0.202
vn 0.623 -0.756 -0.202
vn 0.385 -0.756 -0.530
vn 0.000 -0.756 -0.655
vn -0.385 -0.756 -0.530
vn -0.623 -0.756 -0.202
vn -0.623 -0.756 0.202
vn -0.385 -0.756 0.530
vn -0.000 -0.756 0.655
vn 0.000 -0.000 1.000
vn 0.588 -0.000 0.809
vn 0.951 -0.000 0.309
vn 0.951 -0.000 -0.309
vn 0.588 -0.000 -0.809
vn 0.000 -0.000 -1.000
vn -0.588 -0.000 -0.809
vn -0.951 -0.000 -0.309
vn -0.951 -0.000 0.309
vn -0.588 -0.000 0.809
vn 0.000 -0.000 1.000
vn -0.000 0.756 0.655
vn 0.385 0.756 0.530
vn 0.623 0.756 0.202
vn 0.623 0.756 -0.202
vn 0.385 0.756 -0.530
vn 0.000 0.756 -0.655
vn -0.385 0.756 -0.530
vn -0.623 0.756 -0.202
vn -0.623 0.756 0.202
vn -0.385 0.756 0.530
vn -0.000 0.756 0.655
vn -0.000 0.961 0.277
vn 0.163 0.961 0.224
vn 0.264 0.961 0.086
vn 0.264 0.961 -0.086
vn 0.163 0.961 -0.224
vn 0.000 0.961 -0.277
vn -0.163 0.961 -0.224
vn -0.264 0.961 -0.086
vn -0.264 0.961 0.086
vn -0.163 0.961 0.224
vn -0.000 0.961 0.277
vn -0.000 0.961 0.277
vn 0.163 0.961 0.224
vn 0.264 0.961 0.086
vn 0.264 0.961 -0.086
vn 0.163 0.961 -0.224
vn 0.000 0.961 -0.277
vn -0.163 0.961 -0.224
vn -0.264 0.961 -0.086
vn -0.264 0.961 0.086
vn -0.163 0.961 0.224
vn -0.000 0.961 0.277
vn -0.000 -0.961 0.277
vn 0.163 -0.961 0.224
vn 0.264 -0.961 0.086
vn 0.264 -0.961 -0.086
vn 0.163 -0.961 -0.224
vn 0.000 -0.961 -0.277
vn -0.163 -0.961 -0.224
vn -0.264 -0.961 -0.086
vn -0.264 -0.961 0.086
vn -0.163 -0.961 0.224
vn -0.000 -0.961 0.277
vn -0.000 -0.961 0.277
vn 0.163 -0.961 0.224
vn 0.264 -0.961 0.086
vn 0.264 -0.961 -0.086
vn 0.163 -0.961 -0.224
vn 0.000 -0.961 -0.277
vn -0.163 -0.961 -0.224
vn -0.264 -0.961 -0.086
vn -0.264 -0.961 0.086
vn -0.163 -0.961 0.224
vn -0.000 -0.961 0.277
vn -0.000 -0.756 0.655
vn 0.385 -0.756 0.530
vn 0.623 -0.756 0.202
vn 0.623 -0.756 -0.202
vn 0.385 -0.756 -0.530
vn 0.000 -0.756 -0.655
vn -0.385 -0.756 -0.530
vn -0.623 -0.756 -0.202
vn -0.623 -0.756 0.202
vn -0.385 -0.756 0.530
vn -0.000 -0.756 0.655
vn 0.000 -0.000 1.000
vn 0.588 -0.000 0.809
vn 0.951 -0.000 0.309
vn 0.951 -0.000 -0.309
vn 0.588 -0.000 -0.809
vn 0.000 -0.000 -1.000
vn -0.588 -0.000 -0.809
vn -0.951 -0.000 -0.309
vn -0.951 -0.000 0.309
vn -0.588 -0.000 0.809
vn 0.000 -0.000 1.000
vn -0.000 0.756 0.655
vn 0.385 0.756 0.530
vn 0.623 0.756 0.202
vn 0.623 0.756 -0.202
vn 0.385 0.756 -0.530
vn 0.000 0.756 -0.655
vn -0.385 0.756 -0.530
vn -0.623 0.756 -0.202
vn -0.623 0.756 0.202
vn -0.385 0.756 0.530
vn -0.000 0.756 0.655
vn -0.000 0.961 0.277
vn 0.163 0.961 0.224
vn 0.264 0.961 0.086
vn 0.264 0.961 -0.086
vn 0.163 0.961 -0.224
vn 0.000 0.961 -0.277
vn -0.163 0.961 -0.224
vn -0.264 0.961 -0.086
vn -0.264 0.961 0.086
vn -0.163 0.961 0.224
vn -0.000 0.961 0.277
vn -0.000 0.961 0.277
vn 0.163 0.961 0.224
vn 0.264 0.961 0.086
vn 0.264 0.961 -0.086
vn 0.163 0.961 -0.224
vn 0.000 0.961 -0.277
vn -0.163 0.961 -0.224
vn -0.264 0.961 -0.086
vn -0.264 0.961 0.086
vn -0.163 0.961 0.224
vn -0.000 0.961 0.277
vn -0.000 -0.961 0.277
vn 0.163 -0.961 0.224
vn 0.264 -0.961 0.086
vn 0.264 -0.961 -0.086
vn 0.163 -0.961 -0.224
vn 0.000 -0.961 -0.277
vn -0.163 -0.961 -0.224
vn -0.264 -0.961 -0.086
vn -0.264 -0.961 0.086
vn -0.163 -0.961 0.224
vn -0.000 -0.961 0.277
vn -0.000 -0.961 0.277
vn 0.163 -0.961 0.224
vn 0.264 -0.961 0.086
vn 0.264 -0.961 -0.086
vn 0.163 -0.961 -0.224
vn 0.000 -0.961 -0.277
vn -0.163 -0.961 -0.224
vn -0.264 -0.961 -0.086
vn -0.264 -0.961 0.086
vn -0.163 -0.961 0.224
vn -0.000 -0.961 0.277
vn -0.000 -0.756 0.655
vn 0.385 -0.756 0.530
vn 0.623 -0.756 0.202
vn 0.623 -0.756 -0.202
vn 0.385 -0.756 -0.530
vn 0.000 -0.756 -0.655
vn -0.385 -0.756 -0.530
vn -0.623 -0.756 -0.202
vn -0.623 -0.756 0.202
vn -0.385 -0.756 0.530
vn -0.000 -0.756 0.655
vn 0.000 -0.000 1.000
vn 0.588 -0.000 0.809
vn 0.951 -0.000 0.309
vn 0.951 -0.000 -0.309
vn 0.588 -0.000 -0.809
vn 0.000 -0.000 -1.000
vn -0.588 -0.000 -0.809
vn -0.951 -0.000 -0.309
vn -0.951 -0.000 0.309
vn -0.588 -0.000 0.809
vn 0.000 -0.000 1.000
vn -0.000 0.756 0.655
vn 0.385 0.756 0.530
vn 0.623 0.756 0.202
vn 0.623 0.756 -0.202
vn 0.385 0.756 -0.530
vn 0.000 0.756 -0.655
vn -0.385 0.756 -0.530
vn -0.623 0.756 -0.202
vn -0.623 0.756 0.202
vn -0.385 0.756 0.530
vn -0.000 0.756 0.655
vn -0.000 0.961 0.277
vn 0.163 0.961 0.224
vn 0.264 0.961 0.086
vn 0.264 0.961 -0.086
vn 0.163 0.961 -0.224
vn 0.000 0.961 -0.277
vn -0.163 0.961 -0.224
vn -0.264 0.961 -0.086
vn -0.264 0.961 0.086
vn -0.163 0.961 0.224
vn -0.000 0.961 0.277
vn -0.000 0.961 0.277
vn 0.163 0.961 0.224
vn 0.264 0.961 0.086
vn 0.264 0.961 -0.086
vn 0.163 0.961 -0.224
vn 0.000 0.961 -0.277
vn -0.163 0.961 -0.224
vn -0.264 0.961 -0.086
vn -0.264 0.961 0.086
vn -0.163 0.961 0.224
vn -0.000 0.961 0.277
vn -0.000 -0.961 0.277
vn 0.163 -0.961 0.224
vn 0.264 -0.961 0.086
vn 0.264 -0.961 -0.086
vn 0.163 -0.961 -0.224
vn 0.000 -0.961 -0.277
vn -0.163 -0.961 -0.224
vn -0.264 -0.961 -0.086
vn -0.264 -0.961 0.086
vn -0.163 -0.961 0.224
vn -0.000 -0.961 0.277
vn -0.000 -0.961 0.277
vn 0.163 -0.961 0.224
vn 0.264 -0.961 0.086
vn 0.264 -0.961 -0.086
vn 0.163 -0.961 -0.224
vn 0.000 -0.961 -0.277
vn -0.163 -0.961 -0.224
vn -0.264 -0.961 -0.086
vn -0.264 -0.961 0.086
vn -0.163 -0.961 0.224
vn -0.000 -0.961 0.277
vn -0.000 -0.756 0.655
vn 0.385 -0.756 0.530
vn 0.623 -0.756 0.202
vn 0.623 -0.756 -0.202
vn 0.385 -0.756 -0.530
vn 0.000 -0.756 -0.655
vn -0.385 -0.756 -0.530
vn -0.623 -0.756 -0.202
vn -0.623 -0.756 0.202
vn -0.385 -0.756 0.530
vn -0.000 -0.756 0.655
vn 0.000 -0.000 1.000
vn 0.588 -0.000 0.809
vn 0.951 -0.000 0.309
vn 0.951 -0.000 -0.309
vn 0.588 -0.000 -0.809
vn 0.000 -0.000 -1.000
vn -0.588 -0.000 -0.809
vn -0.951 -0.000 -0.309
vn -0.951 -0.000 0.309
vn -0.588 -0.000 0.809
vn 0.000 -0.000 1.000
vn -0.000 0.756 0.655
vn 0.385 0.756 0.530
vn 0.623 0.756 0.202
vn 0.623 0.756 -0.202
vn 0.385 0.756 -0.530
vn 0.000 0.756 -0.655
vn -0.385 0.756 -0.530
vn -0.623 0.756 -0.202
vn -0.623 0.756 0.202
vn -0.385 0.756 0.530
vn -0.000 0.756 0.655
vn -0.000 0.961 0.277
vn 0.163 0.961 0.224
vn 0.264 0.961 0.086
vn 0.264 0.961 -0.086
vn 0.163 0.961 -0.224
vn 0.000 0.961 -0.277
vn -0.163 0.961 -0.224
vn -0.264 0.961 -0.086
vn -0.264 0.961 0.086
vn -0.163 0.961 0.224
vn -0.000 0.961 0.277
vn -0.000 0.961 0.277
vn 0.163 0.961 0.224
vn 0.264 0.961 0.086
vn 0.264 0.961 -0.086
vn 0.163 0.961 -0.224
vn 0.000 0.961 -0.277
vn -0.163 0.961 -0.224
vn -0.264 0.961 -0.086
vn -0.264 0.961 0.086
vn -0.163 0.961 0.224
vn -0.000 0.961 0.277
vn -0.000 -0.961 0.277
vn 0.163 -0.961 0.224
vn 0.264 -0.961 0.086
vn 0.264 -0.961 -0.086
vn 0.163 -0.961 -0.224
vn 0.000 -0.961 -0.277
vn -0.163 -0.961 -0.224
vn -0.264 -0.961 -0.086
vn -0.264 -0.961 0.086
vn -0.163 -0.961 0.224
vn -0.000 -0.961 0.277
vn -0.000 -0.961 0.277
vn 0.163 -0.961 0.224
vn 0.264 -0.961 0.086
vn 0.264 -0.961 -0.086
vn 0.163 -0.961 -0.224
vn 0.000 -0.961 -0.277
vn -0.163 -0.961 -0.224
vn -0.264 -0.961 -0.086
vn -0.264 -0.961 0.086
vn -0.163 -0.961 0.224
vn -0.000 -0.961 0.277
vn -0.000 -0.756 0.655
vn 0.385 -0.756 0.530
vn 0.623 -0.756 0.202
vn 0.623 -0.756 -0.202
vn 0.385 -0.756 -0.530
vn 0.000 -0.756 -0.655
vn -0.385 -0.756 -0.530
vn -0.623 -0.756 -0.202
vn -0.623 -0.756 0.202
vn -0.385 -0.756 0.530
vn -0.000 -0.756 0.655
vn 0.000 -0.000 1.000
vn 0.588 -0.000 0.809
vn 0.951 -0.000 0.309
vn 0.951 -0.000 -0.309
vn 0.588 -0.000 -0.809
vn 0.000 -0.000 -1.000
vn -0.588 -0.000 -0.809
vn -0.951 -0.000 -0.309
vn -0.951 -0.000 0.309
vn -0.588 -0.000 0.809
vn 0.000 -0.000 1.000
vn -0.000 0.756 0.655
vn 0.385 0.756 0.530
vn 0.623 0.756 0.202
vn 0.623 0.756 -0.202
vn 0.385 0.756 -0.530
vn 0.000 0.756 -0.655
vn -0.385 0.756 -0.530
vn -0.623 0.756 -0.202
vn -0.623 0.756 0.202
vn -0.385 0.756 0.530
vn -0.000 0.756 0.655
vn -0.000 0.961 0.277
vn 0.163 0.961 0.224
vn 0.264 0.961 0.086
vn 0.264 0.961 -0.086
vn 0.163 0.961 -0.224
vn 0.000 0.961 -0.277
vn -0.163 0.961 -0.224
vn -0.264 0.961 -0.086
vn -0.264 0.961 0.086
vn -0.163 0.961 0.224
vn -0.000 0.961 0.277
vn -0.000 0.961 0.277
vn 0.163 0.961 0.224
vn 0.264 0.961 0.086
vn 0.264 0.961 -0.086
vn 0.163 0.961 -0.224
vn 0.000 0.961 -0.277
vn -0.163 0.961 -0.224
vn -0.264 0.961 -0.086
vn -0.264 0.961 0.086
vn -0.163 0.961 0.224
vn -0.000 0.961 0.277
vn -0.000 -0.961 0.277
vn 0.163 -0.961 0.224
vn 0.264 -0.961 0.086
vn 0.264 -0.961 -0.086
vn 0.163 -0.961 -0.224
vn 0.000 -0.961 -0.277
vn -0.163 -0.961 -0.224
vn -0.264 -0.961 -0.086
vn -0.264 -0.961 0.086
vn -0.163 -0.961 0.224
vn -0.000 -0.961 0.277
vn -0.000 -0.961 0.277
vn 0.163 -0.961 0.224
vn 0.264 -0.961 0.086
vn 0.264 -0.961 -0.086
vn 0.163 -0.961 -0.224
vn 0.000 -0.961 -0.277
vn -0.163 -0.961 -0.224
vn -0.264 -0.961 -0.086
vn -0.264 -0.961 0.086
vn -0.163 -0.961 0.224
vn -0.000 -0.961 0.277
vn -0.000 -0.756 0.655
vn 0.385 -0.756 0.530
vn 0.623 -0.756 0.202
vn 0.623 -0.756 -0.202
vn 0.385 -0.756 -0.530
vn 0.000 -0.756 -0.655
vn -0.385 -0.756 -0.530
vn -0.623 -0.756 -0.202
vn -0.623 -0.756 0.202
vn -0.385 -0.756 0.530
vn -0.000 -0.756 0.655
vn 0.000 -0.000 1.000
vn 0.588 -0.000 0.809
vn 0.951 -0.000 0.309
vn 0.951 -0.000 -0.309
vn 0.588 -0.000 -0.809
vn 0.000 -0.000 -1.000
vn -0.588 -0.000 -0.809
vn -0.951 -0.000 -0.309
vn -0.951 -0.000 0.309
vn -0.588 -0.000 0.809
vn 0.000 -0.000 1.000
vn -0.000 0.756 0.655
vn 0.385 0.756 0.530
vn 0.623 0.756 0.202
vn 0.623 0.756 -0.202
vn 0.385 0.756 -0.530
vn 0.000 0.756 -0.655
vn -0.385 0.756 -0.530
vn -0.623 0.756 -0.202
vn -0.623 0.756 0.202
vn -0.385 0.756 0.530
vn -0.000 0.756 0.655
vn -0.000 0.961 0.277
vn 0.163 0.961 0.224
vn 0.264 0.961 0.086
vn 0.264 0.961 -0.086
vn 0.163 0.961 -0.224
vn 0.000 0.961 -0.277
vn -0.163 0.961 -0.224
vn -0.264 0.961 -0.086
vn -0.264 0.961 0.086
vn -0.163 0.961 0.224
vn -0.000 0.961 0.277
vn -0.000 0.961 0.277
vn 0.163 0.961 0.224
vn 0.264 0.961 0.086
vn 0.264 0.961 -0.086
vn 0.163 0.961 -0.224
vn 0.000 0.961 -0.277
vn -0.163 0.961 -0.224
vn -0.264 0.961 -0.086
vn -0.264 0.961 0.086
vn -0.163 0.961 0.224
vn -0.000 0.961 0.277
vn -0.000 -0.961 0.277
vn 0.163 -0.961 0.224
vn 0.264 -0.961 0.086
vn 0.264 -0.961 -0.086
vn 0.163 -0.961 -0.224
vn 0.000 -0.961 -0.277
vn -0.163 -0.961 -0.224
vn -0.264 -0.961 -0.086
vn -0.264 -0.961 0.086
vn -0.163 -0.961 0.224
vn -0.000 -0.961 0.277
vn -0.000 -0.961 0.277
vn 0.163 -0.961 0.224
vn 0.264 -0.961 0.086
vn 0.264 -0.961 -0.086
vn 0.163 -0.961 -0.224
vn 0.000 -0.961 -0.277
vn -0.163 -0.961 -0.224
vn -0.264 -0.961 -0.086
vn -0.264 -0.961 0.086
vn -0.163 -0.961 0.224
vn -0.000 -0.961 0.277
vn -0.000 -0.756 0.655
vn 0.385 -0.756 0.530
vn 0.623 -0.756 0.202
vn 0.623 -0.756 -0.202
vn 0.385 -0.756 -0.530
vn 0.000 -0.756 -0.655
vn -0.385 -0.756 -0.530
vn -0.623 -0.756 -0.202
vn -0.623 -0.756 0.202
vn -0.385 -0.756 0.530
vn -0.000 -0.756 0.655
vn 0.000 -0.000 1.000
vn 0.588 -0.000 0.809
vn 0.951 -0.000 0.309
vn 0.951 -0.000 -0.309
vn 0.588 -0.000 -0.809
vn 0.000 -0.000 -1.000
vn -0.588 -0.000 -0.809
vn -0.951 -0.000 -0.309
vn -0.951 -0.000 0.309
vn -0.588 -0.000 0.809
vn 0.000 -0.000 1.000
vn -0.000 0.756 0.655
vn 0.385 0.756 0.530
vn 0.623 0.756 0.202
vn 0.623 0.756 -0.202
vn 0.385 0.756 -0.530
vn 0.000 0.756 -0.655
vn -0.385 0.756 -0.530
vn -0.623 0.756 -0.202
vn -0.623 0.756 0.202
vn -0.385 0.756 0.530
vn -0.000 0.756 0.655
vn -0.000 0.961 0.277
vn 0.163 0.961 0.224
vn 0.264 0.961 0.086
vn 0.264 0.961 -0.086
vn 0.163 0.961 -0.224
vn 0.000 0.961 -0.277
vn -0.163 0.961 -0.224
vn -0.264 0.961 -0.086
vn -0.264 0.961 0.086
vn -0.163 0.961 0.224
vn -0.000 0.961 0.277
vn -0.000 0.961 0.277
vn 0.163 0.961 0.224
vn 0.264 0.961 0.086
vn 0.264 0.961 -0.086
vn 0.163 0.961 -0.224
vn 0.000 0.961 -0.277
vn -0.163 0.961 -0.224
vn -0.264 0.961 -0.086
vn -0.264 0.961 0.086
vn -0.163 0.961 0.224
vn -0.000 0.961 0.277
vn -0.000 -0.961 0.277
vn 0.163 -0.961 0.224
vn 0.264 -0.961 0.086
vn 0.264 -0.961 -0.086
vn 0.163 -0.961 -0.224
vn 0.000 -0.961 -0.277
vn -0.163 -0.961 -0.224
vn -0.264 -0.961 -0.086
vn -0.264 -0.961 0.086
vn -0.163 -0.961 0.224
vn -0.000 -0.961 0.277
vn -0.000 -0.961 0.277
vn 0.163 -0.961 0.224
vn 0.264 -0.961 0.086
vn 0.264 -0.961 -0.086
vn 0.163 -0.961 -0.224
vn 0.000 -0.961 -0.277
vn -0.163 -0.961 -0.224
vn -0.264 -0.961 -0.086
vn -0.264 -0.961 0.086
vn -0.163 -0.961 0.224
vn -0.000 -0.961 0.277
vn -0.000 -0.756 0.655
vn 0.385 -0.756 0.530
vn 0.623 -0.756 0.202
vn 0.623 -0.756 -0.202
vn 0.385 -0.756 -0.530
vn 0.000 -0.756 -0.655
vn -0.385 -0.756 -0.530
vn -0.623 -0.756 -0.202
vn -0.623 -0.756 0.202
vn -0.385 -0.756 0.530
vn -0.000 -0.756 0.655
vn 0.000 -0.000 1.000
vn 0.588 -0.000 0.809
vn 0.951 -0.000 0.309
vn 0.951 -0.000 -0.309
vn 0.588 -0.000 -0.809
vn 0.000 -0.000 -1.000
vn -0.588 -0.000 -0.809
vn -0.951 -0.000 -0.309
vn -0.951 -0.000 0.309
vn -0.588 -0.000 0.809
vn 0.000 -0.000 1.000
vn -0.000 0.756 0.655
vn 0.385 0.756 0.530
vn 0.623 0.756 0.202
vn 0.623 0.756 -0.202
vn 0.385 0.756 -0.530
vn 0.000 0.756 -0.655
vn -0.385 0.756 -0.530
vn -0.623 0.756 -0.202
vn -0.623 0.756 0.202
vn -0.385 0.756 0.530
vn -0.000 0.756 0.655
vn -0.000 0.961 0.277
vn 0.163 0.961 0.224
vn 0.264 0.961 0.086
vn 0.264 0.961 -0.086
vn 0.163 0.961 -0.224
vn 0.000 0.961 -0.277
vn -0.163 0.961 -0.224
vn -0.264 0.961 -0.086
vn -0.264 0.961 0.086
vn -0.163 0.961 0.224
vn -0.000 0.961 0.277
vn -0.000 0.961 0.277
vn 0.163 0.961 0.224
vn 0.264 0.961 0.086
vn 0.264 0.961 -0.086
vn 0.163 0.961 -0.224
vn 0.000 0.961 -0.277
vn -0.163 0.961 -0.224
vn -0.264 0.961 -0.086
vn -0.264 0.961 0.086
vn -0.163 0.961 0.224
vn -0.000 0.961 0.277
vn -0.000 -0.961 0.277
vn 0.163 -0.961 0.224
vn 0.264 -0.961 0.086
vn 0.264 -0.961 -0.086
vn 0.163 -0.961 -0.224
vn 0.000 -0.961 -0.277
vn -0.163 -0.961 -0.224
vn -0.264 -0.961 -0.086
vn -0.264 -0.961 0.086
vn -0.163 -0.961 0.224
vn -0.000 -0.961 0.277
vn -0.000 -0.961 0.277
vn 0.163 -0.961 0.224
vn 0.264 -0.961 0.086
vn 0.264 -0.961 -0.086
vn 0.163 -0.961 -0.224
vn 0.000 -0.961 -0.277
vn -0.163 -0.961 -0.224
vn -0.264 -0.961 -0.086
vn -0.264 -0.961 0.086
vn -0.163 -0.961 0.224
vn -0.000 -0.961 0.277
vn -0.000 -0.756 0.655
vn 0.385 -0.756 0.530
vn 0.623 -0.756 0.202
vn 0.623 -0.756 -0.202
vn 0.385 -0.756 -0.530
vn 0.000 -0.756 -0.655
vn -0.385 -0.756 -0.530
vn -0.623 -0.756 -0.202
vn -0.623 -0.756 0.202
vn -0.385 -0.756 0.530
vn -0.000 -0.756 0.655
vn 0.000 -0.000 1.000
vn 0.588 -0.000 0.809
vn 0.951 -0.000 0.309
vn 0.951 -0.000 -0.309
vn 0.588 -0.000 -0.809
vn 0.000 -0.000 -1.000
vn -0.588 -0.000 -0.809
vn -0.951 -0.000 -0.309
vn -0.951 -0.000 0.309
vn -0.588 -0.000 0.809
vn 0.000 -0.000 1.000
vn -0.000 0.756 0.655
vn 0.385 0.756 0.530
vn 0.623 0.756 0.202
vn 0.623 0.756 -0.202
vn 0.385 0.756 -0.530
vn 0.000 0.756 -0.655
vn -0.385 0.756 -0.530
vn -0.623 0.756 -0.202
vn -0.623 0.756 0.202
vn -0.385 0.756 0.530
vn -0.000 0.756 0.655
vn -0.000 0.961 0.277
vn 0.163 0.961 0.224
vn 0.264 0.961 0.086
vn 0.264 0.961 -0.086
vn 0.163 0.961 -0.224
vn 0.000 0.961 -0.277
vn -0.163 0.961 -0.224
vn -0.264 0.961 -0.086
vn -0.264 0.961 0.086
vn -0.163 0.961 0.224
vn -0.000 0.961 0.277
vn -0.000 0.961 0.277
vn 0.163 0.961 0.224
vn 0.264 0.961 0.086
vn 0.264 0.961 -0.086
vn 0.163 0.961 -0.224
vn 0.000 0.961 -0.277
vn -0.163 0.961 -0.224
vn -0.264 0.961 -0.086
vn -0.264 0.961 0.086
vn -0.163 0.961 0.224
vn -0.000 0.961 0.277
vn -0.000 -0.961 0.277
vn 0.163 -0.961 0.224
vn 0.264 -0.961 0.086
vn 0.264 -0.961 -0.086
vn 0.163 -0.961 -0.224
vn 0.000 -0.961 -0.277
vn -0.163 -0.961 -0.224
vn -0.264 -0.961 -0.086
vn -0.264 -0.961 0.086
vn -0.163 -0.961 0.224
vn -0.000 -0.961 0.277
vn -0.000 -0.961 0.277
vn 0.163 -0.961 0.224
vn 0.264 -0.961 0.086
vn 0.264 -0.961 -0.086
vn 0.163 -0.961 -0.224
vn 0.000 -0.961 -0.277
vn -0.163 -0.961 -0.224
vn -0.264 -0.961 -0.086
vn -0.264 -0.961 0.086
vn -0.163 -0.961 0.224
vn -0.000 -0.961 0.277
vn -0.000 -0.756 0.655
vn 0.385 -0.756 0.530
vn 0.623 -0.756 0.202
vn 0.623 -0.756 -0.202
vn 0.385 -0.756 -0.530
vn 0.000 -0.756 -0.655
vn -0.385 -0.756 -0.530
vn -0.623 -0.756 -0.202
vn -0.623 -0.756 0.202
vn -0.385 -0.756 0.530
vn -0.000 -0.756 0.655
vn 0.000 -0.000 1.000
vn 0.588 -0.000 0.809
vn 0.951 -0.000 0.309
vn 0.951 -0.000 -0.309
vn 0.588 -0.000 -0.809
vn 0.000 -0.000 -1.000
vn -0.588 -0.000 -0.809
vn -0.951 -0.000 -0.309
vn -0.951 -0.000 0.309
vn -0.588 -0.000 0.809
vn 0.000 -0.000 1.000
vn -0.000 0.756 0.655
vn 0.385 0.756 0.530
vn 0.623 0.756 0.202
vn 0.623 0.756 -0.202
vn 0.385 0.756 -0.530
vn 0.000 0.756 -0.655
vn -0.385 0.756 -0.530
vn -0.623 0.756 -0.202
vn -0.623 0.756 0.202
vn -0.385 0.756 0.530
vn -0.000 0.756 0.655
vn -0.000 0.961 0.277
vn 0.163 0.961 0.224
vn 0.264 0.961 0.086
vn 0.264 0.961 -0.086
vn 0.163 0.961 -0.224
vn 0.000 0.961 -0.277
vn -0.163 0.961 -0.224
vn -0.264 0.961 -0.086
vn -0.264 0.961 0.086
vn -0.163 0.961 0.224
vn -0.000 0.961 0.277
vn -0.000 0.961 0.277
vn 0.163 0.961 0.224
vn 0.264 0.961 0.086
vn 0.264 0.961 -0.086
vn 0.163 0.961 -0.224
vn 0.000 0.961 -0.277
vn -0.163 0.961 -0.224
vn -0.264 0.961 -0.086
vn -0.264 0.961 0.086
vn -0.163 0.961 0.224
vn -0.000 0.961 0.277
vn -0.000 -0.961 0.277
vn 0.163 -0.961 0.224
vn 0.264 -0.961 0.086
vn 0.264 -0.961 -0.086
vn 0.163 -0.961 -0.224
vn 0.000 -0.961 -0.277
vn -0.163 -0.961 -0.224
vn -0.264 -0.961 -0.086
vn -0.264 -0.961 0.086
vn -0.163 -0.961 0.224
vn -0.000 -0.961 0.277
vn -0.000 -0.961 0.277
vn 0.163 -0.961 0.224
vn 0.264 -0.961 0.086
vn 0.264 -0.961 -0.086
vn 0.163 -0.961 -0.224
vn 0.000 -0.961 -0.277
vn -0.163 -0.961 -0.224
vn -0.264 -0.961 -0.086
vn -0.264 -0.961 0.086
vn -0.163 -0.961 0.224
vn -0.000 -0.961 0.277
vn -0.000 -0.756 0.655
vn 0.385 -0.756 0.530
vn 0.623 -0.756 0.202
vn 0.623 -0.756 -0.202
vn 0.385 -0.756 -0.530
vn 0.000 -0.756 -0.655
vn -0.385 -0.756 -0.530
vn -0.623 -0.756 -0.202
vn -0.623 -0.756 0.202
vn -0.385 -0.756 0.530
vn -0.000 -0.756 0.655
vn 0.000 -0.000 1.000
vn 0.588 -0.000 0.809
vn 0.951 -0.000 0.309
vn 0.951 -0.000 -0.309
vn 0.588 -0.000 -0.809
vn 0.000 -0.000 -1.000
vn -0.588 -0.000 -0.809
vn -0.951 -0.000 -0.309
vn -0.951 -0.000 0.309
vn -0.588 -0.000 0.809
vn 0.000 -0.000 1.000
vn -0.000 0.756 0.655
vn 0.385 0.756 0.530
vn 0.623 0.756 0.202
vn 0.623 0.756 -0.202
vn 0.385 0.756 -0.530
vn 0.000 0.756 -0.655
vn -0.385 0.756 -0.530
vn -0.623 0.756 -0.202
vn -0.623 0.756 0.202
vn -0.385 0.756 0.530
vn -0.000 0.756 0.655
vn -0.000 0.961 0.277
vn 0.163 0.961 0.224
vn 0.264 0.961 0.086
vn 0.264 0.961 -0.086
vn 0.163 0.961 -0.224
vn 0.000 0.961 -0.277
vn -0.163 0.961 -0.224
vn -0.264 0.961 -0.086
vn -0.264 0.961 0.086
vn -0.163 0.961 0.224
vn -0.000 0.961 0.277
vn -0.000 0.961 0.277
vn 0.163 0.961 0.224
vn 0.264 0.961 0.086
vn 0.264 0.961 -0.086
vn 0.163 0.961 -0.224
vn 0.000 0.961 -0.277
vn -0.163 0.961 -0.224
vn -0.264 0.961 -0.086
vn -0.264 0.961 0.086
vn -0.163 0.961 0.224
vn -0.000 0.961 0.277
vn -0.000 -0.961 0.277
vn 0.163 -0.961 0.224
vn 0.264 -0.961 0.086
vn 0.264 -0.961 -0.086
vn 0.163 -0.961 -0.224
vn 0.000 -0.961 -0.277
vn -0.163 -0.961 -0.224
vn -0.264 -0.961 -0.086
vn -0.264 -0.961 0.086
vn -0.163 -0.961 0.224
vn -0.000 -0.961 0.277
vn -0.000 -0.961 0.277
vn 0.163 -0.961 0.224
vn 0.264 -0.961 0.086
vn 0.264 -0.961 -0.086
vn 0.163 -0.961 -0.224
vn 0.000 -0.961 -0.277
vn -0.163 -0.961 -0.224
vn -0.264 -0.961 -0.086
vn -0.264 -0.961 0.086
vn -0.163 -0.961 0.224
vn -0.000 -0.961 0.277
vn -0.000 -0.756 0.655
vn 0.385 -0.756 0.530
vn 0.623 -0.756 0.202
vn 0.623 -0.756 -0.202
vn 0.385 -0.756 -0.530
vn 0.000 -0.756 -0.655
vn -0.385 -0.756 -0.530
vn -0.623 -0.756 -0.202
vn -0.623 -0.756 0.202
vn -0.385 -0.756 0.530
vn -0.000 -0.756 0.655
vn 0.000 -0.000 1.000
vn 0.588 -0.000 0.809
vn 0.951 -0.000 0.309
vn 0.951 -0.000 -0.309
vn 0.588 -0.000 -0.809
vn 0.000 -0.000 -1.000
vn -0.588 -0.000 -0.809
vn -0.951 -0.000 -0.309
vn -0.951 -0.000 0.309
vn -0.588 -0.000 0.809
vn 0.000 -0.000 1.000
vn -0.000 0.756 0.655
vn 0.385 0.756 0.530
vn 0.623 0.756 0.202
vn 0.623 0.756 -0.202
vn 0.385 0.756 -0.530
vn 0.000 0.756 -0.655
vn -0.385 0.756 -0.530
vn -0.623 0.756 -0.202
vn -0.623 0.756 0.202
vn -0.385 0.756 0.530
vn -0.000 0.756 0.655
vn -0.000 0.961 0.277
vn 0.163 0.961 0.224
vn 0.264 0.961 0.086
vn 0.264 0.961 -0.086
vn 0.163 0.961 -0.224
vn 0.000 0.961 -0.277
vn -0.163 0.961 -0.224
vn -0.264 0.961 -0.086
vn -0.264 0.961 0.086
vn -0.163 0.961 0.224
vn -0.000 0.961 0.277
vn -0.000 0.961 0.277
vn 0.163 0.961 0.224
vn 0.264 0.961 0.086
vn 0.264 0.961 -0.086
vn 0.163 0.961 -0.224
vn 0.000 0.961 -0.277
vn -0.163 0.961 -0.224
vn -0.264 0.961 -0.086
vn -0.264 0.961 0.086
vn -0.163 0.961 0.224
vn -0.000 0.961 0.277
vn -0.000 -0.961 0.277
vn 0.163 -0.961 0.224
vn 0.264 -0.961 0.086
vn 0.264 -0.961 -0.086
vn 0.163 -0.961 -0.224
vn 0.000 -0.961 -0.277
vn -0.163 -0.961 -0.224
vn -0.264 -0.961 -0.086
vn -0.264 -0.961 0.086
vn -0.163 -0.961 0.224
vn -0.000 -0.961 0.277
vn -0.000 -0.961 0.277
vn 0.163 -0.961 0.224
vn 0.264 -0.961 0.086
vn 0.264 -0.961 -0.086
vn 0.163 -0.961 -0.224
vn 0.000 -0.961 -0.277
vn -0.163 -0.961 -0.224
vn -0.264 -0.961 -0.086
vn -0.264 -0.961 0.086
vn -0.163 -0.961 0.224
vn -0.000 -0.961 0.277
vn -0.000 -0.756 0.655
vn 0.385 -0.756 0.530
vn 0.623 -0.756 0.202
vn 0.623 -0.756 -0.202
vn 0.385 -0.756 -0.530
vn 0.000 -0.756 -0.655
vn -0.385 -0.756 -0.530
vn -0.623 -0.756 -0.202
vn -0.623 -0.756 0.202
vn -0.385 -0.756 0.530
vn -0.000 -0.756 0.655
vn 0.000 -0.000 1.000
vn 0.588 -0.000 0.809
vn 0.951 -0.000 0.309
vn 0.951 -0.000 -0.309
vn 0.588 -0.000 -0.809
vn 0.000 -0.000 -1.000
vn -0.588 -0.000 -0.809
vn -0.951 -0.000 -0.309
vn -0.951 -0.000 0.309
vn -0.588 -0.000 0.809
vn 0.000 -0.000 1.000
vn -0.000 0.756 0.655
vn 0.385 0.756 0.530
vn 0.623 0.756 0.202
vn 0.623 0.756 -0.202
vn 0.385 0.756 -0.530
vn 0.000 0.756 -0.655
vn -0.385 0.756 -0.530
vn -0.623 0.756 -0.202
vn -0.623 0.756 0.202
vn -0.385 0.756 0.530
vn -0.000 0.756 0.655
vn -0.000 0.961 0.277
vn 0.163 0.961 0.224
vn 0.264 0.961 0.086
vn 0.264 0.961 -0.086
vn 0.163 0.961 -0.224
vn 0.000 0.961 -0.277
vn -0.163 0.961 -0.224
vn -0.264 0.961 -0.086
vn -0.264 0.961 0.086
vn -0.163 0.961 0.224
vn -0.000 0.961 0.277
vn -0.000 0.961 0.277
vn 0.163 0.961 0.224
vn 0.264 0.961 0.086
vn 0.264 0.961 -0.086
vn 0.163 0.961 -0.224
vn 0.000 0.961 -0.277
vn -0.163 0.961 -0.224
vn -0.264 0.961 -0.086
vn -0.264 0.961 0.086
vn -0.163 0.961 0.224
vn -0.000 0.961 0.277
vn -0.000 -0.961 0.277
vn 0.163 -0.961 0.224
vn 0.264 -0.961 0.086
vn 0.264 -0.961 -0.086
vn 0.163 -0.961 -0.224
vn 0.000 -0.961 -0.277
vn -0.163 -0.961 -0.224
vn -0.264 -0.961 -0.086
vn -0.264 -0.961 0.086
vn -0.163 -0.961 0.224
vn -0.000 -0.961 0.277
vn -0.000 -0.961 0.277
vn 0.163 -0.961 0.224
vn 0.264 -0.961 0.086
vn 0.264 -0.961 -0.086
vn 0.163 -0.961 -0.224
vn 0.000 -0.961 -0.277
vn -0.163 -0.961 -0.224
vn -0.264 -0.961 -0.086
vn -0.264 -0.961 0.086
vn -0.163 -0.961 0.224
vn -0.000 -0.961 0.277
vn -0.000 -0.756 0.655
vn 0.385 -0.756 0.530
vn 0.623 -0.756 0.202
vn 0.623 -0.756 -0.202
vn 0.385 -0.756 -0.530
vn 0.000 -0.756 -0.655
vn -0.385 -0.756 -0.530
vn -0.623 -0.756 -0.202
vn -0.623 -0.756 0.202
vn -0.385 -0.756 0.530
vn -0.000 -0.756 0.655
vn 0.000 -0.000 1.000
vn 0.588 -0.000 0.809
vn 0.951 -0.000 0.309
vn 0.951 -0.000 -0.309
vn 0.588 -0.000 -0.809
vn 0.000 -0.000 -1.000
vn -0.588 -0.000 -0.809
vn -0.951 -0.000 -0.309
vn -0.951 -0.000 0.309
vn -0.588 -0.000 0.809
vn 0.000 -0.000 1.000
vn -0.000 0.756 0.655
vn 0.385 0.756 0.530
vn 0.623 0.756 0.202
vn 0.623 0.756 -0.202
vn 0.385 0.756 -0.530
vn 0.000 0.756 -0.655
vn -0.385 0.756 -0.530
vn -0.623 0.756 -0.202
vn -0.623 0.756 0.202
vn -0.385 0.756 0.530
vn -0.000 0.756 0.655
vn -0.000 0.961 0.277
vn 0.163 0.961 0.224
vn 0.264 0.961 0.086
vn 0.264 0.961 -0.086
vn 0.163 0.961 -0.224
vn 0.000 0.961 -0.277
vn -0.163 0.961 -0.224
vn -0.264 0.961 -0.086
vn -0.264 0.961 0.086
vn -0.163 0.961 0.224
vn -0.000 0.961 0.277
vn -0.000 0.961 0.277
vn 0.163 0.961 0.224
vn 0.264 0.961 0.086
vn 0.264 0.961 -0.086
vn 0.163 0.961 -0.224
vn 0.000 0.961 -0.277
vn -0.163 0.961 -0.224
vn -0.264 0.961 -0.086
vn -0.264 0.961 0.086
vn -0.163 0.961 0.224
vn -0.000 0.961 0.277
vn -0.000 -0.961 0.277
vn 0.163 -0.961 0.224
vn 0.264 -0.961 0.086
vn 0.264 -0.961 -0.086
vn 0.163 -0.961 -0.224
vn 0.000 -0.961 -0.277
vn -0.163 -0.961 -0.224
vn -0.264 -0.961 -0.086
vn -0.264 -0.961 0.086
vn -0.163 -0.961 0.224
vn -0.000 -0.961 0.277
vn -0.000 -0.961 0.277
vn 0.163 -0.961 0.224
vn 0.264 -0.961 0.086
vn 0.264 -0.961 -0.086
vn 0.163 -0.961 -0.224
vn 0.000 -0.961 -0.277
vn -0.163 -0.961 -0.224
vn -0.264 -0.961 -0.086
vn -0.264 -0.961 0.086
vn -0.163 -0.961 0.224
vn -0.000 -0.961 0.277
vn -0.000 -0.756 0.655
vn 0.385 -0.756 0.530
vn 0.623 -0.756 0.202
vn 0.623 -0.756 -0.202
vn 0.385 -0.756 -0.530
vn 0.000 -0.756 -0.655
vn -0.385 -0.756 -0.530
vn -0.623 -0.756 -0.202
vn -0.623 -0.756 0.202
vn -0.385 -0.756 0.530
vn -0.000 -0.756 0.655
vn 0.000 -0.000 1.000
vn 0.588 -0.000 0.809
vn 0.951 -0.000 0.309
vn 0.951 -0.000 -0.309
vn 0.588 -0.000 -0.809
vn 0.000 -0.000 -1.000
vn -0.588 -0.000 -0.809
vn -0.951 -0.000 -0.309
vn -0.951 -0.000 0.309
vn -0.588 -0.000 0.809
vn 0.000 -0.000 1.000
vn -0.000 0.756 0.655
vn 0.385 0.756 0.530
vn 0.623 0.756 0.202
vn 0.623 0.756 -0.202
vn 0.385 0.756 -0.530
vn 0.000 0.756 -0.655
vn -0.385 0.756 -0.530
vn -0.623 0.756 -0.202
vn -0.623 0.756 0.202
vn -0.385 0.756 0.530
vn -0.000 0.756 0.655
vn -0.000 0.961 0.277
vn 0.163 0.961 0.224
vn 0.264 0.961 0.086
vn 0.264 0.961 -0.086
vn 0.163 0.961 -0.224
vn 0.000 0.961 -0.277
vn -0.163 0.961 -0.224
vn -0.264 0.961 -0.086
vn -0.264 0.961 0.086
vn -0.163 0.961 0.224
vn -0.000 0.961 0.277
vn -0.000 0.961 0.277
vn 0.163 0.961 0.224
vn 0.264 0.961 0.086
vn 0.264 0.961 -0.086
vn 0.163 0.961 -0.224
vn 0.000 0.961 -0.277
vn -0.163 0.961 -0.224
vn -0.264 0.961 -0.086
vn -0.264 0.961 0.086
vn -0.163 0.961 0.224
vn -0.000 0.961 0.277
vn -0.000 -0.961 0.277
vn 0.163 -0.961 0.224
vn 0.264 -0.961 0.086
vn 0.264 -0.961 -0.086
vn 0.163 -0.961 -0.224
vn 0.000 -0.961 -0.277
vn -0.163 -0.961 -0.224
vn -0.264 -0.961 -0.086
vn -0.264 -0.961 0.086
vn -0.163 -0.961 0.224
vn -0.000 -0.961 0.277
vn -0.000 -0.961 0.277
vn 0.163 -0.961 0.224
vn 0.264 -0.961 0.086
vn 0.264 -0.961 -0.086
vn 0.163 -0.961 -0.224
vn 0.000 -0.961 -0.277
vn -0.163 -0.961 -0.224
vn -0.264 -0.961 -0.086
vn -0.264 -0.961 0.086
vn -0.163 -0.961 0.224
vn -0.000 -0.961 0.277
vn -0.000 -0.756 0.655
vn 0.385 -0.756 0.530
vn 0.623 -0.756 0.202
vn 0.623 -0.756 -0.202
vn 0.385 -0.756 -0.530
vn 0.000 -0.756 -0.655
vn -0.385 -0.756 -0.530
vn -0.623 -0.756 -0.202
vn -0.623 -0.756 0.202
vn -0.385 -0.756 0.530
vn -0.000 -0.756 0.655
vn 0.000 -0.000 1.000
vn 0.588 -0.000 0.809
vn 0.951 -0.000 0.309
vn 0.951 -0.000 -0.309
vn 0.588 -0.000 -0.809
vn 0.000 -0.000 -1.000
vn -0.588 -0.000 -0.809
vn -0.951 -0.000 -0.309
vn -0.951 -0.000 0.309
vn -0.588 -0.000 0.809
vn 0.000 -0.000 1.000
vn -0.000 0.756 0.655
vn 0.385 0.756 0.530
vn 0.623 0.756 0.202
vn 0.623 0.756 -0.202
vn 0.385 0.756 -0.530
vn 0.000 0.756 -0.655
vn -0.385 0.756 -0.530
vn -0.623 0.756 -0.202
vn -0.623 0.756 0.202
vn -0.385 0.756 0.530
vn -0.000 0.756 0.655
vn -0.000 0.961 0.277
vn 0.163 0.961 0.224
vn 0.264 0.961 0.086
vn 0.264 0.961 -0.086
vn 0.163 0.961 -0.224
vn 0.000 0.961 -0.277
vn -0.163 0.961 -0.224
vn -0.264 0.961 -0.086
vn -0.264 0.961 0.086
vn -0.163 0.961 0.224
vn -0.000 0.961 0.277
vn -0.000 0.961 0.277
vn 0.163 0.961 0.224
vn 0.264 0.961 0.086
vn 0.264 0.961 -0.086
vn 0.163 0.961 -0.224
vn 0.000 0.961 -0.277
vn -0.163 0.961 -0.224
vn -0.264 0.961 -0.086
vn -0.264 0.961 0.086
vn -0.163 0.961 0.224
vn -0.000 0.961 0.277
vn -0.000 -0.961 0.277
vn 0.163 -0.961 0.224
vn 0.264 -0.961 0.086
vn 0.264 -0.961 -0.086
vn 0.163 -0.961 -0.224
vn 0.000 -0.961 -0.277
vn -0.163 -0.961 -0.224
vn -0.264 -0.961 -0.086
vn -0.264 -0.961 0.086
vn -0.163 -0.961 0.224
vn -0.000 -0.961 0.277
vn -0.000 -0.961 0.277
vn 0.163 -0.961 0.224
vn 0.264 -0.961 0.086
vn 0.264 -0.961 -0.086
vn 0.163 -0.961 -0.224
vn 0.000 -0.961 -0.277
vn -0.163 -0.961 -0.224
vn -0.264 -0.961 -0.086
vn -0.264 -0.961 0.086
vn -0.163 -0.961 0.224
vn -0.000 -0.961 0.277
vn -0.000 -0.756 0.655
vn 0.385 -0.756 0.530
vn 0.623 -0.756 0.202
vn 0.623 -0.756 -0.202
vn 0.385 -0.756 -0.530
vn 0.000 -0.756 -0.655
vn -0.385 -0.756 -0.530
vn -0.623 -0.756 -0.202
vn -0.623 -0.756 0.202
vn -0.385 -0.756 0.530
vn -0.000 -0.756 0.655
vn 0.000 -0.000 1.000
vn 0.588 -0.000 0.809
vn 0.951 -0.000 0.309
vn 0.951 -0.000 -0.309
vn 0.588 -0.000 -0.809
vn 0.000 -0.000 -1.000
vn -0.588 -0.000 -0.809
vn -0.951 -0.000 -0.309
vn -0.951 -0.000 0.309
vn -0.588 -0.000 0.809
vn 0.000 -0.000 1.000
vn -0.000 0.756 0.655
vn 0.385 0.756 0.530
vn 0.623 0.756 0.202
vn 0.623 0.756 -0.202
vn 0.385 0.756 -0.530
vn 0.000 0.756 -0.655
vn -0.385 0.756 -0.530
vn -0.623 0.756 -0.202
vn -0.623 0.756 0.202
vn -0.385 0.756 0.530
vn -0.000 0.756 0.655
vn -0.000 0.961 0.277
vn 0.163 0.961 0.224
vn 0.264 0.961 0.086
vn 0.264 0.961 -0.086
vn 0.163 0.961 -0.224
vn 0.000 0.961 -0.277
vn -0.163 0.961 -0.224
vn -0.264 0.961 -0.086
vn -0.264 0.961 0.086
vn -0.163 0.961 0.224
vn -0.000 0.961 0.277
vn -0.000 0.961 0.277
vn 0.163 0.961 0.224
vn 0.264 0.961 0.086
vn 0.264 0.961 -0.086
vn 0.163 0.961 -0.224
vn 0.000 0.961 -0.277
vn -0.163 0.961 -0.224
vn -0.264 0.961 -0.086
vn -0.264 0.961 0.086
vn -0.163 0.961 0.224
vn -0.000 0.961 0.277
vn -0.000 -0.961 0.277
vn 0.163 -0.961 0.224
vn 0.264 -0.961 0.086
vn 0.264 -0.961 -0.086
vn 0.163 -0.961 -0.224
vn 0.000 -0.961 -0.277
vn -0.163 -0.961 -0.224
vn -0.264 -0.961 -0.086
vn -0.264 -0.961 0.086
vn -0.163 -0.961 0.224
vn -0.000 -0.961 0.277
vn -0.000 -0.961 0.277
vn 0.163 -0.961 0.224
vn 0.264 -0.961 0.086
vn 0.264 -0.961 -0.086
vn 0.163 -0.961 -0.224
vn 0.000 -0.961 -0.277
vn -0.163 -0.961 -0.224
vn -0.264 -0.961 -0.086
vn -0.264 -0.961 0.086
vn -0.163 -0.961 0.224
vn -0.000 -0.961 0.277
vn -0.000 -0.756 0.655
vn 0.385 -0.756 0.530
vn 0.623 -0.756 0.202
vn 0.623 -0.756 -0.202
vn 0.385 -0.756 -0.530
vn 0.000 -0.756 -0.655
vn -0.385 -0.756 -0.530
vn -0.623 -0.756 -0.202
vn -0.623 -0.756 0.202
vn -0.385 -0.756 0.530
vn -0.000 -0.756 0.655
vn 0.000 -0.000 1.000
vn 0.588 -0.000 0.809
vn 0.951 -0.000 0.309
vn 0.951 -0.000 -0.309
vn 0.588 -0.000 -0.809
vn 0.000 -0.000 -1.000
vn -0.588 -0.000 -0.809
vn -0.951 -0.000 -0.309
vn -0.951 -0.000 0.309
vn -0.588 -0.000 0.809
vn 0.000 -0.000 1.000
vn -0.000 0.756 0.655
vn 0.385 0.756 0.530
vn 0.623 0.756 0.202
vn 0.623 0.756 -0.202
vn 0.385 0.756 -0.530
vn 0.000 0.756 -0.655
vn -0.385 0.756 -0.530
vn -0.623 0.756 -0.202
vn -0.623 0.756 0.202
vn -0.385 0.756 0.530
vn -0.000 0.756 0.655
vn -0.000 0.961 0.277
vn 0.163 0.961 0.224
vn 0.264 0.961 0.086
vn 0.264 0.961 -0.086
vn 0.163 0.961 -0.224
vn 0.000 0.961 -0.277
vn -0.163 0.961 -0.224
vn -0.264 0.961 -0.086
vn -0.264 0.961 0.086
vn -0.163 0.961 0.224
vn -0.000 0.961 0.277
vn -0.000 0.961 0.277
vn 0.163 0.961 0.224
vn 0.264 0.961 0.086
vn 0.264 0.961 -0.086
vn 0.163 0.961 -0.224
vn 0.000 0.961 -0.277
vn -0.163 0.961 -0.224
vn -0.264 0.961 -0.086
vn -0.264 0.961 0.086
vn -0.163 0.961 0.224
vn -0.000 0.961 0.277
vn -0.000 -0.961 0.277
vn 0.163 -0.961 0.224
vn 0.264 -0.961 0.086
vn 0.264 -0.961 -0.086
vn 0.163 -0.961 -0.224
vn 0.000 -0.961 -0.277
vn -0.163 -0.961 -0.224
vn -0.264 -0.961 -0.086
vn -0.264 -0.961 0.086
vn -0.163 -0.961 0.224
vn -0.000 -0.961 0.277
vn -0.000 -0.961 0.277
vn 0.163 -0.961 0.224
vn 0.264 -0.961 0.086
vn 0.264 -0.961 -0.086
vn 0.163 -0.961 -0.224
vn 0.000 -0.961 -0.277
vn -0.163 -0.961 -0.224
vn -0.264 -0.961 -0.086
vn -0.264 -0.961 0.086
vn -0.163 -0.961 0.224
vn -0.000 -0.961 0.277
vn -0.000 -0.756 0.655
vn 0.385 -0.756 0.530
vn 0.623 -0.756 0.202
vn 0.623 -0.756 -0.202
vn 0.385 -0.756 -0.530
vn 0.000 -0.756 -0.655
vn -0.385 -0.756 -0.530
vn -0.623 -0.756 -0.202
vn -0.623 -0.756 0.202
vn -0.385 -0.756 0.530
vn -0.000 -0.756 0.655
vn 0.000 -0.000 1.000
vn 0.588 -0.000 0.809
vn 0.951 -0.000 0.309
vn 0.951 -0.000 -0.309
vn 0.588 -0.000 -0.809
vn 0.000 -0.000 -1.000
vn -0.588 -0.000 -0.809
vn -0.951 -0.000 -0.309
vn -0.951 -0.000 0.309
vn -0.588 -0.000 0.809
vn 0.000 -0.000 1.000
vn -0.000 0.756 0.655
vn 0.385 0.756 0.530
vn 0.623 0.756 0.202
vn 0.623 0.756 -0.202
vn 0.385 0.756 -0.530
vn 0.000 0.756 -0.655
vn -0.385 0.756 -0.530
vn -0.623 0.756 -0.202
vn -0.623 0.756 0.202
vn -0.385 0.756 0.530
vn -0.000 0.756 0.655
vn -0.000 0.961 0.277
vn 0.163 0.961 0.224
vn 0.264 0.961 0.086
vn 0.264 0.961 -0.086
vn 0.163 0.961 -0.224
vn 0.000 0.961 -0.277
vn -0.163 0.961 -0.224
vn -0.264 0.961 -0.086
vn -0.264 0.961 0.086
vn -0.163 0.961 0.224
vn -0.000 0.961 0.277
vn -0.000 0.961 0.277
vn 0.163 0.961 0.224
vn 0.264 0.961 0.086
vn 0.264 0.961 -0.086
vn 0.163 0.961 -0.224
vn 0.000 0.961 -0.277
vn -0.163 0.961 -0.224
vn -0.264 0.961 -0.086
vn -0.264 0.961 0.086
vn -0.163 0.961 0.224
vn -0.000 0.961 0.277
vn -0.000 -0.961 0.277
vn 0.163 -0.961 0.224
vn 0.264 -0.961 0.086
vn 0.264 -0.961 -0.086
vn 0.163 -0.961 -0.224
vn 0.000 -0.961 -0.277
vn -0.163 -0.961 -0.224
vn -0.264 -0.961 -0.086
vn -0.264 -0.961 0.086
vn -0.163 -0.961 0.224
vn -0.000 -0.961 0.277
vn -0.000 -0.961 0.277
vn 0.163 -0.961 0.224
vn 0.264 -0.961 0.086
vn 0.264 -0.961 -0.086
vn 0.163 -0.961 -0.224
vn 0.000 -0.961 -0.277
vn -0.163 -0.961 -0.224
vn -0.264 -0.961 -0.086
vn -0.264 -0.961 0.086
vn -0.163 -0.961 0.224
vn -0.000 -0.961 0.277
vn -0.000 -0.756 0.655
vn 0.385 -0.756 0.530
vn 0.623 -0.756 0.202
vn 0.623 -0.756 -0.202
vn 0.385 -0.756 -0.530
vn 0.000 -0.756 -0.655
vn -0.385 -0.756 -0.530
vn -0.623 -0.756 -0.202
vn -0.623 -0.756 0.202
vn -0.385 -0.756 0.530
vn -0.000 -0.756 0.655
vn 0.000 -0.000 1.000
vn 0.588 -0.000 0.809
vn 0.951 -0.000 0.309
vn 0.951 -0.000 -0.309
vn 0.588 -0.000 -0.809
vn 0.000 -0.000 -1.000
vn -0.588 -0.000 -0.809
vn -0.951 -0.000 -0.309
vn -0.951 -0.000 0.309
vn -0.588 -0.000 0.809
vn 0.000 -0.000 1.000
vn -0.000 0.756 0.655
vn 0.385 0.756 0.530
vn 0.623 0.756 0.202
vn 0.623 0.756 -0.202
vn 0.385 0.756 -0.530
vn 0.000 0.756 -0.655
vn -0.385 0.756 -0.530
vn -0.623 0.756 -0.202
vn -0.623 0.756 0.202
vn -0.385 0.756 0.530
vn -0.000 0.756 0.655
vn -0.000 0.961 0.277
vn 0.163 0.961 0.224
vn 0.264 0.961 0.086
vn 0.264 0.961 -0.086
vn 0.163 0.961 -0.224
vn 0.000 0.961 -0.277
vn -0.163 0.961 -0.224
vn -0.264 0.961 -0.086
vn -0.264 0.961 0.086
vn -0.163 0.961 0.224
vn -0.000 0.961 0.277
vn -0.000 0.961 0.277
vn 0.163 0.961 0.224
vn 0.264 0.961 0.086
vn 0.264 0.961 -0.086
vn 0.163 0.961 -0.224
vn 0.000 0.961 -0.277
vn -0.163 0.961 -0.224
vn -0.264 0.961 -0.086
vn -0.264 0.961 0.086
vn -0.163 0.961 0.224
vn -0.000 0.961 0.277
vn -0.000 -0.961 0.277
vn 0.163 -0.961 0.224
vn 0.264 -0.961 0.086
vn 0.264 -0.961 -0.086
vn 0.163 -0.961 -0.224
vn 0.000 -0.961 -0.277
vn -0.163 -0.961 -0.224
vn -0.264 -0.961 -0.086
vn -0.264 -0.961 0.086
vn -0.163 -0.961 0.224
vn -0.000 -0.961 0.277
vn -0.000 -0.961 0.277
vn 0.163 -0.961 0.224
vn 0.264 -0.961 0.086
vn 0.264 -0.961 -0.086
vn 0.163 -0.961 -0.224
vn 0.000 -0.961 -0.277
vn -0.163 -0.961 -0.224
vn -0.264 -0.961 -0.086
vn -0.264 -0.961 0.086
vn -0.163 -0.961 0.224
vn -0.000 -0.961 0.277
vn -0.000 -0.756 0.655
vn 0.385 -0.756 0.530
vn 0.623 -0.756 0.202
vn 0.623 -0.756 -0.202
vn 0.385 -0.756 -0.530
vn 0.000 -0.756 -0.655
vn -0.385 -0.756 -0.530
vn -0.623 -0.756 -0.202
vn -0.623 -0.756 0.202
vn -0.385 -0.756 0.530
vn -0.000 -0.756 0.655
vn 0.000 -0.000 1.000
vn 0.588 -0.000 0.809
vn 0.951 -0.000 0.309
vn 0.951 -0.000 -0.309
vn 0.588 -0.000 -0.809
vn 0.000 -0.000 -1.000
vn -0.588 -0.000 -0.809
vn -0.951 -0.000 -0.309
vn -0.951 -0.000 0.309
vn -0.588 -0.000 0.809
vn 0.000 -0.000 1.000
vn -0.000 0.756 0.655
vn 0.385 0.756 0.530
vn 0.623 0.756 0.202
vn 0.623 0.756 -0.202
vn 0.385 0.756 -0.530
vn 0.000 0.756 -0.655
vn -0.385 0.756 -0.530
vn -0.623 0.756 -0.202
vn -0.623 0.756 0.202
vn -0.385 0.756 0.530
vn -0.000 0.756 0.655
vn -0.000 0.961 0.277
vn 0.163 0.961 0.224
vn 0.264 0.961 0.086
vn 0.264 0.961 -0.086
vn 0.163 0.961 -0.224
vn 0.000 0.961 -0.277
vn -0.163 0.961 -0.224
vn -0.264 0.961 -0.086
vn -0.264 0.961 0.086
vn -0.163 0.961 0.224
vn -0.000 0.961 0.277
vn -0.000 0.961 0.277
vn 0.163 0.961 0.224
vn 0.264 0.961 0.086
vn 0.264 0.961 -0.086
vn 0.163 0.961 -0.224
vn 0.000 0.961 -0.277
vn -0.163 0.961 -0.224
vn -0.264 0.961 -0.086
vn -0.264 0.961 0.086
vn -0.163 0.961 0.224
vn -0.000 0.961 0.277
usemtl cane
f 1/1/1 2/2/2 9/9/9
f 1/1/1 9/9/9 8/8/8
f 2/2/2 3/3/3 10/10/10
f 2/2/2 10/10/10 9/9/9
f 3/3/3 4/4/4 11/11/11
f 3/3/3 11/11/11 10/10/10
f 4/4/4 5/5/5 12/12/12
f 4/4/4 12/12/12 11/11/11
f 5/5/5 6/6/6 13/13/13
f 5/5/5 13/13/13 12/12/12
f 6/6/6 7/7/7 14/14/14
f 6/6/6 14/14/14 13/13/13
f 8/8/8 9/9/9 16/16/16
f 8/8/8 16/16/16 15/15/15
f 9/9/9 10/10/10 17/17/17
f 9/9/9 17/17/17 16/16/16
f 10/10/10 11/11/11 18/18/18
f 10/10/10 18/18/18 17/17/17
f 11/11/11 12/12/12 19/19/19
f 11/11/11 19/19/19 18/18/18
f 12/12/12 13/13/13 20/20/20
f 12/12/12 20/20/20 19/19/19
f 13/13/13 14/14/14 21/21/21
f 13/13/13 21/21/21 20/20/20
f 15/15/15 16/16/16 23/23/23
f 15/15/15 23/23/23 22/22/22
f 16/16/16 17/17/17 24/24/24
f 16/16/16 24/24/24 23/23/23
f 17/17/17 18/18/18 25/25/25
f 17/17/17 25/25/25 24/24/24
f 18/18/18 19/19/19 26/26/26
f 18/18/18 26/26/26 25/25/25
f 19/19/19 20/20/20 27/27/27
f 19/19/19 27/27/27 26/26/26
f 20/20/20 21/21/21 28/28/28
f 20/20/20 28/28/28 27/27/27
f 29/29/29 31/31/31 30/30/30
f 29/29/29 32/32/32 31/31/31
f 29/29/29 33/33/33 32/32/32
f 29/29/29 34/34/34 33/33/33
f 29/29/29 35/35/35 34/34/34
f 29/29/29 30/30/30 35/35/35
f 36/36/36 37/37/37 38/38/38
f 36/36/36 38/38/38 39/39/39
f 36/36/36 39/39/39 40/40/40
f 36/36/36 40/40/40 41/41/41
f 36/36/36 41/41/41 42/42/42
f 36/36/36 42/42/42 37/37/37
f 43/43/43 44/44/44 51/51/51
f 43/43/43 51/51/51 50/50/50
f 44/44/44 45/45/45 52/52/52
f 44/44/44 52/52/52 51/51/51
f 45/45/45 46/46/46 53/53/53
f 45/45/45 53/53/53 52/52/52
f 46/46/46 47/47/47 54/54/54
f 46/46/46 54/54/54 53/53/53
f 47/47/47 48/48/48 55/55/55
f 47/47/47 55/55/55 54/54/54
f 48/48/48 49/49/49 56/56/56
f 48/48/48 56/56/56 55/55/55
f 50/50/50 51/51/51 58/58/58
f 50/50/50 58/58/58 57/57/57
f 51/51/51 52/52/52 59/59/59
f 51/51/51 59/59/59 58/58/58
f 52/52/52 53/53/53 60/60/60
f 52/52/52 60/60/60 59/59/59
f 53/53/53 54/54/54 61/61/61
f 53/53/53 61/61/61 60/60/60
f 54/54/54 55/55/55 62/62/62
f 54/54/54 62/62/62 61/61/61
f 55/55/55 56/56/56 63/63/63
f 55/55/55 63/63/63 62/62/62
f 57/57/57 58/58/58 65/65/65
f 57/57/57 65/65/65 64/64/64
f 58/58/58 59/59/59 66/66/66
f 58/58/58 66/66/66 65/65/65
f 59/59/59 60/60/60 67/67/67
f 59/59/59 67/67/67 66/66/66
f 60/60/60 61/61/61 68/68/68
f 60/60/60 68/68/68 67/67/67
f 61/61/61 62/62/62 69/69/69
f 61/61/61 69/69/69 68/68/68
f 62/62/62 63/63/63 70/70/70
f 62/62/62 70/70/70 69/69/69
f 71/71/71 73/73/73 72/72/72
f 71/71/71 74/74/74 73/73/73
f 71/71/71 75/75/75 74/74/74
f 71/71/71 76/76/76 75/75/75
f 71/71/71 77/77/77 76/76/76
f 71/71/71 72/72/72 77/77/77
f 78/78/78 79/79/79 80/80/80
f 78/78/78 80/80/80 81/81/81
f 78/78/78 81/81/81 82/82/82
f 78/78/78 82/82/82 83/83/83
f 78/78/78 83/83/83 84/84/84
f 78/78/78 84/84/84 79/79/79
f 85/85/85 86/86/86 93/93/93
f 85/85/85 93/93/93 92/92/92
f 86/86/86 87/87/87 94/94/94
f 86/86/86 94/94/94 93/93/93
f 87/87/87 88/88/88 95/95/95
f 87/87/87 95/95/95 94/94/94
f 88/88/88 89/89/89 96/96/96
f 88/88/88 96/96/96 95/95/95
f 89/89/89 90/90/90 97/97/97
f 89/89/89 97/97/97 96/96/96
f 90/90/90 91/91/91 98/98/98
f 90/90/90 98/98/98 97/97/97
f 92/92/92 93/93/93 100/100/100
f 92/92/92 100/100/100 99/99/99
f 93/93/93 94/94/94 101/101/101
f 93/93/93 101/101/101 100/100/100
f 94/94/94 95/95/95 102/102/102
f 94/94/94 102/102/102 101/101/101
f 95/95/95 96/96/96 103/103/103
f 95/95/95 103/103/103 102/102/102
f 96/96/96 97/97/97 104/104/104
f 96/96/96 104/104/104 103/103/103
f 97/97/97 98/98/98 105/105/105
f 97/97/97 105/105/105 104/104/104
f 99/99/99 100/100/100 107/107/107
f 99/99/99 107/107/107 106/106/106
f 100/100/100 101/101/101 108/108/108
f 100/100/100 108/108/108 107/107/107
f 101/101/101 102/102/102 109/109/109
f 101/101/101 109/109/109 108/108/108
f 102/102/102 103/103/103 110/110/110
f 102/102/102 110/110/110 109/109/109
f 103/103/103 104/104/104 111/111/111
f 103/103/103 111/111/111 110/110/110
f 104/104/104 105/105/105 112/112/112
f 104/104/104 112/112/112 111/111/111
f 113/113/113 115/115/115 114/114/114
f 113/113/113 116/116/116 115/115/115
f 113/113/113 117/117/117 116/116/116
f 113/113/113 118/118/118 117/117/117
f 113/113/113 119/119/119 118/118/118
f 113/113/113 114/114/114 119/119/119
f 120/120/120 121/121/121 122/122/122
f 120/120/120 122/122/122 123/123/123
f 120/120/120 123/123/123 124/124/124
f 120/120/120 124/124/124 125/125/125
f 120/120/120 125/125/125 126/126/126
f 120/120/120 126/126/126 121/121/121
f 127/127/127 128/128/128 135/135/135
f 127/127/127 135/135/135 134/134/134
f 128/128/128 129/129/129 136/136/136
f 128/128/128 136/136/136 135/135/135
f 129/129/129 130/130/130 137/137/137
f 129/129/129 137/137/137 136/136/136
f 130/130/130 131/131/131 138/138/138
f 130/130/130 138/138/138 137/137/137
f 131/131/131 132/132/132 139/139/139
f 131/131/131 139/139/139 138/138/138
f 132/132/132 133/133/133 140/140/140
f 132/132/132 140/140/140 139/139/139
f 134/134/134 135/135/135 142/142/142
f 134/134/134 142/142/142 141/141/141
f 135/135/135 136/136/136 143/143/143
f 135/135/135 143/143/143 142/142/142
f 136/136/136 137/137/137 144/144/144
f 136/136/136 144/144/144 143/143/143
f 137/137/137 138/138/138 145/145/145
f 137/137/137 145/145/145 144/144/144
f 138/138/138 139/139/139 146/146/146
f 138/138/138 146/146/146 145/145/145
f 139/139/139 140/140/140 147/147/147
f 139/139/139 147/147/147 146/146/146
f 141/141/141 142/142/142 149/149/149
f 141/141/141 149/149/149 148/148/148
f 142/142/142 143/143/143 150/150/150
f 142/142/142 150/150/150 149/149/149
f 143/143/143 144/144/144 151/151/151
f 143/143/143 151/151/151 150/150/150
f 144/144/144 145/145/145 152/152/152
f 144/144/144 152/152/152 151/151/151
f 145/145/145 146/146/146 153/153/153
f 145/145/145 153/153/153 152/152/152
f 146/146/146 147/147/147 154/154/154
f 146/146/146 154/154/154 153/153/153
f 155/155/155 157/157/157 156/156/156
f 155/155/155 158/158/158 157/157/157
f 155/155/155 159/159/159 158/158/158
f 155/155/155 160/160/160 159/159/159
f 155/155/155 161/161/161 160/160/160
f 155/155/155 156/156/156 161/161/161
f 162/162/162 163/163/163 164/164/164
f 162/162/162 164/164/164 165/165/165
f 162/162/162 165/165/165 166/166/166
f 162/162/162 166/166/166 167/167/167
f 162/162/162 167/167/167 168/168/168
f 162/162/162 168/168/168 163/163/163
f 169/169/169 170/170/170 177/177/177
f 169/169/169 177/177/177 176/176/176
f 170/170/170 171/171/171 178/178/178
f 170/170/170 178/178/178 177/177/177
f 171/171/171 172/172/172 179/179/179
f 171/171/171 179/179/179 178/178/178
f 172/172/172 173/173/173 180/180/180
f 172/172/172 180/180/180 179/179/179
f 173/173/173 174/174/174 181/181/181
f 173/173/173 181/181/181 180/180/180
f 174/174/174 175/175/175 182/182/182
f 174/174/174 182/182/182 181/181/181
f 176/176/176 177/177/177 184/184/184
f 176/176/176 184/184/184 183/183/183
f 177/177/177 178/178/178 185/185/185
f 177/177/177 185/185/185 184/184/184
f 178/178/178 179/179/179 186/186/186
f 178/178/178 186/186/186 185/185/185
f 179/179/179 180/180/180 187/187/187
f 179/179/179 187/187/187 186/186/186
f 180/180/180 181/181/181 188/188/188
f 180/180/180 188/188/188 187/187/187
f 181/181/181 182/182/182 189/189/189
f 181/181/181 189/189/189 188/188/188
f 183/183/183 184/184/184 191/191/191
f 183/183/183 191/191/191 190/190/190
f 184/184/184 185/185/185 192/192/192
f 184/184/184 192/192/192 191/191/191
f 185/185/185 186/186/186 193/193/193
f 185/185/185 193/193/193 192/192/192
f 186/186/186 187/187/187 194/194/194
f 186/186/186 194/194/194 193/193/193
f 187/187/187 188/188/188 195/195/195
f 187/187/187 195/195/195 194/194/194
f 188/188/188 189/189/189 196/196/196
f 188/188/188 196/196/196 195/195/195
f 197/197/197 199/199/199 198/198/198
f 197/197/197 200/200/200 199/199/199
f 197/197/197 201/201/201 200/200/200
f 197/197/197 202/202/202 201/201/201
f 197/197/197 203/203/203 202/202/202
f 197/197/197 198/198/198 203/203/203
f 204/204/204 205/205/205 206/206/206
f 204/204/204 206/206/206 207/207/207
f 204/204/204 207/207/207 208/208/208
f 204/204/204 208/208/208 209/209/209
f 204/204/204 209/209/209 210/210/210
f 204/204/204 210/210/210 205/205/205
f 211/211/211 212/212/212 219/219/219
f 211/211/211 219/219/219 218/218/218
f 212/212/212 213/213/213 220/220/220
f 212/212/212 220/220/220 219/219/219
f 213/213/213 214/214/214 221/221/221
f 213/213/213 221/221/221 220/220/220
f 214/214/214 215/215/215 222/222/222
f 214/214/214 222/222/222 221/221/221
f 215/215/215 216/216/216 223/223/223
f 215/215/215 223/223/223 222/222/222
f 216/216/216 217/217/217 224/224/224
f 216/216/216 224/224/224 223/223/223
f 218/218/218 219/219/219 226/226/226
f 218/218/218 226/226/226 225/225/225
f 219/219/219 220/220/220 227/227/227
f 219/219/219 227/227/227 226/226/226
f 220/220/220 221/221/221 228/228/228
f 220/220/220 228/228/228 227/227/227
f 221/221/221 222/222/222 229/229/229
f 221/221/221 229/229/229 228/228/228
f 222/222/222 223/223/223 230/230/230
f 222/222/222 230/230/230 229/229/229
f 223/223/223 224/224/224 231/231/231
f 223/223/223 231/231/231 230/230/230
f 225/225/225 226/226/226 233/233/233
f 225/225/225 233/233/233 232/232/232
f 226/226/226 227/227/227 234/234/234
f 226/226/226 234/234/234 233/233/233
f 227/227/227 228/228/228 235/235/235
f 227/227/227 235/235/235 234/234/234
f 228/228/228 229/229/229 236/236/236
f 228/228/228 236/236/236 235/235/235
f 229/229/229 230/230/230 237/237/237
f 229/229/229 237/237/237 236/236/236
f 230/230/230 231/231/231 238/238/238
f 230/230/230 238/238/238 237/237/237
f 239/239/239 241/241/241 240/240/240
f 239/239/239 242/242/242 241/241/241
f 239/239/239 243/243/243 242/242/242
f 239/239/239 244/244/244 243/243/243
f 239/239/239 245/245/245 244/244/244
f 239/239/239 240/240/240 245/245/245
f 246/246/246 247/247/247 248/248/248
f 246/246/246 248/248/248 249/249/249
f 246/246/246 249/249/249 250/250/250
f 246/246/246 250/250/250 251/251/251
f 246/246/246 251/251/251 252/252/252
f 246/246/246 252/252/252 247/247/247
f 253/253/253 254/254/254 261/261/261
f 253/253/253 261/261/261 260/260/260
f 254/254/254 255/255/255 262/262/262
f 254/254/254 262/262/262 261/261/261
f 255/255/255 256/256/256 263/263/263
f 255/255/255 263/263/263 262/262/262
f 256/256/256 257/257/257 264/264/264
f 256/256/256 264/264/264 263/263/263
f 257/257/257 258/258/258 265/265/265
f 257/257/257 265/265/265 264/264/264
f 258/258/258 259/259/259 266/266/266
f 258/258/258 266/266/266 265/265/265
f 260/260/260 261/261/261 268/268/268
f 260/260/260 268/268/268 267/267/267
f 261/261/261 262/262/262 269/269/269
f 261/261/261 269/269/269 268/268/268
f 262/262/262 263/263/263 270/270/270
f 262/262/262 270/270/270 269/269/269
f 263/263/263 264/264/264 271/271/271
f 263/263/263 271/271/271 270/270/270
f 264/264/264 265/265/265 272/272/272
f 264/264/264 272/272/272 271/271/271
f 265/265/265 266/266/266 273/273/273
f 265/265/265 273/273/273 272/272/272
f 267/267/267 268/268/268 275/275/275
f 267/267/267 275/275/275 274/274/274
f 268/268/268 269/269/269 276/276/276
f 268/268/268 276/276/276 275/275/275
f 269/269/269 270/270/270 277/277/277
f 269/269/269 277/277/277 276/276/276
f 270/270/270 271/271/271 278/278/278
f 270/270/270 278/278/278 277/277/277
f 271/271/271 272/272/272 279/279/279
f 271/271/271 279/279/279 278/278/278
f 272/272/272 273/273/273 280/280/280
f 272/272/272 280/280/280 279/279/279
f 281/281/281 283/283/283 282/282/282
f 281/281/281 284/284/284 283/283/283
f 281/281/281 285/285/285 284/284/284
f 281/281/281 286/286/286 285/285/285
f 281/281/281 287/287/287 286/286/286
f 281/281/281 282/282/282 287/287/287
f 288/288/288 289/289/289 290/290/290
f 288/288/288 290/290/290 291/291/291
f 288/288/288 291/291/291 292/292/292
f 288/288/288 292/292/292 293/293/293
f 288/288/288 293/293/293 294/294/294
f 288/288/288 294/294/294 289/289/289
f 295/295/295 296/296/296 303/303/303
f 295/295/295 303/303/303 302/302/302
f 296/296/296 297/297/297 304/304/304
f 296/296/296 304/304/304 303/303/303
f 297/297/297 298/298/298 305/305/305
f 297/297/297 305/305/305 304/304/304
f 298/298/298 299/299/299 306/306/306
f 298/298/298 306/306/306 305/305/305
f 299/299/299 300/300/300 307/307/307
f 299/299/299 307/307/307 306/306/306
f 300/300/300 301/301/301 308/308/308
f 300/300/300 308/308/308 307/307/307
f 302/302/302 303/303/303 310/310/310
f 302/302/302 310/310/310 309/309/309
f 303/303/303 304/304/304 311/311/311
f 303/303/303 311/311/311 310/310/310
f 304/304/304 305/305/305 312/312/312
f 304/304/304 312/312/312 311/311/311
f 305/305/305 306/306/306 313/313/313
f 305/305/305 313/313/313 312/312/312
f 306/306/306 307/307/307 314/314/314
f 306/306/306 314/314/314 313/313/313
f 307/307/307 308/308/308 315/315/315
f 307/307/307 315/315/315 314/314/314
f 309/309/309 310/310/310 317/317/317
f 309/309/309 317/317/317 316/316/316
f 310/310/310 311/311/311 318/318/318
f 310/310/310 318/318/318 317/317/317
f 311/311/311 312/312/312 319/319/319
f 311/311/311 319/319/319 318/318/318
f 312/312/312 313/313/313 320/320/320
f 312/312/312 320/320/320 319/319/319
f 313/313/313 314/314/314 321/321/321
f 313/313/313 321/321/321 320/320/320
f 314/314/314 315/315/315 322/322/322
f 314/314/314 322/322/322 321/321/321
f 323/323/323 325/325/325 324/324/324
f 323/323/323 326/326/326 325/325/325
f 323/323/323 327/327/327 326/326/326
f 323/323/323 328/328/328 327/327/327
f 323/323/323 329/329/329 328/328/328
f 323/323/323 324/324/324 329/329/329
f 330/330/330 331/331/331 332/332/332
f 330/330/330 332/332/332 333/333/333
f 330/330/330 333/333/333 334/334/334
f 330/330/330 334/334/334 335/335/335
f 330/330/330 335/335/335 336/336/336
f 330/330/330 336/336/336 331/331/331
f 337/337/337 338/338/338 345/345/345
f 337/337/337 345/345/345 344/344/344
f 338/338/338 339/339/339 346/346/346
f 338/338/338 346/346/346 345/345/345
f 339/339/339 340/340/340 347/347/347
f 339/339/339 347/347/347 346/346/346
f 340/340/340 341/341/341 348/348/348
f 340/340/340 348/348/348 347/347/347
f 341/341/341 342/342/342 349/349/349
f 341/341/341 349/349/349 348/348/348
f 342/342/342 343/343/343 350/350/350
f 342/342/342 350/350/350 349/349/349
f 344/344/344 345/345/345 352/352/352
f 344/344/344 352/352/352 351/351/351
f 345/345/345 346/346/346 353/353/353
f 345/345/345 353/353/353 352/352/352
f 346/346/346 347/347/347 354/354/354
f 346/346/346 354/354/354 353/353/353
f 347/347/347 348/348/348 355/355/355
f 347/347/347 355/355/355 354/354/354
f 348/348/348 349/349/349 356/356/356
f 348/348/348 356/356/356 355/355/355
f 349/349/349 350/350/350 357/357/357
f 349/349/349 357/357/357 356/356/356
f 351/351/351 352/352/352 359/359/359
f 351/351/351 359/359/359 358/358/358
f 352/352/352 353/353/353 360/360/360
f 352/352/352 360/360/360 359/359/359
f 353/353/353 354/354/354 361/361/361
f 353/353/353 361/361/361 360/360/360
f 354/354/354 355/355/355 362/362/362
f 354/354/354 362/362/362 361/361/361
f 355/355/355 356/356/356 363/363/363
f 355/355/355 363/363/363 362/362/362
f 356/356/356 357/357/357 364/364/364
f 356/356/356 364/364/364 363/363/363
f 365/365/365 367/367/367 366/366/366
f 365/365/365 368/368/368 367/367/367
f 365/365/365 369/369/369 368/368/368
f 365/365/365 370/370/370 369/369/369
f 365/365/365 371/371/371 370/370/370
f 365/365/365 366/366/366 371/371/371
f 372/372/372 373/373/373 374/374/374
f 372/372/372 374/374/374 375/375/375
f 372/372/372 375/375/375 376/376/376
f 372/372/372 376/376/376 377/377/377
f 372/372/372 377/377/377 378/378/378
f 372/372/372 378/378/378 373/373/373
usemtl leaf
f 379/379/379 380/380/380 391/391/391
f 379/379/379 391/391/391 390/390/390
f 380/380/380 381/381/381 392/392/392
f 380/380/380 392/392/392 391/391/391
f 381/381/381 382/382/382 393/393/393
f 381/381/381 393/393/393 392/392/392
f 382/382/382 383/383/383 394/394/394
f 382/382/382 394/394/394 393/393/393
f 383/383/383 384/384/384 395/395/395
f 383/383/383 395/395/395 394/394/394
f 384/384/384 385/385/385 396/396/396
f 384/384/384 396/396/396 395/395/395
f 385/385/385 386/386/386 397/397/397
f 385/385/385 397/397/397 396/396/396
f 386/386/386 387/387/387 398/398/398
f 386/386/386 398/398/398 397/397/397
f 387/387/387 388/388/388 399/399/399
f 387/387/387 399/399/399 398/398/398
f 388/388/388 389/389/389 400/400/400
f 388/388/388 400/400/400 399/399/399
f 390/390/390 391/391/391 402/402/402
f 390/390/390 402/402/402 401/401/401
f 391/391/391 392/392/392 403/403/403
f 391/391/391 403/403/403 402/402/402
f 392/392/392 393/393/393 404/404/404
f 392/392/392 404/404/404 403/403/403
f 393/393/393 394/394/394 405/405/405
f 393/393/393 405/405/405 404/404/404
f 394/394/394 395/395/395 406/406/406
f 394/394/394 406/406/406 405/405/405
f 395/395/395 396/396/396 407/407/407
f 395/395/395 407/407/407 406/406/406
f 396/396/396 397/397/397 408/408/408
f 396/396/396 408/408/408 407/407/407
f 397/397/397 398/398/398 409/409/409
f 397/397/397 409/409/409 408/408/408
f 398/398/398 399/399/399 410/410/410
f 398/398/398 410/410/410 409/409/409
f 399/399/399 400/400/400 411/411/411
f 399/399/399 411/411/411 410/410/410
f 401/401/401 402/402/402 413/413/413
f 401/401/401 413/413/413 412/412/412
f 402/402/402 403/403/403 414/414/414
f 402/402/402 414/414/414 413/413/413
f 403/403/403 404/404/404 415/415/415
f 403/403/403 415/415/415 414/414/414
f 404/404/404 405/405/405 416/416/416
f 404/404/404 416/416/416 415/415/415
f 405/405/405 406/406/406 417/417/417
f 405/405/405 417/417/417 416/416/416
f 406/406/406 407/407/407 418/418/418
f 406/406/406 418/418/418 417/417/417
f 407/407/407 408/408/408 419/419/419
f 407/407/407 419/419/419 418/418/418
f 408/408/408 409/409/409 420/420/420
f 408/408/408 420/420/420 419/419/419
f 409/409/409 410/410/410 421/421/421
f 409/409/409 421/421/421 420/420/420
f 410/410/410 411/411/411 422/422/422
f 410/410/410 422/422/422 421/421/421
f 412/412/412 413/413/413 424/424/424
f 412/412/412 424/424/424 423/423/423
f 413/413/413 414/414/414 425/425/425
f 413/413/413 425/425/425 424/424/424
f 414/414/414 415/415/415 426/426/426
f 414/414/414 426/426/426 425/425/425
f 415/415/415 416/416/416 427/427/427
f 415/415/415 427/427/427 426/426/426
f 416/416/416 417/417/417 428/428/428
f 416/416/416 428/428/428 427/427/427
f 417/417/417 418/418/418 429/429/429
f 417/417/417 429/429/429 428/428/428
f 418/418/418 419/419/419 430/430/430
f 418/418/418 430/430/430 429/429/429
f 419/419/419 420/420/420 431/431/431
f 419/419/419 431/431/431 430/430/430
f 420/420/420 421/421/421 432/432/432
f 420/420/420 432/432/432 431/431/431
f 421/421/421 422/422/422 433/433/433
f 421/421/421 433/433/433 432/432/432
f 423/423/423 424/424/424 435/435/435
f 423/423/423 435/435/435 434/434/434
f 424/424/424 425/425/425 436/436/436
f 424/424/424 436/436/436 435/435/435
f 425/425/425 426/426/426 437/437/437
f 425/425/425 437/437/437 436/436/436
f 426/426/426 427/427/427 438/438/438
f 426/426/426 438/438/438 437/437/437
f 427/427/427 428/428/428 439/439/439
f 427/427/427 439/439/439 438/438/438
f 428/428/428 429/429/429 440/440/440
f 428/428/428 440/440/440 439/439/439
f 429/429/429 430/430/430 441/441/441
f 429/429/429 441/441/441 440/440/440
f 430/430/430 431/431/431 442/442/442
f 430/430/430 442/442/442 441/441/441
f 431/431/431 432/432/432 443/443/443
f 431/431/431 443/443/443 442/442/442
f 432/432/432 433/433/433 444/444/444
f 432/432/432 444/444/444 443/443/443
f 434/434/434 435/435/435 446/446/446
f 434/434/434 446/446/446 445/445/445
f 435/435/435 436/436/436 447/447/447
f 435/435/435 447/447/447 446/446/446
f 436/436/436 437/437/437 448/448/448
f 436/436/436 448/448/448 447/447/447
f 437/437/437 438/438/438 449/449/449
f 437/437/437 449/449/449 448/448/448
f 438/438/438 439/439/439 450/450/450
f 438/438/438 450/450/450 449/449/449
f 439/439/439 440/440/440 451/451/451
f 439/439/439 451/451/451 450/450/450
f 440/440/440 441/441/441 452/452/452
f 440/440/440 452/452/452 451/451/451
f 441/441/441 442/442/442 453/453/453
f 441/441/441 453/453/453 452/452/452
f 442/442/442 443/443/443 454/454/454
f 442/442/442 454/454/454 453/453/453
f 443/443/443 444/444/444 455/455/455
f 443/443/443 455/455/455 454/454/454
f 456/456/456 457/457/457 468/468/468
f 456/456/456 468/468/468 467/467/467
f 457/457/457 458/458/458 469/469/469
f 457/457/457 469/469/469 468/468/468
f 458/458/458 459/459/459 470/470/470
f 458/458/458 470/470/470 469/469/469
f 459/459/459 460/460/460 471/471/471
f 459/459/459 471/471/471 470/470/470
f 460/460/460 461/461/461 472/472/472
f 460/460/460 472/472/472 471/471/471
f 461/461/461 462/462/462 473/473/473
f 461/461/461 473/473/473 472/472/472
f 462/462/462 463/463/463 474/474/474
f 462/462/462 474/474/474 473/473/473
f 463/463/463 464/464/464 475/475/475
f 463/463/463 475/475/475 474/474/474
f 464/464/464 465/465/465 476/476/476
f 464/464/464 476/476/476 475/475/475
f 465/465/465 466/466/466 477/477/477
f 465/465/465 477/477/477 476/476/476
f 467/467/467 468/468/468 479/479/479
f 467/467/467 479/479/479 478/478/478
f 468/468/468 469/469/469 480/480/480
f 468/468/468 480/480/480 479/479/479
f 469/469/469 470/470/470 481/481/481
f 469/469/469 481/481/481 480/480/480
f 470/470/470 471/471/471 482/482/482
f 470/470/470 482/482/482 481/481/481
f 471/471/471 472/472/472 483/483/483
f 471/471/471 483/483/483 482/482/482
f 472/472/472 473/473/473 484/484/484
f 472/472/472 484/484/484 483/483/483
f 473/473/473 474/474/474 485/485/485
f 473/473/473 485/485/485 484/484/484
f 474/474/474 475/475/475 486/486/486
f 474/474/474 486/486/486 485/485/485
f 475/475/475 476/476/476 487/487/487
f 475/475/475 487/487/487 486/486/486
f 476/476/476 477/477/477 488/488/488
f 476/476/476 488/488/488 487/487/487
f 478/478/478 479/479/479 490/490/490
f 478/478/478 490/490/490 489/489/489
f 479/479/479 480/480/480 491/491/491
f 479/479/479 491/491/491 490/490/490
f 480/480/480 481/481/481 492/492/492
f 480/480/480 492/492/492 491/491/491
f 481/481/481 482/482/482 493/493/493
f 481/481/481 493/493/493 492/492/492
f 482/482/482 483/483/483 494/494/494
f 482/482/482 494/494/494 493/493/493
f 483/483/483 484/484/484 495/495/495
f 483/483/483 495/495/495 494/494/494
f 484/484/484 485/485/485 496/496/496
f 484/484/484 496/496/496 495/495/495
f 485/485/485 486/486/486 497/497/497
f 485/485/485 497/497/497 496/496/496
f 486/486/486 487/487/487 498/498/498
f 486/486/486 498/498/498 497/497/497
f 487/487/487 488/488/488 499/499/499
f 487/487/487 499/499/499 498/498/498
f 489/489/489 490/490/490 501/501/501
f 489/489/489 501/501/501 500/500/500
f 490/490/490 491/491/491 502/502/502
f 490/490/490 502/502/502 501/501/501
f 491/491/491 492/492/492 503/503/503
f 491/491/491 503/503/503 502/502/502
f 492/492/492 493/493/493 504/504/504
f 492/492/492 504/504/504 503/503/503
f 493/493/493 494/494/494 505/505/505
f 493/493/493 505/505/505 504/504/504
f 494/494/494 495/495/495 506/506/506
f 494/494/494 506/506/506 505/505/505
f 495/495/495 496/496/496 507/507/507
f 495/495/495 507/507/507 506/506/506
f 496/496/496 497/497/497 508/508/508
f 496/496/496 508/508/508 507/507/507
f 497/497/497 498/498/498 509/509/509
f 497/497/497 509/509/509 508/508/508
f 498/498/498 499/499/499 510/510/510
f 498/498/498 510/510/510 509/509/509
f 500/500/500 501/501/501 512/512/512
f 500/500/500 512/512/512 511/511/511
f 501/501/501 502/502/502 513/513/513
f 501/501/501 513/513/513 512/512/512
f 502/502/502 503/503/503 514/514/514
f 502/502/502 514/514/514 513/513/513
f 503/503/503 504/504/504 515/515/515
f 503/503/503 515/515/515 514/514/514
f 504/504/504 505/505/505 516/516/516
f 504/504/504 516/516/516 515/515/515
f 505/505/505 506/506/506 517/517/517
f 505/505/505 517/517/517 516/516/516
f 506/506/506 507/507/507 518/518/518
f 506/506/506 518/518/518 517/517/517
f 507/507/507 508/508/508 519/519/519
f 507/507/507 519/519/519 518/518/518
f 508/508/508 509/509/509 520/520/520
f 508/508/508 520/520/520 519/519/519
f 509/509/509 510/510/510 521/521/521
f 509/509/509 521/521/521 520/520/520
f 511/511/511 512/512/512 523/523/523
f 511/511/511 523/523/523 522/522/522
f 512/512/512 513/513/513 524/524/524
f 512/512/512 524/524/524 523/523/523
f 513/513/513 514/514/514 525/525/525
f 513/513/513 525/525/525 524/524/524
f 514/514/514 515/515/515 526/526/526
f 514/514/514 526/526/526 525/525/525
f 515/515/515 516/516/516 527/527/527
f 515/515/515 527/527/527 526/526/526
f 516/516/516 517/517/517 528/528/528
f 516/516/516 528/528/528 527/527/527
f 517/517/517 518/518/518 529/529/529
f 517/517/517 529/529/529 528/528/528
f 518/518/518 519/519/519 530/530/530
f 518/518/518 530/530/530 529/529/529
f 519/519/519 520/520/520 531/531/531
f 519/519/519 531/531/531 530/530/530
f 520/520/520 521/521/521 532/532/532
f 520/520/520 532/532/532 531/531/531
f 533/533/533 534/534/534 545/545/545
f 533/533/533 545/545/545 544/544/544
f 534/534/534 535/535/535 546/546/546
f 534/534/534 546/546/546 545/545/545
f 535/535/535 536/536/536 547/547/547
f 535/535/535 547/547/547 546/546/546
f 536/536/536 537/537/537 548/548/548
f 536/536/536 548/548/548 547/547/547
f 537/537/537 538/538/538 549/549/549
f 537/537/537 549/549/549 548/548/548
f 538/538/538 539/539/539 550/550/550
f 538/538/538 550/550/550 549/549/549
f 539/539/539 540/540/540 551/551/551
f 539/539/539 551/551/551 550/550/550
f 540/540/540 541/541/541 552/552/552
f 540/540/540 552/552/552 551/551/551
f 541/541/541 542/542/542 553/553/553
f 541/541/541 553/553/553 552/552/552
f 542/542/542 543/543/543 554/554/554
f 542/542/542 554/554/554 553/553/553
f 544/544/544 545/545/545 556/556/556
f 544/544/544 556/556/556 555/555/555
f 545/545/545 546/546/546 557/557/557
f 545/545/545 557/557/557 556/556/556
f 546/546/546 547/547/547 558/558/558
f 546/546/546 558/558/558 557/557/557
f 547/547/547 548/548/548 559/559/559
f 547/547/547 559/559/559 558/558/558
f 548/548/548 549/549/549 560/560/560
f 548/548/548 560/560/560 559/559/559
f 549/549/549 550/550/550 561/561/561
f 549/549/549 561/561/561 560/560/560
f 550/550/550 551/551/551 562/562/562
f 550/550/550 562/562/562 561/561/561
f 551/551/551 552/552/552 563/563/563
f 551/551/551 563/563/563 562/562/562
f 552/552/552 553/553/553 564/564/564
f 552/552/552 564/564/564 563/563/563
f 553/553/553 554/554/554 565/565/565
f 553/553/553 565/565/565 564/564/564
f 555/555/555 556/556/556 567/567/567
f 555/555/555 567/567/567 566/566/566
f 556/556/556 557/557/557 568/568/568
f 556/556/556 568/568/568 567/567/567
f 557/557/557 558/558/558 569/569/569
f 557/557/557 569/569/569 568/568/568
f 558/558/558 559/559/559 570/570/570
f 558/558/558 570/570/570 569/569/569
f 559/559/559 560/560/560 571/571/571
f 559/559/559 571/571/571 570/570/570
f 560/560/560 561/561/561 572/572/572
f 560/560/560 572/572/572 571/571/571
f 561/561/561 562/562/562 573/573/573
f 561/561/561 573/573/573 572/572/572
f 562/562/562 563/563/563 574/574/574
f 562/562/562 574/574/574 573/573/573
f 563/563/563 564/564/564 575/575/575
f 563/563/563 575/575/575 574/574/574
f 564/564/564 565/565/565 576/576/576
f 564/564/564 576/576/576 575/575/575
f 566/566/566 567/567/567 578/578/578
f 566/566/566 578/578/578 577/577/577
f 567/567/567 568/568/568 579/579/579
f 567/567/567 579/579/579 578/578/578
f 568/568/568 569/569/569 580/580/580
f 568/568/568 580/580/580 579/579/579
f 569/569/569 570/570/570 581/581/581
f 569/569/569 581/581/581 580/580/580
f 570/570/570 571/571/571 582/582/582
f 570/570/570 582/582/582 581/581/581
f 571/571/571 572/572/572 583/583/583
f 571/571/571 583/583/583 582/582/582
f 572/572/572 573/573/573 584/584/584
f 572/572/572 584/584/584 583/583/583
f 573/573/573 574/574/574 585/585/585
f 573/573/573 585/585/585 584/584/584
f 574/574/574 575/575/575 586/586/586
f 574/574/574 586/586/586 585/585/585
f 575/575/575 576/576/576 587/587/587
f 575/575/575 587/587/587 586/586/586
f 577/577/577 578/578/578 589/589/589
f 577/577/577 589/589/589 588/588/588
f 578/578/578 579/579/579 590/590/590
f 578/578/578 590/590/590 589/589/589
f 579/579/579 580/580/580 591/591/591
f 579/579/579 591/591/591 590/590/590
f 580/580/580 581/581/581 592/592/592
f 580/580/580 592/592/592 591/591/591
f 581/581/581 582/582/582 593/593/593
f 581/581/581 593/593/593 592/592/592
f 582/582/582 583/583/583 594/594/594
f 582/582/582 594/594/594 593/593/593
f 583/583/583 584/584/584 595/595/595
f 583/583/583 595/595/595 594/594/594
f 584/584/584 585/585/585 596/596/596
f 584/584/584 596/596/596 595/595/595
f 585/585/585 586/586/586 597/597/597
f 585/585/585 597/597/597 596/596/596
f 586/586/586 587/587/587 598/598/598
f 586/586/586 598/598/598 597/597/597
f 588/588/588 589/589/589 600/600/600
f 588/588/588 600/600/600 599/599/599
f 589/589/589 590/590/590 601/601/601
f 589/589/589 601/601/601 600/600/600
f 590/590/590 591/591/591 602/602/602
f 590/590/590 602/602/602 601/601/601
f 591/591/591 592/592/592 603/603/603
f 591/591/591 603/603/603 602/602/602
f 592/592/592 593/593/593 604/604/604
f 592/592/592 604/604/604 603/603/603
f 593/593/593 594/594/594 605/605/605
f 593/593/593 605/605/605 604/604/604
f 594/594/594 595/595/595 606/606/606
f 594/594/594 606/606/606 605/605/605
f 595/595/595 596/596/596 607/607/607
f 595/595/595 607/607/607 606/606/606
f 596/596/596 597/597/597 608/608/608
f 596/596/596 608/608/608 607/607/607
f 597/597/597 598/598/598 609/609/609
f 597/597/597 609/609/609 608/608/608
f 610/610/610 611/611/611 622/622/622
f 610/610/610 622/622/622 621/621/621
f 611/611/611 612/612/612 623/623/623
f 611/611/611 623/623/623 622/622/622
f 612/612/612 613/613/613 624/624/624
f 612/612/612 624/624/624 623/623/623
f 613/613/613 614/614/614 625/625/625
f 613/613/613 625/625/625 624/624/624
f 614/614/614 615/615/615 626/626/626
f 614/614/614 626/626/626 625/625/625
f 615/615/615 616/616/616 627/627/627
f 615/615/615 627/627/627 626/626/626
f 616/616/616 617/617/617 628/628/628
f 616/616/616 628/628/628 627/627/627
f 617/617/617 618/618/618 629/629/629
f 617/617/617 629/629/629 628/628/628
f 618/618/618 619/619/619 630/630/630
f 618/618/618 630/630/630 629/629/629
f 619/619/619 620/620/620 631/631/631
f 619/619/619 631/631/631 630/630/630
f 621/621/621 622/622/622 633/633/633
f 621/621/621 633/633/633 632/632/632
f 622/622/622 623/623/623 634/634/634
f 622/622/622 634/634/634 633/633/633
f 623/623/623 624/624/624 635/635/635
f 623/623/623 635/635/635 634/634/634
f 624/624/624 625/625/625 636/636/636
f 624/624/624 636/636/636 635/635/635
f 625/625/625 626/626/626 637/637/637
f 625/625/625 637/637/637 636/636/636
f 626/626/626 627/627/627 638/638/638
f 626/626/626 638/638/638 637/637/637
f 627/627/627 628/628/628 639/639/639
f 627/627/627 639/639/639 638/638/638
f 628/628/628 629/629/629 640/640/640
f 628/628/628 640/640/640 639/639/639
f 629/629/629 630/630/630 641/641/641
f 629/629/629 641/641/641 640/640/640
f 630/630/630 631/631/631 642/642/642
f 630/630/630 642/642/642 641/641/641
f 632/632/632 633/633/633 644/644/644
f 632/632/632 644/644/644 643/643/643
f 633/633/633 634/634/634 645/645/645
f 633/633/633 645/645/645 644/644/644
f 634/634/634 635/635/635 646/646/646
f 634/634/634 646/646/646 645/645/645
f 635/635/635 636/636/636 647/647/647
f 635/635/635 647/647/647 646/646/646
f 636/636/636 637/637/637 648/648/648
f 636/636/636 648/648/648 647/647/647
f 637/637/637 638/638/638 649/649/649
f 637/637/637 649/649/649 648/648/648
f 638/638/638 639/639/639 650/650/650
f 638/638/638 650/650/650 649/649/649
f 639/639/639 640/640/640 651/651/651
f 639/639/639 651/651/651 650/650/650
f 640/640/640 641/641/641 652/652/652
f 640/640/640 652/652/652 651/651/651
f 641/641/641 642/642/642 653/653/653
f 641/641/641 653/653/653 652/652/652
f 643/643/643 644/644/644 655/655/655
f 643/643/643 655/655/655 654/654/654
f 644/644/644 645/645/645 656/656/656
f 644/644/644 656/656/656 655/655/655
f 645/645/645 646/646/646 657/657/657
f 645/645/645 657/657/657 656/656/656
f 646/646/646 647/647/647 658/658/658
f 646/646/646 658/658/658 657/657/657
f 647/647/647 648/648/648 659/659/659
f 647/647/647 659/659/659 658/658/658
f 648/648/648 649/649/649 660/660/660
f 648/648/648 660/660/660 659/659/659
f 649/649/649 650/650/650 661/661/661
f 649/649/649 661/661/661 660/660/660
f 650/650/650 651/651/651 662/662/662
f 650/650/650 662/662/662 661/661/661
f 651/651/651 652/652/652 663/663/663
f 651/651/651 663/663/663 662/662/662
f 652/652/652 653/653/653 664/664/664
f 652/652/652 664/664/664 663/663/663
f 654/654/654 655/655/655 666/666/666
f 654/654/654 666/666/666 665/665/665
f 655/655/655 656/656/656 667/667/667
f 655/655/655 667/667/667 666/666/666
f 656/656/656 657/657/657 668/668/668
f 656/656/656 668/668/668 667/667/667
f 657/657/657 658/658/658 669/669/669
f 657/657/657 669/669/669 668/668/668
f 658/658/658 659/659/659 670/670/670
f 658/658/658 670/670/670 669/669/669
f 659/659/659 660/660/660 671/671/671
f 659/659/659 671/671/671 670/670/670
f 660/660/660 661/661/661 672/672/672
f 660/660/660 672/672/672 671/671/671
f 661/661/661 662/662/662 673/673/673
f 661/661/661 673/673/673 672/672/672
f 662/662/662 663/663/663 674/674/674
f 662/662/662 674/674/674 673/673/673
f 663/663/663 664/664/664 675/675/675
f 663/663/663 675/675/675 674/674/674
f 665/665/665 666/666/666 677/677/677
f 665/665/665 677/677/677 676/676/676
f 666/666/666 667/667/667 678/678/678
f 666/666/666 678/678/678 677/677/677
f 667/667/667 668/668/668 679/679/679
f 667/667/667 679/679/679 678/678/678
f 668/668/668 669/669/669 680/680/680
f 668/668/668 680/680/680 679/679/679
f 669/669/669 670/670/670 681/681/681
f 669/669/669 681/681/681 680/680/680
f 670/670/670 671/671/671 682/682/682
f 670/670/670 682/682/682 681/681/681
f 671/671/671 672/672/672 683/683/683
f 671/671/671 683/683/683 682/682/682
f 672/672/672 673/673/673 684/684/684
f 672/672/672 684/684/684 683/683/683
f 673/673/673 674/674/674 685/685/685
f 673/673/673 685/685/685 684/684/684
f 674/674/674 675/675/675 686/686/686
f 674/674/674 686/686/686 685/685/685
f 687/687/687 688/688/688 699/699/699
f 687/687/687 699/699/699 698/698/698
f 688/688/688 689/689/689 700/700/700
f 688/688/688 700/700/700 699/699/699
f 689/689/689 690/690/690 701/701/701
f 689/689/689 701/701/701 700/700/700
f 690/690/690 691/691/691 702/702/702
f 690/690/690 702/702/702 701/701/701
f 691/691/691 692/692/692 703/703/703
f 691/691/691 703/703/703 702/702/702
f 692/692/692 693/693/693 704/704/704
f 692/692/692 704/704/704 703/703/703
f 693/693/693 694/694/694 705/705/705
f 693/693/693 705/705/705 704/704/704
f 694/694/694 695/695/695 706/706/706
f 694/694/694 706/706/706 705/705/705
f 695/695/695 696/696/696 707/707/707
f 695/695/695 707/707/707 706/706/706
f 696/696/696 697/697/697 708/708/708
f 696/696/696 708/708/708 707/707/707
f 698/698/698 699/699/699 710/710/710
f 698/698/698 710/710/710 709/709/709
f 699/699/699 700/700/700 711/711/711
f 699/699/699 711/711/711 710/710/710
f 700/700/700 701/701/701 712/712/712
f 700/700/700 712/712/712 711/711/711
f 701/701/701 702/702/702 713/713/713
f 701/701/701 713/713/713 712/712/712
f 702/702/702 703/703/703 714/714/714
f 702/702/702 714/714/714 713/713/713
f 703/703/703 704/704/704 715/715/715
f 703/703/703 715/715/715 714/714/714
f 704/704/704 705/705/705 716/716/716
f 704/704/704 716/716/716 715/715/715
f 705/705/705 706/706/706 717/717/717
f 705/705/705 717/717/717 716/716/716
f 706/706/706 707/707/707 718/718/718
f 706/706/706 718/718/718 717/717/717
f 707/707/707 708/708/708 719/719/719
f 707/707/707 719/719/719 718/718/718
f 709/709/709 710/710/710 721/721/721
f 709/709/709 721/721/721 720/720/720
f 710/710/710 711/711/711 722/722/722
f 710/710/710 722/722/722 721/721/721
f 711/711/711 712/712/712 723/723/723
f 711/711/711 723/723/723 722/722/722
f 712/712/712 713/713/713 724/724/724
f 712/712/712 724/724/724 723/723/723
f 713/713/713 714/714/714 725/725/725
f 713/713/713 725/725/725 724/724/724
f 714/714/714 715/715/715 726/726/726
f 714/714/714 726/726/726 725/725/725
f 715/715/715 716/716/716 727/727/727
f 715/715/715 727/727/727 726/726/726
f 716/716/716 717/717/717 728/728/728
f 716/716/716 728/728/728 727/727/727
f 717/717/717 718/718/718 729/729/729
f 717/717/717 729/729/729 728/728/728
f 718/718/718 719/719/719 730/730/730
f 718/718/718 730/730/730 729/729/729
f 720/720/720 721/721/721 732/732/732
f 720/720/720 732/732/732 731/731/731
f 721/721/721 722/722/722 733/733/733
f 721/721/721 733/733/733 732/732/732
f 722/722/722 723/723/723 734/734/734
f 722/722/722 734/734/734 733/733/733
f 723/723/723 724/724/724 735/735/735
f 723/723/723 735/735/735 734/734/734
f 724/724/724 725/725/725 736/736/736
f 724/724/724 736/736/736 735/735/735
f 725/725/725 726/726/726 737/737/737
f 725/725/725 737/737/737 736/736/736
f 726/726/726 727/727/727 738/738/738
f 726/726/726 738/738/738 737/737/737
f 727/727/727 728/728/728 739/739/739
f 727/727/727 739/739/739 738/738/738
f 728/728/728 729/729/729 740/740/740
f 728/728/728 740/740/740 739/739/739
f 729/729/729 730/730/730 741/741/741
f 729/729/729 741/741/741 740/740/740
f 731/731/731 732/732/732 743/743/743
f 731/731/731 743/743/743 742/742/742
f 732/732/732 733/733/733 744/744/744
f 732/732/732 744/744/744 743/743/743
f 733/733/733 734/734/734 745/745/745
f 733/733/733 745/745/745 744/744/744
f 734/734/734 735/735/735 746/746/746
f 734/734/734 746/746/746 745/745/745
f 735/735/735 736/736/736 747/747/747
f 735/735/735 747/747/747 746/746/746
f 736/736/736 737/737/737 748/748/748
f 736/736/736 748/748/748 747/747/747
f 737/737/737 738/738/738 749/749/749
f 737/737/737 749/749/749 748/748/748
f 738/738/738 739/739/739 750/750/750
f 738/738/738 750/750/750 749/749/749
f 739/739/739 740/740/740 751/751/751
f 739/739/739 751/751/751 750/750/750
f 740/740/740 741/741/741 752/752/752
f 740/740/740 752/752/752 751/751/751
f 742/742/742 743/743/743 754/754/754
f 742/742/742 754/754/754 753/753/753
f 743/743/743 744/744/744 755/755/755
f 743/743/743 755/755/755 754/754/754
f 744/744/744 745/745/745 756/756/756
f 744/744/744 756/756/756 755/755/755
f 745/745/745 746/746/746 757/757/757
f 745/745/745 757/757/757 756/756/756
f 746/746/746 747/747/747 758/758/758
f 746/746/746 758/758/758 757/757/757
f 747/747/747 748/748/748 759/759/759
f 747/747/747 759/759/759 758/758/758
f 748/748/748 749/749/749 760/760/760
f 748/748/748 760/760/760 759/759/759
f 749/749/749 750/750/750 761/761/761
f 749/749/749 761/761/761 760/760/760
f 750/750/750 751/751/751 762/762/762
f 750/750/750 762/762/762 761/761/761
f 751/751/751 752/752/752 763/763/763
f 751/751/751 763/763/763 762/762/762
f 764/764/764 765/765/765 776/776/776
f 764/764/764 776/776/776 775/775/775
f 765/765/765 766/766/766 777/777/777
f 765/765/765 777/777/777 776/776/776
f 766/766/766 767/767/767 778/778/778
f 766/766/766 778/778/778 777/777/777
f 767/767/767 768/768/768 779/779/779
f 767/767/767 779/779/779 778/778/778
f 768/768/768 769/769/769 780/780/780
f 768/768/768 780/780/780 779/779/779
f 769/769/769 770/770/770 781/781/781
f 769/769/769 781/781/781 780/780/780
f 770/770/770 771/771/771 782/782/782
f 770/770/770 782/782/782 781/781/781
f 771/771/771 772/772/772 783/783/783
f 771/771/771 783/783/783 782/782/782
f 772/772/772 773/773/773 784/784/784
f 772/772/772 784/784/784 783/783/783
f 773/773/773 774/774/774 785/785/785
f 773/773/773 785/785/785 784/784/784
f 775/775/775 776/776/776 787/787/787
f 775/775/775 787/787/787 786/786/786
f 776/776/776 777/777/777 788/788/788
f 776/776/776 788/788/788 787/787/787
f 777/777/777 778/778/778 789/789/789
f 777/777/777 789/789/789 788/788/788
f 778/778/778 779/779/779 790/790/790
f 778/778/778 790/790/790 789/789/789
f 779/779/779 780/780/780 791/791/791
f 779/779/779 791/791/791 790/790/790
f 780/780/780 781/781/781 792/792/792
f 780/780/780 792/792/792 791/791/791
f 781/781/781 782/782/782 793/793/793
f 781/781/781 793/793/793 792/792/792
f 782/782/782 783/783/783 794/794/794
f 782/782/782 794/794/794 793/793/793
f 783/783/783 784/784/784 795/795/795
f 783/783/783 795/795/795 794/794/794
f 784/784/784 785/785/785 796/796/796
f 784/784/784 796/796/796 795/795/795
f 786/786/786 787/787/787 798/798/798
f 786/786/786 798/798/798 797/797/797
f 787/787/787 788/788/788 799/799/799
f 787/787/787 799/799/799 798/798/798
f 788/788/788 789/789/789 800/800/800
f 788/788/788 800/800/800 799/799/799
f 789/789/789 790/790/790 801/801/801
f 789/789/789 801/801/801 800/800/800
f 790/790/790 791/791/791 802/802/802
f 790/790/790 802/802/802 801/801/801
f 791/791/791 792/792/792 803/803/803
f 791/791/791 803/803/803 802/802/802
f 792/792/792 793/793/793 804/804/804
f 792/792/792 804/804/804 803/803/803
f 793/793/793 794/794/794 805/805/805
f 793/793/793 805/805/805 804/804/804
f 794/794/794 795/795/795 806/806/806
f 794/794/794 806/806/806 805/805/805
f 795/795/795 796/796/796 807/807/807
f 795/795/795 807/807/807 806/806/806
f 797/797/797 798/798/798 809/809/809
f 797/797/797 809/809/809 808/808/808
f 798/798/798 799/799/799 810/810/810
f 798/798/798 810/810/810 809/809/809
f 799/799/799 800/800/800 811/811/811
f 799/799/799 811/811/811 810/810/810
f 800/800/800 801/801/801 812/812/812
f 800/800/800 812/812/812 811/811/811
f 801/801/801 802/802/802 813/813/813
f 801/801/801 813/813/813 812/812/812
f 802/802/802 803/803/803 814/814/814
f 802/802/802 814/814/814 813/813/813
f 803/803/803 804/804/804 815/815/815
f 803/803/803 815/815/815 814/814/814
f 804/804/804 805/805/805 816/816/816
f 804/804/804 816/816/816 815/815/815
f 805/805/805 806/806/806 817/817/817
f 805/805/805 817/817/817 816/816/816
f 806/806/806 807/807/807 818/818/818
f 806/806/806 818/818/818 817/817/817
f 808/808/808 809/809/809 820/820/820
f 808/808/808 820/820/820 819/819/819
f 809/809/809 810/810/810 821/821/821
f 809/809/809 821/821/821 820/820/820
f 810/810/810 811/811/811 822/822/822
f 810/810/810 822/822/822 821/821/821
f 811/811/811 812/812/812 823/823/823
f 811/811/811 823/823/823 822/822/822
f 812/812/812 813/813/813 824/824/824
f 812/812/812 824/824/824 823/823/823
f 813/813/813 814/814/814 825/825/825
f 813/813/813 825/825/825 824/824/824
f 814/814/814 815/815/815 826/826/826
f 814/814/814 826/826/826 825/825/825
f 815/815/815 816/816/816 827/827/827
f 815/815/815 827/827/827 826/826/826
f 816/816/816 817/817/817 828/828/828
f 816/816/816 828/828/828 827/827/827
f 817/817/817 818/818/818 829/829/829
f 817/817/817 829/829/829 828/828/828
f 819/819/819 820/820/820 831/831/831
f 819/819/819 831/831/831 830/830/830
f 820/820/820 821/821/821 832/832/832
f 820/820/820 832/832/832 831/831/831
f 821/821/821 822/822/822 833/833/833
f 821/821/821 833/833/833 832/832/832
f 822/822/822 823/823/823 834/834/834
f 822/822/822 834/834/834 833/833/833
f 823/823/823 824/824/824 835/835/835
f 823/823/823 835/835/835 834/834/834
f 824/824/824 825/825/825 836/836/836
f 824/824/824 836/836/836 835/835/835
f 825/825/825 826/826/826 837/837/837
f 825/825/825 837/837/837 836/836/836
f 826/826/826 827/827/827 838/838/838
f 826/826/826 838/838/838 837/837/837
f 827/827/827 828/828/828 839/839/839
f 827/827/827 839/839/839 838/838/838
f 828/828/828 829/829/829 840/840/840
f 828/828/828 840/840/840 839/839/839
f 841/841/841 842/842/842 853/853/853
f 841/841/841 853/853/853 852/852/852
f 842/842/842 843/843/843 854/854/854
f 842/842/842 854/854/854 853/853/853
f 843/843/843 844/844/844 855/855/855
f 843/843/843 855/855/855 854/854/854
f 844/844/844 845/845/845 856/856/856
f 844/844/844 856/856/856 855/855/855
f 845/845/845 846/846/846 857/857/857
f 845/845/845 857/857/857 856/856/856
f 846/846/846 847/847/847 858/858/858
f 846/846/846 858/858/858 857/857/857
f 847/847/847 848/848/848 859/859/859
f 847/847/847 859/859/859 858/858/858
f 848/848/848 849/849/849 860/860/860
f 848/848/848 860/860/860 859/859/859
f 849/849/849 850/850/850 861/861/861
f 849/849/849 861/861/861 860/860/860
f 850/850/850 851/851/851 862/862/862
f 850/850/850 862/862/862 861/861/861
f 852/852/852 853/853/853 864/864/864
f 852/852/852 864/864/864 863/863/863
f 853/853/853 854/854/854 865/865/865
f 853/853/853 865/865/865 864/864/864
f 854/854/854 855/855/855 866/866/866
f 854/854/854 866/866/866 865/865/865
f 855/855/855 856/856/856 867/867/867
f 855/855/855 867/867/867 866/866/866
f 856/856/856 857/857/857 868/868/868
f 856/856/856 868/868/868 867/867/867
f 857/857/857 858/858/858 869/869/869
f 857/857/857 869/869/869 868/868/868
f 858/858/858 859/859/859 870/870/870
f 858/858/858 870/870/870 869/869/869
f 859/859/859 860/860/860 871/871/871
f 859/859/859 871/871/871 870/870/870
f 860/860/860 861/861/861 872/872/872
f 860/860/860 872/872/872 871/871/871
f 861/861/861 862/862/862 873/873/873
f 861/861/861 873/873/873 872/872/872
f 863/863/863 864/864/864 875/875/875
f 863/863/863 875/875/875 874/874/874
f 864/864/864 865/865/865 876/876/876
f 864/864/864 876/876/876 875/875/875
f 865/865/865 866/866/866 877/877/877
f 865/865/865 877/877/877 876/876/876
f 866/866/866 867/867/867 878/878/878
f 866/866/866 878/878/878 877/877/877
f 867/867/867 868/868/868 879/879/879
f 867/867/867 879/879/879 878/878/878
f 868/868/868 869/869/869 880/880/880
f 868/868/868 880/880/880 879/879/879
f 869/869/869 870/870/870 881/881/881
f 869/869/869 881/881/881 880/880/880
f 870/870/870 871/871/871 882/882/882
f 870/870/870 882/882/882 881/881/881
f 871/871/871 872/872/872 883/883/883
f 871/871/871 883/883/883 882/882/882
f 872/872/872 873/873/873 884/884/884
f 872/872/872 884/884/884 883/883/883
f 874/874/874 875/875/875 886/886/886
f 874/874/874 886/886/886 885/885/885
f 875/875/875 876/876/876 887/887/887
f 875/875/875 887/887/887 886/886/886
f 876/876/876 877/877/877 888/888/888
f 876/876/876 888/888/888 887/887/887
f 877/877/877 878/878/878 889/889/889
f 877/877/877 889/889/889 888/888/888
f 878/878/878 879/879/879 890/890/890
f 878/878/878 890/890/890 889/889/889
f 879/879/879 880/880/880 891/891/891
f 879/879/879 891/891/891 890/890/890
f 880/880/880 881/881/881 892/892/892
f 880/880/880 892/892/892 891/891/891
f 881/881/881 882/882/882 893/893/893
f 881/881/881 893/893/893 892/892/892
f 882/882/882 883/883/883 894/894/894
f 882/882/882 894/894/894 893/893/893
f 883/883/883 884/884/884 895/895/895
f 883/883/883 895/895/895 894/894/894
f 885/885/885 886/886/886 897/897/897
f 885/885/885 897/897/897 896/896/896
f 886/886/886 887/887/887 898/898/898
f 886/886/886 898/898/898 897/897/897
f 887/887/887 888/888/888 899/899/899
f 887/887/887 899/899/899 898/898/898
f 888/888/888 889/889/889 900/900/900
f 888/888/888 900/900/900 899/899/899
f 889/889/889 890/890/890 901/901/901
f 889/889/889 901/901/901 900/900/900
f 890/890/890 891/891/891 902/902/902
f 890/890/890 902/902/902 901/901/901
f 891/891/891 892/892/892 903/903/903
f 891/891/891 903/903/903 902/902/902
f 892/892/892 893/893/893 904/904/904
f 892/892/892 904/904/904 903/903/903
f 893/893/893 894/894/894 905/905/905
f 893/893/893 905/905/905 904/904/904
f 894/894/894 895/895/895 906/906/906
f 894/894/894 906/906/906 905/905/905
f 896/896/896 897/897/897 908/908/908
f 896/896/896 908/908/908 907/907/907
f 897/897/897 898/898/898 909/909/909
f 897/897/897 909/909/909 908/908/908
f 898/898/898 899/899/899 910/910/910
f 898/898/898 910/910/910 909/909/909
f 899/899/899 900/900/900 911/911/911
f 899/899/899 911/911/911 910/910/910
f 900/900/900 901/901/901 912/912/912
f 900/900/900 912/912/912 911/911/911
f 901/901/901 902/902/902 913/913/913
f 901/901/901 913/913/913 912/912/912
f 902/902/902 903/903/903 914/914/914
f 902/902/902 914/914/914 913/913/913
f 903/903/903 904/904/904 915/915/915
f 903/903/903 915/915/915 914/914/914
f 904/904/904 905/905/905 916/916/916
f 904/904/904 916/916/916 915/915/915
f 905/905/905 906/906/906 917/917/917
f 905/905/905 917/917/917 916/916/916
f 918/918/918 919/919/919 930/930/930
f 918/918/918 930/930/930 929/929/929
f 919/919/919 920/920/920 931/931/931
f 919/919/919 931/931/931 930/930/930
f 920/920/920 921/921/921 932/932/932
f 920/920/920 932/932/932 931/931/931
f 921/921/921 922/922/922 933/933/933
f 921/921/921 933/933/933 932/932/932
f 922/922/922 923/923/923 934/934/934
f 922/922/922 934/934/934 933/933/933
f 923/923/923 924/924/924 935/935/935
f 923/923/923 935/935/935 934/934/934
f 924/924/924 925/925/925 936/936/936
f 924/924/924 936/936/936 935/935/935
f 925/925/925 926/926/926 937/937/937
f 925/925/925 937/937/937 936/936/936
f 926/926/926 927/927/927 938/938/938
f 926/926/926 938/938/938 937/937/937
f 927/927/927 928/928/928 939/939/939
f 927/927/927 939/939/939 938/938/938
f 929/929/929 930/930/930 941/941/941
f 929/929/929 941/941/941 940/940/940
f 930/930/930 931/931/931 942/942/942
f 930/930/930 942/942/942 941/941/941
f 931/931/931 932/932/932 943/943/943
f 931/931/931 943/943/943 942/942/942
f 932/932/932 933/933/933 944/944/944
f 932/932/932 944/944/944 943/943/943
f 933/933/933 934/934/934 945/945/945
f 933/933/933 945/945/945 944/944/944
f 934/934/934 935/935/935 946/946/946
f 934/934/934 946/946/946 945/945/945
f 935/935/935 936/936/936 947/947/947
f 935/935/935 947/947/947 946/946/946
f 936/936/936 937/937/937 948/948/948
f 936/936/936 948/948/948 947/947/947
f 937/937/937 938/938/938 949/949/949
f 937/937/937 949/949/949 948/948/948
f 938/938/938 939/939/939 950/950/950
f 938/938/938 950/950/950 949/949/949
f 940/940/940 941/941/941 952/952/952
f 940/940/940 952/952/952 951/951/951
f 941/941/941 942/942/942 953/953/953
f 941/941/941 953/953/953 952/952/952
f 942/942/942 943/943/943 954/954/954
f 942/942/942 954/954/954 953/953/953
f 943/943/943 944/944/944 955/955/955
f 943/943/943 955/955/955 954/954/954
f 944/944/944 945/945/945 956/956/956
f 944/944/944 956/956/956 955/955/955
f 945/945/945 946/946/946 957/957/957
f 945/945/945 957/957/957 956/956/956
f 946/946/946 947/947/947 958/958/958
f 946/946/946 958/958/958 957/957/957
f 947/947/947 948/948/948 959/959/959
f 947/947/947 959/959/959 958/958/958
f 948/948/948 949/949/949 960/960/960
f 948/948/948 960/960/960 959/959/959
f 949/949/949 950/950/950 961/961/961
f 949/949/949 961/961/961 960/960/960
f 951/951/951 952/952/952 963/963/963
f 951/951/951 963/963/963 962/962/962
f 952/952/952 953/953/953 964/964/964
f 952/952/952 964/964/964 963/963/963
f 953/953/953 954/954/954 965/965/965
f 953/953/953 965/965/965 964/964/964
f 954/954/954 955/955/955 966/966/966
f 954/954/954 966/966/966 965/965/965
f 955/955/955 956/956/956 967/967/967
f 955/955/955 967/967/967 966/966/966
f 956/956/956 957/957/957 968/968/968
f 956/956/956 968/968/968 967/967/967
f 957/957/957 958/958/958 969/969/969
f 957/957/957 969/969/969 968/968/968
f 958/958/958 959/959/959 970/970/970
f 958/958/958 970/970/970 969/969/969
f 959/959/959 960/960/960 971/971/971
f 959/959/959 971/971/971 970/970/970
f 960/960/960 961/961/961 972/972/972
f 960/960/960 972/972/972 971/971/971
f 962/962/962 963/963/963 974/974/974
f 962/962/962 974/974/974 973/973/973
f 963/963/963 964/964/964 975/975/975
f 963/963/963 975/975/975 974/974/974
f 964/964/964 965/965/965 976/976/976
f 964/964/964 976/976/976 975/975/975
f 965/965/965 966/966/966 977/977/977
f 965/965/965 977/977/977 976/976/976
f 966/966/966 967/967/967 978/978/978
f 966/966/966 978/978/978 977/977/977
f 967/967/967 968/968/968 979/979/979
f 967/967/967 979/979/979 978/978/978
f 968/968/968 969/969/969 980/980/980
f 968/968/968 980/980/980 979/979/979
f 969/969/969 970/970/970 981/981/981
f 969/969/969 981/981/981 980/980/980
f 970/970/970 971/971/971 982/982/982
f 970/970/970 982/982/982 981/981/981
f 971/971/971 972/972/972 983/983/983
f 971/971/971 983/983/983 982/982/982
f 973/973/973 974/974/974 985/985/985
f 973/973/973 985/985/985 984/984/984
f 974/974/974 975/975/975 986/986/986
f 974/974/974 986/986/986 985/985/985
f 975/975/975 976/976/976 987/987/987
f 975/975/975 987/987/987 986/986/986
f 976/976/976 977/977/977 988/988/988
f 976/976/976 988/988/988 987/987/987
f 977/977/977 978/978/978 989/989/989
f 977/977/977 989/989/989 988/988/988
f 978/978/978 979/979/979 990/990/990
f 978/978/978 990/990/990 989/989/989
f 979/979/979 980/980/980 991/991/991
f 979/979/979 991/991/991 990/990/990
f 980/980/980 981/981/981 992/992/992
f 980/980/980 992/992/992 991/991/991
f 981/981/981 982/982/982 993/993/993
f 981/981/981 993/993/993 992/992/992
f 982/982/982 983/983/983 994/994/994
f 982/982/982 994/994/994 993/993/993
f 995/995/995 996/996/996 1007/1007/1007
f 995/995/995 1007/1007/1007 1006/1006/1006
f 996/996/996 997/997/997 1008/1008/1008
f 996/996/996 1008/1008/1008 1007/1007/1007
f 997/997/997 998/998/998 1009/1009/1009
f 997/997/997 1009/1009/1009 1008/1008/1008
f 998/998/998 999/999/999 1010/1010/1010
f 998/998/998 1010/1010/1010 1009/1009/1009
f 999/999/999 1000/1000/1000 1011/1011/1011
f 999/999/999 1011/1011/1011 1010/1010/1010
f 1000/1000/1000 1001/1001/1001 1012/1012/1012
f 1000/1000/1000 1012/1012/1012 1011/1011/1011
f 1001/1001/1001 1002/1002/1002 1013/1013/1013
f 1001/1001/1001 1013/1013/1013 1012/1012/1012
f 1002/1002/1002 1003/1003/1003 1014/1014/1014
f 1002/1002/1002 1014/1014/1014 1013/1013/1013
f 1003/1003/1003 1004/1004/1004 1015/1015/1015
f 1003/1003/1003 1015/1015/1015 1014/1014/1014
f 1004/1004/1004 1005/1005/1005 1016/1016/1016
f 1004/1004/1004 1016/1016/1016 1015/1015/1015
f 1006/1006/1006 1007/1007/1007 1018/1018/1018
f 1006/1006/1006 1018/1018/1018 1017/1017/1017
f 1007/1007/1007 1008/1008/1008 1019/1019/1019
f 1007/1007/1007 1019/1019/1019 1018/1018/1018
f 1008/1008/1008 1009/1009/1009 1020/1020/1020
f 1008/1008/1008 1020/1020/1020 1019/1019/1019
f 1009/1009/1009 1010/1010/1010 1021/1021/1021
f 1009/1009/1009 1021/1021/1021 1020/1020/1020
f 1010/1010/1010 1011/1011/1011 1022/1022/1022
f 1010/1010/1010 1022/1022/1022 1021/1021/1021
f 1011/1011/1011 1012/1012/1012 1023/1023/1023
f 1011/1011/1011 1023/1023/1023 1022/1022/1022
f 1012/1012/1012 1013/1013/1013 1024/1024/1024
f 1012/1012/1012 1024/1024/1024 1023/1023/1023
f 1013/1013/1013 1014/1014/1014 1025/1025/1025
f 1013/1013/1013 1025/1025/1025 1024/1024/1024
f 1014/1014/1014 1015/1015/1015 1026/1026/1026
f 1014/1014/1014 1026/1026/1026 1025/1025/1025
f 1015/1015/1015 1016/1016/1016 1027/1027/1027
f 1015/1015/1015 1027/1027/1027 1026/1026/1026
f 1017/1017/1017 1018/1018/1018 1029/1029/1029
f 1017/1017/1017 1029/1029/1029 1028/1028/1028
f 1018/1018/1018 1019/1019/1019 1030/1030/1030
f 1018/1018/1018 1030/1030/1030 1029/1029/1029
f 1019/1019/1019 1020/1020/1020 1031/1031/1031
f 1019/1019/1019 1031/1031/1031 1030/1030/1030
f 1020/1020/1020 1021/1021/1021 1032/1032/1032
f 1020/1020/1020 1032/1032/1032 1031/1031/1031
f 1021/1021/1021 1022/1022/1022 1033/1033/1033
f 1021/1021/1021 1033/1033/1033 1032/1032/1032
f 1022/1022/1022 1023/1023/1023 1034/1034/1034
f 1022/1022/1022 1034/1034/1034 1033/1033/1033
f 1023/1023/1023 1024/1024/1024 1035/1035/1035
f 1023/1023/1023 1035/1035/1035 1034/1034/1034
f 1024/1024/1024 1025/1025/1025 1036/1036/1036
f 1024/1024/1024 1036/1036/1036 1035/1035/1035
f 1025/1025/1025 1026/1026/1026 1037/1037/1037
f 1025/1025/1025 1037/1037/1037 1036/1036/1036
f 1026/1026/1026 1027/1027/1027 1038/1038/1038
f 1026/1026/1026 1038/1038/1038 1037/1037/1037
f 1028/1028/1028 1029/1029/1029 1040/1040/1040
f 1028/1028/1028 1040/1040/1040 1039/1039/1039
f 1029/1029/1029 1030/1030/1030 1041/1041/1041
f 1029/1029/1029 1041/1041/1041 1040/1040/1040
f 1030/1030/1030 1031/1031/1031 1042/1042/1042
f 1030/1030/1030 1042/1042/1042 1041/1041/1041
f 1031/1031/1031 1032/1032/1032 1043/1043/1043
f 1031/1031/1031 1043/1043/1043 1042/1042/1042
f 1032/1032/1032 1033/1033/1033 1044/1044/1044
f 1032/1032/1032 1044/1044/1044 1043/1043/1043
f 1033/1033/1033 1034/1034/1034 1045/1045/1045
f 1033/1033/1033 1045/1045/1045 1044/1044/1044
f 1034/1034/1034 1035/1035/1035 1046/1046/1046
f 1034/1034/1034 1046/1046/1046 1045/1045/1045
f 1035/1035/1035 1036/1036/1036 1047/1047/1047
f 1035/1035/1035 1047/1047/1047 1046/1046/1046
f 1036/1036/1036 1037/1037/1037 1048/1048/1048
f 1036/1036/1036 1048/1048/1048 1047/1047/1047
f 1037/1037/1037 1038/1038/1038 1049/1049/1049
f 1037/1037/1037 1049/1049/1049 1048/1048/1048
f 1039/1039/1039 1040/1040/1040 1051/1051/1051
f 1039/1039/1039 1051/1051/1051 1050/1050/1050
f 1040/1040/1040 1041/1041/1041 1052/1052/1052
f 1040/1040/1040 1052/1052/1052 1051/1051/1051
f 1041/1041/1041 1042/1042/1042 1053/1053/1053
f 1041/1041/1041 1053/1053/1053 1052/1052/1052
f 1042/1042/1042 1043/1043/1043 1054/1054/1054
f 1042/1042/1042 1054/1054/1054 1053/1053/1053
f 1043/1043/1043 1044/1044/1044 1055/1055/1055
f 1043/1043/1043 1055/1055/1055 1054/1054/1054
f 1044/1044/1044 1045/1045/1045 1056/1056/1056
f 1044/1044/1044 1056/1056/1056 1055/1055/1055
f 1045/1045/1045 1046/1046/1046 1057/1057/1057
f 1045/1045/1045 1057/1057/1057 1056/1056/1056
f 1046/1046/1046 1047/1047/1047 1058/1058/1058
f 1046/1046/1046 1058/1058/1058 1057/1057/1057
f 1047/1047/1047 1048/1048/1048 1059/1059/1059
f 1047/1047/1047 1059/1059/1059 1058/1058/1058
f 1048/1048/1048 1049/1049/1049 1060/1060/1060
f 1048/1048/1048 1060/1060/1060 1059/1059/1059
f 1050/1050/1050 1051/1051/1051 1062/1062/1062
f 1050/1050/1050 1062/1062/1062 1061/1061/1061
f 1051/1051/1051 1052/1052/1052 1063/1063/1063
f 1051/1051/1051 1063/1063/1063 1062/1062/1062
f 1052/1052/1052 1053/1053/1053 1064/1064/1064
f 1052/1052/1052 1064/1064/1064 1063/1063/1063
f 1053/1053/1053 1054/1054/1054 1065/1065/1065
f 1053/1053/1053 1065/1065/1065 1064/1064/1064
f 1054/1054/1054 1055/1055/1055 1066/1066/1066
f 1054/1054/1054 1066/1066/1066 1065/1065/1065
f 1055/1055/1055 1056/1056/1056 1067/1067/1067
f 1055/1055/1055 1067/1067/1067 1066/1066/1066
f 1056/1056/1056 1057/1057/1057 1068/1068/1068
f 1056/1056/1056 1068/1068/1068 1067/1067/1067
f 1057/1057/1057 1058/1058/1058 1069/1069/1069
f 1057/1057/1057 1069/1069/1069 1068/1068/1068
f 1058/1058/1058 1059/1059/1059 1070/1070/1070
f 1058/1058/1058 1070/1070/1070 1069/1069/1069
f 1059/1059/1059 1060/1060/1060 1071/1071/1071
f 1059/1059/1059 1071/1071/1071 1070/1070/1070
f 1072/1072/1072 1073/1073/1073 1084/1084/1084
f 1072/1072/1072 1084/1084/1084 1083/1083/1083
f 1073/1073/1073 1074/1074/1074 1085/1085/1085
f 1073/1073/1073 1085/1085/1085 1084/1084/1084
f 1074/1074/1074 1075/1075/1075 1086/1086/1086
f 1074/1074/1074 1086/1086/1086 1085/1085/1085
f 1075/1075/1075 1076/1076/1076 1087/1087/1087
f 1075/1075/1075 1087/1087/1087 1086/1086/1086
f 1076/1076/1076 1077/1077/1077 1088/1088/1088
f 1076/1076/1076 1088/1088/1088 1087/1087/1087
f 1077/1077/1077 1078/1078/1078 1089/1089/1089
f 1077/1077/1077 1089/1089/1089 1088/1088/1088
f 1078/1078/1078 1079/1079/1079 1090/1090/1090
f 1078/1078/1078 1090/1090/1090 1089/1089/1089
f 1079/1079/1079 1080/1080/1080 1091/1091/1091
f 1079/1079/1079 1091/1091/1091 1090/1090/1090
f 1080/1080/1080 1081/1081/1081 1092/1092/1092
f 1080/1080/1080 1092/1092/1092 1091/1091/1091
f 1081/1081/1081 1082/1082/1082 1093/1093/1093
f 1081/1081/1081 1093/1093/1093 1092/1092/1092
f 1083/1083/1083 1084/1084/1084 1095/1095/1095
f 1083/1083/1083 1095/1095/1095 1094/1094/1094
f 1084/1084/1084 1085/1085/1085 1096/1096/1096
f 1084/1084/1084 1096/1096/1096 1095/1095/1095
f 1085/1085/1085 1086/1086/1086 1097/1097/1097
f 1085/1085/1085 1097/1097/1097 1096/1096/1096
f 1086/1086/1086 1087/1087/1087 1098/1098/1098
f 1086/1086/1086 1098/1098/1098 1097/1097/1097
f 1087/1087/1087 1088/1088/1088 1099/1099/1099
f 1087/1087/1087 1099/1099/1099 1098/1098/1098
f 1088/1088/1088 1089/1089/1089 1100/1100/1100
f 1088/1088/1088 1100/1100/1100 1099/1099/1099
f 1089/1089/1089 1090/1090/1090 1101/1101/1101
f 1089/1089/1089 1101/1101/1101 1100/1100/1100
f 1090/1090/1090 1091/1091/1091 1102/1102/1102
f 1090/1090/1090 1102/1102/1102 1101/1101/1101
f 1091/1091/1091 1092/1092/1092 1103/1103/1103
f 1091/1091/1091 1103/1103/1103 1102/1102/1102
f 1092/1092/1092 1093/1093/1093 1104/1104/1104
f 1092/1092/1092 1104/1104/1104 1103/1103/1103
f 1094/1094/1094 1095/1095/1095 1106/1106/1106
f 1094/1094/1094 1106/1106/1106 1105/1105/1105
f 1095/1095/1095 1096/1096/1096 1107/1107/1107
f 1095/1095/1095 1107/1107/1107 1106/1106/1106
f 1096/1096/1096 1097/1097/1097 1108/1108/1108
f 1096/1096/1096 1108/1108/1108 1107/1107/1107
f 1097/1097/1097 1098/1098/1098 1109/1109/1109
f 1097/1097/1097 1109/1109/1109 1108/1108/1108
f 1098/1098/1098 1099/1099/1099 1110/1110/1110
f 1098/1098/1098 1110/1110/1110 1109/1109/1109
f 1099/1099/1099 1100/1100/1100 1111/1111/1111
f 1099/1099/1099 1111/1111/1111 1110/1110/1110
f 1100/1100/1100 1101/1101/1101 1112/1112/1112
f 1100/1100/1100 1112/1112/1112 1111/1111/1111
f 1101/1101/1101 1102/1102/1102 1113/1113/1113
f 1101/1101/1101 1113/1113/1113 1112/1112/1112
f 1102/1102/1102 1103/1103/1103 1114/1114/1114
f 1102/1102/1102 1114/1114/1114 1113/1113/1113
f 1103/1103/1103 1104/1104/1104 1115/1115/1115
f 1103/1103/1103 1115/1115/1115 1114/1114/1114
f 1105/1105/1105 1106/1106/1106 1117/1117/1117
f 1105/1105/1105 1117/1117/1117 1116/1116/1116
f 1106/1106/1106 1107/1107/1107 1118/1118/1118
f 1106/1106/1106 1118/1118/1118 1117/1117/1117
f 1107/1107/1107 1108/1108/1108 1119/1119/1119
f 1107/1107/1107 1119/1119/1119 1118/1118/1118
f 1108/1108/1108 1109/1109/1109 1120/1120/1120
f 1108/1108/1108 1120/1120/1120 1119/1119/1119
f 1109/1109/1109 1110/1110/1110 1121/1121/1121
f 1109/1109/1109 1121/1121/1121 1120/1120/1120
f 1110/1110/1110 1111/1111/1111 1122/1122/1122
f 1110/1110/1110 1122/1122/1122 1121/1121/1121
f 1111/1111/1111 1112/1112/1112 1123/1123/1123
f 1111/1111/1111 1123/1123/1123 1122/1122/1122
f 1112/1112/1112 1113/1113/1113 1124/1124/1124
f 1112/1112/1112 1124/1124/1124 1123/1123/1123
f 1113/1113/1113 1114/1114/1114 1125/1125/1125
f 1113/1113/1113 1125/1125/1125 1124/1124/1124
f 1114/1114/1114 1115/1115/1115 1126/1126/1126
f 1114/1114/1114 1126/1126/1126 1125/1125/1125
f 1116/1116/1116 1117/1117/1117 1128/1128/1128
f 1116/1116/1116 1128/1128/1128 1127/1127/1127
f 1117/1117/1117 1118/1118/1118 1129/1129/1129
f 1117/1117/1117 1129/1129/1129 1128/1128/1128
f 1118/1118/1118 1119/1119/1119 1130/1130/1130
f 1118/1118/1118 1130/1130/1130 1129/1129/1129
f 1119/1119/1119 1120/1120/1120 1131/1131/1131
f 1119/1119/1119 1131/1131/1131 1130/1130/1130
f 1120/1120/1120 1121/1121/1121 1132/1132/1132
f 1120/1120/1120 1132/1132/1132 1131/1131/1131
f 1121/1121/1121 1122/1122/1122 1133/1133/1133
f 1121/1121/1121 1133/1133/1133 1132/1132/1132
f 1122/1122/1122 1123/1123/1123 1134/1134/1134
f 1122/1122/1122 1134/1134/1134 1133/1133/1133
f 1123/1123/1123 1124/1124/1124 1135/1135/1135
f 1123/1123/1123 1135/1135/1135 1134/1134/1134
f 1124/1124/1124 1125/1125/1125 1136/1136/1136
f 1124/1124/1124 1136/1136/1136 1135/1135/1135
f 1125/1125/1125 1126/1126/1126 1137/1137/1137
f 1125/1125/1125 1137/1137/1137 1136/1136/1136
f 1127/1127/1127 1128/1128/1128 1139/1139/1139
f 1127/1127/1127 1139/1139/1139 1138/1138/1138
f 1128/1128/1128 1129/1129/1129 1140/1140/1140
f 1128/1128/1128 1140/1140/1140 1139/1139/1139
f 1129/1129/1129 1130/1130/1130 1141/1141/1141
f 1129/1129/1129 1141/1141/1141 1140/1140/1140
f 1130/1130/1130 1131/1131/1131 1142/1142/1142
f 1130/1130/1130 1142/1142/1142 1141/1141/1141
f 1131/1131/1131 1132/1132/1132 1143/1143/1143
f 1131/1131/1131 1143/1143/1143 1142/1142/1142
f 1132/1132/1132 1133/1133/1133 1144/1144/1144
f 1132/1132/1132 1144/1144/1144 1143/1143/1143
f 1133/1133/1133 1134/1134/1134 1145/1145/1145
f 1133/1133/1133 1145/1145/1145 1144/1144/1144
f 1134/1134/1134 1135/1135/1135 1146/1146/1146
f 1134/1134/1134 1146/1146/1146 1145/1145/1145
f 1135/1135/1135 1136/1136/1136 1147/1147/1147
f 1135/1135/1135 1147/1147/1147 1146/1146/1146
f 1136/1136/1136 1137/1137/1137 1148/1148/1148
f 1136/1136/1136 1148/1148/1148 1147/1147/1147
f 1149/1149/1149 1150/1150/1150 1161/1161/1161
f 1149/1149/1149 1161/1161/1161 1160/1160/1160
f 1150/1150/1150 1151/1151/1151 1162/1162/1162
f 1150/1150/1150 1162/1162/1162 1161/1161/1161
f 1151/1151/1151 1152/1152/1152 1163/1163/1163
f 1151/1151/1151 1163/1163/1163 1162/1162/1162
f 1152/1152/1152 1153/1153/1153 1164/1164/1164
f 1152/1152/1152 1164/1164/1164 1163/1163/1163
f 1153/1153/1153 1154/1154/1154 1165/1165/1165
f 1153/1153/1153 1165/1165/1165 1164/1164/1164
f 1154/1154/1154 1155/1155/1155 1166/1166/1166
f 1154/1154/1154 1166/1166/1166 1165/1165/1165
f 1155/1155/1155 1156/1156/1156 1167/1167/1167
f 1155/1155/1155 1167/1167/1167 1166/1166/1166
f 1156/1156/1156 1157/1157/1157 1168/1168/1168
f 1156/1156/1156 1168/1168/1168 1167/1167/1167
f 1157/1157/1157 1158/1158/1158 1169/1169/1169
f 1157/1157/1157 1169/1169/1169 1168/1168/1168
f 1158/1158/1158 1159/1159/1159 1170/1170/1170
f 1158/1158/1158 1170/1170/1170 1169/1169/1169
f 1160/1160/1160 1161/1161/1161 1172/1172/1172
f 1160/1160/1160 1172/1172/1172 1171/1171/1171
f 1161/1161/1161 1162/1162/1162 1173/1173/1173
f 1161/1161/1161 1173/1173/1173 1172/1172/1172
f 1162/1162/1162 1163/1163/1163 1174/1174/1174
f 1162/1162/1162 1174/1174/1174 1173/1173/1173
f 1163/1163/1163 1164/1164/1164 1175/1175/1175
f 1163/1163/1163 1175/1175/1175 1174/1174/1174
f 1164/1164/1164 1165/1165/1165 1176/1176/1176
f 1164/1164/1164 1176/1176/1176 1175/1175/1175
f 1165/1165/1165 1166/1166/1166 1177/1177/1177
f 1165/1165/1165 1177/1177/1177 1176/1176/1176
f 1166/1166/1166 1167/1167/1167 1178/1178/1178
f 1166/1166/1166 1178/1178/1178 1177/1177/1177
f 1167/1167/1167 1168/1168/1168 1179/1179/1179
f 1167/1167/1167 1179/1179/1179 1178/1178/1178
f 1168/1168/1168 1169/1169/1169 1180/1180/1180
f 1168/1168/1168 1180/1180/1180 1179/1179/1179
f 1169/1169/1169 1170/1170/1170 1181/1181/1181
f 1169/1169/1169 1181/1181/1181 1180/1180/1180
f 1171/1171/1171 1172/1172/1172 1183/1183/1183
f 1171/1171/1171 1183/1183/1183 1182/1182/1182
f 1172/1172/1172 1173/1173/1173 1184/1184/1184
f 1172/1172/1172 1184/1184/1184 1183/1183/1183
f 1173/1173/1173 1174/1174/1174 1185/1185/1185
f 1173/1173/1173 1185/1185/1185 1184/1184/1184
f 1174/1174/1174 1175/1175/1175 1186/1186/1186
f 1174/1174/1174 1186/1186/1186 1185/1185/1185
f 1175/1175/1175 1176/1176/1176 1187/1187/1187
f 1175/1175/1175 1187/1187/1187 1186/1186/1186
f 1176/1176/1176 1177/1177/1177 1188/1188/1188
f 1176/1176/1176 1188/1188/1188 1187/1187/1187
f 1177/1177/1177 1178/1178/1178 1189/1189/1189
f 1177/1177/1177 1189/1189/1189 1188/1188/1188
f 1178/1178/1178 1179/1179/1179 1190/1190/1190
f 1178/1178/1178 1190/1190/1190 1189/1189/1189
f 1179/1179/1179 1180/1180/1180 1191/1191/1191
f 1179/1179/1179 1191/1191/1191 1190/1190/1190
f 1180/1180/1180 1181/1181/1181 1192/1192/1192
f 1180/1180/1180 1192/1192/1192 1191/1191/1191
f 1182/1182/1182 1183/1183/1183 1194/1194/1194
f 1182/1182/1182 1194/1194/1194 1193/1193/1193
f 1183/1183/1183 1184/1184/1184 1195/1195/1195
f 1183/1183/1183 1195/1195/1195 1194/1194/1194
f 1184/1184/1184 1185/1185/1185 1196/1196/1196
f 1184/1184/1184 1196/1196/1196 1195/1195/1195
f 1185/1185/1185 1186/1186/1186 1197/1197/1197
f 1185/1185/1185 1197/1197/1197 1196/1196/1196
f 1186/1186/1186 1187/1187/1187 1198/1198/1198
f 1186/1186/1186 1198/1198/1198 1197/1197/1197
f 1187/1187/1187 1188/1188/1188 1199/1199/1199
f 1187/1187/1187 1199/1199/1199 1198/1198/1198
f 1188/1188/1188 1189/1189/1189 1200/1200/1200
f 1188/1188/1188 1200/1200/1200 1199/1199/1199
f 1189/1189/1189 1190/1190/1190 1201/1201/1201
f 1189/1189/1189 1201/1201/1201 1200/1200/1200
f 1190/1190/1190 1191/1191/1191 1202/1202/1202
f 1190/1190/1190 1202/1202/1202 1201/1201/1201
f 1191/1191/1191 1192/1192/1192 1203/1203/1203
f 1191/1191/1191 1203/1203/1203 1202/1202/1202
f 1193/1193/1193 1194/1194/1194 1205/1205/1205
f 1193/1193/1193 1205/1205/1205 1204/1204/1204
f 1194/1194/1194 1195/1195/1195 1206/1206/1206
f 1194/1194/1194 1206/1206/1206 1205/1205/1205
f 1195/1195/1195 1196/1196/1196 1207/1207/1207
f 1195/1195/1195 1207/1207/1207 1206/1206/1206
f 1196/1196/1196 1197/1197/1197 1208/1208/1208
f 1196/1196/1196 1208/1208/1208 1207/1207/1207
f 1197/1197/1197 1198/1198/1198 1209/1209/1209
f 1197/1197/1197 1209/1209/1209 1208/1208/1208
f 1198/1198/1198 1199/1199/1199 1210/1210/1210
f 1198/1198/1198 1210/1210/1210 1209/1209/1209
f 1199/1199/1199 1200/1200/1200 1211/1211/1211
f 1199/1199/1199 1211/1211/1211 1210/1210/1210
f 1200/1200/1200 1201/1201/1201 1212/1212/1212
f 1200/1200/1200 1212/1212/1212 1211/1211/1211
f 1201/1201/1201 1202/1202/1202 1213/1213/1213
f 1201/1201/1201 1213/1213/1213 1212/1212/1212
f 1202/1202/1202 1203/1203/1203 1214/1214/1214
f 1202/1202/1202 1214/1214/1214 1213/1213/1213
f 1204/1204/1204 1205/1205/1205 1216/1216/1216
f 1204/1204/1204 1216/1216/1216 1215/1215/1215
f 1205/1205/1205 1206/1206/1206 1217/1217/1217
f 1205/1205/1205 1217/1217/1217 1216/1216/1216
f 1206/1206/1206 1207/1207/1207 1218/1218/1218
f 1206/1206/1206 1218/1218/1218 1217/1217/1217
f 1207/1207/1207 1208/1208/1208 1219/1219/1219
f 1207/1207/1207 1219/1219/1219 1218/1218/1218
f 1208/1208/1208 1209/1209/1209 1220/1220/1220
f 1208/1208/1208 1220/1220/1220 1219/1219/1219
f 1209/1209/1209 1210/1210/1210 1221/1221/1221
f 1209/1209/1209 1221/1221/1221 1220/1220/1220
f 1210/1210/1210 1211/1211/1211 1222/1222/1222
f 1210/1210/1210 1222/1222/1222 1221/1221/1221
f 1211/1211/1211 1212/1212/1212 1223/1223/1223
f 1211/1211/1211 1223/1223/1223 1222/1222/1222
f 1212/1212/1212 1213/1213/1213 1224/1224/1224
f 1212/1212/1212 1224/1224/1224 1223/1223/1223
f 1213/1213/1213 1214/1214/1214 1225/1225/1225
f 1213/1213/1213 1225/1225/1225 1224/1224/1224
f 1226/1226/1226 1227/1227/1227 1238/1238/1238
f 1226/1226/1226 1238/1238/1238 1237/1237/1237
f 1227/1227/1227 1228/1228/1228 1239/1239/1239
f 1227/1227/1227 1239/1239/1239 1238/1238/1238
f 1228/1228/1228 1229/1229/1229 1240/1240/1240
f 1228/1228/1228 1240/1240/1240 1239/1239/1239
f 1229/1229/1229 1230/1230/1230 1241/1241/1241
f 1229/1229/1229 1241/1241/1241 1240/1240/1240
f 1230/1230/1230 1231/1231/1231 1242/1242/1242
f 1230/1230/1230 1242/1242/1242 1241/1241/1241
f 1231/1231/1231 1232/1232/1232 1243/1243/1243
f 1231/1231/1231 1243/1243/1243 1242/1242/1242
f 1232/1232/1232 1233/1233/1233 1244/1244/1244
f 1232/1232/1232 1244/1244/1244 1243/1243/1243
f 1233/1233/1233 1234/1234/1234 1245/1245/1245
f 1233/1233/1233 1245/1245/1245 1244/1244/1244
f 1234/1234/1234 1235/1235/1235 1246/1246/1246
f 1234/1234/1234 1246/1246/1246 1245/1245/1245
f 1235/1235/1235 1236/1236/1236 1247/1247/1247
f 1235/1235/1235 1247/1247/1247 1246/1246/1246
f 1237/1237/1237 1238/1238/1238 1249/1249/1249
f 1237/1237/1237 1249/1249/1249 1248/1248/1248
f 1238/1238/1238 1239/1239/1239 1250/1250/1250
f 1238/1238/1238 1250/1250/1250 1249/1249/1249
f 1239/1239/1239 1240/1240/1240 1251/1251/1251
f 1239/1239/1239 1251/1251/1251 1250/1250/1250
f 1240/1240/1240 1241/1241/1241 1252/1252/1252
f 1240/1240/1240 1252/1252/1252 1251/1251/1251
f 1241/1241/1241 1242/1242/1242 1253/1253/1253
f 1241/1241/1241 1253/1253/1253 1252/1252/1252
f 1242/1242/1242 1243/1243/1243 1254/1254/1254
f 1242/1242/1242 1254/1254/1254 1253/1253/1253
f 1243/1243/1243 1244/1244/1244 1255/1255/1255
f 1243/1243/1243 1255/1255/1255 1254/1254/1254
f 1244/1244/1244 1245/1245/1245 1256/1256/1256
f 1244/1244/1244 1256/1256/1256 1255/1255/1255
f 1245/1245/1245 1246/1246/1246 1257/1257/1257
f 1245/1245/1245 1257/1257/1257 1256/1256/1256
f 1246/1246/1246 1247/1247/1247 1258/1258/1258
f 1246/1246/1246 1258/1258/1258 1257/1257/1257
f 1248/1248/1248 1249/1249/1249 1260/1260/1260
f 1248/1248/1248 1260/1260/1260 1259/1259/1259
f 1249/1249/1249 1250/1250/1250 1261/1261/1261
f 1249/1249/1249 1261/1261/1261 1260/1260/1260
f 1250/1250/1250 1251/1251/1251 1262/1262/1262
f 1250/1250/1250 1262/1262/1262 1261/1261/1261
f 1251/1251/1251 1252/1252/1252 1263/1263/1263
f 1251/1251/1251 1263/1263/1263 1262/1262/1262
f 1252/1252/1252 1253/1253/1253 1264/1264/1264
f 1252/1252/1252 1264/1264/1264 1263/1263/1263
f 1253/1253/1253 1254/1254/1254 1265/1265/1265
f 1253/1253/1253 1265/1265/1265 1264/1264/1264
f 1254/1254/1254 1255/1255/1255 1266/1266/1266
f 1254/1254/1254 1266/1266/1266 1265/1265/1265
f 1255/1255/1255 1256/1256/1256 1267/1267/1267
f 1255/1255/1255 1267/1267/1267 1266/1266/1266
f 1256/1256/1256 1257/1257/1257 1268/1268/1268
f 1256/1256/1256 1268/1268/1268 1267/1267/1267
f 1257/1257/1257 1258/1258/1258 1269/1269/1269
f 1257/1257/1257 1269/1269/1269 1268/1268/1268
f 1259/1259/1259 1260/1260/1260 1271/1271/1271
f 1259/1259/1259 1271/1271/1271 1270/1270/1270
f 1260/1260/1260 1261/1261/1261 1272/1272/1272
f 1260/1260/1260 1272/1272/1272 1271/1271/1271
f 1261/1261/1261 1262/1262/1262 1273/1273/1273
f 1261/1261/1261 1273/1273/1273 1272/1272/1272
f 1262/1262/1262 1263/1263/1263 1274/1274/1274
f 1262/1262/1262 1274/1274/1274 1273/1273/1273
f 1263/1263/1263 1264/1264/1264 1275/1275/1275
f 1263/1263/1263 1275/1275/1275 1274/1274/1274
f 1264/1264/1264 1265/1265/1265 1276/1276/1276
f 1264/1264/1264 1276/1276/1276 1275/1275/1275
f 1265/1265/1265 1266/1266/1266 1277/1277/1277
f 1265/1265/1265 1277/1277/1277 1276/1276/1276
f 1266/1266/1266 1267/1267/1267 1278/1278/1278
f 1266/1266/1266 1278/1278/1278 1277/1277/1277
f 1267/1267/1267 1268/1268/1268 1279/1279/1279
f 1267/1267/1267 1279/1279/1279 1278/1278/1278
f 1268/1268/1268 1269/1269/1269 1280/1280/1280
f 1268/1268/1268 1280/1280/1280 1279/1279/1279
f 1270/1270/1270 1271/1271/1271 1282/1282/1282
f 1270/1270/1270 1282/1282/1282 1281/1281/1281
f 1271/1271/1271 1272/1272/1272 1283/1283/1283
f 1271/1271/1271 1283/1283/1283 1282/1282/1282
f 1272/1272/1272 1273/1273/1273 1284/1284/1284
f 1272/1272/1272 1284/1284/1284 1283/1283/1283
f 1273/1273/1273 1274/1274/1274 1285/1285/1285
f 1273/1273/1273 1285/1285/1285 1284/1284/1284
f 1274/1274/1274 1275/1275/1275 1286/1286/1286
f 1274/1274/1274 1286/1286/1286 1285/1285/1285
f 1275/1275/1275 1276/1276/1276 1287/1287/1287
f 1275/1275/1275 1287/1287/1287 1286/1286/1286
f 1276/1276/1276 1277/1277/1277 1288/1288/1288
f 1276/1276/1276 1288/1288/1288 1287/1287/1287
f 1277/1277/1277 1278/1278/1278 1289/1289/1289
f 1277/1277/1277 1289/1289/1289 1288/1288/1288
f 1278/1278/1278 1279/1279/1279 1290/1290/1290
f 1278/1278/1278 1290/1290/1290 1289/1289/1289
f 1279/1279/1279 1280/1280/1280 1291/1291/1291
f 1279/1279/1279 1291/1291/1291 1290/1290/1290
f 1281/1281/1281 1282/1282/1282 1293/1293/1293
f 1281/1281/1281 1293/1293/1293 1292/1292/1292
f 1282/1282/1282 1283/1283/1283 1294/1294/1294
f 1282/1282/1282 1294/1294/1294 1293/1293/1293
f 1283/1283/1283 1284/1284/1284 1295/1295/1295
f 1283/1283/1283 1295/1295/1295 1294/1294/1294
f 1284/1284/1284 1285/1285/1285 1296/1296/1296
f 1284/1284/1284 1296/1296/1296 1295/1295/1295
f 1285/1285/1285 1286/1286/1286 1297/1297/1297
f 1285/1285/1285 1297/1297/1297 1296/1296/1296
f 1286/1286/1286 1287/1287/1287 1298/1298/1298
f 1286/1286/1286 1298/1298/1298 1297/1297/1297
f 1287/1287/1287 1288/1288/1288 1299/1299/1299
f 1287/1287/1287 1299/1299/1299 1298/1298/1298
f 1288/1288/1288 1289/1289/1289 1300/1300/1300
f 1288/1288/1288 1300/1300/1300 1299/1299/1299
f 1289/1289/1289 1290/1290/1290 1301/1301/1301
f 1289/1289/1289 1301/1301/1301 1300/1300/1300
f 1290/1290/1290 1291/1291/1291 1302/1302/1302
f 1290/1290/1290 1302/1302/1302 1301/1301/1301
f 1303/1303/1303 1304/1304/1304 1315/1315/1315
f 1303/1303/1303 1315/1315/1315 1314/1314/1314
f 1304/1304/1304 1305/1305/1305 1316/1316/1316
f 1304/1304/1304 1316/1316/1316 1315/1315/1315
f 1305/1305/1305 1306/1306/1306 1317/1317/1317
f 1305/1305/1305 1317/1317/1317 1316/1316/1316
f 1306/1306/1306 1307/1307/1307 1318/1318/1318
f 1306/1306/1306 1318/1318/1318 1317/1317/1317
f 1307/1307/1307 1308/1308/1308 1319/1319/1319
f 1307/1307/1307 1319/1319/1319 1318/1318/1318
f 1308/1308/1308 1309/1309/1309 1320/1320/1320
f 1308/1308/1308 1320/1320/1320 1319/1319/1319
f 1309/1309/1309 1310/1310/1310 1321/1321/1321
f 1309/1309/1309 1321/1321/1321 1320/1320/1320
f 1310/1310/1310 1311/1311/1311 1322/1322/1322
f 1310/1310/1310 1322/1322/1322 1321/1321/1321
f 1311/1311/1311 1312/1312/1312 1323/1323/1323
f 1311/1311/1311 1323/1323/1323 1322/1322/1322
f 1312/1312/1312 1313/1313/1313 1324/1324/1324
f 1312/1312/1312 1324/1324/1324 1323/1323/1323
f 1314/1314/1314 1315/1315/1315 1326/1326/1326
f 1314/1314/1314 1326/1326/1326 1325/1325/1325
f 1315/1315/1315 1316/1316/1316 1327/1327/1327
f 1315/1315/1315 1327/1327/1327 1326/1326/1326
f 1316/1316/1316 1317/1317/1317 1328/1328/1328
f 1316/1316/1316 1328/1328/1328 1327/1327/1327
f 1317/1317/1317 1318/1318/1318 1329/1329/1329
f 1317/1317/1317 1329/1329/1329 1328/1328/1328
f 1318/1318/1318 1319/1319/1319 1330/1330/1330
f 1318/1318/1318 1330/1330/1330 1329/1329/1329
f 1319/1319/1319 1320/1320/1320 1331/1331/1331
f 1319/1319/1319 1331/1331/1331 1330/1330/1330
f 1320/1320/1320 1321/1321/1321 1332/1332/1332
f 1320/1320/1320 1332/1332/1332 1331/1331/1331
f 1321/1321/1321 1322/1322/1322 1333/1333/1333
f 1321/1321/1321 1333/1333/1333 1332/1332/1332
f 1322/1322/1322 1323/1323/1323 1334/1334/1334
f 1322/1322/1322 1334/1334/1334 1333/1333/1333
f 1323/1323/1323 1324/1324/1324 1335/1335/1335
f 1323/1323/1323 1335/1335/1335 1334/1334/1334
f 1325/1325/1325 1326/1326/1326 1337/1337/1337
f 1325/1325/1325 1337/1337/1337 1336/1336/1336
f 1326/1326/1326 1327/1327/1327 1338/1338/1338
f 1326/1326/1326 1338/1338/1338 1337/1337/1337
f 1327/1327/1327 1328/1328/1328 1339/1339/1339
f 1327/1327/1327 1339/1339/1339 1338/1338/1338
f 1328/1328/1328 1329/1329/1329 1340/1340/1340
f 1328/1328/1328 1340/1340/1340 1339/1339/1339
f 1329/1329/1329 1330/1330/1330 1341/1341/1341
f 1329/1329/1329 1341/1341/1341 1340/1340/1340
f 1330/1330/1330 1331/1331/1331 1342/1342/1342
f 1330/1330/1330 1342/1342/1342 1341/1341/1341
f 1331/1331/1331 1332/1332/1332 1343/1343/1343
f 1331/1331/1331 1343/1343/1343 1342/1342/1342
f 1332/1332/1332 1333/1333/1333 1344/1344/1344
f 1332/1332/1332 1344/1344/1344 1343/1343/1343
f 1333/1333/1333 1334/1334/1334 1345/1345/1345
f 1333/1333/1333 1345/1345/1345 1344/1344/1344
f 1334/1334/1334 1335/1335/1335 1346/1346/1346
f 1334/1334/1334 1346/1346/1346 1345/1345/1345
f 1336/1336/1336 1337/1337/1337 1348/1348/1348
f 1336/1336/1336 1348/1348/1348 1347/1347/1347
f 1337/1337/1337 1338/1338/1338 1349/1349/1349
f 1337/1337/1337 1349/1349/1349 1348/1348/1348
f 1338/1338/1338 1339/1339/1339 1350/1350/1350
f 1338/1338/1338 1350/1350/1350 1349/1349/1349
f 1339/1339/1339 1340/1340/1340 1351/1351/1351
f 1339/1339/1339 1351/1351/1351 1350/1350/1350
f 1340/1340/1340 1341/1341/1341 1352/1352/1352
f 1340/1340/1340 1352/1352/1352 1351/1351/1351
f 1341/1341/1341 1342/1342/1342 1353/1353/1353
f 1341/1341/1341 1353/1353/1353 1352/1352/1352
f 1342/1342/1342 1343/1343/1343 1354/1354/1354
f 1342/1342/1342 1354/1354/1354 1353/1353/1353
f 1343/1343/1343 1344/1344/1344 1355/1355/1355
f 1343/1343/1343 1355/1355/1355 1354/1354/1354
f 1344/1344/1344 1345/1345/1345 1356/1356/1356
f 1344/1344/1344 1356/1356/1356 1355/1355/1355
f 1345/1345/1345 1346/1346/1346 1357/1357/1357
f 1345/1345/1345 1357/1357/1357 1356/1356/1356
f 1347/1347/1347 1348/1348/1348 1359/1359/1359
f 1347/1347/1347 1359/1359/1359 1358/1358/1358
f 1348/1348/1348 1349/1349/1349 1360/1360/1360
f 1348/1348/1348 1360/1360/1360 1359/1359/1359
f 1349/1349/1349 1350/1350/1350 1361/1361/1361
f 1349/1349/1349 1361/1361/1361 1360/1360/1360
f 1350/1350/1350 1351/1351/1351 1362/1362/1362
f 1350/1350/1350 1362/1362/1362 1361/1361/1361
f 1351/1351/1351 1352/1352/1352 1363/1363/1363
f 1351/1351/1351 1363/1363/1363 1362/1362/1362
f 1352/1352/1352 1353/1353/1353 1364/1364/1364
f 1352/1352/1352 1364/1364/1364 1363/1363/1363
f 1353/1353/1353 1354/1354/1354 1365/1365/1365
f 1353/1353/1353 1365/1365/1365 1364/1364/1364
f 1354/1354/1354 1355/1355/1355 1366/1366/1366
f 1354/1354/1354 1366/1366/1366 1365/1365/1365
f 1355/1355/1355 1356/1356/1356 1367/1367/1367
f 1355/1355/1355 1367/1367/1367 1366/1366/1366
f 1356/1356/1356 1357/1357/1357 1368/1368/1368
f 1356/1356/1356 1368/1368/1368 1367/1367/1367
f 1358/1358/1358 1359/1359/1359 1370/1370/1370
f 1358/1358/1358 1370/1370/1370 1369/1369/1369
f 1359/1359/1359 1360/1360/1360 1371/1371/1371
f 1359/1359/1359 1371/1371/1371 1370/1370/1370
f 1360/1360/1360 1361/1361/1361 1372/1372/1372
f 1360/1360/1360 1372/1372/1372 1371/1371/1371
f 1361/1361/1361 1362/1362/1362 1373/1373/1373
f 1361/1361/1361 1373/1373/1373 1372/1372/1372
f 1362/1362/1362 1363/1363/1363 1374/1374/1374
f 1362/1362/1362 1374/1374/1374 1373/1373/1373
f 1363/1363/1363 1364/1364/1364 1375/1375/1375
f 1363/1363/1363 1375/1375/1375 1374/1374/1374
f 1364/1364/1364 1365/1365/1365 1376/1376/1376
f 1364/1364/1364 1376/1376/1376 1375/1375/1375
f 1365/1365/1365 1366/1366/1366 1377/1377/1377
f 1365/1365/1365 1377/1377/1377 1376/1376/1376
f 1366/1366/1366 1367/1367/1367 1378/1378/1378
f 1366/1366/1366 1378/1378/1378 1377/1377/1377
f 1367/1367/1367 1368/1368/1368 1379/1379/1379
f 1367/1367/1367 1379/1379/1379 1378/1378/1378
f 1380/1380/1380 1381/1381/1381 1392/1392/1392
f 1380/1380/1380 1392/1392/1392 1391/1391/1391
f 1381/1381/1381 1382/1382/1382 1393/1393/1393
f 1381/1381/1381 1393/1393/1393 1392/1392/1392
f 1382/1382/1382 1383/1383/1383 1394/1394/1394
f 1382/1382/1382 1394/1394/1394 1393/1393/1393
f 1383/1383/1383 1384/1384/1384 1395/1395/1395
f 1383/1383/1383 1395/1395/1395 1394/1394/1394
f 1384/1384/1384 1385/1385/1385 1396/1396/1396
f 1384/1384/1384 1396/1396/1396 1395/1395/1395
f 1385/1385/1385 1386/1386/1386 1397/1397/1397
f 1385/1385/1385 1397/1397/1397 1396/1396/1396
f 1386/1386/1386 1387/1387/1387 1398/1398/1398
f 1386/1386/1386 1398/1398/1398 1397/1397/1397
f 1387/1387/1387 1388/1388/1388 1399/1399/1399
f 1387/1387/1387 1399/1399/1399 1398/1398/1398
f 1388/1388/1388 1389/1389/1389 1400/1400/1400
f 1388/1388/1388 1400/1400/1400 1399/1399/1399
f 1389/1389/1389 1390/1390/1390 1401/1401/1401
f 1389/1389/1389 1401/1401/1401 1400/1400/1400
f 1391/1391/1391 1392/1392/1392 1403/1403/1403
f 1391/1391/1391 1403/1403/1403 1402/1402/1402
f 1392/1392/1392 1393/1393/1393 1404/1404/1404
f 1392/1392/1392 1404/1404/1404 1403/1403/1403
f 1393/1393/1393 1394/1394/1394 1405/1405/1405
f 1393/1393/1393 1405/1405/1405 1404/1404/1404
f 1394/1394/1394 1395/1395/1395 1406/1406/1406
f 1394/1394/1394 1406/1406/1406 1405/1405/1405
f 1395/1395/1395 1396/1396/1396 1407/1407/1407
f 1395/1395/1395 1407/1407/1407 1406/1406/1406
f 1396/1396/1396 1397/1397/1397 1408/1408/1408
f 1396/1396/1396 1408/1408/1408 1407/1407/1407
f 1397/1397/1397 1398/1398/1398 1409/1409/1409
f 1397/1397/1397 1409/1409/1409 1408/1408/1408
f 1398/1398/1398 1399/1399/1399 1410/1410/1410
f 1398/1398/1398 1410/1410/1410 1409/1409/1409
f 1399/1399/1399 1400/1400/1400 1411/1411/1411
f 1399/1399/1399 1411/1411/1411 1410/1410/1410
f 1400/1400/1400 1401/1401/1401 1412/1412/1412
f 1400/1400/1400 1412/1412/1412 1411/1411/1411
f 1402/1402/1402 1403/1403/1403 1414/1414/1414
f 1402/1402/1402 1414/1414/1414 1413/1413/1413
f 1403/1403/1403 1404/1404/1404 1415/1415/1415
f 1403/1403/1403 1415/1415/1415 1414/1414/1414
f 1404/1404/1404 1405/1405/1405 1416/1416/1416
f 1404/1404/1404 1416/1416/1416 1415/1415/1415
f 1405/1405/1405 1406/1406/1406 1417/1417/1417
f 1405/1405/1405 1417/1417/1417 1416/1416/1416
f 1406/1406/1406 1407/1407/1407 1418/1418/1418
f 1406/1406/1406 1418/1418/1418 1417/1417/1417
f 1407/1407/1407 1408/1408/1408 1419/1419/1419
f 1407/1407/1407 1419/1419/1419 1418/1418/1418
f 1408/1408/1408 1409/1409/1409 1420/1420/1420
f 1408/1408/1408 1420/1420/1420 1419/1419/1419
f 1409/1409/1409 1410/1410/1410 1421/1421/1421
f 1409/1409/1409 1421/1421/1421 1420/1420/1420
f 1410/1410/1410 1411/1411/1411 1422/1422/1422
f 1410/1410/1410 1422/1422/1422 1421/1421/1421
f 1411/1411/1411 1412/1412/1412 1423/1423/1423
f 1411/1411/1411 1423/1423/1423 1422/1422/1422
f 1413/1413/1413 1414/1414/1414 1425/1425/1425
f 1413/1413/1413 1425/1425/1425 1424/1424/1424
f 1414/1414/1414 1415/1415/1415 1426/1426/1426
f 1414/1414/1414 1426/1426/1426 1425/1425/1425
f 1415/1415/1415 1416/1416/1416 1427/1427/1427
f 1415/1415/1415 1427/1427/1427 1426/1426/1426
f 1416/1416/1416 1417/1417/1417 1428/1428/1428
f 1416/1416/1416 1428/1428/1428 1427/1427/1427
f 1417/1417/1417 1418/1418/1418 1429/1429/1429
f 1417/1417/1417 1429/1429/1429 1428/1428/1428
f 1418/1418/1418 1419/1419/1419 1430/1430/1430
f 1418/1418/1418 1430/1430/1430 1429/1429/1429
f 1419/1419/1419 1420/1420/1420 1431/1431/1431
f 1419/1419/1419 1431/1431/1431 1430/1430/1430
f 1420/1420/1420 1421/1421/1421 1432/1432/1432
f 1420/1420/1420 1432/1432/1432 1431/1431/1431
f 1421/1421/1421 1422/1422/1422 1433/1433/1433
f 1421/1421/1421 1433/1433/1433 1432/1432/1432
f 1422/1422/1422 1423/1423/1423 1434/1434/1434
f 1422/1422/1422 1434/1434/1434 1433/1433/1433
f 1424/1424/1424 1425/1425/1425 1436/1436/1436
f 1424/1424/1424 1436/1436/1436 1435/1435/1435
f 1425/1425/1425 1426/1426/1426 1437/1437/1437
f 1425/1425/1425 1437/1437/1437 1436/1436/1436
f 1426/1426/1426 1427/1427/1427 1438/1438/1438
f 1426/1426/1426 1438/1438/1438 1437/1437/1437
f 1427/1427/1427 1428/1428/1428 1439/1439/1439
f 1427/1427/1427 1439/1439/1439 1438/1438/1438
f 1428/1428/1428 1429/1429/1429 1440/1440/1440
f 1428/1428/1428 1440/1440/1440 1439/1439/1439
f 1429/1429/1429 1430/1430/1430 1441/1441/1441
f 1429/1429/1429 1441/1441/1441 1440/1440/1440
f 1430/1430/1430 1431/1431/1431 1442/1442/1442
f 1430/1430/1430 1442/1442/1442 1441/1441/1441
f 1431/1431/1431 1432/1432/1432 1443/1443/1443
f 1431/1431/1431 1443/1443/1443 1442/1442/1442
f 1432/1432/1432 1433/1433/1433 1444/1444/1444
f 1432/1432/1432 1444/1444/1444 1443/1443/1443
f 1433/1433/1433 1434/1434/1434 1445/1445/1445
f 1433/1433/1433 1445/1445/1445 1444/1444/1444
f 1435/1435/1435 1436/1436/1436 1447/1447/1447
f 1435/1435/1435 1447/1447/1447 1446/1446/1446
f 1436/1436/1436 1437/1437/1437 1448/1448/1448
f 1436/1436/1436 1448/1448/1448 1447/1447/1447
f 1437/1437/1437 1438/1438/1438 1449/1449/1449
f 1437/1437/1437 1449/1449/1449 1448/1448/1448
f 1438/1438/1438 1439/1439/1439 1450/1450/1450
f 1438/1438/1438 1450/1450/1450 1449/1449/1449
f 1439/1439/1439 1440/1440/1440 1451/1451/1451
f 1439/1439/1439 1451/1451/1451 1450/1450/1450
f 1440/1440/1440 1441/1441/1441 1452/1452/1452
f 1440/1440/1440 1452/1452/1452 1451/1451/1451
f 1441/1441/1441 1442/1442/1442 1453/1453/1453
f 1441/1441/1441 1453/1453/1453 1452/1452/1452
f 1442/1442/1442 1443/1443/1443 1454/1454/1454
f 1442/1442/1442 1454/1454/1454 1453/1453/1453
f 1443/1443/1443 1444/1444/1444 1455/1455/1455
f 1443/1443/1443 1455/1455/1455 1454/1454/1454
f 1444/1444/1444 1445/1445/1445 1456/1456/1456
f 1444/1444/1444 1456/1456/1456 1455/1455/1455
f 1457/1457/1457 1458/1458/1458 1469/1469/1469
f 1457/1457/1457 1469/1469/1469 1468/1468/1468
f 1458/1458/1458 1459/1459/1459 1470/1470/1470
f 1458/1458/1458 1470/1470/1470 1469/1469/1469
f 1459/1459/1459 1460/1460/1460 1471/1471/1471
f 1459/1459/1459 1471/1471/1471 1470/1470/1470
f 1460/1460/1460 1461/1461/1461 1472/1472/1472
f 1460/1460/1460 1472/1472/1472 1471/1471/1471
f 1461/1461/1461 1462/1462/1462 1473/1473/1473
f 1461/1461/1461 1473/1473/1473 1472/1472/1472
f 1462/1462/1462 1463/1463/1463 1474/1474/1474
f 1462/1462/1462 1474/1474/1474 1473/1473/1473
f 1463/1463/1463 1464/1464/1464 1475/1475/1475
f 1463/1463/1463 1475/1475/1475 1474/1474/1474
f 1464/1464/1464 1465/1465/1465 1476/1476/1476
f 1464/1464/1464 1476/1476/1476 1475/1475/1475
f 1465/1465/1465 1466/1466/1466 1477/1477/1477
f 1465/1465/1465 1477/1477/1477 1476/1476/1476
f 1466/1466/1466 1467/1467/1467 1478/1478/1478
f 1466/1466/1466 1478/1478/1478 1477/1477/1477
f 1468/1468/1468 1469/1469/1469 1480/1480/1480
f 1468/1468/1468 1480/1480/1480 1479/1479/1479
f 1469/1469/1469 1470/1470/1470 1481/1481/1481
f 1469/1469/1469 1481/1481/1481 1480/1480/1480
f 1470/1470/1470 1471/1471/1471 1482/1482/1482
f 1470/1470/1470 1482/1482/1482 1481/1481/1481
f 1471/1471/1471 1472/1472/1472 1483/1483/1483
f 1471/1471/1471 1483/1483/1483 1482/1482/1482
f 1472/1472/1472 1473/1473/1473 1484/1484/1484
f 1472/1472/1472 1484/1484/1484 1483/1483/1483
f 1473/1473/1473 1474/1474/1474 1485/1485/1485
f 1473/1473/1473 1485/1485/1485 1484/1484/1484
f 1474/1474/1474 1475/1475/1475 1486/1486/1486
f 1474/1474/1474 1486/1486/1486 1485/1485/1485
f 1475/1475/1475 1476/1476/1476 1487/1487/1487
f 1475/1475/1475 1487/1487/1487 1486/1486/1486
f 1476/1476/1476 1477/1477/1477 1488/1488/1488
f 1476/1476/1476 1488/1488/1488 1487/1487/1487
f 1477/1477/1477 1478/1478/1478 1489/1489/1489
f 1477/1477/1477 1489/1489/1489 1488/1488/1488
f 1479/1479/1479 1480/1480/1480 1491/1491/1491
f 1479/1479/1479 1491/1491/1491 1490/1490/1490
f 1480/1480/1480 1481/1481/1481 1492/1492/1492
f 1480/1480/1480 1492/1492/1492 1491/1491/1491
f 1481/1481/1481 1482/1482/1482 1493/1493/1493
f 1481/1481/1481 1493/1493/1493 1492/1492/1492
f 1482/1482/1482 1483/1483/1483 1494/1494/1494
f 1482/1482/1482 1494/1494/1494 1493/1493/1493
f 1483/1483/1483 1484/1484/1484 1495/1495/1495
f 1483/1483/1483 1495/1495/1495 1494/1494/1494
f 1484/1484/1484 1485/1485/1485 1496/1496/1496
f 1484/1484/1484 1496/1496/1496 1495/1495/1495
f 1485/1485/1485 1486/1486/1486 1497/1497/1497
f 1485/1485/1485 1497/1497/1497 1496/1496/1496
f 1486/1486/1486 1487/1487/1487 1498/1498/1498
f 1486/1486/1486 1498/1498/1498 1497/1497/1497
f 1487/1487/1487 1488/1488/1488 1499/1499/1499
f 1487/1487/1487 1499/1499/1499 1498/1498/1498
f 1488/1488/1488 1489/1489/1489 1500/1500/1500
f 1488/1488/1488 1500/1500/1500 1499/1499/1499
f 1490/1490/1490 1491/1491/1491 1502/1502/1502
f 1490/1490/1490 1502/1502/1502 1501/1501/1501
f 1491/1491/1491 1492/1492/1492 1503/1503/1503
f 1491/1491/1491 1503/1503/1503 1502/1502/1502
f 1492/1492/1492 1493/1493/1493 1504/1504/1504
f 1492/1492/1492 1504/1504/1504 1503/1503/1503
f 1493/1493/1493 1494/1494/1494 1505/1505/1505
f 1493/1493/1493 1505/1505/1505 1504/1504/1504
f 1494/1494/1494 1495/1495/1495 1506/1506/1506
f 1494/1494/1494 1506/1506/1506 1505/1505/1505
f 1495/1495/1495 1496/1496/1496 1507/1507/1507
f 1495/1495/1495 1507/1507/1507 1506/1506/1506
f 1496/1496/1496 1497/1497/1497 1508/1508/1508
f 1496/1496/1496 1508/1508/1508 1507/1507/1507
f 1497/1497/1497 1498/1498/1498 1509/1509/1509
f 1497/1497/1497 1509/1509/1509 1508/1508/1508
f 1498/1498/1498 1499/1499/1499 1510/1510/1510
f 1498/1498/1498 1510/1510/1510 1509/1509/1509
f 1499/1499/1499 1500/1500/1500 1511/1511/1511
f 1499/1499/1499 1511/1511/1511 1510/1510/1510
f 1501/1501/1501 1502/1502/1502 1513/1513/1513
f 1501/1501/1501 1513/1513/1513 1512/1512/1512
f 1502/1502/1502 1503/1503/1503 1514/1514/1514
f 1502/1502/1502 1514/1514/1514 1513/1513/1513
f 1503/1503/1503 1504/1504/1504 1515/1515/1515
f 1503/1503/1503 1515/1515/1515 1514/1514/1514
f 1504/1504/1504 1505/1505/1505 1516/1516/1516
f 1504/1504/1504 1516/1516/1516 1515/1515/1515
f 1505/1505/1505 1506/1506/1506 1517/1517/1517
f 1505/1505/1505 1517/1517/1517 1516/1516/1516
f 1506/1506/1506 1507/1507/1507 1518/1518/1518
f 1506/1506/1506 1518/1518/1518 1517/1517/1517
f 1507/1507/1507 1508/1508/1508 1519/1519/1519
f 1507/1507/1507 1519/1519/1519 1518/1518/1518
f 1508/1508/1508 1509/1509/1509 1520/1520/1520
f 1508/1508/1508 1520/1520/1520 1519/1519/1519
f 1509/1509/1509 1510/1510/1510 1521/1521/1521
f 1509/1509/1509 1521/1521/1521 1520/1520/1520
f 1510/1510/1510 1511/1511/1511 1522/1522/1522
f 1510/1510/1510 1522/1522/1522 1521/1521/1521
f 1512/1512/1512 1513/1513/1513 1524/1524/1524
f 1512/1512/1512 1524/1524/1524 1523/1523/1523
f 1513/1513/1513 1514/1514/1514 1525/1525/1525
f 1513/1513/1513 1525/1525/1525 1524/1524/1524
f 1514/1514/1514 1515/1515/1515 1526/1526/1526
f 1514/1514/1514 1526/1526/1526 1525/1525/1525
f 1515/1515/1515 1516/1516/1516 1527/1527/1527
f 1515/1515/1515 1527/1527/1527 1526/1526/1526
f 1516/1516/1516 1517/1517/1517 1528/1528/1528
f 1516/1516/1516 1528/1528/1528 1527/1527/1527
f 1517/1517/1517 1518/1518/1518 1529/1529/1529
f 1517/1517/1517 1529/1529/1529 1528/1528/1528
f 1518/1518/1518 1519/1519/1519 1530/1530/1530
f 1518/1518/1518 1530/1530/1530 1529/1529/1529
f 1519/1519/1519 1520/1520/1520 1531/1531/1531
f 1519/1519/1519 1531/1531/1531 1530/1530/1530
f 1520/1520/1520 1521/1521/1521 1532/1532/1532
f 1520/1520/1520 1532/1532/1532 1531/1531/1531
f 1521/1521/1521 1522/1522/1522 1533/1533/1533
f 1521/1521/1521 1533/1533/1533 1532/1532/1532
f 1534/1534/1534 1535/1535/1535 1546/1546/1546
f 1534/1534/1534 1546/1546/1546 1545/1545/1545
f 1535/1535/1535 1536/1536/1536 1547/1547/1547
f 1535/1535/1535 1547/1547/1547 1546/1546/1546
f 1536/1536/1536 1537/1537/1537 1548/1548/1548
f 1536/1536/1536 1548/1548/1548 1547/1547/1547
f 1537/1537/1537 1538/1538/1538 1549/1549/1549
f 1537/1537/1537 1549/1549/1549 1548/1548/1548
f 1538/1538/1538 1539/1539/1539 1550/1550/1550
f 1538/1538/1538 1550/1550/1550 1549/1549/1549
f 1539/1539/1539 1540/1540/1540 1551/1551/1551
f 1539/1539/1539 1551/1551/1551 1550/1550/1550
f 1540/1540/1540 1541/1541/1541 1552/1552/1552
f 1540/1540/1540 1552/1552/1552 1551/1551/1551
f 1541/1541/1541 1542/1542/1542 1553/1553/1553
f 1541/1541/1541 1553/1553/1553 1552/1552/1552
f 1542/1542/1542 1543/1543/1543 1554/1554/1554
f 1542/1542/1542 1554/1554/1554 1553/1553/1553
f 1543/1543/1543 1544/1544/1544 1555/1555/1555
f 1543/1543/1543 1555/1555/1555 1554/1554/1554
f 1545/1545/1545 1546/1546/1546 1557/1557/1557
f 1545/1545/1545 1557/1557/1557 1556/1556/1556
f 1546/1546/1546 1547/1547/1547 1558/1558/1558
f 1546/1546/1546 1558/1558/1558 1557/1557/1557
f 1547/1547/1547 1548/1548/1548 1559/1559/1559
f 1547/1547/1547 1559/1559/1559 1558/1558/1558
f 1548/1548/1548 1549/1549/1549 1560/1560/1560
f 1548/1548/1548 1560/1560/1560 1559/1559/1559
f 1549/1549/1549 1550/1550/1550 1561/1561/1561
f 1549/1549/1549 1561/1561/1561 1560/1560/1560
f 1550/1550/1550 1551/1551/1551 1562/1562/1562
f 1550/1550/1550 1562/1562/1562 1561/1561/1561
f 1551/1551/1551 1552/1552/1552 1563/1563/1563
f 1551/1551/1551 1563/1563/1563 1562/1562/1562
f 1552/1552/1552 1553/1553/1553 1564/1564/1564
f 1552/1552/1552 1564/1564/1564 1563/1563/1563
f 1553/1553/1553 1554/1554/1554 1565/1565/1565
f 1553/1553/1553 1565/1565/1565 1564/1564/1564
f 1554/1554/1554 1555/1555/1555 1566/1566/1566
f 1554/1554/1554 1566/1566/1566 1565/1565/1565
f 1556/1556/1556 1557/1557/1557 1568/1568/1568
f 1556/1556/1556 1568/1568/1568 1567/1567/1567
f 1557/1557/1557 1558/1558/1558 1569/1569/1569
f 1557/1557/1557 1569/1569/1569 1568/1568/1568
f 1558/1558/1558 1559/1559/1559 1570/1570/1570
f 1558/1558/1558 1570/1570/1570 1569/1569/1569
f 1559/1559/1559 1560/1560/1560 1571/1571/1571
f 1559/1559/1559 1571/1571/1571 1570/1570/1570
f 1560/1560/1560 1561/1561/1561 1572/1572/1572
f 1560/1560/1560 1572/1572/1572 1571/1571/1571
f 1561/1561/1561 1562/1562/1562 1573/1573/1573
f 1561/1561/1561 1573/1573/1573 1572/1572/1572
f 1562/1562/1562 1563/1563/1563 1574/1574/1574
f 1562/1562/1562 1574/1574/1574 1573/1573/1573
f 1563/1563/1563 1564/1564/1564 1575/1575/1575
f 1563/1563/1563 1575/1575/1575 1574/1574/1574
f 1564/1564/1564 1565/1565/1565 1576/1576/1576
f 1564/1564/1564 1576/1576/1576 1575/1575/1575
f 1565/1565/1565 1566/1566/1566 1577/1577/1577
f 1565/1565/1565 1577/1577/1577 1576/1576/1576
f 1567/1567/1567 1568/1568/1568 1579/1579/1579
f 1567/1567/1567 1579/1579/1579 1578/1578/1578
f 1568/1568/1568 1569/1569/1569 1580/1580/1580
f 1568/1568/1568 1580/1580/1580 1579/1579/1579
f 1569/1569/1569 1570/1570/1570 1581/1581/1581
f 1569/1569/1569 1581/1581/1581 1580/1580/1580
f 1570/1570/1570 1571/1571/1571 1582/1582/1582
f 1570/1570/1570 1582/1582/1582 1581/1581/1581
f 1571/1571/1571 1572/1572/1572 1583/1583/1583
f 1571/1571/1571 1583/1583/1583 1582/1582/1582
f 1572/1572/1572 1573/1573/1573 1584/1584/1584
f 1572/1572/1572 1584/1584/1584 1583/1583/1583
f 1573/1573/1573 1574/1574/1574 1585/1585/1585
f 1573/1573/1573 1585/1585/1585 1584/1584/1584
f 1574/1574/1574 1575/1575/1575 1586/1586/1586
f 1574/1574/1574 1586/1586/1586 1585/1585/1585
f 1575/1575/1575 1576/1576/1576 1587/1587/1587
f 1575/1575/1575 1587/1587/1587 1586/1586/1586
f 1576/1576/1576 1577/1577/1577 1588/1588/1588
f 1576/1576/1576 1588/1588/1588 1587/1587/1587
f 1578/1578/1578 1579/1579/1579 1590/1590/1590
f 1578/1578/1578 1590/1590/1590 1589/1589/1589
f 1579/1579/1579 1580/1580/1580 1591/1591/1591
f 1579/1579/1579 1591/1591/1591 1590/1590/1590
f 1580/1580/1580 1581/1581/1581 1592/1592/1592
f 1580/1580/1580 1592/1592/1592 1591/1591/1591
f 1581/1581/1581 1582/1582/1582 1593/1593/1593
f 1581/1581/1581 1593/1593/1593 1592/1592/1592
f 1582/1582/1582 1583/1583/1583 1594/1594/1594
f 1582/1582/1582 1594/1594/1594 1593/1593/1593
f 1583/1583/1583 1584/1584/1584 1595/1595/1595
f 1583/1583/1583 1595/1595/1595 1594/1594/1594
f 1584/1584/1584 1585/1585/1585 1596/1596/1596
f 1584/1584/1584 1596/1596/1596 1595/1595/1595
f 1585/1585/1585 1586/1586/1586 1597/1597/1597
f 1585/1585/1585 1597/1597/1597 1596/1596/1596
f 1586/1586/1586 1587/1587/1587 1598/1598/1598
f 1586/1586/1586 1598/1598/1598 1597/1597/1597
f 1587/1587/1587 1588/1588/1588 1599/1599/1599
f 1587/1587/1587 1599/1599/1599 1598/1598/1598
f 1589/1589/1589 1590/1590/1590 1601/1601/1601
f 1589/1589/1589 1601/1601/1601 1600/1600/1600
f 1590/1590/1590 1591/1591/1591 1602/1602/1602
f 1590/1590/1590 1602/1602/1602 1601/1601/1601
f 1591/1591/1591 1592/1592/1592 1603/1603/1603
f 1591/1591/1591 1603/1603/1603 1602/1602/1602
f 1592/1592/1592 1593/1593/1593 1604/1604/1604
f 1592/1592/1592 1604/1604/1604 1603/1603/1603
f 1593/1593/1593 1594/1594/1594 1605/1605/1605
f 1593/1593/1593 1605/1605/1605 1604/1604/1604
f 1594/1594/1594 1595/1595/1595 1606/1606/1606
f 1594/1594/1594 1606/1606/1606 1605/1605/1605
f 1595/1595/1595 1596/1596/1596 1607/1607/1607
f 1595/1595/1595 1607/1607/1607 1606/1606/1606
f 1596/1596/1596 1597/1597/1597 1608/1608/1608
f 1596/1596/1596 1608/1608/1608 1607/1607/1607
f 1597/1597/1597 1598/1598/1598 1609/1609/1609
f 1597/1597/1597 1609/1609/1609 1608/1608/1608
f 1598/1598/1598 1599/1599/1599 1610/1610/1610
f 1598/1598/1598 1610/1610/1610 1609/1609/1609
f 1611/1611/1611 1612/1612/1612 1623/1623/1623
f 1611/1611/1611 1623/1623/1623 1622/1622/1622
f 1612/1612/1612 1613/1613/1613 1624/1624/1624
f 1612/1612/1612 1624/1624/1624 1623/1623/1623
f 1613/1613/1613 1614/1614/1614 1625/1625/1625
f 1613/1613/1613 1625/1625/1625 1624/1624/1624
f 1614/1614/1614 1615/1615/1615 1626/1626/1626
f 1614/1614/1614 1626/1626/1626 1625/1625/1625
f 1615/1615/1615 1616/1616/1616 1627/1627/1627
f 1615/1615/1615 1627/1627/1627 1626/1626/1626
f 1616/1616/1616 1617/1617/1617 1628/1628/1628
f 1616/1616/1616 1628/1628/1628 1627/1627/1627
f 1617/1617/1617 1618/1618/1618 1629/1629/1629
f 1617/1617/1617 1629/1629/1629 1628/1628/1628
f 1618/1618/1618 1619/1619/1619 1630/1630/1630
f 1618/1618/1618 1630/1630/1630 1629/1629/1629
f 1619/1619/1619 1620/1620/1620 1631/1631/1631
f 1619/1619/1619 1631/1631/1631 1630/1630/1630
f 1620/1620/1620 1621/1621/1621 1632/1632/1632
f 1620/1620/1620 1632/1632/1632 1631/1631/1631
f 1622/1622/1622 1623/1623/1623 1634/1634/1634
f 1622/1622/1622 1634/1634/1634 1633/1633/1633
f 1623/1623/1623 1624/1624/1624 1635/1635/1635
f 1623/1623/1623 1635/1635/1635 1634/1634/1634
f 1624/1624/1624 1625/1625/1625 1636/1636/1636
f 1624/1624/1624 1636/1636/1636 1635/1635/1635
f 1625/1625/1625 1626/1626/1626 1637/1637/1637
f 1625/1625/1625 1637/1637/1637 1636/1636/1636
f 1626/1626/1626 1627/1627/1627 1638/1638/1638
f 1626/1626/1626 1638/1638/1638 1637/1637/1637
f 1627/1627/1627 1628/1628/1628 1639/1639/1639
f 1627/1627/1627 1639/1639/1639 1638/1638/1638
f 1628/1628/1628 1629/1629/1629 1640/1640/1640
f 1628/1628/1628 1640/1640/1640 1639/1639/1639
f 1629/1629/1629 1630/1630/1630 1641/1641/1641
f 1629/1629/1629 1641/1641/1641 1640/1640/1640
f 1630/1630/1630 1631/1631/1631 1642/1642/1642
f 1630/1630/1630 1642/1642/1642 1641/1641/1641
f 1631/1631/1631 1632/1632/1632 1643/1643/1643
f 1631/1631/1631 1643/1643/1643 1642/1642/1642
f 1633/1633/1633 1634/1634/1634 1645/1645/1645
f 1633/1633/1633 1645/1645/1645 1644/1644/1644
f 1634/1634/1634 1635/1635/1635 1646/1646/1646
f 1634/1634/1634 1646/1646/1646 1645/1645/1645
f 1635/1635/1635 1636/1636/1636 1647/1647/1647
f 1635/1635/1635 1647/1647/1647 1646/1646/1646
f 1636/1636/1636 1637/1637/1637 1648/1648/1648
f 1636/1636/1636 1648/1648/1648 1647/1647/1647
f 1637/1637/1637 1638/1638/1638 1649/1649/1649
f 1637/1637/1637 1649/1649/1649 1648/1648/1648
f 1638/1638/1638 1639/1639/1639 1650/1650/1650
f 1638/1638/1638 1650/1650/1650 1649/1649/1649
f 1639/1639/1639 1640/1640/1640 1651/1651/1651
f 1639/1639/1639 1651/1651/1651 1650/1650/1650
f 1640/1640/1640 1641/1641/1641 1652/1652/1652
f 1640/1640/1640 1652/1652/1652 1651/1651/1651
f 1641/1641/1641 1642/1642/1642 1653/1653/1653
f 1641/1641/1641 1653/1653/1653 1652/1652/1652
f 1642/1642/1642 1643/1643/1643 1654/1654/1654
f 1642/1642/1642 1654/1654/1654 1653/1653/1653
f 1644/1644/1644 1645/1645/1645 1656/1656/1656
f 1644/1644/1644 1656/1656/1656 1655/1655/1655
f 1645/1645/1645 1646/1646/1646 1657/1657/1657
f 1645/1645/1645 1657/1657/1657 1656/1656/1656
f 1646/1646/1646 1647/1647/1647 1658/1658/1658
f 1646/1646/1646 1658/1658/1658 1657/1657/1657
f 1647/1647/1647 1648/1648/1648 1659/1659/1659
f 1647/1647/1647 1659/1659/1659 1658/1658/1658
f 1648/1648/1648 1649/1649/1649 1660/1660/1660
f 1648/1648/1648 1660/1660/1660 1659/1659/1659
f 1649/1649/1649 1650/1650/1650 1661/1661/1661
f 1649/1649/1649 1661/1661/1661 1660/1660/1660
f 1650/1650/1650 1651/1651/1651 1662/1662/1662
f 1650/1650/1650 1662/1662/1662 1661/1661/1661
f 1651/1651/1651 1652/1652/1652 1663/1663/1663
f 1651/1651/1651 1663/1663/1663 1662/1662/1662
f 1652/1652/1652 1653/1653/1653 1664/1664/1664
f 1652/1652/1652 1664/1664/1664 1663/1663/1663
f 1653/1653/1653 1654/1654/1654 1665/1665/1665
f 1653/1653/1653 1665/1665/1665 1664/1664/1664
f 1655/1655/1655 1656/1656/1656 1667/1667/1667
f 1655/1655/1655 1667/1667/1667 1666/1666/1666
f 1656/1656/1656 1657/1657/1657 1668/1668/1668
f 1656/1656/1656 1668/1668/1668 1667/1667/1667
f 1657/1657/1657 1658/1658/1658 1669/1669/1669
f 1657/1657/1657 1669/1669/1669 1668/1668/1668
f 1658/1658/1658 1659/1659/1659 1670/1670/1670
f 1658/1658/1658 1670/1670/1670 1669/1669/1669
f 1659/1659/1659 1660/1660/1660 1671/1671/1671
f 1659/1659/1659 1671/1671/1671 1670/1670/1670
f 1660/1660/1660 1661/1661/1661 1672/1672/1672
f 1660/1660/1660 1672/1672/1672 1671/1671/1671
f 1661/1661/1661 1662/1662/1662 1673/1673/1673
f 1661/1661/1661 1673/1673/1673 1672/1672/1672
f 1662/1662/1662 1663/1663/1663 1674/1674/1674
f 1662/1662/1662 1674/1674/1674 1673/1673/1673
f 1663/1663/1663 1664/1664/1664 1675/1675/1675
f 1663/1663/1663 1675/1675/1675 1674/1674/1674
f 1664/1664/1664 1665/1665/1665 1676/1676/1676
f 1664/1664/1664 1676/1676/1676 1675/1675/1675
f 1666/1666/1666 1667/1667/1667 1678/1678/1678
f 1666/1666/1666 1678/1678/1678 1677/1677/1677
f 1667/1667/1667 1668/1668/1668 1679/1679/1679
f 1667/1667/1667 1679/1679/1679 1678/1678/1678
f 1668/1668/1668 1669/1669/1669 1680/1680/1680
f 1668/1668/1668 1680/1680/1680 1679/1679/1679
f 1669/1669/1669 1670/1670/1670 1681/1681/1681
f 1669/1669/1669 1681/1681/1681 1680/1680/1680
f 1670/1670/1670 1671/1671/1671 1682/1682/1682
f 1670/1670/1670 1682/1682/1682 1681/1681/1681
f 1671/1671/1671 1672/1672/1672 1683/1683/1683
f 1671/1671/1671 1683/1683/1683 1682/1682/1682
f 1672/1672/1672 1673/1673/1673 1684/1684/1684
f 1672/1672/1672 1684/1684/1684 1683/1683/1683
f 1673/1673/1673 1674/1674/1674 1685/1685/1685
f 1673/1673/1673 1685/1685/1685 1684/1684/1684
f 1674/1674/1674 1675/1675/1675 1686/1686/1686
f 1674/1674/1674 1686/1686/1686 1685/1685/1685
f 1675/1675/1675 1676/1676/1676 1687/1687/1687
f 1675/1675/1675 1687/1687/1687 1686/1686/1686
f 1688/1688/1688 1689/1689/1689 1700/1700/1700
f 1688/1688/1688 1700/1700/1700 1699/1699/1699
f 1689/1689/1689 1690/1690/1690 1701/1701/1701
f 1689/1689/1689 1701/1701/1701 1700/1700/1700
f 1690/1690/1690 1691/1691/1691 1702/1702/1702
f 1690/1690/1690 1702/1702/1702 1701/1701/1701
f 1691/1691/1691 1692/1692/1692 1703/1703/1703
f 1691/1691/1691 1703/1703/1703 1702/1702/1702
f 1692/1692/1692 1693/1693/1693 1704/1704/1704
f 1692/1692/1692 1704/1704/1704 1703/1703/1703
f 1693/1693/1693 1694/1694/1694 1705/1705/1705
f 1693/1693/1693 1705/1705/1705 1704/1704/1704
f 1694/1694/1694 1695/1695/1695 1706/1706/1706
f 1694/1694/1694 1706/1706/1706 1705/1705/1705
f 1695/1695/1695 1696/1696/1696 1707/1707/1707
f 1695/1695/1695 1707/1707/1707 1706/1706/1706
f 1696/1696/1696 1697/1697/1697 1708/1708/1708
f 1696/1696/1696 1708/1708/1708 1707/1707/1707
f 1697/1697/1697 1698/1698/1698 1709/1709/1709
f 1697/1697/1697 1709/1709/1709 1708/1708/1708
f 1699/1699/1699 1700/1700/1700 1711/1711/1711
f 1699/1699/1699 1711/1711/1711 1710/1710/1710
f 1700/1700/1700 1701/1701/1701 1712/1712/1712
f 1700/1700/1700 1712/1712/1712 1711/1711/1711
f 1701/1701/1701 1702/1702/1702 1713/1713/1713
f 1701/1701/1701 1713/1713/1713 1712/1712/1712
f 1702/1702/1702 1703/1703/1703 1714/1714/1714
f 1702/1702/1702 1714/1714/1714 1713/1713/1713
f 1703/1703/1703 1704/1704/1704 1715/1715/1715
f 1703/1703/1703 1715/1715/1715 1714/1714/1714
f 1704/1704/1704 1705/1705/1705 1716/1716/1716
f 1704/1704/1704 1716/1716/1716 1715/1715/1715
f 1705/1705/1705 1706/1706/1706 1717/1717/1717
f 1705/1705/1705 1717/1717/1717 1716/1716/1716
f 1706/1706/1706 1707/1707/1707 1718/1718/1718
f 1706/1706/1706 1718/1718/1718 1717/1717/1717
f 1707/1707/1707 1708/1708/1708 1719/1719/1719
f 1707/1707/1707 1719/1719/1719 1718/1718/1718
f 1708/1708/1708 1709/1709/1709 1720/1720/1720
f 1708/1708/1708 1720/1720/1720 1719/1719/1719
f 1710/1710/1710 1711/1711/1711 1722/1722/1722
f 1710/1710/1710 1722/1722/1722 1721/1721/1721
f 1711/1711/1711 1712/1712/1712 1723/1723/1723
f 1711/1711/1711 1723/1723/1723 1722/1722/1722
f 1712/1712/1712 1713/1713/1713 1724/1724/1724
f 1712/1712/1712 1724/1724/1724 1723/1723/1723
f 1713/1713/1713 1714/1714/1714 1725/1725/1725
f 1713/1713/1713 1725/1725/1725 1724/1724/1724
f 1714/1714/1714 1715/1715/1715 1726/1726/1726
f 1714/1714/1714 1726/1726/1726 1725/1725/1725
f 1715/1715/1715 1716/1716/1716 1727/1727/1727
f 1715/1715/1715 1727/1727/1727 1726/1726/1726
f 1716/1716/1716 1717/1717/1717 1728/1728/1728
f 1716/1716/1716 1728/1728/1728 1727/1727/1727
f 1717/1717/1717 1718/1718/1718 1729/1729/1729
f 1717/1717/1717 1729/1729/1729 1728/1728/1728
f 1718/1718/1718 1719/1719/1719 1730/1730/1730
f 1718/1718/1718 1730/1730/1730 1729/1729/1729
f 1719/1719/1719 1720/1720/1720 1731/1731/1731
f 1719/1719/1719 1731/1731/1731 1730/1730/1730
f 1721/1721/1721 1722/1722/1722 1733/1733/1733
f 1721/1721/1721 1733/1733/1733 1732/1732/1732
f 1722/1722/1722 1723/1723/1723 1734/1734/1734
f 1722/1722/1722 1734/1734/1734 1733/1733/1733
f 1723/1723/1723 1724/1724/1724 1735/1735/1735
f 1723/1723/1723 1735/1735/1735 1734/1734/1734
f 1724/1724/1724 1725/1725/1725 1736/1736/1736
f 1724/1724/1724 1736/1736/1736 1735/1735/1735
f 1725/1725/1725 1726/1726/1726 1737/1737/1737
f 1725/1725/1725 1737/1737/1737 1736/1736/1736
f 1726/1726/1726 1727/1727/1727 1738/1738/1738
f 1726/1726/1726 1738/1738/1738 1737/1737/1737
f 1727/1727/1727 1728/1728/1728 1739/1739/1739
f 1727/1727/1727 1739/1739/1739 1738/1738/1738
f 1728/1728/1728 1729/1729/1729 1740/1740/1740
f 1728/1728/1728 1740/1740/1740 1739/1739/1739
f 1729/1729/1729 1730/1730/1730 1741/1741/1741
f 1729/1729/1729 1741/1741/1741 1740/1740/1740
f 1730/1730/1730 1731/1731/1731 1742/1742/1742
f 1730/1730/1730 1742/1742/1742 1741/1741/1741
f 1732/1732/1732 1733/1733/1733 1744/1744/1744
f 1732/1732/1732 1744/1744/1744 1743/1743/1743
f 1733/1733/1733 1734/1734/1734 1745/1745/1745
f 1733/1733/1733 1745/1745/1745 1744/1744/1744
f 1734/1734/1734 1735/1735/1735 1746/1746/1746
f 1734/1734/1734 1746/1746/1746 1745/1745/1745
f 1735/1735/1735 1736/1736/1736 1747/1747/1747
f 1735/1735/1735 1747/1747/1747 1746/1746/1746
f 1736/1736/1736 1737/1737/1737 1748/1748/1748
f 1736/1736/1736 1748/1748/1748 1747/1747/1747
f 1737/1737/1737 1738/1738/1738 1749/1749/1749
f 1737/1737/1737 1749/1749/1749 1748/1748/1748
f 1738/1738/1738 1739/1739/1739 1750/1750/1750
f 1738/1738/1738 1750/1750/1750 1749/1749/1749
f 1739/1739/1739 1740/1740/1740 1751/1751/1751
f 1739/1739/1739 1751/1751/1751 1750/1750/1750
f 1740/1740/1740 1741/1741/1741 1752/1752/1752
f 1740/1740/1740 1752/1752/1752 1751/1751/1751
f 1741/1741/1741 1742/1742/1742 1753/1753/1753
f 1741/1741/1741 1753/1753/1753 1752/1752/1752
f 1743/1743/1743 1744/1744/1744 1755/1755/1755
f 1743/1743/1743 1755/1755/1755 1754/1754/1754
f 1744/1744/1744 1745/1745/1745 1756/1756/1756
f 1744/1744/1744 1756/1756/1756 1755/1755/1755
f 1745/1745/1745 1746/1746/1746 1757/1757/1757
f 1745/1745/1745 1757/1757/1757 1756/1756/1756
f 1746/1746/1746 1747/1747/1747 1758/1758/1758
f 1746/1746/1746 1758/1758/1758 1757/1757/1757
f 1747/1747/1747 1748/1748/1748 1759/1759/1759
f 1747/1747/1747 1759/1759/1759 1758/1758/1758
f 1748/1748/1748 1749/1749/1749 1760/1760/1760
f 1748/1748/1748 1760/1760/1760 1759/1759/1759
f 1749/1749/1749 1750/1750/1750 1761/1761/1761
f 1749/1749/1749 1761/1761/1761 1760/1760/1760
f 1750/1750/1750 1751/1751/1751 1762/1762/1762
f 1750/1750/1750 1762/1762/1762 1761/1761/1761
f 1751/1751/1751 1752/1752/1752 1763/1763/1763
f 1751/1751/1751 1763/1763/1763 1762/1762/1762
f 1752/1752/1752 1753/1753/1753 1764/1764/1764
f 1752/1752/1752 1764/1764/1764 1763/1763/1763
f 1765/1765/1765 1766/1766/1766 1777/1777/1777
f 1765/1765/1765 1777/1777/1777 1776/1776/1776
f 1766/1766/1766 1767/1767/1767 1778/1778/1778
f 1766/1766/1766 1778/1778/1778 1777/1777/1777
f 1767/1767/1767 1768/1768/1768 1779/1779/1779
f 1767/1767/1767 1779/1779/1779 1778/1778/1778
f 1768/1768/1768 1769/1769/1769 1780/1780/1780
f 1768/1768/1768 1780/1780/1780 1779/1779/1779
f 1769/1769/1769 1770/1770/1770 1781/1781/1781
f 1769/1769/1769 1781/1781/1781 1780/1780/1780
f 1770/1770/1770 1771/1771/1771 1782/1782/1782
f 1770/1770/1770 1782/1782/1782 1781/1781/1781
f 1771/1771/1771 1772/1772/1772 1783/1783/1783
f 1771/1771/1771 1783/1783/1783 1782/1782/1782
f 1772/1772/1772 1773/1773/1773 1784/1784/1784
f 1772/1772/1772 1784/1784/1784 1783/1783/1783
f 1773/1773/1773 1774/1774/1774 1785/1785/1785
f 1773/1773/1773 1785/1785/1785 1784/1784/1784
f 1774/1774/1774 1775/1775/1775 1786/1786/1786
f 1774/1774/1774 1786/1786/1786 1785/1785/1785
f 1776/1776/1776 1777/1777/1777 1788/1788/1788
f 1776/1776/1776 1788/1788/1788 1787/1787/1787
f 1777/1777/1777 1778/1778/1778 1789/1789/1789
f 1777/1777/1777 1789/1789/1789 1788/1788/1788
f 1778/1778/1778 1779/1779/1779 1790/1790/1790
f 1778/1778/1778 1790/1790/1790 1789/1789/1789
f 1779/1779/1779 1780/1780/1780 1791/1791/1791
f 1779/1779/1779 1791/1791/1791 1790/1790/1790
f 1780/1780/1780 1781/1781/1781 1792/1792/1792
f 1780/1780/1780 1792/1792/1792 1791/1791/1791
f 1781/1781/1781 1782/1782/1782 1793/1793/1793
f 1781/1781/1781 1793/1793/1793 1792/1792/1792
f 1782/1782/1782 1783/1783/1783 1794/1794/1794
f 1782/1782/1782 1794/1794/1794 1793/1793/1793
f 1783/1783/1783 1784/1784/1784 1795/1795/1795
f 1783/1783/1783 1795/1795/1795 1794/1794/1794
f 1784/1784/1784 1785/1785/1785 1796/1796/1796
f 1784/1784/1784 1796/1796/1796 1795/1795/1795
f 1785/1785/1785 1786/1786/1786 1797/1797/1797
f 1785/1785/1785 1797/1797/1797 1796/1796/1796
f 1787/1787/1787 1788/1788/1788 1799/1799/1799
f 1787/1787/1787 1799/1799/1799 1798/1798/1798
f 1788/1788/1788 1789/1789/1789 1800/1800/1800
f 1788/1788/1788 1800/1800/1800 1799/1799/1799
f 1789/1789/1789 1790/1790/1790 1801/1801/1801
f 1789/1789/1789 1801/1801/1801 1800/1800/1800
f 1790/1790/1790 1791/1791/1791 1802/1802/1802
f 1790/1790/1790 1802/1802/1802 1801/1801/1801
f 1791/1791/1791 1792/1792/1792 1803/1803/1803
f 1791/1791/1791 1803/1803/1803 1802/1802/1802
f 1792/1792/1792 1793/1793/1793 1804/1804/1804
f 1792/1792/1792 1804/1804/1804 1803/1803/1803
f 1793/1793/1793 1794/1794/1794 1805/1805/1805
f 1793/1793/1793 1805/1805/1805 1804/1804/1804
f 1794/1794/1794 1795/1795/1795 1806/1806/1806
f 1794/1794/1794 1806/1806/1806 1805/1805/1805
f 1795/1795/1795 1796/1796/1796 1807/1807/1807
f 1795/1795/1795 1807/1807/1807 1806/1806/1806
f 1796/1796/1796 1797/1797/1797 1808/1808/1808
f 1796/1796/1796 1808/1808/1808 1807/1807/1807
f 1798/1798/1798 1799/1799/1799 1810/1810/1810
f 1798/1798/1798 1810/1810/1810 1809/1809/1809
f 1799/1799/1799 1800/1800/1800 1811/1811/1811
f 1799/1799/1799 1811/1811/1811 1810/1810/1810
f 1800/1800/1800 1801/1801/1801 1812/1812/1812
f 1800/1800/1800 1812/1812/1812 1811/1811/1811
f 1801/1801/1801 1802/1802/1802 1813/1813/1813
f 1801/1801/1801 1813/1813/1813 1812/1812/1812
f 1802/1802/1802 1803/1803/1803 1814/1814/1814
f 1802/1802/1802 1814/1814/1814 1813/1813/1813
f 1803/1803/1803 1804/1804/1804 1815/1815/1815
f 1803/1803/1803 1815/1815/1815 1814/1814/1814
f 1804/1804/1804 1805/1805/1805 1816/1816/1816
f 1804/1804/1804 1816/1816/1816 1815/1815/1815
f 1805/1805/1805 1806/1806/1806 1817/1817/1817
f 1805/1805/1805 1817/1817/1817 1816/1816/1816
f 1806/1806/1806 1807/1807/1807 1818/1818/1818
f 1806/1806/1806 1818/1818/1818 1817/1817/1817
f 1807/1807/1807 1808/1808/1808 1819/1819/1819
f 1807/1807/1807 1819/1819/1819 1818/1818/1818
f 1809/1809/1809 1810/1810/1810 1821/1821/1821
f 1809/1809/1809 1821/1821/1821 1820/1820/1820
f 1810/1810/1810 1811/1811/1811 1822/1822/1822
f 1810/1810/1810 1822/1822/1822 1821/1821/1821
f 1811/1811/1811 1812/1812/1812 1823/1823/1823
f 1811/1811/1811 1823/1823/1823 1822/1822/1822
f 1812/1812/1812 1813/1813/1813 1824/1824/1824
f 1812/1812/1812 1824/1824/1824 1823/1823/1823
f 1813/1813/1813 1814/1814/1814 1825/1825/1825
f 1813/1813/1813 1825/1825/1825 1824/1824/1824
f 1814/1814/1814 1815/1815/1815 1826/1826/1826
f 1814/1814/1814 1826/1826/1826 1825/1825/1825
f 1815/1815/1815 1816/1816/1816 1827/1827/1827
f 1815/1815/1815 1827/1827/1827 1826/1826/1826
f 1816/1816/1816 1817/1817/1817 1828/1828/1828
f 1816/1816/1816 1828/1828/1828 1827/1827/1827
f 1817/1817/1817 1818/1818/1818 1829/1829/1829
f 1817/1817/1817 1829/1829/1829 1828/1828/1828
f 1818/1818/1818 1819/1819/1819 1830/1830/1830
f 1818/1818/1818 1830/1830/1830 1829/1829/1829
f 1820/1820/1820 1821/1821/1821 1832/1832/1832
f 1820/1820/1820 1832/1832/1832 1831/1831/1831
f 1821/1821/1821 1822/1822/1822 1833/1833/1833
f 1821/1821/1821 1833/1833/1833 1832/1832/1832
f 1822/1822/1822 1823/1823/1823 1834/1834/1834
f 1822/1822/1822 1834/1834/1834 1833/1833/1833
f 1823/1823/1823 1824/1824/1824 1835/1835/1835
f 1823/1823/1823 1835/1835/1835 1834/1834/1834
f 1824/1824/1824 1825/1825/1825 1836/1836/1836
f 1824/1824/1824 1836/1836/1836 1835/1835/1835
f 1825/1825/1825 1826/1826/1826 1837/1837/1837
f 1825/1825/1825 1837/1837/1837 1836/1836/1836
f 1826/1826/1826 1827/1827/1827 1838/1838/1838
f 1826/1826/1826 1838/1838/1838 1837/1837/1837
f 1827/1827/1827 1828/1828/1828 1839/1839/1839
f 1827/1827/1827 1839/1839/1839 1838/1838/1838
f 1828/1828/1828 1829/1829/1829 1840/1840/1840
f 1828/1828/1828 1840/1840/1840 1839/1839/1839
f 1829/1829/1829 1830/1830/1830 1841/1841/1841
f 1829/1829/1829 1841/1841/1841 1840/1840/1840
f 1842/1842/1842 1843/1843/1843 1854/1854/1854
f 1842/1842/1842 1854/1854/1854 1853/1853/1853
f 1843/1843/1843 1844/1844/1844 1855/1855/1855
f 1843/1843/1843 1855/1855/1855 1854/1854/1854
f 1844/1844/1844 1845/1845/1845 1856/1856/1856
f 1844/1844/1844 1856/1856/1856 1855/1855/1855
f 1845/1845/1845 1846/1846/1846 1857/1857/1857
f 1845/1845/1845 1857/1857/1857 1856/1856/1856
f 1846/1846/1846 1847/1847/1847 1858/1858/1858
f 1846/1846/1846 1858/1858/1858 1857/1857/1857
f 1847/1847/1847 1848/1848/1848 1859/1859/1859
f 1847/1847/1847 1859/1859/1859 1858/1858/1858
f 1848/1848/1848 1849/1849/1849 1860/1860/1860
f 1848/1848/1848 1860/1860/1860 1859/1859/1859
f 1849/1849/1849 1850/1850/1850 1861/1861/1861
f 1849/1849/1849 1861/1861/1861 1860/1860/1860
f 1850/1850/1850 1851/1851/1851 1862/1862/1862
f 1850/1850/1850 1862/1862/1862 1861/1861/1861
f 1851/1851/1851 1852/1852/1852 1863/1863/1863
f 1851/1851/1851 1863/1863/1863 1862/1862/1862
f 1853/1853/1853 1854/1854/1854 1865/1865/1865
f 1853/1853/1853 1865/1865/1865 1864/1864/1864
f 1854/1854/1854 1855/1855/1855 1866/1866/1866
f 1854/1854/1854 1866/1866/1866 1865/1865/1865
f 1855/1855/1855 1856/1856/1856 1867/1867/1867
f 1855/1855/1855 1867/1867/1867 1866/1866/1866
f 1856/1856/1856 1857/1857/1857 1868/1868/1868
f 1856/1856/1856 1868/1868/1868 1867/1867/1867
f 1857/1857/1857 1858/1858/1858 1869/1869/1869
f 1857/1857/1857 1869/1869/1869 1868/1868/1868
f 1858/1858/1858 1859/1859/1859 1870/1870/1870
f 1858/1858/1858 1870/1870/1870 1869/1869/1869
f 1859/1859/1859 1860/1860/1860 1871/1871/1871
f 1859/1859/1859 1871/1871/1871 1870/1870/1870
f 1860/1860/1860 1861/1861/1861 1872/1872/1872
f 1860/1860/1860 1872/1872/1872 1871/1871/1871
f 1861/1861/1861 1862/1862/1862 1873/1873/1873
f 1861/1861/1861 1873/1873/1873 1872/1872/1872
f 1862/1862/1862 1863/1863/1863 1874/1874/1874
f 1862/1862/1862 1874/1874/1874 1873/1873/1873
f 1864/1864/1864 1865/1865/1865 1876/1876/1876
f 1864/1864/1864 1876/1876/1876 1875/1875/1875
f 1865/1865/1865 1866/1866/1866 1877/1877/1877
f 1865/1865/1865 1877/1877/1877 1876/1876/1876
f 1866/1866/1866 1867/1867/1867 1878/1878/1878
f 1866/1866/1866 1878/1878/1878 1877/1877/1877
f 1867/1867/1867 1868/1868/1868 1879/1879/1879
f 1867/1867/1867 1879/1879/1879 1878/1878/1878
f 1868/1868/1868 1869/1869/1869 1880/1880/1880
f 1868/1868/1868 1880/1880/1880 1879/1879/1879
f 1869/1869/1869 1870/1870/1870 1881/1881/1881
f 1869/1869/1869 1881/1881/1881 1880/1880/1880
f 1870/1870/1870 1871/1871/1871 1882/1882/1882
f 1870/1870/1870 1882/1882/1882 1881/1881/1881
f 1871/1871/1871 1872/1872/1872 1883/1883/1883
f 1871/1871/1871 1883/1883/1883 1882/1882/1882
f 1872/1872/1872 1873/1873/1873 1884/1884/1884
f 1872/1872/1872 1884/1884/1884 1883/1883/1883
f 1873/1873/1873 1874/1874/1874 1885/1885/1885
f 1873/1873/1873 1885/1885/1885 1884/1884/1884
f 1875/1875/1875 1876/1876/1876 1887/1887/1887
f 1875/1875/1875 1887/1887/1887 1886/1886/1886
f 1876/1876/1876 1877/1877/1877 1888/1888/1888
f 1876/1876/1876 1888/1888/1888 1887/1887/1887
f 1877/1877/1877 1878/1878/1878 1889/1889/1889
f 1877/1877/1877 1889/1889/1889 1888/1888/1888
f 1878/1878/1878 1879/1879/1879 1890/1890/1890
f 1878/1878/1878 1890/1890/1890 1889/1889/1889
f 1879/1879/1879 1880/1880/1880 1891/1891/1891
f 1879/1879/1879 1891/1891/1891 1890/1890/1890
f 1880/1880/1880 1881/1881/1881 1892/1892/1892
f 1880/1880/1880 1892/1892/1892 1891/1891/1891
f 1881/1881/1881 1882/1882/1882 1893/1893/1893
f 1881/1881/1881 1893/1893/1893 1892/1892/1892
f 1882/1882/1882 1883/1883/1883 1894/1894/1894
f 1882/1882/1882 1894/1894/1894 1893/1893/1893
f 1883/1883/1883 1884/1884/1884 1895/1895/1895
f 1883/1883/1883 1895/1895/1895 1894/1894/1894
f 1884/1884/1884 1885/1885/1885 1896/1896/1896
f 1884/1884/1884 1896/1896/1896 1895/1895/1895
f 1886/1886/1886 1887/1887/1887 1898/1898/1898
f 1886/1886/1886 1898/1898/1898 1897/1897/1897
f 1887/1887/1887 1888/1888/1888 1899/1899/1899
f 1887/1887/1887 1899/1899/1899 1898/1898/1898
f 1888/1888/1888 1889/1889/1889 1900/1900/1900
f 1888/1888/1888 1900/1900/1900 1899/1899/1899
f 1889/1889/1889 1890/1890/1890 1901/1901/1901
f 1889/1889/1889 1901/1901/1901 1900/1900/1900
f 1890/1890/1890 1891/1891/1891 1902/1902/1902
f 1890/1890/1890 1902/1902/1902 1901/1901/1901
f 1891/1891/1891 1892/1892/1892 1903/1903/1903
f 1891/1891/1891 1903/1903/1903 1902/1902/1902
f 1892/1892/1892 1893/1893/1893 1904/1904/1904
f 1892/1892/1892 1904/1904/1904 1903/1903/1903
f 1893/1893/1893 1894/1894/1894 1905/1905/1905
f 1893/1893/1893 1905/1905/1905 1904/1904/1904
f 1894/1894/1894 1895/1895/1895 1906/1906/1906
f 1894/1894/1894 1906/1906/1906 1905/1905/1905
f 1895/1895/1895 1896/1896/1896 1907/1907/1907
f 1895/1895/1895 1907/1907/1907 1906/1906/1906
f 1897/1897/1897 1898/1898/1898 1909/1909/1909
f 1897/1897/1897 1909/1909/1909 1908/1908/1908
f 1898/1898/1898 1899/1899/1899 1910/1910/1910
f 1898/1898/1898 1910/1910/1910 1909/1909/1909
f 1899/1899/1899 1900/1900/1900 1911/1911/1911
f 1899/1899/1899 1911/1911/1911 1910/1910/1910
f 1900/1900/1900 1901/1901/1901 1912/1912/1912
f 1900/1900/1900 1912/1912/1912 1911/1911/1911
f 1901/1901/1901 1902/1902/1902 1913/1913/1913
f 1901/1901/1901 1913/1913/1913 1912/1912/1912
f 1902/1902/1902 1903/1903/1903 1914/1914/1914
f 1902/1902/1902 1914/1914/1914 1913/1913/1913
f 1903/1903/1903 1904/1904/1904 1915/1915/1915
f 1903/1903/1903 1915/1915/1915 1914/1914/1914
f 1904/1904/1904 1905/1905/1905 1916/1916/1916
f 1904/1904/1904 1916/1916/1916 1915/1915/1915
f 1905/1905/1905 1906/1906/1906 1917/1917/1917
f 1905/1905/1905 1917/1917/1917 1916/1916/1916
f 1906/1906/1906 1907/1907/1907 1918/1918/1918
f 1906/1906/1906 1918/1918/1918 1917/1917/1917
f 1919/1919/1919 1920/1920/1920 1931/1931/1931
f 1919/1919/1919 1931/1931/1931 1930/1930/1930
f 1920/1920/1920 1921/1921/1921 1932/1932/1932
f 1920/1920/1920 1932/1932/1932 1931/1931/1931
f 1921/1921/1921 1922/1922/1922 1933/1933/1933
f 1921/1921/1921 1933/1933/1933 1932/1932/1932
f 1922/1922/1922 1923/1923/1923 1934/1934/1934
f 1922/1922/1922 1934/1934/1934 1933/1933/1933
f 1923/1923/1923 1924/1924/1924 1935/1935/1935
f 1923/1923/1923 1935/1935/1935 1934/1934/1934
f 1924/1924/1924 1925/1925/1925 1936/1936/1936
f 1924/1924/1924 1936/1936/1936 1935/1935/1935
f 1925/1925/1925 1926/1926/1926 1937/1937/1937
f 1925/1925/1925 1937/1937/1937 1936/1936/1936
f 1926/1926/1926 1927/1927/1927 1938/1938/1938
f 1926/1926/1926 1938/1938/1938 1937/1937/1937
f 1927/1927/1927 1928/1928/1928 1939/1939/1939
f 1927/1927/1927 1939/1939/1939 1938/1938/1938
f 1928/1928/1928 1929/1929/1929 1940/1940/1940
f 1928/1928/1928 1940/1940/1940 1939/1939/1939
f 1930/1930/1930 1931/1931/1931 1942/1942/1942
f 1930/1930/1930 1942/1942/1942 1941/1941/1941
f 1931/1931/1931 1932/1932/1932 1943/1943/1943
f 1931/1931/1931 1943/1943/1943 1942/1942/1942
f 1932/1932/1932 1933/1933/1933 1944/1944/1944
f 1932/1932/1932 1944/1944/1944 1943/1943/1943
f 1933/1933/1933 1934/1934/1934 1945/1945/1945
f 1933/1933/1933 1945/1945/1945 1944/1944/1944
f 1934/1934/1934 1935/1935/1935 1946/1946/1946
f 1934/1934/1934 1946/1946/1946 1945/1945/1945
f 1935/1935/1935 1936/1936/1936 1947/1947/1947
f 1935/1935/1935 1947/1947/1947 1946/1946/1946
f 1936/1936/1936 1937/1937/1937 1948/1948/1948
f 1936/1936/1936 1948/1948/1948 1947/1947/1947
f 1937/1937/1937 1938/1938/1938 1949/1949/1949
f 1937/1937/1937 1949/1949/1949 1948/1948/1948
f 1938/1938/1938 1939/1939/1939 1950/1950/1950
f 1938/1938/1938 1950/1950/1950 1949/1949/1949
f 1939/1939/1939 1940/1940/1940 1951/1951/1951
f 1939/1939/1939 1951/1951/1951 1950/1950/1950
f 1941/1941/1941 1942/1942/1942 1953/1953/1953
f 1941/1941/1941 1953/1953/1953 1952/1952/1952
f 1942/1942/1942 1943/1943/1943 1954/1954/1954
f 1942/1942/1942 1954/1954/1954 1953/1953/1953
f 1943/1943/1943 1944/1944/1944 1955/1955/1955
f 1943/1943/1943 1955/1955/1955 1954/1954/1954
f 1944/1944/1944 1945/1945/1945 1956/1956/1956
f 1944/1944/1944 1956/1956/1956 1955/1955/1955
f 1945/1945/1945 1946/1946/1946 1957/1957/1957
f 1945/1945/1945 1957/1957/1957 1956/1956/1956
f 1946/1946/1946 1947/1947/1947 1958/1958/1958
f 1946/1946/1946 1958/1958/1958 1957/1957/1957
f 1947/1947/1947 1948/1948/1948 1959/1959/1959
f 1947/1947/1947 1959/1959/1959 1958/1958/1958
f 1948/1948/1948 1949/1949/1949 1960/1960/1960
f 1948/1948/1948 1960/1960/1960 1959/1959/1959
f 1949/1949/1949 1950/1950/1950 1961/1961/1961
f 1949/1949/1949 1961/1961/1961 1960/1960/1960
f 1950/1950/1950 1951/1951/1951 1962/1962/1962
f 1950/1950/1950 1962/1962/1962 1961/1961/1961
f 1952/1952/1952 1953/1953/1953 1964/1964/1964
f 1952/1952/1952 1964/1964/1964 1963/1963/1963
f 1953/1953/1953 1954/1954/1954 1965/1965/1965
f 1953/1953/1953 1965/1965/1965 1964/1964/1964
f 1954/1954/1954 1955/1955/1955 1966/1966/1966
f 1954/1954/1954 1966/1966/1966 1965/1965/1965
f 1955/1955/1955 1956/1956/1956 1967/1967/1967
f 1955/1955/1955 1967/1967/1967 1966/1966/1966
f 1956/1956/1956 1957/1957/1957 1968/1968/1968
f 1956/1956/1956 1968/1968/1968 1967/1967/1967
f 1957/1957/1957 1958/1958/1958 1969/1969/1969
f 1957/1957/1957 1969/1969/1969 1968/1968/1968
f 1958/1958/1958 1959/1959/1959 1970/1970/1970
f 1958/1958/1958 1970/1970/1970 1969/1969/1969
f 1959/1959/1959 1960/1960/1960 1971/1971/1971
f 1959/1959/1959 1971/1971/1971 1970/1970/1970
f 1960/1960/1960 1961/1961/1961 1972/1972/1972
f 1960/1960/1960 1972/1972/1972 1971/1971/1971
f 1961/1961/1961 1962/1962/1962 1973/1973/1973
f 1961/1961/1961 1973/1973/1973 1972/1972/1972
f 1963/1963/1963 1964/1964/1964 1975/1975/1975
f 1963/1963/1963 1975/1975/1975 1974/1974/1974
f 1964/1964/1964 1965/1965/1965 1976/1976/1976
f 1964/1964/1964 1976/1976/1976 1975/1975/1975
f 1965/1965/1965 1966/1966/1966 1977/1977/1977
f 1965/1965/1965 1977/1977/1977 1976/1976/1976
f 1966/1966/1966 1967/1967/1967 1978/1978/1978
f 1966/1966/1966 1978/1978/1978 1977/1977/1977
f 1967/1967/1967 1968/1968/1968 1979/1979/1979
f 1967/1967/1967 1979/1979/1979 1978/1978/1978
f 1968/1968/1968 1969/1969/1969 1980/1980/1980
f 1968/1968/1968 1980/1980/1980 1979/1979/1979
f 1969/1969/1969 1970/1970/1970 1981/1981/1981
f 1969/1969/1969 1981/1981/1981 1980/1980/1980
f 1970/1970/1970 1971/1971/1971 1982/1982/1982
f 1970/1970/1970 1982/1982/1982 1981/1981/1981
f 1971/1971/1971 1972/1972/1972 1983/1983/1983
f 1971/1971/1971 1983/1983/1983 1982/1982/1982
f 1972/1972/1972 1973/1973/1973 1984/1984/1984
f 1972/1972/1972 1984/1984/1984 1983/1983/1983
f 1974/1974/1974 1975/1975/1975 1986/1986/1986
f 1974/1974/1974 1986/1986/1986 1985/1985/1985
f 1975/1975/1975 1976/1976/1976 1987/1987/1987
f 1975/1975/1975 1987/1987/1987 1986/1986/1986
f 1976/1976/1976 1977/1977/1977 1988/1988/1988
f 1976/1976/1976 1988/1988/1988 1987/1987/1987
f 1977/1977/1977 1978/1978/1978 1989/1989/1989
f 1977/1977/1977 1989/1989/1989 1988/1988/1988
f 1978/1978/1978 1979/1979/1979 1990/1990/1990
f 1978/1978/1978 1990/1990/1990 1989/1989/1989
f 1979/1979/1979 1980/1980/1980 1991/1991/1991
f 1979/1979/1979 1991/1991/1991 1990/1990/1990
f 1980/1980/1980 1981/1981/1981 1992/1992/1992
f 1980/1980/1980 1992/1992/1992 1991/1991/1991
f 1981/1981/1981 1982/1982/1982 1993/1993/1993
f 1981/1981/1981 1993/1993/1993 1992/1992/1992
f 1982/1982/1982 1983/1983/1983 1994/1994/1994
f 1982/1982/1982 1994/1994/1994 1993/1993/1993
f 1983/1983/1983 1984/1984/1984 1995/1995/1995
f 1983/1983/1983 1995/1995/1995 1994/1994/1994
f 1996/1996/1996 1997/1997/1997 2008/2008/2008
f 1996/1996/1996 2008/2008/2008 2007/2007/2007
f 1997/1997/1997 1998/1998/1998 2009/2009/2009
f 1997/1997/1997 2009/2009/2009 2008/2008/2008
f 1998/1998/1998 1999/1999/1999 2010/2010/2010
f 1998/1998/1998 2010/2010/2010 2009/2009/2009
f 1999/1999/1999 2000/2000/2000 2011/2011/2011
f 1999/1999/1999 2011/2011/2011 2010/2010/2010
f 2000/2000/2000 2001/2001/2001 2012/2012/2012
f 2000/2000/2000 2012/2012/2012 2011/2011/2011
f 2001/2001/2001 2002/2002/2002 2013/2013/2013
f 2001/2001/2001 2013/2013/2013 2012/2012/2012
f 2002/2002/2002 2003/2003/2003 2014/2014/2014
f 2002/2002/2002 2014/2014/2014 2013/2013/2013
f 2003/2003/2003 2004/2004/2004 2015/2015/2015
f 2003/2003/2003 2015/2015/2015 2014/2014/2014
f 2004/2004/2004 2005/2005/2005 2016/2016/2016
f 2004/2004/2004 2016/2016/2016 2015/2015/2015
f 2005/2005/2005 2006/2006/2006 2017/2017/2017
f 2005/2005/2005 2017/2017/2017 2016/2016/2016
f 2007/2007/2007 2008/2008/2008 2019/2019/2019
f 2007/2007/2007 2019/2019/2019 2018/2018/2018
f 2008/2008/2008 2009/2009/2009 2020/2020/2020
f 2008/2008/2008 2020/2020/2020 2019/2019/2019
f 2009/2009/2009 2010/2010/2010 2021/2021/2021
f 2009/2009/2009 2021/2021/2021 2020/2020/2020
f 2010/2010/2010 2011/2011/2011 2022/2022/2022
f 2010/2010/2010 2022/2022/2022 2021/2021/2021
f 2011/2011/2011 2012/2012/2012 2023/2023/2023
f 2011/2011/2011 2023/2023/2023 2022/2022/2022
f 2012/2012/2012 2013/2013/2013 2024/2024/2024
f 2012/2012/2012 2024/2024/2024 2023/2023/2023
f 2013/2013/2013 2014/2014/2014 2025/2025/2025
f 2013/2013/2013 2025/2025/2025 2024/2024/2024
f 2014/2014/2014 2015/2015/2015 2026/2026/2026
f 2014/2014/2014 2026/2026/2026 2025/2025/2025
f 2015/2015/2015 2016/2016/2016 2027/2027/2027
f 2015/2015/2015 2027/2027/2027 2026/2026/2026
f 2016/2016/2016 2017/2017/2017 2028/2028/2028
f 2016/2016/2016 2028/2028/2028 2027/2027/2027
f 2018/2018/2018 2019/2019/2019 2030/2030/2030
f 2018/2018/2018 2030/2030/2030 2029/2029/2029
f 2019/2019/2019 2020/2020/2020 2031/2031/2031
f 2019/2019/2019 2031/2031/2031 2030/2030/2030
f 2020/2020/2020 2021/2021/2021 2032/2032/2032
f 2020/2020/2020 2032/2032/2032 2031/2031/2031
f 2021/2021/2021 2022/2022/2022 2033/2033/2033
f 2021/2021/2021 2033/2033/2033 2032/2032/2032
f 2022/2022/2022 2023/2023/2023 2034/2034/2034
f 2022/2022/2022 2034/2034/2034 2033/2033/2033
f 2023/2023/2023 2024/2024/2024 2035/2035/2035
f 2023/2023/2023 2035/2035/2035 2034/2034/2034
f 2024/2024/2024 2025/2025/2025 2036/2036/2036
f 2024/2024/2024 2036/2036/2036 2035/2035/2035
f 2025/2025/2025 2026/2026/2026 2037/2037/2037
f 2025/2025/2025 2037/2037/2037 2036/2036/2036
f 2026/2026/2026 2027/2027/2027 2038/2038/2038
f 2026/2026/2026 2038/2038/2038 2037/2037/2037
f 2027/2027/2027 2028/2028/2028 2039/2039/2039
f 2027/2027/2027 2039/2039/2039 2038/2038/2038
f 2029/2029/2029 2030/2030/2030 2041/2041/2041
f 2029/2029/2029 2041/2041/2041 2040/2040/2040
f 2030/2030/2030 2031/2031/2031 2042/2042/2042
f 2030/2030/2030 2042/2042/2042 2041/2041/2041
f 2031/2031/2031 2032/2032/2032 2043/2043/2043
f 2031/2031/2031 2043/2043/2043 2042/2042/2042
f 2032/2032/2032 2033/2033/2033 2044/2044/2044
f 2032/2032/2032 2044/2044/2044 2043/2043/2043
f 2033/2033/2033 2034/2034/2034 2045/2045/2045
f 2033/2033/2033 2045/2045/2045 2044/2044/2044
f 2034/2034/2034 2035/2035/2035 2046/2046/2046
f 2034/2034/2034 2046/2046/2046 2045/2045/2045
f 2035/2035/2035 2036/2036/2036 2047/2047/2047
f 2035/2035/2035 2047/2047/2047 2046/2046/2046
f 2036/2036/2036 2037/2037/2037 2048/2048/2048
f 2036/2036/2036 2048/2048/2048 2047/2047/2047
f 2037/2037/2037 2038/2038/2038 2049/2049/2049
f 2037/2037/2037 2049/2049/2049 2048/2048/2048
f 2038/2038/2038 2039/2039/2039 2050/2050/2050
f 2038/2038/2038 2050/2050/2050 2049/2049/2049
f 2040/2040/2040 2041/2041/2041 2052/2052/2052
f 2040/2040/2040 2052/2052/2052 2051/2051/2051
f 2041/2041/2041 2042/2042/2042 2053/2053/2053
f 2041/2041/2041 2053/2053/2053 2052/2052/2052
f 2042/2042/2042 2043/2043/2043 2054/2054/2054
f 2042/2042/2042 2054/2054/2054 2053/2053/2053
f 2043/2043/2043 2044/2044/2044 2055/2055/2055
f 2043/2043/2043 2055/2055/2055 2054/2054/2054
f 2044/2044/2044 2045/2045/2045 2056/2056/2056
f 2044/2044/2044 2056/2056/2056 2055/2055/2055
f 2045/2045/2045 2046/2046/2046 2057/2057/2057
f 2045/2045/2045 2057/2057/2057 2056/2056/2056
f 2046/2046/2046 2047/2047/2047 2058/2058/2058
f 2046/2046/2046 2058/2058/2058 2057/2057/2057
f 2047/2047/2047 2048/2048/2048 2059/2059/2059
f 2047/2047/2047 2059/2059/2059 2058/2058/2058
f 2048/2048/2048 2049/2049/2049 2060/2060/2060
f 2048/2048/2048 2060/2060/2060 2059/2059/2059
f 2049/2049/2049 2050/2050/2050 2061/2061/2061
f 2049/2049/2049 2061/2061/2061 2060/2060/2060
f 2051/2051/2051 2052/2052/2052 2063/2063/2063
f 2051/2051/2051 2063/2063/2063 2062/2062/2062
f 2052/2052/2052 2053/2053/2053 2064/2064/2064
f 2052/2052/2052 2064/2064/2064 2063/2063/2063
f 2053/2053/2053 2054/2054/2054 2065/2065/2065
f 2053/2053/2053 2065/2065/2065 2064/2064/2064
f 2054/2054/2054 2055/2055/2055 2066/2066/2066
f 2054/2054/2054 2066/2066/2066 2065/2065/2065
f 2055/2055/2055 2056/2056/2056 2067/2067/2067
f 2055/2055/2055 2067/2067/2067 2066/2066/2066
f 2056/2056/2056 2057/2057/2057 2068/2068/2068
f 2056/2056/2056 2068/2068/2068 2067/2067/2067
f 2057/2057/2057 2058/2058/2058 2069/2069/2069
f 2057/2057/2057 2069/2069/2069 2068/2068/2068
f 2058/2058/2058 2059/2059/2059 2070/2070/2070
f 2058/2058/2058 2070/2070/2070 2069/2069/2069
f 2059/2059/2059 2060/2060/2060 2071/2071/2071
f 2059/2059/2059 2071/2071/2071 2070/2070/2070
f 2060/2060/2060 2061/2061/2061 2072/2072/2072
f 2060/2060/2060 2072/2072/2072 2071/2071/2071
f 2073/2073/2073 2074/2074/2074 2085/2085/2085
f 2073/2073/2073 2085/2085/2085 2084/2084/2084
f 2074/2074/2074 2075/2075/2075 2086/2086/2086
f 2074/2074/2074 2086/2086/2086 2085/2085/2085
f 2075/2075/2075 2076/2076/2076 2087/2087/2087
f 2075/2075/2075 2087/2087/2087 2086/2086/2086
f 2076/2076/2076 2077/2077/2077 2088/2088/2088
f 2076/2076/2076 2088/2088/2088 2087/2087/2087
f 2077/2077/2077 2078/2078/2078 2089/2089/2089
f 2077/2077/2077 2089/2089/2089 2088/2088/2088
f 2078/2078/2078 2079/2079/2079 2090/2090/2090
f 2078/2078/2078 2090/2090/2090 2089/2089/2089
f 2079/2079/2079 2080/2080/2080 2091/2091/2091
f 2079/2079/2079 2091/2091/2091 2090/2090/2090
f 2080/2080/2080 2081/2081/2081 2092/2092/2092
f 2080/2080/2080 2092/2092/2092 2091/2091/2091
f 2081/2081/2081 2082/2082/2082 2093/2093/2093
f 2081/2081/2081 2093/2093/2093 2092/2092/2092
f 2082/2082/2082 2083/2083/2083 2094/2094/2094
f 2082/2082/2082 2094/2094/2094 2093/2093/2093
f 2084/2084/2084 2085/2085/2085 2096/2096/2096
f 2084/2084/2084 2096/2096/2096 2095/2095/2095
f 2085/2085/2085 2086/2086/2086 2097/2097/2097
f 2085/2085/2085 2097/2097/2097 2096/2096/2096
f 2086/2086/2086 2087/2087/2087 2098/2098/2098
f 2086/2086/2086 2098/2098/2098 2097/2097/2097
f 2087/2087/2087 2088/2088/2088 2099/2099/2099
f 2087/2087/2087 2099/2099/2099 2098/2098/2098
f 2088/2088/2088 2089/2089/2089 2100/2100/2100
f 2088/2088/2088 2100/2100/2100 2099/2099/2099
f 2089/2089/2089 2090/2090/2090 2101/2101/2101
f 2089/2089/2089 2101/2101/2101 2100/2100/2100
f 2090/2090/2090 2091/2091/2091 2102/2102/2102
f 2090/2090/2090 2102/2102/2102 2101/2101/2101
f 2091/2091/2091 2092/2092/2092 2103/2103/2103
f 2091/2091/2091 2103/2103/2103 2102/2102/2102
f 2092/2092/2092 2093/2093/2093 2104/2104/2104
f 2092/2092/2092 2104/2104/2104 2103/2103/2103
f 2093/2093/2093 2094/2094/2094 2105/2105/2105
f 2093/2093/2093 2105/2105/2105 2104/2104/2104
f 2095/2095/2095 2096/2096/2096 2107/2107/2107
f 2095/2095/2095 2107/2107/2107 2106/2106/2106
f 2096/2096/2096 2097/2097/2097 2108/2108/2108
f 2096/2096/2096 2108/2108/2108 2107/2107/2107
f 2097/2097/2097 2098/2098/2098 2109/2109/2109
f 2097/2097/2097 2109/2109/2109 2108/2108/2108
f 2098/2098/2098 2099/2099/2099 2110/2110/2110
f 2098/2098/2098 2110/2110/2110 2109/2109/2109
f 2099/2099/2099 2100/2100/2100 2111/2111/2111
f 2099/2099/2099 2111/2111/2111 2110/2110/2110
f 2100/2100/2100 2101/2101/2101 2112/2112/2112
f 2100/2100/2100 2112/2112/2112 2111/2111/2111
f 2101/2101/2101 2102/2102/2102 2113/2113/2113
f 2101/2101/2101 2113/2113/2113 2112/2112/2112
f 2102/2102/2102 2103/2103/2103 2114/2114/2114
f 2102/2102/2102 2114/2114/2114 2113/2113/2113
f 2103/2103/2103 2104/2104/2104 2115/2115/2115
f 2103/2103/2103 2115/2115/2115 2114/2114/2114
f 2104/2104/2104 2105/2105/2105 2116/2116/2116
f 2104/2104/2104 2116/2116/2116 2115/2115/2115
f 2106/2106/2106 2107/2107/2107 2118/2118/2118
f 2106/2106/2106 2118/2118/2118 2117/2117/2117
f 2107/2107/2107 2108/2108/2108 2119/2119/2119
f 2107/2107/2107 2119/2119/2119 2118/2118/2118
f 2108/2108/2108 2109/2109/2109 2120/2120/2120
f 2108/2108/2108 2120/2120/2120 2119/2119/2119
f 2109/2109/2109 2110/2110/2110 2121/2121/2121
f 2109/2109/2109 2121/2121/2121 2120/2120/2120
f 2110/2110/2110 2111/2111/2111 2122/2122/2122
f 2110/2110/2110 2122/2122/2122 2121/2121/2121
f 2111/2111/2111 2112/2112/2112 2123/2123/2123
f 2111/2111/2111 2123/2123/2123 2122/2122/2122
f 2112/2112/2112 2113/2113/2113 2124/2124/2124
f 2112/2112/2112 2124/2124/2124 2123/2123/2123
f 2113/2113/2113 2114/2114/2114 2125/2125/2125
f 2113/2113/2113 2125/2125/2125 2124/2124/2124
f 2114/2114/2114 2115/2115/2115 2126/2126/2126
f 2114/2114/2114 2126/2126/2126 2125/2125/2125
f 2115/2115/2115 2116/2116/2116 2127/2127/2127
f 2115/2115/2115 2127/2127/2127 2126/2126/2126
f 2117/2117/2117 2118/2118/2118 2129/2129/2129
f 2117/2117/2117 2129/2129/2129 2128/2128/2128
f 2118/2118/2118 2119/2119/2119 2130/2130/2130
f 2118/2118/2118 2130/2130/2130 2129/2129/2129
f 2119/2119/2119 2120/2120/2120 2131/2131/2131
f 2119/2119/2119 2131/2131/2131 2130/2130/2130
f 2120/2120/2120 2121/2121/2121 2132/2132/2132
f 2120/2120/2120 2132/2132/2132 2131/2131/2131
f 2121/2121/2121 2122/2122/2122 2133/2133/2133
f 2121/2121/2121 2133/2133/2133 2132/2132/2132
f 2122/2122/2122 2123/2123/2123 2134/2134/2134
f 2122/2122/2122 2134/2134/2134 2133/2133/2133
f 2123/2123/2123 2124/2124/2124 2135/2135/2135
f 2123/2123/2123 2135/2135/2135 2134/2134/2134
f 2124/2124/2124 2125/2125/2125 2136/2136/2136
f 2124/2124/2124 2136/2136/2136 2135/2135/2135
f 2125/2125/2125 2126/2126/2126 2137/2137/2137
f 2125/2125/2125 2137/2137/2137 2136/2136/2136
f 2126/2126/2126 2127/2127/2127 2138/2138/2138
f 2126/2126/2126 2138/2138/2138 2137/2137/2137
f 2128/2128/2128 2129/2129/2129 2140/2140/2140
f 2128/2128/2128 2140/2140/2140 2139/2139/2139
f 2129/2129/2129 2130/2130/2130 2141/2141/2141
f 2129/2129/2129 2141/2141/2141 2140/2140/2140
f 2130/2130/2130 2131/2131/2131 2142/2142/2142
f 2130/2130/2130 2142/2142/2142 2141/2141/2141
f 2131/2131/2131 2132/2132/2132 2143/2143/2143
f 2131/2131/2131 2143/2143/2143 2142/2142/2142
f 2132/2132/2132 2133/2133/2133 2144/2144/2144
f 2132/2132/2132 2144/2144/2144 2143/2143/2143
f 2133/2133/2133 2134/2134/2134 2145/2145/2145
f 2133/2133/2133 2145/2145/2145 2144/2144/2144
f 2134/2134/2134 2135/2135/2135 2146/2146/2146
f 2134/2134/2134 2146/2146/2146 2145/2145/2145
f 2135/2135/2135 2136/2136/2136 2147/2147/2147
f 2135/2135/2135 2147/2147/2147 2146/2146/2146
f 2136/2136/2136 2137/2137/2137 2148/2148/2148
f 2136/2136/2136 2148/2148/2148 2147/2147/2147
f 2137/2137/2137 2138/2138/2138 2149/2149/2149
f 2137/2137/2137 2149/2149/2149 2148/2148/2148
f 2150/2150/2150 2151/2151/2151 2162/2162/2162
f 2150/2150/2150 2162/2162/2162 2161/2161/2161
f 2151/2151/2151 2152/2152/2152 2163/2163/2163
f 2151/2151/2151 2163/2163/2163 2162/2162/2162
f 2152/2152/2152 2153/2153/2153 2164/2164/2164
f 2152/2152/2152 2164/2164/2164 2163/2163/2163
f 2153/2153/2153 2154/2154/2154 2165/2165/2165
f 2153/2153/2153 2165/2165/2165 2164/2164/2164
f 2154/2154/2154 2155/2155/2155 2166/2166/2166
f 2154/2154/2154 2166/2166/2166 2165/2165/2165
f 2155/2155/2155 2156/2156/2156 2167/2167/2167
f 2155/2155/2155 2167/2167/2167 2166/2166/2166
f 2156/2156/2156 2157/2157/2157 2168/2168/2168
f 2156/2156/2156 2168/2168/2168 2167/2167/2167
f 2157/2157/2157 2158/2158/2158 2169/2169/2169
f 2157/2157/2157 2169/2169/2169 2168/2168/2168
f 2158/2158/2158 2159/2159/2159 2170/2170/2170
f 2158/2158/2158 2170/2170/2170 2169/2169/2169
f 2159/2159/2159 2160/2160/2160 2171/2171/2171
f 2159/2159/2159 2171/2171/2171 2170/2170/2170
f 2161/2161/2161 2162/2162/2162 2173/2173/2173
f 2161/2161/2161 2173/2173/2173 2172/2172/2172
f 2162/2162/2162 2163/2163/2163 2174/2174/2174
f 2162/2162/2162 2174/2174/2174 2173/2173/2173
f 2163/2163/2163 2164/2164/2164 2175/2175/2175
f 2163/2163/2163 2175/2175/2175 2174/2174/2174
f 2164/2164/2164 2165/2165/2165 2176/2176/2176
f 2164/2164/2164 2176/2176/2176 2175/2175/2175
f 2165/2165/2165 2166/2166/2166 2177/2177/2177
f 2165/2165/2165 2177/2177/2177 2176/2176/2176
f 2166/2166/2166 2167/2167/2167 2178/2178/2178
f 2166/2166/2166 2178/2178/2178 2177/2177/2177
f 2167/2167/2167 2168/2168/2168 2179/2179/2179
f 2167/2167/2167 2179/2179/2179 2178/2178/2178
f 2168/2168/2168 2169/2169/2169 2180/2180/2180
f 2168/2168/2168 2180/2180/2180 2179/2179/2179
f 2169/2169/2169 2170/2170/2170 2181/2181/2181
f 2169/2169/2169 2181/2181/2181 2180/2180/2180
f 2170/2170/2170 2171/2171/2171 2182/2182/2182
f 2170/2170/2170 2182/2182/2182 2181/2181/2181
f 2172/2172/2172 2173/2173/2173 2184/2184/2184
f 2172/2172/2172 2184/2184/2184 2183/2183/2183
f 2173/2173/2173 2174/2174/2174 2185/2185/2185
f 2173/2173/2173 2185/2185/2185 2184/2184/2184
f 2174/2174/2174 2175/2175/2175 2186/2186/2186
f 2174/2174/2174 2186/2186/2186 2185/2185/2185
f 2175/2175/2175 2176/2176/2176 2187/2187/2187
f 2175/2175/2175 2187/2187/2187 2186/2186/2186
f 2176/2176/2176 2177/2177/2177 2188/2188/2188
f 2176/2176/2176 2188/2188/2188 2187/2187/2187
f 2177/2177/2177 2178/2178/2178 2189/2189/2189
f 2177/2177/2177 2189/2189/2189 2188/2188/2188
f 2178/2178/2178 2179/2179/2179 2190/2190/2190
f 2178/2178/2178 2190/2190/2190 2189/2189/2189
f 2179/2179/2179 2180/2180/2180 2191/2191/2191
f 2179/2179/2179 2191/2191/2191 2190/2190/2190
f 2180/2180/2180 2181/2181/2181 2192/2192/2192
f 2180/2180/2180 2192/2192/2192 2191/2191/2191
f 2181/2181/2181 2182/2182/2182 2193/2193/2193
f 2181/2181/2181 2193/2193/2193 2192/2192/2192
f 2183/2183/2183 2184/2184/2184 2195/2195/2195
f 2183/2183/2183 2195/2195/2195 2194/2194/2194
f 2184/2184/2184 2185/2185/2185 2196/2196/2196
f 2184/2184/2184 2196/2196/2196 2195/2195/2195
f 2185/2185/2185 2186/2186/2186 2197/2197/2197
f 2185/2185/2185 2197/2197/2197 2196/2196/2196
f 2186/2186/2186 2187/2187/2187 2198/2198/2198
f 2186/2186/2186 2198/2198/2198 2197/2197/2197
f 2187/2187/2187 2188/2188/2188 2199/2199/2199
f 2187/2187/2187 2199/2199/2199 2198/2198/2198
f 2188/2188/2188 2189/2189/2189 2200/2200/2200
f 2188/2188/2188 2200/2200/2200 2199/2199/2199
f 2189/2189/2189 2190/2190/2190 2201/2201/2201
f 2189/2189/2189 2201/2201/2201 2200/2200/2200
f 2190/2190/2190 2191/2191/2191 2202/2202/2202
f 2190/2190/2190 2202/2202/2202 2201/2201/2201
f 2191/2191/2191 2192/2192/2192 2203/2203/2203
f 2191/2191/2191 2203/2203/2203 2202/2202/2202
f 2192/2192/2192 2193/2193/2193 2204/2204/2204
f 2192/2192/2192 2204/2204/2204 2203/2203/2203
f 2194/2194/2194 2195/2195/2195 2206/2206/2206
f 2194/2194/2194 2206/2206/2206 2205/2205/2205
f 2195/2195/2195 2196/2196/2196 2207/2207/2207
f 2195/2195/2195 2207/2207/2207 2206/2206/2206
f 2196/2196/2196 2197/2197/2197 2208/2208/2208
f 2196/2196/2196 2208/2208/2208 2207/2207/2207
f 2197/2197/2197 2198/2198/2198 2209/2209/2209
f 2197/2197/2197 2209/2209/2209 2208/2208/2208
f 2198/2198/2198 2199/2199/2199 2210/2210/2210
f 2198/2198/2198 2210/2210/2210 2209/2209/2209
f 2199/2199/2199 2200/2200/2200 2211/2211/2211
f 2199/2199/2199 2211/2211/2211 2210/2210/2210
f 2200/2200/2200 2201/2201/2201 2212/2212/2212
f 2200/2200/2200 2212/2212/2212 2211/2211/2211
f 2201/2201/2201 2202/2202/2202 2213/2213/2213
f 2201/2201/2201 2213/2213/2213 2212/2212/2212
f 2202/2202/2202 2203/2203/2203 2214/2214/2214
f 2202/2202/2202 2214/2214/2214 2213/2213/2213
f 2203/2203/2203 2204/2204/2204 2215/2215/2215
f 2203/2203/2203 2215/2215/2215 2214/2214/2214
f 2205/2205/2205 2206/2206/2206 2217/2217/2217
f 2205/2205/2205 2217/2217/2217 2216/2216/2216
f 2206/2206/2206 2207/2207/2207 2218/2218/2218
f 2206/2206/2206 2218/2218/2218 2217/2217/2217
f 2207/2207/2207 2208/2208/2208 2219/2219/2219
f 2207/2207/2207 2219/2219/2219 2218/2218/2218
f 2208/2208/2208 2209/2209/2209 2220/2220/2220
f 2208/2208/2208 2220/2220/2220 2219/2219/2219
f 2209/2209/2209 2210/2210/2210 2221/2221/2221
f 2209/2209/2209 2221/2221/2221 2220/2220/2220
f 2210/2210/2210 2211/2211/2211 2222/2222/2222
f 2210/2210/2210 2222/2222/2222 2221/2221/2221
f 2211/2211/2211 2212/2212/2212 2223/2223/2223
f 2211/2211/2211 2223/2223/2223 2222/2222/2222
f 2212/2212/2212 2213/2213/2213 2224/2224/2224
f 2212/2212/2212 2224/2224/2224 2223/2223/2223
f 2213/2213/2213 2214/2214/2214 2225/2225/2225
f 2213/2213/2213 2225/2225/2225 2224/2224/2224
f 2214/2214/2214 2215/2215/2215 2226/2226/2226
f 2214/2214/2214 2226/2226/2226 2225/2225/2225
f 2227/2227/2227 2228/2228/2228 2239/2239/2239
f 2227/2227/2227 2239/2239/2239 2238/2238/2238
f 2228/2228/2228 2229/2229/2229 2240/2240/2240
f 2228/2228/2228 2240/2240/2240 2239/2239/2239
f 2229/2229/2229 2230/2230/2230 2241/2241/2241
f 2229/2229/2229 2241/2241/2241 2240/2240/2240
f 2230/2230/2230 2231/2231/2231 2242/2242/2242
f 2230/2230/2230 2242/2242/2242 2241/2241/2241
f 2231/2231/2231 2232/2232/2232 2243/2243/2243
f 2231/2231/2231 2243/2243/2243 2242/2242/2242
f 2232/2232/2232 2233/2233/2233 2244/2244/2244
f 2232/2232/2232 2244/2244/2244 2243/2243/2243
f 2233/2233/2233 2234/2234/2234 2245/2245/2245
f 2233/2233/2233 2245/2245/2245 2244/2244/2244
f 2234/2234/2234 2235/2235/2235 2246/2246/2246
f 2234/2234/2234 2246/2246/2246 2245/2245/2245
f 2235/2235/2235 2236/2236/2236 2247/2247/2247
f 2235/2235/2235 2247/2247/2247 2246/2246/2246
f 2236/2236/2236 2237/2237/2237 2248/2248/2248
f 2236/2236/2236 2248/2248/2248 2247/2247/2247
f 2238/2238/2238 2239/2239/2239 2250/2250/2250
f 2238/2238/2238 2250/2250/2250 2249/2249/2249
f 2239/2239/2239 2240/2240/2240 2251/2251/2251
f 2239/2239/2239 2251/2251/2251 2250/2250/2250
f 2240/2240/2240 2241/2241/2241 2252/2252/2252
f 2240/2240/2240 2252/2252/2252 2251/2251/2251
f 2241/2241/2241 2242/2242/2242 2253/2253/2253
f 2241/2241/2241 2253/2253/2253 2252/2252/2252
f 2242/2242/2242 2243/2243/2243 2254/2254/2254
f 2242/2242/2242 2254/2254/2254 2253/2253/2253
f 2243/2243/2243 2244/2244/2244 2255/2255/2255
f 2243/2243/2243 2255/2255/2255 2254/2254/2254
f 2244/2244/2244 2245/2245/2245 2256/2256/2256
f 2244/2244/2244 2256/2256/2256 2255/2255/2255
f 2245/2245/2245 2246/2246/2246 2257/2257/2257
f 2245/2245/2245 2257/2257/2257 2256/2256/2256
f 2246/2246/2246 2247/2247/2247 2258/2258/2258
f 2246/2246/2246 2258/2258/2258 2257/2257/2257
f 2247/2247/2247 2248/2248/2248 2259/2259/2259
f 2247/2247/2247 2259/2259/2259 2258/2258/2258
f 2249/2249/2249 2250/2250/2250 2261/2261/2261
f 2249/2249/2249 2261/2261/2261 2260/2260/2260
f 2250/2250/2250 2251/2251/2251 2262/2262/2262
f 2250/2250/2250 2262/2262/2262 2261/2261/2261
f 2251/2251/2251 2252/2252/2252 2263/2263/2263
f 2251/2251/2251 2263/2263/2263 2262/2262/2262
f 2252/2252/2252 2253/2253/2253 2264/2264/2264
f 2252/2252/2252 2264/2264/2264 2263/2263/2263
f 2253/2253/2253 2254/2254/2254 2265/2265/2265
f 2253/2253/2253 2265/2265/2265 2264/2264/2264
f 2254/2254/2254 2255/2255/2255 2266/2266/2266
f 2254/2254/2254 2266/2266/2266 2265/2265/2265
f 2255/2255/2255 2256/2256/2256 2267/2267/2267
f 2255/2255/2255 2267/2267/2267 2266/2266/2266
f 2256/2256/2256 2257/2257/2257 2268/2268/2268
f 2256/2256/2256 2268/2268/2268 2267/2267/2267
f 2257/2257/2257 2258/2258/2258 2269/2269/2269
f 2257/2257/2257 2269/2269/2269 2268/2268/2268
f 2258/2258/2258 2259/2259/2259 2270/2270/2270
f 2258/2258/2258 2270/2270/2270 2269/2269/2269
f 2260/2260/2260 2261/2261/2261 2272/2272/2272
f 2260/2260/2260 2272/2272/2272 2271/2271/2271
f 2261/2261/2261 2262/2262/2262 2273/2273/2273
f 2261/2261/2261 2273/2273/2273 2272/2272/2272
f 2262/2262/2262 2263/2263/2263 2274/2274/2274
f 2262/2262/2262 2274/2274/2274 2273/2273/2273
f 2263/2263/2263 2264/2264/2264 2275/2275/2275
f 2263/2263/2263 2275/2275/2275 2274/2274/2274
f 2264/2264/2264 2265/2265/2265 2276/2276/2276
f 2264/2264/2264 2276/2276/2276 2275/2275/2275
f 2265/2265/2265 2266/2266/2266 2277/2277/2277
f 2265/2265/2265 2277/2277/2277 2276/2276/2276
f 2266/2266/2266 2267/2267/2267 2278/2278/2278
f 2266/2266/2266 2278/2278/2278 2277/2277/2277
f 2267/2267/2267 2268/2268/2268 2279/2279/2279
f 2267/2267/2267 2279/2279/2279 2278/2278/2278
f 2268/2268/2268 2269/2269/2269 2280/2280/2280
f 2268/2268/2268 2280/2280/2280 2279/2279/2279
f 2269/2269/2269 2270/2270/2270 2281/2281/2281
f 2269/2269/2269 2281/2281/2281 2280/2280/2280
f 2271/2271/2271 2272/2272/2272 2283/2283/2283
f 2271/2271/2271 2283/2283/2283 2282/2282/2282
f 2272/2272/2272 2273/2273/2273 2284/2284/2284
f 2272/2272/2272 2284/2284/2284 2283/2283/2283
f 2273/2273/2273 2274/2274/2274 2285/2285/2285
f 2273/2273/2273 2285/2285/2285 2284/2284/2284
f 2274/2274/2274 2275/2275/2275 2286/2286/2286
f 2274/2274/2274 2286/2286/2286 2285/2285/2285
f 2275/2275/2275 2276/2276/2276 2287/2287/2287
f 2275/2275/2275 2287/2287/2287 2286/2286/2286
f 2276/2276/2276 2277/2277/2277 2288/2288/2288
f 2276/2276/2276 2288/2288/2288 2287/2287/2287
f 2277/2277/2277 2278/2278/2278 2289/2289/2289
f 2277/2277/2277 2289/2289/2289 2288/2288/2288
f 2278/2278/2278 2279/2279/2279 2290/2290/2290
f 2278/2278/2278 2290/2290/2290 2289/2289/2289
f 2279/2279/2279 2280/2280/2280 2291/2291/2291
f 2279/2279/2279 2291/2291/2291 2290/2290/2290
f 2280/2280/2280 2281/2281/2281 2292/2292/2292
f 2280/2280/2280 2292/2292/2292 2291/2291/2291
f 2282/2282/2282 2283/2283/2283 2294/2294/2294
f 2282/2282/2282 2294/2294/2294 2293/2293/2293
f 2283/2283/2283 2284/2284/2284 2295/2295/2295
f 2283/2283/2283 2295/2295/2295 2294/2294/2294
f 2284/2284/2284 2285/2285/2285 2296/2296/2296
f 2284/2284/2284 2296/2296/2296 2295/2295/2295
f 2285/2285/2285 2286/2286/2286 2297/2297/2297
f 2285/2285/2285 2297/2297/2297 2296/2296/2296
f 2286/2286/2286 2287/2287/2287 2298/2298/2298
f 2286/2286/2286 2298/2298/2298 2297/2297/2297
f 2287/2287/2287 2288/2288/2288 2299/2299/2299
f 2287/2287/2287 2299/2299/2299 2298/2298/2298
f 2288/2288/2288 2289/2289/2289 2300/2300/2300
f 2288/2288/2288 2300/2300/2300 2299/2299/2299
f 2289/2289/2289 2290/2290/2290 2301/2301/2301
f 2289/2289/2289 2301/2301/2301 2300/2300/2300
f 2290/2290/2290 2291/2291/2291 2302/2302/2302
f 2290/2290/2290 2302/2302/2302 2301/2301/2301
f 2291/2291/2291 2292/2292/2292 2303/2303/2303
f 2291/2291/2291 2303/2303/2303 2302/2302/2302
f 2304/2304/2304 2305/2305/2305 2316/2316/2316
f 2304/2304/2304 2316/2316/2316 2315/2315/2315
f 2305/2305/2305 2306/2306/2306 2317/2317/2317
f 2305/2305/2305 2317/2317/2317 2316/2316/2316
f 2306/2306/2306 2307/2307/2307 2318/2318/2318
f 2306/2306/2306 2318/2318/2318 2317/2317/2317
f 2307/2307/2307 2308/2308/2308 2319/2319/2319
f 2307/2307/2307 2319/2319/2319 2318/2318/2318
f 2308/2308/2308 2309/2309/2309 2320/2320/2320
f 2308/2308/2308 2320/2320/2320 2319/2319/2319
f 2309/2309/2309 2310/2310/2310 2321/2321/2321
f 2309/2309/2309 2321/2321/2321 2320/2320/2320
f 2310/2310/2310 2311/2311/2311 2322/2322/2322
f 2310/2310/2310 2322/2322/2322 2321/2321/2321
f 2311/2311/2311 2312/2312/2312 2323/2323/2323
f 2311/2311/2311 2323/2323/2323 2322/2322/2322
f 2312/2312/2312 2313/2313/2313 2324/2324/2324
f 2312/2312/2312 2324/2324/2324 2323/2323/2323
f 2313/2313/2313 2314/2314/2314 2325/2325/2325
f 2313/2313/2313 2325/2325/2325 2324/2324/2324
f 2315/2315/2315 2316/2316/2316 2327/2327/2327
f 2315/2315/2315 2327/2327/2327 2326/2326/2326
f 2316/2316/2316 2317/2317/2317 2328/2328/2328
f 2316/2316/2316 2328/2328/2328 2327/2327/2327
f 2317/2317/2317 2318/2318/2318 2329/2329/2329
f 2317/2317/2317 2329/2329/2329 2328/2328/2328
f 2318/2318/2318 2319/2319/2319 2330/2330/2330
f 2318/2318/2318 2330/2330/2330 2329/2329/2329
f 2319/2319/2319 2320/2320/2320 2331/2331/2331
f 2319/2319/2319 2331/2331/2331 2330/2330/2330
f 2320/2320/2320 2321/2321/2321 2332/2332/2332
f 2320/2320/2320 2332/2332/2332 2331/2331/2331
f 2321/2321/2321 2322/2322/2322 2333/2333/2333
f 2321/2321/2321 2333/2333/2333 2332/2332/2332
f 2322/2322/2322 2323/2323/2323 2334/2334/2334
f 2322/2322/2322 2334/2334/2334 2333/2333/2333
f 2323/2323/2323 2324/2324/2324 2335/2335/2335
f 2323/2323/2323 2335/2335/2335 2334/2334/2334
f 2324/2324/2324 2325/2325/2325 2336/2336/2336
f 2324/2324/2324 2336/2336/2336 2335/2335/2335
f 2326/2326/2326 2327/2327/2327 2338/2338/2338
f 2326/2326/2326 2338/2338/2338 2337/2337/2337
f 2327/2327/2327 2328/2328/2328 2339/2339/2339
f 2327/2327/2327 2339/2339/2339 2338/2338/2338
f 2328/2328/2328 2329/2329/2329 2340/2340/2340
f 2328/2328/2328 2340/2340/2340 2339/2339/2339
f 2329/2329/2329 2330/2330/2330 2341/2341/2341
f 2329/2329/2329 2341/2341/2341 2340/2340/2340
f 2330/2330/2330 2331/2331/2331 2342/2342/2342
f 2330/2330/2330 2342/2342/2342 2341/2341/2341
f 2331/2331/2331 2332/2332/2332 2343/2343/2343
f 2331/2331/2331 2343/2343/2343 2342/2342/2342
f 2332/2332/2332 2333/2333/2333 2344/2344/2344
f 2332/2332/2332 2344/2344/2344 2343/2343/2343
f 2333/2333/2333 2334/2334/2334 2345/2345/2345
f 2333/2333/2333 2345/2345/2345 2344/2344/2344
f 2334/2334/2334 2335/2335/2335 2346/2346/2346
f 2334/2334/2334 2346/2346/2346 2345/2345/2345
f 2335/2335/2335 2336/2336/2336 2347/2347/2347
f 2335/2335/2335 2347/2347/2347 2346/2346/2346
f 2337/2337/2337 2338/2338/2338 2349/2349/2349
f 2337/2337/2337 2349/2349/2349 2348/2348/2348
f 2338/2338/2338 2339/2339/2339 2350/2350/2350
f 2338/2338/2338 2350/2350/2350 2349/2349/2349
f 2339/2339/2339 2340/2340/2340 2351/2351/2351
f 2339/2339/2339 2351/2351/2351 2350/2350/2350
f 2340/2340/2340 2341/2341/2341 2352/2352/2352
f 2340/2340/2340 2352/2352/2352 2351/2351/2351
f 2341/2341/2341 2342/2342/2342 2353/2353/2353
f 2341/2341/2341 2353/2353/2353 2352/2352/2352
f 2342/2342/2342 2343/2343/2343 2354/2354/2354
f 2342/2342/2342 2354/2354/2354 2353/2353/2353
f 2343/2343/2343 2344/2344/2344 2355/2355/2355
f 2343/2343/2343 2355/2355/2355 2354/2354/2354
f 2344/2344/2344 2345/2345/2345 2356/2356/2356
f 2344/2344/2344 2356/2356/2356 2355/2355/2355
f 2345/2345/2345 2346/2346/2346 2357/2357/2357
f 2345/2345/2345 2357/2357/2357 2356/2356/2356
f 2346/2346/2346 2347/2347/2347 2358/2358/2358
f 2346/2346/2346 2358/2358/2358 2357/2357/2357
f 2348/2348/2348 2349/2349/2349 2360/2360/2360
f 2348/2348/2348 2360/2360/2360 2359/2359/2359
f 2349/2349/2349 2350/2350/2350 2361/2361/2361
f 2349/2349/2349 2361/2361/2361 2360/2360/2360
f 2350/2350/2350 2351/2351/2351 2362/2362/2362
f 2350/2350/2350 2362/2362/2362 2361/2361/2361
f 2351/2351/2351 2352/2352/2352 2363/2363/2363
f 2351/2351/2351 2363/2363/2363 2362/2362/2362
f 2352/2352/2352 2353/2353/2353 2364/2364/2364
f 2352/2352/2352 2364/2364/2364 2363/2363/2363
f 2353/2353/2353 2354/2354/2354 2365/2365/2365
f 2353/2353/2353 2365/2365/2365 2364/2364/2364
f 2354/2354/2354 2355/2355/2355 2366/2366/2366
f 2354/2354/2354 2366/2366/2366 2365/2365/2365
f 2355/2355/2355 2356/2356/2356 2367/2367/2367
f 2355/2355/2355 2367/2367/2367 2366/2366/2366
f 2356/2356/2356 2357/2357/2357 2368/2368/2368
f 2356/2356/2356 2368/2368/2368 2367/2367/2367
f 2357/2357/2357 2358/2358/2358 2369/2369/2369
f 2357/2357/2357 2369/2369/2369 2368/2368/2368
f 2359/2359/2359 2360/2360/2360 2371/2371/2371
f 2359/2359/2359 2371/2371/2371 2370/2370/2370
f 2360/2360/2360 2361/2361/2361 2372/2372/2372
f 2360/2360/2360 2372/2372/2372 2371/2371/2371
f 2361/2361/2361 2362/2362/2362 2373/2373/2373
f 2361/2361/2361 2373/2373/2373 2372/2372/2372
f 2362/2362/2362 2363/2363/2363 2374/2374/2374
f 2362/2362/2362 2374/2374/2374 2373/2373/2373
f 2363/2363/2363 2364/2364/2364 2375/2375/2375
f 2363/2363/2363 2375/2375/2375 2374/2374/2374
f 2364/2364/2364 2365/2365/2365 2376/2376/2376
f 2364/2364/2364 2376/2376/2376 2375/2375/2375
f 2365/2365/2365 2366/2366/2366 2377/2377/2377
f 2365/2365/2365 2377/2377/2377 2376/2376/2376
f 2366/2366/2366 2367/2367/2367 2378/2378/2378
f 2366/2366/2366 2378/2378/2378 2377/2377/2377
f 2367/2367/2367 2368/2368/2368 2379/2379/2379
f 2367/2367/2367 2379/2379/2379 2378/2378/2378
f 2368/2368/2368 2369/2369/2369 2380/2380/2380
f 2368/2368/2368 2380/2380/2380 2379/2379/2379
f 2381/2381/2381 2382/2382/2382 2393/2393/2393
f 2381/2381/2381 2393/2393/2393 2392/2392/2392
f 2382/2382/2382 2383/2383/2383 2394/2394/2394
f 2382/2382/2382 2394/2394/2394 2393/2393/2393
f 2383/2383/2383 2384/2384/2384 2395/2395/2395
f 2383/2383/2383 2395/2395/2395 2394/2394/2394
f 2384/2384/2384 2385/2385/2385 2396/2396/2396
f 2384/2384/2384 2396/2396/2396 2395/2395/2395
f 2385/2385/2385 2386/2386/2386 2397/2397/2397
f 2385/2385/2385 2397/2397/2397 2396/2396/2396
f 2386/2386/2386 2387/2387/2387 2398/2398/2398
f 2386/2386/2386 2398/2398/2398 2397/2397/2397
f 2387/2387/2387 2388/2388/2388 2399/2399/2399
f 2387/2387/2387 2399/2399/2399 2398/2398/2398
f 2388/2388/2388 2389/2389/2389 2400/2400/2400
f 2388/2388/2388 2400/2400/2400 2399/2399/2399
f 2389/2389/2389 2390/2390/2390 2401/2401/2401
f 2389/2389/2389 2401/2401/2401 2400/2400/2400
f 2390/2390/2390 2391/2391/2391 2402/2402/2402
f 2390/2390/2390 2402/2402/2402 2401/2401/2401
f 2392/2392/2392 2393/2393/2393 2404/2404/2404
f 2392/2392/2392 2404/2404/2404 2403/2403/2403
f 2393/2393/2393 2394/2394/2394 2405/2405/2405
f 2393/2393/2393 2405/2405/2405 2404/2404/2404
f 2394/2394/2394 2395/2395/2395 2406/2406/2406
f 2394/2394/2394 2406/2406/2406 2405/2405/2405
f 2395/2395/2395 2396/2396/2396 2407/2407/2407
f 2395/2395/2395 2407/2407/2407 2406/2406/2406
f 2396/2396/2396 2397/2397/2397 2408/2408/2408
f 2396/2396/2396 2408/2408/2408 2407/2407/2407
f 2397/2397/2397 2398/2398/2398 2409/2409/2409
f 2397/2397/2397 2409/2409/2409 2408/2408/2408
f 2398/2398/2398 2399/2399/2399 2410/2410/2410
f 2398/2398/2398 2410/2410/2410 2409/2409/2409
f 2399/2399/2399 2400/2400/2400 2411/2411/2411
f 2399/2399/2399 2411/2411/2411 2410/2410/2410
f 2400/2400/2400 2401/2401/2401 2412/2412/2412
f 2400/2400/2400 2412/2412/2412 2411/2411/2411
f 2401/2401/2401 2402/2402/2402 2413/2413/2413
f 2401/2401/2401 2413/2413/2413 2412/2412/2412
f 2403/2403/2403 2404/2404/2404 2415/2415/2415
f 2403/2403/2403 2415/2415/2415 2414/2414/2414
f 2404/2404/2404 2405/2405/2405 2416/2416/2416
f 2404/2404/2404 2416/2416/2416 2415/2415/2415
f 2405/2405/2405 2406/2406/2406 2417/2417/2417
f 2405/2405/2405 2417/2417/2417 2416/2416/2416
f 2406/2406/2406 2407/2407/2407 2418/2418/2418
f 2406/2406/2406 2418/2418/2418 2417/2417/2417
f 2407/2407/2407 2408/2408/2408 2419/2419/2419
f 2407/2407/2407 2419/2419/2419 2418/2418/2418
f 2408/2408/2408 2409/2409/2409 2420/2420/2420
f 2408/2408/2408 2420/2420/2420 2419/2419/2419
f 2409/2409/2409 2410/2410/2410 2421/2421/2421
f 2409/2409/2409 2421/2421/2421 2420/2420/2420
f 2410/2410/2410 2411/2411/2411 2422/2422/2422
f 2410/2410/2410 2422/2422/2422 2421/2421/2421
f 2411/2411/2411 2412/2412/2412 2423/2423/2423
f 2411/2411/2411 2423/2423/2423 2422/2422/2422
f 2412/2412/2412 2413/2413/2413 2424/2424/2424
f 2412/2412/2412 2424/2424/2424 2423/2423/2423
f 2414/2414/2414 2415/2415/2415 2426/2426/2426
f 2414/2414/2414 2426/2426/2426 2425/2425/2425
f 2415/2415/2415 2416/2416/2416 2427/2427/2427
f 2415/2415/2415 2427/2427/2427 2426/2426/2426
f 2416/2416/2416 2417/2417/2417 2428/2428/2428
f 2416/2416/2416 2428/2428/2428 2427/2427/2427
f 2417/2417/2417 2418/2418/2418 2429/2429/2429
f 2417/2417/2417 2429/2429/2429 2428/2428/2428
f 2418/2418/2418 2419/2419/2419 2430/2430/2430
f 2418/2418/2418 2430/2430/2430 2429/2429/2429
f 2419/2419/2419 2420/2420/2420 2431/2431/2431
f 2419/2419/2419 2431/2431/2431 2430/2430/2430
f 2420/2420/2420 2421/2421/2421 2432/2432/2432
f 2420/2420/2420 2432/2432/2432 2431/2431/2431
f 2421/2421/2421 2422/2422/2422 2433/2433/2433
f 2421/2421/2421 2433/2433/2433 2432/2432/2432
f 2422/2422/2422 2423/2423/2423 2434/2434/2434
f 2422/2422/2422 2434/2434/2434 2433/2433/2433
f 2423/2423/2423 2424/2424/2424 2435/2435/2435
f 2423/2423/2423 2435/2435/2435 2434/2434/2434
f 2425/2425/2425 2426/2426/2426 2437/2437/2437
f 2425/2425/2425 2437/2437/2437 2436/2436/2436
f 2426/2426/2426 2427/2427/2427 2438/2438/2438
f 2426/2426/2426 2438/2438/2438 2437/2437/2437
f 2427/2427/2427 2428/2428/2428 2439/2439/2439
f 2427/2427/2427 2439/2439/2439 2438/2438/2438
f 2428/2428/2428 2429/2429/2429 2440/2440/2440
f 2428/2428/2428 2440/2440/2440 2439/2439/2439
f 2429/2429/2429 2430/2430/2430 2441/2441/2441
f 2429/2429/2429 2441/2441/2441 2440/2440/2440
f 2430/2430/2430 2431/2431/2431 2442/2442/2442
f 2430/2430/2430 2442/2442/2442 2441/2441/2441
f 2431/2431/2431 2432/2432/2432 2443/2443/2443
f 2431/2431/2431 2443/2443/2443 2442/2442/2442
f 2432/2432/2432 2433/2433/2433 2444/2444/2444
f 2432/2432/2432 2444/2444/2444 2443/2443/2443
f 2433/2433/2433 2434/2434/2434 2445/2445/2445
f 2433/2433/2433 2445/2445/2445 2444/2444/2444
f 2434/2434/2434 2435/2435/2435 2446/2446/2446
f 2434/2434/2434 2446/2446/2446 2445/2445/2445
f 2436/2436/2436 2437/2437/2437 2448/2448/2448
f 2436/2436/2436 2448/2448/2448 2447/2447/2447
f 2437/2437/2437 2438/2438/2438 2449/2449/2449
f 2437/2437/2437 2449/2449/2449 2448/2448/2448
f 2438/2438/2438 2439/2439/2439 2450/2450/2450
f 2438/2438/2438 2450/2450/2450 2449/2449/2449
f 2439/2439/2439 2440/2440/2440 2451/2451/2451
f 2439/2439/2439 2451/2451/2451 2450/2450/2450
f 2440/2440/2440 2441/2441/2441 2452/2452/2452
f 2440/2440/2440 2452/2452/2452 2451/2451/2451
f 2441/2441/2441 2442/2442/2442 2453/2453/2453
f 2441/2441/2441 2453/2453/2453 2452/2452/2452
f 2442/2442/2442 2443/2443/2443 2454/2454/2454
f 2442/2442/2442 2454/2454/2454 2453/2453/2453
f 2443/2443/2443 2444/2444/2444 2455/2455/2455
f 2443/2443/2443 2455/2455/2455 2454/2454/2454
f 2444/2444/2444 2445/2445/2445 2456/2456/2456
f 2444/2444/2444 2456/2456/2456 2455/2455/2455
f 2445/2445/2445 2446/2446/2446 2457/2457/2457
f 2445/2445/2445 2457/2457/2457 2456/2456/2456
f 2458/2458/2458 2459/2459/2459 2470/2470/2470
f 2458/2458/2458 2470/2470/2470 2469/2469/2469
f 2459/2459/2459 2460/2460/2460 2471/2471/2471
f 2459/2459/2459 2471/2471/2471 2470/2470/2470
f 2460/2460/2460 2461/2461/2461 2472/2472/2472
f 2460/2460/2460 2472/2472/2472 2471/2471/2471
f 2461/2461/2461 2462/2462/2462 2473/2473/2473
f 2461/2461/2461 2473/2473/2473 2472/2472/2472
f 2462/2462/2462 2463/2463/2463 2474/2474/2474
f 2462/2462/2462 2474/2474/2474 2473/2473/2473
f 2463/2463/2463 2464/2464/2464 2475/2475/2475
f 2463/2463/2463 2475/2475/2475 2474/2474/2474
f 2464/2464/2464 2465/2465/2465 2476/2476/2476
f 2464/2464/2464 2476/2476/2476 2475/2475/2475
f 2465/2465/2465 2466/2466/2466 2477/2477/2477
f 2465/2465/2465 2477/2477/2477 2476/2476/2476
f 2466/2466/2466 2467/2467/2467 2478/2478/2478
f 2466/2466/2466 2478/2478/2478 2477/2477/2477
f 2467/2467/2467 2468/2468/2468 2479/2479/2479
f 2467/2467/2467 2479/2479/2479 2478/2478/2478
f 2469/2469/2469 2470/2470/2470 2481/2481/2481
f 2469/2469/2469 2481/2481/2481 2480/2480/2480
f 2470/2470/2470 2471/2471/2471 2482/2482/2482
f 2470/2470/2470 2482/2482/2482 2481/2481/2481
f 2471/2471/2471 2472/2472/2472 2483/2483/2483
f 2471/2471/2471 2483/2483/2483 2482/2482/2482
f 2472/2472/2472 2473/2473/2473 2484/2484/2484
f 2472/2472/2472 2484/2484/2484 2483/2483/2483
f 2473/2473/2473 2474/2474/2474 2485/2485/2485
f 2473/2473/2473 2485/2485/2485 2484/2484/2484
f 2474/2474/2474 2475/2475/2475 2486/2486/2486
f 2474/2474/2474 2486/2486/2486 2485/2485/2485
f 2475/2475/2475 2476/2476/2476 2487/2487/2487
f 2475/2475/2475 2487/2487/2487 2486/2486/2486
f 2476/2476/2476 2477/2477/2477 2488/2488/2488
f 2476/2476/2476 2488/2488/2488 2487/2487/2487
f 2477/2477/2477 2478/2478/2478 2489/2489/2489
f 2477/2477/2477 2489/2489/2489 2488/2488/2488
f 2478/2478/2478 2479/2479/2479 2490/2490/2490
f 2478/2478/2478 2490/2490/2490 2489/2489/2489
f 2480/2480/2480 2481/2481/2481 2492/2492/2492
f 2480/2480/2480 2492/2492/2492 2491/2491/2491
f 2481/2481/2481 2482/2482/2482 2493/2493/2493
f 2481/2481/2481 2493/2493/2493 2492/2492/2492
f 2482/2482/2482 2483/2483/2483 2494/2494/2494
f 2482/2482/2482 2494/2494/2494 2493/2493/2493
f 2483/2483/2483 2484/2484/2484 2495/2495/2495
f 2483/2483/2483 2495/2495/2495 2494/2494/2494
f 2484/2484/2484 2485/2485/2485 2496/2496/2496
f 2484/2484/2484 2496/2496/2496 2495/2495/2495
f 2485/2485/2485 2486/2486/2486 2497/2497/2497
f 2485/2485/2485 2497/2497/2497 2496/2496/2496
f 2486/2486/2486 2487/2487/2487 2498/2498/2498
f 2486/2486/2486 2498/2498/2498 2497/2497/2497
f 2487/2487/2487 2488/2488/2488 2499/2499/2499
f 2487/2487/2487 2499/2499/2499 2498/2498/2498
f 2488/2488/2488 2489/2489/2489 2500/2500/2500
f 2488/2488/2488 2500/2500/2500 2499/2499/2499
f 2489/2489/2489 2490/2490/2490 2501/2501/2501
f 2489/2489/2489 2501/2501/2501 2500/2500/2500
f 2491/2491/2491 2492/2492/2492 2503/2503/2503
f 2491/2491/2491 2503/2503/2503 2502/2502/2502
f 2492/2492/2492 2493/2493/2493 2504/2504/2504
f 2492/2492/2492 2504/2504/2504 2503/2503/2503
f 2493/2493/2493 2494/2494/2494 2505/2505/2505
f 2493/2493/2493 2505/2505/2505 2504/2504/2504
f 2494/2494/2494 2495/2495/2495 2506/2506/2506
f 2494/2494/2494 2506/2506/2506 2505/2505/2505
f 2495/2495/2495 2496/2496/2496 2507/2507/2507
f 2495/2495/2495 2507/2507/2507 2506/2506/2506
f 2496/2496/2496 2497/2497/2497 2508/2508/2508
f 2496/2496/2496 2508/2508/2508 2507/2507/2507
f 2497/2497/2497 2498/2498/2498 2509/2509/2509
f 2497/2497/2497 2509/2509/2509 2508/2508/2508
f 2498/2498/2498 2499/2499/2499 2510/2510/2510
f 2498/2498/2498 2510/2510/2510 2509/2509/2509
f 2499/2499/2499 2500/2500/2500 2511/2511/2511
f 2499/2499/2499 2511/2511/2511 2510/2510/2510
f 2500/2500/2500 2501/2501/2501 2512/2512/2512
f 2500/2500/2500 2512/2512/2512 2511/2511/2511
f 2502/2502/2502 2503/2503/2503 2514/2514/2514
f 2502/2502/2502 2514/2514/2514 2513/2513/2513
f 2503/2503/2503 2504/2504/2504 2515/2515/2515
f 2503/2503/2503 2515/2515/2515 2514/2514/2514
f 2504/2504/2504 2505/2505/2505 2516/2516/2516
f 2504/2504/2504 2516/2516/2516 2515/2515/2515
f 2505/2505/2505 2506/2506/2506 2517/2517/2517
f 2505/2505/2505 2517/2517/2517 2516/2516/2516
f 2506/2506/2506 2507/2507/2507 2518/2518/2518
f 2506/2506/2506 2518/2518/2518 2517/2517/2517
f 2507/2507/2507 2508/2508/2508 2519/2519/2519
f 2507/2507/2507 2519/2519/2519 2518/2518/2518
f 2508/2508/2508 2509/2509/2509 2520/2520/2520
f 2508/2508/2508 2520/2520/2520 2519/2519/2519
f 2509/2509/2509 2510/2510/2510 2521/2521/2521
f 2509/2509/2509 2521/2521/2521 2520/2520/2520
f 2510/2510/2510 2511/2511/2511 2522/2522/2522
f 2510/2510/2510 2522/2522/2522 2521/2521/2521
f 2511/2511/2511 2512/2512/2512 2523/2523/2523
f 2511/2511/2511 2523/2523/2523 2522/2522/2522
f 2513/2513/2513 2514/2514/2514 2525/2525/2525
f 2513/2513/2513 2525/2525/2525 2524/2524/2524
f 2514/2514/2514 2515/2515/2515 2526/2526/2526
f 2514/2514/2514 2526/2526/2526 2525/2525/2525
f 2515/2515/2515 2516/2516/2516 2527/2527/2527
f 2515/2515/2515 2527/2527/2527 2526/2526/2526
f 2516/2516/2516 2517/2517/2517 2528/2528/2528
f 2516/2516/2516 2528/2528/2528 2527/2527/2527
f 2517/2517/2517 2518/2518/2518 2529/2529/2529
f 2517/2517/2517 2529/2529/2529 2528/2528/2528
f 2518/2518/2518 2519/2519/2519 2530/2530/2530
f 2518/2518/2518 2530/2530/2530 2529/2529/2529
f 2519/2519/2519 2520/2520/2520 2531/2531/2531
f 2519/2519/2519 2531/2531/2531 2530/2530/2530
f 2520/2520/2520 2521/2521/2521 2532/2532/2532
f 2520/2520/2520 2532/2532/2532 2531/2531/2531
f 2521/2521/2521 2522/2522/2522 2533/2533/2533
f 2521/2521/2521 2533/2533/2533 2532/2532/2532
f 2522/2522/2522 2523/2523/2523 2534/2534/2534
f 2522/2522/2522 2534/2534/2534 2533/2533/2533
f 2535/2535/2535 2536/2536/2536 2547/2547/2547
f 2535/2535/2535 2547/2547/2547 2546/2546/2546
f 2536/2536/2536 2537/2537/2537 2548/2548/2548
f 2536/2536/2536 2548/2548/2548 2547/2547/2547
f 2537/2537/2537 2538/2538/2538 2549/2549/2549
f 2537/2537/2537 2549/2549/2549 2548/2548/2548
f 2538/2538/2538 2539/2539/2539 2550/2550/2550
f 2538/2538/2538 2550/2550/2550 2549/2549/2549
f 2539/2539/2539 2540/2540/2540 2551/2551/2551
f 2539/2539/2539 2551/2551/2551 2550/2550/2550
f 2540/2540/2540 2541/2541/2541 2552/2552/2552
f 2540/2540/2540 2552/2552/2552 2551/2551/2551
f 2541/2541/2541 2542/2542/2542 2553/2553/2553
f 2541/2541/2541 2553/2553/2553 2552/2552/2552
f 2542/2542/2542 2543/2543/2543 2554/2554/2554
f 2542/2542/2542 2554/2554/2554 2553/2553/2553
f 2543/2543/2543 2544/2544/2544 2555/2555/2555
f 2543/2543/2543 2555/2555/2555 2554/2554/2554
f 2544/2544/2544 2545/2545/2545 2556/2556/2556
f 2544/2544/2544 2556/2556/2556 2555/2555/2555
f 2546/2546/2546 2547/2547/2547 2558/2558/2558
f 2546/2546/2546 2558/2558/2558 2557/2557/2557
f 2547/2547/2547 2548/2548/2548 2559/2559/2559
f 2547/2547/2547 2559/2559/2559 2558/2558/2558
f 2548/2548/2548 2549/2549/2549 2560/2560/2560
f 2548/2548/2548 2560/2560/2560 2559/2559/2559
f 2549/2549/2549 2550/2550/2550 2561/2561/2561
f 2549/2549/2549 2561/2561/2561 2560/2560/2560
f 2550/2550/2550 2551/2551/2551 2562/2562/2562
f 2550/2550/2550 2562/2562/2562 2561/2561/2561
f 2551/2551/2551 2552/2552/2552 2563/2563/2563
f 2551/2551/2551 2563/2563/2563 2562/2562/2562
f 2552/2552/2552 2553/2553/2553 2564/2564/2564
f 2552/2552/2552 2564/2564/2564 2563/2563/2563
f 2553/2553/2553 2554/2554/2554 2565/2565/2565
f 2553/2553/2553 2565/2565/2565 2564/2564/2564
f 2554/2554/2554 2555/2555/2555 2566/2566/2566
f 2554/2554/2554 2566/2566/2566 2565/2565/2565
f 2555/2555/2555 2556/2556/2556 2567/2567/2567
f 2555/2555/2555 2567/2567/2567 2566/2566/2566
f 2557/2557/2557 2558/2558/2558 2569/2569/2569
f 2557/2557/2557 2569/2569/2569 2568/2568/2568
f 2558/2558/2558 2559/2559/2559 2570/2570/2570
f 2558/2558/2558 2570/2570/2570 2569/2569/2569
f 2559/2559/2559 2560/2560/2560 2571/2571/2571
f 2559/2559/2559 2571/2571/2571 2570/2570/2570
f 2560/2560/2560 2561/2561/2561 2572/2572/2572
f 2560/2560/2560 2572/2572/2572 2571/2571/2571
f 2561/2561/2561 2562/2562/2562 2573/2573/2573
f 2561/2561/2561 2573/2573/2573 2572/2572/2572
f 2562/2562/2562 2563/2563/2563 2574/2574/2574
f 2562/2562/2562 2574/2574/2574 2573/2573/2573
f 2563/2563/2563 2564/2564/2564 2575/2575/2575
f 2563/2563/2563 2575/2575/2575 2574/2574/2574
f 2564/2564/2564 2565/2565/2565 2576/2576/2576
f 2564/2564/2564 2576/2576/2576 2575/2575/2575
f 2565/2565/2565 2566/2566/2566 2577/2577/2577
f 2565/2565/2565 2577/2577/2577 2576/2576/2576
f 2566/2566/2566 2567/2567/2567 2578/2578/2578
f 2566/2566/2566 2578/2578/2578 2577/2577/2577
f 2568/2568/2568 2569/2569/2569 2580/2580/2580
f 2568/2568/2568 2580/2580/2580 2579/2579/2579
f 2569/2569/2569 2570/2570/2570 2581/2581/2581
f 2569/2569/2569 2581/2581/2581 2580/2580/2580
f 2570/2570/2570 2571/2571/2571 2582/2582/2582
f 2570/2570/2570 2582/2582/2582 2581/2581/2581
f 2571/2571/2571 2572/2572/2572 2583/2583/2583
f 2571/2571/2571 2583/2583/2583 2582/2582/2582
f 2572/2572/2572 2573/2573/2573 2584/2584/2584
f 2572/2572/2572 2584/2584/2584 2583/2583/2583
f 2573/2573/2573 2574/2574/2574 2585/2585/2585
f 2573/2573/2573 2585/2585/2585 2584/2584/2584
f 2574/2574/2574 2575/2575/2575 2586/2586/2586
f 2574/2574/2574 2586/2586/2586 2585/2585/2585
f 2575/2575/2575 2576/2576/2576 2587/2587/2587
f 2575/2575/2575 2587/2587/2587 2586/2586/2586
f 2576/2576/2576 2577/2577/2577 2588/2588/2588
f 2576/2576/2576 2588/2588/2588 2587/2587/2587
f 2577/2577/2577 2578/2578/2578 2589/2589/2589
f 2577/2577/2577 2589/2589/2589 2588/2588/2588
f 2579/2579/2579 2580/2580/2580 2591/2591/2591
f 2579/2579/2579 2591/2591/2591 2590/2590/2590
f 2580/2580/2580 2581/2581/2581 2592/2592/2592
f 2580/2580/2580 2592/2592/2592 2591/2591/2591
f 2581/2581/2581 2582/2582/2582 2593/2593/2593
f 2581/2581/2581 2593/2593/2593 2592/2592/2592
f 2582/2582/2582 2583/2583/2583 2594/2594/2594
f 2582/2582/2582 2594/2594/2594 2593/2593/2593
f 2583/2583/2583 2584/2584/2584 2595/2595/2595
f 2583/2583/2583 2595/2595/2595 2594/2594/2594
f 2584/2584/2584 2585/2585/2585 2596/2596/2596
f 2584/2584/2584 2596/2596/2596 2595/2595/2595
f 2585/2585/2585 2586/2586/2586 2597/2597/2597
f 2585/2585/2585 2597/2597/2597 2596/2596/2596
f 2586/2586/2586 2587/2587/2587 2598/2598/2598
f 2586/2586/2586 2598/2598/2598 2597/2597/2597
f 2587/2587/2587 2588/2588/2588 2599/2599/2599
f 2587/2587/2587 2599/2599/2599 2598/2598/2598
f 2588/2588/2588 2589/2589/2589 2600/2600/2600
f 2588/2588/2588 2600/2600/2600 2599/2599/2599
f 2590/2590/2590 2591/2591/2591 2602/2602/2602
f 2590/2590/2590 2602/2602/2602 2601/2601/2601
f 2591/2591/2591 2592/2592/2592 2603/2603/2603
f 2591/2591/2591 2603/2603/2603 2602/2602/2602
f 2592/2592/2592 2593/2593/2593 2604/2604/2604
f 2592/2592/2592 2604/2604/2604 2603/2603/2603
f 2593/2593/2593 2594/2594/2594 2605/2605/2605
f 2593/2593/2593 2605/2605/2605 2604/2604/2604
f 2594/2594/2594 2595/2595/2595 2606/2606/2606
f 2594/2594/2594 2606/2606/2606 2605/2605/2605
f 2595/2595/2595 2596/2596/2596 2607/2607/2607
f 2595/2595/2595 2607/2607/2607 2606/2606/2606
f 2596/2596/2596 2597/2597/2597 2608/2608/2608
f 2596/2596/2596 2608/2608/2608 2607/2607/2607
f 2597/2597/2597 2598/2598/2598 2609/2609/2609
f 2597/2597/2597 2609/2609/2609 2608/2608/2608
f 2598/2598/2598 2599/2599/2599 2610/2610/2610
f 2598/2598/2598 2610/2610/2610 2609/2609/2609
f 2599/2599/2599 2600/2600/2600 2611/2611/2611
f 2599/2599/2599 2611/2611/2611 2610/2610/2610
f 2612/2612/2612 2613/2613/2613 2624/2624/2624
f 2612/2612/2612 2624/2624/2624 2623/2623/2623
f 2613/2613/2613 2614/2614/2614 2625/2625/2625
f 2613/2613/2613 2625/2625/2625 2624/2624/2624
f 2614/2614/2614 2615/2615/2615 2626/2626/2626
f 2614/2614/2614 2626/2626/2626 2625/2625/2625
f 2615/2615/2615 2616/2616/2616 2627/2627/2627
f 2615/2615/2615 2627/2627/2627 2626/2626/2626
f 2616/2616/2616 2617/2617/2617 2628/2628/2628
f 2616/2616/2616 2628/2628/2628 2627/2627/2627
f 2617/2617/2617 2618/2618/2618 2629/2629/2629
f 2617/2617/2617 2629/2629/2629 2628/2628/2628
f 2618/2618/2618 2619/2619/2619 2630/2630/2630
f 2618/2618/2618 2630/2630/2630 2629/2629/2629
f 2619/2619/2619 2620/2620/2620 2631/2631/2631
f 2619/2619/2619 2631/2631/2631 2630/2630/2630
f 2620/2620/2620 2621/2621/2621 2632/2632/2632
f 2620/2620/2620 2632/2632/2632 2631/2631/2631
f 2621/2621/2621 2622/2622/2622 2633/2633/2633
f 2621/2621/2621 2633/2633/2633 2632/2632/2632
f 2623/2623/2623 2624/2624/2624 2635/2635/2635
f 2623/2623/2623 2635/2635/2635 2634/2634/2634
f 2624/2624/2624 2625/2625/2625 2636/2636/2636
f 2624/2624/2624 2636/2636/2636 2635/2635/2635
f 2625/2625/2625 2626/2626/2626 2637/2637/2637
f 2625/2625/2625 2637/2637/2637 2636/2636/2636
f 2626/2626/2626 2627/2627/2627 2638/2638/2638
f 2626/2626/2626 2638/2638/2638 2637/2637/2637
f 2627/2627/2627 2628/2628/2628 2639/2639/2639
f 2627/2627/2627 2639/2639/2639 2638/2638/2638
f 2628/2628/2628 2629/2629/2629 2640/2640/2640
f 2628/2628/2628 2640/2640/2640 2639/2639/2639
f 2629/2629/2629 2630/2630/2630 2641/2641/2641
f 2629/2629/2629 2641/2641/2641 2640/2640/2640
f 2630/2630/2630 2631/2631/2631 2642/2642/2642
f 2630/2630/2630 2642/2642/2642 2641/2641/2641
f 2631/2631/2631 2632/2632/2632 2643/2643/2643
f 2631/2631/2631 2643/2643/2643 2642/2642/2642
f 2632/2632/2632 2633/2633/2633 2644/2644/2644
f 2632/2632/2632 2644/2644/2644 2643/2643/2643
f 2634/2634/2634 2635/2635/2635 2646/2646/2646
f 2634/2634/2634 2646/2646/2646 2645/2645/2645
f 2635/2635/2635 2636/2636/2636 2647/2647/2647
f 2635/2635/2635 2647/2647/2647 2646/2646/2646
f 2636/2636/2636 2637/2637/2637 2648/2648/2648
f 2636/2636/2636 2648/2648/2648 2647/2647/2647
f 2637/2637/2637 2638/2638/2638 2649/2649/2649
f 2637/2637/2637 2649/2649/2649 2648/2648/2648
f 2638/2638/2638 2639/2639/2639 2650/2650/2650
f 2638/2638/2638 2650/2650/2650 2649/2649/2649
f 2639/2639/2639 2640/2640/2640 2651/2651/2651
f 2639/2639/2639 2651/2651/2651 2650/2650/2650
f 2640/2640/2640 2641/2641/2641 2652/2652/2652
f 2640/2640/2640 2652/2652/2652 2651/2651/2651
f 2641/2641/2641 2642/2642/2642 2653/2653/2653
f 2641/2641/2641 2653/2653/2653 2652/2652/2652
f 2642/2642/2642 2643/2643/2643 2654/2654/2654
f 2642/2642/2642 2654/2654/2654 2653/2653/2653
f 2643/2643/2643 2644/2644/2644 2655/2655/2655
f 2643/2643/2643 2655/2655/2655 2654/2654/2654
f 2645/2645/2645 2646/2646/2646 2657/2657/2657
f 2645/2645/2645 2657/2657/2657 2656/2656/2656
f 2646/2646/2646 2647/2647/2647 2658/2658/2658
f 2646/2646/2646 2658/2658/2658 2657/2657/2657
f 2647/2647/2647 2648/2648/2648 2659/2659/2659
f 2647/2647/2647 2659/2659/2659 2658/2658/2658
f 2648/2648/2648 2649/2649/2649 2660/2660/2660
f 2648/2648/2648 2660/2660/2660 2659/2659/2659
f 2649/2649/2649 2650/2650/2650 2661/2661/2661
f 2649/2649/2649 2661/2661/2661 2660/2660/2660
f 2650/2650/2650 2651/2651/2651 2662/2662/2662
f 2650/2650/2650 2662/2662/2662 2661/2661/2661
f 2651/2651/2651 2652/2652/2652 2663/2663/2663
f 2651/2651/2651 2663/2663/2663 2662/2662/2662
f 2652/2652/2652 2653/2653/2653 2664/2664/2664
f 2652/2652/2652 2664/2664/2664 2663/2663/2663
f 2653/2653/2653 2654/2654/2654 2665/2665/2665
f 2653/2653/2653 2665/2665/2665 2664/2664/2664
f 2654/2654/2654 2655/2655/2655 2666/2666/2666
f 2654/2654/2654 2666/2666/2666 2665/2665/2665
f 2656/2656/2656 2657/2657/2657 2668/2668/2668
f 2656/2656/2656 2668/2668/2668 2667/2667/2667
f 2657/2657/2657 2658/2658/2658 2669/2669/2669
f 2657/2657/2657 2669/2669/2669 2668/2668/2668
f 2658/2658/2658 2659/2659/2659 2670/2670/2670
f 2658/2658/2658 2670/2670/2670 2669/2669/2669
f 2659/2659/2659 2660/2660/2660 2671/2671/2671
f 2659/2659/2659 2671/2671/2671 2670/2670/2670
f 2660/2660/2660 2661/2661/2661 2672/2672/2672
f 2660/2660/2660 2672/2672/2672 2671/2671/2671
f 2661/2661/2661 2662/2662/2662 2673/2673/2673
f 2661/2661/2661 2673/2673/2673 2672/2672/2672
f 2662/2662/2662 2663/2663/2663 2674/2674/2674
f 2662/2662/2662 2674/2674/2674 2673/2673/2673
f 2663/2663/2663 2664/2664/2664 2675/2675/2675
f 2663/2663/2663 2675/2675/2675 2674/2674/2674
f 2664/2664/2664 2665/2665/2665 2676/2676/2676
f 2664/2664/2664 2676/2676/2676 2675/2675/2675
f 2665/2665/2665 2666/2666/2666 2677/2677/2677
f 2665/2665/2665 2677/2677/2677 2676/2676/2676
f 2667/2667/2667 2668/2668/2668 2679/2679/2679
f 2667/2667/2667 2679/2679/2679 2678/2678/2678
f 2668/2668/2668 2669/2669/2669 2680/2680/2680
f 2668/2668/2668 2680/2680/2680 2679/2679/2679
f 2669/2669/2669 2670/2670/2670 2681/2681/2681
f 2669/2669/2669 2681/2681/2681 2680/2680/2680
f 2670/2670/2670 2671/2671/2671 2682/2682/2682
f 2670/2670/2670 2682/2682/2682 2681/2681/2681
f 2671/2671/2671 2672/2672/2672 2683/2683/2683
f 2671/2671/2671 2683/2683/2683 2682/2682/2682
f 2672/2672/2672 2673/2673/2673 2684/2684/2684
f 2672/2672/2672 2684/2684/2684 2683/2683/2683
f 2673/2673/2673 2674/2674/2674 2685/2685/2685
f 2673/2673/2673 2685/2685/2685 2684/2684/2684
f 2674/2674/2674 2675/2675/2675 2686/2686/2686
f 2674/2674/2674 2686/2686/2686 2685/2685/2685
f 2675/2675/2675 2676/2676/2676 2687/2687/2687
f 2675/2675/2675 2687/2687/2687 2686/2686/2686
f 2676/2676/2676 2677/2677/2677 2688/2688/2688
f 2676/2676/2676 2688/2688/2688 2687/2687/2687
f 2689/2689/2689 2690/2690/2690 2701/2701/2701
f 2689/2689/2689 2701/2701/2701 2700/2700/2700
f 2690/2690/2690 2691/2691/2691 2702/2702/2702
f 2690/2690/2690 2702/2702/2702 2701/2701/2701
f 2691/2691/2691 2692/2692/2692 2703/2703/2703
f 2691/2691/2691 2703/2703/2703 2702/2702/2702
f 2692/2692/2692 2693/2693/2693 2704/2704/2704
f 2692/2692/2692 2704/2704/2704 2703/2703/2703
f 2693/2693/2693 2694/2694/2694 2705/2705/2705
f 2693/2693/2693 2705/2705/2705 2704/2704/2704
f 2694/2694/2694 2695/2695/2695 2706/2706/2706
f 2694/2694/2694 2706/2706/2706 2705/2705/2705
f 2695/2695/2695 2696/2696/2696 2707/2707/2707
f 2695/2695/2695 2707/2707/2707 2706/2706/2706
f 2696/2696/2696 2697/2697/2697 2708/2708/2708
f 2696/2696/2696 2708/2708/2708 2707/2707/2707
f 2697/2697/2697 2698/2698/2698 2709/2709/2709
f 2697/2697/2697 2709/2709/2709 2708/2708/2708
f 2698/2698/2698 2699/2699/2699 2710/2710/2710
f 2698/2698/2698 2710/2710/2710 2709/2709/2709
f 2700/2700/2700 2701/2701/2701 2712/2712/2712
f 2700/2700/2700 2712/2712/2712 2711/2711/2711
f 2701/2701/2701 2702/2702/2702 2713/2713/2713
f 2701/2701/2701 2713/2713/2713 2712/2712/2712
f 2702/2702/2702 2703/2703/2703 2714/2714/2714
f 2702/2702/2702 2714/2714/2714 2713/2713/2713
f 2703/2703/2703 2704/2704/2704 2715/2715/2715
f 2703/2703/2703 2715/2715/2715 2714/2714/2714
f 2704/2704/2704 2705/2705/2705 2716/2716/2716
f 2704/2704/2704 2716/2716/2716 2715/2715/2715
f 2705/2705/2705 2706/2706/2706 2717/2717/2717
f 2705/2705/2705 2717/2717/2717 2716/2716/2716
f 2706/2706/2706 2707/2707/2707 2718/2718/2718
f 2706/2706/2706 2718/2718/2718 2717/2717/2717
f 2707/2707/2707 2708/2708/2708 2719/2719/2719
f 2707/2707/2707 2719/2719/2719 2718/2718/2718
f 2708/2708/2708 2709/2709/2709 2720/2720/2720
f 2708/2708/2708 2720/2720/2720 2719/2719/2719
f 2709/2709/2709 2710/2710/2710 2721/2721/2721
f 2709/2709/2709 2721/2721/2721 2720/2720/2720
f 2711/2711/2711 2712/2712/2712 2723/2723/2723
f 2711/2711/2711 2723/2723/2723 2722/2722/2722
f 2712/2712/2712 2713/2713/2713 2724/2724/2724
f 2712/2712/2712 2724/2724/2724 2723/2723/2723
f 2713/2713/2713 2714/2714/2714 2725/2725/2725
f 2713/2713/2713 2725/2725/2725 2724/2724/2724
f 2714/2714/2714 2715/2715/2715 2726/2726/2726
f 2714/2714/2714 2726/2726/2726 2725/2725/2725
f 2715/2715/2715 2716/2716/2716 2727/2727/2727
f 2715/2715/2715 2727/2727/2727 2726/2726/2726
f 2716/2716/2716 2717/2717/2717 2728/2728/2728
f 2716/2716/2716 2728/2728/2728 2727/2727/2727
f 2717/2717/2717 2718/2718/2718 2729/2729/2729
f 2717/2717/2717 2729/2729/2729 2728/2728/2728
f 2718/2718/2718 2719/2719/2719 2730/2730/2730
f 2718/2718/2718 2730/2730/2730 2729/2729/2729
f 2719/2719/2719 2720/2720/2720 2731/2731/2731
f 2719/2719/2719 2731/2731/2731 2730/2730/2730
f 2720/2720/2720 2721/2721/2721 2732/2732/2732
f 2720/2720/2720 2732/2732/2732 2731/2731/2731
f 2722/2722/2722 2723/2723/2723 2734/2734/2734
f 2722/2722/2722 2734/2734/2734 2733/2733/2733
f 2723/2723/2723 2724/2724/2724 2735/2735/2735
f 2723/2723/2723 2735/2735/2735 2734/2734/2734
f 2724/2724/2724 2725/2725/2725 2736/2736/2736
f 2724/2724/2724 2736/2736/2736 2735/2735/2735
f 2725/2725/2725 2726/2726/2726 2737/2737/2737
f 2725/2725/2725 2737/2737/2737 2736/2736/2736
f 2726/2726/2726 2727/2727/2727 2738/2738/2738
f 2726/2726/2726 2738/2738/2738 2737/2737/2737
f 2727/2727/2727 2728/2728/2728 2739/2739/2739
f 2727/2727/2727 2739/2739/2739 2738/2738/2738
f 2728/2728/2728 2729/2729/2729 2740/2740/2740
f 2728/2728/2728 2740/2740/2740 2739/2739/2739
f 2729/2729/2729 2730/2730/2730 2741/2741/2741
f 2729/2729/2729 2741/2741/2741 2740/2740/2740
f 2730/2730/2730 2731/2731/2731 2742/2742/2742
f 2730/2730/2730 2742/2742/2742 2741/2741/2741
f 2731/2731/2731 2732/2732/2732 2743/2743/2743
f 2731/2731/2731 2743/2743/2743 2742/2742/2742
f 2733/2733/2733 2734/2734/2734 2745/2745/2745
f 2733/2733/2733 2745/2745/2745 2744/2744/2744
f 2734/2734/2734 2735/2735/2735 2746/2746/2746
f 2734/2734/2734 2746/2746/2746 2745/2745/2745
f 2735/2735/2735 2736/2736/2736 2747/2747/2747
f 2735/2735/2735 2747/2747/2747 2746/2746/2746
f 2736/2736/2736 2737/2737/2737 2748/2748/2748
f 2736/2736/2736 2748/2748/2748 2747/2747/2747
f 2737/2737/2737 2738/2738/2738 2749/2749/2749
f 2737/2737/2737 2749/2749/2749 2748/2748/2748
f 2738/2738/2738 2739/2739/2739 2750/2750/2750
f 2738/2738/2738 2750/2750/2750 2749/2749/2749
f 2739/2739/2739 2740/2740/2740 2751/2751/2751
f 2739/2739/2739 2751/2751/2751 2750/2750/2750
f 2740/2740/2740 2741/2741/2741 2752/2752/2752
f 2740/2740/2740 2752/2752/2752 2751/2751/2751
f 2741/2741/2741 2742/2742/2742 2753/2753/2753
f 2741/2741/2741 2753/2753/2753 2752/2752/2752
f 2742/2742/2742 2743/2743/2743 2754/2754/2754
f 2742/2742/2742 2754/2754/2754 2753/2753/2753
f 2744/2744/2744 2745/2745/2745 2756/2756/2756
f 2744/2744/2744 2756/2756/2756 2755/2755/2755
f 2745/2745/2745 2746/2746/2746 2757/2757/2757
f 2745/2745/2745 2757/2757/2757 2756/2756/2756
f 2746/2746/2746 2747/2747/2747 2758/2758/2758
f 2746/2746/2746 2758/2758/2758 2757/2757/2757
f 2747/2747/2747 2748/2748/2748 2759/2759/2759
f 2747/2747/2747 2759/2759/2759 2758/2758/2758
f 2748/2748/2748 2749/2749/2749 2760/2760/2760
f 2748/2748/2748 2760/2760/2760 2759/2759/2759
f 2749/2749/2749 2750/2750/2750 2761/2761/2761
f 2749/2749/2749 2761/2761/2761 2760/2760/2760
f 2750/2750/2750 2751/2751/2751 2762/2762/2762
f 2750/2750/2750 2762/2762/2762 2761/2761/2761
f 2751/2751/2751 2752/2752/2752 2763/2763/2763
f 2751/2751/2751 2763/2763/2763 2762/2762/2762
f 2752/2752/2752 2753/2753/2753 2764/2764/2764
f 2752/2752/2752 2764/2764/2764 2763/2763/2763
f 2753/2753/2753 2754/2754/2754 2765/2765/2765
f 2753/2753/2753 2765/2765/2765 2764/2764/2764
f 2766/2766/2766 2767/2767/2767 2778/2778/2778
f 2766/2766/2766 2778/2778/2778 2777/2777/2777
f 2767/2767/2767 2768/2768/2768 2779/2779/2779
f 2767/2767/2767 2779/2779/2779 2778/2778/2778
f 2768/2768/2768 2769/2769/2769 2780/2780/2780
f 2768/2768/2768 2780/2780/2780 2779/2779/2779
f 2769/2769/2769 2770/2770/2770 2781/2781/2781
f 2769/2769/2769 2781/2781/2781 2780/2780/2780
f 2770/2770/2770 2771/2771/2771 2782/2782/2782
f 2770/2770/2770 2782/2782/2782 2781/2781/2781
f 2771/2771/2771 2772/2772/2772 2783/2783/2783
f 2771/2771/2771 2783/2783/2783 2782/2782/2782
f 2772/2772/2772 2773/2773/2773 2784/2784/2784
f 2772/2772/2772 2784/2784/2784 2783/2783/2783
f 2773/2773/2773 2774/2774/2774 2785/2785/2785
f 2773/2773/2773 2785/2785/2785 2784/2784/2784
f 2774/2774/2774 2775/2775/2775 2786/2786/2786
f 2774/2774/2774 2786/2786/2786 2785/2785/2785
f 2775/2775/2775 2776/2776/2776 2787/2787/2787
f 2775/2775/2775 2787/2787/2787 2786/2786/2786
f 2777/2777/2777 2778/2778/2778 2789/2789/2789
f 2777/2777/2777 2789/2789/2789 2788/2788/2788
f 2778/2778/2778 2779/2779/2779 2790/2790/2790
f 2778/2778/2778 2790/2790/2790 2789/2789/2789
f 2779/2779/2779 2780/2780/2780 2791/2791/2791
f 2779/2779/2779 2791/2791/2791 2790/2790/2790
f 2780/2780/2780 2781/2781/2781 2792/2792/2792
f 2780/2780/2780 2792/2792/2792 2791/2791/2791
f 2781/2781/2781 2782/2782/2782 2793/2793/2793
f 2781/2781/2781 2793/2793/2793 2792/2792/2792
f 2782/2782/2782 2783/2783/2783 2794/2794/2794
f 2782/2782/2782 2794/2794/2794 2793/2793/2793
f 2783/2783/2783 2784/2784/2784 2795/2795/2795
f 2783/2783/2783 2795/2795/2795 2794/2794/2794
f 2784/2784/2784 2785/2785/2785 2796/2796/2796
f 2784/2784/2784 2796/2796/2796 2795/2795/2795
f 2785/2785/2785 2786/2786/2786 2797/2797/2797
f 2785/2785/2785 2797/2797/2797 2796/2796/2796
f 2786/2786/2786 2787/2787/2787 2798/2798/2798
f 2786/2786/2786 2798/2798/2798 2797/2797/2797
f 2788/2788/2788 2789/2789/2789 2800/2800/2800
f 2788/2788/2788 2800/2800/2800 2799/2799/2799
f 2789/2789/2789 2790/2790/2790 2801/2801/2801
f 2789/2789/2789 2801/2801/2801 2800/2800/2800
f 2790/2790/2790 2791/2791/2791 2802/2802/2802
f 2790/2790/2790 2802/2802/2802 2801/2801/2801
f 2791/2791/2791 2792/2792/2792 2803/2803/2803
f 2791/2791/2791 2803/2803/2803 2802/2802/2802
f 2792/2792/2792 2793/2793/2793 2804/2804/2804
f 2792/2792/2792 2804/2804/2804 2803/2803/2803
f 2793/2793/2793 2794/2794/2794 2805/2805/2805
f 2793/2793/2793 2805/2805/2805 2804/2804/2804
f 2794/2794/2794 2795/2795/2795 2806/2806/2806
f 2794/2794/2794 2806/2806/2806 2805/2805/2805
f 2795/2795/2795 2796/2796/2796 2807/2807/2807
f 2795/2795/2795 2807/2807/2807 2806/2806/2806
f 2796/2796/2796 2797/2797/2797 2808/2808/2808
f 2796/2796/2796 2808/2808/2808 2807/2807/2807
f 2797/2797/2797 2798/2798/2798 2809/2809/2809
f 2797/2797/2797 2809/2809/2809 2808/2808/2808
f 2799/2799/2799 2800/2800/2800 2811/2811/2811
f 2799/2799/2799 2811/2811/2811 2810/2810/2810
f 2800/2800/2800 2801/2801/2801 2812/2812/2812
f 2800/2800/2800 2812/2812/2812 2811/2811/2811
f 2801/2801/2801 2802/2802/2802 2813/2813/2813
f 2801/2801/2801 2813/2813/2813 2812/2812/2812
f 2802/2802/2802 2803/2803/2803 2814/2814/2814
f 2802/2802/2802 2814/2814/2814 2813/2813/2813
f 2803/2803/2803 2804/2804/2804 2815/2815/2815
f 2803/2803/2803 2815/2815/2815 2814/2814/2814
f 2804/2804/2804 2805/2805/2805 2816/2816/2816
f 2804/2804/2804 2816/2816/2816 2815/2815/2815
f 2805/2805/2805 2806/2806/2806 2817/2817/2817
f 2805/2805/2805 2817/2817/2817 2816/2816/2816
f 2806/2806/2806 2807/2807/2807 2818/2818/2818
f 2806/2806/2806 2818/2818/2818 2817/2817/2817
f 2807/2807/2807 2808/2808/2808 2819/2819/2819
f 2807/2807/2807 2819/2819/2819 2818/2818/2818
f 2808/2808/2808 2809/2809/2809 2820/2820/2820
f 2808/2808/2808 2820/2820/2820 2819/2819/2819
f 2810/2810/2810 2811/2811/2811 2822/2822/2822
f 2810/2810/2810 2822/2822/2822 2821/2821/2821
f 2811/2811/2811 2812/2812/2812 2823/2823/2823
f 2811/2811/2811 2823/2823/2823 2822/2822/2822
f 2812/2812/2812 2813/2813/2813 2824/2824/2824
f 2812/2812/2812 2824/2824/2824 2823/2823/2823
f 2813/2813/2813 2814/2814/2814 2825/2825/2825
f 2813/2813/2813 2825/2825/2825 2824/2824/2824
f 2814/2814/2814 2815/2815/2815 2826/2826/2826
f 2814/2814/2814 2826/2826/2826 2825/2825/2825
f 2815/2815/2815 2816/2816/2816 2827/2827/2827
f 2815/2815/2815 2827/2827/2827 2826/2826/2826
f 2816/2816/2816 2817/2817/2817 2828/2828/2828
f 2816/2816/2816 2828/2828/2828 2827/2827/2827
f 2817/2817/2817 2818/2818/2818 2829/2829/2829
f 2817/2817/2817 2829/2829/2829 2828/2828/2828
f 2818/2818/2818 2819/2819/2819 2830/2830/2830
f 2818/2818/2818 2830/2830/2830 2829/2829/2829
f 2819/2819/2819 2820/2820/2820 2831/2831/2831
f 2819/2819/2819 2831/2831/2831 2830/2830/2830
f 2821/2821/2821 2822/2822/2822 2833/2833/2833
f 2821/2821/2821 2833/2833/2833 2832/2832/2832
f 2822/2822/2822 2823/2823/2823 2834/2834/2834
f 2822/2822/2822 2834/2834/2834 2833/2833/2833
f 2823/2823/2823 2824/2824/2824 2835/2835/2835
f 2823/2823/2823 2835/2835/2835 2834/2834/2834
f 2824/2824/2824 2825/2825/2825 2836/2836/2836
f 2824/2824/2824 2836/2836/2836 2835/2835/2835
f 2825/2825/2825 2826/2826/2826 2837/2837/2837
f 2825/2825/2825 2837/2837/2837 2836/2836/2836
f 2826/2826/2826 2827/2827/2827 2838/2838/2838
f 2826/2826/2826 2838/2838/2838 2837/2837/2837
f 2827/2827/2827 2828/2828/2828 2839/2839/2839
f 2827/2827/2827 2839/2839/2839 2838/2838/2838
f 2828/2828/2828 2829/2829/2829 2840/2840/2840
f 2828/2828/2828 2840/2840/2840 2839/2839/2839
f 2829/2829/2829 2830/2830/2830 2841/2841/2841
f 2829/2829/2829 2841/2841/2841 2840/2840/2840
f 2830/2830/2830 2831/2831/2831 2842/2842/2842
f 2830/2830/2830 2842/2842/2842 2841/2841/2841
f 2843/2843/2843 2844/2844/2844 2855/2855/2855
f 2843/2843/2843 2855/2855/2855 2854/2854/2854
f 2844/2844/2844 2845/2845/2845 2856/2856/2856
f 2844/2844/2844 2856/2856/2856 2855/2855/2855
f 2845/2845/2845 2846/2846/2846 2857/2857/2857
f 2845/2845/2845 2857/2857/2857 2856/2856/2856
f 2846/2846/2846 2847/2847/2847 2858/2858/2858
f 2846/2846/2846 2858/2858/2858 2857/2857/2857
f 2847/2847/2847 2848/2848/2848 2859/2859/2859
f 2847/2847/2847 2859/2859/2859 2858/2858/2858
f 2848/2848/2848 2849/2849/2849 2860/2860/2860
f 2848/2848/2848 2860/2860/2860 2859/2859/2859
f 2849/2849/2849 2850/2850/2850 2861/2861/2861
f 2849/2849/2849 2861/2861/2861 2860/2860/2860
f 2850/2850/2850 2851/2851/2851 2862/2862/2862
f 2850/2850/2850 2862/2862/2862 2861/2861/2861
f 2851/2851/2851 2852/2852/2852 2863/2863/2863
f 2851/2851/2851 2863/2863/2863 2862/2862/2862
f 2852/2852/2852 2853/2853/2853 2864/2864/2864
f 2852/2852/2852 2864/2864/2864 2863/2863/2863
f 2854/2854/2854 2855/2855/2855 2866/2866/2866
f 2854/2854/2854 2866/2866/2866 2865/2865/2865
f 2855/2855/2855 2856/2856/2856 2867/2867/2867
f 2855/2855/2855 2867/2867/2867 2866/2866/2866
f 2856/2856/2856 2857/2857/2857 2868/2868/2868
f 2856/2856/2856 2868/2868/2868 2867/2867/2867
f 2857/2857/2857 2858/2858/2858 2869/2869/2869
f 2857/2857/2857 2869/2869/2869 2868/2868/2868
f 2858/2858/2858 2859/2859/2859 2870/2870/2870
f 2858/2858/2858 2870/2870/2870 2869/2869/2869
f 2859/2859/2859 2860/2860/2860 2871/2871/2871
f 2859/2859/2859 2871/2871/2871 2870/2870/2870
f 2860/2860/2860 2861/2861/2861 2872/2872/2872
f 2860/2860/2860 2872/2872/2872 2871/2871/2871
f 2861/2861/2861 2862/2862/2862 2873/2873/2873
f 2861/2861/2861 2873/2873/2873 2872/2872/2872
f 2862/2862/2862 2863/2863/2863 2874/2874/2874
f 2862/2862/2862 2874/2874/2874 2873/2873/2873
f 2863/2863/2863 2864/2864/2864 2875/2875/2875
f 2863/2863/2863 2875/2875/2875 2874/2874/2874
f 2865/2865/2865 2866/2866/2866 2877/2877/2877
f 2865/2865/2865 2877/2877/2877 2876/2876/2876
f 2866/2866/2866 2867/2867/2867 2878/2878/2878
f 2866/2866/2866 2878/2878/2878 2877/2877/2877
f 2867/2867/2867 2868/2868/2868 2879/2879/2879
f 2867/2867/2867 2879/2879/2879 2878/2878/2878
f 2868/2868/2868 2869/2869/2869 2880/2880/2880
f 2868/2868/2868 2880/2880/2880 2879/2879/2879
f 2869/2869/2869 2870/2870/2870 2881/2881/2881
f 2869/2869/2869 2881/2881/2881 2880/2880/2880
f 2870/2870/2870 2871/2871/2871 2882/2882/2882
f 2870/2870/2870 2882/2882/2882 2881/2881/2881
f 2871/2871/2871 2872/2872/2872 2883/2883/2883
f 2871/2871/2871 2883/2883/2883 2882/2882/2882
f 2872/2872/2872 2873/2873/2873 2884/2884/2884
f 2872/2872/2872 2884/2884/2884 2883/2883/2883
f 2873/2873/2873 2874/2874/2874 2885/2885/2885
f 2873/2873/2873 2885/2885/2885 2884/2884/2884
f 2874/2874/2874 2875/2875/2875 2886/2886/2886
f 2874/2874/2874 2886/2886/2886 2885/2885/2885
f 2876/2876/2876 2877/2877/2877 2888/2888/2888
f 2876/2876/2876 2888/2888/2888 2887/2887/2887
f 2877/2877/2877 2878/2878/2878 2889/2889/2889
f 2877/2877/2877 2889/2889/2889 2888/2888/2888
f 2878/2878/2878 2879/2879/2879 2890/2890/2890
f 2878/2878/2878 2890/2890/2890 2889/2889/2889
f 2879/2879/2879 2880/2880/2880 2891/2891/2891
f 2879/2879/2879 2891/2891/2891 2890/2890/2890
f 2880/2880/2880 2881/2881/2881 2892/2892/2892
f 2880/2880/2880 2892/2892/2892 2891/2891/2891
f 2881/2881/2881 2882/2882/2882 2893/2893/2893
f 2881/2881/2881 2893/2893/2893 2892/2892/2892
f 2882/2882/2882 2883/2883/2883 2894/2894/2894
f 2882/2882/2882 2894/2894/2894 2893/2893/2893
f 2883/2883/2883 2884/2884/2884 2895/2895/2895
f 2883/2883/2883 2895/2895/2895 2894/2894/2894
f 2884/2884/2884 2885/2885/2885 2896/2896/2896
f 2884/2884/2884 2896/2896/2896 2895/2895/2895
f 2885/2885/2885 2886/2886/2886 2897/2897/2897
f 2885/2885/2885 2897/2897/2897 2896/2896/2896
f 2887/2887/2887 2888/2888/2888 2899/2899/2899
f 2887/2887/2887 2899/2899/2899 2898/2898/2898
f 2888/2888/2888 2889/2889/2889 2900/2900/2900
f 2888/2888/2888 2900/2900/2900 2899/2899/2899
f 2889/2889/2889 2890/2890/2890 2901/2901/2901
f 2889/2889/2889 2901/2901/2901 2900/2900/2900
f 2890/2890/2890 2891/2891/2891 2902/2902/2902
f 2890/2890/2890 2902/2902/2902 2901/2901/2901
f 2891/2891/2891 2892/2892/2892 2903/2903/2903
f 2891/2891/2891 2903/2903/2903 2902/2902/2902
f 2892/2892/2892 2893/2893/2893 2904/2904/2904
f 2892/2892/2892 2904/2904/2904 2903/2903/2903
f 2893/2893/2893 2894/2894/2894 2905/2905/2905
f 2893/2893/2893 2905/2905/2905 2904/2904/2904
f 2894/2894/2894 2895/2895/2895 2906/2906/2906
f 2894/2894/2894 2906/2906/2906 2905/2905/2905
f 2895/2895/2895 2896/2896/2896 2907/2907/2907
f 2895/2895/2895 2907/2907/2907 2906/2906/2906
f 2896/2896/2896 2897/2897/2897 2908/2908/2908
f 2896/2896/2896 2908/2908/2908 2907/2907/2907
f 2898/2898/2898 2899/2899/2899 2910/2910/2910
f 2898/2898/2898 2910/2910/2910 2909/2909/2909
f 2899/2899/2899 2900/2900/2900 2911/2911/2911
f 2899/2899/2899 2911/2911/2911 2910/2910/2910
f 2900/2900/2900 2901/2901/2901 2912/2912/2912
f 2900/2900/2900 2912/2912/2912 2911/2911/2911
f 2901/2901/2901 2902/2902/2902 2913/2913/2913
f 2901/2901/2901 2913/2913/2913 2912/2912/2912
f 2902/2902/2902 2903/2903/2903 2914/2914/2914
f 2902/2902/2902 2914/2914/2914 2913/2913/2913
f 2903/2903/2903 2904/2904/2904 2915/2915/2915
f 2903/2903/2903 2915/2915/2915 2914/2914/2914
f 2904/2904/2904 2905/2905/2905 2916/2916/2916
f 2904/2904/2904 2916/2916/2916 2915/2915/2915
f 2905/2905/2905 2906/2906/2906 2917/2917/2917
f 2905/2905/2905 2917/2917/2917 2916/2916/2916
f 2906/2906/2906 2907/2907/2907 2918/2918/2918
f 2906/2906/2906 2918/2918/2918 2917/2917/2917
f 2907/2907/2907 2908/2908/2908 2919/2919/2919
f 2907/2907/2907 2919/2919/2919 2918/2918/2918
f 2920/2920/2920 2921/2921/2921 2932/2932/2932
f 2920/2920/2920 2932/2932/2932 2931/2931/2931
f 2921/2921/2921 2922/2922/2922 2933/2933/2933
f 2921/2921/2921 2933/2933/2933 2932/2932/2932
f 2922/2922/2922 2923/2923/2923 2934/2934/2934
f 2922/2922/2922 2934/2934/2934 2933/2933/2933
f 2923/2923/2923 2924/2924/2924 2935/2935/2935
f 2923/2923/2923 2935/2935/2935 2934/2934/2934
f 2924/2924/2924 2925/2925/2925 2936/2936/2936
f 2924/2924/2924 2936/2936/2936 2935/2935/2935
f 2925/2925/2925 2926/2926/2926 2937/2937/2937
f 2925/2925/2925 2937/2937/2937 2936/2936/2936
f 2926/2926/2926 2927/2927/2927 2938/2938/2938
f 2926/2926/2926 2938/2938/2938 2937/2937/2937
f 2927/2927/2927 2928/2928/2928 2939/2939/2939
f 2927/2927/2927 2939/2939/2939 2938/2938/2938
f 2928/2928/2928 2929/2929/2929 2940/2940/2940
f 2928/2928/2928 2940/2940/2940 2939/2939/2939
f 2929/2929/2929 2930/2930/2930 2941/2941/2941
f 2929/2929/2929 2941/2941/2941 2940/2940/2940
f 2931/2931/2931 2932/2932/2932 2943/2943/2943
f 2931/2931/2931 2943/2943/2943 2942/2942/2942
f 2932/2932/2932 2933/2933/2933 2944/2944/2944
f 2932/2932/2932 2944/2944/2944 2943/2943/2943
f 2933/2933/2933 2934/2934/2934 2945/2945/2945
f 2933/2933/2933 2945/2945/2945 2944/2944/2944
f 2934/2934/2934 2935/2935/2935 2946/2946/2946
f 2934/2934/2934 2946/2946/2946 2945/2945/2945
f 2935/2935/2935 2936/2936/2936 2947/2947/2947
f 2935/2935/2935 2947/2947/2947 2946/2946/2946
f 2936/2936/2936 2937/2937/2937 2948/2948/2948
f 2936/2936/2936 2948/2948/2948 2947/2947/2947
f 2937/2937/2937 2938/2938/2938 2949/2949/2949
f 2937/2937/2937 2949/2949/2949 2948/2948/2948
f 2938/2938/2938 2939/2939/2939 2950/2950/2950
f 2938/2938/2938 2950/2950/2950 2949/2949/2949
f 2939/2939/2939 2940/2940/2940 2951/2951/2951
f 2939/2939/2939 2951/2951/2951 2950/2950/2950
f 2940/2940/2940 2941/2941/2941 2952/2952/2952
f 2940/2940/2940 2952/2952/2952 2951/2951/2951
f 2942/2942/2942 2943/2943/2943 2954/2954/2954
f 2942/2942/2942 2954/2954/2954 2953/2953/2953
f 2943/2943/2943 2944/2944/2944 2955/2955/2955
f 2943/2943/2943 2955/2955/2955 2954/2954/2954
f 2944/2944/2944 2945/2945/2945 2956/2956/2956
f 2944/2944/2944 2956/2956/2956 2955/2955/2955
f 2945/2945/2945 2946/2946/2946 2957/2957/2957
f 2945/2945/2945 2957/2957/2957 2956/2956/2956
f 2946/2946/2946 2947/2947/2947 2958/2958/2958
f 2946/2946/2946 2958/2958/2958 2957/2957/2957
f 2947/2947/2947 2948/2948/2948 2959/2959/2959
f 2947/2947/2947 2959/2959/2959 2958/2958/2958
f 2948/2948/2948 2949/2949/2949 2960/2960/2960
f 2948/2948/2948 2960/2960/2960 2959/2959/2959
f 2949/2949/2949 2950/2950/2950 2961/2961/2961
f 2949/2949/2949 2961/2961/2961 2960/2960/2960
f 2950/2950/2950 2951/2951/2951 2962/2962/2962
f 2950/2950/2950 2962/2962/2962 2961/2961/2961
f 2951/2951/2951 2952/2952/2952 2963/2963/2963
f 2951/2951/2951 2963/2963/2963 2962/2962/2962
f 2953/2953/2953 2954/2954/2954 2965/2965/2965
f 2953/2953/2953 2965/2965/2965 2964/2964/2964
f 2954/2954/2954 2955/2955/2955 2966/2966/2966
f 2954/2954/2954 2966/2966/2966 2965/2965/2965
f 2955/2955/2955 2956/2956/2956 2967/2967/2967
f 2955/2955/2955 2967/2967/2967 2966/2966/2966
f 2956/2956/2956 2957/2957/2957 2968/2968/2968
f 2956/2956/2956 2968/2968/2968 2967/2967/2967
f 2957/2957/2957 2958/2958/2958 2969/2969/2969
f 2957/2957/2957 2969/2969/2969 2968/2968/2968
f 2958/2958/2958 2959/2959/2959 2970/2970/2970
f 2958/2958/2958 2970/2970/2970 2969/2969/2969
f 2959/2959/2959 2960/2960/2960 2971/2971/2971
f 2959/2959/2959 2971/2971/2971 2970/2970/2970
f 2960/2960/2960 2961/2961/2961 2972/2972/2972
f 2960/2960/2960 2972/2972/2972 2971/2971/2971
f 2961/2961/2961 2962/2962/2962 2973/2973/2973
f 2961/2961/2961 2973/2973/2973 2972/2972/2972
f 2962/2962/2962 2963/2963/2963 2974/2974/2974
f 2962/2962/2962 2974/2974/2974 2973/2973/2973
f 2964/2964/2964 2965/2965/2965 2976/2976/2976
f 2964/2964/2964 2976/2976/2976 2975/2975/2975
f 2965/2965/2965 2966/2966/2966 2977/2977/2977
f 2965/2965/2965 2977/2977/2977 2976/2976/2976
f 2966/2966/2966 2967/2967/2967 2978/2978/2978
f 2966/2966/2966 2978/2978/2978 2977/2977/2977
f 2967/2967/2967 2968/2968/2968 2979/2979/2979
f 2967/2967/2967 2979/2979/2979 2978/2978/2978
f 2968/2968/2968 2969/2969/2969 2980/2980/2980
f 2968/2968/2968 2980/2980/2980 2979/2979/2979
f 2969/2969/2969 2970/2970/2970 2981/2981/2981
f 2969/2969/2969 2981/2981/2981 2980/2980/2980
f 2970/2970/2970 2971/2971/2971 2982/2982/2982
f 2970/2970/2970 2982/2982/2982 2981/2981/2981
f 2971/2971/2971 2972/2972/2972 2983/2983/2983
f 2971/2971/2971 2983/2983/2983 2982/2982/2982
f 2972/2972/2972 2973/2973/2973 2984/2984/2984
f 2972/2972/2972 2984/2984/2984 2983/2983/2983
f 2973/2973/2973 2974/2974/2974 2985/2985/2985
f 2973/2973/2973 2985/2985/2985 2984/2984/2984
f 2975/2975/2975 2976/2976/2976 2987/2987/2987
f 2975/2975/2975 2987/2987/2987 2986/2986/2986
f 2976/2976/2976 2977/2977/2977 2988/2988/2988
f 2976/2976/2976 2988/2988/2988 2987/2987/2987
f 2977/2977/2977 2978/2978/2978 2989/2989/2989
f 2977/2977/2977 2989/2989/2989 2988/2988/2988
f 2978/2978/2978 2979/2979/2979 2990/2990/2990
f 2978/2978/2978 2990/2990/2990 2989/2989/2989
f 2979/2979/2979 2980/2980/2980 2991/2991/2991
f 2979/2979/2979 2991/2991/2991 2990/2990/2990
f 2980/2980/2980 2981/2981/2981 2992/2992/2992
f 2980/2980/2980 2992/2992/2992 2991/2991/2991
f 2981/2981/2981 2982/2982/2982 2993/2993/2993
f 2981/2981/2981 2993/2993/2993 2992/2992/2992
f 2982/2982/2982 2983/2983/2983 2994/2994/2994
f 2982/2982/2982 2994/2994/2994 2993/2993/2993
f 2983/2983/2983 2984/2984/2984 2995/2995/2995
f 2983/2983/2983 2995/2995/2995 2994/2994/2994
f 2984/2984/2984 2985/2985/2985 2996/2996/2996
f 2984/2984/2984 2996/2996/2996 2995/2995/2995
f 2997/2997/2997 2998/2998/2998 3009/3009/3009
f 2997/2997/2997 3009/3009/3009 3008/3008/3008
f 2998/2998/2998 2999/2999/2999 3010/3010/3010
f 2998/2998/2998 3010/3010/3010 3009/3009/3009
f 2999/2999/2999 3000/3000/3000 3011/3011/3011
f 2999/2999/2999 3011/3011/3011 3010/3010/3010
f 3000/3000/3000 3001/3001/3001 3012/3012/3012
f 3000/3000/3000 3012/3012/3012 3011/3011/3011
f 3001/3001/3001 3002/3002/3002 3013/3013/3013
f 3001/3001/3001 3013/3013/3013 3012/3012/3012
f 3002/3002/3002 3003/3003/3003 3014/3014/3014
f 3002/3002/3002 3014/3014/3014 3013/3013/3013
f 3003/3003/3003 3004/3004/3004 3015/3015/3015
f 3003/3003/3003 3015/3015/3015 3014/3014/3014
f 3004/3004/3004 3005/3005/3005 3016/3016/3016
f 3004/3004/3004 3016/3016/3016 3015/3015/3015
f 3005/3005/3005 3006/3006/3006 3017/3017/3017
f 3005/3005/3005 3017/3017/3017 3016/3016/3016
f 3006/3006/3006 3007/3007/3007 3018/3018/3018
f 3006/3006/3006 3018/3018/3018 3017/3017/3017
f 3008/3008/3008 3009/3009/3009 3020/3020/3020
f 3008/3008/3008 3020/3020/3020 3019/3019/3019
f 3009/3009/3009 3010/3010/3010 3021/3021/3021
f 3009/3009/3009 3021/3021/3021 3020/3020/3020
f 3010/3010/3010 3011/3011/3011 3022/3022/3022
f 3010/3010/3010 3022/3022/3022 3021/3021/3021
f 3011/3011/3011 3012/3012/3012 3023/3023/3023
f 3011/3011/3011 3023/3023/3023 3022/3022/3022
f 3012/3012/3012 3013/3013/3013 3024/3024/3024
f 3012/3012/3012 3024/3024/3024 3023/3023/3023
f 3013/3013/3013 3014/3014/3014 3025/3025/3025
f 3013/3013/3013 3025/3025/3025 3024/3024/3024
f 3014/3014/3014 3015/3015/3015 3026/3026/3026
f 3014/3014/3014 3026/3026/3026 3025/3025/3025
f 3015/3015/3015 3016/3016/3016 3027/3027/3027
f 3015/3015/3015 3027/3027/3027 3026/3026/3026
f 3016/3016/3016 3017/3017/3017 3028/3028/3028
f 3016/3016/3016 3028/3028/3028 3027/3027/3027
f 3017/3017/3017 3018/3018/3018 3029/3029/3029
f 3017/3017/3017 3029/3029/3029 3028/3028/3028
f 3019/3019/3019 3020/3020/3020 3031/3031/3031
f 3019/3019/3019 3031/3031/3031 3030/3030/3030
f 3020/3020/3020 3021/3021/3021 3032/3032/3032
f 3020/3020/3020 3032/3032/3032 3031/3031/3031
f 3021/3021/3021 3022/3022/3022 3033/3033/3033
f 3021/3021/3021 3033/3033/3033 3032/3032/3032
f 3022/3022/3022 3023/3023/3023 3034/3034/3034
f 3022/3022/3022 3034/3034/3034 3033/3033/3033
f 3023/3023/3023 3024/3024/3024 3035/3035/3035
f 3023/3023/3023 3035/3035/3035 3034/3034/3034
f 3024/3024/3024 3025/3025/3025 3036/3036/3036
f 3024/3024/3024 3036/3036/3036 3035/3035/3035
f 3025/3025/3025 3026/3026/3026 3037/3037/3037
f 3025/3025/3025 3037/3037/3037 3036/3036/3036
f 3026/3026/3026 3027/3027/3027 3038/3038/3038
f 3026/3026/3026 3038/3038/3038 3037/3037/3037
f 3027/3027/3027 3028/3028/3028 3039/3039/3039
f 3027/3027/3027 3039/3039/3039 3038/3038/3038
f 3028/3028/3028 3029/3029/3029 3040/3040/3040
f 3028/3028/3028 3040/3040/3040 3039/3039/3039
f 3030/3030/3030 3031/3031/3031 3042/3042/3042
f 3030/3030/3030 3042/3042/3042 3041/3041/3041
f 3031/3031/3031 3032/3032/3032 3043/3043/3043
f 3031/3031/3031 3043/3043/3043 3042/3042/3042
f 3032/3032/3032 3033/3033/3033 3044/3044/3044
f 3032/3032/3032 3044/3044/3044 3043/3043/3043
f 3033/3033/3033 3034/3034/3034 3045/3045/3045
f 3033/3033/3033 3045/3045/3045 3044/3044/3044
f 3034/3034/3034 3035/3035/3035 3046/3046/3046
f 3034/3034/3034 3046/3046/3046 3045/3045/3045
f 3035/3035/3035 3036/3036/3036 3047/3047/3047
f 3035/3035/3035 3047/3047/3047 3046/3046/3046
f 3036/3036/3036 3037/3037/3037 3048/3048/3048
f 3036/3036/3036 3048/3048/3048 3047/3047/3047
f 3037/3037/3037 3038/3038/3038 3049/3049/3049
f 3037/3037/3037 3049/3049/3049 3048/3048/3048
f 3038/3038/3038 3039/3039/3039 3050/3050/3050
f 3038/3038/3038 3050/3050/3050 3049/3049/3049
f 3039/3039/3039 3040/3040/3040 3051/3051/3051
f 3039/3039/3039 3051/3051/3051 3050/3050/3050
f 3041/3041/3041 3042/3042/3042 3053/3053/3053
f 3041/3041/3041 3053/3053/3053 3052/3052/3052
f 3042/3042/3042 3043/3043/3043 3054/3054/3054
f 3042/3042/3042 3054/3054/3054 3053/3053/3053
f 3043/3043/3043 3044/3044/3044 3055/3055/3055
f 3043/3043/3043 3055/3055/3055 3054/3054/3054
f 3044/3044/3044 3045/3045/3045 3056/3056/3056
f 3044/3044/3044 3056/3056/3056 3055/3055/3055
f 3045/3045/3045 3046/3046/3046 3057/3057/3057
f 3045/3045/3045 3057/3057/3057 3056/3056/3056
f 3046/3046/3046 3047/3047/3047 3058/3058/3058
f 3046/3046/3046 3058/3058/3058 3057/3057/3057
f 3047/3047/3047 3048/3048/3048 3059/3059/3059
f 3047/3047/3047 3059/3059/3059 3058/3058/3058
f 3048/3048/3048 3049/3049/3049 3060/3060/3060
f 3048/3048/3048 3060/3060/3060 3059/3059/3059
f 3049/3049/3049 3050/3050/3050 3061/3061/3061
f 3049/3049/3049 3061/3061/3061 3060/3060/3060
f 3050/3050/3050 3051/3051/3051 3062/3062/3062
f 3050/3050/3050 3062/3062/3062 3061/3061/3061
f 3052/3052/3052 3053/3053/3053 3064/3064/3064
f 3052/3052/3052 3064/3064/3064 3063/3063/3063
f 3053/3053/3053 3054/3054/3054 3065/3065/3065
f 3053/3053/3053 3065/3065/3065 3064/3064/3064
f 3054/3054/3054 3055/3055/3055 3066/3066/3066
f 3054/3054/3054 3066/3066/3066 3065/3065/3065
f 3055/3055/3055 3056/3056/3056 3067/3067/3067
f 3055/3055/3055 3067/3067/3067 3066/3066/3066
f 3056/3056/3056 3057/3057/3057 3068/3068/3068
f 3056/3056/3056 3068/3068/3068 3067/3067/3067
f 3057/3057/3057 3058/3058/3058 3069/3069/3069
f 3057/3057/3057 3069/3069/3069 3068/3068/3068
f 3058/3058/3058 3059/3059/3059 3070/3070/3070
f 3058/3058/3058 3070/3070/3070 3069/3069/3069
f 3059/3059/3059 3060/3060/3060 3071/3071/3071
f 3059/3059/3059 3071/3071/3071 3070/3070/3070
f 3060/3060/3060 3061/3061/3061 3072/3072/3072
f 3060/3060/3060 3072/3072/3072 3071/3071/3071
f 3061/3061/3061 3062/3062/3062 3073/3073/3073
f 3061/3061/3061 3073/3073/3073 3072/3072/3072
f 3074/3074/3074 3075/3075/3075 3086/3086/3086
f 3074/3074/3074 3086/3086/3086 3085/3085/3085
f 3075/3075/3075 3076/3076/3076 3087/3087/3087
f 3075/3075/3075 3087/3087/3087 3086/3086/3086
f 3076/3076/3076 3077/3077/3077 3088/3088/3088
f 3076/3076/3076 3088/3088/3088 3087/3087/3087
f 3077/3077/3077 3078/3078/3078 3089/3089/3089
f 3077/3077/3077 3089/3089/3089 3088/3088/3088
f 3078/3078/3078 3079/3079/3079 3090/3090/3090
f 3078/3078/3078 3090/3090/3090 3089/3089/3089
f 3079/3079/3079 3080/3080/3080 3091/3091/3091
f 3079/3079/3079 3091/3091/3091 3090/3090/3090
f 3080/3080/3080 3081/3081/3081 3092/3092/3092
f 3080/3080/3080 3092/3092/3092 3091/3091/3091
f 3081/3081/3081 3082/3082/3082 3093/3093/3093
f 3081/3081/3081 3093/3093/3093 3092/3092/3092
f 3082/3082/3082 3083/3083/3083 3094/3094/3094
f 3082/3082/3082 3094/3094/3094 3093/3093/3093
f 3083/3083/3083 3084/3084/3084 3095/3095/3095
f 3083/3083/3083 3095/3095/3095 3094/3094/3094
f 3085/3085/3085 3086/3086/3086 3097/3097/3097
f 3085/3085/3085 3097/3097/3097 3096/3096/3096
f 3086/3086/3086 3087/3087/3087 3098/3098/3098
f 3086/3086/3086 3098/3098/3098 3097/3097/3097
f 3087/3087/3087 3088/3088/3088 3099/3099/3099
f 3087/3087/3087 3099/3099/3099 3098/3098/3098
f 3088/3088/3088 3089/3089/3089 3100/3100/3100
f 3088/3088/3088 3100/3100/3100 3099/3099/3099
f 3089/3089/3089 3090/3090/3090 3101/3101/3101
f 3089/3089/3089 3101/3101/3101 3100/3100/3100
f 3090/3090/3090 3091/3091/3091 3102/3102/3102
f 3090/3090/3090 3102/3102/3102 3101/3101/3101
f 3091/3091/3091 3092/3092/3092 3103/3103/3103
f 3091/3091/3091 3103/3103/3103 3102/3102/3102
f 3092/3092/3092 3093/3093/3093 3104/3104/3104
f 3092/3092/3092 3104/3104/3104 3103/3103/3103
f 3093/3093/3093 3094/3094/3094 3105/3105/3105
f 3093/3093/3093 3105/3105/3105 3104/3104/3104
f 3094/3094/3094 3095/3095/3095 3106/3106/3106
f 3094/3094/3094 3106/3106/3106 3105/3105/3105
f 3096/3096/3096 3097/3097/3097 3108/3108/3108
f 3096/3096/3096 3108/3108/3108 3107/3107/3107
f 3097/3097/3097 3098/3098/3098 3109/3109/3109
f 3097/3097/3097 3109/3109/3109 3108/3108/3108
f 3098/3098/3098 3099/3099/3099 3110/3110/3110
f 3098/3098/3098 3110/3110/3110 3109/3109/3109
f 3099/3099/3099 3100/3100/3100 3111/3111/3111
f 3099/3099/3099 3111/3111/3111 3110/3110/3110
f 3100/3100/3100 3101/3101/3101 3112/3112/3112
f 3100/3100/3100 3112/3112/3112 3111/3111/3111
f 3101/3101/3101 3102/3102/3102 3113/3113/3113
f 3101/3101/3101 3113/3113/3113 3112/3112/3112
f 3102/3102/3102 3103/3103/3103 3114/3114/3114
f 3102/3102/3102 3114/3114/3114 3113/3113/3113
f 3103/3103/3103 3104/3104/3104 3115/3115/3115
f 3103/3103/3103 3115/3115/3115 3114/3114/3114
f 3104/3104/3104 3105/3105/3105 3116/3116/3116
f 3104/3104/3104 3116/3116/3116 3115/3115/3115
f 3105/3105/3105 3106/3106/3106 3117/3117/3117
f 3105/3105/3105 3117/3117/3117 3116/3116/3116
f 3107/3107/3107 3108/3108/3108 3119/3119/3119
f 3107/3107/3107 3119/3119/3119 3118/3118/3118
f 3108/3108/3108 3109/3109/3109 3120/3120/3120
f 3108/3108/3108 3120/3120/3120 3119/3119/3119
f 3109/3109/3109 3110/3110/3110 3121/3121/3121
f 3109/3109/3109 3121/3121/3121 3120/3120/3120
f 3110/3110/3110 3111/3111/3111 3122/3122/3122
f 3110/3110/3110 3122/3122/3122 3121/3121/3121
f 3111/3111/3111 3112/3112/3112 3123/3123/3123
f 3111/3111/3111 3123/3123/3123 3122/3122/3122
f 3112/3112/3112 3113/3113/3113 3124/3124/3124
f 3112/3112/3112 3124/3124/3124 3123/3123/3123
f 3113/3113/3113 3114/3114/3114 3125/3125/3125
f 3113/3113/3113 3125/3125/3125 3124/3124/3124
f 3114/3114/3114 3115/3115/3115 3126/3126/3126
f 3114/3114/3114 3126/3126/3126 3125/3125/3125
f 3115/3115/3115 3116/3116/3116 3127/3127/3127
f 3115/3115/3115 3127/3127/3127 3126/3126/3126
f 3116/3116/3116 3117/3117/3117 3128/3128/3128
f 3116/3116/3116 3128/3128/3128 3127/3127/3127
f 3118/3118/3118 3119/3119/3119 3130/3130/3130
f 3118/3118/3118 3130/3130/3130 3129/3129/3129
f 3119/3119/3119 3120/3120/3120 3131/3131/3131
f 3119/3119/3119 3131/3131/3131 3130/3130/3130
f 3120/3120/3120 3121/3121/3121 3132/3132/3132
f 3120/3120/3120 3132/3132/3132 3131/3131/3131
f 3121/3121/3121 3122/3122/3122 3133/3133/3133
f 3121/3121/3121 3133/3133/3133 3132/3132/3132
f 3122/3122/3122 3123/3123/3123 3134/3134/3134
f 3122/3122/3122 3134/3134/3134 3133/3133/3133
f 3123/3123/3123 3124/3124/3124 3135/3135/3135
f 3123/3123/3123 3135/3135/3135 3134/3134/3134
f 3124/3124/3124 3125/3125/3125 3136/3136/3136
f 3124/3124/3124 3136/3136/3136 3135/3135/3135
f 3125/3125/3125 3126/3126/3126 3137/3137/3137
f 3125/3125/3125 3137/3137/3137 3136/3136/3136
f 3126/3126/3126 3127/3127/3127 3138/3138/3138
f 3126/3126/3126 3138/3138/3138 3137/3137/3137
f 3127/3127/3127 3128/3128/3128 3139/3139/3139
f 3127/3127/3127 3139/3139/3139 3138/3138/3138
f 3129/3129/3129 3130/3130/3130 3141/3141/3141
f 3129/3129/3129 3141/3141/3141 3140/3140/3140
f 3130/3130/3130 3131/3131/3131 3142/3142/3142
f 3130/3130/3130 3142/3142/3142 3141/3141/3141
f 3131/3131/3131 3132/3132/3132 3143/3143/3143
f 3131/3131/3131 3143/3143/3143 3142/3142/3142
f 3132/3132/3132 3133/3133/3133 3144/3144/3144
f 3132/3132/3132 3144/3144/3144 3143/3143/3143
f 3133/3133/3133 3134/3134/3134 3145/3145/3145
f 3133/3133/3133 3145/3145/3145 3144/3144/3144
f 3134/3134/3134 3135/3135/3135 3146/3146/3146
f 3134/3134/3134 3146/3146/3146 3145/3145/3145
f 3135/3135/3135 3136/3136/3136 3147/3147/3147
f 3135/3135/3135 3147/3147/3147 3146/3146/3146
f 3136/3136/3136 3137/3137/3137 3148/3148/3148
f 3136/3136/3136 3148/3148/3148 3147/3147/3147
f 3137/3137/3137 3138/3138/3138 3149/3149/3149
f 3137/3137/3137 3149/3149/3149 3148/3148/3148
f 3138/3138/3138 3139/3139/3139 3150/3150/3150
f 3138/3138/3138 3150/3150/3150 3149/3149/3149
