# Sinh tự động bởi tools/mesh_kit.py - đừng sửa tay
o bus_curtains_wreck
v -1.2050 1.7310 -2.5500
v -1.1998 1.7280 -2.5500
v -1.1998 1.7220 -2.5500
v -1.2050 1.7190 -2.5500
v -1.2102 1.7220 -2.5500
v -1.2102 1.7280 -2.5500
v -1.2050 1.7310 -2.5500
v -1.2050 1.7310 -3.2500
v -1.1998 1.7280 -3.2500
v -1.1998 1.7220 -3.2500
v -1.2050 1.7190 -3.2500
v -1.2102 1.7220 -3.2500
v -1.2102 1.7280 -3.2500
v -1.2050 1.7310 -3.2500
v -1.2050 1.7250 -2.5500
v -1.2050 1.7310 -2.5500
v -1.1998 1.7280 -2.5500
v -1.1998 1.7220 -2.5500
v -1.2050 1.7190 -2.5500
v -1.2102 1.7220 -2.5500
v -1.2102 1.7280 -2.5500
v -1.2050 1.7250 -3.2500
v -1.2050 1.7310 -3.2500
v -1.1998 1.7280 -3.2500
v -1.1998 1.7220 -3.2500
v -1.2050 1.7190 -3.2500
v -1.2102 1.7220 -3.2500
v -1.2102 1.7280 -3.2500
v -1.2050 1.7310 -1.7500
v -1.1998 1.7280 -1.7500
v -1.1998 1.7220 -1.7500
v -1.2050 1.7190 -1.7500
v -1.2102 1.7220 -1.7500
v -1.2102 1.7280 -1.7500
v -1.2050 1.7310 -1.7500
v -1.2050 1.7310 -2.4500
v -1.1998 1.7280 -2.4500
v -1.1998 1.7220 -2.4500
v -1.2050 1.7190 -2.4500
v -1.2102 1.7220 -2.4500
v -1.2102 1.7280 -2.4500
v -1.2050 1.7310 -2.4500
v -1.2050 1.7250 -1.7500
v -1.2050 1.7310 -1.7500
v -1.1998 1.7280 -1.7500
v -1.1998 1.7220 -1.7500
v -1.2050 1.7190 -1.7500
v -1.2102 1.7220 -1.7500
v -1.2102 1.7280 -1.7500
v -1.2050 1.7250 -2.4500
v -1.2050 1.7310 -2.4500
v -1.1998 1.7280 -2.4500
v -1.1998 1.7220 -2.4500
v -1.2050 1.7190 -2.4500
v -1.2102 1.7220 -2.4500
v -1.2102 1.7280 -2.4500
v -1.2050 1.7310 -0.9500
v -1.1998 1.7280 -0.9500
v -1.1998 1.7220 -0.9500
v -1.2050 1.7190 -0.9500
v -1.2102 1.7220 -0.9500
v -1.2102 1.7280 -0.9500
v -1.2050 1.7310 -0.9500
v -1.2050 1.7310 -1.6500
v -1.1998 1.7280 -1.6500
v -1.1998 1.7220 -1.6500
v -1.2050 1.7190 -1.6500
v -1.2102 1.7220 -1.6500
v -1.2102 1.7280 -1.6500
v -1.2050 1.7310 -1.6500
v -1.2050 1.7250 -0.9500
v -1.2050 1.7310 -0.9500
v -1.1998 1.7280 -0.9500
v -1.1998 1.7220 -0.9500
v -1.2050 1.7190 -0.9500
v -1.2102 1.7220 -0.9500
v -1.2102 1.7280 -0.9500
v -1.2050 1.7250 -1.6500
v -1.2050 1.7310 -1.6500
v -1.1998 1.7280 -1.6500
v -1.1998 1.7220 -1.6500
v -1.2050 1.7190 -1.6500
v -1.2102 1.7220 -1.6500
v -1.2102 1.7280 -1.6500
v -1.2050 1.7310 -0.1500
v -1.1998 1.7280 -0.1500
v -1.1998 1.7220 -0.1500
v -1.2050 1.7190 -0.1500
v -1.2102 1.7220 -0.1500
v -1.2102 1.7280 -0.1500
v -1.2050 1.7310 -0.1500
v -1.2050 1.7310 -0.8500
v -1.1998 1.7280 -0.8500
v -1.1998 1.7220 -0.8500
v -1.2050 1.7190 -0.8500
v -1.2102 1.7220 -0.8500
v -1.2102 1.7280 -0.8500
v -1.2050 1.7310 -0.8500
v -1.2050 1.7250 -0.1500
v -1.2050 1.7310 -0.1500
v -1.1998 1.7280 -0.1500
v -1.1998 1.7220 -0.1500
v -1.2050 1.7190 -0.1500
v -1.2102 1.7220 -0.1500
v -1.2102 1.7280 -0.1500
v -1.2050 1.7250 -0.8500
v -1.2050 1.7310 -0.8500
v -1.1998 1.7280 -0.8500
v -1.1998 1.7220 -0.8500
v -1.2050 1.7190 -0.8500
v -1.2102 1.7220 -0.8500
v -1.2102 1.7280 -0.8500
v -1.2050 1.7310 0.6500
v -1.1998 1.7280 0.6500
v -1.1998 1.7220 0.6500
v -1.2050 1.7190 0.6500
v -1.2102 1.7220 0.6500
v -1.2102 1.7280 0.6500
v -1.2050 1.7310 0.6500
v -1.2050 1.7310 -0.0500
v -1.1998 1.7280 -0.0500
v -1.1998 1.7220 -0.0500
v -1.2050 1.7190 -0.0500
v -1.2102 1.7220 -0.0500
v -1.2102 1.7280 -0.0500
v -1.2050 1.7310 -0.0500
v -1.2050 1.7250 0.6500
v -1.2050 1.7310 0.6500
v -1.1998 1.7280 0.6500
v -1.1998 1.7220 0.6500
v -1.2050 1.7190 0.6500
v -1.2102 1.7220 0.6500
v -1.2102 1.7280 0.6500
v -1.2050 1.7250 -0.0500
v -1.2050 1.7310 -0.0500
v -1.1998 1.7280 -0.0500
v -1.1998 1.7220 -0.0500
v -1.2050 1.7190 -0.0500
v -1.2102 1.7220 -0.0500
v -1.2102 1.7280 -0.0500
v -1.2050 1.7310 1.4500
v -1.1998 1.7280 1.4500
v -1.1998 1.7220 1.4500
v -1.2050 1.7190 1.4500
v -1.2102 1.7220 1.4500
v -1.2102 1.7280 1.4500
v -1.2050 1.7310 1.4500
v -1.2050 1.7310 0.7500
v -1.1998 1.7280 0.7500
v -1.1998 1.7220 0.7500
v -1.2050 1.7190 0.7500
v -1.2102 1.7220 0.7500
v -1.2102 1.7280 0.7500
v -1.2050 1.7310 0.7500
v -1.2050 1.7250 1.4500
v -1.2050 1.7310 1.4500
v -1.1998 1.7280 1.4500
v -1.1998 1.7220 1.4500
v -1.2050 1.7190 1.4500
v -1.2102 1.7220 1.4500
v -1.2102 1.7280 1.4500
v -1.2050 1.7250 0.7500
v -1.2050 1.7310 0.7500
v -1.1998 1.7280 0.7500
v -1.1998 1.7220 0.7500
v -1.2050 1.7190 0.7500
v -1.2102 1.7220 0.7500
v -1.2102 1.7280 0.7500
v -1.2050 1.7310 2.2500
v -1.1998 1.7280 2.2500
v -1.1998 1.7220 2.2500
v -1.2050 1.7190 2.2500
v -1.2102 1.7220 2.2500
v -1.2102 1.7280 2.2500
v -1.2050 1.7310 2.2500
v -1.2050 1.7310 1.5500
v -1.1998 1.7280 1.5500
v -1.1998 1.7220 1.5500
v -1.2050 1.7190 1.5500
v -1.2102 1.7220 1.5500
v -1.2102 1.7280 1.5500
v -1.2050 1.7310 1.5500
v -1.2050 1.7250 2.2500
v -1.2050 1.7310 2.2500
v -1.1998 1.7280 2.2500
v -1.1998 1.7220 2.2500
v -1.2050 1.7190 2.2500
v -1.2102 1.7220 2.2500
v -1.2102 1.7280 2.2500
v -1.2050 1.7250 1.5500
v -1.2050 1.7310 1.5500
v -1.1998 1.7280 1.5500
v -1.1998 1.7220 1.5500
v -1.2050 1.7190 1.5500
v -1.2102 1.7220 1.5500
v -1.2102 1.7280 1.5500
v -1.2050 1.7310 3.0500
v -1.1998 1.7280 3.0500
v -1.1998 1.7220 3.0500
v -1.2050 1.7190 3.0500
v -1.2102 1.7220 3.0500
v -1.2102 1.7280 3.0500
v -1.2050 1.7310 3.0500
v -1.2050 1.7310 2.3500
v -1.1998 1.7280 2.3500
v -1.1998 1.7220 2.3500
v -1.2050 1.7190 2.3500
v -1.2102 1.7220 2.3500
v -1.2102 1.7280 2.3500
v -1.2050 1.7310 2.3500
v -1.2050 1.7250 3.0500
v -1.2050 1.7310 3.0500
v -1.1998 1.7280 3.0500
v -1.1998 1.7220 3.0500
v -1.2050 1.7190 3.0500
v -1.2102 1.7220 3.0500
v -1.2102 1.7280 3.0500
v -1.2050 1.7250 2.3500
v -1.2050 1.7310 2.3500
v -1.1998 1.7280 2.3500
v -1.1998 1.7220 2.3500
v -1.2050 1.7190 2.3500
v -1.2102 1.7220 2.3500
v -1.2102 1.7280 2.3500
v -1.2050 1.7310 3.8500
v -1.1998 1.7280 3.8500
v -1.1998 1.7220 3.8500
v -1.2050 1.7190 3.8500
v -1.2102 1.7220 3.8500
v -1.2102 1.7280 3.8500
v -1.2050 1.7310 3.8500
v -1.2050 1.7310 3.1500
v -1.1998 1.7280 3.1500
v -1.1998 1.7220 3.1500
v -1.2050 1.7190 3.1500
v -1.2102 1.7220 3.1500
v -1.2102 1.7280 3.1500
v -1.2050 1.7310 3.1500
v -1.2050 1.7250 3.8500
v -1.2050 1.7310 3.8500
v -1.1998 1.7280 3.8500
v -1.1998 1.7220 3.8500
v -1.2050 1.7190 3.8500
v -1.2102 1.7220 3.8500
v -1.2102 1.7280 3.8500
v -1.2050 1.7250 3.1500
v -1.2050 1.7310 3.1500
v -1.1998 1.7280 3.1500
v -1.1998 1.7220 3.1500
v -1.2050 1.7190 3.1500
v -1.2102 1.7220 3.1500
v -1.2102 1.7280 3.1500
v -1.2050 1.7310 4.5500
v -1.1998 1.7280 4.5500
v -1.1998 1.7220 4.5500
v -1.2050 1.7190 4.5500
v -1.2102 1.7220 4.5500
v -1.2102 1.7280 4.5500
v -1.2050 1.7310 4.5500
v -1.2050 1.7310 3.8500
v -1.1998 1.7280 3.8500
v -1.1998 1.7220 3.8500
v -1.2050 1.7190 3.8500
v -1.2102 1.7220 3.8500
v -1.2102 1.7280 3.8500
v -1.2050 1.7310 3.8500
v -1.2050 1.7250 4.5500
v -1.2050 1.7310 4.5500
v -1.1998 1.7280 4.5500
v -1.1998 1.7220 4.5500
v -1.2050 1.7190 4.5500
v -1.2102 1.7220 4.5500
v -1.2102 1.7280 4.5500
v -1.2050 1.7250 3.8500
v -1.2050 1.7310 3.8500
v -1.1998 1.7280 3.8500
v -1.1998 1.7220 3.8500
v -1.2050 1.7190 3.8500
v -1.2102 1.7220 3.8500
v -1.2102 1.7280 3.8500
v 1.2050 1.7310 -3.2500
v 1.1998 1.7280 -3.2500
v 1.1998 1.7220 -3.2500
v 1.2050 1.7190 -3.2500
v 1.2102 1.7220 -3.2500
v 1.2102 1.7280 -3.2500
v 1.2050 1.7310 -3.2500
v 1.2050 1.7310 -2.5500
v 1.1998 1.7280 -2.5500
v 1.1998 1.7220 -2.5500
v 1.2050 1.7190 -2.5500
v 1.2102 1.7220 -2.5500
v 1.2102 1.7280 -2.5500
v 1.2050 1.7310 -2.5500
v 1.2050 1.7250 -3.2500
v 1.2050 1.7310 -3.2500
v 1.1998 1.7280 -3.2500
v 1.1998 1.7220 -3.2500
v 1.2050 1.7190 -3.2500
v 1.2102 1.7220 -3.2500
v 1.2102 1.7280 -3.2500
v 1.2050 1.7250 -2.5500
v 1.2050 1.7310 -2.5500
v 1.1998 1.7280 -2.5500
v 1.1998 1.7220 -2.5500
v 1.2050 1.7190 -2.5500
v 1.2102 1.7220 -2.5500
v 1.2102 1.7280 -2.5500
v 1.2050 1.7310 -2.4500
v 1.1998 1.7280 -2.4500
v 1.1998 1.7220 -2.4500
v 1.2050 1.7190 -2.4500
v 1.2102 1.7220 -2.4500
v 1.2102 1.7280 -2.4500
v 1.2050 1.7310 -2.4500
v 1.2050 1.7310 -1.7500
v 1.1998 1.7280 -1.7500
v 1.1998 1.7220 -1.7500
v 1.2050 1.7190 -1.7500
v 1.2102 1.7220 -1.7500
v 1.2102 1.7280 -1.7500
v 1.2050 1.7310 -1.7500
v 1.2050 1.7250 -2.4500
v 1.2050 1.7310 -2.4500
v 1.1998 1.7280 -2.4500
v 1.1998 1.7220 -2.4500
v 1.2050 1.7190 -2.4500
v 1.2102 1.7220 -2.4500
v 1.2102 1.7280 -2.4500
v 1.2050 1.7250 -1.7500
v 1.2050 1.7310 -1.7500
v 1.1998 1.7280 -1.7500
v 1.1998 1.7220 -1.7500
v 1.2050 1.7190 -1.7500
v 1.2102 1.7220 -1.7500
v 1.2102 1.7280 -1.7500
v 1.2050 1.7310 -1.6500
v 1.1998 1.7280 -1.6500
v 1.1998 1.7220 -1.6500
v 1.2050 1.7190 -1.6500
v 1.2102 1.7220 -1.6500
v 1.2102 1.7280 -1.6500
v 1.2050 1.7310 -1.6500
v 1.2050 1.7310 -0.9500
v 1.1998 1.7280 -0.9500
v 1.1998 1.7220 -0.9500
v 1.2050 1.7190 -0.9500
v 1.2102 1.7220 -0.9500
v 1.2102 1.7280 -0.9500
v 1.2050 1.7310 -0.9500
v 1.2050 1.7250 -1.6500
v 1.2050 1.7310 -1.6500
v 1.1998 1.7280 -1.6500
v 1.1998 1.7220 -1.6500
v 1.2050 1.7190 -1.6500
v 1.2102 1.7220 -1.6500
v 1.2102 1.7280 -1.6500
v 1.2050 1.7250 -0.9500
v 1.2050 1.7310 -0.9500
v 1.1998 1.7280 -0.9500
v 1.1998 1.7220 -0.9500
v 1.2050 1.7190 -0.9500
v 1.2102 1.7220 -0.9500
v 1.2102 1.7280 -0.9500
v 1.2050 1.7310 -0.8500
v 1.1998 1.7280 -0.8500
v 1.1998 1.7220 -0.8500
v 1.2050 1.7190 -0.8500
v 1.2102 1.7220 -0.8500
v 1.2102 1.7280 -0.8500
v 1.2050 1.7310 -0.8500
v 1.2050 1.7310 -0.1500
v 1.1998 1.7280 -0.1500
v 1.1998 1.7220 -0.1500
v 1.2050 1.7190 -0.1500
v 1.2102 1.7220 -0.1500
v 1.2102 1.7280 -0.1500
v 1.2050 1.7310 -0.1500
v 1.2050 1.7250 -0.8500
v 1.2050 1.7310 -0.8500
v 1.1998 1.7280 -0.8500
v 1.1998 1.7220 -0.8500
v 1.2050 1.7190 -0.8500
v 1.2102 1.7220 -0.8500
v 1.2102 1.7280 -0.8500
v 1.2050 1.7250 -0.1500
v 1.2050 1.7310 -0.1500
v 1.1998 1.7280 -0.1500
v 1.1998 1.7220 -0.1500
v 1.2050 1.7190 -0.1500
v 1.2102 1.7220 -0.1500
v 1.2102 1.7280 -0.1500
v 1.2050 1.7310 -0.0500
v 1.1998 1.7280 -0.0500
v 1.1998 1.7220 -0.0500
v 1.2050 1.7190 -0.0500
v 1.2102 1.7220 -0.0500
v 1.2102 1.7280 -0.0500
v 1.2050 1.7310 -0.0500
v 1.2050 1.7310 0.6500
v 1.1998 1.7280 0.6500
v 1.1998 1.7220 0.6500
v 1.2050 1.7190 0.6500
v 1.2102 1.7220 0.6500
v 1.2102 1.7280 0.6500
v 1.2050 1.7310 0.6500
v 1.2050 1.7250 -0.0500
v 1.2050 1.7310 -0.0500
v 1.1998 1.7280 -0.0500
v 1.1998 1.7220 -0.0500
v 1.2050 1.7190 -0.0500
v 1.2102 1.7220 -0.0500
v 1.2102 1.7280 -0.0500
v 1.2050 1.7250 0.6500
v 1.2050 1.7310 0.6500
v 1.1998 1.7280 0.6500
v 1.1998 1.7220 0.6500
v 1.2050 1.7190 0.6500
v 1.2102 1.7220 0.6500
v 1.2102 1.7280 0.6500
v 1.2050 1.7310 0.7500
v 1.1998 1.7280 0.7500
v 1.1998 1.7220 0.7500
v 1.2050 1.7190 0.7500
v 1.2102 1.7220 0.7500
v 1.2102 1.7280 0.7500
v 1.2050 1.7310 0.7500
v 1.2050 1.7310 1.4500
v 1.1998 1.7280 1.4500
v 1.1998 1.7220 1.4500
v 1.2050 1.7190 1.4500
v 1.2102 1.7220 1.4500
v 1.2102 1.7280 1.4500
v 1.2050 1.7310 1.4500
v 1.2050 1.7250 0.7500
v 1.2050 1.7310 0.7500
v 1.1998 1.7280 0.7500
v 1.1998 1.7220 0.7500
v 1.2050 1.7190 0.7500
v 1.2102 1.7220 0.7500
v 1.2102 1.7280 0.7500
v 1.2050 1.7250 1.4500
v 1.2050 1.7310 1.4500
v 1.1998 1.7280 1.4500
v 1.1998 1.7220 1.4500
v 1.2050 1.7190 1.4500
v 1.2102 1.7220 1.4500
v 1.2102 1.7280 1.4500
v 1.2050 1.7310 1.5500
v 1.1998 1.7280 1.5500
v 1.1998 1.7220 1.5500
v 1.2050 1.7190 1.5500
v 1.2102 1.7220 1.5500
v 1.2102 1.7280 1.5500
v 1.2050 1.7310 1.5500
v 1.2050 1.7310 2.2500
v 1.1998 1.7280 2.2500
v 1.1998 1.7220 2.2500
v 1.2050 1.7190 2.2500
v 1.2102 1.7220 2.2500
v 1.2102 1.7280 2.2500
v 1.2050 1.7310 2.2500
v 1.2050 1.7250 1.5500
v 1.2050 1.7310 1.5500
v 1.1998 1.7280 1.5500
v 1.1998 1.7220 1.5500
v 1.2050 1.7190 1.5500
v 1.2102 1.7220 1.5500
v 1.2102 1.7280 1.5500
v 1.2050 1.7250 2.2500
v 1.2050 1.7310 2.2500
v 1.1998 1.7280 2.2500
v 1.1998 1.7220 2.2500
v 1.2050 1.7190 2.2500
v 1.2102 1.7220 2.2500
v 1.2102 1.7280 2.2500
v 1.2050 1.7310 2.3500
v 1.1998 1.7280 2.3500
v 1.1998 1.7220 2.3500
v 1.2050 1.7190 2.3500
v 1.2102 1.7220 2.3500
v 1.2102 1.7280 2.3500
v 1.2050 1.7310 2.3500
v 1.2050 1.7310 3.0500
v 1.1998 1.7280 3.0500
v 1.1998 1.7220 3.0500
v 1.2050 1.7190 3.0500
v 1.2102 1.7220 3.0500
v 1.2102 1.7280 3.0500
v 1.2050 1.7310 3.0500
v 1.2050 1.7250 2.3500
v 1.2050 1.7310 2.3500
v 1.1998 1.7280 2.3500
v 1.1998 1.7220 2.3500
v 1.2050 1.7190 2.3500
v 1.2102 1.7220 2.3500
v 1.2102 1.7280 2.3500
v 1.2050 1.7250 3.0500
v 1.2050 1.7310 3.0500
v 1.1998 1.7280 3.0500
v 1.1998 1.7220 3.0500
v 1.2050 1.7190 3.0500
v 1.2102 1.7220 3.0500
v 1.2102 1.7280 3.0500
v 1.2050 1.7310 3.1500
v 1.1998 1.7280 3.1500
v 1.1998 1.7220 3.1500
v 1.2050 1.7190 3.1500
v 1.2102 1.7220 3.1500
v 1.2102 1.7280 3.1500
v 1.2050 1.7310 3.1500
v 1.2050 1.7310 3.8500
v 1.1998 1.7280 3.8500
v 1.1998 1.7220 3.8500
v 1.2050 1.7190 3.8500
v 1.2102 1.7220 3.8500
v 1.2102 1.7280 3.8500
v 1.2050 1.7310 3.8500
v 1.2050 1.7250 3.1500
v 1.2050 1.7310 3.1500
v 1.1998 1.7280 3.1500
v 1.1998 1.7220 3.1500
v 1.2050 1.7190 3.1500
v 1.2102 1.7220 3.1500
v 1.2102 1.7280 3.1500
v 1.2050 1.7250 3.8500
v 1.2050 1.7310 3.8500
v 1.1998 1.7280 3.8500
v 1.1998 1.7220 3.8500
v 1.2050 1.7190 3.8500
v 1.2102 1.7220 3.8500
v 1.2102 1.7280 3.8500
v 1.2050 1.7310 3.8500
v 1.1998 1.7280 3.8500
v 1.1998 1.7220 3.8500
v 1.2050 1.7190 3.8500
v 1.2102 1.7220 3.8500
v 1.2102 1.7280 3.8500
v 1.2050 1.7310 3.8500
v 1.2050 1.7310 4.5500
v 1.1998 1.7280 4.5500
v 1.1998 1.7220 4.5500
v 1.2050 1.7190 4.5500
v 1.2102 1.7220 4.5500
v 1.2102 1.7280 4.5500
v 1.2050 1.7310 4.5500
v 1.2050 1.7250 3.8500
v 1.2050 1.7310 3.8500
v 1.1998 1.7280 3.8500
v 1.1998 1.7220 3.8500
v 1.2050 1.7190 3.8500
v 1.2102 1.7220 3.8500
v 1.2102 1.7280 3.8500
v 1.2050 1.7250 4.5500
v 1.2050 1.7310 4.5500
v 1.1998 1.7280 4.5500
v 1.1998 1.7220 4.5500
v 1.2050 1.7190 4.5500
v 1.2102 1.7220 4.5500
v 1.2102 1.7280 4.5500
vt 0.0000 0.0000
vt 0.0000 0.0063
vt 0.0000 0.0126
vt 0.0000 0.0188
vt 0.0000 0.0251
vt 0.0000 0.0314
vt 0.0000 0.0377
vt 0.7000 0.0000
vt 0.7000 0.0063
vt 0.7000 0.0126
vt 0.7000 0.0188
vt 0.7000 0.0251
vt 0.7000 0.0314
vt 0.7000 0.0377
vt 0.0000 0.0000
vt 0.0060 0.0000
vt 0.0030 0.0052
vt -0.0030 0.0052
vt -0.0060 0.0000
vt -0.0030 -0.0052
vt 0.0030 -0.0052
vt 0.0000 0.0000
vt 0.0060 0.0000
vt 0.0030 0.0052
vt -0.0030 0.0052
vt -0.0060 0.0000
vt -0.0030 -0.0052
vt 0.0030 -0.0052
vt 0.0000 0.0000
vt 0.0000 0.0063
vt 0.0000 0.0126
vt 0.0000 0.0188
vt 0.0000 0.0251
vt 0.0000 0.0314
vt 0.0000 0.0377
vt 0.7000 0.0000
vt 0.7000 0.0063
vt 0.7000 0.0126
vt 0.7000 0.0188
vt 0.7000 0.0251
vt 0.7000 0.0314
vt 0.7000 0.0377
vt 0.0000 0.0000
vt 0.0060 0.0000
vt 0.0030 0.0052
vt -0.0030 0.0052
vt -0.0060 0.0000
vt -0.0030 -0.0052
vt 0.0030 -0.0052
vt 0.0000 0.0000
vt 0.0060 0.0000
vt 0.0030 0.0052
vt -0.0030 0.0052
vt -0.0060 0.0000
vt -0.0030 -0.0052
vt 0.0030 -0.0052
vt 0.0000 0.0000
vt 0.0000 0.0063
vt 0.0000 0.0126
vt 0.0000 0.0188
vt 0.0000 0.0251
vt 0.0000 0.0314
vt 0.0000 0.0377
vt 0.7000 0.0000
vt 0.7000 0.0063
vt 0.7000 0.0126
vt 0.7000 0.0188
vt 0.7000 0.0251
vt 0.7000 0.0314
vt 0.7000 0.0377
vt 0.0000 0.0000
vt 0.0060 0.0000
vt 0.0030 0.0052
vt -0.0030 0.0052
vt -0.0060 0.0000
vt -0.0030 -0.0052
vt 0.0030 -0.0052
vt 0.0000 0.0000
vt 0.0060 0.0000
vt 0.0030 0.0052
vt -0.0030 0.0052
vt -0.0060 0.0000
vt -0.0030 -0.0052
vt 0.0030 -0.0052
vt 0.0000 0.0000
vt 0.0000 0.0063
vt 0.0000 0.0126
vt 0.0000 0.0188
vt 0.0000 0.0251
vt 0.0000 0.0314
vt 0.0000 0.0377
vt 0.7000 0.0000
vt 0.7000 0.0063
vt 0.7000 0.0126
vt 0.7000 0.0188
vt 0.7000 0.0251
vt 0.7000 0.0314
vt 0.7000 0.0377
vt 0.0000 0.0000
vt 0.0060 0.0000
vt 0.0030 0.0052
vt -0.0030 0.0052
vt -0.0060 0.0000
vt -0.0030 -0.0052
vt 0.0030 -0.0052
vt 0.0000 0.0000
vt 0.0060 0.0000
vt 0.0030 0.0052
vt -0.0030 0.0052
vt -0.0060 0.0000
vt -0.0030 -0.0052
vt 0.0030 -0.0052
vt 0.0000 0.0000
vt 0.0000 0.0063
vt 0.0000 0.0126
vt 0.0000 0.0188
vt 0.0000 0.0251
vt 0.0000 0.0314
vt 0.0000 0.0377
vt 0.7000 0.0000
vt 0.7000 0.0063
vt 0.7000 0.0126
vt 0.7000 0.0188
vt 0.7000 0.0251
vt 0.7000 0.0314
vt 0.7000 0.0377
vt 0.0000 0.0000
vt 0.0060 0.0000
vt 0.0030 0.0052
vt -0.0030 0.0052
vt -0.0060 0.0000
vt -0.0030 -0.0052
vt 0.0030 -0.0052
vt 0.0000 0.0000
vt 0.0060 0.0000
vt 0.0030 0.0052
vt -0.0030 0.0052
vt -0.0060 0.0000
vt -0.0030 -0.0052
vt 0.0030 -0.0052
vt 0.0000 0.0000
vt 0.0000 0.0063
vt 0.0000 0.0126
vt 0.0000 0.0188
vt 0.0000 0.0251
vt 0.0000 0.0314
vt 0.0000 0.0377
vt 0.7000 0.0000
vt 0.7000 0.0063
vt 0.7000 0.0126
vt 0.7000 0.0188
vt 0.7000 0.0251
vt 0.7000 0.0314
vt 0.7000 0.0377
vt 0.0000 0.0000
vt 0.0060 0.0000
vt 0.0030 0.0052
vt -0.0030 0.0052
vt -0.0060 0.0000
vt -0.0030 -0.0052
vt 0.0030 -0.0052
vt 0.0000 0.0000
vt 0.0060 0.0000
vt 0.0030 0.0052
vt -0.0030 0.0052
vt -0.0060 0.0000
vt -0.0030 -0.0052
vt 0.0030 -0.0052
vt 0.0000 0.0000
vt 0.0000 0.0063
vt 0.0000 0.0126
vt 0.0000 0.0188
vt 0.0000 0.0251
vt 0.0000 0.0314
vt 0.0000 0.0377
vt 0.7000 0.0000
vt 0.7000 0.0063
vt 0.7000 0.0126
vt 0.7000 0.0188
vt 0.7000 0.0251
vt 0.7000 0.0314
vt 0.7000 0.0377
vt 0.0000 0.0000
vt 0.0060 0.0000
vt 0.0030 0.0052
vt -0.0030 0.0052
vt -0.0060 0.0000
vt -0.0030 -0.0052
vt 0.0030 -0.0052
vt 0.0000 0.0000
vt 0.0060 0.0000
vt 0.0030 0.0052
vt -0.0030 0.0052
vt -0.0060 0.0000
vt -0.0030 -0.0052
vt 0.0030 -0.0052
vt 0.0000 0.0000
vt 0.0000 0.0063
vt 0.0000 0.0126
vt 0.0000 0.0188
vt 0.0000 0.0251
vt 0.0000 0.0314
vt 0.0000 0.0377
vt 0.7000 0.0000
vt 0.7000 0.0063
vt 0.7000 0.0126
vt 0.7000 0.0188
vt 0.7000 0.0251
vt 0.7000 0.0314
vt 0.7000 0.0377
vt 0.0000 0.0000
vt 0.0060 0.0000
vt 0.0030 0.0052
vt -0.0030 0.0052
vt -0.0060 0.0000
vt -0.0030 -0.0052
vt 0.0030 -0.0052
vt 0.0000 0.0000
vt 0.0060 0.0000
vt 0.0030 0.0052
vt -0.0030 0.0052
vt -0.0060 0.0000
vt -0.0030 -0.0052
vt 0.0030 -0.0052
vt 0.0000 0.0000
vt 0.0000 0.0063
vt 0.0000 0.0126
vt 0.0000 0.0188
vt 0.0000 0.0251
vt 0.0000 0.0314
vt 0.0000 0.0377
vt 0.7000 0.0000
vt 0.7000 0.0063
vt 0.7000 0.0126
vt 0.7000 0.0188
vt 0.7000 0.0251
vt 0.7000 0.0314
vt 0.7000 0.0377
vt 0.0000 0.0000
vt 0.0060 0.0000
vt 0.0030 0.0052
vt -0.0030 0.0052
vt -0.0060 0.0000
vt -0.0030 -0.0052
vt 0.0030 -0.0052
vt 0.0000 0.0000
vt 0.0060 0.0000
vt 0.0030 0.0052
vt -0.0030 0.0052
vt -0.0060 0.0000
vt -0.0030 -0.0052
vt 0.0030 -0.0052
vt 0.0000 0.0000
vt 0.0000 0.0063
vt 0.0000 0.0126
vt 0.0000 0.0188
vt 0.0000 0.0251
vt 0.0000 0.0314
vt 0.0000 0.0377
vt 0.7000 0.0000
vt 0.7000 0.0063
vt 0.7000 0.0126
vt 0.7000 0.0188
vt 0.7000 0.0251
vt 0.7000 0.0314
vt 0.7000 0.0377
vt 0.0000 0.0000
vt 0.0060 0.0000
vt 0.0030 0.0052
vt -0.0030 0.0052
vt -0.0060 0.0000
vt -0.0030 -0.0052
vt 0.0030 -0.0052
vt 0.0000 0.0000
vt 0.0060 0.0000
vt 0.0030 0.0052
vt -0.0030 0.0052
vt -0.0060 0.0000
vt -0.0030 -0.0052
vt 0.0030 -0.0052
vt 0.0000 0.0000
vt 0.0000 0.0063
vt 0.0000 0.0126
vt 0.0000 0.0188
vt 0.0000 0.0251
vt 0.0000 0.0314
vt 0.0000 0.0377
vt 0.7000 0.0000
vt 0.7000 0.0063
vt 0.7000 0.0126
vt 0.7000 0.0188
vt 0.7000 0.0251
vt 0.7000 0.0314
vt 0.7000 0.0377
vt 0.0000 0.0000
vt 0.0060 0.0000
vt 0.0030 0.0052
vt -0.0030 0.0052
vt -0.0060 0.0000
vt -0.0030 -0.0052
vt 0.0030 -0.0052
vt 0.0000 0.0000
vt 0.0060 0.0000
vt 0.0030 0.0052
vt -0.0030 0.0052
vt -0.0060 0.0000
vt -0.0030 -0.0052
vt 0.0030 -0.0052
vt 0.0000 0.0000
vt 0.0000 0.0063
vt 0.0000 0.0126
vt 0.0000 0.0188
vt 0.0000 0.0251
vt 0.0000 0.0314
vt 0.0000 0.0377
vt 0.7000 0.0000
vt 0.7000 0.0063
vt 0.7000 0.0126
vt 0.7000 0.0188
vt 0.7000 0.0251
vt 0.7000 0.0314
vt 0.7000 0.0377
vt 0.0000 0.0000
vt 0.0060 0.0000
vt 0.0030 0.0052
vt -0.0030 0.0052
vt -0.0060 0.0000
vt -0.0030 -0.0052
vt 0.0030 -0.0052
vt 0.0000 0.0000
vt 0.0060 0.0000
vt 0.0030 0.0052
vt -0.0030 0.0052
vt -0.0060 0.0000
vt -0.0030 -0.0052
vt 0.0030 -0.0052
vt 0.0000 0.0000
vt 0.0000 0.0063
vt 0.0000 0.0126
vt 0.0000 0.0188
vt 0.0000 0.0251
vt 0.0000 0.0314
vt 0.0000 0.0377
vt 0.7000 0.0000
vt 0.7000 0.0063
vt 0.7000 0.0126
vt 0.7000 0.0188
vt 0.7000 0.0251
vt 0.7000 0.0314
vt 0.7000 0.0377
vt 0.0000 0.0000
vt 0.0060 0.0000
vt 0.0030 0.0052
vt -0.0030 0.0052
vt -0.0060 0.0000
vt -0.0030 -0.0052
vt 0.0030 -0.0052
vt 0.0000 0.0000
vt 0.0060 0.0000
vt 0.0030 0.0052
vt -0.0030 0.0052
vt -0.0060 0.0000
vt -0.0030 -0.0052
vt 0.0030 -0.0052
vt 0.0000 0.0000
vt 0.0000 0.0063
vt 0.0000 0.0126
vt 0.0000 0.0188
vt 0.0000 0.0251
vt 0.0000 0.0314
vt 0.0000 0.0377
vt 0.7000 0.0000
vt 0.7000 0.0063
vt 0.7000 0.0126
vt 0.7000 0.0188
vt 0.7000 0.0251
vt 0.7000 0.0314
vt 0.7000 0.0377
vt 0.0000 0.0000
vt 0.0060 0.0000
vt 0.0030 0.0052
vt -0.0030 0.0052
vt -0.0060 0.0000
vt -0.0030 -0.0052
vt 0.0030 -0.0052
vt 0.0000 0.0000
vt 0.0060 0.0000
vt 0.0030 0.0052
vt -0.0030 0.0052
vt -0.0060 0.0000
vt -0.0030 -0.0052
vt 0.0030 -0.0052
vt 0.0000 0.0000
vt 0.0000 0.0063
vt 0.0000 0.0126
vt 0.0000 0.0188
vt 0.0000 0.0251
vt 0.0000 0.0314
vt 0.0000 0.0377
vt 0.7000 0.0000
vt 0.7000 0.0063
vt 0.7000 0.0126
vt 0.7000 0.0188
vt 0.7000 0.0251
vt 0.7000 0.0314
vt 0.7000 0.0377
vt 0.0000 0.0000
vt 0.0060 0.0000
vt 0.0030 0.0052
vt -0.0030 0.0052
vt -0.0060 0.0000
vt -0.0030 -0.0052
vt 0.0030 -0.0052
vt 0.0000 0.0000
vt 0.0060 0.0000
vt 0.0030 0.0052
vt -0.0030 0.0052
vt -0.0060 0.0000
vt -0.0030 -0.0052
vt 0.0030 -0.0052
vt 0.0000 0.0000
vt 0.0000 0.0063
vt 0.0000 0.0126
vt 0.0000 0.0188
vt 0.0000 0.0251
vt 0.0000 0.0314
vt 0.0000 0.0377
vt 0.7000 0.0000
vt 0.7000 0.0063
vt 0.7000 0.0126
vt 0.7000 0.0188
vt 0.7000 0.0251
vt 0.7000 0.0314
vt 0.7000 0.0377
vt 0.0000 0.0000
vt 0.0060 0.0000
vt 0.0030 0.0052
vt -0.0030 0.0052
vt -0.0060 0.0000
vt -0.0030 -0.0052
vt 0.0030 -0.0052
vt 0.0000 0.0000
vt 0.0060 0.0000
vt 0.0030 0.0052
vt -0.0030 0.0052
vt -0.0060 0.0000
vt -0.0030 -0.0052
vt 0.0030 -0.0052
vt 0.0000 0.0000
vt 0.0000 0.0063
vt 0.0000 0.0126
vt 0.0000 0.0188
vt 0.0000 0.0251
vt 0.0000 0.0314
vt 0.0000 0.0377
vt 0.7000 0.0000
vt 0.7000 0.0063
vt 0.7000 0.0126
vt 0.7000 0.0188
vt 0.7000 0.0251
vt 0.7000 0.0314
vt 0.7000 0.0377
vt 0.0000 0.0000
vt 0.0060 0.0000
vt 0.0030 0.0052
vt -0.0030 0.0052
vt -0.0060 0.0000
vt -0.0030 -0.0052
vt 0.0030 -0.0052
vt 0.0000 0.0000
vt 0.0060 0.0000
vt 0.0030 0.0052
vt -0.0030 0.0052
vt -0.0060 0.0000
vt -0.0030 -0.0052
vt 0.0030 -0.0052
vt 0.0000 0.0000
vt 0.0000 0.0063
vt 0.0000 0.0126
vt 0.0000 0.0188
vt 0.0000 0.0251
vt 0.0000 0.0314
vt 0.0000 0.0377
vt 0.7000 0.0000
vt 0.7000 0.0063
vt 0.7000 0.0126
vt 0.7000 0.0188
vt 0.7000 0.0251
vt 0.7000 0.0314
vt 0.7000 0.0377
vt 0.0000 0.0000
vt 0.0060 0.0000
vt 0.0030 0.0052
vt -0.0030 0.0052
vt -0.0060 0.0000
vt -0.0030 -0.0052
vt 0.0030 -0.0052
vt 0.0000 0.0000
vt 0.0060 0.0000
vt 0.0030 0.0052
vt -0.0030 0.0052
vt -0.0060 0.0000
vt -0.0030 -0.0052
vt 0.0030 -0.0052
vt 0.0000 0.0000
vt 0.0000 0.0063
vt 0.0000 0.0126
vt 0.0000 0.0188
vt 0.0000 0.0251
vt 0.0000 0.0314
vt 0.0000 0.0377
vt 0.7000 0.0000
vt 0.7000 0.0063
vt 0.7000 0.0126
vt 0.7000 0.0188
vt 0.7000 0.0251
vt 0.7000 0.0314
vt 0.7000 0.0377
vt 0.0000 0.0000
vt 0.0060 0.0000
vt 0.0030 0.0052
vt -0.0030 0.0052
vt -0.0060 0.0000
vt -0.0030 -0.0052
vt 0.0030 -0.0052
vt 0.0000 0.0000
vt 0.0060 0.0000
vt 0.0030 0.0052
vt -0.0030 0.0052
vt -0.0060 0.0000
vt -0.0030 -0.0052
vt 0.0030 -0.0052
vt 0.0000 0.0000
vt 0.0000 0.0063
vt 0.0000 0.0126
vt 0.0000 0.0188
vt 0.0000 0.0251
vt 0.0000 0.0314
vt 0.0000 0.0377
vt 0.7000 0.0000
vt 0.7000 0.0063
vt 0.7000 0.0126
vt 0.7000 0.0188
vt 0.7000 0.0251
vt 0.7000 0.0314
vt 0.7000 0.0377
vt 0.0000 0.0000
vt 0.0060 0.0000
vt 0.0030 0.0052
vt -0.0030 0.0052
vt -0.0060 0.0000
vt -0.0030 -0.0052
vt 0.0030 -0.0052
vt 0.0000 0.0000
vt 0.0060 0.0000
vt 0.0030 0.0052
vt -0.0030 0.0052
vt -0.0060 0.0000
vt -0.0030 -0.0052
vt 0.0030 -0.0052
vn 0.000 1.000 0.000
vn 0.866 0.500 0.000
vn 0.866 -0.500 0.000
vn 0.000 -1.000 0.000
vn -0.866 -0.500 -0.000
vn -0.866 0.500 -0.000
vn -0.000 1.000 -0.000
vn 0.000 1.000 0.000
vn 0.866 0.500 0.000
vn 0.866 -0.500 0.000
vn 0.000 -1.000 0.000
vn -0.866 -0.500 -0.000
vn -0.866 0.500 -0.000
vn -0.000 1.000 -0.000
vn -0.000 0.000 1.000
vn -0.000 0.000 1.000
vn -0.000 0.000 1.000
vn -0.000 0.000 1.000
vn -0.000 0.000 1.000
vn -0.000 0.000 1.000
vn -0.000 0.000 1.000
vn 0.000 0.000 -1.000
vn 0.000 0.000 -1.000
vn 0.000 0.000 -1.000
vn 0.000 0.000 -1.000
vn 0.000 0.000 -1.000
vn 0.000 0.000 -1.000
vn 0.000 0.000 -1.000
vn 0.000 1.000 0.000
vn 0.866 0.500 0.000
vn 0.866 -0.500 0.000
vn 0.000 -1.000 0.000
vn -0.866 -0.500 -0.000
vn -0.866 0.500 -0.000
vn -0.000 1.000 -0.000
vn 0.000 1.000 0.000
vn 0.866 0.500 0.000
vn 0.866 -0.500 0.000
vn 0.000 -1.000 0.000
vn -0.866 -0.500 -0.000
vn -0.866 0.500 -0.000
vn -0.000 1.000 -0.000
vn -0.000 0.000 1.000
vn -0.000 0.000 1.000
vn -0.000 0.000 1.000
vn -0.000 0.000 1.000
vn -0.000 0.000 1.000
vn -0.000 0.000 1.000
vn -0.000 0.000 1.000
vn 0.000 0.000 -1.000
vn 0.000 0.000 -1.000
vn 0.000 0.000 -1.000
vn 0.000 0.000 -1.000
vn 0.000 0.000 -1.000
vn 0.000 0.000 -1.000
vn 0.000 0.000 -1.000
vn 0.000 1.000 0.000
vn 0.866 0.500 0.000
vn 0.866 -0.500 0.000
vn 0.000 -1.000 0.000
vn -0.866 -0.500 -0.000
vn -0.866 0.500 -0.000
vn -0.000 1.000 -0.000
vn 0.000 1.000 0.000
vn 0.866 0.500 0.000
vn 0.866 -0.500 0.000
vn 0.000 -1.000 0.000
vn -0.866 -0.500 -0.000
vn -0.866 0.500 -0.000
vn -0.000 1.000 -0.000
vn -0.000 0.000 1.000
vn -0.000 0.000 1.000
vn -0.000 0.000 1.000
vn -0.000 0.000 1.000
vn -0.000 0.000 1.000
vn -0.000 0.000 1.000
vn -0.000 0.000 1.000
vn 0.000 0.000 -1.000
vn 0.000 0.000 -1.000
vn 0.000 0.000 -1.000
vn 0.000 0.000 -1.000
vn 0.000 0.000 -1.000
vn 0.000 0.000 -1.000
vn 0.000 0.000 -1.000
vn 0.000 1.000 0.000
vn 0.866 0.500 0.000
vn 0.866 -0.500 0.000
vn 0.000 -1.000 0.000
vn -0.866 -0.500 -0.000
vn -0.866 0.500 -0.000
vn -0.000 1.000 -0.000
vn 0.000 1.000 0.000
vn 0.866 0.500 0.000
vn 0.866 -0.500 0.000
vn 0.000 -1.000 0.000
vn -0.866 -0.500 -0.000
vn -0.866 0.500 -0.000
vn -0.000 1.000 -0.000
vn -0.000 0.000 1.000
vn -0.000 0.000 1.000
vn -0.000 0.000 1.000
vn -0.000 0.000 1.000
vn -0.000 0.000 1.000
vn -0.000 0.000 1.000
vn -0.000 0.000 1.000
vn 0.000 0.000 -1.000
vn 0.000 0.000 -1.000
vn 0.000 0.000 -1.000
vn 0.000 0.000 -1.000
vn 0.000 0.000 -1.000
vn 0.000 0.000 -1.000
vn 0.000 0.000 -1.000
vn 0.000 1.000 0.000
vn 0.866 0.500 0.000
vn 0.866 -0.500 0.000
vn 0.000 -1.000 0.000
vn -0.866 -0.500 -0.000
vn -0.866 0.500 -0.000
vn -0.000 1.000 -0.000
vn 0.000 1.000 0.000
vn 0.866 0.500 0.000
vn 0.866 -0.500 0.000
vn 0.000 -1.000 0.000
vn -0.866 -0.500 -0.000
vn -0.866 0.500 -0.000
vn -0.000 1.000 -0.000
vn -0.000 0.000 1.000
vn -0.000 0.000 1.000
vn -0.000 0.000 1.000
vn -0.000 0.000 1.000
vn -0.000 0.000 1.000
vn -0.000 0.000 1.000
vn -0.000 0.000 1.000
vn 0.000 0.000 -1.000
vn 0.000 0.000 -1.000
vn 0.000 0.000 -1.000
vn 0.000 0.000 -1.000
vn 0.000 0.000 -1.000
vn 0.000 0.000 -1.000
vn 0.000 0.000 -1.000
vn 0.000 1.000 0.000
vn 0.866 0.500 0.000
vn 0.866 -0.500 0.000
vn 0.000 -1.000 0.000
vn -0.866 -0.500 -0.000
vn -0.866 0.500 -0.000
vn -0.000 1.000 -0.000
vn 0.000 1.000 0.000
vn 0.866 0.500 0.000
vn 0.866 -0.500 0.000
vn 0.000 -1.000 0.000
vn -0.866 -0.500 -0.000
vn -0.866 0.500 -0.000
vn -0.000 1.000 -0.000
vn -0.000 0.000 1.000
vn -0.000 0.000 1.000
vn -0.000 0.000 1.000
vn -0.000 0.000 1.000
vn -0.000 0.000 1.000
vn -0.000 0.000 1.000
vn -0.000 0.000 1.000
vn 0.000 0.000 -1.000
vn 0.000 0.000 -1.000
vn 0.000 0.000 -1.000
vn 0.000 0.000 -1.000
vn 0.000 0.000 -1.000
vn 0.000 0.000 -1.000
vn 0.000 0.000 -1.000
vn 0.000 1.000 0.000
vn 0.866 0.500 0.000
vn 0.866 -0.500 0.000
vn 0.000 -1.000 0.000
vn -0.866 -0.500 -0.000
vn -0.866 0.500 -0.000
vn -0.000 1.000 -0.000
vn 0.000 1.000 0.000
vn 0.866 0.500 0.000
vn 0.866 -0.500 0.000
vn 0.000 -1.000 0.000
vn -0.866 -0.500 -0.000
vn -0.866 0.500 -0.000
vn -0.000 1.000 -0.000
vn -0.000 0.000 1.000
vn -0.000 0.000 1.000
vn -0.000 0.000 1.000
vn -0.000 0.000 1.000
vn -0.000 0.000 1.000
vn -0.000 0.000 1.000
vn -0.000 0.000 1.000
vn 0.000 0.000 -1.000
vn 0.000 0.000 -1.000
vn 0.000 0.000 -1.000
vn 0.000 0.000 -1.000
vn 0.000 0.000 -1.000
vn 0.000 0.000 -1.000
vn 0.000 0.000 -1.000
vn 0.000 1.000 0.000
vn 0.866 0.500 0.000
vn 0.866 -0.500 0.000
vn 0.000 -1.000 0.000
vn -0.866 -0.500 -0.000
vn -0.866 0.500 -0.000
vn -0.000 1.000 -0.000
vn 0.000 1.000 0.000
vn 0.866 0.500 0.000
vn 0.866 -0.500 0.000
vn 0.000 -1.000 0.000
vn -0.866 -0.500 -0.000
vn -0.866 0.500 -0.000
vn -0.000 1.000 -0.000
vn -0.000 0.000 1.000
vn -0.000 0.000 1.000
vn -0.000 0.000 1.000
vn -0.000 0.000 1.000
vn -0.000 0.000 1.000
vn -0.000 0.000 1.000
vn -0.000 0.000 1.000
vn 0.000 0.000 -1.000
vn 0.000 0.000 -1.000
vn 0.000 0.000 -1.000
vn 0.000 0.000 -1.000
vn 0.000 0.000 -1.000
vn 0.000 0.000 -1.000
vn 0.000 0.000 -1.000
vn 0.000 1.000 0.000
vn 0.866 0.500 0.000
vn 0.866 -0.500 0.000
vn 0.000 -1.000 0.000
vn -0.866 -0.500 -0.000
vn -0.866 0.500 -0.000
vn -0.000 1.000 -0.000
vn 0.000 1.000 0.000
vn 0.866 0.500 0.000
vn 0.866 -0.500 0.000
vn 0.000 -1.000 0.000
vn -0.866 -0.500 -0.000
vn -0.866 0.500 -0.000
vn -0.000 1.000 -0.000
vn -0.000 0.000 1.000
vn -0.000 0.000 1.000
vn -0.000 0.000 1.000
vn -0.000 0.000 1.000
vn -0.000 0.000 1.000
vn -0.000 0.000 1.000
vn -0.000 0.000 1.000
vn 0.000 0.000 -1.000
vn 0.000 0.000 -1.000
vn 0.000 0.000 -1.000
vn 0.000 0.000 -1.000
vn 0.000 0.000 -1.000
vn 0.000 0.000 -1.000
vn 0.000 0.000 -1.000
vn 0.000 1.000 0.000
vn 0.866 0.500 0.000
vn 0.866 -0.500 0.000
vn 0.000 -1.000 0.000
vn -0.866 -0.500 -0.000
vn -0.866 0.500 -0.000
vn -0.000 1.000 -0.000
vn 0.000 1.000 0.000
vn 0.866 0.500 0.000
vn 0.866 -0.500 0.000
vn 0.000 -1.000 0.000
vn -0.866 -0.500 -0.000
vn -0.866 0.500 -0.000
vn -0.000 1.000 -0.000
vn -0.000 0.000 1.000
vn -0.000 0.000 1.000
vn -0.000 0.000 1.000
vn -0.000 0.000 1.000
vn -0.000 0.000 1.000
vn -0.000 0.000 1.000
vn -0.000 0.000 1.000
vn 0.000 0.000 -1.000
vn 0.000 0.000 -1.000
vn 0.000 0.000 -1.000
vn 0.000 0.000 -1.000
vn 0.000 0.000 -1.000
vn 0.000 0.000 -1.000
vn 0.000 0.000 -1.000
vn 0.000 1.000 0.000
vn -0.866 0.500 0.000
vn -0.866 -0.500 0.000
vn -0.000 -1.000 0.000
vn 0.866 -0.500 -0.000
vn 0.866 0.500 -0.000
vn 0.000 1.000 -0.000
vn 0.000 1.000 0.000
vn -0.866 0.500 0.000
vn -0.866 -0.500 0.000
vn -0.000 -1.000 0.000
vn 0.866 -0.500 -0.000
vn 0.866 0.500 -0.000
vn 0.000 1.000 -0.000
vn -0.000 0.000 -1.000
vn -0.000 0.000 -1.000
vn -0.000 0.000 -1.000
vn -0.000 0.000 -1.000
vn -0.000 0.000 -1.000
vn -0.000 0.000 -1.000
vn -0.000 0.000 -1.000
vn 0.000 0.000 1.000
vn 0.000 0.000 1.000
vn 0.000 0.000 1.000
vn 0.000 0.000 1.000
vn 0.000 0.000 1.000
vn 0.000 0.000 1.000
vn 0.000 0.000 1.000
vn 0.000 1.000 0.000
vn -0.866 0.500 0.000
vn -0.866 -0.500 0.000
vn -0.000 -1.000 0.000
vn 0.866 -0.500 -0.000
vn 0.866 0.500 -0.000
vn 0.000 1.000 -0.000
vn 0.000 1.000 0.000
vn -0.866 0.500 0.000
vn -0.866 -0.500 0.000
vn -0.000 -1.000 0.000
vn 0.866 -0.500 -0.000
vn 0.866 0.500 -0.000
vn 0.000 1.000 -0.000
vn -0.000 0.000 -1.000
vn -0.000 0.000 -1.000
vn -0.000 0.000 -1.000
vn -0.000 0.000 -1.000
vn -0.000 0.000 -1.000
vn -0.000 0.000 -1.000
vn -0.000 0.000 -1.000
vn 0.000 0.000 1.000
vn 0.000 0.000 1.000
vn 0.000 0.000 1.000
vn 0.000 0.000 1.000
vn 0.000 0.000 1.000
vn 0.000 0.000 1.000
vn 0.000 0.000 1.000
vn 0.000 1.000 0.000
vn -0.866 0.500 0.000
vn -0.866 -0.500 0.000
vn -0.000 -1.000 0.000
vn 0.866 -0.500 -0.000
vn 0.866 0.500 -0.000
vn 0.000 1.000 -0.000
vn 0.000 1.000 0.000
vn -0.866 0.500 0.000
vn -0.866 -0.500 0.000
vn -0.000 -1.000 0.000
vn 0.866 -0.500 -0.000
vn 0.866 0.500 -0.000
vn 0.000 1.000 -0.000
vn -0.000 0.000 -1.000
vn -0.000 0.000 -1.000
vn -0.000 0.000 -1.000
vn -0.000 0.000 -1.000
vn -0.000 0.000 -1.000
vn -0.000 0.000 -1.000
vn -0.000 0.000 -1.000
vn 0.000 0.000 1.000
vn 0.000 0.000 1.000
vn 0.000 0.000 1.000
vn 0.000 0.000 1.000
vn 0.000 0.000 1.000
vn 0.000 0.000 1.000
vn 0.000 0.000 1.000
vn 0.000 1.000 0.000
vn -0.866 0.500 0.000
vn -0.866 -0.500 0.000
vn -0.000 -1.000 0.000
vn 0.866 -0.500 -0.000
vn 0.866 0.500 -0.000
vn 0.000 1.000 -0.000
vn 0.000 1.000 0.000
vn -0.866 0.500 0.000
vn -0.866 -0.500 0.000
vn -0.000 -1.000 0.000
vn 0.866 -0.500 -0.000
vn 0.866 0.500 -0.000
vn 0.000 1.000 -0.000
vn -0.000 0.000 -1.000
vn -0.000 0.000 -1.000
vn -0.000 0.000 -1.000
vn -0.000 0.000 -1.000
vn -0.000 0.000 -1.000
vn -0.000 0.000 -1.000
vn -0.000 0.000 -1.000
vn 0.000 0.000 1.000
vn 0.000 0.000 1.000
vn 0.000 0.000 1.000
vn 0.000 0.000 1.000
vn 0.000 0.000 1.000
vn 0.000 0.000 1.000
vn 0.000 0.000 1.000
vn 0.000 1.000 0.000
vn -0.866 0.500 0.000
vn -0.866 -0.500 0.000
vn -0.000 -1.000 0.000
vn 0.866 -0.500 -0.000
vn 0.866 0.500 -0.000
vn 0.000 1.000 -0.000
vn 0.000 1.000 0.000
vn -0.866 0.500 0.000
vn -0.866 -0.500 0.000
vn -0.000 -1.000 0.000
vn 0.866 -0.500 -0.000
vn 0.866 0.500 -0.000
vn 0.000 1.000 -0.000
vn -0.000 0.000 -1.000
vn -0.000 0.000 -1.000
vn -0.000 0.000 -1.000
vn -0.000 0.000 -1.000
vn -0.000 0.000 -1.000
vn -0.000 0.000 -1.000
vn -0.000 0.000 -1.000
vn 0.000 0.000 1.000
vn 0.000 0.000 1.000
vn 0.000 0.000 1.000
vn 0.000 0.000 1.000
vn 0.000 0.000 1.000
vn 0.000 0.000 1.000
vn 0.000 0.000 1.000
vn 0.000 1.000 0.000
vn -0.866 0.500 0.000
vn -0.866 -0.500 0.000
vn -0.000 -1.000 0.000
vn 0.866 -0.500 -0.000
vn 0.866 0.500 -0.000
vn 0.000 1.000 -0.000
vn 0.000 1.000 0.000
vn -0.866 0.500 0.000
vn -0.866 -0.500 0.000
vn -0.000 -1.000 0.000
vn 0.866 -0.500 -0.000
vn 0.866 0.500 -0.000
vn 0.000 1.000 -0.000
vn -0.000 0.000 -1.000
vn -0.000 0.000 -1.000
vn -0.000 0.000 -1.000
vn -0.000 0.000 -1.000
vn -0.000 0.000 -1.000
vn -0.000 0.000 -1.000
vn -0.000 0.000 -1.000
vn 0.000 0.000 1.000
vn 0.000 0.000 1.000
vn 0.000 0.000 1.000
vn 0.000 0.000 1.000
vn 0.000 0.000 1.000
vn 0.000 0.000 1.000
vn 0.000 0.000 1.000
vn 0.000 1.000 0.000
vn -0.866 0.500 0.000
vn -0.866 -0.500 0.000
vn -0.000 -1.000 0.000
vn 0.866 -0.500 -0.000
vn 0.866 0.500 -0.000
vn 0.000 1.000 -0.000
vn 0.000 1.000 0.000
vn -0.866 0.500 0.000
vn -0.866 -0.500 0.000
vn -0.000 -1.000 0.000
vn 0.866 -0.500 -0.000
vn 0.866 0.500 -0.000
vn 0.000 1.000 -0.000
vn -0.000 0.000 -1.000
vn -0.000 0.000 -1.000
vn -0.000 0.000 -1.000
vn -0.000 0.000 -1.000
vn -0.000 0.000 -1.000
vn -0.000 0.000 -1.000
vn -0.000 0.000 -1.000
vn 0.000 0.000 1.000
vn 0.000 0.000 1.000
vn 0.000 0.000 1.000
vn 0.000 0.000 1.000
vn 0.000 0.000 1.000
vn 0.000 0.000 1.000
vn 0.000 0.000 1.000
vn 0.000 1.000 0.000
vn -0.866 0.500 0.000
vn -0.866 -0.500 0.000
vn -0.000 -1.000 0.000
vn 0.866 -0.500 -0.000
vn 0.866 0.500 -0.000
vn 0.000 1.000 -0.000
vn 0.000 1.000 0.000
vn -0.866 0.500 0.000
vn -0.866 -0.500 0.000
vn -0.000 -1.000 0.000
vn 0.866 -0.500 -0.000
vn 0.866 0.500 -0.000
vn 0.000 1.000 -0.000
vn -0.000 0.000 -1.000
vn -0.000 0.000 -1.000
vn -0.000 0.000 -1.000
vn -0.000 0.000 -1.000
vn -0.000 0.000 -1.000
vn -0.000 0.000 -1.000
vn -0.000 0.000 -1.000
vn 0.000 0.000 1.000
vn 0.000 0.000 1.000
vn 0.000 0.000 1.000
vn 0.000 0.000 1.000
vn 0.000 0.000 1.000
vn 0.000 0.000 1.000
vn 0.000 0.000 1.000
vn 0.000 1.000 0.000
vn -0.866 0.500 0.000
vn -0.866 -0.500 0.000
vn -0.000 -1.000 0.000
vn 0.866 -0.500 -0.000
vn 0.866 0.500 -0.000
vn 0.000 1.000 -0.000
vn 0.000 1.000 0.000
vn -0.866 0.500 0.000
vn -0.866 -0.500 0.000
vn -0.000 -1.000 0.000
vn 0.866 -0.500 -0.000
vn 0.866 0.500 -0.000
vn 0.000 1.000 -0.000
vn -0.000 0.000 -1.000
vn -0.000 0.000 -1.000
vn -0.000 0.000 -1.000
vn -0.000 0.000 -1.000
vn -0.000 0.000 -1.000
vn -0.000 0.000 -1.000
vn -0.000 0.000 -1.000
vn 0.000 0.000 1.000
vn 0.000 0.000 1.000
vn 0.000 0.000 1.000
vn 0.000 0.000 1.000
vn 0.000 0.000 1.000
vn 0.000 0.000 1.000
vn 0.000 0.000 1.000
vn 0.000 1.000 0.000
vn -0.866 0.500 0.000
vn -0.866 -0.500 0.000
vn -0.000 -1.000 0.000
vn 0.866 -0.500 -0.000
vn 0.866 0.500 -0.000
vn 0.000 1.000 -0.000
vn 0.000 1.000 0.000
vn -0.866 0.500 0.000
vn -0.866 -0.500 0.000
vn -0.000 -1.000 0.000
vn 0.866 -0.500 -0.000
vn 0.866 0.500 -0.000
vn 0.000 1.000 -0.000
vn -0.000 0.000 -1.000
vn -0.000 0.000 -1.000
vn -0.000 0.000 -1.000
vn -0.000 0.000 -1.000
vn -0.000 0.000 -1.000
vn -0.000 0.000 -1.000
vn -0.000 0.000 -1.000
vn 0.000 0.000 1.000
vn 0.000 0.000 1.000
vn 0.000 0.000 1.000
vn 0.000 0.000 1.000
vn 0.000 0.000 1.000
vn 0.000 0.000 1.000
vn 0.000 0.000 1.000
v -1.2200 1.7150 -2.7058
v -1.2200 1.7150 -2.7239
v -1.2200 1.7150 -2.7420
v -1.2200 1.7150 -2.7601
v -1.2200 1.7150 -2.7782
v -1.2200 1.7150 -2.7963
v -1.2200 1.7150 -2.8143
v -1.2200 1.7150 -2.8324
v -1.2200 1.7150 -2.8505
v -1.2183 1.6486 -2.7058
v -1.2183 1.6633 -2.7239
v -1.2183 1.6548 -2.7420
v -1.2183 1.6480 -2.7601
v -1.2183 1.6621 -2.7782
v -1.2183 1.6539 -2.7963
v -1.2183 1.6529 -2.8143
v -1.2183 1.6628 -2.8324
v -1.2183 1.6569 -2.8505
v -1.2167 1.5821 -2.7058
v -1.2167 1.6117 -2.7239
v -1.2167 1.5946 -2.7420
v -1.2167 1.5810 -2.7601
v -1.2167 1.6091 -2.7782
v -1.2167 1.5929 -2.7963
v -1.2167 1.5907 -2.8143
v -1.2167 1.6105 -2.8324
v -1.2167 1.5989 -2.8505
v -1.2150 1.5157 -2.7058
v -1.2150 1.5600 -2.7239
v -1.2150 1.5345 -2.7420
v -1.2150 1.5141 -2.7601
v -1.2150 1.5562 -2.7782
v -1.2150 1.5318 -2.7963
v -1.2150 1.5286 -2.8143
v -1.2150 1.5583 -2.8324
v -1.2150 1.5408 -2.8505
v -1.2133 1.4493 -2.7058
v -1.2133 1.5084 -2.7239
v -1.2133 1.4743 -2.7420
v -1.2133 1.4471 -2.7601
v -1.2133 1.5033 -2.7782
v -1.2133 1.4707 -2.7963
v -1.2133 1.4665 -2.8143
v -1.2133 1.5060 -2.8324
v -1.2133 1.4828 -2.8505
v -1.2117 1.3828 -2.7058
v -1.2117 1.4567 -2.7239
v -1.2117 1.4141 -2.7420
v -1.2117 1.3801 -2.7601
v -1.2117 1.4503 -2.7782
v -1.2117 1.4097 -2.7963
v -1.2117 1.4043 -2.8143
v -1.2117 1.4538 -2.8324
v -1.2117 1.4247 -2.8505
v -1.2100 1.3164 -2.7058
v -1.2100 1.4051 -2.7239
v -1.2100 1.3539 -2.7420
v -1.2100 1.3131 -2.7601
v -1.2100 1.3974 -2.7782
v -1.2100 1.3486 -2.7963
v -1.2100 1.3422 -2.8143
v -1.2100 1.4015 -2.8324
v -1.2100 1.3667 -2.8505
v -1.2200 1.7150 -2.7058
v -1.2200 1.7150 -2.7239
v -1.2200 1.7150 -2.7420
v -1.2200 1.7150 -2.7601
v -1.2200 1.7150 -2.7782
v -1.2200 1.7150 -2.7963
v -1.2200 1.7150 -2.8143
v -1.2200 1.7150 -2.8324
v -1.2200 1.7150 -2.8505
v -1.2183 1.6486 -2.7058
v -1.2183 1.6633 -2.7239
v -1.2183 1.6548 -2.7420
v -1.2183 1.6480 -2.7601
v -1.2183 1.6621 -2.7782
v -1.2183 1.6539 -2.7963
v -1.2183 1.6529 -2.8143
v -1.2183 1.6628 -2.8324
v -1.2183 1.6569 -2.8505
v -1.2167 1.5821 -2.7058
v -1.2167 1.6117 -2.7239
v -1.2167 1.5946 -2.7420
v -1.2167 1.5810 -2.7601
v -1.2167 1.6091 -2.7782
v -1.2167 1.5929 -2.7963
v -1.2167 1.5907 -2.8143
v -1.2167 1.6105 -2.8324
v -1.2167 1.5989 -2.8505
v -1.2150 1.5157 -2.7058
v -1.2150 1.5600 -2.7239
v -1.2150 1.5345 -2.7420
v -1.2150 1.5141 -2.7601
v -1.2150 1.5562 -2.7782
v -1.2150 1.5318 -2.7963
v -1.2150 1.5286 -2.8143
v -1.2150 1.5583 -2.8324
v -1.2150 1.5408 -2.8505
v -1.2133 1.4493 -2.7058
v -1.2133 1.5084 -2.7239
v -1.2133 1.4743 -2.7420
v -1.2133 1.4471 -2.7601
v -1.2133 1.5033 -2.7782
v -1.2133 1.4707 -2.7963
v -1.2133 1.4665 -2.8143
v -1.2133 1.5060 -2.8324
v -1.2133 1.4828 -2.8505
v -1.2117 1.3828 -2.7058
v -1.2117 1.4567 -2.7239
v -1.2117 1.4141 -2.7420
v -1.2117 1.3801 -2.7601
v -1.2117 1.4503 -2.7782
v -1.2117 1.4097 -2.7963
v -1.2117 1.4043 -2.8143
v -1.2117 1.4538 -2.8324
v -1.2117 1.4247 -2.8505
v -1.2100 1.3164 -2.7058
v -1.2100 1.4051 -2.7239
v -1.2100 1.3539 -2.7420
v -1.2100 1.3131 -2.7601
v -1.2100 1.3974 -2.7782
v -1.2100 1.3486 -2.7963
v -1.2100 1.3422 -2.8143
v -1.2100 1.4015 -2.8324
v -1.2100 1.3667 -2.8505
v -1.2200 1.7150 -1.1659
v -1.2200 1.7150 -1.1852
v -1.2200 1.7150 -1.2044
v -1.2200 1.7150 -1.2237
v -1.2200 1.7150 -1.2430
v -1.2200 1.7150 -1.2623
v -1.2200 1.7150 -1.2816
v -1.2200 1.7150 -1.3008
v -1.2200 1.7150 -1.3201
v -1.2183 1.6260 -1.1659
v -1.2183 1.6238 -1.1852
v -1.2183 1.6273 -1.2044
v -1.2183 1.6162 -1.2237
v -1.2183 1.6044 -1.2430
v -1.2183 1.6138 -1.2623
v -1.2183 1.6086 -1.2816
v -1.2183 1.6197 -1.3008
v -1.2183 1.6094 -1.3201
v -1.2167 1.5371 -1.1659
v -1.2167 1.5325 -1.1852
v -1.2167 1.5397 -1.2044
v -1.2167 1.5174 -1.2237
v -1.2167 1.4939 -1.2430
v -1.2167 1.5127 -1.2623
v -1.2167 1.5023 -1.2816
v -1.2167 1.5243 -1.3008
v -1.2167 1.5039 -1.3201
v -1.2150 1.4481 -1.1659
v -1.2150 1.4413 -1.1852
v -1.2150 1.4520 -1.2044
v -1.2150 1.4186 -1.2237
v -1.2150 1.3833 -1.2430
v -1.2150 1.4115 -1.2623
v -1.2150 1.3959 -1.2816
v -1.2150 1.4290 -1.3008
v -1.2150 1.3983 -1.3201
v -1.2133 1.3591 -1.1659
v -1.2133 1.3500 -1.1852
v -1.2133 1.3644 -1.2044
v -1.2133 1.3198 -1.2237
v -1.2133 1.2727 -1.2430
v -1.2133 1.3103 -1.2623
v -1.2133 1.2896 -1.2816
v -1.2133 1.3336 -1.3008
v -1.2133 1.2928 -1.3201
v -1.2117 1.2702 -1.1659
v -1.2117 1.2588 -1.1852
v -1.2117 1.2767 -1.2044
v -1.2117 1.2210 -1.2237
v -1.2117 1.1622 -1.2430
v -1.2117 1.2091 -1.2623
v -1.2117 1.1832 -1.2816
v -1.2117 1.2383 -1.3008
v -1.2117 1.1872 -1.3201
v -1.2100 1.1812 -1.1659
v -1.2100 1.1675 -1.1852
v -1.2100 1.1890 -1.2044
v -1.2100 1.1222 -1.2237
v -1.2100 1.0516 -1.2430
v -1.2100 1.1080 -1.2623
v -1.2100 1.0769 -1.2816
v -1.2100 1.1429 -1.3008
v -1.2100 1.0816 -1.3201
v -1.2200 1.7150 -1.1659
v -1.2200 1.7150 -1.1852
v -1.2200 1.7150 -1.2044
v -1.2200 1.7150 -1.2237
v -1.2200 1.7150 -1.2430
v -1.2200 1.7150 -1.2623
v -1.2200 1.7150 -1.2816
v -1.2200 1.7150 -1.3008
v -1.2200 1.7150 -1.3201
v -1.2183 1.6260 -1.1659
v -1.2183 1.6238 -1.1852
v -1.2183 1.6273 -1.2044
v -1.2183 1.6162 -1.2237
v -1.2183 1.6044 -1.2430
v -1.2183 1.6138 -1.2623
v -1.2183 1.6086 -1.2816
v -1.2183 1.6197 -1.3008
v -1.2183 1.6094 -1.3201
v -1.2167 1.5371 -1.1659
v -1.2167 1.5325 -1.1852
v -1.2167 1.5397 -1.2044
v -1.2167 1.5174 -1.2237
v -1.2167 1.4939 -1.2430
v -1.2167 1.5127 -1.2623
v -1.2167 1.5023 -1.2816
v -1.2167 1.5243 -1.3008
v -1.2167 1.5039 -1.3201
v -1.2150 1.4481 -1.1659
v -1.2150 1.4413 -1.1852
v -1.2150 1.4520 -1.2044
v -1.2150 1.4186 -1.2237
v -1.2150 1.3833 -1.2430
v -1.2150 1.4115 -1.2623
v -1.2150 1.3959 -1.2816
v -1.2150 1.4290 -1.3008
v -1.2150 1.3983 -1.3201
v -1.2133 1.3591 -1.1659
v -1.2133 1.3500 -1.1852
v -1.2133 1.3644 -1.2044
v -1.2133 1.3198 -1.2237
v -1.2133 1.2727 -1.2430
v -1.2133 1.3103 -1.2623
v -1.2133 1.2896 -1.2816
v -1.2133 1.3336 -1.3008
v -1.2133 1.2928 -1.3201
v -1.2117 1.2702 -1.1659
v -1.2117 1.2588 -1.1852
v -1.2117 1.2767 -1.2044
v -1.2117 1.2210 -1.2237
v -1.2117 1.1622 -1.2430
v -1.2117 1.2091 -1.2623
v -1.2117 1.1832 -1.2816
v -1.2117 1.2383 -1.3008
v -1.2117 1.1872 -1.3201
v -1.2100 1.1812 -1.1659
v -1.2100 1.1675 -1.1852
v -1.2100 1.1890 -1.2044
v -1.2100 1.1222 -1.2237
v -1.2100 1.0516 -1.2430
v -1.2100 1.1080 -1.2623
v -1.2100 1.0769 -1.2816
v -1.2100 1.1429 -1.3008
v -1.2100 1.0816 -1.3201
v -1.2200 1.7150 -0.2154
v -1.2200 1.7150 -0.2379
v -1.2200 1.7150 -0.2604
v -1.2200 1.7150 -0.2829
v -1.2200 1.7150 -0.3054
v -1.2200 1.7150 -0.3279
v -1.2200 1.7150 -0.3504
v -1.2183 1.6136 -0.2154
v -1.2183 1.6218 -0.2379
v -1.2183 1.6309 -0.2604
v -1.2183 1.6261 -0.2829
v -1.2183 1.6276 -0.3054
v -1.2183 1.6257 -0.3279
v -1.2183 1.6113 -0.3504
v -1.2167 1.5121 -0.2154
v -1.2167 1.5287 -0.2379
v -1.2167 1.5469 -0.2604
v -1.2167 1.5371 -0.2829
v -1.2167 1.5402 -0.3054
v -1.2167 1.5363 -0.3279
v -1.2167 1.5076 -0.3504
v -1.2150 1.4107 -0.2154
v -1.2150 1.4355 -0.2379
v -1.2150 1.4628 -0.2604
v -1.2150 1.4482 -0.2829
v -1.2150 1.4528 -0.3054
v -1.2150 1.4470 -0.3279
v -1.2150 1.4039 -0.3504
v -1.2133 1.3093 -0.2154
v -1.2133 1.3424 -0.2379
v -1.2133 1.3787 -0.2604
v -1.2133 1.3592 -0.2829
v -1.2133 1.3654 -0.3054
v -1.2133 1.3577 -0.3279
v -1.2133 1.3001 -0.3504
v -1.2117 1.2078 -0.2154
v -1.2117 1.2492 -0.2379
v -1.2117 1.2947 -0.2604
v -1.2117 1.2703 -0.2829
v -1.2117 1.2780 -0.3054
v -1.2117 1.2683 -0.3279
v -1.2117 1.1964 -0.3504
v -1.2100 1.1064 -0.2154
v -1.2100 1.1561 -0.2379
v -1.2100 1.2106 -0.2604
v -1.2100 1.1814 -0.2829
v -1.2100 1.1907 -0.3054
v -1.2100 1.1790 -0.3279
v -1.2100 1.0927 -0.3504
v -1.2200 1.7150 -0.2154
v -1.2200 1.7150 -0.2379
v -1.2200 1.7150 -0.2604
v -1.2200 1.7150 -0.2829
v -1.2200 1.7150 -0.3054
v -1.2200 1.7150 -0.3279
v -1.2200 1.7150 -0.3504
v -1.2183 1.6136 -0.2154
v -1.2183 1.6218 -0.2379
v -1.2183 1.6309 -0.2604
v -1.2183 1.6261 -0.2829
v -1.2183 1.6276 -0.3054
v -1.2183 1.6257 -0.3279
v -1.2183 1.6113 -0.3504
v -1.2167 1.5121 -0.2154
v -1.2167 1.5287 -0.2379
v -1.2167 1.5469 -0.2604
v -1.2167 1.5371 -0.2829
v -1.2167 1.5402 -0.3054
v -1.2167 1.5363 -0.3279
v -1.2167 1.5076 -0.3504
v -1.2150 1.4107 -0.2154
v -1.2150 1.4355 -0.2379
v -1.2150 1.4628 -0.2604
v -1.2150 1.4482 -0.2829
v -1.2150 1.4528 -0.3054
v -1.2150 1.4470 -0.3279
v -1.2150 1.4039 -0.3504
v -1.2133 1.3093 -0.2154
v -1.2133 1.3424 -0.2379
v -1.2133 1.3787 -0.2604
v -1.2133 1.3592 -0.2829
v -1.2133 1.3654 -0.3054
v -1.2133 1.3577 -0.3279
v -1.2133 1.3001 -0.3504
v -1.2117 1.2078 -0.2154
v -1.2117 1.2492 -0.2379
v -1.2117 1.2947 -0.2604
v -1.2117 1.2703 -0.2829
v -1.2117 1.2780 -0.3054
v -1.2117 1.2683 -0.3279
v -1.2117 1.1964 -0.3504
v -1.2100 1.1064 -0.2154
v -1.2100 1.1561 -0.2379
v -1.2100 1.2106 -0.2604
v -1.2100 1.1814 -0.2829
v -1.2100 1.1907 -0.3054
v -1.2100 1.1790 -0.3279
v -1.2100 1.0927 -0.3504
v -1.2200 1.7150 1.3601
v -1.2200 1.7150 1.3395
v -1.2200 1.7150 1.3189
v -1.2200 1.7150 1.2982
v -1.2200 1.7150 1.2776
v -1.2200 1.7150 1.2569
v -1.2200 1.7150 1.2363
v -1.2200 1.7150 1.2157
v -1.2200 1.7150 1.1950
v -1.2200 1.7150 1.1744
v -1.2200 1.7150 1.1538
v -1.2183 1.6201 1.3601
v -1.2183 1.6100 1.3395
v -1.2183 1.6065 1.3189
v -1.2183 1.6211 1.2982
v -1.2183 1.6086 1.2776
v -1.2183 1.5936 1.2569
v -1.2183 1.6183 1.2363
v -1.2183 1.6032 1.2157
v -1.2183 1.6180 1.1950
v -1.2183 1.6038 1.1744
v -1.2183 1.5940 1.1538
v -1.2167 1.5252 1.3601
v -1.2167 1.5050 1.3395
v -1.2167 1.4980 1.3189
v -1.2167 1.5271 1.2982
v -1.2167 1.5022 1.2776
v -1.2167 1.4722 1.2569
v -1.2167 1.5216 1.2363
v -1.2167 1.4915 1.2157
v -1.2167 1.5210 1.1950
v -1.2167 1.4926 1.1744
v -1.2167 1.4729 1.1538
v -1.2150 1.4302 1.3601
v -1.2150 1.4000 1.3395
v -1.2150 1.3895 1.3189
v -1.2150 1.4332 1.2982
v -1.2150 1.3958 1.2776
v -1.2150 1.3509 1.2569
v -1.2150 1.4249 1.2363
v -1.2150 1.3797 1.2157
v -1.2150 1.4241 1.1950
v -1.2150 1.3814 1.1744
v -1.2150 1.3519 1.1538
v -1.2133 1.3353 1.3601
v -1.2133 1.2951 1.3395
v -1.2133 1.2810 1.3189
v -1.2133 1.3392 1.2982
v -1.2133 1.2894 1.2776
v -1.2133 1.2295 1.2569
v -1.2133 1.3282 1.2363
v -1.2133 1.2680 1.2157
v -1.2133 1.3271 1.1950
v -1.2133 1.2702 1.1744
v -1.2133 1.2309 1.1538
v -1.2117 1.2404 1.3601
v -1.2117 1.1901 1.3395
v -1.2117 1.1725 1.3189
v -1.2117 1.2453 1.2982
v -1.2117 1.1829 1.2776
v -1.2117 1.1081 1.2569
v -1.2117 1.2315 1.2363
v -1.2117 1.1562 1.2157
v -1.2117 1.2301 1.1950
v -1.2117 1.1590 1.1744
v -1.2117 1.1098 1.1538
v -1.2100 1.1455 1.3601
v -1.2100 1.0851 1.3395
v -1.2100 1.0640 1.3189
v -1.2100 1.1513 1.2982
v -1.2100 1.0765 1.2776
v -1.2100 0.9867 1.2569
v -1.2100 1.1348 1.2363
v -1.2100 1.0444 1.2157
v -1.2100 1.1331 1.1950
v -1.2100 1.0478 1.1744
v -1.2100 0.9888 1.1538
v -1.2200 1.7150 1.3601
v -1.2200 1.7150 1.3395
v -1.2200 1.7150 1.3189
v -1.2200 1.7150 1.2982
v -1.2200 1.7150 1.2776
v -1.2200 1.7150 1.2569
v -1.2200 1.7150 1.2363
v -1.2200 1.7150 1.2157
v -1.2200 1.7150 1.1950
v -1.2200 1.7150 1.1744
v -1.2200 1.7150 1.1538
v -1.2183 1.6201 1.3601
v -1.2183 1.6100 1.3395
v -1.2183 1.6065 1.3189
v -1.2183 1.6211 1.2982
v -1.2183 1.6086 1.2776
v -1.2183 1.5936 1.2569
v -1.2183 1.6183 1.2363
v -1.2183 1.6032 1.2157
v -1.2183 1.6180 1.1950
v -1.2183 1.6038 1.1744
v -1.2183 1.5940 1.1538
v -1.2167 1.5252 1.3601
v -1.2167 1.5050 1.3395
v -1.2167 1.4980 1.3189
v -1.2167 1.5271 1.2982
v -1.2167 1.5022 1.2776
v -1.2167 1.4722 1.2569
v -1.2167 1.5216 1.2363
v -1.2167 1.4915 1.2157
v -1.2167 1.5210 1.1950
v -1.2167 1.4926 1.1744
v -1.2167 1.4729 1.1538
v -1.2150 1.4302 1.3601
v -1.2150 1.4000 1.3395
v -1.2150 1.3895 1.3189
v -1.2150 1.4332 1.2982
v -1.2150 1.3958 1.2776
v -1.2150 1.3509 1.2569
v -1.2150 1.4249 1.2363
v -1.2150 1.3797 1.2157
v -1.2150 1.4241 1.1950
v -1.2150 1.3814 1.1744
v -1.2150 1.3519 1.1538
v -1.2133 1.3353 1.3601
v -1.2133 1.2951 1.3395
v -1.2133 1.2810 1.3189
v -1.2133 1.3392 1.2982
v -1.2133 1.2894 1.2776
v -1.2133 1.2295 1.2569
v -1.2133 1.3282 1.2363
v -1.2133 1.2680 1.2157
v -1.2133 1.3271 1.1950
v -1.2133 1.2702 1.1744
v -1.2133 1.2309 1.1538
v -1.2117 1.2404 1.3601
v -1.2117 1.1901 1.3395
v -1.2117 1.1725 1.3189
v -1.2117 1.2453 1.2982
v -1.2117 1.1829 1.2776
v -1.2117 1.1081 1.2569
v -1.2117 1.2315 1.2363
v -1.2117 1.1562 1.2157
v -1.2117 1.2301 1.1950
v -1.2117 1.1590 1.1744
v -1.2117 1.1098 1.1538
v -1.2100 1.1455 1.3601
v -1.2100 1.0851 1.3395
v -1.2100 1.0640 1.3189
v -1.2100 1.1513 1.2982
v -1.2100 1.0765 1.2776
v -1.2100 0.9867 1.2569
v -1.2100 1.1348 1.2363
v -1.2100 1.0444 1.2157
v -1.2100 1.1331 1.1950
v -1.2100 1.0478 1.1744
v -1.2100 0.9888 1.1538
v -1.2200 1.7150 2.1592
v -1.2200 1.7150 2.1424
v -1.2200 1.7150 2.1256
v -1.2200 1.7150 2.1087
v -1.2200 1.7150 2.0919
v -1.2200 1.7150 2.0751
v -1.2200 1.7150 2.0582
v -1.2183 1.6578 2.1592
v -1.2183 1.6663 2.1424
v -1.2183 1.6652 2.1256
v -1.2183 1.6585 2.1087
v -1.2183 1.6517 2.0919
v -1.2183 1.6598 2.0751
v -1.2183 1.6601 2.0582
v -1.2167 1.6007 2.1592
v -1.2167 1.6175 2.1424
v -1.2167 1.6154 2.1256
v -1.2167 1.6021 2.1087
v -1.2167 1.5884 2.0919
v -1.2167 1.6045 2.0751
v -1.2167 1.6052 2.0582
v -1.2150 1.5435 2.1592
v -1.2150 1.5688 2.1424
v -1.2150 1.5655 2.1256
v -1.2150 1.5456 2.1087
v -1.2150 1.5250 2.0919
v -1.2150 1.5493 2.0751
v -1.2150 1.5504 2.0582
v -1.2133 1.4863 2.1592
v -1.2133 1.5201 2.1424
v -1.2133 1.5157 2.1256
v -1.2133 1.4891 2.1087
v -1.2133 1.4617 2.0919
v -1.2133 1.4941 2.0751
v -1.2133 1.4955 2.0582
v -1.2117 1.4292 2.1592
v -1.2117 1.4714 2.1424
v -1.2117 1.4659 2.1256
v -1.2117 1.4327 2.1087
v -1.2117 1.3984 2.0919
v -1.2117 1.4388 2.0751
v -1.2117 1.4406 2.0582
v -1.2100 1.3720 2.1592
v -1.2100 1.4226 2.1424
v -1.2100 1.4161 2.1256
v -1.2100 1.3762 2.1087
v -1.2100 1.3351 2.0919
v -1.2100 1.3836 2.0751
v -1.2100 1.3857 2.0582
v -1.2200 1.7150 2.1592
v -1.2200 1.7150 2.1424
v -1.2200 1.7150 2.1256
v -1.2200 1.7150 2.1087
v -1.2200 1.7150 2.0919
v -1.2200 1.7150 2.0751
v -1.2200 1.7150 2.0582
v -1.2183 1.6578 2.1592
v -1.2183 1.6663 2.1424
v -1.2183 1.6652 2.1256
v -1.2183 1.6585 2.1087
v -1.2183 1.6517 2.0919
v -1.2183 1.6598 2.0751
v -1.2183 1.6601 2.0582
v -1.2167 1.6007 2.1592
v -1.2167 1.6175 2.1424
v -1.2167 1.6154 2.1256
v -1.2167 1.6021 2.1087
v -1.2167 1.5884 2.0919
v -1.2167 1.6045 2.0751
v -1.2167 1.6052 2.0582
v -1.2150 1.5435 2.1592
v -1.2150 1.5688 2.1424
v -1.2150 1.5655 2.1256
v -1.2150 1.5456 2.1087
v -1.2150 1.5250 2.0919
v -1.2150 1.5493 2.0751
v -1.2150 1.5504 2.0582
v -1.2133 1.4863 2.1592
v -1.2133 1.5201 2.1424
v -1.2133 1.5157 2.1256
v -1.2133 1.4891 2.1087
v -1.2133 1.4617 2.0919
v -1.2133 1.4941 2.0751
v -1.2133 1.4955 2.0582
v -1.2117 1.4292 2.1592
v -1.2117 1.4714 2.1424
v -1.2117 1.4659 2.1256
v -1.2117 1.4327 2.1087
v -1.2117 1.3984 2.0919
v -1.2117 1.4388 2.0751
v -1.2117 1.4406 2.0582
v -1.2100 1.3720 2.1592
v -1.2100 1.4226 2.1424
v -1.2100 1.4161 2.1256
v -1.2100 1.3762 2.1087
v -1.2100 1.3351 2.0919
v -1.2100 1.3836 2.0751
v -1.2100 1.3857 2.0582
v -1.2200 1.7150 3.6503
v -1.2200 1.7150 3.6318
v -1.2200 1.7150 3.6133
v -1.2200 1.7150 3.5947
v -1.2200 1.7150 3.5762
v -1.2200 1.7150 3.5576
v -1.2200 1.7150 3.5391
v -1.2183 1.6342 3.6503
v -1.2183 1.6231 3.6318
v -1.2183 1.6142 3.6133
v -1.2183 1.6373 3.5947
v -1.2183 1.6245 3.5762
v -1.2183 1.6232 3.5576
v -1.2183 1.6348 3.5391
v -1.2167 1.5535 3.6503
v -1.2167 1.5313 3.6318
v -1.2167 1.5135 3.6133
v -1.2167 1.5595 3.5947
v -1.2167 1.5340 3.5762
v -1.2167 1.5314 3.5576
v -1.2167 1.5547 3.5391
v -1.2150 1.4727 3.6503
v -1.2150 1.4394 3.6318
v -1.2150 1.4127 3.6133
v -1.2150 1.4818 3.5947
v -1.2150 1.4435 3.5762
v -1.2150 1.4396 3.5576
v -1.2150 1.4745 3.5391
v -1.2133 1.3920 3.6503
v -1.2133 1.3475 3.6318
v -1.2133 1.3120 3.6133
v -1.2133 1.4040 3.5947
v -1.2133 1.3530 3.5762
v -1.2133 1.3478 3.5576
v -1.2133 1.3943 3.5391
v -1.2117 1.3112 3.6503
v -1.2117 1.2557 3.6318
v -1.2117 1.2112 3.6133
v -1.2117 1.3263 3.5947
v -1.2117 1.2625 3.5762
v -1.2117 1.2560 3.5576
v -1.2117 1.3142 3.5391
v -1.2100 1.2305 3.6503
v -1.2100 1.1638 3.6318
v -1.2100 1.1105 3.6133
v -1.2100 1.2485 3.5947
v -1.2100 1.1720 3.5762
v -1.2100 1.1642 3.5576
v -1.2100 1.2340 3.5391
v -1.2200 1.7150 3.6503
v -1.2200 1.7150 3.6318
v -1.2200 1.7150 3.6133
v -1.2200 1.7150 3.5947
v -1.2200 1.7150 3.5762
v -1.2200 1.7150 3.5576
v -1.2200 1.7150 3.5391
v -1.2183 1.6342 3.6503
v -1.2183 1.6231 3.6318
v -1.2183 1.6142 3.6133
v -1.2183 1.6373 3.5947
v -1.2183 1.6245 3.5762
v -1.2183 1.6232 3.5576
v -1.2183 1.6348 3.5391
v -1.2167 1.5535 3.6503
v -1.2167 1.5313 3.6318
v -1.2167 1.5135 3.6133
v -1.2167 1.5595 3.5947
v -1.2167 1.5340 3.5762
v -1.2167 1.5314 3.5576
v -1.2167 1.5547 3.5391
v -1.2150 1.4727 3.6503
v -1.2150 1.4394 3.6318
v -1.2150 1.4127 3.6133
v -1.2150 1.4818 3.5947
v -1.2150 1.4435 3.5762
v -1.2150 1.4396 3.5576
v -1.2150 1.4745 3.5391
v -1.2133 1.3920 3.6503
v -1.2133 1.3475 3.6318
v -1.2133 1.3120 3.6133
v -1.2133 1.4040 3.5947
v -1.2133 1.3530 3.5762
v -1.2133 1.3478 3.5576
v -1.2133 1.3943 3.5391
v -1.2117 1.3112 3.6503
v -1.2117 1.2557 3.6318
v -1.2117 1.2112 3.6133
v -1.2117 1.3263 3.5947
v -1.2117 1.2625 3.5762
v -1.2117 1.2560 3.5576
v -1.2117 1.3142 3.5391
v -1.2100 1.2305 3.6503
v -1.2100 1.1638 3.6318
v -1.2100 1.1105 3.6133
v -1.2100 1.2485 3.5947
v -1.2100 1.1720 3.5762
v -1.2100 1.1642 3.5576
v -1.2100 1.2340 3.5391
v -1.2200 1.7150 4.4429
v -1.2200 1.7150 4.4246
v -1.2200 1.7150 4.4064
v -1.2200 1.7150 4.3881
v -1.2200 1.7150 4.3698
v -1.2200 1.7150 4.3515
v -1.2200 1.7150 4.3332
v -1.2200 1.7150 4.3149
v -1.2200 1.7150 4.2967
v -1.2200 1.7150 4.2784
v -1.2200 1.7150 4.2601
v -1.2200 1.7150 4.2418
v -1.2200 1.7150 4.2235
v -1.2183 1.6111 4.4429
v -1.2183 1.5916 4.4246
v -1.2183 1.5835 4.4064
v -1.2183 1.6072 4.3881
v -1.2183 1.5948 4.3698
v -1.2183 1.6137 4.3515
v -1.2183 1.6029 4.3332
v -1.2183 1.5927 4.3149
v -1.2183 1.5955 4.2967
v -1.2183 1.5893 4.2784
v -1.2183 1.6122 4.2601
v -1.2183 1.6036 4.2418
v -1.2183 1.5863 4.2235
v -1.2167 1.5071 4.4429
v -1.2167 1.4683 4.4246
v -1.2167 1.4519 4.4064
v -1.2167 1.4995 4.3881
v -1.2167 1.4745 4.3698
v -1.2167 1.5124 4.3515
v -1.2167 1.4909 4.3332
v -1.2167 1.4703 4.3149
v -1.2167 1.4759 4.2967
v -1.2167 1.4636 4.2784
v -1.2167 1.5095 4.2601
v -1.2167 1.4921 4.2418
v -1.2167 1.4577 4.2235
v -1.2150 1.4032 4.4429
v -1.2150 1.3449 4.4246
v -1.2150 1.3204 4.4064
v -1.2150 1.3917 4.3881
v -1.2150 1.3543 4.3698
v -1.2150 1.4110 4.3515
v -1.2150 1.3788 4.3332
v -1.2150 1.3480 4.3149
v -1.2150 1.3564 4.2967
v -1.2150 1.3380 4.2784
v -1.2150 1.4067 4.2601
v -1.2150 1.3807 4.2418
v -1.2150 1.3290 4.2235
v -1.2133 1.2993 4.4429
v -1.2133 1.2215 4.4246
v -1.2133 1.1888 4.4064
v -1.2133 1.2839 4.3881
v -1.2133 1.2341 4.3698
v -1.2133 1.3097 4.3515
v -1.2133 1.2667 4.3332
v -1.2133 1.2257 4.3149
v -1.2133 1.2368 4.2967
v -1.2133 1.2123 4.2784
v -1.2133 1.3039 4.2601
v -1.2133 1.2692 4.2418
v -1.2133 1.2004 4.2235
v -1.2117 1.1954 4.4429
v -1.2117 1.0981 4.4246
v -1.2117 1.0573 4.4064
v -1.2117 1.1762 4.3881
v -1.2117 1.1138 4.3698
v -1.2117 1.2084 4.3515
v -1.2117 1.1547 4.3332
v -1.2117 1.1033 4.3149
v -1.2117 1.1173 4.2967
v -1.2117 1.0866 4.2784
v -1.2117 1.2011 4.2601
v -1.2117 1.1578 4.2418
v -1.2117 1.0717 4.2235
v -1.2100 1.0914 4.4429
v -1.2100 0.9748 4.4246
v -1.2100 0.9257 4.4064
v -1.2100 1.0684 4.3881
v -1.2100 0.9936 4.3698
v -1.2100 1.1071 4.3515
v -1.2100 1.0426 4.3332
v -1.2100 0.9810 4.3149
v -1.2100 0.9978 4.2967
v -1.2100 0.9609 4.2784
v -1.2100 1.0984 4.2601
v -1.2100 1.0463 4.2418
v -1.2100 0.9431 4.2235
v -1.2200 1.7150 4.4429
v -1.2200 1.7150 4.4246
v -1.2200 1.7150 4.4064
v -1.2200 1.7150 4.3881
v -1.2200 1.7150 4.3698
v -1.2200 1.7150 4.3515
v -1.2200 1.7150 4.3332
v -1.2200 1.7150 4.3149
v -1.2200 1.7150 4.2967
v -1.2200 1.7150 4.2784
v -1.2200 1.7150 4.2601
v -1.2200 1.7150 4.2418
v -1.2200 1.7150 4.2235
v -1.2183 1.6111 4.4429
v -1.2183 1.5916 4.4246
v -1.2183 1.5835 4.4064
v -1.2183 1.6072 4.3881
v -1.2183 1.5948 4.3698
v -1.2183 1.6137 4.3515
v -1.2183 1.6029 4.3332
v -1.2183 1.5927 4.3149
v -1.2183 1.5955 4.2967
v -1.2183 1.5893 4.2784
v -1.2183 1.6122 4.2601
v -1.2183 1.6036 4.2418
v -1.2183 1.5863 4.2235
v -1.2167 1.5071 4.4429
v -1.2167 1.4683 4.4246
v -1.2167 1.4519 4.4064
v -1.2167 1.4995 4.3881
v -1.2167 1.4745 4.3698
v -1.2167 1.5124 4.3515
v -1.2167 1.4909 4.3332
v -1.2167 1.4703 4.3149
v -1.2167 1.4759 4.2967
v -1.2167 1.4636 4.2784
v -1.2167 1.5095 4.2601
v -1.2167 1.4921 4.2418
v -1.2167 1.4577 4.2235
v -1.2150 1.4032 4.4429
v -1.2150 1.3449 4.4246
v -1.2150 1.3204 4.4064
v -1.2150 1.3917 4.3881
v -1.2150 1.3543 4.3698
v -1.2150 1.4110 4.3515
v -1.2150 1.3788 4.3332
v -1.2150 1.3480 4.3149
v -1.2150 1.3564 4.2967
v -1.2150 1.3380 4.2784
v -1.2150 1.4067 4.2601
v -1.2150 1.3807 4.2418
v -1.2150 1.3290 4.2235
v -1.2133 1.2993 4.4429
v -1.2133 1.2215 4.4246
v -1.2133 1.1888 4.4064
v -1.2133 1.2839 4.3881
v -1.2133 1.2341 4.3698
v -1.2133 1.3097 4.3515
v -1.2133 1.2667 4.3332
v -1.2133 1.2257 4.3149
v -1.2133 1.2368 4.2967
v -1.2133 1.2123 4.2784
v -1.2133 1.3039 4.2601
v -1.2133 1.2692 4.2418
v -1.2133 1.2004 4.2235
v -1.2117 1.1954 4.4429
v -1.2117 1.0981 4.4246
v -1.2117 1.0573 4.4064
v -1.2117 1.1762 4.3881
v -1.2117 1.1138 4.3698
v -1.2117 1.2084 4.3515
v -1.2117 1.1547 4.3332
v -1.2117 1.1033 4.3149
v -1.2117 1.1173 4.2967
v -1.2117 1.0866 4.2784
v -1.2117 1.2011 4.2601
v -1.2117 1.1578 4.2418
v -1.2117 1.0717 4.2235
v -1.2100 1.0914 4.4429
v -1.2100 0.9748 4.4246
v -1.2100 0.9257 4.4064
v -1.2100 1.0684 4.3881
v -1.2100 0.9936 4.3698
v -1.2100 1.1071 4.3515
v -1.2100 1.0426 4.3332
v -1.2100 0.9810 4.3149
v -1.2100 0.9978 4.2967
v -1.2100 0.9609 4.2784
v -1.2100 1.0984 4.2601
v -1.2100 1.0463 4.2418
v -1.2100 0.9431 4.2235
v 1.2200 1.7150 -3.0640
v 1.2200 1.7150 -3.0447
v 1.2200 1.7150 -3.0254
v 1.2200 1.7150 -3.0062
v 1.2200 1.7150 -2.9869
v 1.2200 1.7150 -2.9676
v 1.2200 1.7150 -2.9483
v 1.2200 1.7150 -2.9291
v 1.2200 1.7150 -2.9098
v 1.2183 1.6268 -3.0640
v 1.2183 1.6359 -3.0447
v 1.2183 1.6482 -3.0254
v 1.2183 1.6309 -3.0062
v 1.2183 1.6414 -2.9869
v 1.2183 1.6390 -2.9676
v 1.2183 1.6439 -2.9483
v 1.2183 1.6388 -2.9291
v 1.2183 1.6414 -2.9098
v 1.2167 1.5386 -3.0640
v 1.2167 1.5568 -3.0447
v 1.2167 1.5814 -3.0254
v 1.2167 1.5469 -3.0062
v 1.2167 1.5677 -2.9869
v 1.2167 1.5631 -2.9676
v 1.2167 1.5728 -2.9483
v 1.2167 1.5626 -2.9291
v 1.2167 1.5679 -2.9098
v 1.2150 1.4504 -3.0640
v 1.2150 1.4778 -3.0447
v 1.2150 1.5147 -3.0254
v 1.2150 1.4628 -3.0062
v 1.2150 1.4941 -2.9869
v 1.2150 1.4871 -2.9676
v 1.2150 1.5017 -2.9483
v 1.2150 1.4864 -2.9291
v 1.2150 1.4943 -2.9098
v 1.2133 1.3622 -3.0640
v 1.2133 1.3987 -3.0447
v 1.2133 1.4479 -3.0254
v 1.2133 1.3788 -3.0062
v 1.2133 1.4204 -2.9869
v 1.2133 1.4111 -2.9676
v 1.2133 1.4306 -2.9483
v 1.2133 1.4102 -2.9291
v 1.2133 1.4208 -2.9098
v 1.2117 1.2741 -3.0640
v 1.2117 1.3196 -3.0447
v 1.2117 1.3811 -3.0254
v 1.2117 1.2947 -3.0062
v 1.2117 1.3468 -2.9869
v 1.2117 1.3352 -2.9676
v 1.2117 1.3595 -2.9483
v 1.2117 1.3340 -2.9291
v 1.2117 1.3472 -2.9098
v 1.2100 1.1859 -3.0640
v 1.2100 1.2405 -3.0447
v 1.2100 1.3143 -3.0254
v 1.2100 1.2107 -3.0062
v 1.2100 1.2731 -2.9869
v 1.2100 1.2592 -2.9676
v 1.2100 1.2884 -2.9483
v 1.2100 1.2578 -2.9291
v 1.2100 1.2737 -2.9098
v 1.2200 1.7150 -3.0640
v 1.2200 1.7150 -3.0447
v 1.2200 1.7150 -3.0254
v 1.2200 1.7150 -3.0062
v 1.2200 1.7150 -2.9869
v 1.2200 1.7150 -2.9676
v 1.2200 1.7150 -2.9483
v 1.2200 1.7150 -2.9291
v 1.2200 1.7150 -2.9098
v 1.2183 1.6268 -3.0640
v 1.2183 1.6359 -3.0447
v 1.2183 1.6482 -3.0254
v 1.2183 1.6309 -3.0062
v 1.2183 1.6414 -2.9869
v 1.2183 1.6390 -2.9676
v 1.2183 1.6439 -2.9483
v 1.2183 1.6388 -2.9291
v 1.2183 1.6414 -2.9098
v 1.2167 1.5386 -3.0640
v 1.2167 1.5568 -3.0447
v 1.2167 1.5814 -3.0254
v 1.2167 1.5469 -3.0062
v 1.2167 1.5677 -2.9869
v 1.2167 1.5631 -2.9676
v 1.2167 1.5728 -2.9483
v 1.2167 1.5626 -2.9291
v 1.2167 1.5679 -2.9098
v 1.2150 1.4504 -3.0640
v 1.2150 1.4778 -3.0447
v 1.2150 1.5147 -3.0254
v 1.2150 1.4628 -3.0062
v 1.2150 1.4941 -2.9869
v 1.2150 1.4871 -2.9676
v 1.2150 1.5017 -2.9483
v 1.2150 1.4864 -2.9291
v 1.2150 1.4943 -2.9098
v 1.2133 1.3622 -3.0640
v 1.2133 1.3987 -3.0447
v 1.2133 1.4479 -3.0254
v 1.2133 1.3788 -3.0062
v 1.2133 1.4204 -2.9869
v 1.2133 1.4111 -2.9676
v 1.2133 1.4306 -2.9483
v 1.2133 1.4102 -2.9291
v 1.2133 1.4208 -2.9098
v 1.2117 1.2741 -3.0640
v 1.2117 1.3196 -3.0447
v 1.2117 1.3811 -3.0254
v 1.2117 1.2947 -3.0062
v 1.2117 1.3468 -2.9869
v 1.2117 1.3352 -2.9676
v 1.2117 1.3595 -2.9483
v 1.2117 1.3340 -2.9291
v 1.2117 1.3472 -2.9098
v 1.2100 1.1859 -3.0640
v 1.2100 1.2405 -3.0447
v 1.2100 1.3143 -3.0254
v 1.2100 1.2107 -3.0062
v 1.2100 1.2731 -2.9869
v 1.2100 1.2592 -2.9676
v 1.2100 1.2884 -2.9483
v 1.2100 1.2578 -2.9291
v 1.2100 1.2737 -2.9098
v 1.2200 1.7150 -1.5878
v 1.2200 1.7150 -1.5702
v 1.2200 1.7150 -1.5527
v 1.2200 1.7150 -1.5351
v 1.2200 1.7150 -1.5176
v 1.2200 1.7150 -1.5000
v 1.2200 1.7150 -1.4825
v 1.2200 1.7150 -1.4649
v 1.2200 1.7150 -1.4474
v 1.2200 1.7150 -1.4298
v 1.2200 1.7150 -1.4123
v 1.2183 1.6525 -1.5878
v 1.2183 1.6650 -1.5702
v 1.2183 1.6526 -1.5527
v 1.2183 1.6521 -1.5351
v 1.2183 1.6572 -1.5176
v 1.2183 1.6537 -1.5000
v 1.2183 1.6614 -1.4825
v 1.2183 1.6533 -1.4649
v 1.2183 1.6584 -1.4474
v 1.2183 1.6616 -1.4298
v 1.2183 1.6495 -1.4123
v 1.2167 1.5900 -1.5878
v 1.2167 1.6151 -1.5702
v 1.2167 1.5901 -1.5527
v 1.2167 1.5892 -1.5351
v 1.2167 1.5995 -1.5176
v 1.2167 1.5925 -1.5000
v 1.2167 1.6077 -1.4825
v 1.2167 1.5915 -1.4649
v 1.2167 1.6019 -1.4474
v 1.2167 1.6083 -1.4298
v 1.2167 1.5841 -1.4123
v 1.2150 1.5275 -1.5878
v 1.2150 1.5651 -1.5702
v 1.2150 1.5277 -1.5527
v 1.2150 1.5263 -1.5351
v 1.2150 1.5417 -1.5176
v 1.2150 1.5312 -1.5000
v 1.2150 1.5541 -1.4825
v 1.2150 1.5298 -1.4649
v 1.2150 1.5453 -1.4474
v 1.2150 1.5549 -1.4298
v 1.2150 1.5186 -1.4123
v 1.2133 1.4650 -1.5878
v 1.2133 1.5151 -1.5702
v 1.2133 1.4652 -1.5527
v 1.2133 1.4635 -1.5351
v 1.2133 1.4840 -1.5176
v 1.2133 1.4699 -1.5000
v 1.2133 1.5004 -1.4825
v 1.2133 1.4681 -1.4649
v 1.2133 1.4887 -1.4474
v 1.2133 1.5016 -1.4298
v 1.2133 1.4531 -1.4123
v 1.2117 1.4025 -1.5878
v 1.2117 1.4652 -1.5702
v 1.2117 1.4028 -1.5527
v 1.2117 1.4006 -1.5351
v 1.2117 1.4262 -1.5176
v 1.2117 1.4087 -1.5000
v 1.2117 1.4468 -1.4825
v 1.2117 1.4063 -1.4649
v 1.2117 1.4322 -1.4474
v 1.2117 1.4482 -1.4298
v 1.2117 1.3876 -1.4123
v 1.2100 1.3400 -1.5878
v 1.2100 1.4152 -1.5702
v 1.2100 1.3403 -1.5527
v 1.2100 1.3377 -1.5351
v 1.2100 1.3684 -1.5176
v 1.2100 1.3474 -1.5000
v 1.2100 1.3931 -1.4825
v 1.2100 1.3446 -1.4649
v 1.2100 1.3756 -1.4474
v 1.2100 1.3948 -1.4298
v 1.2100 1.3222 -1.4123
v 1.2200 1.7150 -1.5878
v 1.2200 1.7150 -1.5702
v 1.2200 1.7150 -1.5527
v 1.2200 1.7150 -1.5351
v 1.2200 1.7150 -1.5176
v 1.2200 1.7150 -1.5000
v 1.2200 1.7150 -1.4825
v 1.2200 1.7150 -1.4649
v 1.2200 1.7150 -1.4474
v 1.2200 1.7150 -1.4298
v 1.2200 1.7150 -1.4123
v 1.2183 1.6525 -1.5878
v 1.2183 1.6650 -1.5702
v 1.2183 1.6526 -1.5527
v 1.2183 1.6521 -1.5351
v 1.2183 1.6572 -1.5176
v 1.2183 1.6537 -1.5000
v 1.2183 1.6614 -1.4825
v 1.2183 1.6533 -1.4649
v 1.2183 1.6584 -1.4474
v 1.2183 1.6616 -1.4298
v 1.2183 1.6495 -1.4123
v 1.2167 1.5900 -1.5878
v 1.2167 1.6151 -1.5702
v 1.2167 1.5901 -1.5527
v 1.2167 1.5892 -1.5351
v 1.2167 1.5995 -1.5176
v 1.2167 1.5925 -1.5000
v 1.2167 1.6077 -1.4825
v 1.2167 1.5915 -1.4649
v 1.2167 1.6019 -1.4474
v 1.2167 1.6083 -1.4298
v 1.2167 1.5841 -1.4123
v 1.2150 1.5275 -1.5878
v 1.2150 1.5651 -1.5702
v 1.2150 1.5277 -1.5527
v 1.2150 1.5263 -1.5351
v 1.2150 1.5417 -1.5176
v 1.2150 1.5312 -1.5000
v 1.2150 1.5541 -1.4825
v 1.2150 1.5298 -1.4649
v 1.2150 1.5453 -1.4474
v 1.2150 1.5549 -1.4298
v 1.2150 1.5186 -1.4123
v 1.2133 1.4650 -1.5878
v 1.2133 1.5151 -1.5702
v 1.2133 1.4652 -1.5527
v 1.2133 1.4635 -1.5351
v 1.2133 1.4840 -1.5176
v 1.2133 1.4699 -1.5000
v 1.2133 1.5004 -1.4825
v 1.2133 1.4681 -1.4649
v 1.2133 1.4887 -1.4474
v 1.2133 1.5016 -1.4298
v 1.2133 1.4531 -1.4123
v 1.2117 1.4025 -1.5878
v 1.2117 1.4652 -1.5702
v 1.2117 1.4028 -1.5527
v 1.2117 1.4006 -1.5351
v 1.2117 1.4262 -1.5176
v 1.2117 1.4087 -1.5000
v 1.2117 1.4468 -1.4825
v 1.2117 1.4063 -1.4649
v 1.2117 1.4322 -1.4474
v 1.2117 1.4482 -1.4298
v 1.2117 1.3876 -1.4123
v 1.2100 1.3400 -1.5878
v 1.2100 1.4152 -1.5702
v 1.2100 1.3403 -1.5527
v 1.2100 1.3377 -1.5351
v 1.2100 1.3684 -1.5176
v 1.2100 1.3474 -1.5000
v 1.2100 1.3931 -1.4825
v 1.2100 1.3446 -1.4649
v 1.2100 1.3756 -1.4474
v 1.2100 1.3948 -1.4298
v 1.2100 1.3222 -1.4123
v 1.2200 1.7150 -0.7098
v 1.2200 1.7150 -0.6917
v 1.2200 1.7150 -0.6736
v 1.2200 1.7150 -0.6555
v 1.2200 1.7150 -0.6374
v 1.2200 1.7150 -0.6193
v 1.2200 1.7150 -0.6012
v 1.2200 1.7150 -0.5831
v 1.2200 1.7150 -0.5650
v 1.2183 1.6115 -0.7098
v 1.2183 1.6024 -0.6917
v 1.2183 1.6176 -0.6736
v 1.2183 1.5970 -0.6555
v 1.2183 1.6149 -0.6374
v 1.2183 1.6213 -0.6193
v 1.2183 1.5929 -0.6012
v 1.2183 1.6176 -0.5831
v 1.2183 1.5938 -0.5650
v 1.2167 1.5081 -0.7098
v 1.2167 1.4898 -0.6917
v 1.2167 1.5203 -0.6736
v 1.2167 1.4790 -0.6555
v 1.2167 1.5149 -0.6374
v 1.2167 1.5277 -0.6193
v 1.2167 1.4709 -0.6012
v 1.2167 1.5202 -0.5831
v 1.2167 1.4726 -0.5650
v 1.2150 1.4046 -0.7098
v 1.2150 1.3772 -0.6917
v 1.2150 1.4229 -0.6736
v 1.2150 1.3610 -0.6555
v 1.2150 1.4148 -0.6374
v 1.2150 1.4340 -0.6193
v 1.2150 1.3488 -0.6012
v 1.2150 1.4227 -0.5831
v 1.2150 1.3514 -0.5650
v 1.2133 1.3012 -0.7098
v 1.2133 1.2645 -0.6917
v 1.2133 1.3255 -0.6736
v 1.2133 1.2429 -0.6555
v 1.2133 1.3147 -0.6374
v 1.2133 1.3403 -0.6193
v 1.2133 1.2267 -0.6012
v 1.2133 1.3253 -0.5831
v 1.2133 1.2303 -0.5650
v 1.2117 1.1977 -0.7098
v 1.2117 1.1519 -0.6917
v 1.2117 1.2281 -0.6736
v 1.2117 1.1249 -0.6555
v 1.2117 1.2147 -0.6374
v 1.2117 1.2466 -0.6193
v 1.2117 1.1047 -0.6012
v 1.2117 1.2279 -0.5831
v 1.2117 1.1091 -0.5650
v 1.2100 1.0942 -0.7098
v 1.2100 1.0393 -0.6917
v 1.2100 1.1308 -0.6736
v 1.2100 1.0069 -0.6555
v 1.2100 1.1146 -0.6374
v 1.2100 1.1530 -0.6193
v 1.2100 0.9826 -0.6012
v 1.2100 1.1305 -0.5831
v 1.2100 0.9879 -0.5650
v 1.2200 1.7150 -0.7098
v 1.2200 1.7150 -0.6917
v 1.2200 1.7150 -0.6736
v 1.2200 1.7150 -0.6555
v 1.2200 1.7150 -0.6374
v 1.2200 1.7150 -0.6193
v 1.2200 1.7150 -0.6012
v 1.2200 1.7150 -0.5831
v 1.2200 1.7150 -0.5650
v 1.2183 1.6115 -0.7098
v 1.2183 1.6024 -0.6917
v 1.2183 1.6176 -0.6736
v 1.2183 1.5970 -0.6555
v 1.2183 1.6149 -0.6374
v 1.2183 1.6213 -0.6193
v 1.2183 1.5929 -0.6012
v 1.2183 1.6176 -0.5831
v 1.2183 1.5938 -0.5650
v 1.2167 1.5081 -0.7098
v 1.2167 1.4898 -0.6917
v 1.2167 1.5203 -0.6736
v 1.2167 1.4790 -0.6555
v 1.2167 1.5149 -0.6374
v 1.2167 1.5277 -0.6193
v 1.2167 1.4709 -0.6012
v 1.2167 1.5202 -0.5831
v 1.2167 1.4726 -0.5650
v 1.2150 1.4046 -0.7098
v 1.2150 1.3772 -0.6917
v 1.2150 1.4229 -0.6736
v 1.2150 1.3610 -0.6555
v 1.2150 1.4148 -0.6374
v 1.2150 1.4340 -0.6193
v 1.2150 1.3488 -0.6012
v 1.2150 1.4227 -0.5831
v 1.2150 1.3514 -0.5650
v 1.2133 1.3012 -0.7098
v 1.2133 1.2645 -0.6917
v 1.2133 1.3255 -0.6736
v 1.2133 1.2429 -0.6555
v 1.2133 1.3147 -0.6374
v 1.2133 1.3403 -0.6193
v 1.2133 1.2267 -0.6012
v 1.2133 1.3253 -0.5831
v 1.2133 1.2303 -0.5650
v 1.2117 1.1977 -0.7098
v 1.2117 1.1519 -0.6917
v 1.2117 1.2281 -0.6736
v 1.2117 1.1249 -0.6555
v 1.2117 1.2147 -0.6374
v 1.2117 1.2466 -0.6193
v 1.2117 1.1047 -0.6012
v 1.2117 1.2279 -0.5831
v 1.2117 1.1091 -0.5650
v 1.2100 1.0942 -0.7098
v 1.2100 1.0393 -0.6917
v 1.2100 1.1308 -0.6736
v 1.2100 1.0069 -0.6555
v 1.2100 1.1146 -0.6374
v 1.2100 1.1530 -0.6193
v 1.2100 0.9826 -0.6012
v 1.2100 1.1305 -0.5831
v 1.2100 0.9879 -0.5650
v 1.2200 1.7150 1.0365
v 1.2200 1.7150 1.0581
v 1.2200 1.7150 1.0797
v 1.2200 1.7150 1.1013
v 1.2200 1.7150 1.1229
v 1.2200 1.7150 1.1445
v 1.2200 1.7150 1.1661
v 1.2200 1.7150 1.1877
v 1.2200 1.7150 1.2093
v 1.2183 1.6697 1.0365
v 1.2183 1.6675 1.0581
v 1.2183 1.6648 1.0797
v 1.2183 1.6615 1.1013
v 1.2183 1.6563 1.1229
v 1.2183 1.6653 1.1445
v 1.2183 1.6685 1.1661
v 1.2183 1.6623 1.1877
v 1.2183 1.6685 1.2093
v 1.2167 1.6244 1.0365
v 1.2167 1.6200 1.0581
v 1.2167 1.6146 1.0797
v 1.2167 1.6081 1.1013
v 1.2167 1.5975 1.1229
v 1.2167 1.6157 1.1445
v 1.2167 1.6220 1.1661
v 1.2167 1.6095 1.1877
v 1.2167 1.6221 1.2093
v 1.2150 1.5790 1.0365
v 1.2150 1.5725 1.0581
v 1.2150 1.5645 1.0797
v 1.2150 1.5546 1.1013
v 1.2150 1.5388 1.1229
v 1.2150 1.5660 1.1445
v 1.2150 1.5755 1.1661
v 1.2150 1.5568 1.1877
v 1.2150 1.5756 1.2093
v 1.2133 1.5337 1.0365
v 1.2133 1.5250 1.0581
v 1.2133 1.5143 1.0797
v 1.2133 1.5011 1.1013
v 1.2133 1.4801 1.1229
v 1.2133 1.5163 1.1445
v 1.2133 1.5290 1.1661
v 1.2133 1.5040 1.1877
v 1.2133 1.5292 1.2093
v 1.2117 1.4884 1.0365
v 1.2117 1.4775 1.0581
v 1.2117 1.4641 1.0797
v 1.2117 1.4476 1.1013
v 1.2117 1.4214 1.1229
v 1.2117 1.4667 1.1445
v 1.2117 1.4825 1.1661
v 1.2117 1.4513 1.1877
v 1.2117 1.4827 1.2093
v 1.2100 1.4431 1.0365
v 1.2100 1.4300 1.0581
v 1.2100 1.4139 1.0797
v 1.2100 1.3942 1.1013
v 1.2100 1.3626 1.1229
v 1.2100 1.4170 1.1445
v 1.2100 1.4360 1.1661
v 1.2100 1.3986 1.1877
v 1.2100 1.4363 1.2093
v 1.2200 1.7150 1.0365
v 1.2200 1.7150 1.0581
v 1.2200 1.7150 1.0797
v 1.2200 1.7150 1.1013
v 1.2200 1.7150 1.1229
v 1.2200 1.7150 1.1445
v 1.2200 1.7150 1.1661
v 1.2200 1.7150 1.1877
v 1.2200 1.7150 1.2093
v 1.2183 1.6697 1.0365
v 1.2183 1.6675 1.0581
v 1.2183 1.6648 1.0797
v 1.2183 1.6615 1.1013
v 1.2183 1.6563 1.1229
v 1.2183 1.6653 1.1445
v 1.2183 1.6685 1.1661
v 1.2183 1.6623 1.1877
v 1.2183 1.6685 1.2093
v 1.2167 1.6244 1.0365
v 1.2167 1.6200 1.0581
v 1.2167 1.6146 1.0797
v 1.2167 1.6081 1.1013
v 1.2167 1.5975 1.1229
v 1.2167 1.6157 1.1445
v 1.2167 1.6220 1.1661
v 1.2167 1.6095 1.1877
v 1.2167 1.6221 1.2093
v 1.2150 1.5790 1.0365
v 1.2150 1.5725 1.0581
v 1.2150 1.5645 1.0797
v 1.2150 1.5546 1.1013
v 1.2150 1.5388 1.1229
v 1.2150 1.5660 1.1445
v 1.2150 1.5755 1.1661
v 1.2150 1.5568 1.1877
v 1.2150 1.5756 1.2093
v 1.2133 1.5337 1.0365
v 1.2133 1.5250 1.0581
v 1.2133 1.5143 1.0797
v 1.2133 1.5011 1.1013
v 1.2133 1.4801 1.1229
v 1.2133 1.5163 1.1445
v 1.2133 1.5290 1.1661
v 1.2133 1.5040 1.1877
v 1.2133 1.5292 1.2093
v 1.2117 1.4884 1.0365
v 1.2117 1.4775 1.0581
v 1.2117 1.4641 1.0797
v 1.2117 1.4476 1.1013
v 1.2117 1.4214 1.1229
v 1.2117 1.4667 1.1445
v 1.2117 1.4825 1.1661
v 1.2117 1.4513 1.1877
v 1.2117 1.4827 1.2093
v 1.2100 1.4431 1.0365
v 1.2100 1.4300 1.0581
v 1.2100 1.4139 1.0797
v 1.2100 1.3942 1.1013
v 1.2100 1.3626 1.1229
v 1.2100 1.4170 1.1445
v 1.2100 1.4360 1.1661
v 1.2100 1.3986 1.1877
v 1.2100 1.4363 1.2093
v 1.2200 1.7150 1.6116
v 1.2200 1.7150 1.6325
v 1.2200 1.7150 1.6533
v 1.2200 1.7150 1.6742
v 1.2200 1.7150 1.6950
v 1.2200 1.7150 1.7158
v 1.2200 1.7150 1.7367
v 1.2200 1.7150 1.7575
v 1.2200 1.7150 1.7784
v 1.2183 1.6303 1.6116
v 1.2183 1.6196 1.6325
v 1.2183 1.6127 1.6533
v 1.2183 1.6110 1.6742
v 1.2183 1.6215 1.6950
v 1.2183 1.6076 1.7158
v 1.2183 1.6274 1.7367
v 1.2183 1.6123 1.7575
v 1.2183 1.6108 1.7784
v 1.2167 1.5456 1.6116
v 1.2167 1.5243 1.6325
v 1.2167 1.5103 1.6533
v 1.2167 1.5070 1.6742
v 1.2167 1.5280 1.6950
v 1.2167 1.5002 1.7158
v 1.2167 1.5399 1.7367
v 1.2167 1.5097 1.7575
v 1.2167 1.5066 1.7784
v 1.2150 1.4609 1.6116
v 1.2150 1.4289 1.6325
v 1.2150 1.4080 1.6533
v 1.2150 1.4030 1.6742
v 1.2150 1.4346 1.6950
v 1.2150 1.3928 1.7158
v 1.2150 1.4523 1.7367
v 1.2150 1.4070 1.7575
v 1.2150 1.4023 1.7784
v 1.2133 1.3762 1.6116
v 1.2133 1.3335 1.6325
v 1.2133 1.3056 1.6533
v 1.2133 1.2989 1.6742
v 1.2133 1.3411 1.6950
v 1.2133 1.2853 1.7158
v 1.2133 1.3647 1.7367
v 1.2133 1.3043 1.7575
v 1.2133 1.2981 1.7784
v 1.2117 1.2914 1.6116
v 1.2117 1.2381 1.6325
v 1.2117 1.2033 1.6533
v 1.2117 1.1949 1.6742
v 1.2117 1.2476 1.6950
v 1.2117 1.1779 1.7158
v 1.2117 1.2771 1.7367
v 1.2117 1.2017 1.7575
v 1.2117 1.1939 1.7784
v 1.2100 1.2067 1.6116
v 1.2100 1.1428 1.6325
v 1.2100 1.1009 1.6533
v 1.2100 1.0909 1.6742
v 1.2100 1.1541 1.6950
v 1.2100 1.0705 1.7158
v 1.2100 1.1896 1.7367
v 1.2100 1.0990 1.7575
v 1.2100 1.0897 1.7784
v 1.2200 1.7150 1.6116
v 1.2200 1.7150 1.6325
v 1.2200 1.7150 1.6533
v 1.2200 1.7150 1.6742
v 1.2200 1.7150 1.6950
v 1.2200 1.7150 1.7158
v 1.2200 1.7150 1.7367
v 1.2200 1.7150 1.7575
v 1.2200 1.7150 1.7784
v 1.2183 1.6303 1.6116
v 1.2183 1.6196 1.6325
v 1.2183 1.6127 1.6533
v 1.2183 1.6110 1.6742
v 1.2183 1.6215 1.6950
v 1.2183 1.6076 1.7158
v 1.2183 1.6274 1.7367
v 1.2183 1.6123 1.7575
v 1.2183 1.6108 1.7784
v 1.2167 1.5456 1.6116
v 1.2167 1.5243 1.6325
v 1.2167 1.5103 1.6533
v 1.2167 1.5070 1.6742
v 1.2167 1.5280 1.6950
v 1.2167 1.5002 1.7158
v 1.2167 1.5399 1.7367
v 1.2167 1.5097 1.7575
v 1.2167 1.5066 1.7784
v 1.2150 1.4609 1.6116
v 1.2150 1.4289 1.6325
v 1.2150 1.4080 1.6533
v 1.2150 1.4030 1.6742
v 1.2150 1.4346 1.6950
v 1.2150 1.3928 1.7158
v 1.2150 1.4523 1.7367
v 1.2150 1.4070 1.7575
v 1.2150 1.4023 1.7784
v 1.2133 1.3762 1.6116
v 1.2133 1.3335 1.6325
v 1.2133 1.3056 1.6533
v 1.2133 1.2989 1.6742
v 1.2133 1.3411 1.6950
v 1.2133 1.2853 1.7158
v 1.2133 1.3647 1.7367
v 1.2133 1.3043 1.7575
v 1.2133 1.2981 1.7784
v 1.2117 1.2914 1.6116
v 1.2117 1.2381 1.6325
v 1.2117 1.2033 1.6533
v 1.2117 1.1949 1.6742
v 1.2117 1.2476 1.6950
v 1.2117 1.1779 1.7158
v 1.2117 1.2771 1.7367
v 1.2117 1.2017 1.7575
v 1.2117 1.1939 1.7784
v 1.2100 1.2067 1.6116
v 1.2100 1.1428 1.6325
v 1.2100 1.1009 1.6533
v 1.2100 1.0909 1.6742
v 1.2100 1.1541 1.6950
v 1.2100 1.0705 1.7158
v 1.2100 1.1896 1.7367
v 1.2100 1.0990 1.7575
v 1.2100 1.0897 1.7784
v 1.2200 1.7150 3.4101
v 1.2200 1.7150 3.4300
v 1.2200 1.7150 3.4499
v 1.2200 1.7150 3.4698
v 1.2200 1.7150 3.4897
v 1.2200 1.7150 3.5096
v 1.2200 1.7150 3.5296
v 1.2200 1.7150 3.5495
v 1.2200 1.7150 3.5694
v 1.2183 1.6649 3.4101
v 1.2183 1.6570 3.4300
v 1.2183 1.6628 3.4499
v 1.2183 1.6553 3.4698
v 1.2183 1.6643 3.4897
v 1.2183 1.6528 3.5096
v 1.2183 1.6620 3.5296
v 1.2183 1.6655 3.5495
v 1.2183 1.6628 3.5694
v 1.2167 1.6147 3.4101
v 1.2167 1.5989 3.4300
v 1.2167 1.6106 3.4499
v 1.2167 1.5956 3.4698
v 1.2167 1.6136 3.4897
v 1.2167 1.5907 3.5096
v 1.2167 1.6090 3.5296
v 1.2167 1.6159 3.5495
v 1.2167 1.6106 3.5694
v 1.2150 1.5646 3.4101
v 1.2150 1.5409 3.4300
v 1.2150 1.5585 3.4499
v 1.2150 1.5359 3.4698
v 1.2150 1.5628 3.4897
v 1.2150 1.5285 3.5096
v 1.2150 1.5560 3.5296
v 1.2150 1.5664 3.5495
v 1.2150 1.5583 3.5694
v 1.2133 1.5145 3.4101
v 1.2133 1.4829 3.4300
v 1.2133 1.5063 3.4499
v 1.2133 1.4763 3.4698
v 1.2133 1.5121 3.4897
v 1.2133 1.4664 3.5096
v 1.2133 1.5030 3.5296
v 1.2133 1.5168 3.5495
v 1.2133 1.5061 3.5694
v 1.2117 1.4644 3.4101
v 1.2117 1.4249 3.4300
v 1.2117 1.4541 3.4499
v 1.2117 1.4166 3.4698
v 1.2117 1.4614 3.4897
v 1.2117 1.4042 3.5096
v 1.2117 1.4501 3.5296
v 1.2117 1.4673 3.5495
v 1.2117 1.4539 3.5694
v 1.2100 1.4142 3.4101
v 1.2100 1.3668 3.4300
v 1.2100 1.4019 3.4499
v 1.2100 1.3569 3.4698
v 1.2100 1.4107 3.4897
v 1.2100 1.3420 3.5096
v 1.2100 1.3971 3.5296
v 1.2100 1.4177 3.5495
v 1.2100 1.4017 3.5694
v 1.2200 1.7150 3.4101
v 1.2200 1.7150 3.4300
v 1.2200 1.7150 3.4499
v 1.2200 1.7150 3.4698
v 1.2200 1.7150 3.4897
v 1.2200 1.7150 3.5096
v 1.2200 1.7150 3.5296
v 1.2200 1.7150 3.5495
v 1.2200 1.7150 3.5694
v 1.2183 1.6649 3.4101
v 1.2183 1.6570 3.4300
v 1.2183 1.6628 3.4499
v 1.2183 1.6553 3.4698
v 1.2183 1.6643 3.4897
v 1.2183 1.6528 3.5096
v 1.2183 1.6620 3.5296
v 1.2183 1.6655 3.5495
v 1.2183 1.6628 3.5694
v 1.2167 1.6147 3.4101
v 1.2167 1.5989 3.4300
v 1.2167 1.6106 3.4499
v 1.2167 1.5956 3.4698
v 1.2167 1.6136 3.4897
v 1.2167 1.5907 3.5096
v 1.2167 1.6090 3.5296
v 1.2167 1.6159 3.5495
v 1.2167 1.6106 3.5694
v 1.2150 1.5646 3.4101
v 1.2150 1.5409 3.4300
v 1.2150 1.5585 3.4499
v 1.2150 1.5359 3.4698
v 1.2150 1.5628 3.4897
v 1.2150 1.5285 3.5096
v 1.2150 1.5560 3.5296
v 1.2150 1.5664 3.5495
v 1.2150 1.5583 3.5694
v 1.2133 1.5145 3.4101
v 1.2133 1.4829 3.4300
v 1.2133 1.5063 3.4499
v 1.2133 1.4763 3.4698
v 1.2133 1.5121 3.4897
v 1.2133 1.4664 3.5096
v 1.2133 1.5030 3.5296
v 1.2133 1.5168 3.5495
v 1.2133 1.5061 3.5694
v 1.2117 1.4644 3.4101
v 1.2117 1.4249 3.4300
v 1.2117 1.4541 3.4499
v 1.2117 1.4166 3.4698
v 1.2117 1.4614 3.4897
v 1.2117 1.4042 3.5096
v 1.2117 1.4501 3.5296
v 1.2117 1.4673 3.5495
v 1.2117 1.4539 3.5694
v 1.2100 1.4142 3.4101
v 1.2100 1.3668 3.4300
v 1.2100 1.4019 3.4499
v 1.2100 1.3569 3.4698
v 1.2100 1.4107 3.4897
v 1.2100 1.3420 3.5096
v 1.2100 1.3971 3.5296
v 1.2100 1.4177 3.5495
v 1.2100 1.4017 3.5694
v 1.2200 1.7150 4.0042
v 1.2200 1.7150 4.0251
v 1.2200 1.7150 4.0460
v 1.2200 1.7150 4.0668
v 1.2200 1.7150 4.0877
v 1.2200 1.7150 4.1086
v 1.2200 1.7150 4.1295
v 1.2200 1.7150 4.1504
v 1.2200 1.7150 4.1713
v 1.2183 1.6456 4.0042
v 1.2183 1.6389 4.0251
v 1.2183 1.6287 4.0460
v 1.2183 1.6377 4.0668
v 1.2183 1.6288 4.0877
v 1.2183 1.6488 4.1086
v 1.2183 1.6277 4.1295
v 1.2183 1.6300 4.1504
v 1.2183 1.6375 4.1713
v 1.2167 1.5763 4.0042
v 1.2167 1.5627 4.0251
v 1.2167 1.5424 4.0460
v 1.2167 1.5604 4.0668
v 1.2167 1.5427 4.0877
v 1.2167 1.5826 4.1086
v 1.2167 1.5404 4.1295
v 1.2167 1.5449 4.1504
v 1.2167 1.5600 4.1713
v 1.2150 1.5069 4.0042
v 1.2150 1.4866 4.0251
v 1.2150 1.4561 4.0460
v 1.2150 1.4831 4.0668
v 1.2150 1.4565 4.0877
v 1.2150 1.5163 4.1086
v 1.2150 1.4531 4.1295
v 1.2150 1.4599 4.1504
v 1.2150 1.4825 4.1713
v 1.2133 1.4375 4.0042
v 1.2133 1.4105 4.0251
v 1.2133 1.3699 4.0460
v 1.2133 1.4058 4.0668
v 1.2133 1.3703 4.0877
v 1.2133 1.4501 4.1086
v 1.2133 1.3658 4.1295
v 1.2133 1.3749 4.1504
v 1.2133 1.4050 4.1713
v 1.2117 1.3681 4.0042
v 1.2117 1.3343 4.0251
v 1.2117 1.2836 4.0460
v 1.2117 1.3285 4.0668
v 1.2117 1.2841 4.0877
v 1.2117 1.3839 4.1086
v 1.2117 1.2785 4.1295
v 1.2117 1.2899 4.1504
v 1.2117 1.3275 4.1713
v 1.2100 1.2988 4.0042
v 1.2100 1.2582 4.0251
v 1.2100 1.1973 4.0460
v 1.2100 1.2512 4.0668
v 1.2100 1.1980 4.0877
v 1.2100 1.3177 4.1086
v 1.2100 1.1912 4.1295
v 1.2100 1.2048 4.1504
v 1.2100 1.2500 4.1713
v 1.2200 1.7150 4.0042
v 1.2200 1.7150 4.0251
v 1.2200 1.7150 4.0460
v 1.2200 1.7150 4.0668
v 1.2200 1.7150 4.0877
v 1.2200 1.7150 4.1086
v 1.2200 1.7150 4.1295
v 1.2200 1.7150 4.1504
v 1.2200 1.7150 4.1713
v 1.2183 1.6456 4.0042
v 1.2183 1.6389 4.0251
v 1.2183 1.6287 4.0460
v 1.2183 1.6377 4.0668
v 1.2183 1.6288 4.0877
v 1.2183 1.6488 4.1086
v 1.2183 1.6277 4.1295
v 1.2183 1.6300 4.1504
v 1.2183 1.6375 4.1713
v 1.2167 1.5763 4.0042
v 1.2167 1.5627 4.0251
v 1.2167 1.5424 4.0460
v 1.2167 1.5604 4.0668
v 1.2167 1.5427 4.0877
v 1.2167 1.5826 4.1086
v 1.2167 1.5404 4.1295
v 1.2167 1.5449 4.1504
v 1.2167 1.5600 4.1713
v 1.2150 1.5069 4.0042
v 1.2150 1.4866 4.0251
v 1.2150 1.4561 4.0460
v 1.2150 1.4831 4.0668
v 1.2150 1.4565 4.0877
v 1.2150 1.5163 4.1086
v 1.2150 1.4531 4.1295
v 1.2150 1.4599 4.1504
v 1.2150 1.4825 4.1713
v 1.2133 1.4375 4.0042
v 1.2133 1.4105 4.0251
v 1.2133 1.3699 4.0460
v 1.2133 1.4058 4.0668
v 1.2133 1.3703 4.0877
v 1.2133 1.4501 4.1086
v 1.2133 1.3658 4.1295
v 1.2133 1.3749 4.1504
v 1.2133 1.4050 4.1713
v 1.2117 1.3681 4.0042
v 1.2117 1.3343 4.0251
v 1.2117 1.2836 4.0460
v 1.2117 1.3285 4.0668
v 1.2117 1.2841 4.0877
v 1.2117 1.3839 4.1086
v 1.2117 1.2785 4.1295
v 1.2117 1.2899 4.1504
v 1.2117 1.3275 4.1713
v 1.2100 1.2988 4.0042
v 1.2100 1.2582 4.0251
v 1.2100 1.1973 4.0460
v 1.2100 1.2512 4.0668
v 1.2100 1.1980 4.0877
v 1.2100 1.3177 4.1086
v 1.2100 1.1912 4.1295
v 1.2100 1.2048 4.1504
v 1.2100 1.2500 4.1713
vt 0.0000 0.0000
vt 0.0290 0.0000
vt 0.0579 0.0000
vt 0.0869 0.0000
vt 0.1158 0.0000
vt 0.1448 0.0000
vt 0.1738 0.0000
vt 0.2027 0.0000
vt 0.2317 0.0000
vt 0.0000 0.0687
vt 0.0290 0.0687
vt 0.0579 0.0687
vt 0.0869 0.0687
vt 0.1158 0.0687
vt 0.1448 0.0687
vt 0.1738 0.0687
vt 0.2027 0.0687
vt 0.2317 0.0687
vt 0.0000 0.1374
vt 0.0290 0.1374
vt 0.0579 0.1374
vt 0.0869 0.1374
vt 0.1158 0.1374
vt 0.1448 0.1374
vt 0.1738 0.1374
vt 0.2027 0.1374
vt 0.2317 0.1374
vt 0.0000 0.2062
vt 0.0290 0.2062
vt 0.0579 0.2062
vt 0.0869 0.2062
vt 0.1158 0.2062
vt 0.1448 0.2062
vt 0.1738 0.2062
vt 0.2027 0.2062
vt 0.2317 0.2062
vt 0.0000 0.2749
vt 0.0290 0.2749
vt 0.0579 0.2749
vt 0.0869 0.2749
vt 0.1158 0.2749
vt 0.1448 0.2749
vt 0.1738 0.2749
vt 0.2027 0.2749
vt 0.2317 0.2749
vt 0.0000 0.3436
vt 0.0290 0.3436
vt 0.0579 0.3436
vt 0.0869 0.3436
vt 0.1158 0.3436
vt 0.1448 0.3436
vt 0.1738 0.3436
vt 0.2027 0.3436
vt 0.2317 0.3436
vt 0.0000 0.4123
vt 0.0290 0.4123
vt 0.0579 0.4123
vt 0.0869 0.4123
vt 0.1158 0.4123
vt 0.1448 0.4123
vt 0.1738 0.4123
vt 0.2027 0.4123
vt 0.2317 0.4123
vt 0.0000 0.0000
vt 0.0290 0.0000
vt 0.0579 0.0000
vt 0.0869 0.0000
vt 0.1158 0.0000
vt 0.1448 0.0000
vt 0.1738 0.0000
vt 0.2027 0.0000
vt 0.2317 0.0000
vt 0.0000 0.0687
vt 0.0290 0.0687
vt 0.0579 0.0687
vt 0.0869 0.0687
vt 0.1158 0.0687
vt 0.1448 0.0687
vt 0.1738 0.0687
vt 0.2027 0.0687
vt 0.2317 0.0687
vt 0.0000 0.1374
vt 0.0290 0.1374
vt 0.0579 0.1374
vt 0.0869 0.1374
vt 0.1158 0.1374
vt 0.1448 0.1374
vt 0.1738 0.1374
vt 0.2027 0.1374
vt 0.2317 0.1374
vt 0.0000 0.2062
vt 0.0290 0.2062
vt 0.0579 0.2062
vt 0.0869 0.2062
vt 0.1158 0.2062
vt 0.1448 0.2062
vt 0.1738 0.2062
vt 0.2027 0.2062
vt 0.2317 0.2062
vt 0.0000 0.2749
vt 0.0290 0.2749
vt 0.0579 0.2749
vt 0.0869 0.2749
vt 0.1158 0.2749
vt 0.1448 0.2749
vt 0.1738 0.2749
vt 0.2027 0.2749
vt 0.2317 0.2749
vt 0.0000 0.3436
vt 0.0290 0.3436
vt 0.0579 0.3436
vt 0.0869 0.3436
vt 0.1158 0.3436
vt 0.1448 0.3436
vt 0.1738 0.3436
vt 0.2027 0.3436
vt 0.2317 0.3436
vt 0.0000 0.4123
vt 0.0290 0.4123
vt 0.0579 0.4123
vt 0.0869 0.4123
vt 0.1158 0.4123
vt 0.1448 0.4123
vt 0.1738 0.4123
vt 0.2027 0.4123
vt 0.2317 0.4123
vt 0.0000 0.0000
vt 0.0308 0.0000
vt 0.0617 0.0000
vt 0.0925 0.0000
vt 0.1234 0.0000
vt 0.1542 0.0000
vt 0.1851 0.0000
vt 0.2159 0.0000
vt 0.2468 0.0000
vt 0.0000 0.1127
vt 0.0308 0.1127
vt 0.0617 0.1127
vt 0.0925 0.1127
vt 0.1234 0.1127
vt 0.1542 0.1127
vt 0.1851 0.1127
vt 0.2159 0.1127
vt 0.2468 0.1127
vt 0.0000 0.2254
vt 0.0308 0.2254
vt 0.0617 0.2254
vt 0.0925 0.2254
vt 0.1234 0.2254
vt 0.1542 0.2254
vt 0.1851 0.2254
vt 0.2159 0.2254
vt 0.2468 0.2254
vt 0.0000 0.3381
vt 0.0308 0.3381
vt 0.0617 0.3381
vt 0.0925 0.3381
vt 0.1234 0.3381
vt 0.1542 0.3381
vt 0.1851 0.3381
vt 0.2159 0.3381
vt 0.2468 0.3381
vt 0.0000 0.4509
vt 0.0308 0.4509
vt 0.0617 0.4509
vt 0.0925 0.4509
vt 0.1234 0.4509
vt 0.1542 0.4509
vt 0.1851 0.4509
vt 0.2159 0.4509
vt 0.2468 0.4509
vt 0.0000 0.5636
vt 0.0308 0.5636
vt 0.0617 0.5636
vt 0.0925 0.5636
vt 0.1234 0.5636
vt 0.1542 0.5636
vt 0.1851 0.5636
vt 0.2159 0.5636
vt 0.2468 0.5636
vt 0.0000 0.6763
vt 0.0308 0.6763
vt 0.0617 0.6763
vt 0.0925 0.6763
vt 0.1234 0.6763
vt 0.1542 0.6763
vt 0.1851 0.6763
vt 0.2159 0.6763
vt 0.2468 0.6763
vt 0.0000 0.0000
vt 0.0308 0.0000
vt 0.0617 0.0000
vt 0.0925 0.0000
vt 0.1234 0.0000
vt 0.1542 0.0000
vt 0.1851 0.0000
vt 0.2159 0.0000
vt 0.2468 0.0000
vt 0.0000 0.1127
vt 0.0308 0.1127
vt 0.0617 0.1127
vt 0.0925 0.1127
vt 0.1234 0.1127
vt 0.1542 0.1127
vt 0.1851 0.1127
vt 0.2159 0.1127
vt 0.2468 0.1127
vt 0.0000 0.2254
vt 0.0308 0.2254
vt 0.0617 0.2254
vt 0.0925 0.2254
vt 0.1234 0.2254
vt 0.1542 0.2254
vt 0.1851 0.2254
vt 0.2159 0.2254
vt 0.2468 0.2254
vt 0.0000 0.3381
vt 0.0308 0.3381
vt 0.0617 0.3381
vt 0.0925 0.3381
vt 0.1234 0.3381
vt 0.1542 0.3381
vt 0.1851 0.3381
vt 0.2159 0.3381
vt 0.2468 0.3381
vt 0.0000 0.4509
vt 0.0308 0.4509
vt 0.0617 0.4509
vt 0.0925 0.4509
vt 0.1234 0.4509
vt 0.1542 0.4509
vt 0.1851 0.4509
vt 0.2159 0.4509
vt 0.2468 0.4509
vt 0.0000 0.5636
vt 0.0308 0.5636
vt 0.0617 0.5636
vt 0.0925 0.5636
vt 0.1234 0.5636
vt 0.1542 0.5636
vt 0.1851 0.5636
vt 0.2159 0.5636
vt 0.2468 0.5636
vt 0.0000 0.6763
vt 0.0308 0.6763
vt 0.0617 0.6763
vt 0.0925 0.6763
vt 0.1234 0.6763
vt 0.1542 0.6763
vt 0.1851 0.6763
vt 0.2159 0.6763
vt 0.2468 0.6763
vt 0.0000 0.0000
vt 0.0360 0.0000
vt 0.0720 0.0000
vt 0.1080 0.0000
vt 0.1439 0.0000
vt 0.1799 0.0000
vt 0.2159 0.0000
vt 0.0000 0.1089
vt 0.0360 0.1089
vt 0.0720 0.1089
vt 0.1080 0.1089
vt 0.1439 0.1089
vt 0.1799 0.1089
vt 0.2159 0.1089
vt 0.0000 0.2178
vt 0.0360 0.2178
vt 0.0720 0.2178
vt 0.1080 0.2178
vt 0.1439 0.2178
vt 0.1799 0.2178
vt 0.2159 0.2178
vt 0.0000 0.3267
vt 0.0360 0.3267
vt 0.0720 0.3267
vt 0.1080 0.3267
vt 0.1439 0.3267
vt 0.1799 0.3267
vt 0.2159 0.3267
vt 0.0000 0.4356
vt 0.0360 0.4356
vt 0.0720 0.4356
vt 0.1080 0.4356
vt 0.1439 0.4356
vt 0.1799 0.4356
vt 0.2159 0.4356
vt 0.0000 0.5445
vt 0.0360 0.5445
vt 0.0720 0.5445
vt 0.1080 0.5445
vt 0.1439 0.5445
vt 0.1799 0.5445
vt 0.2159 0.5445
vt 0.0000 0.6534
vt 0.0360 0.6534
vt 0.0720 0.6534
vt 0.1080 0.6534
vt 0.1439 0.6534
vt 0.1799 0.6534
vt 0.2159 0.6534
vt 0.0000 0.0000
vt 0.0360 0.0000
vt 0.0720 0.0000
vt 0.1080 0.0000
vt 0.1439 0.0000
vt 0.1799 0.0000
vt 0.2159 0.0000
vt 0.0000 0.1089
vt 0.0360 0.1089
vt 0.0720 0.1089
vt 0.1080 0.1089
vt 0.1439 0.1089
vt 0.1799 0.1089
vt 0.2159 0.1089
vt 0.0000 0.2178
vt 0.0360 0.2178
vt 0.0720 0.2178
vt 0.1080 0.2178
vt 0.1439 0.2178
vt 0.1799 0.2178
vt 0.2159 0.2178
vt 0.0000 0.3267
vt 0.0360 0.3267
vt 0.0720 0.3267
vt 0.1080 0.3267
vt 0.1439 0.3267
vt 0.1799 0.3267
vt 0.2159 0.3267
vt 0.0000 0.4356
vt 0.0360 0.4356
vt 0.0720 0.4356
vt 0.1080 0.4356
vt 0.1439 0.4356
vt 0.1799 0.4356
vt 0.2159 0.4356
vt 0.0000 0.5445
vt 0.0360 0.5445
vt 0.0720 0.5445
vt 0.1080 0.5445
vt 0.1439 0.5445
vt 0.1799 0.5445
vt 0.2159 0.5445
vt 0.0000 0.6534
vt 0.0360 0.6534
vt 0.0720 0.6534
vt 0.1080 0.6534
vt 0.1439 0.6534
vt 0.1799 0.6534
vt 0.2159 0.6534
vt 0.0000 0.0000
vt 0.0330 0.0000
vt 0.0660 0.0000
vt 0.0991 0.0000
vt 0.1321 0.0000
vt 0.1651 0.0000
vt 0.1981 0.0000
vt 0.2311 0.0000
vt 0.2642 0.0000
vt 0.2972 0.0000
vt 0.3302 0.0000
vt 0.0000 0.1243
vt 0.0330 0.1243
vt 0.0660 0.1243
vt 0.0991 0.1243
vt 0.1321 0.1243
vt 0.1651 0.1243
vt 0.1981 0.1243
vt 0.2311 0.1243
vt 0.2642 0.1243
vt 0.2972 0.1243
vt 0.3302 0.1243
vt 0.0000 0.2486
vt 0.0330 0.2486
vt 0.0660 0.2486
vt 0.0991 0.2486
vt 0.1321 0.2486
vt 0.1651 0.2486
vt 0.1981 0.2486
vt 0.2311 0.2486
vt 0.2642 0.2486
vt 0.2972 0.2486
vt 0.3302 0.2486
vt 0.0000 0.3729
vt 0.0330 0.3729
vt 0.0660 0.3729
vt 0.0991 0.3729
vt 0.1321 0.3729
vt 0.1651 0.3729
vt 0.1981 0.3729
vt 0.2311 0.3729
vt 0.2642 0.3729
vt 0.2972 0.3729
vt 0.3302 0.3729
vt 0.0000 0.4971
vt 0.0330 0.4971
vt 0.0660 0.4971
vt 0.0991 0.4971
vt 0.1321 0.4971
vt 0.1651 0.4971
vt 0.1981 0.4971
vt 0.2311 0.4971
vt 0.2642 0.4971
vt 0.2972 0.4971
vt 0.3302 0.4971
vt 0.0000 0.6214
vt 0.0330 0.6214
vt 0.0660 0.6214
vt 0.0991 0.6214
vt 0.1321 0.6214
vt 0.1651 0.6214
vt 0.1981 0.6214
vt 0.2311 0.6214
vt 0.2642 0.6214
vt 0.2972 0.6214
vt 0.3302 0.6214
vt 0.0000 0.7457
vt 0.0330 0.7457
vt 0.0660 0.7457
vt 0.0991 0.7457
vt 0.1321 0.7457
vt 0.1651 0.7457
vt 0.1981 0.7457
vt 0.2311 0.7457
vt 0.2642 0.7457
vt 0.2972 0.7457
vt 0.3302 0.7457
vt 0.0000 0.0000
vt 0.0330 0.0000
vt 0.0660 0.0000
vt 0.0991 0.0000
vt 0.1321 0.0000
vt 0.1651 0.0000
vt 0.1981 0.0000
vt 0.2311 0.0000
vt 0.2642 0.0000
vt 0.2972 0.0000
vt 0.3302 0.0000
vt 0.0000 0.1243
vt 0.0330 0.1243
vt 0.0660 0.1243
vt 0.0991 0.1243
vt 0.1321 0.1243
vt 0.1651 0.1243
vt 0.1981 0.1243
vt 0.2311 0.1243
vt 0.2642 0.1243
vt 0.2972 0.1243
vt 0.3302 0.1243
vt 0.0000 0.2486
vt 0.0330 0.2486
vt 0.0660 0.2486
vt 0.0991 0.2486
vt 0.1321 0.2486
vt 0.1651 0.2486
vt 0.1981 0.2486
vt 0.2311 0.2486
vt 0.2642 0.2486
vt 0.2972 0.2486
vt 0.3302 0.2486
vt 0.0000 0.3729
vt 0.0330 0.3729
vt 0.0660 0.3729
vt 0.0991 0.3729
vt 0.1321 0.3729
vt 0.1651 0.3729
vt 0.1981 0.3729
vt 0.2311 0.3729
vt 0.2642 0.3729
vt 0.2972 0.3729
vt 0.3302 0.3729
vt 0.0000 0.4971
vt 0.0330 0.4971
vt 0.0660 0.4971
vt 0.0991 0.4971
vt 0.1321 0.4971
vt 0.1651 0.4971
vt 0.1981 0.4971
vt 0.2311 0.4971
vt 0.2642 0.4971
vt 0.2972 0.4971
vt 0.3302 0.4971
vt 0.0000 0.6214
vt 0.0330 0.6214
vt 0.0660 0.6214
vt 0.0991 0.6214
vt 0.1321 0.6214
vt 0.1651 0.6214
vt 0.1981 0.6214
vt 0.2311 0.6214
vt 0.2642 0.6214
vt 0.2972 0.6214
vt 0.3302 0.6214
vt 0.0000 0.7457
vt 0.0330 0.7457
vt 0.0660 0.7457
vt 0.0991 0.7457
vt 0.1321 0.7457
vt 0.1651 0.7457
vt 0.1981 0.7457
vt 0.2311 0.7457
vt 0.2642 0.7457
vt 0.2972 0.7457
vt 0.3302 0.7457
vt 0.0000 0.0000
vt 0.0269 0.0000
vt 0.0539 0.0000
vt 0.0808 0.0000
vt 0.1077 0.0000
vt 0.1347 0.0000
vt 0.1616 0.0000
vt 0.0000 0.0646
vt 0.0269 0.0646
vt 0.0539 0.0646
vt 0.0808 0.0646
vt 0.1077 0.0646
vt 0.1347 0.0646
vt 0.1616 0.0646
vt 0.0000 0.1292
vt 0.0269 0.1292
vt 0.0539 0.1292
vt 0.0808 0.1292
vt 0.1077 0.1292
vt 0.1347 0.1292
vt 0.1616 0.1292
vt 0.0000 0.1938
vt 0.0269 0.1938
vt 0.0539 0.1938
vt 0.0808 0.1938
vt 0.1077 0.1938
vt 0.1347 0.1938
vt 0.1616 0.1938
vt 0.0000 0.2584
vt 0.0269 0.2584
vt 0.0539 0.2584
vt 0.0808 0.2584
vt 0.1077 0.2584
vt 0.1347 0.2584
vt 0.1616 0.2584
vt 0.0000 0.3230
vt 0.0269 0.3230
vt 0.0539 0.3230
vt 0.0808 0.3230
vt 0.1077 0.3230
vt 0.1347 0.3230
vt 0.1616 0.3230
vt 0.0000 0.3876
vt 0.0269 0.3876
vt 0.0539 0.3876
vt 0.0808 0.3876
vt 0.1077 0.3876
vt 0.1347 0.3876
vt 0.1616 0.3876
vt 0.0000 0.0000
vt 0.0269 0.0000
vt 0.0539 0.0000
vt 0.0808 0.0000
vt 0.1077 0.0000
vt 0.1347 0.0000
vt 0.1616 0.0000
vt 0.0000 0.0646
vt 0.0269 0.0646
vt 0.0539 0.0646
vt 0.0808 0.0646
vt 0.1077 0.0646
vt 0.1347 0.0646
vt 0.1616 0.0646
vt 0.0000 0.1292
vt 0.0269 0.1292
vt 0.0539 0.1292
vt 0.0808 0.1292
vt 0.1077 0.1292
vt 0.1347 0.1292
vt 0.1616 0.1292
vt 0.0000 0.1938
vt 0.0269 0.1938
vt 0.0539 0.1938
vt 0.0808 0.1938
vt 0.1077 0.1938
vt 0.1347 0.1938
vt 0.1616 0.1938
vt 0.0000 0.2584
vt 0.0269 0.2584
vt 0.0539 0.2584
vt 0.0808 0.2584
vt 0.1077 0.2584
vt 0.1347 0.2584
vt 0.1616 0.2584
vt 0.0000 0.3230
vt 0.0269 0.3230
vt 0.0539 0.3230
vt 0.0808 0.3230
vt 0.1077 0.3230
vt 0.1347 0.3230
vt 0.1616 0.3230
vt 0.0000 0.3876
vt 0.0269 0.3876
vt 0.0539 0.3876
vt 0.0808 0.3876
vt 0.1077 0.3876
vt 0.1347 0.3876
vt 0.1616 0.3876
vt 0.0000 0.0000
vt 0.0297 0.0000
vt 0.0593 0.0000
vt 0.0890 0.0000
vt 0.1186 0.0000
vt 0.1483 0.0000
vt 0.1779 0.0000
vt 0.0000 0.1018
vt 0.0297 0.1018
vt 0.0593 0.1018
vt 0.0890 0.1018
vt 0.1186 0.1018
vt 0.1483 0.1018
vt 0.1779 0.1018
vt 0.0000 0.2036
vt 0.0297 0.2036
vt 0.0593 0.2036
vt 0.0890 0.2036
vt 0.1186 0.2036
vt 0.1483 0.2036
vt 0.1779 0.2036
vt 0.0000 0.3055
vt 0.0297 0.3055
vt 0.0593 0.3055
vt 0.0890 0.3055
vt 0.1186 0.3055
vt 0.1483 0.3055
vt 0.1779 0.3055
vt 0.0000 0.4073
vt 0.0297 0.4073
vt 0.0593 0.4073
vt 0.0890 0.4073
vt 0.1186 0.4073
vt 0.1483 0.4073
vt 0.1779 0.4073
vt 0.0000 0.5091
vt 0.0297 0.5091
vt 0.0593 0.5091
vt 0.0890 0.5091
vt 0.1186 0.5091
vt 0.1483 0.5091
vt 0.1779 0.5091
vt 0.0000 0.6109
vt 0.0297 0.6109
vt 0.0593 0.6109
vt 0.0890 0.6109
vt 0.1186 0.6109
vt 0.1483 0.6109
vt 0.1779 0.6109
vt 0.0000 0.0000
vt 0.0297 0.0000
vt 0.0593 0.0000
vt 0.0890 0.0000
vt 0.1186 0.0000
vt 0.1483 0.0000
vt 0.1779 0.0000
vt 0.0000 0.1018
vt 0.0297 0.1018
vt 0.0593 0.1018
vt 0.0890 0.1018
vt 0.1186 0.1018
vt 0.1483 0.1018
vt 0.1779 0.1018
vt 0.0000 0.2036
vt 0.0297 0.2036
vt 0.0593 0.2036
vt 0.0890 0.2036
vt 0.1186 0.2036
vt 0.1483 0.2036
vt 0.1779 0.2036
vt 0.0000 0.3055
vt 0.0297 0.3055
vt 0.0593 0.3055
vt 0.0890 0.3055
vt 0.1186 0.3055
vt 0.1483 0.3055
vt 0.1779 0.3055
vt 0.0000 0.4073
vt 0.0297 0.4073
vt 0.0593 0.4073
vt 0.0890 0.4073
vt 0.1186 0.4073
vt 0.1483 0.4073
vt 0.1779 0.4073
vt 0.0000 0.5091
vt 0.0297 0.5091
vt 0.0593 0.5091
vt 0.0890 0.5091
vt 0.1186 0.5091
vt 0.1483 0.5091
vt 0.1779 0.5091
vt 0.0000 0.6109
vt 0.0297 0.6109
vt 0.0593 0.6109
vt 0.0890 0.6109
vt 0.1186 0.6109
vt 0.1483 0.6109
vt 0.1779 0.6109
vt 0.0000 0.0000
vt 0.0293 0.0000
vt 0.0585 0.0000
vt 0.0878 0.0000
vt 0.1170 0.0000
vt 0.1463 0.0000
vt 0.1755 0.0000
vt 0.2048 0.0000
vt 0.2340 0.0000
vt 0.2633 0.0000
vt 0.2925 0.0000
vt 0.3218 0.0000
vt 0.3510 0.0000
vt 0.0000 0.1332
vt 0.0293 0.1332
vt 0.0585 0.1332
vt 0.0878 0.1332
vt 0.1170 0.1332
vt 0.1463 0.1332
vt 0.1755 0.1332
vt 0.2048 0.1332
vt 0.2340 0.1332
vt 0.2633 0.1332
vt 0.2925 0.1332
vt 0.3218 0.1332
vt 0.3510 0.1332
vt 0.0000 0.2664
vt 0.0293 0.2664
vt 0.0585 0.2664
vt 0.0878 0.2664
vt 0.1170 0.2664
vt 0.1463 0.2664
vt 0.1755 0.2664
vt 0.2048 0.2664
vt 0.2340 0.2664
vt 0.2633 0.2664
vt 0.2925 0.2664
vt 0.3218 0.2664
vt 0.3510 0.2664
vt 0.0000 0.3995
vt 0.0293 0.3995
vt 0.0585 0.3995
vt 0.0878 0.3995
vt 0.1170 0.3995
vt 0.1463 0.3995
vt 0.1755 0.3995
vt 0.2048 0.3995
vt 0.2340 0.3995
vt 0.2633 0.3995
vt 0.2925 0.3995
vt 0.3218 0.3995
vt 0.3510 0.3995
vt 0.0000 0.5327
vt 0.0293 0.5327
vt 0.0585 0.5327
vt 0.0878 0.5327
vt 0.1170 0.5327
vt 0.1463 0.5327
vt 0.1755 0.5327
vt 0.2048 0.5327
vt 0.2340 0.5327
vt 0.2633 0.5327
vt 0.2925 0.5327
vt 0.3218 0.5327
vt 0.3510 0.5327
vt 0.0000 0.6659
vt 0.0293 0.6659
vt 0.0585 0.6659
vt 0.0878 0.6659
vt 0.1170 0.6659
vt 0.1463 0.6659
vt 0.1755 0.6659
vt 0.2048 0.6659
vt 0.2340 0.6659
vt 0.2633 0.6659
vt 0.2925 0.6659
vt 0.3218 0.6659
vt 0.3510 0.6659
vt 0.0000 0.7991
vt 0.0293 0.7991
vt 0.0585 0.7991
vt 0.0878 0.7991
vt 0.1170 0.7991
vt 0.1463 0.7991
vt 0.1755 0.7991
vt 0.2048 0.7991
vt 0.2340 0.7991
vt 0.2633 0.7991
vt 0.2925 0.7991
vt 0.3218 0.7991
vt 0.3510 0.7991
vt 0.0000 0.0000
vt 0.0293 0.0000
vt 0.0585 0.0000
vt 0.0878 0.0000
vt 0.1170 0.0000
vt 0.1463 0.0000
vt 0.1755 0.0000
vt 0.2048 0.0000
vt 0.2340 0.0000
vt 0.2633 0.0000
vt 0.2925 0.0000
vt 0.3218 0.0000
vt 0.3510 0.0000
vt 0.0000 0.1332
vt 0.0293 0.1332
vt 0.0585 0.1332
vt 0.0878 0.1332
vt 0.1170 0.1332
vt 0.1463 0.1332
vt 0.1755 0.1332
vt 0.2048 0.1332
vt 0.2340 0.1332
vt 0.2633 0.1332
vt 0.2925 0.1332
vt 0.3218 0.1332
vt 0.3510 0.1332
vt 0.0000 0.2664
vt 0.0293 0.2664
vt 0.0585 0.2664
vt 0.0878 0.2664
vt 0.1170 0.2664
vt 0.1463 0.2664
vt 0.1755 0.2664
vt 0.2048 0.2664
vt 0.2340 0.2664
vt 0.2633 0.2664
vt 0.2925 0.2664
vt 0.3218 0.2664
vt 0.3510 0.2664
vt 0.0000 0.3995
vt 0.0293 0.3995
vt 0.0585 0.3995
vt 0.0878 0.3995
vt 0.1170 0.3995
vt 0.1463 0.3995
vt 0.1755 0.3995
vt 0.2048 0.3995
vt 0.2340 0.3995
vt 0.2633 0.3995
vt 0.2925 0.3995
vt 0.3218 0.3995
vt 0.3510 0.3995
vt 0.0000 0.5327
vt 0.0293 0.5327
vt 0.0585 0.5327
vt 0.0878 0.5327
vt 0.1170 0.5327
vt 0.1463 0.5327
vt 0.1755 0.5327
vt 0.2048 0.5327
vt 0.2340 0.5327
vt 0.2633 0.5327
vt 0.2925 0.5327
vt 0.3218 0.5327
vt 0.3510 0.5327
vt 0.0000 0.6659
vt 0.0293 0.6659
vt 0.0585 0.6659
vt 0.0878 0.6659
vt 0.1170 0.6659
vt 0.1463 0.6659
vt 0.1755 0.6659
vt 0.2048 0.6659
vt 0.2340 0.6659
vt 0.2633 0.6659
vt 0.2925 0.6659
vt 0.3218 0.6659
vt 0.3510 0.6659
vt 0.0000 0.7991
vt 0.0293 0.7991
vt 0.0585 0.7991
vt 0.0878 0.7991
vt 0.1170 0.7991
vt 0.1463 0.7991
vt 0.1755 0.7991
vt 0.2048 0.7991
vt 0.2340 0.7991
vt 0.2633 0.7991
vt 0.2925 0.7991
vt 0.3218 0.7991
vt 0.3510 0.7991
vt 0.0000 0.0000
vt 0.0308 0.0000
vt 0.0617 0.0000
vt 0.0925 0.0000
vt 0.1233 0.0000
vt 0.1542 0.0000
vt 0.1850 0.0000
vt 0.2158 0.0000
vt 0.2466 0.0000
vt 0.0000 0.0885
vt 0.0308 0.0885
vt 0.0617 0.0885
vt 0.0925 0.0885
vt 0.1233 0.0885
vt 0.1542 0.0885
vt 0.1850 0.0885
vt 0.2158 0.0885
vt 0.2466 0.0885
vt 0.0000 0.1770
vt 0.0308 0.1770
vt 0.0617 0.1770
vt 0.0925 0.1770
vt 0.1233 0.1770
vt 0.1542 0.1770
vt 0.1850 0.1770
vt 0.2158 0.1770
vt 0.2466 0.1770
vt 0.0000 0.2655
vt 0.0308 0.2655
vt 0.0617 0.2655
vt 0.0925 0.2655
vt 0.1233 0.2655
vt 0.1542 0.2655
vt 0.1850 0.2655
vt 0.2158 0.2655
vt 0.2466 0.2655
vt 0.0000 0.3540
vt 0.0308 0.3540
vt 0.0617 0.3540
vt 0.0925 0.3540
vt 0.1233 0.3540
vt 0.1542 0.3540
vt 0.1850 0.3540
vt 0.2158 0.3540
vt 0.2466 0.3540
vt 0.0000 0.4425
vt 0.0308 0.4425
vt 0.0617 0.4425
vt 0.0925 0.4425
vt 0.1233 0.4425
vt 0.1542 0.4425
vt 0.1850 0.4425
vt 0.2158 0.4425
vt 0.2466 0.4425
vt 0.0000 0.5310
vt 0.0308 0.5310
vt 0.0617 0.5310
vt 0.0925 0.5310
vt 0.1233 0.5310
vt 0.1542 0.5310
vt 0.1850 0.5310
vt 0.2158 0.5310
vt 0.2466 0.5310
vt 0.0000 0.0000
vt 0.0308 0.0000
vt 0.0617 0.0000
vt 0.0925 0.0000
vt 0.1233 0.0000
vt 0.1542 0.0000
vt 0.1850 0.0000
vt 0.2158 0.0000
vt 0.2466 0.0000
vt 0.0000 0.0885
vt 0.0308 0.0885
vt 0.0617 0.0885
vt 0.0925 0.0885
vt 0.1233 0.0885
vt 0.1542 0.0885
vt 0.1850 0.0885
vt 0.2158 0.0885
vt 0.2466 0.0885
vt 0.0000 0.1770
vt 0.0308 0.1770
vt 0.0617 0.1770
vt 0.0925 0.1770
vt 0.1233 0.1770
vt 0.1542 0.1770
vt 0.1850 0.1770
vt 0.2158 0.1770
vt 0.2466 0.1770
vt 0.0000 0.2655
vt 0.0308 0.2655
vt 0.0617 0.2655
vt 0.0925 0.2655
vt 0.1233 0.2655
vt 0.1542 0.2655
vt 0.1850 0.2655
vt 0.2158 0.2655
vt 0.2466 0.2655
vt 0.0000 0.3540
vt 0.0308 0.3540
vt 0.0617 0.3540
vt 0.0925 0.3540
vt 0.1233 0.3540
vt 0.1542 0.3540
vt 0.1850 0.3540
vt 0.2158 0.3540
vt 0.2466 0.3540
vt 0.0000 0.4425
vt 0.0308 0.4425
vt 0.0617 0.4425
vt 0.0925 0.4425
vt 0.1233 0.4425
vt 0.1542 0.4425
vt 0.1850 0.4425
vt 0.2158 0.4425
vt 0.2466 0.4425
vt 0.0000 0.5310
vt 0.0308 0.5310
vt 0.0617 0.5310
vt 0.0925 0.5310
vt 0.1233 0.5310
vt 0.1542 0.5310
vt 0.1850 0.5310
vt 0.2158 0.5310
vt 0.2466 0.5310
vt 0.0000 0.0000
vt 0.0281 0.0000
vt 0.0562 0.0000
vt 0.0843 0.0000
vt 0.1123 0.0000
vt 0.1404 0.0000
vt 0.1685 0.0000
vt 0.1966 0.0000
vt 0.2247 0.0000
vt 0.2528 0.0000
vt 0.2809 0.0000
vt 0.0000 0.0661
vt 0.0281 0.0661
vt 0.0562 0.0661
vt 0.0843 0.0661
vt 0.1123 0.0661
vt 0.1404 0.0661
vt 0.1685 0.0661
vt 0.1966 0.0661
vt 0.2247 0.0661
vt 0.2528 0.0661
vt 0.2809 0.0661
vt 0.0000 0.1321
vt 0.0281 0.1321
vt 0.0562 0.1321
vt 0.0843 0.1321
vt 0.1123 0.1321
vt 0.1404 0.1321
vt 0.1685 0.1321
vt 0.1966 0.1321
vt 0.2247 0.1321
vt 0.2528 0.1321
vt 0.2809 0.1321
vt 0.0000 0.1982
vt 0.0281 0.1982
vt 0.0562 0.1982
vt 0.0843 0.1982
vt 0.1123 0.1982
vt 0.1404 0.1982
vt 0.1685 0.1982
vt 0.1966 0.1982
vt 0.2247 0.1982
vt 0.2528 0.1982
vt 0.2809 0.1982
vt 0.0000 0.2643
vt 0.0281 0.2643
vt 0.0562 0.2643
vt 0.0843 0.2643
vt 0.1123 0.2643
vt 0.1404 0.2643
vt 0.1685 0.2643
vt 0.1966 0.2643
vt 0.2247 0.2643
vt 0.2528 0.2643
vt 0.2809 0.2643
vt 0.0000 0.3303
vt 0.0281 0.3303
vt 0.0562 0.3303
vt 0.0843 0.3303
vt 0.1123 0.3303
vt 0.1404 0.3303
vt 0.1685 0.3303
vt 0.1966 0.3303
vt 0.2247 0.3303
vt 0.2528 0.3303
vt 0.2809 0.3303
vt 0.0000 0.3964
vt 0.0281 0.3964
vt 0.0562 0.3964
vt 0.0843 0.3964
vt 0.1123 0.3964
vt 0.1404 0.3964
vt 0.1685 0.3964
vt 0.1966 0.3964
vt 0.2247 0.3964
vt 0.2528 0.3964
vt 0.2809 0.3964
vt 0.0000 0.0000
vt 0.0281 0.0000
vt 0.0562 0.0000
vt 0.0843 0.0000
vt 0.1123 0.0000
vt 0.1404 0.0000
vt 0.1685 0.0000
vt 0.1966 0.0000
vt 0.2247 0.0000
vt 0.2528 0.0000
vt 0.2809 0.0000
vt 0.0000 0.0661
vt 0.0281 0.0661
vt 0.0562 0.0661
vt 0.0843 0.0661
vt 0.1123 0.0661
vt 0.1404 0.0661
vt 0.1685 0.0661
vt 0.1966 0.0661
vt 0.2247 0.0661
vt 0.2528 0.0661
vt 0.2809 0.0661
vt 0.0000 0.1321
vt 0.0281 0.1321
vt 0.0562 0.1321
vt 0.0843 0.1321
vt 0.1123 0.1321
vt 0.1404 0.1321
vt 0.1685 0.1321
vt 0.1966 0.1321
vt 0.2247 0.1321
vt 0.2528 0.1321
vt 0.2809 0.1321
vt 0.0000 0.1982
vt 0.0281 0.1982
vt 0.0562 0.1982
vt 0.0843 0.1982
vt 0.1123 0.1982
vt 0.1404 0.1982
vt 0.1685 0.1982
vt 0.1966 0.1982
vt 0.2247 0.1982
vt 0.2528 0.1982
vt 0.2809 0.1982
vt 0.0000 0.2643
vt 0.0281 0.2643
vt 0.0562 0.2643
vt 0.0843 0.2643
vt 0.1123 0.2643
vt 0.1404 0.2643
vt 0.1685 0.2643
vt 0.1966 0.2643
vt 0.2247 0.2643
vt 0.2528 0.2643
vt 0.2809 0.2643
vt 0.0000 0.3303
vt 0.0281 0.3303
vt 0.0562 0.3303
vt 0.0843 0.3303
vt 0.1123 0.3303
vt 0.1404 0.3303
vt 0.1685 0.3303
vt 0.1966 0.3303
vt 0.2247 0.3303
vt 0.2528 0.3303
vt 0.2809 0.3303
vt 0.0000 0.3964
vt 0.0281 0.3964
vt 0.0562 0.3964
vt 0.0843 0.3964
vt 0.1123 0.3964
vt 0.1404 0.3964
vt 0.1685 0.3964
vt 0.1966 0.3964
vt 0.2247 0.3964
vt 0.2528 0.3964
vt 0.2809 0.3964
vt 0.0000 0.0000
vt 0.0290 0.0000
vt 0.0579 0.0000
vt 0.0869 0.0000
vt 0.1158 0.0000
vt 0.1448 0.0000
vt 0.1737 0.0000
vt 0.2027 0.0000
vt 0.2316 0.0000
vt 0.0000 0.1228
vt 0.0290 0.1228
vt 0.0579 0.1228
vt 0.0869 0.1228
vt 0.1158 0.1228
vt 0.1448 0.1228
vt 0.1737 0.1228
vt 0.2027 0.1228
vt 0.2316 0.1228
vt 0.0000 0.2457
vt 0.0290 0.2457
vt 0.0579 0.2457
vt 0.0869 0.2457
vt 0.1158 0.2457
vt 0.1448 0.2457
vt 0.1737 0.2457
vt 0.2027 0.2457
vt 0.2316 0.2457
vt 0.0000 0.3685
vt 0.0290 0.3685
vt 0.0579 0.3685
vt 0.0869 0.3685
vt 0.1158 0.3685
vt 0.1448 0.3685
vt 0.1737 0.3685
vt 0.2027 0.3685
vt 0.2316 0.3685
vt 0.0000 0.4913
vt 0.0290 0.4913
vt 0.0579 0.4913
vt 0.0869 0.4913
vt 0.1158 0.4913
vt 0.1448 0.4913
vt 0.1737 0.4913
vt 0.2027 0.4913
vt 0.2316 0.4913
vt 0.0000 0.6141
vt 0.0290 0.6141
vt 0.0579 0.6141
vt 0.0869 0.6141
vt 0.1158 0.6141
vt 0.1448 0.6141
vt 0.1737 0.6141
vt 0.2027 0.6141
vt 0.2316 0.6141
vt 0.0000 0.7370
vt 0.0290 0.7370
vt 0.0579 0.7370
vt 0.0869 0.7370
vt 0.1158 0.7370
vt 0.1448 0.7370
vt 0.1737 0.7370
vt 0.2027 0.7370
vt 0.2316 0.7370
vt 0.0000 0.0000
vt 0.0290 0.0000
vt 0.0579 0.0000
vt 0.0869 0.0000
vt 0.1158 0.0000
vt 0.1448 0.0000
vt 0.1737 0.0000
vt 0.2027 0.0000
vt 0.2316 0.0000
vt 0.0000 0.1228
vt 0.0290 0.1228
vt 0.0579 0.1228
vt 0.0869 0.1228
vt 0.1158 0.1228
vt 0.1448 0.1228
vt 0.1737 0.1228
vt 0.2027 0.1228
vt 0.2316 0.1228
vt 0.0000 0.2457
vt 0.0290 0.2457
vt 0.0579 0.2457
vt 0.0869 0.2457
vt 0.1158 0.2457
vt 0.1448 0.2457
vt 0.1737 0.2457
vt 0.2027 0.2457
vt 0.2316 0.2457
vt 0.0000 0.3685
vt 0.0290 0.3685
vt 0.0579 0.3685
vt 0.0869 0.3685
vt 0.1158 0.3685
vt 0.1448 0.3685
vt 0.1737 0.3685
vt 0.2027 0.3685
vt 0.2316 0.3685
vt 0.0000 0.4913
vt 0.0290 0.4913
vt 0.0579 0.4913
vt 0.0869 0.4913
vt 0.1158 0.4913
vt 0.1448 0.4913
vt 0.1737 0.4913
vt 0.2027 0.4913
vt 0.2316 0.4913
vt 0.0000 0.6141
vt 0.0290 0.6141
vt 0.0579 0.6141
vt 0.0869 0.6141
vt 0.1158 0.6141
vt 0.1448 0.6141
vt 0.1737 0.6141
vt 0.2027 0.6141
vt 0.2316 0.6141
vt 0.0000 0.7370
vt 0.0290 0.7370
vt 0.0579 0.7370
vt 0.0869 0.7370
vt 0.1158 0.7370
vt 0.1448 0.7370
vt 0.1737 0.7370
vt 0.2027 0.7370
vt 0.2316 0.7370
vt 0.0000 0.0000
vt 0.0346 0.0000
vt 0.0691 0.0000
vt 0.1037 0.0000
vt 0.1382 0.0000
vt 0.1728 0.0000
vt 0.2073 0.0000
vt 0.2419 0.0000
vt 0.2765 0.0000
vt 0.0000 0.0592
vt 0.0346 0.0592
vt 0.0691 0.0592
vt 0.1037 0.0592
vt 0.1382 0.0592
vt 0.1728 0.0592
vt 0.2073 0.0592
vt 0.2419 0.0592
vt 0.2765 0.0592
vt 0.0000 0.1184
vt 0.0346 0.1184
vt 0.0691 0.1184
vt 0.1037 0.1184
vt 0.1382 0.1184
vt 0.1728 0.1184
vt 0.2073 0.1184
vt 0.2419 0.1184
vt 0.2765 0.1184
vt 0.0000 0.1777
vt 0.0346 0.1777
vt 0.0691 0.1777
vt 0.1037 0.1777
vt 0.1382 0.1777
vt 0.1728 0.1777
vt 0.2073 0.1777
vt 0.2419 0.1777
vt 0.2765 0.1777
vt 0.0000 0.2369
vt 0.0346 0.2369
vt 0.0691 0.2369
vt 0.1037 0.2369
vt 0.1382 0.2369
vt 0.1728 0.2369
vt 0.2073 0.2369
vt 0.2419 0.2369
vt 0.2765 0.2369
vt 0.0000 0.2961
vt 0.0346 0.2961
vt 0.0691 0.2961
vt 0.1037 0.2961
vt 0.1382 0.2961
vt 0.1728 0.2961
vt 0.2073 0.2961
vt 0.2419 0.2961
vt 0.2765 0.2961
vt 0.0000 0.3553
vt 0.0346 0.3553
vt 0.0691 0.3553
vt 0.1037 0.3553
vt 0.1382 0.3553
vt 0.1728 0.3553
vt 0.2073 0.3553
vt 0.2419 0.3553
vt 0.2765 0.3553
vt 0.0000 0.0000
vt 0.0346 0.0000
vt 0.0691 0.0000
vt 0.1037 0.0000
vt 0.1382 0.0000
vt 0.1728 0.0000
vt 0.2073 0.0000
vt 0.2419 0.0000
vt 0.2765 0.0000
vt 0.0000 0.0592
vt 0.0346 0.0592
vt 0.0691 0.0592
vt 0.1037 0.0592
vt 0.1382 0.0592
vt 0.1728 0.0592
vt 0.2073 0.0592
vt 0.2419 0.0592
vt 0.2765 0.0592
vt 0.0000 0.1184
vt 0.0346 0.1184
vt 0.0691 0.1184
vt 0.1037 0.1184
vt 0.1382 0.1184
vt 0.1728 0.1184
vt 0.2073 0.1184
vt 0.2419 0.1184
vt 0.2765 0.1184
vt 0.0000 0.1777
vt 0.0346 0.1777
vt 0.0691 0.1777
vt 0.1037 0.1777
vt 0.1382 0.1777
vt 0.1728 0.1777
vt 0.2073 0.1777
vt 0.2419 0.1777
vt 0.2765 0.1777
vt 0.0000 0.2369
vt 0.0346 0.2369
vt 0.0691 0.2369
vt 0.1037 0.2369
vt 0.1382 0.2369
vt 0.1728 0.2369
vt 0.2073 0.2369
vt 0.2419 0.2369
vt 0.2765 0.2369
vt 0.0000 0.2961
vt 0.0346 0.2961
vt 0.0691 0.2961
vt 0.1037 0.2961
vt 0.1382 0.2961
vt 0.1728 0.2961
vt 0.2073 0.2961
vt 0.2419 0.2961
vt 0.2765 0.2961
vt 0.0000 0.3553
vt 0.0346 0.3553
vt 0.0691 0.3553
vt 0.1037 0.3553
vt 0.1382 0.3553
vt 0.1728 0.3553
vt 0.2073 0.3553
vt 0.2419 0.3553
vt 0.2765 0.3553
vt 0.0000 0.0000
vt 0.0333 0.0000
vt 0.0667 0.0000
vt 0.1000 0.0000
vt 0.1334 0.0000
vt 0.1667 0.0000
vt 0.2001 0.0000
vt 0.2334 0.0000
vt 0.2667 0.0000
vt 0.0000 0.1105
vt 0.0333 0.1105
vt 0.0667 0.1105
vt 0.1000 0.1105
vt 0.1334 0.1105
vt 0.1667 0.1105
vt 0.2001 0.1105
vt 0.2334 0.1105
vt 0.2667 0.1105
vt 0.0000 0.2211
vt 0.0333 0.2211
vt 0.0667 0.2211
vt 0.1000 0.2211
vt 0.1334 0.2211
vt 0.1667 0.2211
vt 0.2001 0.2211
vt 0.2334 0.2211
vt 0.2667 0.2211
vt 0.0000 0.3316
vt 0.0333 0.3316
vt 0.0667 0.3316
vt 0.1000 0.3316
vt 0.1334 0.3316
vt 0.1667 0.3316
vt 0.2001 0.3316
vt 0.2334 0.3316
vt 0.2667 0.3316
vt 0.0000 0.4421
vt 0.0333 0.4421
vt 0.0667 0.4421
vt 0.1000 0.4421
vt 0.1334 0.4421
vt 0.1667 0.4421
vt 0.2001 0.4421
vt 0.2334 0.4421
vt 0.2667 0.4421
vt 0.0000 0.5527
vt 0.0333 0.5527
vt 0.0667 0.5527
vt 0.1000 0.5527
vt 0.1334 0.5527
vt 0.1667 0.5527
vt 0.2001 0.5527
vt 0.2334 0.5527
vt 0.2667 0.5527
vt 0.0000 0.6632
vt 0.0333 0.6632
vt 0.0667 0.6632
vt 0.1000 0.6632
vt 0.1334 0.6632
vt 0.1667 0.6632
vt 0.2001 0.6632
vt 0.2334 0.6632
vt 0.2667 0.6632
vt 0.0000 0.0000
vt 0.0333 0.0000
vt 0.0667 0.0000
vt 0.1000 0.0000
vt 0.1334 0.0000
vt 0.1667 0.0000
vt 0.2001 0.0000
vt 0.2334 0.0000
vt 0.2667 0.0000
vt 0.0000 0.1105
vt 0.0333 0.1105
vt 0.0667 0.1105
vt 0.1000 0.1105
vt 0.1334 0.1105
vt 0.1667 0.1105
vt 0.2001 0.1105
vt 0.2334 0.1105
vt 0.2667 0.1105
vt 0.0000 0.2211
vt 0.0333 0.2211
vt 0.0667 0.2211
vt 0.1000 0.2211
vt 0.1334 0.2211
vt 0.1667 0.2211
vt 0.2001 0.2211
vt 0.2334 0.2211
vt 0.2667 0.2211
vt 0.0000 0.3316
vt 0.0333 0.3316
vt 0.0667 0.3316
vt 0.1000 0.3316
vt 0.1334 0.3316
vt 0.1667 0.3316
vt 0.2001 0.3316
vt 0.2334 0.3316
vt 0.2667 0.3316
vt 0.0000 0.4421
vt 0.0333 0.4421
vt 0.0667 0.4421
vt 0.1000 0.4421
vt 0.1334 0.4421
vt 0.1667 0.4421
vt 0.2001 0.4421
vt 0.2334 0.4421
vt 0.2667 0.4421
vt 0.0000 0.5527
vt 0.0333 0.5527
vt 0.0667 0.5527
vt 0.1000 0.5527
vt 0.1334 0.5527
vt 0.1667 0.5527
vt 0.2001 0.5527
vt 0.2334 0.5527
vt 0.2667 0.5527
vt 0.0000 0.6632
vt 0.0333 0.6632
vt 0.0667 0.6632
vt 0.1000 0.6632
vt 0.1334 0.6632
vt 0.1667 0.6632
vt 0.2001 0.6632
vt 0.2334 0.6632
vt 0.2667 0.6632
vt 0.0000 0.0000
vt 0.0319 0.0000
vt 0.0637 0.0000
vt 0.0956 0.0000
vt 0.1275 0.0000
vt 0.1593 0.0000
vt 0.1912 0.0000
vt 0.2231 0.0000
vt 0.2549 0.0000
vt 0.0000 0.0658
vt 0.0319 0.0658
vt 0.0637 0.0658
vt 0.0956 0.0658
vt 0.1275 0.0658
vt 0.1593 0.0658
vt 0.1912 0.0658
vt 0.2231 0.0658
vt 0.2549 0.0658
vt 0.0000 0.1316
vt 0.0319 0.1316
vt 0.0637 0.1316
vt 0.0956 0.1316
vt 0.1275 0.1316
vt 0.1593 0.1316
vt 0.1912 0.1316
vt 0.2231 0.1316
vt 0.2549 0.1316
vt 0.0000 0.1973
vt 0.0319 0.1973
vt 0.0637 0.1973
vt 0.0956 0.1973
vt 0.1275 0.1973
vt 0.1593 0.1973
vt 0.1912 0.1973
vt 0.2231 0.1973
vt 0.2549 0.1973
vt 0.0000 0.2631
vt 0.0319 0.2631
vt 0.0637 0.2631
vt 0.0956 0.2631
vt 0.1275 0.2631
vt 0.1593 0.2631
vt 0.1912 0.2631
vt 0.2231 0.2631
vt 0.2549 0.2631
vt 0.0000 0.3289
vt 0.0319 0.3289
vt 0.0637 0.3289
vt 0.0956 0.3289
vt 0.1275 0.3289
vt 0.1593 0.3289
vt 0.1912 0.3289
vt 0.2231 0.3289
vt 0.2549 0.3289
vt 0.0000 0.3947
vt 0.0319 0.3947
vt 0.0637 0.3947
vt 0.0956 0.3947
vt 0.1275 0.3947
vt 0.1593 0.3947
vt 0.1912 0.3947
vt 0.2231 0.3947
vt 0.2549 0.3947
vt 0.0000 0.0000
vt 0.0319 0.0000
vt 0.0637 0.0000
vt 0.0956 0.0000
vt 0.1275 0.0000
vt 0.1593 0.0000
vt 0.1912 0.0000
vt 0.2231 0.0000
vt 0.2549 0.0000
vt 0.0000 0.0658
vt 0.0319 0.0658
vt 0.0637 0.0658
vt 0.0956 0.0658
vt 0.1275 0.0658
vt 0.1593 0.0658
vt 0.1912 0.0658
vt 0.2231 0.0658
vt 0.2549 0.0658
vt 0.0000 0.1316
vt 0.0319 0.1316
vt 0.0637 0.1316
vt 0.0956 0.1316
vt 0.1275 0.1316
vt 0.1593 0.1316
vt 0.1912 0.1316
vt 0.2231 0.1316
vt 0.2549 0.1316
vt 0.0000 0.1973
vt 0.0319 0.1973
vt 0.0637 0.1973
vt 0.0956 0.1973
vt 0.1275 0.1973
vt 0.1593 0.1973
vt 0.1912 0.1973
vt 0.2231 0.1973
vt 0.2549 0.1973
vt 0.0000 0.2631
vt 0.0319 0.2631
vt 0.0637 0.2631
vt 0.0956 0.2631
vt 0.1275 0.2631
vt 0.1593 0.2631
vt 0.1912 0.2631
vt 0.2231 0.2631
vt 0.2549 0.2631
vt 0.0000 0.3289
vt 0.0319 0.3289
vt 0.0637 0.3289
vt 0.0956 0.3289
vt 0.1275 0.3289
vt 0.1593 0.3289
vt 0.1912 0.3289
vt 0.2231 0.3289
vt 0.2549 0.3289
vt 0.0000 0.3947
vt 0.0319 0.3947
vt 0.0637 0.3947
vt 0.0956 0.3947
vt 0.1275 0.3947
vt 0.1593 0.3947
vt 0.1912 0.3947
vt 0.2231 0.3947
vt 0.2549 0.3947
vt 0.0000 0.0000
vt 0.0334 0.0000
vt 0.0668 0.0000
vt 0.1003 0.0000
vt 0.1337 0.0000
vt 0.1671 0.0000
vt 0.2005 0.0000
vt 0.2340 0.0000
vt 0.2674 0.0000
vt 0.0000 0.0875
vt 0.0334 0.0875
vt 0.0668 0.0875
vt 0.1003 0.0875
vt 0.1337 0.0875
vt 0.1671 0.0875
vt 0.2005 0.0875
vt 0.2340 0.0875
vt 0.2674 0.0875
vt 0.0000 0.1749
vt 0.0334 0.1749
vt 0.0668 0.1749
vt 0.1003 0.1749
vt 0.1337 0.1749
vt 0.1671 0.1749
vt 0.2005 0.1749
vt 0.2340 0.1749
vt 0.2674 0.1749
vt 0.0000 0.2624
vt 0.0334 0.2624
vt 0.0668 0.2624
vt 0.1003 0.2624
vt 0.1337 0.2624
vt 0.1671 0.2624
vt 0.2005 0.2624
vt 0.2340 0.2624
vt 0.2674 0.2624
vt 0.0000 0.3498
vt 0.0334 0.3498
vt 0.0668 0.3498
vt 0.1003 0.3498
vt 0.1337 0.3498
vt 0.1671 0.3498
vt 0.2005 0.3498
vt 0.2340 0.3498
vt 0.2674 0.3498
vt 0.0000 0.4373
vt 0.0334 0.4373
vt 0.0668 0.4373
vt 0.1003 0.4373
vt 0.1337 0.4373
vt 0.1671 0.4373
vt 0.2005 0.4373
vt 0.2340 0.4373
vt 0.2674 0.4373
vt 0.0000 0.5247
vt 0.0334 0.5247
vt 0.0668 0.5247
vt 0.1003 0.5247
vt 0.1337 0.5247
vt 0.1671 0.5247
vt 0.2005 0.5247
vt 0.2340 0.5247
vt 0.2674 0.5247
vt 0.0000 0.0000
vt 0.0334 0.0000
vt 0.0668 0.0000
vt 0.1003 0.0000
vt 0.1337 0.0000
vt 0.1671 0.0000
vt 0.2005 0.0000
vt 0.2340 0.0000
vt 0.2674 0.0000
vt 0.0000 0.0875
vt 0.0334 0.0875
vt 0.0668 0.0875
vt 0.1003 0.0875
vt 0.1337 0.0875
vt 0.1671 0.0875
vt 0.2005 0.0875
vt 0.2340 0.0875
vt 0.2674 0.0875
vt 0.0000 0.1749
vt 0.0334 0.1749
vt 0.0668 0.1749
vt 0.1003 0.1749
vt 0.1337 0.1749
vt 0.1671 0.1749
vt 0.2005 0.1749
vt 0.2340 0.1749
vt 0.2674 0.1749
vt 0.0000 0.2624
vt 0.0334 0.2624
vt 0.0668 0.2624
vt 0.1003 0.2624
vt 0.1337 0.2624
vt 0.1671 0.2624
vt 0.2005 0.2624
vt 0.2340 0.2624
vt 0.2674 0.2624
vt 0.0000 0.3498
vt 0.0334 0.3498
vt 0.0668 0.3498
vt 0.1003 0.3498
vt 0.1337 0.3498
vt 0.1671 0.3498
vt 0.2005 0.3498
vt 0.2340 0.3498
vt 0.2674 0.3498
vt 0.0000 0.4373
vt 0.0334 0.4373
vt 0.0668 0.4373
vt 0.1003 0.4373
vt 0.1337 0.4373
vt 0.1671 0.4373
vt 0.2005 0.4373
vt 0.2340 0.4373
vt 0.2674 0.4373
vt 0.0000 0.5247
vt 0.0334 0.5247
vt 0.0668 0.5247
vt 0.1003 0.5247
vt 0.1337 0.5247
vt 0.1671 0.5247
vt 0.2005 0.5247
vt 0.2340 0.5247
vt 0.2674 0.5247
vn -1.000 -0.025 -0.000
vn -0.999 -0.032 0.000
vn -1.000 -0.028 -0.000
vn -1.000 -0.025 -0.000
vn -1.000 -0.031 -0.000
vn -1.000 -0.027 0.000
vn -1.000 -0.027 -0.000
vn -0.999 -0.032 -0.000
vn -1.000 -0.029 0.000
vn -0.999 -0.025 -0.020
vn -0.999 -0.032 -0.006
vn -1.000 -0.028 0.012
vn -1.000 -0.025 -0.005
vn -0.999 -0.031 -0.005
vn -1.000 -0.027 0.007
vn -1.000 -0.027 -0.007
vn -0.999 -0.032 -0.004
vn -1.000 -0.029 0.009
vn -0.999 -0.025 -0.041
vn -0.999 -0.032 -0.011
vn -0.999 -0.028 0.023
vn -1.000 -0.025 -0.010
vn -0.999 -0.031 -0.010
vn -1.000 -0.027 0.014
vn -1.000 -0.027 -0.013
vn -0.999 -0.032 -0.007
vn -0.999 -0.029 0.018
vn -0.998 -0.025 -0.061
vn -0.999 -0.032 -0.017
vn -0.999 -0.028 0.035
vn -1.000 -0.025 -0.015
vn -0.999 -0.031 -0.015
vn -0.999 -0.027 0.021
vn -0.999 -0.027 -0.020
vn -0.999 -0.032 -0.011
vn -0.999 -0.029 0.028
vn -0.996 -0.025 -0.082
vn -0.999 -0.032 -0.022
vn -0.999 -0.028 0.047
vn -0.999 -0.025 -0.020
vn -0.999 -0.031 -0.021
vn -0.999 -0.027 0.028
vn -0.999 -0.027 -0.026
vn -0.999 -0.032 -0.014
vn -0.999 -0.029 0.037
vn -0.994 -0.025 -0.102
vn -0.999 -0.032 -0.028
vn -0.998 -0.028 0.058
vn -0.999 -0.025 -0.025
vn -0.999 -0.031 -0.026
vn -0.999 -0.027 0.035
vn -0.999 -0.027 -0.033
vn -0.999 -0.032 -0.018
vn -0.999 -0.029 0.046
vn -0.992 -0.025 -0.122
vn -0.999 -0.032 -0.033
vn -0.997 -0.028 0.070
vn -0.999 -0.025 -0.030
vn -0.999 -0.031 -0.031
vn -0.999 -0.027 0.042
vn -0.999 -0.027 -0.039
vn -0.999 -0.032 -0.022
vn -0.998 -0.029 0.055
vn 1.000 0.025 0.000
vn 0.999 0.032 -0.000
vn 1.000 0.028 0.000
vn 1.000 0.025 0.000
vn 1.000 0.031 0.000
vn 1.000 0.027 -0.000
vn 1.000 0.027 0.000
vn 0.999 0.032 0.000
vn 1.000 0.029 -0.000
vn 0.999 0.025 0.020
vn 0.999 0.032 0.006
vn 1.000 0.028 -0.012
vn 1.000 0.025 0.005
vn 0.999 0.031 0.005
vn 1.000 0.027 -0.007
vn 1.000 0.027 0.007
vn 0.999 0.032 0.004
vn 1.000 0.029 -0.009
vn 0.999 0.025 0.041
vn 0.999 0.032 0.011
vn 0.999 0.028 -0.023
vn 1.000 0.025 0.010
vn 0.999 0.031 0.010
vn 1.000 0.027 -0.014
vn 1.000 0.027 0.013
vn 0.999 0.032 0.007
vn 0.999 0.029 -0.018
vn 0.998 0.025 0.061
vn 0.999 0.032 0.017
vn 0.999 0.028 -0.035
vn 1.000 0.025 0.015
vn 0.999 0.031 0.015
vn 0.999 0.027 -0.021
vn 0.999 0.027 0.020
vn 0.999 0.032 0.011
vn 0.999 0.029 -0.028
vn 0.996 0.025 0.082
vn 0.999 0.032 0.022
vn 0.999 0.028 -0.047
vn 0.999 0.025 0.020
vn 0.999 0.031 0.021
vn 0.999 0.027 -0.028
vn 0.999 0.027 0.026
vn 0.999 0.032 0.014
vn 0.999 0.029 -0.037
vn 0.994 0.025 0.102
vn 0.999 0.032 0.028
vn 0.998 0.028 -0.058
vn 0.999 0.025 0.025
vn 0.999 0.031 0.026
vn 0.999 0.027 -0.035
vn 0.999 0.027 0.033
vn 0.999 0.032 0.018
vn 0.999 0.029 -0.046
vn 0.992 0.025 0.122
vn 0.999 0.032 0.033
vn 0.997 0.028 -0.070
vn 0.999 0.025 0.030
vn 0.999 0.031 0.031
vn 0.999 0.027 -0.042
vn 0.999 0.027 0.039
vn 0.999 0.032 0.022
vn 0.998 0.029 -0.055
vn -1.000 -0.019 -0.000
vn -1.000 -0.018 0.000
vn -1.000 -0.019 -0.000
vn -1.000 -0.017 -0.000
vn -1.000 -0.015 -0.000
vn -1.000 -0.016 0.000
vn -1.000 -0.016 -0.000
vn -1.000 -0.017 -0.000
vn -1.000 -0.016 0.000
vn -1.000 -0.019 0.002
vn -1.000 -0.018 -0.001
vn -1.000 -0.019 0.004
vn -1.000 -0.017 0.010
vn -1.000 -0.015 0.001
vn -1.000 -0.016 -0.002
vn -1.000 -0.016 -0.002
vn -1.000 -0.017 -0.000
vn -1.000 -0.016 0.008
vn -1.000 -0.019 0.004
vn -1.000 -0.018 -0.001
vn -1.000 -0.019 0.007
vn -1.000 -0.017 0.020
vn -1.000 -0.015 0.002
vn -1.000 -0.016 -0.004
vn -1.000 -0.016 -0.005
vn -1.000 -0.017 -0.001
vn -1.000 -0.016 0.017
vn -1.000 -0.019 0.007
vn -1.000 -0.018 -0.002
vn -1.000 -0.019 0.011
vn -0.999 -0.017 0.030
vn -1.000 -0.015 0.003
vn -1.000 -0.016 -0.005
vn -1.000 -0.016 -0.007
vn -1.000 -0.017 -0.001
vn -1.000 -0.016 0.025
vn -1.000 -0.019 0.009
vn -1.000 -0.018 -0.002
vn -1.000 -0.019 0.015
vn -0.999 -0.017 0.040
vn -1.000 -0.015 0.004
vn -1.000 -0.016 -0.007
vn -1.000 -0.016 -0.009
vn -1.000 -0.017 -0.001
vn -0.999 -0.016 0.033
vn -1.000 -0.019 0.011
vn -1.000 -0.018 -0.003
vn -1.000 -0.019 0.019
vn -0.999 -0.017 0.050
vn -1.000 -0.015 0.005
vn -1.000 -0.016 -0.009
vn -1.000 -0.016 -0.012
vn -1.000 -0.017 -0.002
vn -0.999 -0.016 0.042
vn -1.000 -0.019 0.013
vn -1.000 -0.018 -0.004
vn -1.000 -0.019 0.022
vn -0.998 -0.017 0.060
vn -1.000 -0.015 0.006
vn -1.000 -0.016 -0.011
vn -1.000 -0.016 -0.014
vn -1.000 -0.017 -0.002
vn -0.999 -0.016 0.050
vn 1.000 0.019 0.000
vn 1.000 0.018 -0.000
vn 1.000 0.019 0.000
vn 1.000 0.017 0.000
vn 1.000 0.015 0.000
vn 1.000 0.016 -0.000
vn 1.000 0.016 0.000
vn 1.000 0.017 0.000
vn 1.000 0.016 -0.000
vn 1.000 0.019 -0.002
vn 1.000 0.018 0.001
vn 1.000 0.019 -0.004
vn 1.000 0.017 -0.010
vn 1.000 0.015 -0.001
vn 1.000 0.016 0.002
vn 1.000 0.016 0.002
vn 1.000 0.017 0.000
vn 1.000 0.016 -0.008
vn 1.000 0.019 -0.004
vn 1.000 0.018 0.001
vn 1.000 0.019 -0.007
vn 1.000 0.017 -0.020
vn 1.000 0.015 -0.002
vn 1.000 0.016 0.004
vn 1.000 0.016 0.005
vn 1.000 0.017 0.001
vn 1.000 0.016 -0.017
vn 1.000 0.019 -0.007
vn 1.000 0.018 0.002
vn 1.000 0.019 -0.011
vn 0.999 0.017 -0.030
vn 1.000 0.015 -0.003
vn 1.000 0.016 0.005
vn 1.000 0.016 0.007
vn 1.000 0.017 0.001
vn 1.000 0.016 -0.025
vn 1.000 0.019 -0.009
vn 1.000 0.018 0.002
vn 1.000 0.019 -0.015
vn 0.999 0.017 -0.040
vn 1.000 0.015 -0.004
vn 1.000 0.016 0.007
vn 1.000 0.016 0.009
vn 1.000 0.017 0.001
vn 0.999 0.016 -0.033
vn 1.000 0.019 -0.011
vn 1.000 0.018 0.003
vn 1.000 0.019 -0.019
vn 0.999 0.017 -0.050
vn 1.000 0.015 -0.005
vn 1.000 0.016 0.009
vn 1.000 0.016 0.012
vn 1.000 0.017 0.002
vn 0.999 0.016 -0.042
vn 1.000 0.019 -0.013
vn 1.000 0.018 0.004
vn 1.000 0.019 -0.022
vn 0.998 0.017 -0.060
vn 1.000 0.015 -0.006
vn 1.000 0.016 0.011
vn 1.000 0.016 0.014
vn 1.000 0.017 0.002
vn 0.999 0.016 -0.050
vn -1.000 -0.016 -0.000
vn -1.000 -0.018 0.000
vn -1.000 -0.020 -0.000
vn -1.000 -0.019 -0.000
vn -1.000 -0.019 -0.000
vn -1.000 -0.019 0.000
vn -1.000 -0.016 0.000
vn -1.000 -0.016 -0.006
vn -1.000 -0.018 -0.007
vn -1.000 -0.020 -0.002
vn -1.000 -0.019 0.001
vn -1.000 -0.019 0.000
vn -1.000 -0.019 0.007
vn -1.000 -0.016 0.010
vn -1.000 -0.016 -0.012
vn -1.000 -0.018 -0.014
vn -1.000 -0.020 -0.004
vn -1.000 -0.019 0.003
vn -1.000 -0.019 0.000
vn -1.000 -0.019 0.014
vn -1.000 -0.016 0.021
vn -1.000 -0.016 -0.018
vn -1.000 -0.018 -0.021
vn -1.000 -0.020 -0.006
vn -1.000 -0.019 0.004
vn -1.000 -0.019 0.001
vn -1.000 -0.019 0.020
vn -0.999 -0.016 0.031
vn -1.000 -0.016 -0.024
vn -0.999 -0.018 -0.028
vn -1.000 -0.020 -0.007
vn -1.000 -0.019 0.006
vn -1.000 -0.019 0.001
vn -0.999 -0.019 0.027
vn -0.999 -0.016 0.041
vn -0.999 -0.016 -0.030
vn -0.999 -0.018 -0.035
vn -1.000 -0.020 -0.009
vn -1.000 -0.019 0.007
vn -1.000 -0.019 0.001
vn -0.999 -0.019 0.034
vn -0.999 -0.016 0.051
vn -0.999 -0.016 -0.036
vn -0.999 -0.018 -0.041
vn -1.000 -0.020 -0.011
vn -1.000 -0.019 0.008
vn -1.000 -0.019 0.001
vn -0.999 -0.019 0.041
vn -0.998 -0.016 0.062
vn 1.000 0.016 0.000
vn 1.000 0.018 -0.000
vn 1.000 0.020 0.000
vn 1.000 0.019 0.000
vn 1.000 0.019 0.000
vn 1.000 0.019 -0.000
vn 1.000 0.016 -0.000
vn 1.000 0.016 0.006
vn 1.000 0.018 0.007
vn 1.000 0.020 0.002
vn 1.000 0.019 -0.001
vn 1.000 0.019 -0.000
vn 1.000 0.019 -0.007
vn 1.000 0.016 -0.010
vn 1.000 0.016 0.012
vn 1.000 0.018 0.014
vn 1.000 0.020 0.004
vn 1.000 0.019 -0.003
vn 1.000 0.019 -0.000
vn 1.000 0.019 -0.014
vn 1.000 0.016 -0.021
vn 1.000 0.016 0.018
vn 1.000 0.018 0.021
vn 1.000 0.020 0.006
vn 1.000 0.019 -0.004
vn 1.000 0.019 -0.001
vn 1.000 0.019 -0.020
vn 0.999 0.016 -0.031
vn 1.000 0.016 0.024
vn 0.999 0.018 0.028
vn 1.000 0.020 0.007
vn 1.000 0.019 -0.006
vn 1.000 0.019 -0.001
vn 0.999 0.019 -0.027
vn 0.999 0.016 -0.041
vn 0.999 0.016 0.030
vn 0.999 0.018 0.035
vn 1.000 0.020 0.009
vn 1.000 0.019 -0.007
vn 1.000 0.019 -0.001
vn 0.999 0.019 -0.034
vn 0.999 0.016 -0.051
vn 0.999 0.016 0.036
vn 0.999 0.018 0.041
vn 1.000 0.020 0.011
vn 1.000 0.019 -0.008
vn 1.000 0.019 -0.001
vn 0.999 0.019 -0.041
vn 0.998 0.016 -0.062
vn -1.000 -0.018 -0.000
vn -1.000 -0.016 0.000
vn -1.000 -0.015 -0.000
vn -1.000 -0.018 -0.000
vn -1.000 -0.016 -0.000
vn -1.000 -0.014 0.000
vn -1.000 -0.017 -0.000
vn -1.000 -0.015 -0.000
vn -1.000 -0.017 -0.000
vn -1.000 -0.015 0.000
vn -1.000 -0.014 0.000
vn -1.000 -0.018 0.009
vn -1.000 -0.016 0.005
vn -1.000 -0.015 -0.004
vn -1.000 -0.018 -0.001
vn -1.000 -0.016 0.010
vn -1.000 -0.014 -0.003
vn -1.000 -0.017 -0.004
vn -1.000 -0.015 0.000
vn -1.000 -0.017 -0.000
vn -1.000 -0.015 0.009
vn -1.000 -0.014 0.007
vn -1.000 -0.018 0.017
vn -1.000 -0.016 0.010
vn -1.000 -0.015 -0.008
vn -1.000 -0.018 -0.002
vn -1.000 -0.016 0.021
vn -1.000 -0.014 -0.006
vn -1.000 -0.017 -0.008
vn -1.000 -0.015 0.000
vn -1.000 -0.017 -0.000
vn -1.000 -0.015 0.017
vn -1.000 -0.014 0.013
vn -1.000 -0.018 0.026
vn -1.000 -0.016 0.016
vn -1.000 -0.015 -0.012
vn -1.000 -0.018 -0.003
vn -0.999 -0.016 0.031
vn -1.000 -0.014 -0.010
vn -1.000 -0.017 -0.012
vn -1.000 -0.015 0.000
vn -1.000 -0.017 -0.001
vn -1.000 -0.015 0.026
vn -1.000 -0.014 0.020
vn -0.999 -0.018 0.034
vn -1.000 -0.016 0.021
vn -1.000 -0.015 -0.016
vn -1.000 -0.018 -0.004
vn -0.999 -0.016 0.042
vn -1.000 -0.014 -0.013
vn -1.000 -0.017 -0.016
vn -1.000 -0.015 0.000
vn -1.000 -0.017 -0.001
vn -0.999 -0.015 0.035
vn -1.000 -0.014 0.026
vn -0.999 -0.018 0.043
vn -1.000 -0.016 0.026
vn -1.000 -0.015 -0.021
vn -1.000 -0.018 -0.004
vn -0.999 -0.016 0.052
vn -1.000 -0.014 -0.016
vn -1.000 -0.017 -0.020
vn -1.000 -0.015 0.001
vn -1.000 -0.017 -0.001
vn -0.999 -0.015 0.044
vn -0.999 -0.014 0.033
vn -0.999 -0.018 0.051
vn -0.999 -0.016 0.031
vn -1.000 -0.015 -0.025
vn -1.000 -0.018 -0.005
vn -0.998 -0.016 0.062
vn -1.000 -0.014 -0.019
vn -1.000 -0.017 -0.024
vn -1.000 -0.015 0.001
vn -1.000 -0.017 -0.001
vn -0.999 -0.015 0.052
vn -0.999 -0.014 0.039
vn 1.000 0.018 0.000
vn 1.000 0.016 -0.000
vn 1.000 0.015 0.000
vn 1.000 0.018 0.000
vn 1.000 0.016 0.000
vn 1.000 0.014 -0.000
vn 1.000 0.017 0.000
vn 1.000 0.015 0.000
vn 1.000 0.017 0.000
vn 1.000 0.015 -0.000
vn 1.000 0.014 -0.000
vn 1.000 0.018 -0.009
vn 1.000 0.016 -0.005
vn 1.000 0.015 0.004
vn 1.000 0.018 0.001
vn 1.000 0.016 -0.010
vn 1.000 0.014 0.003
vn 1.000 0.017 0.004
vn 1.000 0.015 -0.000
vn 1.000 0.017 0.000
vn 1.000 0.015 -0.009
vn 1.000 0.014 -0.007
vn 1.000 0.018 -0.017
vn 1.000 0.016 -0.010
vn 1.000 0.015 0.008
vn 1.000 0.018 0.002
vn 1.000 0.016 -0.021
vn 1.000 0.014 0.006
vn 1.000 0.017 0.008
vn 1.000 0.015 -0.000
vn 1.000 0.017 0.000
vn 1.000 0.015 -0.017
vn 1.000 0.014 -0.013
vn 1.000 0.018 -0.026
vn 1.000 0.016 -0.016
vn 1.000 0.015 0.012
vn 1.000 0.018 0.003
vn 0.999 0.016 -0.031
vn 1.000 0.014 0.010
vn 1.000 0.017 0.012
vn 1.000 0.015 -0.000
vn 1.000 0.017 0.001
vn 1.000 0.015 -0.026
vn 1.000 0.014 -0.020
vn 0.999 0.018 -0.034
vn 1.000 0.016 -0.021
vn 1.000 0.015 0.016
vn 1.000 0.018 0.004
vn 0.999 0.016 -0.042
vn 1.000 0.014 0.013
vn 1.000 0.017 0.016
vn 1.000 0.015 -0.000
vn 1.000 0.017 0.001
vn 0.999 0.015 -0.035
vn 1.000 0.014 -0.026
vn 0.999 0.018 -0.043
vn 1.000 0.016 -0.026
vn 1.000 0.015 0.021
vn 1.000 0.018 0.004
vn 0.999 0.016 -0.052
vn 1.000 0.014 0.016
vn 1.000 0.017 0.020
vn 1.000 0.015 -0.001
vn 1.000 0.017 0.001
vn 0.999 0.015 -0.044
vn 0.999 0.014 -0.033
vn 0.999 0.018 -0.051
vn 0.999 0.016 -0.031
vn 1.000 0.015 0.025
vn 1.000 0.018 0.005
vn 0.998 0.016 -0.062
vn 1.000 0.014 0.019
vn 1.000 0.017 0.024
vn 1.000 0.015 -0.001
vn 1.000 0.017 0.001
vn 0.999 0.015 -0.052
vn 0.999 0.014 -0.039
vn -1.000 -0.029 -0.000
vn -0.999 -0.034 0.000
vn -0.999 -0.033 -0.000
vn -1.000 -0.030 -0.000
vn -1.000 -0.026 -0.000
vn -1.000 -0.030 0.000
vn -1.000 -0.030 0.000
vn -0.999 -0.029 -0.015
vn -0.999 -0.034 -0.007
vn -0.999 -0.033 0.008
vn -0.999 -0.029 0.012
vn -1.000 -0.026 -0.001
vn -1.000 -0.030 -0.008
vn -1.000 -0.030 -0.001
vn -0.999 -0.029 -0.029
vn -0.999 -0.034 -0.015
vn -0.999 -0.033 0.015
vn -0.999 -0.029 0.024
vn -1.000 -0.026 -0.002
vn -0.999 -0.030 -0.015
vn -1.000 -0.030 -0.001
vn -0.999 -0.029 -0.044
vn -0.999 -0.034 -0.022
vn -0.999 -0.033 0.023
vn -0.999 -0.029 0.035
vn -1.000 -0.026 -0.003
vn -0.999 -0.030 -0.023
vn -1.000 -0.030 -0.002
vn -0.998 -0.029 -0.058
vn -0.999 -0.034 -0.030
vn -0.999 -0.033 0.031
vn -0.998 -0.029 0.047
vn -1.000 -0.026 -0.004
vn -0.999 -0.030 -0.030
vn -1.000 -0.030 -0.003
vn -0.997 -0.029 -0.073
vn -0.999 -0.034 -0.037
vn -0.999 -0.033 0.038
vn -0.998 -0.029 0.059
vn -1.000 -0.026 -0.005
vn -0.999 -0.030 -0.038
vn -1.000 -0.030 -0.003
vn -0.996 -0.029 -0.087
vn -0.998 -0.034 -0.045
vn -0.998 -0.033 0.046
vn -0.997 -0.029 0.071
vn -1.000 -0.026 -0.006
vn -0.999 -0.030 -0.045
vn -1.000 -0.030 -0.004
vn 1.000 0.029 0.000
vn 0.999 0.034 -0.000
vn 0.999 0.033 0.000
vn 1.000 0.030 0.000
vn 1.000 0.026 0.000
vn 1.000 0.030 -0.000
vn 1.000 0.030 -0.000
vn 0.999 0.029 0.015
vn 0.999 0.034 0.007
vn 0.999 0.033 -0.008
vn 0.999 0.029 -0.012
vn 1.000 0.026 0.001
vn 1.000 0.030 0.008
vn 1.000 0.030 0.001
vn 0.999 0.029 0.029
vn 0.999 0.034 0.015
vn 0.999 0.033 -0.015
vn 0.999 0.029 -0.024
vn 1.000 0.026 0.002
vn 0.999 0.030 0.015
vn 1.000 0.030 0.001
vn 0.999 0.029 0.044
vn 0.999 0.034 0.022
vn 0.999 0.033 -0.023
vn 0.999 0.029 -0.035
vn 1.000 0.026 0.003
vn 0.999 0.030 0.023
vn 1.000 0.030 0.002
vn 0.998 0.029 0.058
vn 0.999 0.034 0.030
vn 0.999 0.033 -0.031
vn 0.998 0.029 -0.047
vn 1.000 0.026 0.004
vn 0.999 0.030 0.030
vn 1.000 0.030 0.003
vn 0.997 0.029 0.073
vn 0.999 0.034 0.037
vn 0.999 0.033 -0.038
vn 0.998 0.029 -0.059
vn 1.000 0.026 0.005
vn 0.999 0.030 0.038
vn 1.000 0.030 0.003
vn 0.996 0.029 0.087
vn 0.998 0.034 0.045
vn 0.998 0.033 -0.046
vn 0.997 0.029 -0.071
vn 1.000 0.026 0.006
vn 0.999 0.030 0.045
vn 1.000 0.030 0.004
vn -1.000 -0.021 -0.000
vn -1.000 -0.018 0.000
vn -1.000 -0.017 -0.000
vn -1.000 -0.021 -0.000
vn -1.000 -0.018 -0.000
vn -1.000 -0.018 0.000
vn -1.000 -0.021 0.000
vn -1.000 -0.021 0.012
vn -1.000 -0.018 0.010
vn -1.000 -0.017 -0.006
vn -1.000 -0.021 -0.006
vn -1.000 -0.018 0.007
vn -1.000 -0.018 -0.005
vn -1.000 -0.021 -0.013
vn -0.999 -0.021 0.025
vn -1.000 -0.018 0.020
vn -1.000 -0.017 -0.013
vn -1.000 -0.021 -0.012
vn -1.000 -0.018 0.014
vn -1.000 -0.018 -0.010
vn -0.999 -0.021 -0.026
vn -0.999 -0.021 0.037
vn -0.999 -0.018 0.029
vn -1.000 -0.017 -0.019
vn -1.000 -0.021 -0.018
vn -1.000 -0.018 0.021
vn -1.000 -0.018 -0.015
vn -0.999 -0.021 -0.039
vn -0.999 -0.021 0.049
vn -0.999 -0.018 0.039
vn -1.000 -0.017 -0.025
vn -0.999 -0.021 -0.024
vn -0.999 -0.018 0.028
vn -1.000 -0.018 -0.020
vn -0.998 -0.021 -0.052
vn -0.998 -0.021 0.062
vn -0.999 -0.018 0.049
vn -0.999 -0.017 -0.031
vn -0.999 -0.021 -0.030
vn -0.999 -0.018 0.035
vn -1.000 -0.018 -0.025
vn -0.998 -0.021 -0.065
vn -0.997 -0.021 0.074
vn -0.998 -0.018 0.059
vn -0.999 -0.017 -0.038
vn -0.999 -0.021 -0.036
vn -0.999 -0.018 0.042
vn -0.999 -0.018 -0.030
vn -0.997 -0.021 -0.078
vn 1.000 0.021 0.000
vn 1.000 0.018 -0.000
vn 1.000 0.017 0.000
vn 1.000 0.021 0.000
vn 1.000 0.018 0.000
vn 1.000 0.018 -0.000
vn 1.000 0.021 -0.000
vn 1.000 0.021 -0.012
vn 1.000 0.018 -0.010
vn 1.000 0.017 0.006
vn 1.000 0.021 0.006
vn 1.000 0.018 -0.007
vn 1.000 0.018 0.005
vn 1.000 0.021 0.013
vn 0.999 0.021 -0.025
vn 1.000 0.018 -0.020
vn 1.000 0.017 0.013
vn 1.000 0.021 0.012
vn 1.000 0.018 -0.014
vn 1.000 0.018 0.010
vn 0.999 0.021 0.026
vn 0.999 0.021 -0.037
vn 0.999 0.018 -0.029
vn 1.000 0.017 0.019
vn 1.000 0.021 0.018
vn 1.000 0.018 -0.021
vn 1.000 0.018 0.015
vn 0.999 0.021 0.039
vn 0.999 0.021 -0.049
vn 0.999 0.018 -0.039
vn 1.000 0.017 0.025
vn 0.999 0.021 0.024
vn 0.999 0.018 -0.028
vn 1.000 0.018 0.020
vn 0.998 0.021 0.052
vn 0.998 0.021 -0.062
vn 0.999 0.018 -0.049
vn 0.999 0.017 0.031
vn 0.999 0.021 0.030
vn 0.999 0.018 -0.035
vn 1.000 0.018 0.025
vn 0.998 0.021 0.065
vn 0.997 0.021 -0.074
vn 0.998 0.018 -0.059
vn 0.999 0.017 0.038
vn 0.999 0.021 0.036
vn 0.999 0.018 -0.042
vn 0.999 0.018 0.030
vn 0.997 0.021 0.078
vn -1.000 -0.016 -0.000
vn -1.000 -0.014 0.000
vn -1.000 -0.013 -0.000
vn -1.000 -0.015 -0.000
vn -1.000 -0.014 -0.000
vn -1.000 -0.016 0.000
vn -1.000 -0.015 -0.000
vn -1.000 -0.014 -0.000
vn -1.000 -0.014 -0.000
vn -1.000 -0.013 0.000
vn -1.000 -0.016 -0.000
vn -1.000 -0.015 -0.000
vn -1.000 -0.013 0.000
vn -1.000 -0.016 0.017
vn -1.000 -0.014 0.010
vn -1.000 -0.013 -0.005
vn -1.000 -0.015 -0.005
vn -1.000 -0.014 -0.002
vn -1.000 -0.016 -0.004
vn -1.000 -0.015 0.009
vn -1.000 -0.014 0.003
vn -1.000 -0.014 0.001
vn -1.000 -0.013 -0.006
vn -1.000 -0.016 -0.006
vn -1.000 -0.015 0.011
vn -1.000 -0.013 0.012
vn -0.999 -0.016 0.034
vn -1.000 -0.014 0.020
vn -1.000 -0.013 -0.011
vn -1.000 -0.015 -0.010
vn -1.000 -0.014 -0.005
vn -1.000 -0.016 -0.007
vn -1.000 -0.015 0.017
vn -1.000 -0.014 0.006
vn -1.000 -0.014 0.003
vn -1.000 -0.013 -0.012
vn -1.000 -0.016 -0.013
vn -1.000 -0.015 0.021
vn -1.000 -0.013 0.024
vn -0.999 -0.016 0.051
vn -0.999 -0.014 0.031
vn -1.000 -0.013 -0.016
vn -1.000 -0.015 -0.014
vn -1.000 -0.014 -0.007
vn -1.000 -0.016 -0.011
vn -1.000 -0.015 0.026
vn -1.000 -0.014 0.008
vn -1.000 -0.014 0.004
vn -1.000 -0.013 -0.018
vn -1.000 -0.016 -0.019
vn -0.999 -0.015 0.032
vn -0.999 -0.013 0.037
vn -0.998 -0.016 0.068
vn -0.999 -0.013 0.041
vn -1.000 -0.013 -0.022
vn -1.000 -0.015 -0.019
vn -1.000 -0.014 -0.010
vn -1.000 -0.016 -0.015
vn -0.999 -0.015 0.034
vn -1.000 -0.014 0.011
vn -1.000 -0.014 0.005
vn -1.000 -0.013 -0.024
vn -1.000 -0.016 -0.025
vn -0.999 -0.015 0.042
vn -0.999 -0.013 0.049
vn -0.996 -0.016 0.085
vn -0.999 -0.013 0.051
vn -1.000 -0.013 -0.027
vn -1.000 -0.015 -0.024
vn -1.000 -0.014 -0.012
vn -1.000 -0.016 -0.018
vn -0.999 -0.015 0.043
vn -1.000 -0.014 0.014
vn -1.000 -0.014 0.006
vn -0.999 -0.013 -0.030
vn -0.999 -0.016 -0.032
vn -0.998 -0.015 0.053
vn -0.998 -0.013 0.061
vn -0.995 -0.016 0.102
vn -0.998 -0.013 0.061
vn -0.999 -0.013 -0.032
vn -0.999 -0.015 -0.029
vn -1.000 -0.014 -0.015
vn -1.000 -0.016 -0.022
vn -0.999 -0.015 0.051
vn -1.000 -0.014 0.017
vn -1.000 -0.014 0.008
vn -0.999 -0.013 -0.036
vn -0.999 -0.016 -0.038
vn -0.998 -0.015 0.063
vn -0.997 -0.013 0.073
vn 1.000 0.016 0.000
vn 1.000 0.014 -0.000
vn 1.000 0.013 0.000
vn 1.000 0.015 0.000
vn 1.000 0.014 0.000
vn 1.000 0.016 -0.000
vn 1.000 0.015 0.000
vn 1.000 0.014 0.000
vn 1.000 0.014 0.000
vn 1.000 0.013 -0.000
vn 1.000 0.016 0.000
vn 1.000 0.015 0.000
vn 1.000 0.013 -0.000
vn 1.000 0.016 -0.017
vn 1.000 0.014 -0.010
vn 1.000 0.013 0.005
vn 1.000 0.015 0.005
vn 1.000 0.014 0.002
vn 1.000 0.016 0.004
vn 1.000 0.015 -0.009
vn 1.000 0.014 -0.003
vn 1.000 0.014 -0.001
vn 1.000 0.013 0.006
vn 1.000 0.016 0.006
vn 1.000 0.015 -0.011
vn 1.000 0.013 -0.012
vn 0.999 0.016 -0.034
vn 1.000 0.014 -0.020
vn 1.000 0.013 0.011
vn 1.000 0.015 0.010
vn 1.000 0.014 0.005
vn 1.000 0.016 0.007
vn 1.000 0.015 -0.017
vn 1.000 0.014 -0.006
vn 1.000 0.014 -0.003
vn 1.000 0.013 0.012
vn 1.000 0.016 0.013
vn 1.000 0.015 -0.021
vn 1.000 0.013 -0.024
vn 0.999 0.016 -0.051
vn 0.999 0.014 -0.031
vn 1.000 0.013 0.016
vn 1.000 0.015 0.014
vn 1.000 0.014 0.007
vn 1.000 0.016 0.011
vn 1.000 0.015 -0.026
vn 1.000 0.014 -0.008
vn 1.000 0.014 -0.004
vn 1.000 0.013 0.018
vn 1.000 0.016 0.019
vn 0.999 0.015 -0.032
vn 0.999 0.013 -0.037
vn 0.998 0.016 -0.068
vn 0.999 0.013 -0.041
vn 1.000 0.013 0.022
vn 1.000 0.015 0.019
vn 1.000 0.014 0.010
vn 1.000 0.016 0.015
vn 0.999 0.015 -0.034
vn 1.000 0.014 -0.011
vn 1.000 0.014 -0.005
vn 1.000 0.013 0.024
vn 1.000 0.016 0.025
vn 0.999 0.015 -0.042
vn 0.999 0.013 -0.049
vn 0.996 0.016 -0.085
vn 0.999 0.013 -0.051
vn 1.000 0.013 0.027
vn 1.000 0.015 0.024
vn 1.000 0.014 0.012
vn 1.000 0.016 0.018
vn 0.999 0.015 -0.043
vn 1.000 0.014 -0.014
vn 1.000 0.014 -0.006
vn 0.999 0.013 0.030
vn 0.999 0.016 0.032
vn 0.998 0.015 -0.053
vn 0.998 0.013 -0.061
vn 0.995 0.016 -0.102
vn 0.998 0.013 -0.061
vn 0.999 0.013 0.032
vn 0.999 0.015 0.029
vn 1.000 0.014 0.015
vn 1.000 0.016 0.022
vn 0.999 0.015 -0.051
vn 1.000 0.014 -0.017
vn 1.000 0.014 -0.008
vn 0.999 0.013 0.036
vn 0.999 0.016 0.038
vn 0.998 0.015 -0.063
vn 0.997 0.013 -0.073
vn 1.000 -0.019 -0.000
vn 1.000 -0.021 -0.000
vn 1.000 -0.025 0.000
vn 1.000 -0.020 -0.000
vn 1.000 -0.023 -0.000
vn 1.000 -0.022 -0.000
vn 1.000 -0.023 0.000
vn 1.000 -0.022 -0.000
vn 1.000 -0.023 -0.000
vn 1.000 -0.019 0.009
vn 1.000 -0.021 0.012
vn 1.000 -0.025 -0.003
vn 1.000 -0.020 -0.004
vn 1.000 -0.023 0.005
vn 1.000 -0.022 0.001
vn 1.000 -0.023 -0.000
vn 1.000 -0.022 -0.001
vn 1.000 -0.023 0.003
vn 1.000 -0.019 0.018
vn 1.000 -0.021 0.023
vn 1.000 -0.025 -0.006
vn 1.000 -0.020 -0.007
vn 1.000 -0.023 0.010
vn 1.000 -0.022 0.003
vn 1.000 -0.023 -0.000
vn 1.000 -0.022 -0.003
vn 1.000 -0.023 0.006
vn 0.999 -0.019 0.027
vn 0.999 -0.021 0.035
vn 1.000 -0.025 -0.010
vn 1.000 -0.020 -0.011
vn 1.000 -0.023 0.014
vn 1.000 -0.022 0.004
vn 1.000 -0.023 -0.000
vn 1.000 -0.022 -0.004
vn 1.000 -0.023 0.009
vn 0.999 -0.019 0.036
vn 0.999 -0.021 0.047
vn 1.000 -0.025 -0.013
vn 1.000 -0.020 -0.014
vn 1.000 -0.023 0.019
vn 1.000 -0.022 0.006
vn 1.000 -0.023 -0.001
vn 1.000 -0.022 -0.006
vn 1.000 -0.023 0.012
vn 0.999 -0.019 0.045
vn 0.998 -0.021 0.058
vn 1.000 -0.025 -0.016
vn 1.000 -0.020 -0.018
vn 0.999 -0.023 0.024
vn 1.000 -0.022 0.007
vn 1.000 -0.023 -0.001
vn 1.000 -0.022 -0.007
vn 1.000 -0.023 0.016
vn 0.998 -0.019 0.054
vn 0.997 -0.021 0.070
vn 1.000 -0.025 -0.019
vn 1.000 -0.020 -0.021
vn 0.999 -0.023 0.028
vn 1.000 -0.022 0.009
vn 1.000 -0.023 -0.001
vn 1.000 -0.022 -0.008
vn 1.000 -0.023 0.019
vn -1.000 0.019 0.000
vn -1.000 0.021 0.000
vn -1.000 0.025 -0.000
vn -1.000 0.020 0.000
vn -1.000 0.023 0.000
vn -1.000 0.022 0.000
vn -1.000 0.023 -0.000
vn -1.000 0.022 0.000
vn -1.000 0.023 0.000
vn -1.000 0.019 -0.009
vn -1.000 0.021 -0.012
vn -1.000 0.025 0.003
vn -1.000 0.020 0.004
vn -1.000 0.023 -0.005
vn -1.000 0.022 -0.001
vn -1.000 0.023 0.000
vn -1.000 0.022 0.001
vn -1.000 0.023 -0.003
vn -1.000 0.019 -0.018
vn -1.000 0.021 -0.023
vn -1.000 0.025 0.006
vn -1.000 0.020 0.007
vn -1.000 0.023 -0.010
vn -1.000 0.022 -0.003
vn -1.000 0.023 0.000
vn -1.000 0.022 0.003
vn -1.000 0.023 -0.006
vn -0.999 0.019 -0.027
vn -0.999 0.021 -0.035
vn -1.000 0.025 0.010
vn -1.000 0.020 0.011
vn -1.000 0.023 -0.014
vn -1.000 0.022 -0.004
vn -1.000 0.023 0.000
vn -1.000 0.022 0.004
vn -1.000 0.023 -0.009
vn -0.999 0.019 -0.036
vn -0.999 0.021 -0.047
vn -1.000 0.025 0.013
vn -1.000 0.020 0.014
vn -1.000 0.023 -0.019
vn -1.000 0.022 -0.006
vn -1.000 0.023 0.001
vn -1.000 0.022 0.006
vn -1.000 0.023 -0.012
vn -0.999 0.019 -0.045
vn -0.998 0.021 -0.058
vn -1.000 0.025 0.016
vn -1.000 0.020 0.018
vn -0.999 0.023 -0.024
vn -1.000 0.022 -0.007
vn -1.000 0.023 0.001
vn -1.000 0.022 0.007
vn -1.000 0.023 -0.016
vn -0.998 0.019 -0.054
vn -0.997 0.021 -0.070
vn -1.000 0.025 0.019
vn -1.000 0.020 0.021
vn -0.999 0.023 -0.028
vn -1.000 0.022 -0.009
vn -1.000 0.023 0.001
vn -1.000 0.022 0.008
vn -1.000 0.023 -0.019
vn 1.000 -0.027 -0.000
vn 0.999 -0.033 -0.000
vn 1.000 -0.027 0.000
vn 1.000 -0.026 -0.000
vn 1.000 -0.029 -0.000
vn 1.000 -0.027 -0.000
vn 1.000 -0.031 0.000
vn 1.000 -0.027 -0.000
vn 1.000 -0.029 -0.000
vn 1.000 -0.031 -0.000
vn 1.000 -0.025 -0.000
vn 0.999 -0.027 0.019
vn 0.999 -0.033 0.000
vn 1.000 -0.027 -0.010
vn 1.000 -0.026 0.004
vn 1.000 -0.029 0.001
vn 1.000 -0.027 0.003
vn 1.000 -0.031 -0.000
vn 1.000 -0.027 -0.002
vn 1.000 -0.029 0.007
vn 0.999 -0.031 -0.008
vn 1.000 -0.025 -0.018
vn 0.999 -0.027 0.038
vn 0.999 -0.033 0.000
vn 0.999 -0.027 -0.020
vn 1.000 -0.026 0.007
vn 1.000 -0.029 0.003
vn 1.000 -0.027 0.006
vn 1.000 -0.031 -0.001
vn 1.000 -0.027 -0.004
vn 0.999 -0.029 0.014
vn 0.999 -0.031 -0.016
vn 0.999 -0.025 -0.035
vn 0.998 -0.027 0.057
vn 0.999 -0.033 0.000
vn 0.999 -0.027 -0.029
vn 1.000 -0.026 0.011
vn 1.000 -0.029 0.004
vn 1.000 -0.027 0.010
vn 1.000 -0.031 -0.001
vn 1.000 -0.027 -0.007
vn 0.999 -0.029 0.021
vn 0.999 -0.031 -0.024
vn 0.998 -0.025 -0.053
vn 0.997 -0.027 0.076
vn 0.999 -0.033 0.000
vn 0.999 -0.027 -0.039
vn 1.000 -0.026 0.014
vn 1.000 -0.029 0.005
vn 1.000 -0.027 0.013
vn 1.000 -0.031 -0.002
vn 1.000 -0.027 -0.009
vn 0.999 -0.029 0.028
vn 0.999 -0.031 -0.032
vn 0.997 -0.025 -0.070
vn 0.995 -0.027 0.095
vn 0.999 -0.033 0.000
vn 0.998 -0.027 -0.049
vn 0.999 -0.026 0.018
vn 1.000 -0.029 0.007
vn 1.000 -0.027 0.016
vn 1.000 -0.031 -0.002
vn 1.000 -0.027 -0.011
vn 0.999 -0.029 0.035
vn 0.999 -0.031 -0.040
vn 0.996 -0.025 -0.087
vn 0.993 -0.026 0.113
vn 0.999 -0.033 0.000
vn 0.998 -0.027 -0.059
vn 0.999 -0.026 0.021
vn 1.000 -0.029 0.008
vn 0.999 -0.027 0.019
vn 1.000 -0.031 -0.002
vn 1.000 -0.027 -0.013
vn 0.999 -0.029 0.042
vn 0.998 -0.031 -0.047
vn 0.994 -0.025 -0.105
vn -1.000 0.027 0.000
vn -0.999 0.033 0.000
vn -1.000 0.027 -0.000
vn -1.000 0.026 0.000
vn -1.000 0.029 0.000
vn -1.000 0.027 0.000
vn -1.000 0.031 -0.000
vn -1.000 0.027 0.000
vn -1.000 0.029 0.000
vn -1.000 0.031 0.000
vn -1.000 0.025 0.000
vn -0.999 0.027 -0.019
vn -0.999 0.033 -0.000
vn -1.000 0.027 0.010
vn -1.000 0.026 -0.004
vn -1.000 0.029 -0.001
vn -1.000 0.027 -0.003
vn -1.000 0.031 0.000
vn -1.000 0.027 0.002
vn -1.000 0.029 -0.007
vn -0.999 0.031 0.008
vn -1.000 0.025 0.018
vn -0.999 0.027 -0.038
vn -0.999 0.033 -0.000
vn -0.999 0.027 0.020
vn -1.000 0.026 -0.007
vn -1.000 0.029 -0.003
vn -1.000 0.027 -0.006
vn -1.000 0.031 0.001
vn -1.000 0.027 0.004
vn -0.999 0.029 -0.014
vn -0.999 0.031 0.016
vn -0.999 0.025 0.035
vn -0.998 0.027 -0.057
vn -0.999 0.033 -0.000
vn -0.999 0.027 0.029
vn -1.000 0.026 -0.011
vn -1.000 0.029 -0.004
vn -1.000 0.027 -0.010
vn -1.000 0.031 0.001
vn -1.000 0.027 0.007
vn -0.999 0.029 -0.021
vn -0.999 0.031 0.024
vn -0.998 0.025 0.053
vn -0.997 0.027 -0.076
vn -0.999 0.033 -0.000
vn -0.999 0.027 0.039
vn -1.000 0.026 -0.014
vn -1.000 0.029 -0.005
vn -1.000 0.027 -0.013
vn -1.000 0.031 0.002
vn -1.000 0.027 0.009
vn -0.999 0.029 -0.028
vn -0.999 0.031 0.032
vn -0.997 0.025 0.070
vn -0.995 0.027 -0.095
vn -0.999 0.033 -0.000
vn -0.998 0.027 0.049
vn -0.999 0.026 -0.018
vn -1.000 0.029 -0.007
vn -1.000 0.027 -0.016
vn -1.000 0.031 0.002
vn -1.000 0.027 0.011
vn -0.999 0.029 -0.035
vn -0.999 0.031 0.040
vn -0.996 0.025 0.087
vn -0.993 0.026 -0.113
vn -0.999 0.033 -0.000
vn -0.998 0.027 0.059
vn -0.999 0.026 -0.021
vn -1.000 0.029 -0.008
vn -0.999 0.027 -0.019
vn -1.000 0.031 0.002
vn -1.000 0.027 0.013
vn -0.999 0.029 -0.042
vn -0.998 0.031 0.047
vn -0.994 0.025 0.105
vn 1.000 -0.016 -0.000
vn 1.000 -0.015 -0.000
vn 1.000 -0.017 0.000
vn 1.000 -0.014 -0.000
vn 1.000 -0.017 -0.000
vn 1.000 -0.018 -0.000
vn 1.000 -0.014 0.000
vn 1.000 -0.017 -0.000
vn 1.000 -0.014 -0.000
vn 1.000 -0.016 -0.008
vn 1.000 -0.015 0.002
vn 1.000 -0.017 -0.003
vn 1.000 -0.014 -0.001
vn 1.000 -0.017 0.011
vn 1.000 -0.018 -0.011
vn 1.000 -0.014 -0.001
vn 1.000 -0.017 0.000
vn 1.000 -0.014 -0.018
vn 1.000 -0.016 -0.016
vn 1.000 -0.015 0.005
vn 1.000 -0.017 -0.005
vn 1.000 -0.014 -0.002
vn 1.000 -0.017 0.022
vn 1.000 -0.018 -0.022
vn 1.000 -0.014 -0.003
vn 1.000 -0.017 0.001
vn 0.999 -0.014 -0.036
vn 1.000 -0.016 -0.024
vn 1.000 -0.015 0.007
vn 1.000 -0.017 -0.008
vn 1.000 -0.014 -0.003
vn 0.999 -0.017 0.034
vn 0.999 -0.018 -0.032
vn 1.000 -0.014 -0.004
vn 1.000 -0.017 0.001
vn 0.998 -0.014 -0.054
vn 0.999 -0.016 -0.033
vn 1.000 -0.015 0.010
vn 1.000 -0.017 -0.010
vn 1.000 -0.014 -0.004
vn 0.999 -0.017 0.045
vn 0.999 -0.018 -0.043
vn 1.000 -0.014 -0.006
vn 1.000 -0.017 0.002
vn 0.997 -0.014 -0.072
vn 0.999 -0.016 -0.041
vn 1.000 -0.015 0.012
vn 1.000 -0.017 -0.013
vn 1.000 -0.014 -0.005
vn 0.998 -0.017 0.056
vn 0.998 -0.018 -0.054
vn 1.000 -0.014 -0.007
vn 1.000 -0.017 0.002
vn 0.996 -0.014 -0.090
vn 0.999 -0.016 -0.049
vn 1.000 -0.015 0.015
vn 1.000 -0.017 -0.015
vn 1.000 -0.014 -0.006
vn 0.998 -0.017 0.067
vn 0.998 -0.018 -0.065
vn 1.000 -0.014 -0.008
vn 1.000 -0.017 0.003
vn 0.994 -0.014 -0.108
vn -1.000 0.016 0.000
vn -1.000 0.015 0.000
vn -1.000 0.017 -0.000
vn -1.000 0.014 0.000
vn -1.000 0.017 0.000
vn -1.000 0.018 0.000
vn -1.000 0.014 -0.000
vn -1.000 0.017 0.000
vn -1.000 0.014 0.000
vn -1.000 0.016 0.008
vn -1.000 0.015 -0.002
vn -1.000 0.017 0.003
vn -1.000 0.014 0.001
vn -1.000 0.017 -0.011
vn -1.000 0.018 0.011
vn -1.000 0.014 0.001
vn -1.000 0.017 -0.000
vn -1.000 0.014 0.018
vn -1.000 0.016 0.016
vn -1.000 0.015 -0.005
vn -1.000 0.017 0.005
vn -1.000 0.014 0.002
vn -1.000 0.017 -0.022
vn -1.000 0.018 0.022
vn -1.000 0.014 0.003
vn -1.000 0.017 -0.001
vn -0.999 0.014 0.036
vn -1.000 0.016 0.024
vn -1.000 0.015 -0.007
vn -1.000 0.017 0.008
vn -1.000 0.014 0.003
vn -0.999 0.017 -0.034
vn -0.999 0.018 0.032
vn -1.000 0.014 0.004
vn -1.000 0.017 -0.001
vn -0.998 0.014 0.054
vn -0.999 0.016 0.033
vn -1.000 0.015 -0.010
vn -1.000 0.017 0.010
vn -1.000 0.014 0.004
vn -0.999 0.017 -0.045
vn -0.999 0.018 0.043
vn -1.000 0.014 0.006
vn -1.000 0.017 -0.002
vn -0.997 0.014 0.072
vn -0.999 0.016 0.041
vn -1.000 0.015 -0.012
vn -1.000 0.017 0.013
vn -1.000 0.014 0.005
vn -0.998 0.017 -0.056
vn -0.998 0.018 0.054
vn -1.000 0.014 0.007
vn -1.000 0.017 -0.002
vn -0.996 0.014 0.090
vn -0.999 0.016 0.049
vn -1.000 0.015 -0.015
vn -1.000 0.017 0.015
vn -1.000 0.014 0.006
vn -0.998 0.017 -0.067
vn -0.998 0.018 0.065
vn -1.000 0.014 0.008
vn -1.000 0.017 -0.003
vn -0.994 0.014 0.108
vn 0.999 -0.037 -0.000
vn 0.999 -0.035 -0.000
vn 0.999 -0.033 0.000
vn 1.000 -0.031 -0.000
vn 1.000 -0.028 -0.000
vn 0.999 -0.034 -0.000
vn 0.999 -0.036 0.000
vn 1.000 -0.032 -0.000
vn 0.999 -0.036 -0.000
vn 0.999 -0.037 -0.004
vn 0.999 -0.035 -0.004
vn 0.999 -0.033 -0.005
vn 0.999 -0.031 -0.006
vn 1.000 -0.028 0.002
vn 0.999 -0.034 0.009
vn 0.999 -0.036 -0.003
vn 1.000 -0.032 0.000
vn 0.999 -0.036 0.010
vn 0.999 -0.037 -0.007
vn 0.999 -0.035 -0.008
vn 0.999 -0.033 -0.009
vn 0.999 -0.031 -0.012
vn 1.000 -0.028 0.005
vn 0.999 -0.034 0.019
vn 0.999 -0.036 -0.005
vn 1.000 -0.032 0.000
vn 0.999 -0.036 0.021
vn 0.999 -0.037 -0.011
vn 0.999 -0.035 -0.012
vn 0.999 -0.033 -0.014
vn 0.999 -0.031 -0.018
vn 1.000 -0.028 0.007
vn 0.999 -0.034 0.028
vn 0.999 -0.036 -0.008
vn 1.000 -0.032 0.000
vn 0.999 -0.036 0.031
vn 0.999 -0.037 -0.015
vn 0.999 -0.035 -0.016
vn 0.999 -0.033 -0.018
vn 0.999 -0.031 -0.025
vn 1.000 -0.028 0.010
vn 0.999 -0.034 0.038
vn 0.999 -0.036 -0.010
vn 1.000 -0.032 0.000
vn 0.998 -0.036 0.042
vn 0.999 -0.037 -0.019
vn 0.999 -0.035 -0.020
vn 0.999 -0.033 -0.023
vn 0.999 -0.031 -0.031
vn 1.000 -0.028 0.012
vn 0.998 -0.034 0.047
vn 0.999 -0.036 -0.013
vn 1.000 -0.032 0.000
vn 0.998 -0.036 0.052
vn 0.999 -0.037 -0.022
vn 0.999 -0.035 -0.024
vn 0.999 -0.033 -0.028
vn 0.999 -0.031 -0.037
vn 0.999 -0.028 0.015
vn 0.998 -0.033 0.057
vn 0.999 -0.036 -0.015
vn 1.000 -0.032 0.000
vn 0.997 -0.036 0.063
vn -0.999 0.037 0.000
vn -0.999 0.035 0.000
vn -0.999 0.033 -0.000
vn -1.000 0.031 0.000
vn -1.000 0.028 0.000
vn -0.999 0.034 0.000
vn -0.999 0.036 -0.000
vn -1.000 0.032 0.000
vn -0.999 0.036 0.000
vn -0.999 0.037 0.004
vn -0.999 0.035 0.004
vn -0.999 0.033 0.005
vn -0.999 0.031 0.006
vn -1.000 0.028 -0.002
vn -0.999 0.034 -0.009
vn -0.999 0.036 0.003
vn -1.000 0.032 -0.000
vn -0.999 0.036 -0.010
vn -0.999 0.037 0.007
vn -0.999 0.035 0.008
vn -0.999 0.033 0.009
vn -0.999 0.031 0.012
vn -1.000 0.028 -0.005
vn -0.999 0.034 -0.019
vn -0.999 0.036 0.005
vn -1.000 0.032 -0.000
vn -0.999 0.036 -0.021
vn -0.999 0.037 0.011
vn -0.999 0.035 0.012
vn -0.999 0.033 0.014
vn -0.999 0.031 0.018
vn -1.000 0.028 -0.007
vn -0.999 0.034 -0.028
vn -0.999 0.036 0.008
vn -1.000 0.032 -0.000
vn -0.999 0.036 -0.031
vn -0.999 0.037 0.015
vn -0.999 0.035 0.016
vn -0.999 0.033 0.018
vn -0.999 0.031 0.025
vn -1.000 0.028 -0.010
vn -0.999 0.034 -0.038
vn -0.999 0.036 0.010
vn -1.000 0.032 -0.000
vn -0.998 0.036 -0.042
vn -0.999 0.037 0.019
vn -0.999 0.035 0.020
vn -0.999 0.033 0.023
vn -0.999 0.031 0.031
vn -1.000 0.028 -0.012
vn -0.998 0.034 -0.047
vn -0.999 0.036 0.013
vn -1.000 0.032 -0.000
vn -0.998 0.036 -0.052
vn -0.999 0.037 0.022
vn -0.999 0.035 0.024
vn -0.999 0.033 0.028
vn -0.999 0.031 0.037
vn -0.999 0.028 -0.015
vn -0.998 0.033 -0.057
vn -0.999 0.036 0.015
vn -1.000 0.032 -0.000
vn -0.997 0.036 -0.063
vn 1.000 -0.020 -0.000
vn 1.000 -0.017 -0.000
vn 1.000 -0.016 0.000
vn 1.000 -0.016 -0.000
vn 1.000 -0.018 -0.000
vn 1.000 -0.016 -0.000
vn 1.000 -0.019 0.000
vn 1.000 -0.016 -0.000
vn 1.000 -0.016 -0.000
vn 1.000 -0.020 -0.010
vn 1.000 -0.017 -0.007
vn 1.000 -0.016 -0.003
vn 1.000 -0.016 0.003
vn 1.000 -0.018 -0.001
vn 1.000 -0.016 0.002
vn 1.000 -0.019 0.002
vn 1.000 -0.016 -0.006
vn 1.000 -0.016 -0.001
vn 1.000 -0.020 -0.020
vn 1.000 -0.017 -0.015
vn 1.000 -0.016 -0.007
vn 1.000 -0.016 0.007
vn 1.000 -0.018 -0.003
vn 1.000 -0.016 0.004
vn 1.000 -0.019 0.004
vn 1.000 -0.016 -0.013
vn 1.000 -0.016 -0.002
vn 0.999 -0.020 -0.030
vn 1.000 -0.017 -0.022
vn 1.000 -0.016 -0.010
vn 1.000 -0.016 0.010
vn 1.000 -0.018 -0.004
vn 1.000 -0.016 0.007
vn 1.000 -0.019 0.006
vn 1.000 -0.016 -0.019
vn 1.000 -0.016 -0.004
vn 0.999 -0.020 -0.040
vn 0.999 -0.017 -0.030
vn 1.000 -0.016 -0.014
vn 1.000 -0.016 0.014
vn 1.000 -0.018 -0.006
vn 1.000 -0.016 0.009
vn 1.000 -0.019 0.009
vn 1.000 -0.016 -0.026
vn 1.000 -0.016 -0.005
vn 0.999 -0.020 -0.050
vn 0.999 -0.017 -0.037
vn 1.000 -0.016 -0.017
vn 1.000 -0.016 0.017
vn 1.000 -0.018 -0.007
vn 1.000 -0.016 0.011
vn 1.000 -0.019 0.011
vn 0.999 -0.016 -0.032
vn 1.000 -0.016 -0.006
vn 0.998 -0.020 -0.060
vn 0.999 -0.017 -0.044
vn 1.000 -0.016 -0.020
vn 1.000 -0.016 0.020
vn 1.000 -0.018 -0.009
vn 1.000 -0.016 0.013
vn 1.000 -0.019 0.013
vn 0.999 -0.016 -0.039
vn 1.000 -0.016 -0.007
vn -1.000 0.020 0.000
vn -1.000 0.017 0.000
vn -1.000 0.016 -0.000
vn -1.000 0.016 0.000
vn -1.000 0.018 0.000
vn -1.000 0.016 0.000
vn -1.000 0.019 -0.000
vn -1.000 0.016 0.000
vn -1.000 0.016 0.000
vn -1.000 0.020 0.010
vn -1.000 0.017 0.007
vn -1.000 0.016 0.003
vn -1.000 0.016 -0.003
vn -1.000 0.018 0.001
vn -1.000 0.016 -0.002
vn -1.000 0.019 -0.002
vn -1.000 0.016 0.006
vn -1.000 0.016 0.001
vn -1.000 0.020 0.020
vn -1.000 0.017 0.015
vn -1.000 0.016 0.007
vn -1.000 0.016 -0.007
vn -1.000 0.018 0.003
vn -1.000 0.016 -0.004
vn -1.000 0.019 -0.004
vn -1.000 0.016 0.013
vn -1.000 0.016 0.002
vn -0.999 0.020 0.030
vn -1.000 0.017 0.022
vn -1.000 0.016 0.010
vn -1.000 0.016 -0.010
vn -1.000 0.018 0.004
vn -1.000 0.016 -0.007
vn -1.000 0.019 -0.006
vn -1.000 0.016 0.019
vn -1.000 0.016 0.004
vn -0.999 0.020 0.040
vn -0.999 0.017 0.030
vn -1.000 0.016 0.014
vn -1.000 0.016 -0.014
vn -1.000 0.018 0.006
vn -1.000 0.016 -0.009
vn -1.000 0.019 -0.009
vn -1.000 0.016 0.026
vn -1.000 0.016 0.005
vn -0.999 0.020 0.050
vn -0.999 0.017 0.037
vn -1.000 0.016 0.017
vn -1.000 0.016 -0.017
vn -1.000 0.018 0.007
vn -1.000 0.016 -0.011
vn -1.000 0.019 -0.011
vn -0.999 0.016 0.032
vn -1.000 0.016 0.006
vn -0.998 0.020 0.060
vn -0.999 0.017 0.044
vn -1.000 0.016 0.020
vn -1.000 0.016 -0.020
vn -1.000 0.018 0.009
vn -1.000 0.016 -0.013
vn -1.000 0.019 -0.013
vn -0.999 0.016 0.039
vn -1.000 0.016 0.007
vn 0.999 -0.033 -0.000
vn 1.000 -0.029 -0.000
vn 0.999 -0.032 0.000
vn 1.000 -0.028 -0.000
vn 0.999 -0.033 -0.000
vn 1.000 -0.027 -0.000
vn 1.000 -0.031 0.000
vn 0.999 -0.034 -0.000
vn 0.999 -0.032 -0.000
vn 0.999 -0.033 -0.013
vn 1.000 -0.029 -0.001
vn 0.999 -0.032 -0.001
vn 1.000 -0.028 0.001
vn 0.999 -0.033 -0.002
vn 1.000 -0.027 -0.002
vn 0.999 -0.031 0.010
vn 0.999 -0.034 0.001
vn 0.999 -0.032 -0.004
vn 0.999 -0.033 -0.026
vn 1.000 -0.029 -0.003
vn 0.999 -0.032 -0.003
vn 1.000 -0.028 0.002
vn 0.999 -0.033 -0.004
vn 1.000 -0.027 -0.003
vn 0.999 -0.031 0.020
vn 0.999 -0.034 0.001
vn 0.999 -0.032 -0.009
vn 0.999 -0.033 -0.040
vn 1.000 -0.029 -0.004
vn 0.999 -0.032 -0.004
vn 1.000 -0.028 0.003
vn 0.999 -0.033 -0.006
vn 1.000 -0.027 -0.005
vn 0.999 -0.031 0.030
vn 0.999 -0.034 0.002
vn 0.999 -0.032 -0.013
vn 0.998 -0.033 -0.053
vn 1.000 -0.029 -0.006
vn 0.999 -0.032 -0.005
vn 1.000 -0.028 0.004
vn 0.999 -0.033 -0.008
vn 1.000 -0.027 -0.006
vn 0.999 -0.031 0.040
vn 0.999 -0.034 0.003
vn 0.999 -0.032 -0.017
vn 0.997 -0.033 -0.066
vn 1.000 -0.029 -0.007
vn 0.999 -0.032 -0.007
vn 1.000 -0.028 0.005
vn 0.999 -0.033 -0.010
vn 1.000 -0.027 -0.008
vn 0.998 -0.031 0.050
vn 0.999 -0.034 0.003
vn 0.999 -0.032 -0.021
vn 0.996 -0.033 -0.079
vn 1.000 -0.029 -0.009
vn 0.999 -0.032 -0.008
vn 1.000 -0.028 0.006
vn 0.999 -0.033 -0.012
vn 1.000 -0.027 -0.009
vn 0.998 -0.031 0.060
vn 0.999 -0.034 0.004
vn 0.999 -0.032 -0.026
vn -0.999 0.033 0.000
vn -1.000 0.029 0.000
vn -0.999 0.032 -0.000
vn -1.000 0.028 0.000
vn -0.999 0.033 0.000
vn -1.000 0.027 0.000
vn -1.000 0.031 -0.000
vn -0.999 0.034 0.000
vn -0.999 0.032 0.000
vn -0.999 0.033 0.013
vn -1.000 0.029 0.001
vn -0.999 0.032 0.001
vn -1.000 0.028 -0.001
vn -0.999 0.033 0.002
vn -1.000 0.027 0.002
vn -0.999 0.031 -0.010
vn -0.999 0.034 -0.001
vn -0.999 0.032 0.004
vn -0.999 0.033 0.026
vn -1.000 0.029 0.003
vn -0.999 0.032 0.003
vn -1.000 0.028 -0.002
vn -0.999 0.033 0.004
vn -1.000 0.027 0.003
vn -0.999 0.031 -0.020
vn -0.999 0.034 -0.001
vn -0.999 0.032 0.009
vn -0.999 0.033 0.040
vn -1.000 0.029 0.004
vn -0.999 0.032 0.004
vn -1.000 0.028 -0.003
vn -0.999 0.033 0.006
vn -1.000 0.027 0.005
vn -0.999 0.031 -0.030
vn -0.999 0.034 -0.002
vn -0.999 0.032 0.013
vn -0.998 0.033 0.053
vn -1.000 0.029 0.006
vn -0.999 0.032 0.005
vn -1.000 0.028 -0.004
vn -0.999 0.033 0.008
vn -1.000 0.027 0.006
vn -0.999 0.031 -0.040
vn -0.999 0.034 -0.003
vn -0.999 0.032 0.017
vn -0.997 0.033 0.066
vn -1.000 0.029 0.007
vn -0.999 0.032 0.007
vn -1.000 0.028 -0.005
vn -0.999 0.033 0.010
vn -1.000 0.027 0.008
vn -0.998 0.031 -0.050
vn -0.999 0.034 -0.003
vn -0.999 0.032 0.021
vn -0.996 0.033 0.079
vn -1.000 0.029 0.009
vn -0.999 0.032 0.008
vn -1.000 0.028 -0.006
vn -0.999 0.033 0.012
vn -1.000 0.027 0.009
vn -0.998 0.031 -0.060
vn -0.999 0.034 -0.004
vn -0.999 0.032 0.026
vn 1.000 -0.024 -0.000
vn 1.000 -0.022 -0.000
vn 1.000 -0.019 0.000
vn 1.000 -0.022 -0.000
vn 1.000 -0.019 -0.000
vn 1.000 -0.025 -0.000
vn 1.000 -0.019 0.000
vn 1.000 -0.020 -0.000
vn 1.000 -0.022 -0.000
vn 1.000 -0.024 -0.008
vn 1.000 -0.022 -0.009
vn 1.000 -0.019 -0.001
vn 1.000 -0.022 0.000
vn 1.000 -0.019 0.005
vn 1.000 -0.025 -0.001
vn 1.000 -0.019 -0.009
vn 1.000 -0.020 0.005
vn 1.000 -0.022 0.008
vn 1.000 -0.024 -0.016
vn 1.000 -0.022 -0.018
vn 1.000 -0.019 -0.001
vn 1.000 -0.022 0.000
vn 1.000 -0.019 0.010
vn 1.000 -0.025 -0.001
vn 1.000 -0.019 -0.017
vn 1.000 -0.020 0.009
vn 1.000 -0.021 0.016
vn 0.999 -0.024 -0.023
vn 0.999 -0.022 -0.027
vn 1.000 -0.019 -0.002
vn 1.000 -0.022 0.000
vn 1.000 -0.019 0.015
vn 1.000 -0.025 -0.002
vn 0.999 -0.019 -0.026
vn 1.000 -0.020 0.014
vn 0.999 -0.021 0.023
vn 0.999 -0.024 -0.031
vn 0.999 -0.022 -0.035
vn 1.000 -0.019 -0.002
vn 1.000 -0.022 0.000
vn 1.000 -0.019 0.021
vn 1.000 -0.025 -0.003
vn 0.999 -0.019 -0.034
vn 1.000 -0.020 0.018
vn 0.999 -0.021 0.031
vn 0.999 -0.024 -0.039
vn 0.999 -0.022 -0.044
vn 1.000 -0.019 -0.003
vn 1.000 -0.022 0.000
vn 0.999 -0.019 0.026
vn 1.000 -0.025 -0.003
vn 0.999 -0.019 -0.043
vn 1.000 -0.020 0.023
vn 0.999 -0.021 0.039
vn 0.999 -0.024 -0.047
vn 0.998 -0.022 -0.053
vn 1.000 -0.019 -0.003
vn 1.000 -0.022 0.000
vn 0.999 -0.019 0.031
vn 1.000 -0.025 -0.004
vn 0.998 -0.019 -0.051
vn 0.999 -0.020 0.028
vn 0.999 -0.021 0.046
vn -1.000 0.024 0.000
vn -1.000 0.022 0.000
vn -1.000 0.019 -0.000
vn -1.000 0.022 0.000
vn -1.000 0.019 0.000
vn -1.000 0.025 0.000
vn -1.000 0.019 -0.000
vn -1.000 0.020 0.000
vn -1.000 0.022 0.000
vn -1.000 0.024 0.008
vn -1.000 0.022 0.009
vn -1.000 0.019 0.001
vn -1.000 0.022 -0.000
vn -1.000 0.019 -0.005
vn -1.000 0.025 0.001
vn -1.000 0.019 0.009
vn -1.000 0.020 -0.005
vn -1.000 0.022 -0.008
vn -1.000 0.024 0.016
vn -1.000 0.022 0.018
vn -1.000 0.019 0.001
vn -1.000 0.022 -0.000
vn -1.000 0.019 -0.010
vn -1.000 0.025 0.001
vn -1.000 0.019 0.017
vn -1.000 0.020 -0.009
vn -1.000 0.021 -0.016
vn -0.999 0.024 0.023
vn -0.999 0.022 0.027
vn -1.000 0.019 0.002
vn -1.000 0.022 -0.000
vn -1.000 0.019 -0.015
vn -1.000 0.025 0.002
vn -0.999 0.019 0.026
vn -1.000 0.020 -0.014
vn -0.999 0.021 -0.023
vn -0.999 0.024 0.031
vn -0.999 0.022 0.035
vn -1.000 0.019 0.002
vn -1.000 0.022 -0.000
vn -1.000 0.019 -0.021
vn -1.000 0.025 0.003
vn -0.999 0.019 0.034
vn -1.000 0.020 -0.018
vn -0.999 0.021 -0.031
vn -0.999 0.024 0.039
vn -0.999 0.022 0.044
vn -1.000 0.019 0.003
vn -1.000 0.022 -0.000
vn -0.999 0.019 -0.026
vn -1.000 0.025 0.003
vn -0.999 0.019 0.043
vn -1.000 0.020 -0.023
vn -0.999 0.021 -0.039
vn -0.999 0.024 0.047
vn -0.998 0.022 0.053
vn -1.000 0.019 0.003
vn -1.000 0.022 -0.000
vn -0.999 0.019 -0.031
vn -1.000 0.025 0.004
vn -0.998 0.019 0.051
vn -0.999 0.020 -0.028
vn -0.999 0.021 -0.046
usemtl rod
f 1/1/1 2/2/2 9/9/9
f 1/1/1 9/9/9 8/8/8
f 2/2/2 3/3/3 10/10/10
f 2/2/2 10/10/10 9/9/9
f 3/3/3 4/4/4 11/11/11
f 3/3/3 11/11/11 10/10/10
f 4/4/4 5/5/5 12/12/12
f 4/4/4 12/12/12 11/11/11
f 5/5/5 6/6/6 13/13/13
f 5/5/5 13/13/13 12/12/12
f 6/6/6 7/7/7 14/14/14
f 6/6/6 14/14/14 13/13/13
f 15/15/15 17/17/17 16/16/16
f 15/15/15 18/18/18 17/17/17
f 15/15/15 19/19/19 18/18/18
f 15/15/15 20/20/20 19/19/19
f 15/15/15 21/21/21 20/20/20
f 15/15/15 16/16/16 21/21/21
f 22/22/22 23/23/23 24/24/24
f 22/22/22 24/24/24 25/25/25
f 22/22/22 25/25/25 26/26/26
f 22/22/22 26/26/26 27/27/27
f 22/22/22 27/27/27 28/28/28
f 22/22/22 28/28/28 23/23/23
f 29/29/29 30/30/30 37/37/37
f 29/29/29 37/37/37 36/36/36
f 30/30/30 31/31/31 38/38/38
f 30/30/30 38/38/38 37/37/37
f 31/31/31 32/32/32 39/39/39
f 31/31/31 39/39/39 38/38/38
f 32/32/32 33/33/33 40/40/40
f 32/32/32 40/40/40 39/39/39
f 33/33/33 34/34/34 41/41/41
f 33/33/33 41/41/41 40/40/40
f 34/34/34 35/35/35 42/42/42
f 34/34/34 42/42/42 41/41/41
f 43/43/43 45/45/45 44/44/44
f 43/43/43 46/46/46 45/45/45
f 43/43/43 47/47/47 46/46/46
f 43/43/43 48/48/48 47/47/47
f 43/43/43 49/49/49 48/48/48
f 43/43/43 44/44/44 49/49/49
f 50/50/50 51/51/51 52/52/52
f 50/50/50 52/52/52 53/53/53
f 50/50/50 53/53/53 54/54/54
f 50/50/50 54/54/54 55/55/55
f 50/50/50 55/55/55 56/56/56
f 50/50/50 56/56/56 51/51/51
f 57/57/57 58/58/58 65/65/65
f 57/57/57 65/65/65 64/64/64
f 58/58/58 59/59/59 66/66/66
f 58/58/58 66/66/66 65/65/65
f 59/59/59 60/60/60 67/67/67
f 59/59/59 67/67/67 66/66/66
f 60/60/60 61/61/61 68/68/68
f 60/60/60 68/68/68 67/67/67
f 61/61/61 62/62/62 69/69/69
f 61/61/61 69/69/69 68/68/68
f 62/62/62 63/63/63 70/70/70
f 62/62/62 70/70/70 69/69/69
f 71/71/71 73/73/73 72/72/72
f 71/71/71 74/74/74 73/73/73
f 71/71/71 75/75/75 74/74/74
f 71/71/71 76/76/76 75/75/75
f 71/71/71 77/77/77 76/76/76
f 71/71/71 72/72/72 77/77/77
f 78/78/78 79/79/79 80/80/80
f 78/78/78 80/80/80 81/81/81
f 78/78/78 81/81/81 82/82/82
f 78/78/78 82/82/82 83/83/83
f 78/78/78 83/83/83 84/84/84
f 78/78/78 84/84/84 79/79/79
f 85/85/85 86/86/86 93/93/93
f 85/85/85 93/93/93 92/92/92
f 86/86/86 87/87/87 94/94/94
f 86/86/86 94/94/94 93/93/93
f 87/87/87 88/88/88 95/95/95
f 87/87/87 95/95/95 94/94/94
f 88/88/88 89/89/89 96/96/96
f 88/88/88 96/96/96 95/95/95
f 89/89/89 90/90/90 97/97/97
f 89/89/89 97/97/97 96/96/96
f 90/90/90 91/91/91 98/98/98
f 90/90/90 98/98/98 97/97/97
f 99/99/99 101/101/101 100/100/100
f 99/99/99 102/102/102 101/101/101
f 99/99/99 103/103/103 102/102/102
f 99/99/99 104/104/104 103/103/103
f 99/99/99 105/105/105 104/104/104
f 99/99/99 100/100/100 105/105/105
f 106/106/106 107/107/107 108/108/108
f 106/106/106 108/108/108 109/109/109
f 106/106/106 109/109/109 110/110/110
f 106/106/106 110/110/110 111/111/111
f 106/106/106 111/111/111 112/112/112
f 106/106/106 112/112/112 107/107/107
f 113/113/113 114/114/114 121/121/121
f 113/113/113 121/121/121 120/120/120
f 114/114/114 115/115/115 122/122/122
f 114/114/114 122/122/122 121/121/121
f 115/115/115 116/116/116 123/123/123
f 115/115/115 123/123/123 122/122/122
f 116/116/116 117/117/117 124/124/124
f 116/116/116 124/124/124 123/123/123
f 117/117/117 118/118/118 125/125/125
f 117/117/117 125/125/125 124/124/124
f 118/118/118 119/119/119 126/126/126
f 118/118/118 126/126/126 125/125/125
f 127/127/127 129/129/129 128/128/128
f 127/127/127 130/130/130 129/129/129
f 127/127/127 131/131/131 130/130/130
f 127/127/127 132/132/132 131/131/131
f 127/127/127 133/133/133 132/132/132
f 127/127/127 128/128/128 133/133/133
f 134/134/134 135/135/135 136/136/136
f 134/134/134 136/136/136 137/137/137
f 134/134/134 137/137/137 138/138/138
f 134/134/134 138/138/138 139/139/139
f 134/134/134 139/139/139 140/140/140
f 134/134/134 140/140/140 135/135/135
f 141/141/141 142/142/142 149/149/149
f 141/141/141 149/149/149 148/148/148
f 142/142/142 143/143/143 150/150/150
f 142/142/142 150/150/150 149/149/149
f 143/143/143 144/144/144 151/151/151
f 143/143/143 151/151/151 150/150/150
f 144/144/144 145/145/145 152/152/152
f 144/144/144 152/152/152 151/151/151
f 145/145/145 146/146/146 153/153/153
f 145/145/145 153/153/153 152/152/152
f 146/146/146 147/147/147 154/154/154
f 146/146/146 154/154/154 153/153/153
f 155/155/155 157/157/157 156/156/156
f 155/155/155 158/158/158 157/157/157
f 155/155/155 159/159/159 158/158/158
f 155/155/155 160/160/160 159/159/159
f 155/155/155 161/161/161 160/160/160
f 155/155/155 156/156/156 161/161/161
f 162/162/162 163/163/163 164/164/164
f 162/162/162 164/164/164 165/165/165
f 162/162/162 165/165/165 166/166/166
f 162/162/162 166/166/166 167/167/167
f 162/162/162 167/167/167 168/168/168
f 162/162/162 168/168/168 163/163/163
f 169/169/169 170/170/170 177/177/177
f 169/169/169 177/177/177 176/176/176
f 170/170/170 171/171/171 178/178/178
f 170/170/170 178/178/178 177/177/177
f 171/171/171 172/172/172 179/179/179
f 171/171/171 179/179/179 178/178/178
f 172/172/172 173/173/173 180/180/180
f 172/172/172 180/180/180 179/179/179
f 173/173/173 174/174/174 181/181/181
f 173/173/173 181/181/181 180/180/180
f 174/174/174 175/175/175 182/182/182
f 174/174/174 182/182/182 181/181/181
f 183/183/183 185/185/185 184/184/184
f 183/183/183 186/186/186 185/185/185
f 183/183/183 187/187/187 186/186/186
f 183/183/183 188/188/188 187/187/187
f 183/183/183 189/189/189 188/188/188
f 183/183/183 184/184/184 189/189/189
f 190/190/190 191/191/191 192/192/192
f 190/190/190 192/192/192 193/193/193
f 190/190/190 193/193/193 194/194/194
f 190/190/190 194/194/194 195/195/195
f 190/190/190 195/195/195 196/196/196
f 190/190/190 196/196/196 191/191/191
f 197/197/197 198/198/198 205/205/205
f 197/197/197 205/205/205 204/204/204
f 198/198/198 199/199/199 206/206/206
f 198/198/198 206/206/206 205/205/205
f 199/199/199 200/200/200 207/207/207
f 199/199/199 207/207/207 206/206/206
f 200/200/200 201/201/201 208/208/208
f 200/200/200 208/208/208 207/207/207
f 201/201/201 202/202/202 209/209/209
f 201/201/201 209/209/209 208/208/208
f 202/202/202 203/203/203 210/210/210
f 202/202/202 210/210/210 209/209/209
f 211/211/211 213/213/213 212/212/212
f 211/211/211 214/214/214 213/213/213
f 211/211/211 215/215/215 214/214/214
f 211/211/211 216/216/216 215/215/215
f 211/211/211 217/217/217 216/216/216
f 211/211/211 212/212/212 217/217/217
f 218/218/218 219/219/219 220/220/220
f 218/218/218 220/220/220 221/221/221
f 218/218/218 221/221/221 222/222/222
f 218/218/218 222/222/222 223/223/223
f 218/218/218 223/223/223 224/224/224
f 218/218/218 224/224/224 219/219/219
f 225/225/225 226/226/226 233/233/233
f 225/225/225 233/233/233 232/232/232
f 226/226/226 227/227/227 234/234/234
f 226/226/226 234/234/234 233/233/233
f 227/227/227 228/228/228 235/235/235
f 227/227/227 235/235/235 234/234/234
f 228/228/228 229/229/229 236/236/236
f 228/228/228 236/236/236 235/235/235
f 229/229/229 230/230/230 237/237/237
f 229/229/229 237/237/237 236/236/236
f 230/230/230 231/231/231 238/238/238
f 230/230/230 238/238/238 237/237/237
f 239/239/239 241/241/241 240/240/240
f 239/239/239 242/242/242 241/241/241
f 239/239/239 243/243/243 242/242/242
f 239/239/239 244/244/244 243/243/243
f 239/239/239 245/245/245 244/244/244
f 239/239/239 240/240/240 245/245/245
f 246/246/246 247/247/247 248/248/248
f 246/246/246 248/248/248 249/249/249
f 246/246/246 249/249/249 250/250/250
f 246/246/246 250/250/250 251/251/251
f 246/246/246 251/251/251 252/252/252
f 246/246/246 252/252/252 247/247/247
f 253/253/253 254/254/254 261/261/261
f 253/253/253 261/261/261 260/260/260
f 254/254/254 255/255/255 262/262/262
f 254/254/254 262/262/262 261/261/261
f 255/255/255 256/256/256 263/263/263
f 255/255/255 263/263/263 262/262/262
f 256/256/256 257/257/257 264/264/264
f 256/256/256 264/264/264 263/263/263
f 257/257/257 258/258/258 265/265/265
f 257/257/257 265/265/265 264/264/264
f 258/258/258 259/259/259 266/266/266
f 258/258/258 266/266/266 265/265/265
f 267/267/267 269/269/269 268/268/268
f 267/267/267 270/270/270 269/269/269
f 267/267/267 271/271/271 270/270/270
f 267/267/267 272/272/272 271/271/271
f 267/267/267 273/273/273 272/272/272
f 267/267/267 268/268/268 273/273/273
f 274/274/274 275/275/275 276/276/276
f 274/274/274 276/276/276 277/277/277
f 274/274/274 277/277/277 278/278/278
f 274/274/274 278/278/278 279/279/279
f 274/274/274 279/279/279 280/280/280
f 274/274/274 280/280/280 275/275/275
f 281/281/281 282/282/282 289/289/289
f 281/281/281 289/289/289 288/288/288
f 282/282/282 283/283/283 290/290/290
f 282/282/282 290/290/290 289/289/289
f 283/283/283 284/284/284 291/291/291
f 283/283/283 291/291/291 290/290/290
f 284/284/284 285/285/285 292/292/292
f 284/284/284 292/292/292 291/291/291
f 285/285/285 286/286/286 293/293/293
f 285/285/285 293/293/293 292/292/292
f 286/286/286 287/287/287 294/294/294
f 286/286/286 294/294/294 293/293/293
f 295/295/295 297/297/297 296/296/296
f 295/295/295 298/298/298 297/297/297
f 295/295/295 299/299/299 298/298/298
f 295/295/295 300/300/300 299/299/299
f 295/295/295 301/301/301 300/300/300
f 295/295/295 296/296/296 301/301/301
f 302/302/302 303/303/303 304/304/304
f 302/302/302 304/304/304 305/305/305
f 302/302/302 305/305/305 306/306/306
f 302/302/302 306/306/306 307/307/307
f 302/302/302 307/307/307 308/308/308
f 302/302/302 308/308/308 303/303/303
f 309/309/309 310/310/310 317/317/317
f 309/309/309 317/317/317 316/316/316
f 310/310/310 311/311/311 318/318/318
f 310/310/310 318/318/318 317/317/317
f 311/311/311 312/312/312 319/319/319
f 311/311/311 319/319/319 318/318/318
f 312/312/312 313/313/313 320/320/320
f 312/312/312 320/320/320 319/319/319
f 313/313/313 314/314/314 321/321/321
f 313/313/313 321/321/321 320/320/320
f 314/314/314 315/315/315 322/322/322
f 314/314/314 322/322/322 321/321/321
f 323/323/323 325/325/325 324/324/324
f 323/323/323 326/326/326 325/325/325
f 323/323/323 327/327/327 326/326/326
f 323/323/323 328/328/328 327/327/327
f 323/323/323 329/329/329 328/328/328
f 323/323/323 324/324/324 329/329/329
f 330/330/330 331/331/331 332/332/332
f 330/330/330 332/332/332 333/333/333
f 330/330/330 333/333/333 334/334/334
f 330/330/330 334/334/334 335/335/335
f 330/330/330 335/335/335 336/336/336
f 330/330/330 336/336/336 331/331/331
f 337/337/337 338/338/338 345/345/345
f 337/337/337 345/345/345 344/344/344
f 338/338/338 339/339/339 346/346/346
f 338/338/338 346/346/346 345/345/345
f 339/339/339 340/340/340 347/347/347
f 339/339/339 347/347/347 346/346/346
f 340/340/340 341/341/341 348/348/348
f 340/340/340 348/348/348 347/347/347
f 341/341/341 342/342/342 349/349/349
f 341/341/341 349/349/349 348/348/348
f 342/342/342 343/343/343 350/350/350
f 342/342/342 350/350/350 349/349/349
f 351/351/351 353/353/353 352/352/352
f 351/351/351 354/354/354 353/353/353
f 351/351/351 355/355/355 354/354/354
f 351/351/351 356/356/356 355/355/355
f 351/351/351 357/357/357 356/356/356
f 351/351/351 352/352/352 357/357/357
f 358/358/358 359/359/359 360/360/360
f 358/358/358 360/360/360 361/361/361
f 358/358/358 361/361/361 362/362/362
f 358/358/358 362/362/362 363/363/363
f 358/358/358 363/363/363 364/364/364
f 358/358/358 364/364/364 359/359/359
f 365/365/365 366/366/366 373/373/373
f 365/365/365 373/373/373 372/372/372
f 366/366/366 367/367/367 374/374/374
f 366/366/366 374/374/374 373/373/373
f 367/367/367 368/368/368 375/375/375
f 367/367/367 375/375/375 374/374/374
f 368/368/368 369/369/369 376/376/376
f 368/368/368 376/376/376 375/375/375
f 369/369/369 370/370/370 377/377/377
f 369/369/369 377/377/377 376/376/376
f 370/370/370 371/371/371 378/378/378
f 370/370/370 378/378/378 377/377/377
f 379/379/379 381/381/381 380/380/380
f 379/379/379 382/382/382 381/381/381
f 379/379/379 383/383/383 382/382/382
f 379/379/379 384/384/384 383/383/383
f 379/379/379 385/385/385 384/384/384
f 379/379/379 380/380/380 385/385/385
f 386/386/386 387/387/387 388/388/388
f 386/386/386 388/388/388 389/389/389
f 386/386/386 389/389/389 390/390/390
f 386/386/386 390/390/390 391/391/391
f 386/386/386 391/391/391 392/392/392
f 386/386/386 392/392/392 387/387/387
f 393/393/393 394/394/394 401/401/401
f 393/393/393 401/401/401 400/400/400
f 394/394/394 395/395/395 402/402/402
f 394/394/394 402/402/402 401/401/401
f 395/395/395 396/396/396 403/403/403
f 395/395/395 403/403/403 402/402/402
f 396/396/396 397/397/397 404/404/404
f 396/396/396 404/404/404 403/403/403
f 397/397/397 398/398/398 405/405/405
f 397/397/397 405/405/405 404/404/404
f 398/398/398 399/399/399 406/406/406
f 398/398/398 406/406/406 405/405/405
f 407/407/407 409/409/409 408/408/408
f 407/407/407 410/410/410 409/409/409
f 407/407/407 411/411/411 410/410/410
f 407/407/407 412/412/412 411/411/411
f 407/407/407 413/413/413 412/412/412
f 407/407/407 408/408/408 413/413/413
f 414/414/414 415/415/415 416/416/416
f 414/414/414 416/416/416 417/417/417
f 414/414/414 417/417/417 418/418/418
f 414/414/414 418/418/418 419/419/419
f 414/414/414 419/419/419 420/420/420
f 414/414/414 420/420/420 415/415/415
f 421/421/421 422/422/422 429/429/429
f 421/421/421 429/429/429 428/428/428
f 422/422/422 423/423/423 430/430/430
f 422/422/422 430/430/430 429/429/429
f 423/423/423 424/424/424 431/431/431
f 423/423/423 431/431/431 430/430/430
f 424/424/424 425/425/425 432/432/432
f 424/424/424 432/432/432 431/431/431
f 425/425/425 426/426/426 433/433/433
f 425/425/425 433/433/433 432/432/432
f 426/426/426 427/427/427 434/434/434
f 426/426/426 434/434/434 433/433/433
f 435/435/435 437/437/437 436/436/436
f 435/435/435 438/438/438 437/437/437
f 435/435/435 439/439/439 438/438/438
f 435/435/435 440/440/440 439/439/439
f 435/435/435 441/441/441 440/440/440
f 435/435/435 436/436/436 441/441/441
f 442/442/442 443/443/443 444/444/444
f 442/442/442 444/444/444 445/445/445
f 442/442/442 445/445/445 446/446/446
f 442/442/442 446/446/446 447/447/447
f 442/442/442 447/447/447 448/448/448
f 442/442/442 448/448/448 443/443/443
f 449/449/449 450/450/450 457/457/457
f 449/449/449 457/457/457 456/456/456
f 450/450/450 451/451/451 458/458/458
f 450/450/450 458/458/458 457/457/457
f 451/451/451 452/452/452 459/459/459
f 451/451/451 459/459/459 458/458/458
f 452/452/452 453/453/453 460/460/460
f 452/452/452 460/460/460 459/459/459
f 453/453/453 454/454/454 461/461/461
f 453/453/453 461/461/461 460/460/460
f 454/454/454 455/455/455 462/462/462
f 454/454/454 462/462/462 461/461/461
f 463/463/463 465/465/465 464/464/464
f 463/463/463 466/466/466 465/465/465
f 463/463/463 467/467/467 466/466/466
f 463/463/463 468/468/468 467/467/467
f 463/463/463 469/469/469 468/468/468
f 463/463/463 464/464/464 469/469/469
f 470/470/470 471/471/471 472/472/472
f 470/470/470 472/472/472 473/473/473
f 470/470/470 473/473/473 474/474/474
f 470/470/470 474/474/474 475/475/475
f 470/470/470 475/475/475 476/476/476
f 470/470/470 476/476/476 471/471/471
f 477/477/477 478/478/478 485/485/485
f 477/477/477 485/485/485 484/484/484
f 478/478/478 479/479/479 486/486/486
f 478/478/478 486/486/486 485/485/485
f 479/479/479 480/480/480 487/487/487
f 479/479/479 487/487/487 486/486/486
f 480/480/480 481/481/481 488/488/488
f 480/480/480 488/488/488 487/487/487
f 481/481/481 482/482/482 489/489/489
f 481/481/481 489/489/489 488/488/488
f 482/482/482 483/483/483 490/490/490
f 482/482/482 490/490/490 489/489/489
f 491/491/491 493/493/493 492/492/492
f 491/491/491 494/494/494 493/493/493
f 491/491/491 495/495/495 494/494/494
f 491/491/491 496/496/496 495/495/495
f 491/491/491 497/497/497 496/496/496
f 491/491/491 492/492/492 497/497/497
f 498/498/498 499/499/499 500/500/500
f 498/498/498 500/500/500 501/501/501
f 498/498/498 501/501/501 502/502/502
f 498/498/498 502/502/502 503/503/503
f 498/498/498 503/503/503 504/504/504
f 498/498/498 504/504/504 499/499/499
f 505/505/505 506/506/506 513/513/513
f 505/505/505 513/513/513 512/512/512
f 506/506/506 507/507/507 514/514/514
f 506/506/506 514/514/514 513/513/513
f 507/507/507 508/508/508 515/515/515
f 507/507/507 515/515/515 514/514/514
f 508/508/508 509/509/509 516/516/516
f 508/508/508 516/516/516 515/515/515
f 509/509/509 510/510/510 517/517/517
f 509/509/509 517/517/517 516/516/516
f 510/510/510 511/511/511 518/518/518
f 510/510/510 518/518/518 517/517/517
f 519/519/519 521/521/521 520/520/520
f 519/519/519 522/522/522 521/521/521
f 519/519/519 523/523/523 522/522/522
f 519/519/519 524/524/524 523/523/523
f 519/519/519 525/525/525 524/524/524
f 519/519/519 520/520/520 525/525/525
f 526/526/526 527/527/527 528/528/528
f 526/526/526 528/528/528 529/529/529
f 526/526/526 529/529/529 530/530/530
f 526/526/526 530/530/530 531/531/531
f 526/526/526 531/531/531 532/532/532
f 526/526/526 532/532/532 527/527/527
f 533/533/533 534/534/534 541/541/541
f 533/533/533 541/541/541 540/540/540
f 534/534/534 535/535/535 542/542/542
f 534/534/534 542/542/542 541/541/541
f 535/535/535 536/536/536 543/543/543
f 535/535/535 543/543/543 542/542/542
f 536/536/536 537/537/537 544/544/544
f 536/536/536 544/544/544 543/543/543
f 537/537/537 538/538/538 545/545/545
f 537/537/537 545/545/545 544/544/544
f 538/538/538 539/539/539 546/546/546
f 538/538/538 546/546/546 545/545/545
f 547/547/547 549/549/549 548/548/548
f 547/547/547 550/550/550 549/549/549
f 547/547/547 551/551/551 550/550/550
f 547/547/547 552/552/552 551/551/551
f 547/547/547 553/553/553 552/552/552
f 547/547/547 548/548/548 553/553/553
f 554/554/554 555/555/555 556/556/556
f 554/554/554 556/556/556 557/557/557
f 554/554/554 557/557/557 558/558/558
f 554/554/554 558/558/558 559/559/559
f 554/554/554 559/559/559 560/560/560
f 554/554/554 560/560/560 555/555/555
usemtl cloth
f 561/561/561 562/562/562 571/571/571
f 561/561/561 571/571/571 570/570/570
f 562/562/562 563/563/563 572/572/572
f 562/562/562 572/572/572 571/571/571
f 563/563/563 564/564/564 573/573/573
f 563/563/563 573/573/573 572/572/572
f 564/564/564 565/565/565 574/574/574
f 564/564/564 574/574/574 573/573/573
f 565/565/565 566/566/566 575/575/575
f 565/565/565 575/575/575 574/574/574
f 566/566/566 567/567/567 576/576/576
f 566/566/566 576/576/576 575/575/575
f 567/567/567 568/568/568 577/577/577
f 567/567/567 577/577/577 576/576/576
f 568/568/568 569/569/569 578/578/578
f 568/568/568 578/578/578 577/577/577
f 570/570/570 571/571/571 580/580/580
f 570/570/570 580/580/580 579/579/579
f 571/571/571 572/572/572 581/581/581
f 571/571/571 581/581/581 580/580/580
f 572/572/572 573/573/573 582/582/582
f 572/572/572 582/582/582 581/581/581
f 573/573/573 574/574/574 583/583/583
f 573/573/573 583/583/583 582/582/582
f 574/574/574 575/575/575 584/584/584
f 574/574/574 584/584/584 583/583/583
f 575/575/575 576/576/576 585/585/585
f 575/575/575 585/585/585 584/584/584
f 576/576/576 577/577/577 586/586/586
f 576/576/576 586/586/586 585/585/585
f 577/577/577 578/578/578 587/587/587
f 577/577/577 587/587/587 586/586/586
f 579/579/579 580/580/580 589/589/589
f 579/579/579 589/589/589 588/588/588
f 580/580/580 581/581/581 590/590/590
f 580/580/580 590/590/590 589/589/589
f 581/581/581 582/582/582 591/591/591
f 581/581/581 591/591/591 590/590/590
f 582/582/582 583/583/583 592/592/592
f 582/582/582 592/592/592 591/591/591
f 583/583/583 584/584/584 593/593/593
f 583/583/583 593/593/593 592/592/592
f 584/584/584 585/585/585 594/594/594
f 584/584/584 594/594/594 593/593/593
f 585/585/585 586/586/586 595/595/595
f 585/585/585 595/595/595 594/594/594
f 586/586/586 587/587/587 596/596/596
f 586/586/586 596/596/596 595/595/595
f 588/588/588 589/589/589 598/598/598
f 588/588/588 598/598/598 597/597/597
f 589/589/589 590/590/590 599/599/599
f 589/589/589 599/599/599 598/598/598
f 590/590/590 591/591/591 600/600/600
f 590/590/590 600/600/600 599/599/599
f 591/591/591 592/592/592 601/601/601
f 591/591/591 601/601/601 600/600/600
f 592/592/592 593/593/593 602/602/602
f 592/592/592 602/602/602 601/601/601
f 593/593/593 594/594/594 603/603/603
f 593/593/593 603/603/603 602/602/602
f 594/594/594 595/595/595 604/604/604
f 594/594/594 604/604/604 603/603/603
f 595/595/595 596/596/596 605/605/605
f 595/595/595 605/605/605 604/604/604
f 597/597/597 598/598/598 607/607/607
f 597/597/597 607/607/607 606/606/606
f 598/598/598 599/599/599 608/608/608
f 598/598/598 608/608/608 607/607/607
f 599/599/599 600/600/600 609/609/609
f 599/599/599 609/609/609 608/608/608
f 600/600/600 601/601/601 610/610/610
f 600/600/600 610/610/610 609/609/609
f 601/601/601 602/602/602 611/611/611
f 601/601/601 611/611/611 610/610/610
f 602/602/602 603/603/603 612/612/612
f 602/602/602 612/612/612 611/611/611
f 603/603/603 604/604/604 613/613/613
f 603/603/603 613/613/613 612/612/612
f 604/604/604 605/605/605 614/614/614
f 604/604/604 614/614/614 613/613/613
f 606/606/606 607/607/607 616/616/616
f 606/606/606 616/616/616 615/615/615
f 607/607/607 608/608/608 617/617/617
f 607/607/607 617/617/617 616/616/616
f 608/608/608 609/609/609 618/618/618
f 608/608/608 618/618/618 617/617/617
f 609/609/609 610/610/610 619/619/619
f 609/609/609 619/619/619 618/618/618
f 610/610/610 611/611/611 620/620/620
f 610/610/610 620/620/620 619/619/619
f 611/611/611 612/612/612 621/621/621
f 611/611/611 621/621/621 620/620/620
f 612/612/612 613/613/613 622/622/622
f 612/612/612 622/622/622 621/621/621
f 613/613/613 614/614/614 623/623/623
f 613/613/613 623/623/623 622/622/622
f 624/624/624 634/634/634 625/625/625
f 624/624/624 633/633/633 634/634/634
f 625/625/625 635/635/635 626/626/626
f 625/625/625 634/634/634 635/635/635
f 626/626/626 636/636/636 627/627/627
f 626/626/626 635/635/635 636/636/636
f 627/627/627 637/637/637 628/628/628
f 627/627/627 636/636/636 637/637/637
f 628/628/628 638/638/638 629/629/629
f 628/628/628 637/637/637 638/638/638
f 629/629/629 639/639/639 630/630/630
f 629/629/629 638/638/638 639/639/639
f 630/630/630 640/640/640 631/631/631
f 630/630/630 639/639/639 640/640/640
f 631/631/631 641/641/641 632/632/632
f 631/631/631 640/640/640 641/641/641
f 633/633/633 643/643/643 634/634/634
f 633/633/633 642/642/642 643/643/643
f 634/634/634 644/644/644 635/635/635
f 634/634/634 643/643/643 644/644/644
f 635/635/635 645/645/645 636/636/636
f 635/635/635 644/644/644 645/645/645
f 636/636/636 646/646/646 637/637/637
f 636/636/636 645/645/645 646/646/646
f 637/637/637 647/647/647 638/638/638
f 637/637/637 646/646/646 647/647/647
f 638/638/638 648/648/648 639/639/639
f 638/638/638 647/647/647 648/648/648
f 639/639/639 649/649/649 640/640/640
f 639/639/639 648/648/648 649/649/649
f 640/640/640 650/650/650 641/641/641
f 640/640/640 649/649/649 650/650/650
f 642/642/642 652/652/652 643/643/643
f 642/642/642 651/651/651 652/652/652
f 643/643/643 653/653/653 644/644/644
f 643/643/643 652/652/652 653/653/653
f 644/644/644 654/654/654 645/645/645
f 644/644/644 653/653/653 654/654/654
f 645/645/645 655/655/655 646/646/646
f 645/645/645 654/654/654 655/655/655
f 646/646/646 656/656/656 647/647/647
f 646/646/646 655/655/655 656/656/656
f 647/647/647 657/657/657 648/648/648
f 647/647/647 656/656/656 657/657/657
f 648/648/648 658/658/658 649/649/649
f 648/648/648 657/657/657 658/658/658
f 649/649/649 659/659/659 650/650/650
f 649/649/649 658/658/658 659/659/659
f 651/651/651 661/661/661 652/652/652
f 651/651/651 660/660/660 661/661/661
f 652/652/652 662/662/662 653/653/653
f 652/652/652 661/661/661 662/662/662
f 653/653/653 663/663/663 654/654/654
f 653/653/653 662/662/662 663/663/663
f 654/654/654 664/664/664 655/655/655
f 654/654/654 663/663/663 664/664/664
f 655/655/655 665/665/665 656/656/656
f 655/655/655 664/664/664 665/665/665
f 656/656/656 666/666/666 657/657/657
f 656/656/656 665/665/665 666/666/666
f 657/657/657 667/667/667 658/658/658
f 657/657/657 666/666/666 667/667/667
f 658/658/658 668/668/668 659/659/659
f 658/658/658 667/667/667 668/668/668
f 660/660/660 670/670/670 661/661/661
f 660/660/660 669/669/669 670/670/670
f 661/661/661 671/671/671 662/662/662
f 661/661/661 670/670/670 671/671/671
f 662/662/662 672/672/672 663/663/663
f 662/662/662 671/671/671 672/672/672
f 663/663/663 673/673/673 664/664/664
f 663/663/663 672/672/672 673/673/673
f 664/664/664 674/674/674 665/665/665
f 664/664/664 673/673/673 674/674/674
f 665/665/665 675/675/675 666/666/666
f 665/665/665 674/674/674 675/675/675
f 666/666/666 676/676/676 667/667/667
f 666/666/666 675/675/675 676/676/676
f 667/667/667 677/677/677 668/668/668
f 667/667/667 676/676/676 677/677/677
f 669/669/669 679/679/679 670/670/670
f 669/669/669 678/678/678 679/679/679
f 670/670/670 680/680/680 671/671/671
f 670/670/670 679/679/679 680/680/680
f 671/671/671 681/681/681 672/672/672
f 671/671/671 680/680/680 681/681/681
f 672/672/672 682/682/682 673/673/673
f 672/672/672 681/681/681 682/682/682
f 673/673/673 683/683/683 674/674/674
f 673/673/673 682/682/682 683/683/683
f 674/674/674 684/684/684 675/675/675
f 674/674/674 683/683/683 684/684/684
f 675/675/675 685/685/685 676/676/676
f 675/675/675 684/684/684 685/685/685
f 676/676/676 686/686/686 677/677/677
f 676/676/676 685/685/685 686/686/686
f 687/687/687 688/688/688 697/697/697
f 687/687/687 697/697/697 696/696/696
f 688/688/688 689/689/689 698/698/698
f 688/688/688 698/698/698 697/697/697
f 689/689/689 690/690/690 699/699/699
f 689/689/689 699/699/699 698/698/698
f 690/690/690 691/691/691 700/700/700
f 690/690/690 700/700/700 699/699/699
f 691/691/691 692/692/692 701/701/701
f 691/691/691 701/701/701 700/700/700
f 692/692/692 693/693/693 702/702/702
f 692/692/692 702/702/702 701/701/701
f 693/693/693 694/694/694 703/703/703
f 693/693/693 703/703/703 702/702/702
f 694/694/694 695/695/695 704/704/704
f 694/694/694 704/704/704 703/703/703
f 696/696/696 697/697/697 706/706/706
f 696/696/696 706/706/706 705/705/705
f 697/697/697 698/698/698 707/707/707
f 697/697/697 707/707/707 706/706/706
f 698/698/698 699/699/699 708/708/708
f 698/698/698 708/708/708 707/707/707
f 699/699/699 700/700/700 709/709/709
f 699/699/699 709/709/709 708/708/708
f 700/700/700 701/701/701 710/710/710
f 700/700/700 710/710/710 709/709/709
f 701/701/701 702/702/702 711/711/711
f 701/701/701 711/711/711 710/710/710
f 702/702/702 703/703/703 712/712/712
f 702/702/702 712/712/712 711/711/711
f 703/703/703 704/704/704 713/713/713
f 703/703/703 713/713/713 712/712/712
f 705/705/705 706/706/706 715/715/715
f 705/705/705 715/715/715 714/714/714
f 706/706/706 707/707/707 716/716/716
f 706/706/706 716/716/716 715/715/715
f 707/707/707 708/708/708 717/717/717
f 707/707/707 717/717/717 716/716/716
f 708/708/708 709/709/709 718/718/718
f 708/708/708 718/718/718 717/717/717
f 709/709/709 710/710/710 719/719/719
f 709/709/709 719/719/719 718/718/718
f 710/710/710 711/711/711 720/720/720
f 710/710/710 720/720/720 719/719/719
f 711/711/711 712/712/712 721/721/721
f 711/711/711 721/721/721 720/720/720
f 712/712/712 713/713/713 722/722/722
f 712/712/712 722/722/722 721/721/721
f 714/714/714 715/715/715 724/724/724
f 714/714/714 724/724/724 723/723/723
f 715/715/715 716/716/716 725/725/725
f 715/715/715 725/725/725 724/724/724
f 716/716/716 717/717/717 726/726/726
f 716/716/716 726/726/726 725/725/725
f 717/717/717 718/718/718 727/727/727
f 717/717/717 727/727/727 726/726/726
f 718/718/718 719/719/719 728/728/728
f 718/718/718 728/728/728 727/727/727
f 719/719/719 720/720/720 729/729/729
f 719/719/719 729/729/729 728/728/728
f 720/720/720 721/721/721 730/730/730
f 720/720/720 730/730/730 729/729/729
f 721/721/721 722/722/722 731/731/731
f 721/721/721 731/731/731 730/730/730
f 723/723/723 724/724/724 733/733/733
f 723/723/723 733/733/733 732/732/732
f 724/724/724 725/725/725 734/734/734
f 724/724/724 734/734/734 733/733/733
f 725/725/725 726/726/726 735/735/735
f 725/725/725 735/735/735 734/734/734
f 726/726/726 727/727/727 736/736/736
f 726/726/726 736/736/736 735/735/735
f 727/727/727 728/728/728 737/737/737
f 727/727/727 737/737/737 736/736/736
f 728/728/728 729/729/729 738/738/738
f 728/728/728 738/738/738 737/737/737
f 729/729/729 730/730/730 739/739/739
f 729/729/729 739/739/739 738/738/738
f 730/730/730 731/731/731 740/740/740
f 730/730/730 740/740/740 739/739/739
f 732/732/732 733/733/733 742/742/742
f 732/732/732 742/742/742 741/741/741
f 733/733/733 734/734/734 743/743/743
f 733/733/733 743/743/743 742/742/742
f 734/734/734 735/735/735 744/744/744
f 734/734/734 744/744/744 743/743/743
f 735/735/735 736/736/736 745/745/745
f 735/735/735 745/745/745 744/744/744
f 736/736/736 737/737/737 746/746/746
f 736/736/736 746/746/746 745/745/745
f 737/737/737 738/738/738 747/747/747
f 737/737/737 747/747/747 746/746/746
f 738/738/738 739/739/739 748/748/748
f 738/738/738 748/748/748 747/747/747
f 739/739/739 740/740/740 749/749/749
f 739/739/739 749/749/749 748/748/748
f 750/750/750 760/760/760 751/751/751
f 750/750/750 759/759/759 760/760/760
f 751/751/751 761/761/761 752/752/752
f 751/751/751 760/760/760 761/761/761
f 752/752/752 762/762/762 753/753/753
f 752/752/752 761/761/761 762/762/762
f 753/753/753 763/763/763 754/754/754
f 753/753/753 762/762/762 763/763/763
f 754/754/754 764/764/764 755/755/755
f 754/754/754 763/763/763 764/764/764
f 755/755/755 765/765/765 756/756/756
f 755/755/755 764/764/764 765/765/765
f 756/756/756 766/766/766 757/757/757
f 756/756/756 765/765/765 766/766/766
f 757/757/757 767/767/767 758/758/758
f 757/757/757 766/766/766 767/767/767
f 759/759/759 769/769/769 760/760/760
f 759/759/759 768/768/768 769/769/769
f 760/760/760 770/770/770 761/761/761
f 760/760/760 769/769/769 770/770/770
f 761/761/761 771/771/771 762/762/762
f 761/761/761 770/770/770 771/771/771
f 762/762/762 772/772/772 763/763/763
f 762/762/762 771/771/771 772/772/772
f 763/763/763 773/773/773 764/764/764
f 763/763/763 772/772/772 773/773/773
f 764/764/764 774/774/774 765/765/765
f 764/764/764 773/773/773 774/774/774
f 765/765/765 775/775/775 766/766/766
f 765/765/765 774/774/774 775/775/775
f 766/766/766 776/776/776 767/767/767
f 766/766/766 775/775/775 776/776/776
f 768/768/768 778/778/778 769/769/769
f 768/768/768 777/777/777 778/778/778
f 769/769/769 779/779/779 770/770/770
f 769/769/769 778/778/778 779/779/779
f 770/770/770 780/780/780 771/771/771
f 770/770/770 779/779/779 780/780/780
f 771/771/771 781/781/781 772/772/772
f 771/771/771 780/780/780 781/781/781
f 772/772/772 782/782/782 773/773/773
f 772/772/772 781/781/781 782/782/782
f 773/773/773 783/783/783 774/774/774
f 773/773/773 782/782/782 783/783/783
f 774/774/774 784/784/784 775/775/775
f 774/774/774 783/783/783 784/784/784
f 775/775/775 785/785/785 776/776/776
f 775/775/775 784/784/784 785/785/785
f 777/777/777 787/787/787 778/778/778
f 777/777/777 786/786/786 787/787/787
f 778/778/778 788/788/788 779/779/779
f 778/778/778 787/787/787 788/788/788
f 779/779/779 789/789/789 780/780/780
f 779/779/779 788/788/788 789/789/789
f 780/780/780 790/790/790 781/781/781
f 780/780/780 789/789/789 790/790/790
f 781/781/781 791/791/791 782/782/782
f 781/781/781 790/790/790 791/791/791
f 782/782/782 792/792/792 783/783/783
f 782/782/782 791/791/791 792/792/792
f 783/783/783 793/793/793 784/784/784
f 783/783/783 792/792/792 793/793/793
f 784/784/784 794/794/794 785/785/785
f 784/784/784 793/793/793 794/794/794
f 786/786/786 796/796/796 787/787/787
f 786/786/786 795/795/795 796/796/796
f 787/787/787 797/797/797 788/788/788
f 787/787/787 796/796/796 797/797/797
f 788/788/788 798/798/798 789/789/789
f 788/788/788 797/797/797 798/798/798
f 789/789/789 799/799/799 790/790/790
f 789/789/789 798/798/798 799/799/799
f 790/790/790 800/800/800 791/791/791
f 790/790/790 799/799/799 800/800/800
f 791/791/791 801/801/801 792/792/792
f 791/791/791 800/800/800 801/801/801
f 792/792/792 802/802/802 793/793/793
f 792/792/792 801/801/801 802/802/802
f 793/793/793 803/803/803 794/794/794
f 793/793/793 802/802/802 803/803/803
f 795/795/795 805/805/805 796/796/796
f 795/795/795 804/804/804 805/805/805
f 796/796/796 806/806/806 797/797/797
f 796/796/796 805/805/805 806/806/806
f 797/797/797 807/807/807 798/798/798
f 797/797/797 806/806/806 807/807/807
f 798/798/798 808/808/808 799/799/799
f 798/798/798 807/807/807 808/808/808
f 799/799/799 809/809/809 800/800/800
f 799/799/799 808/808/808 809/809/809
f 800/800/800 810/810/810 801/801/801
f 800/800/800 809/809/809 810/810/810
f 801/801/801 811/811/811 802/802/802
f 801/801/801 810/810/810 811/811/811
f 802/802/802 812/812/812 803/803/803
f 802/802/802 811/811/811 812/812/812
f 813/813/813 814/814/814 821/821/821
f 813/813/813 821/821/821 820/820/820
f 814/814/814 815/815/815 822/822/822
f 814/814/814 822/822/822 821/821/821
f 815/815/815 816/816/816 823/823/823
f 815/815/815 823/823/823 822/822/822
f 816/816/816 817/817/817 824/824/824
f 816/816/816 824/824/824 823/823/823
f 817/817/817 818/818/818 825/825/825
f 817/817/817 825/825/825 824/824/824
f 818/818/818 819/819/819 826/826/826
f 818/818/818 826/826/826 825/825/825
f 820/820/820 821/821/821 828/828/828
f 820/820/820 828/828/828 827/827/827
f 821/821/821 822/822/822 829/829/829
f 821/821/821 829/829/829 828/828/828
f 822/822/822 823/823/823 830/830/830
f 822/822/822 830/830/830 829/829/829
f 823/823/823 824/824/824 831/831/831
f 823/823/823 831/831/831 830/830/830
f 824/824/824 825/825/825 832/832/832
f 824/824/824 832/832/832 831/831/831
f 825/825/825 826/826/826 833/833/833
f 825/825/825 833/833/833 832/832/832
f 827/827/827 828/828/828 835/835/835
f 827/827/827 835/835/835 834/834/834
f 828/828/828 829/829/829 836/836/836
f 828/828/828 836/836/836 835/835/835
f 829/829/829 830/830/830 837/837/837
f 829/829/829 837/837/837 836/836/836
f 830/830/830 831/831/831 838/838/838
f 830/830/830 838/838/838 837/837/837
f 831/831/831 832/832/832 839/839/839
f 831/831/831 839/839/839 838/838/838
f 832/832/832 833/833/833 840/840/840
f 832/832/832 840/840/840 839/839/839
f 834/834/834 835/835/835 842/842/842
f 834/834/834 842/842/842 841/841/841
f 835/835/835 836/836/836 843/843/843
f 835/835/835 843/843/843 842/842/842
f 836/836/836 837/837/837 844/844/844
f 836/836/836 844/844/844 843/843/843
f 837/837/837 838/838/838 845/845/845
f 837/837/837 845/845/845 844/844/844
f 838/838/838 839/839/839 846/846/846
f 838/838/838 846/846/846 845/845/845
f 839/839/839 840/840/840 847/847/847
f 839/839/839 847/847/847 846/846/846
f 841/841/841 842/842/842 849/849/849
f 841/841/841 849/849/849 848/848/848
f 842/842/842 843/843/843 850/850/850
f 842/842/842 850/850/850 849/849/849
f 843/843/843 844/844/844 851/851/851
f 843/843/843 851/851/851 850/850/850
f 844/844/844 845/845/845 852/852/852
f 844/844/844 852/852/852 851/851/851
f 845/845/845 846/846/846 853/853/853
f 845/845/845 853/853/853 852/852/852
f 846/846/846 847/847/847 854/854/854
f 846/846/846 854/854/854 853/853/853
f 848/848/848 849/849/849 856/856/856
f 848/848/848 856/856/856 855/855/855
f 849/849/849 850/850/850 857/857/857
f 849/849/849 857/857/857 856/856/856
f 850/850/850 851/851/851 858/858/858
f 850/850/850 858/858/858 857/857/857
f 851/851/851 852/852/852 859/859/859
f 851/851/851 859/859/859 858/858/858
f 852/852/852 853/853/853 860/860/860
f 852/852/852 860/860/860 859/859/859
f 853/853/853 854/854/854 861/861/861
f 853/853/853 861/861/861 860/860/860
f 862/862/862 870/870/870 863/863/863
f 862/862/862 869/869/869 870/870/870
f 863/863/863 871/871/871 864/864/864
f 863/863/863 870/870/870 871/871/871
f 864/864/864 872/872/872 865/865/865
f 864/864/864 871/871/871 872/872/872
f 865/865/865 873/873/873 866/866/866
f 865/865/865 872/872/872 873/873/873
f 866/866/866 874/874/874 867/867/867
f 866/866/866 873/873/873 874/874/874
f 867/867/867 875/875/875 868/868/868
f 867/867/867 874/874/874 875/875/875
f 869/869/869 877/877/877 870/870/870
f 869/869/869 876/876/876 877/877/877
f 870/870/870 878/878/878 871/871/871
f 870/870/870 877/877/877 878/878/878
f 871/871/871 879/879/879 872/872/872
f 871/871/871 878/878/878 879/879/879
f 872/872/872 880/880/880 873/873/873
f 872/872/872 879/879/879 880/880/880
f 873/873/873 881/881/881 874/874/874
f 873/873/873 880/880/880 881/881/881
f 874/874/874 882/882/882 875/875/875
f 874/874/874 881/881/881 882/882/882
f 876/876/876 884/884/884 877/877/877
f 876/876/876 883/883/883 884/884/884
f 877/877/877 885/885/885 878/878/878
f 877/877/877 884/884/884 885/885/885
f 878/878/878 886/886/886 879/879/879
f 878/878/878 885/885/885 886/886/886
f 879/879/879 887/887/887 880/880/880
f 879/879/879 886/886/886 887/887/887
f 880/880/880 888/888/888 881/881/881
f 880/880/880 887/887/887 888/888/888
f 881/881/881 889/889/889 882/882/882
f 881/881/881 888/888/888 889/889/889
f 883/883/883 891/891/891 884/884/884
f 883/883/883 890/890/890 891/891/891
f 884/884/884 892/892/892 885/885/885
f 884/884/884 891/891/891 892/892/892
f 885/885/885 893/893/893 886/886/886
f 885/885/885 892/892/892 893/893/893
f 886/886/886 894/894/894 887/887/887
f 886/886/886 893/893/893 894/894/894
f 887/887/887 895/895/895 888/888/888
f 887/887/887 894/894/894 895/895/895
f 888/888/888 896/896/896 889/889/889
f 888/888/888 895/895/895 896/896/896
f 890/890/890 898/898/898 891/891/891
f 890/890/890 897/897/897 898/898/898
f 891/891/891 899/899/899 892/892/892
f 891/891/891 898/898/898 899/899/899
f 892/892/892 900/900/900 893/893/893
f 892/892/892 899/899/899 900/900/900
f 893/893/893 901/901/901 894/894/894
f 893/893/893 900/900/900 901/901/901
f 894/894/894 902/902/902 895/895/895
f 894/894/894 901/901/901 902/902/902
f 895/895/895 903/903/903 896/896/896
f 895/895/895 902/902/902 903/903/903
f 897/897/897 905/905/905 898/898/898
f 897/897/897 904/904/904 905/905/905
f 898/898/898 906/906/906 899/899/899
f 898/898/898 905/905/905 906/906/906
f 899/899/899 907/907/907 900/900/900
f 899/899/899 906/906/906 907/907/907
f 900/900/900 908/908/908 901/901/901
f 900/900/900 907/907/907 908/908/908
f 901/901/901 909/909/909 902/902/902
f 901/901/901 908/908/908 909/909/909
f 902/902/902 910/910/910 903/903/903
f 902/902/902 909/909/909 910/910/910
f 911/911/911 912/912/912 923/923/923
f 911/911/911 923/923/923 922/922/922
f 912/912/912 913/913/913 924/924/924
f 912/912/912 924/924/924 923/923/923
f 913/913/913 914/914/914 925/925/925
f 913/913/913 925/925/925 924/924/924
f 914/914/914 915/915/915 926/926/926
f 914/914/914 926/926/926 925/925/925
f 915/915/915 916/916/916 927/927/927
f 915/915/915 927/927/927 926/926/926
f 916/916/916 917/917/917 928/928/928
f 916/916/916 928/928/928 927/927/927
f 917/917/917 918/918/918 929/929/929
f 917/917/917 929/929/929 928/928/928
f 918/918/918 919/919/919 930/930/930
f 918/918/918 930/930/930 929/929/929
f 919/919/919 920/920/920 931/931/931
f 919/919/919 931/931/931 930/930/930
f 920/920/920 921/921/921 932/932/932
f 920/920/920 932/932/932 931/931/931
f 922/922/922 923/923/923 934/934/934
f 922/922/922 934/934/934 933/933/933
f 923/923/923 924/924/924 935/935/935
f 923/923/923 935/935/935 934/934/934
f 924/924/924 925/925/925 936/936/936
f 924/924/924 936/936/936 935/935/935
f 925/925/925 926/926/926 937/937/937
f 925/925/925 937/937/937 936/936/936
f 926/926/926 927/927/927 938/938/938
f 926/926/926 938/938/938 937/937/937
f 927/927/927 928/928/928 939/939/939
f 927/927/927 939/939/939 938/938/938
f 928/928/928 929/929/929 940/940/940
f 928/928/928 940/940/940 939/939/939
f 929/929/929 930/930/930 941/941/941
f 929/929/929 941/941/941 940/940/940
f 930/930/930 931/931/931 942/942/942
f 930/930/930 942/942/942 941/941/941
f 931/931/931 932/932/932 943/943/943
f 931/931/931 943/943/943 942/942/942
f 933/933/933 934/934/934 945/945/945
f 933/933/933 945/945/945 944/944/944
f 934/934/934 935/935/935 946/946/946
f 934/934/934 946/946/946 945/945/945
f 935/935/935 936/936/936 947/947/947
f 935/935/935 947/947/947 946/946/946
f 936/936/936 937/937/937 948/948/948
f 936/936/936 948/948/948 947/947/947
f 937/937/937 938/938/938 949/949/949
f 937/937/937 949/949/949 948/948/948
f 938/938/938 939/939/939 950/950/950
f 938/938/938 950/950/950 949/949/949
f 939/939/939 940/940/940 951/951/951
f 939/939/939 951/951/951 950/950/950
f 940/940/940 941/941/941 952/952/952
f 940/940/940 952/952/952 951/951/951
f 941/941/941 942/942/942 953/953/953
f 941/941/941 953/953/953 952/952/952
f 942/942/942 943/943/943 954/954/954
f 942/942/942 954/954/954 953/953/953
f 944/944/944 945/945/945 956/956/956
f 944/944/944 956/956/956 955/955/955
f 945/945/945 946/946/946 957/957/957
f 945/945/945 957/957/957 956/956/956
f 946/946/946 947/947/947 958/958/958
f 946/946/946 958/958/958 957/957/957
f 947/947/947 948/948/948 959/959/959
f 947/947/947 959/959/959 958/958/958
f 948/948/948 949/949/949 960/960/960
f 948/948/948 960/960/960 959/959/959
f 949/949/949 950/950/950 961/961/961
f 949/949/949 961/961/961 960/960/960
f 950/950/950 951/951/951 962/962/962
f 950/950/950 962/962/962 961/961/961
f 951/951/951 952/952/952 963/963/963
f 951/951/951 963/963/963 962/962/962
f 952/952/952 953/953/953 964/964/964
f 952/952/952 964/964/964 963/963/963
f 953/953/953 954/954/954 965/965/965
f 953/953/953 965/965/965 964/964/964
f 955/955/955 956/956/956 967/967/967
f 955/955/955 967/967/967 966/966/966
f 956/956/956 957/957/957 968/968/968
f 956/956/956 968/968/968 967/967/967
f 957/957/957 958/958/958 969/969/969
f 957/957/957 969/969/969 968/968/968
f 958/958/958 959/959/959 970/970/970
f 958/958/958 970/970/970 969/969/969
f 959/959/959 960/960/960 971/971/971
f 959/959/959 971/971/971 970/970/970
f 960/960/960 961/961/961 972/972/972
f 960/960/960 972/972/972 971/971/971
f 961/961/961 962/962/962 973/973/973
f 961/961/961 973/973/973 972/972/972
f 962/962/962 963/963/963 974/974/974
f 962/962/962 974/974/974 973/973/973
f 963/963/963 964/964/964 975/975/975
f 963/963/963 975/975/975 974/974/974
f 964/964/964 965/965/965 976/976/976
f 964/964/964 976/976/976 975/975/975
f 966/966/966 967/967/967 978/978/978
f 966/966/966 978/978/978 977/977/977
f 967/967/967 968/968/968 979/979/979
f 967/967/967 979/979/979 978/978/978
f 968/968/968 969/969/969 980/980/980
f 968/968/968 980/980/980 979/979/979
f 969/969/969 970/970/970 981/981/981
f 969/969/969 981/981/981 980/980/980
f 970/970/970 971/971/971 982/982/982
f 970/970/970 982/982/982 981/981/981
f 971/971/971 972/972/972 983/983/983
f 971/971/971 983/983/983 982/982/982
f 972/972/972 973/973/973 984/984/984
f 972/972/972 984/984/984 983/983/983
f 973/973/973 974/974/974 985/985/985
f 973/973/973 985/985/985 984/984/984
f 974/974/974 975/975/975 986/986/986
f 974/974/974 986/986/986 985/985/985
f 975/975/975 976/976/976 987/987/987
f 975/975/975 987/987/987 986/986/986
f 988/988/988 1000/1000/1000 989/989/989
f 988/988/988 999/999/999 1000/1000/1000
f 989/989/989 1001/1001/1001 990/990/990
f 989/989/989 1000/1000/1000 1001/1001/1001
f 990/990/990 1002/1002/1002 991/991/991
f 990/990/990 1001/1001/1001 1002/1002/1002
f 991/991/991 1003/1003/1003 992/992/992
f 991/991/991 1002/1002/1002 1003/1003/1003
f 992/992/992 1004/1004/1004 993/993/993
f 992/992/992 1003/1003/1003 1004/1004/1004
f 993/993/993 1005/1005/1005 994/994/994
f 993/993/993 1004/1004/1004 1005/1005/1005
f 994/994/994 1006/1006/1006 995/995/995
f 994/994/994 1005/1005/1005 1006/1006/1006
f 995/995/995 1007/1007/1007 996/996/996
f 995/995/995 1006/1006/1006 1007/1007/1007
f 996/996/996 1008/1008/1008 997/997/997
f 996/996/996 1007/1007/1007 1008/1008/1008
f 997/997/997 1009/1009/1009 998/998/998
f 997/997/997 1008/1008/1008 1009/1009/1009
f 999/999/999 1011/1011/1011 1000/1000/1000
f 999/999/999 1010/1010/1010 1011/1011/1011
f 1000/1000/1000 1012/1012/1012 1001/1001/1001
f 1000/1000/1000 1011/1011/1011 1012/1012/1012
f 1001/1001/1001 1013/1013/1013 1002/1002/1002
f 1001/1001/1001 1012/1012/1012 1013/1013/1013
f 1002/1002/1002 1014/1014/1014 1003/1003/1003
f 1002/1002/1002 1013/1013/1013 1014/1014/1014
f 1003/1003/1003 1015/1015/1015 1004/1004/1004
f 1003/1003/1003 1014/1014/1014 1015/1015/1015
f 1004/1004/1004 1016/1016/1016 1005/1005/1005
f 1004/1004/1004 1015/1015/1015 1016/1016/1016
f 1005/1005/1005 1017/1017/1017 1006/1006/1006
f 1005/1005/1005 1016/1016/1016 1017/1017/1017
f 1006/1006/1006 1018/1018/1018 1007/1007/1007
f 1006/1006/1006 1017/1017/1017 1018/1018/1018
f 1007/1007/1007 1019/1019/1019 1008/1008/1008
f 1007/1007/1007 1018/1018/1018 1019/1019/1019
f 1008/1008/1008 1020/1020/1020 1009/1009/1009
f 1008/1008/1008 1019/1019/1019 1020/1020/1020
f 1010/1010/1010 1022/1022/1022 1011/1011/1011
f 1010/1010/1010 1021/1021/1021 1022/1022/1022
f 1011/1011/1011 1023/1023/1023 1012/1012/1012
f 1011/1011/1011 1022/1022/1022 1023/1023/1023
f 1012/1012/1012 1024/1024/1024 1013/1013/1013
f 1012/1012/1012 1023/1023/1023 1024/1024/1024
f 1013/1013/1013 1025/1025/1025 1014/1014/1014
f 1013/1013/1013 1024/1024/1024 1025/1025/1025
f 1014/1014/1014 1026/1026/1026 1015/1015/1015
f 1014/1014/1014 1025/1025/1025 1026/1026/1026
f 1015/1015/1015 1027/1027/1027 1016/1016/1016
f 1015/1015/1015 1026/1026/1026 1027/1027/1027
f 1016/1016/1016 1028/1028/1028 1017/1017/1017
f 1016/1016/1016 1027/1027/1027 1028/1028/1028
f 1017/1017/1017 1029/1029/1029 1018/1018/1018
f 1017/1017/1017 1028/1028/1028 1029/1029/1029
f 1018/1018/1018 1030/1030/1030 1019/1019/1019
f 1018/1018/1018 1029/1029/1029 1030/1030/1030
f 1019/1019/1019 1031/1031/1031 1020/1020/1020
f 1019/1019/1019 1030/1030/1030 1031/1031/1031
f 1021/1021/1021 1033/1033/1033 1022/1022/1022
f 1021/1021/1021 1032/1032/1032 1033/1033/1033
f 1022/1022/1022 1034/1034/1034 1023/1023/1023
f 1022/1022/1022 1033/1033/1033 1034/1034/1034
f 1023/1023/1023 1035/1035/1035 1024/1024/1024
f 1023/1023/1023 1034/1034/1034 1035/1035/1035
f 1024/1024/1024 1036/1036/1036 1025/1025/1025
f 1024/1024/1024 1035/1035/1035 1036/1036/1036
f 1025/1025/1025 1037/1037/1037 1026/1026/1026
f 1025/1025/1025 1036/1036/1036 1037/1037/1037
f 1026/1026/1026 1038/1038/1038 1027/1027/1027
f 1026/1026/1026 1037/1037/1037 1038/1038/1038
f 1027/1027/1027 1039/1039/1039 1028/1028/1028
f 1027/1027/1027 1038/1038/1038 1039/1039/1039
f 1028/1028/1028 1040/1040/1040 1029/1029/1029
f 1028/1028/1028 1039/1039/1039 1040/1040/1040
f 1029/1029/1029 1041/1041/1041 1030/1030/1030
f 1029/1029/1029 1040/1040/1040 1041/1041/1041
f 1030/1030/1030 1042/1042/1042 1031/1031/1031
f 1030/1030/1030 1041/1041/1041 1042/1042/1042
f 1032/1032/1032 1044/1044/1044 1033/1033/1033
f 1032/1032/1032 1043/1043/1043 1044/1044/1044
f 1033/1033/1033 1045/1045/1045 1034/1034/1034
f 1033/1033/1033 1044/1044/1044 1045/1045/1045
f 1034/1034/1034 1046/1046/1046 1035/1035/1035
f 1034/1034/1034 1045/1045/1045 1046/1046/1046
f 1035/1035/1035 1047/1047/1047 1036/1036/1036
f 1035/1035/1035 1046/1046/1046 1047/1047/1047
f 1036/1036/1036 1048/1048/1048 1037/1037/1037
f 1036/1036/1036 1047/1047/1047 1048/1048/1048
f 1037/1037/1037 1049/1049/1049 1038/1038/1038
f 1037/1037/1037 1048/1048/1048 1049/1049/1049
f 1038/1038/1038 1050/1050/1050 1039/1039/1039
f 1038/1038/1038 1049/1049/1049 1050/1050/1050
f 1039/1039/1039 1051/1051/1051 1040/1040/1040
f 1039/1039/1039 1050/1050/1050 1051/1051/1051
f 1040/1040/1040 1052/1052/1052 1041/1041/1041
f 1040/1040/1040 1051/1051/1051 1052/1052/1052
f 1041/1041/1041 1053/1053/1053 1042/1042/1042
f 1041/1041/1041 1052/1052/1052 1053/1053/1053
f 1043/1043/1043 1055/1055/1055 1044/1044/1044
f 1043/1043/1043 1054/1054/1054 1055/1055/1055
f 1044/1044/1044 1056/1056/1056 1045/1045/1045
f 1044/1044/1044 1055/1055/1055 1056/1056/1056
f 1045/1045/1045 1057/1057/1057 1046/1046/1046
f 1045/1045/1045 1056/1056/1056 1057/1057/1057
f 1046/1046/1046 1058/1058/1058 1047/1047/1047
f 1046/1046/1046 1057/1057/1057 1058/1058/1058
f 1047/1047/1047 1059/1059/1059 1048/1048/1048
f 1047/1047/1047 1058/1058/1058 1059/1059/1059
f 1048/1048/1048 1060/1060/1060 1049/1049/1049
f 1048/1048/1048 1059/1059/1059 1060/1060/1060
f 1049/1049/1049 1061/1061/1061 1050/1050/1050
f 1049/1049/1049 1060/1060/1060 1061/1061/1061
f 1050/1050/1050 1062/1062/1062 1051/1051/1051
f 1050/1050/1050 1061/1061/1061 1062/1062/1062
f 1051/1051/1051 1063/1063/1063 1052/1052/1052
f 1051/1051/1051 1062/1062/1062 1063/1063/1063
f 1052/1052/1052 1064/1064/1064 1053/1053/1053
f 1052/1052/1052 1063/1063/1063 1064/1064/1064
f 1065/1065/1065 1066/1066/1066 1073/1073/1073
f 1065/1065/1065 1073/1073/1073 1072/1072/1072
f 1066/1066/1066 1067/1067/1067 1074/1074/1074
f 1066/1066/1066 1074/1074/1074 1073/1073/1073
f 1067/1067/1067 1068/1068/1068 1075/1075/1075
f 1067/1067/1067 1075/1075/1075 1074/1074/1074
f 1068/1068/1068 1069/1069/1069 1076/1076/1076
f 1068/1068/1068 1076/1076/1076 1075/1075/1075
f 1069/1069/1069 1070/1070/1070 1077/1077/1077
f 1069/1069/1069 1077/1077/1077 1076/1076/1076
f 1070/1070/1070 1071/1071/1071 1078/1078/1078
f 1070/1070/1070 1078/1078/1078 1077/1077/1077
f 1072/1072/1072 1073/1073/1073 1080/1080/1080
f 1072/1072/1072 1080/1080/1080 1079/1079/1079
f 1073/1073/1073 1074/1074/1074 1081/1081/1081
f 1073/1073/1073 1081/1081/1081 1080/1080/1080
f 1074/1074/1074 1075/1075/1075 1082/1082/1082
f 1074/1074/1074 1082/1082/1082 1081/1081/1081
f 1075/1075/1075 1076/1076/1076 1083/1083/1083
f 1075/1075/1075 1083/1083/1083 1082/1082/1082
f 1076/1076/1076 1077/1077/1077 1084/1084/1084
f 1076/1076/1076 1084/1084/1084 1083/1083/1083
f 1077/1077/1077 1078/1078/1078 1085/1085/1085
f 1077/1077/1077 1085/1085/1085 1084/1084/1084
f 1079/1079/1079 1080/1080/1080 1087/1087/1087
f 1079/1079/1079 1087/1087/1087 1086/1086/1086
f 1080/1080/1080 1081/1081/1081 1088/1088/1088
f 1080/1080/1080 1088/1088/1088 1087/1087/1087
f 1081/1081/1081 1082/1082/1082 1089/1089/1089
f 1081/1081/1081 1089/1089/1089 1088/1088/1088
f 1082/1082/1082 1083/1083/1083 1090/1090/1090
f 1082/1082/1082 1090/1090/1090 1089/1089/1089
f 1083/1083/1083 1084/1084/1084 1091/1091/1091
f 1083/1083/1083 1091/1091/1091 1090/1090/1090
f 1084/1084/1084 1085/1085/1085 1092/1092/1092
f 1084/1084/1084 1092/1092/1092 1091/1091/1091
f 1086/1086/1086 1087/1087/1087 1094/1094/1094
f 1086/1086/1086 1094/1094/1094 1093/1093/1093
f 1087/1087/1087 1088/1088/1088 1095/1095/1095
f 1087/1087/1087 1095/1095/1095 1094/1094/1094
f 1088/1088/1088 1089/1089/1089 1096/1096/1096
f 1088/1088/1088 1096/1096/1096 1095/1095/1095
f 1089/1089/1089 1090/1090/1090 1097/1097/1097
f 1089/1089/1089 1097/1097/1097 1096/1096/1096
f 1090/1090/1090 1091/1091/1091 1098/1098/1098
f 1090/1090/1090 1098/1098/1098 1097/1097/1097
f 1091/1091/1091 1092/1092/1092 1099/1099/1099
f 1091/1091/1091 1099/1099/1099 1098/1098/1098
f 1093/1093/1093 1094/1094/1094 1101/1101/1101
f 1093/1093/1093 1101/1101/1101 1100/1100/1100
f 1094/1094/1094 1095/1095/1095 1102/1102/1102
f 1094/1094/1094 1102/1102/1102 1101/1101/1101
f 1095/1095/1095 1096/1096/1096 1103/1103/1103
f 1095/1095/1095 1103/1103/1103 1102/1102/1102
f 1096/1096/1096 1097/1097/1097 1104/1104/1104
f 1096/1096/1096 1104/1104/1104 1103/1103/1103
f 1097/1097/1097 1098/1098/1098 1105/1105/1105
f 1097/1097/1097 1105/1105/1105 1104/1104/1104
f 1098/1098/1098 1099/1099/1099 1106/1106/1106
f 1098/1098/1098 1106/1106/1106 1105/1105/1105
f 1100/1100/1100 1101/1101/1101 1108/1108/1108
f 1100/1100/1100 1108/1108/1108 1107/1107/1107
f 1101/1101/1101 1102/1102/1102 1109/1109/1109
f 1101/1101/1101 1109/1109/1109 1108/1108/1108
f 1102/1102/1102 1103/1103/1103 1110/1110/1110
f 1102/1102/1102 1110/1110/1110 1109/1109/1109
f 1103/1103/1103 1104/1104/1104 1111/1111/1111
f 1103/1103/1103 1111/1111/1111 1110/1110/1110
f 1104/1104/1104 1105/1105/1105 1112/1112/1112
f 1104/1104/1104 1112/1112/1112 1111/1111/1111
f 1105/1105/1105 1106/1106/1106 1113/1113/1113
f 1105/1105/1105 1113/1113/1113 1112/1112/1112
f 1114/1114/1114 1122/1122/1122 1115/1115/1115
f 1114/1114/1114 1121/1121/1121 1122/1122/1122
f 1115/1115/1115 1123/1123/1123 1116/1116/1116
f 1115/1115/1115 1122/1122/1122 1123/1123/1123
f 1116/1116/1116 1124/1124/1124 1117/1117/1117
f 1116/1116/1116 1123/1123/1123 1124/1124/1124
f 1117/1117/1117 1125/1125/1125 1118/1118/1118
f 1117/1117/1117 1124/1124/1124 1125/1125/1125
f 1118/1118/1118 1126/1126/1126 1119/1119/1119
f 1118/1118/1118 1125/1125/1125 1126/1126/1126
f 1119/1119/1119 1127/1127/1127 1120/1120/1120
f 1119/1119/1119 1126/1126/1126 1127/1127/1127
f 1121/1121/1121 1129/1129/1129 1122/1122/1122
f 1121/1121/1121 1128/1128/1128 1129/1129/1129
f 1122/1122/1122 1130/1130/1130 1123/1123/1123
f 1122/1122/1122 1129/1129/1129 1130/1130/1130
f 1123/1123/1123 1131/1131/1131 1124/1124/1124
f 1123/1123/1123 1130/1130/1130 1131/1131/1131
f 1124/1124/1124 1132/1132/1132 1125/1125/1125
f 1124/1124/1124 1131/1131/1131 1132/1132/1132
f 1125/1125/1125 1133/1133/1133 1126/1126/1126
f 1125/1125/1125 1132/1132/1132 1133/1133/1133
f 1126/1126/1126 1134/1134/1134 1127/1127/1127
f 1126/1126/1126 1133/1133/1133 1134/1134/1134
f 1128/1128/1128 1136/1136/1136 1129/1129/1129
f 1128/1128/1128 1135/1135/1135 1136/1136/1136
f 1129/1129/1129 1137/1137/1137 1130/1130/1130
f 1129/1129/1129 1136/1136/1136 1137/1137/1137
f 1130/1130/1130 1138/1138/1138 1131/1131/1131
f 1130/1130/1130 1137/1137/1137 1138/1138/1138
f 1131/1131/1131 1139/1139/1139 1132/1132/1132
f 1131/1131/1131 1138/1138/1138 1139/1139/1139
f 1132/1132/1132 1140/1140/1140 1133/1133/1133
f 1132/1132/1132 1139/1139/1139 1140/1140/1140
f 1133/1133/1133 1141/1141/1141 1134/1134/1134
f 1133/1133/1133 1140/1140/1140 1141/1141/1141
f 1135/1135/1135 1143/1143/1143 1136/1136/1136
f 1135/1135/1135 1142/1142/1142 1143/1143/1143
f 1136/1136/1136 1144/1144/1144 1137/1137/1137
f 1136/1136/1136 1143/1143/1143 1144/1144/1144
f 1137/1137/1137 1145/1145/1145 1138/1138/1138
f 1137/1137/1137 1144/1144/1144 1145/1145/1145
f 1138/1138/1138 1146/1146/1146 1139/1139/1139
f 1138/1138/1138 1145/1145/1145 1146/1146/1146
f 1139/1139/1139 1147/1147/1147 1140/1140/1140
f 1139/1139/1139 1146/1146/1146 1147/1147/1147
f 1140/1140/1140 1148/1148/1148 1141/1141/1141
f 1140/1140/1140 1147/1147/1147 1148/1148/1148
f 1142/1142/1142 1150/1150/1150 1143/1143/1143
f 1142/1142/1142 1149/1149/1149 1150/1150/1150
f 1143/1143/1143 1151/1151/1151 1144/1144/1144
f 1143/1143/1143 1150/1150/1150 1151/1151/1151
f 1144/1144/1144 1152/1152/1152 1145/1145/1145
f 1144/1144/1144 1151/1151/1151 1152/1152/1152
f 1145/1145/1145 1153/1153/1153 1146/1146/1146
f 1145/1145/1145 1152/1152/1152 1153/1153/1153
f 1146/1146/1146 1154/1154/1154 1147/1147/1147
f 1146/1146/1146 1153/1153/1153 1154/1154/1154
f 1147/1147/1147 1155/1155/1155 1148/1148/1148
f 1147/1147/1147 1154/1154/1154 1155/1155/1155
f 1149/1149/1149 1157/1157/1157 1150/1150/1150
f 1149/1149/1149 1156/1156/1156 1157/1157/1157
f 1150/1150/1150 1158/1158/1158 1151/1151/1151
f 1150/1150/1150 1157/1157/1157 1158/1158/1158
f 1151/1151/1151 1159/1159/1159 1152/1152/1152
f 1151/1151/1151 1158/1158/1158 1159/1159/1159
f 1152/1152/1152 1160/1160/1160 1153/1153/1153
f 1152/1152/1152 1159/1159/1159 1160/1160/1160
f 1153/1153/1153 1161/1161/1161 1154/1154/1154
f 1153/1153/1153 1160/1160/1160 1161/1161/1161
f 1154/1154/1154 1162/1162/1162 1155/1155/1155
f 1154/1154/1154 1161/1161/1161 1162/1162/1162
f 1163/1163/1163 1164/1164/1164 1171/1171/1171
f 1163/1163/1163 1171/1171/1171 1170/1170/1170
f 1164/1164/1164 1165/1165/1165 1172/1172/1172
f 1164/1164/1164 1172/1172/1172 1171/1171/1171
f 1165/1165/1165 1166/1166/1166 1173/1173/1173
f 1165/1165/1165 1173/1173/1173 1172/1172/1172
f 1166/1166/1166 1167/1167/1167 1174/1174/1174
f 1166/1166/1166 1174/1174/1174 1173/1173/1173
f 1167/1167/1167 1168/1168/1168 1175/1175/1175
f 1167/1167/1167 1175/1175/1175 1174/1174/1174
f 1168/1168/1168 1169/1169/1169 1176/1176/1176
f 1168/1168/1168 1176/1176/1176 1175/1175/1175
f 1170/1170/1170 1171/1171/1171 1178/1178/1178
f 1170/1170/1170 1178/1178/1178 1177/1177/1177
f 1171/1171/1171 1172/1172/1172 1179/1179/1179
f 1171/1171/1171 1179/1179/1179 1178/1178/1178
f 1172/1172/1172 1173/1173/1173 1180/1180/1180
f 1172/1172/1172 1180/1180/1180 1179/1179/1179
f 1173/1173/1173 1174/1174/1174 1181/1181/1181
f 1173/1173/1173 1181/1181/1181 1180/1180/1180
f 1174/1174/1174 1175/1175/1175 1182/1182/1182
f 1174/1174/1174 1182/1182/1182 1181/1181/1181
f 1175/1175/1175 1176/1176/1176 1183/1183/1183
f 1175/1175/1175 1183/1183/1183 1182/1182/1182
f 1177/1177/1177 1178/1178/1178 1185/1185/1185
f 1177/1177/1177 1185/1185/1185 1184/1184/1184
f 1178/1178/1178 1179/1179/1179 1186/1186/1186
f 1178/1178/1178 1186/1186/1186 1185/1185/1185
f 1179/1179/1179 1180/1180/1180 1187/1187/1187
f 1179/1179/1179 1187/1187/1187 1186/1186/1186
f 1180/1180/1180 1181/1181/1181 1188/1188/1188
f 1180/1180/1180 1188/1188/1188 1187/1187/1187
f 1181/1181/1181 1182/1182/1182 1189/1189/1189
f 1181/1181/1181 1189/1189/1189 1188/1188/1188
f 1182/1182/1182 1183/1183/1183 1190/1190/1190
f 1182/1182/1182 1190/1190/1190 1189/1189/1189
f 1184/1184/1184 1185/1185/1185 1192/1192/1192
f 1184/1184/1184 1192/1192/1192 1191/1191/1191
f 1185/1185/1185 1186/1186/1186 1193/1193/1193
f 1185/1185/1185 1193/1193/1193 1192/1192/1192
f 1186/1186/1186 1187/1187/1187 1194/1194/1194
f 1186/1186/1186 1194/1194/1194 1193/1193/1193
f 1187/1187/1187 1188/1188/1188 1195/1195/1195
f 1187/1187/1187 1195/1195/1195 1194/1194/1194
f 1188/1188/1188 1189/1189/1189 1196/1196/1196
f 1188/1188/1188 1196/1196/1196 1195/1195/1195
f 1189/1189/1189 1190/1190/1190 1197/1197/1197
f 1189/1189/1189 1197/1197/1197 1196/1196/1196
f 1191/1191/1191 1192/1192/1192 1199/1199/1199
f 1191/1191/1191 1199/1199/1199 1198/1198/1198
f 1192/1192/1192 1193/1193/1193 1200/1200/1200
f 1192/1192/1192 1200/1200/1200 1199/1199/1199
f 1193/1193/1193 1194/1194/1194 1201/1201/1201
f 1193/1193/1193 1201/1201/1201 1200/1200/1200
f 1194/1194/1194 1195/1195/1195 1202/1202/1202
f 1194/1194/1194 1202/1202/1202 1201/1201/1201
f 1195/1195/1195 1196/1196/1196 1203/1203/1203
f 1195/1195/1195 1203/1203/1203 1202/1202/1202
f 1196/1196/1196 1197/1197/1197 1204/1204/1204
f 1196/1196/1196 1204/1204/1204 1203/1203/1203
f 1198/1198/1198 1199/1199/1199 1206/1206/1206
f 1198/1198/1198 1206/1206/1206 1205/1205/1205
f 1199/1199/1199 1200/1200/1200 1207/1207/1207
f 1199/1199/1199 1207/1207/1207 1206/1206/1206
f 1200/1200/1200 1201/1201/1201 1208/1208/1208
f 1200/1200/1200 1208/1208/1208 1207/1207/1207
f 1201/1201/1201 1202/1202/1202 1209/1209/1209
f 1201/1201/1201 1209/1209/1209 1208/1208/1208
f 1202/1202/1202 1203/1203/1203 1210/1210/1210
f 1202/1202/1202 1210/1210/1210 1209/1209/1209
f 1203/1203/1203 1204/1204/1204 1211/1211/1211
f 1203/1203/1203 1211/1211/1211 1210/1210/1210
f 1212/1212/1212 1220/1220/1220 1213/1213/1213
f 1212/1212/1212 1219/1219/1219 1220/1220/1220
f 1213/1213/1213 1221/1221/1221 1214/1214/1214
f 1213/1213/1213 1220/1220/1220 1221/1221/1221
f 1214/1214/1214 1222/1222/1222 1215/1215/1215
f 1214/1214/1214 1221/1221/1221 1222/1222/1222
f 1215/1215/1215 1223/1223/1223 1216/1216/1216
f 1215/1215/1215 1222/1222/1222 1223/1223/1223
f 1216/1216/1216 1224/1224/1224 1217/1217/1217
f 1216/1216/1216 1223/1223/1223 1224/1224/1224
f 1217/1217/1217 1225/1225/1225 1218/1218/1218
f 1217/1217/1217 1224/1224/1224 1225/1225/1225
f 1219/1219/1219 1227/1227/1227 1220/1220/1220
f 1219/1219/1219 1226/1226/1226 1227/1227/1227
f 1220/1220/1220 1228/1228/1228 1221/1221/1221
f 1220/1220/1220 1227/1227/1227 1228/1228/1228
f 1221/1221/1221 1229/1229/1229 1222/1222/1222
f 1221/1221/1221 1228/1228/1228 1229/1229/1229
f 1222/1222/1222 1230/1230/1230 1223/1223/1223
f 1222/1222/1222 1229/1229/1229 1230/1230/1230
f 1223/1223/1223 1231/1231/1231 1224/1224/1224
f 1223/1223/1223 1230/1230/1230 1231/1231/1231
f 1224/1224/1224 1232/1232/1232 1225/1225/1225
f 1224/1224/1224 1231/1231/1231 1232/1232/1232
f 1226/1226/1226 1234/1234/1234 1227/1227/1227
f 1226/1226/1226 1233/1233/1233 1234/1234/1234
f 1227/1227/1227 1235/1235/1235 1228/1228/1228
f 1227/1227/1227 1234/1234/1234 1235/1235/1235
f 1228/1228/1228 1236/1236/1236 1229/1229/1229
f 1228/1228/1228 1235/1235/1235 1236/1236/1236
f 1229/1229/1229 1237/1237/1237 1230/1230/1230
f 1229/1229/1229 1236/1236/1236 1237/1237/1237
f 1230/1230/1230 1238/1238/1238 1231/1231/1231
f 1230/1230/1230 1237/1237/1237 1238/1238/1238
f 1231/1231/1231 1239/1239/1239 1232/1232/1232
f 1231/1231/1231 1238/1238/1238 1239/1239/1239
f 1233/1233/1233 1241/1241/1241 1234/1234/1234
f 1233/1233/1233 1240/1240/1240 1241/1241/1241
f 1234/1234/1234 1242/1242/1242 1235/1235/1235
f 1234/1234/1234 1241/1241/1241 1242/1242/1242
f 1235/1235/1235 1243/1243/1243 1236/1236/1236
f 1235/1235/1235 1242/1242/1242 1243/1243/1243
f 1236/1236/1236 1244/1244/1244 1237/1237/1237
f 1236/1236/1236 1243/1243/1243 1244/1244/1244
f 1237/1237/1237 1245/1245/1245 1238/1238/1238
f 1237/1237/1237 1244/1244/1244 1245/1245/1245
f 1238/1238/1238 1246/1246/1246 1239/1239/1239
f 1238/1238/1238 1245/1245/1245 1246/1246/1246
f 1240/1240/1240 1248/1248/1248 1241/1241/1241
f 1240/1240/1240 1247/1247/1247 1248/1248/1248
f 1241/1241/1241 1249/1249/1249 1242/1242/1242
f 1241/1241/1241 1248/1248/1248 1249/1249/1249
f 1242/1242/1242 1250/1250/1250 1243/1243/1243
f 1242/1242/1242 1249/1249/1249 1250/1250/1250
f 1243/1243/1243 1251/1251/1251 1244/1244/1244
f 1243/1243/1243 1250/1250/1250 1251/1251/1251
f 1244/1244/1244 1252/1252/1252 1245/1245/1245
f 1244/1244/1244 1251/1251/1251 1252/1252/1252
f 1245/1245/1245 1253/1253/1253 1246/1246/1246
f 1245/1245/1245 1252/1252/1252 1253/1253/1253
f 1247/1247/1247 1255/1255/1255 1248/1248/1248
f 1247/1247/1247 1254/1254/1254 1255/1255/1255
f 1248/1248/1248 1256/1256/1256 1249/1249/1249
f 1248/1248/1248 1255/1255/1255 1256/1256/1256
f 1249/1249/1249 1257/1257/1257 1250/1250/1250
f 1249/1249/1249 1256/1256/1256 1257/1257/1257
f 1250/1250/1250 1258/1258/1258 1251/1251/1251
f 1250/1250/1250 1257/1257/1257 1258/1258/1258
f 1251/1251/1251 1259/1259/1259 1252/1252/1252
f 1251/1251/1251 1258/1258/1258 1259/1259/1259
f 1252/1252/1252 1260/1260/1260 1253/1253/1253
f 1252/1252/1252 1259/1259/1259 1260/1260/1260
f 1261/1261/1261 1262/1262/1262 1275/1275/1275
f 1261/1261/1261 1275/1275/1275 1274/1274/1274
f 1262/1262/1262 1263/1263/1263 1276/1276/1276
f 1262/1262/1262 1276/1276/1276 1275/1275/1275
f 1263/1263/1263 1264/1264/1264 1277/1277/1277
f 1263/1263/1263 1277/1277/1277 1276/1276/1276
f 1264/1264/1264 1265/1265/1265 1278/1278/1278
f 1264/1264/1264 1278/1278/1278 1277/1277/1277
f 1265/1265/1265 1266/1266/1266 1279/1279/1279
f 1265/1265/1265 1279/1279/1279 1278/1278/1278
f 1266/1266/1266 1267/1267/1267 1280/1280/1280
f 1266/1266/1266 1280/1280/1280 1279/1279/1279
f 1267/1267/1267 1268/1268/1268 1281/1281/1281
f 1267/1267/1267 1281/1281/1281 1280/1280/1280
f 1268/1268/1268 1269/1269/1269 1282/1282/1282
f 1268/1268/1268 1282/1282/1282 1281/1281/1281
f 1269/1269/1269 1270/1270/1270 1283/1283/1283
f 1269/1269/1269 1283/1283/1283 1282/1282/1282
f 1270/1270/1270 1271/1271/1271 1284/1284/1284
f 1270/1270/1270 1284/1284/1284 1283/1283/1283
f 1271/1271/1271 1272/1272/1272 1285/1285/1285
f 1271/1271/1271 1285/1285/1285 1284/1284/1284
f 1272/1272/1272 1273/1273/1273 1286/1286/1286
f 1272/1272/1272 1286/1286/1286 1285/1285/1285
f 1274/1274/1274 1275/1275/1275 1288/1288/1288
f 1274/1274/1274 1288/1288/1288 1287/1287/1287
f 1275/1275/1275 1276/1276/1276 1289/1289/1289
f 1275/1275/1275 1289/1289/1289 1288/1288/1288
f 1276/1276/1276 1277/1277/1277 1290/1290/1290
f 1276/1276/1276 1290/1290/1290 1289/1289/1289
f 1277/1277/1277 1278/1278/1278 1291/1291/1291
f 1277/1277/1277 1291/1291/1291 1290/1290/1290
f 1278/1278/1278 1279/1279/1279 1292/1292/1292
f 1278/1278/1278 1292/1292/1292 1291/1291/1291
f 1279/1279/1279 1280/1280/1280 1293/1293/1293
f 1279/1279/1279 1293/1293/1293 1292/1292/1292
f 1280/1280/1280 1281/1281/1281 1294/1294/1294
f 1280/1280/1280 1294/1294/1294 1293/1293/1293
f 1281/1281/1281 1282/1282/1282 1295/1295/1295
f 1281/1281/1281 1295/1295/1295 1294/1294/1294
f 1282/1282/1282 1283/1283/1283 1296/1296/1296
f 1282/1282/1282 1296/1296/1296 1295/1295/1295
f 1283/1283/1283 1284/1284/1284 1297/1297/1297
f 1283/1283/1283 1297/1297/1297 1296/1296/1296
f 1284/1284/1284 1285/1285/1285 1298/1298/1298
f 1284/1284/1284 1298/1298/1298 1297/1297/1297
f 1285/1285/1285 1286/1286/1286 1299/1299/1299
f 1285/1285/1285 1299/1299/1299 1298/1298/1298
f 1287/1287/1287 1288/1288/1288 1301/1301/1301
f 1287/1287/1287 1301/1301/1301 1300/1300/1300
f 1288/1288/1288 1289/1289/1289 1302/1302/1302
f 1288/1288/1288 1302/1302/1302 1301/1301/1301
f 1289/1289/1289 1290/1290/1290 1303/1303/1303
f 1289/1289/1289 1303/1303/1303 1302/1302/1302
f 1290/1290/1290 1291/1291/1291 1304/1304/1304
f 1290/1290/1290 1304/1304/1304 1303/1303/1303
f 1291/1291/1291 1292/1292/1292 1305/1305/1305
f 1291/1291/1291 1305/1305/1305 1304/1304/1304
f 1292/1292/1292 1293/1293/1293 1306/1306/1306
f 1292/1292/1292 1306/1306/1306 1305/1305/1305
f 1293/1293/1293 1294/1294/1294 1307/1307/1307
f 1293/1293/1293 1307/1307/1307 1306/1306/1306
f 1294/1294/1294 1295/1295/1295 1308/1308/1308
f 1294/1294/1294 1308/1308/1308 1307/1307/1307
f 1295/1295/1295 1296/1296/1296 1309/1309/1309
f 1295/1295/1295 1309/1309/1309 1308/1308/1308
f 1296/1296/1296 1297/1297/1297 1310/1310/1310
f 1296/1296/1296 1310/1310/1310 1309/1309/1309
f 1297/1297/1297 1298/1298/1298 1311/1311/1311
f 1297/1297/1297 1311/1311/1311 1310/1310/1310
f 1298/1298/1298 1299/1299/1299 1312/1312/1312
f 1298/1298/1298 1312/1312/1312 1311/1311/1311
f 1300/1300/1300 1301/1301/1301 1314/1314/1314
f 1300/1300/1300 1314/1314/1314 1313/1313/1313
f 1301/1301/1301 1302/1302/1302 1315/1315/1315
f 1301/1301/1301 1315/1315/1315 1314/1314/1314
f 1302/1302/1302 1303/1303/1303 1316/1316/1316
f 1302/1302/1302 1316/1316/1316 1315/1315/1315
f 1303/1303/1303 1304/1304/1304 1317/1317/1317
f 1303/1303/1303 1317/1317/1317 1316/1316/1316
f 1304/1304/1304 1305/1305/1305 1318/1318/1318
f 1304/1304/1304 1318/1318/1318 1317/1317/1317
f 1305/1305/1305 1306/1306/1306 1319/1319/1319
f 1305/1305/1305 1319/1319/1319 1318/1318/1318
f 1306/1306/1306 1307/1307/1307 1320/1320/1320
f 1306/1306/1306 1320/1320/1320 1319/1319/1319
f 1307/1307/1307 1308/1308/1308 1321/1321/1321
f 1307/1307/1307 1321/1321/1321 1320/1320/1320
f 1308/1308/1308 1309/1309/1309 1322/1322/1322
f 1308/1308/1308 1322/1322/1322 1321/1321/1321
f 1309/1309/1309 1310/1310/1310 1323/1323/1323
f 1309/1309/1309 1323/1323/1323 1322/1322/1322
f 1310/1310/1310 1311/1311/1311 1324/1324/1324
f 1310/1310/1310 1324/1324/1324 1323/1323/1323
f 1311/1311/1311 1312/1312/1312 1325/1325/1325
f 1311/1311/1311 1325/1325/1325 1324/1324/1324
f 1313/1313/1313 1314/1314/1314 1327/1327/1327
f 1313/1313/1313 1327/1327/1327 1326/1326/1326
f 1314/1314/1314 1315/1315/1315 1328/1328/1328
f 1314/1314/1314 1328/1328/1328 1327/1327/1327
f 1315/1315/1315 1316/1316/1316 1329/1329/1329
f 1315/1315/1315 1329/1329/1329 1328/1328/1328
f 1316/1316/1316 1317/1317/1317 1330/1330/1330
f 1316/1316/1316 1330/1330/1330 1329/1329/1329
f 1317/1317/1317 1318/1318/1318 1331/1331/1331
f 1317/1317/1317 1331/1331/1331 1330/1330/1330
f 1318/1318/1318 1319/1319/1319 1332/1332/1332
f 1318/1318/1318 1332/1332/1332 1331/1331/1331
f 1319/1319/1319 1320/1320/1320 1333/1333/1333
f 1319/1319/1319 1333/1333/1333 1332/1332/1332
f 1320/1320/1320 1321/1321/1321 1334/1334/1334
f 1320/1320/1320 1334/1334/1334 1333/1333/1333
f 1321/1321/1321 1322/1322/1322 1335/1335/1335
f 1321/1321/1321 1335/1335/1335 1334/1334/1334
f 1322/1322/1322 1323/1323/1323 1336/1336/1336
f 1322/1322/1322 1336/1336/1336 1335/1335/1335
f 1323/1323/1323 1324/1324/1324 1337/1337/1337
f 1323/1323/1323 1337/1337/1337 1336/1336/1336
f 1324/1324/1324 1325/1325/1325 1338/1338/1338
f 1324/1324/1324 1338/1338/1338 1337/1337/1337
f 1326/1326/1326 1327/1327/1327 1340/1340/1340
f 1326/1326/1326 1340/1340/1340 1339/1339/1339
f 1327/1327/1327 1328/1328/1328 1341/1341/1341
f 1327/1327/1327 1341/1341/1341 1340/1340/1340
f 1328/1328/1328 1329/1329/1329 1342/1342/1342
f 1328/1328/1328 1342/1342/1342 1341/1341/1341
f 1329/1329/1329 1330/1330/1330 1343/1343/1343
f 1329/1329/1329 1343/1343/1343 1342/1342/1342
f 1330/1330/1330 1331/1331/1331 1344/1344/1344
f 1330/1330/1330 1344/1344/1344 1343/1343/1343
f 1331/1331/1331 1332/1332/1332 1345/1345/1345
f 1331/1331/1331 1345/1345/1345 1344/1344/1344
f 1332/1332/1332 1333/1333/1333 1346/1346/1346
f 1332/1332/1332 1346/1346/1346 1345/1345/1345
f 1333/1333/1333 1334/1334/1334 1347/1347/1347
f 1333/1333/1333 1347/1347/1347 1346/1346/1346
f 1334/1334/1334 1335/1335/1335 1348/1348/1348
f 1334/1334/1334 1348/1348/1348 1347/1347/1347
f 1335/1335/1335 1336/1336/1336 1349/1349/1349
f 1335/1335/1335 1349/1349/1349 1348/1348/1348
f 1336/1336/1336 1337/1337/1337 1350/1350/1350
f 1336/1336/1336 1350/1350/1350 1349/1349/1349
f 1337/1337/1337 1338/1338/1338 1351/1351/1351
f 1337/1337/1337 1351/1351/1351 1350/1350/1350
f 1352/1352/1352 1366/1366/1366 1353/1353/1353
f 1352/1352/1352 1365/1365/1365 1366/1366/1366
f 1353/1353/1353 1367/1367/1367 1354/1354/1354
f 1353/1353/1353 1366/1366/1366 1367/1367/1367
f 1354/1354/1354 1368/1368/1368 1355/1355/1355
f 1354/1354/1354 1367/1367/1367 1368/1368/1368
f 1355/1355/1355 1369/1369/1369 1356/1356/1356
f 1355/1355/1355 1368/1368/1368 1369/1369/1369
f 1356/1356/1356 1370/1370/1370 1357/1357/1357
f 1356/1356/1356 1369/1369/1369 1370/1370/1370
f 1357/1357/1357 1371/1371/1371 1358/1358/1358
f 1357/1357/1357 1370/1370/1370 1371/1371/1371
f 1358/1358/1358 1372/1372/1372 1359/1359/1359
f 1358/1358/1358 1371/1371/1371 1372/1372/1372
f 1359/1359/1359 1373/1373/1373 1360/1360/1360
f 1359/1359/1359 1372/1372/1372 1373/1373/1373
f 1360/1360/1360 1374/1374/1374 1361/1361/1361
f 1360/1360/1360 1373/1373/1373 1374/1374/1374
f 1361/1361/1361 1375/1375/1375 1362/1362/1362
f 1361/1361/1361 1374/1374/1374 1375/1375/1375
f 1362/1362/1362 1376/1376/1376 1363/1363/1363
f 1362/1362/1362 1375/1375/1375 1376/1376/1376
f 1363/1363/1363 1377/1377/1377 1364/1364/1364
f 1363/1363/1363 1376/1376/1376 1377/1377/1377
f 1365/1365/1365 1379/1379/1379 1366/1366/1366
f 1365/1365/1365 1378/1378/1378 1379/1379/1379
f 1366/1366/1366 1380/1380/1380 1367/1367/1367
f 1366/1366/1366 1379/1379/1379 1380/1380/1380
f 1367/1367/1367 1381/1381/1381 1368/1368/1368
f 1367/1367/1367 1380/1380/1380 1381/1381/1381
f 1368/1368/1368 1382/1382/1382 1369/1369/1369
f 1368/1368/1368 1381/1381/1381 1382/1382/1382
f 1369/1369/1369 1383/1383/1383 1370/1370/1370
f 1369/1369/1369 1382/1382/1382 1383/1383/1383
f 1370/1370/1370 1384/1384/1384 1371/1371/1371
f 1370/1370/1370 1383/1383/1383 1384/1384/1384
f 1371/1371/1371 1385/1385/1385 1372/1372/1372
f 1371/1371/1371 1384/1384/1384 1385/1385/1385
f 1372/1372/1372 1386/1386/1386 1373/1373/1373
f 1372/1372/1372 1385/1385/1385 1386/1386/1386
f 1373/1373/1373 1387/1387/1387 1374/1374/1374
f 1373/1373/1373 1386/1386/1386 1387/1387/1387
f 1374/1374/1374 1388/1388/1388 1375/1375/1375
f 1374/1374/1374 1387/1387/1387 1388/1388/1388
f 1375/1375/1375 1389/1389/1389 1376/1376/1376
f 1375/1375/1375 1388/1388/1388 1389/1389/1389
f 1376/1376/1376 1390/1390/1390 1377/1377/1377
f 1376/1376/1376 1389/1389/1389 1390/1390/1390
f 1378/1378/1378 1392/1392/1392 1379/1379/1379
f 1378/1378/1378 1391/1391/1391 1392/1392/1392
f 1379/1379/1379 1393/1393/1393 1380/1380/1380
f 1379/1379/1379 1392/1392/1392 1393/1393/1393
f 1380/1380/1380 1394/1394/1394 1381/1381/1381
f 1380/1380/1380 1393/1393/1393 1394/1394/1394
f 1381/1381/1381 1395/1395/1395 1382/1382/1382
f 1381/1381/1381 1394/1394/1394 1395/1395/1395
f 1382/1382/1382 1396/1396/1396 1383/1383/1383
f 1382/1382/1382 1395/1395/1395 1396/1396/1396
f 1383/1383/1383 1397/1397/1397 1384/1384/1384
f 1383/1383/1383 1396/1396/1396 1397/1397/1397
f 1384/1384/1384 1398/1398/1398 1385/1385/1385
f 1384/1384/1384 1397/1397/1397 1398/1398/1398
f 1385/1385/1385 1399/1399/1399 1386/1386/1386
f 1385/1385/1385 1398/1398/1398 1399/1399/1399
f 1386/1386/1386 1400/1400/1400 1387/1387/1387
f 1386/1386/1386 1399/1399/1399 1400/1400/1400
f 1387/1387/1387 1401/1401/1401 1388/1388/1388
f 1387/1387/1387 1400/1400/1400 1401/1401/1401
f 1388/1388/1388 1402/1402/1402 1389/1389/1389
f 1388/1388/1388 1401/1401/1401 1402/1402/1402
f 1389/1389/1389 1403/1403/1403 1390/1390/1390
f 1389/1389/1389 1402/1402/1402 1403/1403/1403
f 1391/1391/1391 1405/1405/1405 1392/1392/1392
f 1391/1391/1391 1404/1404/1404 1405/1405/1405
f 1392/1392/1392 1406/1406/1406 1393/1393/1393
f 1392/1392/1392 1405/1405/1405 1406/1406/1406
f 1393/1393/1393 1407/1407/1407 1394/1394/1394
f 1393/1393/1393 1406/1406/1406 1407/1407/1407
f 1394/1394/1394 1408/1408/1408 1395/1395/1395
f 1394/1394/1394 1407/1407/1407 1408/1408/1408
f 1395/1395/1395 1409/1409/1409 1396/1396/1396
f 1395/1395/1395 1408/1408/1408 1409/1409/1409
f 1396/1396/1396 1410/1410/1410 1397/1397/1397
f 1396/1396/1396 1409/1409/1409 1410/1410/1410
f 1397/1397/1397 1411/1411/1411 1398/1398/1398
f 1397/1397/1397 1410/1410/1410 1411/1411/1411
f 1398/1398/1398 1412/1412/1412 1399/1399/1399
f 1398/1398/1398 1411/1411/1411 1412/1412/1412
f 1399/1399/1399 1413/1413/1413 1400/1400/1400
f 1399/1399/1399 1412/1412/1412 1413/1413/1413
f 1400/1400/1400 1414/1414/1414 1401/1401/1401
f 1400/1400/1400 1413/1413/1413 1414/1414/1414
f 1401/1401/1401 1415/1415/1415 1402/1402/1402
f 1401/1401/1401 1414/1414/1414 1415/1415/1415
f 1402/1402/1402 1416/1416/1416 1403/1403/1403
f 1402/1402/1402 1415/1415/1415 1416/1416/1416
f 1404/1404/1404 1418/1418/1418 1405/1405/1405
f 1404/1404/1404 1417/1417/1417 1418/1418/1418
f 1405/1405/1405 1419/1419/1419 1406/1406/1406
f 1405/1405/1405 1418/1418/1418 1419/1419/1419
f 1406/1406/1406 1420/1420/1420 1407/1407/1407
f 1406/1406/1406 1419/1419/1419 1420/1420/1420
f 1407/1407/1407 1421/1421/1421 1408/1408/1408
f 1407/1407/1407 1420/1420/1420 1421/1421/1421
f 1408/1408/1408 1422/1422/1422 1409/1409/1409
f 1408/1408/1408 1421/1421/1421 1422/1422/1422
f 1409/1409/1409 1423/1423/1423 1410/1410/1410
f 1409/1409/1409 1422/1422/1422 1423/1423/1423
f 1410/1410/1410 1424/1424/1424 1411/1411/1411
f 1410/1410/1410 1423/1423/1423 1424/1424/1424
f 1411/1411/1411 1425/1425/1425 1412/1412/1412
f 1411/1411/1411 1424/1424/1424 1425/1425/1425
f 1412/1412/1412 1426/1426/1426 1413/1413/1413
f 1412/1412/1412 1425/1425/1425 1426/1426/1426
f 1413/1413/1413 1427/1427/1427 1414/1414/1414
f 1413/1413/1413 1426/1426/1426 1427/1427/1427
f 1414/1414/1414 1428/1428/1428 1415/1415/1415
f 1414/1414/1414 1427/1427/1427 1428/1428/1428
f 1415/1415/1415 1429/1429/1429 1416/1416/1416
f 1415/1415/1415 1428/1428/1428 1429/1429/1429
f 1417/1417/1417 1431/1431/1431 1418/1418/1418
f 1417/1417/1417 1430/1430/1430 1431/1431/1431
f 1418/1418/1418 1432/1432/1432 1419/1419/1419
f 1418/1418/1418 1431/1431/1431 1432/1432/1432
f 1419/1419/1419 1433/1433/1433 1420/1420/1420
f 1419/1419/1419 1432/1432/1432 1433/1433/1433
f 1420/1420/1420 1434/1434/1434 1421/1421/1421
f 1420/1420/1420 1433/1433/1433 1434/1434/1434
f 1421/1421/1421 1435/1435/1435 1422/1422/1422
f 1421/1421/1421 1434/1434/1434 1435/1435/1435
f 1422/1422/1422 1436/1436/1436 1423/1423/1423
f 1422/1422/1422 1435/1435/1435 1436/1436/1436
f 1423/1423/1423 1437/1437/1437 1424/1424/1424
f 1423/1423/1423 1436/1436/1436 1437/1437/1437
f 1424/1424/1424 1438/1438/1438 1425/1425/1425
f 1424/1424/1424 1437/1437/1437 1438/1438/1438
f 1425/1425/1425 1439/1439/1439 1426/1426/1426
f 1425/1425/1425 1438/1438/1438 1439/1439/1439
f 1426/1426/1426 1440/1440/1440 1427/1427/1427
f 1426/1426/1426 1439/1439/1439 1440/1440/1440
f 1427/1427/1427 1441/1441/1441 1428/1428/1428
f 1427/1427/1427 1440/1440/1440 1441/1441/1441
f 1428/1428/1428 1442/1442/1442 1429/1429/1429
f 1428/1428/1428 1441/1441/1441 1442/1442/1442
f 1443/1443/1443 1444/1444/1444 1453/1453/1453
f 1443/1443/1443 1453/1453/1453 1452/1452/1452
f 1444/1444/1444 1445/1445/1445 1454/1454/1454
f 1444/1444/1444 1454/1454/1454 1453/1453/1453
f 1445/1445/1445 1446/1446/1446 1455/1455/1455
f 1445/1445/1445 1455/1455/1455 1454/1454/1454
f 1446/1446/1446 1447/1447/1447 1456/1456/1456
f 1446/1446/1446 1456/1456/1456 1455/1455/1455
f 1447/1447/1447 1448/1448/1448 1457/1457/1457
f 1447/1447/1447 1457/1457/1457 1456/1456/1456
f 1448/1448/1448 1449/1449/1449 1458/1458/1458
f 1448/1448/1448 1458/1458/1458 1457/1457/1457
f 1449/1449/1449 1450/1450/1450 1459/1459/1459
f 1449/1449/1449 1459/1459/1459 1458/1458/1458
f 1450/1450/1450 1451/1451/1451 1460/1460/1460
f 1450/1450/1450 1460/1460/1460 1459/1459/1459
f 1452/1452/1452 1453/1453/1453 1462/1462/1462
f 1452/1452/1452 1462/1462/1462 1461/1461/1461
f 1453/1453/1453 1454/1454/1454 1463/1463/1463
f 1453/1453/1453 1463/1463/1463 1462/1462/1462
f 1454/1454/1454 1455/1455/1455 1464/1464/1464
f 1454/1454/1454 1464/1464/1464 1463/1463/1463
f 1455/1455/1455 1456/1456/1456 1465/1465/1465
f 1455/1455/1455 1465/1465/1465 1464/1464/1464
f 1456/1456/1456 1457/1457/1457 1466/1466/1466
f 1456/1456/1456 1466/1466/1466 1465/1465/1465
f 1457/1457/1457 1458/1458/1458 1467/1467/1467
f 1457/1457/1457 1467/1467/1467 1466/1466/1466
f 1458/1458/1458 1459/1459/1459 1468/1468/1468
f 1458/1458/1458 1468/1468/1468 1467/1467/1467
f 1459/1459/1459 1460/1460/1460 1469/1469/1469
f 1459/1459/1459 1469/1469/1469 1468/1468/1468
f 1461/1461/1461 1462/1462/1462 1471/1471/1471
f 1461/1461/1461 1471/1471/1471 1470/1470/1470
f 1462/1462/1462 1463/1463/1463 1472/1472/1472
f 1462/1462/1462 1472/1472/1472 1471/1471/1471
f 1463/1463/1463 1464/1464/1464 1473/1473/1473
f 1463/1463/1463 1473/1473/1473 1472/1472/1472
f 1464/1464/1464 1465/1465/1465 1474/1474/1474
f 1464/1464/1464 1474/1474/1474 1473/1473/1473
f 1465/1465/1465 1466/1466/1466 1475/1475/1475
f 1465/1465/1465 1475/1475/1475 1474/1474/1474
f 1466/1466/1466 1467/1467/1467 1476/1476/1476
f 1466/1466/1466 1476/1476/1476 1475/1475/1475
f 1467/1467/1467 1468/1468/1468 1477/1477/1477
f 1467/1467/1467 1477/1477/1477 1476/1476/1476
f 1468/1468/1468 1469/1469/1469 1478/1478/1478
f 1468/1468/1468 1478/1478/1478 1477/1477/1477
f 1470/1470/1470 1471/1471/1471 1480/1480/1480
f 1470/1470/1470 1480/1480/1480 1479/1479/1479
f 1471/1471/1471 1472/1472/1472 1481/1481/1481
f 1471/1471/1471 1481/1481/1481 1480/1480/1480
f 1472/1472/1472 1473/1473/1473 1482/1482/1482
f 1472/1472/1472 1482/1482/1482 1481/1481/1481
f 1473/1473/1473 1474/1474/1474 1483/1483/1483
f 1473/1473/1473 1483/1483/1483 1482/1482/1482
f 1474/1474/1474 1475/1475/1475 1484/1484/1484
f 1474/1474/1474 1484/1484/1484 1483/1483/1483
f 1475/1475/1475 1476/1476/1476 1485/1485/1485
f 1475/1475/1475 1485/1485/1485 1484/1484/1484
f 1476/1476/1476 1477/1477/1477 1486/1486/1486
f 1476/1476/1476 1486/1486/1486 1485/1485/1485
f 1477/1477/1477 1478/1478/1478 1487/1487/1487
f 1477/1477/1477 1487/1487/1487 1486/1486/1486
f 1479/1479/1479 1480/1480/1480 1489/1489/1489
f 1479/1479/1479 1489/1489/1489 1488/1488/1488
f 1480/1480/1480 1481/1481/1481 1490/1490/1490
f 1480/1480/1480 1490/1490/1490 1489/1489/1489
f 1481/1481/1481 1482/1482/1482 1491/1491/1491
f 1481/1481/1481 1491/1491/1491 1490/1490/1490
f 1482/1482/1482 1483/1483/1483 1492/1492/1492
f 1482/1482/1482 1492/1492/1492 1491/1491/1491
f 1483/1483/1483 1484/1484/1484 1493/1493/1493
f 1483/1483/1483 1493/1493/1493 1492/1492/1492
f 1484/1484/1484 1485/1485/1485 1494/1494/1494
f 1484/1484/1484 1494/1494/1494 1493/1493/1493
f 1485/1485/1485 1486/1486/1486 1495/1495/1495
f 1485/1485/1485 1495/1495/1495 1494/1494/1494
f 1486/1486/1486 1487/1487/1487 1496/1496/1496
f 1486/1486/1486 1496/1496/1496 1495/1495/1495
f 1488/1488/1488 1489/1489/1489 1498/1498/1498
f 1488/1488/1488 1498/1498/1498 1497/1497/1497
f 1489/1489/1489 1490/1490/1490 1499/1499/1499
f 1489/1489/1489 1499/1499/1499 1498/1498/1498
f 1490/1490/1490 1491/1491/1491 1500/1500/1500
f 1490/1490/1490 1500/1500/1500 1499/1499/1499
f 1491/1491/1491 1492/1492/1492 1501/1501/1501
f 1491/1491/1491 1501/1501/1501 1500/1500/1500
f 1492/1492/1492 1493/1493/1493 1502/1502/1502
f 1492/1492/1492 1502/1502/1502 1501/1501/1501
f 1493/1493/1493 1494/1494/1494 1503/1503/1503
f 1493/1493/1493 1503/1503/1503 1502/1502/1502
f 1494/1494/1494 1495/1495/1495 1504/1504/1504
f 1494/1494/1494 1504/1504/1504 1503/1503/1503
f 1495/1495/1495 1496/1496/1496 1505/1505/1505
f 1495/1495/1495 1505/1505/1505 1504/1504/1504
f 1506/1506/1506 1516/1516/1516 1507/1507/1507
f 1506/1506/1506 1515/1515/1515 1516/1516/1516
f 1507/1507/1507 1517/1517/1517 1508/1508/1508
f 1507/1507/1507 1516/1516/1516 1517/1517/1517
f 1508/1508/1508 1518/1518/1518 1509/1509/1509
f 1508/1508/1508 1517/1517/1517 1518/1518/1518
f 1509/1509/1509 1519/1519/1519 1510/1510/1510
f 1509/1509/1509 1518/1518/1518 1519/1519/1519
f 1510/1510/1510 1520/1520/1520 1511/1511/1511
f 1510/1510/1510 1519/1519/1519 1520/1520/1520
f 1511/1511/1511 1521/1521/1521 1512/1512/1512
f 1511/1511/1511 1520/1520/1520 1521/1521/1521
f 1512/1512/1512 1522/1522/1522 1513/1513/1513
f 1512/1512/1512 1521/1521/1521 1522/1522/1522
f 1513/1513/1513 1523/1523/1523 1514/1514/1514
f 1513/1513/1513 1522/1522/1522 1523/1523/1523
f 1515/1515/1515 1525/1525/1525 1516/1516/1516
f 1515/1515/1515 1524/1524/1524 1525/1525/1525
f 1516/1516/1516 1526/1526/1526 1517/1517/1517
f 1516/1516/1516 1525/1525/1525 1526/1526/1526
f 1517/1517/1517 1527/1527/1527 1518/1518/1518
f 1517/1517/1517 1526/1526/1526 1527/1527/1527
f 1518/1518/1518 1528/1528/1528 1519/1519/1519
f 1518/1518/1518 1527/1527/1527 1528/1528/1528
f 1519/1519/1519 1529/1529/1529 1520/1520/1520
f 1519/1519/1519 1528/1528/1528 1529/1529/1529
f 1520/1520/1520 1530/1530/1530 1521/1521/1521
f 1520/1520/1520 1529/1529/1529 1530/1530/1530
f 1521/1521/1521 1531/1531/1531 1522/1522/1522
f 1521/1521/1521 1530/1530/1530 1531/1531/1531
f 1522/1522/1522 1532/1532/1532 1523/1523/1523
f 1522/1522/1522 1531/1531/1531 1532/1532/1532
f 1524/1524/1524 1534/1534/1534 1525/1525/1525
f 1524/1524/1524 1533/1533/1533 1534/1534/1534
f 1525/1525/1525 1535/1535/1535 1526/1526/1526
f 1525/1525/1525 1534/1534/1534 1535/1535/1535
f 1526/1526/1526 1536/1536/1536 1527/1527/1527
f 1526/1526/1526 1535/1535/1535 1536/1536/1536
f 1527/1527/1527 1537/1537/1537 1528/1528/1528
f 1527/1527/1527 1536/1536/1536 1537/1537/1537
f 1528/1528/1528 1538/1538/1538 1529/1529/1529
f 1528/1528/1528 1537/1537/1537 1538/1538/1538
f 1529/1529/1529 1539/1539/1539 1530/1530/1530
f 1529/1529/1529 1538/1538/1538 1539/1539/1539
f 1530/1530/1530 1540/1540/1540 1531/1531/1531
f 1530/1530/1530 1539/1539/1539 1540/1540/1540
f 1531/1531/1531 1541/1541/1541 1532/1532/1532
f 1531/1531/1531 1540/1540/1540 1541/1541/1541
f 1533/1533/1533 1543/1543/1543 1534/1534/1534
f 1533/1533/1533 1542/1542/1542 1543/1543/1543
f 1534/1534/1534 1544/1544/1544 1535/1535/1535
f 1534/1534/1534 1543/1543/1543 1544/1544/1544
f 1535/1535/1535 1545/1545/1545 1536/1536/1536
f 1535/1535/1535 1544/1544/1544 1545/1545/1545
f 1536/1536/1536 1546/1546/1546 1537/1537/1537
f 1536/1536/1536 1545/1545/1545 1546/1546/1546
f 1537/1537/1537 1547/1547/1547 1538/1538/1538
f 1537/1537/1537 1546/1546/1546 1547/1547/1547
f 1538/1538/1538 1548/1548/1548 1539/1539/1539
f 1538/1538/1538 1547/1547/1547 1548/1548/1548
f 1539/1539/1539 1549/1549/1549 1540/1540/1540
f 1539/1539/1539 1548/1548/1548 1549/1549/1549
f 1540/1540/1540 1550/1550/1550 1541/1541/1541
f 1540/1540/1540 1549/1549/1549 1550/1550/1550
f 1542/1542/1542 1552/1552/1552 1543/1543/1543
f 1542/1542/1542 1551/1551/1551 1552/1552/1552
f 1543/1543/1543 1553/1553/1553 1544/1544/1544
f 1543/1543/1543 1552/1552/1552 1553/1553/1553
f 1544/1544/1544 1554/1554/1554 1545/1545/1545
f 1544/1544/1544 1553/1553/1553 1554/1554/1554
f 1545/1545/1545 1555/1555/1555 1546/1546/1546
f 1545/1545/1545 1554/1554/1554 1555/1555/1555
f 1546/1546/1546 1556/1556/1556 1547/1547/1547
f 1546/1546/1546 1555/1555/1555 1556/1556/1556
f 1547/1547/1547 1557/1557/1557 1548/1548/1548
f 1547/1547/1547 1556/1556/1556 1557/1557/1557
f 1548/1548/1548 1558/1558/1558 1549/1549/1549
f 1548/1548/1548 1557/1557/1557 1558/1558/1558
f 1549/1549/1549 1559/1559/1559 1550/1550/1550
f 1549/1549/1549 1558/1558/1558 1559/1559/1559
f 1551/1551/1551 1561/1561/1561 1552/1552/1552
f 1551/1551/1551 1560/1560/1560 1561/1561/1561
f 1552/1552/1552 1562/1562/1562 1553/1553/1553
f 1552/1552/1552 1561/1561/1561 1562/1562/1562
f 1553/1553/1553 1563/1563/1563 1554/1554/1554
f 1553/1553/1553 1562/1562/1562 1563/1563/1563
f 1554/1554/1554 1564/1564/1564 1555/1555/1555
f 1554/1554/1554 1563/1563/1563 1564/1564/1564
f 1555/1555/1555 1565/1565/1565 1556/1556/1556
f 1555/1555/1555 1564/1564/1564 1565/1565/1565
f 1556/1556/1556 1566/1566/1566 1557/1557/1557
f 1556/1556/1556 1565/1565/1565 1566/1566/1566
f 1557/1557/1557 1567/1567/1567 1558/1558/1558
f 1557/1557/1557 1566/1566/1566 1567/1567/1567
f 1558/1558/1558 1568/1568/1568 1559/1559/1559
f 1558/1558/1558 1567/1567/1567 1568/1568/1568
f 1569/1569/1569 1570/1570/1570 1581/1581/1581
f 1569/1569/1569 1581/1581/1581 1580/1580/1580
f 1570/1570/1570 1571/1571/1571 1582/1582/1582
f 1570/1570/1570 1582/1582/1582 1581/1581/1581
f 1571/1571/1571 1572/1572/1572 1583/1583/1583
f 1571/1571/1571 1583/1583/1583 1582/1582/1582
f 1572/1572/1572 1573/1573/1573 1584/1584/1584
f 1572/1572/1572 1584/1584/1584 1583/1583/1583
f 1573/1573/1573 1574/1574/1574 1585/1585/1585
f 1573/1573/1573 1585/1585/1585 1584/1584/1584
f 1574/1574/1574 1575/1575/1575 1586/1586/1586
f 1574/1574/1574 1586/1586/1586 1585/1585/1585
f 1575/1575/1575 1576/1576/1576 1587/1587/1587
f 1575/1575/1575 1587/1587/1587 1586/1586/1586
f 1576/1576/1576 1577/1577/1577 1588/1588/1588
f 1576/1576/1576 1588/1588/1588 1587/1587/1587
f 1577/1577/1577 1578/1578/1578 1589/1589/1589
f 1577/1577/1577 1589/1589/1589 1588/1588/1588
f 1578/1578/1578 1579/1579/1579 1590/1590/1590
f 1578/1578/1578 1590/1590/1590 1589/1589/1589
f 1580/1580/1580 1581/1581/1581 1592/1592/1592
f 1580/1580/1580 1592/1592/1592 1591/1591/1591
f 1581/1581/1581 1582/1582/1582 1593/1593/1593
f 1581/1581/1581 1593/1593/1593 1592/1592/1592
f 1582/1582/1582 1583/1583/1583 1594/1594/1594
f 1582/1582/1582 1594/1594/1594 1593/1593/1593
f 1583/1583/1583 1584/1584/1584 1595/1595/1595
f 1583/1583/1583 1595/1595/1595 1594/1594/1594
f 1584/1584/1584 1585/1585/1585 1596/1596/1596
f 1584/1584/1584 1596/1596/1596 1595/1595/1595
f 1585/1585/1585 1586/1586/1586 1597/1597/1597
f 1585/1585/1585 1597/1597/1597 1596/1596/1596
f 1586/1586/1586 1587/1587/1587 1598/1598/1598
f 1586/1586/1586 1598/1598/1598 1597/1597/1597
f 1587/1587/1587 1588/1588/1588 1599/1599/1599
f 1587/1587/1587 1599/1599/1599 1598/1598/1598
f 1588/1588/1588 1589/1589/1589 1600/1600/1600
f 1588/1588/1588 1600/1600/1600 1599/1599/1599
f 1589/1589/1589 1590/1590/1590 1601/1601/1601
f 1589/1589/1589 1601/1601/1601 1600/1600/1600
f 1591/1591/1591 1592/1592/1592 1603/1603/1603
f 1591/1591/1591 1603/1603/1603 1602/1602/1602
f 1592/1592/1592 1593/1593/1593 1604/1604/1604
f 1592/1592/1592 1604/1604/1604 1603/1603/1603
f 1593/1593/1593 1594/1594/1594 1605/1605/1605
f 1593/1593/1593 1605/1605/1605 1604/1604/1604
f 1594/1594/1594 1595/1595/1595 1606/1606/1606
f 1594/1594/1594 1606/1606/1606 1605/1605/1605
f 1595/1595/1595 1596/1596/1596 1607/1607/1607
f 1595/1595/1595 1607/1607/1607 1606/1606/1606
f 1596/1596/1596 1597/1597/1597 1608/1608/1608
f 1596/1596/1596 1608/1608/1608 1607/1607/1607
f 1597/1597/1597 1598/1598/1598 1609/1609/1609
f 1597/1597/1597 1609/1609/1609 1608/1608/1608
f 1598/1598/1598 1599/1599/1599 1610/1610/1610
f 1598/1598/1598 1610/1610/1610 1609/1609/1609
f 1599/1599/1599 1600/1600/1600 1611/1611/1611
f 1599/1599/1599 1611/1611/1611 1610/1610/1610
f 1600/1600/1600 1601/1601/1601 1612/1612/1612
f 1600/1600/1600 1612/1612/1612 1611/1611/1611
f 1602/1602/1602 1603/1603/1603 1614/1614/1614
f 1602/1602/1602 1614/1614/1614 1613/1613/1613
f 1603/1603/1603 1604/1604/1604 1615/1615/1615
f 1603/1603/1603 1615/1615/1615 1614/1614/1614
f 1604/1604/1604 1605/1605/1605 1616/1616/1616
f 1604/1604/1604 1616/1616/1616 1615/1615/1615
f 1605/1605/1605 1606/1606/1606 1617/1617/1617
f 1605/1605/1605 1617/1617/1617 1616/1616/1616
f 1606/1606/1606 1607/1607/1607 1618/1618/1618
f 1606/1606/1606 1618/1618/1618 1617/1617/1617
f 1607/1607/1607 1608/1608/1608 1619/1619/1619
f 1607/1607/1607 1619/1619/1619 1618/1618/1618
f 1608/1608/1608 1609/1609/1609 1620/1620/1620
f 1608/1608/1608 1620/1620/1620 1619/1619/1619
f 1609/1609/1609 1610/1610/1610 1621/1621/1621
f 1609/1609/1609 1621/1621/1621 1620/1620/1620
f 1610/1610/1610 1611/1611/1611 1622/1622/1622
f 1610/1610/1610 1622/1622/1622 1621/1621/1621
f 1611/1611/1611 1612/1612/1612 1623/1623/1623
f 1611/1611/1611 1623/1623/1623 1622/1622/1622
f 1613/1613/1613 1614/1614/1614 1625/1625/1625
f 1613/1613/1613 1625/1625/1625 1624/1624/1624
f 1614/1614/1614 1615/1615/1615 1626/1626/1626
f 1614/1614/1614 1626/1626/1626 1625/1625/1625
f 1615/1615/1615 1616/1616/1616 1627/1627/1627
f 1615/1615/1615 1627/1627/1627 1626/1626/1626
f 1616/1616/1616 1617/1617/1617 1628/1628/1628
f 1616/1616/1616 1628/1628/1628 1627/1627/1627
f 1617/1617/1617 1618/1618/1618 1629/1629/1629
f 1617/1617/1617 1629/1629/1629 1628/1628/1628
f 1618/1618/1618 1619/1619/1619 1630/1630/1630
f 1618/1618/1618 1630/1630/1630 1629/1629/1629
f 1619/1619/1619 1620/1620/1620 1631/1631/1631
f 1619/1619/1619 1631/1631/1631 1630/1630/1630
f 1620/1620/1620 1621/1621/1621 1632/1632/1632
f 1620/1620/1620 1632/1632/1632 1631/1631/1631
f 1621/1621/1621 1622/1622/1622 1633/1633/1633
f 1621/1621/1621 1633/1633/1633 1632/1632/1632
f 1622/1622/1622 1623/1623/1623 1634/1634/1634
f 1622/1622/1622 1634/1634/1634 1633/1633/1633
f 1624/1624/1624 1625/1625/1625 1636/1636/1636
f 1624/1624/1624 1636/1636/1636 1635/1635/1635
f 1625/1625/1625 1626/1626/1626 1637/1637/1637
f 1625/1625/1625 1637/1637/1637 1636/1636/1636
f 1626/1626/1626 1627/1627/1627 1638/1638/1638
f 1626/1626/1626 1638/1638/1638 1637/1637/1637
f 1627/1627/1627 1628/1628/1628 1639/1639/1639
f 1627/1627/1627 1639/1639/1639 1638/1638/1638
f 1628/1628/1628 1629/1629/1629 1640/1640/1640
f 1628/1628/1628 1640/1640/1640 1639/1639/1639
f 1629/1629/1629 1630/1630/1630 1641/1641/1641
f 1629/1629/1629 1641/1641/1641 1640/1640/1640
f 1630/1630/1630 1631/1631/1631 1642/1642/1642
f 1630/1630/1630 1642/1642/1642 1641/1641/1641
f 1631/1631/1631 1632/1632/1632 1643/1643/1643
f 1631/1631/1631 1643/1643/1643 1642/1642/1642
f 1632/1632/1632 1633/1633/1633 1644/1644/1644
f 1632/1632/1632 1644/1644/1644 1643/1643/1643
f 1633/1633/1633 1634/1634/1634 1645/1645/1645
f 1633/1633/1633 1645/1645/1645 1644/1644/1644
f 1646/1646/1646 1658/1658/1658 1647/1647/1647
f 1646/1646/1646 1657/1657/1657 1658/1658/1658
f 1647/1647/1647 1659/1659/1659 1648/1648/1648
f 1647/1647/1647 1658/1658/1658 1659/1659/1659
f 1648/1648/1648 1660/1660/1660 1649/1649/1649
f 1648/1648/1648 1659/1659/1659 1660/1660/1660
f 1649/1649/1649 1661/1661/1661 1650/1650/1650
f 1649/1649/1649 1660/1660/1660 1661/1661/1661
f 1650/1650/1650 1662/1662/1662 1651/1651/1651
f 1650/1650/1650 1661/1661/1661 1662/1662/1662
f 1651/1651/1651 1663/1663/1663 1652/1652/1652
f 1651/1651/1651 1662/1662/1662 1663/1663/1663
f 1652/1652/1652 1664/1664/1664 1653/1653/1653
f 1652/1652/1652 1663/1663/1663 1664/1664/1664
f 1653/1653/1653 1665/1665/1665 1654/1654/1654
f 1653/1653/1653 1664/1664/1664 1665/1665/1665
f 1654/1654/1654 1666/1666/1666 1655/1655/1655
f 1654/1654/1654 1665/1665/1665 1666/1666/1666
f 1655/1655/1655 1667/1667/1667 1656/1656/1656
f 1655/1655/1655 1666/1666/1666 1667/1667/1667
f 1657/1657/1657 1669/1669/1669 1658/1658/1658
f 1657/1657/1657 1668/1668/1668 1669/1669/1669
f 1658/1658/1658 1670/1670/1670 1659/1659/1659
f 1658/1658/1658 1669/1669/1669 1670/1670/1670
f 1659/1659/1659 1671/1671/1671 1660/1660/1660
f 1659/1659/1659 1670/1670/1670 1671/1671/1671
f 1660/1660/1660 1672/1672/1672 1661/1661/1661
f 1660/1660/1660 1671/1671/1671 1672/1672/1672
f 1661/1661/1661 1673/1673/1673 1662/1662/1662
f 1661/1661/1661 1672/1672/1672 1673/1673/1673
f 1662/1662/1662 1674/1674/1674 1663/1663/1663
f 1662/1662/1662 1673/1673/1673 1674/1674/1674
f 1663/1663/1663 1675/1675/1675 1664/1664/1664
f 1663/1663/1663 1674/1674/1674 1675/1675/1675
f 1664/1664/1664 1676/1676/1676 1665/1665/1665
f 1664/1664/1664 1675/1675/1675 1676/1676/1676
f 1665/1665/1665 1677/1677/1677 1666/1666/1666
f 1665/1665/1665 1676/1676/1676 1677/1677/1677
f 1666/1666/1666 1678/1678/1678 1667/1667/1667
f 1666/1666/1666 1677/1677/1677 1678/1678/1678
f 1668/1668/1668 1680/1680/1680 1669/1669/1669
f 1668/1668/1668 1679/1679/1679 1680/1680/1680
f 1669/1669/1669 1681/1681/1681 1670/1670/1670
f 1669/1669/1669 1680/1680/1680 1681/1681/1681
f 1670/1670/1670 1682/1682/1682 1671/1671/1671
f 1670/1670/1670 1681/1681/1681 1682/1682/1682
f 1671/1671/1671 1683/1683/1683 1672/1672/1672
f 1671/1671/1671 1682/1682/1682 1683/1683/1683
f 1672/1672/1672 1684/1684/1684 1673/1673/1673
f 1672/1672/1672 1683/1683/1683 1684/1684/1684
f 1673/1673/1673 1685/1685/1685 1674/1674/1674
f 1673/1673/1673 1684/1684/1684 1685/1685/1685
f 1674/1674/1674 1686/1686/1686 1675/1675/1675
f 1674/1674/1674 1685/1685/1685 1686/1686/1686
f 1675/1675/1675 1687/1687/1687 1676/1676/1676
f 1675/1675/1675 1686/1686/1686 1687/1687/1687
f 1676/1676/1676 1688/1688/1688 1677/1677/1677
f 1676/1676/1676 1687/1687/1687 1688/1688/1688
f 1677/1677/1677 1689/1689/1689 1678/1678/1678
f 1677/1677/1677 1688/1688/1688 1689/1689/1689
f 1679/1679/1679 1691/1691/1691 1680/1680/1680
f 1679/1679/1679 1690/1690/1690 1691/1691/1691
f 1680/1680/1680 1692/1692/1692 1681/1681/1681
f 1680/1680/1680 1691/1691/1691 1692/1692/1692
f 1681/1681/1681 1693/1693/1693 1682/1682/1682
f 1681/1681/1681 1692/1692/1692 1693/1693/1693
f 1682/1682/1682 1694/1694/1694 1683/1683/1683
f 1682/1682/1682 1693/1693/1693 1694/1694/1694
f 1683/1683/1683 1695/1695/1695 1684/1684/1684
f 1683/1683/1683 1694/1694/1694 1695/1695/1695
f 1684/1684/1684 1696/1696/1696 1685/1685/1685
f 1684/1684/1684 1695/1695/1695 1696/1696/1696
f 1685/1685/1685 1697/1697/1697 1686/1686/1686
f 1685/1685/1685 1696/1696/1696 1697/1697/1697
f 1686/1686/1686 1698/1698/1698 1687/1687/1687
f 1686/1686/1686 1697/1697/1697 1698/1698/1698
f 1687/1687/1687 1699/1699/1699 1688/1688/1688
f 1687/1687/1687 1698/1698/1698 1699/1699/1699
f 1688/1688/1688 1700/1700/1700 1689/1689/1689
f 1688/1688/1688 1699/1699/1699 1700/1700/1700
f 1690/1690/1690 1702/1702/1702 1691/1691/1691
f 1690/1690/1690 1701/1701/1701 1702/1702/1702
f 1691/1691/1691 1703/1703/1703 1692/1692/1692
f 1691/1691/1691 1702/1702/1702 1703/1703/1703
f 1692/1692/1692 1704/1704/1704 1693/1693/1693
f 1692/1692/1692 1703/1703/1703 1704/1704/1704
f 1693/1693/1693 1705/1705/1705 1694/1694/1694
f 1693/1693/1693 1704/1704/1704 1705/1705/1705
f 1694/1694/1694 1706/1706/1706 1695/1695/1695
f 1694/1694/1694 1705/1705/1705 1706/1706/1706
f 1695/1695/1695 1707/1707/1707 1696/1696/1696
f 1695/1695/1695 1706/1706/1706 1707/1707/1707
f 1696/1696/1696 1708/1708/1708 1697/1697/1697
f 1696/1696/1696 1707/1707/1707 1708/1708/1708
f 1697/1697/1697 1709/1709/1709 1698/1698/1698
f 1697/1697/1697 1708/1708/1708 1709/1709/1709
f 1698/1698/1698 1710/1710/1710 1699/1699/1699
f 1698/1698/1698 1709/1709/1709 1710/1710/1710
f 1699/1699/1699 1711/1711/1711 1700/1700/1700
f 1699/1699/1699 1710/1710/1710 1711/1711/1711
f 1701/1701/1701 1713/1713/1713 1702/1702/1702
f 1701/1701/1701 1712/1712/1712 1713/1713/1713
f 1702/1702/1702 1714/1714/1714 1703/1703/1703
f 1702/1702/1702 1713/1713/1713 1714/1714/1714
f 1703/1703/1703 1715/1715/1715 1704/1704/1704
f 1703/1703/1703 1714/1714/1714 1715/1715/1715
f 1704/1704/1704 1716/1716/1716 1705/1705/1705
f 1704/1704/1704 1715/1715/1715 1716/1716/1716
f 1705/1705/1705 1717/1717/1717 1706/1706/1706
f 1705/1705/1705 1716/1716/1716 1717/1717/1717
f 1706/1706/1706 1718/1718/1718 1707/1707/1707
f 1706/1706/1706 1717/1717/1717 1718/1718/1718
f 1707/1707/1707 1719/1719/1719 1708/1708/1708
f 1707/1707/1707 1718/1718/1718 1719/1719/1719
f 1708/1708/1708 1720/1720/1720 1709/1709/1709
f 1708/1708/1708 1719/1719/1719 1720/1720/1720
f 1709/1709/1709 1721/1721/1721 1710/1710/1710
f 1709/1709/1709 1720/1720/1720 1721/1721/1721
f 1710/1710/1710 1722/1722/1722 1711/1711/1711
f 1710/1710/1710 1721/1721/1721 1722/1722/1722
f 1723/1723/1723 1724/1724/1724 1733/1733/1733
f 1723/1723/1723 1733/1733/1733 1732/1732/1732
f 1724/1724/1724 1725/1725/1725 1734/1734/1734
f 1724/1724/1724 1734/1734/1734 1733/1733/1733
f 1725/1725/1725 1726/1726/1726 1735/1735/1735
f 1725/1725/1725 1735/1735/1735 1734/1734/1734
f 1726/1726/1726 1727/1727/1727 1736/1736/1736
f 1726/1726/1726 1736/1736/1736 1735/1735/1735
f 1727/1727/1727 1728/1728/1728 1737/1737/1737
f 1727/1727/1727 1737/1737/1737 1736/1736/1736
f 1728/1728/1728 1729/1729/1729 1738/1738/1738
f 1728/1728/1728 1738/1738/1738 1737/1737/1737
f 1729/1729/1729 1730/1730/1730 1739/1739/1739
f 1729/1729/1729 1739/1739/1739 1738/1738/1738
f 1730/1730/1730 1731/1731/1731 1740/1740/1740
f 1730/1730/1730 1740/1740/1740 1739/1739/1739
f 1732/1732/1732 1733/1733/1733 1742/1742/1742
f 1732/1732/1732 1742/1742/1742 1741/1741/1741
f 1733/1733/1733 1734/1734/1734 1743/1743/1743
f 1733/1733/1733 1743/1743/1743 1742/1742/1742
f 1734/1734/1734 1735/1735/1735 1744/1744/1744
f 1734/1734/1734 1744/1744/1744 1743/1743/1743
f 1735/1735/1735 1736/1736/1736 1745/1745/1745
f 1735/1735/1735 1745/1745/1745 1744/1744/1744
f 1736/1736/1736 1737/1737/1737 1746/1746/1746
f 1736/1736/1736 1746/1746/1746 1745/1745/1745
f 1737/1737/1737 1738/1738/1738 1747/1747/1747
f 1737/1737/1737 1747/1747/1747 1746/1746/1746
f 1738/1738/1738 1739/1739/1739 1748/1748/1748
f 1738/1738/1738 1748/1748/1748 1747/1747/1747
f 1739/1739/1739 1740/1740/1740 1749/1749/1749
f 1739/1739/1739 1749/1749/1749 1748/1748/1748
f 1741/1741/1741 1742/1742/1742 1751/1751/1751
f 1741/1741/1741 1751/1751/1751 1750/1750/1750
f 1742/1742/1742 1743/1743/1743 1752/1752/1752
f 1742/1742/1742 1752/1752/1752 1751/1751/1751
f 1743/1743/1743 1744/1744/1744 1753/1753/1753
f 1743/1743/1743 1753/1753/1753 1752/1752/1752
f 1744/1744/1744 1745/1745/1745 1754/1754/1754
f 1744/1744/1744 1754/1754/1754 1753/1753/1753
f 1745/1745/1745 1746/1746/1746 1755/1755/1755
f 1745/1745/1745 1755/1755/1755 1754/1754/1754
f 1746/1746/1746 1747/1747/1747 1756/1756/1756
f 1746/1746/1746 1756/1756/1756 1755/1755/1755
f 1747/1747/1747 1748/1748/1748 1757/1757/1757
f 1747/1747/1747 1757/1757/1757 1756/1756/1756
f 1748/1748/1748 1749/1749/1749 1758/1758/1758
f 1748/1748/1748 1758/1758/1758 1757/1757/1757
f 1750/1750/1750 1751/1751/1751 1760/1760/1760
f 1750/1750/1750 1760/1760/1760 1759/1759/1759
f 1751/1751/1751 1752/1752/1752 1761/1761/1761
f 1751/1751/1751 1761/1761/1761 1760/1760/1760
f 1752/1752/1752 1753/1753/1753 1762/1762/1762
f 1752/1752/1752 1762/1762/1762 1761/1761/1761
f 1753/1753/1753 1754/1754/1754 1763/1763/1763
f 1753/1753/1753 1763/1763/1763 1762/1762/1762
f 1754/1754/1754 1755/1755/1755 1764/1764/1764
f 1754/1754/1754 1764/1764/1764 1763/1763/1763
f 1755/1755/1755 1756/1756/1756 1765/1765/1765
f 1755/1755/1755 1765/1765/1765 1764/1764/1764
f 1756/1756/1756 1757/1757/1757 1766/1766/1766
f 1756/1756/1756 1766/1766/1766 1765/1765/1765
f 1757/1757/1757 1758/1758/1758 1767/1767/1767
f 1757/1757/1757 1767/1767/1767 1766/1766/1766
f 1759/1759/1759 1760/1760/1760 1769/1769/1769
f 1759/1759/1759 1769/1769/1769 1768/1768/1768
f 1760/1760/1760 1761/1761/1761 1770/1770/1770
f 1760/1760/1760 1770/1770/1770 1769/1769/1769
f 1761/1761/1761 1762/1762/1762 1771/1771/1771
f 1761/1761/1761 1771/1771/1771 1770/1770/1770
f 1762/1762/1762 1763/1763/1763 1772/1772/1772
f 1762/1762/1762 1772/1772/1772 1771/1771/1771
f 1763/1763/1763 1764/1764/1764 1773/1773/1773
f 1763/1763/1763 1773/1773/1773 1772/1772/1772
f 1764/1764/1764 1765/1765/1765 1774/1774/1774
f 1764/1764/1764 1774/1774/1774 1773/1773/1773
f 1765/1765/1765 1766/1766/1766 1775/1775/1775
f 1765/1765/1765 1775/1775/1775 1774/1774/1774
f 1766/1766/1766 1767/1767/1767 1776/1776/1776
f 1766/1766/1766 1776/1776/1776 1775/1775/1775
f 1768/1768/1768 1769/1769/1769 1778/1778/1778
f 1768/1768/1768 1778/1778/1778 1777/1777/1777
f 1769/1769/1769 1770/1770/1770 1779/1779/1779
f 1769/1769/1769 1779/1779/1779 1778/1778/1778
f 1770/1770/1770 1771/1771/1771 1780/1780/1780
f 1770/1770/1770 1780/1780/1780 1779/1779/1779
f 1771/1771/1771 1772/1772/1772 1781/1781/1781
f 1771/1771/1771 1781/1781/1781 1780/1780/1780
f 1772/1772/1772 1773/1773/1773 1782/1782/1782
f 1772/1772/1772 1782/1782/1782 1781/1781/1781
f 1773/1773/1773 1774/1774/1774 1783/1783/1783
f 1773/1773/1773 1783/1783/1783 1782/1782/1782
f 1774/1774/1774 1775/1775/1775 1784/1784/1784
f 1774/1774/1774 1784/1784/1784 1783/1783/1783
f 1775/1775/1775 1776/1776/1776 1785/1785/1785
f 1775/1775/1775 1785/1785/1785 1784/1784/1784
f 1786/1786/1786 1796/1796/1796 1787/1787/1787
f 1786/1786/1786 1795/1795/1795 1796/1796/1796
f 1787/1787/1787 1797/1797/1797 1788/1788/1788
f 1787/1787/1787 1796/1796/1796 1797/1797/1797
f 1788/1788/1788 1798/1798/1798 1789/1789/1789
f 1788/1788/1788 1797/1797/1797 1798/1798/1798
f 1789/1789/1789 1799/1799/1799 1790/1790/1790
f 1789/1789/1789 1798/1798/1798 1799/1799/1799
f 1790/1790/1790 1800/1800/1800 1791/1791/1791
f 1790/1790/1790 1799/1799/1799 1800/1800/1800
f 1791/1791/1791 1801/1801/1801 1792/1792/1792
f 1791/1791/1791 1800/1800/1800 1801/1801/1801
f 1792/1792/1792 1802/1802/1802 1793/1793/1793
f 1792/1792/1792 1801/1801/1801 1802/1802/1802
f 1793/1793/1793 1803/1803/1803 1794/1794/1794
f 1793/1793/1793 1802/1802/1802 1803/1803/1803
f 1795/1795/1795 1805/1805/1805 1796/1796/1796
f 1795/1795/1795 1804/1804/1804 1805/1805/1805
f 1796/1796/1796 1806/1806/1806 1797/1797/1797
f 1796/1796/1796 1805/1805/1805 1806/1806/1806
f 1797/1797/1797 1807/1807/1807 1798/1798/1798
f 1797/1797/1797 1806/1806/1806 1807/1807/1807
f 1798/1798/1798 1808/1808/1808 1799/1799/1799
f 1798/1798/1798 1807/1807/1807 1808/1808/1808
f 1799/1799/1799 1809/1809/1809 1800/1800/1800
f 1799/1799/1799 1808/1808/1808 1809/1809/1809
f 1800/1800/1800 1810/1810/1810 1801/1801/1801
f 1800/1800/1800 1809/1809/1809 1810/1810/1810
f 1801/1801/1801 1811/1811/1811 1802/1802/1802
f 1801/1801/1801 1810/1810/1810 1811/1811/1811
f 1802/1802/1802 1812/1812/1812 1803/1803/1803
f 1802/1802/1802 1811/1811/1811 1812/1812/1812
f 1804/1804/1804 1814/1814/1814 1805/1805/1805
f 1804/1804/1804 1813/1813/1813 1814/1814/1814
f 1805/1805/1805 1815/1815/1815 1806/1806/1806
f 1805/1805/1805 1814/1814/1814 1815/1815/1815
f 1806/1806/1806 1816/1816/1816 1807/1807/1807
f 1806/1806/1806 1815/1815/1815 1816/1816/1816
f 1807/1807/1807 1817/1817/1817 1808/1808/1808
f 1807/1807/1807 1816/1816/1816 1817/1817/1817
f 1808/1808/1808 1818/1818/1818 1809/1809/1809
f 1808/1808/1808 1817/1817/1817 1818/1818/1818
f 1809/1809/1809 1819/1819/1819 1810/1810/1810
f 1809/1809/1809 1818/1818/1818 1819/1819/1819
f 1810/1810/1810 1820/1820/1820 1811/1811/1811
f 1810/1810/1810 1819/1819/1819 1820/1820/1820
f 1811/1811/1811 1821/1821/1821 1812/1812/1812
f 1811/1811/1811 1820/1820/1820 1821/1821/1821
f 1813/1813/1813 1823/1823/1823 1814/1814/1814
f 1813/1813/1813 1822/1822/1822 1823/1823/1823
f 1814/1814/1814 1824/1824/1824 1815/1815/1815
f 1814/1814/1814 1823/1823/1823 1824/1824/1824
f 1815/1815/1815 1825/1825/1825 1816/1816/1816
f 1815/1815/1815 1824/1824/1824 1825/1825/1825
f 1816/1816/1816 1826/1826/1826 1817/1817/1817
f 1816/1816/1816 1825/1825/1825 1826/1826/1826
f 1817/1817/1817 1827/1827/1827 1818/1818/1818
f 1817/1817/1817 1826/1826/1826 1827/1827/1827
f 1818/1818/1818 1828/1828/1828 1819/1819/1819
f 1818/1818/1818 1827/1827/1827 1828/1828/1828
f 1819/1819/1819 1829/1829/1829 1820/1820/1820
f 1819/1819/1819 1828/1828/1828 1829/1829/1829
f 1820/1820/1820 1830/1830/1830 1821/1821/1821
f 1820/1820/1820 1829/1829/1829 1830/1830/1830
f 1822/1822/1822 1832/1832/1832 1823/1823/1823
f 1822/1822/1822 1831/1831/1831 1832/1832/1832
f 1823/1823/1823 1833/1833/1833 1824/1824/1824
f 1823/1823/1823 1832/1832/1832 1833/1833/1833
f 1824/1824/1824 1834/1834/1834 1825/1825/1825
f 1824/1824/1824 1833/1833/1833 1834/1834/1834
f 1825/1825/1825 1835/1835/1835 1826/1826/1826
f 1825/1825/1825 1834/1834/1834 1835/1835/1835
f 1826/1826/1826 1836/1836/1836 1827/1827/1827
f 1826/1826/1826 1835/1835/1835 1836/1836/1836
f 1827/1827/1827 1837/1837/1837 1828/1828/1828
f 1827/1827/1827 1836/1836/1836 1837/1837/1837
f 1828/1828/1828 1838/1838/1838 1829/1829/1829
f 1828/1828/1828 1837/1837/1837 1838/1838/1838
f 1829/1829/1829 1839/1839/1839 1830/1830/1830
f 1829/1829/1829 1838/1838/1838 1839/1839/1839
f 1831/1831/1831 1841/1841/1841 1832/1832/1832
f 1831/1831/1831 1840/1840/1840 1841/1841/1841
f 1832/1832/1832 1842/1842/1842 1833/1833/1833
f 1832/1832/1832 1841/1841/1841 1842/1842/1842
f 1833/1833/1833 1843/1843/1843 1834/1834/1834
f 1833/1833/1833 1842/1842/1842 1843/1843/1843
f 1834/1834/1834 1844/1844/1844 1835/1835/1835
f 1834/1834/1834 1843/1843/1843 1844/1844/1844
f 1835/1835/1835 1845/1845/1845 1836/1836/1836
f 1835/1835/1835 1844/1844/1844 1845/1845/1845
f 1836/1836/1836 1846/1846/1846 1837/1837/1837
f 1836/1836/1836 1845/1845/1845 1846/1846/1846
f 1837/1837/1837 1847/1847/1847 1838/1838/1838
f 1837/1837/1837 1846/1846/1846 1847/1847/1847
f 1838/1838/1838 1848/1848/1848 1839/1839/1839
f 1838/1838/1838 1847/1847/1847 1848/1848/1848
f 1849/1849/1849 1850/1850/1850 1859/1859/1859
f 1849/1849/1849 1859/1859/1859 1858/1858/1858
f 1850/1850/1850 1851/1851/1851 1860/1860/1860
f 1850/1850/1850 1860/1860/1860 1859/1859/1859
f 1851/1851/1851 1852/1852/1852 1861/1861/1861
f 1851/1851/1851 1861/1861/1861 1860/1860/1860
f 1852/1852/1852 1853/1853/1853 1862/1862/1862
f 1852/1852/1852 1862/1862/1862 1861/1861/1861
f 1853/1853/1853 1854/1854/1854 1863/1863/1863
f 1853/1853/1853 1863/1863/1863 1862/1862/1862
f 1854/1854/1854 1855/1855/1855 1864/1864/1864
f 1854/1854/1854 1864/1864/1864 1863/1863/1863
f 1855/1855/1855 1856/1856/1856 1865/1865/1865
f 1855/1855/1855 1865/1865/1865 1864/1864/1864
f 1856/1856/1856 1857/1857/1857 1866/1866/1866
f 1856/1856/1856 1866/1866/1866 1865/1865/1865
f 1858/1858/1858 1859/1859/1859 1868/1868/1868
f 1858/1858/1858 1868/1868/1868 1867/1867/1867
f 1859/1859/1859 1860/1860/1860 1869/1869/1869
f 1859/1859/1859 1869/1869/1869 1868/1868/1868
f 1860/1860/1860 1861/1861/1861 1870/1870/1870
f 1860/1860/1860 1870/1870/1870 1869/1869/1869
f 1861/1861/1861 1862/1862/1862 1871/1871/1871
f 1861/1861/1861 1871/1871/1871 1870/1870/1870
f 1862/1862/1862 1863/1863/1863 1872/1872/1872
f 1862/1862/1862 1872/1872/1872 1871/1871/1871
f 1863/1863/1863 1864/1864/1864 1873/1873/1873
f 1863/1863/1863 1873/1873/1873 1872/1872/1872
f 1864/1864/1864 1865/1865/1865 1874/1874/1874
f 1864/1864/1864 1874/1874/1874 1873/1873/1873
f 1865/1865/1865 1866/1866/1866 1875/1875/1875
f 1865/1865/1865 1875/1875/1875 1874/1874/1874
f 1867/1867/1867 1868/1868/1868 1877/1877/1877
f 1867/1867/1867 1877/1877/1877 1876/1876/1876
f 1868/1868/1868 1869/1869/1869 1878/1878/1878
f 1868/1868/1868 1878/1878/1878 1877/1877/1877
f 1869/1869/1869 1870/1870/1870 1879/1879/1879
f 1869/1869/1869 1879/1879/1879 1878/1878/1878
f 1870/1870/1870 1871/1871/1871 1880/1880/1880
f 1870/1870/1870 1880/1880/1880 1879/1879/1879
f 1871/1871/1871 1872/1872/1872 1881/1881/1881
f 1871/1871/1871 1881/1881/1881 1880/1880/1880
f 1872/1872/1872 1873/1873/1873 1882/1882/1882
f 1872/1872/1872 1882/1882/1882 1881/1881/1881
f 1873/1873/1873 1874/1874/1874 1883/1883/1883
f 1873/1873/1873 1883/1883/1883 1882/1882/1882
f 1874/1874/1874 1875/1875/1875 1884/1884/1884
f 1874/1874/1874 1884/1884/1884 1883/1883/1883
f 1876/1876/1876 1877/1877/1877 1886/1886/1886
f 1876/1876/1876 1886/1886/1886 1885/1885/1885
f 1877/1877/1877 1878/1878/1878 1887/1887/1887
f 1877/1877/1877 1887/1887/1887 1886/1886/1886
f 1878/1878/1878 1879/1879/1879 1888/1888/1888
f 1878/1878/1878 1888/1888/1888 1887/1887/1887
f 1879/1879/1879 1880/1880/1880 1889/1889/1889
f 1879/1879/1879 1889/1889/1889 1888/1888/1888
f 1880/1880/1880 1881/1881/1881 1890/1890/1890
f 1880/1880/1880 1890/1890/1890 1889/1889/1889
f 1881/1881/1881 1882/1882/1882 1891/1891/1891
f 1881/1881/1881 1891/1891/1891 1890/1890/1890
f 1882/1882/1882 1883/1883/1883 1892/1892/1892
f 1882/1882/1882 1892/1892/1892 1891/1891/1891
f 1883/1883/1883 1884/1884/1884 1893/1893/1893
f 1883/1883/1883 1893/1893/1893 1892/1892/1892
f 1885/1885/1885 1886/1886/1886 1895/1895/1895
f 1885/1885/1885 1895/1895/1895 1894/1894/1894
f 1886/1886/1886 1887/1887/1887 1896/1896/1896
f 1886/1886/1886 1896/1896/1896 1895/1895/1895
f 1887/1887/1887 1888/1888/1888 1897/1897/1897
f 1887/1887/1887 1897/1897/1897 1896/1896/1896
f 1888/1888/1888 1889/1889/1889 1898/1898/1898
f 1888/1888/1888 1898/1898/1898 1897/1897/1897
f 1889/1889/1889 1890/1890/1890 1899/1899/1899
f 1889/1889/1889 1899/1899/1899 1898/1898/1898
f 1890/1890/1890 1891/1891/1891 1900/1900/1900
f 1890/1890/1890 1900/1900/1900 1899/1899/1899
f 1891/1891/1891 1892/1892/1892 1901/1901/1901
f 1891/1891/1891 1901/1901/1901 1900/1900/1900
f 1892/1892/1892 1893/1893/1893 1902/1902/1902
f 1892/1892/1892 1902/1902/1902 1901/1901/1901
f 1894/1894/1894 1895/1895/1895 1904/1904/1904
f 1894/1894/1894 1904/1904/1904 1903/1903/1903
f 1895/1895/1895 1896/1896/1896 1905/1905/1905
f 1895/1895/1895 1905/1905/1905 1904/1904/1904
f 1896/1896/1896 1897/1897/1897 1906/1906/1906
f 1896/1896/1896 1906/1906/1906 1905/1905/1905
f 1897/1897/1897 1898/1898/1898 1907/1907/1907
f 1897/1897/1897 1907/1907/1907 1906/1906/1906
f 1898/1898/1898 1899/1899/1899 1908/1908/1908
f 1898/1898/1898 1908/1908/1908 1907/1907/1907
f 1899/1899/1899 1900/1900/1900 1909/1909/1909
f 1899/1899/1899 1909/1909/1909 1908/1908/1908
f 1900/1900/1900 1901/1901/1901 1910/1910/1910
f 1900/1900/1900 1910/1910/1910 1909/1909/1909
f 1901/1901/1901 1902/1902/1902 1911/1911/1911
f 1901/1901/1901 1911/1911/1911 1910/1910/1910
f 1912/1912/1912 1922/1922/1922 1913/1913/1913
f 1912/1912/1912 1921/1921/1921 1922/1922/1922
f 1913/1913/1913 1923/1923/1923 1914/1914/1914
f 1913/1913/1913 1922/1922/1922 1923/1923/1923
f 1914/1914/1914 1924/1924/1924 1915/1915/1915
f 1914/1914/1914 1923/1923/1923 1924/1924/1924
f 1915/1915/1915 1925/1925/1925 1916/1916/1916
f 1915/1915/1915 1924/1924/1924 1925/1925/1925
f 1916/1916/1916 1926/1926/1926 1917/1917/1917
f 1916/1916/1916 1925/1925/1925 1926/1926/1926
f 1917/1917/1917 1927/1927/1927 1918/1918/1918
f 1917/1917/1917 1926/1926/1926 1927/1927/1927
f 1918/1918/1918 1928/1928/1928 1919/1919/1919
f 1918/1918/1918 1927/1927/1927 1928/1928/1928
f 1919/1919/1919 1929/1929/1929 1920/1920/1920
f 1919/1919/1919 1928/1928/1928 1929/1929/1929
f 1921/1921/1921 1931/1931/1931 1922/1922/1922
f 1921/1921/1921 1930/1930/1930 1931/1931/1931
f 1922/1922/1922 1932/1932/1932 1923/1923/1923
f 1922/1922/1922 1931/1931/1931 1932/1932/1932
f 1923/1923/1923 1933/1933/1933 1924/1924/1924
f 1923/1923/1923 1932/1932/1932 1933/1933/1933
f 1924/1924/1924 1934/1934/1934 1925/1925/1925
f 1924/1924/1924 1933/1933/1933 1934/1934/1934
f 1925/1925/1925 1935/1935/1935 1926/1926/1926
f 1925/1925/1925 1934/1934/1934 1935/1935/1935
f 1926/1926/1926 1936/1936/1936 1927/1927/1927
f 1926/1926/1926 1935/1935/1935 1936/1936/1936
f 1927/1927/1927 1937/1937/1937 1928/1928/1928
f 1927/1927/1927 1936/1936/1936 1937/1937/1937
f 1928/1928/1928 1938/1938/1938 1929/1929/1929
f 1928/1928/1928 1937/1937/1937 1938/1938/1938
f 1930/1930/1930 1940/1940/1940 1931/1931/1931
f 1930/1930/1930 1939/1939/1939 1940/1940/1940
f 1931/1931/1931 1941/1941/1941 1932/1932/1932
f 1931/1931/1931 1940/1940/1940 1941/1941/1941
f 1932/1932/1932 1942/1942/1942 1933/1933/1933
f 1932/1932/1932 1941/1941/1941 1942/1942/1942
f 1933/1933/1933 1943/1943/1943 1934/1934/1934
f 1933/1933/1933 1942/1942/1942 1943/1943/1943
f 1934/1934/1934 1944/1944/1944 1935/1935/1935
f 1934/1934/1934 1943/1943/1943 1944/1944/1944
f 1935/1935/1935 1945/1945/1945 1936/1936/1936
f 1935/1935/1935 1944/1944/1944 1945/1945/1945
f 1936/1936/1936 1946/1946/1946 1937/1937/1937
f 1936/1936/1936 1945/1945/1945 1946/1946/1946
f 1937/1937/1937 1947/1947/1947 1938/1938/1938
f 1937/1937/1937 1946/1946/1946 1947/1947/1947
f 1939/1939/1939 1949/1949/1949 1940/1940/1940
f 1939/1939/1939 1948/1948/1948 1949/1949/1949
f 1940/1940/1940 1950/1950/1950 1941/1941/1941
f 1940/1940/1940 1949/1949/1949 1950/1950/1950
f 1941/1941/1941 1951/1951/1951 1942/1942/1942
f 1941/1941/1941 1950/1950/1950 1951/1951/1951
f 1942/1942/1942 1952/1952/1952 1943/1943/1943
f 1942/1942/1942 1951/1951/1951 1952/1952/1952
f 1943/1943/1943 1953/1953/1953 1944/1944/1944
f 1943/1943/1943 1952/1952/1952 1953/1953/1953
f 1944/1944/1944 1954/1954/1954 1945/1945/1945
f 1944/1944/1944 1953/1953/1953 1954/1954/1954
f 1945/1945/1945 1955/1955/1955 1946/1946/1946
f 1945/1945/1945 1954/1954/1954 1955/1955/1955
f 1946/1946/1946 1956/1956/1956 1947/1947/1947
f 1946/1946/1946 1955/1955/1955 1956/1956/1956
f 1948/1948/1948 1958/1958/1958 1949/1949/1949
f 1948/1948/1948 1957/1957/1957 1958/1958/1958
f 1949/1949/1949 1959/1959/1959 1950/1950/1950
f 1949/1949/1949 1958/1958/1958 1959/1959/1959
f 1950/1950/1950 1960/1960/1960 1951/1951/1951
f 1950/1950/1950 1959/1959/1959 1960/1960/1960
f 1951/1951/1951 1961/1961/1961 1952/1952/1952
f 1951/1951/1951 1960/1960/1960 1961/1961/1961
f 1952/1952/1952 1962/1962/1962 1953/1953/1953
f 1952/1952/1952 1961/1961/1961 1962/1962/1962
f 1953/1953/1953 1963/1963/1963 1954/1954/1954
f 1953/1953/1953 1962/1962/1962 1963/1963/1963
f 1954/1954/1954 1964/1964/1964 1955/1955/1955
f 1954/1954/1954 1963/1963/1963 1964/1964/1964
f 1955/1955/1955 1965/1965/1965 1956/1956/1956
f 1955/1955/1955 1964/1964/1964 1965/1965/1965
f 1957/1957/1957 1967/1967/1967 1958/1958/1958
f 1957/1957/1957 1966/1966/1966 1967/1967/1967
f 1958/1958/1958 1968/1968/1968 1959/1959/1959
f 1958/1958/1958 1967/1967/1967 1968/1968/1968
f 1959/1959/1959 1969/1969/1969 1960/1960/1960
f 1959/1959/1959 1968/1968/1968 1969/1969/1969
f 1960/1960/1960 1970/1970/1970 1961/1961/1961
f 1960/1960/1960 1969/1969/1969 1970/1970/1970
f 1961/1961/1961 1971/1971/1971 1962/1962/1962
f 1961/1961/1961 1970/1970/1970 1971/1971/1971
f 1962/1962/1962 1972/1972/1972 1963/1963/1963
f 1962/1962/1962 1971/1971/1971 1972/1972/1972
f 1963/1963/1963 1973/1973/1973 1964/1964/1964
f 1963/1963/1963 1972/1972/1972 1973/1973/1973
f 1964/1964/1964 1974/1974/1974 1965/1965/1965
f 1964/1964/1964 1973/1973/1973 1974/1974/1974
f 1975/1975/1975 1976/1976/1976 1985/1985/1985
f 1975/1975/1975 1985/1985/1985 1984/1984/1984
f 1976/1976/1976 1977/1977/1977 1986/1986/1986
f 1976/1976/1976 1986/1986/1986 1985/1985/1985
f 1977/1977/1977 1978/1978/1978 1987/1987/1987
f 1977/1977/1977 1987/1987/1987 1986/1986/1986
f 1978/1978/1978 1979/1979/1979 1988/1988/1988
f 1978/1978/1978 1988/1988/1988 1987/1987/1987
f 1979/1979/1979 1980/1980/1980 1989/1989/1989
f 1979/1979/1979 1989/1989/1989 1988/1988/1988
f 1980/1980/1980 1981/1981/1981 1990/1990/1990
f 1980/1980/1980 1990/1990/1990 1989/1989/1989
f 1981/1981/1981 1982/1982/1982 1991/1991/1991
f 1981/1981/1981 1991/1991/1991 1990/1990/1990
f 1982/1982/1982 1983/1983/1983 1992/1992/1992
f 1982/1982/1982 1992/1992/1992 1991/1991/1991
f 1984/1984/1984 1985/1985/1985 1994/1994/1994
f 1984/1984/1984 1994/1994/1994 1993/1993/1993
f 1985/1985/1985 1986/1986/1986 1995/1995/1995
f 1985/1985/1985 1995/1995/1995 1994/1994/1994
f 1986/1986/1986 1987/1987/1987 1996/1996/1996
f 1986/1986/1986 1996/1996/1996 1995/1995/1995
f 1987/1987/1987 1988/1988/1988 1997/1997/1997
f 1987/1987/1987 1997/1997/1997 1996/1996/1996
f 1988/1988/1988 1989/1989/1989 1998/1998/1998
f 1988/1988/1988 1998/1998/1998 1997/1997/1997
f 1989/1989/1989 1990/1990/1990 1999/1999/1999
f 1989/1989/1989 1999/1999/1999 1998/1998/1998
f 1990/1990/1990 1991/1991/1991 2000/2000/2000
f 1990/1990/1990 2000/2000/2000 1999/1999/1999
f 1991/1991/1991 1992/1992/1992 2001/2001/2001
f 1991/1991/1991 2001/2001/2001 2000/2000/2000
f 1993/1993/1993 1994/1994/1994 2003/2003/2003
f 1993/1993/1993 2003/2003/2003 2002/2002/2002
f 1994/1994/1994 1995/1995/1995 2004/2004/2004
f 1994/1994/1994 2004/2004/2004 2003/2003/2003
f 1995/1995/1995 1996/1996/1996 2005/2005/2005
f 1995/1995/1995 2005/2005/2005 2004/2004/2004
f 1996/1996/1996 1997/1997/1997 2006/2006/2006
f 1996/1996/1996 2006/2006/2006 2005/2005/2005
f 1997/1997/1997 1998/1998/1998 2007/2007/2007
f 1997/1997/1997 2007/2007/2007 2006/2006/2006
f 1998/1998/1998 1999/1999/1999 2008/2008/2008
f 1998/1998/1998 2008/2008/2008 2007/2007/2007
f 1999/1999/1999 2000/2000/2000 2009/2009/2009
f 1999/1999/1999 2009/2009/2009 2008/2008/2008
f 2000/2000/2000 2001/2001/2001 2010/2010/2010
f 2000/2000/2000 2010/2010/2010 2009/2009/2009
f 2002/2002/2002 2003/2003/2003 2012/2012/2012
f 2002/2002/2002 2012/2012/2012 2011/2011/2011
f 2003/2003/2003 2004/2004/2004 2013/2013/2013
f 2003/2003/2003 2013/2013/2013 2012/2012/2012
f 2004/2004/2004 2005/2005/2005 2014/2014/2014
f 2004/2004/2004 2014/2014/2014 2013/2013/2013
f 2005/2005/2005 2006/2006/2006 2015/2015/2015
f 2005/2005/2005 2015/2015/2015 2014/2014/2014
f 2006/2006/2006 2007/2007/2007 2016/2016/2016
f 2006/2006/2006 2016/2016/2016 2015/2015/2015
f 2007/2007/2007 2008/2008/2008 2017/2017/2017
f 2007/2007/2007 2017/2017/2017 2016/2016/2016
f 2008/2008/2008 2009/2009/2009 2018/2018/2018
f 2008/2008/2008 2018/2018/2018 2017/2017/2017
f 2009/2009/2009 2010/2010/2010 2019/2019/2019
f 2009/2009/2009 2019/2019/2019 2018/2018/2018
f 2011/2011/2011 2012/2012/2012 2021/2021/2021
f 2011/2011/2011 2021/2021/2021 2020/2020/2020
f 2012/2012/2012 2013/2013/2013 2022/2022/2022
f 2012/2012/2012 2022/2022/2022 2021/2021/2021
f 2013/2013/2013 2014/2014/2014 2023/2023/2023
f 2013/2013/2013 2023/2023/2023 2022/2022/2022
f 2014/2014/2014 2015/2015/2015 2024/2024/2024
f 2014/2014/2014 2024/2024/2024 2023/2023/2023
f 2015/2015/2015 2016/2016/2016 2025/2025/2025
f 2015/2015/2015 2025/2025/2025 2024/2024/2024
f 2016/2016/2016 2017/2017/2017 2026/2026/2026
f 2016/2016/2016 2026/2026/2026 2025/2025/2025
f 2017/2017/2017 2018/2018/2018 2027/2027/2027
f 2017/2017/2017 2027/2027/2027 2026/2026/2026
f 2018/2018/2018 2019/2019/2019 2028/2028/2028
f 2018/2018/2018 2028/2028/2028 2027/2027/2027
f 2020/2020/2020 2021/2021/2021 2030/2030/2030
f 2020/2020/2020 2030/2030/2030 2029/2029/2029
f 2021/2021/2021 2022/2022/2022 2031/2031/2031
f 2021/2021/2021 2031/2031/2031 2030/2030/2030
f 2022/2022/2022 2023/2023/2023 2032/2032/2032
f 2022/2022/2022 2032/2032/2032 2031/2031/2031
f 2023/2023/2023 2024/2024/2024 2033/2033/2033
f 2023/2023/2023 2033/2033/2033 2032/2032/2032
f 2024/2024/2024 2025/2025/2025 2034/2034/2034
f 2024/2024/2024 2034/2034/2034 2033/2033/2033
f 2025/2025/2025 2026/2026/2026 2035/2035/2035
f 2025/2025/2025 2035/2035/2035 2034/2034/2034
f 2026/2026/2026 2027/2027/2027 2036/2036/2036
f 2026/2026/2026 2036/2036/2036 2035/2035/2035
f 2027/2027/2027 2028/2028/2028 2037/2037/2037
f 2027/2027/2027 2037/2037/2037 2036/2036/2036
f 2038/2038/2038 2048/2048/2048 2039/2039/2039
f 2038/2038/2038 2047/2047/2047 2048/2048/2048
f 2039/2039/2039 2049/2049/2049 2040/2040/2040
f 2039/2039/2039 2048/2048/2048 2049/2049/2049
f 2040/2040/2040 2050/2050/2050 2041/2041/2041
f 2040/2040/2040 2049/2049/2049 2050/2050/2050
f 2041/2041/2041 2051/2051/2051 2042/2042/2042
f 2041/2041/2041 2050/2050/2050 2051/2051/2051
f 2042/2042/2042 2052/2052/2052 2043/2043/2043
f 2042/2042/2042 2051/2051/2051 2052/2052/2052
f 2043/2043/2043 2053/2053/2053 2044/2044/2044
f 2043/2043/2043 2052/2052/2052 2053/2053/2053
f 2044/2044/2044 2054/2054/2054 2045/2045/2045
f 2044/2044/2044 2053/2053/2053 2054/2054/2054
f 2045/2045/2045 2055/2055/2055 2046/2046/2046
f 2045/2045/2045 2054/2054/2054 2055/2055/2055
f 2047/2047/2047 2057/2057/2057 2048/2048/2048
f 2047/2047/2047 2056/2056/2056 2057/2057/2057
f 2048/2048/2048 2058/2058/2058 2049/2049/2049
f 2048/2048/2048 2057/2057/2057 2058/2058/2058
f 2049/2049/2049 2059/2059/2059 2050/2050/2050
f 2049/2049/2049 2058/2058/2058 2059/2059/2059
f 2050/2050/2050 2060/2060/2060 2051/2051/2051
f 2050/2050/2050 2059/2059/2059 2060/2060/2060
f 2051/2051/2051 2061/2061/2061 2052/2052/2052
f 2051/2051/2051 2060/2060/2060 2061/2061/2061
f 2052/2052/2052 2062/2062/2062 2053/2053/2053
f 2052/2052/2052 2061/2061/2061 2062/2062/2062
f 2053/2053/2053 2063/2063/2063 2054/2054/2054
f 2053/2053/2053 2062/2062/2062 2063/2063/2063
f 2054/2054/2054 2064/2064/2064 2055/2055/2055
f 2054/2054/2054 2063/2063/2063 2064/2064/2064
f 2056/2056/2056 2066/2066/2066 2057/2057/2057
f 2056/2056/2056 2065/2065/2065 2066/2066/2066
f 2057/2057/2057 2067/2067/2067 2058/2058/2058
f 2057/2057/2057 2066/2066/2066 2067/2067/2067
f 2058/2058/2058 2068/2068/2068 2059/2059/2059
f 2058/2058/2058 2067/2067/2067 2068/2068/2068
f 2059/2059/2059 2069/2069/2069 2060/2060/2060
f 2059/2059/2059 2068/2068/2068 2069/2069/2069
f 2060/2060/2060 2070/2070/2070 2061/2061/2061
f 2060/2060/2060 2069/2069/2069 2070/2070/2070
f 2061/2061/2061 2071/2071/2071 2062/2062/2062
f 2061/2061/2061 2070/2070/2070 2071/2071/2071
f 2062/2062/2062 2072/2072/2072 2063/2063/2063
f 2062/2062/2062 2071/2071/2071 2072/2072/2072
f 2063/2063/2063 2073/2073/2073 2064/2064/2064
f 2063/2063/2063 2072/2072/2072 2073/2073/2073
f 2065/2065/2065 2075/2075/2075 2066/2066/2066
f 2065/2065/2065 2074/2074/2074 2075/2075/2075
f 2066/2066/2066 2076/2076/2076 2067/2067/2067
f 2066/2066/2066 2075/2075/2075 2076/2076/2076
f 2067/2067/2067 2077/2077/2077 2068/2068/2068
f 2067/2067/2067 2076/2076/2076 2077/2077/2077
f 2068/2068/2068 2078/2078/2078 2069/2069/2069
f 2068/2068/2068 2077/2077/2077 2078/2078/2078
f 2069/2069/2069 2079/2079/2079 2070/2070/2070
f 2069/2069/2069 2078/2078/2078 2079/2079/2079
f 2070/2070/2070 2080/2080/2080 2071/2071/2071
f 2070/2070/2070 2079/2079/2079 2080/2080/2080
f 2071/2071/2071 2081/2081/2081 2072/2072/2072
f 2071/2071/2071 2080/2080/2080 2081/2081/2081
f 2072/2072/2072 2082/2082/2082 2073/2073/2073
f 2072/2072/2072 2081/2081/2081 2082/2082/2082
f 2074/2074/2074 2084/2084/2084 2075/2075/2075
f 2074/2074/2074 2083/2083/2083 2084/2084/2084
f 2075/2075/2075 2085/2085/2085 2076/2076/2076
f 2075/2075/2075 2084/2084/2084 2085/2085/2085
f 2076/2076/2076 2086/2086/2086 2077/2077/2077
f 2076/2076/2076 2085/2085/2085 2086/2086/2086
f 2077/2077/2077 2087/2087/2087 2078/2078/2078
f 2077/2077/2077 2086/2086/2086 2087/2087/2087
f 2078/2078/2078 2088/2088/2088 2079/2079/2079
f 2078/2078/2078 2087/2087/2087 2088/2088/2088
f 2079/2079/2079 2089/2089/2089 2080/2080/2080
f 2079/2079/2079 2088/2088/2088 2089/2089/2089
f 2080/2080/2080 2090/2090/2090 2081/2081/2081
f 2080/2080/2080 2089/2089/2089 2090/2090/2090
f 2081/2081/2081 2091/2091/2091 2082/2082/2082
f 2081/2081/2081 2090/2090/2090 2091/2091/2091
f 2083/2083/2083 2093/2093/2093 2084/2084/2084
f 2083/2083/2083 2092/2092/2092 2093/2093/2093
f 2084/2084/2084 2094/2094/2094 2085/2085/2085
f 2084/2084/2084 2093/2093/2093 2094/2094/2094
f 2085/2085/2085 2095/2095/2095 2086/2086/2086
f 2085/2085/2085 2094/2094/2094 2095/2095/2095
f 2086/2086/2086 2096/2096/2096 2087/2087/2087
f 2086/2086/2086 2095/2095/2095 2096/2096/2096
f 2087/2087/2087 2097/2097/2097 2088/2088/2088
f 2087/2087/2087 2096/2096/2096 2097/2097/2097
f 2088/2088/2088 2098/2098/2098 2089/2089/2089
f 2088/2088/2088 2097/2097/2097 2098/2098/2098
f 2089/2089/2089 2099/2099/2099 2090/2090/2090
f 2089/2089/2089 2098/2098/2098 2099/2099/2099
f 2090/2090/2090 2100/2100/2100 2091/2091/2091
f 2090/2090/2090 2099/2099/2099 2100/2100/2100
f 2101/2101/2101 2102/2102/2102 2111/2111/2111
f 2101/2101/2101 2111/2111/2111 2110/2110/2110
f 2102/2102/2102 2103/2103/2103 2112/2112/2112
f 2102/2102/2102 2112/2112/2112 2111/2111/2111
f 2103/2103/2103 2104/2104/2104 2113/2113/2113
f 2103/2103/2103 2113/2113/2113 2112/2112/2112
f 2104/2104/2104 2105/2105/2105 2114/2114/2114
f 2104/2104/2104 2114/2114/2114 2113/2113/2113
f 2105/2105/2105 2106/2106/2106 2115/2115/2115
f 2105/2105/2105 2115/2115/2115 2114/2114/2114
f 2106/2106/2106 2107/2107/2107 2116/2116/2116
f 2106/2106/2106 2116/2116/2116 2115/2115/2115
f 2107/2107/2107 2108/2108/2108 2117/2117/2117
f 2107/2107/2107 2117/2117/2117 2116/2116/2116
f 2108/2108/2108 2109/2109/2109 2118/2118/2118
f 2108/2108/2108 2118/2118/2118 2117/2117/2117
f 2110/2110/2110 2111/2111/2111 2120/2120/2120
f 2110/2110/2110 2120/2120/2120 2119/2119/2119
f 2111/2111/2111 2112/2112/2112 2121/2121/2121
f 2111/2111/2111 2121/2121/2121 2120/2120/2120
f 2112/2112/2112 2113/2113/2113 2122/2122/2122
f 2112/2112/2112 2122/2122/2122 2121/2121/2121
f 2113/2113/2113 2114/2114/2114 2123/2123/2123
f 2113/2113/2113 2123/2123/2123 2122/2122/2122
f 2114/2114/2114 2115/2115/2115 2124/2124/2124
f 2114/2114/2114 2124/2124/2124 2123/2123/2123
f 2115/2115/2115 2116/2116/2116 2125/2125/2125
f 2115/2115/2115 2125/2125/2125 2124/2124/2124
f 2116/2116/2116 2117/2117/2117 2126/2126/2126
f 2116/2116/2116 2126/2126/2126 2125/2125/2125
f 2117/2117/2117 2118/2118/2118 2127/2127/2127
f 2117/2117/2117 2127/2127/2127 2126/2126/2126
f 2119/2119/2119 2120/2120/2120 2129/2129/2129
f 2119/2119/2119 2129/2129/2129 2128/2128/2128
f 2120/2120/2120 2121/2121/2121 2130/2130/2130
f 2120/2120/2120 2130/2130/2130 2129/2129/2129
f 2121/2121/2121 2122/2122/2122 2131/2131/2131
f 2121/2121/2121 2131/2131/2131 2130/2130/2130
f 2122/2122/2122 2123/2123/2123 2132/2132/2132
f 2122/2122/2122 2132/2132/2132 2131/2131/2131
f 2123/2123/2123 2124/2124/2124 2133/2133/2133
f 2123/2123/2123 2133/2133/2133 2132/2132/2132
f 2124/2124/2124 2125/2125/2125 2134/2134/2134
f 2124/2124/2124 2134/2134/2134 2133/2133/2133
f 2125/2125/2125 2126/2126/2126 2135/2135/2135
f 2125/2125/2125 2135/2135/2135 2134/2134/2134
f 2126/2126/2126 2127/2127/2127 2136/2136/2136
f 2126/2126/2126 2136/2136/2136 2135/2135/2135
f 2128/2128/2128 2129/2129/2129 2138/2138/2138
f 2128/2128/2128 2138/2138/2138 2137/2137/2137
f 2129/2129/2129 2130/2130/2130 2139/2139/2139
f 2129/2129/2129 2139/2139/2139 2138/2138/2138
f 2130/2130/2130 2131/2131/2131 2140/2140/2140
f 2130/2130/2130 2140/2140/2140 2139/2139/2139
f 2131/2131/2131 2132/2132/2132 2141/2141/2141
f 2131/2131/2131 2141/2141/2141 2140/2140/2140
f 2132/2132/2132 2133/2133/2133 2142/2142/2142
f 2132/2132/2132 2142/2142/2142 2141/2141/2141
f 2133/2133/2133 2134/2134/2134 2143/2143/2143
f 2133/2133/2133 2143/2143/2143 2142/2142/2142
f 2134/2134/2134 2135/2135/2135 2144/2144/2144
f 2134/2134/2134 2144/2144/2144 2143/2143/2143
f 2135/2135/2135 2136/2136/2136 2145/2145/2145
f 2135/2135/2135 2145/2145/2145 2144/2144/2144
f 2137/2137/2137 2138/2138/2138 2147/2147/2147
f 2137/2137/2137 2147/2147/2147 2146/2146/2146
f 2138/2138/2138 2139/2139/2139 2148/2148/2148
f 2138/2138/2138 2148/2148/2148 2147/2147/2147
f 2139/2139/2139 2140/2140/2140 2149/2149/2149
f 2139/2139/2139 2149/2149/2149 2148/2148/2148
f 2140/2140/2140 2141/2141/2141 2150/2150/2150
f 2140/2140/2140 2150/2150/2150 2149/2149/2149
f 2141/2141/2141 2142/2142/2142 2151/2151/2151
f 2141/2141/2141 2151/2151/2151 2150/2150/2150
f 2142/2142/2142 2143/2143/2143 2152/2152/2152
f 2142/2142/2142 2152/2152/2152 2151/2151/2151
f 2143/2143/2143 2144/2144/2144 2153/2153/2153
f 2143/2143/2143 2153/2153/2153 2152/2152/2152
f 2144/2144/2144 2145/2145/2145 2154/2154/2154
f 2144/2144/2144 2154/2154/2154 2153/2153/2153
f 2146/2146/2146 2147/2147/2147 2156/2156/2156
f 2146/2146/2146 2156/2156/2156 2155/2155/2155
f 2147/2147/2147 2148/2148/2148 2157/2157/2157
f 2147/2147/2147 2157/2157/2157 2156/2156/2156
f 2148/2148/2148 2149/2149/2149 2158/2158/2158
f 2148/2148/2148 2158/2158/2158 2157/2157/2157
f 2149/2149/2149 2150/2150/2150 2159/2159/2159
f 2149/2149/2149 2159/2159/2159 2158/2158/2158
f 2150/2150/2150 2151/2151/2151 2160/2160/2160
f 2150/2150/2150 2160/2160/2160 2159/2159/2159
f 2151/2151/2151 2152/2152/2152 2161/2161/2161
f 2151/2151/2151 2161/2161/2161 2160/2160/2160
f 2152/2152/2152 2153/2153/2153 2162/2162/2162
f 2152/2152/2152 2162/2162/2162 2161/2161/2161
f 2153/2153/2153 2154/2154/2154 2163/2163/2163
f 2153/2153/2153 2163/2163/2163 2162/2162/2162
f 2164/2164/2164 2174/2174/2174 2165/2165/2165
f 2164/2164/2164 2173/2173/2173 2174/2174/2174
f 2165/2165/2165 2175/2175/2175 2166/2166/2166
f 2165/2165/2165 2174/2174/2174 2175/2175/2175
f 2166/2166/2166 2176/2176/2176 2167/2167/2167
f 2166/2166/2166 2175/2175/2175 2176/2176/2176
f 2167/2167/2167 2177/2177/2177 2168/2168/2168
f 2167/2167/2167 2176/2176/2176 2177/2177/2177
f 2168/2168/2168 2178/2178/2178 2169/2169/2169
f 2168/2168/2168 2177/2177/2177 2178/2178/2178
f 2169/2169/2169 2179/2179/2179 2170/2170/2170
f 2169/2169/2169 2178/2178/2178 2179/2179/2179
f 2170/2170/2170 2180/2180/2180 2171/2171/2171
f 2170/2170/2170 2179/2179/2179 2180/2180/2180
f 2171/2171/2171 2181/2181/2181 2172/2172/2172
f 2171/2171/2171 2180/2180/2180 2181/2181/2181
f 2173/2173/2173 2183/2183/2183 2174/2174/2174
f 2173/2173/2173 2182/2182/2182 2183/2183/2183
f 2174/2174/2174 2184/2184/2184 2175/2175/2175
f 2174/2174/2174 2183/2183/2183 2184/2184/2184
f 2175/2175/2175 2185/2185/2185 2176/2176/2176
f 2175/2175/2175 2184/2184/2184 2185/2185/2185
f 2176/2176/2176 2186/2186/2186 2177/2177/2177
f 2176/2176/2176 2185/2185/2185 2186/2186/2186
f 2177/2177/2177 2187/2187/2187 2178/2178/2178
f 2177/2177/2177 2186/2186/2186 2187/2187/2187
f 2178/2178/2178 2188/2188/2188 2179/2179/2179
f 2178/2178/2178 2187/2187/2187 2188/2188/2188
f 2179/2179/2179 2189/2189/2189 2180/2180/2180
f 2179/2179/2179 2188/2188/2188 2189/2189/2189
f 2180/2180/2180 2190/2190/2190 2181/2181/2181
f 2180/2180/2180 2189/2189/2189 2190/2190/2190
f 2182/2182/2182 2192/2192/2192 2183/2183/2183
f 2182/2182/2182 2191/2191/2191 2192/2192/2192
f 2183/2183/2183 2193/2193/2193 2184/2184/2184
f 2183/2183/2183 2192/2192/2192 2193/2193/2193
f 2184/2184/2184 2194/2194/2194 2185/2185/2185
f 2184/2184/2184 2193/2193/2193 2194/2194/2194
f 2185/2185/2185 2195/2195/2195 2186/2186/2186
f 2185/2185/2185 2194/2194/2194 2195/2195/2195
f 2186/2186/2186 2196/2196/2196 2187/2187/2187
f 2186/2186/2186 2195/2195/2195 2196/2196/2196
f 2187/2187/2187 2197/2197/2197 2188/2188/2188
f 2187/2187/2187 2196/2196/2196 2197/2197/2197
f 2188/2188/2188 2198/2198/2198 2189/2189/2189
f 2188/2188/2188 2197/2197/2197 2198/2198/2198
f 2189/2189/2189 2199/2199/2199 2190/2190/2190
f 2189/2189/2189 2198/2198/2198 2199/2199/2199
f 2191/2191/2191 2201/2201/2201 2192/2192/2192
f 2191/2191/2191 2200/2200/2200 2201/2201/2201
f 2192/2192/2192 2202/2202/2202 2193/2193/2193
f 2192/2192/2192 2201/2201/2201 2202/2202/2202
f 2193/2193/2193 2203/2203/2203 2194/2194/2194
f 2193/2193/2193 2202/2202/2202 2203/2203/2203
f 2194/2194/2194 2204/2204/2204 2195/2195/2195
f 2194/2194/2194 2203/2203/2203 2204/2204/2204
f 2195/2195/2195 2205/2205/2205 2196/2196/2196
f 2195/2195/2195 2204/2204/2204 2205/2205/2205
f 2196/2196/2196 2206/2206/2206 2197/2197/2197
f 2196/2196/2196 2205/2205/2205 2206/2206/2206
f 2197/2197/2197 2207/2207/2207 2198/2198/2198
f 2197/2197/2197 2206/2206/2206 2207/2207/2207
f 2198/2198/2198 2208/2208/2208 2199/2199/2199
f 2198/2198/2198 2207/2207/2207 2208/2208/2208
f 2200/2200/2200 2210/2210/2210 2201/2201/2201
f 2200/2200/2200 2209/2209/2209 2210/2210/2210
f 2201/2201/2201 2211/2211/2211 2202/2202/2202
f 2201/2201/2201 2210/2210/2210 2211/2211/2211
f 2202/2202/2202 2212/2212/2212 2203/2203/2203
f 2202/2202/2202 2211/2211/2211 2212/2212/2212
f 2203/2203/2203 2213/2213/2213 2204/2204/2204
f 2203/2203/2203 2212/2212/2212 2213/2213/2213
f 2204/2204/2204 2214/2214/2214 2205/2205/2205
f 2204/2204/2204 2213/2213/2213 2214/2214/2214
f 2205/2205/2205 2215/2215/2215 2206/2206/2206
f 2205/2205/2205 2214/2214/2214 2215/2215/2215
f 2206/2206/2206 2216/2216/2216 2207/2207/2207
f 2206/2206/2206 2215/2215/2215 2216/2216/2216
f 2207/2207/2207 2217/2217/2217 2208/2208/2208
f 2207/2207/2207 2216/2216/2216 2217/2217/2217
f 2209/2209/2209 2219/2219/2219 2210/2210/2210
f 2209/2209/2209 2218/2218/2218 2219/2219/2219
f 2210/2210/2210 2220/2220/2220 2211/2211/2211
f 2210/2210/2210 2219/2219/2219 2220/2220/2220
f 2211/2211/2211 2221/2221/2221 2212/2212/2212
f 2211/2211/2211 2220/2220/2220 2221/2221/2221
f 2212/2212/2212 2222/2222/2222 2213/2213/2213
f 2212/2212/2212 2221/2221/2221 2222/2222/2222
f 2213/2213/2213 2223/2223/2223 2214/2214/2214
f 2213/2213/2213 2222/2222/2222 2223/2223/2223
f 2214/2214/2214 2224/2224/2224 2215/2215/2215
f 2214/2214/2214 2223/2223/2223 2224/2224/2224
f 2215/2215/2215 2225/2225/2225 2216/2216/2216
f 2215/2215/2215 2224/2224/2224 2225/2225/2225
f 2216/2216/2216 2226/2226/2226 2217/2217/2217
f 2216/2216/2216 2225/2225/2225 2226/2226/2226
f 2227/2227/2227 2228/2228/2228 2237/2237/2237
f 2227/2227/2227 2237/2237/2237 2236/2236/2236
f 2228/2228/2228 2229/2229/2229 2238/2238/2238
f 2228/2228/2228 2238/2238/2238 2237/2237/2237
f 2229/2229/2229 2230/2230/2230 2239/2239/2239
f 2229/2229/2229 2239/2239/2239 2238/2238/2238
f 2230/2230/2230 2231/2231/2231 2240/2240/2240
f 2230/2230/2230 2240/2240/2240 2239/2239/2239
f 2231/2231/2231 2232/2232/2232 2241/2241/2241
f 2231/2231/2231 2241/2241/2241 2240/2240/2240
f 2232/2232/2232 2233/2233/2233 2242/2242/2242
f 2232/2232/2232 2242/2242/2242 2241/2241/2241
f 2233/2233/2233 2234/2234/2234 2243/2243/2243
f 2233/2233/2233 2243/2243/2243 2242/2242/2242
f 2234/2234/2234 2235/2235/2235 2244/2244/2244
f 2234/2234/2234 2244/2244/2244 2243/2243/2243
f 2236/2236/2236 2237/2237/2237 2246/2246/2246
f 2236/2236/2236 2246/2246/2246 2245/2245/2245
f 2237/2237/2237 2238/2238/2238 2247/2247/2247
f 2237/2237/2237 2247/2247/2247 2246/2246/2246
f 2238/2238/2238 2239/2239/2239 2248/2248/2248
f 2238/2238/2238 2248/2248/2248 2247/2247/2247
f 2239/2239/2239 2240/2240/2240 2249/2249/2249
f 2239/2239/2239 2249/2249/2249 2248/2248/2248
f 2240/2240/2240 2241/2241/2241 2250/2250/2250
f 2240/2240/2240 2250/2250/2250 2249/2249/2249
f 2241/2241/2241 2242/2242/2242 2251/2251/2251
f 2241/2241/2241 2251/2251/2251 2250/2250/2250
f 2242/2242/2242 2243/2243/2243 2252/2252/2252
f 2242/2242/2242 2252/2252/2252 2251/2251/2251
f 2243/2243/2243 2244/2244/2244 2253/2253/2253
f 2243/2243/2243 2253/2253/2253 2252/2252/2252
f 2245/2245/2245 2246/2246/2246 2255/2255/2255
f 2245/2245/2245 2255/2255/2255 2254/2254/2254
f 2246/2246/2246 2247/2247/2247 2256/2256/2256
f 2246/2246/2246 2256/2256/2256 2255/2255/2255
f 2247/2247/2247 2248/2248/2248 2257/2257/2257
f 2247/2247/2247 2257/2257/2257 2256/2256/2256
f 2248/2248/2248 2249/2249/2249 2258/2258/2258
f 2248/2248/2248 2258/2258/2258 2257/2257/2257
f 2249/2249/2249 2250/2250/2250 2259/2259/2259
f 2249/2249/2249 2259/2259/2259 2258/2258/2258
f 2250/2250/2250 2251/2251/2251 2260/2260/2260
f 2250/2250/2250 2260/2260/2260 2259/2259/2259
f 2251/2251/2251 2252/2252/2252 2261/2261/2261
f 2251/2251/2251 2261/2261/2261 2260/2260/2260
f 2252/2252/2252 2253/2253/2253 2262/2262/2262
f 2252/2252/2252 2262/2262/2262 2261/2261/2261
f 2254/2254/2254 2255/2255/2255 2264/2264/2264
f 2254/2254/2254 2264/2264/2264 2263/2263/2263
f 2255/2255/2255 2256/2256/2256 2265/2265/2265
f 2255/2255/2255 2265/2265/2265 2264/2264/2264
f 2256/2256/2256 2257/2257/2257 2266/2266/2266
f 2256/2256/2256 2266/2266/2266 2265/2265/2265
f 2257/2257/2257 2258/2258/2258 2267/2267/2267
f 2257/2257/2257 2267/2267/2267 2266/2266/2266
f 2258/2258/2258 2259/2259/2259 2268/2268/2268
f 2258/2258/2258 2268/2268/2268 2267/2267/2267
f 2259/2259/2259 2260/2260/2260 2269/2269/2269
f 2259/2259/2259 2269/2269/2269 2268/2268/2268
f 2260/2260/2260 2261/2261/2261 2270/2270/2270
f 2260/2260/2260 2270/2270/2270 2269/2269/2269
f 2261/2261/2261 2262/2262/2262 2271/2271/2271
f 2261/2261/2261 2271/2271/2271 2270/2270/2270
f 2263/2263/2263 2264/2264/2264 2273/2273/2273
f 2263/2263/2263 2273/2273/2273 2272/2272/2272
f 2264/2264/2264 2265/2265/2265 2274/2274/2274
f 2264/2264/2264 2274/2274/2274 2273/2273/2273
f 2265/2265/2265 2266/2266/2266 2275/2275/2275
f 2265/2265/2265 2275/2275/2275 2274/2274/2274
f 2266/2266/2266 2267/2267/2267 2276/2276/2276
f 2266/2266/2266 2276/2276/2276 2275/2275/2275
f 2267/2267/2267 2268/2268/2268 2277/2277/2277
f 2267/2267/2267 2277/2277/2277 2276/2276/2276
f 2268/2268/2268 2269/2269/2269 2278/2278/2278
f 2268/2268/2268 2278/2278/2278 2277/2277/2277
f 2269/2269/2269 2270/2270/2270 2279/2279/2279
f 2269/2269/2269 2279/2279/2279 2278/2278/2278
f 2270/2270/2270 2271/2271/2271 2280/2280/2280
f 2270/2270/2270 2280/2280/2280 2279/2279/2279
f 2272/2272/2272 2273/2273/2273 2282/2282/2282
f 2272/2272/2272 2282/2282/2282 2281/2281/2281
f 2273/2273/2273 2274/2274/2274 2283/2283/2283
f 2273/2273/2273 2283/2283/2283 2282/2282/2282
f 2274/2274/2274 2275/2275/2275 2284/2284/2284
f 2274/2274/2274 2284/2284/2284 2283/2283/2283
f 2275/2275/2275 2276/2276/2276 2285/2285/2285
f 2275/2275/2275 2285/2285/2285 2284/2284/2284
f 2276/2276/2276 2277/2277/2277 2286/2286/2286
f 2276/2276/2276 2286/2286/2286 2285/2285/2285
f 2277/2277/2277 2278/2278/2278 2287/2287/2287
f 2277/2277/2277 2287/2287/2287 2286/2286/2286
f 2278/2278/2278 2279/2279/2279 2288/2288/2288
f 2278/2278/2278 2288/2288/2288 2287/2287/2287
f 2279/2279/2279 2280/2280/2280 2289/2289/2289
f 2279/2279/2279 2289/2289/2289 2288/2288/2288
f 2290/2290/2290 2300/2300/2300 2291/2291/2291
f 2290/2290/2290 2299/2299/2299 2300/2300/2300
f 2291/2291/2291 2301/2301/2301 2292/2292/2292
f 2291/2291/2291 2300/2300/2300 2301/2301/2301
f 2292/2292/2292 2302/2302/2302 2293/2293/2293
f 2292/2292/2292 2301/2301/2301 2302/2302/2302
f 2293/2293/2293 2303/2303/2303 2294/2294/2294
f 2293/2293/2293 2302/2302/2302 2303/2303/2303
f 2294/2294/2294 2304/2304/2304 2295/2295/2295
f 2294/2294/2294 2303/2303/2303 2304/2304/2304
f 2295/2295/2295 2305/2305/2305 2296/2296/2296
f 2295/2295/2295 2304/2304/2304 2305/2305/2305
f 2296/2296/2296 2306/2306/2306 2297/2297/2297
f 2296/2296/2296 2305/2305/2305 2306/2306/2306
f 2297/2297/2297 2307/2307/2307 2298/2298/2298
f 2297/2297/2297 2306/2306/2306 2307/2307/2307
f 2299/2299/2299 2309/2309/2309 2300/2300/2300
f 2299/2299/2299 2308/2308/2308 2309/2309/2309
f 2300/2300/2300 2310/2310/2310 2301/2301/2301
f 2300/2300/2300 2309/2309/2309 2310/2310/2310
f 2301/2301/2301 2311/2311/2311 2302/2302/2302
f 2301/2301/2301 2310/2310/2310 2311/2311/2311
f 2302/2302/2302 2312/2312/2312 2303/2303/2303
f 2302/2302/2302 2311/2311/2311 2312/2312/2312
f 2303/2303/2303 2313/2313/2313 2304/2304/2304
f 2303/2303/2303 2312/2312/2312 2313/2313/2313
f 2304/2304/2304 2314/2314/2314 2305/2305/2305
f 2304/2304/2304 2313/2313/2313 2314/2314/2314
f 2305/2305/2305 2315/2315/2315 2306/2306/2306
f 2305/2305/2305 2314/2314/2314 2315/2315/2315
f 2306/2306/2306 2316/2316/2316 2307/2307/2307
f 2306/2306/2306 2315/2315/2315 2316/2316/2316
f 2308/2308/2308 2318/2318/2318 2309/2309/2309
f 2308/2308/2308 2317/2317/2317 2318/2318/2318
f 2309/2309/2309 2319/2319/2319 2310/2310/2310
f 2309/2309/2309 2318/2318/2318 2319/2319/2319
f 2310/2310/2310 2320/2320/2320 2311/2311/2311
f 2310/2310/2310 2319/2319/2319 2320/2320/2320
f 2311/2311/2311 2321/2321/2321 2312/2312/2312
f 2311/2311/2311 2320/2320/2320 2321/2321/2321
f 2312/2312/2312 2322/2322/2322 2313/2313/2313
f 2312/2312/2312 2321/2321/2321 2322/2322/2322
f 2313/2313/2313 2323/2323/2323 2314/2314/2314
f 2313/2313/2313 2322/2322/2322 2323/2323/2323
f 2314/2314/2314 2324/2324/2324 2315/2315/2315
f 2314/2314/2314 2323/2323/2323 2324/2324/2324
f 2315/2315/2315 2325/2325/2325 2316/2316/2316
f 2315/2315/2315 2324/2324/2324 2325/2325/2325
f 2317/2317/2317 2327/2327/2327 2318/2318/2318
f 2317/2317/2317 2326/2326/2326 2327/2327/2327
f 2318/2318/2318 2328/2328/2328 2319/2319/2319
f 2318/2318/2318 2327/2327/2327 2328/2328/2328
f 2319/2319/2319 2329/2329/2329 2320/2320/2320
f 2319/2319/2319 2328/2328/2328 2329/2329/2329
f 2320/2320/2320 2330/2330/2330 2321/2321/2321
f 2320/2320/2320 2329/2329/2329 2330/2330/2330
f 2321/2321/2321 2331/2331/2331 2322/2322/2322
f 2321/2321/2321 2330/2330/2330 2331/2331/2331
f 2322/2322/2322 2332/2332/2332 2323/2323/2323
f 2322/2322/2322 2331/2331/2331 2332/2332/2332
f 2323/2323/2323 2333/2333/2333 2324/2324/2324
f 2323/2323/2323 2332/2332/2332 2333/2333/2333
f 2324/2324/2324 2334/2334/2334 2325/2325/2325
f 2324/2324/2324 2333/2333/2333 2334/2334/2334
f 2326/2326/2326 2336/2336/2336 2327/2327/2327
f 2326/2326/2326 2335/2335/2335 2336/2336/2336
f 2327/2327/2327 2337/2337/2337 2328/2328/2328
f 2327/2327/2327 2336/2336/2336 2337/2337/2337
f 2328/2328/2328 2338/2338/2338 2329/2329/2329
f 2328/2328/2328 2337/2337/2337 2338/2338/2338
f 2329/2329/2329 2339/2339/2339 2330/2330/2330
f 2329/2329/2329 2338/2338/2338 2339/2339/2339
f 2330/2330/2330 2340/2340/2340 2331/2331/2331
f 2330/2330/2330 2339/2339/2339 2340/2340/2340
f 2331/2331/2331 2341/2341/2341 2332/2332/2332
f 2331/2331/2331 2340/2340/2340 2341/2341/2341
f 2332/2332/2332 2342/2342/2342 2333/2333/2333
f 2332/2332/2332 2341/2341/2341 2342/2342/2342
f 2333/2333/2333 2343/2343/2343 2334/2334/2334
f 2333/2333/2333 2342/2342/2342 2343/2343/2343
f 2335/2335/2335 2345/2345/2345 2336/2336/2336
f 2335/2335/2335 2344/2344/2344 2345/2345/2345
f 2336/2336/2336 2346/2346/2346 2337/2337/2337
f 2336/2336/2336 2345/2345/2345 2346/2346/2346
f 2337/2337/2337 2347/2347/2347 2338/2338/2338
f 2337/2337/2337 2346/2346/2346 2347/2347/2347
f 2338/2338/2338 2348/2348/2348 2339/2339/2339
f 2338/2338/2338 2347/2347/2347 2348/2348/2348
f 2339/2339/2339 2349/2349/2349 2340/2340/2340
f 2339/2339/2339 2348/2348/2348 2349/2349/2349
f 2340/2340/2340 2350/2350/2350 2341/2341/2341
f 2340/2340/2340 2349/2349/2349 2350/2350/2350
f 2341/2341/2341 2351/2351/2351 2342/2342/2342
f 2341/2341/2341 2350/2350/2350 2351/2351/2351
f 2342/2342/2342 2352/2352/2352 2343/2343/2343
f 2342/2342/2342 2351/2351/2351 2352/2352/2352
