# Sinh tự động bởi tools/mesh_kit.py - đừng sửa tay
o bus_racks
v -0.8600 1.8390 -3.4500
v -0.8664 1.8364 -3.4500
v -0.8690 1.8300 -3.4500
v -0.8664 1.8236 -3.4500
v -0.8600 1.8210 -3.4500
v -0.8536 1.8236 -3.4500
v -0.8510 1.8300 -3.4500
v -0.8536 1.8364 -3.4500
v -0.8600 1.8390 -3.4500
v -0.8600 1.8390 4.0500
v -0.8664 1.8364 4.0500
v -0.8690 1.8300 4.0500
v -0.8664 1.8236 4.0500
v -0.8600 1.8210 4.0500
v -0.8536 1.8236 4.0500
v -0.8510 1.8300 4.0500
v -0.8536 1.8364 4.0500
v -0.8600 1.8390 4.0500
v -0.8600 1.8300 -3.4500
v -0.8600 1.8390 -3.4500
v -0.8664 1.8364 -3.4500
v -0.8690 1.8300 -3.4500
v -0.8664 1.8236 -3.4500
v -0.8600 1.8210 -3.4500
v -0.8536 1.8236 -3.4500
v -0.8510 1.8300 -3.4500
v -0.8536 1.8364 -3.4500
v -0.8600 1.8300 4.0500
v -0.8600 1.8390 4.0500
v -0.8664 1.8364 4.0500
v -0.8690 1.8300 4.0500
v -0.8664 1.8236 4.0500
v -0.8600 1.8210 4.0500
v -0.8536 1.8236 4.0500
v -0.8510 1.8300 4.0500
v -0.8536 1.8364 4.0500
v -0.9500 1.8390 -3.4500
v -0.9564 1.8364 -3.4500
v -0.9590 1.8300 -3.4500
v -0.9564 1.8236 -3.4500
v -0.9500 1.8210 -3.4500
v -0.9436 1.8236 -3.4500
v -0.9410 1.8300 -3.4500
v -0.9436 1.8364 -3.4500
v -0.9500 1.8390 -3.4500
v -0.9500 1.8390 4.0500
v -0.9564 1.8364 4.0500
v -0.9590 1.8300 4.0500
v -0.9564 1.8236 4.0500
v -0.9500 1.8210 4.0500
v -0.9436 1.8236 4.0500
v -0.9410 1.8300 4.0500
v -0.9436 1.8364 4.0500
v -0.9500 1.8390 4.0500
v -0.9500 1.8300 -3.4500
v -0.9500 1.8390 -3.4500
v -0.9564 1.8364 -3.4500
v -0.9590 1.8300 -3.4500
v -0.9564 1.8236 -3.4500
v -0.9500 1.8210 -3.4500
v -0.9436 1.8236 -3.4500
v -0.9410 1.8300 -3.4500
v -0.9436 1.8364 -3.4500
v -0.9500 1.8300 4.0500
v -0.9500 1.8390 4.0500
v -0.9564 1.8364 4.0500
v -0.9590 1.8300 4.0500
v -0.9564 1.8236 4.0500
v -0.9500 1.8210 4.0500
v -0.9436 1.8236 4.0500
v -0.9410 1.8300 4.0500
v -0.9436 1.8364 4.0500
v -1.0400 1.8390 -3.4500
v -1.0464 1.8364 -3.4500
v -1.0490 1.8300 -3.4500
v -1.0464 1.8236 -3.4500
v -1.0400 1.8210 -3.4500
v -1.0336 1.8236 -3.4500
v -1.0310 1.8300 -3.4500
v -1.0336 1.8364 -3.4500
v -1.0400 1.8390 -3.4500
v -1.0400 1.8390 4.0500
v -1.0464 1.8364 4.0500
v -1.0490 1.8300 4.0500
v -1.0464 1.8236 4.0500
v -1.0400 1.8210 4.0500
v -1.0336 1.8236 4.0500
v -1.0310 1.8300 4.0500
v -1.0336 1.8364 4.0500
v -1.0400 1.8390 4.0500
v -1.0400 1.8300 -3.4500
v -1.0400 1.8390 -3.4500
v -1.0464 1.8364 -3.4500
v -1.0490 1.8300 -3.4500
v -1.0464 1.8236 -3.4500
v -1.0400 1.8210 -3.4500
v -1.0336 1.8236 -3.4500
v -1.0310 1.8300 -3.4500
v -1.0336 1.8364 -3.4500
v -1.0400 1.8300 4.0500
v -1.0400 1.8390 4.0500
v -1.0464 1.8364 4.0500
v -1.0490 1.8300 4.0500
v -1.0464 1.8236 4.0500
v -1.0400 1.8210 4.0500
v -1.0336 1.8236 4.0500
v -1.0310 1.8300 4.0500
v -1.0336 1.8364 4.0500
v -1.1300 1.8390 -3.4500
v -1.1364 1.8364 -3.4500
v -1.1390 1.8300 -3.4500
v -1.1364 1.8236 -3.4500
v -1.1300 1.8210 -3.4500
v -1.1236 1.8236 -3.4500
v -1.1210 1.8300 -3.4500
v -1.1236 1.8364 -3.4500
v -1.1300 1.8390 -3.4500
v -1.1300 1.8390 4.0500
v -1.1364 1.8364 4.0500
v -1.1390 1.8300 4.0500
v -1.1364 1.8236 4.0500
v -1.1300 1.8210 4.0500
v -1.1236 1.8236 4.0500
v -1.1210 1.8300 4.0500
v -1.1236 1.8364 4.0500
v -1.1300 1.8390 4.0500
v -1.1300 1.8300 -3.4500
v -1.1300 1.8390 -3.4500
v -1.1364 1.8364 -3.4500
v -1.1390 1.8300 -3.4500
v -1.1364 1.8236 -3.4500
v -1.1300 1.8210 -3.4500
v -1.1236 1.8236 -3.4500
v -1.1210 1.8300 -3.4500
v -1.1236 1.8364 -3.4500
v -1.1300 1.8300 4.0500
v -1.1300 1.8390 4.0500
v -1.1364 1.8364 4.0500
v -1.1390 1.8300 4.0500
v -1.1364 1.8236 4.0500
v -1.1300 1.8210 4.0500
v -1.1236 1.8236 4.0500
v -1.1210 1.8300 4.0500
v -1.1236 1.8364 4.0500
v -0.8300 1.8960 -3.4500
v -0.8365 1.8939 -3.4500
v -0.8405 1.8884 -3.4500
v -0.8405 1.8816 -3.4500
v -0.8365 1.8761 -3.4500
v -0.8300 1.8740 -3.4500
v -0.8235 1.8761 -3.4500
v -0.8195 1.8816 -3.4500
v -0.8195 1.8884 -3.4500
v -0.8235 1.8939 -3.4500
v -0.8300 1.8960 -3.4500
v -0.8300 1.8960 4.0500
v -0.8365 1.8939 4.0500
v -0.8405 1.8884 4.0500
v -0.8405 1.8816 4.0500
v -0.8365 1.8761 4.0500
v -0.8300 1.8740 4.0500
v -0.8235 1.8761 4.0500
v -0.8195 1.8816 4.0500
v -0.8195 1.8884 4.0500
v -0.8235 1.8939 4.0500
v -0.8300 1.8960 4.0500
v -0.8300 1.8850 -3.4500
v -0.8300 1.8960 -3.4500
v -0.8365 1.8939 -3.4500
v -0.8405 1.8884 -3.4500
v -0.8405 1.8816 -3.4500
v -0.8365 1.8761 -3.4500
v -0.8300 1.8740 -3.4500
v -0.8235 1.8761 -3.4500
v -0.8195 1.8816 -3.4500
v -0.8195 1.8884 -3.4500
v -0.8235 1.8939 -3.4500
v -0.8300 1.8850 4.0500
v -0.8300 1.8960 4.0500
v -0.8365 1.8939 4.0500
v -0.8405 1.8884 4.0500
v -0.8405 1.8816 4.0500
v -0.8365 1.8761 4.0500
v -0.8300 1.8740 4.0500
v -0.8235 1.8761 4.0500
v -0.8195 1.8816 4.0500
v -0.8195 1.8884 4.0500
v -0.8235 1.8939 4.0500
v -1.2523 1.7595 -3.4000
v -1.2501 1.7567 -3.3915
v -1.2450 1.7500 -3.3880
v -1.2399 1.7433 -3.3915
v -1.2377 1.7405 -3.4000
v -1.2399 1.7433 -3.4085
v -1.2450 1.7500 -3.4120
v -1.2501 1.7567 -3.4085
v -1.2523 1.7595 -3.4000
v -1.1553 1.8334 -3.4000
v -1.1532 1.8306 -3.3915
v -1.1481 1.8239 -3.3880
v -1.1429 1.8171 -3.3915
v -1.1408 1.8143 -3.4000
v -1.1429 1.8171 -3.4085
v -1.1481 1.8239 -3.4120
v -1.1532 1.8306 -3.4085
v -1.1553 1.8334 -3.4000
v -1.1496 1.8371 -3.4000
v -1.1479 1.8340 -3.3915
v -1.1439 1.8265 -3.3880
v -1.1399 1.8191 -3.3915
v -1.1382 1.8160 -3.4000
v -1.1399 1.8191 -3.4085
v -1.1439 1.8265 -3.4120
v -1.1479 1.8340 -3.4085
v -1.1496 1.8371 -3.4000
v -1.1433 1.8398 -3.4000
v -1.1422 1.8365 -3.3915
v -1.1395 1.8285 -3.3880
v -1.1368 1.8204 -3.3915
v -1.1356 1.8171 -3.4000
v -1.1368 1.8204 -3.4085
v -1.1395 1.8285 -3.4120
v -1.1422 1.8365 -3.4085
v -1.1433 1.8398 -3.4000
v -1.1367 1.8415 -3.4000
v -1.1361 1.8380 -3.3915
v -1.1348 1.8296 -3.3880
v -1.1335 1.8212 -3.3915
v -1.1329 1.8178 -3.4000
v -1.1335 1.8212 -3.4085
v -1.1348 1.8296 -3.4120
v -1.1361 1.8380 -3.4085
v -1.1367 1.8415 -3.4000
v -1.1299 1.8420 -3.4000
v -1.1299 1.8385 -3.3915
v -1.1299 1.8300 -3.3880
v -1.1299 1.8215 -3.3915
v -1.1299 1.8180 -3.4000
v -1.1299 1.8215 -3.4085
v -1.1299 1.8300 -3.4120
v -1.1299 1.8385 -3.4085
v -1.1299 1.8420 -3.4000
v -0.8570 1.8420 -3.4000
v -0.8570 1.8385 -3.3915
v -0.8569 1.8300 -3.3880
v -0.8569 1.8215 -3.3915
v -0.8569 1.8180 -3.4000
v -0.8569 1.8215 -3.4085
v -0.8569 1.8300 -3.4120
v -0.8570 1.8385 -3.4085
v -0.8570 1.8420 -3.4000
v -0.8490 1.8431 -3.4000
v -0.8478 1.8397 -3.3915
v -0.8452 1.8317 -3.3880
v -0.8425 1.8236 -3.3915
v -0.8414 1.8203 -3.4000
v -0.8425 1.8236 -3.4085
v -0.8452 1.8317 -3.4120
v -0.8478 1.8397 -3.4085
v -0.8490 1.8431 -3.4000
v -0.8452 1.8452 -3.4000
v -0.8427 1.8427 -3.3915
v -0.8367 1.8367 -3.3880
v -0.8307 1.8307 -3.3915
v -0.8283 1.8283 -3.4000
v -0.8307 1.8307 -3.4085
v -0.8367 1.8367 -3.4120
v -0.8427 1.8427 -3.4085
v -0.8452 1.8452 -3.4000
v -0.8431 1.8490 -3.4000
v -0.8397 1.8478 -3.3915
v -0.8317 1.8452 -3.3880
v -0.8236 1.8425 -3.3915
v -0.8203 1.8414 -3.4000
v -0.8236 1.8425 -3.4085
v -0.8317 1.8452 -3.4120
v -0.8397 1.8478 -3.4085
v -0.8431 1.8490 -3.4000
v -0.8420 1.8575 -3.4000
v -0.8385 1.8573 -3.3915
v -0.8300 1.8570 -3.3880
v -0.8215 1.8566 -3.3915
v -0.8180 1.8564 -3.4000
v -0.8215 1.8566 -3.4085
v -0.8300 1.8570 -3.4120
v -0.8385 1.8573 -3.4085
v -0.8420 1.8575 -3.4000
v -0.8420 1.8850 -3.4000
v -0.8385 1.8850 -3.3915
v -0.8300 1.8850 -3.3880
v -0.8215 1.8850 -3.3915
v -0.8180 1.8850 -3.4000
v -0.8215 1.8850 -3.4085
v -0.8300 1.8850 -3.4120
v -0.8385 1.8850 -3.4085
v -0.8420 1.8850 -3.4000
v -1.2450 1.7500 -3.4000
v -1.2523 1.7595 -3.4000
v -1.2501 1.7567 -3.3915
v -1.2450 1.7500 -3.3880
v -1.2399 1.7433 -3.3915
v -1.2377 1.7405 -3.4000
v -1.2399 1.7433 -3.4085
v -1.2450 1.7500 -3.4120
v -1.2501 1.7567 -3.4085
v -0.8300 1.8850 -3.4000
v -0.8420 1.8850 -3.4000
v -0.8385 1.8850 -3.3915
v -0.8300 1.8850 -3.3880
v -0.8215 1.8850 -3.3915
v -0.8180 1.8850 -3.4000
v -0.8215 1.8850 -3.4085
v -0.8300 1.8850 -3.4120
v -0.8385 1.8850 -3.4085
v -1.2397 1.7167 -3.3767
v -1.2392 1.7162 -3.3790
v -1.2392 1.7162 -3.4210
v -1.2397 1.7167 -3.4233
v -1.2392 1.7190 -3.3762
v -1.2380 1.7190 -3.3790
v -1.2380 1.7190 -3.4210
v -1.2392 1.7190 -3.4238
v -1.2392 1.7810 -3.3762
v -1.2380 1.7810 -3.3790
v -1.2380 1.7810 -3.4210
v -1.2392 1.7810 -3.4238
v -1.2397 1.7833 -3.3767
v -1.2392 1.7838 -3.3790
v -1.2392 1.7838 -3.4210
v -1.2397 1.7833 -3.4233
v -1.2483 1.7167 -3.4233
v -1.2488 1.7162 -3.4210
v -1.2488 1.7162 -3.3790
v -1.2483 1.7167 -3.3767
v -1.2488 1.7190 -3.4238
v -1.2500 1.7190 -3.4210
v -1.2500 1.7190 -3.3790
v -1.2488 1.7190 -3.3762
v -1.2488 1.7810 -3.4238
v -1.2500 1.7810 -3.4210
v -1.2500 1.7810 -3.3790
v -1.2488 1.7810 -3.3762
v -1.2483 1.7833 -3.4233
v -1.2488 1.7838 -3.4210
v -1.2488 1.7838 -3.3790
v -1.2483 1.7833 -3.3767
v -1.2483 1.7833 -3.3767
v -1.2460 1.7838 -3.3762
v -1.2420 1.7838 -3.3762
v -1.2397 1.7833 -3.3767
v -1.2488 1.7838 -3.3790
v -1.2460 1.7850 -3.3790
v -1.2420 1.7850 -3.3790
v -1.2392 1.7838 -3.3790
v -1.2488 1.7838 -3.4210
v -1.2460 1.7850 -3.4210
v -1.2420 1.7850 -3.4210
v -1.2392 1.7838 -3.4210
v -1.2483 1.7833 -3.4233
v -1.2460 1.7838 -3.4238
v -1.2420 1.7838 -3.4238
v -1.2397 1.7833 -3.4233
v -1.2483 1.7167 -3.4233
v -1.2460 1.7162 -3.4238
v -1.2420 1.7162 -3.4238
v -1.2397 1.7167 -3.4233
v -1.2488 1.7162 -3.4210
v -1.2460 1.7150 -3.4210
v -1.2420 1.7150 -3.4210
v -1.2392 1.7162 -3.4210
v -1.2488 1.7162 -3.3790
v -1.2460 1.7150 -3.3790
v -1.2420 1.7150 -3.3790
v -1.2392 1.7162 -3.3790
v -1.2483 1.7167 -3.3767
v -1.2460 1.7162 -3.3762
v -1.2420 1.7162 -3.3762
v -1.2397 1.7167 -3.3767
v -1.2483 1.7167 -3.3767
v -1.2460 1.7162 -3.3762
v -1.2420 1.7162 -3.3762
v -1.2397 1.7167 -3.3767
v -1.2488 1.7190 -3.3762
v -1.2460 1.7190 -3.3750
v -1.2420 1.7190 -3.3750
v -1.2392 1.7190 -3.3762
v -1.2488 1.7810 -3.3762
v -1.2460 1.7810 -3.3750
v -1.2420 1.7810 -3.3750
v -1.2392 1.7810 -3.3762
v -1.2483 1.7833 -3.3767
v -1.2460 1.7838 -3.3762
v -1.2420 1.7838 -3.3762
v -1.2397 1.7833 -3.3767
v -1.2397 1.7167 -3.4233
v -1.2420 1.7162 -3.4238
v -1.2460 1.7162 -3.4238
v -1.2483 1.7167 -3.4233
v -1.2392 1.7190 -3.4238
v -1.2420 1.7190 -3.4250
v -1.2460 1.7190 -3.4250
v -1.2488 1.7190 -3.4238
v -1.2392 1.7810 -3.4238
v -1.2420 1.7810 -3.4250
v -1.2460 1.7810 -3.4250
v -1.2488 1.7810 -3.4238
v -1.2397 1.7833 -3.4233
v -1.2420 1.7838 -3.4238
v -1.2460 1.7838 -3.4238
v -1.2483 1.7833 -3.4233
v -1.2523 1.7595 -1.9200
v -1.2501 1.7567 -1.9115
v -1.2450 1.7500 -1.9080
v -1.2399 1.7433 -1.9115
v -1.2377 1.7405 -1.9200
v -1.2399 1.7433 -1.9285
v -1.2450 1.7500 -1.9320
v -1.2501 1.7567 -1.9285
v -1.2523 1.7595 -1.9200
v -1.1553 1.8334 -1.9200
v -1.1532 1.8306 -1.9115
v -1.1481 1.8239 -1.9080
v -1.1429 1.8171 -1.9115
v -1.1408 1.8143 -1.9200
v -1.1429 1.8171 -1.9285
v -1.1481 1.8239 -1.9320
v -1.1532 1.8306 -1.9285
v -1.1553 1.8334 -1.9200
v -1.1496 1.8371 -1.9200
v -1.1479 1.8340 -1.9115
v -1.1439 1.8265 -1.9080
v -1.1399 1.8191 -1.9115
v -1.1382 1.8160 -1.9200
v -1.1399 1.8191 -1.9285
v -1.1439 1.8265 -1.9320
v -1.1479 1.8340 -1.9285
v -1.1496 1.8371 -1.9200
v -1.1433 1.8398 -1.9200
v -1.1422 1.8365 -1.9115
v -1.1395 1.8285 -1.9080
v -1.1368 1.8204 -1.9115
v -1.1356 1.8171 -1.9200
v -1.1368 1.8204 -1.9285
v -1.1395 1.8285 -1.9320
v -1.1422 1.8365 -1.9285
v -1.1433 1.8398 -1.9200
v -1.1367 1.8415 -1.9200
v -1.1361 1.8380 -1.9115
v -1.1348 1.8296 -1.9080
v -1.1335 1.8212 -1.9115
v -1.1329 1.8178 -1.9200
v -1.1335 1.8212 -1.9285
v -1.1348 1.8296 -1.9320
v -1.1361 1.8380 -1.9285
v -1.1367 1.8415 -1.9200
v -1.1299 1.8420 -1.9200
v -1.1299 1.8385 -1.9115
v -1.1299 1.8300 -1.9080
v -1.1299 1.8215 -1.9115
v -1.1299 1.8180 -1.9200
v -1.1299 1.8215 -1.9285
v -1.1299 1.8300 -1.9320
v -1.1299 1.8385 -1.9285
v -1.1299 1.8420 -1.9200
v -0.8570 1.8420 -1.9200
v -0.8570 1.8385 -1.9115
v -0.8569 1.8300 -1.9080
v -0.8569 1.8215 -1.9115
v -0.8569 1.8180 -1.9200
v -0.8569 1.8215 -1.9285
v -0.8569 1.8300 -1.9320
v -0.8570 1.8385 -1.9285
v -0.8570 1.8420 -1.9200
v -0.8490 1.8431 -1.9200
v -0.8478 1.8397 -1.9115
v -0.8452 1.8317 -1.9080
v -0.8425 1.8236 -1.9115
v -0.8414 1.8203 -1.9200
v -0.8425 1.8236 -1.9285
v -0.8452 1.8317 -1.9320
v -0.8478 1.8397 -1.9285
v -0.8490 1.8431 -1.9200
v -0.8452 1.8452 -1.9200
v -0.8427 1.8427 -1.9115
v -0.8367 1.8367 -1.9080
v -0.8307 1.8307 -1.9115
v -0.8283 1.8283 -1.9200
v -0.8307 1.8307 -1.9285
v -0.8367 1.8367 -1.9320
v -0.8427 1.8427 -1.9285
v -0.8452 1.8452 -1.9200
v -0.8431 1.8490 -1.9200
v -0.8397 1.8478 -1.9115
v -0.8317 1.8452 -1.9080
v -0.8236 1.8425 -1.9115
v -0.8203 1.8414 -1.9200
v -0.8236 1.8425 -1.9285
v -0.8317 1.8452 -1.9320
v -0.8397 1.8478 -1.9285
v -0.8431 1.8490 -1.9200
v -0.8420 1.8575 -1.9200
v -0.8385 1.8573 -1.9115
v -0.8300 1.8570 -1.9080
v -0.8215 1.8566 -1.9115
v -0.8180 1.8564 -1.9200
v -0.8215 1.8566 -1.9285
v -0.8300 1.8570 -1.9320
v -0.8385 1.8573 -1.9285
v -0.8420 1.8575 -1.9200
v -0.8420 1.8850 -1.9200
v -0.8385 1.8850 -1.9115
v -0.8300 1.8850 -1.9080
v -0.8215 1.8850 -1.9115
v -0.8180 1.8850 -1.9200
v -0.8215 1.8850 -1.9285
v -0.8300 1.8850 -1.9320
v -0.8385 1.8850 -1.9285
v -0.8420 1.8850 -1.9200
v -1.2450 1.7500 -1.9200
v -1.2523 1.7595 -1.9200
v -1.2501 1.7567 -1.9115
v -1.2450 1.7500 -1.9080
v -1.2399 1.7433 -1.9115
v -1.2377 1.7405 -1.9200
v -1.2399 1.7433 -1.9285
v -1.2450 1.7500 -1.9320
v -1.2501 1.7567 -1.9285
v -0.8300 1.8850 -1.9200
v -0.8420 1.8850 -1.9200
v -0.8385 1.8850 -1.9115
v -0.8300 1.8850 -1.9080
v -0.8215 1.8850 -1.9115
v -0.8180 1.8850 -1.9200
v -0.8215 1.8850 -1.9285
v -0.8300 1.8850 -1.9320
v -0.8385 1.8850 -1.9285
v -1.2397 1.7167 -1.8967
v -1.2392 1.7162 -1.8990
v -1.2392 1.7162 -1.9410
v -1.2397 1.7167 -1.9433
v -1.2392 1.7190 -1.8962
v -1.2380 1.7190 -1.8990
v -1.2380 1.7190 -1.9410
v -1.2392 1.7190 -1.9438
v -1.2392 1.7810 -1.8962
v -1.2380 1.7810 -1.8990
v -1.2380 1.7810 -1.9410
v -1.2392 1.7810 -1.9438
v -1.2397 1.7833 -1.8967
v -1.2392 1.7838 -1.8990
v -1.2392 1.7838 -1.9410
v -1.2397 1.7833 -1.9433
v -1.2483 1.7167 -1.9433
v -1.2488 1.7162 -1.9410
v -1.2488 1.7162 -1.8990
v -1.2483 1.7167 -1.8967
v -1.2488 1.7190 -1.9438
v -1.2500 1.7190 -1.9410
v -1.2500 1.7190 -1.8990
v -1.2488 1.7190 -1.8962
v -1.2488 1.7810 -1.9438
v -1.2500 1.7810 -1.9410
v -1.2500 1.7810 -1.8990
v -1.2488 1.7810 -1.8962
v -1.2483 1.7833 -1.9433
v -1.2488 1.7838 -1.9410
v -1.2488 1.7838 -1.8990
v -1.2483 1.7833 -1.8967
v -1.2483 1.7833 -1.8967
v -1.2460 1.7838 -1.8962
v -1.2420 1.7838 -1.8962
v -1.2397 1.7833 -1.8967
v -1.2488 1.7838 -1.8990
v -1.2460 1.7850 -1.8990
v -1.2420 1.7850 -1.8990
v -1.2392 1.7838 -1.8990
v -1.2488 1.7838 -1.9410
v -1.2460 1.7850 -1.9410
v -1.2420 1.7850 -1.9410
v -1.2392 1.7838 -1.9410
v -1.2483 1.7833 -1.9433
v -1.2460 1.7838 -1.9438
v -1.2420 1.7838 -1.9438
v -1.2397 1.7833 -1.9433
v -1.2483 1.7167 -1.9433
v -1.2460 1.7162 -1.9438
v -1.2420 1.7162 -1.9438
v -1.2397 1.7167 -1.9433
v -1.2488 1.7162 -1.9410
v -1.2460 1.7150 -1.9410
v -1.2420 1.7150 -1.9410
v -1.2392 1.7162 -1.9410
v -1.2488 1.7162 -1.8990
v -1.2460 1.7150 -1.8990
v -1.2420 1.7150 -1.8990
v -1.2392 1.7162 -1.8990
v -1.2483 1.7167 -1.8967
v -1.2460 1.7162 -1.8962
v -1.2420 1.7162 -1.8962
v -1.2397 1.7167 -1.8967
v -1.2483 1.7167 -1.8967
v -1.2460 1.7162 -1.8962
v -1.2420 1.7162 -1.8962
v -1.2397 1.7167 -1.8967
v -1.2488 1.7190 -1.8962
v -1.2460 1.7190 -1.8950
v -1.2420 1.7190 -1.8950
v -1.2392 1.7190 -1.8962
v -1.2488 1.7810 -1.8962
v -1.2460 1.7810 -1.8950
v -1.2420 1.7810 -1.8950
v -1.2392 1.7810 -1.8962
v -1.2483 1.7833 -1.8967
v -1.2460 1.7838 -1.8962
v -1.2420 1.7838 -1.8962
v -1.2397 1.7833 -1.8967
v -1.2397 1.7167 -1.9433
v -1.2420 1.7162 -1.9438
v -1.2460 1.7162 -1.9438
v -1.2483 1.7167 -1.9433
v -1.2392 1.7190 -1.9438
v -1.2420 1.7190 -1.9450
v -1.2460 1.7190 -1.9450
v -1.2488 1.7190 -1.9438
v -1.2392 1.7810 -1.9438
v -1.2420 1.7810 -1.9450
v -1.2460 1.7810 -1.9450
v -1.2488 1.7810 -1.9438
v -1.2397 1.7833 -1.9433
v -1.2420 1.7838 -1.9438
v -1.2460 1.7838 -1.9438
v -1.2483 1.7833 -1.9433
v -1.2523 1.7595 -0.4400
v -1.2501 1.7567 -0.4315
v -1.2450 1.7500 -0.4280
v -1.2399 1.7433 -0.4315
v -1.2377 1.7405 -0.4400
v -1.2399 1.7433 -0.4485
v -1.2450 1.7500 -0.4520
v -1.2501 1.7567 -0.4485
v -1.2523 1.7595 -0.4400
v -1.1553 1.8334 -0.4400
v -1.1532 1.8306 -0.4315
v -1.1481 1.8239 -0.4280
v -1.1429 1.8171 -0.4315
v -1.1408 1.8143 -0.4400
v -1.1429 1.8171 -0.4485
v -1.1481 1.8239 -0.4520
v -1.1532 1.8306 -0.4485
v -1.1553 1.8334 -0.4400
v -1.1496 1.8371 -0.4400
v -1.1479 1.8340 -0.4315
v -1.1439 1.8265 -0.4280
v -1.1399 1.8191 -0.4315
v -1.1382 1.8160 -0.4400
v -1.1399 1.8191 -0.4485
v -1.1439 1.8265 -0.4520
v -1.1479 1.8340 -0.4485
v -1.1496 1.8371 -0.4400
v -1.1433 1.8398 -0.4400
v -1.1422 1.8365 -0.4315
v -1.1395 1.8285 -0.4280
v -1.1368 1.8204 -0.4315
v -1.1356 1.8171 -0.4400
v -1.1368 1.8204 -0.4485
v -1.1395 1.8285 -0.4520
v -1.1422 1.8365 -0.4485
v -1.1433 1.8398 -0.4400
v -1.1367 1.8415 -0.4400
v -1.1361 1.8380 -0.4315
v -1.1348 1.8296 -0.4280
v -1.1335 1.8212 -0.4315
v -1.1329 1.8178 -0.4400
v -1.1335 1.8212 -0.4485
v -1.1348 1.8296 -0.4520
v -1.1361 1.8380 -0.4485
v -1.1367 1.8415 -0.4400
v -1.1299 1.8420 -0.4400
v -1.1299 1.8385 -0.4315
v -1.1299 1.8300 -0.4280
v -1.1299 1.8215 -0.4315
v -1.1299 1.8180 -0.4400
v -1.1299 1.8215 -0.4485
v -1.1299 1.8300 -0.4520
v -1.1299 1.8385 -0.4485
v -1.1299 1.8420 -0.4400
v -0.8570 1.8420 -0.4400
v -0.8570 1.8385 -0.4315
v -0.8569 1.8300 -0.4280
v -0.8569 1.8215 -0.4315
v -0.8569 1.8180 -0.4400
v -0.8569 1.8215 -0.4485
v -0.8569 1.8300 -0.4520
v -0.8570 1.8385 -0.4485
v -0.8570 1.8420 -0.4400
v -0.8490 1.8431 -0.4400
v -0.8478 1.8397 -0.4315
v -0.8452 1.8317 -0.4280
v -0.8425 1.8236 -0.4315
v -0.8414 1.8203 -0.4400
v -0.8425 1.8236 -0.4485
v -0.8452 1.8317 -0.4520
v -0.8478 1.8397 -0.4485
v -0.8490 1.8431 -0.4400
v -0.8452 1.8452 -0.4400
v -0.8427 1.8427 -0.4315
v -0.8367 1.8367 -0.4280
v -0.8307 1.8307 -0.4315
v -0.8283 1.8283 -0.4400
v -0.8307 1.8307 -0.4485
v -0.8367 1.8367 -0.4520
v -0.8427 1.8427 -0.4485
v -0.8452 1.8452 -0.4400
v -0.8431 1.8490 -0.4400
v -0.8397 1.8478 -0.4315
v -0.8317 1.8452 -0.4280
v -0.8236 1.8425 -0.4315
v -0.8203 1.8414 -0.4400
v -0.8236 1.8425 -0.4485
v -0.8317 1.8452 -0.4520
v -0.8397 1.8478 -0.4485
v -0.8431 1.8490 -0.4400
v -0.8420 1.8575 -0.4400
v -0.8385 1.8573 -0.4315
v -0.8300 1.8570 -0.4280
v -0.8215 1.8566 -0.4315
v -0.8180 1.8564 -0.4400
v -0.8215 1.8566 -0.4485
v -0.8300 1.8570 -0.4520
v -0.8385 1.8573 -0.4485
v -0.8420 1.8575 -0.4400
v -0.8420 1.8850 -0.4400
v -0.8385 1.8850 -0.4315
v -0.8300 1.8850 -0.4280
v -0.8215 1.8850 -0.4315
v -0.8180 1.8850 -0.4400
v -0.8215 1.8850 -0.4485
v -0.8300 1.8850 -0.4520
v -0.8385 1.8850 -0.4485
v -0.8420 1.8850 -0.4400
v -1.2450 1.7500 -0.4400
v -1.2523 1.7595 -0.4400
v -1.2501 1.7567 -0.4315
v -1.2450 1.7500 -0.4280
v -1.2399 1.7433 -0.4315
v -1.2377 1.7405 -0.4400
v -1.2399 1.7433 -0.4485
v -1.2450 1.7500 -0.4520
v -1.2501 1.7567 -0.4485
v -0.8300 1.8850 -0.4400
v -0.8420 1.8850 -0.4400
v -0.8385 1.8850 -0.4315
v -0.8300 1.8850 -0.4280
v -0.8215 1.8850 -0.4315
v -0.8180 1.8850 -0.4400
v -0.8215 1.8850 -0.4485
v -0.8300 1.8850 -0.4520
v -0.8385 1.8850 -0.4485
v -1.2397 1.7167 -0.4167
v -1.2392 1.7162 -0.4190
v -1.2392 1.7162 -0.4610
v -1.2397 1.7167 -0.4633
v -1.2392 1.7190 -0.4162
v -1.2380 1.7190 -0.4190
v -1.2380 1.7190 -0.4610
v -1.2392 1.7190 -0.4638
v -1.2392 1.7810 -0.4162
v -1.2380 1.7810 -0.4190
v -1.2380 1.7810 -0.4610
v -1.2392 1.7810 -0.4638
v -1.2397 1.7833 -0.4167
v -1.2392 1.7838 -0.4190
v -1.2392 1.7838 -0.4610
v -1.2397 1.7833 -0.4633
v -1.2483 1.7167 -0.4633
v -1.2488 1.7162 -0.4610
v -1.2488 1.7162 -0.4190
v -1.2483 1.7167 -0.4167
v -1.2488 1.7190 -0.4638
v -1.2500 1.7190 -0.4610
v -1.2500 1.7190 -0.4190
v -1.2488 1.7190 -0.4162
v -1.2488 1.7810 -0.4638
v -1.2500 1.7810 -0.4610
v -1.2500 1.7810 -0.4190
v -1.2488 1.7810 -0.4162
v -1.2483 1.7833 -0.4633
v -1.2488 1.7838 -0.4610
v -1.2488 1.7838 -0.4190
v -1.2483 1.7833 -0.4167
v -1.2483 1.7833 -0.4167
v -1.2460 1.7838 -0.4162
v -1.2420 1.7838 -0.4162
v -1.2397 1.7833 -0.4167
v -1.2488 1.7838 -0.4190
v -1.2460 1.7850 -0.4190
v -1.2420 1.7850 -0.4190
v -1.2392 1.7838 -0.4190
v -1.2488 1.7838 -0.4610
v -1.2460 1.7850 -0.4610
v -1.2420 1.7850 -0.4610
v -1.2392 1.7838 -0.4610
v -1.2483 1.7833 -0.4633
v -1.2460 1.7838 -0.4638
v -1.2420 1.7838 -0.4638
v -1.2397 1.7833 -0.4633
v -1.2483 1.7167 -0.4633
v -1.2460 1.7162 -0.4638
v -1.2420 1.7162 -0.4638
v -1.2397 1.7167 -0.4633
v -1.2488 1.7162 -0.4610
v -1.2460 1.7150 -0.4610
v -1.2420 1.7150 -0.4610
v -1.2392 1.7162 -0.4610
v -1.2488 1.7162 -0.4190
v -1.2460 1.7150 -0.4190
v -1.2420 1.7150 -0.4190
v -1.2392 1.7162 -0.4190
v -1.2483 1.7167 -0.4167
v -1.2460 1.7162 -0.4162
v -1.2420 1.7162 -0.4162
v -1.2397 1.7167 -0.4167
v -1.2483 1.7167 -0.4167
v -1.2460 1.7162 -0.4162
v -1.2420 1.7162 -0.4162
v -1.2397 1.7167 -0.4167
v -1.2488 1.7190 -0.4162
v -1.2460 1.7190 -0.4150
v -1.2420 1.7190 -0.4150
v -1.2392 1.7190 -0.4162
v -1.2488 1.7810 -0.4162
v -1.2460 1.7810 -0.4150
v -1.2420 1.7810 -0.4150
v -1.2392 1.7810 -0.4162
v -1.2483 1.7833 -0.4167
v -1.2460 1.7838 -0.4162
v -1.2420 1.7838 -0.4162
v -1.2397 1.7833 -0.4167
v -1.2397 1.7167 -0.4633
v -1.2420 1.7162 -0.4638
v -1.2460 1.7162 -0.4638
v -1.2483 1.7167 -0.4633
v -1.2392 1.7190 -0.4638
v -1.2420 1.7190 -0.4650
v -1.2460 1.7190 -0.4650
v -1.2488 1.7190 -0.4638
v -1.2392 1.7810 -0.4638
v -1.2420 1.7810 -0.4650
v -1.2460 1.7810 -0.4650
v -1.2488 1.7810 -0.4638
v -1.2397 1.7833 -0.4633
v -1.2420 1.7838 -0.4638
v -1.2460 1.7838 -0.4638
v -1.2483 1.7833 -0.4633
v -1.2523 1.7595 1.0400
v -1.2501 1.7567 1.0485
v -1.2450 1.7500 1.0520
v -1.2399 1.7433 1.0485
v -1.2377 1.7405 1.0400
v -1.2399 1.7433 1.0315
v -1.2450 1.7500 1.0280
v -1.2501 1.7567 1.0315
v -1.2523 1.7595 1.0400
v -1.1553 1.8334 1.0400
v -1.1532 1.8306 1.0485
v -1.1481 1.8239 1.0520
v -1.1429 1.8171 1.0485
v -1.1408 1.8143 1.0400
v -1.1429 1.8171 1.0315
v -1.1481 1.8239 1.0280
v -1.1532 1.8306 1.0315
v -1.1553 1.8334 1.0400
v -1.1496 1.8371 1.0400
v -1.1479 1.8340 1.0485
v -1.1439 1.8265 1.0520
v -1.1399 1.8191 1.0485
v -1.1382 1.8160 1.0400
v -1.1399 1.8191 1.0315
v -1.1439 1.8265 1.0280
v -1.1479 1.8340 1.0315
v -1.1496 1.8371 1.0400
v -1.1433 1.8398 1.0400
v -1.1422 1.8365 1.0485
v -1.1395 1.8285 1.0520
v -1.1368 1.8204 1.0485
v -1.1356 1.8171 1.0400
v -1.1368 1.8204 1.0315
v -1.1395 1.8285 1.0280
v -1.1422 1.8365 1.0315
v -1.1433 1.8398 1.0400
v -1.1367 1.8415 1.0400
v -1.1361 1.8380 1.0485
v -1.1348 1.8296 1.0520
v -1.1335 1.8212 1.0485
v -1.1329 1.8178 1.0400
v -1.1335 1.8212 1.0315
v -1.1348 1.8296 1.0280
v -1.1361 1.8380 1.0315
v -1.1367 1.8415 1.0400
v -1.1299 1.8420 1.0400
v -1.1299 1.8385 1.0485
v -1.1299 1.8300 1.0520
v -1.1299 1.8215 1.0485
v -1.1299 1.8180 1.0400
v -1.1299 1.8215 1.0315
v -1.1299 1.8300 1.0280
v -1.1299 1.8385 1.0315
v -1.1299 1.8420 1.0400
v -0.8570 1.8420 1.0400
v -0.8570 1.8385 1.0485
v -0.8569 1.8300 1.0520
v -0.8569 1.8215 1.0485
v -0.8569 1.8180 1.0400
v -0.8569 1.8215 1.0315
v -0.8569 1.8300 1.0280
v -0.8570 1.8385 1.0315
v -0.8570 1.8420 1.0400
v -0.8490 1.8431 1.0400
v -0.8478 1.8397 1.0485
v -0.8452 1.8317 1.0520
v -0.8425 1.8236 1.0485
v -0.8414 1.8203 1.0400
v -0.8425 1.8236 1.0315
v -0.8452 1.8317 1.0280
v -0.8478 1.8397 1.0315
v -0.8490 1.8431 1.0400
v -0.8452 1.8452 1.0400
v -0.8427 1.8427 1.0485
v -0.8367 1.8367 1.0520
v -0.8307 1.8307 1.0485
v -0.8283 1.8283 1.0400
v -0.8307 1.8307 1.0315
v -0.8367 1.8367 1.0280
v -0.8427 1.8427 1.0315
v -0.8452 1.8452 1.0400
v -0.8431 1.8490 1.0400
v -0.8397 1.8478 1.0485
v -0.8317 1.8452 1.0520
v -0.8236 1.8425 1.0485
v -0.8203 1.8414 1.0400
v -0.8236 1.8425 1.0315
v -0.8317 1.8452 1.0280
v -0.8397 1.8478 1.0315
v -0.8431 1.8490 1.0400
v -0.8420 1.8575 1.0400
v -0.8385 1.8573 1.0485
v -0.8300 1.8570 1.0520
v -0.8215 1.8566 1.0485
v -0.8180 1.8564 1.0400
v -0.8215 1.8566 1.0315
v -0.8300 1.8570 1.0280
v -0.8385 1.8573 1.0315
v -0.8420 1.8575 1.0400
v -0.8420 1.8850 1.0400
v -0.8385 1.8850 1.0485
v -0.8300 1.8850 1.0520
v -0.8215 1.8850 1.0485
v -0.8180 1.8850 1.0400
v -0.8215 1.8850 1.0315
v -0.8300 1.8850 1.0280
v -0.8385 1.8850 1.0315
v -0.8420 1.8850 1.0400
v -1.2450 1.7500 1.0400
v -1.2523 1.7595 1.0400
v -1.2501 1.7567 1.0485
v -1.2450 1.7500 1.0520
v -1.2399 1.7433 1.0485
v -1.2377 1.7405 1.0400
v -1.2399 1.7433 1.0315
v -1.2450 1.7500 1.0280
v -1.2501 1.7567 1.0315
v -0.8300 1.8850 1.0400
v -0.8420 1.8850 1.0400
v -0.8385 1.8850 1.0485
v -0.8300 1.8850 1.0520
v -0.8215 1.8850 1.0485
v -0.8180 1.8850 1.0400
v -0.8215 1.8850 1.0315
v -0.8300 1.8850 1.0280
v -0.8385 1.8850 1.0315
v -1.2397 1.7167 1.0633
v -1.2392 1.7162 1.0610
v -1.2392 1.7162 1.0190
v -1.2397 1.7167 1.0167
v -1.2392 1.7190 1.0638
v -1.2380 1.7190 1.0610
v -1.2380 1.7190 1.0190
v -1.2392 1.7190 1.0162
v -1.2392 1.7810 1.0638
v -1.2380 1.7810 1.0610
v -1.2380 1.7810 1.0190
v -1.2392 1.7810 1.0162
v -1.2397 1.7833 1.0633
v -1.2392 1.7838 1.0610
v -1.2392 1.7838 1.0190
v -1.2397 1.7833 1.0167
v -1.2483 1.7167 1.0167
v -1.2488 1.7162 1.0190
v -1.2488 1.7162 1.0610
v -1.2483 1.7167 1.0633
v -1.2488 1.7190 1.0162
v -1.2500 1.7190 1.0190
v -1.2500 1.7190 1.0610
v -1.2488 1.7190 1.0638
v -1.2488 1.7810 1.0162
v -1.2500 1.7810 1.0190
v -1.2500 1.7810 1.0610
v -1.2488 1.7810 1.0638
v -1.2483 1.7833 1.0167
v -1.2488 1.7838 1.0190
v -1.2488 1.7838 1.0610
v -1.2483 1.7833 1.0633
v -1.2483 1.7833 1.0633
v -1.2460 1.7838 1.0638
v -1.2420 1.7838 1.0638
v -1.2397 1.7833 1.0633
v -1.2488 1.7838 1.0610
v -1.2460 1.7850 1.0610
v -1.2420 1.7850 1.0610
v -1.2392 1.7838 1.0610
v -1.2488 1.7838 1.0190
v -1.2460 1.7850 1.0190
v -1.2420 1.7850 1.0190
v -1.2392 1.7838 1.0190
v -1.2483 1.7833 1.0167
v -1.2460 1.7838 1.0162
v -1.2420 1.7838 1.0162
v -1.2397 1.7833 1.0167
v -1.2483 1.7167 1.0167
v -1.2460 1.7162 1.0162
v -1.2420 1.7162 1.0162
v -1.2397 1.7167 1.0167
v -1.2488 1.7162 1.0190
v -1.2460 1.7150 1.0190
v -1.2420 1.7150 1.0190
v -1.2392 1.7162 1.0190
v -1.2488 1.7162 1.0610
v -1.2460 1.7150 1.0610
v -1.2420 1.7150 1.0610
v -1.2392 1.7162 1.0610
v -1.2483 1.7167 1.0633
v -1.2460 1.7162 1.0638
v -1.2420 1.7162 1.0638
v -1.2397 1.7167 1.0633
v -1.2483 1.7167 1.0633
v -1.2460 1.7162 1.0638
v -1.2420 1.7162 1.0638
v -1.2397 1.7167 1.0633
v -1.2488 1.7190 1.0638
v -1.2460 1.7190 1.0650
v -1.2420 1.7190 1.0650
v -1.2392 1.7190 1.0638
v -1.2488 1.7810 1.0638
v -1.2460 1.7810 1.0650
v -1.2420 1.7810 1.0650
v -1.2392 1.7810 1.0638
v -1.2483 1.7833 1.0633
v -1.2460 1.7838 1.0638
v -1.2420 1.7838 1.0638
v -1.2397 1.7833 1.0633
v -1.2397 1.7167 1.0167
v -1.2420 1.7162 1.0162
v -1.2460 1.7162 1.0162
v -1.2483 1.7167 1.0167
v -1.2392 1.7190 1.0162
v -1.2420 1.7190 1.0150
v -1.2460 1.7190 1.0150
v -1.2488 1.7190 1.0162
v -1.2392 1.7810 1.0162
v -1.2420 1.7810 1.0150
v -1.2460 1.7810 1.0150
v -1.2488 1.7810 1.0162
v -1.2397 1.7833 1.0167
v -1.2420 1.7838 1.0162
v -1.2460 1.7838 1.0162
v -1.2483 1.7833 1.0167
v -1.2523 1.7595 2.5200
v -1.2501 1.7567 2.5285
v -1.2450 1.7500 2.5320
v -1.2399 1.7433 2.5285
v -1.2377 1.7405 2.5200
v -1.2399 1.7433 2.5115
v -1.2450 1.7500 2.5080
v -1.2501 1.7567 2.5115
v -1.2523 1.7595 2.5200
v -1.1553 1.8334 2.5200
v -1.1532 1.8306 2.5285
v -1.1481 1.8239 2.5320
v -1.1429 1.8171 2.5285
v -1.1408 1.8143 2.5200
v -1.1429 1.8171 2.5115
v -1.1481 1.8239 2.5080
v -1.1532 1.8306 2.5115
v -1.1553 1.8334 2.5200
v -1.1496 1.8371 2.5200
v -1.1479 1.8340 2.5285
v -1.1439 1.8265 2.5320
v -1.1399 1.8191 2.5285
v -1.1382 1.8160 2.5200
v -1.1399 1.8191 2.5115
v -1.1439 1.8265 2.5080
v -1.1479 1.8340 2.5115
v -1.1496 1.8371 2.5200
v -1.1433 1.8398 2.5200
v -1.1422 1.8365 2.5285
v -1.1395 1.8285 2.5320
v -1.1368 1.8204 2.5285
v -1.1356 1.8171 2.5200
v -1.1368 1.8204 2.5115
v -1.1395 1.8285 2.5080
v -1.1422 1.8365 2.5115
v -1.1433 1.8398 2.5200
v -1.1367 1.8415 2.5200
v -1.1361 1.8380 2.5285
v -1.1348 1.8296 2.5320
v -1.1335 1.8212 2.5285
v -1.1329 1.8178 2.5200
v -1.1335 1.8212 2.5115
v -1.1348 1.8296 2.5080
v -1.1361 1.8380 2.5115
v -1.1367 1.8415 2.5200
v -1.1299 1.8420 2.5200
v -1.1299 1.8385 2.5285
v -1.1299 1.8300 2.5320
v -1.1299 1.8215 2.5285
v -1.1299 1.8180 2.5200
v -1.1299 1.8215 2.5115
v -1.1299 1.8300 2.5080
v -1.1299 1.8385 2.5115
v -1.1299 1.8420 2.5200
v -0.8570 1.8420 2.5200
v -0.8570 1.8385 2.5285
v -0.8569 1.8300 2.5320
v -0.8569 1.8215 2.5285
v -0.8569 1.8180 2.5200
v -0.8569 1.8215 2.5115
v -0.8569 1.8300 2.5080
v -0.8570 1.8385 2.5115
v -0.8570 1.8420 2.5200
v -0.8490 1.8431 2.5200
v -0.8478 1.8397 2.5285
v -0.8452 1.8317 2.5320
v -0.8425 1.8236 2.5285
v -0.8414 1.8203 2.5200
v -0.8425 1.8236 2.5115
v -0.8452 1.8317 2.5080
v -0.8478 1.8397 2.5115
v -0.8490 1.8431 2.5200
v -0.8452 1.8452 2.5200
v -0.8427 1.8427 2.5285
v -0.8367 1.8367 2.5320
v -0.8307 1.8307 2.5285
v -0.8283 1.8283 2.5200
v -0.8307 1.8307 2.5115
v -0.8367 1.8367 2.5080
v -0.8427 1.8427 2.5115
v -0.8452 1.8452 2.5200
v -0.8431 1.8490 2.5200
v -0.8397 1.8478 2.5285
v -0.8317 1.8452 2.5320
v -0.8236 1.8425 2.5285
v -0.8203 1.8414 2.5200
v -0.8236 1.8425 2.5115
v -0.8317 1.8452 2.5080
v -0.8397 1.8478 2.5115
v -0.8431 1.8490 2.5200
v -0.8420 1.8575 2.5200
v -0.8385 1.8573 2.5285
v -0.8300 1.8570 2.5320
v -0.8215 1.8566 2.5285
v -0.8180 1.8564 2.5200
v -0.8215 1.8566 2.5115
v -0.8300 1.8570 2.5080
v -0.8385 1.8573 2.5115
v -0.8420 1.8575 2.5200
v -0.8420 1.8850 2.5200
v -0.8385 1.8850 2.5285
v -0.8300 1.8850 2.5320
v -0.8215 1.8850 2.5285
v -0.8180 1.8850 2.5200
v -0.8215 1.8850 2.5115
v -0.8300 1.8850 2.5080
v -0.8385 1.8850 2.5115
v -0.8420 1.8850 2.5200
v -1.2450 1.7500 2.5200
v -1.2523 1.7595 2.5200
v -1.2501 1.7567 2.5285
v -1.2450 1.7500 2.5320
v -1.2399 1.7433 2.5285
v -1.2377 1.7405 2.5200
v -1.2399 1.7433 2.5115
v -1.2450 1.7500 2.5080
v -1.2501 1.7567 2.5115
v -0.8300 1.8850 2.5200
v -0.8420 1.8850 2.5200
v -0.8385 1.8850 2.5285
v -0.8300 1.8850 2.5320
v -0.8215 1.8850 2.5285
v -0.8180 1.8850 2.5200
v -0.8215 1.8850 2.5115
v -0.8300 1.8850 2.5080
v -0.8385 1.8850 2.5115
v -1.2397 1.7167 2.5433
v -1.2392 1.7162 2.5410
v -1.2392 1.7162 2.4990
v -1.2397 1.7167 2.4967
v -1.2392 1.7190 2.5438
v -1.2380 1.7190 2.5410
v -1.2380 1.7190 2.4990
v -1.2392 1.7190 2.4962
v -1.2392 1.7810 2.5438
v -1.2380 1.7810 2.5410
v -1.2380 1.7810 2.4990
v -1.2392 1.7810 2.4962
v -1.2397 1.7833 2.5433
v -1.2392 1.7838 2.5410
v -1.2392 1.7838 2.4990
v -1.2397 1.7833 2.4967
v -1.2483 1.7167 2.4967
v -1.2488 1.7162 2.4990
v -1.2488 1.7162 2.5410
v -1.2483 1.7167 2.5433
v -1.2488 1.7190 2.4962
v -1.2500 1.7190 2.4990
v -1.2500 1.7190 2.5410
v -1.2488 1.7190 2.5438
v -1.2488 1.7810 2.4962
v -1.2500 1.7810 2.4990
v -1.2500 1.7810 2.5410
v -1.2488 1.7810 2.5438
v -1.2483 1.7833 2.4967
v -1.2488 1.7838 2.4990
v -1.2488 1.7838 2.5410
v -1.2483 1.7833 2.5433
v -1.2483 1.7833 2.5433
v -1.2460 1.7838 2.5438
v -1.2420 1.7838 2.5438
v -1.2397 1.7833 2.5433
v -1.2488 1.7838 2.5410
v -1.2460 1.7850 2.5410
v -1.2420 1.7850 2.5410
v -1.2392 1.7838 2.5410
v -1.2488 1.7838 2.4990
v -1.2460 1.7850 2.4990
v -1.2420 1.7850 2.4990
v -1.2392 1.7838 2.4990
v -1.2483 1.7833 2.4967
v -1.2460 1.7838 2.4962
v -1.2420 1.7838 2.4962
v -1.2397 1.7833 2.4967
v -1.2483 1.7167 2.4967
v -1.2460 1.7162 2.4962
v -1.2420 1.7162 2.4962
v -1.2397 1.7167 2.4967
v -1.2488 1.7162 2.4990
v -1.2460 1.7150 2.4990
v -1.2420 1.7150 2.4990
v -1.2392 1.7162 2.4990
v -1.2488 1.7162 2.5410
v -1.2460 1.7150 2.5410
v -1.2420 1.7150 2.5410
v -1.2392 1.7162 2.5410
v -1.2483 1.7167 2.5433
v -1.2460 1.7162 2.5438
v -1.2420 1.7162 2.5438
v -1.2397 1.7167 2.5433
v -1.2483 1.7167 2.5433
v -1.2460 1.7162 2.5438
v -1.2420 1.7162 2.5438
v -1.2397 1.7167 2.5433
v -1.2488 1.7190 2.5438
v -1.2460 1.7190 2.5450
v -1.2420 1.7190 2.5450
v -1.2392 1.7190 2.5438
v -1.2488 1.7810 2.5438
v -1.2460 1.7810 2.5450
v -1.2420 1.7810 2.5450
v -1.2392 1.7810 2.5438
v -1.2483 1.7833 2.5433
v -1.2460 1.7838 2.5438
v -1.2420 1.7838 2.5438
v -1.2397 1.7833 2.5433
v -1.2397 1.7167 2.4967
v -1.2420 1.7162 2.4962
v -1.2460 1.7162 2.4962
v -1.2483 1.7167 2.4967
v -1.2392 1.7190 2.4962
v -1.2420 1.7190 2.4950
v -1.2460 1.7190 2.4950
v -1.2488 1.7190 2.4962
v -1.2392 1.7810 2.4962
v -1.2420 1.7810 2.4950
v -1.2460 1.7810 2.4950
v -1.2488 1.7810 2.4962
v -1.2397 1.7833 2.4967
v -1.2420 1.7838 2.4962
v -1.2460 1.7838 2.4962
v -1.2483 1.7833 2.4967
v -1.2523 1.7595 4.0000
v -1.2501 1.7567 4.0085
v -1.2450 1.7500 4.0120
v -1.2399 1.7433 4.0085
v -1.2377 1.7405 4.0000
v -1.2399 1.7433 3.9915
v -1.2450 1.7500 3.9880
v -1.2501 1.7567 3.9915
v -1.2523 1.7595 4.0000
v -1.1553 1.8334 4.0000
v -1.1532 1.8306 4.0085
v -1.1481 1.8239 4.0120
v -1.1429 1.8171 4.0085
v -1.1408 1.8143 4.0000
v -1.1429 1.8171 3.9915
v -1.1481 1.8239 3.9880
v -1.1532 1.8306 3.9915
v -1.1553 1.8334 4.0000
v -1.1496 1.8371 4.0000
v -1.1479 1.8340 4.0085
v -1.1439 1.8265 4.0120
v -1.1399 1.8191 4.0085
v -1.1382 1.8160 4.0000
v -1.1399 1.8191 3.9915
v -1.1439 1.8265 3.9880
v -1.1479 1.8340 3.9915
v -1.1496 1.8371 4.0000
v -1.1433 1.8398 4.0000
v -1.1422 1.8365 4.0085
v -1.1395 1.8285 4.0120
v -1.1368 1.8204 4.0085
v -1.1356 1.8171 4.0000
v -1.1368 1.8204 3.9915
v -1.1395 1.8285 3.9880
v -1.1422 1.8365 3.9915
v -1.1433 1.8398 4.0000
v -1.1367 1.8415 4.0000
v -1.1361 1.8380 4.0085
v -1.1348 1.8296 4.0120
v -1.1335 1.8212 4.0085
v -1.1329 1.8178 4.0000
v -1.1335 1.8212 3.9915
v -1.1348 1.8296 3.9880
v -1.1361 1.8380 3.9915
v -1.1367 1.8415 4.0000
v -1.1299 1.8420 4.0000
v -1.1299 1.8385 4.0085
v -1.1299 1.8300 4.0120
v -1.1299 1.8215 4.0085
v -1.1299 1.8180 4.0000
v -1.1299 1.8215 3.9915
v -1.1299 1.8300 3.9880
v -1.1299 1.8385 3.9915
v -1.1299 1.8420 4.0000
v -0.8570 1.8420 4.0000
v -0.8570 1.8385 4.0085
v -0.8569 1.8300 4.0120
v -0.8569 1.8215 4.0085
v -0.8569 1.8180 4.0000
v -0.8569 1.8215 3.9915
v -0.8569 1.8300 3.9880
v -0.8570 1.8385 3.9915
v -0.8570 1.8420 4.0000
v -0.8490 1.8431 4.0000
v -0.8478 1.8397 4.0085
v -0.8452 1.8317 4.0120
v -0.8425 1.8236 4.0085
v -0.8414 1.8203 4.0000
v -0.8425 1.8236 3.9915
v -0.8452 1.8317 3.9880
v -0.8478 1.8397 3.9915
v -0.8490 1.8431 4.0000
v -0.8452 1.8452 4.0000
v -0.8427 1.8427 4.0085
v -0.8367 1.8367 4.0120
v -0.8307 1.8307 4.0085
v -0.8283 1.8283 4.0000
v -0.8307 1.8307 3.9915
v -0.8367 1.8367 3.9880
v -0.8427 1.8427 3.9915
v -0.8452 1.8452 4.0000
v -0.8431 1.8490 4.0000
v -0.8397 1.8478 4.0085
v -0.8317 1.8452 4.0120
v -0.8236 1.8425 4.0085
v -0.8203 1.8414 4.0000
v -0.8236 1.8425 3.9915
v -0.8317 1.8452 3.9880
v -0.8397 1.8478 3.9915
v -0.8431 1.8490 4.0000
v -0.8420 1.8575 4.0000
v -0.8385 1.8573 4.0085
v -0.8300 1.8570 4.0120
v -0.8215 1.8566 4.0085
v -0.8180 1.8564 4.0000
v -0.8215 1.8566 3.9915
v -0.8300 1.8570 3.9880
v -0.8385 1.8573 3.9915
v -0.8420 1.8575 4.0000
v -0.8420 1.8850 4.0000
v -0.8385 1.8850 4.0085
v -0.8300 1.8850 4.0120
v -0.8215 1.8850 4.0085
v -0.8180 1.8850 4.0000
v -0.8215 1.8850 3.9915
v -0.8300 1.8850 3.9880
v -0.8385 1.8850 3.9915
v -0.8420 1.8850 4.0000
v -1.2450 1.7500 4.0000
v -1.2523 1.7595 4.0000
v -1.2501 1.7567 4.0085
v -1.2450 1.7500 4.0120
v -1.2399 1.7433 4.0085
v -1.2377 1.7405 4.0000
v -1.2399 1.7433 3.9915
v -1.2450 1.7500 3.9880
v -1.2501 1.7567 3.9915
v -0.8300 1.8850 4.0000
v -0.8420 1.8850 4.0000
v -0.8385 1.8850 4.0085
v -0.8300 1.8850 4.0120
v -0.8215 1.8850 4.0085
v -0.8180 1.8850 4.0000
v -0.8215 1.8850 3.9915
v -0.8300 1.8850 3.9880
v -0.8385 1.8850 3.9915
v -1.2397 1.7167 4.0233
v -1.2392 1.7162 4.0210
v -1.2392 1.7162 3.9790
v -1.2397 1.7167 3.9767
v -1.2392 1.7190 4.0238
v -1.2380 1.7190 4.0210
v -1.2380 1.7190 3.9790
v -1.2392 1.7190 3.9762
v -1.2392 1.7810 4.0238
v -1.2380 1.7810 4.0210
v -1.2380 1.7810 3.9790
v -1.2392 1.7810 3.9762
v -1.2397 1.7833 4.0233
v -1.2392 1.7838 4.0210
v -1.2392 1.7838 3.9790
v -1.2397 1.7833 3.9767
v -1.2483 1.7167 3.9767
v -1.2488 1.7162 3.9790
v -1.2488 1.7162 4.0210
v -1.2483 1.7167 4.0233
v -1.2488 1.7190 3.9762
v -1.2500 1.7190 3.9790
v -1.2500 1.7190 4.0210
v -1.2488 1.7190 4.0238
v -1.2488 1.7810 3.9762
v -1.2500 1.7810 3.9790
v -1.2500 1.7810 4.0210
v -1.2488 1.7810 4.0238
v -1.2483 1.7833 3.9767
v -1.2488 1.7838 3.9790
v -1.2488 1.7838 4.0210
v -1.2483 1.7833 4.0233
v -1.2483 1.7833 4.0233
v -1.2460 1.7838 4.0238
v -1.2420 1.7838 4.0238
v -1.2397 1.7833 4.0233
v -1.2488 1.7838 4.0210
v -1.2460 1.7850 4.0210
v -1.2420 1.7850 4.0210
v -1.2392 1.7838 4.0210
v -1.2488 1.7838 3.9790
v -1.2460 1.7850 3.9790
v -1.2420 1.7850 3.9790
v -1.2392 1.7838 3.9790
v -1.2483 1.7833 3.9767
v -1.2460 1.7838 3.9762
v -1.2420 1.7838 3.9762
v -1.2397 1.7833 3.9767
v -1.2483 1.7167 3.9767
v -1.2460 1.7162 3.9762
v -1.2420 1.7162 3.9762
v -1.2397 1.7167 3.9767
v -1.2488 1.7162 3.9790
v -1.2460 1.7150 3.9790
v -1.2420 1.7150 3.9790
v -1.2392 1.7162 3.9790
v -1.2488 1.7162 4.0210
v -1.2460 1.7150 4.0210
v -1.2420 1.7150 4.0210
v -1.2392 1.7162 4.0210
v -1.2483 1.7167 4.0233
v -1.2460 1.7162 4.0238
v -1.2420 1.7162 4.0238
v -1.2397 1.7167 4.0233
v -1.2483 1.7167 4.0233
v -1.2460 1.7162 4.0238
v -1.2420 1.7162 4.0238
v -1.2397 1.7167 4.0233
v -1.2488 1.7190 4.0238
v -1.2460 1.7190 4.0250
v -1.2420 1.7190 4.0250
v -1.2392 1.7190 4.0238
v -1.2488 1.7810 4.0238
v -1.2460 1.7810 4.0250
v -1.2420 1.7810 4.0250
v -1.2392 1.7810 4.0238
v -1.2483 1.7833 4.0233
v -1.2460 1.7838 4.0238
v -1.2420 1.7838 4.0238
v -1.2397 1.7833 4.0233
v -1.2397 1.7167 3.9767
v -1.2420 1.7162 3.9762
v -1.2460 1.7162 3.9762
v -1.2483 1.7167 3.9767
v -1.2392 1.7190 3.9762
v -1.2420 1.7190 3.9750
v -1.2460 1.7190 3.9750
v -1.2488 1.7190 3.9762
v -1.2392 1.7810 3.9762
v -1.2420 1.7810 3.9750
v -1.2460 1.7810 3.9750
v -1.2488 1.7810 3.9762
v -1.2397 1.7833 3.9767
v -1.2420 1.7838 3.9762
v -1.2460 1.7838 3.9762
v -1.2483 1.7833 3.9767
v -0.4200 1.9860 -3.5500
v -0.4280 1.9839 -3.5500
v -0.4339 1.9780 -3.5500
v -0.4360 1.9700 -3.5500
v -0.4339 1.9620 -3.5500
v -0.4280 1.9561 -3.5500
v -0.4200 1.9540 -3.5500
v -0.4120 1.9561 -3.5500
v -0.4061 1.9620 -3.5500
v -0.4040 1.9700 -3.5500
v -0.4061 1.9780 -3.5500
v -0.4120 1.9839 -3.5500
v -0.4200 1.9860 -3.5500
v -0.4200 1.9860 4.0000
v -0.4280 1.9839 4.0000
v -0.4339 1.9780 4.0000
v -0.4360 1.9700 4.0000
v -0.4339 1.9620 4.0000
v -0.4280 1.9561 4.0000
v -0.4200 1.9540 4.0000
v -0.4120 1.9561 4.0000
v -0.4061 1.9620 4.0000
v -0.4040 1.9700 4.0000
v -0.4061 1.9780 4.0000
v -0.4120 1.9839 4.0000
v -0.4200 1.9860 4.0000
v -0.4200 1.9700 -3.5500
v -0.4200 1.9860 -3.5500
v -0.4280 1.9839 -3.5500
v -0.4339 1.9780 -3.5500
v -0.4360 1.9700 -3.5500
v -0.4339 1.9620 -3.5500
v -0.4280 1.9561 -3.5500
v -0.4200 1.9540 -3.5500
v -0.4120 1.9561 -3.5500
v -0.4061 1.9620 -3.5500
v -0.4040 1.9700 -3.5500
v -0.4061 1.9780 -3.5500
v -0.4120 1.9839 -3.5500
v -0.4200 1.9700 4.0000
v -0.4200 1.9860 4.0000
v -0.4280 1.9839 4.0000
v -0.4339 1.9780 4.0000
v -0.4360 1.9700 4.0000
v -0.4339 1.9620 4.0000
v -0.4280 1.9561 4.0000
v -0.4200 1.9540 4.0000
v -0.4120 1.9561 4.0000
v -0.4061 1.9620 4.0000
v -0.4040 1.9700 4.0000
v -0.4061 1.9780 4.0000
v -0.4120 1.9839 4.0000
v -0.4110 1.9700 -3.4000
v -0.4136 1.9700 -3.4064
v -0.4200 1.9700 -3.4090
v -0.4264 1.9700 -3.4064
v -0.4290 1.9700 -3.4000
v -0.4264 1.9700 -3.3936
v -0.4200 1.9700 -3.3910
v -0.4136 1.9700 -3.3936
v -0.4110 1.9700 -3.4000
v -0.4110 2.1500 -3.4000
v -0.4136 2.1500 -3.4064
v -0.4200 2.1500 -3.4090
v -0.4264 2.1500 -3.4064
v -0.4290 2.1500 -3.4000
v -0.4264 2.1500 -3.3936
v -0.4200 2.1500 -3.3910
v -0.4136 2.1500 -3.3936
v -0.4110 2.1500 -3.4000
v -0.4200 1.9700 -3.4000
v -0.4110 1.9700 -3.4000
v -0.4136 1.9700 -3.4064
v -0.4200 1.9700 -3.4090
v -0.4264 1.9700 -3.4064
v -0.4290 1.9700 -3.4000
v -0.4264 1.9700 -3.3936
v -0.4200 1.9700 -3.3910
v -0.4136 1.9700 -3.3936
v -0.4200 2.1500 -3.4000
v -0.4110 2.1500 -3.4000
v -0.4136 2.1500 -3.4064
v -0.4200 2.1500 -3.4090
v -0.4264 2.1500 -3.4064
v -0.4290 2.1500 -3.4000
v -0.4264 2.1500 -3.3936
v -0.4200 2.1500 -3.3910
v -0.4136 2.1500 -3.3936
v -0.4200 2.1380 -3.4000
v -0.3920 2.1380 -3.4000
v -0.3900 2.1460 -3.4000
v -0.4200 2.1500 -3.4000
v -0.4200 2.1380 -3.4000
v -0.3958 2.1380 -3.4140
v -0.3940 2.1460 -3.4150
v -0.4200 2.1500 -3.4000
v -0.4200 2.1380 -3.4000
v -0.4060 2.1380 -3.4242
v -0.4050 2.1460 -3.4260
v -0.4200 2.1500 -3.4000
v -0.4200 2.1380 -3.4000
v -0.4200 2.1380 -3.4280
v -0.4200 2.1460 -3.4300
v -0.4200 2.1500 -3.4000
v -0.4200 2.1380 -3.4000
v -0.4340 2.1380 -3.4242
v -0.4350 2.1460 -3.4260
v -0.4200 2.1500 -3.4000
v -0.4200 2.1380 -3.4000
v -0.4442 2.1380 -3.4140
v -0.4460 2.1460 -3.4150
v -0.4200 2.1500 -3.4000
v -0.4200 2.1380 -3.4000
v -0.4480 2.1380 -3.4000
v -0.4500 2.1460 -3.4000
v -0.4200 2.1500 -3.4000
v -0.4200 2.1380 -3.4000
v -0.4442 2.1380 -3.3860
v -0.4460 2.1460 -3.3850
v -0.4200 2.1500 -3.4000
v -0.4200 2.1380 -3.4000
v -0.4340 2.1380 -3.3758
v -0.4350 2.1460 -3.3740
v -0.4200 2.1500 -3.4000
v -0.4200 2.1380 -3.4000
v -0.4200 2.1380 -3.3720
v -0.4200 2.1460 -3.3700
v -0.4200 2.1500 -3.4000
v -0.4200 2.1380 -3.4000
v -0.4060 2.1380 -3.3758
v -0.4050 2.1460 -3.3740
v -0.4200 2.1500 -3.4000
v -0.4200 2.1380 -3.4000
v -0.3958 2.1380 -3.3860
v -0.3940 2.1460 -3.3850
v -0.4200 2.1500 -3.4000
v -0.4200 2.1380 -3.4000
v -0.3920 2.1380 -3.4000
v -0.3900 2.1460 -3.4000
v -0.4200 2.1500 -3.4000
v -0.4110 1.9700 -1.9500
v -0.4136 1.9700 -1.9564
v -0.4200 1.9700 -1.9590
v -0.4264 1.9700 -1.9564
v -0.4290 1.9700 -1.9500
v -0.4264 1.9700 -1.9436
v -0.4200 1.9700 -1.9410
v -0.4136 1.9700 -1.9436
v -0.4110 1.9700 -1.9500
v -0.4110 2.1500 -1.9500
v -0.4136 2.1500 -1.9564
v -0.4200 2.1500 -1.9590
v -0.4264 2.1500 -1.9564
v -0.4290 2.1500 -1.9500
v -0.4264 2.1500 -1.9436
v -0.4200 2.1500 -1.9410
v -0.4136 2.1500 -1.9436
v -0.4110 2.1500 -1.9500
v -0.4200 1.9700 -1.9500
v -0.4110 1.9700 -1.9500
v -0.4136 1.9700 -1.9564
v -0.4200 1.9700 -1.9590
v -0.4264 1.9700 -1.9564
v -0.4290 1.9700 -1.9500
v -0.4264 1.9700 -1.9436
v -0.4200 1.9700 -1.9410
v -0.4136 1.9700 -1.9436
v -0.4200 2.1500 -1.9500
v -0.4110 2.1500 -1.9500
v -0.4136 2.1500 -1.9564
v -0.4200 2.1500 -1.9590
v -0.4264 2.1500 -1.9564
v -0.4290 2.1500 -1.9500
v -0.4264 2.1500 -1.9436
v -0.4200 2.1500 -1.9410
v -0.4136 2.1500 -1.9436
v -0.4200 2.1380 -1.9500
v -0.3920 2.1380 -1.9500
v -0.3900 2.1460 -1.9500
v -0.4200 2.1500 -1.9500
v -0.4200 2.1380 -1.9500
v -0.3958 2.1380 -1.9640
v -0.3940 2.1460 -1.9650
v -0.4200 2.1500 -1.9500
v -0.4200 2.1380 -1.9500
v -0.4060 2.1380 -1.9742
v -0.4050 2.1460 -1.9760
v -0.4200 2.1500 -1.9500
v -0.4200 2.1380 -1.9500
v -0.4200 2.1380 -1.9780
v -0.4200 2.1460 -1.9800
v -0.4200 2.1500 -1.9500
v -0.4200 2.1380 -1.9500
v -0.4340 2.1380 -1.9742
v -0.4350 2.1460 -1.9760
v -0.4200 2.1500 -1.9500
v -0.4200 2.1380 -1.9500
v -0.4442 2.1380 -1.9640
v -0.4460 2.1460 -1.9650
v -0.4200 2.1500 -1.9500
v -0.4200 2.1380 -1.9500
v -0.4480 2.1380 -1.9500
v -0.4500 2.1460 -1.9500
v -0.4200 2.1500 -1.9500
v -0.4200 2.1380 -1.9500
v -0.4442 2.1380 -1.9360
v -0.4460 2.1460 -1.9350
v -0.4200 2.1500 -1.9500
v -0.4200 2.1380 -1.9500
v -0.4340 2.1380 -1.9258
v -0.4350 2.1460 -1.9240
v -0.4200 2.1500 -1.9500
v -0.4200 2.1380 -1.9500
v -0.4200 2.1380 -1.9220
v -0.4200 2.1460 -1.9200
v -0.4200 2.1500 -1.9500
v -0.4200 2.1380 -1.9500
v -0.4060 2.1380 -1.9258
v -0.4050 2.1460 -1.9240
v -0.4200 2.1500 -1.9500
v -0.4200 2.1380 -1.9500
v -0.3958 2.1380 -1.9360
v -0.3940 2.1460 -1.9350
v -0.4200 2.1500 -1.9500
v -0.4200 2.1380 -1.9500
v -0.3920 2.1380 -1.9500
v -0.3900 2.1460 -1.9500
v -0.4200 2.1500 -1.9500
v -0.4110 1.9700 -0.5000
v -0.4136 1.9700 -0.5064
v -0.4200 1.9700 -0.5090
v -0.4264 1.9700 -0.5064
v -0.4290 1.9700 -0.5000
v -0.4264 1.9700 -0.4936
v -0.4200 1.9700 -0.4910
v -0.4136 1.9700 -0.4936
v -0.4110 1.9700 -0.5000
v -0.4110 2.1500 -0.5000
v -0.4136 2.1500 -0.5064
v -0.4200 2.1500 -0.5090
v -0.4264 2.1500 -0.5064
v -0.4290 2.1500 -0.5000
v -0.4264 2.1500 -0.4936
v -0.4200 2.1500 -0.4910
v -0.4136 2.1500 -0.4936
v -0.4110 2.1500 -0.5000
v -0.4200 1.9700 -0.5000
v -0.4110 1.9700 -0.5000
v -0.4136 1.9700 -0.5064
v -0.4200 1.9700 -0.5090
v -0.4264 1.9700 -0.5064
v -0.4290 1.9700 -0.5000
v -0.4264 1.9700 -0.4936
v -0.4200 1.9700 -0.4910
v -0.4136 1.9700 -0.4936
v -0.4200 2.1500 -0.5000
v -0.4110 2.1500 -0.5000
v -0.4136 2.1500 -0.5064
v -0.4200 2.1500 -0.5090
v -0.4264 2.1500 -0.5064
v -0.4290 2.1500 -0.5000
v -0.4264 2.1500 -0.4936
v -0.4200 2.1500 -0.4910
v -0.4136 2.1500 -0.4936
v -0.4200 2.1380 -0.5000
v -0.3920 2.1380 -0.5000
v -0.3900 2.1460 -0.5000
v -0.4200 2.1500 -0.5000
v -0.4200 2.1380 -0.5000
v -0.3958 2.1380 -0.5140
v -0.3940 2.1460 -0.5150
v -0.4200 2.1500 -0.5000
v -0.4200 2.1380 -0.5000
v -0.4060 2.1380 -0.5242
v -0.4050 2.1460 -0.5260
v -0.4200 2.1500 -0.5000
v -0.4200 2.1380 -0.5000
v -0.4200 2.1380 -0.5280
v -0.4200 2.1460 -0.5300
v -0.4200 2.1500 -0.5000
v -0.4200 2.1380 -0.5000
v -0.4340 2.1380 -0.5242
v -0.4350 2.1460 -0.5260
v -0.4200 2.1500 -0.5000
v -0.4200 2.1380 -0.5000
v -0.4442 2.1380 -0.5140
v -0.4460 2.1460 -0.5150
v -0.4200 2.1500 -0.5000
v -0.4200 2.1380 -0.5000
v -0.4480 2.1380 -0.5000
v -0.4500 2.1460 -0.5000
v -0.4200 2.1500 -0.5000
v -0.4200 2.1380 -0.5000
v -0.4442 2.1380 -0.4860
v -0.4460 2.1460 -0.4850
v -0.4200 2.1500 -0.5000
v -0.4200 2.1380 -0.5000
v -0.4340 2.1380 -0.4758
v -0.4350 2.1460 -0.4740
v -0.4200 2.1500 -0.5000
v -0.4200 2.1380 -0.5000
v -0.4200 2.1380 -0.4720
v -0.4200 2.1460 -0.4700
v -0.4200 2.1500 -0.5000
v -0.4200 2.1380 -0.5000
v -0.4060 2.1380 -0.4758
v -0.4050 2.1460 -0.4740
v -0.4200 2.1500 -0.5000
v -0.4200 2.1380 -0.5000
v -0.3958 2.1380 -0.4860
v -0.3940 2.1460 -0.4850
v -0.4200 2.1500 -0.5000
v -0.4200 2.1380 -0.5000
v -0.3920 2.1380 -0.5000
v -0.3900 2.1460 -0.5000
v -0.4200 2.1500 -0.5000
v -0.4110 1.9700 0.9500
v -0.4136 1.9700 0.9436
v -0.4200 1.9700 0.9410
v -0.4264 1.9700 0.9436
v -0.4290 1.9700 0.9500
v -0.4264 1.9700 0.9564
v -0.4200 1.9700 0.9590
v -0.4136 1.9700 0.9564
v -0.4110 1.9700 0.9500
v -0.4110 2.1500 0.9500
v -0.4136 2.1500 0.9436
v -0.4200 2.1500 0.9410
v -0.4264 2.1500 0.9436
v -0.4290 2.1500 0.9500
v -0.4264 2.1500 0.9564
v -0.4200 2.1500 0.9590
v -0.4136 2.1500 0.9564
v -0.4110 2.1500 0.9500
v -0.4200 1.9700 0.9500
v -0.4110 1.9700 0.9500
v -0.4136 1.9700 0.9436
v -0.4200 1.9700 0.9410
v -0.4264 1.9700 0.9436
v -0.4290 1.9700 0.9500
v -0.4264 1.9700 0.9564
v -0.4200 1.9700 0.9590
v -0.4136 1.9700 0.9564
v -0.4200 2.1500 0.9500
v -0.4110 2.1500 0.9500
v -0.4136 2.1500 0.9436
v -0.4200 2.1500 0.9410
v -0.4264 2.1500 0.9436
v -0.4290 2.1500 0.9500
v -0.4264 2.1500 0.9564
v -0.4200 2.1500 0.9590
v -0.4136 2.1500 0.9564
v -0.4200 2.1380 0.9500
v -0.3920 2.1380 0.9500
v -0.3900 2.1460 0.9500
v -0.4200 2.1500 0.9500
v -0.4200 2.1380 0.9500
v -0.3958 2.1380 0.9360
v -0.3940 2.1460 0.9350
v -0.4200 2.1500 0.9500
v -0.4200 2.1380 0.9500
v -0.4060 2.1380 0.9258
v -0.4050 2.1460 0.9240
v -0.4200 2.1500 0.9500
v -0.4200 2.1380 0.9500
v -0.4200 2.1380 0.9220
v -0.4200 2.1460 0.9200
v -0.4200 2.1500 0.9500
v -0.4200 2.1380 0.9500
v -0.4340 2.1380 0.9258
v -0.4350 2.1460 0.9240
v -0.4200 2.1500 0.9500
v -0.4200 2.1380 0.9500
v -0.4442 2.1380 0.9360
v -0.4460 2.1460 0.9350
v -0.4200 2.1500 0.9500
v -0.4200 2.1380 0.9500
v -0.4480 2.1380 0.9500
v -0.4500 2.1460 0.9500
v -0.4200 2.1500 0.9500
v -0.4200 2.1380 0.9500
v -0.4442 2.1380 0.9640
v -0.4460 2.1460 0.9650
v -0.4200 2.1500 0.9500
v -0.4200 2.1380 0.9500
v -0.4340 2.1380 0.9742
v -0.4350 2.1460 0.9760
v -0.4200 2.1500 0.9500
v -0.4200 2.1380 0.9500
v -0.4200 2.1380 0.9780
v -0.4200 2.1460 0.9800
v -0.4200 2.1500 0.9500
v -0.4200 2.1380 0.9500
v -0.4060 2.1380 0.9742
v -0.4050 2.1460 0.9760
v -0.4200 2.1500 0.9500
v -0.4200 2.1380 0.9500
v -0.3958 2.1380 0.9640
v -0.3940 2.1460 0.9650
v -0.4200 2.1500 0.9500
v -0.4200 2.1380 0.9500
v -0.3920 2.1380 0.9500
v -0.3900 2.1460 0.9500
v -0.4200 2.1500 0.9500
v -0.4110 1.9700 2.4000
v -0.4136 1.9700 2.3936
v -0.4200 1.9700 2.3910
v -0.4264 1.9700 2.3936
v -0.4290 1.9700 2.4000
v -0.4264 1.9700 2.4064
v -0.4200 1.9700 2.4090
v -0.4136 1.9700 2.4064
v -0.4110 1.9700 2.4000
v -0.4110 2.1500 2.4000
v -0.4136 2.1500 2.3936
v -0.4200 2.1500 2.3910
v -0.4264 2.1500 2.3936
v -0.4290 2.1500 2.4000
v -0.4264 2.1500 2.4064
v -0.4200 2.1500 2.4090
v -0.4136 2.1500 2.4064
v -0.4110 2.1500 2.4000
v -0.4200 1.9700 2.4000
v -0.4110 1.9700 2.4000
v -0.4136 1.9700 2.3936
v -0.4200 1.9700 2.3910
v -0.4264 1.9700 2.3936
v -0.4290 1.9700 2.4000
v -0.4264 1.9700 2.4064
v -0.4200 1.9700 2.4090
v -0.4136 1.9700 2.4064
v -0.4200 2.1500 2.4000
v -0.4110 2.1500 2.4000
v -0.4136 2.1500 2.3936
v -0.4200 2.1500 2.3910
v -0.4264 2.1500 2.3936
v -0.4290 2.1500 2.4000
v -0.4264 2.1500 2.4064
v -0.4200 2.1500 2.4090
v -0.4136 2.1500 2.4064
v -0.4200 2.1380 2.4000
v -0.3920 2.1380 2.4000
v -0.3900 2.1460 2.4000
v -0.4200 2.1500 2.4000
v -0.4200 2.1380 2.4000
v -0.3958 2.1380 2.3860
v -0.3940 2.1460 2.3850
v -0.4200 2.1500 2.4000
v -0.4200 2.1380 2.4000
v -0.4060 2.1380 2.3758
v -0.4050 2.1460 2.3740
v -0.4200 2.1500 2.4000
v -0.4200 2.1380 2.4000
v -0.4200 2.1380 2.3720
v -0.4200 2.1460 2.3700
v -0.4200 2.1500 2.4000
v -0.4200 2.1380 2.4000
v -0.4340 2.1380 2.3758
v -0.4350 2.1460 2.3740
v -0.4200 2.1500 2.4000
v -0.4200 2.1380 2.4000
v -0.4442 2.1380 2.3860
v -0.4460 2.1460 2.3850
v -0.4200 2.1500 2.4000
v -0.4200 2.1380 2.4000
v -0.4480 2.1380 2.4000
v -0.4500 2.1460 2.4000
v -0.4200 2.1500 2.4000
v -0.4200 2.1380 2.4000
v -0.4442 2.1380 2.4140
v -0.4460 2.1460 2.4150
v -0.4200 2.1500 2.4000
v -0.4200 2.1380 2.4000
v -0.4340 2.1380 2.4242
v -0.4350 2.1460 2.4260
v -0.4200 2.1500 2.4000
v -0.4200 2.1380 2.4000
v -0.4200 2.1380 2.4280
v -0.4200 2.1460 2.4300
v -0.4200 2.1500 2.4000
v -0.4200 2.1380 2.4000
v -0.4060 2.1380 2.4242
v -0.4050 2.1460 2.4260
v -0.4200 2.1500 2.4000
v -0.4200 2.1380 2.4000
v -0.3958 2.1380 2.4140
v -0.3940 2.1460 2.4150
v -0.4200 2.1500 2.4000
v -0.4200 2.1380 2.4000
v -0.3920 2.1380 2.4000
v -0.3900 2.1460 2.4000
v -0.4200 2.1500 2.4000
v -0.4110 1.9700 3.8500
v -0.4136 1.9700 3.8436
v -0.4200 1.9700 3.8410
v -0.4264 1.9700 3.8436
v -0.4290 1.9700 3.8500
v -0.4264 1.9700 3.8564
v -0.4200 1.9700 3.8590
v -0.4136 1.9700 3.8564
v -0.4110 1.9700 3.8500
v -0.4110 2.1500 3.8500
v -0.4136 2.1500 3.8436
v -0.4200 2.1500 3.8410
v -0.4264 2.1500 3.8436
v -0.4290 2.1500 3.8500
v -0.4264 2.1500 3.8564
v -0.4200 2.1500 3.8590
v -0.4136 2.1500 3.8564
v -0.4110 2.1500 3.8500
v -0.4200 1.9700 3.8500
v -0.4110 1.9700 3.8500
v -0.4136 1.9700 3.8436
v -0.4200 1.9700 3.8410
v -0.4264 1.9700 3.8436
v -0.4290 1.9700 3.8500
v -0.4264 1.9700 3.8564
v -0.4200 1.9700 3.8590
v -0.4136 1.9700 3.8564
v -0.4200 2.1500 3.8500
v -0.4110 2.1500 3.8500
v -0.4136 2.1500 3.8436
v -0.4200 2.1500 3.8410
v -0.4264 2.1500 3.8436
v -0.4290 2.1500 3.8500
v -0.4264 2.1500 3.8564
v -0.4200 2.1500 3.8590
v -0.4136 2.1500 3.8564
v -0.4200 2.1380 3.8500
v -0.3920 2.1380 3.8500
v -0.3900 2.1460 3.8500
v -0.4200 2.1500 3.8500
v -0.4200 2.1380 3.8500
v -0.3958 2.1380 3.8360
v -0.3940 2.1460 3.8350
v -0.4200 2.1500 3.8500
v -0.4200 2.1380 3.8500
v -0.4060 2.1380 3.8258
v -0.4050 2.1460 3.8240
v -0.4200 2.1500 3.8500
v -0.4200 2.1380 3.8500
v -0.4200 2.1380 3.8220
v -0.4200 2.1460 3.8200
v -0.4200 2.1500 3.8500
v -0.4200 2.1380 3.8500
v -0.4340 2.1380 3.8258
v -0.4350 2.1460 3.8240
v -0.4200 2.1500 3.8500
v -0.4200 2.1380 3.8500
v -0.4442 2.1380 3.8360
v -0.4460 2.1460 3.8350
v -0.4200 2.1500 3.8500
v -0.4200 2.1380 3.8500
v -0.4480 2.1380 3.8500
v -0.4500 2.1460 3.8500
v -0.4200 2.1500 3.8500
v -0.4200 2.1380 3.8500
v -0.4442 2.1380 3.8640
v -0.4460 2.1460 3.8650
v -0.4200 2.1500 3.8500
v -0.4200 2.1380 3.8500
v -0.4340 2.1380 3.8742
v -0.4350 2.1460 3.8760
v -0.4200 2.1500 3.8500
v -0.4200 2.1380 3.8500
v -0.4200 2.1380 3.8780
v -0.4200 2.1460 3.8800
v -0.4200 2.1500 3.8500
v -0.4200 2.1380 3.8500
v -0.4060 2.1380 3.8742
v -0.4050 2.1460 3.8760
v -0.4200 2.1500 3.8500
v -0.4200 2.1380 3.8500
v -0.3958 2.1380 3.8640
v -0.3940 2.1460 3.8650
v -0.4200 2.1500 3.8500
v -0.4200 2.1380 3.8500
v -0.3920 2.1380 3.8500
v -0.3900 2.1460 3.8500
v -0.4200 2.1500 3.8500
v -0.4200 1.9700 -3.5700
v -0.4010 1.9700 -3.5680
v -0.4000 1.9700 -3.5500
v -0.4010 1.9700 -3.5320
v -0.4200 1.9700 -3.5300
v -0.4200 1.9700 -3.5700
v -0.4035 1.9795 -3.5680
v -0.4027 1.9800 -3.5500
v -0.4035 1.9795 -3.5320
v -0.4200 1.9700 -3.5300
v -0.4200 1.9700 -3.5700
v -0.4105 1.9865 -3.5680
v -0.4100 1.9873 -3.5500
v -0.4105 1.9865 -3.5320
v -0.4200 1.9700 -3.5300
v -0.4200 1.9700 -3.5700
v -0.4200 1.9890 -3.5680
v -0.4200 1.9900 -3.5500
v -0.4200 1.9890 -3.5320
v -0.4200 1.9700 -3.5300
v -0.4200 1.9700 -3.5700
v -0.4295 1.9865 -3.5680
v -0.4300 1.9873 -3.5500
v -0.4295 1.9865 -3.5320
v -0.4200 1.9700 -3.5300
v -0.4200 1.9700 -3.5700
v -0.4365 1.9795 -3.5680
v -0.4373 1.9800 -3.5500
v -0.4365 1.9795 -3.5320
v -0.4200 1.9700 -3.5300
v -0.4200 1.9700 -3.5700
v -0.4390 1.9700 -3.5680
v -0.4400 1.9700 -3.5500
v -0.4390 1.9700 -3.5320
v -0.4200 1.9700 -3.5300
v -0.4200 1.9700 -3.5700
v -0.4365 1.9605 -3.5680
v -0.4373 1.9600 -3.5500
v -0.4365 1.9605 -3.5320
v -0.4200 1.9700 -3.5300
v -0.4200 1.9700 -3.5700
v -0.4295 1.9535 -3.5680
v -0.4300 1.9527 -3.5500
v -0.4295 1.9535 -3.5320
v -0.4200 1.9700 -3.5300
v -0.4200 1.9700 -3.5700
v -0.4200 1.9510 -3.5680
v -0.4200 1.9500 -3.5500
v -0.4200 1.9510 -3.5320
v -0.4200 1.9700 -3.5300
v -0.4200 1.9700 -3.5700
v -0.4105 1.9535 -3.5680
v -0.4100 1.9527 -3.5500
v -0.4105 1.9535 -3.5320
v -0.4200 1.9700 -3.5300
v -0.4200 1.9700 -3.5700
v -0.4035 1.9605 -3.5680
v -0.4027 1.9600 -3.5500
v -0.4035 1.9605 -3.5320
v -0.4200 1.9700 -3.5300
v -0.4200 1.9700 -3.5700
v -0.4010 1.9700 -3.5680
v -0.4000 1.9700 -3.5500
v -0.4010 1.9700 -3.5320
v -0.4200 1.9700 -3.5300
v -0.4200 1.9700 3.9800
v -0.4010 1.9700 3.9820
v -0.4000 1.9700 4.0000
v -0.4010 1.9700 4.0180
v -0.4200 1.9700 4.0200
v -0.4200 1.9700 3.9800
v -0.4035 1.9795 3.9820
v -0.4027 1.9800 4.0000
v -0.4035 1.9795 4.0180
v -0.4200 1.9700 4.0200
v -0.4200 1.9700 3.9800
v -0.4105 1.9865 3.9820
v -0.4100 1.9873 4.0000
v -0.4105 1.9865 4.0180
v -0.4200 1.9700 4.0200
v -0.4200 1.9700 3.9800
v -0.4200 1.9890 3.9820
v -0.4200 1.9900 4.0000
v -0.4200 1.9890 4.0180
v -0.4200 1.9700 4.0200
v -0.4200 1.9700 3.9800
v -0.4295 1.9865 3.9820
v -0.4300 1.9873 4.0000
v -0.4295 1.9865 4.0180
v -0.4200 1.9700 4.0200
v -0.4200 1.9700 3.9800
v -0.4365 1.9795 3.9820
v -0.4373 1.9800 4.0000
v -0.4365 1.9795 4.0180
v -0.4200 1.9700 4.0200
v -0.4200 1.9700 3.9800
v -0.4390 1.9700 3.9820
v -0.4400 1.9700 4.0000
v -0.4390 1.9700 4.0180
v -0.4200 1.9700 4.0200
v -0.4200 1.9700 3.9800
v -0.4365 1.9605 3.9820
v -0.4373 1.9600 4.0000
v -0.4365 1.9605 4.0180
v -0.4200 1.9700 4.0200
v -0.4200 1.9700 3.9800
v -0.4295 1.9535 3.9820
v -0.4300 1.9527 4.0000
v -0.4295 1.9535 4.0180
v -0.4200 1.9700 4.0200
v -0.4200 1.9700 3.9800
v -0.4200 1.9510 3.9820
v -0.4200 1.9500 4.0000
v -0.4200 1.9510 4.0180
v -0.4200 1.9700 4.0200
v -0.4200 1.9700 3.9800
v -0.4105 1.9535 3.9820
v -0.4100 1.9527 4.0000
v -0.4105 1.9535 4.0180
v -0.4200 1.9700 4.0200
v -0.4200 1.9700 3.9800
v -0.4035 1.9605 3.9820
v -0.4027 1.9600 4.0000
v -0.4035 1.9605 4.0180
v -0.4200 1.9700 4.0200
v -0.4200 1.9700 3.9800
v -0.4010 1.9700 3.9820
v -0.4000 1.9700 4.0000
v -0.4010 1.9700 4.0180
v -0.4200 1.9700 4.0200
v 0.8600 1.8390 -3.4500
v 0.8536 1.8364 -3.4500
v 0.8510 1.8300 -3.4500
v 0.8536 1.8236 -3.4500
v 0.8600 1.8210 -3.4500
v 0.8664 1.8236 -3.4500
v 0.8690 1.8300 -3.4500
v 0.8664 1.8364 -3.4500
v 0.8600 1.8390 -3.4500
v 0.8600 1.8390 4.0500
v 0.8536 1.8364 4.0500
v 0.8510 1.8300 4.0500
v 0.8536 1.8236 4.0500
v 0.8600 1.8210 4.0500
v 0.8664 1.8236 4.0500
v 0.8690 1.8300 4.0500
v 0.8664 1.8364 4.0500
v 0.8600 1.8390 4.0500
v 0.8600 1.8300 -3.4500
v 0.8600 1.8390 -3.4500
v 0.8536 1.8364 -3.4500
v 0.8510 1.8300 -3.4500
v 0.8536 1.8236 -3.4500
v 0.8600 1.8210 -3.4500
v 0.8664 1.8236 -3.4500
v 0.8690 1.8300 -3.4500
v 0.8664 1.8364 -3.4500
v 0.8600 1.8300 4.0500
v 0.8600 1.8390 4.0500
v 0.8536 1.8364 4.0500
v 0.8510 1.8300 4.0500
v 0.8536 1.8236 4.0500
v 0.8600 1.8210 4.0500
v 0.8664 1.8236 4.0500
v 0.8690 1.8300 4.0500
v 0.8664 1.8364 4.0500
v 0.9500 1.8390 -3.4500
v 0.9436 1.8364 -3.4500
v 0.9410 1.8300 -3.4500
v 0.9436 1.8236 -3.4500
v 0.9500 1.8210 -3.4500
v 0.9564 1.8236 -3.4500
v 0.9590 1.8300 -3.4500
v 0.9564 1.8364 -3.4500
v 0.9500 1.8390 -3.4500
v 0.9500 1.8390 4.0500
v 0.9436 1.8364 4.0500
v 0.9410 1.8300 4.0500
v 0.9436 1.8236 4.0500
v 0.9500 1.8210 4.0500
v 0.9564 1.8236 4.0500
v 0.9590 1.8300 4.0500
v 0.9564 1.8364 4.0500
v 0.9500 1.8390 4.0500
v 0.9500 1.8300 -3.4500
v 0.9500 1.8390 -3.4500
v 0.9436 1.8364 -3.4500
v 0.9410 1.8300 -3.4500
v 0.9436 1.8236 -3.4500
v 0.9500 1.8210 -3.4500
v 0.9564 1.8236 -3.4500
v 0.9590 1.8300 -3.4500
v 0.9564 1.8364 -3.4500
v 0.9500 1.8300 4.0500
v 0.9500 1.8390 4.0500
v 0.9436 1.8364 4.0500
v 0.9410 1.8300 4.0500
v 0.9436 1.8236 4.0500
v 0.9500 1.8210 4.0500
v 0.9564 1.8236 4.0500
v 0.9590 1.8300 4.0500
v 0.9564 1.8364 4.0500
v 1.0400 1.8390 -3.4500
v 1.0336 1.8364 -3.4500
v 1.0310 1.8300 -3.4500
v 1.0336 1.8236 -3.4500
v 1.0400 1.8210 -3.4500
v 1.0464 1.8236 -3.4500
v 1.0490 1.8300 -3.4500
v 1.0464 1.8364 -3.4500
v 1.0400 1.8390 -3.4500
v 1.0400 1.8390 4.0500
v 1.0336 1.8364 4.0500
v 1.0310 1.8300 4.0500
v 1.0336 1.8236 4.0500
v 1.0400 1.8210 4.0500
v 1.0464 1.8236 4.0500
v 1.0490 1.8300 4.0500
v 1.0464 1.8364 4.0500
v 1.0400 1.8390 4.0500
v 1.0400 1.8300 -3.4500
v 1.0400 1.8390 -3.4500
v 1.0336 1.8364 -3.4500
v 1.0310 1.8300 -3.4500
v 1.0336 1.8236 -3.4500
v 1.0400 1.8210 -3.4500
v 1.0464 1.8236 -3.4500
v 1.0490 1.8300 -3.4500
v 1.0464 1.8364 -3.4500
v 1.0400 1.8300 4.0500
v 1.0400 1.8390 4.0500
v 1.0336 1.8364 4.0500
v 1.0310 1.8300 4.0500
v 1.0336 1.8236 4.0500
v 1.0400 1.8210 4.0500
v 1.0464 1.8236 4.0500
v 1.0490 1.8300 4.0500
v 1.0464 1.8364 4.0500
v 1.1300 1.8390 -3.4500
v 1.1236 1.8364 -3.4500
v 1.1210 1.8300 -3.4500
v 1.1236 1.8236 -3.4500
v 1.1300 1.8210 -3.4500
v 1.1364 1.8236 -3.4500
v 1.1390 1.8300 -3.4500
v 1.1364 1.8364 -3.4500
v 1.1300 1.8390 -3.4500
v 1.1300 1.8390 4.0500
v 1.1236 1.8364 4.0500
v 1.1210 1.8300 4.0500
v 1.1236 1.8236 4.0500
v 1.1300 1.8210 4.0500
v 1.1364 1.8236 4.0500
v 1.1390 1.8300 4.0500
v 1.1364 1.8364 4.0500
v 1.1300 1.8390 4.0500
v 1.1300 1.8300 -3.4500
v 1.1300 1.8390 -3.4500
v 1.1236 1.8364 -3.4500
v 1.1210 1.8300 -3.4500
v 1.1236 1.8236 -3.4500
v 1.1300 1.8210 -3.4500
v 1.1364 1.8236 -3.4500
v 1.1390 1.8300 -3.4500
v 1.1364 1.8364 -3.4500
v 1.1300 1.8300 4.0500
v 1.1300 1.8390 4.0500
v 1.1236 1.8364 4.0500
v 1.1210 1.8300 4.0500
v 1.1236 1.8236 4.0500
v 1.1300 1.8210 4.0500
v 1.1364 1.8236 4.0500
v 1.1390 1.8300 4.0500
v 1.1364 1.8364 4.0500
v 0.8300 1.8960 -3.4500
v 0.8235 1.8939 -3.4500
v 0.8195 1.8884 -3.4500
v 0.8195 1.8816 -3.4500
v 0.8235 1.8761 -3.4500
v 0.8300 1.8740 -3.4500
v 0.8365 1.8761 -3.4500
v 0.8405 1.8816 -3.4500
v 0.8405 1.8884 -3.4500
v 0.8365 1.8939 -3.4500
v 0.8300 1.8960 -3.4500
v 0.8300 1.8960 4.0500
v 0.8235 1.8939 4.0500
v 0.8195 1.8884 4.0500
v 0.8195 1.8816 4.0500
v 0.8235 1.8761 4.0500
v 0.8300 1.8740 4.0500
v 0.8365 1.8761 4.0500
v 0.8405 1.8816 4.0500
v 0.8405 1.8884 4.0500
v 0.8365 1.8939 4.0500
v 0.8300 1.8960 4.0500
v 0.8300 1.8850 -3.4500
v 0.8300 1.8960 -3.4500
v 0.8235 1.8939 -3.4500
v 0.8195 1.8884 -3.4500
v 0.8195 1.8816 -3.4500
v 0.8235 1.8761 -3.4500
v 0.8300 1.8740 -3.4500
v 0.8365 1.8761 -3.4500
v 0.8405 1.8816 -3.4500
v 0.8405 1.8884 -3.4500
v 0.8365 1.8939 -3.4500
v 0.8300 1.8850 4.0500
v 0.8300 1.8960 4.0500
v 0.8235 1.8939 4.0500
v 0.8195 1.8884 4.0500
v 0.8195 1.8816 4.0500
v 0.8235 1.8761 4.0500
v 0.8300 1.8740 4.0500
v 0.8365 1.8761 4.0500
v 0.8405 1.8816 4.0500
v 0.8405 1.8884 4.0500
v 0.8365 1.8939 4.0500
v 1.2523 1.7595 -3.4000
v 1.2501 1.7567 -3.4085
v 1.2450 1.7500 -3.4120
v 1.2399 1.7433 -3.4085
v 1.2377 1.7405 -3.4000
v 1.2399 1.7433 -3.3915
v 1.2450 1.7500 -3.3880
v 1.2501 1.7567 -3.3915
v 1.2523 1.7595 -3.4000
v 1.1553 1.8334 -3.4000
v 1.1532 1.8306 -3.4085
v 1.1481 1.8239 -3.4120
v 1.1429 1.8171 -3.4085
v 1.1408 1.8143 -3.4000
v 1.1429 1.8171 -3.3915
v 1.1481 1.8239 -3.3880
v 1.1532 1.8306 -3.3915
v 1.1553 1.8334 -3.4000
v 1.1496 1.8371 -3.4000
v 1.1479 1.8340 -3.4085
v 1.1439 1.8265 -3.4120
v 1.1399 1.8191 -3.4085
v 1.1382 1.8160 -3.4000
v 1.1399 1.8191 -3.3915
v 1.1439 1.8265 -3.3880
v 1.1479 1.8340 -3.3915
v 1.1496 1.8371 -3.4000
v 1.1433 1.8398 -3.4000
v 1.1422 1.8365 -3.4085
v 1.1395 1.8285 -3.4120
v 1.1368 1.8204 -3.4085
v 1.1356 1.8171 -3.4000
v 1.1368 1.8204 -3.3915
v 1.1395 1.8285 -3.3880
v 1.1422 1.8365 -3.3915
v 1.1433 1.8398 -3.4000
v 1.1367 1.8415 -3.4000
v 1.1361 1.8380 -3.4085
v 1.1348 1.8296 -3.4120
v 1.1335 1.8212 -3.4085
v 1.1329 1.8178 -3.4000
v 1.1335 1.8212 -3.3915
v 1.1348 1.8296 -3.3880
v 1.1361 1.8380 -3.3915
v 1.1367 1.8415 -3.4000
v 1.1299 1.8420 -3.4000
v 1.1299 1.8385 -3.4085
v 1.1299 1.8300 -3.4120
v 1.1299 1.8215 -3.4085
v 1.1299 1.8180 -3.4000
v 1.1299 1.8215 -3.3915
v 1.1299 1.8300 -3.3880
v 1.1299 1.8385 -3.3915
v 1.1299 1.8420 -3.4000
v 0.8570 1.8420 -3.4000
v 0.8570 1.8385 -3.4085
v 0.8569 1.8300 -3.4120
v 0.8569 1.8215 -3.4085
v 0.8569 1.8180 -3.4000
v 0.8569 1.8215 -3.3915
v 0.8569 1.8300 -3.3880
v 0.8570 1.8385 -3.3915
v 0.8570 1.8420 -3.4000
v 0.8490 1.8431 -3.4000
v 0.8478 1.8397 -3.4085
v 0.8452 1.8317 -3.4120
v 0.8425 1.8236 -3.4085
v 0.8414 1.8203 -3.4000
v 0.8425 1.8236 -3.3915
v 0.8452 1.8317 -3.3880
v 0.8478 1.8397 -3.3915
v 0.8490 1.8431 -3.4000
v 0.8452 1.8452 -3.4000
v 0.8427 1.8427 -3.4085
v 0.8367 1.8367 -3.4120
v 0.8307 1.8307 -3.4085
v 0.8283 1.8283 -3.4000
v 0.8307 1.8307 -3.3915
v 0.8367 1.8367 -3.3880
v 0.8427 1.8427 -3.3915
v 0.8452 1.8452 -3.4000
v 0.8431 1.8490 -3.4000
v 0.8397 1.8478 -3.4085
v 0.8317 1.8452 -3.4120
v 0.8236 1.8425 -3.4085
v 0.8203 1.8414 -3.4000
v 0.8236 1.8425 -3.3915
v 0.8317 1.8452 -3.3880
v 0.8397 1.8478 -3.3915
v 0.8431 1.8490 -3.4000
v 0.8420 1.8575 -3.4000
v 0.8385 1.8573 -3.4085
v 0.8300 1.8570 -3.4120
v 0.8215 1.8566 -3.4085
v 0.8180 1.8564 -3.4000
v 0.8215 1.8566 -3.3915
v 0.8300 1.8570 -3.3880
v 0.8385 1.8573 -3.3915
v 0.8420 1.8575 -3.4000
v 0.8420 1.8850 -3.4000
v 0.8385 1.8850 -3.4085
v 0.8300 1.8850 -3.4120
v 0.8215 1.8850 -3.4085
v 0.8180 1.8850 -3.4000
v 0.8215 1.8850 -3.3915
v 0.8300 1.8850 -3.3880
v 0.8385 1.8850 -3.3915
v 0.8420 1.8850 -3.4000
v 1.2450 1.7500 -3.4000
v 1.2523 1.7595 -3.4000
v 1.2501 1.7567 -3.4085
v 1.2450 1.7500 -3.4120
v 1.2399 1.7433 -3.4085
v 1.2377 1.7405 -3.4000
v 1.2399 1.7433 -3.3915
v 1.2450 1.7500 -3.3880
v 1.2501 1.7567 -3.3915
v 0.8300 1.8850 -3.4000
v 0.8420 1.8850 -3.4000
v 0.8385 1.8850 -3.4085
v 0.8300 1.8850 -3.4120
v 0.8215 1.8850 -3.4085
v 0.8180 1.8850 -3.4000
v 0.8215 1.8850 -3.3915
v 0.8300 1.8850 -3.3880
v 0.8385 1.8850 -3.3915
v 1.2483 1.7167 -3.3767
v 1.2488 1.7162 -3.3790
v 1.2488 1.7162 -3.4210
v 1.2483 1.7167 -3.4233
v 1.2488 1.7190 -3.3762
v 1.2500 1.7190 -3.3790
v 1.2500 1.7190 -3.4210
v 1.2488 1.7190 -3.4238
v 1.2488 1.7810 -3.3762
v 1.2500 1.7810 -3.3790
v 1.2500 1.7810 -3.4210
v 1.2488 1.7810 -3.4238
v 1.2483 1.7833 -3.3767
v 1.2488 1.7838 -3.3790
v 1.2488 1.7838 -3.4210
v 1.2483 1.7833 -3.4233
v 1.2397 1.7167 -3.4233
v 1.2392 1.7162 -3.4210
v 1.2392 1.7162 -3.3790
v 1.2397 1.7167 -3.3767
v 1.2392 1.7190 -3.4238
v 1.2380 1.7190 -3.4210
v 1.2380 1.7190 -3.3790
v 1.2392 1.7190 -3.3762
v 1.2392 1.7810 -3.4238
v 1.2380 1.7810 -3.4210
v 1.2380 1.7810 -3.3790
v 1.2392 1.7810 -3.3762
v 1.2397 1.7833 -3.4233
v 1.2392 1.7838 -3.4210
v 1.2392 1.7838 -3.3790
v 1.2397 1.7833 -3.3767
v 1.2397 1.7833 -3.3767
v 1.2420 1.7838 -3.3762
v 1.2460 1.7838 -3.3762
v 1.2483 1.7833 -3.3767
v 1.2392 1.7838 -3.3790
v 1.2420 1.7850 -3.3790
v 1.2460 1.7850 -3.3790
v 1.2488 1.7838 -3.3790
v 1.2392 1.7838 -3.4210
v 1.2420 1.7850 -3.4210
v 1.2460 1.7850 -3.4210
v 1.2488 1.7838 -3.4210
v 1.2397 1.7833 -3.4233
v 1.2420 1.7838 -3.4238
v 1.2460 1.7838 -3.4238
v 1.2483 1.7833 -3.4233
v 1.2397 1.7167 -3.4233
v 1.2420 1.7162 -3.4238
v 1.2460 1.7162 -3.4238
v 1.2483 1.7167 -3.4233
v 1.2392 1.7162 -3.4210
v 1.2420 1.7150 -3.4210
v 1.2460 1.7150 -3.4210
v 1.2488 1.7162 -3.4210
v 1.2392 1.7162 -3.3790
v 1.2420 1.7150 -3.3790
v 1.2460 1.7150 -3.3790
v 1.2488 1.7162 -3.3790
v 1.2397 1.7167 -3.3767
v 1.2420 1.7162 -3.3762
v 1.2460 1.7162 -3.3762
v 1.2483 1.7167 -3.3767
v 1.2397 1.7167 -3.3767
v 1.2420 1.7162 -3.3762
v 1.2460 1.7162 -3.3762
v 1.2483 1.7167 -3.3767
v 1.2392 1.7190 -3.3762
v 1.2420 1.7190 -3.3750
v 1.2460 1.7190 -3.3750
v 1.2488 1.7190 -3.3762
v 1.2392 1.7810 -3.3762
v 1.2420 1.7810 -3.3750
v 1.2460 1.7810 -3.3750
v 1.2488 1.7810 -3.3762
v 1.2397 1.7833 -3.3767
v 1.2420 1.7838 -3.3762
v 1.2460 1.7838 -3.3762
v 1.2483 1.7833 -3.3767
v 1.2483 1.7167 -3.4233
v 1.2460 1.7162 -3.4238
v 1.2420 1.7162 -3.4238
v 1.2397 1.7167 -3.4233
v 1.2488 1.7190 -3.4238
v 1.2460 1.7190 -3.4250
v 1.2420 1.7190 -3.4250
v 1.2392 1.7190 -3.4238
v 1.2488 1.7810 -3.4238
v 1.2460 1.7810 -3.4250
v 1.2420 1.7810 -3.4250
v 1.2392 1.7810 -3.4238
v 1.2483 1.7833 -3.4233
v 1.2460 1.7838 -3.4238
v 1.2420 1.7838 -3.4238
v 1.2397 1.7833 -3.4233
v 1.2523 1.7595 -1.9200
v 1.2501 1.7567 -1.9285
v 1.2450 1.7500 -1.9320
v 1.2399 1.7433 -1.9285
v 1.2377 1.7405 -1.9200
v 1.2399 1.7433 -1.9115
v 1.2450 1.7500 -1.9080
v 1.2501 1.7567 -1.9115
v 1.2523 1.7595 -1.9200
v 1.1553 1.8334 -1.9200
v 1.1532 1.8306 -1.9285
v 1.1481 1.8239 -1.9320
v 1.1429 1.8171 -1.9285
v 1.1408 1.8143 -1.9200
v 1.1429 1.8171 -1.9115
v 1.1481 1.8239 -1.9080
v 1.1532 1.8306 -1.9115
v 1.1553 1.8334 -1.9200
v 1.1496 1.8371 -1.9200
v 1.1479 1.8340 -1.9285
v 1.1439 1.8265 -1.9320
v 1.1399 1.8191 -1.9285
v 1.1382 1.8160 -1.9200
v 1.1399 1.8191 -1.9115
v 1.1439 1.8265 -1.9080
v 1.1479 1.8340 -1.9115
v 1.1496 1.8371 -1.9200
v 1.1433 1.8398 -1.9200
v 1.1422 1.8365 -1.9285
v 1.1395 1.8285 -1.9320
v 1.1368 1.8204 -1.9285
v 1.1356 1.8171 -1.9200
v 1.1368 1.8204 -1.9115
v 1.1395 1.8285 -1.9080
v 1.1422 1.8365 -1.9115
v 1.1433 1.8398 -1.9200
v 1.1367 1.8415 -1.9200
v 1.1361 1.8380 -1.9285
v 1.1348 1.8296 -1.9320
v 1.1335 1.8212 -1.9285
v 1.1329 1.8178 -1.9200
v 1.1335 1.8212 -1.9115
v 1.1348 1.8296 -1.9080
v 1.1361 1.8380 -1.9115
v 1.1367 1.8415 -1.9200
v 1.1299 1.8420 -1.9200
v 1.1299 1.8385 -1.9285
v 1.1299 1.8300 -1.9320
v 1.1299 1.8215 -1.9285
v 1.1299 1.8180 -1.9200
v 1.1299 1.8215 -1.9115
v 1.1299 1.8300 -1.9080
v 1.1299 1.8385 -1.9115
v 1.1299 1.8420 -1.9200
v 0.8570 1.8420 -1.9200
v 0.8570 1.8385 -1.9285
v 0.8569 1.8300 -1.9320
v 0.8569 1.8215 -1.9285
v 0.8569 1.8180 -1.9200
v 0.8569 1.8215 -1.9115
v 0.8569 1.8300 -1.9080
v 0.8570 1.8385 -1.9115
v 0.8570 1.8420 -1.9200
v 0.8490 1.8431 -1.9200
v 0.8478 1.8397 -1.9285
v 0.8452 1.8317 -1.9320
v 0.8425 1.8236 -1.9285
v 0.8414 1.8203 -1.9200
v 0.8425 1.8236 -1.9115
v 0.8452 1.8317 -1.9080
v 0.8478 1.8397 -1.9115
v 0.8490 1.8431 -1.9200
v 0.8452 1.8452 -1.9200
v 0.8427 1.8427 -1.9285
v 0.8367 1.8367 -1.9320
v 0.8307 1.8307 -1.9285
v 0.8283 1.8283 -1.9200
v 0.8307 1.8307 -1.9115
v 0.8367 1.8367 -1.9080
v 0.8427 1.8427 -1.9115
v 0.8452 1.8452 -1.9200
v 0.8431 1.8490 -1.9200
v 0.8397 1.8478 -1.9285
v 0.8317 1.8452 -1.9320
v 0.8236 1.8425 -1.9285
v 0.8203 1.8414 -1.9200
v 0.8236 1.8425 -1.9115
v 0.8317 1.8452 -1.9080
v 0.8397 1.8478 -1.9115
v 0.8431 1.8490 -1.9200
v 0.8420 1.8575 -1.9200
v 0.8385 1.8573 -1.9285
v 0.8300 1.8570 -1.9320
v 0.8215 1.8566 -1.9285
v 0.8180 1.8564 -1.9200
v 0.8215 1.8566 -1.9115
v 0.8300 1.8570 -1.9080
v 0.8385 1.8573 -1.9115
v 0.8420 1.8575 -1.9200
v 0.8420 1.8850 -1.9200
v 0.8385 1.8850 -1.9285
v 0.8300 1.8850 -1.9320
v 0.8215 1.8850 -1.9285
v 0.8180 1.8850 -1.9200
v 0.8215 1.8850 -1.9115
v 0.8300 1.8850 -1.9080
v 0.8385 1.8850 -1.9115
v 0.8420 1.8850 -1.9200
v 1.2450 1.7500 -1.9200
v 1.2523 1.7595 -1.9200
v 1.2501 1.7567 -1.9285
v 1.2450 1.7500 -1.9320
v 1.2399 1.7433 -1.9285
v 1.2377 1.7405 -1.9200
v 1.2399 1.7433 -1.9115
v 1.2450 1.7500 -1.9080
v 1.2501 1.7567 -1.9115
v 0.8300 1.8850 -1.9200
v 0.8420 1.8850 -1.9200
v 0.8385 1.8850 -1.9285
v 0.8300 1.8850 -1.9320
v 0.8215 1.8850 -1.9285
v 0.8180 1.8850 -1.9200
v 0.8215 1.8850 -1.9115
v 0.8300 1.8850 -1.9080
v 0.8385 1.8850 -1.9115
v 1.2483 1.7167 -1.8967
v 1.2488 1.7162 -1.8990
v 1.2488 1.7162 -1.9410
v 1.2483 1.7167 -1.9433
v 1.2488 1.7190 -1.8962
v 1.2500 1.7190 -1.8990
v 1.2500 1.7190 -1.9410
v 1.2488 1.7190 -1.9438
v 1.2488 1.7810 -1.8962
v 1.2500 1.7810 -1.8990
v 1.2500 1.7810 -1.9410
v 1.2488 1.7810 -1.9438
v 1.2483 1.7833 -1.8967
v 1.2488 1.7838 -1.8990
v 1.2488 1.7838 -1.9410
v 1.2483 1.7833 -1.9433
v 1.2397 1.7167 -1.9433
v 1.2392 1.7162 -1.9410
v 1.2392 1.7162 -1.8990
v 1.2397 1.7167 -1.8967
v 1.2392 1.7190 -1.9438
v 1.2380 1.7190 -1.9410
v 1.2380 1.7190 -1.8990
v 1.2392 1.7190 -1.8962
v 1.2392 1.7810 -1.9438
v 1.2380 1.7810 -1.9410
v 1.2380 1.7810 -1.8990
v 1.2392 1.7810 -1.8962
v 1.2397 1.7833 -1.9433
v 1.2392 1.7838 -1.9410
v 1.2392 1.7838 -1.8990
v 1.2397 1.7833 -1.8967
v 1.2397 1.7833 -1.8967
v 1.2420 1.7838 -1.8962
v 1.2460 1.7838 -1.8962
v 1.2483 1.7833 -1.8967
v 1.2392 1.7838 -1.8990
v 1.2420 1.7850 -1.8990
v 1.2460 1.7850 -1.8990
v 1.2488 1.7838 -1.8990
v 1.2392 1.7838 -1.9410
v 1.2420 1.7850 -1.9410
v 1.2460 1.7850 -1.9410
v 1.2488 1.7838 -1.9410
v 1.2397 1.7833 -1.9433
v 1.2420 1.7838 -1.9438
v 1.2460 1.7838 -1.9438
v 1.2483 1.7833 -1.9433
v 1.2397 1.7167 -1.9433
v 1.2420 1.7162 -1.9438
v 1.2460 1.7162 -1.9438
v 1.2483 1.7167 -1.9433
v 1.2392 1.7162 -1.9410
v 1.2420 1.7150 -1.9410
v 1.2460 1.7150 -1.9410
v 1.2488 1.7162 -1.9410
v 1.2392 1.7162 -1.8990
v 1.2420 1.7150 -1.8990
v 1.2460 1.7150 -1.8990
v 1.2488 1.7162 -1.8990
v 1.2397 1.7167 -1.8967
v 1.2420 1.7162 -1.8962
v 1.2460 1.7162 -1.8962
v 1.2483 1.7167 -1.8967
v 1.2397 1.7167 -1.8967
v 1.2420 1.7162 -1.8962
v 1.2460 1.7162 -1.8962
v 1.2483 1.7167 -1.8967
v 1.2392 1.7190 -1.8962
v 1.2420 1.7190 -1.8950
v 1.2460 1.7190 -1.8950
v 1.2488 1.7190 -1.8962
v 1.2392 1.7810 -1.8962
v 1.2420 1.7810 -1.8950
v 1.2460 1.7810 -1.8950
v 1.2488 1.7810 -1.8962
v 1.2397 1.7833 -1.8967
v 1.2420 1.7838 -1.8962
v 1.2460 1.7838 -1.8962
v 1.2483 1.7833 -1.8967
v 1.2483 1.7167 -1.9433
v 1.2460 1.7162 -1.9438
v 1.2420 1.7162 -1.9438
v 1.2397 1.7167 -1.9433
v 1.2488 1.7190 -1.9438
v 1.2460 1.7190 -1.9450
v 1.2420 1.7190 -1.9450
v 1.2392 1.7190 -1.9438
v 1.2488 1.7810 -1.9438
v 1.2460 1.7810 -1.9450
v 1.2420 1.7810 -1.9450
v 1.2392 1.7810 -1.9438
v 1.2483 1.7833 -1.9433
v 1.2460 1.7838 -1.9438
v 1.2420 1.7838 -1.9438
v 1.2397 1.7833 -1.9433
v 1.2523 1.7595 -0.4400
v 1.2501 1.7567 -0.4485
v 1.2450 1.7500 -0.4520
v 1.2399 1.7433 -0.4485
v 1.2377 1.7405 -0.4400
v 1.2399 1.7433 -0.4315
v 1.2450 1.7500 -0.4280
v 1.2501 1.7567 -0.4315
v 1.2523 1.7595 -0.4400
v 1.1553 1.8334 -0.4400
v 1.1532 1.8306 -0.4485
v 1.1481 1.8239 -0.4520
v 1.1429 1.8171 -0.4485
v 1.1408 1.8143 -0.4400
v 1.1429 1.8171 -0.4315
v 1.1481 1.8239 -0.4280
v 1.1532 1.8306 -0.4315
v 1.1553 1.8334 -0.4400
v 1.1496 1.8371 -0.4400
v 1.1479 1.8340 -0.4485
v 1.1439 1.8265 -0.4520
v 1.1399 1.8191 -0.4485
v 1.1382 1.8160 -0.4400
v 1.1399 1.8191 -0.4315
v 1.1439 1.8265 -0.4280
v 1.1479 1.8340 -0.4315
v 1.1496 1.8371 -0.4400
v 1.1433 1.8398 -0.4400
v 1.1422 1.8365 -0.4485
v 1.1395 1.8285 -0.4520
v 1.1368 1.8204 -0.4485
v 1.1356 1.8171 -0.4400
v 1.1368 1.8204 -0.4315
v 1.1395 1.8285 -0.4280
v 1.1422 1.8365 -0.4315
v 1.1433 1.8398 -0.4400
v 1.1367 1.8415 -0.4400
v 1.1361 1.8380 -0.4485
v 1.1348 1.8296 -0.4520
v 1.1335 1.8212 -0.4485
v 1.1329 1.8178 -0.4400
v 1.1335 1.8212 -0.4315
v 1.1348 1.8296 -0.4280
v 1.1361 1.8380 -0.4315
v 1.1367 1.8415 -0.4400
v 1.1299 1.8420 -0.4400
v 1.1299 1.8385 -0.4485
v 1.1299 1.8300 -0.4520
v 1.1299 1.8215 -0.4485
v 1.1299 1.8180 -0.4400
v 1.1299 1.8215 -0.4315
v 1.1299 1.8300 -0.4280
v 1.1299 1.8385 -0.4315
v 1.1299 1.8420 -0.4400
v 0.8570 1.8420 -0.4400
v 0.8570 1.8385 -0.4485
v 0.8569 1.8300 -0.4520
v 0.8569 1.8215 -0.4485
v 0.8569 1.8180 -0.4400
v 0.8569 1.8215 -0.4315
v 0.8569 1.8300 -0.4280
v 0.8570 1.8385 -0.4315
v 0.8570 1.8420 -0.4400
v 0.8490 1.8431 -0.4400
v 0.8478 1.8397 -0.4485
v 0.8452 1.8317 -0.4520
v 0.8425 1.8236 -0.4485
v 0.8414 1.8203 -0.4400
v 0.8425 1.8236 -0.4315
v 0.8452 1.8317 -0.4280
v 0.8478 1.8397 -0.4315
v 0.8490 1.8431 -0.4400
v 0.8452 1.8452 -0.4400
v 0.8427 1.8427 -0.4485
v 0.8367 1.8367 -0.4520
v 0.8307 1.8307 -0.4485
v 0.8283 1.8283 -0.4400
v 0.8307 1.8307 -0.4315
v 0.8367 1.8367 -0.4280
v 0.8427 1.8427 -0.4315
v 0.8452 1.8452 -0.4400
v 0.8431 1.8490 -0.4400
v 0.8397 1.8478 -0.4485
v 0.8317 1.8452 -0.4520
v 0.8236 1.8425 -0.4485
v 0.8203 1.8414 -0.4400
v 0.8236 1.8425 -0.4315
v 0.8317 1.8452 -0.4280
v 0.8397 1.8478 -0.4315
v 0.8431 1.8490 -0.4400
v 0.8420 1.8575 -0.4400
v 0.8385 1.8573 -0.4485
v 0.8300 1.8570 -0.4520
v 0.8215 1.8566 -0.4485
v 0.8180 1.8564 -0.4400
v 0.8215 1.8566 -0.4315
v 0.8300 1.8570 -0.4280
v 0.8385 1.8573 -0.4315
v 0.8420 1.8575 -0.4400
v 0.8420 1.8850 -0.4400
v 0.8385 1.8850 -0.4485
v 0.8300 1.8850 -0.4520
v 0.8215 1.8850 -0.4485
v 0.8180 1.8850 -0.4400
v 0.8215 1.8850 -0.4315
v 0.8300 1.8850 -0.4280
v 0.8385 1.8850 -0.4315
v 0.8420 1.8850 -0.4400
v 1.2450 1.7500 -0.4400
v 1.2523 1.7595 -0.4400
v 1.2501 1.7567 -0.4485
v 1.2450 1.7500 -0.4520
v 1.2399 1.7433 -0.4485
v 1.2377 1.7405 -0.4400
v 1.2399 1.7433 -0.4315
v 1.2450 1.7500 -0.4280
v 1.2501 1.7567 -0.4315
v 0.8300 1.8850 -0.4400
v 0.8420 1.8850 -0.4400
v 0.8385 1.8850 -0.4485
v 0.8300 1.8850 -0.4520
v 0.8215 1.8850 -0.4485
v 0.8180 1.8850 -0.4400
v 0.8215 1.8850 -0.4315
v 0.8300 1.8850 -0.4280
v 0.8385 1.8850 -0.4315
v 1.2483 1.7167 -0.4167
v 1.2488 1.7162 -0.4190
v 1.2488 1.7162 -0.4610
v 1.2483 1.7167 -0.4633
v 1.2488 1.7190 -0.4162
v 1.2500 1.7190 -0.4190
v 1.2500 1.7190 -0.4610
v 1.2488 1.7190 -0.4638
v 1.2488 1.7810 -0.4162
v 1.2500 1.7810 -0.4190
v 1.2500 1.7810 -0.4610
v 1.2488 1.7810 -0.4638
v 1.2483 1.7833 -0.4167
v 1.2488 1.7838 -0.4190
v 1.2488 1.7838 -0.4610
v 1.2483 1.7833 -0.4633
v 1.2397 1.7167 -0.4633
v 1.2392 1.7162 -0.4610
v 1.2392 1.7162 -0.4190
v 1.2397 1.7167 -0.4167
v 1.2392 1.7190 -0.4638
v 1.2380 1.7190 -0.4610
v 1.2380 1.7190 -0.4190
v 1.2392 1.7190 -0.4162
v 1.2392 1.7810 -0.4638
v 1.2380 1.7810 -0.4610
v 1.2380 1.7810 -0.4190
v 1.2392 1.7810 -0.4162
v 1.2397 1.7833 -0.4633
v 1.2392 1.7838 -0.4610
v 1.2392 1.7838 -0.4190
v 1.2397 1.7833 -0.4167
v 1.2397 1.7833 -0.4167
v 1.2420 1.7838 -0.4162
v 1.2460 1.7838 -0.4162
v 1.2483 1.7833 -0.4167
v 1.2392 1.7838 -0.4190
v 1.2420 1.7850 -0.4190
v 1.2460 1.7850 -0.4190
v 1.2488 1.7838 -0.4190
v 1.2392 1.7838 -0.4610
v 1.2420 1.7850 -0.4610
v 1.2460 1.7850 -0.4610
v 1.2488 1.7838 -0.4610
v 1.2397 1.7833 -0.4633
v 1.2420 1.7838 -0.4638
v 1.2460 1.7838 -0.4638
v 1.2483 1.7833 -0.4633
v 1.2397 1.7167 -0.4633
v 1.2420 1.7162 -0.4638
v 1.2460 1.7162 -0.4638
v 1.2483 1.7167 -0.4633
v 1.2392 1.7162 -0.4610
v 1.2420 1.7150 -0.4610
v 1.2460 1.7150 -0.4610
v 1.2488 1.7162 -0.4610
v 1.2392 1.7162 -0.4190
v 1.2420 1.7150 -0.4190
v 1.2460 1.7150 -0.4190
v 1.2488 1.7162 -0.4190
v 1.2397 1.7167 -0.4167
v 1.2420 1.7162 -0.4162
v 1.2460 1.7162 -0.4162
v 1.2483 1.7167 -0.4167
v 1.2397 1.7167 -0.4167
v 1.2420 1.7162 -0.4162
v 1.2460 1.7162 -0.4162
v 1.2483 1.7167 -0.4167
v 1.2392 1.7190 -0.4162
v 1.2420 1.7190 -0.4150
v 1.2460 1.7190 -0.4150
v 1.2488 1.7190 -0.4162
v 1.2392 1.7810 -0.4162
v 1.2420 1.7810 -0.4150
v 1.2460 1.7810 -0.4150
v 1.2488 1.7810 -0.4162
v 1.2397 1.7833 -0.4167
v 1.2420 1.7838 -0.4162
v 1.2460 1.7838 -0.4162
v 1.2483 1.7833 -0.4167
v 1.2483 1.7167 -0.4633
v 1.2460 1.7162 -0.4638
v 1.2420 1.7162 -0.4638
v 1.2397 1.7167 -0.4633
v 1.2488 1.7190 -0.4638
v 1.2460 1.7190 -0.4650
v 1.2420 1.7190 -0.4650
v 1.2392 1.7190 -0.4638
v 1.2488 1.7810 -0.4638
v 1.2460 1.7810 -0.4650
v 1.2420 1.7810 -0.4650
v 1.2392 1.7810 -0.4638
v 1.2483 1.7833 -0.4633
v 1.2460 1.7838 -0.4638
v 1.2420 1.7838 -0.4638
v 1.2397 1.7833 -0.4633
v 1.2523 1.7595 1.0400
v 1.2501 1.7567 1.0315
v 1.2450 1.7500 1.0280
v 1.2399 1.7433 1.0315
v 1.2377 1.7405 1.0400
v 1.2399 1.7433 1.0485
v 1.2450 1.7500 1.0520
v 1.2501 1.7567 1.0485
v 1.2523 1.7595 1.0400
v 1.1553 1.8334 1.0400
v 1.1532 1.8306 1.0315
v 1.1481 1.8239 1.0280
v 1.1429 1.8171 1.0315
v 1.1408 1.8143 1.0400
v 1.1429 1.8171 1.0485
v 1.1481 1.8239 1.0520
v 1.1532 1.8306 1.0485
v 1.1553 1.8334 1.0400
v 1.1496 1.8371 1.0400
v 1.1479 1.8340 1.0315
v 1.1439 1.8265 1.0280
v 1.1399 1.8191 1.0315
v 1.1382 1.8160 1.0400
v 1.1399 1.8191 1.0485
v 1.1439 1.8265 1.0520
v 1.1479 1.8340 1.0485
v 1.1496 1.8371 1.0400
v 1.1433 1.8398 1.0400
v 1.1422 1.8365 1.0315
v 1.1395 1.8285 1.0280
v 1.1368 1.8204 1.0315
v 1.1356 1.8171 1.0400
v 1.1368 1.8204 1.0485
v 1.1395 1.8285 1.0520
v 1.1422 1.8365 1.0485
v 1.1433 1.8398 1.0400
v 1.1367 1.8415 1.0400
v 1.1361 1.8380 1.0315
v 1.1348 1.8296 1.0280
v 1.1335 1.8212 1.0315
v 1.1329 1.8178 1.0400
v 1.1335 1.8212 1.0485
v 1.1348 1.8296 1.0520
v 1.1361 1.8380 1.0485
v 1.1367 1.8415 1.0400
v 1.1299 1.8420 1.0400
v 1.1299 1.8385 1.0315
v 1.1299 1.8300 1.0280
v 1.1299 1.8215 1.0315
v 1.1299 1.8180 1.0400
v 1.1299 1.8215 1.0485
v 1.1299 1.8300 1.0520
v 1.1299 1.8385 1.0485
v 1.1299 1.8420 1.0400
v 0.8570 1.8420 1.0400
v 0.8570 1.8385 1.0315
v 0.8569 1.8300 1.0280
v 0.8569 1.8215 1.0315
v 0.8569 1.8180 1.0400
v 0.8569 1.8215 1.0485
v 0.8569 1.8300 1.0520
v 0.8570 1.8385 1.0485
v 0.8570 1.8420 1.0400
v 0.8490 1.8431 1.0400
v 0.8478 1.8397 1.0315
v 0.8452 1.8317 1.0280
v 0.8425 1.8236 1.0315
v 0.8414 1.8203 1.0400
v 0.8425 1.8236 1.0485
v 0.8452 1.8317 1.0520
v 0.8478 1.8397 1.0485
v 0.8490 1.8431 1.0400
v 0.8452 1.8452 1.0400
v 0.8427 1.8427 1.0315
v 0.8367 1.8367 1.0280
v 0.8307 1.8307 1.0315
v 0.8283 1.8283 1.0400
v 0.8307 1.8307 1.0485
v 0.8367 1.8367 1.0520
v 0.8427 1.8427 1.0485
v 0.8452 1.8452 1.0400
v 0.8431 1.8490 1.0400
v 0.8397 1.8478 1.0315
v 0.8317 1.8452 1.0280
v 0.8236 1.8425 1.0315
v 0.8203 1.8414 1.0400
v 0.8236 1.8425 1.0485
v 0.8317 1.8452 1.0520
v 0.8397 1.8478 1.0485
v 0.8431 1.8490 1.0400
v 0.8420 1.8575 1.0400
v 0.8385 1.8573 1.0315
v 0.8300 1.8570 1.0280
v 0.8215 1.8566 1.0315
v 0.8180 1.8564 1.0400
v 0.8215 1.8566 1.0485
v 0.8300 1.8570 1.0520
v 0.8385 1.8573 1.0485
v 0.8420 1.8575 1.0400
v 0.8420 1.8850 1.0400
v 0.8385 1.8850 1.0315
v 0.8300 1.8850 1.0280
v 0.8215 1.8850 1.0315
v 0.8180 1.8850 1.0400
v 0.8215 1.8850 1.0485
v 0.8300 1.8850 1.0520
v 0.8385 1.8850 1.0485
v 0.8420 1.8850 1.0400
v 1.2450 1.7500 1.0400
v 1.2523 1.7595 1.0400
v 1.2501 1.7567 1.0315
v 1.2450 1.7500 1.0280
v 1.2399 1.7433 1.0315
v 1.2377 1.7405 1.0400
v 1.2399 1.7433 1.0485
v 1.2450 1.7500 1.0520
v 1.2501 1.7567 1.0485
v 0.8300 1.8850 1.0400
v 0.8420 1.8850 1.0400
v 0.8385 1.8850 1.0315
v 0.8300 1.8850 1.0280
v 0.8215 1.8850 1.0315
v 0.8180 1.8850 1.0400
v 0.8215 1.8850 1.0485
v 0.8300 1.8850 1.0520
v 0.8385 1.8850 1.0485
v 1.2483 1.7167 1.0633
v 1.2488 1.7162 1.0610
v 1.2488 1.7162 1.0190
v 1.2483 1.7167 1.0167
v 1.2488 1.7190 1.0638
v 1.2500 1.7190 1.0610
v 1.2500 1.7190 1.0190
v 1.2488 1.7190 1.0162
v 1.2488 1.7810 1.0638
v 1.2500 1.7810 1.0610
v 1.2500 1.7810 1.0190
v 1.2488 1.7810 1.0162
v 1.2483 1.7833 1.0633
v 1.2488 1.7838 1.0610
v 1.2488 1.7838 1.0190
v 1.2483 1.7833 1.0167
v 1.2397 1.7167 1.0167
v 1.2392 1.7162 1.0190
v 1.2392 1.7162 1.0610
v 1.2397 1.7167 1.0633
v 1.2392 1.7190 1.0162
v 1.2380 1.7190 1.0190
v 1.2380 1.7190 1.0610
v 1.2392 1.7190 1.0638
v 1.2392 1.7810 1.0162
v 1.2380 1.7810 1.0190
v 1.2380 1.7810 1.0610
v 1.2392 1.7810 1.0638
v 1.2397 1.7833 1.0167
v 1.2392 1.7838 1.0190
v 1.2392 1.7838 1.0610
v 1.2397 1.7833 1.0633
v 1.2397 1.7833 1.0633
v 1.2420 1.7838 1.0638
v 1.2460 1.7838 1.0638
v 1.2483 1.7833 1.0633
v 1.2392 1.7838 1.0610
v 1.2420 1.7850 1.0610
v 1.2460 1.7850 1.0610
v 1.2488 1.7838 1.0610
v 1.2392 1.7838 1.0190
v 1.2420 1.7850 1.0190
v 1.2460 1.7850 1.0190
v 1.2488 1.7838 1.0190
v 1.2397 1.7833 1.0167
v 1.2420 1.7838 1.0162
v 1.2460 1.7838 1.0162
v 1.2483 1.7833 1.0167
v 1.2397 1.7167 1.0167
v 1.2420 1.7162 1.0162
v 1.2460 1.7162 1.0162
v 1.2483 1.7167 1.0167
v 1.2392 1.7162 1.0190
v 1.2420 1.7150 1.0190
v 1.2460 1.7150 1.0190
v 1.2488 1.7162 1.0190
v 1.2392 1.7162 1.0610
v 1.2420 1.7150 1.0610
v 1.2460 1.7150 1.0610
v 1.2488 1.7162 1.0610
v 1.2397 1.7167 1.0633
v 1.2420 1.7162 1.0638
v 1.2460 1.7162 1.0638
v 1.2483 1.7167 1.0633
v 1.2397 1.7167 1.0633
v 1.2420 1.7162 1.0638
v 1.2460 1.7162 1.0638
v 1.2483 1.7167 1.0633
v 1.2392 1.7190 1.0638
v 1.2420 1.7190 1.0650
v 1.2460 1.7190 1.0650
v 1.2488 1.7190 1.0638
v 1.2392 1.7810 1.0638
v 1.2420 1.7810 1.0650
v 1.2460 1.7810 1.0650
v 1.2488 1.7810 1.0638
v 1.2397 1.7833 1.0633
v 1.2420 1.7838 1.0638
v 1.2460 1.7838 1.0638
v 1.2483 1.7833 1.0633
v 1.2483 1.7167 1.0167
v 1.2460 1.7162 1.0162
v 1.2420 1.7162 1.0162
v 1.2397 1.7167 1.0167
v 1.2488 1.7190 1.0162
v 1.2460 1.7190 1.0150
v 1.2420 1.7190 1.0150
v 1.2392 1.7190 1.0162
v 1.2488 1.7810 1.0162
v 1.2460 1.7810 1.0150
v 1.2420 1.7810 1.0150
v 1.2392 1.7810 1.0162
v 1.2483 1.7833 1.0167
v 1.2460 1.7838 1.0162
v 1.2420 1.7838 1.0162
v 1.2397 1.7833 1.0167
v 1.2523 1.7595 2.5200
v 1.2501 1.7567 2.5115
v 1.2450 1.7500 2.5080
v 1.2399 1.7433 2.5115
v 1.2377 1.7405 2.5200
v 1.2399 1.7433 2.5285
v 1.2450 1.7500 2.5320
v 1.2501 1.7567 2.5285
v 1.2523 1.7595 2.5200
v 1.1553 1.8334 2.5200
v 1.1532 1.8306 2.5115
v 1.1481 1.8239 2.5080
v 1.1429 1.8171 2.5115
v 1.1408 1.8143 2.5200
v 1.1429 1.8171 2.5285
v 1.1481 1.8239 2.5320
v 1.1532 1.8306 2.5285
v 1.1553 1.8334 2.5200
v 1.1496 1.8371 2.5200
v 1.1479 1.8340 2.5115
v 1.1439 1.8265 2.5080
v 1.1399 1.8191 2.5115
v 1.1382 1.8160 2.5200
v 1.1399 1.8191 2.5285
v 1.1439 1.8265 2.5320
v 1.1479 1.8340 2.5285
v 1.1496 1.8371 2.5200
v 1.1433 1.8398 2.5200
v 1.1422 1.8365 2.5115
v 1.1395 1.8285 2.5080
v 1.1368 1.8204 2.5115
v 1.1356 1.8171 2.5200
v 1.1368 1.8204 2.5285
v 1.1395 1.8285 2.5320
v 1.1422 1.8365 2.5285
v 1.1433 1.8398 2.5200
v 1.1367 1.8415 2.5200
v 1.1361 1.8380 2.5115
v 1.1348 1.8296 2.5080
v 1.1335 1.8212 2.5115
v 1.1329 1.8178 2.5200
v 1.1335 1.8212 2.5285
v 1.1348 1.8296 2.5320
v 1.1361 1.8380 2.5285
v 1.1367 1.8415 2.5200
v 1.1299 1.8420 2.5200
v 1.1299 1.8385 2.5115
v 1.1299 1.8300 2.5080
v 1.1299 1.8215 2.5115
v 1.1299 1.8180 2.5200
v 1.1299 1.8215 2.5285
v 1.1299 1.8300 2.5320
v 1.1299 1.8385 2.5285
v 1.1299 1.8420 2.5200
v 0.8570 1.8420 2.5200
v 0.8570 1.8385 2.5115
v 0.8569 1.8300 2.5080
v 0.8569 1.8215 2.5115
v 0.8569 1.8180 2.5200
v 0.8569 1.8215 2.5285
v 0.8569 1.8300 2.5320
v 0.8570 1.8385 2.5285
v 0.8570 1.8420 2.5200
v 0.8490 1.8431 2.5200
v 0.8478 1.8397 2.5115
v 0.8452 1.8317 2.5080
v 0.8425 1.8236 2.5115
v 0.8414 1.8203 2.5200
v 0.8425 1.8236 2.5285
v 0.8452 1.8317 2.5320
v 0.8478 1.8397 2.5285
v 0.8490 1.8431 2.5200
v 0.8452 1.8452 2.5200
v 0.8427 1.8427 2.5115
v 0.8367 1.8367 2.5080
v 0.8307 1.8307 2.5115
v 0.8283 1.8283 2.5200
v 0.8307 1.8307 2.5285
v 0.8367 1.8367 2.5320
v 0.8427 1.8427 2.5285
v 0.8452 1.8452 2.5200
v 0.8431 1.8490 2.5200
v 0.8397 1.8478 2.5115
v 0.8317 1.8452 2.5080
v 0.8236 1.8425 2.5115
v 0.8203 1.8414 2.5200
v 0.8236 1.8425 2.5285
v 0.8317 1.8452 2.5320
v 0.8397 1.8478 2.5285
v 0.8431 1.8490 2.5200
v 0.8420 1.8575 2.5200
v 0.8385 1.8573 2.5115
v 0.8300 1.8570 2.5080
v 0.8215 1.8566 2.5115
v 0.8180 1.8564 2.5200
v 0.8215 1.8566 2.5285
v 0.8300 1.8570 2.5320
v 0.8385 1.8573 2.5285
v 0.8420 1.8575 2.5200
v 0.8420 1.8850 2.5200
v 0.8385 1.8850 2.5115
v 0.8300 1.8850 2.5080
v 0.8215 1.8850 2.5115
v 0.8180 1.8850 2.5200
v 0.8215 1.8850 2.5285
v 0.8300 1.8850 2.5320
v 0.8385 1.8850 2.5285
v 0.8420 1.8850 2.5200
v 1.2450 1.7500 2.5200
v 1.2523 1.7595 2.5200
v 1.2501 1.7567 2.5115
v 1.2450 1.7500 2.5080
v 1.2399 1.7433 2.5115
v 1.2377 1.7405 2.5200
v 1.2399 1.7433 2.5285
v 1.2450 1.7500 2.5320
v 1.2501 1.7567 2.5285
v 0.8300 1.8850 2.5200
v 0.8420 1.8850 2.5200
v 0.8385 1.8850 2.5115
v 0.8300 1.8850 2.5080
v 0.8215 1.8850 2.5115
v 0.8180 1.8850 2.5200
v 0.8215 1.8850 2.5285
v 0.8300 1.8850 2.5320
v 0.8385 1.8850 2.5285
v 1.2483 1.7167 2.5433
v 1.2488 1.7162 2.5410
v 1.2488 1.7162 2.4990
v 1.2483 1.7167 2.4967
v 1.2488 1.7190 2.5438
v 1.2500 1.7190 2.5410
v 1.2500 1.7190 2.4990
v 1.2488 1.7190 2.4962
v 1.2488 1.7810 2.5438
v 1.2500 1.7810 2.5410
v 1.2500 1.7810 2.4990
v 1.2488 1.7810 2.4962
v 1.2483 1.7833 2.5433
v 1.2488 1.7838 2.5410
v 1.2488 1.7838 2.4990
v 1.2483 1.7833 2.4967
v 1.2397 1.7167 2.4967
v 1.2392 1.7162 2.4990
v 1.2392 1.7162 2.5410
v 1.2397 1.7167 2.5433
v 1.2392 1.7190 2.4962
v 1.2380 1.7190 2.4990
v 1.2380 1.7190 2.5410
v 1.2392 1.7190 2.5438
v 1.2392 1.7810 2.4962
v 1.2380 1.7810 2.4990
v 1.2380 1.7810 2.5410
v 1.2392 1.7810 2.5438
v 1.2397 1.7833 2.4967
v 1.2392 1.7838 2.4990
v 1.2392 1.7838 2.5410
v 1.2397 1.7833 2.5433
v 1.2397 1.7833 2.5433
v 1.2420 1.7838 2.5438
v 1.2460 1.7838 2.5438
v 1.2483 1.7833 2.5433
v 1.2392 1.7838 2.5410
v 1.2420 1.7850 2.5410
v 1.2460 1.7850 2.5410
v 1.2488 1.7838 2.5410
v 1.2392 1.7838 2.4990
v 1.2420 1.7850 2.4990
v 1.2460 1.7850 2.4990
v 1.2488 1.7838 2.4990
v 1.2397 1.7833 2.4967
v 1.2420 1.7838 2.4962
v 1.2460 1.7838 2.4962
v 1.2483 1.7833 2.4967
v 1.2397 1.7167 2.4967
v 1.2420 1.7162 2.4962
v 1.2460 1.7162 2.4962
v 1.2483 1.7167 2.4967
v 1.2392 1.7162 2.4990
v 1.2420 1.7150 2.4990
v 1.2460 1.7150 2.4990
v 1.2488 1.7162 2.4990
v 1.2392 1.7162 2.5410
v 1.2420 1.7150 2.5410
v 1.2460 1.7150 2.5410
v 1.2488 1.7162 2.5410
v 1.2397 1.7167 2.5433
v 1.2420 1.7162 2.5438
v 1.2460 1.7162 2.5438
v 1.2483 1.7167 2.5433
v 1.2397 1.7167 2.5433
v 1.2420 1.7162 2.5438
v 1.2460 1.7162 2.5438
v 1.2483 1.7167 2.5433
v 1.2392 1.7190 2.5438
v 1.2420 1.7190 2.5450
v 1.2460 1.7190 2.5450
v 1.2488 1.7190 2.5438
v 1.2392 1.7810 2.5438
v 1.2420 1.7810 2.5450
v 1.2460 1.7810 2.5450
v 1.2488 1.7810 2.5438
v 1.2397 1.7833 2.5433
v 1.2420 1.7838 2.5438
v 1.2460 1.7838 2.5438
v 1.2483 1.7833 2.5433
v 1.2483 1.7167 2.4967
v 1.2460 1.7162 2.4962
v 1.2420 1.7162 2.4962
v 1.2397 1.7167 2.4967
v 1.2488 1.7190 2.4962
v 1.2460 1.7190 2.4950
v 1.2420 1.7190 2.4950
v 1.2392 1.7190 2.4962
v 1.2488 1.7810 2.4962
v 1.2460 1.7810 2.4950
v 1.2420 1.7810 2.4950
v 1.2392 1.7810 2.4962
v 1.2483 1.7833 2.4967
v 1.2460 1.7838 2.4962
v 1.2420 1.7838 2.4962
v 1.2397 1.7833 2.4967
v 1.2523 1.7595 4.0000
v 1.2501 1.7567 3.9915
v 1.2450 1.7500 3.9880
v 1.2399 1.7433 3.9915
v 1.2377 1.7405 4.0000
v 1.2399 1.7433 4.0085
v 1.2450 1.7500 4.0120
v 1.2501 1.7567 4.0085
v 1.2523 1.7595 4.0000
v 1.1553 1.8334 4.0000
v 1.1532 1.8306 3.9915
v 1.1481 1.8239 3.9880
v 1.1429 1.8171 3.9915
v 1.1408 1.8143 4.0000
v 1.1429 1.8171 4.0085
v 1.1481 1.8239 4.0120
v 1.1532 1.8306 4.0085
v 1.1553 1.8334 4.0000
v 1.1496 1.8371 4.0000
v 1.1479 1.8340 3.9915
v 1.1439 1.8265 3.9880
v 1.1399 1.8191 3.9915
v 1.1382 1.8160 4.0000
v 1.1399 1.8191 4.0085
v 1.1439 1.8265 4.0120
v 1.1479 1.8340 4.0085
v 1.1496 1.8371 4.0000
v 1.1433 1.8398 4.0000
v 1.1422 1.8365 3.9915
v 1.1395 1.8285 3.9880
v 1.1368 1.8204 3.9915
v 1.1356 1.8171 4.0000
v 1.1368 1.8204 4.0085
v 1.1395 1.8285 4.0120
v 1.1422 1.8365 4.0085
v 1.1433 1.8398 4.0000
v 1.1367 1.8415 4.0000
v 1.1361 1.8380 3.9915
v 1.1348 1.8296 3.9880
v 1.1335 1.8212 3.9915
v 1.1329 1.8178 4.0000
v 1.1335 1.8212 4.0085
v 1.1348 1.8296 4.0120
v 1.1361 1.8380 4.0085
v 1.1367 1.8415 4.0000
v 1.1299 1.8420 4.0000
v 1.1299 1.8385 3.9915
v 1.1299 1.8300 3.9880
v 1.1299 1.8215 3.9915
v 1.1299 1.8180 4.0000
v 1.1299 1.8215 4.0085
v 1.1299 1.8300 4.0120
v 1.1299 1.8385 4.0085
v 1.1299 1.8420 4.0000
v 0.8570 1.8420 4.0000
v 0.8570 1.8385 3.9915
v 0.8569 1.8300 3.9880
v 0.8569 1.8215 3.9915
v 0.8569 1.8180 4.0000
v 0.8569 1.8215 4.0085
v 0.8569 1.8300 4.0120
v 0.8570 1.8385 4.0085
v 0.8570 1.8420 4.0000
v 0.8490 1.8431 4.0000
v 0.8478 1.8397 3.9915
v 0.8452 1.8317 3.9880
v 0.8425 1.8236 3.9915
v 0.8414 1.8203 4.0000
v 0.8425 1.8236 4.0085
v 0.8452 1.8317 4.0120
v 0.8478 1.8397 4.0085
v 0.8490 1.8431 4.0000
v 0.8452 1.8452 4.0000
v 0.8427 1.8427 3.9915
v 0.8367 1.8367 3.9880
v 0.8307 1.8307 3.9915
v 0.8283 1.8283 4.0000
v 0.8307 1.8307 4.0085
v 0.8367 1.8367 4.0120
v 0.8427 1.8427 4.0085
v 0.8452 1.8452 4.0000
v 0.8431 1.8490 4.0000
v 0.8397 1.8478 3.9915
v 0.8317 1.8452 3.9880
v 0.8236 1.8425 3.9915
v 0.8203 1.8414 4.0000
v 0.8236 1.8425 4.0085
v 0.8317 1.8452 4.0120
v 0.8397 1.8478 4.0085
v 0.8431 1.8490 4.0000
v 0.8420 1.8575 4.0000
v 0.8385 1.8573 3.9915
v 0.8300 1.8570 3.9880
v 0.8215 1.8566 3.9915
v 0.8180 1.8564 4.0000
v 0.8215 1.8566 4.0085
v 0.8300 1.8570 4.0120
v 0.8385 1.8573 4.0085
v 0.8420 1.8575 4.0000
v 0.8420 1.8850 4.0000
v 0.8385 1.8850 3.9915
v 0.8300 1.8850 3.9880
v 0.8215 1.8850 3.9915
v 0.8180 1.8850 4.0000
v 0.8215 1.8850 4.0085
v 0.8300 1.8850 4.0120
v 0.8385 1.8850 4.0085
v 0.8420 1.8850 4.0000
v 1.2450 1.7500 4.0000
v 1.2523 1.7595 4.0000
v 1.2501 1.7567 3.9915
v 1.2450 1.7500 3.9880
v 1.2399 1.7433 3.9915
v 1.2377 1.7405 4.0000
v 1.2399 1.7433 4.0085
v 1.2450 1.7500 4.0120
v 1.2501 1.7567 4.0085
v 0.8300 1.8850 4.0000
v 0.8420 1.8850 4.0000
v 0.8385 1.8850 3.9915
v 0.8300 1.8850 3.9880
v 0.8215 1.8850 3.9915
v 0.8180 1.8850 4.0000
v 0.8215 1.8850 4.0085
v 0.8300 1.8850 4.0120
v 0.8385 1.8850 4.0085
v 1.2483 1.7167 4.0233
v 1.2488 1.7162 4.0210
v 1.2488 1.7162 3.9790
v 1.2483 1.7167 3.9767
v 1.2488 1.7190 4.0238
v 1.2500 1.7190 4.0210
v 1.2500 1.7190 3.9790
v 1.2488 1.7190 3.9762
v 1.2488 1.7810 4.0238
v 1.2500 1.7810 4.0210
v 1.2500 1.7810 3.9790
v 1.2488 1.7810 3.9762
v 1.2483 1.7833 4.0233
v 1.2488 1.7838 4.0210
v 1.2488 1.7838 3.9790
v 1.2483 1.7833 3.9767
v 1.2397 1.7167 3.9767
v 1.2392 1.7162 3.9790
v 1.2392 1.7162 4.0210
v 1.2397 1.7167 4.0233
v 1.2392 1.7190 3.9762
v 1.2380 1.7190 3.9790
v 1.2380 1.7190 4.0210
v 1.2392 1.7190 4.0238
v 1.2392 1.7810 3.9762
v 1.2380 1.7810 3.9790
v 1.2380 1.7810 4.0210
v 1.2392 1.7810 4.0238
v 1.2397 1.7833 3.9767
v 1.2392 1.7838 3.9790
v 1.2392 1.7838 4.0210
v 1.2397 1.7833 4.0233
v 1.2397 1.7833 4.0233
v 1.2420 1.7838 4.0238
v 1.2460 1.7838 4.0238
v 1.2483 1.7833 4.0233
v 1.2392 1.7838 4.0210
v 1.2420 1.7850 4.0210
v 1.2460 1.7850 4.0210
v 1.2488 1.7838 4.0210
v 1.2392 1.7838 3.9790
v 1.2420 1.7850 3.9790
v 1.2460 1.7850 3.9790
v 1.2488 1.7838 3.9790
v 1.2397 1.7833 3.9767
v 1.2420 1.7838 3.9762
v 1.2460 1.7838 3.9762
v 1.2483 1.7833 3.9767
v 1.2397 1.7167 3.9767
v 1.2420 1.7162 3.9762
v 1.2460 1.7162 3.9762
v 1.2483 1.7167 3.9767
v 1.2392 1.7162 3.9790
v 1.2420 1.7150 3.9790
v 1.2460 1.7150 3.9790
v 1.2488 1.7162 3.9790
v 1.2392 1.7162 4.0210
v 1.2420 1.7150 4.0210
v 1.2460 1.7150 4.0210
v 1.2488 1.7162 4.0210
v 1.2397 1.7167 4.0233
v 1.2420 1.7162 4.0238
v 1.2460 1.7162 4.0238
v 1.2483 1.7167 4.0233
v 1.2397 1.7167 4.0233
v 1.2420 1.7162 4.0238
v 1.2460 1.7162 4.0238
v 1.2483 1.7167 4.0233
v 1.2392 1.7190 4.0238
v 1.2420 1.7190 4.0250
v 1.2460 1.7190 4.0250
v 1.2488 1.7190 4.0238
v 1.2392 1.7810 4.0238
v 1.2420 1.7810 4.0250
v 1.2460 1.7810 4.0250
v 1.2488 1.7810 4.0238
v 1.2397 1.7833 4.0233
v 1.2420 1.7838 4.0238
v 1.2460 1.7838 4.0238
v 1.2483 1.7833 4.0233
v 1.2483 1.7167 3.9767
v 1.2460 1.7162 3.9762
v 1.2420 1.7162 3.9762
v 1.2397 1.7167 3.9767
v 1.2488 1.7190 3.9762
v 1.2460 1.7190 3.9750
v 1.2420 1.7190 3.9750
v 1.2392 1.7190 3.9762
v 1.2488 1.7810 3.9762
v 1.2460 1.7810 3.9750
v 1.2420 1.7810 3.9750
v 1.2392 1.7810 3.9762
v 1.2483 1.7833 3.9767
v 1.2460 1.7838 3.9762
v 1.2420 1.7838 3.9762
v 1.2397 1.7833 3.9767
v 0.4200 1.9860 -3.5500
v 0.4120 1.9839 -3.5500
v 0.4061 1.9780 -3.5500
v 0.4040 1.9700 -3.5500
v 0.4061 1.9620 -3.5500
v 0.4120 1.9561 -3.5500
v 0.4200 1.9540 -3.5500
v 0.4280 1.9561 -3.5500
v 0.4339 1.9620 -3.5500
v 0.4360 1.9700 -3.5500
v 0.4339 1.9780 -3.5500
v 0.4280 1.9839 -3.5500
v 0.4200 1.9860 -3.5500
v 0.4200 1.9860 4.0000
v 0.4120 1.9839 4.0000
v 0.4061 1.9780 4.0000
v 0.4040 1.9700 4.0000
v 0.4061 1.9620 4.0000
v 0.4120 1.9561 4.0000
v 0.4200 1.9540 4.0000
v 0.4280 1.9561 4.0000
v 0.4339 1.9620 4.0000
v 0.4360 1.9700 4.0000
v 0.4339 1.9780 4.0000
v 0.4280 1.9839 4.0000
v 0.4200 1.9860 4.0000
v 0.4200 1.9700 -3.5500
v 0.4200 1.9860 -3.5500
v 0.4120 1.9839 -3.5500
v 0.4061 1.9780 -3.5500
v 0.4040 1.9700 -3.5500
v 0.4061 1.9620 -3.5500
v 0.4120 1.9561 -3.5500
v 0.4200 1.9540 -3.5500
v 0.4280 1.9561 -3.5500
v 0.4339 1.9620 -3.5500
v 0.4360 1.9700 -3.5500
v 0.4339 1.9780 -3.5500
v 0.4280 1.9839 -3.5500
v 0.4200 1.9700 4.0000
v 0.4200 1.9860 4.0000
v 0.4120 1.9839 4.0000
v 0.4061 1.9780 4.0000
v 0.4040 1.9700 4.0000
v 0.4061 1.9620 4.0000
v 0.4120 1.9561 4.0000
v 0.4200 1.9540 4.0000
v 0.4280 1.9561 4.0000
v 0.4339 1.9620 4.0000
v 0.4360 1.9700 4.0000
v 0.4339 1.9780 4.0000
v 0.4280 1.9839 4.0000
v 0.4290 1.9700 -3.4000
v 0.4264 1.9700 -3.4064
v 0.4200 1.9700 -3.4090
v 0.4136 1.9700 -3.4064
v 0.4110 1.9700 -3.4000
v 0.4136 1.9700 -3.3936
v 0.4200 1.9700 -3.3910
v 0.4264 1.9700 -3.3936
v 0.4290 1.9700 -3.4000
v 0.4290 2.1500 -3.4000
v 0.4264 2.1500 -3.4064
v 0.4200 2.1500 -3.4090
v 0.4136 2.1500 -3.4064
v 0.4110 2.1500 -3.4000
v 0.4136 2.1500 -3.3936
v 0.4200 2.1500 -3.3910
v 0.4264 2.1500 -3.3936
v 0.4290 2.1500 -3.4000
v 0.4200 1.9700 -3.4000
v 0.4290 1.9700 -3.4000
v 0.4264 1.9700 -3.4064
v 0.4200 1.9700 -3.4090
v 0.4136 1.9700 -3.4064
v 0.4110 1.9700 -3.4000
v 0.4136 1.9700 -3.3936
v 0.4200 1.9700 -3.3910
v 0.4264 1.9700 -3.3936
v 0.4200 2.1500 -3.4000
v 0.4290 2.1500 -3.4000
v 0.4264 2.1500 -3.4064
v 0.4200 2.1500 -3.4090
v 0.4136 2.1500 -3.4064
v 0.4110 2.1500 -3.4000
v 0.4136 2.1500 -3.3936
v 0.4200 2.1500 -3.3910
v 0.4264 2.1500 -3.3936
v 0.4200 2.1380 -3.4000
v 0.4480 2.1380 -3.4000
v 0.4500 2.1460 -3.4000
v 0.4200 2.1500 -3.4000
v 0.4200 2.1380 -3.4000
v 0.4442 2.1380 -3.4140
v 0.4460 2.1460 -3.4150
v 0.4200 2.1500 -3.4000
v 0.4200 2.1380 -3.4000
v 0.4340 2.1380 -3.4242
v 0.4350 2.1460 -3.4260
v 0.4200 2.1500 -3.4000
v 0.4200 2.1380 -3.4000
v 0.4200 2.1380 -3.4280
v 0.4200 2.1460 -3.4300
v 0.4200 2.1500 -3.4000
v 0.4200 2.1380 -3.4000
v 0.4060 2.1380 -3.4242
v 0.4050 2.1460 -3.4260
v 0.4200 2.1500 -3.4000
v 0.4200 2.1380 -3.4000
v 0.3958 2.1380 -3.4140
v 0.3940 2.1460 -3.4150
v 0.4200 2.1500 -3.4000
v 0.4200 2.1380 -3.4000
v 0.3920 2.1380 -3.4000
v 0.3900 2.1460 -3.4000
v 0.4200 2.1500 -3.4000
v 0.4200 2.1380 -3.4000
v 0.3958 2.1380 -3.3860
v 0.3940 2.1460 -3.3850
v 0.4200 2.1500 -3.4000
v 0.4200 2.1380 -3.4000
v 0.4060 2.1380 -3.3758
v 0.4050 2.1460 -3.3740
v 0.4200 2.1500 -3.4000
v 0.4200 2.1380 -3.4000
v 0.4200 2.1380 -3.3720
v 0.4200 2.1460 -3.3700
v 0.4200 2.1500 -3.4000
v 0.4200 2.1380 -3.4000
v 0.4340 2.1380 -3.3758
v 0.4350 2.1460 -3.3740
v 0.4200 2.1500 -3.4000
v 0.4200 2.1380 -3.4000
v 0.4442 2.1380 -3.3860
v 0.4460 2.1460 -3.3850
v 0.4200 2.1500 -3.4000
v 0.4200 2.1380 -3.4000
v 0.4480 2.1380 -3.4000
v 0.4500 2.1460 -3.4000
v 0.4200 2.1500 -3.4000
v 0.4290 1.9700 -1.9500
v 0.4264 1.9700 -1.9564
v 0.4200 1.9700 -1.9590
v 0.4136 1.9700 -1.9564
v 0.4110 1.9700 -1.9500
v 0.4136 1.9700 -1.9436
v 0.4200 1.9700 -1.9410
v 0.4264 1.9700 -1.9436
v 0.4290 1.9700 -1.9500
v 0.4290 2.1500 -1.9500
v 0.4264 2.1500 -1.9564
v 0.4200 2.1500 -1.9590
v 0.4136 2.1500 -1.9564
v 0.4110 2.1500 -1.9500
v 0.4136 2.1500 -1.9436
v 0.4200 2.1500 -1.9410
v 0.4264 2.1500 -1.9436
v 0.4290 2.1500 -1.9500
v 0.4200 1.9700 -1.9500
v 0.4290 1.9700 -1.9500
v 0.4264 1.9700 -1.9564
v 0.4200 1.9700 -1.9590
v 0.4136 1.9700 -1.9564
v 0.4110 1.9700 -1.9500
v 0.4136 1.9700 -1.9436
v 0.4200 1.9700 -1.9410
v 0.4264 1.9700 -1.9436
v 0.4200 2.1500 -1.9500
v 0.4290 2.1500 -1.9500
v 0.4264 2.1500 -1.9564
v 0.4200 2.1500 -1.9590
v 0.4136 2.1500 -1.9564
v 0.4110 2.1500 -1.9500
v 0.4136 2.1500 -1.9436
v 0.4200 2.1500 -1.9410
v 0.4264 2.1500 -1.9436
v 0.4200 2.1380 -1.9500
v 0.4480 2.1380 -1.9500
v 0.4500 2.1460 -1.9500
v 0.4200 2.1500 -1.9500
v 0.4200 2.1380 -1.9500
v 0.4442 2.1380 -1.9640
v 0.4460 2.1460 -1.9650
v 0.4200 2.1500 -1.9500
v 0.4200 2.1380 -1.9500
v 0.4340 2.1380 -1.9742
v 0.4350 2.1460 -1.9760
v 0.4200 2.1500 -1.9500
v 0.4200 2.1380 -1.9500
v 0.4200 2.1380 -1.9780
v 0.4200 2.1460 -1.9800
v 0.4200 2.1500 -1.9500
v 0.4200 2.1380 -1.9500
v 0.4060 2.1380 -1.9742
v 0.4050 2.1460 -1.9760
v 0.4200 2.1500 -1.9500
v 0.4200 2.1380 -1.9500
v 0.3958 2.1380 -1.9640
v 0.3940 2.1460 -1.9650
v 0.4200 2.1500 -1.9500
v 0.4200 2.1380 -1.9500
v 0.3920 2.1380 -1.9500
v 0.3900 2.1460 -1.9500
v 0.4200 2.1500 -1.9500
v 0.4200 2.1380 -1.9500
v 0.3958 2.1380 -1.9360
v 0.3940 2.1460 -1.9350
v 0.4200 2.1500 -1.9500
v 0.4200 2.1380 -1.9500
v 0.4060 2.1380 -1.9258
v 0.4050 2.1460 -1.9240
v 0.4200 2.1500 -1.9500
v 0.4200 2.1380 -1.9500
v 0.4200 2.1380 -1.9220
v 0.4200 2.1460 -1.9200
v 0.4200 2.1500 -1.9500
v 0.4200 2.1380 -1.9500
v 0.4340 2.1380 -1.9258
v 0.4350 2.1460 -1.9240
v 0.4200 2.1500 -1.9500
v 0.4200 2.1380 -1.9500
v 0.4442 2.1380 -1.9360
v 0.4460 2.1460 -1.9350
v 0.4200 2.1500 -1.9500
v 0.4200 2.1380 -1.9500
v 0.4480 2.1380 -1.9500
v 0.4500 2.1460 -1.9500
v 0.4200 2.1500 -1.9500
v 0.4290 1.9700 -0.5000
v 0.4264 1.9700 -0.5064
v 0.4200 1.9700 -0.5090
v 0.4136 1.9700 -0.5064
v 0.4110 1.9700 -0.5000
v 0.4136 1.9700 -0.4936
v 0.4200 1.9700 -0.4910
v 0.4264 1.9700 -0.4936
v 0.4290 1.9700 -0.5000
v 0.4290 2.1500 -0.5000
v 0.4264 2.1500 -0.5064
v 0.4200 2.1500 -0.5090
v 0.4136 2.1500 -0.5064
v 0.4110 2.1500 -0.5000
v 0.4136 2.1500 -0.4936
v 0.4200 2.1500 -0.4910
v 0.4264 2.1500 -0.4936
v 0.4290 2.1500 -0.5000
v 0.4200 1.9700 -0.5000
v 0.4290 1.9700 -0.5000
v 0.4264 1.9700 -0.5064
v 0.4200 1.9700 -0.5090
v 0.4136 1.9700 -0.5064
v 0.4110 1.9700 -0.5000
v 0.4136 1.9700 -0.4936
v 0.4200 1.9700 -0.4910
v 0.4264 1.9700 -0.4936
v 0.4200 2.1500 -0.5000
v 0.4290 2.1500 -0.5000
v 0.4264 2.1500 -0.5064
v 0.4200 2.1500 -0.5090
v 0.4136 2.1500 -0.5064
v 0.4110 2.1500 -0.5000
v 0.4136 2.1500 -0.4936
v 0.4200 2.1500 -0.4910
v 0.4264 2.1500 -0.4936
v 0.4200 2.1380 -0.5000
v 0.4480 2.1380 -0.5000
v 0.4500 2.1460 -0.5000
v 0.4200 2.1500 -0.5000
v 0.4200 2.1380 -0.5000
v 0.4442 2.1380 -0.5140
v 0.4460 2.1460 -0.5150
v 0.4200 2.1500 -0.5000
v 0.4200 2.1380 -0.5000
v 0.4340 2.1380 -0.5242
v 0.4350 2.1460 -0.5260
v 0.4200 2.1500 -0.5000
v 0.4200 2.1380 -0.5000
v 0.4200 2.1380 -0.5280
v 0.4200 2.1460 -0.5300
v 0.4200 2.1500 -0.5000
v 0.4200 2.1380 -0.5000
v 0.4060 2.1380 -0.5242
v 0.4050 2.1460 -0.5260
v 0.4200 2.1500 -0.5000
v 0.4200 2.1380 -0.5000
v 0.3958 2.1380 -0.5140
v 0.3940 2.1460 -0.5150
v 0.4200 2.1500 -0.5000
v 0.4200 2.1380 -0.5000
v 0.3920 2.1380 -0.5000
v 0.3900 2.1460 -0.5000
v 0.4200 2.1500 -0.5000
v 0.4200 2.1380 -0.5000
v 0.3958 2.1380 -0.4860
v 0.3940 2.1460 -0.4850
v 0.4200 2.1500 -0.5000
v 0.4200 2.1380 -0.5000
v 0.4060 2.1380 -0.4758
v 0.4050 2.1460 -0.4740
v 0.4200 2.1500 -0.5000
v 0.4200 2.1380 -0.5000
v 0.4200 2.1380 -0.4720
v 0.4200 2.1460 -0.4700
v 0.4200 2.1500 -0.5000
v 0.4200 2.1380 -0.5000
v 0.4340 2.1380 -0.4758
v 0.4350 2.1460 -0.4740
v 0.4200 2.1500 -0.5000
v 0.4200 2.1380 -0.5000
v 0.4442 2.1380 -0.4860
v 0.4460 2.1460 -0.4850
v 0.4200 2.1500 -0.5000
v 0.4200 2.1380 -0.5000
v 0.4480 2.1380 -0.5000
v 0.4500 2.1460 -0.5000
v 0.4200 2.1500 -0.5000
v 0.4290 1.9700 0.9500
v 0.4264 1.9700 0.9436
v 0.4200 1.9700 0.9410
v 0.4136 1.9700 0.9436
v 0.4110 1.9700 0.9500
v 0.4136 1.9700 0.9564
v 0.4200 1.9700 0.9590
v 0.4264 1.9700 0.9564
v 0.4290 1.9700 0.9500
v 0.4290 2.1500 0.9500
v 0.4264 2.1500 0.9436
v 0.4200 2.1500 0.9410
v 0.4136 2.1500 0.9436
v 0.4110 2.1500 0.9500
v 0.4136 2.1500 0.9564
v 0.4200 2.1500 0.9590
v 0.4264 2.1500 0.9564
v 0.4290 2.1500 0.9500
v 0.4200 1.9700 0.9500
v 0.4290 1.9700 0.9500
v 0.4264 1.9700 0.9436
v 0.4200 1.9700 0.9410
v 0.4136 1.9700 0.9436
v 0.4110 1.9700 0.9500
v 0.4136 1.9700 0.9564
v 0.4200 1.9700 0.9590
v 0.4264 1.9700 0.9564
v 0.4200 2.1500 0.9500
v 0.4290 2.1500 0.9500
v 0.4264 2.1500 0.9436
v 0.4200 2.1500 0.9410
v 0.4136 2.1500 0.9436
v 0.4110 2.1500 0.9500
v 0.4136 2.1500 0.9564
v 0.4200 2.1500 0.9590
v 0.4264 2.1500 0.9564
v 0.4200 2.1380 0.9500
v 0.4480 2.1380 0.9500
v 0.4500 2.1460 0.9500
v 0.4200 2.1500 0.9500
v 0.4200 2.1380 0.9500
v 0.4442 2.1380 0.9360
v 0.4460 2.1460 0.9350
v 0.4200 2.1500 0.9500
v 0.4200 2.1380 0.9500
v 0.4340 2.1380 0.9258
v 0.4350 2.1460 0.9240
v 0.4200 2.1500 0.9500
v 0.4200 2.1380 0.9500
v 0.4200 2.1380 0.9220
v 0.4200 2.1460 0.9200
v 0.4200 2.1500 0.9500
v 0.4200 2.1380 0.9500
v 0.4060 2.1380 0.9258
v 0.4050 2.1460 0.9240
v 0.4200 2.1500 0.9500
v 0.4200 2.1380 0.9500
v 0.3958 2.1380 0.9360
v 0.3940 2.1460 0.9350
v 0.4200 2.1500 0.9500
v 0.4200 2.1380 0.9500
v 0.3920 2.1380 0.9500
v 0.3900 2.1460 0.9500
v 0.4200 2.1500 0.9500
v 0.4200 2.1380 0.9500
v 0.3958 2.1380 0.9640
v 0.3940 2.1460 0.9650
v 0.4200 2.1500 0.9500
v 0.4200 2.1380 0.9500
v 0.4060 2.1380 0.9742
v 0.4050 2.1460 0.9760
v 0.4200 2.1500 0.9500
v 0.4200 2.1380 0.9500
v 0.4200 2.1380 0.9780
v 0.4200 2.1460 0.9800
v 0.4200 2.1500 0.9500
v 0.4200 2.1380 0.9500
v 0.4340 2.1380 0.9742
v 0.4350 2.1460 0.9760
v 0.4200 2.1500 0.9500
v 0.4200 2.1380 0.9500
v 0.4442 2.1380 0.9640
v 0.4460 2.1460 0.9650
v 0.4200 2.1500 0.9500
v 0.4200 2.1380 0.9500
v 0.4480 2.1380 0.9500
v 0.4500 2.1460 0.9500
v 0.4200 2.1500 0.9500
v 0.4290 1.9700 2.4000
v 0.4264 1.9700 2.3936
v 0.4200 1.9700 2.3910
v 0.4136 1.9700 2.3936
v 0.4110 1.9700 2.4000
v 0.4136 1.9700 2.4064
v 0.4200 1.9700 2.4090
v 0.4264 1.9700 2.4064
v 0.4290 1.9700 2.4000
v 0.4290 2.1500 2.4000
v 0.4264 2.1500 2.3936
v 0.4200 2.1500 2.3910
v 0.4136 2.1500 2.3936
v 0.4110 2.1500 2.4000
v 0.4136 2.1500 2.4064
v 0.4200 2.1500 2.4090
v 0.4264 2.1500 2.4064
v 0.4290 2.1500 2.4000
v 0.4200 1.9700 2.4000
v 0.4290 1.9700 2.4000
v 0.4264 1.9700 2.3936
v 0.4200 1.9700 2.3910
v 0.4136 1.9700 2.3936
v 0.4110 1.9700 2.4000
v 0.4136 1.9700 2.4064
v 0.4200 1.9700 2.4090
v 0.4264 1.9700 2.4064
v 0.4200 2.1500 2.4000
v 0.4290 2.1500 2.4000
v 0.4264 2.1500 2.3936
v 0.4200 2.1500 2.3910
v 0.4136 2.1500 2.3936
v 0.4110 2.1500 2.4000
v 0.4136 2.1500 2.4064
v 0.4200 2.1500 2.4090
v 0.4264 2.1500 2.4064
v 0.4200 2.1380 2.4000
v 0.4480 2.1380 2.4000
v 0.4500 2.1460 2.4000
v 0.4200 2.1500 2.4000
v 0.4200 2.1380 2.4000
v 0.4442 2.1380 2.3860
v 0.4460 2.1460 2.3850
v 0.4200 2.1500 2.4000
v 0.4200 2.1380 2.4000
v 0.4340 2.1380 2.3758
v 0.4350 2.1460 2.3740
v 0.4200 2.1500 2.4000
v 0.4200 2.1380 2.4000
v 0.4200 2.1380 2.3720
v 0.4200 2.1460 2.3700
v 0.4200 2.1500 2.4000
v 0.4200 2.1380 2.4000
v 0.4060 2.1380 2.3758
v 0.4050 2.1460 2.3740
v 0.4200 2.1500 2.4000
v 0.4200 2.1380 2.4000
v 0.3958 2.1380 2.3860
v 0.3940 2.1460 2.3850
v 0.4200 2.1500 2.4000
v 0.4200 2.1380 2.4000
v 0.3920 2.1380 2.4000
v 0.3900 2.1460 2.4000
v 0.4200 2.1500 2.4000
v 0.4200 2.1380 2.4000
v 0.3958 2.1380 2.4140
v 0.3940 2.1460 2.4150
v 0.4200 2.1500 2.4000
v 0.4200 2.1380 2.4000
v 0.4060 2.1380 2.4242
v 0.4050 2.1460 2.4260
v 0.4200 2.1500 2.4000
v 0.4200 2.1380 2.4000
v 0.4200 2.1380 2.4280
v 0.4200 2.1460 2.4300
v 0.4200 2.1500 2.4000
v 0.4200 2.1380 2.4000
v 0.4340 2.1380 2.4242
v 0.4350 2.1460 2.4260
v 0.4200 2.1500 2.4000
v 0.4200 2.1380 2.4000
v 0.4442 2.1380 2.4140
v 0.4460 2.1460 2.4150
v 0.4200 2.1500 2.4000
v 0.4200 2.1380 2.4000
v 0.4480 2.1380 2.4000
v 0.4500 2.1460 2.4000
v 0.4200 2.1500 2.4000
v 0.4290 1.9700 3.8500
v 0.4264 1.9700 3.8436
v 0.4200 1.9700 3.8410
v 0.4136 1.9700 3.8436
v 0.4110 1.9700 3.8500
v 0.4136 1.9700 3.8564
v 0.4200 1.9700 3.8590
v 0.4264 1.9700 3.8564
v 0.4290 1.9700 3.8500
v 0.4290 2.1500 3.8500
v 0.4264 2.1500 3.8436
v 0.4200 2.1500 3.8410
v 0.4136 2.1500 3.8436
v 0.4110 2.1500 3.8500
v 0.4136 2.1500 3.8564
v 0.4200 2.1500 3.8590
v 0.4264 2.1500 3.8564
v 0.4290 2.1500 3.8500
v 0.4200 1.9700 3.8500
v 0.4290 1.9700 3.8500
v 0.4264 1.9700 3.8436
v 0.4200 1.9700 3.8410
v 0.4136 1.9700 3.8436
v 0.4110 1.9700 3.8500
v 0.4136 1.9700 3.8564
v 0.4200 1.9700 3.8590
v 0.4264 1.9700 3.8564
v 0.4200 2.1500 3.8500
v 0.4290 2.1500 3.8500
v 0.4264 2.1500 3.8436
v 0.4200 2.1500 3.8410
v 0.4136 2.1500 3.8436
v 0.4110 2.1500 3.8500
v 0.4136 2.1500 3.8564
v 0.4200 2.1500 3.8590
v 0.4264 2.1500 3.8564
v 0.4200 2.1380 3.8500
v 0.4480 2.1380 3.8500
v 0.4500 2.1460 3.8500
v 0.4200 2.1500 3.8500
v 0.4200 2.1380 3.8500
v 0.4442 2.1380 3.8360
v 0.4460 2.1460 3.8350
v 0.4200 2.1500 3.8500
v 0.4200 2.1380 3.8500
v 0.4340 2.1380 3.8258
v 0.4350 2.1460 3.8240
v 0.4200 2.1500 3.8500
v 0.4200 2.1380 3.8500
v 0.4200 2.1380 3.8220
v 0.4200 2.1460 3.8200
v 0.4200 2.1500 3.8500
v 0.4200 2.1380 3.8500
v 0.4060 2.1380 3.8258
v 0.4050 2.1460 3.8240
v 0.4200 2.1500 3.8500
v 0.4200 2.1380 3.8500
v 0.3958 2.1380 3.8360
v 0.3940 2.1460 3.8350
v 0.4200 2.1500 3.8500
v 0.4200 2.1380 3.8500
v 0.3920 2.1380 3.8500
v 0.3900 2.1460 3.8500
v 0.4200 2.1500 3.8500
v 0.4200 2.1380 3.8500
v 0.3958 2.1380 3.8640
v 0.3940 2.1460 3.8650
v 0.4200 2.1500 3.8500
v 0.4200 2.1380 3.8500
v 0.4060 2.1380 3.8742
v 0.4050 2.1460 3.8760
v 0.4200 2.1500 3.8500
v 0.4200 2.1380 3.8500
v 0.4200 2.1380 3.8780
v 0.4200 2.1460 3.8800
v 0.4200 2.1500 3.8500
v 0.4200 2.1380 3.8500
v 0.4340 2.1380 3.8742
v 0.4350 2.1460 3.8760
v 0.4200 2.1500 3.8500
v 0.4200 2.1380 3.8500
v 0.4442 2.1380 3.8640
v 0.4460 2.1460 3.8650
v 0.4200 2.1500 3.8500
v 0.4200 2.1380 3.8500
v 0.4480 2.1380 3.8500
v 0.4500 2.1460 3.8500
v 0.4200 2.1500 3.8500
v 0.4200 1.9700 -3.5700
v 0.4390 1.9700 -3.5680
v 0.4400 1.9700 -3.5500
v 0.4390 1.9700 -3.5320
v 0.4200 1.9700 -3.5300
v 0.4200 1.9700 -3.5700
v 0.4365 1.9795 -3.5680
v 0.4373 1.9800 -3.5500
v 0.4365 1.9795 -3.5320
v 0.4200 1.9700 -3.5300
v 0.4200 1.9700 -3.5700
v 0.4295 1.9865 -3.5680
v 0.4300 1.9873 -3.5500
v 0.4295 1.9865 -3.5320
v 0.4200 1.9700 -3.5300
v 0.4200 1.9700 -3.5700
v 0.4200 1.9890 -3.5680
v 0.4200 1.9900 -3.5500
v 0.4200 1.9890 -3.5320
v 0.4200 1.9700 -3.5300
v 0.4200 1.9700 -3.5700
v 0.4105 1.9865 -3.5680
v 0.4100 1.9873 -3.5500
v 0.4105 1.9865 -3.5320
v 0.4200 1.9700 -3.5300
v 0.4200 1.9700 -3.5700
v 0.4035 1.9795 -3.5680
v 0.4027 1.9800 -3.5500
v 0.4035 1.9795 -3.5320
v 0.4200 1.9700 -3.5300
v 0.4200 1.9700 -3.5700
v 0.4010 1.9700 -3.5680
v 0.4000 1.9700 -3.5500
v 0.4010 1.9700 -3.5320
v 0.4200 1.9700 -3.5300
v 0.4200 1.9700 -3.5700
v 0.4035 1.9605 -3.5680
v 0.4027 1.9600 -3.5500
v 0.4035 1.9605 -3.5320
v 0.4200 1.9700 -3.5300
v 0.4200 1.9700 -3.5700
v 0.4105 1.9535 -3.5680
v 0.4100 1.9527 -3.5500
v 0.4105 1.9535 -3.5320
v 0.4200 1.9700 -3.5300
v 0.4200 1.9700 -3.5700
v 0.4200 1.9510 -3.5680
v 0.4200 1.9500 -3.5500
v 0.4200 1.9510 -3.5320
v 0.4200 1.9700 -3.5300
v 0.4200 1.9700 -3.5700
v 0.4295 1.9535 -3.5680
v 0.4300 1.9527 -3.5500
v 0.4295 1.9535 -3.5320
v 0.4200 1.9700 -3.5300
v 0.4200 1.9700 -3.5700
v 0.4365 1.9605 -3.5680
v 0.4373 1.9600 -3.5500
v 0.4365 1.9605 -3.5320
v 0.4200 1.9700 -3.5300
v 0.4200 1.9700 -3.5700
v 0.4390 1.9700 -3.5680
v 0.4400 1.9700 -3.5500
v 0.4390 1.9700 -3.5320
v 0.4200 1.9700 -3.5300
v 0.4200 1.9700 3.9800
v 0.4390 1.9700 3.9820
v 0.4400 1.9700 4.0000
v 0.4390 1.9700 4.0180
v 0.4200 1.9700 4.0200
v 0.4200 1.9700 3.9800
v 0.4365 1.9795 3.9820
v 0.4373 1.9800 4.0000
v 0.4365 1.9795 4.0180
v 0.4200 1.9700 4.0200
v 0.4200 1.9700 3.9800
v 0.4295 1.9865 3.9820
v 0.4300 1.9873 4.0000
v 0.4295 1.9865 4.0180
v 0.4200 1.9700 4.0200
v 0.4200 1.9700 3.9800
v 0.4200 1.9890 3.9820
v 0.4200 1.9900 4.0000
v 0.4200 1.9890 4.0180
v 0.4200 1.9700 4.0200
v 0.4200 1.9700 3.9800
v 0.4105 1.9865 3.9820
v 0.4100 1.9873 4.0000
v 0.4105 1.9865 4.0180
v 0.4200 1.9700 4.0200
v 0.4200 1.9700 3.9800
v 0.4035 1.9795 3.9820
v 0.4027 1.9800 4.0000
v 0.4035 1.9795 4.0180
v 0.4200 1.9700 4.0200
v 0.4200 1.9700 3.9800
v 0.4010 1.9700 3.9820
v 0.4000 1.9700 4.0000
v 0.4010 1.9700 4.0180
v 0.4200 1.9700 4.0200
v 0.4200 1.9700 3.9800
v 0.4035 1.9605 3.9820
v 0.4027 1.9600 4.0000
v 0.4035 1.9605 4.0180
v 0.4200 1.9700 4.0200
v 0.4200 1.9700 3.9800
v 0.4105 1.9535 3.9820
v 0.4100 1.9527 4.0000
v 0.4105 1.9535 4.0180
v 0.4200 1.9700 4.0200
v 0.4200 1.9700 3.9800
v 0.4200 1.9510 3.9820
v 0.4200 1.9500 4.0000
v 0.4200 1.9510 4.0180
v 0.4200 1.9700 4.0200
v 0.4200 1.9700 3.9800
v 0.4295 1.9535 3.9820
v 0.4300 1.9527 4.0000
v 0.4295 1.9535 4.0180
v 0.4200 1.9700 4.0200
v 0.4200 1.9700 3.9800
v 0.4365 1.9605 3.9820
v 0.4373 1.9600 4.0000
v 0.4365 1.9605 4.0180
v 0.4200 1.9700 4.0200
v 0.4200 1.9700 3.9800
v 0.4390 1.9700 3.9820
v 0.4400 1.9700 4.0000
v 0.4390 1.9700 4.0180
v 0.4200 1.9700 4.0200
v 0.5680 0.0000 -3.6200
v 0.5656 0.0000 -3.6290
v 0.5590 0.0000 -3.6356
v 0.5500 0.0000 -3.6380
v 0.5410 0.0000 -3.6356
v 0.5344 0.0000 -3.6290
v 0.5320 0.0000 -3.6200
v 0.5344 0.0000 -3.6110
v 0.5410 0.0000 -3.6044
v 0.5500 0.0000 -3.6020
v 0.5590 0.0000 -3.6044
v 0.5656 0.0000 -3.6110
v 0.5680 0.0000 -3.6200
v 0.5680 2.1500 -3.6200
v 0.5656 2.1500 -3.6290
v 0.5590 2.1500 -3.6356
v 0.5500 2.1500 -3.6380
v 0.5410 2.1500 -3.6356
v 0.5344 2.1500 -3.6290
v 0.5320 2.1500 -3.6200
v 0.5344 2.1500 -3.6110
v 0.5410 2.1500 -3.6044
v 0.5500 2.1500 -3.6020
v 0.5590 2.1500 -3.6044
v 0.5656 2.1500 -3.6110
v 0.5680 2.1500 -3.6200
v 0.5500 0.0000 -3.6200
v 0.5680 0.0000 -3.6200
v 0.5656 0.0000 -3.6290
v 0.5590 0.0000 -3.6356
v 0.5500 0.0000 -3.6380
v 0.5410 0.0000 -3.6356
v 0.5344 0.0000 -3.6290
v 0.5320 0.0000 -3.6200
v 0.5344 0.0000 -3.6110
v 0.5410 0.0000 -3.6044
v 0.5500 0.0000 -3.6020
v 0.5590 0.0000 -3.6044
v 0.5656 0.0000 -3.6110
v 0.5500 2.1500 -3.6200
v 0.5680 2.1500 -3.6200
v 0.5656 2.1500 -3.6290
v 0.5590 2.1500 -3.6356
v 0.5500 2.1500 -3.6380
v 0.5410 2.1500 -3.6356
v 0.5344 2.1500 -3.6290
v 0.5320 2.1500 -3.6200
v 0.5344 2.1500 -3.6110
v 0.5410 2.1500 -3.6044
v 0.5500 2.1500 -3.6020
v 0.5590 2.1500 -3.6044
v 0.5656 2.1500 -3.6110
v 0.5500 0.0000 -3.6200
v 0.5900 0.0000 -3.6200
v 0.5900 0.0080 -3.6200
v 0.5720 0.0200 -3.6200
v 0.5500 0.0200 -3.6200
v 0.5500 0.0000 -3.6200
v 0.5860 0.0000 -3.6374
v 0.5860 0.0080 -3.6374
v 0.5698 0.0200 -3.6295
v 0.5500 0.0200 -3.6200
v 0.5500 0.0000 -3.6200
v 0.5749 0.0000 -3.6513
v 0.5749 0.0080 -3.6513
v 0.5637 0.0200 -3.6372
v 0.5500 0.0200 -3.6200
v 0.5500 0.0000 -3.6200
v 0.5589 0.0000 -3.6590
v 0.5589 0.0080 -3.6590
v 0.5549 0.0200 -3.6414
v 0.5500 0.0200 -3.6200
v 0.5500 0.0000 -3.6200
v 0.5411 0.0000 -3.6590
v 0.5411 0.0080 -3.6590
v 0.5451 0.0200 -3.6414
v 0.5500 0.0200 -3.6200
v 0.5500 0.0000 -3.6200
v 0.5251 0.0000 -3.6513
v 0.5251 0.0080 -3.6513
v 0.5363 0.0200 -3.6372
v 0.5500 0.0200 -3.6200
v 0.5500 0.0000 -3.6200
v 0.5140 0.0000 -3.6374
v 0.5140 0.0080 -3.6374
v 0.5302 0.0200 -3.6295
v 0.5500 0.0200 -3.6200
v 0.5500 0.0000 -3.6200
v 0.5100 0.0000 -3.6200
v 0.5100 0.0080 -3.6200
v 0.5280 0.0200 -3.6200
v 0.5500 0.0200 -3.6200
v 0.5500 0.0000 -3.6200
v 0.5140 0.0000 -3.6026
v 0.5140 0.0080 -3.6026
v 0.5302 0.0200 -3.6105
v 0.5500 0.0200 -3.6200
v 0.5500 0.0000 -3.6200
v 0.5251 0.0000 -3.5887
v 0.5251 0.0080 -3.5887
v 0.5363 0.0200 -3.6028
v 0.5500 0.0200 -3.6200
v 0.5500 0.0000 -3.6200
v 0.5411 0.0000 -3.5810
v 0.5411 0.0080 -3.5810
v 0.5451 0.0200 -3.5986
v 0.5500 0.0200 -3.6200
v 0.5500 0.0000 -3.6200
v 0.5589 0.0000 -3.5810
v 0.5589 0.0080 -3.5810
v 0.5549 0.0200 -3.5986
v 0.5500 0.0200 -3.6200
v 0.5500 0.0000 -3.6200
v 0.5749 0.0000 -3.5887
v 0.5749 0.0080 -3.5887
v 0.5637 0.0200 -3.6028
v 0.5500 0.0200 -3.6200
v 0.5500 0.0000 -3.6200
v 0.5860 0.0000 -3.6026
v 0.5860 0.0080 -3.6026
v 0.5698 0.0200 -3.6105
v 0.5500 0.0200 -3.6200
v 0.5500 0.0000 -3.6200
v 0.5900 0.0000 -3.6200
v 0.5900 0.0080 -3.6200
v 0.5720 0.0200 -3.6200
v 0.5500 0.0200 -3.6200
v 0.5500 2.1300 -3.6200
v 0.5900 2.1300 -3.6200
v 0.5900 2.1380 -3.6200
v 0.5720 2.1500 -3.6200
v 0.5500 2.1500 -3.6200
v 0.5500 2.1300 -3.6200
v 0.5860 2.1300 -3.6374
v 0.5860 2.1380 -3.6374
v 0.5698 2.1500 -3.6295
v 0.5500 2.1500 -3.6200
v 0.5500 2.1300 -3.6200
v 0.5749 2.1300 -3.6513
v 0.5749 2.1380 -3.6513
v 0.5637 2.1500 -3.6372
v 0.5500 2.1500 -3.6200
v 0.5500 2.1300 -3.6200
v 0.5589 2.1300 -3.6590
v 0.5589 2.1380 -3.6590
v 0.5549 2.1500 -3.6414
v 0.5500 2.1500 -3.6200
v 0.5500 2.1300 -3.6200
v 0.5411 2.1300 -3.6590
v 0.5411 2.1380 -3.6590
v 0.5451 2.1500 -3.6414
v 0.5500 2.1500 -3.6200
v 0.5500 2.1300 -3.6200
v 0.5251 2.1300 -3.6513
v 0.5251 2.1380 -3.6513
v 0.5363 2.1500 -3.6372
v 0.5500 2.1500 -3.6200
v 0.5500 2.1300 -3.6200
v 0.5140 2.1300 -3.6374
v 0.5140 2.1380 -3.6374
v 0.5302 2.1500 -3.6295
v 0.5500 2.1500 -3.6200
v 0.5500 2.1300 -3.6200
v 0.5100 2.1300 -3.6200
v 0.5100 2.1380 -3.6200
v 0.5280 2.1500 -3.6200
v 0.5500 2.1500 -3.6200
v 0.5500 2.1300 -3.6200
v 0.5140 2.1300 -3.6026
v 0.5140 2.1380 -3.6026
v 0.5302 2.1500 -3.6105
v 0.5500 2.1500 -3.6200
v 0.5500 2.1300 -3.6200
v 0.5251 2.1300 -3.5887
v 0.5251 2.1380 -3.5887
v 0.5363 2.1500 -3.6028
v 0.5500 2.1500 -3.6200
v 0.5500 2.1300 -3.6200
v 0.5411 2.1300 -3.5810
v 0.5411 2.1380 -3.5810
v 0.5451 2.1500 -3.5986
v 0.5500 2.1500 -3.6200
v 0.5500 2.1300 -3.6200
v 0.5589 2.1300 -3.5810
v 0.5589 2.1380 -3.5810
v 0.5549 2.1500 -3.5986
v 0.5500 2.1500 -3.6200
v 0.5500 2.1300 -3.6200
v 0.5749 2.1300 -3.5887
v 0.5749 2.1380 -3.5887
v 0.5637 2.1500 -3.6028
v 0.5500 2.1500 -3.6200
v 0.5500 2.1300 -3.6200
v 0.5860 2.1300 -3.6026
v 0.5860 2.1380 -3.6026
v 0.5698 2.1500 -3.6105
v 0.5500 2.1500 -3.6200
v 0.5500 2.1300 -3.6200
v 0.5900 2.1300 -3.6200
v 0.5900 2.1380 -3.6200
v 0.5720 2.1500 -3.6200
v 0.5500 2.1500 -3.6200
vt 0.0000 0.0000
vt 0.0000 0.0071
vt 0.0000 0.0141
vt 0.0000 0.0212
vt 0.0000 0.0283
vt 0.0000 0.0353
vt 0.0000 0.0424
vt 0.0000 0.0495
vt 0.0000 0.0565
vt 7.5000 0.0000
vt 7.5000 0.0071
vt 7.5000 0.0141
vt 7.5000 0.0212
vt 7.5000 0.0283
vt 7.5000 0.0353
vt 7.5000 0.0424
vt 7.5000 0.0495
vt 7.5000 0.0565
vt 0.0000 0.0000
vt 0.0090 0.0000
vt 0.0064 0.0064
vt 0.0000 0.0090
vt -0.0064 0.0064
vt -0.0090 0.0000
vt -0.0064 -0.0064
vt -0.0000 -0.0090
vt 0.0064 -0.0064
vt 0.0000 0.0000
vt 0.0090 0.0000
vt 0.0064 0.0064
vt 0.0000 0.0090
vt -0.0064 0.0064
vt -0.0090 0.0000
vt -0.0064 -0.0064
vt -0.0000 -0.0090
vt 0.0064 -0.0064
vt 0.0000 0.0000
vt 0.0000 0.0071
vt 0.0000 0.0141
vt 0.0000 0.0212
vt 0.0000 0.0283
vt 0.0000 0.0353
vt 0.0000 0.0424
vt 0.0000 0.0495
vt 0.0000 0.0565
vt 7.5000 0.0000
vt 7.5000 0.0071
vt 7.5000 0.0141
vt 7.5000 0.0212
vt 7.5000 0.0283
vt 7.5000 0.0353
vt 7.5000 0.0424
vt 7.5000 0.0495
vt 7.5000 0.0565
vt 0.0000 0.0000
vt 0.0090 0.0000
vt 0.0064 0.0064
vt 0.0000 0.0090
vt -0.0064 0.0064
vt -0.0090 0.0000
vt -0.0064 -0.0064
vt -0.0000 -0.0090
vt 0.0064 -0.0064
vt 0.0000 0.0000
vt 0.0090 0.0000
vt 0.0064 0.0064
vt 0.0000 0.0090
vt -0.0064 0.0064
vt -0.0090 0.0000
vt -0.0064 -0.0064
vt -0.0000 -0.0090
vt 0.0064 -0.0064
vt 0.0000 0.0000
vt 0.0000 0.0071
vt 0.0000 0.0141
vt 0.0000 0.0212
vt 0.0000 0.0283
vt 0.0000 0.0353
vt 0.0000 0.0424
vt 0.0000 0.0495
vt 0.0000 0.0565
vt 7.5000 0.0000
vt 7.5000 0.0071
vt 7.5000 0.0141
vt 7.5000 0.0212
vt 7.5000 0.0283
vt 7.5000 0.0353
vt 7.5000 0.0424
vt 7.5000 0.0495
vt 7.5000 0.0565
vt 0.0000 0.0000
vt 0.0090 0.0000
vt 0.0064 0.0064
vt 0.0000 0.0090
vt -0.0064 0.0064
vt -0.0090 0.0000
vt -0.0064 -0.0064
vt -0.0000 -0.0090
vt 0.0064 -0.0064
vt 0.0000 0.0000
vt 0.0090 0.0000
vt 0.0064 0.0064
vt 0.0000 0.0090
vt -0.0064 0.0064
vt -0.0090 0.0000
vt -0.0064 -0.0064
vt -0.0000 -0.0090
vt 0.0064 -0.0064
vt 0.0000 0.0000
vt 0.0000 0.0071
vt 0.0000 0.0141
vt 0.0000 0.0212
vt 0.0000 0.0283
vt 0.0000 0.0353
vt 0.0000 0.0424
vt 0.0000 0.0495
vt 0.0000 0.0565
vt 7.5000 0.0000
vt 7.5000 0.0071
vt 7.5000 0.0141
vt 7.5000 0.0212
vt 7.5000 0.0283
vt 7.5000 0.0353
vt 7.5000 0.0424
vt 7.5000 0.0495
vt 7.5000 0.0565
vt 0.0000 0.0000
vt 0.0090 0.0000
vt 0.0064 0.0064
vt 0.0000 0.0090
vt -0.0064 0.0064
vt -0.0090 0.0000
vt -0.0064 -0.0064
vt -0.0000 -0.0090
vt 0.0064 -0.0064
vt 0.0000 0.0000
vt 0.0090 0.0000
vt 0.0064 0.0064
vt 0.0000 0.0090
vt -0.0064 0.0064
vt -0.0090 0.0000
vt -0.0064 -0.0064
vt -0.0000 -0.0090
vt 0.0064 -0.0064
vt 0.0000 0.0000
vt 0.0000 0.0069
vt 0.0000 0.0138
vt 0.0000 0.0207
vt 0.0000 0.0276
vt 0.0000 0.0346
vt 0.0000 0.0415
vt 0.0000 0.0484
vt 0.0000 0.0553
vt 0.0000 0.0622
vt 0.0000 0.0691
vt 7.5000 0.0000
vt 7.5000 0.0069
vt 7.5000 0.0138
vt 7.5000 0.0207
vt 7.5000 0.0276
vt 7.5000 0.0346
vt 7.5000 0.0415
vt 7.5000 0.0484
vt 7.5000 0.0553
vt 7.5000 0.0622
vt 7.5000 0.0691
vt 0.0000 0.0000
vt 0.0110 0.0000
vt 0.0089 0.0065
vt 0.0034 0.0105
vt -0.0034 0.0105
vt -0.0089 0.0065
vt -0.0110 0.0000
vt -0.0089 -0.0065
vt -0.0034 -0.0105
vt 0.0034 -0.0105
vt 0.0089 -0.0065
vt 0.0000 0.0000
vt 0.0110 0.0000
vt 0.0089 0.0065
vt 0.0034 0.0105
vt -0.0034 0.0105
vt -0.0089 0.0065
vt -0.0110 0.0000
vt -0.0089 -0.0065
vt -0.0034 -0.0105
vt 0.0034 -0.0105
vt 0.0089 -0.0065
vt 0.0000 0.0000
vt 0.0000 0.0094
vt 0.0000 0.0188
vt 0.0000 0.0283
vt 0.0000 0.0377
vt 0.0000 0.0471
vt 0.0000 0.0565
vt 0.0000 0.0660
vt 0.0000 0.0754
vt 0.1219 0.0000
vt 0.1219 0.0094
vt 0.1219 0.0188
vt 0.1219 0.0283
vt 0.1219 0.0377
vt 0.1219 0.0471
vt 0.1219 0.0565
vt 0.1219 0.0660
vt 0.1219 0.0754
vt 0.1268 0.0000
vt 0.1268 0.0094
vt 0.1268 0.0188
vt 0.1268 0.0283
vt 0.1268 0.0377
vt 0.1268 0.0471
vt 0.1268 0.0565
vt 0.1268 0.0660
vt 0.1268 0.0754
vt 0.1316 0.0000
vt 0.1316 0.0094
vt 0.1316 0.0188
vt 0.1316 0.0283
vt 0.1316 0.0377
vt 0.1316 0.0471
vt 0.1316 0.0565
vt 0.1316 0.0660
vt 0.1316 0.0754
vt 0.1365 0.0000
vt 0.1365 0.0094
vt 0.1365 0.0188
vt 0.1365 0.0283
vt 0.1365 0.0377
vt 0.1365 0.0471
vt 0.1365 0.0565
vt 0.1365 0.0660
vt 0.1365 0.0754
vt 0.1414 0.0000
vt 0.1414 0.0094
vt 0.1414 0.0188
vt 0.1414 0.0283
vt 0.1414 0.0377
vt 0.1414 0.0471
vt 0.1414 0.0565
vt 0.1414 0.0660
vt 0.1414 0.0754
vt 0.4143 0.0000
vt 0.4143 0.0094
vt 0.4143 0.0188
vt 0.4143 0.0283
vt 0.4143 0.0377
vt 0.4143 0.0471
vt 0.4143 0.0565
vt 0.4143 0.0660
vt 0.4143 0.0754
vt 0.4262 0.0000
vt 0.4262 0.0094
vt 0.4262 0.0188
vt 0.4262 0.0283
vt 0.4262 0.0377
vt 0.4262 0.0471
vt 0.4262 0.0565
vt 0.4262 0.0660
vt 0.4262 0.0754
vt 0.4361 0.0000
vt 0.4361 0.0094
vt 0.4361 0.0188
vt 0.4361 0.0283
vt 0.4361 0.0377
vt 0.4361 0.0471
vt 0.4361 0.0565
vt 0.4361 0.0660
vt 0.4361 0.0754
vt 0.4459 0.0000
vt 0.4459 0.0094
vt 0.4459 0.0188
vt 0.4459 0.0283
vt 0.4459 0.0377
vt 0.4459 0.0471
vt 0.4459 0.0565
vt 0.4459 0.0660
vt 0.4459 0.0754
vt 0.4578 0.0000
vt 0.4578 0.0094
vt 0.4578 0.0188
vt 0.4578 0.0283
vt 0.4578 0.0377
vt 0.4578 0.0471
vt 0.4578 0.0565
vt 0.4578 0.0660
vt 0.4578 0.0754
vt 0.4858 0.0000
vt 0.4858 0.0094
vt 0.4858 0.0188
vt 0.4858 0.0283
vt 0.4858 0.0377
vt 0.4858 0.0471
vt 0.4858 0.0565
vt 0.4858 0.0660
vt 0.4858 0.0754
vt 0.0000 0.0000
vt 0.0120 0.0000
vt 0.0085 0.0085
vt 0.0000 0.0120
vt -0.0085 0.0085
vt -0.0120 0.0000
vt -0.0085 -0.0085
vt -0.0000 -0.0120
vt 0.0085 -0.0085
vt 0.0000 0.0000
vt 0.0120 0.0000
vt 0.0085 0.0085
vt 0.0000 0.0120
vt -0.0085 0.0085
vt -0.0120 0.0000
vt -0.0085 -0.0085
vt -0.0000 -0.0120
vt 0.0085 -0.0085
vt 0.0000 0.0000
vt 0.0040 0.0000
vt 0.0460 0.0000
vt 0.0500 0.0000
vt 0.0000 0.0040
vt 0.0040 0.0040
vt 0.0460 0.0040
vt 0.0500 0.0040
vt 0.0000 0.0660
vt 0.0040 0.0660
vt 0.0460 0.0660
vt 0.0500 0.0660
vt 0.0000 0.0700
vt 0.0040 0.0700
vt 0.0460 0.0700
vt 0.0500 0.0700
vt 0.0000 0.0000
vt 0.0040 0.0000
vt 0.0460 0.0000
vt 0.0500 0.0000
vt 0.0000 0.0040
vt 0.0040 0.0040
vt 0.0460 0.0040
vt 0.0500 0.0040
vt 0.0000 0.0660
vt 0.0040 0.0660
vt 0.0460 0.0660
vt 0.0500 0.0660
vt 0.0000 0.0700
vt 0.0040 0.0700
vt 0.0460 0.0700
vt 0.0500 0.0700
vt 0.0000 0.0000
vt 0.0040 0.0000
vt 0.0080 0.0000
vt 0.0120 0.0000
vt 0.0000 0.0040
vt 0.0040 0.0040
vt 0.0080 0.0040
vt 0.0120 0.0040
vt 0.0000 0.0460
vt 0.0040 0.0460
vt 0.0080 0.0460
vt 0.0120 0.0460
vt 0.0000 0.0500
vt 0.0040 0.0500
vt 0.0080 0.0500
vt 0.0120 0.0500
vt 0.0000 0.0000
vt 0.0040 0.0000
vt 0.0080 0.0000
vt 0.0120 0.0000
vt 0.0000 0.0040
vt 0.0040 0.0040
vt 0.0080 0.0040
vt 0.0120 0.0040
vt 0.0000 0.0460
vt 0.0040 0.0460
vt 0.0080 0.0460
vt 0.0120 0.0460
vt 0.0000 0.0500
vt 0.0040 0.0500
vt 0.0080 0.0500
vt 0.0120 0.0500
vt 0.0000 0.0000
vt 0.0040 0.0000
vt 0.0080 0.0000
vt 0.0120 0.0000
vt 0.0000 0.0040
vt 0.0040 0.0040
vt 0.0080 0.0040
vt 0.0120 0.0040
vt 0.0000 0.0660
vt 0.0040 0.0660
vt 0.0080 0.0660
vt 0.0120 0.0660
vt 0.0000 0.0700
vt 0.0040 0.0700
vt 0.0080 0.0700
vt 0.0120 0.0700
vt 0.0000 0.0000
vt 0.0040 0.0000
vt 0.0080 0.0000
vt 0.0120 0.0000
vt 0.0000 0.0040
vt 0.0040 0.0040
vt 0.0080 0.0040
vt 0.0120 0.0040
vt 0.0000 0.0660
vt 0.0040 0.0660
vt 0.0080 0.0660
vt 0.0120 0.0660
vt 0.0000 0.0700
vt 0.0040 0.0700
vt 0.0080 0.0700
vt 0.0120 0.0700
vt 0.0000 0.0000
vt 0.0000 0.0094
vt 0.0000 0.0188
vt 0.0000 0.0283
vt 0.0000 0.0377
vt 0.0000 0.0471
vt 0.0000 0.0565
vt 0.0000 0.0660
vt 0.0000 0.0754
vt 0.1219 0.0000
vt 0.1219 0.0094
vt 0.1219 0.0188
vt 0.1219 0.0283
vt 0.1219 0.0377
vt 0.1219 0.0471
vt 0.1219 0.0565
vt 0.1219 0.0660
vt 0.1219 0.0754
vt 0.1268 0.0000
vt 0.1268 0.0094
vt 0.1268 0.0188
vt 0.1268 0.0283
vt 0.1268 0.0377
vt 0.1268 0.0471
vt 0.1268 0.0565
vt 0.1268 0.0660
vt 0.1268 0.0754
vt 0.1316 0.0000
vt 0.1316 0.0094
vt 0.1316 0.0188
vt 0.1316 0.0283
vt 0.1316 0.0377
vt 0.1316 0.0471
vt 0.1316 0.0565
vt 0.1316 0.0660
vt 0.1316 0.0754
vt 0.1365 0.0000
vt 0.1365 0.0094
vt 0.1365 0.0188
vt 0.1365 0.0283
vt 0.1365 0.0377
vt 0.1365 0.0471
vt 0.1365 0.0565
vt 0.1365 0.0660
vt 0.1365 0.0754
vt 0.1414 0.0000
vt 0.1414 0.0094
vt 0.1414 0.0188
vt 0.1414 0.0283
vt 0.1414 0.0377
vt 0.1414 0.0471
vt 0.1414 0.0565
vt 0.1414 0.0660
vt 0.1414 0.0754
vt 0.4143 0.0000
vt 0.4143 0.0094
vt 0.4143 0.0188
vt 0.4143 0.0283
vt 0.4143 0.0377
vt 0.4143 0.0471
vt 0.4143 0.0565
vt 0.4143 0.0660
vt 0.4143 0.0754
vt 0.4262 0.0000
vt 0.4262 0.0094
vt 0.4262 0.0188
vt 0.4262 0.0283
vt 0.4262 0.0377
vt 0.4262 0.0471
vt 0.4262 0.0565
vt 0.4262 0.0660
vt 0.4262 0.0754
vt 0.4361 0.0000
vt 0.4361 0.0094
vt 0.4361 0.0188
vt 0.4361 0.0283
vt 0.4361 0.0377
vt 0.4361 0.0471
vt 0.4361 0.0565
vt 0.4361 0.0660
vt 0.4361 0.0754
vt 0.4459 0.0000
vt 0.4459 0.0094
vt 0.4459 0.0188
vt 0.4459 0.0283
vt 0.4459 0.0377
vt 0.4459 0.0471
vt 0.4459 0.0565
vt 0.4459 0.0660
vt 0.4459 0.0754
vt 0.4578 0.0000
vt 0.4578 0.0094
vt 0.4578 0.0188
vt 0.4578 0.0283
vt 0.4578 0.0377
vt 0.4578 0.0471
vt 0.4578 0.0565
vt 0.4578 0.0660
vt 0.4578 0.0754
vt 0.4858 0.0000
vt 0.4858 0.0094
vt 0.4858 0.0188
vt 0.4858 0.0283
vt 0.4858 0.0377
vt 0.4858 0.0471
vt 0.4858 0.0565
vt 0.4858 0.0660
vt 0.4858 0.0754
vt 0.0000 0.0000
vt 0.0120 0.0000
vt 0.0085 0.0085
vt 0.0000 0.0120
vt -0.0085 0.0085
vt -0.0120 0.0000
vt -0.0085 -0.0085
vt -0.0000 -0.0120
vt 0.0085 -0.0085
vt 0.0000 0.0000
vt 0.0120 0.0000
vt 0.0085 0.0085
vt 0.0000 0.0120
vt -0.0085 0.0085
vt -0.0120 0.0000
vt -0.0085 -0.0085
vt -0.0000 -0.0120
vt 0.0085 -0.0085
vt 0.0000 0.0000
vt 0.0040 0.0000
vt 0.0460 0.0000
vt 0.0500 0.0000
vt 0.0000 0.0040
vt 0.0040 0.0040
vt 0.0460 0.0040
vt 0.0500 0.0040
vt 0.0000 0.0660
vt 0.0040 0.0660
vt 0.0460 0.0660
vt 0.0500 0.0660
vt 0.0000 0.0700
vt 0.0040 0.0700
vt 0.0460 0.0700
vt 0.0500 0.0700
vt 0.0000 0.0000
vt 0.0040 0.0000
vt 0.0460 0.0000
vt 0.0500 0.0000
vt 0.0000 0.0040
vt 0.0040 0.0040
vt 0.0460 0.0040
vt 0.0500 0.0040
vt 0.0000 0.0660
vt 0.0040 0.0660
vt 0.0460 0.0660
vt 0.0500 0.0660
vt 0.0000 0.0700
vt 0.0040 0.0700
vt 0.0460 0.0700
vt 0.0500 0.0700
vt 0.0000 0.0000
vt 0.0040 0.0000
vt 0.0080 0.0000
vt 0.0120 0.0000
vt 0.0000 0.0040
vt 0.0040 0.0040
vt 0.0080 0.0040
vt 0.0120 0.0040
vt 0.0000 0.0460
vt 0.0040 0.0460
vt 0.0080 0.0460
vt 0.0120 0.0460
vt 0.0000 0.0500
vt 0.0040 0.0500
vt 0.0080 0.0500
vt 0.0120 0.0500
vt 0.0000 0.0000
vt 0.0040 0.0000
vt 0.0080 0.0000
vt 0.0120 0.0000
vt 0.0000 0.0040
vt 0.0040 0.0040
vt 0.0080 0.0040
vt 0.0120 0.0040
vt 0.0000 0.0460
vt 0.0040 0.0460
vt 0.0080 0.0460
vt 0.0120 0.0460
vt 0.0000 0.0500
vt 0.0040 0.0500
vt 0.0080 0.0500
vt 0.0120 0.0500
vt 0.0000 0.0000
vt 0.0040 0.0000
vt 0.0080 0.0000
vt 0.0120 0.0000
vt 0.0000 0.0040
vt 0.0040 0.0040
vt 0.0080 0.0040
vt 0.0120 0.0040
vt 0.0000 0.0660
vt 0.0040 0.0660
vt 0.0080 0.0660
vt 0.0120 0.0660
vt 0.0000 0.0700
vt 0.0040 0.0700
vt 0.0080 0.0700
vt 0.0120 0.0700
vt 0.0000 0.0000
vt 0.0040 0.0000
vt 0.0080 0.0000
vt 0.0120 0.0000
vt 0.0000 0.0040
vt 0.0040 0.0040
vt 0.0080 0.0040
vt 0.0120 0.0040
vt 0.0000 0.0660
vt 0.0040 0.0660
vt 0.0080 0.0660
vt 0.0120 0.0660
vt 0.0000 0.0700
vt 0.0040 0.0700
vt 0.0080 0.0700
vt 0.0120 0.0700
vt 0.0000 0.0000
vt 0.0000 0.0094
vt 0.0000 0.0188
vt 0.0000 0.0283
vt 0.0000 0.0377
vt 0.0000 0.0471
vt 0.0000 0.0565
vt 0.0000 0.0660
vt 0.0000 0.0754
vt 0.1219 0.0000
vt 0.1219 0.0094
vt 0.1219 0.0188
vt 0.1219 0.0283
vt 0.1219 0.0377
vt 0.1219 0.0471
vt 0.1219 0.0565
vt 0.1219 0.0660
vt 0.1219 0.0754
vt 0.1268 0.0000
vt 0.1268 0.0094
vt 0.1268 0.0188
vt 0.1268 0.0283
vt 0.1268 0.0377
vt 0.1268 0.0471
vt 0.1268 0.0565
vt 0.1268 0.0660
vt 0.1268 0.0754
vt 0.1316 0.0000
vt 0.1316 0.0094
vt 0.1316 0.0188
vt 0.1316 0.0283
vt 0.1316 0.0377
vt 0.1316 0.0471
vt 0.1316 0.0565
vt 0.1316 0.0660
vt 0.1316 0.0754
vt 0.1365 0.0000
vt 0.1365 0.0094
vt 0.1365 0.0188
vt 0.1365 0.0283
vt 0.1365 0.0377
vt 0.1365 0.0471
vt 0.1365 0.0565
vt 0.1365 0.0660
vt 0.1365 0.0754
vt 0.1414 0.0000
vt 0.1414 0.0094
vt 0.1414 0.0188
vt 0.1414 0.0283
vt 0.1414 0.0377
vt 0.1414 0.0471
vt 0.1414 0.0565
vt 0.1414 0.0660
vt 0.1414 0.0754
vt 0.4143 0.0000
vt 0.4143 0.0094
vt 0.4143 0.0188
vt 0.4143 0.0283
vt 0.4143 0.0377
vt 0.4143 0.0471
vt 0.4143 0.0565
vt 0.4143 0.0660
vt 0.4143 0.0754
vt 0.4262 0.0000
vt 0.4262 0.0094
vt 0.4262 0.0188
vt 0.4262 0.0283
vt 0.4262 0.0377
vt 0.4262 0.0471
vt 0.4262 0.0565
vt 0.4262 0.0660
vt 0.4262 0.0754
vt 0.4361 0.0000
vt 0.4361 0.0094
vt 0.4361 0.0188
vt 0.4361 0.0283
vt 0.4361 0.0377
vt 0.4361 0.0471
vt 0.4361 0.0565
vt 0.4361 0.0660
vt 0.4361 0.0754
vt 0.4459 0.0000
vt 0.4459 0.0094
vt 0.4459 0.0188
vt 0.4459 0.0283
vt 0.4459 0.0377
vt 0.4459 0.0471
vt 0.4459 0.0565
vt 0.4459 0.0660
vt 0.4459 0.0754
vt 0.4578 0.0000
vt 0.4578 0.0094
vt 0.4578 0.0188
vt 0.4578 0.0283
vt 0.4578 0.0377
vt 0.4578 0.0471
vt 0.4578 0.0565
vt 0.4578 0.0660
vt 0.4578 0.0754
vt 0.4858 0.0000
vt 0.4858 0.0094
vt 0.4858 0.0188
vt 0.4858 0.0283
vt 0.4858 0.0377
vt 0.4858 0.0471
vt 0.4858 0.0565
vt 0.4858 0.0660
vt 0.4858 0.0754
vt 0.0000 0.0000
vt 0.0120 0.0000
vt 0.0085 0.0085
vt 0.0000 0.0120
vt -0.0085 0.0085
vt -0.0120 0.0000
vt -0.0085 -0.0085
vt -0.0000 -0.0120
vt 0.0085 -0.0085
vt 0.0000 0.0000
vt 0.0120 0.0000
vt 0.0085 0.0085
vt 0.0000 0.0120
vt -0.0085 0.0085
vt -0.0120 0.0000
vt -0.0085 -0.0085
vt -0.0000 -0.0120
vt 0.0085 -0.0085
vt 0.0000 0.0000
vt 0.0040 0.0000
vt 0.0460 0.0000
vt 0.0500 0.0000
vt 0.0000 0.0040
vt 0.0040 0.0040
vt 0.0460 0.0040
vt 0.0500 0.0040
vt 0.0000 0.0660
vt 0.0040 0.0660
vt 0.0460 0.0660
vt 0.0500 0.0660
vt 0.0000 0.0700
vt 0.0040 0.0700
vt 0.0460 0.0700
vt 0.0500 0.0700
vt 0.0000 0.0000
vt 0.0040 0.0000
vt 0.0460 0.0000
vt 0.0500 0.0000
vt 0.0000 0.0040
vt 0.0040 0.0040
vt 0.0460 0.0040
vt 0.0500 0.0040
vt 0.0000 0.0660
vt 0.0040 0.0660
vt 0.0460 0.0660
vt 0.0500 0.0660
vt 0.0000 0.0700
vt 0.0040 0.0700
vt 0.0460 0.0700
vt 0.0500 0.0700
vt 0.0000 0.0000
vt 0.0040 0.0000
vt 0.0080 0.0000
vt 0.0120 0.0000
vt 0.0000 0.0040
vt 0.0040 0.0040
vt 0.0080 0.0040
vt 0.0120 0.0040
vt 0.0000 0.0460
vt 0.0040 0.0460
vt 0.0080 0.0460
vt 0.0120 0.0460
vt 0.0000 0.0500
vt 0.0040 0.0500
vt 0.0080 0.0500
vt 0.0120 0.0500
vt 0.0000 0.0000
vt 0.0040 0.0000
vt 0.0080 0.0000
vt 0.0120 0.0000
vt 0.0000 0.0040
vt 0.0040 0.0040
vt 0.0080 0.0040
vt 0.0120 0.0040
vt 0.0000 0.0460
vt 0.0040 0.0460
vt 0.0080 0.0460
vt 0.0120 0.0460
vt 0.0000 0.0500
vt 0.0040 0.0500
vt 0.0080 0.0500
vt 0.0120 0.0500
vt 0.0000 0.0000
vt 0.0040 0.0000
vt 0.0080 0.0000
vt 0.0120 0.0000
vt 0.0000 0.0040
vt 0.0040 0.0040
vt 0.0080 0.0040
vt 0.0120 0.0040
vt 0.0000 0.0660
vt 0.0040 0.0660
vt 0.0080 0.0660
vt 0.0120 0.0660
vt 0.0000 0.0700
vt 0.0040 0.0700
vt 0.0080 0.0700
vt 0.0120 0.0700
vt 0.0000 0.0000
vt 0.0040 0.0000
vt 0.0080 0.0000
vt 0.0120 0.0000
vt 0.0000 0.0040
vt 0.0040 0.0040
vt 0.0080 0.0040
vt 0.0120 0.0040
vt 0.0000 0.0660
vt 0.0040 0.0660
vt 0.0080 0.0660
vt 0.0120 0.0660
vt 0.0000 0.0700
vt 0.0040 0.0700
vt 0.0080 0.0700
vt 0.0120 0.0700
vt 0.0000 0.0000
vt 0.0000 0.0094
vt 0.0000 0.0188
vt 0.0000 0.0283
vt 0.0000 0.0377
vt 0.0000 0.0471
vt 0.0000 0.0565
vt 0.0000 0.0660
vt 0.0000 0.0754
vt 0.1219 0.0000
vt 0.1219 0.0094
vt 0.1219 0.0188
vt 0.1219 0.0283
vt 0.1219 0.0377
vt 0.1219 0.0471
vt 0.1219 0.0565
vt 0.1219 0.0660
vt 0.1219 0.0754
vt 0.1268 0.0000
vt 0.1268 0.0094
vt 0.1268 0.0188
vt 0.1268 0.0283
vt 0.1268 0.0377
vt 0.1268 0.0471
vt 0.1268 0.0565
vt 0.1268 0.0660
vt 0.1268 0.0754
vt 0.1316 0.0000
vt 0.1316 0.0094
vt 0.1316 0.0188
vt 0.1316 0.0283
vt 0.1316 0.0377
vt 0.1316 0.0471
vt 0.1316 0.0565
vt 0.1316 0.0660
vt 0.1316 0.0754
vt 0.1365 0.0000
vt 0.1365 0.0094
vt 0.1365 0.0188
vt 0.1365 0.0283
vt 0.1365 0.0377
vt 0.1365 0.0471
vt 0.1365 0.0565
vt 0.1365 0.0660
vt 0.1365 0.0754
vt 0.1414 0.0000
vt 0.1414 0.0094
vt 0.1414 0.0188
vt 0.1414 0.0283
vt 0.1414 0.0377
vt 0.1414 0.0471
vt 0.1414 0.0565
vt 0.1414 0.0660
vt 0.1414 0.0754
vt 0.4143 0.0000
vt 0.4143 0.0094
vt 0.4143 0.0188
vt 0.4143 0.0283
vt 0.4143 0.0377
vt 0.4143 0.0471
vt 0.4143 0.0565
vt 0.4143 0.0660
vt 0.4143 0.0754
vt 0.4262 0.0000
vt 0.4262 0.0094
vt 0.4262 0.0188
vt 0.4262 0.0283
vt 0.4262 0.0377
vt 0.4262 0.0471
vt 0.4262 0.0565
vt 0.4262 0.0660
vt 0.4262 0.0754
vt 0.4361 0.0000
vt 0.4361 0.0094
vt 0.4361 0.0188
vt 0.4361 0.0283
vt 0.4361 0.0377
vt 0.4361 0.0471
vt 0.4361 0.0565
vt 0.4361 0.0660
vt 0.4361 0.0754
vt 0.4459 0.0000
vt 0.4459 0.0094
vt 0.4459 0.0188
vt 0.4459 0.0283
vt 0.4459 0.0377
vt 0.4459 0.0471
vt 0.4459 0.0565
vt 0.4459 0.0660
vt 0.4459 0.0754
vt 0.4578 0.0000
vt 0.4578 0.0094
vt 0.4578 0.0188
vt 0.4578 0.0283
vt 0.4578 0.0377
vt 0.4578 0.0471
vt 0.4578 0.0565
vt 0.4578 0.0660
vt 0.4578 0.0754
vt 0.4858 0.0000
vt 0.4858 0.0094
vt 0.4858 0.0188
vt 0.4858 0.0283
vt 0.4858 0.0377
vt 0.4858 0.0471
vt 0.4858 0.0565
vt 0.4858 0.0660
vt 0.4858 0.0754
vt 0.0000 0.0000
vt 0.0120 0.0000
vt 0.0085 0.0085
vt 0.0000 0.0120
vt -0.0085 0.0085
vt -0.0120 0.0000
vt -0.0085 -0.0085
vt -0.0000 -0.0120
vt 0.0085 -0.0085
vt 0.0000 0.0000
vt 0.0120 0.0000
vt 0.0085 0.0085
vt 0.0000 0.0120
vt -0.0085 0.0085
vt -0.0120 0.0000
vt -0.0085 -0.0085
vt -0.0000 -0.0120
vt 0.0085 -0.0085
vt 0.0000 0.0000
vt 0.0040 0.0000
vt 0.0460 0.0000
vt 0.0500 0.0000
vt 0.0000 0.0040
vt 0.0040 0.0040
vt 0.0460 0.0040
vt 0.0500 0.0040
vt 0.0000 0.0660
vt 0.0040 0.0660
vt 0.0460 0.0660
vt 0.0500 0.0660
vt 0.0000 0.0700
vt 0.0040 0.0700
vt 0.0460 0.0700
vt 0.0500 0.0700
vt 0.0000 0.0000
vt 0.0040 0.0000
vt 0.0460 0.0000
vt 0.0500 0.0000
vt 0.0000 0.0040
vt 0.0040 0.0040
vt 0.0460 0.0040
vt 0.0500 0.0040
vt 0.0000 0.0660
vt 0.0040 0.0660
vt 0.0460 0.0660
vt 0.0500 0.0660
vt 0.0000 0.0700
vt 0.0040 0.0700
vt 0.0460 0.0700
vt 0.0500 0.0700
vt 0.0000 0.0000
vt 0.0040 0.0000
vt 0.0080 0.0000
vt 0.0120 0.0000
vt 0.0000 0.0040
vt 0.0040 0.0040
vt 0.0080 0.0040
vt 0.0120 0.0040
vt 0.0000 0.0460
vt 0.0040 0.0460
vt 0.0080 0.0460
vt 0.0120 0.0460
vt 0.0000 0.0500
vt 0.0040 0.0500
vt 0.0080 0.0500
vt 0.0120 0.0500
vt 0.0000 0.0000
vt 0.0040 0.0000
vt 0.0080 0.0000
vt 0.0120 0.0000
vt 0.0000 0.0040
vt 0.0040 0.0040
vt 0.0080 0.0040
vt 0.0120 0.0040
vt 0.0000 0.0460
vt 0.0040 0.0460
vt 0.0080 0.0460
vt 0.0120 0.0460
vt 0.0000 0.0500
vt 0.0040 0.0500
vt 0.0080 0.0500
vt 0.0120 0.0500
vt 0.0000 0.0000
vt 0.0040 0.0000
vt 0.0080 0.0000
vt 0.0120 0.0000
vt 0.0000 0.0040
vt 0.0040 0.0040
vt 0.0080 0.0040
vt 0.0120 0.0040
vt 0.0000 0.0660
vt 0.0040 0.0660
vt 0.0080 0.0660
vt 0.0120 0.0660
vt 0.0000 0.0700
vt 0.0040 0.0700
vt 0.0080 0.0700
vt 0.0120 0.0700
vt 0.0000 0.0000
vt 0.0040 0.0000
vt 0.0080 0.0000
vt 0.0120 0.0000
vt 0.0000 0.0040
vt 0.0040 0.0040
vt 0.0080 0.0040
vt 0.0120 0.0040
vt 0.0000 0.0660
vt 0.0040 0.0660
vt 0.0080 0.0660
vt 0.0120 0.0660
vt 0.0000 0.0700
vt 0.0040 0.0700
vt 0.0080 0.0700
vt 0.0120 0.0700
vt 0.0000 0.0000
vt 0.0000 0.0094
vt 0.0000 0.0188
vt 0.0000 0.0283
vt 0.0000 0.0377
vt 0.0000 0.0471
vt 0.0000 0.0565
vt 0.0000 0.0660
vt 0.0000 0.0754
vt 0.1219 0.0000
vt 0.1219 0.0094
vt 0.1219 0.0188
vt 0.1219 0.0283
vt 0.1219 0.0377
vt 0.1219 0.0471
vt 0.1219 0.0565
vt 0.1219 0.0660
vt 0.1219 0.0754
vt 0.1268 0.0000
vt 0.1268 0.0094
vt 0.1268 0.0188
vt 0.1268 0.0283
vt 0.1268 0.0377
vt 0.1268 0.0471
vt 0.1268 0.0565
vt 0.1268 0.0660
vt 0.1268 0.0754
vt 0.1316 0.0000
vt 0.1316 0.0094
vt 0.1316 0.0188
vt 0.1316 0.0283
vt 0.1316 0.0377
vt 0.1316 0.0471
vt 0.1316 0.0565
vt 0.1316 0.0660
vt 0.1316 0.0754
vt 0.1365 0.0000
vt 0.1365 0.0094
vt 0.1365 0.0188
vt 0.1365 0.0283
vt 0.1365 0.0377
vt 0.1365 0.0471
vt 0.1365 0.0565
vt 0.1365 0.0660
vt 0.1365 0.0754
vt 0.1414 0.0000
vt 0.1414 0.0094
vt 0.1414 0.0188
vt 0.1414 0.0283
vt 0.1414 0.0377
vt 0.1414 0.0471
vt 0.1414 0.0565
vt 0.1414 0.0660
vt 0.1414 0.0754
vt 0.4143 0.0000
vt 0.4143 0.0094
vt 0.4143 0.0188
vt 0.4143 0.0283
vt 0.4143 0.0377
vt 0.4143 0.0471
vt 0.4143 0.0565
vt 0.4143 0.0660
vt 0.4143 0.0754
vt 0.4262 0.0000
vt 0.4262 0.0094
vt 0.4262 0.0188
vt 0.4262 0.0283
vt 0.4262 0.0377
vt 0.4262 0.0471
vt 0.4262 0.0565
vt 0.4262 0.0660
vt 0.4262 0.0754
vt 0.4361 0.0000
vt 0.4361 0.0094
vt 0.4361 0.0188
vt 0.4361 0.0283
vt 0.4361 0.0377
vt 0.4361 0.0471
vt 0.4361 0.0565
vt 0.4361 0.0660
vt 0.4361 0.0754
vt 0.4459 0.0000
vt 0.4459 0.0094
vt 0.4459 0.0188
vt 0.4459 0.0283
vt 0.4459 0.0377
vt 0.4459 0.0471
vt 0.4459 0.0565
vt 0.4459 0.0660
vt 0.4459 0.0754
vt 0.4578 0.0000
vt 0.4578 0.0094
vt 0.4578 0.0188
vt 0.4578 0.0283
vt 0.4578 0.0377
vt 0.4578 0.0471
vt 0.4578 0.0565
vt 0.4578 0.0660
vt 0.4578 0.0754
vt 0.4858 0.0000
vt 0.4858 0.0094
vt 0.4858 0.0188
vt 0.4858 0.0283
vt 0.4858 0.0377
vt 0.4858 0.0471
vt 0.4858 0.0565
vt 0.4858 0.0660
vt 0.4858 0.0754
vt 0.0000 0.0000
vt 0.0120 0.0000
vt 0.0085 0.0085
vt 0.0000 0.0120
vt -0.0085 0.0085
vt -0.0120 0.0000
vt -0.0085 -0.0085
vt -0.0000 -0.0120
vt 0.0085 -0.0085
vt 0.0000 0.0000
vt 0.0120 0.0000
vt 0.0085 0.0085
vt 0.0000 0.0120
vt -0.0085 0.0085
vt -0.0120 0.0000
vt -0.0085 -0.0085
vt -0.0000 -0.0120
vt 0.0085 -0.0085
vt 0.0000 0.0000
vt 0.0040 0.0000
vt 0.0460 0.0000
vt 0.0500 0.0000
vt 0.0000 0.0040
vt 0.0040 0.0040
vt 0.0460 0.0040
vt 0.0500 0.0040
vt 0.0000 0.0660
vt 0.0040 0.0660
vt 0.0460 0.0660
vt 0.0500 0.0660
vt 0.0000 0.0700
vt 0.0040 0.0700
vt 0.0460 0.0700
vt 0.0500 0.0700
vt 0.0000 0.0000
vt 0.0040 0.0000
vt 0.0460 0.0000
vt 0.0500 0.0000
vt 0.0000 0.0040
vt 0.0040 0.0040
vt 0.0460 0.0040
vt 0.0500 0.0040
vt 0.0000 0.0660
vt 0.0040 0.0660
vt 0.0460 0.0660
vt 0.0500 0.0660
vt 0.0000 0.0700
vt 0.0040 0.0700
vt 0.0460 0.0700
vt 0.0500 0.0700
vt 0.0000 0.0000
vt 0.0040 0.0000
vt 0.0080 0.0000
vt 0.0120 0.0000
vt 0.0000 0.0040
vt 0.0040 0.0040
vt 0.0080 0.0040
vt 0.0120 0.0040
vt 0.0000 0.0460
vt 0.0040 0.0460
vt 0.0080 0.0460
vt 0.0120 0.0460
vt 0.0000 0.0500
vt 0.0040 0.0500
vt 0.0080 0.0500
vt 0.0120 0.0500
vt 0.0000 0.0000
vt 0.0040 0.0000
vt 0.0080 0.0000
vt 0.0120 0.0000
vt 0.0000 0.0040
vt 0.0040 0.0040
vt 0.0080 0.0040
vt 0.0120 0.0040
vt 0.0000 0.0460
vt 0.0040 0.0460
vt 0.0080 0.0460
vt 0.0120 0.0460
vt 0.0000 0.0500
vt 0.0040 0.0500
vt 0.0080 0.0500
vt 0.0120 0.0500
vt 0.0000 0.0000
vt 0.0040 0.0000
vt 0.0080 0.0000
vt 0.0120 0.0000
vt 0.0000 0.0040
vt 0.0040 0.0040
vt 0.0080 0.0040
vt 0.0120 0.0040
vt 0.0000 0.0660
vt 0.0040 0.0660
vt 0.0080 0.0660
vt 0.0120 0.0660
vt 0.0000 0.0700
vt 0.0040 0.0700
vt 0.0080 0.0700
vt 0.0120 0.0700
vt 0.0000 0.0000
vt 0.0040 0.0000
vt 0.0080 0.0000
vt 0.0120 0.0000
vt 0.0000 0.0040
vt 0.0040 0.0040
vt 0.0080 0.0040
vt 0.0120 0.0040
vt 0.0000 0.0660
vt 0.0040 0.0660
vt 0.0080 0.0660
vt 0.0120 0.0660
vt 0.0000 0.0700
vt 0.0040 0.0700
vt 0.0080 0.0700
vt 0.0120 0.0700
vt 0.0000 0.0000
vt 0.0000 0.0094
vt 0.0000 0.0188
vt 0.0000 0.0283
vt 0.0000 0.0377
vt 0.0000 0.0471
vt 0.0000 0.0565
vt 0.0000 0.0660
vt 0.0000 0.0754
vt 0.1219 0.0000
vt 0.1219 0.0094
vt 0.1219 0.0188
vt 0.1219 0.0283
vt 0.1219 0.0377
vt 0.1219 0.0471
vt 0.1219 0.0565
vt 0.1219 0.0660
vt 0.1219 0.0754
vt 0.1268 0.0000
vt 0.1268 0.0094
vt 0.1268 0.0188
vt 0.1268 0.0283
vt 0.1268 0.0377
vt 0.1268 0.0471
vt 0.1268 0.0565
vt 0.1268 0.0660
vt 0.1268 0.0754
vt 0.1316 0.0000
vt 0.1316 0.0094
vt 0.1316 0.0188
vt 0.1316 0.0283
vt 0.1316 0.0377
vt 0.1316 0.0471
vt 0.1316 0.0565
vt 0.1316 0.0660
vt 0.1316 0.0754
vt 0.1365 0.0000
vt 0.1365 0.0094
vt 0.1365 0.0188
vt 0.1365 0.0283
vt 0.1365 0.0377
vt 0.1365 0.0471
vt 0.1365 0.0565
vt 0.1365 0.0660
vt 0.1365 0.0754
vt 0.1414 0.0000
vt 0.1414 0.0094
vt 0.1414 0.0188
vt 0.1414 0.0283
vt 0.1414 0.0377
vt 0.1414 0.0471
vt 0.1414 0.0565
vt 0.1414 0.0660
vt 0.1414 0.0754
vt 0.4143 0.0000
vt 0.4143 0.0094
vt 0.4143 0.0188
vt 0.4143 0.0283
vt 0.4143 0.0377
vt 0.4143 0.0471
vt 0.4143 0.0565
vt 0.4143 0.0660
vt 0.4143 0.0754
vt 0.4262 0.0000
vt 0.4262 0.0094
vt 0.4262 0.0188
vt 0.4262 0.0283
vt 0.4262 0.0377
vt 0.4262 0.0471
vt 0.4262 0.0565
vt 0.4262 0.0660
vt 0.4262 0.0754
vt 0.4361 0.0000
vt 0.4361 0.0094
vt 0.4361 0.0188
vt 0.4361 0.0283
vt 0.4361 0.0377
vt 0.4361 0.0471
vt 0.4361 0.0565
vt 0.4361 0.0660
vt 0.4361 0.0754
vt 0.4459 0.0000
vt 0.4459 0.0094
vt 0.4459 0.0188
vt 0.4459 0.0283
vt 0.4459 0.0377
vt 0.4459 0.0471
vt 0.4459 0.0565
vt 0.4459 0.0660
vt 0.4459 0.0754
vt 0.4578 0.0000
vt 0.4578 0.0094
vt 0.4578 0.0188
vt 0.4578 0.0283
vt 0.4578 0.0377
vt 0.4578 0.0471
vt 0.4578 0.0565
vt 0.4578 0.0660
vt 0.4578 0.0754
vt 0.4858 0.0000
vt 0.4858 0.0094
vt 0.4858 0.0188
vt 0.4858 0.0283
vt 0.4858 0.0377
vt 0.4858 0.0471
vt 0.4858 0.0565
vt 0.4858 0.0660
vt 0.4858 0.0754
vt 0.0000 0.0000
vt 0.0120 0.0000
vt 0.0085 0.0085
vt 0.0000 0.0120
vt -0.0085 0.0085
vt -0.0120 0.0000
vt -0.0085 -0.0085
vt -0.0000 -0.0120
vt 0.0085 -0.0085
vt 0.0000 0.0000
vt 0.0120 0.0000
vt 0.0085 0.0085
vt 0.0000 0.0120
vt -0.0085 0.0085
vt -0.0120 0.0000
vt -0.0085 -0.0085
vt -0.0000 -0.0120
vt 0.0085 -0.0085
vt 0.0000 0.0000
vt 0.0040 0.0000
vt 0.0460 0.0000
vt 0.0500 0.0000
vt 0.0000 0.0040
vt 0.0040 0.0040
vt 0.0460 0.0040
vt 0.0500 0.0040
vt 0.0000 0.0660
vt 0.0040 0.0660
vt 0.0460 0.0660
vt 0.0500 0.0660
vt 0.0000 0.0700
vt 0.0040 0.0700
vt 0.0460 0.0700
vt 0.0500 0.0700
vt 0.0000 0.0000
vt 0.0040 0.0000
vt 0.0460 0.0000
vt 0.0500 0.0000
vt 0.0000 0.0040
vt 0.0040 0.0040
vt 0.0460 0.0040
vt 0.0500 0.0040
vt 0.0000 0.0660
vt 0.0040 0.0660
vt 0.0460 0.0660
vt 0.0500 0.0660
vt 0.0000 0.0700
vt 0.0040 0.0700
vt 0.0460 0.0700
vt 0.0500 0.0700
vt 0.0000 0.0000
vt 0.0040 0.0000
vt 0.0080 0.0000
vt 0.0120 0.0000
vt 0.0000 0.0040
vt 0.0040 0.0040
vt 0.0080 0.0040
vt 0.0120 0.0040
vt 0.0000 0.0460
vt 0.0040 0.0460
vt 0.0080 0.0460
vt 0.0120 0.0460
vt 0.0000 0.0500
vt 0.0040 0.0500
vt 0.0080 0.0500
vt 0.0120 0.0500
vt 0.0000 0.0000
vt 0.0040 0.0000
vt 0.0080 0.0000
vt 0.0120 0.0000
vt 0.0000 0.0040
vt 0.0040 0.0040
vt 0.0080 0.0040
vt 0.0120 0.0040
vt 0.0000 0.0460
vt 0.0040 0.0460
vt 0.0080 0.0460
vt 0.0120 0.0460
vt 0.0000 0.0500
vt 0.0040 0.0500
vt 0.0080 0.0500
vt 0.0120 0.0500
vt 0.0000 0.0000
vt 0.0040 0.0000
vt 0.0080 0.0000
vt 0.0120 0.0000
vt 0.0000 0.0040
vt 0.0040 0.0040
vt 0.0080 0.0040
vt 0.0120 0.0040
vt 0.0000 0.0660
vt 0.0040 0.0660
vt 0.0080 0.0660
vt 0.0120 0.0660
vt 0.0000 0.0700
vt 0.0040 0.0700
vt 0.0080 0.0700
vt 0.0120 0.0700
vt 0.0000 0.0000
vt 0.0040 0.0000
vt 0.0080 0.0000
vt 0.0120 0.0000
vt 0.0000 0.0040
vt 0.0040 0.0040
vt 0.0080 0.0040
vt 0.0120 0.0040
vt 0.0000 0.0660
vt 0.0040 0.0660
vt 0.0080 0.0660
vt 0.0120 0.0660
vt 0.0000 0.0700
vt 0.0040 0.0700
vt 0.0080 0.0700
vt 0.0120 0.0700
vt 0.0000 0.0000
vt 0.0000 0.0084
vt 0.0000 0.0168
vt 0.0000 0.0251
vt 0.0000 0.0335
vt 0.0000 0.0419
vt 0.0000 0.0503
vt 0.0000 0.0586
vt 0.0000 0.0670
vt 0.0000 0.0754
vt 0.0000 0.0838
vt 0.0000 0.0922
vt 0.0000 0.1005
vt 7.5500 0.0000
vt 7.5500 0.0084
vt 7.5500 0.0168
vt 7.5500 0.0251
vt 7.5500 0.0335
vt 7.5500 0.0419
vt 7.5500 0.0503
vt 7.5500 0.0586
vt 7.5500 0.0670
vt 7.5500 0.0754
vt 7.5500 0.0838
vt 7.5500 0.0922
vt 7.5500 0.1005
vt 0.0000 0.0000
vt 0.0160 0.0000
vt 0.0139 0.0080
vt 0.0080 0.0139
vt 0.0000 0.0160
vt -0.0080 0.0139
vt -0.0139 0.0080
vt -0.0160 0.0000
vt -0.0139 -0.0080
vt -0.0080 -0.0139
vt -0.0000 -0.0160
vt 0.0080 -0.0139
vt 0.0139 -0.0080
vt 0.0000 0.0000
vt 0.0160 0.0000
vt 0.0139 0.0080
vt 0.0080 0.0139
vt 0.0000 0.0160
vt -0.0080 0.0139
vt -0.0139 0.0080
vt -0.0160 0.0000
vt -0.0139 -0.0080
vt -0.0080 -0.0139
vt -0.0000 -0.0160
vt 0.0080 -0.0139
vt 0.0139 -0.0080
vt 0.0000 0.0000
vt 0.0000 0.0071
vt 0.0000 0.0141
vt 0.0000 0.0212
vt 0.0000 0.0283
vt 0.0000 0.0353
vt 0.0000 0.0424
vt 0.0000 0.0495
vt 0.0000 0.0565
vt 0.1800 0.0000
vt 0.1800 0.0071
vt 0.1800 0.0141
vt 0.1800 0.0212
vt 0.1800 0.0283
vt 0.1800 0.0353
vt 0.1800 0.0424
vt 0.1800 0.0495
vt 0.1800 0.0565
vt 0.0000 0.0000
vt 0.0090 0.0000
vt 0.0064 0.0064
vt 0.0000 0.0090
vt -0.0064 0.0064
vt -0.0090 0.0000
vt -0.0064 -0.0064
vt -0.0000 -0.0090
vt 0.0064 -0.0064
vt 0.0000 0.0000
vt 0.0090 0.0000
vt 0.0064 0.0064
vt 0.0000 0.0090
vt -0.0064 0.0064
vt -0.0090 0.0000
vt -0.0064 -0.0064
vt -0.0000 -0.0090
vt 0.0064 -0.0064
vt 0.0000 0.0000
vt 0.0000 0.0280
vt 0.0000 0.0362
vt 0.0000 0.0665
vt 0.0157 0.0000
vt 0.0157 0.0280
vt 0.0157 0.0362
vt 0.0157 0.0665
vt 0.0314 0.0000
vt 0.0314 0.0280
vt 0.0314 0.0362
vt 0.0314 0.0665
vt 0.0471 0.0000
vt 0.0471 0.0280
vt 0.0471 0.0362
vt 0.0471 0.0665
vt 0.0628 0.0000
vt 0.0628 0.0280
vt 0.0628 0.0362
vt 0.0628 0.0665
vt 0.0785 0.0000
vt 0.0785 0.0280
vt 0.0785 0.0362
vt 0.0785 0.0665
vt 0.0942 0.0000
vt 0.0942 0.0280
vt 0.0942 0.0362
vt 0.0942 0.0665
vt 0.1100 0.0000
vt 0.1100 0.0280
vt 0.1100 0.0362
vt 0.1100 0.0665
vt 0.1257 0.0000
vt 0.1257 0.0280
vt 0.1257 0.0362
vt 0.1257 0.0665
vt 0.1414 0.0000
vt 0.1414 0.0280
vt 0.1414 0.0362
vt 0.1414 0.0665
vt 0.1571 0.0000
vt 0.1571 0.0280
vt 0.1571 0.0362
vt 0.1571 0.0665
vt 0.1728 0.0000
vt 0.1728 0.0280
vt 0.1728 0.0362
vt 0.1728 0.0665
vt 0.1885 0.0000
vt 0.1885 0.0280
vt 0.1885 0.0362
vt 0.1885 0.0665
vt 0.0000 0.0000
vt 0.0000 0.0071
vt 0.0000 0.0141
vt 0.0000 0.0212
vt 0.0000 0.0283
vt 0.0000 0.0353
vt 0.0000 0.0424
vt 0.0000 0.0495
vt 0.0000 0.0565
vt 0.1800 0.0000
vt 0.1800 0.0071
vt 0.1800 0.0141
vt 0.1800 0.0212
vt 0.1800 0.0283
vt 0.1800 0.0353
vt 0.1800 0.0424
vt 0.1800 0.0495
vt 0.1800 0.0565
vt 0.0000 0.0000
vt 0.0090 0.0000
vt 0.0064 0.0064
vt 0.0000 0.0090
vt -0.0064 0.0064
vt -0.0090 0.0000
vt -0.0064 -0.0064
vt -0.0000 -0.0090
vt 0.0064 -0.0064
vt 0.0000 0.0000
vt 0.0090 0.0000
vt 0.0064 0.0064
vt 0.0000 0.0090
vt -0.0064 0.0064
vt -0.0090 0.0000
vt -0.0064 -0.0064
vt -0.0000 -0.0090
vt 0.0064 -0.0064
vt 0.0000 0.0000
vt 0.0000 0.0280
vt 0.0000 0.0362
vt 0.0000 0.0665
vt 0.0157 0.0000
vt 0.0157 0.0280
vt 0.0157 0.0362
vt 0.0157 0.0665
vt 0.0314 0.0000
vt 0.0314 0.0280
vt 0.0314 0.0362
vt 0.0314 0.0665
vt 0.0471 0.0000
vt 0.0471 0.0280
vt 0.0471 0.0362
vt 0.0471 0.0665
vt 0.0628 0.0000
vt 0.0628 0.0280
vt 0.0628 0.0362
vt 0.0628 0.0665
vt 0.0785 0.0000
vt 0.0785 0.0280
vt 0.0785 0.0362
vt 0.0785 0.0665
vt 0.0942 0.0000
vt 0.0942 0.0280
vt 0.0942 0.0362
vt 0.0942 0.0665
vt 0.1100 0.0000
vt 0.1100 0.0280
vt 0.1100 0.0362
vt 0.1100 0.0665
vt 0.1257 0.0000
vt 0.1257 0.0280
vt 0.1257 0.0362
vt 0.1257 0.0665
vt 0.1414 0.0000
vt 0.1414 0.0280
vt 0.1414 0.0362
vt 0.1414 0.0665
vt 0.1571 0.0000
vt 0.1571 0.0280
vt 0.1571 0.0362
vt 0.1571 0.0665
vt 0.1728 0.0000
vt 0.1728 0.0280
vt 0.1728 0.0362
vt 0.1728 0.0665
vt 0.1885 0.0000
vt 0.1885 0.0280
vt 0.1885 0.0362
vt 0.1885 0.0665
vt 0.0000 0.0000
vt 0.0000 0.0071
vt 0.0000 0.0141
vt 0.0000 0.0212
vt 0.0000 0.0283
vt 0.0000 0.0353
vt 0.0000 0.0424
vt 0.0000 0.0495
vt 0.0000 0.0565
vt 0.1800 0.0000
vt 0.1800 0.0071
vt 0.1800 0.0141
vt 0.1800 0.0212
vt 0.1800 0.0283
vt 0.1800 0.0353
vt 0.1800 0.0424
vt 0.1800 0.0495
vt 0.1800 0.0565
vt 0.0000 0.0000
vt 0.0090 0.0000
vt 0.0064 0.0064
vt 0.0000 0.0090
vt -0.0064 0.0064
vt -0.0090 0.0000
vt -0.0064 -0.0064
vt -0.0000 -0.0090
vt 0.0064 -0.0064
vt 0.0000 0.0000
vt 0.0090 0.0000
vt 0.0064 0.0064
vt 0.0000 0.0090
vt -0.0064 0.0064
vt -0.0090 0.0000
vt -0.0064 -0.0064
vt -0.0000 -0.0090
vt 0.0064 -0.0064
vt 0.0000 0.0000
vt 0.0000 0.0280
vt 0.0000 0.0362
vt 0.0000 0.0665
vt 0.0157 0.0000
vt 0.0157 0.0280
vt 0.0157 0.0362
vt 0.0157 0.0665
vt 0.0314 0.0000
vt 0.0314 0.0280
vt 0.0314 0.0362
vt 0.0314 0.0665
vt 0.0471 0.0000
vt 0.0471 0.0280
vt 0.0471 0.0362
vt 0.0471 0.0665
vt 0.0628 0.0000
vt 0.0628 0.0280
vt 0.0628 0.0362
vt 0.0628 0.0665
vt 0.0785 0.0000
vt 0.0785 0.0280
vt 0.0785 0.0362
vt 0.0785 0.0665
vt 0.0942 0.0000
vt 0.0942 0.0280
vt 0.0942 0.0362
vt 0.0942 0.0665
vt 0.1100 0.0000
vt 0.1100 0.0280
vt 0.1100 0.0362
vt 0.1100 0.0665
vt 0.1257 0.0000
vt 0.1257 0.0280
vt 0.1257 0.0362
vt 0.1257 0.0665
vt 0.1414 0.0000
vt 0.1414 0.0280
vt 0.1414 0.0362
vt 0.1414 0.0665
vt 0.1571 0.0000
vt 0.1571 0.0280
vt 0.1571 0.0362
vt 0.1571 0.0665
vt 0.1728 0.0000
vt 0.1728 0.0280
vt 0.1728 0.0362
vt 0.1728 0.0665
vt 0.1885 0.0000
vt 0.1885 0.0280
vt 0.1885 0.0362
vt 0.1885 0.0665
vt 0.0000 0.0000
vt 0.0000 0.0071
vt 0.0000 0.0141
vt 0.0000 0.0212
vt 0.0000 0.0283
vt 0.0000 0.0353
vt 0.0000 0.0424
vt 0.0000 0.0495
vt 0.0000 0.0565
vt 0.1800 0.0000
vt 0.1800 0.0071
vt 0.1800 0.0141
vt 0.1800 0.0212
vt 0.1800 0.0283
vt 0.1800 0.0353
vt 0.1800 0.0424
vt 0.1800 0.0495
vt 0.1800 0.0565
vt 0.0000 0.0000
vt 0.0090 0.0000
vt 0.0064 0.0064
vt 0.0000 0.0090
vt -0.0064 0.0064
vt -0.0090 0.0000
vt -0.0064 -0.0064
vt -0.0000 -0.0090
vt 0.0064 -0.0064
vt 0.0000 0.0000
vt 0.0090 0.0000
vt 0.0064 0.0064
vt 0.0000 0.0090
vt -0.0064 0.0064
vt -0.0090 0.0000
vt -0.0064 -0.0064
vt -0.0000 -0.0090
vt 0.0064 -0.0064
vt 0.0000 0.0000
vt 0.0000 0.0280
vt 0.0000 0.0362
vt 0.0000 0.0665
vt 0.0157 0.0000
vt 0.0157 0.0280
vt 0.0157 0.0362
vt 0.0157 0.0665
vt 0.0314 0.0000
vt 0.0314 0.0280
vt 0.0314 0.0362
vt 0.0314 0.0665
vt 0.0471 0.0000
vt 0.0471 0.0280
vt 0.0471 0.0362
vt 0.0471 0.0665
vt 0.0628 0.0000
vt 0.0628 0.0280
vt 0.0628 0.0362
vt 0.0628 0.0665
vt 0.0785 0.0000
vt 0.0785 0.0280
vt 0.0785 0.0362
vt 0.0785 0.0665
vt 0.0942 0.0000
vt 0.0942 0.0280
vt 0.0942 0.0362
vt 0.0942 0.0665
vt 0.1100 0.0000
vt 0.1100 0.0280
vt 0.1100 0.0362
vt 0.1100 0.0665
vt 0.1257 0.0000
vt 0.1257 0.0280
vt 0.1257 0.0362
vt 0.1257 0.0665
vt 0.1414 0.0000
vt 0.1414 0.0280
vt 0.1414 0.0362
vt 0.1414 0.0665
vt 0.1571 0.0000
vt 0.1571 0.0280
vt 0.1571 0.0362
vt 0.1571 0.0665
vt 0.1728 0.0000
vt 0.1728 0.0280
vt 0.1728 0.0362
vt 0.1728 0.0665
vt 0.1885 0.0000
vt 0.1885 0.0280
vt 0.1885 0.0362
vt 0.1885 0.0665
vt 0.0000 0.0000
vt 0.0000 0.0071
vt 0.0000 0.0141
vt 0.0000 0.0212
vt 0.0000 0.0283
vt 0.0000 0.0353
vt 0.0000 0.0424
vt 0.0000 0.0495
vt 0.0000 0.0565
vt 0.1800 0.0000
vt 0.1800 0.0071
vt 0.1800 0.0141
vt 0.1800 0.0212
vt 0.1800 0.0283
vt 0.1800 0.0353
vt 0.1800 0.0424
vt 0.1800 0.0495
vt 0.1800 0.0565
vt 0.0000 0.0000
vt 0.0090 0.0000
vt 0.0064 0.0064
vt 0.0000 0.0090
vt -0.0064 0.0064
vt -0.0090 0.0000
vt -0.0064 -0.0064
vt -0.0000 -0.0090
vt 0.0064 -0.0064
vt 0.0000 0.0000
vt 0.0090 0.0000
vt 0.0064 0.0064
vt 0.0000 0.0090
vt -0.0064 0.0064
vt -0.0090 0.0000
vt -0.0064 -0.0064
vt -0.0000 -0.0090
vt 0.0064 -0.0064
vt 0.0000 0.0000
vt 0.0000 0.0280
vt 0.0000 0.0362
vt 0.0000 0.0665
vt 0.0157 0.0000
vt 0.0157 0.0280
vt 0.0157 0.0362
vt 0.0157 0.0665
vt 0.0314 0.0000
vt 0.0314 0.0280
vt 0.0314 0.0362
vt 0.0314 0.0665
vt 0.0471 0.0000
vt 0.0471 0.0280
vt 0.0471 0.0362
vt 0.0471 0.0665
vt 0.0628 0.0000
vt 0.0628 0.0280
vt 0.0628 0.0362
vt 0.0628 0.0665
vt 0.0785 0.0000
vt 0.0785 0.0280
vt 0.0785 0.0362
vt 0.0785 0.0665
vt 0.0942 0.0000
vt 0.0942 0.0280
vt 0.0942 0.0362
vt 0.0942 0.0665
vt 0.1100 0.0000
vt 0.1100 0.0280
vt 0.1100 0.0362
vt 0.1100 0.0665
vt 0.1257 0.0000
vt 0.1257 0.0280
vt 0.1257 0.0362
vt 0.1257 0.0665
vt 0.1414 0.0000
vt 0.1414 0.0280
vt 0.1414 0.0362
vt 0.1414 0.0665
vt 0.1571 0.0000
vt 0.1571 0.0280
vt 0.1571 0.0362
vt 0.1571 0.0665
vt 0.1728 0.0000
vt 0.1728 0.0280
vt 0.1728 0.0362
vt 0.1728 0.0665
vt 0.1885 0.0000
vt 0.1885 0.0280
vt 0.1885 0.0362
vt 0.1885 0.0665
vt 0.0000 0.0000
vt 0.0000 0.0071
vt 0.0000 0.0141
vt 0.0000 0.0212
vt 0.0000 0.0283
vt 0.0000 0.0353
vt 0.0000 0.0424
vt 0.0000 0.0495
vt 0.0000 0.0565
vt 0.1800 0.0000
vt 0.1800 0.0071
vt 0.1800 0.0141
vt 0.1800 0.0212
vt 0.1800 0.0283
vt 0.1800 0.0353
vt 0.1800 0.0424
vt 0.1800 0.0495
vt 0.1800 0.0565
vt 0.0000 0.0000
vt 0.0090 0.0000
vt 0.0064 0.0064
vt 0.0000 0.0090
vt -0.0064 0.0064
vt -0.0090 0.0000
vt -0.0064 -0.0064
vt -0.0000 -0.0090
vt 0.0064 -0.0064
vt 0.0000 0.0000
vt 0.0090 0.0000
vt 0.0064 0.0064
vt 0.0000 0.0090
vt -0.0064 0.0064
vt -0.0090 0.0000
vt -0.0064 -0.0064
vt -0.0000 -0.0090
vt 0.0064 -0.0064
vt 0.0000 0.0000
vt 0.0000 0.0280
vt 0.0000 0.0362
vt 0.0000 0.0665
vt 0.0157 0.0000
vt 0.0157 0.0280
vt 0.0157 0.0362
vt 0.0157 0.0665
vt 0.0314 0.0000
vt 0.0314 0.0280
vt 0.0314 0.0362
vt 0.0314 0.0665
vt 0.0471 0.0000
vt 0.0471 0.0280
vt 0.0471 0.0362
vt 0.0471 0.0665
vt 0.0628 0.0000
vt 0.0628 0.0280
vt 0.0628 0.0362
vt 0.0628 0.0665
vt 0.0785 0.0000
vt 0.0785 0.0280
vt 0.0785 0.0362
vt 0.0785 0.0665
vt 0.0942 0.0000
vt 0.0942 0.0280
vt 0.0942 0.0362
vt 0.0942 0.0665
vt 0.1100 0.0000
vt 0.1100 0.0280
vt 0.1100 0.0362
vt 0.1100 0.0665
vt 0.1257 0.0000
vt 0.1257 0.0280
vt 0.1257 0.0362
vt 0.1257 0.0665
vt 0.1414 0.0000
vt 0.1414 0.0280
vt 0.1414 0.0362
vt 0.1414 0.0665
vt 0.1571 0.0000
vt 0.1571 0.0280
vt 0.1571 0.0362
vt 0.1571 0.0665
vt 0.1728 0.0000
vt 0.1728 0.0280
vt 0.1728 0.0362
vt 0.1728 0.0665
vt 0.1885 0.0000
vt 0.1885 0.0280
vt 0.1885 0.0362
vt 0.1885 0.0665
vt 0.0000 0.0000
vt 0.0000 0.0191
vt 0.0000 0.0371
vt 0.0000 0.0552
vt 0.0000 0.0743
vt 0.0105 0.0000
vt 0.0105 0.0191
vt 0.0105 0.0371
vt 0.0105 0.0552
vt 0.0105 0.0743
vt 0.0209 0.0000
vt 0.0209 0.0191
vt 0.0209 0.0371
vt 0.0209 0.0552
vt 0.0209 0.0743
vt 0.0314 0.0000
vt 0.0314 0.0191
vt 0.0314 0.0371
vt 0.0314 0.0552
vt 0.0314 0.0743
vt 0.0419 0.0000
vt 0.0419 0.0191
vt 0.0419 0.0371
vt 0.0419 0.0552
vt 0.0419 0.0743
vt 0.0524 0.0000
vt 0.0524 0.0191
vt 0.0524 0.0371
vt 0.0524 0.0552
vt 0.0524 0.0743
vt 0.0628 0.0000
vt 0.0628 0.0191
vt 0.0628 0.0371
vt 0.0628 0.0552
vt 0.0628 0.0743
vt 0.0733 0.0000
vt 0.0733 0.0191
vt 0.0733 0.0371
vt 0.0733 0.0552
vt 0.0733 0.0743
vt 0.0838 0.0000
vt 0.0838 0.0191
vt 0.0838 0.0371
vt 0.0838 0.0552
vt 0.0838 0.0743
vt 0.0942 0.0000
vt 0.0942 0.0191
vt 0.0942 0.0371
vt 0.0942 0.0552
vt 0.0942 0.0743
vt 0.1047 0.0000
vt 0.1047 0.0191
vt 0.1047 0.0371
vt 0.1047 0.0552
vt 0.1047 0.0743
vt 0.1152 0.0000
vt 0.1152 0.0191
vt 0.1152 0.0371
vt 0.1152 0.0552
vt 0.1152 0.0743
vt 0.1257 0.0000
vt 0.1257 0.0191
vt 0.1257 0.0371
vt 0.1257 0.0552
vt 0.1257 0.0743
vt 0.0000 0.0000
vt 0.0000 0.0191
vt 0.0000 0.0371
vt 0.0000 0.0552
vt 0.0000 0.0743
vt 0.0105 0.0000
vt 0.0105 0.0191
vt 0.0105 0.0371
vt 0.0105 0.0552
vt 0.0105 0.0743
vt 0.0209 0.0000
vt 0.0209 0.0191
vt 0.0209 0.0371
vt 0.0209 0.0552
vt 0.0209 0.0743
vt 0.0314 0.0000
vt 0.0314 0.0191
vt 0.0314 0.0371
vt 0.0314 0.0552
vt 0.0314 0.0743
vt 0.0419 0.0000
vt 0.0419 0.0191
vt 0.0419 0.0371
vt 0.0419 0.0552
vt 0.0419 0.0743
vt 0.0524 0.0000
vt 0.0524 0.0191
vt 0.0524 0.0371
vt 0.0524 0.0552
vt 0.0524 0.0743
vt 0.0628 0.0000
vt 0.0628 0.0191
vt 0.0628 0.0371
vt 0.0628 0.0552
vt 0.0628 0.0743
vt 0.0733 0.0000
vt 0.0733 0.0191
vt 0.0733 0.0371
vt 0.0733 0.0552
vt 0.0733 0.0743
vt 0.0838 0.0000
vt 0.0838 0.0191
vt 0.0838 0.0371
vt 0.0838 0.0552
vt 0.0838 0.0743
vt 0.0942 0.0000
vt 0.0942 0.0191
vt 0.0942 0.0371
vt 0.0942 0.0552
vt 0.0942 0.0743
vt 0.1047 0.0000
vt 0.1047 0.0191
vt 0.1047 0.0371
vt 0.1047 0.0552
vt 0.1047 0.0743
vt 0.1152 0.0000
vt 0.1152 0.0191
vt 0.1152 0.0371
vt 0.1152 0.0552
vt 0.1152 0.0743
vt 0.1257 0.0000
vt 0.1257 0.0191
vt 0.1257 0.0371
vt 0.1257 0.0552
vt 0.1257 0.0743
vt 0.0000 0.0000
vt 0.0000 0.0071
vt 0.0000 0.0141
vt 0.0000 0.0212
vt 0.0000 0.0283
vt 0.0000 0.0353
vt 0.0000 0.0424
vt 0.0000 0.0495
vt 0.0000 0.0565
vt 7.5000 0.0000
vt 7.5000 0.0071
vt 7.5000 0.0141
vt 7.5000 0.0212
vt 7.5000 0.0283
vt 7.5000 0.0353
vt 7.5000 0.0424
vt 7.5000 0.0495
vt 7.5000 0.0565
vt 0.0000 0.0000
vt 0.0090 0.0000
vt 0.0064 0.0064
vt 0.0000 0.0090
vt -0.0064 0.0064
vt -0.0090 0.0000
vt -0.0064 -0.0064
vt -0.0000 -0.0090
vt 0.0064 -0.0064
vt 0.0000 0.0000
vt 0.0090 0.0000
vt 0.0064 0.0064
vt 0.0000 0.0090
vt -0.0064 0.0064
vt -0.0090 0.0000
vt -0.0064 -0.0064
vt -0.0000 -0.0090
vt 0.0064 -0.0064
vt 0.0000 0.0000
vt 0.0000 0.0071
vt 0.0000 0.0141
vt 0.0000 0.0212
vt 0.0000 0.0283
vt 0.0000 0.0353
vt 0.0000 0.0424
vt 0.0000 0.0495
vt 0.0000 0.0565
vt 7.5000 0.0000
vt 7.5000 0.0071
vt 7.5000 0.0141
vt 7.5000 0.0212
vt 7.5000 0.0283
vt 7.5000 0.0353
vt 7.5000 0.0424
vt 7.5000 0.0495
vt 7.5000 0.0565
vt 0.0000 0.0000
vt 0.0090 0.0000
vt 0.0064 0.0064
vt 0.0000 0.0090
vt -0.0064 0.0064
vt -0.0090 0.0000
vt -0.0064 -0.0064
vt -0.0000 -0.0090
vt 0.0064 -0.0064
vt 0.0000 0.0000
vt 0.0090 0.0000
vt 0.0064 0.0064
vt 0.0000 0.0090
vt -0.0064 0.0064
vt -0.0090 0.0000
vt -0.0064 -0.0064
vt -0.0000 -0.0090
vt 0.0064 -0.0064
vt 0.0000 0.0000
vt 0.0000 0.0071
vt 0.0000 0.0141
vt 0.0000 0.0212
vt 0.0000 0.0283
vt 0.0000 0.0353
vt 0.0000 0.0424
vt 0.0000 0.0495
vt 0.0000 0.0565
vt 7.5000 0.0000
vt 7.5000 0.0071
vt 7.5000 0.0141
vt 7.5000 0.0212
vt 7.5000 0.0283
vt 7.5000 0.0353
vt 7.5000 0.0424
vt 7.5000 0.0495
vt 7.5000 0.0565
vt 0.0000 0.0000
vt 0.0090 0.0000
vt 0.0064 0.0064
vt 0.0000 0.0090
vt -0.0064 0.0064
vt -0.0090 0.0000
vt -0.0064 -0.0064
vt -0.0000 -0.0090
vt 0.0064 -0.0064
vt 0.0000 0.0000
vt 0.0090 0.0000
vt 0.0064 0.0064
vt 0.0000 0.0090
vt -0.0064 0.0064
vt -0.0090 0.0000
vt -0.0064 -0.0064
vt -0.0000 -0.0090
vt 0.0064 -0.0064
vt 0.0000 0.0000
vt 0.0000 0.0071
vt 0.0000 0.0141
vt 0.0000 0.0212
vt 0.0000 0.0283
vt 0.0000 0.0353
vt 0.0000 0.0424
vt 0.0000 0.0495
vt 0.0000 0.0565
vt 7.5000 0.0000
vt 7.5000 0.0071
vt 7.5000 0.0141
vt 7.5000 0.0212
vt 7.5000 0.0283
vt 7.5000 0.0353
vt 7.5000 0.0424
vt 7.5000 0.0495
vt 7.5000 0.0565
vt 0.0000 0.0000
vt 0.0090 0.0000
vt 0.0064 0.0064
vt 0.0000 0.0090
vt -0.0064 0.0064
vt -0.0090 0.0000
vt -0.0064 -0.0064
vt -0.0000 -0.0090
vt 0.0064 -0.0064
vt 0.0000 0.0000
vt 0.0090 0.0000
vt 0.0064 0.0064
vt 0.0000 0.0090
vt -0.0064 0.0064
vt -0.0090 0.0000
vt -0.0064 -0.0064
vt -0.0000 -0.0090
vt 0.0064 -0.0064
vt 0.0000 0.0000
vt 0.0000 0.0069
vt 0.0000 0.0138
vt 0.0000 0.0207
vt 0.0000 0.0276
vt 0.0000 0.0346
vt 0.0000 0.0415
vt 0.0000 0.0484
vt 0.0000 0.0553
vt 0.0000 0.0622
vt 0.0000 0.0691
vt 7.5000 0.0000
vt 7.5000 0.0069
vt 7.5000 0.0138
vt 7.5000 0.0207
vt 7.5000 0.0276
vt 7.5000 0.0346
vt 7.5000 0.0415
vt 7.5000 0.0484
vt 7.5000 0.0553
vt 7.5000 0.0622
vt 7.5000 0.0691
vt 0.0000 0.0000
vt 0.0110 0.0000
vt 0.0089 0.0065
vt 0.0034 0.0105
vt -0.0034 0.0105
vt -0.0089 0.0065
vt -0.0110 0.0000
vt -0.0089 -0.0065
vt -0.0034 -0.0105
vt 0.0034 -0.0105
vt 0.0089 -0.0065
vt 0.0000 0.0000
vt 0.0110 0.0000
vt 0.0089 0.0065
vt 0.0034 0.0105
vt -0.0034 0.0105
vt -0.0089 0.0065
vt -0.0110 0.0000
vt -0.0089 -0.0065
vt -0.0034 -0.0105
vt 0.0034 -0.0105
vt 0.0089 -0.0065
vt 0.0000 0.0000
vt 0.0000 0.0094
vt 0.0000 0.0188
vt 0.0000 0.0283
vt 0.0000 0.0377
vt 0.0000 0.0471
vt 0.0000 0.0565
vt 0.0000 0.0660
vt 0.0000 0.0754
vt 0.1219 0.0000
vt 0.1219 0.0094
vt 0.1219 0.0188
vt 0.1219 0.0283
vt 0.1219 0.0377
vt 0.1219 0.0471
vt 0.1219 0.0565
vt 0.1219 0.0660
vt 0.1219 0.0754
vt 0.1268 0.0000
vt 0.1268 0.0094
vt 0.1268 0.0188
vt 0.1268 0.0283
vt 0.1268 0.0377
vt 0.1268 0.0471
vt 0.1268 0.0565
vt 0.1268 0.0660
vt 0.1268 0.0754
vt 0.1316 0.0000
vt 0.1316 0.0094
vt 0.1316 0.0188
vt 0.1316 0.0283
vt 0.1316 0.0377
vt 0.1316 0.0471
vt 0.1316 0.0565
vt 0.1316 0.0660
vt 0.1316 0.0754
vt 0.1365 0.0000
vt 0.1365 0.0094
vt 0.1365 0.0188
vt 0.1365 0.0283
vt 0.1365 0.0377
vt 0.1365 0.0471
vt 0.1365 0.0565
vt 0.1365 0.0660
vt 0.1365 0.0754
vt 0.1414 0.0000
vt 0.1414 0.0094
vt 0.1414 0.0188
vt 0.1414 0.0283
vt 0.1414 0.0377
vt 0.1414 0.0471
vt 0.1414 0.0565
vt 0.1414 0.0660
vt 0.1414 0.0754
vt 0.4143 0.0000
vt 0.4143 0.0094
vt 0.4143 0.0188
vt 0.4143 0.0283
vt 0.4143 0.0377
vt 0.4143 0.0471
vt 0.4143 0.0565
vt 0.4143 0.0660
vt 0.4143 0.0754
vt 0.4262 0.0000
vt 0.4262 0.0094
vt 0.4262 0.0188
vt 0.4262 0.0283
vt 0.4262 0.0377
vt 0.4262 0.0471
vt 0.4262 0.0565
vt 0.4262 0.0660
vt 0.4262 0.0754
vt 0.4361 0.0000
vt 0.4361 0.0094
vt 0.4361 0.0188
vt 0.4361 0.0283
vt 0.4361 0.0377
vt 0.4361 0.0471
vt 0.4361 0.0565
vt 0.4361 0.0660
vt 0.4361 0.0754
vt 0.4459 0.0000
vt 0.4459 0.0094
vt 0.4459 0.0188
vt 0.4459 0.0283
vt 0.4459 0.0377
vt 0.4459 0.0471
vt 0.4459 0.0565
vt 0.4459 0.0660
vt 0.4459 0.0754
vt 0.4578 0.0000
vt 0.4578 0.0094
vt 0.4578 0.0188
vt 0.4578 0.0283
vt 0.4578 0.0377
vt 0.4578 0.0471
vt 0.4578 0.0565
vt 0.4578 0.0660
vt 0.4578 0.0754
vt 0.4858 0.0000
vt 0.4858 0.0094
vt 0.4858 0.0188
vt 0.4858 0.0283
vt 0.4858 0.0377
vt 0.4858 0.0471
vt 0.4858 0.0565
vt 0.4858 0.0660
vt 0.4858 0.0754
vt 0.0000 0.0000
vt 0.0120 0.0000
vt 0.0085 0.0085
vt 0.0000 0.0120
vt -0.0085 0.0085
vt -0.0120 0.0000
vt -0.0085 -0.0085
vt -0.0000 -0.0120
vt 0.0085 -0.0085
vt 0.0000 0.0000
vt 0.0120 0.0000
vt 0.0085 0.0085
vt 0.0000 0.0120
vt -0.0085 0.0085
vt -0.0120 0.0000
vt -0.0085 -0.0085
vt -0.0000 -0.0120
vt 0.0085 -0.0085
vt 0.0000 0.0000
vt 0.0040 0.0000
vt 0.0460 0.0000
vt 0.0500 0.0000
vt 0.0000 0.0040
vt 0.0040 0.0040
vt 0.0460 0.0040
vt 0.0500 0.0040
vt 0.0000 0.0660
vt 0.0040 0.0660
vt 0.0460 0.0660
vt 0.0500 0.0660
vt 0.0000 0.0700
vt 0.0040 0.0700
vt 0.0460 0.0700
vt 0.0500 0.0700
vt 0.0000 0.0000
vt 0.0040 0.0000
vt 0.0460 0.0000
vt 0.0500 0.0000
vt 0.0000 0.0040
vt 0.0040 0.0040
vt 0.0460 0.0040
vt 0.0500 0.0040
vt 0.0000 0.0660
vt 0.0040 0.0660
vt 0.0460 0.0660
vt 0.0500 0.0660
vt 0.0000 0.0700
vt 0.0040 0.0700
vt 0.0460 0.0700
vt 0.0500 0.0700
vt 0.0000 0.0000
vt 0.0040 0.0000
vt 0.0080 0.0000
vt 0.0120 0.0000
vt 0.0000 0.0040
vt 0.0040 0.0040
vt 0.0080 0.0040
vt 0.0120 0.0040
vt 0.0000 0.0460
vt 0.0040 0.0460
vt 0.0080 0.0460
vt 0.0120 0.0460
vt 0.0000 0.0500
vt 0.0040 0.0500
vt 0.0080 0.0500
vt 0.0120 0.0500
vt 0.0000 0.0000
vt 0.0040 0.0000
vt 0.0080 0.0000
vt 0.0120 0.0000
vt 0.0000 0.0040
vt 0.0040 0.0040
vt 0.0080 0.0040
vt 0.0120 0.0040
vt 0.0000 0.0460
vt 0.0040 0.0460
vt 0.0080 0.0460
vt 0.0120 0.0460
vt 0.0000 0.0500
vt 0.0040 0.0500
vt 0.0080 0.0500
vt 0.0120 0.0500
vt 0.0000 0.0000
vt 0.0040 0.0000
vt 0.0080 0.0000
vt 0.0120 0.0000
vt 0.0000 0.0040
vt 0.0040 0.0040
vt 0.0080 0.0040
vt 0.0120 0.0040
vt 0.0000 0.0660
vt 0.0040 0.0660
vt 0.0080 0.0660
vt 0.0120 0.0660
vt 0.0000 0.0700
vt 0.0040 0.0700
vt 0.0080 0.0700
vt 0.0120 0.0700
vt 0.0000 0.0000
vt 0.0040 0.0000
vt 0.0080 0.0000
vt 0.0120 0.0000
vt 0.0000 0.0040
vt 0.0040 0.0040
vt 0.0080 0.0040
vt 0.0120 0.0040
vt 0.0000 0.0660
vt 0.0040 0.0660
vt 0.0080 0.0660
vt 0.0120 0.0660
vt 0.0000 0.0700
vt 0.0040 0.0700
vt 0.0080 0.0700
vt 0.0120 0.0700
vt 0.0000 0.0000
vt 0.0000 0.0094
vt 0.0000 0.0188
vt 0.0000 0.0283
vt 0.0000 0.0377
vt 0.0000 0.0471
vt 0.0000 0.0565
vt 0.0000 0.0660
vt 0.0000 0.0754
vt 0.1219 0.0000
vt 0.1219 0.0094
vt 0.1219 0.0188
vt 0.1219 0.0283
vt 0.1219 0.0377
vt 0.1219 0.0471
vt 0.1219 0.0565
vt 0.1219 0.0660
vt 0.1219 0.0754
vt 0.1268 0.0000
vt 0.1268 0.0094
vt 0.1268 0.0188
vt 0.1268 0.0283
vt 0.1268 0.0377
vt 0.1268 0.0471
vt 0.1268 0.0565
vt 0.1268 0.0660
vt 0.1268 0.0754
vt 0.1316 0.0000
vt 0.1316 0.0094
vt 0.1316 0.0188
vt 0.1316 0.0283
vt 0.1316 0.0377
vt 0.1316 0.0471
vt 0.1316 0.0565
vt 0.1316 0.0660
vt 0.1316 0.0754
vt 0.1365 0.0000
vt 0.1365 0.0094
vt 0.1365 0.0188
vt 0.1365 0.0283
vt 0.1365 0.0377
vt 0.1365 0.0471
vt 0.1365 0.0565
vt 0.1365 0.0660
vt 0.1365 0.0754
vt 0.1414 0.0000
vt 0.1414 0.0094
vt 0.1414 0.0188
vt 0.1414 0.0283
vt 0.1414 0.0377
vt 0.1414 0.0471
vt 0.1414 0.0565
vt 0.1414 0.0660
vt 0.1414 0.0754
vt 0.4143 0.0000
vt 0.4143 0.0094
vt 0.4143 0.0188
vt 0.4143 0.0283
vt 0.4143 0.0377
vt 0.4143 0.0471
vt 0.4143 0.0565
vt 0.4143 0.0660
vt 0.4143 0.0754
vt 0.4262 0.0000
vt 0.4262 0.0094
vt 0.4262 0.0188
vt 0.4262 0.0283
vt 0.4262 0.0377
vt 0.4262 0.0471
vt 0.4262 0.0565
vt 0.4262 0.0660
vt 0.4262 0.0754
vt 0.4361 0.0000
vt 0.4361 0.0094
vt 0.4361 0.0188
vt 0.4361 0.0283
vt 0.4361 0.0377
vt 0.4361 0.0471
vt 0.4361 0.0565
vt 0.4361 0.0660
vt 0.4361 0.0754
vt 0.4459 0.0000
vt 0.4459 0.0094
vt 0.4459 0.0188
vt 0.4459 0.0283
vt 0.4459 0.0377
vt 0.4459 0.0471
vt 0.4459 0.0565
vt 0.4459 0.0660
vt 0.4459 0.0754
vt 0.4578 0.0000
vt 0.4578 0.0094
vt 0.4578 0.0188
vt 0.4578 0.0283
vt 0.4578 0.0377
vt 0.4578 0.0471
vt 0.4578 0.0565
vt 0.4578 0.0660
vt 0.4578 0.0754
vt 0.4858 0.0000
vt 0.4858 0.0094
vt 0.4858 0.0188
vt 0.4858 0.0283
vt 0.4858 0.0377
vt 0.4858 0.0471
vt 0.4858 0.0565
vt 0.4858 0.0660
vt 0.4858 0.0754
vt 0.0000 0.0000
vt 0.0120 0.0000
vt 0.0085 0.0085
vt 0.0000 0.0120
vt -0.0085 0.0085
vt -0.0120 0.0000
vt -0.0085 -0.0085
vt -0.0000 -0.0120
vt 0.0085 -0.0085
vt 0.0000 0.0000
vt 0.0120 0.0000
vt 0.0085 0.0085
vt 0.0000 0.0120
vt -0.0085 0.0085
vt -0.0120 0.0000
vt -0.0085 -0.0085
vt -0.0000 -0.0120
vt 0.0085 -0.0085
vt 0.0000 0.0000
vt 0.0040 0.0000
vt 0.0460 0.0000
vt 0.0500 0.0000
vt 0.0000 0.0040
vt 0.0040 0.0040
vt 0.0460 0.0040
vt 0.0500 0.0040
vt 0.0000 0.0660
vt 0.0040 0.0660
vt 0.0460 0.0660
vt 0.0500 0.0660
vt 0.0000 0.0700
vt 0.0040 0.0700
vt 0.0460 0.0700
vt 0.0500 0.0700
vt 0.0000 0.0000
vt 0.0040 0.0000
vt 0.0460 0.0000
vt 0.0500 0.0000
vt 0.0000 0.0040
vt 0.0040 0.0040
vt 0.0460 0.0040
vt 0.0500 0.0040
vt 0.0000 0.0660
vt 0.0040 0.0660
vt 0.0460 0.0660
vt 0.0500 0.0660
vt 0.0000 0.0700
vt 0.0040 0.0700
vt 0.0460 0.0700
vt 0.0500 0.0700
vt 0.0000 0.0000
vt 0.0040 0.0000
vt 0.0080 0.0000
vt 0.0120 0.0000
vt 0.0000 0.0040
vt 0.0040 0.0040
vt 0.0080 0.0040
vt 0.0120 0.0040
vt 0.0000 0.0460
vt 0.0040 0.0460
vt 0.0080 0.0460
vt 0.0120 0.0460
vt 0.0000 0.0500
vt 0.0040 0.0500
vt 0.0080 0.0500
vt 0.0120 0.0500
vt 0.0000 0.0000
vt 0.0040 0.0000
vt 0.0080 0.0000
vt 0.0120 0.0000
vt 0.0000 0.0040
vt 0.0040 0.0040
vt 0.0080 0.0040
vt 0.0120 0.0040
vt 0.0000 0.0460
vt 0.0040 0.0460
vt 0.0080 0.0460
vt 0.0120 0.0460
vt 0.0000 0.0500
vt 0.0040 0.0500
vt 0.0080 0.0500
vt 0.0120 0.0500
vt 0.0000 0.0000
vt 0.0040 0.0000
vt 0.0080 0.0000
vt 0.0120 0.0000
vt 0.0000 0.0040
vt 0.0040 0.0040
vt 0.0080 0.0040
vt 0.0120 0.0040
vt 0.0000 0.0660
vt 0.0040 0.0660
vt 0.0080 0.0660
vt 0.0120 0.0660
vt 0.0000 0.0700
vt 0.0040 0.0700
vt 0.0080 0.0700
vt 0.0120 0.0700
vt 0.0000 0.0000
vt 0.0040 0.0000
vt 0.0080 0.0000
vt 0.0120 0.0000
vt 0.0000 0.0040
vt 0.0040 0.0040
vt 0.0080 0.0040
vt 0.0120 0.0040
vt 0.0000 0.0660
vt 0.0040 0.0660
vt 0.0080 0.0660
vt 0.0120 0.0660
vt 0.0000 0.0700
vt 0.0040 0.0700
vt 0.0080 0.0700
vt 0.0120 0.0700
vt 0.0000 0.0000
vt 0.0000 0.0094
vt 0.0000 0.0188
vt 0.0000 0.0283
vt 0.0000 0.0377
vt 0.0000 0.0471
vt 0.0000 0.0565
vt 0.0000 0.0660
vt 0.0000 0.0754
vt 0.1219 0.0000
vt 0.1219 0.0094
vt 0.1219 0.0188
vt 0.1219 0.0283
vt 0.1219 0.0377
vt 0.1219 0.0471
vt 0.1219 0.0565
vt 0.1219 0.0660
vt 0.1219 0.0754
vt 0.1268 0.0000
vt 0.1268 0.0094
vt 0.1268 0.0188
vt 0.1268 0.0283
vt 0.1268 0.0377
vt 0.1268 0.0471
vt 0.1268 0.0565
vt 0.1268 0.0660
vt 0.1268 0.0754
vt 0.1316 0.0000
vt 0.1316 0.0094
vt 0.1316 0.0188
vt 0.1316 0.0283
vt 0.1316 0.0377
vt 0.1316 0.0471
vt 0.1316 0.0565
vt 0.1316 0.0660
vt 0.1316 0.0754
vt 0.1365 0.0000
vt 0.1365 0.0094
vt 0.1365 0.0188
vt 0.1365 0.0283
vt 0.1365 0.0377
vt 0.1365 0.0471
vt 0.1365 0.0565
vt 0.1365 0.0660
vt 0.1365 0.0754
vt 0.1414 0.0000
vt 0.1414 0.0094
vt 0.1414 0.0188
vt 0.1414 0.0283
vt 0.1414 0.0377
vt 0.1414 0.0471
vt 0.1414 0.0565
vt 0.1414 0.0660
vt 0.1414 0.0754
vt 0.4143 0.0000
vt 0.4143 0.0094
vt 0.4143 0.0188
vt 0.4143 0.0283
vt 0.4143 0.0377
vt 0.4143 0.0471
vt 0.4143 0.0565
vt 0.4143 0.0660
vt 0.4143 0.0754
vt 0.4262 0.0000
vt 0.4262 0.0094
vt 0.4262 0.0188
vt 0.4262 0.0283
vt 0.4262 0.0377
vt 0.4262 0.0471
vt 0.4262 0.0565
vt 0.4262 0.0660
vt 0.4262 0.0754
vt 0.4361 0.0000
vt 0.4361 0.0094
vt 0.4361 0.0188
vt 0.4361 0.0283
vt 0.4361 0.0377
vt 0.4361 0.0471
vt 0.4361 0.0565
vt 0.4361 0.0660
vt 0.4361 0.0754
vt 0.4459 0.0000
vt 0.4459 0.0094
vt 0.4459 0.0188
vt 0.4459 0.0283
vt 0.4459 0.0377
vt 0.4459 0.0471
vt 0.4459 0.0565
vt 0.4459 0.0660
vt 0.4459 0.0754
vt 0.4578 0.0000
vt 0.4578 0.0094
vt 0.4578 0.0188
vt 0.4578 0.0283
vt 0.4578 0.0377
vt 0.4578 0.0471
vt 0.4578 0.0565
vt 0.4578 0.0660
vt 0.4578 0.0754
vt 0.4858 0.0000
vt 0.4858 0.0094
vt 0.4858 0.0188
vt 0.4858 0.0283
vt 0.4858 0.0377
vt 0.4858 0.0471
vt 0.4858 0.0565
vt 0.4858 0.0660
vt 0.4858 0.0754
vt 0.0000 0.0000
vt 0.0120 0.0000
vt 0.0085 0.0085
vt 0.0000 0.0120
vt -0.0085 0.0085
vt -0.0120 0.0000
vt -0.0085 -0.0085
vt -0.0000 -0.0120
vt 0.0085 -0.0085
vt 0.0000 0.0000
vt 0.0120 0.0000
vt 0.0085 0.0085
vt 0.0000 0.0120
vt -0.0085 0.0085
vt -0.0120 0.0000
vt -0.0085 -0.0085
vt -0.0000 -0.0120
vt 0.0085 -0.0085
vt 0.0000 0.0000
vt 0.0040 0.0000
vt 0.0460 0.0000
vt 0.0500 0.0000
vt 0.0000 0.0040
vt 0.0040 0.0040
vt 0.0460 0.0040
vt 0.0500 0.0040
vt 0.0000 0.0660
vt 0.0040 0.0660
vt 0.0460 0.0660
vt 0.0500 0.0660
vt 0.0000 0.0700
vt 0.0040 0.0700
vt 0.0460 0.0700
vt 0.0500 0.0700
vt 0.0000 0.0000
vt 0.0040 0.0000
vt 0.0460 0.0000
vt 0.0500 0.0000
vt 0.0000 0.0040
vt 0.0040 0.0040
vt 0.0460 0.0040
vt 0.0500 0.0040
vt 0.0000 0.0660
vt 0.0040 0.0660
vt 0.0460 0.0660
vt 0.0500 0.0660
vt 0.0000 0.0700
vt 0.0040 0.0700
vt 0.0460 0.0700
vt 0.0500 0.0700
vt 0.0000 0.0000
vt 0.0040 0.0000
vt 0.0080 0.0000
vt 0.0120 0.0000
vt 0.0000 0.0040
vt 0.0040 0.0040
vt 0.0080 0.0040
vt 0.0120 0.0040
vt 0.0000 0.0460
vt 0.0040 0.0460
vt 0.0080 0.0460
vt 0.0120 0.0460
vt 0.0000 0.0500
vt 0.0040 0.0500
vt 0.0080 0.0500
vt 0.0120 0.0500
vt 0.0000 0.0000
vt 0.0040 0.0000
vt 0.0080 0.0000
vt 0.0120 0.0000
vt 0.0000 0.0040
vt 0.0040 0.0040
vt 0.0080 0.0040
vt 0.0120 0.0040
vt 0.0000 0.0460
vt 0.0040 0.0460
vt 0.0080 0.0460
vt 0.0120 0.0460
vt 0.0000 0.0500
vt 0.0040 0.0500
vt 0.0080 0.0500
vt 0.0120 0.0500
vt 0.0000 0.0000
vt 0.0040 0.0000
vt 0.0080 0.0000
vt 0.0120 0.0000
vt 0.0000 0.0040
vt 0.0040 0.0040
vt 0.0080 0.0040
vt 0.0120 0.0040
vt 0.0000 0.0660
vt 0.0040 0.0660
vt 0.0080 0.0660
vt 0.0120 0.0660
vt 0.0000 0.0700
vt 0.0040 0.0700
vt 0.0080 0.0700
vt 0.0120 0.0700
vt 0.0000 0.0000
vt 0.0040 0.0000
vt 0.0080 0.0000
vt 0.0120 0.0000
vt 0.0000 0.0040
vt 0.0040 0.0040
vt 0.0080 0.0040
vt 0.0120 0.0040
vt 0.0000 0.0660
vt 0.0040 0.0660
vt 0.0080 0.0660
vt 0.0120 0.0660
vt 0.0000 0.0700
vt 0.0040 0.0700
vt 0.0080 0.0700
vt 0.0120 0.0700
vt 0.0000 0.0000
vt 0.0000 0.0094
vt 0.0000 0.0188
vt 0.0000 0.0283
vt 0.0000 0.0377
vt 0.0000 0.0471
vt 0.0000 0.0565
vt 0.0000 0.0660
vt 0.0000 0.0754
vt 0.1219 0.0000
vt 0.1219 0.0094
vt 0.1219 0.0188
vt 0.1219 0.0283
vt 0.1219 0.0377
vt 0.1219 0.0471
vt 0.1219 0.0565
vt 0.1219 0.0660
vt 0.1219 0.0754
vt 0.1268 0.0000
vt 0.1268 0.0094
vt 0.1268 0.0188
vt 0.1268 0.0283
vt 0.1268 0.0377
vt 0.1268 0.0471
vt 0.1268 0.0565
vt 0.1268 0.0660
vt 0.1268 0.0754
vt 0.1316 0.0000
vt 0.1316 0.0094
vt 0.1316 0.0188
vt 0.1316 0.0283
vt 0.1316 0.0377
vt 0.1316 0.0471
vt 0.1316 0.0565
vt 0.1316 0.0660
vt 0.1316 0.0754
vt 0.1365 0.0000
vt 0.1365 0.0094
vt 0.1365 0.0188
vt 0.1365 0.0283
vt 0.1365 0.0377
vt 0.1365 0.0471
vt 0.1365 0.0565
vt 0.1365 0.0660
vt 0.1365 0.0754
vt 0.1414 0.0000
vt 0.1414 0.0094
vt 0.1414 0.0188
vt 0.1414 0.0283
vt 0.1414 0.0377
vt 0.1414 0.0471
vt 0.1414 0.0565
vt 0.1414 0.0660
vt 0.1414 0.0754
vt 0.4143 0.0000
vt 0.4143 0.0094
vt 0.4143 0.0188
vt 0.4143 0.0283
vt 0.4143 0.0377
vt 0.4143 0.0471
vt 0.4143 0.0565
vt 0.4143 0.0660
vt 0.4143 0.0754
vt 0.4262 0.0000
vt 0.4262 0.0094
vt 0.4262 0.0188
vt 0.4262 0.0283
vt 0.4262 0.0377
vt 0.4262 0.0471
vt 0.4262 0.0565
vt 0.4262 0.0660
vt 0.4262 0.0754
vt 0.4361 0.0000
vt 0.4361 0.0094
vt 0.4361 0.0188
vt 0.4361 0.0283
vt 0.4361 0.0377
vt 0.4361 0.0471
vt 0.4361 0.0565
vt 0.4361 0.0660
vt 0.4361 0.0754
vt 0.4459 0.0000
vt 0.4459 0.0094
vt 0.4459 0.0188
vt 0.4459 0.0283
vt 0.4459 0.0377
vt 0.4459 0.0471
vt 0.4459 0.0565
vt 0.4459 0.0660
vt 0.4459 0.0754
vt 0.4578 0.0000
vt 0.4578 0.0094
vt 0.4578 0.0188
vt 0.4578 0.0283
vt 0.4578 0.0377
vt 0.4578 0.0471
vt 0.4578 0.0565
vt 0.4578 0.0660
vt 0.4578 0.0754
vt 0.4858 0.0000
vt 0.4858 0.0094
vt 0.4858 0.0188
vt 0.4858 0.0283
vt 0.4858 0.0377
vt 0.4858 0.0471
vt 0.4858 0.0565
vt 0.4858 0.0660
vt 0.4858 0.0754
vt 0.0000 0.0000
vt 0.0120 0.0000
vt 0.0085 0.0085
vt 0.0000 0.0120
vt -0.0085 0.0085
vt -0.0120 0.0000
vt -0.0085 -0.0085
vt -0.0000 -0.0120
vt 0.0085 -0.0085
vt 0.0000 0.0000
vt 0.0120 0.0000
vt 0.0085 0.0085
vt 0.0000 0.0120
vt -0.0085 0.0085
vt -0.0120 0.0000
vt -0.0085 -0.0085
vt -0.0000 -0.0120
vt 0.0085 -0.0085
vt 0.0000 0.0000
vt 0.0040 0.0000
vt 0.0460 0.0000
vt 0.0500 0.0000
vt 0.0000 0.0040
vt 0.0040 0.0040
vt 0.0460 0.0040
vt 0.0500 0.0040
vt 0.0000 0.0660
vt 0.0040 0.0660
vt 0.0460 0.0660
vt 0.0500 0.0660
vt 0.0000 0.0700
vt 0.0040 0.0700
vt 0.0460 0.0700
vt 0.0500 0.0700
vt 0.0000 0.0000
vt 0.0040 0.0000
vt 0.0460 0.0000
vt 0.0500 0.0000
vt 0.0000 0.0040
vt 0.0040 0.0040
vt 0.0460 0.0040
vt 0.0500 0.0040
vt 0.0000 0.0660
vt 0.0040 0.0660
vt 0.0460 0.0660
vt 0.0500 0.0660
vt 0.0000 0.0700
vt 0.0040 0.0700
vt 0.0460 0.0700
vt 0.0500 0.0700
vt 0.0000 0.0000
vt 0.0040 0.0000
vt 0.0080 0.0000
vt 0.0120 0.0000
vt 0.0000 0.0040
vt 0.0040 0.0040
vt 0.0080 0.0040
vt 0.0120 0.0040
vt 0.0000 0.0460
vt 0.0040 0.0460
vt 0.0080 0.0460
vt 0.0120 0.0460
vt 0.0000 0.0500
vt 0.0040 0.0500
vt 0.0080 0.0500
vt 0.0120 0.0500
vt 0.0000 0.0000
vt 0.0040 0.0000
vt 0.0080 0.0000
vt 0.0120 0.0000
vt 0.0000 0.0040
vt 0.0040 0.0040
vt 0.0080 0.0040
vt 0.0120 0.0040
vt 0.0000 0.0460
vt 0.0040 0.0460
vt 0.0080 0.0460
vt 0.0120 0.0460
vt 0.0000 0.0500
vt 0.0040 0.0500
vt 0.0080 0.0500
vt 0.0120 0.0500
vt 0.0000 0.0000
vt 0.0040 0.0000
vt 0.0080 0.0000
vt 0.0120 0.0000
vt 0.0000 0.0040
vt 0.0040 0.0040
vt 0.0080 0.0040
vt 0.0120 0.0040
vt 0.0000 0.0660
vt 0.0040 0.0660
vt 0.0080 0.0660
vt 0.0120 0.0660
vt 0.0000 0.0700
vt 0.0040 0.0700
vt 0.0080 0.0700
vt 0.0120 0.0700
vt 0.0000 0.0000
vt 0.0040 0.0000
vt 0.0080 0.0000
vt 0.0120 0.0000
vt 0.0000 0.0040
vt 0.0040 0.0040
vt 0.0080 0.0040
vt 0.0120 0.0040
vt 0.0000 0.0660
vt 0.0040 0.0660
vt 0.0080 0.0660
vt 0.0120 0.0660
vt 0.0000 0.0700
vt 0.0040 0.0700
vt 0.0080 0.0700
vt 0.0120 0.0700
vt 0.0000 0.0000
vt 0.0000 0.0094
vt 0.0000 0.0188
vt 0.0000 0.0283
vt 0.0000 0.0377
vt 0.0000 0.0471
vt 0.0000 0.0565
vt 0.0000 0.0660
vt 0.0000 0.0754
vt 0.1219 0.0000
vt 0.1219 0.0094
vt 0.1219 0.0188
vt 0.1219 0.0283
vt 0.1219 0.0377
vt 0.1219 0.0471
vt 0.1219 0.0565
vt 0.1219 0.0660
vt 0.1219 0.0754
vt 0.1268 0.0000
vt 0.1268 0.0094
vt 0.1268 0.0188
vt 0.1268 0.0283
vt 0.1268 0.0377
vt 0.1268 0.0471
vt 0.1268 0.0565
vt 0.1268 0.0660
vt 0.1268 0.0754
vt 0.1316 0.0000
vt 0.1316 0.0094
vt 0.1316 0.0188
vt 0.1316 0.0283
vt 0.1316 0.0377
vt 0.1316 0.0471
vt 0.1316 0.0565
vt 0.1316 0.0660
vt 0.1316 0.0754
vt 0.1365 0.0000
vt 0.1365 0.0094
vt 0.1365 0.0188
vt 0.1365 0.0283
vt 0.1365 0.0377
vt 0.1365 0.0471
vt 0.1365 0.0565
vt 0.1365 0.0660
vt 0.1365 0.0754
vt 0.1414 0.0000
vt 0.1414 0.0094
vt 0.1414 0.0188
vt 0.1414 0.0283
vt 0.1414 0.0377
vt 0.1414 0.0471
vt 0.1414 0.0565
vt 0.1414 0.0660
vt 0.1414 0.0754
vt 0.4143 0.0000
vt 0.4143 0.0094
vt 0.4143 0.0188
vt 0.4143 0.0283
vt 0.4143 0.0377
vt 0.4143 0.0471
vt 0.4143 0.0565
vt 0.4143 0.0660
vt 0.4143 0.0754
vt 0.4262 0.0000
vt 0.4262 0.0094
vt 0.4262 0.0188
vt 0.4262 0.0283
vt 0.4262 0.0377
vt 0.4262 0.0471
vt 0.4262 0.0565
vt 0.4262 0.0660
vt 0.4262 0.0754
vt 0.4361 0.0000
vt 0.4361 0.0094
vt 0.4361 0.0188
vt 0.4361 0.0283
vt 0.4361 0.0377
vt 0.4361 0.0471
vt 0.4361 0.0565
vt 0.4361 0.0660
vt 0.4361 0.0754
vt 0.4459 0.0000
vt 0.4459 0.0094
vt 0.4459 0.0188
vt 0.4459 0.0283
vt 0.4459 0.0377
vt 0.4459 0.0471
vt 0.4459 0.0565
vt 0.4459 0.0660
vt 0.4459 0.0754
vt 0.4578 0.0000
vt 0.4578 0.0094
vt 0.4578 0.0188
vt 0.4578 0.0283
vt 0.4578 0.0377
vt 0.4578 0.0471
vt 0.4578 0.0565
vt 0.4578 0.0660
vt 0.4578 0.0754
vt 0.4858 0.0000
vt 0.4858 0.0094
vt 0.4858 0.0188
vt 0.4858 0.0283
vt 0.4858 0.0377
vt 0.4858 0.0471
vt 0.4858 0.0565
vt 0.4858 0.0660
vt 0.4858 0.0754
vt 0.0000 0.0000
vt 0.0120 0.0000
vt 0.0085 0.0085
vt 0.0000 0.0120
vt -0.0085 0.0085
vt -0.0120 0.0000
vt -0.0085 -0.0085
vt -0.0000 -0.0120
vt 0.0085 -0.0085
vt 0.0000 0.0000
vt 0.0120 0.0000
vt 0.0085 0.0085
vt 0.0000 0.0120
vt -0.0085 0.0085
vt -0.0120 0.0000
vt -0.0085 -0.0085
vt -0.0000 -0.0120
vt 0.0085 -0.0085
vt 0.0000 0.0000
vt 0.0040 0.0000
vt 0.0460 0.0000
vt 0.0500 0.0000
vt 0.0000 0.0040
vt 0.0040 0.0040
vt 0.0460 0.0040
vt 0.0500 0.0040
vt 0.0000 0.0660
vt 0.0040 0.0660
vt 0.0460 0.0660
vt 0.0500 0.0660
vt 0.0000 0.0700
vt 0.0040 0.0700
vt 0.0460 0.0700
vt 0.0500 0.0700
vt 0.0000 0.0000
vt 0.0040 0.0000
vt 0.0460 0.0000
vt 0.0500 0.0000
vt 0.0000 0.0040
vt 0.0040 0.0040
vt 0.0460 0.0040
vt 0.0500 0.0040
vt 0.0000 0.0660
vt 0.0040 0.0660
vt 0.0460 0.0660
vt 0.0500 0.0660
vt 0.0000 0.0700
vt 0.0040 0.0700
vt 0.0460 0.0700
vt 0.0500 0.0700
vt 0.0000 0.0000
vt 0.0040 0.0000
vt 0.0080 0.0000
vt 0.0120 0.0000
vt 0.0000 0.0040
vt 0.0040 0.0040
vt 0.0080 0.0040
vt 0.0120 0.0040
vt 0.0000 0.0460
vt 0.0040 0.0460
vt 0.0080 0.0460
vt 0.0120 0.0460
vt 0.0000 0.0500
vt 0.0040 0.0500
vt 0.0080 0.0500
vt 0.0120 0.0500
vt 0.0000 0.0000
vt 0.0040 0.0000
vt 0.0080 0.0000
vt 0.0120 0.0000
vt 0.0000 0.0040
vt 0.0040 0.0040
vt 0.0080 0.0040
vt 0.0120 0.0040
vt 0.0000 0.0460
vt 0.0040 0.0460
vt 0.0080 0.0460
vt 0.0120 0.0460
vt 0.0000 0.0500
vt 0.0040 0.0500
vt 0.0080 0.0500
vt 0.0120 0.0500
vt 0.0000 0.0000
vt 0.0040 0.0000
vt 0.0080 0.0000
vt 0.0120 0.0000
vt 0.0000 0.0040
vt 0.0040 0.0040
vt 0.0080 0.0040
vt 0.0120 0.0040
vt 0.0000 0.0660
vt 0.0040 0.0660
vt 0.0080 0.0660
vt 0.0120 0.0660
vt 0.0000 0.0700
vt 0.0040 0.0700
vt 0.0080 0.0700
vt 0.0120 0.0700
vt 0.0000 0.0000
vt 0.0040 0.0000
vt 0.0080 0.0000
vt 0.0120 0.0000
vt 0.0000 0.0040
vt 0.0040 0.0040
vt 0.0080 0.0040
vt 0.0120 0.0040
vt 0.0000 0.0660
vt 0.0040 0.0660
vt 0.0080 0.0660
vt 0.0120 0.0660
vt 0.0000 0.0700
vt 0.0040 0.0700
vt 0.0080 0.0700
vt 0.0120 0.0700
vt 0.0000 0.0000
vt 0.0000 0.0094
vt 0.0000 0.0188
vt 0.0000 0.0283
vt 0.0000 0.0377
vt 0.0000 0.0471
vt 0.0000 0.0565
vt 0.0000 0.0660
vt 0.0000 0.0754
vt 0.1219 0.0000
vt 0.1219 0.0094
vt 0.1219 0.0188
vt 0.1219 0.0283
vt 0.1219 0.0377
vt 0.1219 0.0471
vt 0.1219 0.0565
vt 0.1219 0.0660
vt 0.1219 0.0754
vt 0.1268 0.0000
vt 0.1268 0.0094
vt 0.1268 0.0188
vt 0.1268 0.0283
vt 0.1268 0.0377
vt 0.1268 0.0471
vt 0.1268 0.0565
vt 0.1268 0.0660
vt 0.1268 0.0754
vt 0.1316 0.0000
vt 0.1316 0.0094
vt 0.1316 0.0188
vt 0.1316 0.0283
vt 0.1316 0.0377
vt 0.1316 0.0471
vt 0.1316 0.0565
vt 0.1316 0.0660
vt 0.1316 0.0754
vt 0.1365 0.0000
vt 0.1365 0.0094
vt 0.1365 0.0188
vt 0.1365 0.0283
vt 0.1365 0.0377
vt 0.1365 0.0471
vt 0.1365 0.0565
vt 0.1365 0.0660
vt 0.1365 0.0754
vt 0.1414 0.0000
vt 0.1414 0.0094
vt 0.1414 0.0188
vt 0.1414 0.0283
vt 0.1414 0.0377
vt 0.1414 0.0471
vt 0.1414 0.0565
vt 0.1414 0.0660
vt 0.1414 0.0754
vt 0.4143 0.0000
vt 0.4143 0.0094
vt 0.4143 0.0188
vt 0.4143 0.0283
vt 0.4143 0.0377
vt 0.4143 0.0471
vt 0.4143 0.0565
vt 0.4143 0.0660
vt 0.4143 0.0754
vt 0.4262 0.0000
vt 0.4262 0.0094
vt 0.4262 0.0188
vt 0.4262 0.0283
vt 0.4262 0.0377
vt 0.4262 0.0471
vt 0.4262 0.0565
vt 0.4262 0.0660
vt 0.4262 0.0754
vt 0.4361 0.0000
vt 0.4361 0.0094
vt 0.4361 0.0188
vt 0.4361 0.0283
vt 0.4361 0.0377
vt 0.4361 0.0471
vt 0.4361 0.0565
vt 0.4361 0.0660
vt 0.4361 0.0754
vt 0.4459 0.0000
vt 0.4459 0.0094
vt 0.4459 0.0188
vt 0.4459 0.0283
vt 0.4459 0.0377
vt 0.4459 0.0471
vt 0.4459 0.0565
vt 0.4459 0.0660
vt 0.4459 0.0754
vt 0.4578 0.0000
vt 0.4578 0.0094
vt 0.4578 0.0188
vt 0.4578 0.0283
vt 0.4578 0.0377
vt 0.4578 0.0471
vt 0.4578 0.0565
vt 0.4578 0.0660
vt 0.4578 0.0754
vt 0.4858 0.0000
vt 0.4858 0.0094
vt 0.4858 0.0188
vt 0.4858 0.0283
vt 0.4858 0.0377
vt 0.4858 0.0471
vt 0.4858 0.0565
vt 0.4858 0.0660
vt 0.4858 0.0754
vt 0.0000 0.0000
vt 0.0120 0.0000
vt 0.0085 0.0085
vt 0.0000 0.0120
vt -0.0085 0.0085
vt -0.0120 0.0000
vt -0.0085 -0.0085
vt -0.0000 -0.0120
vt 0.0085 -0.0085
vt 0.0000 0.0000
vt 0.0120 0.0000
vt 0.0085 0.0085
vt 0.0000 0.0120
vt -0.0085 0.0085
vt -0.0120 0.0000
vt -0.0085 -0.0085
vt -0.0000 -0.0120
vt 0.0085 -0.0085
vt 0.0000 0.0000
vt 0.0040 0.0000
vt 0.0460 0.0000
vt 0.0500 0.0000
vt 0.0000 0.0040
vt 0.0040 0.0040
vt 0.0460 0.0040
vt 0.0500 0.0040
vt 0.0000 0.0660
vt 0.0040 0.0660
vt 0.0460 0.0660
vt 0.0500 0.0660
vt 0.0000 0.0700
vt 0.0040 0.0700
vt 0.0460 0.0700
vt 0.0500 0.0700
vt 0.0000 0.0000
vt 0.0040 0.0000
vt 0.0460 0.0000
vt 0.0500 0.0000
vt 0.0000 0.0040
vt 0.0040 0.0040
vt 0.0460 0.0040
vt 0.0500 0.0040
vt 0.0000 0.0660
vt 0.0040 0.0660
vt 0.0460 0.0660
vt 0.0500 0.0660
vt 0.0000 0.0700
vt 0.0040 0.0700
vt 0.0460 0.0700
vt 0.0500 0.0700
vt 0.0000 0.0000
vt 0.0040 0.0000
vt 0.0080 0.0000
vt 0.0120 0.0000
vt 0.0000 0.0040
vt 0.0040 0.0040
vt 0.0080 0.0040
vt 0.0120 0.0040
vt 0.0000 0.0460
vt 0.0040 0.0460
vt 0.0080 0.0460
vt 0.0120 0.0460
vt 0.0000 0.0500
vt 0.0040 0.0500
vt 0.0080 0.0500
vt 0.0120 0.0500
vt 0.0000 0.0000
vt 0.0040 0.0000
vt 0.0080 0.0000
vt 0.0120 0.0000
vt 0.0000 0.0040
vt 0.0040 0.0040
vt 0.0080 0.0040
vt 0.0120 0.0040
vt 0.0000 0.0460
vt 0.0040 0.0460
vt 0.0080 0.0460
vt 0.0120 0.0460
vt 0.0000 0.0500
vt 0.0040 0.0500
vt 0.0080 0.0500
vt 0.0120 0.0500
vt 0.0000 0.0000
vt 0.0040 0.0000
vt 0.0080 0.0000
vt 0.0120 0.0000
vt 0.0000 0.0040
vt 0.0040 0.0040
vt 0.0080 0.0040
vt 0.0120 0.0040
vt 0.0000 0.0660
vt 0.0040 0.0660
vt 0.0080 0.0660
vt 0.0120 0.0660
vt 0.0000 0.0700
vt 0.0040 0.0700
vt 0.0080 0.0700
vt 0.0120 0.0700
vt 0.0000 0.0000
vt 0.0040 0.0000
vt 0.0080 0.0000
vt 0.0120 0.0000
vt 0.0000 0.0040
vt 0.0040 0.0040
vt 0.0080 0.0040
vt 0.0120 0.0040
vt 0.0000 0.0660
vt 0.0040 0.0660
vt 0.0080 0.0660
vt 0.0120 0.0660
vt 0.0000 0.0700
vt 0.0040 0.0700
vt 0.0080 0.0700
vt 0.0120 0.0700
vt 0.0000 0.0000
vt 0.0000 0.0084
vt 0.0000 0.0168
vt 0.0000 0.0251
vt 0.0000 0.0335
vt 0.0000 0.0419
vt 0.0000 0.0503
vt 0.0000 0.0586
vt 0.0000 0.0670
vt 0.0000 0.0754
vt 0.0000 0.0838
vt 0.0000 0.0922
vt 0.0000 0.1005
vt 7.5500 0.0000
vt 7.5500 0.0084
vt 7.5500 0.0168
vt 7.5500 0.0251
vt 7.5500 0.0335
vt 7.5500 0.0419
vt 7.5500 0.0503
vt 7.5500 0.0586
vt 7.5500 0.0670
vt 7.5500 0.0754
vt 7.5500 0.0838
vt 7.5500 0.0922
vt 7.5500 0.1005
vt 0.0000 0.0000
vt 0.0160 0.0000
vt 0.0139 0.0080
vt 0.0080 0.0139
vt 0.0000 0.0160
vt -0.0080 0.0139
vt -0.0139 0.0080
vt -0.0160 0.0000
vt -0.0139 -0.0080
vt -0.0080 -0.0139
vt -0.0000 -0.0160
vt 0.0080 -0.0139
vt 0.0139 -0.0080
vt 0.0000 0.0000
vt 0.0160 0.0000
vt 0.0139 0.0080
vt 0.0080 0.0139
vt 0.0000 0.0160
vt -0.0080 0.0139
vt -0.0139 0.0080
vt -0.0160 0.0000
vt -0.0139 -0.0080
vt -0.0080 -0.0139
vt -0.0000 -0.0160
vt 0.0080 -0.0139
vt 0.0139 -0.0080
vt 0.0000 0.0000
vt 0.0000 0.0071
vt 0.0000 0.0141
vt 0.0000 0.0212
vt 0.0000 0.0283
vt 0.0000 0.0353
vt 0.0000 0.0424
vt 0.0000 0.0495
vt 0.0000 0.0565
vt 0.1800 0.0000
vt 0.1800 0.0071
vt 0.1800 0.0141
vt 0.1800 0.0212
vt 0.1800 0.0283
vt 0.1800 0.0353
vt 0.1800 0.0424
vt 0.1800 0.0495
vt 0.1800 0.0565
vt 0.0000 0.0000
vt 0.0090 0.0000
vt 0.0064 0.0064
vt 0.0000 0.0090
vt -0.0064 0.0064
vt -0.0090 0.0000
vt -0.0064 -0.0064
vt -0.0000 -0.0090
vt 0.0064 -0.0064
vt 0.0000 0.0000
vt 0.0090 0.0000
vt 0.0064 0.0064
vt 0.0000 0.0090
vt -0.0064 0.0064
vt -0.0090 0.0000
vt -0.0064 -0.0064
vt -0.0000 -0.0090
vt 0.0064 -0.0064
vt 0.0000 0.0000
vt 0.0000 0.0280
vt 0.0000 0.0362
vt 0.0000 0.0665
vt 0.0157 0.0000
vt 0.0157 0.0280
vt 0.0157 0.0362
vt 0.0157 0.0665
vt 0.0314 0.0000
vt 0.0314 0.0280
vt 0.0314 0.0362
vt 0.0314 0.0665
vt 0.0471 0.0000
vt 0.0471 0.0280
vt 0.0471 0.0362
vt 0.0471 0.0665
vt 0.0628 0.0000
vt 0.0628 0.0280
vt 0.0628 0.0362
vt 0.0628 0.0665
vt 0.0785 0.0000
vt 0.0785 0.0280
vt 0.0785 0.0362
vt 0.0785 0.0665
vt 0.0942 0.0000
vt 0.0942 0.0280
vt 0.0942 0.0362
vt 0.0942 0.0665
vt 0.1100 0.0000
vt 0.1100 0.0280
vt 0.1100 0.0362
vt 0.1100 0.0665
vt 0.1257 0.0000
vt 0.1257 0.0280
vt 0.1257 0.0362
vt 0.1257 0.0665
vt 0.1414 0.0000
vt 0.1414 0.0280
vt 0.1414 0.0362
vt 0.1414 0.0665
vt 0.1571 0.0000
vt 0.1571 0.0280
vt 0.1571 0.0362
vt 0.1571 0.0665
vt 0.1728 0.0000
vt 0.1728 0.0280
vt 0.1728 0.0362
vt 0.1728 0.0665
vt 0.1885 0.0000
vt 0.1885 0.0280
vt 0.1885 0.0362
vt 0.1885 0.0665
vt 0.0000 0.0000
vt 0.0000 0.0071
vt 0.0000 0.0141
vt 0.0000 0.0212
vt 0.0000 0.0283
vt 0.0000 0.0353
vt 0.0000 0.0424
vt 0.0000 0.0495
vt 0.0000 0.0565
vt 0.1800 0.0000
vt 0.1800 0.0071
vt 0.1800 0.0141
vt 0.1800 0.0212
vt 0.1800 0.0283
vt 0.1800 0.0353
vt 0.1800 0.0424
vt 0.1800 0.0495
vt 0.1800 0.0565
vt 0.0000 0.0000
vt 0.0090 0.0000
vt 0.0064 0.0064
vt 0.0000 0.0090
vt -0.0064 0.0064
vt -0.0090 0.0000
vt -0.0064 -0.0064
vt -0.0000 -0.0090
vt 0.0064 -0.0064
vt 0.0000 0.0000
vt 0.0090 0.0000
vt 0.0064 0.0064
vt 0.0000 0.0090
vt -0.0064 0.0064
vt -0.0090 0.0000
vt -0.0064 -0.0064
vt -0.0000 -0.0090
vt 0.0064 -0.0064
vt 0.0000 0.0000
vt 0.0000 0.0280
vt 0.0000 0.0362
vt 0.0000 0.0665
vt 0.0157 0.0000
vt 0.0157 0.0280
vt 0.0157 0.0362
vt 0.0157 0.0665
vt 0.0314 0.0000
vt 0.0314 0.0280
vt 0.0314 0.0362
vt 0.0314 0.0665
vt 0.0471 0.0000
vt 0.0471 0.0280
vt 0.0471 0.0362
vt 0.0471 0.0665
vt 0.0628 0.0000
vt 0.0628 0.0280
vt 0.0628 0.0362
vt 0.0628 0.0665
vt 0.0785 0.0000
vt 0.0785 0.0280
vt 0.0785 0.0362
vt 0.0785 0.0665
vt 0.0942 0.0000
vt 0.0942 0.0280
vt 0.0942 0.0362
vt 0.0942 0.0665
vt 0.1100 0.0000
vt 0.1100 0.0280
vt 0.1100 0.0362
vt 0.1100 0.0665
vt 0.1257 0.0000
vt 0.1257 0.0280
vt 0.1257 0.0362
vt 0.1257 0.0665
vt 0.1414 0.0000
vt 0.1414 0.0280
vt 0.1414 0.0362
vt 0.1414 0.0665
vt 0.1571 0.0000
vt 0.1571 0.0280
vt 0.1571 0.0362
vt 0.1571 0.0665
vt 0.1728 0.0000
vt 0.1728 0.0280
vt 0.1728 0.0362
vt 0.1728 0.0665
vt 0.1885 0.0000
vt 0.1885 0.0280
vt 0.1885 0.0362
vt 0.1885 0.0665
vt 0.0000 0.0000
vt 0.0000 0.0071
vt 0.0000 0.0141
vt 0.0000 0.0212
vt 0.0000 0.0283
vt 0.0000 0.0353
vt 0.0000 0.0424
vt 0.0000 0.0495
vt 0.0000 0.0565
vt 0.1800 0.0000
vt 0.1800 0.0071
vt 0.1800 0.0141
vt 0.1800 0.0212
vt 0.1800 0.0283
vt 0.1800 0.0353
vt 0.1800 0.0424
vt 0.1800 0.0495
vt 0.1800 0.0565
vt 0.0000 0.0000
vt 0.0090 0.0000
vt 0.0064 0.0064
vt 0.0000 0.0090
vt -0.0064 0.0064
vt -0.0090 0.0000
vt -0.0064 -0.0064
vt -0.0000 -0.0090
vt 0.0064 -0.0064
vt 0.0000 0.0000
vt 0.0090 0.0000
vt 0.0064 0.0064
vt 0.0000 0.0090
vt -0.0064 0.0064
vt -0.0090 0.0000
vt -0.0064 -0.0064
vt -0.0000 -0.0090
vt 0.0064 -0.0064
vt 0.0000 0.0000
vt 0.0000 0.0280
vt 0.0000 0.0362
vt 0.0000 0.0665
vt 0.0157 0.0000
vt 0.0157 0.0280
vt 0.0157 0.0362
vt 0.0157 0.0665
vt 0.0314 0.0000
vt 0.0314 0.0280
vt 0.0314 0.0362
vt 0.0314 0.0665
vt 0.0471 0.0000
vt 0.0471 0.0280
vt 0.0471 0.0362
vt 0.0471 0.0665
vt 0.0628 0.0000
vt 0.0628 0.0280
vt 0.0628 0.0362
vt 0.0628 0.0665
vt 0.0785 0.0000
vt 0.0785 0.0280
vt 0.0785 0.0362
vt 0.0785 0.0665
vt 0.0942 0.0000
vt 0.0942 0.0280
vt 0.0942 0.0362
vt 0.0942 0.0665
vt 0.1100 0.0000
vt 0.1100 0.0280
vt 0.1100 0.0362
vt 0.1100 0.0665
vt 0.1257 0.0000
vt 0.1257 0.0280
vt 0.1257 0.0362
vt 0.1257 0.0665
vt 0.1414 0.0000
vt 0.1414 0.0280
vt 0.1414 0.0362
vt 0.1414 0.0665
vt 0.1571 0.0000
vt 0.1571 0.0280
vt 0.1571 0.0362
vt 0.1571 0.0665
vt 0.1728 0.0000
vt 0.1728 0.0280
vt 0.1728 0.0362
vt 0.1728 0.0665
vt 0.1885 0.0000
vt 0.1885 0.0280
vt 0.1885 0.0362
vt 0.1885 0.0665
vt 0.0000 0.0000
vt 0.0000 0.0071
vt 0.0000 0.0141
vt 0.0000 0.0212
vt 0.0000 0.0283
vt 0.0000 0.0353
vt 0.0000 0.0424
vt 0.0000 0.0495
vt 0.0000 0.0565
vt 0.1800 0.0000
vt 0.1800 0.0071
vt 0.1800 0.0141
vt 0.1800 0.0212
vt 0.1800 0.0283
vt 0.1800 0.0353
vt 0.1800 0.0424
vt 0.1800 0.0495
vt 0.1800 0.0565
vt 0.0000 0.0000
vt 0.0090 0.0000
vt 0.0064 0.0064
vt 0.0000 0.0090
vt -0.0064 0.0064
vt -0.0090 0.0000
vt -0.0064 -0.0064
vt -0.0000 -0.0090
vt 0.0064 -0.0064
vt 0.0000 0.0000
vt 0.0090 0.0000
vt 0.0064 0.0064
vt 0.0000 0.0090
vt -0.0064 0.0064
vt -0.0090 0.0000
vt -0.0064 -0.0064
vt -0.0000 -0.0090
vt 0.0064 -0.0064
vt 0.0000 0.0000
vt 0.0000 0.0280
vt 0.0000 0.0362
vt 0.0000 0.0665
vt 0.0157 0.0000
vt 0.0157 0.0280
vt 0.0157 0.0362
vt 0.0157 0.0665
vt 0.0314 0.0000
vt 0.0314 0.0280
vt 0.0314 0.0362
vt 0.0314 0.0665
vt 0.0471 0.0000
vt 0.0471 0.0280
vt 0.0471 0.0362
vt 0.0471 0.0665
vt 0.0628 0.0000
vt 0.0628 0.0280
vt 0.0628 0.0362
vt 0.0628 0.0665
vt 0.0785 0.0000
vt 0.0785 0.0280
vt 0.0785 0.0362
vt 0.0785 0.0665
vt 0.0942 0.0000
vt 0.0942 0.0280
vt 0.0942 0.0362
vt 0.0942 0.0665
vt 0.1100 0.0000
vt 0.1100 0.0280
vt 0.1100 0.0362
vt 0.1100 0.0665
vt 0.1257 0.0000
vt 0.1257 0.0280
vt 0.1257 0.0362
vt 0.1257 0.0665
vt 0.1414 0.0000
vt 0.1414 0.0280
vt 0.1414 0.0362
vt 0.1414 0.0665
vt 0.1571 0.0000
vt 0.1571 0.0280
vt 0.1571 0.0362
vt 0.1571 0.0665
vt 0.1728 0.0000
vt 0.1728 0.0280
vt 0.1728 0.0362
vt 0.1728 0.0665
vt 0.1885 0.0000
vt 0.1885 0.0280
vt 0.1885 0.0362
vt 0.1885 0.0665
vt 0.0000 0.0000
vt 0.0000 0.0071
vt 0.0000 0.0141
vt 0.0000 0.0212
vt 0.0000 0.0283
vt 0.0000 0.0353
vt 0.0000 0.0424
vt 0.0000 0.0495
vt 0.0000 0.0565
vt 0.1800 0.0000
vt 0.1800 0.0071
vt 0.1800 0.0141
vt 0.1800 0.0212
vt 0.1800 0.0283
vt 0.1800 0.0353
vt 0.1800 0.0424
vt 0.1800 0.0495
vt 0.1800 0.0565
vt 0.0000 0.0000
vt 0.0090 0.0000
vt 0.0064 0.0064
vt 0.0000 0.0090
vt -0.0064 0.0064
vt -0.0090 0.0000
vt -0.0064 -0.0064
vt -0.0000 -0.0090
vt 0.0064 -0.0064
vt 0.0000 0.0000
vt 0.0090 0.0000
vt 0.0064 0.0064
vt 0.0000 0.0090
vt -0.0064 0.0064
vt -0.0090 0.0000
vt -0.0064 -0.0064
vt -0.0000 -0.0090
vt 0.0064 -0.0064
vt 0.0000 0.0000
vt 0.0000 0.0280
vt 0.0000 0.0362
vt 0.0000 0.0665
vt 0.0157 0.0000
vt 0.0157 0.0280
vt 0.0157 0.0362
vt 0.0157 0.0665
vt 0.0314 0.0000
vt 0.0314 0.0280
vt 0.0314 0.0362
vt 0.0314 0.0665
vt 0.0471 0.0000
vt 0.0471 0.0280
vt 0.0471 0.0362
vt 0.0471 0.0665
vt 0.0628 0.0000
vt 0.0628 0.0280
vt 0.0628 0.0362
vt 0.0628 0.0665
vt 0.0785 0.0000
vt 0.0785 0.0280
vt 0.0785 0.0362
vt 0.0785 0.0665
vt 0.0942 0.0000
vt 0.0942 0.0280
vt 0.0942 0.0362
vt 0.0942 0.0665
vt 0.1100 0.0000
vt 0.1100 0.0280
vt 0.1100 0.0362
vt 0.1100 0.0665
vt 0.1257 0.0000
vt 0.1257 0.0280
vt 0.1257 0.0362
vt 0.1257 0.0665
vt 0.1414 0.0000
vt 0.1414 0.0280
vt 0.1414 0.0362
vt 0.1414 0.0665
vt 0.1571 0.0000
vt 0.1571 0.0280
vt 0.1571 0.0362
vt 0.1571 0.0665
vt 0.1728 0.0000
vt 0.1728 0.0280
vt 0.1728 0.0362
vt 0.1728 0.0665
vt 0.1885 0.0000
vt 0.1885 0.0280
vt 0.1885 0.0362
vt 0.1885 0.0665
vt 0.0000 0.0000
vt 0.0000 0.0071
vt 0.0000 0.0141
vt 0.0000 0.0212
vt 0.0000 0.0283
vt 0.0000 0.0353
vt 0.0000 0.0424
vt 0.0000 0.0495
vt 0.0000 0.0565
vt 0.1800 0.0000
vt 0.1800 0.0071
vt 0.1800 0.0141
vt 0.1800 0.0212
vt 0.1800 0.0283
vt 0.1800 0.0353
vt 0.1800 0.0424
vt 0.1800 0.0495
vt 0.1800 0.0565
vt 0.0000 0.0000
vt 0.0090 0.0000
vt 0.0064 0.0064
vt 0.0000 0.0090
vt -0.0064 0.0064
vt -0.0090 0.0000
vt -0.0064 -0.0064
vt -0.0000 -0.0090
vt 0.0064 -0.0064
vt 0.0000 0.0000
vt 0.0090 0.0000
vt 0.0064 0.0064
vt 0.0000 0.0090
vt -0.0064 0.0064
vt -0.0090 0.0000
vt -0.0064 -0.0064
vt -0.0000 -0.0090
vt 0.0064 -0.0064
vt 0.0000 0.0000
vt 0.0000 0.0280
vt 0.0000 0.0362
vt 0.0000 0.0665
vt 0.0157 0.0000
vt 0.0157 0.0280
vt 0.0157 0.0362
vt 0.0157 0.0665
vt 0.0314 0.0000
vt 0.0314 0.0280
vt 0.0314 0.0362
vt 0.0314 0.0665
vt 0.0471 0.0000
vt 0.0471 0.0280
vt 0.0471 0.0362
vt 0.0471 0.0665
vt 0.0628 0.0000
vt 0.0628 0.0280
vt 0.0628 0.0362
vt 0.0628 0.0665
vt 0.0785 0.0000
vt 0.0785 0.0280
vt 0.0785 0.0362
vt 0.0785 0.0665
vt 0.0942 0.0000
vt 0.0942 0.0280
vt 0.0942 0.0362
vt 0.0942 0.0665
vt 0.1100 0.0000
vt 0.1100 0.0280
vt 0.1100 0.0362
vt 0.1100 0.0665
vt 0.1257 0.0000
vt 0.1257 0.0280
vt 0.1257 0.0362
vt 0.1257 0.0665
vt 0.1414 0.0000
vt 0.1414 0.0280
vt 0.1414 0.0362
vt 0.1414 0.0665
vt 0.1571 0.0000
vt 0.1571 0.0280
vt 0.1571 0.0362
vt 0.1571 0.0665
vt 0.1728 0.0000
vt 0.1728 0.0280
vt 0.1728 0.0362
vt 0.1728 0.0665
vt 0.1885 0.0000
vt 0.1885 0.0280
vt 0.1885 0.0362
vt 0.1885 0.0665
vt 0.0000 0.0000
vt 0.0000 0.0191
vt 0.0000 0.0371
vt 0.0000 0.0552
vt 0.0000 0.0743
vt 0.0105 0.0000
vt 0.0105 0.0191
vt 0.0105 0.0371
vt 0.0105 0.0552
vt 0.0105 0.0743
vt 0.0209 0.0000
vt 0.0209 0.0191
vt 0.0209 0.0371
vt 0.0209 0.0552
vt 0.0209 0.0743
vt 0.0314 0.0000
vt 0.0314 0.0191
vt 0.0314 0.0371
vt 0.0314 0.0552
vt 0.0314 0.0743
vt 0.0419 0.0000
vt 0.0419 0.0191
vt 0.0419 0.0371
vt 0.0419 0.0552
vt 0.0419 0.0743
vt 0.0524 0.0000
vt 0.0524 0.0191
vt 0.0524 0.0371
vt 0.0524 0.0552
vt 0.0524 0.0743
vt 0.0628 0.0000
vt 0.0628 0.0191
vt 0.0628 0.0371
vt 0.0628 0.0552
vt 0.0628 0.0743
vt 0.0733 0.0000
vt 0.0733 0.0191
vt 0.0733 0.0371
vt 0.0733 0.0552
vt 0.0733 0.0743
vt 0.0838 0.0000
vt 0.0838 0.0191
vt 0.0838 0.0371
vt 0.0838 0.0552
vt 0.0838 0.0743
vt 0.0942 0.0000
vt 0.0942 0.0191
vt 0.0942 0.0371
vt 0.0942 0.0552
vt 0.0942 0.0743
vt 0.1047 0.0000
vt 0.1047 0.0191
vt 0.1047 0.0371
vt 0.1047 0.0552
vt 0.1047 0.0743
vt 0.1152 0.0000
vt 0.1152 0.0191
vt 0.1152 0.0371
vt 0.1152 0.0552
vt 0.1152 0.0743
vt 0.1257 0.0000
vt 0.1257 0.0191
vt 0.1257 0.0371
vt 0.1257 0.0552
vt 0.1257 0.0743
vt 0.0000 0.0000
vt 0.0000 0.0191
vt 0.0000 0.0371
vt 0.0000 0.0552
vt 0.0000 0.0743
vt 0.0105 0.0000
vt 0.0105 0.0191
vt 0.0105 0.0371
vt 0.0105 0.0552
vt 0.0105 0.0743
vt 0.0209 0.0000
vt 0.0209 0.0191
vt 0.0209 0.0371
vt 0.0209 0.0552
vt 0.0209 0.0743
vt 0.0314 0.0000
vt 0.0314 0.0191
vt 0.0314 0.0371
vt 0.0314 0.0552
vt 0.0314 0.0743
vt 0.0419 0.0000
vt 0.0419 0.0191
vt 0.0419 0.0371
vt 0.0419 0.0552
vt 0.0419 0.0743
vt 0.0524 0.0000
vt 0.0524 0.0191
vt 0.0524 0.0371
vt 0.0524 0.0552
vt 0.0524 0.0743
vt 0.0628 0.0000
vt 0.0628 0.0191
vt 0.0628 0.0371
vt 0.0628 0.0552
vt 0.0628 0.0743
vt 0.0733 0.0000
vt 0.0733 0.0191
vt 0.0733 0.0371
vt 0.0733 0.0552
vt 0.0733 0.0743
vt 0.0838 0.0000
vt 0.0838 0.0191
vt 0.0838 0.0371
vt 0.0838 0.0552
vt 0.0838 0.0743
vt 0.0942 0.0000
vt 0.0942 0.0191
vt 0.0942 0.0371
vt 0.0942 0.0552
vt 0.0942 0.0743
vt 0.1047 0.0000
vt 0.1047 0.0191
vt 0.1047 0.0371
vt 0.1047 0.0552
vt 0.1047 0.0743
vt 0.1152 0.0000
vt 0.1152 0.0191
vt 0.1152 0.0371
vt 0.1152 0.0552
vt 0.1152 0.0743
vt 0.1257 0.0000
vt 0.1257 0.0191
vt 0.1257 0.0371
vt 0.1257 0.0552
vt 0.1257 0.0743
vt 0.0000 0.0000
vt 0.0000 0.0094
vt 0.0000 0.0188
vt 0.0000 0.0283
vt 0.0000 0.0377
vt 0.0000 0.0471
vt 0.0000 0.0565
vt 0.0000 0.0660
vt 0.0000 0.0754
vt 0.0000 0.0848
vt 0.0000 0.0942
vt 0.0000 0.1037
vt 0.0000 0.1131
vt 2.1500 0.0000
vt 2.1500 0.0094
vt 2.1500 0.0188
vt 2.1500 0.0283
vt 2.1500 0.0377
vt 2.1500 0.0471
vt 2.1500 0.0565
vt 2.1500 0.0660
vt 2.1500 0.0754
vt 2.1500 0.0848
vt 2.1500 0.0942
vt 2.1500 0.1037
vt 2.1500 0.1131
vt 0.0000 0.0000
vt 0.0180 0.0000
vt 0.0156 0.0090
vt 0.0090 0.0156
vt 0.0000 0.0180
vt -0.0090 0.0156
vt -0.0156 0.0090
vt -0.0180 0.0000
vt -0.0156 -0.0090
vt -0.0090 -0.0156
vt -0.0000 -0.0180
vt 0.0090 -0.0156
vt 0.0156 -0.0090
vt 0.0000 0.0000
vt 0.0180 0.0000
vt 0.0156 0.0090
vt 0.0090 0.0156
vt 0.0000 0.0180
vt -0.0090 0.0156
vt -0.0156 0.0090
vt -0.0180 0.0000
vt -0.0156 -0.0090
vt -0.0090 -0.0156
vt -0.0000 -0.0180
vt 0.0090 -0.0156
vt 0.0156 -0.0090
vt 0.0000 0.0000
vt 0.0000 0.0400
vt 0.0000 0.0480
vt 0.0000 0.0696
vt 0.0000 0.0916
vt 0.0180 0.0000
vt 0.0180 0.0400
vt 0.0180 0.0480
vt 0.0180 0.0696
vt 0.0180 0.0916
vt 0.0359 0.0000
vt 0.0359 0.0400
vt 0.0359 0.0480
vt 0.0359 0.0696
vt 0.0359 0.0916
vt 0.0539 0.0000
vt 0.0539 0.0400
vt 0.0539 0.0480
vt 0.0539 0.0696
vt 0.0539 0.0916
vt 0.0718 0.0000
vt 0.0718 0.0400
vt 0.0718 0.0480
vt 0.0718 0.0696
vt 0.0718 0.0916
vt 0.0898 0.0000
vt 0.0898 0.0400
vt 0.0898 0.0480
vt 0.0898 0.0696
vt 0.0898 0.0916
vt 0.1077 0.0000
vt 0.1077 0.0400
vt 0.1077 0.0480
vt 0.1077 0.0696
vt 0.1077 0.0916
vt 0.1257 0.0000
vt 0.1257 0.0400
vt 0.1257 0.0480
vt 0.1257 0.0696
vt 0.1257 0.0916
vt 0.1436 0.0000
vt 0.1436 0.0400
vt 0.1436 0.0480
vt 0.1436 0.0696
vt 0.1436 0.0916
vt 0.1616 0.0000
vt 0.1616 0.0400
vt 0.1616 0.0480
vt 0.1616 0.0696
vt 0.1616 0.0916
vt 0.1795 0.0000
vt 0.1795 0.0400
vt 0.1795 0.0480
vt 0.1795 0.0696
vt 0.1795 0.0916
vt 0.1975 0.0000
vt 0.1975 0.0400
vt 0.1975 0.0480
vt 0.1975 0.0696
vt 0.1975 0.0916
vt 0.2154 0.0000
vt 0.2154 0.0400
vt 0.2154 0.0480
vt 0.2154 0.0696
vt 0.2154 0.0916
vt 0.2334 0.0000
vt 0.2334 0.0400
vt 0.2334 0.0480
vt 0.2334 0.0696
vt 0.2334 0.0916
vt 0.2513 0.0000
vt 0.2513 0.0400
vt 0.2513 0.0480
vt 0.2513 0.0696
vt 0.2513 0.0916
vt 0.0000 0.0000
vt 0.0000 0.0400
vt 0.0000 0.0480
vt 0.0000 0.0696
vt 0.0000 0.0916
vt 0.0180 0.0000
vt 0.0180 0.0400
vt 0.0180 0.0480
vt 0.0180 0.0696
vt 0.0180 0.0916
vt 0.0359 0.0000
vt 0.0359 0.0400
vt 0.0359 0.0480
vt 0.0359 0.0696
vt 0.0359 0.0916
vt 0.0539 0.0000
vt 0.0539 0.0400
vt 0.0539 0.0480
vt 0.0539 0.0696
vt 0.0539 0.0916
vt 0.0718 0.0000
vt 0.0718 0.0400
vt 0.0718 0.0480
vt 0.0718 0.0696
vt 0.0718 0.0916
vt 0.0898 0.0000
vt 0.0898 0.0400
vt 0.0898 0.0480
vt 0.0898 0.0696
vt 0.0898 0.0916
vt 0.1077 0.0000
vt 0.1077 0.0400
vt 0.1077 0.0480
vt 0.1077 0.0696
vt 0.1077 0.0916
vt 0.1257 0.0000
vt 0.1257 0.0400
vt 0.1257 0.0480
vt 0.1257 0.0696
vt 0.1257 0.0916
vt 0.1436 0.0000
vt 0.1436 0.0400
vt 0.1436 0.0480
vt 0.1436 0.0696
vt 0.1436 0.0916
vt 0.1616 0.0000
vt 0.1616 0.0400
vt 0.1616 0.0480
vt 0.1616 0.0696
vt 0.1616 0.0916
vt 0.1795 0.0000
vt 0.1795 0.0400
vt 0.1795 0.0480
vt 0.1795 0.0696
vt 0.1795 0.0916
vt 0.1975 0.0000
vt 0.1975 0.0400
vt 0.1975 0.0480
vt 0.1975 0.0696
vt 0.1975 0.0916
vt 0.2154 0.0000
vt 0.2154 0.0400
vt 0.2154 0.0480
vt 0.2154 0.0696
vt 0.2154 0.0916
vt 0.2334 0.0000
vt 0.2334 0.0400
vt 0.2334 0.0480
vt 0.2334 0.0696
vt 0.2334 0.0916
vt 0.2513 0.0000
vt 0.2513 0.0400
vt 0.2513 0.0480
vt 0.2513 0.0696
vt 0.2513 0.0916
vn 0.000 1.000 0.000
vn -0.707 0.707 0.000
vn -1.000 0.000 0.000
vn -0.707 -0.707 0.000
vn -0.000 -1.000 0.000
vn 0.707 -0.707 0.000
vn 1.000 -0.000 0.000
vn 0.707 0.707 -0.000
vn 0.000 1.000 -0.000
vn 0.000 1.000 0.000
vn -0.707 0.707 0.000
vn -1.000 0.000 0.000
vn -0.707 -0.707 0.000
vn -0.000 -1.000 0.000
vn 0.707 -0.707 0.000
vn 1.000 -0.000 0.000
vn 0.707 0.707 -0.000
vn 0.000 1.000 -0.000
vn -0.000 -0.000 -1.000
vn -0.000 -0.000 -1.000
vn -0.000 -0.000 -1.000
vn -0.000 -0.000 -1.000
vn -0.000 -0.000 -1.000
vn -0.000 -0.000 -1.000
vn -0.000 -0.000 -1.000
vn -0.000 -0.000 -1.000
vn -0.000 -0.000 -1.000
vn 0.000 0.000 1.000
vn 0.000 0.000 1.000
vn 0.000 0.000 1.000
vn 0.000 0.000 1.000
vn 0.000 0.000 1.000
vn 0.000 0.000 1.000
vn 0.000 0.000 1.000
vn 0.000 0.000 1.000
vn 0.000 0.000 1.000
vn 0.000 1.000 0.000
vn -0.707 0.707 0.000
vn -1.000 0.000 0.000
vn -0.707 -0.707 0.000
vn -0.000 -1.000 0.000
vn 0.707 -0.707 0.000
vn 1.000 -0.000 0.000
vn 0.707 0.707 -0.000
vn 0.000 1.000 -0.000
vn 0.000 1.000 0.000
vn -0.707 0.707 0.000
vn -1.000 0.000 0.000
vn -0.707 -0.707 0.000
vn -0.000 -1.000 0.000
vn 0.707 -0.707 0.000
vn 1.000 -0.000 0.000
vn 0.707 0.707 -0.000
vn 0.000 1.000 -0.000
vn -0.000 -0.000 -1.000
vn -0.000 -0.000 -1.000
vn -0.000 -0.000 -1.000
vn -0.000 -0.000 -1.000
vn -0.000 -0.000 -1.000
vn -0.000 -0.000 -1.000
vn -0.000 -0.000 -1.000
vn -0.000 -0.000 -1.000
vn -0.000 -0.000 -1.000
vn 0.000 0.000 1.000
vn 0.000 0.000 1.000
vn 0.000 0.000 1.000
vn 0.000 0.000 1.000
vn 0.000 0.000 1.000
vn 0.000 0.000 1.000
vn 0.000 0.000 1.000
vn 0.000 0.000 1.000
vn 0.000 0.000 1.000
vn 0.000 1.000 0.000
vn -0.707 0.707 0.000
vn -1.000 0.000 0.000
vn -0.707 -0.707 0.000
vn -0.000 -1.000 0.000
vn 0.707 -0.707 0.000
vn 1.000 -0.000 0.000
vn 0.707 0.707 -0.000
vn 0.000 1.000 -0.000
vn 0.000 1.000 0.000
vn -0.707 0.707 0.000
vn -1.000 0.000 0.000
vn -0.707 -0.707 0.000
vn -0.000 -1.000 0.000
vn 0.707 -0.707 0.000
vn 1.000 -0.000 0.000
vn 0.707 0.707 -0.000
vn 0.000 1.000 -0.000
vn -0.000 -0.000 -1.000
vn -0.000 -0.000 -1.000
vn -0.000 -0.000 -1.000
vn -0.000 -0.000 -1.000
vn -0.000 -0.000 -1.000
vn -0.000 -0.000 -1.000
vn -0.000 -0.000 -1.000
vn -0.000 -0.000 -1.000
vn -0.000 -0.000 -1.000
vn 0.000 0.000 1.000
vn 0.000 0.000 1.000
vn 0.000 0.000 1.000
vn 0.000 0.000 1.000
vn 0.000 0.000 1.000
vn 0.000 0.000 1.000
vn 0.000 0.000 1.000
vn 0.000 0.000 1.000
vn 0.000 0.000 1.000
vn 0.000 1.000 0.000
vn -0.707 0.707 0.000
vn -1.000 0.000 0.000
vn -0.707 -0.707 0.000
vn -0.000 -1.000 0.000
vn 0.707 -0.707 0.000
vn 1.000 -0.000 0.000
vn 0.707 0.707 -0.000
vn 0.000 1.000 -0.000
vn 0.000 1.000 0.000
vn -0.707 0.707 0.000
vn -1.000 0.000 0.000
vn -0.707 -0.707 0.000
vn -0.000 -1.000 0.000
vn 0.707 -0.707 0.000
vn 1.000 -0.000 0.000
vn 0.707 0.707 -0.000
vn 0.000 1.000 -0.000
vn -0.000 -0.000 -1.000
vn -0.000 -0.000 -1.000
vn -0.000 -0.000 -1.000
vn -0.000 -0.000 -1.000
vn -0.000 -0.000 -1.000
vn -0.000 -0.000 -1.000
vn -0.000 -0.000 -1.000
vn -0.000 -0.000 -1.000
vn -0.000 -0.000 -1.000
vn 0.000 0.000 1.000
vn 0.000 0.000 1.000
vn 0.000 0.000 1.000
vn 0.000 0.000 1.000
vn 0.000 0.000 1.000
vn 0.000 0.000 1.000
vn 0.000 0.000 1.000
vn 0.000 0.000 1.000
vn 0.000 0.000 1.000
vn 0.000 1.000 0.000
vn -0.588 0.809 0.000
vn -0.951 0.309 0.000
vn -0.951 -0.309 0.000
vn -0.588 -0.809 0.000
vn -0.000 -1.000 0.000
vn 0.588 -0.809 0.000
vn 0.951 -0.309 0.000
vn 0.951 0.309 -0.000
vn 0.588 0.809 -0.000
vn 0.000 1.000 -0.000
vn 0.000 1.000 0.000
vn -0.588 0.809 0.000
vn -0.951 0.309 0.000
vn -0.951 -0.309 0.000
vn -0.588 -0.809 0.000
vn -0.000 -1.000 0.000
vn 0.588 -0.809 0.000
vn 0.951 -0.309 0.000
vn 0.951 0.309 -0.000
vn 0.588 0.809 -0.000
vn 0.000 1.000 -0.000
vn -0.000 -0.000 -1.000
vn -0.000 -0.000 -1.000
vn -0.000 -0.000 -1.000
vn -0.000 -0.000 -1.000
vn -0.000 -0.000 -1.000
vn -0.000 -0.000 -1.000
vn -0.000 -0.000 -1.000
vn -0.000 -0.000 -1.000
vn -0.000 -0.000 -1.000
vn -0.000 -0.000 -1.000
vn -0.000 -0.000 -1.000
vn 0.000 0.000 1.000
vn 0.000 0.000 1.000
vn 0.000 0.000 1.000
vn 0.000 0.000 1.000
vn 0.000 0.000 1.000
vn 0.000 0.000 1.000
vn 0.000 0.000 1.000
vn 0.000 0.000 1.000
vn 0.000 0.000 1.000
vn 0.000 0.000 1.000
vn 0.000 0.000 1.000
vn -0.606 0.795 0.000
vn -0.429 0.562 0.707
vn -0.000 0.000 1.000
vn 0.429 -0.562 0.707
vn 0.606 -0.795 0.000
vn 0.429 -0.562 -0.707
vn 0.000 -0.000 -1.000
vn -0.429 0.562 -0.707
vn -0.606 0.795 -0.000
vn -0.604 0.797 0.000
vn -0.427 0.564 0.707
vn -0.000 -0.000 1.000
vn 0.427 -0.564 0.707
vn 0.604 -0.797 0.000
vn 0.427 -0.564 -0.707
vn 0.000 0.000 -1.000
vn -0.427 0.564 -0.707
vn -0.604 0.797 -0.000
vn -0.473 0.881 0.000
vn -0.334 0.623 0.707
vn -0.000 0.000 1.000
vn 0.334 -0.623 0.707
vn 0.473 -0.881 0.000
vn 0.334 -0.623 -0.707
vn 0.000 -0.000 -1.000
vn -0.334 0.623 -0.707
vn -0.473 0.881 -0.000
vn -0.320 0.947 -0.000
vn -0.226 0.670 0.707
vn 0.000 0.000 1.000
vn 0.226 -0.670 0.707
vn 0.320 -0.947 0.000
vn 0.226 -0.670 -0.707
vn -0.000 -0.000 -1.000
vn -0.226 0.670 -0.707
vn -0.320 0.947 -0.000
vn -0.158 0.987 -0.000
vn -0.111 0.698 0.707
vn -0.000 0.000 1.000
vn 0.111 -0.698 0.707
vn 0.158 -0.987 0.000
vn 0.111 -0.698 -0.707
vn 0.000 -0.000 -1.000
vn -0.111 0.698 -0.707
vn -0.158 0.987 -0.000
vn -0.001 1.000 -0.000
vn -0.001 0.707 0.707
vn -0.000 0.000 1.000
vn 0.001 -0.707 0.707
vn 0.001 -1.000 0.000
vn 0.001 -0.707 -0.707
vn 0.000 -0.000 -1.000
vn -0.001 0.707 -0.707
vn -0.001 1.000 -0.000
vn -0.006 1.000 -0.000
vn -0.004 0.707 0.707
vn -0.000 0.000 1.000
vn 0.004 -0.707 0.707
vn 0.006 -1.000 0.000
vn 0.004 -0.707 -0.707
vn 0.000 -0.000 -1.000
vn -0.004 0.707 -0.707
vn -0.006 1.000 -0.000
vn -0.316 0.949 -0.000
vn -0.224 0.671 0.707
vn -0.000 0.000 1.000
vn 0.224 -0.671 0.707
vn 0.316 -0.949 0.000
vn 0.224 -0.671 -0.707
vn 0.000 -0.000 -1.000
vn -0.224 0.671 -0.707
vn -0.316 0.949 -0.000
vn -0.707 0.707 0.000
vn -0.500 0.500 0.707
vn 0.000 0.000 1.000
vn 0.500 -0.500 0.707
vn 0.707 -0.707 -0.000
vn 0.500 -0.500 -0.707
vn -0.000 -0.000 -1.000
vn -0.500 0.500 -0.707
vn -0.707 0.707 0.000
vn -0.949 0.316 0.000
vn -0.671 0.224 0.707
vn 0.000 -0.000 1.000
vn 0.671 -0.224 0.707
vn 0.949 -0.316 -0.000
vn 0.671 -0.224 -0.707
vn -0.000 0.000 -1.000
vn -0.671 0.224 -0.707
vn -0.949 0.316 0.000
vn -0.999 0.042 0.000
vn -0.706 0.030 0.707
vn 0.000 -0.000 1.000
vn 0.706 -0.030 0.707
vn 0.999 -0.042 -0.000
vn 0.706 -0.030 -0.707
vn -0.000 0.000 -1.000
vn -0.706 0.030 -0.707
vn -0.999 0.042 0.000
vn -1.000 0.000 0.000
vn -0.707 0.000 0.707
vn 0.000 0.000 1.000
vn 0.707 -0.000 0.707
vn 1.000 -0.000 -0.000
vn 0.707 0.000 -0.707
vn -0.000 0.000 -1.000
vn -0.707 0.000 -0.707
vn -1.000 0.000 0.000
vn -0.795 -0.606 -0.000
vn -0.795 -0.606 -0.000
vn -0.795 -0.606 -0.000
vn -0.795 -0.606 -0.000
vn -0.795 -0.606 -0.000
vn -0.795 -0.606 -0.000
vn -0.795 -0.606 -0.000
vn -0.795 -0.606 -0.000
vn -0.795 -0.606 -0.000
vn 0.000 1.000 0.000
vn 0.000 1.000 0.000
vn 0.000 1.000 0.000
vn 0.000 1.000 0.000
vn 0.000 1.000 0.000
vn 0.000 1.000 0.000
vn 0.000 1.000 0.000
vn 0.000 1.000 0.000
vn 0.000 1.000 0.000
vn 0.577 -0.577 0.577
vn 0.707 -0.707 0.000
vn 0.707 -0.707 0.000
vn 0.577 -0.577 -0.577
vn 0.707 0.000 0.707
vn 1.000 0.000 0.000
vn 1.000 0.000 0.000
vn 0.707 0.000 -0.707
vn 0.707 0.000 0.707
vn 1.000 0.000 0.000
vn 1.000 0.000 0.000
vn 0.707 0.000 -0.707
vn 0.577 0.577 0.577
vn 0.707 0.707 0.000
vn 0.707 0.707 0.000
vn 0.577 0.577 -0.577
vn -0.577 -0.577 -0.577
vn -0.707 -0.707 0.000
vn -0.707 -0.707 0.000
vn -0.577 -0.577 0.577
vn -0.707 0.000 -0.707
vn -1.000 0.000 0.000
vn -1.000 0.000 0.000
vn -0.707 0.000 0.707
vn -0.707 0.000 -0.707
vn -1.000 0.000 0.000
vn -1.000 0.000 0.000
vn -0.707 0.000 0.707
vn -0.577 0.577 -0.577
vn -0.707 0.707 0.000
vn -0.707 0.707 0.000
vn -0.577 0.577 0.577
vn -0.577 0.577 0.577
vn 0.000 0.707 0.707
vn 0.000 0.707 0.707
vn 0.577 0.577 0.577
vn -0.707 0.707 0.000
vn 0.000 1.000 0.000
vn 0.000 1.000 0.000
vn 0.707 0.707 0.000
vn -0.707 0.707 0.000
vn 0.000 1.000 0.000
vn 0.000 1.000 0.000
vn 0.707 0.707 0.000
vn -0.577 0.577 -0.577
vn 0.000 0.707 -0.707
vn 0.000 0.707 -0.707
vn 0.577 0.577 -0.577
vn -0.577 -0.577 -0.577
vn 0.000 -0.707 -0.707
vn 0.000 -0.707 -0.707
vn 0.577 -0.577 -0.577
vn -0.707 -0.707 0.000
vn 0.000 -1.000 0.000
vn 0.000 -1.000 0.000
vn 0.707 -0.707 0.000
vn -0.707 -0.707 0.000
vn 0.000 -1.000 0.000
vn 0.000 -1.000 0.000
vn 0.707 -0.707 0.000
vn -0.577 -0.577 0.577
vn 0.000 -0.707 0.707
vn 0.000 -0.707 0.707
vn 0.577 -0.577 0.577
vn -0.577 -0.577 0.577
vn 0.000 -0.707 0.707
vn 0.000 -0.707 0.707
vn 0.577 -0.577 0.577
vn -0.707 0.000 0.707
vn 0.000 0.000 1.000
vn 0.000 0.000 1.000
vn 0.707 0.000 0.707
vn -0.707 0.000 0.707
vn 0.000 0.000 1.000
vn 0.000 0.000 1.000
vn 0.707 0.000 0.707
vn -0.577 0.577 0.577
vn 0.000 0.707 0.707
vn 0.000 0.707 0.707
vn 0.577 0.577 0.577
vn 0.577 -0.577 -0.577
vn 0.000 -0.707 -0.707
vn 0.000 -0.707 -0.707
vn -0.577 -0.577 -0.577
vn 0.707 0.000 -0.707
vn 0.000 0.000 -1.000
vn 0.000 0.000 -1.000
vn -0.707 0.000 -0.707
vn 0.707 0.000 -0.707
vn 0.000 0.000 -1.000
vn 0.000 0.000 -1.000
vn -0.707 0.000 -0.707
vn 0.577 0.577 -0.577
vn 0.000 0.707 -0.707
vn 0.000 0.707 -0.707
vn -0.577 0.577 -0.577
vn -0.606 0.795 0.000
vn -0.429 0.562 0.707
vn -0.000 0.000 1.000
vn 0.429 -0.562 0.707
vn 0.606 -0.795 0.000
vn 0.429 -0.562 -0.707
vn 0.000 -0.000 -1.000
vn -0.429 0.562 -0.707
vn -0.606 0.795 -0.000
vn -0.604 0.797 -0.000
vn -0.427 0.564 0.707
vn 0.000 0.000 1.000
vn 0.427 -0.564 0.707
vn 0.604 -0.797 0.000
vn 0.427 -0.564 -0.707
vn -0.000 -0.000 -1.000
vn -0.427 0.564 -0.707
vn -0.604 0.797 -0.000
vn -0.473 0.881 -0.000
vn -0.334 0.623 0.707
vn -0.000 0.000 1.000
vn 0.334 -0.623 0.707
vn 0.473 -0.881 0.000
vn 0.334 -0.623 -0.707
vn 0.000 -0.000 -1.000
vn -0.334 0.623 -0.707
vn -0.473 0.881 -0.000
vn -0.320 0.947 0.000
vn -0.226 0.670 0.707
vn -0.000 -0.000 1.000
vn 0.226 -0.670 0.707
vn 0.320 -0.947 -0.000
vn 0.226 -0.670 -0.707
vn 0.000 0.000 -1.000
vn -0.226 0.670 -0.707
vn -0.320 0.947 0.000
vn -0.158 0.987 0.000
vn -0.111 0.698 0.707
vn 0.000 -0.000 1.000
vn 0.111 -0.698 0.707
vn 0.158 -0.987 -0.000
vn 0.111 -0.698 -0.707
vn -0.000 0.000 -1.000
vn -0.111 0.698 -0.707
vn -0.158 0.987 0.000
vn -0.001 1.000 0.000
vn -0.001 0.707 0.707
vn 0.000 -0.000 1.000
vn 0.001 -0.707 0.707
vn 0.001 -1.000 -0.000
vn 0.001 -0.707 -0.707
vn -0.000 0.000 -1.000
vn -0.001 0.707 -0.707
vn -0.001 1.000 0.000
vn -0.006 1.000 0.000
vn -0.004 0.707 0.707
vn 0.000 -0.000 1.000
vn 0.004 -0.707 0.707
vn 0.006 -1.000 -0.000
vn 0.004 -0.707 -0.707
vn -0.000 0.000 -1.000
vn -0.004 0.707 -0.707
vn -0.006 1.000 0.000
vn -0.316 0.949 0.000
vn -0.224 0.671 0.707
vn 0.000 -0.000 1.000
vn 0.224 -0.671 0.707
vn 0.316 -0.949 -0.000
vn 0.224 -0.671 -0.707
vn -0.000 0.000 -1.000
vn -0.224 0.671 -0.707
vn -0.316 0.949 0.000
vn -0.707 0.707 -0.000
vn -0.500 0.500 0.707
vn -0.000 -0.000 1.000
vn 0.500 -0.500 0.707
vn 0.707 -0.707 0.000
vn 0.500 -0.500 -0.707
vn 0.000 0.000 -1.000
vn -0.500 0.500 -0.707
vn -0.707 0.707 -0.000
vn -0.949 0.316 -0.000
vn -0.671 0.224 0.707
vn -0.000 0.000 1.000
vn 0.671 -0.224 0.707
vn 0.949 -0.316 0.000
vn 0.671 -0.224 -0.707
vn 0.000 -0.000 -1.000
vn -0.671 0.224 -0.707
vn -0.949 0.316 -0.000
vn -0.999 0.042 -0.000
vn -0.706 0.030 0.707
vn -0.000 0.000 1.000
vn 0.706 -0.030 0.707
vn 0.999 -0.042 0.000
vn 0.706 -0.030 -0.707
vn 0.000 -0.000 -1.000
vn -0.706 0.030 -0.707
vn -0.999 0.042 -0.000
vn -1.000 0.000 -0.000
vn -0.707 0.000 0.707
vn -0.000 0.000 1.000
vn 0.707 0.000 0.707
vn 1.000 0.000 0.000
vn 0.707 -0.000 -0.707
vn 0.000 -0.000 -1.000
vn -0.707 0.000 -0.707
vn -1.000 0.000 -0.000
vn -0.795 -0.606 -0.000
vn -0.795 -0.606 -0.000
vn -0.795 -0.606 -0.000
vn -0.795 -0.606 -0.000
vn -0.795 -0.606 -0.000
vn -0.795 -0.606 -0.000
vn -0.795 -0.606 -0.000
vn -0.795 -0.606 -0.000
vn -0.795 -0.606 -0.000
vn 0.000 1.000 0.000
vn 0.000 1.000 0.000
vn 0.000 1.000 0.000
vn 0.000 1.000 0.000
vn 0.000 1.000 0.000
vn 0.000 1.000 0.000
vn 0.000 1.000 0.000
vn 0.000 1.000 0.000
vn 0.000 1.000 0.000
vn 0.577 -0.577 0.577
vn 0.707 -0.707 0.000
vn 0.707 -0.707 0.000
vn 0.577 -0.577 -0.577
vn 0.707 0.000 0.707
vn 1.000 0.000 0.000
vn 1.000 0.000 0.000
vn 0.707 0.000 -0.707
vn 0.707 0.000 0.707
vn 1.000 0.000 0.000
vn 1.000 0.000 0.000
vn 0.707 0.000 -0.707
vn 0.577 0.577 0.577
vn 0.707 0.707 0.000
vn 0.707 0.707 0.000
vn 0.577 0.577 -0.577
vn -0.577 -0.577 -0.577
vn -0.707 -0.707 0.000
vn -0.707 -0.707 0.000
vn -0.577 -0.577 0.577
vn -0.707 0.000 -0.707
vn -1.000 0.000 0.000
vn -1.000 0.000 0.000
vn -0.707 0.000 0.707
vn -0.707 0.000 -0.707
vn -1.000 0.000 0.000
vn -1.000 0.000 0.000
vn -0.707 0.000 0.707
vn -0.577 0.577 -0.577
vn -0.707 0.707 0.000
vn -0.707 0.707 0.000
vn -0.577 0.577 0.577
vn -0.577 0.577 0.577
vn 0.000 0.707 0.707
vn 0.000 0.707 0.707
vn 0.577 0.577 0.577
vn -0.707 0.707 0.000
vn 0.000 1.000 0.000
vn 0.000 1.000 0.000
vn 0.707 0.707 0.000
vn -0.707 0.707 0.000
vn 0.000 1.000 0.000
vn 0.000 1.000 0.000
vn 0.707 0.707 0.000
vn -0.577 0.577 -0.577
vn 0.000 0.707 -0.707
vn 0.000 0.707 -0.707
vn 0.577 0.577 -0.577
vn -0.577 -0.577 -0.577
vn 0.000 -0.707 -0.707
vn 0.000 -0.707 -0.707
vn 0.577 -0.577 -0.577
vn -0.707 -0.707 0.000
vn 0.000 -1.000 0.000
vn 0.000 -1.000 0.000
vn 0.707 -0.707 0.000
vn -0.707 -0.707 0.000
vn 0.000 -1.000 0.000
vn 0.000 -1.000 0.000
vn 0.707 -0.707 0.000
vn -0.577 -0.577 0.577
vn 0.000 -0.707 0.707
vn 0.000 -0.707 0.707
vn 0.577 -0.577 0.577
vn -0.577 -0.577 0.577
vn 0.000 -0.707 0.707
vn 0.000 -0.707 0.707
vn 0.577 -0.577 0.577
vn -0.707 0.000 0.707
vn 0.000 0.000 1.000
vn 0.000 0.000 1.000
vn 0.707 0.000 0.707
vn -0.707 0.000 0.707
vn 0.000 0.000 1.000
vn 0.000 0.000 1.000
vn 0.707 0.000 0.707
vn -0.577 0.577 0.577
vn 0.000 0.707 0.707
vn 0.000 0.707 0.707
vn 0.577 0.577 0.577
vn 0.577 -0.577 -0.577
vn 0.000 -0.707 -0.707
vn 0.000 -0.707 -0.707
vn -0.577 -0.577 -0.577
vn 0.707 0.000 -0.707
vn 0.000 0.000 -1.000
vn 0.000 0.000 -1.000
vn -0.707 0.000 -0.707
vn 0.707 0.000 -0.707
vn 0.000 0.000 -1.000
vn 0.000 0.000 -1.000
vn -0.707 0.000 -0.707
vn 0.577 0.577 -0.577
vn 0.000 0.707 -0.707
vn 0.000 0.707 -0.707
vn -0.577 0.577 -0.577
vn -0.606 0.795 0.000
vn -0.429 0.562 0.707
vn -0.000 0.000 1.000
vn 0.429 -0.562 0.707
vn 0.606 -0.795 0.000
vn 0.429 -0.562 -0.707
vn 0.000 -0.000 -1.000
vn -0.429 0.562 -0.707
vn -0.606 0.795 -0.000
vn -0.604 0.797 0.000
vn -0.427 0.564 0.707
vn -0.000 0.000 1.000
vn 0.427 -0.564 0.707
vn 0.604 -0.797 0.000
vn 0.427 -0.564 -0.707
vn 0.000 -0.000 -1.000
vn -0.427 0.564 -0.707
vn -0.604 0.797 -0.000
vn -0.473 0.881 0.000
vn -0.334 0.623 0.707
vn -0.000 0.000 1.000
vn 0.334 -0.623 0.707
vn 0.473 -0.881 0.000
vn 0.334 -0.623 -0.707
vn 0.000 -0.000 -1.000
vn -0.334 0.623 -0.707
vn -0.473 0.881 -0.000
vn -0.320 0.947 0.000
vn -0.226 0.670 0.707
vn -0.000 0.000 1.000
vn 0.226 -0.670 0.707
vn 0.320 -0.947 0.000
vn 0.226 -0.670 -0.707
vn 0.000 -0.000 -1.000
vn -0.226 0.670 -0.707
vn -0.320 0.947 -0.000
vn -0.158 0.987 0.000
vn -0.111 0.698 0.707
vn -0.000 0.000 1.000
vn 0.111 -0.698 0.707
vn 0.158 -0.987 0.000
vn 0.111 -0.698 -0.707
vn 0.000 -0.000 -1.000
vn -0.111 0.698 -0.707
vn -0.158 0.987 -0.000
vn -0.001 1.000 0.000
vn -0.001 0.707 0.707
vn -0.000 0.000 1.000
vn 0.001 -0.707 0.707
vn 0.001 -1.000 0.000
vn 0.001 -0.707 -0.707
vn 0.000 -0.000 -1.000
vn -0.001 0.707 -0.707
vn -0.001 1.000 -0.000
vn -0.006 1.000 0.000
vn -0.004 0.707 0.707
vn -0.000 0.000 1.000
vn 0.004 -0.707 0.707
vn 0.006 -1.000 0.000
vn 0.004 -0.707 -0.707
vn 0.000 -0.000 -1.000
vn -0.004 0.707 -0.707
vn -0.006 1.000 -0.000
vn -0.316 0.949 0.000
vn -0.224 0.671 0.707
vn -0.000 0.000 1.000
vn 0.224 -0.671 0.707
vn 0.316 -0.949 0.000
vn 0.224 -0.671 -0.707
vn 0.000 -0.000 -1.000
vn -0.224 0.671 -0.707
vn -0.316 0.949 -0.000
vn -0.707 0.707 0.000
vn -0.500 0.500 0.707
vn -0.000 0.000 1.000
vn 0.500 -0.500 0.707
vn 0.707 -0.707 0.000
vn 0.500 -0.500 -0.707
vn 0.000 -0.000 -1.000
vn -0.500 0.500 -0.707
vn -0.707 0.707 -0.000
vn -0.949 0.316 0.000
vn -0.671 0.224 0.707
vn -0.000 0.000 1.000
vn 0.671 -0.224 0.707
vn 0.949 -0.316 0.000
vn 0.671 -0.224 -0.707
vn 0.000 -0.000 -1.000
vn -0.671 0.224 -0.707
vn -0.949 0.316 -0.000
vn -0.999 0.042 0.000
vn -0.706 0.030 0.707
vn -0.000 0.000 1.000
vn 0.706 -0.030 0.707
vn 0.999 -0.042 0.000
vn 0.706 -0.030 -0.707
vn 0.000 -0.000 -1.000
vn -0.706 0.030 -0.707
vn -0.999 0.042 -0.000
vn -1.000 0.000 0.000
vn -0.707 0.000 0.707
vn -0.000 0.000 1.000
vn 0.707 -0.000 0.707
vn 1.000 -0.000 0.000
vn 0.707 0.000 -0.707
vn 0.000 0.000 -1.000
vn -0.707 0.000 -0.707
vn -1.000 0.000 -0.000
vn -0.795 -0.606 -0.000
vn -0.795 -0.606 -0.000
vn -0.795 -0.606 -0.000
vn -0.795 -0.606 -0.000
vn -0.795 -0.606 -0.000
vn -0.795 -0.606 -0.000
vn -0.795 -0.606 -0.000
vn -0.795 -0.606 -0.000
vn -0.795 -0.606 -0.000
vn 0.000 1.000 0.000
vn 0.000 1.000 0.000
vn 0.000 1.000 0.000
vn 0.000 1.000 0.000
vn 0.000 1.000 0.000
vn 0.000 1.000 0.000
vn 0.000 1.000 0.000
vn 0.000 1.000 0.000
vn 0.000 1.000 0.000
vn 0.577 -0.577 0.577
vn 0.707 -0.707 0.000
vn 0.707 -0.707 0.000
vn 0.577 -0.577 -0.577
vn 0.707 0.000 0.707
vn 1.000 0.000 0.000
vn 1.000 0.000 0.000
vn 0.707 0.000 -0.707
vn 0.707 0.000 0.707
vn 1.000 0.000 0.000
vn 1.000 0.000 0.000
vn 0.707 0.000 -0.707
vn 0.577 0.577 0.577
vn 0.707 0.707 0.000
vn 0.707 0.707 0.000
vn 0.577 0.577 -0.577
vn -0.577 -0.577 -0.577
vn -0.707 -0.707 0.000
vn -0.707 -0.707 0.000
vn -0.577 -0.577 0.577
vn -0.707 0.000 -0.707
vn -1.000 0.000 0.000
vn -1.000 0.000 0.000
vn -0.707 0.000 0.707
vn -0.707 0.000 -0.707
vn -1.000 0.000 0.000
vn -1.000 0.000 0.000
vn -0.707 0.000 0.707
vn -0.577 0.577 -0.577
vn -0.707 0.707 0.000
vn -0.707 0.707 0.000
vn -0.577 0.577 0.577
vn -0.577 0.577 0.577
vn 0.000 0.707 0.707
vn 0.000 0.707 0.707
vn 0.577 0.577 0.577
vn -0.707 0.707 0.000
vn 0.000 1.000 0.000
vn 0.000 1.000 0.000
vn 0.707 0.707 0.000
vn -0.707 0.707 0.000
vn 0.000 1.000 0.000
vn 0.000 1.000 0.000
vn 0.707 0.707 0.000
vn -0.577 0.577 -0.577
vn 0.000 0.707 -0.707
vn 0.000 0.707 -0.707
vn 0.577 0.577 -0.577
vn -0.577 -0.577 -0.577
vn 0.000 -0.707 -0.707
vn 0.000 -0.707 -0.707
vn 0.577 -0.577 -0.577
vn -0.707 -0.707 0.000
vn 0.000 -1.000 0.000
vn 0.000 -1.000 0.000
vn 0.707 -0.707 0.000
vn -0.707 -0.707 0.000
vn 0.000 -1.000 0.000
vn 0.000 -1.000 0.000
vn 0.707 -0.707 0.000
vn -0.577 -0.577 0.577
vn 0.000 -0.707 0.707
vn 0.000 -0.707 0.707
vn 0.577 -0.577 0.577
vn -0.577 -0.577 0.577
vn 0.000 -0.707 0.707
vn 0.000 -0.707 0.707
vn 0.577 -0.577 0.577
vn -0.707 0.000 0.707
vn 0.000 0.000 1.000
vn 0.000 0.000 1.000
vn 0.707 0.000 0.707
vn -0.707 0.000 0.707
vn 0.000 0.000 1.000
vn 0.000 0.000 1.000
vn 0.707 0.000 0.707
vn -0.577 0.577 0.577
vn 0.000 0.707 0.707
vn 0.000 0.707 0.707
vn 0.577 0.577 0.577
vn 0.577 -0.577 -0.577
vn 0.000 -0.707 -0.707
vn 0.000 -0.707 -0.707
vn -0.577 -0.577 -0.577
vn 0.707 0.000 -0.707
vn 0.000 0.000 -1.000
vn 0.000 0.000 -1.000
vn -0.707 0.000 -0.707
vn 0.707 0.000 -0.707
vn 0.000 0.000 -1.000
vn 0.000 0.000 -1.000
vn -0.707 0.000 -0.707
vn 0.577 0.577 -0.577
vn 0.000 0.707 -0.707
vn 0.000 0.707 -0.707
vn -0.577 0.577 -0.577
vn -0.606 0.795 0.000
vn -0.429 0.562 0.707
vn -0.000 0.000 1.000
vn 0.429 -0.562 0.707
vn 0.606 -0.795 0.000
vn 0.429 -0.562 -0.707
vn 0.000 -0.000 -1.000
vn -0.429 0.562 -0.707
vn -0.606 0.795 -0.000
vn -0.604 0.797 0.000
vn -0.427 0.564 0.707
vn -0.000 0.000 1.000
vn 0.427 -0.564 0.707
vn 0.604 -0.797 0.000
vn 0.427 -0.564 -0.707
vn 0.000 -0.000 -1.000
vn -0.427 0.564 -0.707
vn -0.604 0.797 -0.000
vn -0.473 0.881 0.000
vn -0.334 0.623 0.707
vn -0.000 0.000 1.000
vn 0.334 -0.623 0.707
vn 0.473 -0.881 0.000
vn 0.334 -0.623 -0.707
vn 0.000 -0.000 -1.000
vn -0.334 0.623 -0.707
vn -0.473 0.881 -0.000
vn -0.320 0.947 0.000
vn -0.226 0.670 0.707
vn -0.000 0.000 1.000
vn 0.226 -0.670 0.707
vn 0.320 -0.947 0.000
vn 0.226 -0.670 -0.707
vn 0.000 -0.000 -1.000
vn -0.226 0.670 -0.707
vn -0.320 0.947 -0.000
vn -0.158 0.987 0.000
vn -0.111 0.698 0.707
vn -0.000 0.000 1.000
vn 0.111 -0.698 0.707
vn 0.158 -0.987 0.000
vn 0.111 -0.698 -0.707
vn 0.000 -0.000 -1.000
vn -0.111 0.698 -0.707
vn -0.158 0.987 -0.000
vn -0.001 1.000 0.000
vn -0.001 0.707 0.707
vn -0.000 0.000 1.000
vn 0.001 -0.707 0.707
vn 0.001 -1.000 0.000
vn 0.001 -0.707 -0.707
vn 0.000 -0.000 -1.000
vn -0.001 0.707 -0.707
vn -0.001 1.000 -0.000
vn -0.006 1.000 0.000
vn -0.004 0.707 0.707
vn -0.000 0.000 1.000
vn 0.004 -0.707 0.707
vn 0.006 -1.000 0.000
vn 0.004 -0.707 -0.707
vn 0.000 -0.000 -1.000
vn -0.004 0.707 -0.707
vn -0.006 1.000 -0.000
vn -0.316 0.949 0.000
vn -0.224 0.671 0.707
vn -0.000 0.000 1.000
vn 0.224 -0.671 0.707
vn 0.316 -0.949 0.000
vn 0.224 -0.671 -0.707
vn 0.000 -0.000 -1.000
vn -0.224 0.671 -0.707
vn -0.316 0.949 -0.000
vn -0.707 0.707 0.000
vn -0.500 0.500 0.707
vn -0.000 0.000 1.000
vn 0.500 -0.500 0.707
vn 0.707 -0.707 0.000
vn 0.500 -0.500 -0.707
vn 0.000 -0.000 -1.000
vn -0.500 0.500 -0.707
vn -0.707 0.707 -0.000
vn -0.949 0.316 0.000
vn -0.671 0.224 0.707
vn -0.000 0.000 1.000
vn 0.671 -0.224 0.707
vn 0.949 -0.316 0.000
vn 0.671 -0.224 -0.707
vn 0.000 -0.000 -1.000
vn -0.671 0.224 -0.707
vn -0.949 0.316 -0.000
vn -0.999 0.042 0.000
vn -0.706 0.030 0.707
vn -0.000 0.000 1.000
vn 0.706 -0.030 0.707
vn 0.999 -0.042 0.000
vn 0.706 -0.030 -0.707
vn 0.000 -0.000 -1.000
vn -0.706 0.030 -0.707
vn -0.999 0.042 -0.000
vn -1.000 0.000 0.000
vn -0.707 0.000 0.707
vn -0.000 0.000 1.000
vn 0.707 -0.000 0.707
vn 1.000 -0.000 0.000
vn 0.707 0.000 -0.707
vn 0.000 0.000 -1.000
vn -0.707 0.000 -0.707
vn -1.000 0.000 -0.000
vn -0.795 -0.606 -0.000
vn -0.795 -0.606 -0.000
vn -0.795 -0.606 -0.000
vn -0.795 -0.606 -0.000
vn -0.795 -0.606 -0.000
vn -0.795 -0.606 -0.000
vn -0.795 -0.606 -0.000
vn -0.795 -0.606 -0.000
vn -0.795 -0.606 -0.000
vn 0.000 1.000 0.000
vn 0.000 1.000 0.000
vn 0.000 1.000 0.000
vn 0.000 1.000 0.000
vn 0.000 1.000 0.000
vn 0.000 1.000 0.000
vn 0.000 1.000 0.000
vn 0.000 1.000 0.000
vn 0.000 1.000 0.000
vn 0.577 -0.577 0.577
vn 0.707 -0.707 0.000
vn 0.707 -0.707 0.000
vn 0.577 -0.577 -0.577
vn 0.707 0.000 0.707
vn 1.000 0.000 0.000
vn 1.000 0.000 0.000
vn 0.707 0.000 -0.707
vn 0.707 0.000 0.707
vn 1.000 0.000 0.000
vn 1.000 0.000 0.000
vn 0.707 0.000 -0.707
vn 0.577 0.577 0.577
vn 0.707 0.707 0.000
vn 0.707 0.707 0.000
vn 0.577 0.577 -0.577
vn -0.577 -0.577 -0.577
vn -0.707 -0.707 0.000
vn -0.707 -0.707 0.000
vn -0.577 -0.577 0.577
vn -0.707 0.000 -0.707
vn -1.000 0.000 0.000
vn -1.000 0.000 0.000
vn -0.707 0.000 0.707
vn -0.707 0.000 -0.707
vn -1.000 0.000 0.000
vn -1.000 0.000 0.000
vn -0.707 0.000 0.707
vn -0.577 0.577 -0.577
vn -0.707 0.707 0.000
vn -0.707 0.707 0.000
vn -0.577 0.577 0.577
vn -0.577 0.577 0.577
vn 0.000 0.707 0.707
vn 0.000 0.707 0.707
vn 0.577 0.577 0.577
vn -0.707 0.707 0.000
vn 0.000 1.000 0.000
vn 0.000 1.000 0.000
vn 0.707 0.707 0.000
vn -0.707 0.707 0.000
vn 0.000 1.000 0.000
vn 0.000 1.000 0.000
vn 0.707 0.707 0.000
vn -0.577 0.577 -0.577
vn 0.000 0.707 -0.707
vn 0.000 0.707 -0.707
vn 0.577 0.577 -0.577
vn -0.577 -0.577 -0.577
vn 0.000 -0.707 -0.707
vn 0.000 -0.707 -0.707
vn 0.577 -0.577 -0.577
vn -0.707 -0.707 0.000
vn 0.000 -1.000 0.000
vn 0.000 -1.000 0.000
vn 0.707 -0.707 0.000
vn -0.707 -0.707 0.000
vn 0.000 -1.000 0.000
vn 0.000 -1.000 0.000
vn 0.707 -0.707 0.000
vn -0.577 -0.577 0.577
vn 0.000 -0.707 0.707
vn 0.000 -0.707 0.707
vn 0.577 -0.577 0.577
vn -0.577 -0.577 0.577
vn 0.000 -0.707 0.707
vn 0.000 -0.707 0.707
vn 0.577 -0.577 0.577
vn -0.707 0.000 0.707
vn 0.000 0.000 1.000
vn 0.000 0.000 1.000
vn 0.707 0.000 0.707
vn -0.707 0.000 0.707
vn 0.000 0.000 1.000
vn 0.000 0.000 1.000
vn 0.707 0.000 0.707
vn -0.577 0.577 0.577
vn 0.000 0.707 0.707
vn 0.000 0.707 0.707
vn 0.577 0.577 0.577
vn 0.577 -0.577 -0.577
vn 0.000 -0.707 -0.707
vn 0.000 -0.707 -0.707
vn -0.577 -0.577 -0.577
vn 0.707 0.000 -0.707
vn 0.000 0.000 -1.000
vn 0.000 0.000 -1.000
vn -0.707 0.000 -0.707
vn 0.707 0.000 -0.707
vn 0.000 0.000 -1.000
vn 0.000 0.000 -1.000
vn -0.707 0.000 -0.707
vn 0.577 0.577 -0.577
vn 0.000 0.707 -0.707
vn 0.000 0.707 -0.707
vn -0.577 0.577 -0.577
vn -0.606 0.795 0.000
vn -0.429 0.562 0.707
vn -0.000 0.000 1.000
vn 0.429 -0.562 0.707
vn 0.606 -0.795 0.000
vn 0.429 -0.562 -0.707
vn 0.000 -0.000 -1.000
vn -0.429 0.562 -0.707
vn -0.606 0.795 -0.000
vn -0.604 0.797 0.000
vn -0.427 0.564 0.707
vn -0.000 0.000 1.000
vn 0.427 -0.564 0.707
vn 0.604 -0.797 0.000
vn 0.427 -0.564 -0.707
vn 0.000 -0.000 -1.000
vn -0.427 0.564 -0.707
vn -0.604 0.797 -0.000
vn -0.473 0.881 0.000
vn -0.334 0.623 0.707
vn -0.000 0.000 1.000
vn 0.334 -0.623 0.707
vn 0.473 -0.881 0.000
vn 0.334 -0.623 -0.707
vn 0.000 -0.000 -1.000
vn -0.334 0.623 -0.707
vn -0.473 0.881 -0.000
vn -0.320 0.947 0.000
vn -0.226 0.670 0.707
vn -0.000 0.000 1.000
vn 0.226 -0.670 0.707
vn 0.320 -0.947 0.000
vn 0.226 -0.670 -0.707
vn 0.000 -0.000 -1.000
vn -0.226 0.670 -0.707
vn -0.320 0.947 -0.000
vn -0.158 0.987 0.000
vn -0.111 0.698 0.707
vn -0.000 0.000 1.000
vn 0.111 -0.698 0.707
vn 0.158 -0.987 0.000
vn 0.111 -0.698 -0.707
vn 0.000 -0.000 -1.000
vn -0.111 0.698 -0.707
vn -0.158 0.987 -0.000
vn -0.001 1.000 0.000
vn -0.001 0.707 0.707
vn -0.000 0.000 1.000
vn 0.001 -0.707 0.707
vn 0.001 -1.000 0.000
vn 0.001 -0.707 -0.707
vn 0.000 -0.000 -1.000
vn -0.001 0.707 -0.707
vn -0.001 1.000 -0.000
vn -0.006 1.000 0.000
vn -0.004 0.707 0.707
vn -0.000 0.000 1.000
vn 0.004 -0.707 0.707
vn 0.006 -1.000 0.000
vn 0.004 -0.707 -0.707
vn 0.000 -0.000 -1.000
vn -0.004 0.707 -0.707
vn -0.006 1.000 -0.000
vn -0.316 0.949 0.000
vn -0.224 0.671 0.707
vn -0.000 0.000 1.000
vn 0.224 -0.671 0.707
vn 0.316 -0.949 0.000
vn 0.224 -0.671 -0.707
vn 0.000 -0.000 -1.000
vn -0.224 0.671 -0.707
vn -0.316 0.949 -0.000
vn -0.707 0.707 0.000
vn -0.500 0.500 0.707
vn -0.000 0.000 1.000
vn 0.500 -0.500 0.707
vn 0.707 -0.707 0.000
vn 0.500 -0.500 -0.707
vn 0.000 -0.000 -1.000
vn -0.500 0.500 -0.707
vn -0.707 0.707 -0.000
vn -0.949 0.316 0.000
vn -0.671 0.224 0.707
vn -0.000 0.000 1.000
vn 0.671 -0.224 0.707
vn 0.949 -0.316 0.000
vn 0.671 -0.224 -0.707
vn 0.000 -0.000 -1.000
vn -0.671 0.224 -0.707
vn -0.949 0.316 -0.000
vn -0.999 0.042 0.000
vn -0.706 0.030 0.707
vn -0.000 0.000 1.000
vn 0.706 -0.030 0.707
vn 0.999 -0.042 0.000
vn 0.706 -0.030 -0.707
vn 0.000 -0.000 -1.000
vn -0.706 0.030 -0.707
vn -0.999 0.042 -0.000
vn -1.000 0.000 0.000
vn -0.707 0.000 0.707
vn -0.000 0.000 1.000
vn 0.707 -0.000 0.707
vn 1.000 -0.000 0.000
vn 0.707 0.000 -0.707
vn 0.000 0.000 -1.000
vn -0.707 0.000 -0.707
vn -1.000 0.000 -0.000
vn -0.795 -0.606 -0.000
vn -0.795 -0.606 -0.000
vn -0.795 -0.606 -0.000
vn -0.795 -0.606 -0.000
vn -0.795 -0.606 -0.000
vn -0.795 -0.606 -0.000
vn -0.795 -0.606 -0.000
vn -0.795 -0.606 -0.000
vn -0.795 -0.606 -0.000
vn 0.000 1.000 0.000
vn 0.000 1.000 0.000
vn 0.000 1.000 0.000
vn 0.000 1.000 0.000
vn 0.000 1.000 0.000
vn 0.000 1.000 0.000
vn 0.000 1.000 0.000
vn 0.000 1.000 0.000
vn 0.000 1.000 0.000
vn 0.577 -0.577 0.577
vn 0.707 -0.707 0.000
vn 0.707 -0.707 0.000
vn 0.577 -0.577 -0.577
vn 0.707 0.000 0.707
vn 1.000 0.000 0.000
vn 1.000 0.000 0.000
vn 0.707 0.000 -0.707
vn 0.707 0.000 0.707
vn 1.000 0.000 0.000
vn 1.000 0.000 0.000
vn 0.707 0.000 -0.707
vn 0.577 0.577 0.577
vn 0.707 0.707 0.000
vn 0.707 0.707 0.000
vn 0.577 0.577 -0.577
vn -0.577 -0.577 -0.577
vn -0.707 -0.707 0.000
vn -0.707 -0.707 0.000
vn -0.577 -0.577 0.577
vn -0.707 0.000 -0.707
vn -1.000 0.000 0.000
vn -1.000 0.000 0.000
vn -0.707 0.000 0.707
vn -0.707 0.000 -0.707
vn -1.000 0.000 0.000
vn -1.000 0.000 0.000
vn -0.707 0.000 0.707
vn -0.577 0.577 -0.577
vn -0.707 0.707 0.000
vn -0.707 0.707 0.000
vn -0.577 0.577 0.577
vn -0.577 0.577 0.577
vn 0.000 0.707 0.707
vn 0.000 0.707 0.707
vn 0.577 0.577 0.577
vn -0.707 0.707 0.000
vn 0.000 1.000 0.000
vn 0.000 1.000 0.000
vn 0.707 0.707 0.000
vn -0.707 0.707 0.000
vn 0.000 1.000 0.000
vn 0.000 1.000 0.000
vn 0.707 0.707 0.000
vn -0.577 0.577 -0.577
vn 0.000 0.707 -0.707
vn 0.000 0.707 -0.707
vn 0.577 0.577 -0.577
vn -0.577 -0.577 -0.577
vn 0.000 -0.707 -0.707
vn 0.000 -0.707 -0.707
vn 0.577 -0.577 -0.577
vn -0.707 -0.707 0.000
vn 0.000 -1.000 0.000
vn 0.000 -1.000 0.000
vn 0.707 -0.707 0.000
vn -0.707 -0.707 0.000
vn 0.000 -1.000 0.000
vn 0.000 -1.000 0.000
vn 0.707 -0.707 0.000
vn -0.577 -0.577 0.577
vn 0.000 -0.707 0.707
vn 0.000 -0.707 0.707
vn 0.577 -0.577 0.577
vn -0.577 -0.577 0.577
vn 0.000 -0.707 0.707
vn 0.000 -0.707 0.707
vn 0.577 -0.577 0.577
vn -0.707 0.000 0.707
vn 0.000 0.000 1.000
vn 0.000 0.000 1.000
vn 0.707 0.000 0.707
vn -0.707 0.000 0.707
vn 0.000 0.000 1.000
vn 0.000 0.000 1.000
vn 0.707 0.000 0.707
vn -0.577 0.577 0.577
vn 0.000 0.707 0.707
vn 0.000 0.707 0.707
vn 0.577 0.577 0.577
vn 0.577 -0.577 -0.577
vn 0.000 -0.707 -0.707
vn 0.000 -0.707 -0.707
vn -0.577 -0.577 -0.577
vn 0.707 0.000 -0.707
vn 0.000 0.000 -1.000
vn 0.000 0.000 -1.000
vn -0.707 0.000 -0.707
vn 0.707 0.000 -0.707
vn 0.000 0.000 -1.000
vn 0.000 0.000 -1.000
vn -0.707 0.000 -0.707
vn 0.577 0.577 -0.577
vn 0.000 0.707 -0.707
vn 0.000 0.707 -0.707
vn -0.577 0.577 -0.577
vn -0.606 0.795 0.000
vn -0.429 0.562 0.707
vn -0.000 0.000 1.000
vn 0.429 -0.562 0.707
vn 0.606 -0.795 0.000
vn 0.429 -0.562 -0.707
vn 0.000 -0.000 -1.000
vn -0.429 0.562 -0.707
vn -0.606 0.795 -0.000
vn -0.604 0.797 0.000
vn -0.427 0.564 0.707
vn -0.000 0.000 1.000
vn 0.427 -0.564 0.707
vn 0.604 -0.797 0.000
vn 0.427 -0.564 -0.707
vn 0.000 -0.000 -1.000
vn -0.427 0.564 -0.707
vn -0.604 0.797 -0.000
vn -0.473 0.881 0.000
vn -0.334 0.623 0.707
vn -0.000 0.000 1.000
vn 0.334 -0.623 0.707
vn 0.473 -0.881 0.000
vn 0.334 -0.623 -0.707
vn 0.000 -0.000 -1.000
vn -0.334 0.623 -0.707
vn -0.473 0.881 -0.000
vn -0.320 0.947 0.000
vn -0.226 0.670 0.707
vn -0.000 0.000 1.000
vn 0.226 -0.670 0.707
vn 0.320 -0.947 0.000
vn 0.226 -0.670 -0.707
vn 0.000 -0.000 -1.000
vn -0.226 0.670 -0.707
vn -0.320 0.947 -0.000
vn -0.158 0.987 0.000
vn -0.111 0.698 0.707
vn -0.000 0.000 1.000
vn 0.111 -0.698 0.707
vn 0.158 -0.987 0.000
vn 0.111 -0.698 -0.707
vn 0.000 -0.000 -1.000
vn -0.111 0.698 -0.707
vn -0.158 0.987 -0.000
vn -0.001 1.000 0.000
vn -0.001 0.707 0.707
vn -0.000 0.000 1.000
vn 0.001 -0.707 0.707
vn 0.001 -1.000 0.000
vn 0.001 -0.707 -0.707
vn 0.000 -0.000 -1.000
vn -0.001 0.707 -0.707
vn -0.001 1.000 -0.000
vn -0.006 1.000 0.000
vn -0.004 0.707 0.707
vn -0.000 0.000 1.000
vn 0.004 -0.707 0.707
vn 0.006 -1.000 0.000
vn 0.004 -0.707 -0.707
vn 0.000 -0.000 -1.000
vn -0.004 0.707 -0.707
vn -0.006 1.000 -0.000
vn -0.316 0.949 0.000
vn -0.224 0.671 0.707
vn -0.000 0.000 1.000
vn 0.224 -0.671 0.707
vn 0.316 -0.949 0.000
vn 0.224 -0.671 -0.707
vn 0.000 -0.000 -1.000
vn -0.224 0.671 -0.707
vn -0.316 0.949 -0.000
vn -0.707 0.707 0.000
vn -0.500 0.500 0.707
vn -0.000 0.000 1.000
vn 0.500 -0.500 0.707
vn 0.707 -0.707 0.000
vn 0.500 -0.500 -0.707
vn 0.000 -0.000 -1.000
vn -0.500 0.500 -0.707
vn -0.707 0.707 -0.000
vn -0.949 0.316 0.000
vn -0.671 0.224 0.707
vn -0.000 0.000 1.000
vn 0.671 -0.224 0.707
vn 0.949 -0.316 0.000
vn 0.671 -0.224 -0.707
vn 0.000 -0.000 -1.000
vn -0.671 0.224 -0.707
vn -0.949 0.316 -0.000
vn -0.999 0.042 0.000
vn -0.706 0.030 0.707
vn -0.000 0.000 1.000
vn 0.706 -0.030 0.707
vn 0.999 -0.042 0.000
vn 0.706 -0.030 -0.707
vn 0.000 -0.000 -1.000
vn -0.706 0.030 -0.707
vn -0.999 0.042 -0.000
vn -1.000 0.000 0.000
vn -0.707 0.000 0.707
vn -0.000 0.000 1.000
vn 0.707 -0.000 0.707
vn 1.000 -0.000 0.000
vn 0.707 0.000 -0.707
vn 0.000 0.000 -1.000
vn -0.707 0.000 -0.707
vn -1.000 0.000 -0.000
vn -0.795 -0.606 -0.000
vn -0.795 -0.606 -0.000
vn -0.795 -0.606 -0.000
vn -0.795 -0.606 -0.000
vn -0.795 -0.606 -0.000
vn -0.795 -0.606 -0.000
vn -0.795 -0.606 -0.000
vn -0.795 -0.606 -0.000
vn -0.795 -0.606 -0.000
vn 0.000 1.000 0.000
vn 0.000 1.000 0.000
vn 0.000 1.000 0.000
vn 0.000 1.000 0.000
vn 0.000 1.000 0.000
vn 0.000 1.000 0.000
vn 0.000 1.000 0.000
vn 0.000 1.000 0.000
vn 0.000 1.000 0.000
vn 0.577 -0.577 0.577
vn 0.707 -0.707 0.000
vn 0.707 -0.707 0.000
vn 0.577 -0.577 -0.577
vn 0.707 0.000 0.707
vn 1.000 0.000 0.000
vn 1.000 0.000 0.000
vn 0.707 0.000 -0.707
vn 0.707 0.000 0.707
vn 1.000 0.000 0.000
vn 1.000 0.000 0.000
vn 0.707 0.000 -0.707
vn 0.577 0.577 0.577
vn 0.707 0.707 0.000
vn 0.707 0.707 0.000
vn 0.577 0.577 -0.577
vn -0.577 -0.577 -0.577
vn -0.707 -0.707 0.000
vn -0.707 -0.707 0.000
vn -0.577 -0.577 0.577
vn -0.707 0.000 -0.707
vn -1.000 0.000 0.000
vn -1.000 0.000 0.000
vn -0.707 0.000 0.707
vn -0.707 0.000 -0.707
vn -1.000 0.000 0.000
vn -1.000 0.000 0.000
vn -0.707 0.000 0.707
vn -0.577 0.577 -0.577
vn -0.707 0.707 0.000
vn -0.707 0.707 0.000
vn -0.577 0.577 0.577
vn -0.577 0.577 0.577
vn 0.000 0.707 0.707
vn 0.000 0.707 0.707
vn 0.577 0.577 0.577
vn -0.707 0.707 0.000
vn 0.000 1.000 0.000
vn 0.000 1.000 0.000
vn 0.707 0.707 0.000
vn -0.707 0.707 0.000
vn 0.000 1.000 0.000
vn 0.000 1.000 0.000
vn 0.707 0.707 0.000
vn -0.577 0.577 -0.577
vn 0.000 0.707 -0.707
vn 0.000 0.707 -0.707
vn 0.577 0.577 -0.577
vn -0.577 -0.577 -0.577
vn 0.000 -0.707 -0.707
vn 0.000 -0.707 -0.707
vn 0.577 -0.577 -0.577
vn -0.707 -0.707 0.000
vn 0.000 -1.000 0.000
vn 0.000 -1.000 0.000
vn 0.707 -0.707 0.000
vn -0.707 -0.707 0.000
vn 0.000 -1.000 0.000
vn 0.000 -1.000 0.000
vn 0.707 -0.707 0.000
vn -0.577 -0.577 0.577
vn 0.000 -0.707 0.707
vn 0.000 -0.707 0.707
vn 0.577 -0.577 0.577
vn -0.577 -0.577 0.577
vn 0.000 -0.707 0.707
vn 0.000 -0.707 0.707
vn 0.577 -0.577 0.577
vn -0.707 0.000 0.707
vn 0.000 0.000 1.000
vn 0.000 0.000 1.000
vn 0.707 0.000 0.707
vn -0.707 0.000 0.707
vn 0.000 0.000 1.000
vn 0.000 0.000 1.000
vn 0.707 0.000 0.707
vn -0.577 0.577 0.577
vn 0.000 0.707 0.707
vn 0.000 0.707 0.707
vn 0.577 0.577 0.577
vn 0.577 -0.577 -0.577
vn 0.000 -0.707 -0.707
vn 0.000 -0.707 -0.707
vn -0.577 -0.577 -0.577
vn 0.707 0.000 -0.707
vn 0.000 0.000 -1.000
vn 0.000 0.000 -1.000
vn -0.707 0.000 -0.707
vn 0.707 0.000 -0.707
vn 0.000 0.000 -1.000
vn 0.000 0.000 -1.000
vn -0.707 0.000 -0.707
vn 0.577 0.577 -0.577
vn 0.000 0.707 -0.707
vn 0.000 0.707 -0.707
vn -0.577 0.577 -0.577
vn 0.000 1.000 0.000
vn -0.500 0.866 0.000
vn -0.866 0.500 0.000
vn -1.000 0.000 0.000
vn -0.866 -0.500 0.000
vn -0.500 -0.866 0.000
vn -0.000 -1.000 0.000
vn 0.500 -0.866 0.000
vn 0.866 -0.500 0.000
vn 1.000 -0.000 0.000
vn 0.866 0.500 -0.000
vn 0.500 0.866 -0.000
vn 0.000 1.000 -0.000
vn 0.000 1.000 0.000
vn -0.500 0.866 0.000
vn -0.866 0.500 0.000
vn -1.000 0.000 0.000
vn -0.866 -0.500 0.000
vn -0.500 -0.866 0.000
vn -0.000 -1.000 0.000
vn 0.500 -0.866 0.000
vn 0.866 -0.500 0.000
vn 1.000 -0.000 0.000
vn 0.866 0.500 -0.000
vn 0.500 0.866 -0.000
vn 0.000 1.000 -0.000
vn -0.000 -0.000 -1.000
vn -0.000 -0.000 -1.000
vn -0.000 -0.000 -1.000
vn -0.000 -0.000 -1.000
vn -0.000 -0.000 -1.000
vn -0.000 -0.000 -1.000
vn -0.000 -0.000 -1.000
vn -0.000 -0.000 -1.000
vn -0.000 -0.000 -1.000
vn -0.000 -0.000 -1.000
vn -0.000 -0.000 -1.000
vn -0.000 -0.000 -1.000
vn -0.000 -0.000 -1.000
vn 0.000 0.000 1.000
vn 0.000 0.000 1.000
vn 0.000 0.000 1.000
vn 0.000 0.000 1.000
vn 0.000 0.000 1.000
vn 0.000 0.000 1.000
vn 0.000 0.000 1.000
vn 0.000 0.000 1.000
vn 0.000 0.000 1.000
vn 0.000 0.000 1.000
vn 0.000 0.000 1.000
vn 0.000 0.000 1.000
vn 0.000 0.000 1.000
vn 1.000 0.000 0.000
vn 0.707 0.000 -0.707
vn 0.000 0.000 -1.000
vn -0.707 0.000 -0.707
vn -1.000 0.000 -0.000
vn -0.707 0.000 0.707
vn -0.000 0.000 1.000
vn 0.707 -0.000 0.707
vn 1.000 -0.000 0.000
vn 1.000 0.000 0.000
vn 0.707 0.000 -0.707
vn 0.000 0.000 -1.000
vn -0.707 0.000 -0.707
vn -1.000 0.000 -0.000
vn -0.707 0.000 0.707
vn -0.000 0.000 1.000
vn 0.707 -0.000 0.707
vn 1.000 -0.000 0.000
vn -0.000 -1.000 -0.000
vn -0.000 -1.000 -0.000
vn -0.000 -1.000 -0.000
vn -0.000 -1.000 -0.000
vn -0.000 -1.000 -0.000
vn -0.000 -1.000 -0.000
vn -0.000 -1.000 -0.000
vn -0.000 -1.000 -0.000
vn -0.000 -1.000 -0.000
vn 0.000 1.000 0.000
vn 0.000 1.000 0.000
vn 0.000 1.000 0.000
vn 0.000 1.000 0.000
vn 0.000 1.000 0.000
vn 0.000 1.000 0.000
vn 0.000 1.000 0.000
vn 0.000 1.000 0.000
vn 0.000 1.000 0.000
vn 0.000 -1.000 0.000
vn 0.258 -0.966 0.000
vn 0.394 0.919 0.000
vn 0.132 0.991 0.000
vn 0.000 -1.000 0.000
vn 0.223 -0.966 -0.129
vn 0.341 0.919 -0.197
vn 0.114 0.991 -0.066
vn 0.000 -1.000 0.000
vn 0.129 -0.966 -0.223
vn 0.197 0.919 -0.341
vn 0.066 0.991 -0.114
vn 0.000 -1.000 0.000
vn 0.000 -0.966 -0.258
vn 0.000 0.919 -0.394
vn 0.000 0.991 -0.132
vn -0.000 -1.000 -0.000
vn -0.129 -0.966 -0.223
vn -0.197 0.919 -0.341
vn -0.066 0.991 -0.114
vn -0.000 -1.000 -0.000
vn -0.223 -0.966 -0.129
vn -0.341 0.919 -0.197
vn -0.114 0.991 -0.066
vn -0.000 -1.000 -0.000
vn -0.258 -0.966 -0.000
vn -0.394 0.919 -0.000
vn -0.132 0.991 -0.000
vn 0.000 -1.000 0.000
vn -0.223 -0.966 0.129
vn -0.341 0.919 0.197
vn -0.114 0.991 0.066
vn 0.000 -1.000 0.000
vn -0.129 -0.966 0.223
vn -0.197 0.919 0.341
vn -0.066 0.991 0.114
vn 0.000 -1.000 0.000
vn -0.000 -0.966 0.258
vn -0.000 0.919 0.394
vn -0.000 0.991 0.132
vn 0.000 -1.000 0.000
vn 0.129 -0.966 0.223
vn 0.197 0.919 0.341
vn 0.066 0.991 0.114
vn 0.000 -1.000 0.000
vn 0.223 -0.966 0.129
vn 0.341 0.919 0.197
vn 0.114 0.991 0.066
vn 0.000 -1.000 0.000
vn 0.258 -0.966 0.000
vn 0.394 0.919 0.000
vn 0.132 0.991 0.000
vn 1.000 0.000 0.000
vn 0.707 0.000 -0.707
vn 0.000 0.000 -1.000
vn -0.707 0.000 -0.707
vn -1.000 0.000 -0.000
vn -0.707 0.000 0.707
vn -0.000 0.000 1.000
vn 0.707 -0.000 0.707
vn 1.000 -0.000 0.000
vn 1.000 0.000 0.000
vn 0.707 0.000 -0.707
vn 0.000 0.000 -1.000
vn -0.707 0.000 -0.707
vn -1.000 0.000 -0.000
vn -0.707 0.000 0.707
vn -0.000 0.000 1.000
vn 0.707 -0.000 0.707
vn 1.000 -0.000 0.000
vn -0.000 -1.000 -0.000
vn -0.000 -1.000 -0.000
vn -0.000 -1.000 -0.000
vn -0.000 -1.000 -0.000
vn -0.000 -1.000 -0.000
vn -0.000 -1.000 -0.000
vn -0.000 -1.000 -0.000
vn -0.000 -1.000 -0.000
vn -0.000 -1.000 -0.000
vn 0.000 1.000 0.000
vn 0.000 1.000 0.000
vn 0.000 1.000 0.000
vn 0.000 1.000 0.000
vn 0.000 1.000 0.000
vn 0.000 1.000 0.000
vn 0.000 1.000 0.000
vn 0.000 1.000 0.000
vn 0.000 1.000 0.000
vn 0.000 -1.000 0.000
vn 0.258 -0.966 0.000
vn 0.394 0.919 0.000
vn 0.132 0.991 0.000
vn 0.000 -1.000 0.000
vn 0.223 -0.966 -0.129
vn 0.341 0.919 -0.197
vn 0.114 0.991 -0.066
vn 0.000 -1.000 0.000
vn 0.129 -0.966 -0.223
vn 0.197 0.919 -0.341
vn 0.066 0.991 -0.114
vn 0.000 -1.000 0.000
vn 0.000 -0.966 -0.258
vn 0.000 0.919 -0.394
vn 0.000 0.991 -0.132
vn -0.000 -1.000 -0.000
vn -0.129 -0.966 -0.223
vn -0.197 0.919 -0.341
vn -0.066 0.991 -0.114
vn -0.000 -1.000 -0.000
vn -0.223 -0.966 -0.129
vn -0.341 0.919 -0.197
vn -0.114 0.991 -0.066
vn -0.000 -1.000 -0.000
vn -0.258 -0.966 -0.000
vn -0.394 0.919 -0.000
vn -0.132 0.991 -0.000
vn 0.000 -1.000 0.000
vn -0.223 -0.966 0.129
vn -0.341 0.919 0.197
vn -0.114 0.991 0.066
vn 0.000 -1.000 0.000
vn -0.129 -0.966 0.223
vn -0.197 0.919 0.341
vn -0.066 0.991 0.114
vn 0.000 -1.000 0.000
vn -0.000 -0.966 0.258
vn -0.000 0.919 0.394
vn -0.000 0.991 0.132
vn 0.000 -1.000 0.000
vn 0.129 -0.966 0.223
vn 0.197 0.919 0.341
vn 0.066 0.991 0.114
vn 0.000 -1.000 0.000
vn 0.223 -0.966 0.129
vn 0.341 0.919 0.197
vn 0.114 0.991 0.066
vn 0.000 -1.000 0.000
vn 0.258 -0.966 0.000
vn 0.394 0.919 0.000
vn 0.132 0.991 0.000
vn 1.000 0.000 0.000
vn 0.707 0.000 -0.707
vn 0.000 0.000 -1.000
vn -0.707 0.000 -0.707
vn -1.000 0.000 -0.000
vn -0.707 0.000 0.707
vn -0.000 0.000 1.000
vn 0.707 -0.000 0.707
vn 1.000 -0.000 0.000
vn 1.000 0.000 0.000
vn 0.707 0.000 -0.707
vn 0.000 0.000 -1.000
vn -0.707 0.000 -0.707
vn -1.000 0.000 -0.000
vn -0.707 0.000 0.707
vn -0.000 0.000 1.000
vn 0.707 -0.000 0.707
vn 1.000 -0.000 0.000
vn -0.000 -1.000 -0.000
vn -0.000 -1.000 -0.000
vn -0.000 -1.000 -0.000
vn -0.000 -1.000 -0.000
vn -0.000 -1.000 -0.000
vn -0.000 -1.000 -0.000
vn -0.000 -1.000 -0.000
vn -0.000 -1.000 -0.000
vn -0.000 -1.000 -0.000
vn 0.000 1.000 0.000
vn 0.000 1.000 0.000
vn 0.000 1.000 0.000
vn 0.000 1.000 0.000
vn 0.000 1.000 0.000
vn 0.000 1.000 0.000
vn 0.000 1.000 0.000
vn 0.000 1.000 0.000
vn 0.000 1.000 0.000
vn 0.000 -1.000 0.000
vn 0.258 -0.966 0.000
vn 0.394 0.919 0.000
vn 0.132 0.991 0.000
vn 0.000 -1.000 0.000
vn 0.223 -0.966 -0.129
vn 0.341 0.919 -0.197
vn 0.114 0.991 -0.066
vn 0.000 -1.000 0.000
vn 0.129 -0.966 -0.223
vn 0.197 0.919 -0.341
vn 0.066 0.991 -0.114
vn 0.000 -1.000 0.000
vn 0.000 -0.966 -0.258
vn 0.000 0.919 -0.394
vn 0.000 0.991 -0.132
vn -0.000 -1.000 -0.000
vn -0.129 -0.966 -0.223
vn -0.197 0.919 -0.341
vn -0.066 0.991 -0.114
vn -0.000 -1.000 -0.000
vn -0.223 -0.966 -0.129
vn -0.341 0.919 -0.197
vn -0.114 0.991 -0.066
vn -0.000 -1.000 -0.000
vn -0.258 -0.966 -0.000
vn -0.394 0.919 -0.000
vn -0.132 0.991 -0.000
vn 0.000 -1.000 0.000
vn -0.223 -0.966 0.129
vn -0.341 0.919 0.197
vn -0.114 0.991 0.066
vn 0.000 -1.000 0.000
vn -0.129 -0.966 0.223
vn -0.197 0.919 0.341
vn -0.066 0.991 0.114
vn 0.000 -1.000 0.000
vn -0.000 -0.966 0.258
vn -0.000 0.919 0.394
vn -0.000 0.991 0.132
vn 0.000 -1.000 0.000
vn 0.129 -0.966 0.223
vn 0.197 0.919 0.341
vn 0.066 0.991 0.114
vn 0.000 -1.000 0.000
vn 0.223 -0.966 0.129
vn 0.341 0.919 0.197
vn 0.114 0.991 0.066
vn 0.000 -1.000 0.000
vn 0.258 -0.966 0.000
vn 0.394 0.919 0.000
vn 0.132 0.991 0.000
vn 1.000 0.000 0.000
vn 0.707 0.000 -0.707
vn 0.000 0.000 -1.000
vn -0.707 0.000 -0.707
vn -1.000 0.000 -0.000
vn -0.707 0.000 0.707
vn -0.000 0.000 1.000
vn 0.707 -0.000 0.707
vn 1.000 -0.000 0.000
vn 1.000 0.000 0.000
vn 0.707 0.000 -0.707
vn 0.000 0.000 -1.000
vn -0.707 0.000 -0.707
vn -1.000 0.000 -0.000
vn -0.707 0.000 0.707
vn -0.000 0.000 1.000
vn 0.707 -0.000 0.707
vn 1.000 -0.000 0.000
vn -0.000 -1.000 -0.000
vn -0.000 -1.000 -0.000
vn -0.000 -1.000 -0.000
vn -0.000 -1.000 -0.000
vn -0.000 -1.000 -0.000
vn -0.000 -1.000 -0.000
vn -0.000 -1.000 -0.000
vn -0.000 -1.000 -0.000
vn -0.000 -1.000 -0.000
vn 0.000 1.000 0.000
vn 0.000 1.000 0.000
vn 0.000 1.000 0.000
vn 0.000 1.000 0.000
vn 0.000 1.000 0.000
vn 0.000 1.000 0.000
vn 0.000 1.000 0.000
vn 0.000 1.000 0.000
vn 0.000 1.000 0.000
vn 0.000 -1.000 0.000
vn 0.258 -0.966 0.000
vn 0.394 0.919 0.000
vn 0.132 0.991 0.000
vn 0.000 -1.000 0.000
vn 0.223 -0.966 -0.129
vn 0.341 0.919 -0.197
vn 0.114 0.991 -0.066
vn 0.000 -1.000 0.000
vn 0.129 -0.966 -0.223
vn 0.197 0.919 -0.341
vn 0.066 0.991 -0.114
vn 0.000 -1.000 0.000
vn 0.000 -0.966 -0.258
vn 0.000 0.919 -0.394
vn 0.000 0.991 -0.132
vn -0.000 -1.000 -0.000
vn -0.129 -0.966 -0.223
vn -0.197 0.919 -0.341
vn -0.066 0.991 -0.114
vn -0.000 -1.000 -0.000
vn -0.223 -0.966 -0.129
vn -0.341 0.919 -0.197
vn -0.114 0.991 -0.066
vn -0.000 -1.000 -0.000
vn -0.258 -0.966 -0.000
vn -0.394 0.919 -0.000
vn -0.132 0.991 -0.000
vn 0.000 -1.000 0.000
vn -0.223 -0.966 0.129
vn -0.341 0.919 0.197
vn -0.114 0.991 0.066
vn 0.000 -1.000 0.000
vn -0.129 -0.966 0.223
vn -0.197 0.919 0.341
vn -0.066 0.991 0.114
vn 0.000 -1.000 0.000
vn -0.000 -0.966 0.258
vn -0.000 0.919 0.394
vn -0.000 0.991 0.132
vn 0.000 -1.000 0.000
vn 0.129 -0.966 0.223
vn 0.197 0.919 0.341
vn 0.066 0.991 0.114
vn 0.000 -1.000 0.000
vn 0.223 -0.966 0.129
vn 0.341 0.919 0.197
vn 0.114 0.991 0.066
vn 0.000 -1.000 0.000
vn 0.258 -0.966 0.000
vn 0.394 0.919 0.000
vn 0.132 0.991 0.000
vn 1.000 0.000 0.000
vn 0.707 0.000 -0.707
vn 0.000 0.000 -1.000
vn -0.707 0.000 -0.707
vn -1.000 0.000 -0.000
vn -0.707 0.000 0.707
vn -0.000 0.000 1.000
vn 0.707 -0.000 0.707
vn 1.000 -0.000 0.000
vn 1.000 0.000 0.000
vn 0.707 0.000 -0.707
vn 0.000 0.000 -1.000
vn -0.707 0.000 -0.707
vn -1.000 0.000 -0.000
vn -0.707 0.000 0.707
vn -0.000 0.000 1.000
vn 0.707 -0.000 0.707
vn 1.000 -0.000 0.000
vn -0.000 -1.000 -0.000
vn -0.000 -1.000 -0.000
vn -0.000 -1.000 -0.000
vn -0.000 -1.000 -0.000
vn -0.000 -1.000 -0.000
vn -0.000 -1.000 -0.000
vn -0.000 -1.000 -0.000
vn -0.000 -1.000 -0.000
vn -0.000 -1.000 -0.000
vn 0.000 1.000 0.000
vn 0.000 1.000 0.000
vn 0.000 1.000 0.000
vn 0.000 1.000 0.000
vn 0.000 1.000 0.000
vn 0.000 1.000 0.000
vn 0.000 1.000 0.000
vn 0.000 1.000 0.000
vn 0.000 1.000 0.000
vn 0.000 -1.000 0.000
vn 0.258 -0.966 0.000
vn 0.394 0.919 0.000
vn 0.132 0.991 0.000
vn 0.000 -1.000 0.000
vn 0.223 -0.966 -0.129
vn 0.341 0.919 -0.197
vn 0.114 0.991 -0.066
vn 0.000 -1.000 0.000
vn 0.129 -0.966 -0.223
vn 0.197 0.919 -0.341
vn 0.066 0.991 -0.114
vn 0.000 -1.000 0.000
vn 0.000 -0.966 -0.258
vn 0.000 0.919 -0.394
vn 0.000 0.991 -0.132
vn -0.000 -1.000 -0.000
vn -0.129 -0.966 -0.223
vn -0.197 0.919 -0.341
vn -0.066 0.991 -0.114
vn -0.000 -1.000 -0.000
vn -0.223 -0.966 -0.129
vn -0.341 0.919 -0.197
vn -0.114 0.991 -0.066
vn -0.000 -1.000 -0.000
vn -0.258 -0.966 -0.000
vn -0.394 0.919 -0.000
vn -0.132 0.991 -0.000
vn 0.000 -1.000 0.000
vn -0.223 -0.966 0.129
vn -0.341 0.919 0.197
vn -0.114 0.991 0.066
vn 0.000 -1.000 0.000
vn -0.129 -0.966 0.223
vn -0.197 0.919 0.341
vn -0.066 0.991 0.114
vn 0.000 -1.000 0.000
vn -0.000 -0.966 0.258
vn -0.000 0.919 0.394
vn -0.000 0.991 0.132
vn 0.000 -1.000 0.000
vn 0.129 -0.966 0.223
vn 0.197 0.919 0.341
vn 0.066 0.991 0.114
vn 0.000 -1.000 0.000
vn 0.223 -0.966 0.129
vn 0.341 0.919 0.197
vn 0.114 0.991 0.066
vn 0.000 -1.000 0.000
vn 0.258 -0.966 0.000
vn 0.394 0.919 0.000
vn 0.132 0.991 0.000
vn 1.000 0.000 0.000
vn 0.707 0.000 -0.707
vn 0.000 0.000 -1.000
vn -0.707 0.000 -0.707
vn -1.000 0.000 -0.000
vn -0.707 0.000 0.707
vn -0.000 0.000 1.000
vn 0.707 -0.000 0.707
vn 1.000 -0.000 0.000
vn 1.000 0.000 0.000
vn 0.707 0.000 -0.707
vn 0.000 0.000 -1.000
vn -0.707 0.000 -0.707
vn -1.000 0.000 -0.000
vn -0.707 0.000 0.707
vn -0.000 0.000 1.000
vn 0.707 -0.000 0.707
vn 1.000 -0.000 0.000
vn -0.000 -1.000 -0.000
vn -0.000 -1.000 -0.000
vn -0.000 -1.000 -0.000
vn -0.000 -1.000 -0.000
vn -0.000 -1.000 -0.000
vn -0.000 -1.000 -0.000
vn -0.000 -1.000 -0.000
vn -0.000 -1.000 -0.000
vn -0.000 -1.000 -0.000
vn 0.000 1.000 0.000
vn 0.000 1.000 0.000
vn 0.000 1.000 0.000
vn 0.000 1.000 0.000
vn 0.000 1.000 0.000
vn 0.000 1.000 0.000
vn 0.000 1.000 0.000
vn 0.000 1.000 0.000
vn 0.000 1.000 0.000
vn 0.000 -1.000 0.000
vn 0.258 -0.966 0.000
vn 0.394 0.919 0.000
vn 0.132 0.991 0.000
vn 0.000 -1.000 0.000
vn 0.223 -0.966 -0.129
vn 0.341 0.919 -0.197
vn 0.114 0.991 -0.066
vn 0.000 -1.000 0.000
vn 0.129 -0.966 -0.223
vn 0.197 0.919 -0.341
vn 0.066 0.991 -0.114
vn 0.000 -1.000 0.000
vn 0.000 -0.966 -0.258
vn 0.000 0.919 -0.394
vn 0.000 0.991 -0.132
vn -0.000 -1.000 -0.000
vn -0.129 -0.966 -0.223
vn -0.197 0.919 -0.341
vn -0.066 0.991 -0.114
vn -0.000 -1.000 -0.000
vn -0.223 -0.966 -0.129
vn -0.341 0.919 -0.197
vn -0.114 0.991 -0.066
vn -0.000 -1.000 -0.000
vn -0.258 -0.966 -0.000
vn -0.394 0.919 -0.000
vn -0.132 0.991 -0.000
vn 0.000 -1.000 0.000
vn -0.223 -0.966 0.129
vn -0.341 0.919 0.197
vn -0.114 0.991 0.066
vn 0.000 -1.000 0.000
vn -0.129 -0.966 0.223
vn -0.197 0.919 0.341
vn -0.066 0.991 0.114
vn 0.000 -1.000 0.000
vn -0.000 -0.966 0.258
vn -0.000 0.919 0.394
vn -0.000 0.991 0.132
vn 0.000 -1.000 0.000
vn 0.129 -0.966 0.223
vn 0.197 0.919 0.341
vn 0.066 0.991 0.114
vn 0.000 -1.000 0.000
vn 0.223 -0.966 0.129
vn 0.341 0.919 0.197
vn 0.114 0.991 0.066
vn 0.000 -1.000 0.000
vn 0.258 -0.966 0.000
vn 0.394 0.919 0.000
vn 0.132 0.991 0.000
vn 0.105 -0.000 -0.995
vn 0.707 -0.000 -0.707
vn 1.000 0.000 -0.000
vn 0.707 0.000 0.707
vn 0.105 0.000 0.995
vn 0.091 0.052 -0.995
vn 0.612 0.354 -0.707
vn 0.866 0.500 -0.000
vn 0.612 0.354 0.707
vn 0.091 0.052 0.995
vn 0.052 0.091 -0.995
vn 0.354 0.612 -0.707
vn 0.500 0.866 -0.000
vn 0.354 0.612 0.707
vn 0.052 0.091 0.995
vn 0.000 0.105 -0.995
vn 0.000 0.707 -0.707
vn 0.000 1.000 -0.000
vn 0.000 0.707 0.707
vn 0.000 0.105 0.995
vn -0.052 0.091 -0.995
vn -0.354 0.612 -0.707
vn -0.500 0.866 -0.000
vn -0.354 0.612 0.707
vn -0.052 0.091 0.995
vn -0.091 0.052 -0.995
vn -0.612 0.354 -0.707
vn -0.866 0.500 -0.000
vn -0.612 0.354 0.707
vn -0.091 0.052 0.995
vn -0.105 -0.000 -0.995
vn -0.707 0.000 -0.707
vn -1.000 0.000 -0.000
vn -0.707 0.000 0.707
vn -0.105 0.000 0.995
vn -0.091 -0.052 -0.995
vn -0.612 -0.354 -0.707
vn -0.866 -0.500 0.000
vn -0.612 -0.354 0.707
vn -0.091 -0.052 0.995
vn -0.052 -0.091 -0.995
vn -0.354 -0.612 -0.707
vn -0.500 -0.866 0.000
vn -0.354 -0.612 0.707
vn -0.052 -0.091 0.995
vn -0.000 -0.105 -0.995
vn -0.000 -0.707 -0.707
vn -0.000 -1.000 0.000
vn -0.000 -0.707 0.707
vn -0.000 -0.105 0.995
vn 0.052 -0.091 -0.995
vn 0.354 -0.612 -0.707
vn 0.500 -0.866 0.000
vn 0.354 -0.612 0.707
vn 0.052 -0.091 0.995
vn 0.091 -0.052 -0.995
vn 0.612 -0.354 -0.707
vn 0.866 -0.500 0.000
vn 0.612 -0.354 0.707
vn 0.091 -0.052 0.995
vn 0.105 -0.000 -0.995
vn 0.707 -0.000 -0.707
vn 1.000 -0.000 0.000
vn 0.707 -0.000 0.707
vn 0.105 0.000 0.995
vn 0.105 -0.000 -0.995
vn 0.707 -0.000 -0.707
vn 1.000 0.000 -0.000
vn 0.707 0.000 0.707
vn 0.105 0.000 0.995
vn 0.091 0.052 -0.995
vn 0.612 0.354 -0.707
vn 0.866 0.500 -0.000
vn 0.612 0.354 0.707
vn 0.091 0.052 0.995
vn 0.052 0.091 -0.995
vn 0.354 0.612 -0.707
vn 0.500 0.866 -0.000
vn 0.354 0.612 0.707
vn 0.052 0.091 0.995
vn 0.000 0.105 -0.995
vn 0.000 0.707 -0.707
vn 0.000 1.000 -0.000
vn 0.000 0.707 0.707
vn 0.000 0.105 0.995
vn -0.052 0.091 -0.995
vn -0.354 0.612 -0.707
vn -0.500 0.866 -0.000
vn -0.354 0.612 0.707
vn -0.052 0.091 0.995
vn -0.091 0.052 -0.995
vn -0.612 0.354 -0.707
vn -0.866 0.500 -0.000
vn -0.612 0.354 0.707
vn -0.091 0.052 0.995
vn -0.105 -0.000 -0.995
vn -0.707 0.000 -0.707
vn -1.000 0.000 -0.000
vn -0.707 0.000 0.707
vn -0.105 0.000 0.995
vn -0.091 -0.052 -0.995
vn -0.612 -0.354 -0.707
vn -0.866 -0.500 0.000
vn -0.612 -0.354 0.707
vn -0.091 -0.052 0.995
vn -0.052 -0.091 -0.995
vn -0.354 -0.612 -0.707
vn -0.500 -0.866 0.000
vn -0.354 -0.612 0.707
vn -0.052 -0.091 0.995
vn -0.000 -0.105 -0.995
vn -0.000 -0.707 -0.707
vn -0.000 -1.000 0.000
vn -0.000 -0.707 0.707
vn -0.000 -0.105 0.995
vn 0.052 -0.091 -0.995
vn 0.354 -0.612 -0.707
vn 0.500 -0.866 0.000
vn 0.354 -0.612 0.707
vn 0.052 -0.091 0.995
vn 0.091 -0.052 -0.995
vn 0.612 -0.354 -0.707
vn 0.866 -0.500 0.000
vn 0.612 -0.354 0.707
vn 0.091 -0.052 0.995
vn 0.105 -0.000 -0.995
vn 0.707 -0.000 -0.707
vn 1.000 -0.000 0.000
vn 0.707 -0.000 0.707
vn 0.105 0.000 0.995
vn 0.000 1.000 0.000
vn -0.707 0.707 0.000
vn -1.000 0.000 0.000
vn -0.707 -0.707 0.000
vn -0.000 -1.000 0.000
vn 0.707 -0.707 0.000
vn 1.000 -0.000 0.000
vn 0.707 0.707 -0.000
vn 0.000 1.000 -0.000
vn 0.000 1.000 0.000
vn -0.707 0.707 0.000
vn -1.000 0.000 0.000
vn -0.707 -0.707 0.000
vn -0.000 -1.000 0.000
vn 0.707 -0.707 0.000
vn 1.000 -0.000 0.000
vn 0.707 0.707 -0.000
vn 0.000 1.000 -0.000
vn -0.000 -0.000 -1.000
vn -0.000 -0.000 -1.000
vn -0.000 -0.000 -1.000
vn -0.000 -0.000 -1.000
vn -0.000 -0.000 -1.000
vn -0.000 -0.000 -1.000
vn -0.000 -0.000 -1.000
vn -0.000 -0.000 -1.000
vn -0.000 -0.000 -1.000
vn 0.000 0.000 1.000
vn 0.000 0.000 1.000
vn 0.000 0.000 1.000
vn 0.000 0.000 1.000
vn 0.000 0.000 1.000
vn 0.000 0.000 1.000
vn 0.000 0.000 1.000
vn 0.000 0.000 1.000
vn 0.000 0.000 1.000
vn 0.000 1.000 0.000
vn -0.707 0.707 0.000
vn -1.000 0.000 0.000
vn -0.707 -0.707 0.000
vn -0.000 -1.000 0.000
vn 0.707 -0.707 0.000
vn 1.000 -0.000 0.000
vn 0.707 0.707 -0.000
vn 0.000 1.000 -0.000
vn 0.000 1.000 0.000
vn -0.707 0.707 0.000
vn -1.000 0.000 0.000
vn -0.707 -0.707 0.000
vn -0.000 -1.000 0.000
vn 0.707 -0.707 0.000
vn 1.000 -0.000 0.000
vn 0.707 0.707 -0.000
vn 0.000 1.000 -0.000
vn -0.000 -0.000 -1.000
vn -0.000 -0.000 -1.000
vn -0.000 -0.000 -1.000
vn -0.000 -0.000 -1.000
vn -0.000 -0.000 -1.000
vn -0.000 -0.000 -1.000
vn -0.000 -0.000 -1.000
vn -0.000 -0.000 -1.000
vn -0.000 -0.000 -1.000
vn 0.000 0.000 1.000
vn 0.000 0.000 1.000
vn 0.000 0.000 1.000
vn 0.000 0.000 1.000
vn 0.000 0.000 1.000
vn 0.000 0.000 1.000
vn 0.000 0.000 1.000
vn 0.000 0.000 1.000
vn 0.000 0.000 1.000
vn 0.000 1.000 0.000
vn -0.707 0.707 0.000
vn -1.000 0.000 0.000
vn -0.707 -0.707 0.000
vn -0.000 -1.000 0.000
vn 0.707 -0.707 0.000
vn 1.000 -0.000 0.000
vn 0.707 0.707 -0.000
vn 0.000 1.000 -0.000
vn 0.000 1.000 0.000
vn -0.707 0.707 0.000
vn -1.000 0.000 0.000
vn -0.707 -0.707 0.000
vn -0.000 -1.000 0.000
vn 0.707 -0.707 0.000
vn 1.000 -0.000 0.000
vn 0.707 0.707 -0.000
vn 0.000 1.000 -0.000
vn -0.000 -0.000 -1.000
vn -0.000 -0.000 -1.000
vn -0.000 -0.000 -1.000
vn -0.000 -0.000 -1.000
vn -0.000 -0.000 -1.000
vn -0.000 -0.000 -1.000
vn -0.000 -0.000 -1.000
vn -0.000 -0.000 -1.000
vn -0.000 -0.000 -1.000
vn 0.000 0.000 1.000
vn 0.000 0.000 1.000
vn 0.000 0.000 1.000
vn 0.000 0.000 1.000
vn 0.000 0.000 1.000
vn 0.000 0.000 1.000
vn 0.000 0.000 1.000
vn 0.000 0.000 1.000
vn 0.000 0.000 1.000
vn 0.000 1.000 0.000
vn -0.707 0.707 0.000
vn -1.000 0.000 0.000
vn -0.707 -0.707 0.000
vn -0.000 -1.000 0.000
vn 0.707 -0.707 0.000
vn 1.000 -0.000 0.000
vn 0.707 0.707 -0.000
vn 0.000 1.000 -0.000
vn 0.000 1.000 0.000
vn -0.707 0.707 0.000
vn -1.000 0.000 0.000
vn -0.707 -0.707 0.000
vn -0.000 -1.000 0.000
vn 0.707 -0.707 0.000
vn 1.000 -0.000 0.000
vn 0.707 0.707 -0.000
vn 0.000 1.000 -0.000
vn -0.000 -0.000 -1.000
vn -0.000 -0.000 -1.000
vn -0.000 -0.000 -1.000
vn -0.000 -0.000 -1.000
vn -0.000 -0.000 -1.000
vn -0.000 -0.000 -1.000
vn -0.000 -0.000 -1.000
vn -0.000 -0.000 -1.000
vn -0.000 -0.000 -1.000
vn 0.000 0.000 1.000
vn 0.000 0.000 1.000
vn 0.000 0.000 1.000
vn 0.000 0.000 1.000
vn 0.000 0.000 1.000
vn 0.000 0.000 1.000
vn 0.000 0.000 1.000
vn 0.000 0.000 1.000
vn 0.000 0.000 1.000
vn 0.000 1.000 0.000
vn -0.588 0.809 0.000
vn -0.951 0.309 0.000
vn -0.951 -0.309 0.000
vn -0.588 -0.809 0.000
vn -0.000 -1.000 0.000
vn 0.588 -0.809 0.000
vn 0.951 -0.309 0.000
vn 0.951 0.309 -0.000
vn 0.588 0.809 -0.000
vn 0.000 1.000 -0.000
vn 0.000 1.000 0.000
vn -0.588 0.809 0.000
vn -0.951 0.309 0.000
vn -0.951 -0.309 0.000
vn -0.588 -0.809 0.000
vn -0.000 -1.000 0.000
vn 0.588 -0.809 0.000
vn 0.951 -0.309 0.000
vn 0.951 0.309 -0.000
vn 0.588 0.809 -0.000
vn 0.000 1.000 -0.000
vn -0.000 -0.000 -1.000
vn -0.000 -0.000 -1.000
vn -0.000 -0.000 -1.000
vn -0.000 -0.000 -1.000
vn -0.000 -0.000 -1.000
vn -0.000 -0.000 -1.000
vn -0.000 -0.000 -1.000
vn -0.000 -0.000 -1.000
vn -0.000 -0.000 -1.000
vn -0.000 -0.000 -1.000
vn -0.000 -0.000 -1.000
vn 0.000 0.000 1.000
vn 0.000 0.000 1.000
vn 0.000 0.000 1.000
vn 0.000 0.000 1.000
vn 0.000 0.000 1.000
vn 0.000 0.000 1.000
vn 0.000 0.000 1.000
vn 0.000 0.000 1.000
vn 0.000 0.000 1.000
vn 0.000 0.000 1.000
vn 0.000 0.000 1.000
vn 0.606 0.795 0.000
vn 0.429 0.562 -0.707
vn 0.000 0.000 -1.000
vn -0.429 -0.562 -0.707
vn -0.606 -0.795 -0.000
vn -0.429 -0.562 0.707
vn -0.000 -0.000 1.000
vn 0.429 0.562 0.707
vn 0.606 0.795 0.000
vn 0.604 0.797 0.000
vn 0.427 0.564 -0.707
vn -0.000 0.000 -1.000
vn -0.427 -0.564 -0.707
vn -0.604 -0.797 -0.000
vn -0.427 -0.564 0.707
vn 0.000 -0.000 1.000
vn 0.427 0.564 0.707
vn 0.604 0.797 0.000
vn 0.473 0.881 0.000
vn 0.334 0.623 -0.707
vn 0.000 0.000 -1.000
vn -0.334 -0.623 -0.707
vn -0.473 -0.881 -0.000
vn -0.334 -0.623 0.707
vn -0.000 -0.000 1.000
vn 0.334 0.623 0.707
vn 0.473 0.881 0.000
vn 0.320 0.947 -0.000
vn 0.226 0.670 -0.707
vn 0.000 -0.000 -1.000
vn -0.226 -0.670 -0.707
vn -0.320 -0.947 0.000
vn -0.226 -0.670 0.707
vn -0.000 0.000 1.000
vn 0.226 0.670 0.707
vn 0.320 0.947 -0.000
vn 0.158 0.987 -0.000
vn 0.111 0.698 -0.707
vn -0.000 -0.000 -1.000
vn -0.111 -0.698 -0.707
vn -0.158 -0.987 0.000
vn -0.111 -0.698 0.707
vn 0.000 0.000 1.000
vn 0.111 0.698 0.707
vn 0.158 0.987 -0.000
vn 0.001 1.000 -0.000
vn 0.001 0.707 -0.707
vn -0.000 -0.000 -1.000
vn -0.001 -0.707 -0.707
vn -0.001 -1.000 0.000
vn -0.001 -0.707 0.707
vn 0.000 0.000 1.000
vn 0.001 0.707 0.707
vn 0.001 1.000 -0.000
vn 0.006 1.000 -0.000
vn 0.004 0.707 -0.707
vn -0.000 -0.000 -1.000
vn -0.004 -0.707 -0.707
vn -0.006 -1.000 0.000
vn -0.004 -0.707 0.707
vn 0.000 0.000 1.000
vn 0.004 0.707 0.707
vn 0.006 1.000 -0.000
vn 0.316 0.949 -0.000
vn 0.224 0.671 -0.707
vn -0.000 -0.000 -1.000
vn -0.224 -0.671 -0.707
vn -0.316 -0.949 0.000
vn -0.224 -0.671 0.707
vn 0.000 0.000 1.000
vn 0.224 0.671 0.707
vn 0.316 0.949 -0.000
vn 0.707 0.707 0.000
vn 0.500 0.500 -0.707
vn 0.000 -0.000 -1.000
vn -0.500 -0.500 -0.707
vn -0.707 -0.707 -0.000
vn -0.500 -0.500 0.707
vn -0.000 0.000 1.000
vn 0.500 0.500 0.707
vn 0.707 0.707 0.000
vn 0.949 0.316 0.000
vn 0.671 0.224 -0.707
vn 0.000 0.000 -1.000
vn -0.671 -0.224 -0.707
vn -0.949 -0.316 -0.000
vn -0.671 -0.224 0.707
vn -0.000 -0.000 1.000
vn 0.671 0.224 0.707
vn 0.949 0.316 0.000
vn 0.999 0.042 0.000
vn 0.706 0.030 -0.707
vn 0.000 0.000 -1.000
vn -0.706 -0.030 -0.707
vn -0.999 -0.042 -0.000
vn -0.706 -0.030 0.707
vn -0.000 -0.000 1.000
vn 0.706 0.030 0.707
vn 0.999 0.042 0.000
vn 1.000 0.000 0.000
vn 0.707 0.000 -0.707
vn 0.000 0.000 -1.000
vn -0.707 0.000 -0.707
vn -1.000 0.000 -0.000
vn -0.707 -0.000 0.707
vn -0.000 -0.000 1.000
vn 0.707 0.000 0.707
vn 1.000 0.000 0.000
vn 0.795 -0.606 -0.000
vn 0.795 -0.606 -0.000
vn 0.795 -0.606 -0.000
vn 0.795 -0.606 -0.000
vn 0.795 -0.606 -0.000
vn 0.795 -0.606 -0.000
vn 0.795 -0.606 -0.000
vn 0.795 -0.606 -0.000
vn 0.795 -0.606 -0.000
vn 0.000 1.000 0.000
vn 0.000 1.000 0.000
vn 0.000 1.000 0.000
vn 0.000 1.000 0.000
vn 0.000 1.000 0.000
vn 0.000 1.000 0.000
vn 0.000 1.000 0.000
vn 0.000 1.000 0.000
vn 0.000 1.000 0.000
vn 0.577 -0.577 0.577
vn 0.707 -0.707 0.000
vn 0.707 -0.707 0.000
vn 0.577 -0.577 -0.577
vn 0.707 0.000 0.707
vn 1.000 0.000 0.000
vn 1.000 0.000 0.000
vn 0.707 0.000 -0.707
vn 0.707 0.000 0.707
vn 1.000 0.000 0.000
vn 1.000 0.000 0.000
vn 0.707 0.000 -0.707
vn 0.577 0.577 0.577
vn 0.707 0.707 0.000
vn 0.707 0.707 0.000
vn 0.577 0.577 -0.577
vn -0.577 -0.577 -0.577
vn -0.707 -0.707 0.000
vn -0.707 -0.707 0.000
vn -0.577 -0.577 0.577
vn -0.707 0.000 -0.707
vn -1.000 0.000 0.000
vn -1.000 0.000 0.000
vn -0.707 0.000 0.707
vn -0.707 0.000 -0.707
vn -1.000 0.000 0.000
vn -1.000 0.000 0.000
vn -0.707 0.000 0.707
vn -0.577 0.577 -0.577
vn -0.707 0.707 0.000
vn -0.707 0.707 0.000
vn -0.577 0.577 0.577
vn -0.577 0.577 0.577
vn 0.000 0.707 0.707
vn 0.000 0.707 0.707
vn 0.577 0.577 0.577
vn -0.707 0.707 0.000
vn 0.000 1.000 0.000
vn 0.000 1.000 0.000
vn 0.707 0.707 0.000
vn -0.707 0.707 0.000
vn 0.000 1.000 0.000
vn 0.000 1.000 0.000
vn 0.707 0.707 0.000
vn -0.577 0.577 -0.577
vn 0.000 0.707 -0.707
vn 0.000 0.707 -0.707
vn 0.577 0.577 -0.577
vn -0.577 -0.577 -0.577
vn 0.000 -0.707 -0.707
vn 0.000 -0.707 -0.707
vn 0.577 -0.577 -0.577
vn -0.707 -0.707 0.000
vn 0.000 -1.000 0.000
vn 0.000 -1.000 0.000
vn 0.707 -0.707 0.000
vn -0.707 -0.707 0.000
vn 0.000 -1.000 0.000
vn 0.000 -1.000 0.000
vn 0.707 -0.707 0.000
vn -0.577 -0.577 0.577
vn 0.000 -0.707 0.707
vn 0.000 -0.707 0.707
vn 0.577 -0.577 0.577
vn -0.577 -0.577 0.577
vn 0.000 -0.707 0.707
vn 0.000 -0.707 0.707
vn 0.577 -0.577 0.577
vn -0.707 0.000 0.707
vn 0.000 0.000 1.000
vn 0.000 0.000 1.000
vn 0.707 0.000 0.707
vn -0.707 0.000 0.707
vn 0.000 0.000 1.000
vn 0.000 0.000 1.000
vn 0.707 0.000 0.707
vn -0.577 0.577 0.577
vn 0.000 0.707 0.707
vn 0.000 0.707 0.707
vn 0.577 0.577 0.577
vn 0.577 -0.577 -0.577
vn 0.000 -0.707 -0.707
vn 0.000 -0.707 -0.707
vn -0.577 -0.577 -0.577
vn 0.707 0.000 -0.707
vn 0.000 0.000 -1.000
vn 0.000 0.000 -1.000
vn -0.707 0.000 -0.707
vn 0.707 0.000 -0.707
vn 0.000 0.000 -1.000
vn 0.000 0.000 -1.000
vn -0.707 0.000 -0.707
vn 0.577 0.577 -0.577
vn 0.000 0.707 -0.707
vn 0.000 0.707 -0.707
vn -0.577 0.577 -0.577
vn 0.606 0.795 0.000
vn 0.429 0.562 -0.707
vn 0.000 0.000 -1.000
vn -0.429 -0.562 -0.707
vn -0.606 -0.795 -0.000
vn -0.429 -0.562 0.707
vn -0.000 -0.000 1.000
vn 0.429 0.562 0.707
vn 0.606 0.795 0.000
vn 0.604 0.797 -0.000
vn 0.427 0.564 -0.707
vn 0.000 -0.000 -1.000
vn -0.427 -0.564 -0.707
vn -0.604 -0.797 -0.000
vn -0.427 -0.564 0.707
vn -0.000 0.000 1.000
vn 0.427 0.564 0.707
vn 0.604 0.797 0.000
vn 0.473 0.881 -0.000
vn 0.334 0.623 -0.707
vn 0.000 0.000 -1.000
vn -0.334 -0.623 -0.707
vn -0.473 -0.881 -0.000
vn -0.334 -0.623 0.707
vn -0.000 -0.000 1.000
vn 0.334 0.623 0.707
vn 0.473 0.881 0.000
vn 0.320 0.947 0.000
vn 0.226 0.670 -0.707
vn -0.000 0.000 -1.000
vn -0.226 -0.670 -0.707
vn -0.320 -0.947 -0.000
vn -0.226 -0.670 0.707
vn 0.000 -0.000 1.000
vn 0.226 0.670 0.707
vn 0.320 0.947 0.000
vn 0.158 0.987 0.000
vn 0.111 0.698 -0.707
vn 0.000 0.000 -1.000
vn -0.111 -0.698 -0.707
vn -0.158 -0.987 -0.000
vn -0.111 -0.698 0.707
vn -0.000 -0.000 1.000
vn 0.111 0.698 0.707
vn 0.158 0.987 0.000
vn 0.001 1.000 0.000
vn 0.001 0.707 -0.707
vn 0.000 0.000 -1.000
vn -0.001 -0.707 -0.707
vn -0.001 -1.000 -0.000
vn -0.001 -0.707 0.707
vn -0.000 -0.000 1.000
vn 0.001 0.707 0.707
vn 0.001 1.000 0.000
vn 0.006 1.000 0.000
vn 0.004 0.707 -0.707
vn 0.000 0.000 -1.000
vn -0.004 -0.707 -0.707
vn -0.006 -1.000 -0.000
vn -0.004 -0.707 0.707
vn -0.000 -0.000 1.000
vn 0.004 0.707 0.707
vn 0.006 1.000 0.000
vn 0.316 0.949 0.000
vn 0.224 0.671 -0.707
vn 0.000 0.000 -1.000
vn -0.224 -0.671 -0.707
vn -0.316 -0.949 -0.000
vn -0.224 -0.671 0.707
vn -0.000 -0.000 1.000
vn 0.224 0.671 0.707
vn 0.316 0.949 0.000
vn 0.707 0.707 -0.000
vn 0.500 0.500 -0.707
vn -0.000 0.000 -1.000
vn -0.500 -0.500 -0.707
vn -0.707 -0.707 0.000
vn -0.500 -0.500 0.707
vn 0.000 -0.000 1.000
vn 0.500 0.500 0.707
vn 0.707 0.707 -0.000
vn 0.949 0.316 -0.000
vn 0.671 0.224 -0.707
vn -0.000 -0.000 -1.000
vn -0.671 -0.224 -0.707
vn -0.949 -0.316 0.000
vn -0.671 -0.224 0.707
vn 0.000 0.000 1.000
vn 0.671 0.224 0.707
vn 0.949 0.316 -0.000
vn 0.999 0.042 -0.000
vn 0.706 0.030 -0.707
vn -0.000 -0.000 -1.000
vn -0.706 -0.030 -0.707
vn -0.999 -0.042 0.000
vn -0.706 -0.030 0.707
vn 0.000 0.000 1.000
vn 0.706 0.030 0.707
vn 0.999 0.042 -0.000
vn 1.000 0.000 -0.000
vn 0.707 0.000 -0.707
vn -0.000 0.000 -1.000
vn -0.707 0.000 -0.707
vn -1.000 0.000 0.000
vn -0.707 -0.000 0.707
vn 0.000 -0.000 1.000
vn 0.707 0.000 0.707
vn 1.000 0.000 -0.000
vn 0.795 -0.606 -0.000
vn 0.795 -0.606 -0.000
vn 0.795 -0.606 -0.000
vn 0.795 -0.606 -0.000
vn 0.795 -0.606 -0.000
vn 0.795 -0.606 -0.000
vn 0.795 -0.606 -0.000
vn 0.795 -0.606 -0.000
vn 0.795 -0.606 -0.000
vn 0.000 1.000 0.000
vn 0.000 1.000 0.000
vn 0.000 1.000 0.000
vn 0.000 1.000 0.000
vn 0.000 1.000 0.000
vn 0.000 1.000 0.000
vn 0.000 1.000 0.000
vn 0.000 1.000 0.000
vn 0.000 1.000 0.000
vn 0.577 -0.577 0.577
vn 0.707 -0.707 0.000
vn 0.707 -0.707 0.000
vn 0.577 -0.577 -0.577
vn 0.707 0.000 0.707
vn 1.000 0.000 0.000
vn 1.000 0.000 0.000
vn 0.707 0.000 -0.707
vn 0.707 0.000 0.707
vn 1.000 0.000 0.000
vn 1.000 0.000 0.000
vn 0.707 0.000 -0.707
vn 0.577 0.577 0.577
vn 0.707 0.707 0.000
vn 0.707 0.707 0.000
vn 0.577 0.577 -0.577
vn -0.577 -0.577 -0.577
vn -0.707 -0.707 0.000
vn -0.707 -0.707 0.000
vn -0.577 -0.577 0.577
vn -0.707 0.000 -0.707
vn -1.000 0.000 0.000
vn -1.000 0.000 0.000
vn -0.707 0.000 0.707
vn -0.707 0.000 -0.707
vn -1.000 0.000 0.000
vn -1.000 0.000 0.000
vn -0.707 0.000 0.707
vn -0.577 0.577 -0.577
vn -0.707 0.707 0.000
vn -0.707 0.707 0.000
vn -0.577 0.577 0.577
vn -0.577 0.577 0.577
vn 0.000 0.707 0.707
vn 0.000 0.707 0.707
vn 0.577 0.577 0.577
vn -0.707 0.707 0.000
vn 0.000 1.000 0.000
vn 0.000 1.000 0.000
vn 0.707 0.707 0.000
vn -0.707 0.707 0.000
vn 0.000 1.000 0.000
vn 0.000 1.000 0.000
vn 0.707 0.707 0.000
vn -0.577 0.577 -0.577
vn 0.000 0.707 -0.707
vn 0.000 0.707 -0.707
vn 0.577 0.577 -0.577
vn -0.577 -0.577 -0.577
vn 0.000 -0.707 -0.707
vn 0.000 -0.707 -0.707
vn 0.577 -0.577 -0.577
vn -0.707 -0.707 0.000
vn 0.000 -1.000 0.000
vn 0.000 -1.000 0.000
vn 0.707 -0.707 0.000
vn -0.707 -0.707 0.000
vn 0.000 -1.000 0.000
vn 0.000 -1.000 0.000
vn 0.707 -0.707 0.000
vn -0.577 -0.577 0.577
vn 0.000 -0.707 0.707
vn 0.000 -0.707 0.707
vn 0.577 -0.577 0.577
vn -0.577 -0.577 0.577
vn 0.000 -0.707 0.707
vn 0.000 -0.707 0.707
vn 0.577 -0.577 0.577
vn -0.707 0.000 0.707
vn 0.000 0.000 1.000
vn 0.000 0.000 1.000
vn 0.707 0.000 0.707
vn -0.707 0.000 0.707
vn 0.000 0.000 1.000
vn 0.000 0.000 1.000
vn 0.707 0.000 0.707
vn -0.577 0.577 0.577
vn 0.000 0.707 0.707
vn 0.000 0.707 0.707
vn 0.577 0.577 0.577
vn 0.577 -0.577 -0.577
vn 0.000 -0.707 -0.707
vn 0.000 -0.707 -0.707
vn -0.577 -0.577 -0.577
vn 0.707 0.000 -0.707
vn 0.000 0.000 -1.000
vn 0.000 0.000 -1.000
vn -0.707 0.000 -0.707
vn 0.707 0.000 -0.707
vn 0.000 0.000 -1.000
vn 0.000 0.000 -1.000
vn -0.707 0.000 -0.707
vn 0.577 0.577 -0.577
vn 0.000 0.707 -0.707
vn 0.000 0.707 -0.707
vn -0.577 0.577 -0.577
vn 0.606 0.795 0.000
vn 0.429 0.562 -0.707
vn 0.000 0.000 -1.000
vn -0.429 -0.562 -0.707
vn -0.606 -0.795 -0.000
vn -0.429 -0.562 0.707
vn -0.000 -0.000 1.000
vn 0.429 0.562 0.707
vn 0.606 0.795 0.000
vn 0.604 0.797 0.000
vn 0.427 0.564 -0.707
vn 0.000 0.000 -1.000
vn -0.427 -0.564 -0.707
vn -0.604 -0.797 -0.000
vn -0.427 -0.564 0.707
vn -0.000 -0.000 1.000
vn 0.427 0.564 0.707
vn 0.604 0.797 0.000
vn 0.473 0.881 0.000
vn 0.334 0.623 -0.707
vn 0.000 0.000 -1.000
vn -0.334 -0.623 -0.707
vn -0.473 -0.881 -0.000
vn -0.334 -0.623 0.707
vn -0.000 -0.000 1.000
vn 0.334 0.623 0.707
vn 0.473 0.881 0.000
vn 0.320 0.947 0.000
vn 0.226 0.670 -0.707
vn 0.000 0.000 -1.000
vn -0.226 -0.670 -0.707
vn -0.320 -0.947 -0.000
vn -0.226 -0.670 0.707
vn -0.000 -0.000 1.000
vn 0.226 0.670 0.707
vn 0.320 0.947 0.000
vn 0.158 0.987 0.000
vn 0.111 0.698 -0.707
vn 0.000 0.000 -1.000
vn -0.111 -0.698 -0.707
vn -0.158 -0.987 -0.000
vn -0.111 -0.698 0.707
vn -0.000 -0.000 1.000
vn 0.111 0.698 0.707
vn 0.158 0.987 0.000
vn 0.001 1.000 0.000
vn 0.001 0.707 -0.707
vn 0.000 0.000 -1.000
vn -0.001 -0.707 -0.707
vn -0.001 -1.000 -0.000
vn -0.001 -0.707 0.707
vn -0.000 -0.000 1.000
vn 0.001 0.707 0.707
vn 0.001 1.000 0.000
vn 0.006 1.000 0.000
vn 0.004 0.707 -0.707
vn 0.000 0.000 -1.000
vn -0.004 -0.707 -0.707
vn -0.006 -1.000 -0.000
vn -0.004 -0.707 0.707
vn -0.000 -0.000 1.000
vn 0.004 0.707 0.707
vn 0.006 1.000 0.000
vn 0.316 0.949 0.000
vn 0.224 0.671 -0.707
vn 0.000 0.000 -1.000
vn -0.224 -0.671 -0.707
vn -0.316 -0.949 -0.000
vn -0.224 -0.671 0.707
vn -0.000 -0.000 1.000
vn 0.224 0.671 0.707
vn 0.316 0.949 0.000
vn 0.707 0.707 0.000
vn 0.500 0.500 -0.707
vn 0.000 0.000 -1.000
vn -0.500 -0.500 -0.707
vn -0.707 -0.707 -0.000
vn -0.500 -0.500 0.707
vn -0.000 -0.000 1.000
vn 0.500 0.500 0.707
vn 0.707 0.707 0.000
vn 0.949 0.316 0.000
vn 0.671 0.224 -0.707
vn 0.000 0.000 -1.000
vn -0.671 -0.224 -0.707
vn -0.949 -0.316 -0.000
vn -0.671 -0.224 0.707
vn -0.000 -0.000 1.000
vn 0.671 0.224 0.707
vn 0.949 0.316 0.000
vn 0.999 0.042 0.000
vn 0.706 0.030 -0.707
vn 0.000 0.000 -1.000
vn -0.706 -0.030 -0.707
vn -0.999 -0.042 -0.000
vn -0.706 -0.030 0.707
vn -0.000 -0.000 1.000
vn 0.706 0.030 0.707
vn 0.999 0.042 0.000
vn 1.000 0.000 0.000
vn 0.707 0.000 -0.707
vn 0.000 0.000 -1.000
vn -0.707 0.000 -0.707
vn -1.000 0.000 -0.000
vn -0.707 -0.000 0.707
vn -0.000 -0.000 1.000
vn 0.707 0.000 0.707
vn 1.000 0.000 0.000
vn 0.795 -0.606 -0.000
vn 0.795 -0.606 -0.000
vn 0.795 -0.606 -0.000
vn 0.795 -0.606 -0.000
vn 0.795 -0.606 -0.000
vn 0.795 -0.606 -0.000
vn 0.795 -0.606 -0.000
vn 0.795 -0.606 -0.000
vn 0.795 -0.606 -0.000
vn 0.000 1.000 0.000
vn 0.000 1.000 0.000
vn 0.000 1.000 0.000
vn 0.000 1.000 0.000
vn 0.000 1.000 0.000
vn 0.000 1.000 0.000
vn 0.000 1.000 0.000
vn 0.000 1.000 0.000
vn 0.000 1.000 0.000
vn 0.577 -0.577 0.577
vn 0.707 -0.707 0.000
vn 0.707 -0.707 0.000
vn 0.577 -0.577 -0.577
vn 0.707 0.000 0.707
vn 1.000 0.000 0.000
vn 1.000 0.000 0.000
vn 0.707 0.000 -0.707
vn 0.707 0.000 0.707
vn 1.000 0.000 0.000
vn 1.000 0.000 0.000
vn 0.707 0.000 -0.707
vn 0.577 0.577 0.577
vn 0.707 0.707 0.000
vn 0.707 0.707 0.000
vn 0.577 0.577 -0.577
vn -0.577 -0.577 -0.577
vn -0.707 -0.707 0.000
vn -0.707 -0.707 0.000
vn -0.577 -0.577 0.577
vn -0.707 0.000 -0.707
vn -1.000 0.000 0.000
vn -1.000 0.000 0.000
vn -0.707 0.000 0.707
vn -0.707 0.000 -0.707
vn -1.000 0.000 0.000
vn -1.000 0.000 0.000
vn -0.707 0.000 0.707
vn -0.577 0.577 -0.577
vn -0.707 0.707 0.000
vn -0.707 0.707 0.000
vn -0.577 0.577 0.577
vn -0.577 0.577 0.577
vn 0.000 0.707 0.707
vn 0.000 0.707 0.707
vn 0.577 0.577 0.577
vn -0.707 0.707 0.000
vn 0.000 1.000 0.000
vn 0.000 1.000 0.000
vn 0.707 0.707 0.000
vn -0.707 0.707 0.000
vn 0.000 1.000 0.000
vn 0.000 1.000 0.000
vn 0.707 0.707 0.000
vn -0.577 0.577 -0.577
vn 0.000 0.707 -0.707
vn 0.000 0.707 -0.707
vn 0.577 0.577 -0.577
vn -0.577 -0.577 -0.577
vn 0.000 -0.707 -0.707
vn 0.000 -0.707 -0.707
vn 0.577 -0.577 -0.577
vn -0.707 -0.707 0.000
vn 0.000 -1.000 0.000
vn 0.000 -1.000 0.000
vn 0.707 -0.707 0.000
vn -0.707 -0.707 0.000
vn 0.000 -1.000 0.000
vn 0.000 -1.000 0.000
vn 0.707 -0.707 0.000
vn -0.577 -0.577 0.577
vn 0.000 -0.707 0.707
vn 0.000 -0.707 0.707
vn 0.577 -0.577 0.577
vn -0.577 -0.577 0.577
vn 0.000 -0.707 0.707
vn 0.000 -0.707 0.707
vn 0.577 -0.577 0.577
vn -0.707 0.000 0.707
vn 0.000 0.000 1.000
vn 0.000 0.000 1.000
vn 0.707 0.000 0.707
vn -0.707 0.000 0.707
vn 0.000 0.000 1.000
vn 0.000 0.000 1.000
vn 0.707 0.000 0.707
vn -0.577 0.577 0.577
vn 0.000 0.707 0.707
vn 0.000 0.707 0.707
vn 0.577 0.577 0.577
vn 0.577 -0.577 -0.577
vn 0.000 -0.707 -0.707
vn 0.000 -0.707 -0.707
vn -0.577 -0.577 -0.577
vn 0.707 0.000 -0.707
vn 0.000 0.000 -1.000
vn 0.000 0.000 -1.000
vn -0.707 0.000 -0.707
vn 0.707 0.000 -0.707
vn 0.000 0.000 -1.000
vn 0.000 0.000 -1.000
vn -0.707 0.000 -0.707
vn 0.577 0.577 -0.577
vn 0.000 0.707 -0.707
vn 0.000 0.707 -0.707
vn -0.577 0.577 -0.577
vn 0.606 0.795 0.000
vn 0.429 0.562 -0.707
vn 0.000 0.000 -1.000
vn -0.429 -0.562 -0.707
vn -0.606 -0.795 -0.000
vn -0.429 -0.562 0.707
vn -0.000 -0.000 1.000
vn 0.429 0.562 0.707
vn 0.606 0.795 0.000
vn 0.604 0.797 0.000
vn 0.427 0.564 -0.707
vn 0.000 0.000 -1.000
vn -0.427 -0.564 -0.707
vn -0.604 -0.797 -0.000
vn -0.427 -0.564 0.707
vn -0.000 -0.000 1.000
vn 0.427 0.564 0.707
vn 0.604 0.797 0.000
vn 0.473 0.881 0.000
vn 0.334 0.623 -0.707
vn 0.000 0.000 -1.000
vn -0.334 -0.623 -0.707
vn -0.473 -0.881 -0.000
vn -0.334 -0.623 0.707
vn -0.000 -0.000 1.000
vn 0.334 0.623 0.707
vn 0.473 0.881 0.000
vn 0.320 0.947 0.000
vn 0.226 0.670 -0.707
vn 0.000 0.000 -1.000
vn -0.226 -0.670 -0.707
vn -0.320 -0.947 -0.000
vn -0.226 -0.670 0.707
vn -0.000 -0.000 1.000
vn 0.226 0.670 0.707
vn 0.320 0.947 0.000
vn 0.158 0.987 0.000
vn 0.111 0.698 -0.707
vn 0.000 0.000 -1.000
vn -0.111 -0.698 -0.707
vn -0.158 -0.987 -0.000
vn -0.111 -0.698 0.707
vn -0.000 -0.000 1.000
vn 0.111 0.698 0.707
vn 0.158 0.987 0.000
vn 0.001 1.000 0.000
vn 0.001 0.707 -0.707
vn 0.000 0.000 -1.000
vn -0.001 -0.707 -0.707
vn -0.001 -1.000 -0.000
vn -0.001 -0.707 0.707
vn -0.000 -0.000 1.000
vn 0.001 0.707 0.707
vn 0.001 1.000 0.000
vn 0.006 1.000 0.000
vn 0.004 0.707 -0.707
vn 0.000 0.000 -1.000
vn -0.004 -0.707 -0.707
vn -0.006 -1.000 -0.000
vn -0.004 -0.707 0.707
vn -0.000 -0.000 1.000
vn 0.004 0.707 0.707
vn 0.006 1.000 0.000
vn 0.316 0.949 0.000
vn 0.224 0.671 -0.707
vn 0.000 0.000 -1.000
vn -0.224 -0.671 -0.707
vn -0.316 -0.949 -0.000
vn -0.224 -0.671 0.707
vn -0.000 -0.000 1.000
vn 0.224 0.671 0.707
vn 0.316 0.949 0.000
vn 0.707 0.707 0.000
vn 0.500 0.500 -0.707
vn 0.000 0.000 -1.000
vn -0.500 -0.500 -0.707
vn -0.707 -0.707 -0.000
vn -0.500 -0.500 0.707
vn -0.000 -0.000 1.000
vn 0.500 0.500 0.707
vn 0.707 0.707 0.000
vn 0.949 0.316 0.000
vn 0.671 0.224 -0.707
vn 0.000 0.000 -1.000
vn -0.671 -0.224 -0.707
vn -0.949 -0.316 -0.000
vn -0.671 -0.224 0.707
vn -0.000 -0.000 1.000
vn 0.671 0.224 0.707
vn 0.949 0.316 0.000
vn 0.999 0.042 0.000
vn 0.706 0.030 -0.707
vn 0.000 0.000 -1.000
vn -0.706 -0.030 -0.707
vn -0.999 -0.042 -0.000
vn -0.706 -0.030 0.707
vn -0.000 -0.000 1.000
vn 0.706 0.030 0.707
vn 0.999 0.042 0.000
vn 1.000 0.000 0.000
vn 0.707 0.000 -0.707
vn 0.000 0.000 -1.000
vn -0.707 0.000 -0.707
vn -1.000 0.000 -0.000
vn -0.707 -0.000 0.707
vn -0.000 -0.000 1.000
vn 0.707 0.000 0.707
vn 1.000 0.000 0.000
vn 0.795 -0.606 -0.000
vn 0.795 -0.606 -0.000
vn 0.795 -0.606 -0.000
vn 0.795 -0.606 -0.000
vn 0.795 -0.606 -0.000
vn 0.795 -0.606 -0.000
vn 0.795 -0.606 -0.000
vn 0.795 -0.606 -0.000
vn 0.795 -0.606 -0.000
vn 0.000 1.000 0.000
vn 0.000 1.000 0.000
vn 0.000 1.000 0.000
vn 0.000 1.000 0.000
vn 0.000 1.000 0.000
vn 0.000 1.000 0.000
vn 0.000 1.000 0.000
vn 0.000 1.000 0.000
vn 0.000 1.000 0.000
vn 0.577 -0.577 0.577
vn 0.707 -0.707 0.000
vn 0.707 -0.707 0.000
vn 0.577 -0.577 -0.577
vn 0.707 0.000 0.707
vn 1.000 0.000 0.000
vn 1.000 0.000 0.000
vn 0.707 0.000 -0.707
vn 0.707 0.000 0.707
vn 1.000 0.000 0.000
vn 1.000 0.000 0.000
vn 0.707 0.000 -0.707
vn 0.577 0.577 0.577
vn 0.707 0.707 0.000
vn 0.707 0.707 0.000
vn 0.577 0.577 -0.577
vn -0.577 -0.577 -0.577
vn -0.707 -0.707 0.000
vn -0.707 -0.707 0.000
vn -0.577 -0.577 0.577
vn -0.707 0.000 -0.707
vn -1.000 0.000 0.000
vn -1.000 0.000 0.000
vn -0.707 0.000 0.707
vn -0.707 0.000 -0.707
vn -1.000 0.000 0.000
vn -1.000 0.000 0.000
vn -0.707 0.000 0.707
vn -0.577 0.577 -0.577
vn -0.707 0.707 0.000
vn -0.707 0.707 0.000
vn -0.577 0.577 0.577
vn -0.577 0.577 0.577
vn 0.000 0.707 0.707
vn 0.000 0.707 0.707
vn 0.577 0.577 0.577
vn -0.707 0.707 0.000
vn 0.000 1.000 0.000
vn 0.000 1.000 0.000
vn 0.707 0.707 0.000
vn -0.707 0.707 0.000
vn 0.000 1.000 0.000
vn 0.000 1.000 0.000
vn 0.707 0.707 0.000
vn -0.577 0.577 -0.577
vn 0.000 0.707 -0.707
vn 0.000 0.707 -0.707
vn 0.577 0.577 -0.577
vn -0.577 -0.577 -0.577
vn 0.000 -0.707 -0.707
vn 0.000 -0.707 -0.707
vn 0.577 -0.577 -0.577
vn -0.707 -0.707 0.000
vn 0.000 -1.000 0.000
vn 0.000 -1.000 0.000
vn 0.707 -0.707 0.000
vn -0.707 -0.707 0.000
vn 0.000 -1.000 0.000
vn 0.000 -1.000 0.000
vn 0.707 -0.707 0.000
vn -0.577 -0.577 0.577
vn 0.000 -0.707 0.707
vn 0.000 -0.707 0.707
vn 0.577 -0.577 0.577
vn -0.577 -0.577 0.577
vn 0.000 -0.707 0.707
vn 0.000 -0.707 0.707
vn 0.577 -0.577 0.577
vn -0.707 0.000 0.707
vn 0.000 0.000 1.000
vn 0.000 0.000 1.000
vn 0.707 0.000 0.707
vn -0.707 0.000 0.707
vn 0.000 0.000 1.000
vn 0.000 0.000 1.000
vn 0.707 0.000 0.707
vn -0.577 0.577 0.577
vn 0.000 0.707 0.707
vn 0.000 0.707 0.707
vn 0.577 0.577 0.577
vn 0.577 -0.577 -0.577
vn 0.000 -0.707 -0.707
vn 0.000 -0.707 -0.707
vn -0.577 -0.577 -0.577
vn 0.707 0.000 -0.707
vn 0.000 0.000 -1.000
vn 0.000 0.000 -1.000
vn -0.707 0.000 -0.707
vn 0.707 0.000 -0.707
vn 0.000 0.000 -1.000
vn 0.000 0.000 -1.000
vn -0.707 0.000 -0.707
vn 0.577 0.577 -0.577
vn 0.000 0.707 -0.707
vn 0.000 0.707 -0.707
vn -0.577 0.577 -0.577
vn 0.606 0.795 0.000
vn 0.429 0.562 -0.707
vn 0.000 0.000 -1.000
vn -0.429 -0.562 -0.707
vn -0.606 -0.795 -0.000
vn -0.429 -0.562 0.707
vn -0.000 -0.000 1.000
vn 0.429 0.562 0.707
vn 0.606 0.795 0.000
vn 0.604 0.797 0.000
vn 0.427 0.564 -0.707
vn 0.000 0.000 -1.000
vn -0.427 -0.564 -0.707
vn -0.604 -0.797 -0.000
vn -0.427 -0.564 0.707
vn -0.000 -0.000 1.000
vn 0.427 0.564 0.707
vn 0.604 0.797 0.000
vn 0.473 0.881 0.000
vn 0.334 0.623 -0.707
vn 0.000 0.000 -1.000
vn -0.334 -0.623 -0.707
vn -0.473 -0.881 -0.000
vn -0.334 -0.623 0.707
vn -0.000 -0.000 1.000
vn 0.334 0.623 0.707
vn 0.473 0.881 0.000
vn 0.320 0.947 0.000
vn 0.226 0.670 -0.707
vn 0.000 0.000 -1.000
vn -0.226 -0.670 -0.707
vn -0.320 -0.947 -0.000
vn -0.226 -0.670 0.707
vn -0.000 -0.000 1.000
vn 0.226 0.670 0.707
vn 0.320 0.947 0.000
vn 0.158 0.987 0.000
vn 0.111 0.698 -0.707
vn 0.000 0.000 -1.000
vn -0.111 -0.698 -0.707
vn -0.158 -0.987 -0.000
vn -0.111 -0.698 0.707
vn -0.000 -0.000 1.000
vn 0.111 0.698 0.707
vn 0.158 0.987 0.000
vn 0.001 1.000 0.000
vn 0.001 0.707 -0.707
vn 0.000 0.000 -1.000
vn -0.001 -0.707 -0.707
vn -0.001 -1.000 -0.000
vn -0.001 -0.707 0.707
vn -0.000 -0.000 1.000
vn 0.001 0.707 0.707
vn 0.001 1.000 0.000
vn 0.006 1.000 0.000
vn 0.004 0.707 -0.707
vn 0.000 0.000 -1.000
vn -0.004 -0.707 -0.707
vn -0.006 -1.000 -0.000
vn -0.004 -0.707 0.707
vn -0.000 -0.000 1.000
vn 0.004 0.707 0.707
vn 0.006 1.000 0.000
vn 0.316 0.949 0.000
vn 0.224 0.671 -0.707
vn 0.000 0.000 -1.000
vn -0.224 -0.671 -0.707
vn -0.316 -0.949 -0.000
vn -0.224 -0.671 0.707
vn -0.000 -0.000 1.000
vn 0.224 0.671 0.707
vn 0.316 0.949 0.000
vn 0.707 0.707 0.000
vn 0.500 0.500 -0.707
vn 0.000 0.000 -1.000
vn -0.500 -0.500 -0.707
vn -0.707 -0.707 -0.000
vn -0.500 -0.500 0.707
vn -0.000 -0.000 1.000
vn 0.500 0.500 0.707
vn 0.707 0.707 0.000
vn 0.949 0.316 0.000
vn 0.671 0.224 -0.707
vn 0.000 0.000 -1.000
vn -0.671 -0.224 -0.707
vn -0.949 -0.316 -0.000
vn -0.671 -0.224 0.707
vn -0.000 -0.000 1.000
vn 0.671 0.224 0.707
vn 0.949 0.316 0.000
vn 0.999 0.042 0.000
vn 0.706 0.030 -0.707
vn 0.000 0.000 -1.000
vn -0.706 -0.030 -0.707
vn -0.999 -0.042 -0.000
vn -0.706 -0.030 0.707
vn -0.000 -0.000 1.000
vn 0.706 0.030 0.707
vn 0.999 0.042 0.000
vn 1.000 0.000 0.000
vn 0.707 0.000 -0.707
vn 0.000 0.000 -1.000
vn -0.707 0.000 -0.707
vn -1.000 0.000 -0.000
vn -0.707 -0.000 0.707
vn -0.000 -0.000 1.000
vn 0.707 0.000 0.707
vn 1.000 0.000 0.000
vn 0.795 -0.606 -0.000
vn 0.795 -0.606 -0.000
vn 0.795 -0.606 -0.000
vn 0.795 -0.606 -0.000
vn 0.795 -0.606 -0.000
vn 0.795 -0.606 -0.000
vn 0.795 -0.606 -0.000
vn 0.795 -0.606 -0.000
vn 0.795 -0.606 -0.000
vn 0.000 1.000 0.000
vn 0.000 1.000 0.000
vn 0.000 1.000 0.000
vn 0.000 1.000 0.000
vn 0.000 1.000 0.000
vn 0.000 1.000 0.000
vn 0.000 1.000 0.000
vn 0.000 1.000 0.000
vn 0.000 1.000 0.000
vn 0.577 -0.577 0.577
vn 0.707 -0.707 0.000
vn 0.707 -0.707 0.000
vn 0.577 -0.577 -0.577
vn 0.707 0.000 0.707
vn 1.000 0.000 0.000
vn 1.000 0.000 0.000
vn 0.707 0.000 -0.707
vn 0.707 0.000 0.707
vn 1.000 0.000 0.000
vn 1.000 0.000 0.000
vn 0.707 0.000 -0.707
vn 0.577 0.577 0.577
vn 0.707 0.707 0.000
vn 0.707 0.707 0.000
vn 0.577 0.577 -0.577
vn -0.577 -0.577 -0.577
vn -0.707 -0.707 0.000
vn -0.707 -0.707 0.000
vn -0.577 -0.577 0.577
vn -0.707 0.000 -0.707
vn -1.000 0.000 0.000
vn -1.000 0.000 0.000
vn -0.707 0.000 0.707
vn -0.707 0.000 -0.707
vn -1.000 0.000 0.000
vn -1.000 0.000 0.000
vn -0.707 0.000 0.707
vn -0.577 0.577 -0.577
vn -0.707 0.707 0.000
vn -0.707 0.707 0.000
vn -0.577 0.577 0.577
vn -0.577 0.577 0.577
vn 0.000 0.707 0.707
vn 0.000 0.707 0.707
vn 0.577 0.577 0.577
vn -0.707 0.707 0.000
vn 0.000 1.000 0.000
vn 0.000 1.000 0.000
vn 0.707 0.707 0.000
vn -0.707 0.707 0.000
vn 0.000 1.000 0.000
vn 0.000 1.000 0.000
vn 0.707 0.707 0.000
vn -0.577 0.577 -0.577
vn 0.000 0.707 -0.707
vn 0.000 0.707 -0.707
vn 0.577 0.577 -0.577
vn -0.577 -0.577 -0.577
vn 0.000 -0.707 -0.707
vn 0.000 -0.707 -0.707
vn 0.577 -0.577 -0.577
vn -0.707 -0.707 0.000
vn 0.000 -1.000 0.000
vn 0.000 -1.000 0.000
vn 0.707 -0.707 0.000
vn -0.707 -0.707 0.000
vn 0.000 -1.000 0.000
vn 0.000 -1.000 0.000
vn 0.707 -0.707 0.000
vn -0.577 -0.577 0.577
vn 0.000 -0.707 0.707
vn 0.000 -0.707 0.707
vn 0.577 -0.577 0.577
vn -0.577 -0.577 0.577
vn 0.000 -0.707 0.707
vn 0.000 -0.707 0.707
vn 0.577 -0.577 0.577
vn -0.707 0.000 0.707
vn 0.000 0.000 1.000
vn 0.000 0.000 1.000
vn 0.707 0.000 0.707
vn -0.707 0.000 0.707
vn 0.000 0.000 1.000
vn 0.000 0.000 1.000
vn 0.707 0.000 0.707
vn -0.577 0.577 0.577
vn 0.000 0.707 0.707
vn 0.000 0.707 0.707
vn 0.577 0.577 0.577
vn 0.577 -0.577 -0.577
vn 0.000 -0.707 -0.707
vn 0.000 -0.707 -0.707
vn -0.577 -0.577 -0.577
vn 0.707 0.000 -0.707
vn 0.000 0.000 -1.000
vn 0.000 0.000 -1.000
vn -0.707 0.000 -0.707
vn 0.707 0.000 -0.707
vn 0.000 0.000 -1.000
vn 0.000 0.000 -1.000
vn -0.707 0.000 -0.707
vn 0.577 0.577 -0.577
vn 0.000 0.707 -0.707
vn 0.000 0.707 -0.707
vn -0.577 0.577 -0.577
vn 0.606 0.795 0.000
vn 0.429 0.562 -0.707
vn 0.000 0.000 -1.000
vn -0.429 -0.562 -0.707
vn -0.606 -0.795 -0.000
vn -0.429 -0.562 0.707
vn -0.000 -0.000 1.000
vn 0.429 0.562 0.707
vn 0.606 0.795 0.000
vn 0.604 0.797 0.000
vn 0.427 0.564 -0.707
vn 0.000 0.000 -1.000
vn -0.427 -0.564 -0.707
vn -0.604 -0.797 -0.000
vn -0.427 -0.564 0.707
vn -0.000 -0.000 1.000
vn 0.427 0.564 0.707
vn 0.604 0.797 0.000
vn 0.473 0.881 0.000
vn 0.334 0.623 -0.707
vn 0.000 0.000 -1.000
vn -0.334 -0.623 -0.707
vn -0.473 -0.881 -0.000
vn -0.334 -0.623 0.707
vn -0.000 -0.000 1.000
vn 0.334 0.623 0.707
vn 0.473 0.881 0.000
vn 0.320 0.947 0.000
vn 0.226 0.670 -0.707
vn 0.000 0.000 -1.000
vn -0.226 -0.670 -0.707
vn -0.320 -0.947 -0.000
vn -0.226 -0.670 0.707
vn -0.000 -0.000 1.000
vn 0.226 0.670 0.707
vn 0.320 0.947 0.000
vn 0.158 0.987 0.000
vn 0.111 0.698 -0.707
vn 0.000 0.000 -1.000
vn -0.111 -0.698 -0.707
vn -0.158 -0.987 -0.000
vn -0.111 -0.698 0.707
vn -0.000 -0.000 1.000
vn 0.111 0.698 0.707
vn 0.158 0.987 0.000
vn 0.001 1.000 0.000
vn 0.001 0.707 -0.707
vn 0.000 0.000 -1.000
vn -0.001 -0.707 -0.707
vn -0.001 -1.000 -0.000
vn -0.001 -0.707 0.707
vn -0.000 -0.000 1.000
vn 0.001 0.707 0.707
vn 0.001 1.000 0.000
vn 0.006 1.000 0.000
vn 0.004 0.707 -0.707
vn 0.000 0.000 -1.000
vn -0.004 -0.707 -0.707
vn -0.006 -1.000 -0.000
vn -0.004 -0.707 0.707
vn -0.000 -0.000 1.000
vn 0.004 0.707 0.707
vn 0.006 1.000 0.000
vn 0.316 0.949 0.000
vn 0.224 0.671 -0.707
vn 0.000 0.000 -1.000
vn -0.224 -0.671 -0.707
vn -0.316 -0.949 -0.000
vn -0.224 -0.671 0.707
vn -0.000 -0.000 1.000
vn 0.224 0.671 0.707
vn 0.316 0.949 0.000
vn 0.707 0.707 0.000
vn 0.500 0.500 -0.707
vn 0.000 0.000 -1.000
vn -0.500 -0.500 -0.707
vn -0.707 -0.707 -0.000
vn -0.500 -0.500 0.707
vn -0.000 -0.000 1.000
vn 0.500 0.500 0.707
vn 0.707 0.707 0.000
vn 0.949 0.316 0.000
vn 0.671 0.224 -0.707
vn 0.000 0.000 -1.000
vn -0.671 -0.224 -0.707
vn -0.949 -0.316 -0.000
vn -0.671 -0.224 0.707
vn -0.000 -0.000 1.000
vn 0.671 0.224 0.707
vn 0.949 0.316 0.000
vn 0.999 0.042 0.000
vn 0.706 0.030 -0.707
vn 0.000 0.000 -1.000
vn -0.706 -0.030 -0.707
vn -0.999 -0.042 -0.000
vn -0.706 -0.030 0.707
vn -0.000 -0.000 1.000
vn 0.706 0.030 0.707
vn 0.999 0.042 0.000
vn 1.000 0.000 0.000
vn 0.707 0.000 -0.707
vn 0.000 0.000 -1.000
vn -0.707 0.000 -0.707
vn -1.000 0.000 -0.000
vn -0.707 -0.000 0.707
vn -0.000 -0.000 1.000
vn 0.707 0.000 0.707
vn 1.000 0.000 0.000
vn 0.795 -0.606 -0.000
vn 0.795 -0.606 -0.000
vn 0.795 -0.606 -0.000
vn 0.795 -0.606 -0.000
vn 0.795 -0.606 -0.000
vn 0.795 -0.606 -0.000
vn 0.795 -0.606 -0.000
vn 0.795 -0.606 -0.000
vn 0.795 -0.606 -0.000
vn 0.000 1.000 0.000
vn 0.000 1.000 0.000
vn 0.000 1.000 0.000
vn 0.000 1.000 0.000
vn 0.000 1.000 0.000
vn 0.000 1.000 0.000
vn 0.000 1.000 0.000
vn 0.000 1.000 0.000
vn 0.000 1.000 0.000
vn 0.577 -0.577 0.577
vn 0.707 -0.707 0.000
vn 0.707 -0.707 0.000
vn 0.577 -0.577 -0.577
vn 0.707 0.000 0.707
vn 1.000 0.000 0.000
vn 1.000 0.000 0.000
vn 0.707 0.000 -0.707
vn 0.707 0.000 0.707
vn 1.000 0.000 0.000
vn 1.000 0.000 0.000
vn 0.707 0.000 -0.707
vn 0.577 0.577 0.577
vn 0.707 0.707 0.000
vn 0.707 0.707 0.000
vn 0.577 0.577 -0.577
vn -0.577 -0.577 -0.577
vn -0.707 -0.707 0.000
vn -0.707 -0.707 0.000
vn -0.577 -0.577 0.577
vn -0.707 0.000 -0.707
vn -1.000 0.000 0.000
vn -1.000 0.000 0.000
vn -0.707 0.000 0.707
vn -0.707 0.000 -0.707
vn -1.000 0.000 0.000
vn -1.000 0.000 0.000
vn -0.707 0.000 0.707
vn -0.577 0.577 -0.577
vn -0.707 0.707 0.000
vn -0.707 0.707 0.000
vn -0.577 0.577 0.577
vn -0.577 0.577 0.577
vn 0.000 0.707 0.707
vn 0.000 0.707 0.707
vn 0.577 0.577 0.577
vn -0.707 0.707 0.000
vn 0.000 1.000 0.000
vn 0.000 1.000 0.000
vn 0.707 0.707 0.000
vn -0.707 0.707 0.000
vn 0.000 1.000 0.000
vn 0.000 1.000 0.000
vn 0.707 0.707 0.000
vn -0.577 0.577 -0.577
vn 0.000 0.707 -0.707
vn 0.000 0.707 -0.707
vn 0.577 0.577 -0.577
vn -0.577 -0.577 -0.577
vn 0.000 -0.707 -0.707
vn 0.000 -0.707 -0.707
vn 0.577 -0.577 -0.577
vn -0.707 -0.707 0.000
vn 0.000 -1.000 0.000
vn 0.000 -1.000 0.000
vn 0.707 -0.707 0.000
vn -0.707 -0.707 0.000
vn 0.000 -1.000 0.000
vn 0.000 -1.000 0.000
vn 0.707 -0.707 0.000
vn -0.577 -0.577 0.577
vn 0.000 -0.707 0.707
vn 0.000 -0.707 0.707
vn 0.577 -0.577 0.577
vn -0.577 -0.577 0.577
vn 0.000 -0.707 0.707
vn 0.000 -0.707 0.707
vn 0.577 -0.577 0.577
vn -0.707 0.000 0.707
vn 0.000 0.000 1.000
vn 0.000 0.000 1.000
vn 0.707 0.000 0.707
vn -0.707 0.000 0.707
vn 0.000 0.000 1.000
vn 0.000 0.000 1.000
vn 0.707 0.000 0.707
vn -0.577 0.577 0.577
vn 0.000 0.707 0.707
vn 0.000 0.707 0.707
vn 0.577 0.577 0.577
vn 0.577 -0.577 -0.577
vn 0.000 -0.707 -0.707
vn 0.000 -0.707 -0.707
vn -0.577 -0.577 -0.577
vn 0.707 0.000 -0.707
vn 0.000 0.000 -1.000
vn 0.000 0.000 -1.000
vn -0.707 0.000 -0.707
vn 0.707 0.000 -0.707
vn 0.000 0.000 -1.000
vn 0.000 0.000 -1.000
vn -0.707 0.000 -0.707
vn 0.577 0.577 -0.577
vn 0.000 0.707 -0.707
vn 0.000 0.707 -0.707
vn -0.577 0.577 -0.577
vn 0.000 1.000 0.000
vn -0.500 0.866 0.000
vn -0.866 0.500 0.000
vn -1.000 0.000 0.000
vn -0.866 -0.500 0.000
vn -0.500 -0.866 0.000
vn -0.000 -1.000 0.000
vn 0.500 -0.866 0.000
vn 0.866 -0.500 0.000
vn 1.000 -0.000 0.000
vn 0.866 0.500 -0.000
vn 0.500 0.866 -0.000
vn 0.000 1.000 -0.000
vn 0.000 1.000 0.000
vn -0.500 0.866 0.000
vn -0.866 0.500 0.000
vn -1.000 0.000 0.000
vn -0.866 -0.500 0.000
vn -0.500 -0.866 0.000
vn -0.000 -1.000 0.000
vn 0.500 -0.866 0.000
vn 0.866 -0.500 0.000
vn 1.000 -0.000 0.000
vn 0.866 0.500 -0.000
vn 0.500 0.866 -0.000
vn 0.000 1.000 -0.000
vn -0.000 -0.000 -1.000
vn -0.000 -0.000 -1.000
vn -0.000 -0.000 -1.000
vn -0.000 -0.000 -1.000
vn -0.000 -0.000 -1.000
vn -0.000 -0.000 -1.000
vn -0.000 -0.000 -1.000
vn -0.000 -0.000 -1.000
vn -0.000 -0.000 -1.000
vn -0.000 -0.000 -1.000
vn -0.000 -0.000 -1.000
vn -0.000 -0.000 -1.000
vn -0.000 -0.000 -1.000
vn 0.000 0.000 1.000
vn 0.000 0.000 1.000
vn 0.000 0.000 1.000
vn 0.000 0.000 1.000
vn 0.000 0.000 1.000
vn 0.000 0.000 1.000
vn 0.000 0.000 1.000
vn 0.000 0.000 1.000
vn 0.000 0.000 1.000
vn 0.000 0.000 1.000
vn 0.000 0.000 1.000
vn 0.000 0.000 1.000
vn 0.000 0.000 1.000
vn 1.000 0.000 0.000
vn 0.707 0.000 -0.707
vn 0.000 0.000 -1.000
vn -0.707 0.000 -0.707
vn -1.000 0.000 -0.000
vn -0.707 0.000 0.707
vn -0.000 0.000 1.000
vn 0.707 -0.000 0.707
vn 1.000 -0.000 0.000
vn 1.000 0.000 0.000
vn 0.707 0.000 -0.707
vn 0.000 0.000 -1.000
vn -0.707 0.000 -0.707
vn -1.000 0.000 -0.000
vn -0.707 0.000 0.707
vn -0.000 0.000 1.000
vn 0.707 -0.000 0.707
vn 1.000 -0.000 0.000
vn -0.000 -1.000 -0.000
vn -0.000 -1.000 -0.000
vn -0.000 -1.000 -0.000
vn -0.000 -1.000 -0.000
vn -0.000 -1.000 -0.000
vn -0.000 -1.000 -0.000
vn -0.000 -1.000 -0.000
vn -0.000 -1.000 -0.000
vn -0.000 -1.000 -0.000
vn 0.000 1.000 0.000
vn 0.000 1.000 0.000
vn 0.000 1.000 0.000
vn 0.000 1.000 0.000
vn 0.000 1.000 0.000
vn 0.000 1.000 0.000
vn 0.000 1.000 0.000
vn 0.000 1.000 0.000
vn 0.000 1.000 0.000
vn 0.000 -1.000 0.000
vn 0.258 -0.966 0.000
vn 0.394 0.919 0.000
vn 0.132 0.991 0.000
vn 0.000 -1.000 0.000
vn 0.223 -0.966 -0.129
vn 0.341 0.919 -0.197
vn 0.114 0.991 -0.066
vn 0.000 -1.000 0.000
vn 0.129 -0.966 -0.223
vn 0.197 0.919 -0.341
vn 0.066 0.991 -0.114
vn 0.000 -1.000 0.000
vn 0.000 -0.966 -0.258
vn 0.000 0.919 -0.394
vn 0.000 0.991 -0.132
vn -0.000 -1.000 -0.000
vn -0.129 -0.966 -0.223
vn -0.197 0.919 -0.341
vn -0.066 0.991 -0.114
vn -0.000 -1.000 -0.000
vn -0.223 -0.966 -0.129
vn -0.341 0.919 -0.197
vn -0.114 0.991 -0.066
vn -0.000 -1.000 -0.000
vn -0.258 -0.966 -0.000
vn -0.394 0.919 -0.000
vn -0.132 0.991 -0.000
vn 0.000 -1.000 0.000
vn -0.223 -0.966 0.129
vn -0.341 0.919 0.197
vn -0.114 0.991 0.066
vn 0.000 -1.000 0.000
vn -0.129 -0.966 0.223
vn -0.197 0.919 0.341
vn -0.066 0.991 0.114
vn 0.000 -1.000 0.000
vn -0.000 -0.966 0.258
vn -0.000 0.919 0.394
vn -0.000 0.991 0.132
vn 0.000 -1.000 0.000
vn 0.129 -0.966 0.223
vn 0.197 0.919 0.341
vn 0.066 0.991 0.114
vn 0.000 -1.000 0.000
vn 0.223 -0.966 0.129
vn 0.341 0.919 0.197
vn 0.114 0.991 0.066
vn 0.000 -1.000 0.000
vn 0.258 -0.966 0.000
vn 0.394 0.919 0.000
vn 0.132 0.991 0.000
vn 1.000 0.000 0.000
vn 0.707 0.000 -0.707
vn 0.000 0.000 -1.000
vn -0.707 0.000 -0.707
vn -1.000 0.000 -0.000
vn -0.707 0.000 0.707
vn -0.000 0.000 1.000
vn 0.707 -0.000 0.707
vn 1.000 -0.000 0.000
vn 1.000 0.000 0.000
vn 0.707 0.000 -0.707
vn 0.000 0.000 -1.000
vn -0.707 0.000 -0.707
vn -1.000 0.000 -0.000
vn -0.707 0.000 0.707
vn -0.000 0.000 1.000
vn 0.707 -0.000 0.707
vn 1.000 -0.000 0.000
vn -0.000 -1.000 -0.000
vn -0.000 -1.000 -0.000
vn -0.000 -1.000 -0.000
vn -0.000 -1.000 -0.000
vn -0.000 -1.000 -0.000
vn -0.000 -1.000 -0.000
vn -0.000 -1.000 -0.000
vn -0.000 -1.000 -0.000
vn -0.000 -1.000 -0.000
vn 0.000 1.000 0.000
vn 0.000 1.000 0.000
vn 0.000 1.000 0.000
vn 0.000 1.000 0.000
vn 0.000 1.000 0.000
vn 0.000 1.000 0.000
vn 0.000 1.000 0.000
vn 0.000 1.000 0.000
vn 0.000 1.000 0.000
vn 0.000 -1.000 0.000
vn 0.258 -0.966 0.000
vn 0.394 0.919 0.000
vn 0.132 0.991 0.000
vn 0.000 -1.000 0.000
vn 0.223 -0.966 -0.129
vn 0.341 0.919 -0.197
vn 0.114 0.991 -0.066
vn 0.000 -1.000 0.000
vn 0.129 -0.966 -0.223
vn 0.197 0.919 -0.341
vn 0.066 0.991 -0.114
vn 0.000 -1.000 0.000
vn 0.000 -0.966 -0.258
vn 0.000 0.919 -0.394
vn 0.000 0.991 -0.132
vn -0.000 -1.000 -0.000
vn -0.129 -0.966 -0.223
vn -0.197 0.919 -0.341
vn -0.066 0.991 -0.114
vn -0.000 -1.000 -0.000
vn -0.223 -0.966 -0.129
vn -0.341 0.919 -0.197
vn -0.114 0.991 -0.066
vn -0.000 -1.000 -0.000
vn -0.258 -0.966 -0.000
vn -0.394 0.919 -0.000
vn -0.132 0.991 -0.000
vn 0.000 -1.000 0.000
vn -0.223 -0.966 0.129
vn -0.341 0.919 0.197
vn -0.114 0.991 0.066
vn 0.000 -1.000 0.000
vn -0.129 -0.966 0.223
vn -0.197 0.919 0.341
vn -0.066 0.991 0.114
vn 0.000 -1.000 0.000
vn -0.000 -0.966 0.258
vn -0.000 0.919 0.394
vn -0.000 0.991 0.132
vn 0.000 -1.000 0.000
vn 0.129 -0.966 0.223
vn 0.197 0.919 0.341
vn 0.066 0.991 0.114
vn 0.000 -1.000 0.000
vn 0.223 -0.966 0.129
vn 0.341 0.919 0.197
vn 0.114 0.991 0.066
vn 0.000 -1.000 0.000
vn 0.258 -0.966 0.000
vn 0.394 0.919 0.000
vn 0.132 0.991 0.000
vn 1.000 0.000 0.000
vn 0.707 0.000 -0.707
vn 0.000 0.000 -1.000
vn -0.707 0.000 -0.707
vn -1.000 0.000 -0.000
vn -0.707 0.000 0.707
vn -0.000 0.000 1.000
vn 0.707 -0.000 0.707
vn 1.000 -0.000 0.000
vn 1.000 0.000 0.000
vn 0.707 0.000 -0.707
vn 0.000 0.000 -1.000
vn -0.707 0.000 -0.707
vn -1.000 0.000 -0.000
vn -0.707 0.000 0.707
vn -0.000 0.000 1.000
vn 0.707 -0.000 0.707
vn 1.000 -0.000 0.000
vn -0.000 -1.000 -0.000
vn -0.000 -1.000 -0.000
vn -0.000 -1.000 -0.000
vn -0.000 -1.000 -0.000
vn -0.000 -1.000 -0.000
vn -0.000 -1.000 -0.000
vn -0.000 -1.000 -0.000
vn -0.000 -1.000 -0.000
vn -0.000 -1.000 -0.000
vn 0.000 1.000 0.000
vn 0.000 1.000 0.000
vn 0.000 1.000 0.000
vn 0.000 1.000 0.000
vn 0.000 1.000 0.000
vn 0.000 1.000 0.000
vn 0.000 1.000 0.000
vn 0.000 1.000 0.000
vn 0.000 1.000 0.000
vn 0.000 -1.000 0.000
vn 0.258 -0.966 0.000
vn 0.394 0.919 0.000
vn 0.132 0.991 0.000
vn 0.000 -1.000 0.000
vn 0.223 -0.966 -0.129
vn 0.341 0.919 -0.197
vn 0.114 0.991 -0.066
vn 0.000 -1.000 0.000
vn 0.129 -0.966 -0.223
vn 0.197 0.919 -0.341
vn 0.066 0.991 -0.114
vn 0.000 -1.000 0.000
vn 0.000 -0.966 -0.258
vn 0.000 0.919 -0.394
vn 0.000 0.991 -0.132
vn -0.000 -1.000 -0.000
vn -0.129 -0.966 -0.223
vn -0.197 0.919 -0.341
vn -0.066 0.991 -0.114
vn -0.000 -1.000 -0.000
vn -0.223 -0.966 -0.129
vn -0.341 0.919 -0.197
vn -0.114 0.991 -0.066
vn -0.000 -1.000 -0.000
vn -0.258 -0.966 -0.000
vn -0.394 0.919 -0.000
vn -0.132 0.991 -0.000
vn 0.000 -1.000 0.000
vn -0.223 -0.966 0.129
vn -0.341 0.919 0.197
vn -0.114 0.991 0.066
vn 0.000 -1.000 0.000
vn -0.129 -0.966 0.223
vn -0.197 0.919 0.341
vn -0.066 0.991 0.114
vn 0.000 -1.000 0.000
vn -0.000 -0.966 0.258
vn -0.000 0.919 0.394
vn -0.000 0.991 0.132
vn 0.000 -1.000 0.000
vn 0.129 -0.966 0.223
vn 0.197 0.919 0.341
vn 0.066 0.991 0.114
vn 0.000 -1.000 0.000
vn 0.223 -0.966 0.129
vn 0.341 0.919 0.197
vn 0.114 0.991 0.066
vn 0.000 -1.000 0.000
vn 0.258 -0.966 0.000
vn 0.394 0.919 0.000
vn 0.132 0.991 0.000
vn 1.000 0.000 0.000
vn 0.707 0.000 -0.707
vn 0.000 0.000 -1.000
vn -0.707 0.000 -0.707
vn -1.000 0.000 -0.000
vn -0.707 0.000 0.707
vn -0.000 0.000 1.000
vn 0.707 -0.000 0.707
vn 1.000 -0.000 0.000
vn 1.000 0.000 0.000
vn 0.707 0.000 -0.707
vn 0.000 0.000 -1.000
vn -0.707 0.000 -0.707
vn -1.000 0.000 -0.000
vn -0.707 0.000 0.707
vn -0.000 0.000 1.000
vn 0.707 -0.000 0.707
vn 1.000 -0.000 0.000
vn -0.000 -1.000 -0.000
vn -0.000 -1.000 -0.000
vn -0.000 -1.000 -0.000
vn -0.000 -1.000 -0.000
vn -0.000 -1.000 -0.000
vn -0.000 -1.000 -0.000
vn -0.000 -1.000 -0.000
vn -0.000 -1.000 -0.000
vn -0.000 -1.000 -0.000
vn 0.000 1.000 0.000
vn 0.000 1.000 0.000
vn 0.000 1.000 0.000
vn 0.000 1.000 0.000
vn 0.000 1.000 0.000
vn 0.000 1.000 0.000
vn 0.000 1.000 0.000
vn 0.000 1.000 0.000
vn 0.000 1.000 0.000
vn 0.000 -1.000 0.000
vn 0.258 -0.966 0.000
vn 0.394 0.919 0.000
vn 0.132 0.991 0.000
vn 0.000 -1.000 0.000
vn 0.223 -0.966 -0.129
vn 0.341 0.919 -0.197
vn 0.114 0.991 -0.066
vn 0.000 -1.000 0.000
vn 0.129 -0.966 -0.223
vn 0.197 0.919 -0.341
vn 0.066 0.991 -0.114
vn 0.000 -1.000 0.000
vn 0.000 -0.966 -0.258
vn 0.000 0.919 -0.394
vn 0.000 0.991 -0.132
vn -0.000 -1.000 -0.000
vn -0.129 -0.966 -0.223
vn -0.197 0.919 -0.341
vn -0.066 0.991 -0.114
vn -0.000 -1.000 -0.000
vn -0.223 -0.966 -0.129
vn -0.341 0.919 -0.197
vn -0.114 0.991 -0.066
vn -0.000 -1.000 -0.000
vn -0.258 -0.966 -0.000
vn -0.394 0.919 -0.000
vn -0.132 0.991 -0.000
vn 0.000 -1.000 0.000
vn -0.223 -0.966 0.129
vn -0.341 0.919 0.197
vn -0.114 0.991 0.066
vn 0.000 -1.000 0.000
vn -0.129 -0.966 0.223
vn -0.197 0.919 0.341
vn -0.066 0.991 0.114
vn 0.000 -1.000 0.000
vn -0.000 -0.966 0.258
vn -0.000 0.919 0.394
vn -0.000 0.991 0.132
vn 0.000 -1.000 0.000
vn 0.129 -0.966 0.223
vn 0.197 0.919 0.341
vn 0.066 0.991 0.114
vn 0.000 -1.000 0.000
vn 0.223 -0.966 0.129
vn 0.341 0.919 0.197
vn 0.114 0.991 0.066
vn 0.000 -1.000 0.000
vn 0.258 -0.966 0.000
vn 0.394 0.919 0.000
vn 0.132 0.991 0.000
vn 1.000 0.000 0.000
vn 0.707 0.000 -0.707
vn 0.000 0.000 -1.000
vn -0.707 0.000 -0.707
vn -1.000 0.000 -0.000
vn -0.707 0.000 0.707
vn -0.000 0.000 1.000
vn 0.707 -0.000 0.707
vn 1.000 -0.000 0.000
vn 1.000 0.000 0.000
vn 0.707 0.000 -0.707
vn 0.000 0.000 -1.000
vn -0.707 0.000 -0.707
vn -1.000 0.000 -0.000
vn -0.707 0.000 0.707
vn -0.000 0.000 1.000
vn 0.707 -0.000 0.707
vn 1.000 -0.000 0.000
vn -0.000 -1.000 -0.000
vn -0.000 -1.000 -0.000
vn -0.000 -1.000 -0.000
vn -0.000 -1.000 -0.000
vn -0.000 -1.000 -0.000
vn -0.000 -1.000 -0.000
vn -0.000 -1.000 -0.000
vn -0.000 -1.000 -0.000
vn -0.000 -1.000 -0.000
vn 0.000 1.000 0.000
vn 0.000 1.000 0.000
vn 0.000 1.000 0.000
vn 0.000 1.000 0.000
vn 0.000 1.000 0.000
vn 0.000 1.000 0.000
vn 0.000 1.000 0.000
vn 0.000 1.000 0.000
vn 0.000 1.000 0.000
vn 0.000 -1.000 0.000
vn 0.258 -0.966 0.000
vn 0.394 0.919 0.000
vn 0.132 0.991 0.000
vn 0.000 -1.000 0.000
vn 0.223 -0.966 -0.129
vn 0.341 0.919 -0.197
vn 0.114 0.991 -0.066
vn 0.000 -1.000 0.000
vn 0.129 -0.966 -0.223
vn 0.197 0.919 -0.341
vn 0.066 0.991 -0.114
vn 0.000 -1.000 0.000
vn 0.000 -0.966 -0.258
vn 0.000 0.919 -0.394
vn 0.000 0.991 -0.132
vn -0.000 -1.000 -0.000
vn -0.129 -0.966 -0.223
vn -0.197 0.919 -0.341
vn -0.066 0.991 -0.114
vn -0.000 -1.000 -0.000
vn -0.223 -0.966 -0.129
vn -0.341 0.919 -0.197
vn -0.114 0.991 -0.066
vn -0.000 -1.000 -0.000
vn -0.258 -0.966 -0.000
vn -0.394 0.919 -0.000
vn -0.132 0.991 -0.000
vn 0.000 -1.000 0.000
vn -0.223 -0.966 0.129
vn -0.341 0.919 0.197
vn -0.114 0.991 0.066
vn 0.000 -1.000 0.000
vn -0.129 -0.966 0.223
vn -0.197 0.919 0.341
vn -0.066 0.991 0.114
vn 0.000 -1.000 0.000
vn -0.000 -0.966 0.258
vn -0.000 0.919 0.394
vn -0.000 0.991 0.132
vn 0.000 -1.000 0.000
vn 0.129 -0.966 0.223
vn 0.197 0.919 0.341
vn 0.066 0.991 0.114
vn 0.000 -1.000 0.000
vn 0.223 -0.966 0.129
vn 0.341 0.919 0.197
vn 0.114 0.991 0.066
vn 0.000 -1.000 0.000
vn 0.258 -0.966 0.000
vn 0.394 0.919 0.000
vn 0.132 0.991 0.000
vn 1.000 0.000 0.000
vn 0.707 0.000 -0.707
vn 0.000 0.000 -1.000
vn -0.707 0.000 -0.707
vn -1.000 0.000 -0.000
vn -0.707 0.000 0.707
vn -0.000 0.000 1.000
vn 0.707 -0.000 0.707
vn 1.000 -0.000 0.000
vn 1.000 0.000 0.000
vn 0.707 0.000 -0.707
vn 0.000 0.000 -1.000
vn -0.707 0.000 -0.707
vn -1.000 0.000 -0.000
vn -0.707 0.000 0.707
vn -0.000 0.000 1.000
vn 0.707 -0.000 0.707
vn 1.000 -0.000 0.000
vn -0.000 -1.000 -0.000
vn -0.000 -1.000 -0.000
vn -0.000 -1.000 -0.000
vn -0.000 -1.000 -0.000
vn -0.000 -1.000 -0.000
vn -0.000 -1.000 -0.000
vn -0.000 -1.000 -0.000
vn -0.000 -1.000 -0.000
vn -0.000 -1.000 -0.000
vn 0.000 1.000 0.000
vn 0.000 1.000 0.000
vn 0.000 1.000 0.000
vn 0.000 1.000 0.000
vn 0.000 1.000 0.000
vn 0.000 1.000 0.000
vn 0.000 1.000 0.000
vn 0.000 1.000 0.000
vn 0.000 1.000 0.000
vn 0.000 -1.000 0.000
vn 0.258 -0.966 0.000
vn 0.394 0.919 0.000
vn 0.132 0.991 0.000
vn 0.000 -1.000 0.000
vn 0.223 -0.966 -0.129
vn 0.341 0.919 -0.197
vn 0.114 0.991 -0.066
vn 0.000 -1.000 0.000
vn 0.129 -0.966 -0.223
vn 0.197 0.919 -0.341
vn 0.066 0.991 -0.114
vn 0.000 -1.000 0.000
vn 0.000 -0.966 -0.258
vn 0.000 0.919 -0.394
vn 0.000 0.991 -0.132
vn -0.000 -1.000 -0.000
vn -0.129 -0.966 -0.223
vn -0.197 0.919 -0.341
vn -0.066 0.991 -0.114
vn -0.000 -1.000 -0.000
vn -0.223 -0.966 -0.129
vn -0.341 0.919 -0.197
vn -0.114 0.991 -0.066
vn -0.000 -1.000 -0.000
vn -0.258 -0.966 -0.000
vn -0.394 0.919 -0.000
vn -0.132 0.991 -0.000
vn 0.000 -1.000 0.000
vn -0.223 -0.966 0.129
vn -0.341 0.919 0.197
vn -0.114 0.991 0.066
vn 0.000 -1.000 0.000
vn -0.129 -0.966 0.223
vn -0.197 0.919 0.341
vn -0.066 0.991 0.114
vn 0.000 -1.000 0.000
vn -0.000 -0.966 0.258
vn -0.000 0.919 0.394
vn -0.000 0.991 0.132
vn 0.000 -1.000 0.000
vn 0.129 -0.966 0.223
vn 0.197 0.919 0.341
vn 0.066 0.991 0.114
vn 0.000 -1.000 0.000
vn 0.223 -0.966 0.129
vn 0.341 0.919 0.197
vn 0.114 0.991 0.066
vn 0.000 -1.000 0.000
vn 0.258 -0.966 0.000
vn 0.394 0.919 0.000
vn 0.132 0.991 0.000
vn 0.105 -0.000 -0.995
vn 0.707 -0.000 -0.707
vn 1.000 0.000 -0.000
vn 0.707 0.000 0.707
vn 0.105 0.000 0.995
vn 0.091 0.052 -0.995
vn 0.612 0.354 -0.707
vn 0.866 0.500 -0.000
vn 0.612 0.354 0.707
vn 0.091 0.052 0.995
vn 0.052 0.091 -0.995
vn 0.354 0.612 -0.707
vn 0.500 0.866 -0.000
vn 0.354 0.612 0.707
vn 0.052 0.091 0.995
vn 0.000 0.105 -0.995
vn 0.000 0.707 -0.707
vn 0.000 1.000 -0.000
vn 0.000 0.707 0.707
vn 0.000 0.105 0.995
vn -0.052 0.091 -0.995
vn -0.354 0.612 -0.707
vn -0.500 0.866 -0.000
vn -0.354 0.612 0.707
vn -0.052 0.091 0.995
vn -0.091 0.052 -0.995
vn -0.612 0.354 -0.707
vn -0.866 0.500 -0.000
vn -0.612 0.354 0.707
vn -0.091 0.052 0.995
vn -0.105 -0.000 -0.995
vn -0.707 0.000 -0.707
vn -1.000 0.000 -0.000
vn -0.707 0.000 0.707
vn -0.105 0.000 0.995
vn -0.091 -0.052 -0.995
vn -0.612 -0.354 -0.707
vn -0.866 -0.500 0.000
vn -0.612 -0.354 0.707
vn -0.091 -0.052 0.995
vn -0.052 -0.091 -0.995
vn -0.354 -0.612 -0.707
vn -0.500 -0.866 0.000
vn -0.354 -0.612 0.707
vn -0.052 -0.091 0.995
vn -0.000 -0.105 -0.995
vn -0.000 -0.707 -0.707
vn -0.000 -1.000 0.000
vn -0.000 -0.707 0.707
vn -0.000 -0.105 0.995
vn 0.052 -0.091 -0.995
vn 0.354 -0.612 -0.707
vn 0.500 -0.866 0.000
vn 0.354 -0.612 0.707
vn 0.052 -0.091 0.995
vn 0.091 -0.052 -0.995
vn 0.612 -0.354 -0.707
vn 0.866 -0.500 0.000
vn 0.612 -0.354 0.707
vn 0.091 -0.052 0.995
vn 0.105 -0.000 -0.995
vn 0.707 -0.000 -0.707
vn 1.000 -0.000 0.000
vn 0.707 -0.000 0.707
vn 0.105 0.000 0.995
vn 0.105 -0.000 -0.995
vn 0.707 -0.000 -0.707
vn 1.000 0.000 -0.000
vn 0.707 0.000 0.707
vn 0.105 0.000 0.995
vn 0.091 0.052 -0.995
vn 0.612 0.354 -0.707
vn 0.866 0.500 -0.000
vn 0.612 0.354 0.707
vn 0.091 0.052 0.995
vn 0.052 0.091 -0.995
vn 0.354 0.612 -0.707
vn 0.500 0.866 -0.000
vn 0.354 0.612 0.707
vn 0.052 0.091 0.995
vn 0.000 0.105 -0.995
vn 0.000 0.707 -0.707
vn 0.000 1.000 -0.000
vn 0.000 0.707 0.707
vn 0.000 0.105 0.995
vn -0.052 0.091 -0.995
vn -0.354 0.612 -0.707
vn -0.500 0.866 -0.000
vn -0.354 0.612 0.707
vn -0.052 0.091 0.995
vn -0.091 0.052 -0.995
vn -0.612 0.354 -0.707
vn -0.866 0.500 -0.000
vn -0.612 0.354 0.707
vn -0.091 0.052 0.995
vn -0.105 -0.000 -0.995
vn -0.707 0.000 -0.707
vn -1.000 0.000 -0.000
vn -0.707 0.000 0.707
vn -0.105 0.000 0.995
vn -0.091 -0.052 -0.995
vn -0.612 -0.354 -0.707
vn -0.866 -0.500 0.000
vn -0.612 -0.354 0.707
vn -0.091 -0.052 0.995
vn -0.052 -0.091 -0.995
vn -0.354 -0.612 -0.707
vn -0.500 -0.866 0.000
vn -0.354 -0.612 0.707
vn -0.052 -0.091 0.995
vn -0.000 -0.105 -0.995
vn -0.000 -0.707 -0.707
vn -0.000 -1.000 0.000
vn -0.000 -0.707 0.707
vn -0.000 -0.105 0.995
vn 0.052 -0.091 -0.995
vn 0.354 -0.612 -0.707
vn 0.500 -0.866 0.000
vn 0.354 -0.612 0.707
vn 0.052 -0.091 0.995
vn 0.091 -0.052 -0.995
vn 0.612 -0.354 -0.707
vn 0.866 -0.500 0.000
vn 0.612 -0.354 0.707
vn 0.091 -0.052 0.995
vn 0.105 -0.000 -0.995
vn 0.707 -0.000 -0.707
vn 1.000 -0.000 0.000
vn 0.707 -0.000 0.707
vn 0.105 0.000 0.995
vn 1.000 0.000 0.000
vn 0.866 0.000 -0.500
vn 0.500 0.000 -0.866
vn 0.000 0.000 -1.000
vn -0.500 0.000 -0.866
vn -0.866 0.000 -0.500
vn -1.000 0.000 -0.000
vn -0.866 0.000 0.500
vn -0.500 0.000 0.866
vn -0.000 0.000 1.000
vn 0.500 -0.000 0.866
vn 0.866 -0.000 0.500
vn 1.000 -0.000 0.000
vn 1.000 0.000 0.000
vn 0.866 0.000 -0.500
vn 0.500 0.000 -0.866
vn 0.000 0.000 -1.000
vn -0.500 0.000 -0.866
vn -0.866 0.000 -0.500
vn -1.000 0.000 -0.000
vn -0.866 0.000 0.500
vn -0.500 0.000 0.866
vn -0.000 0.000 1.000
vn 0.500 -0.000 0.866
vn 0.866 -0.000 0.500
vn 1.000 -0.000 0.000
vn -0.000 -1.000 -0.000
vn -0.000 -1.000 -0.000
vn -0.000 -1.000 -0.000
vn -0.000 -1.000 -0.000
vn -0.000 -1.000 -0.000
vn -0.000 -1.000 -0.000
vn -0.000 -1.000 -0.000
vn -0.000 -1.000 -0.000
vn -0.000 -1.000 -0.000
vn -0.000 -1.000 -0.000
vn -0.000 -1.000 -0.000
vn -0.000 -1.000 -0.000
vn -0.000 -1.000 -0.000
vn 0.000 1.000 0.000
vn 0.000 1.000 0.000
vn 0.000 1.000 0.000
vn 0.000 1.000 0.000
vn 0.000 1.000 0.000
vn 0.000 1.000 0.000
vn 0.000 1.000 0.000
vn 0.000 1.000 0.000
vn 0.000 1.000 0.000
vn 0.000 1.000 0.000
vn 0.000 1.000 0.000
vn 0.000 1.000 0.000
vn 0.000 1.000 0.000
vn 0.000 -1.000 0.000
vn 0.196 -0.981 0.000
vn 0.743 0.669 0.000
vn 0.287 0.958 0.000
vn 0.000 1.000 0.000
vn 0.000 -1.000 0.000
vn 0.177 -0.981 -0.085
vn 0.670 0.669 -0.323
vn 0.259 0.958 -0.125
vn 0.000 1.000 0.000
vn 0.000 -1.000 0.000
vn 0.122 -0.981 -0.153
vn 0.463 0.669 -0.581
vn 0.179 0.958 -0.225
vn 0.000 1.000 0.000
vn 0.000 -1.000 0.000
vn 0.044 -0.981 -0.191
vn 0.165 0.669 -0.725
vn 0.064 0.958 -0.280
vn 0.000 1.000 0.000
vn -0.000 -1.000 -0.000
vn -0.044 -0.981 -0.191
vn -0.165 0.669 -0.725
vn -0.064 0.958 -0.280
vn 0.000 1.000 0.000
vn -0.000 -1.000 -0.000
vn -0.122 -0.981 -0.153
vn -0.463 0.669 -0.581
vn -0.179 0.958 -0.225
vn 0.000 1.000 0.000
vn -0.000 -1.000 -0.000
vn -0.177 -0.981 -0.085
vn -0.670 0.669 -0.323
vn -0.259 0.958 -0.125
vn 0.000 1.000 0.000
vn -0.000 -1.000 -0.000
vn -0.196 -0.981 -0.000
vn -0.743 0.669 -0.000
vn -0.287 0.958 -0.000
vn 0.000 1.000 0.000
vn 0.000 -1.000 0.000
vn -0.177 -0.981 0.085
vn -0.670 0.669 0.323
vn -0.259 0.958 0.125
vn 0.000 1.000 0.000
vn 0.000 -1.000 0.000
vn -0.122 -0.981 0.153
vn -0.463 0.669 0.581
vn -0.179 0.958 0.225
vn 0.000 1.000 0.000
vn 0.000 -1.000 0.000
vn -0.044 -0.981 0.191
vn -0.165 0.669 0.725
vn -0.064 0.958 0.280
vn 0.000 1.000 0.000
vn 0.000 -1.000 0.000
vn 0.044 -0.981 0.191
vn 0.165 0.669 0.725
vn 0.064 0.958 0.280
vn 0.000 1.000 0.000
vn 0.000 -1.000 0.000
vn 0.122 -0.981 0.153
vn 0.463 0.669 0.581
vn 0.179 0.958 0.225
vn 0.000 1.000 0.000
vn 0.000 -1.000 0.000
vn 0.177 -0.981 0.085
vn 0.670 0.669 0.323
vn 0.259 0.958 0.125
vn 0.000 1.000 0.000
vn 0.000 -1.000 0.000
vn 0.196 -0.981 0.000
vn 0.743 0.669 0.000
vn 0.287 0.958 0.000
vn 0.000 1.000 0.000
vn 0.000 -1.000 0.000
vn 0.196 -0.981 0.000
vn 0.743 0.669 0.000
vn 0.287 0.958 0.000
vn 0.000 1.000 0.000
vn 0.000 -1.000 0.000
vn 0.177 -0.981 -0.085
vn 0.670 0.669 -0.323
vn 0.259 0.958 -0.125
vn 0.000 1.000 0.000
vn 0.000 -1.000 0.000
vn 0.122 -0.981 -0.153
vn 0.463 0.669 -0.581
vn 0.179 0.958 -0.225
vn 0.000 1.000 0.000
vn 0.000 -1.000 0.000
vn 0.044 -0.981 -0.191
vn 0.165 0.669 -0.725
vn 0.064 0.958 -0.280
vn 0.000 1.000 0.000
vn -0.000 -1.000 -0.000
vn -0.044 -0.981 -0.191
vn -0.165 0.669 -0.725
vn -0.064 0.958 -0.280
vn 0.000 1.000 0.000
vn -0.000 -1.000 -0.000
vn -0.122 -0.981 -0.153
vn -0.463 0.669 -0.581
vn -0.179 0.958 -0.225
vn 0.000 1.000 0.000
vn -0.000 -1.000 -0.000
vn -0.177 -0.981 -0.085
vn -0.670 0.669 -0.323
vn -0.259 0.958 -0.125
vn 0.000 1.000 0.000
vn -0.000 -1.000 -0.000
vn -0.196 -0.981 -0.000
vn -0.743 0.669 -0.000
vn -0.287 0.958 -0.000
vn 0.000 1.000 0.000
vn 0.000 -1.000 0.000
vn -0.177 -0.981 0.085
vn -0.670 0.669 0.323
vn -0.259 0.958 0.125
vn 0.000 1.000 0.000
vn 0.000 -1.000 0.000
vn -0.122 -0.981 0.153
vn -0.463 0.669 0.581
vn -0.179 0.958 0.225
vn 0.000 1.000 0.000
vn 0.000 -1.000 0.000
vn -0.044 -0.981 0.191
vn -0.165 0.669 0.725
vn -0.064 0.958 0.280
vn 0.000 1.000 0.000
vn 0.000 -1.000 0.000
vn 0.044 -0.981 0.191
vn 0.165 0.669 0.725
vn 0.064 0.958 0.280
vn 0.000 1.000 0.000
vn 0.000 -1.000 0.000
vn 0.122 -0.981 0.153
vn 0.463 0.669 0.581
vn 0.179 0.958 0.225
vn 0.000 1.000 0.000
vn 0.000 -1.000 0.000
vn 0.177 -0.981 0.085
vn 0.670 0.669 0.323
vn 0.259 0.958 0.125
vn 0.000 1.000 0.000
vn 0.000 -1.000 0.000
vn 0.196 -0.981 0.000
vn 0.743 0.669 0.000
vn 0.287 0.958 0.000
vn 0.000 1.000 0.000
usemtl chrome
f 1/1/1 2/2/2 11/11/11
f 1/1/1 11/11/11 10/10/10
f 2/2/2 3/3/3 12/12/12
f 2/2/2 12/12/12 11/11/11
f 3/3/3 4/4/4 13/13/13
f 3/3/3 13/13/13 12/12/12
f 4/4/4 5/5/5 14/14/14
f 4/4/4 14/14/14 13/13/13
f 5/5/5 6/6/6 15/15/15
f 5/5/5 15/15/15 14/14/14
f 6/6/6 7/7/7 16/16/16
f 6/6/6 16/16/16 15/15/15
f 7/7/7 8/8/8 17/17/17
f 7/7/7 17/17/17 16/16/16
f 8/8/8 9/9/9 18/18/18
f 8/8/8 18/18/18 17/17/17
f 19/19/19 21/21/21 20/20/20
f 19/19/19 22/22/22 21/21/21
f 19/19/19 23/23/23 22/22/22
f 19/19/19 24/24/24 23/23/23
f 19/19/19 25/25/25 24/24/24
f 19/19/19 26/26/26 25/25/25
f 19/19/19 27/27/27 26/26/26
f 19/19/19 20/20/20 27/27/27
f 28/28/28 29/29/29 30/30/30
f 28/28/28 30/30/30 31/31/31
f 28/28/28 31/31/31 32/32/32
f 28/28/28 32/32/32 33/33/33
f 28/28/28 33/33/33 34/34/34
f 28/28/28 34/34/34 35/35/35
f 28/28/28 35/35/35 36/36/36
f 28/28/28 36/36/36 29/29/29
f 37/37/37 38/38/38 47/47/47
f 37/37/37 47/47/47 46/46/46
f 38/38/38 39/39/39 48/48/48
f 38/38/38 48/48/48 47/47/47
f 39/39/39 40/40/40 49/49/49
f 39/39/39 49/49/49 48/48/48
f 40/40/40 41/41/41 50/50/50
f 40/40/40 50/50/50 49/49/49
f 41/41/41 42/42/42 51/51/51
f 41/41/41 51/51/51 50/50/50
f 42/42/42 43/43/43 52/52/52
f 42/42/42 52/52/52 51/51/51
f 43/43/43 44/44/44 53/53/53
f 43/43/43 53/53/53 52/52/52
f 44/44/44 45/45/45 54/54/54
f 44/44/44 54/54/54 53/53/53
f 55/55/55 57/57/57 56/56/56
f 55/55/55 58/58/58 57/57/57
f 55/55/55 59/59/59 58/58/58
f 55/55/55 60/60/60 59/59/59
f 55/55/55 61/61/61 60/60/60
f 55/55/55 62/62/62 61/61/61
f 55/55/55 63/63/63 62/62/62
f 55/55/55 56/56/56 63/63/63
f 64/64/64 65/65/65 66/66/66
f 64/64/64 66/66/66 67/67/67
f 64/64/64 67/67/67 68/68/68
f 64/64/64 68/68/68 69/69/69
f 64/64/64 69/69/69 70/70/70
f 64/64/64 70/70/70 71/71/71
f 64/64/64 71/71/71 72/72/72
f 64/64/64 72/72/72 65/65/65
f 73/73/73 74/74/74 83/83/83
f 73/73/73 83/83/83 82/82/82
f 74/74/74 75/75/75 84/84/84
f 74/74/74 84/84/84 83/83/83
f 75/75/75 76/76/76 85/85/85
f 75/75/75 85/85/85 84/84/84
f 76/76/76 77/77/77 86/86/86
f 76/76/76 86/86/86 85/85/85
f 77/77/77 78/78/78 87/87/87
f 77/77/77 87/87/87 86/86/86
f 78/78/78 79/79/79 88/88/88
f 78/78/78 88/88/88 87/87/87
f 79/79/79 80/80/80 89/89/89
f 79/79/79 89/89/89 88/88/88
f 80/80/80 81/81/81 90/90/90
f 80/80/80 90/90/90 89/89/89
f 91/91/91 93/93/93 92/92/92
f 91/91/91 94/94/94 93/93/93
f 91/91/91 95/95/95 94/94/94
f 91/91/91 96/96/96 95/95/95
f 91/91/91 97/97/97 96/96/96
f 91/91/91 98/98/98 97/97/97
f 91/91/91 99/99/99 98/98/98
f 91/91/91 92/92/92 99/99/99
f 100/100/100 101/101/101 102/102/102
f 100/100/100 102/102/102 103/103/103
f 100/100/100 103/103/103 104/104/104
f 100/100/100 104/104/104 105/105/105
f 100/100/100 105/105/105 106/106/106
f 100/100/100 106/106/106 107/107/107
f 100/100/100 107/107/107 108/108/108
f 100/100/100 108/108/108 101/101/101
f 109/109/109 110/110/110 119/119/119
f 109/109/109 119/119/119 118/118/118
f 110/110/110 111/111/111 120/120/120
f 110/110/110 120/120/120 119/119/119
f 111/111/111 112/112/112 121/121/121
f 111/111/111 121/121/121 120/120/120
f 112/112/112 113/113/113 122/122/122
f 112/112/112 122/122/122 121/121/121
f 113/113/113 114/114/114 123/123/123
f 113/113/113 123/123/123 122/122/122
f 114/114/114 115/115/115 124/124/124
f 114/114/114 124/124/124 123/123/123
f 115/115/115 116/116/116 125/125/125
f 115/115/115 125/125/125 124/124/124
f 116/116/116 117/117/117 126/126/126
f 116/116/116 126/126/126 125/125/125
f 127/127/127 129/129/129 128/128/128
f 127/127/127 130/130/130 129/129/129
f 127/127/127 131/131/131 130/130/130
f 127/127/127 132/132/132 131/131/131
f 127/127/127 133/133/133 132/132/132
f 127/127/127 134/134/134 133/133/133
f 127/127/127 135/135/135 134/134/134
f 127/127/127 128/128/128 135/135/135
f 136/136/136 137/137/137 138/138/138
f 136/136/136 138/138/138 139/139/139
f 136/136/136 139/139/139 140/140/140
f 136/136/136 140/140/140 141/141/141
f 136/136/136 141/141/141 142/142/142
f 136/136/136 142/142/142 143/143/143
f 136/136/136 143/143/143 144/144/144
f 136/136/136 144/144/144 137/137/137
f 145/145/145 146/146/146 157/157/157
f 145/145/145 157/157/157 156/156/156
f 146/146/146 147/147/147 158/158/158
f 146/146/146 158/158/158 157/157/157
f 147/147/147 148/148/148 159/159/159
f 147/147/147 159/159/159 158/158/158
f 148/148/148 149/149/149 160/160/160
f 148/148/148 160/160/160 159/159/159
f 149/149/149 150/150/150 161/161/161
f 149/149/149 161/161/161 160/160/160
f 150/150/150 151/151/151 162/162/162
f 150/150/150 162/162/162 161/161/161
f 151/151/151 152/152/152 163/163/163
f 151/151/151 163/163/163 162/162/162
f 152/152/152 153/153/153 164/164/164
f 152/152/152 164/164/164 163/163/163
f 153/153/153 154/154/154 165/165/165
f 153/153/153 165/165/165 164/164/164
f 154/154/154 155/155/155 166/166/166
f 154/154/154 166/166/166 165/165/165
f 167/167/167 169/169/169 168/168/168
f 167/167/167 170/170/170 169/169/169
f 167/167/167 171/171/171 170/170/170
f 167/167/167 172/172/172 171/171/171
f 167/167/167 173/173/173 172/172/172
f 167/167/167 174/174/174 173/173/173
f 167/167/167 175/175/175 174/174/174
f 167/167/167 176/176/176 175/175/175
f 167/167/167 177/177/177 176/176/176
f 167/167/167 168/168/168 177/177/177
f 178/178/178 179/179/179 180/180/180
f 178/178/178 180/180/180 181/181/181
f 178/178/178 181/181/181 182/182/182
f 178/178/178 182/182/182 183/183/183
f 178/178/178 183/183/183 184/184/184
f 178/178/178 184/184/184 185/185/185
f 178/178/178 185/185/185 186/186/186
f 178/178/178 186/186/186 187/187/187
f 178/178/178 187/187/187 188/188/188
f 178/178/178 188/188/188 179/179/179
f 189/189/189 190/190/190 199/199/199
f 189/189/189 199/199/199 198/198/198
f 190/190/190 191/191/191 200/200/200
f 190/190/190 200/200/200 199/199/199
f 191/191/191 192/192/192 201/201/201
f 191/191/191 201/201/201 200/200/200
f 192/192/192 193/193/193 202/202/202
f 192/192/192 202/202/202 201/201/201
f 193/193/193 194/194/194 203/203/203
f 193/193/193 203/203/203 202/202/202
f 194/194/194 195/195/195 204/204/204
f 194/194/194 204/204/204 203/203/203
f 195/195/195 196/196/196 205/205/205
f 195/195/195 205/205/205 204/204/204
f 196/196/196 197/197/197 206/206/206
f 196/196/196 206/206/206 205/205/205
f 198/198/198 199/199/199 208/208/208
f 198/198/198 208/208/208 207/207/207
f 199/199/199 200/200/200 209/209/209
f 199/199/199 209/209/209 208/208/208
f 200/200/200 201/201/201 210/210/210
f 200/200/200 210/210/210 209/209/209
f 201/201/201 202/202/202 211/211/211
f 201/201/201 211/211/211 210/210/210
f 202/202/202 203/203/203 212/212/212
f 202/202/202 212/212/212 211/211/211
f 203/203/203 204/204/204 213/213/213
f 203/203/203 213/213/213 212/212/212
f 204/204/204 205/205/205 214/214/214
f 204/204/204 214/214/214 213/213/213
f 205/205/205 206/206/206 215/215/215
f 205/205/205 215/215/215 214/214/214
f 207/207/207 208/208/208 217/217/217
f 207/207/207 217/217/217 216/216/216
f 208/208/208 209/209/209 218/218/218
f 208/208/208 218/218/218 217/217/217
f 209/209/209 210/210/210 219/219/219
f 209/209/209 219/219/219 218/218/218
f 210/210/210 211/211/211 220/220/220
f 210/210/210 220/220/220 219/219/219
f 211/211/211 212/212/212 221/221/221
f 211/211/211 221/221/221 220/220/220
f 212/212/212 213/213/213 222/222/222
f 212/212/212 222/222/222 221/221/221
f 213/213/213 214/214/214 223/223/223
f 213/213/213 223/223/223 222/222/222
f 214/214/214 215/215/215 224/224/224
f 214/214/214 224/224/224 223/223/223
f 216/216/216 217/217/217 226/226/226
f 216/216/216 226/226/226 225/225/225
f 217/217/217 218/218/218 227/227/227
f 217/217/217 227/227/227 226/226/226
f 218/218/218 219/219/219 228/228/228
f 218/218/218 228/228/228 227/227/227
f 219/219/219 220/220/220 229/229/229
f 219/219/219 229/229/229 228/228/228
f 220/220/220 221/221/221 230/230/230
f 220/220/220 230/230/230 229/229/229
f 221/221/221 222/222/222 231/231/231
f 221/221/221 231/231/231 230/230/230
f 222/222/222 223/223/223 232/232/232
f 222/222/222 232/232/232 231/231/231
f 223/223/223 224/224/224 233/233/233
f 223/223/223 233/233/233 232/232/232
f 225/225/225 226/226/226 235/235/235
f 225/225/225 235/235/235 234/234/234
f 226/226/226 227/227/227 236/236/236
f 226/226/226 236/236/236 235/235/235
f 227/227/227 228/228/228 237/237/237
f 227/227/227 237/237/237 236/236/236
f 228/228/228 229/229/229 238/238/238
f 228/228/228 238/238/238 237/237/237
f 229/229/229 230/230/230 239/239/239
f 229/229/229 239/239/239 238/238/238
f 230/230/230 231/231/231 240/240/240
f 230/230/230 240/240/240 239/239/239
f 231/231/231 232/232/232 241/241/241
f 231/231/231 241/241/241 240/240/240
f 232/232/232 233/233/233 242/242/242
f 232/232/232 242/242/242 241/241/241
f 234/234/234 235/235/235 244/244/244
f 234/234/234 244/244/244 243/243/243
f 235/235/235 236/236/236 245/245/245
f 235/235/235 245/245/245 244/244/244
f 236/236/236 237/237/237 246/246/246
f 236/236/236 246/246/246 245/245/245
f 237/237/237 238/238/238 247/247/247
f 237/237/237 247/247/247 246/246/246
f 238/238/238 239/239/239 248/248/248
f 238/238/238 248/248/248 247/247/247
f 239/239/239 240/240/240 249/249/249
f 239/239/239 249/249/249 248/248/248
f 240/240/240 241/241/241 250/250/250
f 240/240/240 250/250/250 249/249/249
f 241/241/241 242/242/242 251/251/251
f 241/241/241 251/251/251 250/250/250
f 243/243/243 244/244/244 253/253/253
f 243/243/243 253/253/253 252/252/252
f 244/244/244 245/245/245 254/254/254
f 244/244/244 254/254/254 253/253/253
f 245/245/245 246/246/246 255/255/255
f 245/245/245 255/255/255 254/254/254
f 246/246/246 247/247/247 256/256/256
f 246/246/246 256/256/256 255/255/255
f 247/247/247 248/248/248 257/257/257
f 247/247/247 257/257/257 256/256/256
f 248/248/248 249/249/249 258/258/258
f 248/248/248 258/258/258 257/257/257
f 249/249/249 250/250/250 259/259/259
f 249/249/249 259/259/259 258/258/258
f 250/250/250 251/251/251 260/260/260
f 250/250/250 260/260/260 259/259/259
f 252/252/252 253/253/253 262/262/262
f 252/252/252 262/262/262 261/261/261
f 253/253/253 254/254/254 263/263/263
f 253/253/253 263/263/263 262/262/262
f 254/254/254 255/255/255 264/264/264
f 254/254/254 264/264/264 263/263/263
f 255/255/255 256/256/256 265/265/265
f 255/255/255 265/265/265 264/264/264
f 256/256/256 257/257/257 266/266/266
f 256/256/256 266/266/266 265/265/265
f 257/257/257 258/258/258 267/267/267
f 257/257/257 267/267/267 266/266/266
f 258/258/258 259/259/259 268/268/268
f 258/258/258 268/268/268 267/267/267
f 259/259/259 260/260/260 269/269/269
f 259/259/259 269/269/269 268/268/268
f 261/261/261 262/262/262 271/271/271
f 261/261/261 271/271/271 270/270/270
f 262/262/262 263/263/263 272/272/272
f 262/262/262 272/272/272 271/271/271
f 263/263/263 264/264/264 273/273/273
f 263/263/263 273/273/273 272/272/272
f 264/264/264 265/265/265 274/274/274
f 264/264/264 274/274/274 273/273/273
f 265/265/265 266/266/266 275/275/275
f 265/265/265 275/275/275 274/274/274
f 266/266/266 267/267/267 276/276/276
f 266/266/266 276/276/276 275/275/275
f 267/267/267 268/268/268 277/277/277
f 267/267/267 277/277/277 276/276/276
f 268/268/268 269/269/269 278/278/278
f 268/268/268 278/278/278 277/277/277
f 270/270/270 271/271/271 280/280/280
f 270/270/270 280/280/280 279/279/279
f 271/271/271 272/272/272 281/281/281
f 271/271/271 281/281/281 280/280/280
f 272/272/272 273/273/273 282/282/282
f 272/272/272 282/282/282 281/281/281
f 273/273/273 274/274/274 283/283/283
f 273/273/273 283/283/283 282/282/282
f 274/274/274 275/275/275 284/284/284
f 274/274/274 284/284/284 283/283/283
f 275/275/275 276/276/276 285/285/285
f 275/275/275 285/285/285 284/284/284
f 276/276/276 277/277/277 286/286/286
f 276/276/276 286/286/286 285/285/285
f 277/277/277 278/278/278 287/287/287
f 277/277/277 287/287/287 286/286/286
f 279/279/279 280/280/280 289/289/289
f 279/279/279 289/289/289 288/288/288
f 280/280/280 281/281/281 290/290/290
f 280/280/280 290/290/290 289/289/289
f 281/281/281 282/282/282 291/291/291
f 281/281/281 291/291/291 290/290/290
f 282/282/282 283/283/283 292/292/292
f 282/282/282 292/292/292 291/291/291
f 283/283/283 284/284/284 293/293/293
f 283/283/283 293/293/293 292/292/292
f 284/284/284 285/285/285 294/294/294
f 284/284/284 294/294/294 293/293/293
f 285/285/285 286/286/286 295/295/295
f 285/285/285 295/295/295 294/294/294
f 286/286/286 287/287/287 296/296/296
f 286/286/286 296/296/296 295/295/295
f 297/297/297 299/299/299 298/298/298
f 297/297/297 300/300/300 299/299/299
f 297/297/297 301/301/301 300/300/300
f 297/297/297 302/302/302 301/301/301
f 297/297/297 303/303/303 302/302/302
f 297/297/297 304/304/304 303/303/303
f 297/297/297 305/305/305 304/304/304
f 297/297/297 298/298/298 305/305/305
f 306/306/306 307/307/307 308/308/308
f 306/306/306 308/308/308 309/309/309
f 306/306/306 309/309/309 310/310/310
f 306/306/306 310/310/310 311/311/311
f 306/306/306 311/311/311 312/312/312
f 306/306/306 312/312/312 313/313/313
f 306/306/306 313/313/313 314/314/314
f 306/306/306 314/314/314 307/307/307
f 315/315/315 316/316/316 320/320/320
f 315/315/315 320/320/320 319/319/319
f 316/316/316 317/317/317 321/321/321
f 316/316/316 321/321/321 320/320/320
f 317/317/317 318/318/318 322/322/322
f 317/317/317 322/322/322 321/321/321
f 319/319/319 320/320/320 324/324/324
f 319/319/319 324/324/324 323/323/323
f 320/320/320 321/321/321 325/325/325
f 320/320/320 325/325/325 324/324/324
f 321/321/321 322/322/322 326/326/326
f 321/321/321 326/326/326 325/325/325
f 323/323/323 324/324/324 328/328/328
f 323/323/323 328/328/328 327/327/327
f 324/324/324 325/325/325 329/329/329
f 324/324/324 329/329/329 328/328/328
f 325/325/325 326/326/326 330/330/330
f 325/325/325 330/330/330 329/329/329
f 331/331/331 332/332/332 336/336/336
f 331/331/331 336/336/336 335/335/335
f 332/332/332 333/333/333 337/337/337
f 332/332/332 337/337/337 336/336/336
f 333/333/333 334/334/334 338/338/338
f 333/333/333 338/338/338 337/337/337
f 335/335/335 336/336/336 340/340/340
f 335/335/335 340/340/340 339/339/339
f 336/336/336 337/337/337 341/341/341
f 336/336/336 341/341/341 340/340/340
f 337/337/337 338/338/338 342/342/342
f 337/337/337 342/342/342 341/341/341
f 339/339/339 340/340/340 344/344/344
f 339/339/339 344/344/344 343/343/343
f 340/340/340 341/341/341 345/345/345
f 340/340/340 345/345/345 344/344/344
f 341/341/341 342/342/342 346/346/346
f 341/341/341 346/346/346 345/345/345
f 347/347/347 348/348/348 352/352/352
f 347/347/347 352/352/352 351/351/351
f 348/348/348 349/349/349 353/353/353
f 348/348/348 353/353/353 352/352/352
f 349/349/349 350/350/350 354/354/354
f 349/349/349 354/354/354 353/353/353
f 351/351/351 352/352/352 356/356/356
f 351/351/351 356/356/356 355/355/355
f 352/352/352 353/353/353 357/357/357
f 352/352/352 357/357/357 356/356/356
f 353/353/353 354/354/354 358/358/358
f 353/353/353 358/358/358 357/357/357
f 355/355/355 356/356/356 360/360/360
f 355/355/355 360/360/360 359/359/359
f 356/356/356 357/357/357 361/361/361
f 356/356/356 361/361/361 360/360/360
f 357/357/357 358/358/358 362/362/362
f 357/357/357 362/362/362 361/361/361
f 363/363/363 364/364/364 368/368/368
f 363/363/363 368/368/368 367/367/367
f 364/364/364 365/365/365 369/369/369
f 364/364/364 369/369/369 368/368/368
f 365/365/365 366/366/366 370/370/370
f 365/365/365 370/370/370 369/369/369
f 367/367/367 368/368/368 372/372/372
f 367/367/367 372/372/372 371/371/371
f 368/368/368 369/369/369 373/373/373
f 368/368/368 373/373/373 372/372/372
f 369/369/369 370/370/370 374/374/374
f 369/369/369 374/374/374 373/373/373
f 371/371/371 372/372/372 376/376/376
f 371/371/371 376/376/376 375/375/375
f 372/372/372 373/373/373 377/377/377
f 372/372/372 377/377/377 376/376/376
f 373/373/373 374/374/374 378/378/378
f 373/373/373 378/378/378 377/377/377
f 379/379/379 380/380/380 384/384/384
f 379/379/379 384/384/384 383/383/383
f 380/380/380 381/381/381 385/385/385
f 380/380/380 385/385/385 384/384/384
f 381/381/381 382/382/382 386/386/386
f 381/381/381 386/386/386 385/385/385
f 383/383/383 384/384/384 388/388/388
f 383/383/383 388/388/388 387/387/387
f 384/384/384 385/385/385 389/389/389
f 384/384/384 389/389/389 388/388/388
f 385/385/385 386/386/386 390/390/390
f 385/385/385 390/390/390 389/389/389
f 387/387/387 388/388/388 392/392/392
f 387/387/387 392/392/392 391/391/391
f 388/388/388 389/389/389 393/393/393
f 388/388/388 393/393/393 392/392/392
f 389/389/389 390/390/390 394/394/394
f 389/389/389 394/394/394 393/393/393
f 395/395/395 396/396/396 400/400/400
f 395/395/395 400/400/400 399/399/399
f 396/396/396 397/397/397 401/401/401
f 396/396/396 401/401/401 400/400/400
f 397/397/397 398/398/398 402/402/402
f 397/397/397 402/402/402 401/401/401
f 399/399/399 400/400/400 404/404/404
f 399/399/399 404/404/404 403/403/403
f 400/400/400 401/401/401 405/405/405
f 400/400/400 405/405/405 404/404/404
f 401/401/401 402/402/402 406/406/406
f 401/401/401 406/406/406 405/405/405
f 403/403/403 404/404/404 408/408/408
f 403/403/403 408/408/408 407/407/407
f 404/404/404 405/405/405 409/409/409
f 404/404/404 409/409/409 408/408/408
f 405/405/405 406/406/406 410/410/410
f 405/405/405 410/410/410 409/409/409
f 411/411/411 412/412/412 421/421/421
f 411/411/411 421/421/421 420/420/420
f 412/412/412 413/413/413 422/422/422
f 412/412/412 422/422/422 421/421/421
f 413/413/413 414/414/414 423/423/423
f 413/413/413 423/423/423 422/422/422
f 414/414/414 415/415/415 424/424/424
f 414/414/414 424/424/424 423/423/423
f 415/415/415 416/416/416 425/425/425
f 415/415/415 425/425/425 424/424/424
f 416/416/416 417/417/417 426/426/426
f 416/416/416 426/426/426 425/425/425
f 417/417/417 418/418/418 427/427/427
f 417/417/417 427/427/427 426/426/426
f 418/418/418 419/419/419 428/428/428
f 418/418/418 428/428/428 427/427/427
f 420/420/420 421/421/421 430/430/430
f 420/420/420 430/430/430 429/429/429
f 421/421/421 422/422/422 431/431/431
f 421/421/421 431/431/431 430/430/430
f 422/422/422 423/423/423 432/432/432
f 422/422/422 432/432/432 431/431/431
f 423/423/423 424/424/424 433/433/433
f 423/423/423 433/433/433 432/432/432
f 424/424/424 425/425/425 434/434/434
f 424/424/424 434/434/434 433/433/433
f 425/425/425 426/426/426 435/435/435
f 425/425/425 435/435/435 434/434/434
f 426/426/426 427/427/427 436/436/436
f 426/426/426 436/436/436 435/435/435
f 427/427/427 428/428/428 437/437/437
f 427/427/427 437/437/437 436/436/436
f 429/429/429 430/430/430 439/439/439
f 429/429/429 439/439/439 438/438/438
f 430/430/430 431/431/431 440/440/440
f 430/430/430 440/440/440 439/439/439
f 431/431/431 432/432/432 441/441/441
f 431/431/431 441/441/441 440/440/440
f 432/432/432 433/433/433 442/442/442
f 432/432/432 442/442/442 441/441/441
f 433/433/433 434/434/434 443/443/443
f 433/433/433 443/443/443 442/442/442
f 434/434/434 435/435/435 444/444/444
f 434/434/434 444/444/444 443/443/443
f 435/435/435 436/436/436 445/445/445
f 435/435/435 445/445/445 444/444/444
f 436/436/436 437/437/437 446/446/446
f 436/436/436 446/446/446 445/445/445
f 438/438/438 439/439/439 448/448/448
f 438/438/438 448/448/448 447/447/447
f 439/439/439 440/440/440 449/449/449
f 439/439/439 449/449/449 448/448/448
f 440/440/440 441/441/441 450/450/450
f 440/440/440 450/450/450 449/449/449
f 441/441/441 442/442/442 451/451/451
f 441/441/441 451/451/451 450/450/450
f 442/442/442 443/443/443 452/452/452
f 442/442/442 452/452/452 451/451/451
f 443/443/443 444/444/444 453/453/453
f 443/443/443 453/453/453 452/452/452
f 444/444/444 445/445/445 454/454/454
f 444/444/444 454/454/454 453/453/453
f 445/445/445 446/446/446 455/455/455
f 445/445/445 455/455/455 454/454/454
f 447/447/447 448/448/448 457/457/457
f 447/447/447 457/457/457 456/456/456
f 448/448/448 449/449/449 458/458/458
f 448/448/448 458/458/458 457/457/457
f 449/449/449 450/450/450 459/459/459
f 449/449/449 459/459/459 458/458/458
f 450/450/450 451/451/451 460/460/460
f 450/450/450 460/460/460 459/459/459
f 451/451/451 452/452/452 461/461/461
f 451/451/451 461/461/461 460/460/460
f 452/452/452 453/453/453 462/462/462
f 452/452/452 462/462/462 461/461/461
f 453/453/453 454/454/454 463/463/463
f 453/453/453 463/463/463 462/462/462
f 454/454/454 455/455/455 464/464/464
f 454/454/454 464/464/464 463/463/463
f 456/456/456 457/457/457 466/466/466
f 456/456/456 466/466/466 465/465/465
f 457/457/457 458/458/458 467/467/467
f 457/457/457 467/467/467 466/466/466
f 458/458/458 459/459/459 468/468/468
f 458/458/458 468/468/468 467/467/467
f 459/459/459 460/460/460 469/469/469
f 459/459/459 469/469/469 468/468/468
f 460/460/460 461/461/461 470/470/470
f 460/460/460 470/470/470 469/469/469
f 461/461/461 462/462/462 471/471/471
f 461/461/461 471/471/471 470/470/470
f 462/462/462 463/463/463 472/472/472
f 462/462/462 472/472/472 471/471/471
f 463/463/463 464/464/464 473/473/473
f 463/463/463 473/473/473 472/472/472
f 465/465/465 466/466/466 475/475/475
f 465/465/465 475/475/475 474/474/474
f 466/466/466 467/467/467 476/476/476
f 466/466/466 476/476/476 475/475/475
f 467/467/467 468/468/468 477/477/477
f 467/467/467 477/477/477 476/476/476
f 468/468/468 469/469/469 478/478/478
f 468/468/468 478/478/478 477/477/477
f 469/469/469 470/470/470 479/479/479
f 469/469/469 479/479/479 478/478/478
f 470/470/470 471/471/471 480/480/480
f 470/470/470 480/480/480 479/479/479
f 471/471/471 472/472/472 481/481/481
f 471/471/471 481/481/481 480/480/480
f 472/472/472 473/473/473 482/482/482
f 472/472/472 482/482/482 481/481/481
f 474/474/474 475/475/475 484/484/484
f 474/474/474 484/484/484 483/483/483
f 475/475/475 476/476/476 485/485/485
f 475/475/475 485/485/485 484/484/484
f 476/476/476 477/477/477 486/486/486
f 476/476/476 486/486/486 485/485/485
f 477/477/477 478/478/478 487/487/487
f 477/477/477 487/487/487 486/486/486
f 478/478/478 479/479/479 488/488/488
f 478/478/478 488/488/488 487/487/487
f 479/479/479 480/480/480 489/489/489
f 479/479/479 489/489/489 488/488/488
f 480/480/480 481/481/481 490/490/490
f 480/480/480 490/490/490 489/489/489
f 481/481/481 482/482/482 491/491/491
f 481/481/481 491/491/491 490/490/490
f 483/483/483 484/484/484 493/493/493
f 483/483/483 493/493/493 492/492/492
f 484/484/484 485/485/485 494/494/494
f 484/484/484 494/494/494 493/493/493
f 485/485/485 486/486/486 495/495/495
f 485/485/485 495/495/495 494/494/494
f 486/486/486 487/487/487 496/496/496
f 486/486/486 496/496/496 495/495/495
f 487/487/487 488/488/488 497/497/497
f 487/487/487 497/497/497 496/496/496
f 488/488/488 489/489/489 498/498/498
f 488/488/488 498/498/498 497/497/497
f 489/489/489 490/490/490 499/499/499
f 489/489/489 499/499/499 498/498/498
f 490/490/490 491/491/491 500/500/500
f 490/490/490 500/500/500 499/499/499
f 492/492/492 493/493/493 502/502/502
f 492/492/492 502/502/502 501/501/501
f 493/493/493 494/494/494 503/503/503
f 493/493/493 503/503/503 502/502/502
f 494/494/494 495/495/495 504/504/504
f 494/494/494 504/504/504 503/503/503
f 495/495/495 496/496/496 505/505/505
f 495/495/495 505/505/505 504/504/504
f 496/496/496 497/497/497 506/506/506
f 496/496/496 506/506/506 505/505/505
f 497/497/497 498/498/498 507/507/507
f 497/497/497 507/507/507 506/506/506
f 498/498/498 499/499/499 508/508/508
f 498/498/498 508/508/508 507/507/507
f 499/499/499 500/500/500 509/509/509
f 499/499/499 509/509/509 508/508/508
f 501/501/501 502/502/502 511/511/511
f 501/501/501 511/511/511 510/510/510
f 502/502/502 503/503/503 512/512/512
f 502/502/502 512/512/512 511/511/511
f 503/503/503 504/504/504 513/513/513
f 503/503/503 513/513/513 512/512/512
f 504/504/504 505/505/505 514/514/514
f 504/504/504 514/514/514 513/513/513
f 505/505/505 506/506/506 515/515/515
f 505/505/505 515/515/515 514/514/514
f 506/506/506 507/507/507 516/516/516
f 506/506/506 516/516/516 515/515/515
f 507/507/507 508/508/508 517/517/517
f 507/507/507 517/517/517 516/516/516
f 508/508/508 509/509/509 518/518/518
f 508/508/508 518/518/518 517/517/517
f 519/519/519 521/521/521 520/520/520
f 519/519/519 522/522/522 521/521/521
f 519/519/519 523/523/523 522/522/522
f 519/519/519 524/524/524 523/523/523
f 519/519/519 525/525/525 524/524/524
f 519/519/519 526/526/526 525/525/525
f 519/519/519 527/527/527 526/526/526
f 519/519/519 520/520/520 527/527/527
f 528/528/528 529/529/529 530/530/530
f 528/528/528 530/530/530 531/531/531
f 528/528/528 531/531/531 532/532/532
f 528/528/528 532/532/532 533/533/533
f 528/528/528 533/533/533 534/534/534
f 528/528/528 534/534/534 535/535/535
f 528/528/528 535/535/535 536/536/536
f 528/528/528 536/536/536 529/529/529
f 537/537/537 538/538/538 542/542/542
f 537/537/537 542/542/542 541/541/541
f 538/538/538 539/539/539 543/543/543
f 538/538/538 543/543/543 542/542/542
f 539/539/539 540/540/540 544/544/544
f 539/539/539 544/544/544 543/543/543
f 541/541/541 542/542/542 546/546/546
f 541/541/541 546/546/546 545/545/545
f 542/542/542 543/543/543 547/547/547
f 542/542/542 547/547/547 546/546/546
f 543/543/543 544/544/544 548/548/548
f 543/543/543 548/548/548 547/547/547
f 545/545/545 546/546/546 550/550/550
f 545/545/545 550/550/550 549/549/549
f 546/546/546 547/547/547 551/551/551
f 546/546/546 551/551/551 550/550/550
f 547/547/547 548/548/548 552/552/552
f 547/547/547 552/552/552 551/551/551
f 553/553/553 554/554/554 558/558/558
f 553/553/553 558/558/558 557/557/557
f 554/554/554 555/555/555 559/559/559
f 554/554/554 559/559/559 558/558/558
f 555/555/555 556/556/556 560/560/560
f 555/555/555 560/560/560 559/559/559
f 557/557/557 558/558/558 562/562/562
f 557/557/557 562/562/562 561/561/561
f 558/558/558 559/559/559 563/563/563
f 558/558/558 563/563/563 562/562/562
f 559/559/559 560/560/560 564/564/564
f 559/559/559 564/564/564 563/563/563
f 561/561/561 562/562/562 566/566/566
f 561/561/561 566/566/566 565/565/565
f 562/562/562 563/563/563 567/567/567
f 562/562/562 567/567/567 566/566/566
f 563/563/563 564/564/564 568/568/568
f 563/563/563 568/568/568 567/567/567
f 569/569/569 570/570/570 574/574/574
f 569/569/569 574/574/574 573/573/573
f 570/570/570 571/571/571 575/575/575
f 570/570/570 575/575/575 574/574/574
f 571/571/571 572/572/572 576/576/576
f 571/571/571 576/576/576 575/575/575
f 573/573/573 574/574/574 578/578/578
f 573/573/573 578/578/578 577/577/577
f 574/574/574 575/575/575 579/579/579
f 574/574/574 579/579/579 578/578/578
f 575/575/575 576/576/576 580/580/580
f 575/575/575 580/580/580 579/579/579
f 577/577/577 578/578/578 582/582/582
f 577/577/577 582/582/582 581/581/581
f 578/578/578 579/579/579 583/583/583
f 578/578/578 583/583/583 582/582/582
f 579/579/579 580/580/580 584/584/584
f 579/579/579 584/584/584 583/583/583
f 585/585/585 586/586/586 590/590/590
f 585/585/585 590/590/590 589/589/589
f 586/586/586 587/587/587 591/591/591
f 586/586/586 591/591/591 590/590/590
f 587/587/587 588/588/588 592/592/592
f 587/587/587 592/592/592 591/591/591
f 589/589/589 590/590/590 594/594/594
f 589/589/589 594/594/594 593/593/593
f 590/590/590 591/591/591 595/595/595
f 590/590/590 595/595/595 594/594/594
f 591/591/591 592/592/592 596/596/596
f 591/591/591 596/596/596 595/595/595
f 593/593/593 594/594/594 598/598/598
f 593/593/593 598/598/598 597/597/597
f 594/594/594 595/595/595 599/599/599
f 594/594/594 599/599/599 598/598/598
f 595/595/595 596/596/596 600/600/600
f 595/595/595 600/600/600 599/599/599
f 601/601/601 602/602/602 606/606/606
f 601/601/601 606/606/606 605/605/605
f 602/602/602 603/603/603 607/607/607
f 602/602/602 607/607/607 606/606/606
f 603/603/603 604/604/604 608/608/608
f 603/603/603 608/608/608 607/607/607
f 605/605/605 606/606/606 610/610/610
f 605/605/605 610/610/610 609/609/609
f 606/606/606 607/607/607 611/611/611
f 606/606/606 611/611/611 610/610/610
f 607/607/607 608/608/608 612/612/612
f 607/607/607 612/612/612 611/611/611
f 609/609/609 610/610/610 614/614/614
f 609/609/609 614/614/614 613/613/613
f 610/610/610 611/611/611 615/615/615
f 610/610/610 615/615/615 614/614/614
f 611/611/611 612/612/612 616/616/616
f 611/611/611 616/616/616 615/615/615
f 617/617/617 618/618/618 622/622/622
f 617/617/617 622/622/622 621/621/621
f 618/618/618 619/619/619 623/623/623
f 618/618/618 623/623/623 622/622/622
f 619/619/619 620/620/620 624/624/624
f 619/619/619 624/624/624 623/623/623
f 621/621/621 622/622/622 626/626/626
f 621/621/621 626/626/626 625/625/625
f 622/622/622 623/623/623 627/627/627
f 622/622/622 627/627/627 626/626/626
f 623/623/623 624/624/624 628/628/628
f 623/623/623 628/628/628 627/627/627
f 625/625/625 626/626/626 630/630/630
f 625/625/625 630/630/630 629/629/629
f 626/626/626 627/627/627 631/631/631
f 626/626/626 631/631/631 630/630/630
f 627/627/627 628/628/628 632/632/632
f 627/627/627 632/632/632 631/631/631
f 633/633/633 634/634/634 643/643/643
f 633/633/633 643/643/643 642/642/642
f 634/634/634 635/635/635 644/644/644
f 634/634/634 644/644/644 643/643/643
f 635/635/635 636/636/636 645/645/645
f 635/635/635 645/645/645 644/644/644
f 636/636/636 637/637/637 646/646/646
f 636/636/636 646/646/646 645/645/645
f 637/637/637 638/638/638 647/647/647
f 637/637/637 647/647/647 646/646/646
f 638/638/638 639/639/639 648/648/648
f 638/638/638 648/648/648 647/647/647
f 639/639/639 640/640/640 649/649/649
f 639/639/639 649/649/649 648/648/648
f 640/640/640 641/641/641 650/650/650
f 640/640/640 650/650/650 649/649/649
f 642/642/642 643/643/643 652/652/652
f 642/642/642 652/652/652 651/651/651
f 643/643/643 644/644/644 653/653/653
f 643/643/643 653/653/653 652/652/652
f 644/644/644 645/645/645 654/654/654
f 644/644/644 654/654/654 653/653/653
f 645/645/645 646/646/646 655/655/655
f 645/645/645 655/655/655 654/654/654
f 646/646/646 647/647/647 656/656/656
f 646/646/646 656/656/656 655/655/655
f 647/647/647 648/648/648 657/657/657
f 647/647/647 657/657/657 656/656/656
f 648/648/648 649/649/649 658/658/658
f 648/648/648 658/658/658 657/657/657
f 649/649/649 650/650/650 659/659/659
f 649/649/649 659/659/659 658/658/658
f 651/651/651 652/652/652 661/661/661
f 651/651/651 661/661/661 660/660/660
f 652/652/652 653/653/653 662/662/662
f 652/652/652 662/662/662 661/661/661
f 653/653/653 654/654/654 663/663/663
f 653/653/653 663/663/663 662/662/662
f 654/654/654 655/655/655 664/664/664
f 654/654/654 664/664/664 663/663/663
f 655/655/655 656/656/656 665/665/665
f 655/655/655 665/665/665 664/664/664
f 656/656/656 657/657/657 666/666/666
f 656/656/656 666/666/666 665/665/665
f 657/657/657 658/658/658 667/667/667
f 657/657/657 667/667/667 666/666/666
f 658/658/658 659/659/659 668/668/668
f 658/658/658 668/668/668 667/667/667
f 660/660/660 661/661/661 670/670/670
f 660/660/660 670/670/670 669/669/669
f 661/661/661 662/662/662 671/671/671
f 661/661/661 671/671/671 670/670/670
f 662/662/662 663/663/663 672/672/672
f 662/662/662 672/672/672 671/671/671
f 663/663/663 664/664/664 673/673/673
f 663/663/663 673/673/673 672/672/672
f 664/664/664 665/665/665 674/674/674
f 664/664/664 674/674/674 673/673/673
f 665/665/665 666/666/666 675/675/675
f 665/665/665 675/675/675 674/674/674
f 666/666/666 667/667/667 676/676/676
f 666/666/666 676/676/676 675/675/675
f 667/667/667 668/668/668 677/677/677
f 667/667/667 677/677/677 676/676/676
f 669/669/669 670/670/670 679/679/679
f 669/669/669 679/679/679 678/678/678
f 670/670/670 671/671/671 680/680/680
f 670/670/670 680/680/680 679/679/679
f 671/671/671 672/672/672 681/681/681
f 671/671/671 681/681/681 680/680/680
f 672/672/672 673/673/673 682/682/682
f 672/672/672 682/682/682 681/681/681
f 673/673/673 674/674/674 683/683/683
f 673/673/673 683/683/683 682/682/682
f 674/674/674 675/675/675 684/684/684
f 674/674/674 684/684/684 683/683/683
f 675/675/675 676/676/676 685/685/685
f 675/675/675 685/685/685 684/684/684
f 676/676/676 677/677/677 686/686/686
f 676/676/676 686/686/686 685/685/685
f 678/678/678 679/679/679 688/688/688
f 678/678/678 688/688/688 687/687/687
f 679/679/679 680/680/680 689/689/689
f 679/679/679 689/689/689 688/688/688
f 680/680/680 681/681/681 690/690/690
f 680/680/680 690/690/690 689/689/689
f 681/681/681 682/682/682 691/691/691
f 681/681/681 691/691/691 690/690/690
f 682/682/682 683/683/683 692/692/692
f 682/682/682 692/692/692 691/691/691
f 683/683/683 684/684/684 693/693/693
f 683/683/683 693/693/693 692/692/692
f 684/684/684 685/685/685 694/694/694
f 684/684/684 694/694/694 693/693/693
f 685/685/685 686/686/686 695/695/695
f 685/685/685 695/695/695 694/694/694
f 687/687/687 688/688/688 697/697/697
f 687/687/687 697/697/697 696/696/696
f 688/688/688 689/689/689 698/698/698
f 688/688/688 698/698/698 697/697/697
f 689/689/689 690/690/690 699/699/699
f 689/689/689 699/699/699 698/698/698
f 690/690/690 691/691/691 700/700/700
f 690/690/690 700/700/700 699/699/699
f 691/691/691 692/692/692 701/701/701
f 691/691/691 701/701/701 700/700/700
f 692/692/692 693/693/693 702/702/702
f 692/692/692 702/702/702 701/701/701
f 693/693/693 694/694/694 703/703/703
f 693/693/693 703/703/703 702/702/702
f 694/694/694 695/695/695 704/704/704
f 694/694/694 704/704/704 703/703/703
f 696/696/696 697/697/697 706/706/706
f 696/696/696 706/706/706 705/705/705
f 697/697/697 698/698/698 707/707/707
f 697/697/697 707/707/707 706/706/706
f 698/698/698 699/699/699 708/708/708
f 698/698/698 708/708/708 707/707/707
f 699/699/699 700/700/700 709/709/709
f 699/699/699 709/709/709 708/708/708
f 700/700/700 701/701/701 710/710/710
f 700/700/700 710/710/710 709/709/709
f 701/701/701 702/702/702 711/711/711
f 701/701/701 711/711/711 710/710/710
f 702/702/702 703/703/703 712/712/712
f 702/702/702 712/712/712 711/711/711
f 703/703/703 704/704/704 713/713/713
f 703/703/703 713/713/713 712/712/712
f 705/705/705 706/706/706 715/715/715
f 705/705/705 715/715/715 714/714/714
f 706/706/706 707/707/707 716/716/716
f 706/706/706 716/716/716 715/715/715
f 707/707/707 708/708/708 717/717/717
f 707/707/707 717/717/717 716/716/716
f 708/708/708 709/709/709 718/718/718
f 708/708/708 718/718/718 717/717/717
f 709/709/709 710/710/710 719/719/719
f 709/709/709 719/719/719 718/718/718
f 710/710/710 711/711/711 720/720/720
f 710/710/710 720/720/720 719/719/719
f 711/711/711 712/712/712 721/721/721
f 711/711/711 721/721/721 720/720/720
f 712/712/712 713/713/713 722/722/722
f 712/712/712 722/722/722 721/721/721
f 714/714/714 715/715/715 724/724/724
f 714/714/714 724/724/724 723/723/723
f 715/715/715 716/716/716 725/725/725
f 715/715/715 725/725/725 724/724/724
f 716/716/716 717/717/717 726/726/726
f 716/716/716 726/726/726 725/725/725
f 717/717/717 718/718/718 727/727/727
f 717/717/717 727/727/727 726/726/726
f 718/718/718 719/719/719 728/728/728
f 718/718/718 728/728/728 727/727/727
f 719/719/719 720/720/720 729/729/729
f 719/719/719 729/729/729 728/728/728
f 720/720/720 721/721/721 730/730/730
f 720/720/720 730/730/730 729/729/729
f 721/721/721 722/722/722 731/731/731
f 721/721/721 731/731/731 730/730/730
f 723/723/723 724/724/724 733/733/733
f 723/723/723 733/733/733 732/732/732
f 724/724/724 725/725/725 734/734/734
f 724/724/724 734/734/734 733/733/733
f 725/725/725 726/726/726 735/735/735
f 725/725/725 735/735/735 734/734/734
f 726/726/726 727/727/727 736/736/736
f 726/726/726 736/736/736 735/735/735
f 727/727/727 728/728/728 737/737/737
f 727/727/727 737/737/737 736/736/736
f 728/728/728 729/729/729 738/738/738
f 728/728/728 738/738/738 737/737/737
f 729/729/729 730/730/730 739/739/739
f 729/729/729 739/739/739 738/738/738
f 730/730/730 731/731/731 740/740/740
f 730/730/730 740/740/740 739/739/739
f 741/741/741 743/743/743 742/742/742
f 741/741/741 744/744/744 743/743/743
f 741/741/741 745/745/745 744/744/744
f 741/741/741 746/746/746 745/745/745
f 741/741/741 747/747/747 746/746/746
f 741/741/741 748/748/748 747/747/747
f 741/741/741 749/749/749 748/748/748
f 741/741/741 742/742/742 749/749/749
f 750/750/750 751/751/751 752/752/752
f 750/750/750 752/752/752 753/753/753
f 750/750/750 753/753/753 754/754/754
f 750/750/750 754/754/754 755/755/755
f 750/750/750 755/755/755 756/756/756
f 750/750/750 756/756/756 757/757/757
f 750/750/750 757/757/757 758/758/758
f 750/750/750 758/758/758 751/751/751
f 759/759/759 760/760/760 764/764/764
f 759/759/759 764/764/764 763/763/763
f 760/760/760 761/761/761 765/765/765
f 760/760/760 765/765/765 764/764/764
f 761/761/761 762/762/762 766/766/766
f 761/761/761 766/766/766 765/765/765
f 763/763/763 764/764/764 768/768/768
f 763/763/763 768/768/768 767/767/767
f 764/764/764 765/765/765 769/769/769
f 764/764/764 769/769/769 768/768/768
f 765/765/765 766/766/766 770/770/770
f 765/765/765 770/770/770 769/769/769
f 767/767/767 768/768/768 772/772/772
f 767/767/767 772/772/772 771/771/771
f 768/768/768 769/769/769 773/773/773
f 768/768/768 773/773/773 772/772/772
f 769/769/769 770/770/770 774/774/774
f 769/769/769 774/774/774 773/773/773
f 775/775/775 776/776/776 780/780/780
f 775/775/775 780/780/780 779/779/779
f 776/776/776 777/777/777 781/781/781
f 776/776/776 781/781/781 780/780/780
f 777/777/777 778/778/778 782/782/782
f 777/777/777 782/782/782 781/781/781
f 779/779/779 780/780/780 784/784/784
f 779/779/779 784/784/784 783/783/783
f 780/780/780 781/781/781 785/785/785
f 780/780/780 785/785/785 784/784/784
f 781/781/781 782/782/782 786/786/786
f 781/781/781 786/786/786 785/785/785
f 783/783/783 784/784/784 788/788/788
f 783/783/783 788/788/788 787/787/787
f 784/784/784 785/785/785 789/789/789
f 784/784/784 789/789/789 788/788/788
f 785/785/785 786/786/786 790/790/790
f 785/785/785 790/790/790 789/789/789
f 791/791/791 792/792/792 796/796/796
f 791/791/791 796/796/796 795/795/795
f 792/792/792 793/793/793 797/797/797
f 792/792/792 797/797/797 796/796/796
f 793/793/793 794/794/794 798/798/798
f 793/793/793 798/798/798 797/797/797
f 795/795/795 796/796/796 800/800/800
f 795/795/795 800/800/800 799/799/799
f 796/796/796 797/797/797 801/801/801
f 796/796/796 801/801/801 800/800/800
f 797/797/797 798/798/798 802/802/802
f 797/797/797 802/802/802 801/801/801
f 799/799/799 800/800/800 804/804/804
f 799/799/799 804/804/804 803/803/803
f 800/800/800 801/801/801 805/805/805
f 800/800/800 805/805/805 804/804/804
f 801/801/801 802/802/802 806/806/806
f 801/801/801 806/806/806 805/805/805
f 807/807/807 808/808/808 812/812/812
f 807/807/807 812/812/812 811/811/811
f 808/808/808 809/809/809 813/813/813
f 808/808/808 813/813/813 812/812/812
f 809/809/809 810/810/810 814/814/814
f 809/809/809 814/814/814 813/813/813
f 811/811/811 812/812/812 816/816/816
f 811/811/811 816/816/816 815/815/815
f 812/812/812 813/813/813 817/817/817
f 812/812/812 817/817/817 816/816/816
f 813/813/813 814/814/814 818/818/818
f 813/813/813 818/818/818 817/817/817
f 815/815/815 816/816/816 820/820/820
f 815/815/815 820/820/820 819/819/819
f 816/816/816 817/817/817 821/821/821
f 816/816/816 821/821/821 820/820/820
f 817/817/817 818/818/818 822/822/822
f 817/817/817 822/822/822 821/821/821
f 823/823/823 824/824/824 828/828/828
f 823/823/823 828/828/828 827/827/827
f 824/824/824 825/825/825 829/829/829
f 824/824/824 829/829/829 828/828/828
f 825/825/825 826/826/826 830/830/830
f 825/825/825 830/830/830 829/829/829
f 827/827/827 828/828/828 832/832/832
f 827/827/827 832/832/832 831/831/831
f 828/828/828 829/829/829 833/833/833
f 828/828/828 833/833/833 832/832/832
f 829/829/829 830/830/830 834/834/834
f 829/829/829 834/834/834 833/833/833
f 831/831/831 832/832/832 836/836/836
f 831/831/831 836/836/836 835/835/835
f 832/832/832 833/833/833 837/837/837
f 832/832/832 837/837/837 836/836/836
f 833/833/833 834/834/834 838/838/838
f 833/833/833 838/838/838 837/837/837
f 839/839/839 840/840/840 844/844/844
f 839/839/839 844/844/844 843/843/843
f 840/840/840 841/841/841 845/845/845
f 840/840/840 845/845/845 844/844/844
f 841/841/841 842/842/842 846/846/846
f 841/841/841 846/846/846 845/845/845
f 843/843/843 844/844/844 848/848/848
f 843/843/843 848/848/848 847/847/847
f 844/844/844 845/845/845 849/849/849
f 844/844/844 849/849/849 848/848/848
f 845/845/845 846/846/846 850/850/850
f 845/845/845 850/850/850 849/849/849
f 847/847/847 848/848/848 852/852/852
f 847/847/847 852/852/852 851/851/851
f 848/848/848 849/849/849 853/853/853
f 848/848/848 853/853/853 852/852/852
f 849/849/849 850/850/850 854/854/854
f 849/849/849 854/854/854 853/853/853
f 855/855/855 856/856/856 865/865/865
f 855/855/855 865/865/865 864/864/864
f 856/856/856 857/857/857 866/866/866
f 856/856/856 866/866/866 865/865/865
f 857/857/857 858/858/858 867/867/867
f 857/857/857 867/867/867 866/866/866
f 858/858/858 859/859/859 868/868/868
f 858/858/858 868/868/868 867/867/867
f 859/859/859 860/860/860 869/869/869
f 859/859/859 869/869/869 868/868/868
f 860/860/860 861/861/861 870/870/870
f 860/860/860 870/870/870 869/869/869
f 861/861/861 862/862/862 871/871/871
f 861/861/861 871/871/871 870/870/870
f 862/862/862 863/863/863 872/872/872
f 862/862/862 872/872/872 871/871/871
f 864/864/864 865/865/865 874/874/874
f 864/864/864 874/874/874 873/873/873
f 865/865/865 866/866/866 875/875/875
f 865/865/865 875/875/875 874/874/874
f 866/866/866 867/867/867 876/876/876
f 866/866/866 876/876/876 875/875/875
f 867/867/867 868/868/868 877/877/877
f 867/867/867 877/877/877 876/876/876
f 868/868/868 869/869/869 878/878/878
f 868/868/868 878/878/878 877/877/877
f 869/869/869 870/870/870 879/879/879
f 869/869/869 879/879/879 878/878/878
f 870/870/870 871/871/871 880/880/880
f 870/870/870 880/880/880 879/879/879
f 871/871/871 872/872/872 881/881/881
f 871/871/871 881/881/881 880/880/880
f 873/873/873 874/874/874 883/883/883
f 873/873/873 883/883/883 882/882/882
f 874/874/874 875/875/875 884/884/884
f 874/874/874 884/884/884 883/883/883
f 875/875/875 876/876/876 885/885/885
f 875/875/875 885/885/885 884/884/884
f 876/876/876 877/877/877 886/886/886
f 876/876/876 886/886/886 885/885/885
f 877/877/877 878/878/878 887/887/887
f 877/877/877 887/887/887 886/886/886
f 878/878/878 879/879/879 888/888/888
f 878/878/878 888/888/888 887/887/887
f 879/879/879 880/880/880 889/889/889
f 879/879/879 889/889/889 888/888/888
f 880/880/880 881/881/881 890/890/890
f 880/880/880 890/890/890 889/889/889
f 882/882/882 883/883/883 892/892/892
f 882/882/882 892/892/892 891/891/891
f 883/883/883 884/884/884 893/893/893
f 883/883/883 893/893/893 892/892/892
f 884/884/884 885/885/885 894/894/894
f 884/884/884 894/894/894 893/893/893
f 885/885/885 886/886/886 895/895/895
f 885/885/885 895/895/895 894/894/894
f 886/886/886 887/887/887 896/896/896
f 886/886/886 896/896/896 895/895/895
f 887/887/887 888/888/888 897/897/897
f 887/887/887 897/897/897 896/896/896
f 888/888/888 889/889/889 898/898/898
f 888/888/888 898/898/898 897/897/897
f 889/889/889 890/890/890 899/899/899
f 889/889/889 899/899/899 898/898/898
f 891/891/891 892/892/892 901/901/901
f 891/891/891 901/901/901 900/900/900
f 892/892/892 893/893/893 902/902/902
f 892/892/892 902/902/902 901/901/901
f 893/893/893 894/894/894 903/903/903
f 893/893/893 903/903/903 902/902/902
f 894/894/894 895/895/895 904/904/904
f 894/894/894 904/904/904 903/903/903
f 895/895/895 896/896/896 905/905/905
f 895/895/895 905/905/905 904/904/904
f 896/896/896 897/897/897 906/906/906
f 896/896/896 906/906/906 905/905/905
f 897/897/897 898/898/898 907/907/907
f 897/897/897 907/907/907 906/906/906
f 898/898/898 899/899/899 908/908/908
f 898/898/898 908/908/908 907/907/907
f 900/900/900 901/901/901 910/910/910
f 900/900/900 910/910/910 909/909/909
f 901/901/901 902/902/902 911/911/911
f 901/901/901 911/911/911 910/910/910
f 902/902/902 903/903/903 912/912/912
f 902/902/902 912/912/912 911/911/911
f 903/903/903 904/904/904 913/913/913
f 903/903/903 913/913/913 912/912/912
f 904/904/904 905/905/905 914/914/914
f 904/904/904 914/914/914 913/913/913
f 905/905/905 906/906/906 915/915/915
f 905/905/905 915/915/915 914/914/914
f 906/906/906 907/907/907 916/916/916
f 906/906/906 916/916/916 915/915/915
f 907/907/907 908/908/908 917/917/917
f 907/907/907 917/917/917 916/916/916
f 909/909/909 910/910/910 919/919/919
f 909/909/909 919/919/919 918/918/918
f 910/910/910 911/911/911 920/920/920
f 910/910/910 920/920/920 919/919/919
f 911/911/911 912/912/912 921/921/921
f 911/911/911 921/921/921 920/920/920
f 912/912/912 913/913/913 922/922/922
f 912/912/912 922/922/922 921/921/921
f 913/913/913 914/914/914 923/923/923
f 913/913/913 923/923/923 922/922/922
f 914/914/914 915/915/915 924/924/924
f 914/914/914 924/924/924 923/923/923
f 915/915/915 916/916/916 925/925/925
f 915/915/915 925/925/925 924/924/924
f 916/916/916 917/917/917 926/926/926
f 916/916/916 926/926/926 925/925/925
f 918/918/918 919/919/919 928/928/928
f 918/918/918 928/928/928 927/927/927
f 919/919/919 920/920/920 929/929/929
f 919/919/919 929/929/929 928/928/928
f 920/920/920 921/921/921 930/930/930
f 920/920/920 930/930/930 929/929/929
f 921/921/921 922/922/922 931/931/931
f 921/921/921 931/931/931 930/930/930
f 922/922/922 923/923/923 932/932/932
f 922/922/922 932/932/932 931/931/931
f 923/923/923 924/924/924 933/933/933
f 923/923/923 933/933/933 932/932/932
f 924/924/924 925/925/925 934/934/934
f 924/924/924 934/934/934 933/933/933
f 925/925/925 926/926/926 935/935/935
f 925/925/925 935/935/935 934/934/934
f 927/927/927 928/928/928 937/937/937
f 927/927/927 937/937/937 936/936/936
f 928/928/928 929/929/929 938/938/938
f 928/928/928 938/938/938 937/937/937
f 929/929/929 930/930/930 939/939/939
f 929/929/929 939/939/939 938/938/938
f 930/930/930 931/931/931 940/940/940
f 930/930/930 940/940/940 939/939/939
f 931/931/931 932/932/932 941/941/941
f 931/931/931 941/941/941 940/940/940
f 932/932/932 933/933/933 942/942/942
f 932/932/932 942/942/942 941/941/941
f 933/933/933 934/934/934 943/943/943
f 933/933/933 943/943/943 942/942/942
f 934/934/934 935/935/935 944/944/944
f 934/934/934 944/944/944 943/943/943
f 936/936/936 937/937/937 946/946/946
f 936/936/936 946/946/946 945/945/945
f 937/937/937 938/938/938 947/947/947
f 937/937/937 947/947/947 946/946/946
f 938/938/938 939/939/939 948/948/948
f 938/938/938 948/948/948 947/947/947
f 939/939/939 940/940/940 949/949/949
f 939/939/939 949/949/949 948/948/948
f 940/940/940 941/941/941 950/950/950
f 940/940/940 950/950/950 949/949/949
f 941/941/941 942/942/942 951/951/951
f 941/941/941 951/951/951 950/950/950
f 942/942/942 943/943/943 952/952/952
f 942/942/942 952/952/952 951/951/951
f 943/943/943 944/944/944 953/953/953
f 943/943/943 953/953/953 952/952/952
f 945/945/945 946/946/946 955/955/955
f 945/945/945 955/955/955 954/954/954
f 946/946/946 947/947/947 956/956/956
f 946/946/946 956/956/956 955/955/955
f 947/947/947 948/948/948 957/957/957
f 947/947/947 957/957/957 956/956/956
f 948/948/948 949/949/949 958/958/958
f 948/948/948 958/958/958 957/957/957
f 949/949/949 950/950/950 959/959/959
f 949/949/949 959/959/959 958/958/958
f 950/950/950 951/951/951 960/960/960
f 950/950/950 960/960/960 959/959/959
f 951/951/951 952/952/952 961/961/961
f 951/951/951 961/961/961 960/960/960
f 952/952/952 953/953/953 962/962/962
f 952/952/952 962/962/962 961/961/961
f 963/963/963 965/965/965 964/964/964
f 963/963/963 966/966/966 965/965/965
f 963/963/963 967/967/967 966/966/966
f 963/963/963 968/968/968 967/967/967
f 963/963/963 969/969/969 968/968/968
f 963/963/963 970/970/970 969/969/969
f 963/963/963 971/971/971 970/970/970
f 963/963/963 964/964/964 971/971/971
f 972/972/972 973/973/973 974/974/974
f 972/972/972 974/974/974 975/975/975
f 972/972/972 975/975/975 976/976/976
f 972/972/972 976/976/976 977/977/977
f 972/972/972 977/977/977 978/978/978
f 972/972/972 978/978/978 979/979/979
f 972/972/972 979/979/979 980/980/980
f 972/972/972 980/980/980 973/973/973
f 981/981/981 982/982/982 986/986/986
f 981/981/981 986/986/986 985/985/985
f 982/982/982 983/983/983 987/987/987
f 982/982/982 987/987/987 986/986/986
f 983/983/983 984/984/984 988/988/988
f 983/983/983 988/988/988 987/987/987
f 985/985/985 986/986/986 990/990/990
f 985/985/985 990/990/990 989/989/989
f 986/986/986 987/987/987 991/991/991
f 986/986/986 991/991/991 990/990/990
f 987/987/987 988/988/988 992/992/992
f 987/987/987 992/992/992 991/991/991
f 989/989/989 990/990/990 994/994/994
f 989/989/989 994/994/994 993/993/993
f 990/990/990 991/991/991 995/995/995
f 990/990/990 995/995/995 994/994/994
f 991/991/991 992/992/992 996/996/996
f 991/991/991 996/996/996 995/995/995
f 997/997/997 998/998/998 1002/1002/1002
f 997/997/997 1002/1002/1002 1001/1001/1001
f 998/998/998 999/999/999 1003/1003/1003
f 998/998/998 1003/1003/1003 1002/1002/1002
f 999/999/999 1000/1000/1000 1004/1004/1004
f 999/999/999 1004/1004/1004 1003/1003/1003
f 1001/1001/1001 1002/1002/1002 1006/1006/1006
f 1001/1001/1001 1006/1006/1006 1005/1005/1005
f 1002/1002/1002 1003/1003/1003 1007/1007/1007
f 1002/1002/1002 1007/1007/1007 1006/1006/1006
f 1003/1003/1003 1004/1004/1004 1008/1008/1008
f 1003/1003/1003 1008/1008/1008 1007/1007/1007
f 1005/1005/1005 1006/1006/1006 1010/1010/1010
f 1005/1005/1005 1010/1010/1010 1009/1009/1009
f 1006/1006/1006 1007/1007/1007 1011/1011/1011
f 1006/1006/1006 1011/1011/1011 1010/1010/1010
f 1007/1007/1007 1008/1008/1008 1012/1012/1012
f 1007/1007/1007 1012/1012/1012 1011/1011/1011
f 1013/1013/1013 1014/1014/1014 1018/1018/1018
f 1013/1013/1013 1018/1018/1018 1017/1017/1017
f 1014/1014/1014 1015/1015/1015 1019/1019/1019
f 1014/1014/1014 1019/1019/1019 1018/1018/1018
f 1015/1015/1015 1016/1016/1016 1020/1020/1020
f 1015/1015/1015 1020/1020/1020 1019/1019/1019
f 1017/1017/1017 1018/1018/1018 1022/1022/1022
f 1017/1017/1017 1022/1022/1022 1021/1021/1021
f 1018/1018/1018 1019/1019/1019 1023/1023/1023
f 1018/1018/1018 1023/1023/1023 1022/1022/1022
f 1019/1019/1019 1020/1020/1020 1024/1024/1024
f 1019/1019/1019 1024/1024/1024 1023/1023/1023
f 1021/1021/1021 1022/1022/1022 1026/1026/1026
f 1021/1021/1021 1026/1026/1026 1025/1025/1025
f 1022/1022/1022 1023/1023/1023 1027/1027/1027
f 1022/1022/1022 1027/1027/1027 1026/1026/1026
f 1023/1023/1023 1024/1024/1024 1028/1028/1028
f 1023/1023/1023 1028/1028/1028 1027/1027/1027
f 1029/1029/1029 1030/1030/1030 1034/1034/1034
f 1029/1029/1029 1034/1034/1034 1033/1033/1033
f 1030/1030/1030 1031/1031/1031 1035/1035/1035
f 1030/1030/1030 1035/1035/1035 1034/1034/1034
f 1031/1031/1031 1032/1032/1032 1036/1036/1036
f 1031/1031/1031 1036/1036/1036 1035/1035/1035
f 1033/1033/1033 1034/1034/1034 1038/1038/1038
f 1033/1033/1033 1038/1038/1038 1037/1037/1037
f 1034/1034/1034 1035/1035/1035 1039/1039/1039
f 1034/1034/1034 1039/1039/1039 1038/1038/1038
f 1035/1035/1035 1036/1036/1036 1040/1040/1040
f 1035/1035/1035 1040/1040/1040 1039/1039/1039
f 1037/1037/1037 1038/1038/1038 1042/1042/1042
f 1037/1037/1037 1042/1042/1042 1041/1041/1041
f 1038/1038/1038 1039/1039/1039 1043/1043/1043
f 1038/1038/1038 1043/1043/1043 1042/1042/1042
f 1039/1039/1039 1040/1040/1040 1044/1044/1044
f 1039/1039/1039 1044/1044/1044 1043/1043/1043
f 1045/1045/1045 1046/1046/1046 1050/1050/1050
f 1045/1045/1045 1050/1050/1050 1049/1049/1049
f 1046/1046/1046 1047/1047/1047 1051/1051/1051
f 1046/1046/1046 1051/1051/1051 1050/1050/1050
f 1047/1047/1047 1048/1048/1048 1052/1052/1052
f 1047/1047/1047 1052/1052/1052 1051/1051/1051
f 1049/1049/1049 1050/1050/1050 1054/1054/1054
f 1049/1049/1049 1054/1054/1054 1053/1053/1053
f 1050/1050/1050 1051/1051/1051 1055/1055/1055
f 1050/1050/1050 1055/1055/1055 1054/1054/1054
f 1051/1051/1051 1052/1052/1052 1056/1056/1056
f 1051/1051/1051 1056/1056/1056 1055/1055/1055
f 1053/1053/1053 1054/1054/1054 1058/1058/1058
f 1053/1053/1053 1058/1058/1058 1057/1057/1057
f 1054/1054/1054 1055/1055/1055 1059/1059/1059
f 1054/1054/1054 1059/1059/1059 1058/1058/1058
f 1055/1055/1055 1056/1056/1056 1060/1060/1060
f 1055/1055/1055 1060/1060/1060 1059/1059/1059
f 1061/1061/1061 1062/1062/1062 1066/1066/1066
f 1061/1061/1061 1066/1066/1066 1065/1065/1065
f 1062/1062/1062 1063/1063/1063 1067/1067/1067
f 1062/1062/1062 1067/1067/1067 1066/1066/1066
f 1063/1063/1063 1064/1064/1064 1068/1068/1068
f 1063/1063/1063 1068/1068/1068 1067/1067/1067
f 1065/1065/1065 1066/1066/1066 1070/1070/1070
f 1065/1065/1065 1070/1070/1070 1069/1069/1069
f 1066/1066/1066 1067/1067/1067 1071/1071/1071
f 1066/1066/1066 1071/1071/1071 1070/1070/1070
f 1067/1067/1067 1068/1068/1068 1072/1072/1072
f 1067/1067/1067 1072/1072/1072 1071/1071/1071
f 1069/1069/1069 1070/1070/1070 1074/1074/1074
f 1069/1069/1069 1074/1074/1074 1073/1073/1073
f 1070/1070/1070 1071/1071/1071 1075/1075/1075
f 1070/1070/1070 1075/1075/1075 1074/1074/1074
f 1071/1071/1071 1072/1072/1072 1076/1076/1076
f 1071/1071/1071 1076/1076/1076 1075/1075/1075
f 1077/1077/1077 1078/1078/1078 1087/1087/1087
f 1077/1077/1077 1087/1087/1087 1086/1086/1086
f 1078/1078/1078 1079/1079/1079 1088/1088/1088
f 1078/1078/1078 1088/1088/1088 1087/1087/1087
f 1079/1079/1079 1080/1080/1080 1089/1089/1089
f 1079/1079/1079 1089/1089/1089 1088/1088/1088
f 1080/1080/1080 1081/1081/1081 1090/1090/1090
f 1080/1080/1080 1090/1090/1090 1089/1089/1089
f 1081/1081/1081 1082/1082/1082 1091/1091/1091
f 1081/1081/1081 1091/1091/1091 1090/1090/1090
f 1082/1082/1082 1083/1083/1083 1092/1092/1092
f 1082/1082/1082 1092/1092/1092 1091/1091/1091
f 1083/1083/1083 1084/1084/1084 1093/1093/1093
f 1083/1083/1083 1093/1093/1093 1092/1092/1092
f 1084/1084/1084 1085/1085/1085 1094/1094/1094
f 1084/1084/1084 1094/1094/1094 1093/1093/1093
f 1086/1086/1086 1087/1087/1087 1096/1096/1096
f 1086/1086/1086 1096/1096/1096 1095/1095/1095
f 1087/1087/1087 1088/1088/1088 1097/1097/1097
f 1087/1087/1087 1097/1097/1097 1096/1096/1096
f 1088/1088/1088 1089/1089/1089 1098/1098/1098
f 1088/1088/1088 1098/1098/1098 1097/1097/1097
f 1089/1089/1089 1090/1090/1090 1099/1099/1099
f 1089/1089/1089 1099/1099/1099 1098/1098/1098
f 1090/1090/1090 1091/1091/1091 1100/1100/1100
f 1090/1090/1090 1100/1100/1100 1099/1099/1099
f 1091/1091/1091 1092/1092/1092 1101/1101/1101
f 1091/1091/1091 1101/1101/1101 1100/1100/1100
f 1092/1092/1092 1093/1093/1093 1102/1102/1102
f 1092/1092/1092 1102/1102/1102 1101/1101/1101
f 1093/1093/1093 1094/1094/1094 1103/1103/1103
f 1093/1093/1093 1103/1103/1103 1102/1102/1102
f 1095/1095/1095 1096/1096/1096 1105/1105/1105
f 1095/1095/1095 1105/1105/1105 1104/1104/1104
f 1096/1096/1096 1097/1097/1097 1106/1106/1106
f 1096/1096/1096 1106/1106/1106 1105/1105/1105
f 1097/1097/1097 1098/1098/1098 1107/1107/1107
f 1097/1097/1097 1107/1107/1107 1106/1106/1106
f 1098/1098/1098 1099/1099/1099 1108/1108/1108
f 1098/1098/1098 1108/1108/1108 1107/1107/1107
f 1099/1099/1099 1100/1100/1100 1109/1109/1109
f 1099/1099/1099 1109/1109/1109 1108/1108/1108
f 1100/1100/1100 1101/1101/1101 1110/1110/1110
f 1100/1100/1100 1110/1110/1110 1109/1109/1109
f 1101/1101/1101 1102/1102/1102 1111/1111/1111
f 1101/1101/1101 1111/1111/1111 1110/1110/1110
f 1102/1102/1102 1103/1103/1103 1112/1112/1112
f 1102/1102/1102 1112/1112/1112 1111/1111/1111
f 1104/1104/1104 1105/1105/1105 1114/1114/1114
f 1104/1104/1104 1114/1114/1114 1113/1113/1113
f 1105/1105/1105 1106/1106/1106 1115/1115/1115
f 1105/1105/1105 1115/1115/1115 1114/1114/1114
f 1106/1106/1106 1107/1107/1107 1116/1116/1116
f 1106/1106/1106 1116/1116/1116 1115/1115/1115
f 1107/1107/1107 1108/1108/1108 1117/1117/1117
f 1107/1107/1107 1117/1117/1117 1116/1116/1116
f 1108/1108/1108 1109/1109/1109 1118/1118/1118
f 1108/1108/1108 1118/1118/1118 1117/1117/1117
f 1109/1109/1109 1110/1110/1110 1119/1119/1119
f 1109/1109/1109 1119/1119/1119 1118/1118/1118
f 1110/1110/1110 1111/1111/1111 1120/1120/1120
f 1110/1110/1110 1120/1120/1120 1119/1119/1119
f 1111/1111/1111 1112/1112/1112 1121/1121/1121
f 1111/1111/1111 1121/1121/1121 1120/1120/1120
f 1113/1113/1113 1114/1114/1114 1123/1123/1123
f 1113/1113/1113 1123/1123/1123 1122/1122/1122
f 1114/1114/1114 1115/1115/1115 1124/1124/1124
f 1114/1114/1114 1124/1124/1124 1123/1123/1123
f 1115/1115/1115 1116/1116/1116 1125/1125/1125
f 1115/1115/1115 1125/1125/1125 1124/1124/1124
f 1116/1116/1116 1117/1117/1117 1126/1126/1126
f 1116/1116/1116 1126/1126/1126 1125/1125/1125
f 1117/1117/1117 1118/1118/1118 1127/1127/1127
f 1117/1117/1117 1127/1127/1127 1126/1126/1126
f 1118/1118/1118 1119/1119/1119 1128/1128/1128
f 1118/1118/1118 1128/1128/1128 1127/1127/1127
f 1119/1119/1119 1120/1120/1120 1129/1129/1129
f 1119/1119/1119 1129/1129/1129 1128/1128/1128
f 1120/1120/1120 1121/1121/1121 1130/1130/1130
f 1120/1120/1120 1130/1130/1130 1129/1129/1129
f 1122/1122/1122 1123/1123/1123 1132/1132/1132
f 1122/1122/1122 1132/1132/1132 1131/1131/1131
f 1123/1123/1123 1124/1124/1124 1133/1133/1133
f 1123/1123/1123 1133/1133/1133 1132/1132/1132
f 1124/1124/1124 1125/1125/1125 1134/1134/1134
f 1124/1124/1124 1134/1134/1134 1133/1133/1133
f 1125/1125/1125 1126/1126/1126 1135/1135/1135
f 1125/1125/1125 1135/1135/1135 1134/1134/1134
f 1126/1126/1126 1127/1127/1127 1136/1136/1136
f 1126/1126/1126 1136/1136/1136 1135/1135/1135
f 1127/1127/1127 1128/1128/1128 1137/1137/1137
f 1127/1127/1127 1137/1137/1137 1136/1136/1136
f 1128/1128/1128 1129/1129/1129 1138/1138/1138
f 1128/1128/1128 1138/1138/1138 1137/1137/1137
f 1129/1129/1129 1130/1130/1130 1139/1139/1139
f 1129/1129/1129 1139/1139/1139 1138/1138/1138
f 1131/1131/1131 1132/1132/1132 1141/1141/1141
f 1131/1131/1131 1141/1141/1141 1140/1140/1140
f 1132/1132/1132 1133/1133/1133 1142/1142/1142
f 1132/1132/1132 1142/1142/1142 1141/1141/1141
f 1133/1133/1133 1134/1134/1134 1143/1143/1143
f 1133/1133/1133 1143/1143/1143 1142/1142/1142
f 1134/1134/1134 1135/1135/1135 1144/1144/1144
f 1134/1134/1134 1144/1144/1144 1143/1143/1143
f 1135/1135/1135 1136/1136/1136 1145/1145/1145
f 1135/1135/1135 1145/1145/1145 1144/1144/1144
f 1136/1136/1136 1137/1137/1137 1146/1146/1146
f 1136/1136/1136 1146/1146/1146 1145/1145/1145
f 1137/1137/1137 1138/1138/1138 1147/1147/1147
f 1137/1137/1137 1147/1147/1147 1146/1146/1146
f 1138/1138/1138 1139/1139/1139 1148/1148/1148
f 1138/1138/1138 1148/1148/1148 1147/1147/1147
f 1140/1140/1140 1141/1141/1141 1150/1150/1150
f 1140/1140/1140 1150/1150/1150 1149/1149/1149
f 1141/1141/1141 1142/1142/1142 1151/1151/1151
f 1141/1141/1141 1151/1151/1151 1150/1150/1150
f 1142/1142/1142 1143/1143/1143 1152/1152/1152
f 1142/1142/1142 1152/1152/1152 1151/1151/1151
f 1143/1143/1143 1144/1144/1144 1153/1153/1153
f 1143/1143/1143 1153/1153/1153 1152/1152/1152
f 1144/1144/1144 1145/1145/1145 1154/1154/1154
f 1144/1144/1144 1154/1154/1154 1153/1153/1153
f 1145/1145/1145 1146/1146/1146 1155/1155/1155
f 1145/1145/1145 1155/1155/1155 1154/1154/1154
f 1146/1146/1146 1147/1147/1147 1156/1156/1156
f 1146/1146/1146 1156/1156/1156 1155/1155/1155
f 1147/1147/1147 1148/1148/1148 1157/1157/1157
f 1147/1147/1147 1157/1157/1157 1156/1156/1156
f 1149/1149/1149 1150/1150/1150 1159/1159/1159
f 1149/1149/1149 1159/1159/1159 1158/1158/1158
f 1150/1150/1150 1151/1151/1151 1160/1160/1160
f 1150/1150/1150 1160/1160/1160 1159/1159/1159
f 1151/1151/1151 1152/1152/1152 1161/1161/1161
f 1151/1151/1151 1161/1161/1161 1160/1160/1160
f 1152/1152/1152 1153/1153/1153 1162/1162/1162
f 1152/1152/1152 1162/1162/1162 1161/1161/1161
f 1153/1153/1153 1154/1154/1154 1163/1163/1163
f 1153/1153/1153 1163/1163/1163 1162/1162/1162
f 1154/1154/1154 1155/1155/1155 1164/1164/1164
f 1154/1154/1154 1164/1164/1164 1163/1163/1163
f 1155/1155/1155 1156/1156/1156 1165/1165/1165
f 1155/1155/1155 1165/1165/1165 1164/1164/1164
f 1156/1156/1156 1157/1157/1157 1166/1166/1166
f 1156/1156/1156 1166/1166/1166 1165/1165/1165
f 1158/1158/1158 1159/1159/1159 1168/1168/1168
f 1158/1158/1158 1168/1168/1168 1167/1167/1167
f 1159/1159/1159 1160/1160/1160 1169/1169/1169
f 1159/1159/1159 1169/1169/1169 1168/1168/1168
f 1160/1160/1160 1161/1161/1161 1170/1170/1170
f 1160/1160/1160 1170/1170/1170 1169/1169/1169
f 1161/1161/1161 1162/1162/1162 1171/1171/1171
f 1161/1161/1161 1171/1171/1171 1170/1170/1170
f 1162/1162/1162 1163/1163/1163 1172/1172/1172
f 1162/1162/1162 1172/1172/1172 1171/1171/1171
f 1163/1163/1163 1164/1164/1164 1173/1173/1173
f 1163/1163/1163 1173/1173/1173 1172/1172/1172
f 1164/1164/1164 1165/1165/1165 1174/1174/1174
f 1164/1164/1164 1174/1174/1174 1173/1173/1173
f 1165/1165/1165 1166/1166/1166 1175/1175/1175
f 1165/1165/1165 1175/1175/1175 1174/1174/1174
f 1167/1167/1167 1168/1168/1168 1177/1177/1177
f 1167/1167/1167 1177/1177/1177 1176/1176/1176
f 1168/1168/1168 1169/1169/1169 1178/1178/1178
f 1168/1168/1168 1178/1178/1178 1177/1177/1177
f 1169/1169/1169 1170/1170/1170 1179/1179/1179
f 1169/1169/1169 1179/1179/1179 1178/1178/1178
f 1170/1170/1170 1171/1171/1171 1180/1180/1180
f 1170/1170/1170 1180/1180/1180 1179/1179/1179
f 1171/1171/1171 1172/1172/1172 1181/1181/1181
f 1171/1171/1171 1181/1181/1181 1180/1180/1180
f 1172/1172/1172 1173/1173/1173 1182/1182/1182
f 1172/1172/1172 1182/1182/1182 1181/1181/1181
f 1173/1173/1173 1174/1174/1174 1183/1183/1183
f 1173/1173/1173 1183/1183/1183 1182/1182/1182
f 1174/1174/1174 1175/1175/1175 1184/1184/1184
f 1174/1174/1174 1184/1184/1184 1183/1183/1183
f 1185/1185/1185 1187/1187/1187 1186/1186/1186
f 1185/1185/1185 1188/1188/1188 1187/1187/1187
f 1185/1185/1185 1189/1189/1189 1188/1188/1188
f 1185/1185/1185 1190/1190/1190 1189/1189/1189
f 1185/1185/1185 1191/1191/1191 1190/1190/1190
f 1185/1185/1185 1192/1192/1192 1191/1191/1191
f 1185/1185/1185 1193/1193/1193 1192/1192/1192
f 1185/1185/1185 1186/1186/1186 1193/1193/1193
f 1194/1194/1194 1195/1195/1195 1196/1196/1196
f 1194/1194/1194 1196/1196/1196 1197/1197/1197
f 1194/1194/1194 1197/1197/1197 1198/1198/1198
f 1194/1194/1194 1198/1198/1198 1199/1199/1199
f 1194/1194/1194 1199/1199/1199 1200/1200/1200
f 1194/1194/1194 1200/1200/1200 1201/1201/1201
f 1194/1194/1194 1201/1201/1201 1202/1202/1202
f 1194/1194/1194 1202/1202/1202 1195/1195/1195
f 1203/1203/1203 1204/1204/1204 1208/1208/1208
f 1203/1203/1203 1208/1208/1208 1207/1207/1207
f 1204/1204/1204 1205/1205/1205 1209/1209/1209
f 1204/1204/1204 1209/1209/1209 1208/1208/1208
f 1205/1205/1205 1206/1206/1206 1210/1210/1210
f 1205/1205/1205 1210/1210/1210 1209/1209/1209
f 1207/1207/1207 1208/1208/1208 1212/1212/1212
f 1207/1207/1207 1212/1212/1212 1211/1211/1211
f 1208/1208/1208 1209/1209/1209 1213/1213/1213
f 1208/1208/1208 1213/1213/1213 1212/1212/1212
f 1209/1209/1209 1210/1210/1210 1214/1214/1214
f 1209/1209/1209 1214/1214/1214 1213/1213/1213
f 1211/1211/1211 1212/1212/1212 1216/1216/1216
f 1211/1211/1211 1216/1216/1216 1215/1215/1215
f 1212/1212/1212 1213/1213/1213 1217/1217/1217
f 1212/1212/1212 1217/1217/1217 1216/1216/1216
f 1213/1213/1213 1214/1214/1214 1218/1218/1218
f 1213/1213/1213 1218/1218/1218 1217/1217/1217
f 1219/1219/1219 1220/1220/1220 1224/1224/1224
f 1219/1219/1219 1224/1224/1224 1223/1223/1223
f 1220/1220/1220 1221/1221/1221 1225/1225/1225
f 1220/1220/1220 1225/1225/1225 1224/1224/1224
f 1221/1221/1221 1222/1222/1222 1226/1226/1226
f 1221/1221/1221 1226/1226/1226 1225/1225/1225
f 1223/1223/1223 1224/1224/1224 1228/1228/1228
f 1223/1223/1223 1228/1228/1228 1227/1227/1227
f 1224/1224/1224 1225/1225/1225 1229/1229/1229
f 1224/1224/1224 1229/1229/1229 1228/1228/1228
f 1225/1225/1225 1226/1226/1226 1230/1230/1230
f 1225/1225/1225 1230/1230/1230 1229/1229/1229
f 1227/1227/1227 1228/1228/1228 1232/1232/1232
f 1227/1227/1227 1232/1232/1232 1231/1231/1231
f 1228/1228/1228 1229/1229/1229 1233/1233/1233
f 1228/1228/1228 1233/1233/1233 1232/1232/1232
f 1229/1229/1229 1230/1230/1230 1234/1234/1234
f 1229/1229/1229 1234/1234/1234 1233/1233/1233
f 1235/1235/1235 1236/1236/1236 1240/1240/1240
f 1235/1235/1235 1240/1240/1240 1239/1239/1239
f 1236/1236/1236 1237/1237/1237 1241/1241/1241
f 1236/1236/1236 1241/1241/1241 1240/1240/1240
f 1237/1237/1237 1238/1238/1238 1242/1242/1242
f 1237/1237/1237 1242/1242/1242 1241/1241/1241
f 1239/1239/1239 1240/1240/1240 1244/1244/1244
f 1239/1239/1239 1244/1244/1244 1243/1243/1243
f 1240/1240/1240 1241/1241/1241 1245/1245/1245
f 1240/1240/1240 1245/1245/1245 1244/1244/1244
f 1241/1241/1241 1242/1242/1242 1246/1246/1246
f 1241/1241/1241 1246/1246/1246 1245/1245/1245
f 1243/1243/1243 1244/1244/1244 1248/1248/1248
f 1243/1243/1243 1248/1248/1248 1247/1247/1247
f 1244/1244/1244 1245/1245/1245 1249/1249/1249
f 1244/1244/1244 1249/1249/1249 1248/1248/1248
f 1245/1245/1245 1246/1246/1246 1250/1250/1250
f 1245/1245/1245 1250/1250/1250 1249/1249/1249
f 1251/1251/1251 1252/1252/1252 1256/1256/1256
f 1251/1251/1251 1256/1256/1256 1255/1255/1255
f 1252/1252/1252 1253/1253/1253 1257/1257/1257
f 1252/1252/1252 1257/1257/1257 1256/1256/1256
f 1253/1253/1253 1254/1254/1254 1258/1258/1258
f 1253/1253/1253 1258/1258/1258 1257/1257/1257
f 1255/1255/1255 1256/1256/1256 1260/1260/1260
f 1255/1255/1255 1260/1260/1260 1259/1259/1259
f 1256/1256/1256 1257/1257/1257 1261/1261/1261
f 1256/1256/1256 1261/1261/1261 1260/1260/1260
f 1257/1257/1257 1258/1258/1258 1262/1262/1262
f 1257/1257/1257 1262/1262/1262 1261/1261/1261
f 1259/1259/1259 1260/1260/1260 1264/1264/1264
f 1259/1259/1259 1264/1264/1264 1263/1263/1263
f 1260/1260/1260 1261/1261/1261 1265/1265/1265
f 1260/1260/1260 1265/1265/1265 1264/1264/1264
f 1261/1261/1261 1262/1262/1262 1266/1266/1266
f 1261/1261/1261 1266/1266/1266 1265/1265/1265
f 1267/1267/1267 1268/1268/1268 1272/1272/1272
f 1267/1267/1267 1272/1272/1272 1271/1271/1271
f 1268/1268/1268 1269/1269/1269 1273/1273/1273
f 1268/1268/1268 1273/1273/1273 1272/1272/1272
f 1269/1269/1269 1270/1270/1270 1274/1274/1274
f 1269/1269/1269 1274/1274/1274 1273/1273/1273
f 1271/1271/1271 1272/1272/1272 1276/1276/1276
f 1271/1271/1271 1276/1276/1276 1275/1275/1275
f 1272/1272/1272 1273/1273/1273 1277/1277/1277
f 1272/1272/1272 1277/1277/1277 1276/1276/1276
f 1273/1273/1273 1274/1274/1274 1278/1278/1278
f 1273/1273/1273 1278/1278/1278 1277/1277/1277
f 1275/1275/1275 1276/1276/1276 1280/1280/1280
f 1275/1275/1275 1280/1280/1280 1279/1279/1279
f 1276/1276/1276 1277/1277/1277 1281/1281/1281
f 1276/1276/1276 1281/1281/1281 1280/1280/1280
f 1277/1277/1277 1278/1278/1278 1282/1282/1282
f 1277/1277/1277 1282/1282/1282 1281/1281/1281
f 1283/1283/1283 1284/1284/1284 1288/1288/1288
f 1283/1283/1283 1288/1288/1288 1287/1287/1287
f 1284/1284/1284 1285/1285/1285 1289/1289/1289
f 1284/1284/1284 1289/1289/1289 1288/1288/1288
f 1285/1285/1285 1286/1286/1286 1290/1290/1290
f 1285/1285/1285 1290/1290/1290 1289/1289/1289
f 1287/1287/1287 1288/1288/1288 1292/1292/1292
f 1287/1287/1287 1292/1292/1292 1291/1291/1291
f 1288/1288/1288 1289/1289/1289 1293/1293/1293
f 1288/1288/1288 1293/1293/1293 1292/1292/1292
f 1289/1289/1289 1290/1290/1290 1294/1294/1294
f 1289/1289/1289 1294/1294/1294 1293/1293/1293
f 1291/1291/1291 1292/1292/1292 1296/1296/1296
f 1291/1291/1291 1296/1296/1296 1295/1295/1295
f 1292/1292/1292 1293/1293/1293 1297/1297/1297
f 1292/1292/1292 1297/1297/1297 1296/1296/1296
f 1293/1293/1293 1294/1294/1294 1298/1298/1298
f 1293/1293/1293 1298/1298/1298 1297/1297/1297
f 1299/1299/1299 1300/1300/1300 1309/1309/1309
f 1299/1299/1299 1309/1309/1309 1308/1308/1308
f 1300/1300/1300 1301/1301/1301 1310/1310/1310
f 1300/1300/1300 1310/1310/1310 1309/1309/1309
f 1301/1301/1301 1302/1302/1302 1311/1311/1311
f 1301/1301/1301 1311/1311/1311 1310/1310/1310
f 1302/1302/1302 1303/1303/1303 1312/1312/1312
f 1302/1302/1302 1312/1312/1312 1311/1311/1311
f 1303/1303/1303 1304/1304/1304 1313/1313/1313
f 1303/1303/1303 1313/1313/1313 1312/1312/1312
f 1304/1304/1304 1305/1305/1305 1314/1314/1314
f 1304/1304/1304 1314/1314/1314 1313/1313/1313
f 1305/1305/1305 1306/1306/1306 1315/1315/1315
f 1305/1305/1305 1315/1315/1315 1314/1314/1314
f 1306/1306/1306 1307/1307/1307 1316/1316/1316
f 1306/1306/1306 1316/1316/1316 1315/1315/1315
f 1308/1308/1308 1309/1309/1309 1318/1318/1318
f 1308/1308/1308 1318/1318/1318 1317/1317/1317
f 1309/1309/1309 1310/1310/1310 1319/1319/1319
f 1309/1309/1309 1319/1319/1319 1318/1318/1318
f 1310/1310/1310 1311/1311/1311 1320/1320/1320
f 1310/1310/1310 1320/1320/1320 1319/1319/1319
f 1311/1311/1311 1312/1312/1312 1321/1321/1321
f 1311/1311/1311 1321/1321/1321 1320/1320/1320
f 1312/1312/1312 1313/1313/1313 1322/1322/1322
f 1312/1312/1312 1322/1322/1322 1321/1321/1321
f 1313/1313/1313 1314/1314/1314 1323/1323/1323
f 1313/1313/1313 1323/1323/1323 1322/1322/1322
f 1314/1314/1314 1315/1315/1315 1324/1324/1324
f 1314/1314/1314 1324/1324/1324 1323/1323/1323
f 1315/1315/1315 1316/1316/1316 1325/1325/1325
f 1315/1315/1315 1325/1325/1325 1324/1324/1324
f 1317/1317/1317 1318/1318/1318 1327/1327/1327
f 1317/1317/1317 1327/1327/1327 1326/1326/1326
f 1318/1318/1318 1319/1319/1319 1328/1328/1328
f 1318/1318/1318 1328/1328/1328 1327/1327/1327
f 1319/1319/1319 1320/1320/1320 1329/1329/1329
f 1319/1319/1319 1329/1329/1329 1328/1328/1328
f 1320/1320/1320 1321/1321/1321 1330/1330/1330
f 1320/1320/1320 1330/1330/1330 1329/1329/1329
f 1321/1321/1321 1322/1322/1322 1331/1331/1331
f 1321/1321/1321 1331/1331/1331 1330/1330/1330
f 1322/1322/1322 1323/1323/1323 1332/1332/1332
f 1322/1322/1322 1332/1332/1332 1331/1331/1331
f 1323/1323/1323 1324/1324/1324 1333/1333/1333
f 1323/1323/1323 1333/1333/1333 1332/1332/1332
f 1324/1324/1324 1325/1325/1325 1334/1334/1334
f 1324/1324/1324 1334/1334/1334 1333/1333/1333
f 1326/1326/1326 1327/1327/1327 1336/1336/1336
f 1326/1326/1326 1336/1336/1336 1335/1335/1335
f 1327/1327/1327 1328/1328/1328 1337/1337/1337
f 1327/1327/1327 1337/1337/1337 1336/1336/1336
f 1328/1328/1328 1329/1329/1329 1338/1338/1338
f 1328/1328/1328 1338/1338/1338 1337/1337/1337
f 1329/1329/1329 1330/1330/1330 1339/1339/1339
f 1329/1329/1329 1339/1339/1339 1338/1338/1338
f 1330/1330/1330 1331/1331/1331 1340/1340/1340
f 1330/1330/1330 1340/1340/1340 1339/1339/1339
f 1331/1331/1331 1332/1332/1332 1341/1341/1341
f 1331/1331/1331 1341/1341/1341 1340/1340/1340
f 1332/1332/1332 1333/1333/1333 1342/1342/1342
f 1332/1332/1332 1342/1342/1342 1341/1341/1341
f 1333/1333/1333 1334/1334/1334 1343/1343/1343
f 1333/1333/1333 1343/1343/1343 1342/1342/1342
f 1335/1335/1335 1336/1336/1336 1345/1345/1345
f 1335/1335/1335 1345/1345/1345 1344/1344/1344
f 1336/1336/1336 1337/1337/1337 1346/1346/1346
f 1336/1336/1336 1346/1346/1346 1345/1345/1345
f 1337/1337/1337 1338/1338/1338 1347/1347/1347
f 1337/1337/1337 1347/1347/1347 1346/1346/1346
f 1338/1338/1338 1339/1339/1339 1348/1348/1348
f 1338/1338/1338 1348/1348/1348 1347/1347/1347
f 1339/1339/1339 1340/1340/1340 1349/1349/1349
f 1339/1339/1339 1349/1349/1349 1348/1348/1348
f 1340/1340/1340 1341/1341/1341 1350/1350/1350
f 1340/1340/1340 1350/1350/1350 1349/1349/1349
f 1341/1341/1341 1342/1342/1342 1351/1351/1351
f 1341/1341/1341 1351/1351/1351 1350/1350/1350
f 1342/1342/1342 1343/1343/1343 1352/1352/1352
f 1342/1342/1342 1352/1352/1352 1351/1351/1351
f 1344/1344/1344 1345/1345/1345 1354/1354/1354
f 1344/1344/1344 1354/1354/1354 1353/1353/1353
f 1345/1345/1345 1346/1346/1346 1355/1355/1355
f 1345/1345/1345 1355/1355/1355 1354/1354/1354
f 1346/1346/1346 1347/1347/1347 1356/1356/1356
f 1346/1346/1346 1356/1356/1356 1355/1355/1355
f 1347/1347/1347 1348/1348/1348 1357/1357/1357
f 1347/1347/1347 1357/1357/1357 1356/1356/1356
f 1348/1348/1348 1349/1349/1349 1358/1358/1358
f 1348/1348/1348 1358/1358/1358 1357/1357/1357
f 1349/1349/1349 1350/1350/1350 1359/1359/1359
f 1349/1349/1349 1359/1359/1359 1358/1358/1358
f 1350/1350/1350 1351/1351/1351 1360/1360/1360
f 1350/1350/1350 1360/1360/1360 1359/1359/1359
f 1351/1351/1351 1352/1352/1352 1361/1361/1361
f 1351/1351/1351 1361/1361/1361 1360/1360/1360
f 1353/1353/1353 1354/1354/1354 1363/1363/1363
f 1353/1353/1353 1363/1363/1363 1362/1362/1362
f 1354/1354/1354 1355/1355/1355 1364/1364/1364
f 1354/1354/1354 1364/1364/1364 1363/1363/1363
f 1355/1355/1355 1356/1356/1356 1365/1365/1365
f 1355/1355/1355 1365/1365/1365 1364/1364/1364
f 1356/1356/1356 1357/1357/1357 1366/1366/1366
f 1356/1356/1356 1366/1366/1366 1365/1365/1365
f 1357/1357/1357 1358/1358/1358 1367/1367/1367
f 1357/1357/1357 1367/1367/1367 1366/1366/1366
f 1358/1358/1358 1359/1359/1359 1368/1368/1368
f 1358/1358/1358 1368/1368/1368 1367/1367/1367
f 1359/1359/1359 1360/1360/1360 1369/1369/1369
f 1359/1359/1359 1369/1369/1369 1368/1368/1368
f 1360/1360/1360 1361/1361/1361 1370/1370/1370
f 1360/1360/1360 1370/1370/1370 1369/1369/1369
f 1362/1362/1362 1363/1363/1363 1372/1372/1372
f 1362/1362/1362 1372/1372/1372 1371/1371/1371
f 1363/1363/1363 1364/1364/1364 1373/1373/1373
f 1363/1363/1363 1373/1373/1373 1372/1372/1372
f 1364/1364/1364 1365/1365/1365 1374/1374/1374
f 1364/1364/1364 1374/1374/1374 1373/1373/1373
f 1365/1365/1365 1366/1366/1366 1375/1375/1375
f 1365/1365/1365 1375/1375/1375 1374/1374/1374
f 1366/1366/1366 1367/1367/1367 1376/1376/1376
f 1366/1366/1366 1376/1376/1376 1375/1375/1375
f 1367/1367/1367 1368/1368/1368 1377/1377/1377
f 1367/1367/1367 1377/1377/1377 1376/1376/1376
f 1368/1368/1368 1369/1369/1369 1378/1378/1378
f 1368/1368/1368 1378/1378/1378 1377/1377/1377
f 1369/1369/1369 1370/1370/1370 1379/1379/1379
f 1369/1369/1369 1379/1379/1379 1378/1378/1378
f 1371/1371/1371 1372/1372/1372 1381/1381/1381
f 1371/1371/1371 1381/1381/1381 1380/1380/1380
f 1372/1372/1372 1373/1373/1373 1382/1382/1382
f 1372/1372/1372 1382/1382/1382 1381/1381/1381
f 1373/1373/1373 1374/1374/1374 1383/1383/1383
f 1373/1373/1373 1383/1383/1383 1382/1382/1382
f 1374/1374/1374 1375/1375/1375 1384/1384/1384
f 1374/1374/1374 1384/1384/1384 1383/1383/1383
f 1375/1375/1375 1376/1376/1376 1385/1385/1385
f 1375/1375/1375 1385/1385/1385 1384/1384/1384
f 1376/1376/1376 1377/1377/1377 1386/1386/1386
f 1376/1376/1376 1386/1386/1386 1385/1385/1385
f 1377/1377/1377 1378/1378/1378 1387/1387/1387
f 1377/1377/1377 1387/1387/1387 1386/1386/1386
f 1378/1378/1378 1379/1379/1379 1388/1388/1388
f 1378/1378/1378 1388/1388/1388 1387/1387/1387
f 1380/1380/1380 1381/1381/1381 1390/1390/1390
f 1380/1380/1380 1390/1390/1390 1389/1389/1389
f 1381/1381/1381 1382/1382/1382 1391/1391/1391
f 1381/1381/1381 1391/1391/1391 1390/1390/1390
f 1382/1382/1382 1383/1383/1383 1392/1392/1392
f 1382/1382/1382 1392/1392/1392 1391/1391/1391
f 1383/1383/1383 1384/1384/1384 1393/1393/1393
f 1383/1383/1383 1393/1393/1393 1392/1392/1392
f 1384/1384/1384 1385/1385/1385 1394/1394/1394
f 1384/1384/1384 1394/1394/1394 1393/1393/1393
f 1385/1385/1385 1386/1386/1386 1395/1395/1395
f 1385/1385/1385 1395/1395/1395 1394/1394/1394
f 1386/1386/1386 1387/1387/1387 1396/1396/1396
f 1386/1386/1386 1396/1396/1396 1395/1395/1395
f 1387/1387/1387 1388/1388/1388 1397/1397/1397
f 1387/1387/1387 1397/1397/1397 1396/1396/1396
f 1389/1389/1389 1390/1390/1390 1399/1399/1399
f 1389/1389/1389 1399/1399/1399 1398/1398/1398
f 1390/1390/1390 1391/1391/1391 1400/1400/1400
f 1390/1390/1390 1400/1400/1400 1399/1399/1399
f 1391/1391/1391 1392/1392/1392 1401/1401/1401
f 1391/1391/1391 1401/1401/1401 1400/1400/1400
f 1392/1392/1392 1393/1393/1393 1402/1402/1402
f 1392/1392/1392 1402/1402/1402 1401/1401/1401
f 1393/1393/1393 1394/1394/1394 1403/1403/1403
f 1393/1393/1393 1403/1403/1403 1402/1402/1402
f 1394/1394/1394 1395/1395/1395 1404/1404/1404
f 1394/1394/1394 1404/1404/1404 1403/1403/1403
f 1395/1395/1395 1396/1396/1396 1405/1405/1405
f 1395/1395/1395 1405/1405/1405 1404/1404/1404
f 1396/1396/1396 1397/1397/1397 1406/1406/1406
f 1396/1396/1396 1406/1406/1406 1405/1405/1405
f 1407/1407/1407 1409/1409/1409 1408/1408/1408
f 1407/1407/1407 1410/1410/1410 1409/1409/1409
f 1407/1407/1407 1411/1411/1411 1410/1410/1410
f 1407/1407/1407 1412/1412/1412 1411/1411/1411
f 1407/1407/1407 1413/1413/1413 1412/1412/1412
f 1407/1407/1407 1414/1414/1414 1413/1413/1413
f 1407/1407/1407 1415/1415/1415 1414/1414/1414
f 1407/1407/1407 1408/1408/1408 1415/1415/1415
f 1416/1416/1416 1417/1417/1417 1418/1418/1418
f 1416/1416/1416 1418/1418/1418 1419/1419/1419
f 1416/1416/1416 1419/1419/1419 1420/1420/1420
f 1416/1416/1416 1420/1420/1420 1421/1421/1421
f 1416/1416/1416 1421/1421/1421 1422/1422/1422
f 1416/1416/1416 1422/1422/1422 1423/1423/1423
f 1416/1416/1416 1423/1423/1423 1424/1424/1424
f 1416/1416/1416 1424/1424/1424 1417/1417/1417
f 1425/1425/1425 1426/1426/1426 1430/1430/1430
f 1425/1425/1425 1430/1430/1430 1429/1429/1429
f 1426/1426/1426 1427/1427/1427 1431/1431/1431
f 1426/1426/1426 1431/1431/1431 1430/1430/1430
f 1427/1427/1427 1428/1428/1428 1432/1432/1432
f 1427/1427/1427 1432/1432/1432 1431/1431/1431
f 1429/1429/1429 1430/1430/1430 1434/1434/1434
f 1429/1429/1429 1434/1434/1434 1433/1433/1433
f 1430/1430/1430 1431/1431/1431 1435/1435/1435
f 1430/1430/1430 1435/1435/1435 1434/1434/1434
f 1431/1431/1431 1432/1432/1432 1436/1436/1436
f 1431/1431/1431 1436/1436/1436 1435/1435/1435
f 1433/1433/1433 1434/1434/1434 1438/1438/1438
f 1433/1433/1433 1438/1438/1438 1437/1437/1437
f 1434/1434/1434 1435/1435/1435 1439/1439/1439
f 1434/1434/1434 1439/1439/1439 1438/1438/1438
f 1435/1435/1435 1436/1436/1436 1440/1440/1440
f 1435/1435/1435 1440/1440/1440 1439/1439/1439
f 1441/1441/1441 1442/1442/1442 1446/1446/1446
f 1441/1441/1441 1446/1446/1446 1445/1445/1445
f 1442/1442/1442 1443/1443/1443 1447/1447/1447
f 1442/1442/1442 1447/1447/1447 1446/1446/1446
f 1443/1443/1443 1444/1444/1444 1448/1448/1448
f 1443/1443/1443 1448/1448/1448 1447/1447/1447
f 1445/1445/1445 1446/1446/1446 1450/1450/1450
f 1445/1445/1445 1450/1450/1450 1449/1449/1449
f 1446/1446/1446 1447/1447/1447 1451/1451/1451
f 1446/1446/1446 1451/1451/1451 1450/1450/1450
f 1447/1447/1447 1448/1448/1448 1452/1452/1452
f 1447/1447/1447 1452/1452/1452 1451/1451/1451
f 1449/1449/1449 1450/1450/1450 1454/1454/1454
f 1449/1449/1449 1454/1454/1454 1453/1453/1453
f 1450/1450/1450 1451/1451/1451 1455/1455/1455
f 1450/1450/1450 1455/1455/1455 1454/1454/1454
f 1451/1451/1451 1452/1452/1452 1456/1456/1456
f 1451/1451/1451 1456/1456/1456 1455/1455/1455
f 1457/1457/1457 1458/1458/1458 1462/1462/1462
f 1457/1457/1457 1462/1462/1462 1461/1461/1461
f 1458/1458/1458 1459/1459/1459 1463/1463/1463
f 1458/1458/1458 1463/1463/1463 1462/1462/1462
f 1459/1459/1459 1460/1460/1460 1464/1464/1464
f 1459/1459/1459 1464/1464/1464 1463/1463/1463
f 1461/1461/1461 1462/1462/1462 1466/1466/1466
f 1461/1461/1461 1466/1466/1466 1465/1465/1465
f 1462/1462/1462 1463/1463/1463 1467/1467/1467
f 1462/1462/1462 1467/1467/1467 1466/1466/1466
f 1463/1463/1463 1464/1464/1464 1468/1468/1468
f 1463/1463/1463 1468/1468/1468 1467/1467/1467
f 1465/1465/1465 1466/1466/1466 1470/1470/1470
f 1465/1465/1465 1470/1470/1470 1469/1469/1469
f 1466/1466/1466 1467/1467/1467 1471/1471/1471
f 1466/1466/1466 1471/1471/1471 1470/1470/1470
f 1467/1467/1467 1468/1468/1468 1472/1472/1472
f 1467/1467/1467 1472/1472/1472 1471/1471/1471
f 1473/1473/1473 1474/1474/1474 1478/1478/1478
f 1473/1473/1473 1478/1478/1478 1477/1477/1477
f 1474/1474/1474 1475/1475/1475 1479/1479/1479
f 1474/1474/1474 1479/1479/1479 1478/1478/1478
f 1475/1475/1475 1476/1476/1476 1480/1480/1480
f 1475/1475/1475 1480/1480/1480 1479/1479/1479
f 1477/1477/1477 1478/1478/1478 1482/1482/1482
f 1477/1477/1477 1482/1482/1482 1481/1481/1481
f 1478/1478/1478 1479/1479/1479 1483/1483/1483
f 1478/1478/1478 1483/1483/1483 1482/1482/1482
f 1479/1479/1479 1480/1480/1480 1484/1484/1484
f 1479/1479/1479 1484/1484/1484 1483/1483/1483
f 1481/1481/1481 1482/1482/1482 1486/1486/1486
f 1481/1481/1481 1486/1486/1486 1485/1485/1485
f 1482/1482/1482 1483/1483/1483 1487/1487/1487
f 1482/1482/1482 1487/1487/1487 1486/1486/1486
f 1483/1483/1483 1484/1484/1484 1488/1488/1488
f 1483/1483/1483 1488/1488/1488 1487/1487/1487
f 1489/1489/1489 1490/1490/1490 1494/1494/1494
f 1489/1489/1489 1494/1494/1494 1493/1493/1493
f 1490/1490/1490 1491/1491/1491 1495/1495/1495
f 1490/1490/1490 1495/1495/1495 1494/1494/1494
f 1491/1491/1491 1492/1492/1492 1496/1496/1496
f 1491/1491/1491 1496/1496/1496 1495/1495/1495
f 1493/1493/1493 1494/1494/1494 1498/1498/1498
f 1493/1493/1493 1498/1498/1498 1497/1497/1497
f 1494/1494/1494 1495/1495/1495 1499/1499/1499
f 1494/1494/1494 1499/1499/1499 1498/1498/1498
f 1495/1495/1495 1496/1496/1496 1500/1500/1500
f 1495/1495/1495 1500/1500/1500 1499/1499/1499
f 1497/1497/1497 1498/1498/1498 1502/1502/1502
f 1497/1497/1497 1502/1502/1502 1501/1501/1501
f 1498/1498/1498 1499/1499/1499 1503/1503/1503
f 1498/1498/1498 1503/1503/1503 1502/1502/1502
f 1499/1499/1499 1500/1500/1500 1504/1504/1504
f 1499/1499/1499 1504/1504/1504 1503/1503/1503
f 1505/1505/1505 1506/1506/1506 1510/1510/1510
f 1505/1505/1505 1510/1510/1510 1509/1509/1509
f 1506/1506/1506 1507/1507/1507 1511/1511/1511
f 1506/1506/1506 1511/1511/1511 1510/1510/1510
f 1507/1507/1507 1508/1508/1508 1512/1512/1512
f 1507/1507/1507 1512/1512/1512 1511/1511/1511
f 1509/1509/1509 1510/1510/1510 1514/1514/1514
f 1509/1509/1509 1514/1514/1514 1513/1513/1513
f 1510/1510/1510 1511/1511/1511 1515/1515/1515
f 1510/1510/1510 1515/1515/1515 1514/1514/1514
f 1511/1511/1511 1512/1512/1512 1516/1516/1516
f 1511/1511/1511 1516/1516/1516 1515/1515/1515
f 1513/1513/1513 1514/1514/1514 1518/1518/1518
f 1513/1513/1513 1518/1518/1518 1517/1517/1517
f 1514/1514/1514 1515/1515/1515 1519/1519/1519
f 1514/1514/1514 1519/1519/1519 1518/1518/1518
f 1515/1515/1515 1516/1516/1516 1520/1520/1520
f 1515/1515/1515 1520/1520/1520 1519/1519/1519
f 1521/1521/1521 1522/1522/1522 1535/1535/1535
f 1521/1521/1521 1535/1535/1535 1534/1534/1534
f 1522/1522/1522 1523/1523/1523 1536/1536/1536
f 1522/1522/1522 1536/1536/1536 1535/1535/1535
f 1523/1523/1523 1524/1524/1524 1537/1537/1537
f 1523/1523/1523 1537/1537/1537 1536/1536/1536
f 1524/1524/1524 1525/1525/1525 1538/1538/1538
f 1524/1524/1524 1538/1538/1538 1537/1537/1537
f 1525/1525/1525 1526/1526/1526 1539/1539/1539
f 1525/1525/1525 1539/1539/1539 1538/1538/1538
f 1526/1526/1526 1527/1527/1527 1540/1540/1540
f 1526/1526/1526 1540/1540/1540 1539/1539/1539
f 1527/1527/1527 1528/1528/1528 1541/1541/1541
f 1527/1527/1527 1541/1541/1541 1540/1540/1540
f 1528/1528/1528 1529/1529/1529 1542/1542/1542
f 1528/1528/1528 1542/1542/1542 1541/1541/1541
f 1529/1529/1529 1530/1530/1530 1543/1543/1543
f 1529/1529/1529 1543/1543/1543 1542/1542/1542
f 1530/1530/1530 1531/1531/1531 1544/1544/1544
f 1530/1530/1530 1544/1544/1544 1543/1543/1543
f 1531/1531/1531 1532/1532/1532 1545/1545/1545
f 1531/1531/1531 1545/1545/1545 1544/1544/1544
f 1532/1532/1532 1533/1533/1533 1546/1546/1546
f 1532/1532/1532 1546/1546/1546 1545/1545/1545
f 1547/1547/1547 1549/1549/1549 1548/1548/1548
f 1547/1547/1547 1550/1550/1550 1549/1549/1549
f 1547/1547/1547 1551/1551/1551 1550/1550/1550
f 1547/1547/1547 1552/1552/1552 1551/1551/1551
f 1547/1547/1547 1553/1553/1553 1552/1552/1552
f 1547/1547/1547 1554/1554/1554 1553/1553/1553
f 1547/1547/1547 1555/1555/1555 1554/1554/1554
f 1547/1547/1547 1556/1556/1556 1555/1555/1555
f 1547/1547/1547 1557/1557/1557 1556/1556/1556
f 1547/1547/1547 1558/1558/1558 1557/1557/1557
f 1547/1547/1547 1559/1559/1559 1558/1558/1558
f 1547/1547/1547 1548/1548/1548 1559/1559/1559
f 1560/1560/1560 1561/1561/1561 1562/1562/1562
f 1560/1560/1560 1562/1562/1562 1563/1563/1563
f 1560/1560/1560 1563/1563/1563 1564/1564/1564
f 1560/1560/1560 1564/1564/1564 1565/1565/1565
f 1560/1560/1560 1565/1565/1565 1566/1566/1566
f 1560/1560/1560 1566/1566/1566 1567/1567/1567
f 1560/1560/1560 1567/1567/1567 1568/1568/1568
f 1560/1560/1560 1568/1568/1568 1569/1569/1569
f 1560/1560/1560 1569/1569/1569 1570/1570/1570
f 1560/1560/1560 1570/1570/1570 1571/1571/1571
f 1560/1560/1560 1571/1571/1571 1572/1572/1572
f 1560/1560/1560 1572/1572/1572 1561/1561/1561
f 1573/1573/1573 1574/1574/1574 1583/1583/1583
f 1573/1573/1573 1583/1583/1583 1582/1582/1582
f 1574/1574/1574 1575/1575/1575 1584/1584/1584
f 1574/1574/1574 1584/1584/1584 1583/1583/1583
f 1575/1575/1575 1576/1576/1576 1585/1585/1585
f 1575/1575/1575 1585/1585/1585 1584/1584/1584
f 1576/1576/1576 1577/1577/1577 1586/1586/1586
f 1576/1576/1576 1586/1586/1586 1585/1585/1585
f 1577/1577/1577 1578/1578/1578 1587/1587/1587
f 1577/1577/1577 1587/1587/1587 1586/1586/1586
f 1578/1578/1578 1579/1579/1579 1588/1588/1588
f 1578/1578/1578 1588/1588/1588 1587/1587/1587
f 1579/1579/1579 1580/1580/1580 1589/1589/1589
f 1579/1579/1579 1589/1589/1589 1588/1588/1588
f 1580/1580/1580 1581/1581/1581 1590/1590/1590
f 1580/1580/1580 1590/1590/1590 1589/1589/1589
f 1591/1591/1591 1593/1593/1593 1592/1592/1592
f 1591/1591/1591 1594/1594/1594 1593/1593/1593
f 1591/1591/1591 1595/1595/1595 1594/1594/1594
f 1591/1591/1591 1596/1596/1596 1595/1595/1595
f 1591/1591/1591 1597/1597/1597 1596/1596/1596
f 1591/1591/1591 1598/1598/1598 1597/1597/1597
f 1591/1591/1591 1599/1599/1599 1598/1598/1598
f 1591/1591/1591 1592/1592/1592 1599/1599/1599
f 1600/1600/1600 1601/1601/1601 1602/1602/1602
f 1600/1600/1600 1602/1602/1602 1603/1603/1603
f 1600/1600/1600 1603/1603/1603 1604/1604/1604
f 1600/1600/1600 1604/1604/1604 1605/1605/1605
f 1600/1600/1600 1605/1605/1605 1606/1606/1606
f 1600/1600/1600 1606/1606/1606 1607/1607/1607
f 1600/1600/1600 1607/1607/1607 1608/1608/1608
f 1600/1600/1600 1608/1608/1608 1601/1601/1601
f 1609/1609/1609 1613/1613/1613 1614/1614/1614
f 1609/1609/1609 1614/1614/1614 1610/1610/1610
f 1610/1610/1610 1614/1614/1614 1615/1615/1615
f 1610/1610/1610 1615/1615/1615 1611/1611/1611
f 1611/1611/1611 1615/1615/1615 1616/1616/1616
f 1611/1611/1611 1616/1616/1616 1612/1612/1612
f 1613/1613/1613 1617/1617/1617 1618/1618/1618
f 1613/1613/1613 1618/1618/1618 1614/1614/1614
f 1614/1614/1614 1618/1618/1618 1619/1619/1619
f 1614/1614/1614 1619/1619/1619 1615/1615/1615
f 1615/1615/1615 1619/1619/1619 1620/1620/1620
f 1615/1615/1615 1620/1620/1620 1616/1616/1616
f 1617/1617/1617 1621/1621/1621 1622/1622/1622
f 1617/1617/1617 1622/1622/1622 1618/1618/1618
f 1618/1618/1618 1622/1622/1622 1623/1623/1623
f 1618/1618/1618 1623/1623/1623 1619/1619/1619
f 1619/1619/1619 1623/1623/1623 1624/1624/1624
f 1619/1619/1619 1624/1624/1624 1620/1620/1620
f 1621/1621/1621 1625/1625/1625 1626/1626/1626
f 1621/1621/1621 1626/1626/1626 1622/1622/1622
f 1622/1622/1622 1626/1626/1626 1627/1627/1627
f 1622/1622/1622 1627/1627/1627 1623/1623/1623
f 1623/1623/1623 1627/1627/1627 1628/1628/1628
f 1623/1623/1623 1628/1628/1628 1624/1624/1624
f 1625/1625/1625 1629/1629/1629 1630/1630/1630
f 1625/1625/1625 1630/1630/1630 1626/1626/1626
f 1626/1626/1626 1630/1630/1630 1631/1631/1631
f 1626/1626/1626 1631/1631/1631 1627/1627/1627
f 1627/1627/1627 1631/1631/1631 1632/1632/1632
f 1627/1627/1627 1632/1632/1632 1628/1628/1628
f 1629/1629/1629 1633/1633/1633 1634/1634/1634
f 1629/1629/1629 1634/1634/1634 1630/1630/1630
f 1630/1630/1630 1634/1634/1634 1635/1635/1635
f 1630/1630/1630 1635/1635/1635 1631/1631/1631
f 1631/1631/1631 1635/1635/1635 1636/1636/1636
f 1631/1631/1631 1636/1636/1636 1632/1632/1632
f 1633/1633/1633 1637/1637/1637 1638/1638/1638
f 1633/1633/1633 1638/1638/1638 1634/1634/1634
f 1634/1634/1634 1638/1638/1638 1639/1639/1639
f 1634/1634/1634 1639/1639/1639 1635/1635/1635
f 1635/1635/1635 1639/1639/1639 1640/1640/1640
f 1635/1635/1635 1640/1640/1640 1636/1636/1636
f 1637/1637/1637 1641/1641/1641 1642/1642/1642
f 1637/1637/1637 1642/1642/1642 1638/1638/1638
f 1638/1638/1638 1642/1642/1642 1643/1643/1643
f 1638/1638/1638 1643/1643/1643 1639/1639/1639
f 1639/1639/1639 1643/1643/1643 1644/1644/1644
f 1639/1639/1639 1644/1644/1644 1640/1640/1640
f 1641/1641/1641 1645/1645/1645 1646/1646/1646
f 1641/1641/1641 1646/1646/1646 1642/1642/1642
f 1642/1642/1642 1646/1646/1646 1647/1647/1647
f 1642/1642/1642 1647/1647/1647 1643/1643/1643
f 1643/1643/1643 1647/1647/1647 1648/1648/1648
f 1643/1643/1643 1648/1648/1648 1644/1644/1644
f 1645/1645/1645 1649/1649/1649 1650/1650/1650
f 1645/1645/1645 1650/1650/1650 1646/1646/1646
f 1646/1646/1646 1650/1650/1650 1651/1651/1651
f 1646/1646/1646 1651/1651/1651 1647/1647/1647
f 1647/1647/1647 1651/1651/1651 1652/1652/1652
f 1647/1647/1647 1652/1652/1652 1648/1648/1648
f 1649/1649/1649 1653/1653/1653 1654/1654/1654
f 1649/1649/1649 1654/1654/1654 1650/1650/1650
f 1650/1650/1650 1654/1654/1654 1655/1655/1655
f 1650/1650/1650 1655/1655/1655 1651/1651/1651
f 1651/1651/1651 1655/1655/1655 1656/1656/1656
f 1651/1651/1651 1656/1656/1656 1652/1652/1652
f 1653/1653/1653 1657/1657/1657 1658/1658/1658
f 1653/1653/1653 1658/1658/1658 1654/1654/1654
f 1654/1654/1654 1658/1658/1658 1659/1659/1659
f 1654/1654/1654 1659/1659/1659 1655/1655/1655
f 1655/1655/1655 1659/1659/1659 1660/1660/1660
f 1655/1655/1655 1660/1660/1660 1656/1656/1656
f 1661/1661/1661 1662/1662/1662 1671/1671/1671
f 1661/1661/1661 1671/1671/1671 1670/1670/1670
f 1662/1662/1662 1663/1663/1663 1672/1672/1672
f 1662/1662/1662 1672/1672/1672 1671/1671/1671
f 1663/1663/1663 1664/1664/1664 1673/1673/1673
f 1663/1663/1663 1673/1673/1673 1672/1672/1672
f 1664/1664/1664 1665/1665/1665 1674/1674/1674
f 1664/1664/1664 1674/1674/1674 1673/1673/1673
f 1665/1665/1665 1666/1666/1666 1675/1675/1675
f 1665/1665/1665 1675/1675/1675 1674/1674/1674
f 1666/1666/1666 1667/1667/1667 1676/1676/1676
f 1666/1666/1666 1676/1676/1676 1675/1675/1675
f 1667/1667/1667 1668/1668/1668 1677/1677/1677
f 1667/1667/1667 1677/1677/1677 1676/1676/1676
f 1668/1668/1668 1669/1669/1669 1678/1678/1678
f 1668/1668/1668 1678/1678/1678 1677/1677/1677
f 1679/1679/1679 1681/1681/1681 1680/1680/1680
f 1679/1679/1679 1682/1682/1682 1681/1681/1681
f 1679/1679/1679 1683/1683/1683 1682/1682/1682
f 1679/1679/1679 1684/1684/1684 1683/1683/1683
f 1679/1679/1679 1685/1685/1685 1684/1684/1684
f 1679/1679/1679 1686/1686/1686 1685/1685/1685
f 1679/1679/1679 1687/1687/1687 1686/1686/1686
f 1679/1679/1679 1680/1680/1680 1687/1687/1687
f 1688/1688/1688 1689/1689/1689 1690/1690/1690
f 1688/1688/1688 1690/1690/1690 1691/1691/1691
f 1688/1688/1688 1691/1691/1691 1692/1692/1692
f 1688/1688/1688 1692/1692/1692 1693/1693/1693
f 1688/1688/1688 1693/1693/1693 1694/1694/1694
f 1688/1688/1688 1694/1694/1694 1695/1695/1695
f 1688/1688/1688 1695/1695/1695 1696/1696/1696
f 1688/1688/1688 1696/1696/1696 1689/1689/1689
f 1697/1697/1697 1701/1701/1701 1702/1702/1702
f 1697/1697/1697 1702/1702/1702 1698/1698/1698
f 1698/1698/1698 1702/1702/1702 1703/1703/1703
f 1698/1698/1698 1703/1703/1703 1699/1699/1699
f 1699/1699/1699 1703/1703/1703 1704/1704/1704
f 1699/1699/1699 1704/1704/1704 1700/1700/1700
f 1701/1701/1701 1705/1705/1705 1706/1706/1706
f 1701/1701/1701 1706/1706/1706 1702/1702/1702
f 1702/1702/1702 1706/1706/1706 1707/1707/1707
f 1702/1702/1702 1707/1707/1707 1703/1703/1703
f 1703/1703/1703 1707/1707/1707 1708/1708/1708
f 1703/1703/1703 1708/1708/1708 1704/1704/1704
f 1705/1705/1705 1709/1709/1709 1710/1710/1710
f 1705/1705/1705 1710/1710/1710 1706/1706/1706
f 1706/1706/1706 1710/1710/1710 1711/1711/1711
f 1706/1706/1706 1711/1711/1711 1707/1707/1707
f 1707/1707/1707 1711/1711/1711 1712/1712/1712
f 1707/1707/1707 1712/1712/1712 1708/1708/1708
f 1709/1709/1709 1713/1713/1713 1714/1714/1714
f 1709/1709/1709 1714/1714/1714 1710/1710/1710
f 1710/1710/1710 1714/1714/1714 1715/1715/1715
f 1710/1710/1710 1715/1715/1715 1711/1711/1711
f 1711/1711/1711 1715/1715/1715 1716/1716/1716
f 1711/1711/1711 1716/1716/1716 1712/1712/1712
f 1713/1713/1713 1717/1717/1717 1718/1718/1718
f 1713/1713/1713 1718/1718/1718 1714/1714/1714
f 1714/1714/1714 1718/1718/1718 1719/1719/1719
f 1714/1714/1714 1719/1719/1719 1715/1715/1715
f 1715/1715/1715 1719/1719/1719 1720/1720/1720
f 1715/1715/1715 1720/1720/1720 1716/1716/1716
f 1717/1717/1717 1721/1721/1721 1722/1722/1722
f 1717/1717/1717 1722/1722/1722 1718/1718/1718
f 1718/1718/1718 1722/1722/1722 1723/1723/1723
f 1718/1718/1718 1723/1723/1723 1719/1719/1719
f 1719/1719/1719 1723/1723/1723 1724/1724/1724
f 1719/1719/1719 1724/1724/1724 1720/1720/1720
f 1721/1721/1721 1725/1725/1725 1726/1726/1726
f 1721/1721/1721 1726/1726/1726 1722/1722/1722
f 1722/1722/1722 1726/1726/1726 1727/1727/1727
f 1722/1722/1722 1727/1727/1727 1723/1723/1723
f 1723/1723/1723 1727/1727/1727 1728/1728/1728
f 1723/1723/1723 1728/1728/1728 1724/1724/1724
f 1725/1725/1725 1729/1729/1729 1730/1730/1730
f 1725/1725/1725 1730/1730/1730 1726/1726/1726
f 1726/1726/1726 1730/1730/1730 1731/1731/1731
f 1726/1726/1726 1731/1731/1731 1727/1727/1727
f 1727/1727/1727 1731/1731/1731 1732/1732/1732
f 1727/1727/1727 1732/1732/1732 1728/1728/1728
f 1729/1729/1729 1733/1733/1733 1734/1734/1734
f 1729/1729/1729 1734/1734/1734 1730/1730/1730
f 1730/1730/1730 1734/1734/1734 1735/1735/1735
f 1730/1730/1730 1735/1735/1735 1731/1731/1731
f 1731/1731/1731 1735/1735/1735 1736/1736/1736
f 1731/1731/1731 1736/1736/1736 1732/1732/1732
f 1733/1733/1733 1737/1737/1737 1738/1738/1738
f 1733/1733/1733 1738/1738/1738 1734/1734/1734
f 1734/1734/1734 1738/1738/1738 1739/1739/1739
f 1734/1734/1734 1739/1739/1739 1735/1735/1735
f 1735/1735/1735 1739/1739/1739 1740/1740/1740
f 1735/1735/1735 1740/1740/1740 1736/1736/1736
f 1737/1737/1737 1741/1741/1741 1742/1742/1742
f 1737/1737/1737 1742/1742/1742 1738/1738/1738
f 1738/1738/1738 1742/1742/1742 1743/1743/1743
f 1738/1738/1738 1743/1743/1743 1739/1739/1739
f 1739/1739/1739 1743/1743/1743 1744/1744/1744
f 1739/1739/1739 1744/1744/1744 1740/1740/1740
f 1741/1741/1741 1745/1745/1745 1746/1746/1746
f 1741/1741/1741 1746/1746/1746 1742/1742/1742
f 1742/1742/1742 1746/1746/1746 1747/1747/1747
f 1742/1742/1742 1747/1747/1747 1743/1743/1743
f 1743/1743/1743 1747/1747/1747 1748/1748/1748
f 1743/1743/1743 1748/1748/1748 1744/1744/1744
f 1749/1749/1749 1750/1750/1750 1759/1759/1759
f 1749/1749/1749 1759/1759/1759 1758/1758/1758
f 1750/1750/1750 1751/1751/1751 1760/1760/1760
f 1750/1750/1750 1760/1760/1760 1759/1759/1759
f 1751/1751/1751 1752/1752/1752 1761/1761/1761
f 1751/1751/1751 1761/1761/1761 1760/1760/1760
f 1752/1752/1752 1753/1753/1753 1762/1762/1762
f 1752/1752/1752 1762/1762/1762 1761/1761/1761
f 1753/1753/1753 1754/1754/1754 1763/1763/1763
f 1753/1753/1753 1763/1763/1763 1762/1762/1762
f 1754/1754/1754 1755/1755/1755 1764/1764/1764
f 1754/1754/1754 1764/1764/1764 1763/1763/1763
f 1755/1755/1755 1756/1756/1756 1765/1765/1765
f 1755/1755/1755 1765/1765/1765 1764/1764/1764
f 1756/1756/1756 1757/1757/1757 1766/1766/1766
f 1756/1756/1756 1766/1766/1766 1765/1765/1765
f 1767/1767/1767 1769/1769/1769 1768/1768/1768
f 1767/1767/1767 1770/1770/1770 1769/1769/1769
f 1767/1767/1767 1771/1771/1771 1770/1770/1770
f 1767/1767/1767 1772/1772/1772 1771/1771/1771
f 1767/1767/1767 1773/1773/1773 1772/1772/1772
f 1767/1767/1767 1774/1774/1774 1773/1773/1773
f 1767/1767/1767 1775/1775/1775 1774/1774/1774
f 1767/1767/1767 1768/1768/1768 1775/1775/1775
f 1776/1776/1776 1777/1777/1777 1778/1778/1778
f 1776/1776/1776 1778/1778/1778 1779/1779/1779
f 1776/1776/1776 1779/1779/1779 1780/1780/1780
f 1776/1776/1776 1780/1780/1780 1781/1781/1781
f 1776/1776/1776 1781/1781/1781 1782/1782/1782
f 1776/1776/1776 1782/1782/1782 1783/1783/1783
f 1776/1776/1776 1783/1783/1783 1784/1784/1784
f 1776/1776/1776 1784/1784/1784 1777/1777/1777
f 1785/1785/1785 1789/1789/1789 1790/1790/1790
f 1785/1785/1785 1790/1790/1790 1786/1786/1786
f 1786/1786/1786 1790/1790/1790 1791/1791/1791
f 1786/1786/1786 1791/1791/1791 1787/1787/1787
f 1787/1787/1787 1791/1791/1791 1792/1792/1792
f 1787/1787/1787 1792/1792/1792 1788/1788/1788
f 1789/1789/1789 1793/1793/1793 1794/1794/1794
f 1789/1789/1789 1794/1794/1794 1790/1790/1790
f 1790/1790/1790 1794/1794/1794 1795/1795/1795
f 1790/1790/1790 1795/1795/1795 1791/1791/1791
f 1791/1791/1791 1795/1795/1795 1796/1796/1796
f 1791/1791/1791 1796/1796/1796 1792/1792/1792
f 1793/1793/1793 1797/1797/1797 1798/1798/1798
f 1793/1793/1793 1798/1798/1798 1794/1794/1794
f 1794/1794/1794 1798/1798/1798 1799/1799/1799
f 1794/1794/1794 1799/1799/1799 1795/1795/1795
f 1795/1795/1795 1799/1799/1799 1800/1800/1800
f 1795/1795/1795 1800/1800/1800 1796/1796/1796
f 1797/1797/1797 1801/1801/1801 1802/1802/1802
f 1797/1797/1797 1802/1802/1802 1798/1798/1798
f 1798/1798/1798 1802/1802/1802 1803/1803/1803
f 1798/1798/1798 1803/1803/1803 1799/1799/1799
f 1799/1799/1799 1803/1803/1803 1804/1804/1804
f 1799/1799/1799 1804/1804/1804 1800/1800/1800
f 1801/1801/1801 1805/1805/1805 1806/1806/1806
f 1801/1801/1801 1806/1806/1806 1802/1802/1802
f 1802/1802/1802 1806/1806/1806 1807/1807/1807
f 1802/1802/1802 1807/1807/1807 1803/1803/1803
f 1803/1803/1803 1807/1807/1807 1808/1808/1808
f 1803/1803/1803 1808/1808/1808 1804/1804/1804
f 1805/1805/1805 1809/1809/1809 1810/1810/1810
f 1805/1805/1805 1810/1810/1810 1806/1806/1806
f 1806/1806/1806 1810/1810/1810 1811/1811/1811
f 1806/1806/1806 1811/1811/1811 1807/1807/1807
f 1807/1807/1807 1811/1811/1811 1812/1812/1812
f 1807/1807/1807 1812/1812/1812 1808/1808/1808
f 1809/1809/1809 1813/1813/1813 1814/1814/1814
f 1809/1809/1809 1814/1814/1814 1810/1810/1810
f 1810/1810/1810 1814/1814/1814 1815/1815/1815
f 1810/1810/1810 1815/1815/1815 1811/1811/1811
f 1811/1811/1811 1815/1815/1815 1816/1816/1816
f 1811/1811/1811 1816/1816/1816 1812/1812/1812
f 1813/1813/1813 1817/1817/1817 1818/1818/1818
f 1813/1813/1813 1818/1818/1818 1814/1814/1814
f 1814/1814/1814 1818/1818/1818 1819/1819/1819
f 1814/1814/1814 1819/1819/1819 1815/1815/1815
f 1815/1815/1815 1819/1819/1819 1820/1820/1820
f 1815/1815/1815 1820/1820/1820 1816/1816/1816
f 1817/1817/1817 1821/1821/1821 1822/1822/1822
f 1817/1817/1817 1822/1822/1822 1818/1818/1818
f 1818/1818/1818 1822/1822/1822 1823/1823/1823
f 1818/1818/1818 1823/1823/1823 1819/1819/1819
f 1819/1819/1819 1823/1823/1823 1824/1824/1824
f 1819/1819/1819 1824/1824/1824 1820/1820/1820
f 1821/1821/1821 1825/1825/1825 1826/1826/1826
f 1821/1821/1821 1826/1826/1826 1822/1822/1822
f 1822/1822/1822 1826/1826/1826 1827/1827/1827
f 1822/1822/1822 1827/1827/1827 1823/1823/1823
f 1823/1823/1823 1827/1827/1827 1828/1828/1828
f 1823/1823/1823 1828/1828/1828 1824/1824/1824
f 1825/1825/1825 1829/1829/1829 1830/1830/1830
f 1825/1825/1825 1830/1830/1830 1826/1826/1826
f 1826/1826/1826 1830/1830/1830 1831/1831/1831
f 1826/1826/1826 1831/1831/1831 1827/1827/1827
f 1827/1827/1827 1831/1831/1831 1832/1832/1832
f 1827/1827/1827 1832/1832/1832 1828/1828/1828
f 1829/1829/1829 1833/1833/1833 1834/1834/1834
f 1829/1829/1829 1834/1834/1834 1830/1830/1830
f 1830/1830/1830 1834/1834/1834 1835/1835/1835
f 1830/1830/1830 1835/1835/1835 1831/1831/1831
f 1831/1831/1831 1835/1835/1835 1836/1836/1836
f 1831/1831/1831 1836/1836/1836 1832/1832/1832
f 1837/1837/1837 1838/1838/1838 1847/1847/1847
f 1837/1837/1837 1847/1847/1847 1846/1846/1846
f 1838/1838/1838 1839/1839/1839 1848/1848/1848
f 1838/1838/1838 1848/1848/1848 1847/1847/1847
f 1839/1839/1839 1840/1840/1840 1849/1849/1849
f 1839/1839/1839 1849/1849/1849 1848/1848/1848
f 1840/1840/1840 1841/1841/1841 1850/1850/1850
f 1840/1840/1840 1850/1850/1850 1849/1849/1849
f 1841/1841/1841 1842/1842/1842 1851/1851/1851
f 1841/1841/1841 1851/1851/1851 1850/1850/1850
f 1842/1842/1842 1843/1843/1843 1852/1852/1852
f 1842/1842/1842 1852/1852/1852 1851/1851/1851
f 1843/1843/1843 1844/1844/1844 1853/1853/1853
f 1843/1843/1843 1853/1853/1853 1852/1852/1852
f 1844/1844/1844 1845/1845/1845 1854/1854/1854
f 1844/1844/1844 1854/1854/1854 1853/1853/1853
f 1855/1855/1855 1857/1857/1857 1856/1856/1856
f 1855/1855/1855 1858/1858/1858 1857/1857/1857
f 1855/1855/1855 1859/1859/1859 1858/1858/1858
f 1855/1855/1855 1860/1860/1860 1859/1859/1859
f 1855/1855/1855 1861/1861/1861 1860/1860/1860
f 1855/1855/1855 1862/1862/1862 1861/1861/1861
f 1855/1855/1855 1863/1863/1863 1862/1862/1862
f 1855/1855/1855 1856/1856/1856 1863/1863/1863
f 1864/1864/1864 1865/1865/1865 1866/1866/1866
f 1864/1864/1864 1866/1866/1866 1867/1867/1867
f 1864/1864/1864 1867/1867/1867 1868/1868/1868
f 1864/1864/1864 1868/1868/1868 1869/1869/1869
f 1864/1864/1864 1869/1869/1869 1870/1870/1870
f 1864/1864/1864 1870/1870/1870 1871/1871/1871
f 1864/1864/1864 1871/1871/1871 1872/1872/1872
f 1864/1864/1864 1872/1872/1872 1865/1865/1865
f 1873/1873/1873 1877/1877/1877 1878/1878/1878
f 1873/1873/1873 1878/1878/1878 1874/1874/1874
f 1874/1874/1874 1878/1878/1878 1879/1879/1879
f 1874/1874/1874 1879/1879/1879 1875/1875/1875
f 1875/1875/1875 1879/1879/1879 1880/1880/1880
f 1875/1875/1875 1880/1880/1880 1876/1876/1876
f 1877/1877/1877 1881/1881/1881 1882/1882/1882
f 1877/1877/1877 1882/1882/1882 1878/1878/1878
f 1878/1878/1878 1882/1882/1882 1883/1883/1883
f 1878/1878/1878 1883/1883/1883 1879/1879/1879
f 1879/1879/1879 1883/1883/1883 1884/1884/1884
f 1879/1879/1879 1884/1884/1884 1880/1880/1880
f 1881/1881/1881 1885/1885/1885 1886/1886/1886
f 1881/1881/1881 1886/1886/1886 1882/1882/1882
f 1882/1882/1882 1886/1886/1886 1887/1887/1887
f 1882/1882/1882 1887/1887/1887 1883/1883/1883
f 1883/1883/1883 1887/1887/1887 1888/1888/1888
f 1883/1883/1883 1888/1888/1888 1884/1884/1884
f 1885/1885/1885 1889/1889/1889 1890/1890/1890
f 1885/1885/1885 1890/1890/1890 1886/1886/1886
f 1886/1886/1886 1890/1890/1890 1891/1891/1891
f 1886/1886/1886 1891/1891/1891 1887/1887/1887
f 1887/1887/1887 1891/1891/1891 1892/1892/1892
f 1887/1887/1887 1892/1892/1892 1888/1888/1888
f 1889/1889/1889 1893/1893/1893 1894/1894/1894
f 1889/1889/1889 1894/1894/1894 1890/1890/1890
f 1890/1890/1890 1894/1894/1894 1895/1895/1895
f 1890/1890/1890 1895/1895/1895 1891/1891/1891
f 1891/1891/1891 1895/1895/1895 1896/1896/1896
f 1891/1891/1891 1896/1896/1896 1892/1892/1892
f 1893/1893/1893 1897/1897/1897 1898/1898/1898
f 1893/1893/1893 1898/1898/1898 1894/1894/1894
f 1894/1894/1894 1898/1898/1898 1899/1899/1899
f 1894/1894/1894 1899/1899/1899 1895/1895/1895
f 1895/1895/1895 1899/1899/1899 1900/1900/1900
f 1895/1895/1895 1900/1900/1900 1896/1896/1896
f 1897/1897/1897 1901/1901/1901 1902/1902/1902
f 1897/1897/1897 1902/1902/1902 1898/1898/1898
f 1898/1898/1898 1902/1902/1902 1903/1903/1903
f 1898/1898/1898 1903/1903/1903 1899/1899/1899
f 1899/1899/1899 1903/1903/1903 1904/1904/1904
f 1899/1899/1899 1904/1904/1904 1900/1900/1900
f 1901/1901/1901 1905/1905/1905 1906/1906/1906
f 1901/1901/1901 1906/1906/1906 1902/1902/1902
f 1902/1902/1902 1906/1906/1906 1907/1907/1907
f 1902/1902/1902 1907/1907/1907 1903/1903/1903
f 1903/1903/1903 1907/1907/1907 1908/1908/1908
f 1903/1903/1903 1908/1908/1908 1904/1904/1904
f 1905/1905/1905 1909/1909/1909 1910/1910/1910
f 1905/1905/1905 1910/1910/1910 1906/1906/1906
f 1906/1906/1906 1910/1910/1910 1911/1911/1911
f 1906/1906/1906 1911/1911/1911 1907/1907/1907
f 1907/1907/1907 1911/1911/1911 1912/1912/1912
f 1907/1907/1907 1912/1912/1912 1908/1908/1908
f 1909/1909/1909 1913/1913/1913 1914/1914/1914
f 1909/1909/1909 1914/1914/1914 1910/1910/1910
f 1910/1910/1910 1914/1914/1914 1915/1915/1915
f 1910/1910/1910 1915/1915/1915 1911/1911/1911
f 1911/1911/1911 1915/1915/1915 1916/1916/1916
f 1911/1911/1911 1916/1916/1916 1912/1912/1912
f 1913/1913/1913 1917/1917/1917 1918/1918/1918
f 1913/1913/1913 1918/1918/1918 1914/1914/1914
f 1914/1914/1914 1918/1918/1918 1919/1919/1919
f 1914/1914/1914 1919/1919/1919 1915/1915/1915
f 1915/1915/1915 1919/1919/1919 1920/1920/1920
f 1915/1915/1915 1920/1920/1920 1916/1916/1916
f 1917/1917/1917 1921/1921/1921 1922/1922/1922
f 1917/1917/1917 1922/1922/1922 1918/1918/1918
f 1918/1918/1918 1922/1922/1922 1923/1923/1923
f 1918/1918/1918 1923/1923/1923 1919/1919/1919
f 1919/1919/1919 1923/1923/1923 1924/1924/1924
f 1919/1919/1919 1924/1924/1924 1920/1920/1920
f 1925/1925/1925 1926/1926/1926 1935/1935/1935
f 1925/1925/1925 1935/1935/1935 1934/1934/1934
f 1926/1926/1926 1927/1927/1927 1936/1936/1936
f 1926/1926/1926 1936/1936/1936 1935/1935/1935
f 1927/1927/1927 1928/1928/1928 1937/1937/1937
f 1927/1927/1927 1937/1937/1937 1936/1936/1936
f 1928/1928/1928 1929/1929/1929 1938/1938/1938
f 1928/1928/1928 1938/1938/1938 1937/1937/1937
f 1929/1929/1929 1930/1930/1930 1939/1939/1939
f 1929/1929/1929 1939/1939/1939 1938/1938/1938
f 1930/1930/1930 1931/1931/1931 1940/1940/1940
f 1930/1930/1930 1940/1940/1940 1939/1939/1939
f 1931/1931/1931 1932/1932/1932 1941/1941/1941
f 1931/1931/1931 1941/1941/1941 1940/1940/1940
f 1932/1932/1932 1933/1933/1933 1942/1942/1942
f 1932/1932/1932 1942/1942/1942 1941/1941/1941
f 1943/1943/1943 1945/1945/1945 1944/1944/1944
f 1943/1943/1943 1946/1946/1946 1945/1945/1945
f 1943/1943/1943 1947/1947/1947 1946/1946/1946
f 1943/1943/1943 1948/1948/1948 1947/1947/1947
f 1943/1943/1943 1949/1949/1949 1948/1948/1948
f 1943/1943/1943 1950/1950/1950 1949/1949/1949
f 1943/1943/1943 1951/1951/1951 1950/1950/1950
f 1943/1943/1943 1944/1944/1944 1951/1951/1951
f 1952/1952/1952 1953/1953/1953 1954/1954/1954
f 1952/1952/1952 1954/1954/1954 1955/1955/1955
f 1952/1952/1952 1955/1955/1955 1956/1956/1956
f 1952/1952/1952 1956/1956/1956 1957/1957/1957
f 1952/1952/1952 1957/1957/1957 1958/1958/1958
f 1952/1952/1952 1958/1958/1958 1959/1959/1959
f 1952/1952/1952 1959/1959/1959 1960/1960/1960
f 1952/1952/1952 1960/1960/1960 1953/1953/1953
f 1961/1961/1961 1965/1965/1965 1966/1966/1966
f 1961/1961/1961 1966/1966/1966 1962/1962/1962
f 1962/1962/1962 1966/1966/1966 1967/1967/1967
f 1962/1962/1962 1967/1967/1967 1963/1963/1963
f 1963/1963/1963 1967/1967/1967 1968/1968/1968
f 1963/1963/1963 1968/1968/1968 1964/1964/1964
f 1965/1965/1965 1969/1969/1969 1970/1970/1970
f 1965/1965/1965 1970/1970/1970 1966/1966/1966
f 1966/1966/1966 1970/1970/1970 1971/1971/1971
f 1966/1966/1966 1971/1971/1971 1967/1967/1967
f 1967/1967/1967 1971/1971/1971 1972/1972/1972
f 1967/1967/1967 1972/1972/1972 1968/1968/1968
f 1969/1969/1969 1973/1973/1973 1974/1974/1974
f 1969/1969/1969 1974/1974/1974 1970/1970/1970
f 1970/1970/1970 1974/1974/1974 1975/1975/1975
f 1970/1970/1970 1975/1975/1975 1971/1971/1971
f 1971/1971/1971 1975/1975/1975 1976/1976/1976
f 1971/1971/1971 1976/1976/1976 1972/1972/1972
f 1973/1973/1973 1977/1977/1977 1978/1978/1978
f 1973/1973/1973 1978/1978/1978 1974/1974/1974
f 1974/1974/1974 1978/1978/1978 1979/1979/1979
f 1974/1974/1974 1979/1979/1979 1975/1975/1975
f 1975/1975/1975 1979/1979/1979 1980/1980/1980
f 1975/1975/1975 1980/1980/1980 1976/1976/1976
f 1977/1977/1977 1981/1981/1981 1982/1982/1982
f 1977/1977/1977 1982/1982/1982 1978/1978/1978
f 1978/1978/1978 1982/1982/1982 1983/1983/1983
f 1978/1978/1978 1983/1983/1983 1979/1979/1979
f 1979/1979/1979 1983/1983/1983 1984/1984/1984
f 1979/1979/1979 1984/1984/1984 1980/1980/1980
f 1981/1981/1981 1985/1985/1985 1986/1986/1986
f 1981/1981/1981 1986/1986/1986 1982/1982/1982
f 1982/1982/1982 1986/1986/1986 1987/1987/1987
f 1982/1982/1982 1987/1987/1987 1983/1983/1983
f 1983/1983/1983 1987/1987/1987 1988/1988/1988
f 1983/1983/1983 1988/1988/1988 1984/1984/1984
f 1985/1985/1985 1989/1989/1989 1990/1990/1990
f 1985/1985/1985 1990/1990/1990 1986/1986/1986
f 1986/1986/1986 1990/1990/1990 1991/1991/1991
f 1986/1986/1986 1991/1991/1991 1987/1987/1987
f 1987/1987/1987 1991/1991/1991 1992/1992/1992
f 1987/1987/1987 1992/1992/1992 1988/1988/1988
f 1989/1989/1989 1993/1993/1993 1994/1994/1994
f 1989/1989/1989 1994/1994/1994 1990/1990/1990
f 1990/1990/1990 1994/1994/1994 1995/1995/1995
f 1990/1990/1990 1995/1995/1995 1991/1991/1991
f 1991/1991/1991 1995/1995/1995 1996/1996/1996
f 1991/1991/1991 1996/1996/1996 1992/1992/1992
f 1993/1993/1993 1997/1997/1997 1998/1998/1998
f 1993/1993/1993 1998/1998/1998 1994/1994/1994
f 1994/1994/1994 1998/1998/1998 1999/1999/1999
f 1994/1994/1994 1999/1999/1999 1995/1995/1995
f 1995/1995/1995 1999/1999/1999 2000/2000/2000
f 1995/1995/1995 2000/2000/2000 1996/1996/1996
f 1997/1997/1997 2001/2001/2001 2002/2002/2002
f 1997/1997/1997 2002/2002/2002 1998/1998/1998
f 1998/1998/1998 2002/2002/2002 2003/2003/2003
f 1998/1998/1998 2003/2003/2003 1999/1999/1999
f 1999/1999/1999 2003/2003/2003 2004/2004/2004
f 1999/1999/1999 2004/2004/2004 2000/2000/2000
f 2001/2001/2001 2005/2005/2005 2006/2006/2006
f 2001/2001/2001 2006/2006/2006 2002/2002/2002
f 2002/2002/2002 2006/2006/2006 2007/2007/2007
f 2002/2002/2002 2007/2007/2007 2003/2003/2003
f 2003/2003/2003 2007/2007/2007 2008/2008/2008
f 2003/2003/2003 2008/2008/2008 2004/2004/2004
f 2005/2005/2005 2009/2009/2009 2010/2010/2010
f 2005/2005/2005 2010/2010/2010 2006/2006/2006
f 2006/2006/2006 2010/2010/2010 2011/2011/2011
f 2006/2006/2006 2011/2011/2011 2007/2007/2007
f 2007/2007/2007 2011/2011/2011 2012/2012/2012
f 2007/2007/2007 2012/2012/2012 2008/2008/2008
f 2013/2013/2013 2014/2014/2014 2023/2023/2023
f 2013/2013/2013 2023/2023/2023 2022/2022/2022
f 2014/2014/2014 2015/2015/2015 2024/2024/2024
f 2014/2014/2014 2024/2024/2024 2023/2023/2023
f 2015/2015/2015 2016/2016/2016 2025/2025/2025
f 2015/2015/2015 2025/2025/2025 2024/2024/2024
f 2016/2016/2016 2017/2017/2017 2026/2026/2026
f 2016/2016/2016 2026/2026/2026 2025/2025/2025
f 2017/2017/2017 2018/2018/2018 2027/2027/2027
f 2017/2017/2017 2027/2027/2027 2026/2026/2026
f 2018/2018/2018 2019/2019/2019 2028/2028/2028
f 2018/2018/2018 2028/2028/2028 2027/2027/2027
f 2019/2019/2019 2020/2020/2020 2029/2029/2029
f 2019/2019/2019 2029/2029/2029 2028/2028/2028
f 2020/2020/2020 2021/2021/2021 2030/2030/2030
f 2020/2020/2020 2030/2030/2030 2029/2029/2029
f 2031/2031/2031 2033/2033/2033 2032/2032/2032
f 2031/2031/2031 2034/2034/2034 2033/2033/2033
f 2031/2031/2031 2035/2035/2035 2034/2034/2034
f 2031/2031/2031 2036/2036/2036 2035/2035/2035
f 2031/2031/2031 2037/2037/2037 2036/2036/2036
f 2031/2031/2031 2038/2038/2038 2037/2037/2037
f 2031/2031/2031 2039/2039/2039 2038/2038/2038
f 2031/2031/2031 2032/2032/2032 2039/2039/2039
f 2040/2040/2040 2041/2041/2041 2042/2042/2042
f 2040/2040/2040 2042/2042/2042 2043/2043/2043
f 2040/2040/2040 2043/2043/2043 2044/2044/2044
f 2040/2040/2040 2044/2044/2044 2045/2045/2045
f 2040/2040/2040 2045/2045/2045 2046/2046/2046
f 2040/2040/2040 2046/2046/2046 2047/2047/2047
f 2040/2040/2040 2047/2047/2047 2048/2048/2048
f 2040/2040/2040 2048/2048/2048 2041/2041/2041
f 2049/2049/2049 2053/2053/2053 2054/2054/2054
f 2049/2049/2049 2054/2054/2054 2050/2050/2050
f 2050/2050/2050 2054/2054/2054 2055/2055/2055
f 2050/2050/2050 2055/2055/2055 2051/2051/2051
f 2051/2051/2051 2055/2055/2055 2056/2056/2056
f 2051/2051/2051 2056/2056/2056 2052/2052/2052
f 2053/2053/2053 2057/2057/2057 2058/2058/2058
f 2053/2053/2053 2058/2058/2058 2054/2054/2054
f 2054/2054/2054 2058/2058/2058 2059/2059/2059
f 2054/2054/2054 2059/2059/2059 2055/2055/2055
f 2055/2055/2055 2059/2059/2059 2060/2060/2060
f 2055/2055/2055 2060/2060/2060 2056/2056/2056
f 2057/2057/2057 2061/2061/2061 2062/2062/2062
f 2057/2057/2057 2062/2062/2062 2058/2058/2058
f 2058/2058/2058 2062/2062/2062 2063/2063/2063
f 2058/2058/2058 2063/2063/2063 2059/2059/2059
f 2059/2059/2059 2063/2063/2063 2064/2064/2064
f 2059/2059/2059 2064/2064/2064 2060/2060/2060
f 2061/2061/2061 2065/2065/2065 2066/2066/2066
f 2061/2061/2061 2066/2066/2066 2062/2062/2062
f 2062/2062/2062 2066/2066/2066 2067/2067/2067
f 2062/2062/2062 2067/2067/2067 2063/2063/2063
f 2063/2063/2063 2067/2067/2067 2068/2068/2068
f 2063/2063/2063 2068/2068/2068 2064/2064/2064
f 2065/2065/2065 2069/2069/2069 2070/2070/2070
f 2065/2065/2065 2070/2070/2070 2066/2066/2066
f 2066/2066/2066 2070/2070/2070 2071/2071/2071
f 2066/2066/2066 2071/2071/2071 2067/2067/2067
f 2067/2067/2067 2071/2071/2071 2072/2072/2072
f 2067/2067/2067 2072/2072/2072 2068/2068/2068
f 2069/2069/2069 2073/2073/2073 2074/2074/2074
f 2069/2069/2069 2074/2074/2074 2070/2070/2070
f 2070/2070/2070 2074/2074/2074 2075/2075/2075
f 2070/2070/2070 2075/2075/2075 2071/2071/2071
f 2071/2071/2071 2075/2075/2075 2076/2076/2076
f 2071/2071/2071 2076/2076/2076 2072/2072/2072
f 2073/2073/2073 2077/2077/2077 2078/2078/2078
f 2073/2073/2073 2078/2078/2078 2074/2074/2074
f 2074/2074/2074 2078/2078/2078 2079/2079/2079
f 2074/2074/2074 2079/2079/2079 2075/2075/2075
f 2075/2075/2075 2079/2079/2079 2080/2080/2080
f 2075/2075/2075 2080/2080/2080 2076/2076/2076
f 2077/2077/2077 2081/2081/2081 2082/2082/2082
f 2077/2077/2077 2082/2082/2082 2078/2078/2078
f 2078/2078/2078 2082/2082/2082 2083/2083/2083
f 2078/2078/2078 2083/2083/2083 2079/2079/2079
f 2079/2079/2079 2083/2083/2083 2084/2084/2084
f 2079/2079/2079 2084/2084/2084 2080/2080/2080
f 2081/2081/2081 2085/2085/2085 2086/2086/2086
f 2081/2081/2081 2086/2086/2086 2082/2082/2082
f 2082/2082/2082 2086/2086/2086 2087/2087/2087
f 2082/2082/2082 2087/2087/2087 2083/2083/2083
f 2083/2083/2083 2087/2087/2087 2088/2088/2088
f 2083/2083/2083 2088/2088/2088 2084/2084/2084
f 2085/2085/2085 2089/2089/2089 2090/2090/2090
f 2085/2085/2085 2090/2090/2090 2086/2086/2086
f 2086/2086/2086 2090/2090/2090 2091/2091/2091
f 2086/2086/2086 2091/2091/2091 2087/2087/2087
f 2087/2087/2087 2091/2091/2091 2092/2092/2092
f 2087/2087/2087 2092/2092/2092 2088/2088/2088
f 2089/2089/2089 2093/2093/2093 2094/2094/2094
f 2089/2089/2089 2094/2094/2094 2090/2090/2090
f 2090/2090/2090 2094/2094/2094 2095/2095/2095
f 2090/2090/2090 2095/2095/2095 2091/2091/2091
f 2091/2091/2091 2095/2095/2095 2096/2096/2096
f 2091/2091/2091 2096/2096/2096 2092/2092/2092
f 2093/2093/2093 2097/2097/2097 2098/2098/2098
f 2093/2093/2093 2098/2098/2098 2094/2094/2094
f 2094/2094/2094 2098/2098/2098 2099/2099/2099
f 2094/2094/2094 2099/2099/2099 2095/2095/2095
f 2095/2095/2095 2099/2099/2099 2100/2100/2100
f 2095/2095/2095 2100/2100/2100 2096/2096/2096
f 2101/2101/2101 2106/2106/2106 2107/2107/2107
f 2101/2101/2101 2107/2107/2107 2102/2102/2102
f 2102/2102/2102 2107/2107/2107 2108/2108/2108
f 2102/2102/2102 2108/2108/2108 2103/2103/2103
f 2103/2103/2103 2108/2108/2108 2109/2109/2109
f 2103/2103/2103 2109/2109/2109 2104/2104/2104
f 2104/2104/2104 2109/2109/2109 2110/2110/2110
f 2104/2104/2104 2110/2110/2110 2105/2105/2105
f 2106/2106/2106 2111/2111/2111 2112/2112/2112
f 2106/2106/2106 2112/2112/2112 2107/2107/2107
f 2107/2107/2107 2112/2112/2112 2113/2113/2113
f 2107/2107/2107 2113/2113/2113 2108/2108/2108
f 2108/2108/2108 2113/2113/2113 2114/2114/2114
f 2108/2108/2108 2114/2114/2114 2109/2109/2109
f 2109/2109/2109 2114/2114/2114 2115/2115/2115
f 2109/2109/2109 2115/2115/2115 2110/2110/2110
f 2111/2111/2111 2116/2116/2116 2117/2117/2117
f 2111/2111/2111 2117/2117/2117 2112/2112/2112
f 2112/2112/2112 2117/2117/2117 2118/2118/2118
f 2112/2112/2112 2118/2118/2118 2113/2113/2113
f 2113/2113/2113 2118/2118/2118 2119/2119/2119
f 2113/2113/2113 2119/2119/2119 2114/2114/2114
f 2114/2114/2114 2119/2119/2119 2120/2120/2120
f 2114/2114/2114 2120/2120/2120 2115/2115/2115
f 2116/2116/2116 2121/2121/2121 2122/2122/2122
f 2116/2116/2116 2122/2122/2122 2117/2117/2117
f 2117/2117/2117 2122/2122/2122 2123/2123/2123
f 2117/2117/2117 2123/2123/2123 2118/2118/2118
f 2118/2118/2118 2123/2123/2123 2124/2124/2124
f 2118/2118/2118 2124/2124/2124 2119/2119/2119
f 2119/2119/2119 2124/2124/2124 2125/2125/2125
f 2119/2119/2119 2125/2125/2125 2120/2120/2120
f 2121/2121/2121 2126/2126/2126 2127/2127/2127
f 2121/2121/2121 2127/2127/2127 2122/2122/2122
f 2122/2122/2122 2127/2127/2127 2128/2128/2128
f 2122/2122/2122 2128/2128/2128 2123/2123/2123
f 2123/2123/2123 2128/2128/2128 2129/2129/2129
f 2123/2123/2123 2129/2129/2129 2124/2124/2124
f 2124/2124/2124 2129/2129/2129 2130/2130/2130
f 2124/2124/2124 2130/2130/2130 2125/2125/2125
f 2126/2126/2126 2131/2131/2131 2132/2132/2132
f 2126/2126/2126 2132/2132/2132 2127/2127/2127
f 2127/2127/2127 2132/2132/2132 2133/2133/2133
f 2127/2127/2127 2133/2133/2133 2128/2128/2128
f 2128/2128/2128 2133/2133/2133 2134/2134/2134
f 2128/2128/2128 2134/2134/2134 2129/2129/2129
f 2129/2129/2129 2134/2134/2134 2135/2135/2135
f 2129/2129/2129 2135/2135/2135 2130/2130/2130
f 2131/2131/2131 2136/2136/2136 2137/2137/2137
f 2131/2131/2131 2137/2137/2137 2132/2132/2132
f 2132/2132/2132 2137/2137/2137 2138/2138/2138
f 2132/2132/2132 2138/2138/2138 2133/2133/2133
f 2133/2133/2133 2138/2138/2138 2139/2139/2139
f 2133/2133/2133 2139/2139/2139 2134/2134/2134
f 2134/2134/2134 2139/2139/2139 2140/2140/2140
f 2134/2134/2134 2140/2140/2140 2135/2135/2135
f 2136/2136/2136 2141/2141/2141 2142/2142/2142
f 2136/2136/2136 2142/2142/2142 2137/2137/2137
f 2137/2137/2137 2142/2142/2142 2143/2143/2143
f 2137/2137/2137 2143/2143/2143 2138/2138/2138
f 2138/2138/2138 2143/2143/2143 2144/2144/2144
f 2138/2138/2138 2144/2144/2144 2139/2139/2139
f 2139/2139/2139 2144/2144/2144 2145/2145/2145
f 2139/2139/2139 2145/2145/2145 2140/2140/2140
f 2141/2141/2141 2146/2146/2146 2147/2147/2147
f 2141/2141/2141 2147/2147/2147 2142/2142/2142
f 2142/2142/2142 2147/2147/2147 2148/2148/2148
f 2142/2142/2142 2148/2148/2148 2143/2143/2143
f 2143/2143/2143 2148/2148/2148 2149/2149/2149
f 2143/2143/2143 2149/2149/2149 2144/2144/2144
f 2144/2144/2144 2149/2149/2149 2150/2150/2150
f 2144/2144/2144 2150/2150/2150 2145/2145/2145
f 2146/2146/2146 2151/2151/2151 2152/2152/2152
f 2146/2146/2146 2152/2152/2152 2147/2147/2147
f 2147/2147/2147 2152/2152/2152 2153/2153/2153
f 2147/2147/2147 2153/2153/2153 2148/2148/2148
f 2148/2148/2148 2153/2153/2153 2154/2154/2154
f 2148/2148/2148 2154/2154/2154 2149/2149/2149
f 2149/2149/2149 2154/2154/2154 2155/2155/2155
f 2149/2149/2149 2155/2155/2155 2150/2150/2150
f 2151/2151/2151 2156/2156/2156 2157/2157/2157
f 2151/2151/2151 2157/2157/2157 2152/2152/2152
f 2152/2152/2152 2157/2157/2157 2158/2158/2158
f 2152/2152/2152 2158/2158/2158 2153/2153/2153
f 2153/2153/2153 2158/2158/2158 2159/2159/2159
f 2153/2153/2153 2159/2159/2159 2154/2154/2154
f 2154/2154/2154 2159/2159/2159 2160/2160/2160
f 2154/2154/2154 2160/2160/2160 2155/2155/2155
f 2156/2156/2156 2161/2161/2161 2162/2162/2162
f 2156/2156/2156 2162/2162/2162 2157/2157/2157
f 2157/2157/2157 2162/2162/2162 2163/2163/2163
f 2157/2157/2157 2163/2163/2163 2158/2158/2158
f 2158/2158/2158 2163/2163/2163 2164/2164/2164
f 2158/2158/2158 2164/2164/2164 2159/2159/2159
f 2159/2159/2159 2164/2164/2164 2165/2165/2165
f 2159/2159/2159 2165/2165/2165 2160/2160/2160
f 2166/2166/2166 2171/2171/2171 2172/2172/2172
f 2166/2166/2166 2172/2172/2172 2167/2167/2167
f 2167/2167/2167 2172/2172/2172 2173/2173/2173
f 2167/2167/2167 2173/2173/2173 2168/2168/2168
f 2168/2168/2168 2173/2173/2173 2174/2174/2174
f 2168/2168/2168 2174/2174/2174 2169/2169/2169
f 2169/2169/2169 2174/2174/2174 2175/2175/2175
f 2169/2169/2169 2175/2175/2175 2170/2170/2170
f 2171/2171/2171 2176/2176/2176 2177/2177/2177
f 2171/2171/2171 2177/2177/2177 2172/2172/2172
f 2172/2172/2172 2177/2177/2177 2178/2178/2178
f 2172/2172/2172 2178/2178/2178 2173/2173/2173
f 2173/2173/2173 2178/2178/2178 2179/2179/2179
f 2173/2173/2173 2179/2179/2179 2174/2174/2174
f 2174/2174/2174 2179/2179/2179 2180/2180/2180
f 2174/2174/2174 2180/2180/2180 2175/2175/2175
f 2176/2176/2176 2181/2181/2181 2182/2182/2182
f 2176/2176/2176 2182/2182/2182 2177/2177/2177
f 2177/2177/2177 2182/2182/2182 2183/2183/2183
f 2177/2177/2177 2183/2183/2183 2178/2178/2178
f 2178/2178/2178 2183/2183/2183 2184/2184/2184
f 2178/2178/2178 2184/2184/2184 2179/2179/2179
f 2179/2179/2179 2184/2184/2184 2185/2185/2185
f 2179/2179/2179 2185/2185/2185 2180/2180/2180
f 2181/2181/2181 2186/2186/2186 2187/2187/2187
f 2181/2181/2181 2187/2187/2187 2182/2182/2182
f 2182/2182/2182 2187/2187/2187 2188/2188/2188
f 2182/2182/2182 2188/2188/2188 2183/2183/2183
f 2183/2183/2183 2188/2188/2188 2189/2189/2189
f 2183/2183/2183 2189/2189/2189 2184/2184/2184
f 2184/2184/2184 2189/2189/2189 2190/2190/2190
f 2184/2184/2184 2190/2190/2190 2185/2185/2185
f 2186/2186/2186 2191/2191/2191 2192/2192/2192
f 2186/2186/2186 2192/2192/2192 2187/2187/2187
f 2187/2187/2187 2192/2192/2192 2193/2193/2193
f 2187/2187/2187 2193/2193/2193 2188/2188/2188
f 2188/2188/2188 2193/2193/2193 2194/2194/2194
f 2188/2188/2188 2194/2194/2194 2189/2189/2189
f 2189/2189/2189 2194/2194/2194 2195/2195/2195
f 2189/2189/2189 2195/2195/2195 2190/2190/2190
f 2191/2191/2191 2196/2196/2196 2197/2197/2197
f 2191/2191/2191 2197/2197/2197 2192/2192/2192
f 2192/2192/2192 2197/2197/2197 2198/2198/2198
f 2192/2192/2192 2198/2198/2198 2193/2193/2193
f 2193/2193/2193 2198/2198/2198 2199/2199/2199
f 2193/2193/2193 2199/2199/2199 2194/2194/2194
f 2194/2194/2194 2199/2199/2199 2200/2200/2200
f 2194/2194/2194 2200/2200/2200 2195/2195/2195
f 2196/2196/2196 2201/2201/2201 2202/2202/2202
f 2196/2196/2196 2202/2202/2202 2197/2197/2197
f 2197/2197/2197 2202/2202/2202 2203/2203/2203
f 2197/2197/2197 2203/2203/2203 2198/2198/2198
f 2198/2198/2198 2203/2203/2203 2204/2204/2204
f 2198/2198/2198 2204/2204/2204 2199/2199/2199
f 2199/2199/2199 2204/2204/2204 2205/2205/2205
f 2199/2199/2199 2205/2205/2205 2200/2200/2200
f 2201/2201/2201 2206/2206/2206 2207/2207/2207
f 2201/2201/2201 2207/2207/2207 2202/2202/2202
f 2202/2202/2202 2207/2207/2207 2208/2208/2208
f 2202/2202/2202 2208/2208/2208 2203/2203/2203
f 2203/2203/2203 2208/2208/2208 2209/2209/2209
f 2203/2203/2203 2209/2209/2209 2204/2204/2204
f 2204/2204/2204 2209/2209/2209 2210/2210/2210
f 2204/2204/2204 2210/2210/2210 2205/2205/2205
f 2206/2206/2206 2211/2211/2211 2212/2212/2212
f 2206/2206/2206 2212/2212/2212 2207/2207/2207
f 2207/2207/2207 2212/2212/2212 2213/2213/2213
f 2207/2207/2207 2213/2213/2213 2208/2208/2208
f 2208/2208/2208 2213/2213/2213 2214/2214/2214
f 2208/2208/2208 2214/2214/2214 2209/2209/2209
f 2209/2209/2209 2214/2214/2214 2215/2215/2215
f 2209/2209/2209 2215/2215/2215 2210/2210/2210
f 2211/2211/2211 2216/2216/2216 2217/2217/2217
f 2211/2211/2211 2217/2217/2217 2212/2212/2212
f 2212/2212/2212 2217/2217/2217 2218/2218/2218
f 2212/2212/2212 2218/2218/2218 2213/2213/2213
f 2213/2213/2213 2218/2218/2218 2219/2219/2219
f 2213/2213/2213 2219/2219/2219 2214/2214/2214
f 2214/2214/2214 2219/2219/2219 2220/2220/2220
f 2214/2214/2214 2220/2220/2220 2215/2215/2215
f 2216/2216/2216 2221/2221/2221 2222/2222/2222
f 2216/2216/2216 2222/2222/2222 2217/2217/2217
f 2217/2217/2217 2222/2222/2222 2223/2223/2223
f 2217/2217/2217 2223/2223/2223 2218/2218/2218
f 2218/2218/2218 2223/2223/2223 2224/2224/2224
f 2218/2218/2218 2224/2224/2224 2219/2219/2219
f 2219/2219/2219 2224/2224/2224 2225/2225/2225
f 2219/2219/2219 2225/2225/2225 2220/2220/2220
f 2221/2221/2221 2226/2226/2226 2227/2227/2227
f 2221/2221/2221 2227/2227/2227 2222/2222/2222
f 2222/2222/2222 2227/2227/2227 2228/2228/2228
f 2222/2222/2222 2228/2228/2228 2223/2223/2223
f 2223/2223/2223 2228/2228/2228 2229/2229/2229
f 2223/2223/2223 2229/2229/2229 2224/2224/2224
f 2224/2224/2224 2229/2229/2229 2230/2230/2230
f 2224/2224/2224 2230/2230/2230 2225/2225/2225
f 2231/2231/2231 2232/2232/2232 2241/2241/2241
f 2231/2231/2231 2241/2241/2241 2240/2240/2240
f 2232/2232/2232 2233/2233/2233 2242/2242/2242
f 2232/2232/2232 2242/2242/2242 2241/2241/2241
f 2233/2233/2233 2234/2234/2234 2243/2243/2243
f 2233/2233/2233 2243/2243/2243 2242/2242/2242
f 2234/2234/2234 2235/2235/2235 2244/2244/2244
f 2234/2234/2234 2244/2244/2244 2243/2243/2243
f 2235/2235/2235 2236/2236/2236 2245/2245/2245
f 2235/2235/2235 2245/2245/2245 2244/2244/2244
f 2236/2236/2236 2237/2237/2237 2246/2246/2246
f 2236/2236/2236 2246/2246/2246 2245/2245/2245
f 2237/2237/2237 2238/2238/2238 2247/2247/2247
f 2237/2237/2237 2247/2247/2247 2246/2246/2246
f 2238/2238/2238 2239/2239/2239 2248/2248/2248
f 2238/2238/2238 2248/2248/2248 2247/2247/2247
f 2249/2249/2249 2251/2251/2251 2250/2250/2250
f 2249/2249/2249 2252/2252/2252 2251/2251/2251
f 2249/2249/2249 2253/2253/2253 2252/2252/2252
f 2249/2249/2249 2254/2254/2254 2253/2253/2253
f 2249/2249/2249 2255/2255/2255 2254/2254/2254
f 2249/2249/2249 2256/2256/2256 2255/2255/2255
f 2249/2249/2249 2257/2257/2257 2256/2256/2256
f 2249/2249/2249 2250/2250/2250 2257/2257/2257
f 2258/2258/2258 2259/2259/2259 2260/2260/2260
f 2258/2258/2258 2260/2260/2260 2261/2261/2261
f 2258/2258/2258 2261/2261/2261 2262/2262/2262
f 2258/2258/2258 2262/2262/2262 2263/2263/2263
f 2258/2258/2258 2263/2263/2263 2264/2264/2264
f 2258/2258/2258 2264/2264/2264 2265/2265/2265
f 2258/2258/2258 2265/2265/2265 2266/2266/2266
f 2258/2258/2258 2266/2266/2266 2259/2259/2259
f 2267/2267/2267 2268/2268/2268 2277/2277/2277
f 2267/2267/2267 2277/2277/2277 2276/2276/2276
f 2268/2268/2268 2269/2269/2269 2278/2278/2278
f 2268/2268/2268 2278/2278/2278 2277/2277/2277
f 2269/2269/2269 2270/2270/2270 2279/2279/2279
f 2269/2269/2269 2279/2279/2279 2278/2278/2278
f 2270/2270/2270 2271/2271/2271 2280/2280/2280
f 2270/2270/2270 2280/2280/2280 2279/2279/2279
f 2271/2271/2271 2272/2272/2272 2281/2281/2281
f 2271/2271/2271 2281/2281/2281 2280/2280/2280
f 2272/2272/2272 2273/2273/2273 2282/2282/2282
f 2272/2272/2272 2282/2282/2282 2281/2281/2281
f 2273/2273/2273 2274/2274/2274 2283/2283/2283
f 2273/2273/2273 2283/2283/2283 2282/2282/2282
f 2274/2274/2274 2275/2275/2275 2284/2284/2284
f 2274/2274/2274 2284/2284/2284 2283/2283/2283
f 2285/2285/2285 2287/2287/2287 2286/2286/2286
f 2285/2285/2285 2288/2288/2288 2287/2287/2287
f 2285/2285/2285 2289/2289/2289 2288/2288/2288
f 2285/2285/2285 2290/2290/2290 2289/2289/2289
f 2285/2285/2285 2291/2291/2291 2290/2290/2290
f 2285/2285/2285 2292/2292/2292 2291/2291/2291
f 2285/2285/2285 2293/2293/2293 2292/2292/2292
f 2285/2285/2285 2286/2286/2286 2293/2293/2293
f 2294/2294/2294 2295/2295/2295 2296/2296/2296
f 2294/2294/2294 2296/2296/2296 2297/2297/2297
f 2294/2294/2294 2297/2297/2297 2298/2298/2298
f 2294/2294/2294 2298/2298/2298 2299/2299/2299
f 2294/2294/2294 2299/2299/2299 2300/2300/2300
f 2294/2294/2294 2300/2300/2300 2301/2301/2301
f 2294/2294/2294 2301/2301/2301 2302/2302/2302
f 2294/2294/2294 2302/2302/2302 2295/2295/2295
f 2303/2303/2303 2304/2304/2304 2313/2313/2313
f 2303/2303/2303 2313/2313/2313 2312/2312/2312
f 2304/2304/2304 2305/2305/2305 2314/2314/2314
f 2304/2304/2304 2314/2314/2314 2313/2313/2313
f 2305/2305/2305 2306/2306/2306 2315/2315/2315
f 2305/2305/2305 2315/2315/2315 2314/2314/2314
f 2306/2306/2306 2307/2307/2307 2316/2316/2316
f 2306/2306/2306 2316/2316/2316 2315/2315/2315
f 2307/2307/2307 2308/2308/2308 2317/2317/2317
f 2307/2307/2307 2317/2317/2317 2316/2316/2316
f 2308/2308/2308 2309/2309/2309 2318/2318/2318
f 2308/2308/2308 2318/2318/2318 2317/2317/2317
f 2309/2309/2309 2310/2310/2310 2319/2319/2319
f 2309/2309/2309 2319/2319/2319 2318/2318/2318
f 2310/2310/2310 2311/2311/2311 2320/2320/2320
f 2310/2310/2310 2320/2320/2320 2319/2319/2319
f 2321/2321/2321 2323/2323/2323 2322/2322/2322
f 2321/2321/2321 2324/2324/2324 2323/2323/2323
f 2321/2321/2321 2325/2325/2325 2324/2324/2324
f 2321/2321/2321 2326/2326/2326 2325/2325/2325
f 2321/2321/2321 2327/2327/2327 2326/2326/2326
f 2321/2321/2321 2328/2328/2328 2327/2327/2327
f 2321/2321/2321 2329/2329/2329 2328/2328/2328
f 2321/2321/2321 2322/2322/2322 2329/2329/2329
f 2330/2330/2330 2331/2331/2331 2332/2332/2332
f 2330/2330/2330 2332/2332/2332 2333/2333/2333
f 2330/2330/2330 2333/2333/2333 2334/2334/2334
f 2330/2330/2330 2334/2334/2334 2335/2335/2335
f 2330/2330/2330 2335/2335/2335 2336/2336/2336
f 2330/2330/2330 2336/2336/2336 2337/2337/2337
f 2330/2330/2330 2337/2337/2337 2338/2338/2338
f 2330/2330/2330 2338/2338/2338 2331/2331/2331
f 2339/2339/2339 2340/2340/2340 2349/2349/2349
f 2339/2339/2339 2349/2349/2349 2348/2348/2348
f 2340/2340/2340 2341/2341/2341 2350/2350/2350
f 2340/2340/2340 2350/2350/2350 2349/2349/2349
f 2341/2341/2341 2342/2342/2342 2351/2351/2351
f 2341/2341/2341 2351/2351/2351 2350/2350/2350
f 2342/2342/2342 2343/2343/2343 2352/2352/2352
f 2342/2342/2342 2352/2352/2352 2351/2351/2351
f 2343/2343/2343 2344/2344/2344 2353/2353/2353
f 2343/2343/2343 2353/2353/2353 2352/2352/2352
f 2344/2344/2344 2345/2345/2345 2354/2354/2354
f 2344/2344/2344 2354/2354/2354 2353/2353/2353
f 2345/2345/2345 2346/2346/2346 2355/2355/2355
f 2345/2345/2345 2355/2355/2355 2354/2354/2354
f 2346/2346/2346 2347/2347/2347 2356/2356/2356
f 2346/2346/2346 2356/2356/2356 2355/2355/2355
f 2357/2357/2357 2359/2359/2359 2358/2358/2358
f 2357/2357/2357 2360/2360/2360 2359/2359/2359
f 2357/2357/2357 2361/2361/2361 2360/2360/2360
f 2357/2357/2357 2362/2362/2362 2361/2361/2361
f 2357/2357/2357 2363/2363/2363 2362/2362/2362
f 2357/2357/2357 2364/2364/2364 2363/2363/2363
f 2357/2357/2357 2365/2365/2365 2364/2364/2364
f 2357/2357/2357 2358/2358/2358 2365/2365/2365
f 2366/2366/2366 2367/2367/2367 2368/2368/2368
f 2366/2366/2366 2368/2368/2368 2369/2369/2369
f 2366/2366/2366 2369/2369/2369 2370/2370/2370
f 2366/2366/2366 2370/2370/2370 2371/2371/2371
f 2366/2366/2366 2371/2371/2371 2372/2372/2372
f 2366/2366/2366 2372/2372/2372 2373/2373/2373
f 2366/2366/2366 2373/2373/2373 2374/2374/2374
f 2366/2366/2366 2374/2374/2374 2367/2367/2367
f 2375/2375/2375 2376/2376/2376 2387/2387/2387
f 2375/2375/2375 2387/2387/2387 2386/2386/2386
f 2376/2376/2376 2377/2377/2377 2388/2388/2388
f 2376/2376/2376 2388/2388/2388 2387/2387/2387
f 2377/2377/2377 2378/2378/2378 2389/2389/2389
f 2377/2377/2377 2389/2389/2389 2388/2388/2388
f 2378/2378/2378 2379/2379/2379 2390/2390/2390
f 2378/2378/2378 2390/2390/2390 2389/2389/2389
f 2379/2379/2379 2380/2380/2380 2391/2391/2391
f 2379/2379/2379 2391/2391/2391 2390/2390/2390
f 2380/2380/2380 2381/2381/2381 2392/2392/2392
f 2380/2380/2380 2392/2392/2392 2391/2391/2391
f 2381/2381/2381 2382/2382/2382 2393/2393/2393
f 2381/2381/2381 2393/2393/2393 2392/2392/2392
f 2382/2382/2382 2383/2383/2383 2394/2394/2394
f 2382/2382/2382 2394/2394/2394 2393/2393/2393
f 2383/2383/2383 2384/2384/2384 2395/2395/2395
f 2383/2383/2383 2395/2395/2395 2394/2394/2394
f 2384/2384/2384 2385/2385/2385 2396/2396/2396
f 2384/2384/2384 2396/2396/2396 2395/2395/2395
f 2397/2397/2397 2399/2399/2399 2398/2398/2398
f 2397/2397/2397 2400/2400/2400 2399/2399/2399
f 2397/2397/2397 2401/2401/2401 2400/2400/2400
f 2397/2397/2397 2402/2402/2402 2401/2401/2401
f 2397/2397/2397 2403/2403/2403 2402/2402/2402
f 2397/2397/2397 2404/2404/2404 2403/2403/2403
f 2397/2397/2397 2405/2405/2405 2404/2404/2404
f 2397/2397/2397 2406/2406/2406 2405/2405/2405
f 2397/2397/2397 2407/2407/2407 2406/2406/2406
f 2397/2397/2397 2398/2398/2398 2407/2407/2407
f 2408/2408/2408 2409/2409/2409 2410/2410/2410
f 2408/2408/2408 2410/2410/2410 2411/2411/2411
f 2408/2408/2408 2411/2411/2411 2412/2412/2412
f 2408/2408/2408 2412/2412/2412 2413/2413/2413
f 2408/2408/2408 2413/2413/2413 2414/2414/2414
f 2408/2408/2408 2414/2414/2414 2415/2415/2415
f 2408/2408/2408 2415/2415/2415 2416/2416/2416
f 2408/2408/2408 2416/2416/2416 2417/2417/2417
f 2408/2408/2408 2417/2417/2417 2418/2418/2418
f 2408/2408/2408 2418/2418/2418 2409/2409/2409
f 2419/2419/2419 2420/2420/2420 2429/2429/2429
f 2419/2419/2419 2429/2429/2429 2428/2428/2428
f 2420/2420/2420 2421/2421/2421 2430/2430/2430
f 2420/2420/2420 2430/2430/2430 2429/2429/2429
f 2421/2421/2421 2422/2422/2422 2431/2431/2431
f 2421/2421/2421 2431/2431/2431 2430/2430/2430
f 2422/2422/2422 2423/2423/2423 2432/2432/2432
f 2422/2422/2422 2432/2432/2432 2431/2431/2431
f 2423/2423/2423 2424/2424/2424 2433/2433/2433
f 2423/2423/2423 2433/2433/2433 2432/2432/2432
f 2424/2424/2424 2425/2425/2425 2434/2434/2434
f 2424/2424/2424 2434/2434/2434 2433/2433/2433
f 2425/2425/2425 2426/2426/2426 2435/2435/2435
f 2425/2425/2425 2435/2435/2435 2434/2434/2434
f 2426/2426/2426 2427/2427/2427 2436/2436/2436
f 2426/2426/2426 2436/2436/2436 2435/2435/2435
f 2428/2428/2428 2429/2429/2429 2438/2438/2438
f 2428/2428/2428 2438/2438/2438 2437/2437/2437
f 2429/2429/2429 2430/2430/2430 2439/2439/2439
f 2429/2429/2429 2439/2439/2439 2438/2438/2438
f 2430/2430/2430 2431/2431/2431 2440/2440/2440
f 2430/2430/2430 2440/2440/2440 2439/2439/2439
f 2431/2431/2431 2432/2432/2432 2441/2441/2441
f 2431/2431/2431 2441/2441/2441 2440/2440/2440
f 2432/2432/2432 2433/2433/2433 2442/2442/2442
f 2432/2432/2432 2442/2442/2442 2441/2441/2441
f 2433/2433/2433 2434/2434/2434 2443/2443/2443
f 2433/2433/2433 2443/2443/2443 2442/2442/2442
f 2434/2434/2434 2435/2435/2435 2444/2444/2444
f 2434/2434/2434 2444/2444/2444 2443/2443/2443
f 2435/2435/2435 2436/2436/2436 2445/2445/2445
f 2435/2435/2435 2445/2445/2445 2444/2444/2444
f 2437/2437/2437 2438/2438/2438 2447/2447/2447
f 2437/2437/2437 2447/2447/2447 2446/2446/2446
f 2438/2438/2438 2439/2439/2439 2448/2448/2448
f 2438/2438/2438 2448/2448/2448 2447/2447/2447
f 2439/2439/2439 2440/2440/2440 2449/2449/2449
f 2439/2439/2439 2449/2449/2449 2448/2448/2448
f 2440/2440/2440 2441/2441/2441 2450/2450/2450
f 2440/2440/2440 2450/2450/2450 2449/2449/2449
f 2441/2441/2441 2442/2442/2442 2451/2451/2451
f 2441/2441/2441 2451/2451/2451 2450/2450/2450
f 2442/2442/2442 2443/2443/2443 2452/2452/2452
f 2442/2442/2442 2452/2452/2452 2451/2451/2451
f 2443/2443/2443 2444/2444/2444 2453/2453/2453
f 2443/2443/2443 2453/2453/2453 2452/2452/2452
f 2444/2444/2444 2445/2445/2445 2454/2454/2454
f 2444/2444/2444 2454/2454/2454 2453/2453/2453
f 2446/2446/2446 2447/2447/2447 2456/2456/2456
f 2446/2446/2446 2456/2456/2456 2455/2455/2455
f 2447/2447/2447 2448/2448/2448 2457/2457/2457
f 2447/2447/2447 2457/2457/2457 2456/2456/2456
f 2448/2448/2448 2449/2449/2449 2458/2458/2458
f 2448/2448/2448 2458/2458/2458 2457/2457/2457
f 2449/2449/2449 2450/2450/2450 2459/2459/2459
f 2449/2449/2449 2459/2459/2459 2458/2458/2458
f 2450/2450/2450 2451/2451/2451 2460/2460/2460
f 2450/2450/2450 2460/2460/2460 2459/2459/2459
f 2451/2451/2451 2452/2452/2452 2461/2461/2461
f 2451/2451/2451 2461/2461/2461 2460/2460/2460
f 2452/2452/2452 2453/2453/2453 2462/2462/2462
f 2452/2452/2452 2462/2462/2462 2461/2461/2461
f 2453/2453/2453 2454/2454/2454 2463/2463/2463
f 2453/2453/2453 2463/2463/2463 2462/2462/2462
f 2455/2455/2455 2456/2456/2456 2465/2465/2465
f 2455/2455/2455 2465/2465/2465 2464/2464/2464
f 2456/2456/2456 2457/2457/2457 2466/2466/2466
f 2456/2456/2456 2466/2466/2466 2465/2465/2465
f 2457/2457/2457 2458/2458/2458 2467/2467/2467
f 2457/2457/2457 2467/2467/2467 2466/2466/2466
f 2458/2458/2458 2459/2459/2459 2468/2468/2468
f 2458/2458/2458 2468/2468/2468 2467/2467/2467
f 2459/2459/2459 2460/2460/2460 2469/2469/2469
f 2459/2459/2459 2469/2469/2469 2468/2468/2468
f 2460/2460/2460 2461/2461/2461 2470/2470/2470
f 2460/2460/2460 2470/2470/2470 2469/2469/2469
f 2461/2461/2461 2462/2462/2462 2471/2471/2471
f 2461/2461/2461 2471/2471/2471 2470/2470/2470
f 2462/2462/2462 2463/2463/2463 2472/2472/2472
f 2462/2462/2462 2472/2472/2472 2471/2471/2471
f 2464/2464/2464 2465/2465/2465 2474/2474/2474
f 2464/2464/2464 2474/2474/2474 2473/2473/2473
f 2465/2465/2465 2466/2466/2466 2475/2475/2475
f 2465/2465/2465 2475/2475/2475 2474/2474/2474
f 2466/2466/2466 2467/2467/2467 2476/2476/2476
f 2466/2466/2466 2476/2476/2476 2475/2475/2475
f 2467/2467/2467 2468/2468/2468 2477/2477/2477
f 2467/2467/2467 2477/2477/2477 2476/2476/2476
f 2468/2468/2468 2469/2469/2469 2478/2478/2478
f 2468/2468/2468 2478/2478/2478 2477/2477/2477
f 2469/2469/2469 2470/2470/2470 2479/2479/2479
f 2469/2469/2469 2479/2479/2479 2478/2478/2478
f 2470/2470/2470 2471/2471/2471 2480/2480/2480
f 2470/2470/2470 2480/2480/2480 2479/2479/2479
f 2471/2471/2471 2472/2472/2472 2481/2481/2481
f 2471/2471/2471 2481/2481/2481 2480/2480/2480
f 2473/2473/2473 2474/2474/2474 2483/2483/2483
f 2473/2473/2473 2483/2483/2483 2482/2482/2482
f 2474/2474/2474 2475/2475/2475 2484/2484/2484
f 2474/2474/2474 2484/2484/2484 2483/2483/2483
f 2475/2475/2475 2476/2476/2476 2485/2485/2485
f 2475/2475/2475 2485/2485/2485 2484/2484/2484
f 2476/2476/2476 2477/2477/2477 2486/2486/2486
f 2476/2476/2476 2486/2486/2486 2485/2485/2485
f 2477/2477/2477 2478/2478/2478 2487/2487/2487
f 2477/2477/2477 2487/2487/2487 2486/2486/2486
f 2478/2478/2478 2479/2479/2479 2488/2488/2488
f 2478/2478/2478 2488/2488/2488 2487/2487/2487
f 2479/2479/2479 2480/2480/2480 2489/2489/2489
f 2479/2479/2479 2489/2489/2489 2488/2488/2488
f 2480/2480/2480 2481/2481/2481 2490/2490/2490
f 2480/2480/2480 2490/2490/2490 2489/2489/2489
f 2482/2482/2482 2483/2483/2483 2492/2492/2492
f 2482/2482/2482 2492/2492/2492 2491/2491/2491
f 2483/2483/2483 2484/2484/2484 2493/2493/2493
f 2483/2483/2483 2493/2493/2493 2492/2492/2492
f 2484/2484/2484 2485/2485/2485 2494/2494/2494
f 2484/2484/2484 2494/2494/2494 2493/2493/2493
f 2485/2485/2485 2486/2486/2486 2495/2495/2495
f 2485/2485/2485 2495/2495/2495 2494/2494/2494
f 2486/2486/2486 2487/2487/2487 2496/2496/2496
f 2486/2486/2486 2496/2496/2496 2495/2495/2495
f 2487/2487/2487 2488/2488/2488 2497/2497/2497
f 2487/2487/2487 2497/2497/2497 2496/2496/2496
f 2488/2488/2488 2489/2489/2489 2498/2498/2498
f 2488/2488/2488 2498/2498/2498 2497/2497/2497
f 2489/2489/2489 2490/2490/2490 2499/2499/2499
f 2489/2489/2489 2499/2499/2499 2498/2498/2498
f 2491/2491/2491 2492/2492/2492 2501/2501/2501
f 2491/2491/2491 2501/2501/2501 2500/2500/2500
f 2492/2492/2492 2493/2493/2493 2502/2502/2502
f 2492/2492/2492 2502/2502/2502 2501/2501/2501
f 2493/2493/2493 2494/2494/2494 2503/2503/2503
f 2493/2493/2493 2503/2503/2503 2502/2502/2502
f 2494/2494/2494 2495/2495/2495 2504/2504/2504
f 2494/2494/2494 2504/2504/2504 2503/2503/2503
f 2495/2495/2495 2496/2496/2496 2505/2505/2505
f 2495/2495/2495 2505/2505/2505 2504/2504/2504
f 2496/2496/2496 2497/2497/2497 2506/2506/2506
f 2496/2496/2496 2506/2506/2506 2505/2505/2505
f 2497/2497/2497 2498/2498/2498 2507/2507/2507
f 2497/2497/2497 2507/2507/2507 2506/2506/2506
f 2498/2498/2498 2499/2499/2499 2508/2508/2508
f 2498/2498/2498 2508/2508/2508 2507/2507/2507
f 2500/2500/2500 2501/2501/2501 2510/2510/2510
f 2500/2500/2500 2510/2510/2510 2509/2509/2509
f 2501/2501/2501 2502/2502/2502 2511/2511/2511
f 2501/2501/2501 2511/2511/2511 2510/2510/2510
f 2502/2502/2502 2503/2503/2503 2512/2512/2512
f 2502/2502/2502 2512/2512/2512 2511/2511/2511
f 2503/2503/2503 2504/2504/2504 2513/2513/2513
f 2503/2503/2503 2513/2513/2513 2512/2512/2512
f 2504/2504/2504 2505/2505/2505 2514/2514/2514
f 2504/2504/2504 2514/2514/2514 2513/2513/2513
f 2505/2505/2505 2506/2506/2506 2515/2515/2515
f 2505/2505/2505 2515/2515/2515 2514/2514/2514
f 2506/2506/2506 2507/2507/2507 2516/2516/2516
f 2506/2506/2506 2516/2516/2516 2515/2515/2515
f 2507/2507/2507 2508/2508/2508 2517/2517/2517
f 2507/2507/2507 2517/2517/2517 2516/2516/2516
f 2509/2509/2509 2510/2510/2510 2519/2519/2519
f 2509/2509/2509 2519/2519/2519 2518/2518/2518
f 2510/2510/2510 2511/2511/2511 2520/2520/2520
f 2510/2510/2510 2520/2520/2520 2519/2519/2519
f 2511/2511/2511 2512/2512/2512 2521/2521/2521
f 2511/2511/2511 2521/2521/2521 2520/2520/2520
f 2512/2512/2512 2513/2513/2513 2522/2522/2522
f 2512/2512/2512 2522/2522/2522 2521/2521/2521
f 2513/2513/2513 2514/2514/2514 2523/2523/2523
f 2513/2513/2513 2523/2523/2523 2522/2522/2522
f 2514/2514/2514 2515/2515/2515 2524/2524/2524
f 2514/2514/2514 2524/2524/2524 2523/2523/2523
f 2515/2515/2515 2516/2516/2516 2525/2525/2525
f 2515/2515/2515 2525/2525/2525 2524/2524/2524
f 2516/2516/2516 2517/2517/2517 2526/2526/2526
f 2516/2516/2516 2526/2526/2526 2525/2525/2525
f 2527/2527/2527 2529/2529/2529 2528/2528/2528
f 2527/2527/2527 2530/2530/2530 2529/2529/2529
f 2527/2527/2527 2531/2531/2531 2530/2530/2530
f 2527/2527/2527 2532/2532/2532 2531/2531/2531
f 2527/2527/2527 2533/2533/2533 2532/2532/2532
f 2527/2527/2527 2534/2534/2534 2533/2533/2533
f 2527/2527/2527 2535/2535/2535 2534/2534/2534
f 2527/2527/2527 2528/2528/2528 2535/2535/2535
f 2536/2536/2536 2537/2537/2537 2538/2538/2538
f 2536/2536/2536 2538/2538/2538 2539/2539/2539
f 2536/2536/2536 2539/2539/2539 2540/2540/2540
f 2536/2536/2536 2540/2540/2540 2541/2541/2541
f 2536/2536/2536 2541/2541/2541 2542/2542/2542
f 2536/2536/2536 2542/2542/2542 2543/2543/2543
f 2536/2536/2536 2543/2543/2543 2544/2544/2544
f 2536/2536/2536 2544/2544/2544 2537/2537/2537
f 2545/2545/2545 2546/2546/2546 2550/2550/2550
f 2545/2545/2545 2550/2550/2550 2549/2549/2549
f 2546/2546/2546 2547/2547/2547 2551/2551/2551
f 2546/2546/2546 2551/2551/2551 2550/2550/2550
f 2547/2547/2547 2548/2548/2548 2552/2552/2552
f 2547/2547/2547 2552/2552/2552 2551/2551/2551
f 2549/2549/2549 2550/2550/2550 2554/2554/2554
f 2549/2549/2549 2554/2554/2554 2553/2553/2553
f 2550/2550/2550 2551/2551/2551 2555/2555/2555
f 2550/2550/2550 2555/2555/2555 2554/2554/2554
f 2551/2551/2551 2552/2552/2552 2556/2556/2556
f 2551/2551/2551 2556/2556/2556 2555/2555/2555
f 2553/2553/2553 2554/2554/2554 2558/2558/2558
f 2553/2553/2553 2558/2558/2558 2557/2557/2557
f 2554/2554/2554 2555/2555/2555 2559/2559/2559
f 2554/2554/2554 2559/2559/2559 2558/2558/2558
f 2555/2555/2555 2556/2556/2556 2560/2560/2560
f 2555/2555/2555 2560/2560/2560 2559/2559/2559
f 2561/2561/2561 2562/2562/2562 2566/2566/2566
f 2561/2561/2561 2566/2566/2566 2565/2565/2565
f 2562/2562/2562 2563/2563/2563 2567/2567/2567
f 2562/2562/2562 2567/2567/2567 2566/2566/2566
f 2563/2563/2563 2564/2564/2564 2568/2568/2568
f 2563/2563/2563 2568/2568/2568 2567/2567/2567
f 2565/2565/2565 2566/2566/2566 2570/2570/2570
f 2565/2565/2565 2570/2570/2570 2569/2569/2569
f 2566/2566/2566 2567/2567/2567 2571/2571/2571
f 2566/2566/2566 2571/2571/2571 2570/2570/2570
f 2567/2567/2567 2568/2568/2568 2572/2572/2572
f 2567/2567/2567 2572/2572/2572 2571/2571/2571
f 2569/2569/2569 2570/2570/2570 2574/2574/2574
f 2569/2569/2569 2574/2574/2574 2573/2573/2573
f 2570/2570/2570 2571/2571/2571 2575/2575/2575
f 2570/2570/2570 2575/2575/2575 2574/2574/2574
f 2571/2571/2571 2572/2572/2572 2576/2576/2576
f 2571/2571/2571 2576/2576/2576 2575/2575/2575
f 2577/2577/2577 2578/2578/2578 2582/2582/2582
f 2577/2577/2577 2582/2582/2582 2581/2581/2581
f 2578/2578/2578 2579/2579/2579 2583/2583/2583
f 2578/2578/2578 2583/2583/2583 2582/2582/2582
f 2579/2579/2579 2580/2580/2580 2584/2584/2584
f 2579/2579/2579 2584/2584/2584 2583/2583/2583
f 2581/2581/2581 2582/2582/2582 2586/2586/2586
f 2581/2581/2581 2586/2586/2586 2585/2585/2585
f 2582/2582/2582 2583/2583/2583 2587/2587/2587
f 2582/2582/2582 2587/2587/2587 2586/2586/2586
f 2583/2583/2583 2584/2584/2584 2588/2588/2588
f 2583/2583/2583 2588/2588/2588 2587/2587/2587
f 2585/2585/2585 2586/2586/2586 2590/2590/2590
f 2585/2585/2585 2590/2590/2590 2589/2589/2589
f 2586/2586/2586 2587/2587/2587 2591/2591/2591
f 2586/2586/2586 2591/2591/2591 2590/2590/2590
f 2587/2587/2587 2588/2588/2588 2592/2592/2592
f 2587/2587/2587 2592/2592/2592 2591/2591/2591
f 2593/2593/2593 2594/2594/2594 2598/2598/2598
f 2593/2593/2593 2598/2598/2598 2597/2597/2597
f 2594/2594/2594 2595/2595/2595 2599/2599/2599
f 2594/2594/2594 2599/2599/2599 2598/2598/2598
f 2595/2595/2595 2596/2596/2596 2600/2600/2600
f 2595/2595/2595 2600/2600/2600 2599/2599/2599
f 2597/2597/2597 2598/2598/2598 2602/2602/2602
f 2597/2597/2597 2602/2602/2602 2601/2601/2601
f 2598/2598/2598 2599/2599/2599 2603/2603/2603
f 2598/2598/2598 2603/2603/2603 2602/2602/2602
f 2599/2599/2599 2600/2600/2600 2604/2604/2604
f 2599/2599/2599 2604/2604/2604 2603/2603/2603
f 2601/2601/2601 2602/2602/2602 2606/2606/2606
f 2601/2601/2601 2606/2606/2606 2605/2605/2605
f 2602/2602/2602 2603/2603/2603 2607/2607/2607
f 2602/2602/2602 2607/2607/2607 2606/2606/2606
f 2603/2603/2603 2604/2604/2604 2608/2608/2608
f 2603/2603/2603 2608/2608/2608 2607/2607/2607
f 2609/2609/2609 2610/2610/2610 2614/2614/2614
f 2609/2609/2609 2614/2614/2614 2613/2613/2613
f 2610/2610/2610 2611/2611/2611 2615/2615/2615
f 2610/2610/2610 2615/2615/2615 2614/2614/2614
f 2611/2611/2611 2612/2612/2612 2616/2616/2616
f 2611/2611/2611 2616/2616/2616 2615/2615/2615
f 2613/2613/2613 2614/2614/2614 2618/2618/2618
f 2613/2613/2613 2618/2618/2618 2617/2617/2617
f 2614/2614/2614 2615/2615/2615 2619/2619/2619
f 2614/2614/2614 2619/2619/2619 2618/2618/2618
f 2615/2615/2615 2616/2616/2616 2620/2620/2620
f 2615/2615/2615 2620/2620/2620 2619/2619/2619
f 2617/2617/2617 2618/2618/2618 2622/2622/2622
f 2617/2617/2617 2622/2622/2622 2621/2621/2621
f 2618/2618/2618 2619/2619/2619 2623/2623/2623
f 2618/2618/2618 2623/2623/2623 2622/2622/2622
f 2619/2619/2619 2620/2620/2620 2624/2624/2624
f 2619/2619/2619 2624/2624/2624 2623/2623/2623
f 2625/2625/2625 2626/2626/2626 2630/2630/2630
f 2625/2625/2625 2630/2630/2630 2629/2629/2629
f 2626/2626/2626 2627/2627/2627 2631/2631/2631
f 2626/2626/2626 2631/2631/2631 2630/2630/2630
f 2627/2627/2627 2628/2628/2628 2632/2632/2632
f 2627/2627/2627 2632/2632/2632 2631/2631/2631
f 2629/2629/2629 2630/2630/2630 2634/2634/2634
f 2629/2629/2629 2634/2634/2634 2633/2633/2633
f 2630/2630/2630 2631/2631/2631 2635/2635/2635
f 2630/2630/2630 2635/2635/2635 2634/2634/2634
f 2631/2631/2631 2632/2632/2632 2636/2636/2636
f 2631/2631/2631 2636/2636/2636 2635/2635/2635
f 2633/2633/2633 2634/2634/2634 2638/2638/2638
f 2633/2633/2633 2638/2638/2638 2637/2637/2637
f 2634/2634/2634 2635/2635/2635 2639/2639/2639
f 2634/2634/2634 2639/2639/2639 2638/2638/2638
f 2635/2635/2635 2636/2636/2636 2640/2640/2640
f 2635/2635/2635 2640/2640/2640 2639/2639/2639
f 2641/2641/2641 2642/2642/2642 2651/2651/2651
f 2641/2641/2641 2651/2651/2651 2650/2650/2650
f 2642/2642/2642 2643/2643/2643 2652/2652/2652
f 2642/2642/2642 2652/2652/2652 2651/2651/2651
f 2643/2643/2643 2644/2644/2644 2653/2653/2653
f 2643/2643/2643 2653/2653/2653 2652/2652/2652
f 2644/2644/2644 2645/2645/2645 2654/2654/2654
f 2644/2644/2644 2654/2654/2654 2653/2653/2653
f 2645/2645/2645 2646/2646/2646 2655/2655/2655
f 2645/2645/2645 2655/2655/2655 2654/2654/2654
f 2646/2646/2646 2647/2647/2647 2656/2656/2656
f 2646/2646/2646 2656/2656/2656 2655/2655/2655
f 2647/2647/2647 2648/2648/2648 2657/2657/2657
f 2647/2647/2647 2657/2657/2657 2656/2656/2656
f 2648/2648/2648 2649/2649/2649 2658/2658/2658
f 2648/2648/2648 2658/2658/2658 2657/2657/2657
f 2650/2650/2650 2651/2651/2651 2660/2660/2660
f 2650/2650/2650 2660/2660/2660 2659/2659/2659
f 2651/2651/2651 2652/2652/2652 2661/2661/2661
f 2651/2651/2651 2661/2661/2661 2660/2660/2660
f 2652/2652/2652 2653/2653/2653 2662/2662/2662
f 2652/2652/2652 2662/2662/2662 2661/2661/2661
f 2653/2653/2653 2654/2654/2654 2663/2663/2663
f 2653/2653/2653 2663/2663/2663 2662/2662/2662
f 2654/2654/2654 2655/2655/2655 2664/2664/2664
f 2654/2654/2654 2664/2664/2664 2663/2663/2663
f 2655/2655/2655 2656/2656/2656 2665/2665/2665
f 2655/2655/2655 2665/2665/2665 2664/2664/2664
f 2656/2656/2656 2657/2657/2657 2666/2666/2666
f 2656/2656/2656 2666/2666/2666 2665/2665/2665
f 2657/2657/2657 2658/2658/2658 2667/2667/2667
f 2657/2657/2657 2667/2667/2667 2666/2666/2666
f 2659/2659/2659 2660/2660/2660 2669/2669/2669
f 2659/2659/2659 2669/2669/2669 2668/2668/2668
f 2660/2660/2660 2661/2661/2661 2670/2670/2670
f 2660/2660/2660 2670/2670/2670 2669/2669/2669
f 2661/2661/2661 2662/2662/2662 2671/2671/2671
f 2661/2661/2661 2671/2671/2671 2670/2670/2670
f 2662/2662/2662 2663/2663/2663 2672/2672/2672
f 2662/2662/2662 2672/2672/2672 2671/2671/2671
f 2663/2663/2663 2664/2664/2664 2673/2673/2673
f 2663/2663/2663 2673/2673/2673 2672/2672/2672
f 2664/2664/2664 2665/2665/2665 2674/2674/2674
f 2664/2664/2664 2674/2674/2674 2673/2673/2673
f 2665/2665/2665 2666/2666/2666 2675/2675/2675
f 2665/2665/2665 2675/2675/2675 2674/2674/2674
f 2666/2666/2666 2667/2667/2667 2676/2676/2676
f 2666/2666/2666 2676/2676/2676 2675/2675/2675
f 2668/2668/2668 2669/2669/2669 2678/2678/2678
f 2668/2668/2668 2678/2678/2678 2677/2677/2677
f 2669/2669/2669 2670/2670/2670 2679/2679/2679
f 2669/2669/2669 2679/2679/2679 2678/2678/2678
f 2670/2670/2670 2671/2671/2671 2680/2680/2680
f 2670/2670/2670 2680/2680/2680 2679/2679/2679
f 2671/2671/2671 2672/2672/2672 2681/2681/2681
f 2671/2671/2671 2681/2681/2681 2680/2680/2680
f 2672/2672/2672 2673/2673/2673 2682/2682/2682
f 2672/2672/2672 2682/2682/2682 2681/2681/2681
f 2673/2673/2673 2674/2674/2674 2683/2683/2683
f 2673/2673/2673 2683/2683/2683 2682/2682/2682
f 2674/2674/2674 2675/2675/2675 2684/2684/2684
f 2674/2674/2674 2684/2684/2684 2683/2683/2683
f 2675/2675/2675 2676/2676/2676 2685/2685/2685
f 2675/2675/2675 2685/2685/2685 2684/2684/2684
f 2677/2677/2677 2678/2678/2678 2687/2687/2687
f 2677/2677/2677 2687/2687/2687 2686/2686/2686
f 2678/2678/2678 2679/2679/2679 2688/2688/2688
f 2678/2678/2678 2688/2688/2688 2687/2687/2687
f 2679/2679/2679 2680/2680/2680 2689/2689/2689
f 2679/2679/2679 2689/2689/2689 2688/2688/2688
f 2680/2680/2680 2681/2681/2681 2690/2690/2690
f 2680/2680/2680 2690/2690/2690 2689/2689/2689
f 2681/2681/2681 2682/2682/2682 2691/2691/2691
f 2681/2681/2681 2691/2691/2691 2690/2690/2690
f 2682/2682/2682 2683/2683/2683 2692/2692/2692
f 2682/2682/2682 2692/2692/2692 2691/2691/2691
f 2683/2683/2683 2684/2684/2684 2693/2693/2693
f 2683/2683/2683 2693/2693/2693 2692/2692/2692
f 2684/2684/2684 2685/2685/2685 2694/2694/2694
f 2684/2684/2684 2694/2694/2694 2693/2693/2693
f 2686/2686/2686 2687/2687/2687 2696/2696/2696
f 2686/2686/2686 2696/2696/2696 2695/2695/2695
f 2687/2687/2687 2688/2688/2688 2697/2697/2697
f 2687/2687/2687 2697/2697/2697 2696/2696/2696
f 2688/2688/2688 2689/2689/2689 2698/2698/2698
f 2688/2688/2688 2698/2698/2698 2697/2697/2697
f 2689/2689/2689 2690/2690/2690 2699/2699/2699
f 2689/2689/2689 2699/2699/2699 2698/2698/2698
f 2690/2690/2690 2691/2691/2691 2700/2700/2700
f 2690/2690/2690 2700/2700/2700 2699/2699/2699
f 2691/2691/2691 2692/2692/2692 2701/2701/2701
f 2691/2691/2691 2701/2701/2701 2700/2700/2700
f 2692/2692/2692 2693/2693/2693 2702/2702/2702
f 2692/2692/2692 2702/2702/2702 2701/2701/2701
f 2693/2693/2693 2694/2694/2694 2703/2703/2703
f 2693/2693/2693 2703/2703/2703 2702/2702/2702
f 2695/2695/2695 2696/2696/2696 2705/2705/2705
f 2695/2695/2695 2705/2705/2705 2704/2704/2704
f 2696/2696/2696 2697/2697/2697 2706/2706/2706
f 2696/2696/2696 2706/2706/2706 2705/2705/2705
f 2697/2697/2697 2698/2698/2698 2707/2707/2707
f 2697/2697/2697 2707/2707/2707 2706/2706/2706
f 2698/2698/2698 2699/2699/2699 2708/2708/2708
f 2698/2698/2698 2708/2708/2708 2707/2707/2707
f 2699/2699/2699 2700/2700/2700 2709/2709/2709
f 2699/2699/2699 2709/2709/2709 2708/2708/2708
f 2700/2700/2700 2701/2701/2701 2710/2710/2710
f 2700/2700/2700 2710/2710/2710 2709/2709/2709
f 2701/2701/2701 2702/2702/2702 2711/2711/2711
f 2701/2701/2701 2711/2711/2711 2710/2710/2710
f 2702/2702/2702 2703/2703/2703 2712/2712/2712
f 2702/2702/2702 2712/2712/2712 2711/2711/2711
f 2704/2704/2704 2705/2705/2705 2714/2714/2714
f 2704/2704/2704 2714/2714/2714 2713/2713/2713
f 2705/2705/2705 2706/2706/2706 2715/2715/2715
f 2705/2705/2705 2715/2715/2715 2714/2714/2714
f 2706/2706/2706 2707/2707/2707 2716/2716/2716
f 2706/2706/2706 2716/2716/2716 2715/2715/2715
f 2707/2707/2707 2708/2708/2708 2717/2717/2717
f 2707/2707/2707 2717/2717/2717 2716/2716/2716
f 2708/2708/2708 2709/2709/2709 2718/2718/2718
f 2708/2708/2708 2718/2718/2718 2717/2717/2717
f 2709/2709/2709 2710/2710/2710 2719/2719/2719
f 2709/2709/2709 2719/2719/2719 2718/2718/2718
f 2710/2710/2710 2711/2711/2711 2720/2720/2720
f 2710/2710/2710 2720/2720/2720 2719/2719/2719
f 2711/2711/2711 2712/2712/2712 2721/2721/2721
f 2711/2711/2711 2721/2721/2721 2720/2720/2720
f 2713/2713/2713 2714/2714/2714 2723/2723/2723
f 2713/2713/2713 2723/2723/2723 2722/2722/2722
f 2714/2714/2714 2715/2715/2715 2724/2724/2724
f 2714/2714/2714 2724/2724/2724 2723/2723/2723
f 2715/2715/2715 2716/2716/2716 2725/2725/2725
f 2715/2715/2715 2725/2725/2725 2724/2724/2724
f 2716/2716/2716 2717/2717/2717 2726/2726/2726
f 2716/2716/2716 2726/2726/2726 2725/2725/2725
f 2717/2717/2717 2718/2718/2718 2727/2727/2727
f 2717/2717/2717 2727/2727/2727 2726/2726/2726
f 2718/2718/2718 2719/2719/2719 2728/2728/2728
f 2718/2718/2718 2728/2728/2728 2727/2727/2727
f 2719/2719/2719 2720/2720/2720 2729/2729/2729
f 2719/2719/2719 2729/2729/2729 2728/2728/2728
f 2720/2720/2720 2721/2721/2721 2730/2730/2730
f 2720/2720/2720 2730/2730/2730 2729/2729/2729
f 2722/2722/2722 2723/2723/2723 2732/2732/2732
f 2722/2722/2722 2732/2732/2732 2731/2731/2731
f 2723/2723/2723 2724/2724/2724 2733/2733/2733
f 2723/2723/2723 2733/2733/2733 2732/2732/2732
f 2724/2724/2724 2725/2725/2725 2734/2734/2734
f 2724/2724/2724 2734/2734/2734 2733/2733/2733
f 2725/2725/2725 2726/2726/2726 2735/2735/2735
f 2725/2725/2725 2735/2735/2735 2734/2734/2734
f 2726/2726/2726 2727/2727/2727 2736/2736/2736
f 2726/2726/2726 2736/2736/2736 2735/2735/2735
f 2727/2727/2727 2728/2728/2728 2737/2737/2737
f 2727/2727/2727 2737/2737/2737 2736/2736/2736
f 2728/2728/2728 2729/2729/2729 2738/2738/2738
f 2728/2728/2728 2738/2738/2738 2737/2737/2737
f 2729/2729/2729 2730/2730/2730 2739/2739/2739
f 2729/2729/2729 2739/2739/2739 2738/2738/2738
f 2731/2731/2731 2732/2732/2732 2741/2741/2741
f 2731/2731/2731 2741/2741/2741 2740/2740/2740
f 2732/2732/2732 2733/2733/2733 2742/2742/2742
f 2732/2732/2732 2742/2742/2742 2741/2741/2741
f 2733/2733/2733 2734/2734/2734 2743/2743/2743
f 2733/2733/2733 2743/2743/2743 2742/2742/2742
f 2734/2734/2734 2735/2735/2735 2744/2744/2744
f 2734/2734/2734 2744/2744/2744 2743/2743/2743
f 2735/2735/2735 2736/2736/2736 2745/2745/2745
f 2735/2735/2735 2745/2745/2745 2744/2744/2744
f 2736/2736/2736 2737/2737/2737 2746/2746/2746
f 2736/2736/2736 2746/2746/2746 2745/2745/2745
f 2737/2737/2737 2738/2738/2738 2747/2747/2747
f 2737/2737/2737 2747/2747/2747 2746/2746/2746
f 2738/2738/2738 2739/2739/2739 2748/2748/2748
f 2738/2738/2738 2748/2748/2748 2747/2747/2747
f 2749/2749/2749 2751/2751/2751 2750/2750/2750
f 2749/2749/2749 2752/2752/2752 2751/2751/2751
f 2749/2749/2749 2753/2753/2753 2752/2752/2752
f 2749/2749/2749 2754/2754/2754 2753/2753/2753
f 2749/2749/2749 2755/2755/2755 2754/2754/2754
f 2749/2749/2749 2756/2756/2756 2755/2755/2755
f 2749/2749/2749 2757/2757/2757 2756/2756/2756
f 2749/2749/2749 2750/2750/2750 2757/2757/2757
f 2758/2758/2758 2759/2759/2759 2760/2760/2760
f 2758/2758/2758 2760/2760/2760 2761/2761/2761
f 2758/2758/2758 2761/2761/2761 2762/2762/2762
f 2758/2758/2758 2762/2762/2762 2763/2763/2763
f 2758/2758/2758 2763/2763/2763 2764/2764/2764
f 2758/2758/2758 2764/2764/2764 2765/2765/2765
f 2758/2758/2758 2765/2765/2765 2766/2766/2766
f 2758/2758/2758 2766/2766/2766 2759/2759/2759
f 2767/2767/2767 2768/2768/2768 2772/2772/2772
f 2767/2767/2767 2772/2772/2772 2771/2771/2771
f 2768/2768/2768 2769/2769/2769 2773/2773/2773
f 2768/2768/2768 2773/2773/2773 2772/2772/2772
f 2769/2769/2769 2770/2770/2770 2774/2774/2774
f 2769/2769/2769 2774/2774/2774 2773/2773/2773
f 2771/2771/2771 2772/2772/2772 2776/2776/2776
f 2771/2771/2771 2776/2776/2776 2775/2775/2775
f 2772/2772/2772 2773/2773/2773 2777/2777/2777
f 2772/2772/2772 2777/2777/2777 2776/2776/2776
f 2773/2773/2773 2774/2774/2774 2778/2778/2778
f 2773/2773/2773 2778/2778/2778 2777/2777/2777
f 2775/2775/2775 2776/2776/2776 2780/2780/2780
f 2775/2775/2775 2780/2780/2780 2779/2779/2779
f 2776/2776/2776 2777/2777/2777 2781/2781/2781
f 2776/2776/2776 2781/2781/2781 2780/2780/2780
f 2777/2777/2777 2778/2778/2778 2782/2782/2782
f 2777/2777/2777 2782/2782/2782 2781/2781/2781
f 2783/2783/2783 2784/2784/2784 2788/2788/2788
f 2783/2783/2783 2788/2788/2788 2787/2787/2787
f 2784/2784/2784 2785/2785/2785 2789/2789/2789
f 2784/2784/2784 2789/2789/2789 2788/2788/2788
f 2785/2785/2785 2786/2786/2786 2790/2790/2790
f 2785/2785/2785 2790/2790/2790 2789/2789/2789
f 2787/2787/2787 2788/2788/2788 2792/2792/2792
f 2787/2787/2787 2792/2792/2792 2791/2791/2791
f 2788/2788/2788 2789/2789/2789 2793/2793/2793
f 2788/2788/2788 2793/2793/2793 2792/2792/2792
f 2789/2789/2789 2790/2790/2790 2794/2794/2794
f 2789/2789/2789 2794/2794/2794 2793/2793/2793
f 2791/2791/2791 2792/2792/2792 2796/2796/2796
f 2791/2791/2791 2796/2796/2796 2795/2795/2795
f 2792/2792/2792 2793/2793/2793 2797/2797/2797
f 2792/2792/2792 2797/2797/2797 2796/2796/2796
f 2793/2793/2793 2794/2794/2794 2798/2798/2798
f 2793/2793/2793 2798/2798/2798 2797/2797/2797
f 2799/2799/2799 2800/2800/2800 2804/2804/2804
f 2799/2799/2799 2804/2804/2804 2803/2803/2803
f 2800/2800/2800 2801/2801/2801 2805/2805/2805
f 2800/2800/2800 2805/2805/2805 2804/2804/2804
f 2801/2801/2801 2802/2802/2802 2806/2806/2806
f 2801/2801/2801 2806/2806/2806 2805/2805/2805
f 2803/2803/2803 2804/2804/2804 2808/2808/2808
f 2803/2803/2803 2808/2808/2808 2807/2807/2807
f 2804/2804/2804 2805/2805/2805 2809/2809/2809
f 2804/2804/2804 2809/2809/2809 2808/2808/2808
f 2805/2805/2805 2806/2806/2806 2810/2810/2810
f 2805/2805/2805 2810/2810/2810 2809/2809/2809
f 2807/2807/2807 2808/2808/2808 2812/2812/2812
f 2807/2807/2807 2812/2812/2812 2811/2811/2811
f 2808/2808/2808 2809/2809/2809 2813/2813/2813
f 2808/2808/2808 2813/2813/2813 2812/2812/2812
f 2809/2809/2809 2810/2810/2810 2814/2814/2814
f 2809/2809/2809 2814/2814/2814 2813/2813/2813
f 2815/2815/2815 2816/2816/2816 2820/2820/2820
f 2815/2815/2815 2820/2820/2820 2819/2819/2819
f 2816/2816/2816 2817/2817/2817 2821/2821/2821
f 2816/2816/2816 2821/2821/2821 2820/2820/2820
f 2817/2817/2817 2818/2818/2818 2822/2822/2822
f 2817/2817/2817 2822/2822/2822 2821/2821/2821
f 2819/2819/2819 2820/2820/2820 2824/2824/2824
f 2819/2819/2819 2824/2824/2824 2823/2823/2823
f 2820/2820/2820 2821/2821/2821 2825/2825/2825
f 2820/2820/2820 2825/2825/2825 2824/2824/2824
f 2821/2821/2821 2822/2822/2822 2826/2826/2826
f 2821/2821/2821 2826/2826/2826 2825/2825/2825
f 2823/2823/2823 2824/2824/2824 2828/2828/2828
f 2823/2823/2823 2828/2828/2828 2827/2827/2827
f 2824/2824/2824 2825/2825/2825 2829/2829/2829
f 2824/2824/2824 2829/2829/2829 2828/2828/2828
f 2825/2825/2825 2826/2826/2826 2830/2830/2830
f 2825/2825/2825 2830/2830/2830 2829/2829/2829
f 2831/2831/2831 2832/2832/2832 2836/2836/2836
f 2831/2831/2831 2836/2836/2836 2835/2835/2835
f 2832/2832/2832 2833/2833/2833 2837/2837/2837
f 2832/2832/2832 2837/2837/2837 2836/2836/2836
f 2833/2833/2833 2834/2834/2834 2838/2838/2838
f 2833/2833/2833 2838/2838/2838 2837/2837/2837
f 2835/2835/2835 2836/2836/2836 2840/2840/2840
f 2835/2835/2835 2840/2840/2840 2839/2839/2839
f 2836/2836/2836 2837/2837/2837 2841/2841/2841
f 2836/2836/2836 2841/2841/2841 2840/2840/2840
f 2837/2837/2837 2838/2838/2838 2842/2842/2842
f 2837/2837/2837 2842/2842/2842 2841/2841/2841
f 2839/2839/2839 2840/2840/2840 2844/2844/2844
f 2839/2839/2839 2844/2844/2844 2843/2843/2843
f 2840/2840/2840 2841/2841/2841 2845/2845/2845
f 2840/2840/2840 2845/2845/2845 2844/2844/2844
f 2841/2841/2841 2842/2842/2842 2846/2846/2846
f 2841/2841/2841 2846/2846/2846 2845/2845/2845
f 2847/2847/2847 2848/2848/2848 2852/2852/2852
f 2847/2847/2847 2852/2852/2852 2851/2851/2851
f 2848/2848/2848 2849/2849/2849 2853/2853/2853
f 2848/2848/2848 2853/2853/2853 2852/2852/2852
f 2849/2849/2849 2850/2850/2850 2854/2854/2854
f 2849/2849/2849 2854/2854/2854 2853/2853/2853
f 2851/2851/2851 2852/2852/2852 2856/2856/2856
f 2851/2851/2851 2856/2856/2856 2855/2855/2855
f 2852/2852/2852 2853/2853/2853 2857/2857/2857
f 2852/2852/2852 2857/2857/2857 2856/2856/2856
f 2853/2853/2853 2854/2854/2854 2858/2858/2858
f 2853/2853/2853 2858/2858/2858 2857/2857/2857
f 2855/2855/2855 2856/2856/2856 2860/2860/2860
f 2855/2855/2855 2860/2860/2860 2859/2859/2859
f 2856/2856/2856 2857/2857/2857 2861/2861/2861
f 2856/2856/2856 2861/2861/2861 2860/2860/2860
f 2857/2857/2857 2858/2858/2858 2862/2862/2862
f 2857/2857/2857 2862/2862/2862 2861/2861/2861
f 2863/2863/2863 2864/2864/2864 2873/2873/2873
f 2863/2863/2863 2873/2873/2873 2872/2872/2872
f 2864/2864/2864 2865/2865/2865 2874/2874/2874
f 2864/2864/2864 2874/2874/2874 2873/2873/2873
f 2865/2865/2865 2866/2866/2866 2875/2875/2875
f 2865/2865/2865 2875/2875/2875 2874/2874/2874
f 2866/2866/2866 2867/2867/2867 2876/2876/2876
f 2866/2866/2866 2876/2876/2876 2875/2875/2875
f 2867/2867/2867 2868/2868/2868 2877/2877/2877
f 2867/2867/2867 2877/2877/2877 2876/2876/2876
f 2868/2868/2868 2869/2869/2869 2878/2878/2878
f 2868/2868/2868 2878/2878/2878 2877/2877/2877
f 2869/2869/2869 2870/2870/2870 2879/2879/2879
f 2869/2869/2869 2879/2879/2879 2878/2878/2878
f 2870/2870/2870 2871/2871/2871 2880/2880/2880
f 2870/2870/2870 2880/2880/2880 2879/2879/2879
f 2872/2872/2872 2873/2873/2873 2882/2882/2882
f 2872/2872/2872 2882/2882/2882 2881/2881/2881
f 2873/2873/2873 2874/2874/2874 2883/2883/2883
f 2873/2873/2873 2883/2883/2883 2882/2882/2882
f 2874/2874/2874 2875/2875/2875 2884/2884/2884
f 2874/2874/2874 2884/2884/2884 2883/2883/2883
f 2875/2875/2875 2876/2876/2876 2885/2885/2885
f 2875/2875/2875 2885/2885/2885 2884/2884/2884
f 2876/2876/2876 2877/2877/2877 2886/2886/2886
f 2876/2876/2876 2886/2886/2886 2885/2885/2885
f 2877/2877/2877 2878/2878/2878 2887/2887/2887
f 2877/2877/2877 2887/2887/2887 2886/2886/2886
f 2878/2878/2878 2879/2879/2879 2888/2888/2888
f 2878/2878/2878 2888/2888/2888 2887/2887/2887
f 2879/2879/2879 2880/2880/2880 2889/2889/2889
f 2879/2879/2879 2889/2889/2889 2888/2888/2888
f 2881/2881/2881 2882/2882/2882 2891/2891/2891
f 2881/2881/2881 2891/2891/2891 2890/2890/2890
f 2882/2882/2882 2883/2883/2883 2892/2892/2892
f 2882/2882/2882 2892/2892/2892 2891/2891/2891
f 2883/2883/2883 2884/2884/2884 2893/2893/2893
f 2883/2883/2883 2893/2893/2893 2892/2892/2892
f 2884/2884/2884 2885/2885/2885 2894/2894/2894
f 2884/2884/2884 2894/2894/2894 2893/2893/2893
f 2885/2885/2885 2886/2886/2886 2895/2895/2895
f 2885/2885/2885 2895/2895/2895 2894/2894/2894
f 2886/2886/2886 2887/2887/2887 2896/2896/2896
f 2886/2886/2886 2896/2896/2896 2895/2895/2895
f 2887/2887/2887 2888/2888/2888 2897/2897/2897
f 2887/2887/2887 2897/2897/2897 2896/2896/2896
f 2888/2888/2888 2889/2889/2889 2898/2898/2898
f 2888/2888/2888 2898/2898/2898 2897/2897/2897
f 2890/2890/2890 2891/2891/2891 2900/2900/2900
f 2890/2890/2890 2900/2900/2900 2899/2899/2899
f 2891/2891/2891 2892/2892/2892 2901/2901/2901
f 2891/2891/2891 2901/2901/2901 2900/2900/2900
f 2892/2892/2892 2893/2893/2893 2902/2902/2902
f 2892/2892/2892 2902/2902/2902 2901/2901/2901
f 2893/2893/2893 2894/2894/2894 2903/2903/2903
f 2893/2893/2893 2903/2903/2903 2902/2902/2902
f 2894/2894/2894 2895/2895/2895 2904/2904/2904
f 2894/2894/2894 2904/2904/2904 2903/2903/2903
f 2895/2895/2895 2896/2896/2896 2905/2905/2905
f 2895/2895/2895 2905/2905/2905 2904/2904/2904
f 2896/2896/2896 2897/2897/2897 2906/2906/2906
f 2896/2896/2896 2906/2906/2906 2905/2905/2905
f 2897/2897/2897 2898/2898/2898 2907/2907/2907
f 2897/2897/2897 2907/2907/2907 2906/2906/2906
f 2899/2899/2899 2900/2900/2900 2909/2909/2909
f 2899/2899/2899 2909/2909/2909 2908/2908/2908
f 2900/2900/2900 2901/2901/2901 2910/2910/2910
f 2900/2900/2900 2910/2910/2910 2909/2909/2909
f 2901/2901/2901 2902/2902/2902 2911/2911/2911
f 2901/2901/2901 2911/2911/2911 2910/2910/2910
f 2902/2902/2902 2903/2903/2903 2912/2912/2912
f 2902/2902/2902 2912/2912/2912 2911/2911/2911
f 2903/2903/2903 2904/2904/2904 2913/2913/2913
f 2903/2903/2903 2913/2913/2913 2912/2912/2912
f 2904/2904/2904 2905/2905/2905 2914/2914/2914
f 2904/2904/2904 2914/2914/2914 2913/2913/2913
f 2905/2905/2905 2906/2906/2906 2915/2915/2915
f 2905/2905/2905 2915/2915/2915 2914/2914/2914
f 2906/2906/2906 2907/2907/2907 2916/2916/2916
f 2906/2906/2906 2916/2916/2916 2915/2915/2915
f 2908/2908/2908 2909/2909/2909 2918/2918/2918
f 2908/2908/2908 2918/2918/2918 2917/2917/2917
f 2909/2909/2909 2910/2910/2910 2919/2919/2919
f 2909/2909/2909 2919/2919/2919 2918/2918/2918
f 2910/2910/2910 2911/2911/2911 2920/2920/2920
f 2910/2910/2910 2920/2920/2920 2919/2919/2919
f 2911/2911/2911 2912/2912/2912 2921/2921/2921
f 2911/2911/2911 2921/2921/2921 2920/2920/2920
f 2912/2912/2912 2913/2913/2913 2922/2922/2922
f 2912/2912/2912 2922/2922/2922 2921/2921/2921
f 2913/2913/2913 2914/2914/2914 2923/2923/2923
f 2913/2913/2913 2923/2923/2923 2922/2922/2922
f 2914/2914/2914 2915/2915/2915 2924/2924/2924
f 2914/2914/2914 2924/2924/2924 2923/2923/2923
f 2915/2915/2915 2916/2916/2916 2925/2925/2925
f 2915/2915/2915 2925/2925/2925 2924/2924/2924
f 2917/2917/2917 2918/2918/2918 2927/2927/2927
f 2917/2917/2917 2927/2927/2927 2926/2926/2926
f 2918/2918/2918 2919/2919/2919 2928/2928/2928
f 2918/2918/2918 2928/2928/2928 2927/2927/2927
f 2919/2919/2919 2920/2920/2920 2929/2929/2929
f 2919/2919/2919 2929/2929/2929 2928/2928/2928
f 2920/2920/2920 2921/2921/2921 2930/2930/2930
f 2920/2920/2920 2930/2930/2930 2929/2929/2929
f 2921/2921/2921 2922/2922/2922 2931/2931/2931
f 2921/2921/2921 2931/2931/2931 2930/2930/2930
f 2922/2922/2922 2923/2923/2923 2932/2932/2932
f 2922/2922/2922 2932/2932/2932 2931/2931/2931
f 2923/2923/2923 2924/2924/2924 2933/2933/2933
f 2923/2923/2923 2933/2933/2933 2932/2932/2932
f 2924/2924/2924 2925/2925/2925 2934/2934/2934
f 2924/2924/2924 2934/2934/2934 2933/2933/2933
f 2926/2926/2926 2927/2927/2927 2936/2936/2936
f 2926/2926/2926 2936/2936/2936 2935/2935/2935
f 2927/2927/2927 2928/2928/2928 2937/2937/2937
f 2927/2927/2927 2937/2937/2937 2936/2936/2936
f 2928/2928/2928 2929/2929/2929 2938/2938/2938
f 2928/2928/2928 2938/2938/2938 2937/2937/2937
f 2929/2929/2929 2930/2930/2930 2939/2939/2939
f 2929/2929/2929 2939/2939/2939 2938/2938/2938
f 2930/2930/2930 2931/2931/2931 2940/2940/2940
f 2930/2930/2930 2940/2940/2940 2939/2939/2939
f 2931/2931/2931 2932/2932/2932 2941/2941/2941
f 2931/2931/2931 2941/2941/2941 2940/2940/2940
f 2932/2932/2932 2933/2933/2933 2942/2942/2942
f 2932/2932/2932 2942/2942/2942 2941/2941/2941
f 2933/2933/2933 2934/2934/2934 2943/2943/2943
f 2933/2933/2933 2943/2943/2943 2942/2942/2942
f 2935/2935/2935 2936/2936/2936 2945/2945/2945
f 2935/2935/2935 2945/2945/2945 2944/2944/2944
f 2936/2936/2936 2937/2937/2937 2946/2946/2946
f 2936/2936/2936 2946/2946/2946 2945/2945/2945
f 2937/2937/2937 2938/2938/2938 2947/2947/2947
f 2937/2937/2937 2947/2947/2947 2946/2946/2946
f 2938/2938/2938 2939/2939/2939 2948/2948/2948
f 2938/2938/2938 2948/2948/2948 2947/2947/2947
f 2939/2939/2939 2940/2940/2940 2949/2949/2949
f 2939/2939/2939 2949/2949/2949 2948/2948/2948
f 2940/2940/2940 2941/2941/2941 2950/2950/2950
f 2940/2940/2940 2950/2950/2950 2949/2949/2949
f 2941/2941/2941 2942/2942/2942 2951/2951/2951
f 2941/2941/2941 2951/2951/2951 2950/2950/2950
f 2942/2942/2942 2943/2943/2943 2952/2952/2952
f 2942/2942/2942 2952/2952/2952 2951/2951/2951
f 2944/2944/2944 2945/2945/2945 2954/2954/2954
f 2944/2944/2944 2954/2954/2954 2953/2953/2953
f 2945/2945/2945 2946/2946/2946 2955/2955/2955
f 2945/2945/2945 2955/2955/2955 2954/2954/2954
f 2946/2946/2946 2947/2947/2947 2956/2956/2956
f 2946/2946/2946 2956/2956/2956 2955/2955/2955
f 2947/2947/2947 2948/2948/2948 2957/2957/2957
f 2947/2947/2947 2957/2957/2957 2956/2956/2956
f 2948/2948/2948 2949/2949/2949 2958/2958/2958
f 2948/2948/2948 2958/2958/2958 2957/2957/2957
f 2949/2949/2949 2950/2950/2950 2959/2959/2959
f 2949/2949/2949 2959/2959/2959 2958/2958/2958
f 2950/2950/2950 2951/2951/2951 2960/2960/2960
f 2950/2950/2950 2960/2960/2960 2959/2959/2959
f 2951/2951/2951 2952/2952/2952 2961/2961/2961
f 2951/2951/2951 2961/2961/2961 2960/2960/2960
f 2953/2953/2953 2954/2954/2954 2963/2963/2963
f 2953/2953/2953 2963/2963/2963 2962/2962/2962
f 2954/2954/2954 2955/2955/2955 2964/2964/2964
f 2954/2954/2954 2964/2964/2964 2963/2963/2963
f 2955/2955/2955 2956/2956/2956 2965/2965/2965
f 2955/2955/2955 2965/2965/2965 2964/2964/2964
f 2956/2956/2956 2957/2957/2957 2966/2966/2966
f 2956/2956/2956 2966/2966/2966 2965/2965/2965
f 2957/2957/2957 2958/2958/2958 2967/2967/2967
f 2957/2957/2957 2967/2967/2967 2966/2966/2966
f 2958/2958/2958 2959/2959/2959 2968/2968/2968
f 2958/2958/2958 2968/2968/2968 2967/2967/2967
f 2959/2959/2959 2960/2960/2960 2969/2969/2969
f 2959/2959/2959 2969/2969/2969 2968/2968/2968
f 2960/2960/2960 2961/2961/2961 2970/2970/2970
f 2960/2960/2960 2970/2970/2970 2969/2969/2969
f 2971/2971/2971 2973/2973/2973 2972/2972/2972
f 2971/2971/2971 2974/2974/2974 2973/2973/2973
f 2971/2971/2971 2975/2975/2975 2974/2974/2974
f 2971/2971/2971 2976/2976/2976 2975/2975/2975
f 2971/2971/2971 2977/2977/2977 2976/2976/2976
f 2971/2971/2971 2978/2978/2978 2977/2977/2977
f 2971/2971/2971 2979/2979/2979 2978/2978/2978
f 2971/2971/2971 2972/2972/2972 2979/2979/2979
f 2980/2980/2980 2981/2981/2981 2982/2982/2982
f 2980/2980/2980 2982/2982/2982 2983/2983/2983
f 2980/2980/2980 2983/2983/2983 2984/2984/2984
f 2980/2980/2980 2984/2984/2984 2985/2985/2985
f 2980/2980/2980 2985/2985/2985 2986/2986/2986
f 2980/2980/2980 2986/2986/2986 2987/2987/2987
f 2980/2980/2980 2987/2987/2987 2988/2988/2988
f 2980/2980/2980 2988/2988/2988 2981/2981/2981
f 2989/2989/2989 2990/2990/2990 2994/2994/2994
f 2989/2989/2989 2994/2994/2994 2993/2993/2993
f 2990/2990/2990 2991/2991/2991 2995/2995/2995
f 2990/2990/2990 2995/2995/2995 2994/2994/2994
f 2991/2991/2991 2992/2992/2992 2996/2996/2996
f 2991/2991/2991 2996/2996/2996 2995/2995/2995
f 2993/2993/2993 2994/2994/2994 2998/2998/2998
f 2993/2993/2993 2998/2998/2998 2997/2997/2997
f 2994/2994/2994 2995/2995/2995 2999/2999/2999
f 2994/2994/2994 2999/2999/2999 2998/2998/2998
f 2995/2995/2995 2996/2996/2996 3000/3000/3000
f 2995/2995/2995 3000/3000/3000 2999/2999/2999
f 2997/2997/2997 2998/2998/2998 3002/3002/3002
f 2997/2997/2997 3002/3002/3002 3001/3001/3001
f 2998/2998/2998 2999/2999/2999 3003/3003/3003
f 2998/2998/2998 3003/3003/3003 3002/3002/3002
f 2999/2999/2999 3000/3000/3000 3004/3004/3004
f 2999/2999/2999 3004/3004/3004 3003/3003/3003
f 3005/3005/3005 3006/3006/3006 3010/3010/3010
f 3005/3005/3005 3010/3010/3010 3009/3009/3009
f 3006/3006/3006 3007/3007/3007 3011/3011/3011
f 3006/3006/3006 3011/3011/3011 3010/3010/3010
f 3007/3007/3007 3008/3008/3008 3012/3012/3012
f 3007/3007/3007 3012/3012/3012 3011/3011/3011
f 3009/3009/3009 3010/3010/3010 3014/3014/3014
f 3009/3009/3009 3014/3014/3014 3013/3013/3013
f 3010/3010/3010 3011/3011/3011 3015/3015/3015
f 3010/3010/3010 3015/3015/3015 3014/3014/3014
f 3011/3011/3011 3012/3012/3012 3016/3016/3016
f 3011/3011/3011 3016/3016/3016 3015/3015/3015
f 3013/3013/3013 3014/3014/3014 3018/3018/3018
f 3013/3013/3013 3018/3018/3018 3017/3017/3017
f 3014/3014/3014 3015/3015/3015 3019/3019/3019
f 3014/3014/3014 3019/3019/3019 3018/3018/3018
f 3015/3015/3015 3016/3016/3016 3020/3020/3020
f 3015/3015/3015 3020/3020/3020 3019/3019/3019
f 3021/3021/3021 3022/3022/3022 3026/3026/3026
f 3021/3021/3021 3026/3026/3026 3025/3025/3025
f 3022/3022/3022 3023/3023/3023 3027/3027/3027
f 3022/3022/3022 3027/3027/3027 3026/3026/3026
f 3023/3023/3023 3024/3024/3024 3028/3028/3028
f 3023/3023/3023 3028/3028/3028 3027/3027/3027
f 3025/3025/3025 3026/3026/3026 3030/3030/3030
f 3025/3025/3025 3030/3030/3030 3029/3029/3029
f 3026/3026/3026 3027/3027/3027 3031/3031/3031
f 3026/3026/3026 3031/3031/3031 3030/3030/3030
f 3027/3027/3027 3028/3028/3028 3032/3032/3032
f 3027/3027/3027 3032/3032/3032 3031/3031/3031
f 3029/3029/3029 3030/3030/3030 3034/3034/3034
f 3029/3029/3029 3034/3034/3034 3033/3033/3033
f 3030/3030/3030 3031/3031/3031 3035/3035/3035
f 3030/3030/3030 3035/3035/3035 3034/3034/3034
f 3031/3031/3031 3032/3032/3032 3036/3036/3036
f 3031/3031/3031 3036/3036/3036 3035/3035/3035
f 3037/3037/3037 3038/3038/3038 3042/3042/3042
f 3037/3037/3037 3042/3042/3042 3041/3041/3041
f 3038/3038/3038 3039/3039/3039 3043/3043/3043
f 3038/3038/3038 3043/3043/3043 3042/3042/3042
f 3039/3039/3039 3040/3040/3040 3044/3044/3044
f 3039/3039/3039 3044/3044/3044 3043/3043/3043
f 3041/3041/3041 3042/3042/3042 3046/3046/3046
f 3041/3041/3041 3046/3046/3046 3045/3045/3045
f 3042/3042/3042 3043/3043/3043 3047/3047/3047
f 3042/3042/3042 3047/3047/3047 3046/3046/3046
f 3043/3043/3043 3044/3044/3044 3048/3048/3048
f 3043/3043/3043 3048/3048/3048 3047/3047/3047
f 3045/3045/3045 3046/3046/3046 3050/3050/3050
f 3045/3045/3045 3050/3050/3050 3049/3049/3049
f 3046/3046/3046 3047/3047/3047 3051/3051/3051
f 3046/3046/3046 3051/3051/3051 3050/3050/3050
f 3047/3047/3047 3048/3048/3048 3052/3052/3052
f 3047/3047/3047 3052/3052/3052 3051/3051/3051
f 3053/3053/3053 3054/3054/3054 3058/3058/3058
f 3053/3053/3053 3058/3058/3058 3057/3057/3057
f 3054/3054/3054 3055/3055/3055 3059/3059/3059
f 3054/3054/3054 3059/3059/3059 3058/3058/3058
f 3055/3055/3055 3056/3056/3056 3060/3060/3060
f 3055/3055/3055 3060/3060/3060 3059/3059/3059
f 3057/3057/3057 3058/3058/3058 3062/3062/3062
f 3057/3057/3057 3062/3062/3062 3061/3061/3061
f 3058/3058/3058 3059/3059/3059 3063/3063/3063
f 3058/3058/3058 3063/3063/3063 3062/3062/3062
f 3059/3059/3059 3060/3060/3060 3064/3064/3064
f 3059/3059/3059 3064/3064/3064 3063/3063/3063
f 3061/3061/3061 3062/3062/3062 3066/3066/3066
f 3061/3061/3061 3066/3066/3066 3065/3065/3065
f 3062/3062/3062 3063/3063/3063 3067/3067/3067
f 3062/3062/3062 3067/3067/3067 3066/3066/3066
f 3063/3063/3063 3064/3064/3064 3068/3068/3068
f 3063/3063/3063 3068/3068/3068 3067/3067/3067
f 3069/3069/3069 3070/3070/3070 3074/3074/3074
f 3069/3069/3069 3074/3074/3074 3073/3073/3073
f 3070/3070/3070 3071/3071/3071 3075/3075/3075
f 3070/3070/3070 3075/3075/3075 3074/3074/3074
f 3071/3071/3071 3072/3072/3072 3076/3076/3076
f 3071/3071/3071 3076/3076/3076 3075/3075/3075
f 3073/3073/3073 3074/3074/3074 3078/3078/3078
f 3073/3073/3073 3078/3078/3078 3077/3077/3077
f 3074/3074/3074 3075/3075/3075 3079/3079/3079
f 3074/3074/3074 3079/3079/3079 3078/3078/3078
f 3075/3075/3075 3076/3076/3076 3080/3080/3080
f 3075/3075/3075 3080/3080/3080 3079/3079/3079
f 3077/3077/3077 3078/3078/3078 3082/3082/3082
f 3077/3077/3077 3082/3082/3082 3081/3081/3081
f 3078/3078/3078 3079/3079/3079 3083/3083/3083
f 3078/3078/3078 3083/3083/3083 3082/3082/3082
f 3079/3079/3079 3080/3080/3080 3084/3084/3084
f 3079/3079/3079 3084/3084/3084 3083/3083/3083
f 3085/3085/3085 3086/3086/3086 3095/3095/3095
f 3085/3085/3085 3095/3095/3095 3094/3094/3094
f 3086/3086/3086 3087/3087/3087 3096/3096/3096
f 3086/3086/3086 3096/3096/3096 3095/3095/3095
f 3087/3087/3087 3088/3088/3088 3097/3097/3097
f 3087/3087/3087 3097/3097/3097 3096/3096/3096
f 3088/3088/3088 3089/3089/3089 3098/3098/3098
f 3088/3088/3088 3098/3098/3098 3097/3097/3097
f 3089/3089/3089 3090/3090/3090 3099/3099/3099
f 3089/3089/3089 3099/3099/3099 3098/3098/3098
f 3090/3090/3090 3091/3091/3091 3100/3100/3100
f 3090/3090/3090 3100/3100/3100 3099/3099/3099
f 3091/3091/3091 3092/3092/3092 3101/3101/3101
f 3091/3091/3091 3101/3101/3101 3100/3100/3100
f 3092/3092/3092 3093/3093/3093 3102/3102/3102
f 3092/3092/3092 3102/3102/3102 3101/3101/3101
f 3094/3094/3094 3095/3095/3095 3104/3104/3104
f 3094/3094/3094 3104/3104/3104 3103/3103/3103
f 3095/3095/3095 3096/3096/3096 3105/3105/3105
f 3095/3095/3095 3105/3105/3105 3104/3104/3104
f 3096/3096/3096 3097/3097/3097 3106/3106/3106
f 3096/3096/3096 3106/3106/3106 3105/3105/3105
f 3097/3097/3097 3098/3098/3098 3107/3107/3107
f 3097/3097/3097 3107/3107/3107 3106/3106/3106
f 3098/3098/3098 3099/3099/3099 3108/3108/3108
f 3098/3098/3098 3108/3108/3108 3107/3107/3107
f 3099/3099/3099 3100/3100/3100 3109/3109/3109
f 3099/3099/3099 3109/3109/3109 3108/3108/3108
f 3100/3100/3100 3101/3101/3101 3110/3110/3110
f 3100/3100/3100 3110/3110/3110 3109/3109/3109
f 3101/3101/3101 3102/3102/3102 3111/3111/3111
f 3101/3101/3101 3111/3111/3111 3110/3110/3110
f 3103/3103/3103 3104/3104/3104 3113/3113/3113
f 3103/3103/3103 3113/3113/3113 3112/3112/3112
f 3104/3104/3104 3105/3105/3105 3114/3114/3114
f 3104/3104/3104 3114/3114/3114 3113/3113/3113
f 3105/3105/3105 3106/3106/3106 3115/3115/3115
f 3105/3105/3105 3115/3115/3115 3114/3114/3114
f 3106/3106/3106 3107/3107/3107 3116/3116/3116
f 3106/3106/3106 3116/3116/3116 3115/3115/3115
f 3107/3107/3107 3108/3108/3108 3117/3117/3117
f 3107/3107/3107 3117/3117/3117 3116/3116/3116
f 3108/3108/3108 3109/3109/3109 3118/3118/3118
f 3108/3108/3108 3118/3118/3118 3117/3117/3117
f 3109/3109/3109 3110/3110/3110 3119/3119/3119
f 3109/3109/3109 3119/3119/3119 3118/3118/3118
f 3110/3110/3110 3111/3111/3111 3120/3120/3120
f 3110/3110/3110 3120/3120/3120 3119/3119/3119
f 3112/3112/3112 3113/3113/3113 3122/3122/3122
f 3112/3112/3112 3122/3122/3122 3121/3121/3121
f 3113/3113/3113 3114/3114/3114 3123/3123/3123
f 3113/3113/3113 3123/3123/3123 3122/3122/3122
f 3114/3114/3114 3115/3115/3115 3124/3124/3124
f 3114/3114/3114 3124/3124/3124 3123/3123/3123
f 3115/3115/3115 3116/3116/3116 3125/3125/3125
f 3115/3115/3115 3125/3125/3125 3124/3124/3124
f 3116/3116/3116 3117/3117/3117 3126/3126/3126
f 3116/3116/3116 3126/3126/3126 3125/3125/3125
f 3117/3117/3117 3118/3118/3118 3127/3127/3127
f 3117/3117/3117 3127/3127/3127 3126/3126/3126
f 3118/3118/3118 3119/3119/3119 3128/3128/3128
f 3118/3118/3118 3128/3128/3128 3127/3127/3127
f 3119/3119/3119 3120/3120/3120 3129/3129/3129
f 3119/3119/3119 3129/3129/3129 3128/3128/3128
f 3121/3121/3121 3122/3122/3122 3131/3131/3131
f 3121/3121/3121 3131/3131/3131 3130/3130/3130
f 3122/3122/3122 3123/3123/3123 3132/3132/3132
f 3122/3122/3122 3132/3132/3132 3131/3131/3131
f 3123/3123/3123 3124/3124/3124 3133/3133/3133
f 3123/3123/3123 3133/3133/3133 3132/3132/3132
f 3124/3124/3124 3125/3125/3125 3134/3134/3134
f 3124/3124/3124 3134/3134/3134 3133/3133/3133
f 3125/3125/3125 3126/3126/3126 3135/3135/3135
f 3125/3125/3125 3135/3135/3135 3134/3134/3134
f 3126/3126/3126 3127/3127/3127 3136/3136/3136
f 3126/3126/3126 3136/3136/3136 3135/3135/3135
f 3127/3127/3127 3128/3128/3128 3137/3137/3137
f 3127/3127/3127 3137/3137/3137 3136/3136/3136
f 3128/3128/3128 3129/3129/3129 3138/3138/3138
f 3128/3128/3128 3138/3138/3138 3137/3137/3137
f 3130/3130/3130 3131/3131/3131 3140/3140/3140
f 3130/3130/3130 3140/3140/3140 3139/3139/3139
f 3131/3131/3131 3132/3132/3132 3141/3141/3141
f 3131/3131/3131 3141/3141/3141 3140/3140/3140
f 3132/3132/3132 3133/3133/3133 3142/3142/3142
f 3132/3132/3132 3142/3142/3142 3141/3141/3141
f 3133/3133/3133 3134/3134/3134 3143/3143/3143
f 3133/3133/3133 3143/3143/3143 3142/3142/3142
f 3134/3134/3134 3135/3135/3135 3144/3144/3144
f 3134/3134/3134 3144/3144/3144 3143/3143/3143
f 3135/3135/3135 3136/3136/3136 3145/3145/3145
f 3135/3135/3135 3145/3145/3145 3144/3144/3144
f 3136/3136/3136 3137/3137/3137 3146/3146/3146
f 3136/3136/3136 3146/3146/3146 3145/3145/3145
f 3137/3137/3137 3138/3138/3138 3147/3147/3147
f 3137/3137/3137 3147/3147/3147 3146/3146/3146
f 3139/3139/3139 3140/3140/3140 3149/3149/3149
f 3139/3139/3139 3149/3149/3149 3148/3148/3148
f 3140/3140/3140 3141/3141/3141 3150/3150/3150
f 3140/3140/3140 3150/3150/3150 3149/3149/3149
f 3141/3141/3141 3142/3142/3142 3151/3151/3151
f 3141/3141/3141 3151/3151/3151 3150/3150/3150
f 3142/3142/3142 3143/3143/3143 3152/3152/3152
f 3142/3142/3142 3152/3152/3152 3151/3151/3151
f 3143/3143/3143 3144/3144/3144 3153/3153/3153
f 3143/3143/3143 3153/3153/3153 3152/3152/3152
f 3144/3144/3144 3145/3145/3145 3154/3154/3154
f 3144/3144/3144 3154/3154/3154 3153/3153/3153
f 3145/3145/3145 3146/3146/3146 3155/3155/3155
f 3145/3145/3145 3155/3155/3155 3154/3154/3154
f 3146/3146/3146 3147/3147/3147 3156/3156/3156
f 3146/3146/3146 3156/3156/3156 3155/3155/3155
f 3148/3148/3148 3149/3149/3149 3158/3158/3158
f 3148/3148/3148 3158/3158/3158 3157/3157/3157
f 3149/3149/3149 3150/3150/3150 3159/3159/3159
f 3149/3149/3149 3159/3159/3159 3158/3158/3158
f 3150/3150/3150 3151/3151/3151 3160/3160/3160
f 3150/3150/3150 3160/3160/3160 3159/3159/3159
f 3151/3151/3151 3152/3152/3152 3161/3161/3161
f 3151/3151/3151 3161/3161/3161 3160/3160/3160
f 3152/3152/3152 3153/3153/3153 3162/3162/3162
f 3152/3152/3152 3162/3162/3162 3161/3161/3161
f 3153/3153/3153 3154/3154/3154 3163/3163/3163
f 3153/3153/3153 3163/3163/3163 3162/3162/3162
f 3154/3154/3154 3155/3155/3155 3164/3164/3164
f 3154/3154/3154 3164/3164/3164 3163/3163/3163
f 3155/3155/3155 3156/3156/3156 3165/3165/3165
f 3155/3155/3155 3165/3165/3165 3164/3164/3164
f 3157/3157/3157 3158/3158/3158 3167/3167/3167
f 3157/3157/3157 3167/3167/3167 3166/3166/3166
f 3158/3158/3158 3159/3159/3159 3168/3168/3168
f 3158/3158/3158 3168/3168/3168 3167/3167/3167
f 3159/3159/3159 3160/3160/3160 3169/3169/3169
f 3159/3159/3159 3169/3169/3169 3168/3168/3168
f 3160/3160/3160 3161/3161/3161 3170/3170/3170
f 3160/3160/3160 3170/3170/3170 3169/3169/3169
f 3161/3161/3161 3162/3162/3162 3171/3171/3171
f 3161/3161/3161 3171/3171/3171 3170/3170/3170
f 3162/3162/3162 3163/3163/3163 3172/3172/3172
f 3162/3162/3162 3172/3172/3172 3171/3171/3171
f 3163/3163/3163 3164/3164/3164 3173/3173/3173
f 3163/3163/3163 3173/3173/3173 3172/3172/3172
f 3164/3164/3164 3165/3165/3165 3174/3174/3174
f 3164/3164/3164 3174/3174/3174 3173/3173/3173
f 3166/3166/3166 3167/3167/3167 3176/3176/3176
f 3166/3166/3166 3176/3176/3176 3175/3175/3175
f 3167/3167/3167 3168/3168/3168 3177/3177/3177
f 3167/3167/3167 3177/3177/3177 3176/3176/3176
f 3168/3168/3168 3169/3169/3169 3178/3178/3178
f 3168/3168/3168 3178/3178/3178 3177/3177/3177
f 3169/3169/3169 3170/3170/3170 3179/3179/3179
f 3169/3169/3169 3179/3179/3179 3178/3178/3178
f 3170/3170/3170 3171/3171/3171 3180/3180/3180
f 3170/3170/3170 3180/3180/3180 3179/3179/3179
f 3171/3171/3171 3172/3172/3172 3181/3181/3181
f 3171/3171/3171 3181/3181/3181 3180/3180/3180
f 3172/3172/3172 3173/3173/3173 3182/3182/3182
f 3172/3172/3172 3182/3182/3182 3181/3181/3181
f 3173/3173/3173 3174/3174/3174 3183/3183/3183
f 3173/3173/3173 3183/3183/3183 3182/3182/3182
f 3175/3175/3175 3176/3176/3176 3185/3185/3185
f 3175/3175/3175 3185/3185/3185 3184/3184/3184
f 3176/3176/3176 3177/3177/3177 3186/3186/3186
f 3176/3176/3176 3186/3186/3186 3185/3185/3185
f 3177/3177/3177 3178/3178/3178 3187/3187/3187
f 3177/3177/3177 3187/3187/3187 3186/3186/3186
f 3178/3178/3178 3179/3179/3179 3188/3188/3188
f 3178/3178/3178 3188/3188/3188 3187/3187/3187
f 3179/3179/3179 3180/3180/3180 3189/3189/3189
f 3179/3179/3179 3189/3189/3189 3188/3188/3188
f 3180/3180/3180 3181/3181/3181 3190/3190/3190
f 3180/3180/3180 3190/3190/3190 3189/3189/3189
f 3181/3181/3181 3182/3182/3182 3191/3191/3191
f 3181/3181/3181 3191/3191/3191 3190/3190/3190
f 3182/3182/3182 3183/3183/3183 3192/3192/3192
f 3182/3182/3182 3192/3192/3192 3191/3191/3191
f 3193/3193/3193 3195/3195/3195 3194/3194/3194
f 3193/3193/3193 3196/3196/3196 3195/3195/3195
f 3193/3193/3193 3197/3197/3197 3196/3196/3196
f 3193/3193/3193 3198/3198/3198 3197/3197/3197
f 3193/3193/3193 3199/3199/3199 3198/3198/3198
f 3193/3193/3193 3200/3200/3200 3199/3199/3199
f 3193/3193/3193 3201/3201/3201 3200/3200/3200
f 3193/3193/3193 3194/3194/3194 3201/3201/3201
f 3202/3202/3202 3203/3203/3203 3204/3204/3204
f 3202/3202/3202 3204/3204/3204 3205/3205/3205
f 3202/3202/3202 3205/3205/3205 3206/3206/3206
f 3202/3202/3202 3206/3206/3206 3207/3207/3207
f 3202/3202/3202 3207/3207/3207 3208/3208/3208
f 3202/3202/3202 3208/3208/3208 3209/3209/3209
f 3202/3202/3202 3209/3209/3209 3210/3210/3210
f 3202/3202/3202 3210/3210/3210 3203/3203/3203
f 3211/3211/3211 3212/3212/3212 3216/3216/3216
f 3211/3211/3211 3216/3216/3216 3215/3215/3215
f 3212/3212/3212 3213/3213/3213 3217/3217/3217
f 3212/3212/3212 3217/3217/3217 3216/3216/3216
f 3213/3213/3213 3214/3214/3214 3218/3218/3218
f 3213/3213/3213 3218/3218/3218 3217/3217/3217
f 3215/3215/3215 3216/3216/3216 3220/3220/3220
f 3215/3215/3215 3220/3220/3220 3219/3219/3219
f 3216/3216/3216 3217/3217/3217 3221/3221/3221
f 3216/3216/3216 3221/3221/3221 3220/3220/3220
f 3217/3217/3217 3218/3218/3218 3222/3222/3222
f 3217/3217/3217 3222/3222/3222 3221/3221/3221
f 3219/3219/3219 3220/3220/3220 3224/3224/3224
f 3219/3219/3219 3224/3224/3224 3223/3223/3223
f 3220/3220/3220 3221/3221/3221 3225/3225/3225
f 3220/3220/3220 3225/3225/3225 3224/3224/3224
f 3221/3221/3221 3222/3222/3222 3226/3226/3226
f 3221/3221/3221 3226/3226/3226 3225/3225/3225
f 3227/3227/3227 3228/3228/3228 3232/3232/3232
f 3227/3227/3227 3232/3232/3232 3231/3231/3231
f 3228/3228/3228 3229/3229/3229 3233/3233/3233
f 3228/3228/3228 3233/3233/3233 3232/3232/3232
f 3229/3229/3229 3230/3230/3230 3234/3234/3234
f 3229/3229/3229 3234/3234/3234 3233/3233/3233
f 3231/3231/3231 3232/3232/3232 3236/3236/3236
f 3231/3231/3231 3236/3236/3236 3235/3235/3235
f 3232/3232/3232 3233/3233/3233 3237/3237/3237
f 3232/3232/3232 3237/3237/3237 3236/3236/3236
f 3233/3233/3233 3234/3234/3234 3238/3238/3238
f 3233/3233/3233 3238/3238/3238 3237/3237/3237
f 3235/3235/3235 3236/3236/3236 3240/3240/3240
f 3235/3235/3235 3240/3240/3240 3239/3239/3239
f 3236/3236/3236 3237/3237/3237 3241/3241/3241
f 3236/3236/3236 3241/3241/3241 3240/3240/3240
f 3237/3237/3237 3238/3238/3238 3242/3242/3242
f 3237/3237/3237 3242/3242/3242 3241/3241/3241
f 3243/3243/3243 3244/3244/3244 3248/3248/3248
f 3243/3243/3243 3248/3248/3248 3247/3247/3247
f 3244/3244/3244 3245/3245/3245 3249/3249/3249
f 3244/3244/3244 3249/3249/3249 3248/3248/3248
f 3245/3245/3245 3246/3246/3246 3250/3250/3250
f 3245/3245/3245 3250/3250/3250 3249/3249/3249
f 3247/3247/3247 3248/3248/3248 3252/3252/3252
f 3247/3247/3247 3252/3252/3252 3251/3251/3251
f 3248/3248/3248 3249/3249/3249 3253/3253/3253
f 3248/3248/3248 3253/3253/3253 3252/3252/3252
f 3249/3249/3249 3250/3250/3250 3254/3254/3254
f 3249/3249/3249 3254/3254/3254 3253/3253/3253
f 3251/3251/3251 3252/3252/3252 3256/3256/3256
f 3251/3251/3251 3256/3256/3256 3255/3255/3255
f 3252/3252/3252 3253/3253/3253 3257/3257/3257
f 3252/3252/3252 3257/3257/3257 3256/3256/3256
f 3253/3253/3253 3254/3254/3254 3258/3258/3258
f 3253/3253/3253 3258/3258/3258 3257/3257/3257
f 3259/3259/3259 3260/3260/3260 3264/3264/3264
f 3259/3259/3259 3264/3264/3264 3263/3263/3263
f 3260/3260/3260 3261/3261/3261 3265/3265/3265
f 3260/3260/3260 3265/3265/3265 3264/3264/3264
f 3261/3261/3261 3262/3262/3262 3266/3266/3266
f 3261/3261/3261 3266/3266/3266 3265/3265/3265
f 3263/3263/3263 3264/3264/3264 3268/3268/3268
f 3263/3263/3263 3268/3268/3268 3267/3267/3267
f 3264/3264/3264 3265/3265/3265 3269/3269/3269
f 3264/3264/3264 3269/3269/3269 3268/3268/3268
f 3265/3265/3265 3266/3266/3266 3270/3270/3270
f 3265/3265/3265 3270/3270/3270 3269/3269/3269
f 3267/3267/3267 3268/3268/3268 3272/3272/3272
f 3267/3267/3267 3272/3272/3272 3271/3271/3271
f 3268/3268/3268 3269/3269/3269 3273/3273/3273
f 3268/3268/3268 3273/3273/3273 3272/3272/3272
f 3269/3269/3269 3270/3270/3270 3274/3274/3274
f 3269/3269/3269 3274/3274/3274 3273/3273/3273
f 3275/3275/3275 3276/3276/3276 3280/3280/3280
f 3275/3275/3275 3280/3280/3280 3279/3279/3279
f 3276/3276/3276 3277/3277/3277 3281/3281/3281
f 3276/3276/3276 3281/3281/3281 3280/3280/3280
f 3277/3277/3277 3278/3278/3278 3282/3282/3282
f 3277/3277/3277 3282/3282/3282 3281/3281/3281
f 3279/3279/3279 3280/3280/3280 3284/3284/3284
f 3279/3279/3279 3284/3284/3284 3283/3283/3283
f 3280/3280/3280 3281/3281/3281 3285/3285/3285
f 3280/3280/3280 3285/3285/3285 3284/3284/3284
f 3281/3281/3281 3282/3282/3282 3286/3286/3286
f 3281/3281/3281 3286/3286/3286 3285/3285/3285
f 3283/3283/3283 3284/3284/3284 3288/3288/3288
f 3283/3283/3283 3288/3288/3288 3287/3287/3287
f 3284/3284/3284 3285/3285/3285 3289/3289/3289
f 3284/3284/3284 3289/3289/3289 3288/3288/3288
f 3285/3285/3285 3286/3286/3286 3290/3290/3290
f 3285/3285/3285 3290/3290/3290 3289/3289/3289
f 3291/3291/3291 3292/3292/3292 3296/3296/3296
f 3291/3291/3291 3296/3296/3296 3295/3295/3295
f 3292/3292/3292 3293/3293/3293 3297/3297/3297
f 3292/3292/3292 3297/3297/3297 3296/3296/3296
f 3293/3293/3293 3294/3294/3294 3298/3298/3298
f 3293/3293/3293 3298/3298/3298 3297/3297/3297
f 3295/3295/3295 3296/3296/3296 3300/3300/3300
f 3295/3295/3295 3300/3300/3300 3299/3299/3299
f 3296/3296/3296 3297/3297/3297 3301/3301/3301
f 3296/3296/3296 3301/3301/3301 3300/3300/3300
f 3297/3297/3297 3298/3298/3298 3302/3302/3302
f 3297/3297/3297 3302/3302/3302 3301/3301/3301
f 3299/3299/3299 3300/3300/3300 3304/3304/3304
f 3299/3299/3299 3304/3304/3304 3303/3303/3303
f 3300/3300/3300 3301/3301/3301 3305/3305/3305
f 3300/3300/3300 3305/3305/3305 3304/3304/3304
f 3301/3301/3301 3302/3302/3302 3306/3306/3306
f 3301/3301/3301 3306/3306/3306 3305/3305/3305
f 3307/3307/3307 3308/3308/3308 3317/3317/3317
f 3307/3307/3307 3317/3317/3317 3316/3316/3316
f 3308/3308/3308 3309/3309/3309 3318/3318/3318
f 3308/3308/3308 3318/3318/3318 3317/3317/3317
f 3309/3309/3309 3310/3310/3310 3319/3319/3319
f 3309/3309/3309 3319/3319/3319 3318/3318/3318
f 3310/3310/3310 3311/3311/3311 3320/3320/3320
f 3310/3310/3310 3320/3320/3320 3319/3319/3319
f 3311/3311/3311 3312/3312/3312 3321/3321/3321
f 3311/3311/3311 3321/3321/3321 3320/3320/3320
f 3312/3312/3312 3313/3313/3313 3322/3322/3322
f 3312/3312/3312 3322/3322/3322 3321/3321/3321
f 3313/3313/3313 3314/3314/3314 3323/3323/3323
f 3313/3313/3313 3323/3323/3323 3322/3322/3322
f 3314/3314/3314 3315/3315/3315 3324/3324/3324
f 3314/3314/3314 3324/3324/3324 3323/3323/3323
f 3316/3316/3316 3317/3317/3317 3326/3326/3326
f 3316/3316/3316 3326/3326/3326 3325/3325/3325
f 3317/3317/3317 3318/3318/3318 3327/3327/3327
f 3317/3317/3317 3327/3327/3327 3326/3326/3326
f 3318/3318/3318 3319/3319/3319 3328/3328/3328
f 3318/3318/3318 3328/3328/3328 3327/3327/3327
f 3319/3319/3319 3320/3320/3320 3329/3329/3329
f 3319/3319/3319 3329/3329/3329 3328/3328/3328
f 3320/3320/3320 3321/3321/3321 3330/3330/3330
f 3320/3320/3320 3330/3330/3330 3329/3329/3329
f 3321/3321/3321 3322/3322/3322 3331/3331/3331
f 3321/3321/3321 3331/3331/3331 3330/3330/3330
f 3322/3322/3322 3323/3323/3323 3332/3332/3332
f 3322/3322/3322 3332/3332/3332 3331/3331/3331
f 3323/3323/3323 3324/3324/3324 3333/3333/3333
f 3323/3323/3323 3333/3333/3333 3332/3332/3332
f 3325/3325/3325 3326/3326/3326 3335/3335/3335
f 3325/3325/3325 3335/3335/3335 3334/3334/3334
f 3326/3326/3326 3327/3327/3327 3336/3336/3336
f 3326/3326/3326 3336/3336/3336 3335/3335/3335
f 3327/3327/3327 3328/3328/3328 3337/3337/3337
f 3327/3327/3327 3337/3337/3337 3336/3336/3336
f 3328/3328/3328 3329/3329/3329 3338/3338/3338
f 3328/3328/3328 3338/3338/3338 3337/3337/3337
f 3329/3329/3329 3330/3330/3330 3339/3339/3339
f 3329/3329/3329 3339/3339/3339 3338/3338/3338
f 3330/3330/3330 3331/3331/3331 3340/3340/3340
f 3330/3330/3330 3340/3340/3340 3339/3339/3339
f 3331/3331/3331 3332/3332/3332 3341/3341/3341
f 3331/3331/3331 3341/3341/3341 3340/3340/3340
f 3332/3332/3332 3333/3333/3333 3342/3342/3342
f 3332/3332/3332 3342/3342/3342 3341/3341/3341
f 3334/3334/3334 3335/3335/3335 3344/3344/3344
f 3334/3334/3334 3344/3344/3344 3343/3343/3343
f 3335/3335/3335 3336/3336/3336 3345/3345/3345
f 3335/3335/3335 3345/3345/3345 3344/3344/3344
f 3336/3336/3336 3337/3337/3337 3346/3346/3346
f 3336/3336/3336 3346/3346/3346 3345/3345/3345
f 3337/3337/3337 3338/3338/3338 3347/3347/3347
f 3337/3337/3337 3347/3347/3347 3346/3346/3346
f 3338/3338/3338 3339/3339/3339 3348/3348/3348
f 3338/3338/3338 3348/3348/3348 3347/3347/3347
f 3339/3339/3339 3340/3340/3340 3349/3349/3349
f 3339/3339/3339 3349/3349/3349 3348/3348/3348
f 3340/3340/3340 3341/3341/3341 3350/3350/3350
f 3340/3340/3340 3350/3350/3350 3349/3349/3349
f 3341/3341/3341 3342/3342/3342 3351/3351/3351
f 3341/3341/3341 3351/3351/3351 3350/3350/3350
f 3343/3343/3343 3344/3344/3344 3353/3353/3353
f 3343/3343/3343 3353/3353/3353 3352/3352/3352
f 3344/3344/3344 3345/3345/3345 3354/3354/3354
f 3344/3344/3344 3354/3354/3354 3353/3353/3353
f 3345/3345/3345 3346/3346/3346 3355/3355/3355
f 3345/3345/3345 3355/3355/3355 3354/3354/3354
f 3346/3346/3346 3347/3347/3347 3356/3356/3356
f 3346/3346/3346 3356/3356/3356 3355/3355/3355
f 3347/3347/3347 3348/3348/3348 3357/3357/3357
f 3347/3347/3347 3357/3357/3357 3356/3356/3356
f 3348/3348/3348 3349/3349/3349 3358/3358/3358
f 3348/3348/3348 3358/3358/3358 3357/3357/3357
f 3349/3349/3349 3350/3350/3350 3359/3359/3359
f 3349/3349/3349 3359/3359/3359 3358/3358/3358
f 3350/3350/3350 3351/3351/3351 3360/3360/3360
f 3350/3350/3350 3360/3360/3360 3359/3359/3359
f 3352/3352/3352 3353/3353/3353 3362/3362/3362
f 3352/3352/3352 3362/3362/3362 3361/3361/3361
f 3353/3353/3353 3354/3354/3354 3363/3363/3363
f 3353/3353/3353 3363/3363/3363 3362/3362/3362
f 3354/3354/3354 3355/3355/3355 3364/3364/3364
f 3354/3354/3354 3364/3364/3364 3363/3363/3363
f 3355/3355/3355 3356/3356/3356 3365/3365/3365
f 3355/3355/3355 3365/3365/3365 3364/3364/3364
f 3356/3356/3356 3357/3357/3357 3366/3366/3366
f 3356/3356/3356 3366/3366/3366 3365/3365/3365
f 3357/3357/3357 3358/3358/3358 3367/3367/3367
f 3357/3357/3357 3367/3367/3367 3366/3366/3366
f 3358/3358/3358 3359/3359/3359 3368/3368/3368
f 3358/3358/3358 3368/3368/3368 3367/3367/3367
f 3359/3359/3359 3360/3360/3360 3369/3369/3369
f 3359/3359/3359 3369/3369/3369 3368/3368/3368
f 3361/3361/3361 3362/3362/3362 3371/3371/3371
f 3361/3361/3361 3371/3371/3371 3370/3370/3370
f 3362/3362/3362 3363/3363/3363 3372/3372/3372
f 3362/3362/3362 3372/3372/3372 3371/3371/3371
f 3363/3363/3363 3364/3364/3364 3373/3373/3373
f 3363/3363/3363 3373/3373/3373 3372/3372/3372
f 3364/3364/3364 3365/3365/3365 3374/3374/3374
f 3364/3364/3364 3374/3374/3374 3373/3373/3373
f 3365/3365/3365 3366/3366/3366 3375/3375/3375
f 3365/3365/3365 3375/3375/3375 3374/3374/3374
f 3366/3366/3366 3367/3367/3367 3376/3376/3376
f 3366/3366/3366 3376/3376/3376 3375/3375/3375
f 3367/3367/3367 3368/3368/3368 3377/3377/3377
f 3367/3367/3367 3377/3377/3377 3376/3376/3376
f 3368/3368/3368 3369/3369/3369 3378/3378/3378
f 3368/3368/3368 3378/3378/3378 3377/3377/3377
f 3370/3370/3370 3371/3371/3371 3380/3380/3380
f 3370/3370/3370 3380/3380/3380 3379/3379/3379
f 3371/3371/3371 3372/3372/3372 3381/3381/3381
f 3371/3371/3371 3381/3381/3381 3380/3380/3380
f 3372/3372/3372 3373/3373/3373 3382/3382/3382
f 3372/3372/3372 3382/3382/3382 3381/3381/3381
f 3373/3373/3373 3374/3374/3374 3383/3383/3383
f 3373/3373/3373 3383/3383/3383 3382/3382/3382
f 3374/3374/3374 3375/3375/3375 3384/3384/3384
f 3374/3374/3374 3384/3384/3384 3383/3383/3383
f 3375/3375/3375 3376/3376/3376 3385/3385/3385
f 3375/3375/3375 3385/3385/3385 3384/3384/3384
f 3376/3376/3376 3377/3377/3377 3386/3386/3386
f 3376/3376/3376 3386/3386/3386 3385/3385/3385
f 3377/3377/3377 3378/3378/3378 3387/3387/3387
f 3377/3377/3377 3387/3387/3387 3386/3386/3386
f 3379/3379/3379 3380/3380/3380 3389/3389/3389
f 3379/3379/3379 3389/3389/3389 3388/3388/3388
f 3380/3380/3380 3381/3381/3381 3390/3390/3390
f 3380/3380/3380 3390/3390/3390 3389/3389/3389
f 3381/3381/3381 3382/3382/3382 3391/3391/3391
f 3381/3381/3381 3391/3391/3391 3390/3390/3390
f 3382/3382/3382 3383/3383/3383 3392/3392/3392
f 3382/3382/3382 3392/3392/3392 3391/3391/3391
f 3383/3383/3383 3384/3384/3384 3393/3393/3393
f 3383/3383/3383 3393/3393/3393 3392/3392/3392
f 3384/3384/3384 3385/3385/3385 3394/3394/3394
f 3384/3384/3384 3394/3394/3394 3393/3393/3393
f 3385/3385/3385 3386/3386/3386 3395/3395/3395
f 3385/3385/3385 3395/3395/3395 3394/3394/3394
f 3386/3386/3386 3387/3387/3387 3396/3396/3396
f 3386/3386/3386 3396/3396/3396 3395/3395/3395
f 3388/3388/3388 3389/3389/3389 3398/3398/3398
f 3388/3388/3388 3398/3398/3398 3397/3397/3397
f 3389/3389/3389 3390/3390/3390 3399/3399/3399
f 3389/3389/3389 3399/3399/3399 3398/3398/3398
f 3390/3390/3390 3391/3391/3391 3400/3400/3400
f 3390/3390/3390 3400/3400/3400 3399/3399/3399
f 3391/3391/3391 3392/3392/3392 3401/3401/3401
f 3391/3391/3391 3401/3401/3401 3400/3400/3400
f 3392/3392/3392 3393/3393/3393 3402/3402/3402
f 3392/3392/3392 3402/3402/3402 3401/3401/3401
f 3393/3393/3393 3394/3394/3394 3403/3403/3403
f 3393/3393/3393 3403/3403/3403 3402/3402/3402
f 3394/3394/3394 3395/3395/3395 3404/3404/3404
f 3394/3394/3394 3404/3404/3404 3403/3403/3403
f 3395/3395/3395 3396/3396/3396 3405/3405/3405
f 3395/3395/3395 3405/3405/3405 3404/3404/3404
f 3397/3397/3397 3398/3398/3398 3407/3407/3407
f 3397/3397/3397 3407/3407/3407 3406/3406/3406
f 3398/3398/3398 3399/3399/3399 3408/3408/3408
f 3398/3398/3398 3408/3408/3408 3407/3407/3407
f 3399/3399/3399 3400/3400/3400 3409/3409/3409
f 3399/3399/3399 3409/3409/3409 3408/3408/3408
f 3400/3400/3400 3401/3401/3401 3410/3410/3410
f 3400/3400/3400 3410/3410/3410 3409/3409/3409
f 3401/3401/3401 3402/3402/3402 3411/3411/3411
f 3401/3401/3401 3411/3411/3411 3410/3410/3410
f 3402/3402/3402 3403/3403/3403 3412/3412/3412
f 3402/3402/3402 3412/3412/3412 3411/3411/3411
f 3403/3403/3403 3404/3404/3404 3413/3413/3413
f 3403/3403/3403 3413/3413/3413 3412/3412/3412
f 3404/3404/3404 3405/3405/3405 3414/3414/3414
f 3404/3404/3404 3414/3414/3414 3413/3413/3413
f 3415/3415/3415 3417/3417/3417 3416/3416/3416
f 3415/3415/3415 3418/3418/3418 3417/3417/3417
f 3415/3415/3415 3419/3419/3419 3418/3418/3418
f 3415/3415/3415 3420/3420/3420 3419/3419/3419
f 3415/3415/3415 3421/3421/3421 3420/3420/3420
f 3415/3415/3415 3422/3422/3422 3421/3421/3421
f 3415/3415/3415 3423/3423/3423 3422/3422/3422
f 3415/3415/3415 3416/3416/3416 3423/3423/3423
f 3424/3424/3424 3425/3425/3425 3426/3426/3426
f 3424/3424/3424 3426/3426/3426 3427/3427/3427
f 3424/3424/3424 3427/3427/3427 3428/3428/3428
f 3424/3424/3424 3428/3428/3428 3429/3429/3429
f 3424/3424/3424 3429/3429/3429 3430/3430/3430
f 3424/3424/3424 3430/3430/3430 3431/3431/3431
f 3424/3424/3424 3431/3431/3431 3432/3432/3432
f 3424/3424/3424 3432/3432/3432 3425/3425/3425
f 3433/3433/3433 3434/3434/3434 3438/3438/3438
f 3433/3433/3433 3438/3438/3438 3437/3437/3437
f 3434/3434/3434 3435/3435/3435 3439/3439/3439
f 3434/3434/3434 3439/3439/3439 3438/3438/3438
f 3435/3435/3435 3436/3436/3436 3440/3440/3440
f 3435/3435/3435 3440/3440/3440 3439/3439/3439
f 3437/3437/3437 3438/3438/3438 3442/3442/3442
f 3437/3437/3437 3442/3442/3442 3441/3441/3441
f 3438/3438/3438 3439/3439/3439 3443/3443/3443
f 3438/3438/3438 3443/3443/3443 3442/3442/3442
f 3439/3439/3439 3440/3440/3440 3444/3444/3444
f 3439/3439/3439 3444/3444/3444 3443/3443/3443
f 3441/3441/3441 3442/3442/3442 3446/3446/3446
f 3441/3441/3441 3446/3446/3446 3445/3445/3445
f 3442/3442/3442 3443/3443/3443 3447/3447/3447
f 3442/3442/3442 3447/3447/3447 3446/3446/3446
f 3443/3443/3443 3444/3444/3444 3448/3448/3448
f 3443/3443/3443 3448/3448/3448 3447/3447/3447
f 3449/3449/3449 3450/3450/3450 3454/3454/3454
f 3449/3449/3449 3454/3454/3454 3453/3453/3453
f 3450/3450/3450 3451/3451/3451 3455/3455/3455
f 3450/3450/3450 3455/3455/3455 3454/3454/3454
f 3451/3451/3451 3452/3452/3452 3456/3456/3456
f 3451/3451/3451 3456/3456/3456 3455/3455/3455
f 3453/3453/3453 3454/3454/3454 3458/3458/3458
f 3453/3453/3453 3458/3458/3458 3457/3457/3457
f 3454/3454/3454 3455/3455/3455 3459/3459/3459
f 3454/3454/3454 3459/3459/3459 3458/3458/3458
f 3455/3455/3455 3456/3456/3456 3460/3460/3460
f 3455/3455/3455 3460/3460/3460 3459/3459/3459
f 3457/3457/3457 3458/3458/3458 3462/3462/3462
f 3457/3457/3457 3462/3462/3462 3461/3461/3461
f 3458/3458/3458 3459/3459/3459 3463/3463/3463
f 3458/3458/3458 3463/3463/3463 3462/3462/3462
f 3459/3459/3459 3460/3460/3460 3464/3464/3464
f 3459/3459/3459 3464/3464/3464 3463/3463/3463
f 3465/3465/3465 3466/3466/3466 3470/3470/3470
f 3465/3465/3465 3470/3470/3470 3469/3469/3469
f 3466/3466/3466 3467/3467/3467 3471/3471/3471
f 3466/3466/3466 3471/3471/3471 3470/3470/3470
f 3467/3467/3467 3468/3468/3468 3472/3472/3472
f 3467/3467/3467 3472/3472/3472 3471/3471/3471
f 3469/3469/3469 3470/3470/3470 3474/3474/3474
f 3469/3469/3469 3474/3474/3474 3473/3473/3473
f 3470/3470/3470 3471/3471/3471 3475/3475/3475
f 3470/3470/3470 3475/3475/3475 3474/3474/3474
f 3471/3471/3471 3472/3472/3472 3476/3476/3476
f 3471/3471/3471 3476/3476/3476 3475/3475/3475
f 3473/3473/3473 3474/3474/3474 3478/3478/3478
f 3473/3473/3473 3478/3478/3478 3477/3477/3477
f 3474/3474/3474 3475/3475/3475 3479/3479/3479
f 3474/3474/3474 3479/3479/3479 3478/3478/3478
f 3475/3475/3475 3476/3476/3476 3480/3480/3480
f 3475/3475/3475 3480/3480/3480 3479/3479/3479
f 3481/3481/3481 3482/3482/3482 3486/3486/3486
f 3481/3481/3481 3486/3486/3486 3485/3485/3485
f 3482/3482/3482 3483/3483/3483 3487/3487/3487
f 3482/3482/3482 3487/3487/3487 3486/3486/3486
f 3483/3483/3483 3484/3484/3484 3488/3488/3488
f 3483/3483/3483 3488/3488/3488 3487/3487/3487
f 3485/3485/3485 3486/3486/3486 3490/3490/3490
f 3485/3485/3485 3490/3490/3490 3489/3489/3489
f 3486/3486/3486 3487/3487/3487 3491/3491/3491
f 3486/3486/3486 3491/3491/3491 3490/3490/3490
f 3487/3487/3487 3488/3488/3488 3492/3492/3492
f 3487/3487/3487 3492/3492/3492 3491/3491/3491
f 3489/3489/3489 3490/3490/3490 3494/3494/3494
f 3489/3489/3489 3494/3494/3494 3493/3493/3493
f 3490/3490/3490 3491/3491/3491 3495/3495/3495
f 3490/3490/3490 3495/3495/3495 3494/3494/3494
f 3491/3491/3491 3492/3492/3492 3496/3496/3496
f 3491/3491/3491 3496/3496/3496 3495/3495/3495
f 3497/3497/3497 3498/3498/3498 3502/3502/3502
f 3497/3497/3497 3502/3502/3502 3501/3501/3501
f 3498/3498/3498 3499/3499/3499 3503/3503/3503
f 3498/3498/3498 3503/3503/3503 3502/3502/3502
f 3499/3499/3499 3500/3500/3500 3504/3504/3504
f 3499/3499/3499 3504/3504/3504 3503/3503/3503
f 3501/3501/3501 3502/3502/3502 3506/3506/3506
f 3501/3501/3501 3506/3506/3506 3505/3505/3505
f 3502/3502/3502 3503/3503/3503 3507/3507/3507
f 3502/3502/3502 3507/3507/3507 3506/3506/3506
f 3503/3503/3503 3504/3504/3504 3508/3508/3508
f 3503/3503/3503 3508/3508/3508 3507/3507/3507
f 3505/3505/3505 3506/3506/3506 3510/3510/3510
f 3505/3505/3505 3510/3510/3510 3509/3509/3509
f 3506/3506/3506 3507/3507/3507 3511/3511/3511
f 3506/3506/3506 3511/3511/3511 3510/3510/3510
f 3507/3507/3507 3508/3508/3508 3512/3512/3512
f 3507/3507/3507 3512/3512/3512 3511/3511/3511
f 3513/3513/3513 3514/3514/3514 3518/3518/3518
f 3513/3513/3513 3518/3518/3518 3517/3517/3517
f 3514/3514/3514 3515/3515/3515 3519/3519/3519
f 3514/3514/3514 3519/3519/3519 3518/3518/3518
f 3515/3515/3515 3516/3516/3516 3520/3520/3520
f 3515/3515/3515 3520/3520/3520 3519/3519/3519
f 3517/3517/3517 3518/3518/3518 3522/3522/3522
f 3517/3517/3517 3522/3522/3522 3521/3521/3521
f 3518/3518/3518 3519/3519/3519 3523/3523/3523
f 3518/3518/3518 3523/3523/3523 3522/3522/3522
f 3519/3519/3519 3520/3520/3520 3524/3524/3524
f 3519/3519/3519 3524/3524/3524 3523/3523/3523
f 3521/3521/3521 3522/3522/3522 3526/3526/3526
f 3521/3521/3521 3526/3526/3526 3525/3525/3525
f 3522/3522/3522 3523/3523/3523 3527/3527/3527
f 3522/3522/3522 3527/3527/3527 3526/3526/3526
f 3523/3523/3523 3524/3524/3524 3528/3528/3528
f 3523/3523/3523 3528/3528/3528 3527/3527/3527
f 3529/3529/3529 3530/3530/3530 3539/3539/3539
f 3529/3529/3529 3539/3539/3539 3538/3538/3538
f 3530/3530/3530 3531/3531/3531 3540/3540/3540
f 3530/3530/3530 3540/3540/3540 3539/3539/3539
f 3531/3531/3531 3532/3532/3532 3541/3541/3541
f 3531/3531/3531 3541/3541/3541 3540/3540/3540
f 3532/3532/3532 3533/3533/3533 3542/3542/3542
f 3532/3532/3532 3542/3542/3542 3541/3541/3541
f 3533/3533/3533 3534/3534/3534 3543/3543/3543
f 3533/3533/3533 3543/3543/3543 3542/3542/3542
f 3534/3534/3534 3535/3535/3535 3544/3544/3544
f 3534/3534/3534 3544/3544/3544 3543/3543/3543
f 3535/3535/3535 3536/3536/3536 3545/3545/3545
f 3535/3535/3535 3545/3545/3545 3544/3544/3544
f 3536/3536/3536 3537/3537/3537 3546/3546/3546
f 3536/3536/3536 3546/3546/3546 3545/3545/3545
f 3538/3538/3538 3539/3539/3539 3548/3548/3548
f 3538/3538/3538 3548/3548/3548 3547/3547/3547
f 3539/3539/3539 3540/3540/3540 3549/3549/3549
f 3539/3539/3539 3549/3549/3549 3548/3548/3548
f 3540/3540/3540 3541/3541/3541 3550/3550/3550
f 3540/3540/3540 3550/3550/3550 3549/3549/3549
f 3541/3541/3541 3542/3542/3542 3551/3551/3551
f 3541/3541/3541 3551/3551/3551 3550/3550/3550
f 3542/3542/3542 3543/3543/3543 3552/3552/3552
f 3542/3542/3542 3552/3552/3552 3551/3551/3551
f 3543/3543/3543 3544/3544/3544 3553/3553/3553
f 3543/3543/3543 3553/3553/3553 3552/3552/3552
f 3544/3544/3544 3545/3545/3545 3554/3554/3554
f 3544/3544/3544 3554/3554/3554 3553/3553/3553
f 3545/3545/3545 3546/3546/3546 3555/3555/3555
f 3545/3545/3545 3555/3555/3555 3554/3554/3554
f 3547/3547/3547 3548/3548/3548 3557/3557/3557
f 3547/3547/3547 3557/3557/3557 3556/3556/3556
f 3548/3548/3548 3549/3549/3549 3558/3558/3558
f 3548/3548/3548 3558/3558/3558 3557/3557/3557
f 3549/3549/3549 3550/3550/3550 3559/3559/3559
f 3549/3549/3549 3559/3559/3559 3558/3558/3558
f 3550/3550/3550 3551/3551/3551 3560/3560/3560
f 3550/3550/3550 3560/3560/3560 3559/3559/3559
f 3551/3551/3551 3552/3552/3552 3561/3561/3561
f 3551/3551/3551 3561/3561/3561 3560/3560/3560
f 3552/3552/3552 3553/3553/3553 3562/3562/3562
f 3552/3552/3552 3562/3562/3562 3561/3561/3561
f 3553/3553/3553 3554/3554/3554 3563/3563/3563
f 3553/3553/3553 3563/3563/3563 3562/3562/3562
f 3554/3554/3554 3555/3555/3555 3564/3564/3564
f 3554/3554/3554 3564/3564/3564 3563/3563/3563
f 3556/3556/3556 3557/3557/3557 3566/3566/3566
f 3556/3556/3556 3566/3566/3566 3565/3565/3565
f 3557/3557/3557 3558/3558/3558 3567/3567/3567
f 3557/3557/3557 3567/3567/3567 3566/3566/3566
f 3558/3558/3558 3559/3559/3559 3568/3568/3568
f 3558/3558/3558 3568/3568/3568 3567/3567/3567
f 3559/3559/3559 3560/3560/3560 3569/3569/3569
f 3559/3559/3559 3569/3569/3569 3568/3568/3568
f 3560/3560/3560 3561/3561/3561 3570/3570/3570
f 3560/3560/3560 3570/3570/3570 3569/3569/3569
f 3561/3561/3561 3562/3562/3562 3571/3571/3571
f 3561/3561/3561 3571/3571/3571 3570/3570/3570
f 3562/3562/3562 3563/3563/3563 3572/3572/3572
f 3562/3562/3562 3572/3572/3572 3571/3571/3571
f 3563/3563/3563 3564/3564/3564 3573/3573/3573
f 3563/3563/3563 3573/3573/3573 3572/3572/3572
f 3565/3565/3565 3566/3566/3566 3575/3575/3575
f 3565/3565/3565 3575/3575/3575 3574/3574/3574
f 3566/3566/3566 3567/3567/3567 3576/3576/3576
f 3566/3566/3566 3576/3576/3576 3575/3575/3575
f 3567/3567/3567 3568/3568/3568 3577/3577/3577
f 3567/3567/3567 3577/3577/3577 3576/3576/3576
f 3568/3568/3568 3569/3569/3569 3578/3578/3578
f 3568/3568/3568 3578/3578/3578 3577/3577/3577
f 3569/3569/3569 3570/3570/3570 3579/3579/3579
f 3569/3569/3569 3579/3579/3579 3578/3578/3578
f 3570/3570/3570 3571/3571/3571 3580/3580/3580
f 3570/3570/3570 3580/3580/3580 3579/3579/3579
f 3571/3571/3571 3572/3572/3572 3581/3581/3581
f 3571/3571/3571 3581/3581/3581 3580/3580/3580
f 3572/3572/3572 3573/3573/3573 3582/3582/3582
f 3572/3572/3572 3582/3582/3582 3581/3581/3581
f 3574/3574/3574 3575/3575/3575 3584/3584/3584
f 3574/3574/3574 3584/3584/3584 3583/3583/3583
f 3575/3575/3575 3576/3576/3576 3585/3585/3585
f 3575/3575/3575 3585/3585/3585 3584/3584/3584
f 3576/3576/3576 3577/3577/3577 3586/3586/3586
f 3576/3576/3576 3586/3586/3586 3585/3585/3585
f 3577/3577/3577 3578/3578/3578 3587/3587/3587
f 3577/3577/3577 3587/3587/3587 3586/3586/3586
f 3578/3578/3578 3579/3579/3579 3588/3588/3588
f 3578/3578/3578 3588/3588/3588 3587/3587/3587
f 3579/3579/3579 3580/3580/3580 3589/3589/3589
f 3579/3579/3579 3589/3589/3589 3588/3588/3588
f 3580/3580/3580 3581/3581/3581 3590/3590/3590
f 3580/3580/3580 3590/3590/3590 3589/3589/3589
f 3581/3581/3581 3582/3582/3582 3591/3591/3591
f 3581/3581/3581 3591/3591/3591 3590/3590/3590
f 3583/3583/3583 3584/3584/3584 3593/3593/3593
f 3583/3583/3583 3593/3593/3593 3592/3592/3592
f 3584/3584/3584 3585/3585/3585 3594/3594/3594
f 3584/3584/3584 3594/3594/3594 3593/3593/3593
f 3585/3585/3585 3586/3586/3586 3595/3595/3595
f 3585/3585/3585 3595/3595/3595 3594/3594/3594
f 3586/3586/3586 3587/3587/3587 3596/3596/3596
f 3586/3586/3586 3596/3596/3596 3595/3595/3595
f 3587/3587/3587 3588/3588/3588 3597/3597/3597
f 3587/3587/3587 3597/3597/3597 3596/3596/3596
f 3588/3588/3588 3589/3589/3589 3598/3598/3598
f 3588/3588/3588 3598/3598/3598 3597/3597/3597
f 3589/3589/3589 3590/3590/3590 3599/3599/3599
f 3589/3589/3589 3599/3599/3599 3598/3598/3598
f 3590/3590/3590 3591/3591/3591 3600/3600/3600
f 3590/3590/3590 3600/3600/3600 3599/3599/3599
f 3592/3592/3592 3593/3593/3593 3602/3602/3602
f 3592/3592/3592 3602/3602/3602 3601/3601/3601
f 3593/3593/3593 3594/3594/3594 3603/3603/3603
f 3593/3593/3593 3603/3603/3603 3602/3602/3602
f 3594/3594/3594 3595/3595/3595 3604/3604/3604
f 3594/3594/3594 3604/3604/3604 3603/3603/3603
f 3595/3595/3595 3596/3596/3596 3605/3605/3605
f 3595/3595/3595 3605/3605/3605 3604/3604/3604
f 3596/3596/3596 3597/3597/3597 3606/3606/3606
f 3596/3596/3596 3606/3606/3606 3605/3605/3605
f 3597/3597/3597 3598/3598/3598 3607/3607/3607
f 3597/3597/3597 3607/3607/3607 3606/3606/3606
f 3598/3598/3598 3599/3599/3599 3608/3608/3608
f 3598/3598/3598 3608/3608/3608 3607/3607/3607
f 3599/3599/3599 3600/3600/3600 3609/3609/3609
f 3599/3599/3599 3609/3609/3609 3608/3608/3608
f 3601/3601/3601 3602/3602/3602 3611/3611/3611
f 3601/3601/3601 3611/3611/3611 3610/3610/3610
f 3602/3602/3602 3603/3603/3603 3612/3612/3612
f 3602/3602/3602 3612/3612/3612 3611/3611/3611
f 3603/3603/3603 3604/3604/3604 3613/3613/3613
f 3603/3603/3603 3613/3613/3613 3612/3612/3612
f 3604/3604/3604 3605/3605/3605 3614/3614/3614
f 3604/3604/3604 3614/3614/3614 3613/3613/3613
f 3605/3605/3605 3606/3606/3606 3615/3615/3615
f 3605/3605/3605 3615/3615/3615 3614/3614/3614
f 3606/3606/3606 3607/3607/3607 3616/3616/3616
f 3606/3606/3606 3616/3616/3616 3615/3615/3615
f 3607/3607/3607 3608/3608/3608 3617/3617/3617
f 3607/3607/3607 3617/3617/3617 3616/3616/3616
f 3608/3608/3608 3609/3609/3609 3618/3618/3618
f 3608/3608/3608 3618/3618/3618 3617/3617/3617
f 3610/3610/3610 3611/3611/3611 3620/3620/3620
f 3610/3610/3610 3620/3620/3620 3619/3619/3619
f 3611/3611/3611 3612/3612/3612 3621/3621/3621
f 3611/3611/3611 3621/3621/3621 3620/3620/3620
f 3612/3612/3612 3613/3613/3613 3622/3622/3622
f 3612/3612/3612 3622/3622/3622 3621/3621/3621
f 3613/3613/3613 3614/3614/3614 3623/3623/3623
f 3613/3613/3613 3623/3623/3623 3622/3622/3622
f 3614/3614/3614 3615/3615/3615 3624/3624/3624
f 3614/3614/3614 3624/3624/3624 3623/3623/3623
f 3615/3615/3615 3616/3616/3616 3625/3625/3625
f 3615/3615/3615 3625/3625/3625 3624/3624/3624
f 3616/3616/3616 3617/3617/3617 3626/3626/3626
f 3616/3616/3616 3626/3626/3626 3625/3625/3625
f 3617/3617/3617 3618/3618/3618 3627/3627/3627
f 3617/3617/3617 3627/3627/3627 3626/3626/3626
f 3619/3619/3619 3620/3620/3620 3629/3629/3629
f 3619/3619/3619 3629/3629/3629 3628/3628/3628
f 3620/3620/3620 3621/3621/3621 3630/3630/3630
f 3620/3620/3620 3630/3630/3630 3629/3629/3629
f 3621/3621/3621 3622/3622/3622 3631/3631/3631
f 3621/3621/3621 3631/3631/3631 3630/3630/3630
f 3622/3622/3622 3623/3623/3623 3632/3632/3632
f 3622/3622/3622 3632/3632/3632 3631/3631/3631
f 3623/3623/3623 3624/3624/3624 3633/3633/3633
f 3623/3623/3623 3633/3633/3633 3632/3632/3632
f 3624/3624/3624 3625/3625/3625 3634/3634/3634
f 3624/3624/3624 3634/3634/3634 3633/3633/3633
f 3625/3625/3625 3626/3626/3626 3635/3635/3635
f 3625/3625/3625 3635/3635/3635 3634/3634/3634
f 3626/3626/3626 3627/3627/3627 3636/3636/3636
f 3626/3626/3626 3636/3636/3636 3635/3635/3635
f 3637/3637/3637 3639/3639/3639 3638/3638/3638
f 3637/3637/3637 3640/3640/3640 3639/3639/3639
f 3637/3637/3637 3641/3641/3641 3640/3640/3640
f 3637/3637/3637 3642/3642/3642 3641/3641/3641
f 3637/3637/3637 3643/3643/3643 3642/3642/3642
f 3637/3637/3637 3644/3644/3644 3643/3643/3643
f 3637/3637/3637 3645/3645/3645 3644/3644/3644
f 3637/3637/3637 3638/3638/3638 3645/3645/3645
f 3646/3646/3646 3647/3647/3647 3648/3648/3648
f 3646/3646/3646 3648/3648/3648 3649/3649/3649
f 3646/3646/3646 3649/3649/3649 3650/3650/3650
f 3646/3646/3646 3650/3650/3650 3651/3651/3651
f 3646/3646/3646 3651/3651/3651 3652/3652/3652
f 3646/3646/3646 3652/3652/3652 3653/3653/3653
f 3646/3646/3646 3653/3653/3653 3654/3654/3654
f 3646/3646/3646 3654/3654/3654 3647/3647/3647
f 3655/3655/3655 3656/3656/3656 3660/3660/3660
f 3655/3655/3655 3660/3660/3660 3659/3659/3659
f 3656/3656/3656 3657/3657/3657 3661/3661/3661
f 3656/3656/3656 3661/3661/3661 3660/3660/3660
f 3657/3657/3657 3658/3658/3658 3662/3662/3662
f 3657/3657/3657 3662/3662/3662 3661/3661/3661
f 3659/3659/3659 3660/3660/3660 3664/3664/3664
f 3659/3659/3659 3664/3664/3664 3663/3663/3663
f 3660/3660/3660 3661/3661/3661 3665/3665/3665
f 3660/3660/3660 3665/3665/3665 3664/3664/3664
f 3661/3661/3661 3662/3662/3662 3666/3666/3666
f 3661/3661/3661 3666/3666/3666 3665/3665/3665
f 3663/3663/3663 3664/3664/3664 3668/3668/3668
f 3663/3663/3663 3668/3668/3668 3667/3667/3667
f 3664/3664/3664 3665/3665/3665 3669/3669/3669
f 3664/3664/3664 3669/3669/3669 3668/3668/3668
f 3665/3665/3665 3666/3666/3666 3670/3670/3670
f 3665/3665/3665 3670/3670/3670 3669/3669/3669
f 3671/3671/3671 3672/3672/3672 3676/3676/3676
f 3671/3671/3671 3676/3676/3676 3675/3675/3675
f 3672/3672/3672 3673/3673/3673 3677/3677/3677
f 3672/3672/3672 3677/3677/3677 3676/3676/3676
f 3673/3673/3673 3674/3674/3674 3678/3678/3678
f 3673/3673/3673 3678/3678/3678 3677/3677/3677
f 3675/3675/3675 3676/3676/3676 3680/3680/3680
f 3675/3675/3675 3680/3680/3680 3679/3679/3679
f 3676/3676/3676 3677/3677/3677 3681/3681/3681
f 3676/3676/3676 3681/3681/3681 3680/3680/3680
f 3677/3677/3677 3678/3678/3678 3682/3682/3682
f 3677/3677/3677 3682/3682/3682 3681/3681/3681
f 3679/3679/3679 3680/3680/3680 3684/3684/3684
f 3679/3679/3679 3684/3684/3684 3683/3683/3683
f 3680/3680/3680 3681/3681/3681 3685/3685/3685
f 3680/3680/3680 3685/3685/3685 3684/3684/3684
f 3681/3681/3681 3682/3682/3682 3686/3686/3686
f 3681/3681/3681 3686/3686/3686 3685/3685/3685
f 3687/3687/3687 3688/3688/3688 3692/3692/3692
f 3687/3687/3687 3692/3692/3692 3691/3691/3691
f 3688/3688/3688 3689/3689/3689 3693/3693/3693
f 3688/3688/3688 3693/3693/3693 3692/3692/3692
f 3689/3689/3689 3690/3690/3690 3694/3694/3694
f 3689/3689/3689 3694/3694/3694 3693/3693/3693
f 3691/3691/3691 3692/3692/3692 3696/3696/3696
f 3691/3691/3691 3696/3696/3696 3695/3695/3695
f 3692/3692/3692 3693/3693/3693 3697/3697/3697
f 3692/3692/3692 3697/3697/3697 3696/3696/3696
f 3693/3693/3693 3694/3694/3694 3698/3698/3698
f 3693/3693/3693 3698/3698/3698 3697/3697/3697
f 3695/3695/3695 3696/3696/3696 3700/3700/3700
f 3695/3695/3695 3700/3700/3700 3699/3699/3699
f 3696/3696/3696 3697/3697/3697 3701/3701/3701
f 3696/3696/3696 3701/3701/3701 3700/3700/3700
f 3697/3697/3697 3698/3698/3698 3702/3702/3702
f 3697/3697/3697 3702/3702/3702 3701/3701/3701
f 3703/3703/3703 3704/3704/3704 3708/3708/3708
f 3703/3703/3703 3708/3708/3708 3707/3707/3707
f 3704/3704/3704 3705/3705/3705 3709/3709/3709
f 3704/3704/3704 3709/3709/3709 3708/3708/3708
f 3705/3705/3705 3706/3706/3706 3710/3710/3710
f 3705/3705/3705 3710/3710/3710 3709/3709/3709
f 3707/3707/3707 3708/3708/3708 3712/3712/3712
f 3707/3707/3707 3712/3712/3712 3711/3711/3711
f 3708/3708/3708 3709/3709/3709 3713/3713/3713
f 3708/3708/3708 3713/3713/3713 3712/3712/3712
f 3709/3709/3709 3710/3710/3710 3714/3714/3714
f 3709/3709/3709 3714/3714/3714 3713/3713/3713
f 3711/3711/3711 3712/3712/3712 3716/3716/3716
f 3711/3711/3711 3716/3716/3716 3715/3715/3715
f 3712/3712/3712 3713/3713/3713 3717/3717/3717
f 3712/3712/3712 3717/3717/3717 3716/3716/3716
f 3713/3713/3713 3714/3714/3714 3718/3718/3718
f 3713/3713/3713 3718/3718/3718 3717/3717/3717
f 3719/3719/3719 3720/3720/3720 3724/3724/3724
f 3719/3719/3719 3724/3724/3724 3723/3723/3723
f 3720/3720/3720 3721/3721/3721 3725/3725/3725
f 3720/3720/3720 3725/3725/3725 3724/3724/3724
f 3721/3721/3721 3722/3722/3722 3726/3726/3726
f 3721/3721/3721 3726/3726/3726 3725/3725/3725
f 3723/3723/3723 3724/3724/3724 3728/3728/3728
f 3723/3723/3723 3728/3728/3728 3727/3727/3727
f 3724/3724/3724 3725/3725/3725 3729/3729/3729
f 3724/3724/3724 3729/3729/3729 3728/3728/3728
f 3725/3725/3725 3726/3726/3726 3730/3730/3730
f 3725/3725/3725 3730/3730/3730 3729/3729/3729
f 3727/3727/3727 3728/3728/3728 3732/3732/3732
f 3727/3727/3727 3732/3732/3732 3731/3731/3731
f 3728/3728/3728 3729/3729/3729 3733/3733/3733
f 3728/3728/3728 3733/3733/3733 3732/3732/3732
f 3729/3729/3729 3730/3730/3730 3734/3734/3734
f 3729/3729/3729 3734/3734/3734 3733/3733/3733
f 3735/3735/3735 3736/3736/3736 3740/3740/3740
f 3735/3735/3735 3740/3740/3740 3739/3739/3739
f 3736/3736/3736 3737/3737/3737 3741/3741/3741
f 3736/3736/3736 3741/3741/3741 3740/3740/3740
f 3737/3737/3737 3738/3738/3738 3742/3742/3742
f 3737/3737/3737 3742/3742/3742 3741/3741/3741
f 3739/3739/3739 3740/3740/3740 3744/3744/3744
f 3739/3739/3739 3744/3744/3744 3743/3743/3743
f 3740/3740/3740 3741/3741/3741 3745/3745/3745
f 3740/3740/3740 3745/3745/3745 3744/3744/3744
f 3741/3741/3741 3742/3742/3742 3746/3746/3746
f 3741/3741/3741 3746/3746/3746 3745/3745/3745
f 3743/3743/3743 3744/3744/3744 3748/3748/3748
f 3743/3743/3743 3748/3748/3748 3747/3747/3747
f 3744/3744/3744 3745/3745/3745 3749/3749/3749
f 3744/3744/3744 3749/3749/3749 3748/3748/3748
f 3745/3745/3745 3746/3746/3746 3750/3750/3750
f 3745/3745/3745 3750/3750/3750 3749/3749/3749
f 3751/3751/3751 3752/3752/3752 3765/3765/3765
f 3751/3751/3751 3765/3765/3765 3764/3764/3764
f 3752/3752/3752 3753/3753/3753 3766/3766/3766
f 3752/3752/3752 3766/3766/3766 3765/3765/3765
f 3753/3753/3753 3754/3754/3754 3767/3767/3767
f 3753/3753/3753 3767/3767/3767 3766/3766/3766
f 3754/3754/3754 3755/3755/3755 3768/3768/3768
f 3754/3754/3754 3768/3768/3768 3767/3767/3767
f 3755/3755/3755 3756/3756/3756 3769/3769/3769
f 3755/3755/3755 3769/3769/3769 3768/3768/3768
f 3756/3756/3756 3757/3757/3757 3770/3770/3770
f 3756/3756/3756 3770/3770/3770 3769/3769/3769
f 3757/3757/3757 3758/3758/3758 3771/3771/3771
f 3757/3757/3757 3771/3771/3771 3770/3770/3770
f 3758/3758/3758 3759/3759/3759 3772/3772/3772
f 3758/3758/3758 3772/3772/3772 3771/3771/3771
f 3759/3759/3759 3760/3760/3760 3773/3773/3773
f 3759/3759/3759 3773/3773/3773 3772/3772/3772
f 3760/3760/3760 3761/3761/3761 3774/3774/3774
f 3760/3760/3760 3774/3774/3774 3773/3773/3773
f 3761/3761/3761 3762/3762/3762 3775/3775/3775
f 3761/3761/3761 3775/3775/3775 3774/3774/3774
f 3762/3762/3762 3763/3763/3763 3776/3776/3776
f 3762/3762/3762 3776/3776/3776 3775/3775/3775
f 3777/3777/3777 3779/3779/3779 3778/3778/3778
f 3777/3777/3777 3780/3780/3780 3779/3779/3779
f 3777/3777/3777 3781/3781/3781 3780/3780/3780
f 3777/3777/3777 3782/3782/3782 3781/3781/3781
f 3777/3777/3777 3783/3783/3783 3782/3782/3782
f 3777/3777/3777 3784/3784/3784 3783/3783/3783
f 3777/3777/3777 3785/3785/3785 3784/3784/3784
f 3777/3777/3777 3786/3786/3786 3785/3785/3785
f 3777/3777/3777 3787/3787/3787 3786/3786/3786
f 3777/3777/3777 3788/3788/3788 3787/3787/3787
f 3777/3777/3777 3789/3789/3789 3788/3788/3788
f 3777/3777/3777 3778/3778/3778 3789/3789/3789
f 3790/3790/3790 3791/3791/3791 3792/3792/3792
f 3790/3790/3790 3792/3792/3792 3793/3793/3793
f 3790/3790/3790 3793/3793/3793 3794/3794/3794
f 3790/3790/3790 3794/3794/3794 3795/3795/3795
f 3790/3790/3790 3795/3795/3795 3796/3796/3796
f 3790/3790/3790 3796/3796/3796 3797/3797/3797
f 3790/3790/3790 3797/3797/3797 3798/3798/3798
f 3790/3790/3790 3798/3798/3798 3799/3799/3799
f 3790/3790/3790 3799/3799/3799 3800/3800/3800
f 3790/3790/3790 3800/3800/3800 3801/3801/3801
f 3790/3790/3790 3801/3801/3801 3802/3802/3802
f 3790/3790/3790 3802/3802/3802 3791/3791/3791
f 3803/3803/3803 3804/3804/3804 3813/3813/3813
f 3803/3803/3803 3813/3813/3813 3812/3812/3812
f 3804/3804/3804 3805/3805/3805 3814/3814/3814
f 3804/3804/3804 3814/3814/3814 3813/3813/3813
f 3805/3805/3805 3806/3806/3806 3815/3815/3815
f 3805/3805/3805 3815/3815/3815 3814/3814/3814
f 3806/3806/3806 3807/3807/3807 3816/3816/3816
f 3806/3806/3806 3816/3816/3816 3815/3815/3815
f 3807/3807/3807 3808/3808/3808 3817/3817/3817
f 3807/3807/3807 3817/3817/3817 3816/3816/3816
f 3808/3808/3808 3809/3809/3809 3818/3818/3818
f 3808/3808/3808 3818/3818/3818 3817/3817/3817
f 3809/3809/3809 3810/3810/3810 3819/3819/3819
f 3809/3809/3809 3819/3819/3819 3818/3818/3818
f 3810/3810/3810 3811/3811/3811 3820/3820/3820
f 3810/3810/3810 3820/3820/3820 3819/3819/3819
f 3821/3821/3821 3823/3823/3823 3822/3822/3822
f 3821/3821/3821 3824/3824/3824 3823/3823/3823
f 3821/3821/3821 3825/3825/3825 3824/3824/3824
f 3821/3821/3821 3826/3826/3826 3825/3825/3825
f 3821/3821/3821 3827/3827/3827 3826/3826/3826
f 3821/3821/3821 3828/3828/3828 3827/3827/3827
f 3821/3821/3821 3829/3829/3829 3828/3828/3828
f 3821/3821/3821 3822/3822/3822 3829/3829/3829
f 3830/3830/3830 3831/3831/3831 3832/3832/3832
f 3830/3830/3830 3832/3832/3832 3833/3833/3833
f 3830/3830/3830 3833/3833/3833 3834/3834/3834
f 3830/3830/3830 3834/3834/3834 3835/3835/3835
f 3830/3830/3830 3835/3835/3835 3836/3836/3836
f 3830/3830/3830 3836/3836/3836 3837/3837/3837
f 3830/3830/3830 3837/3837/3837 3838/3838/3838
f 3830/3830/3830 3838/3838/3838 3831/3831/3831
f 3839/3839/3839 3843/3843/3843 3844/3844/3844
f 3839/3839/3839 3844/3844/3844 3840/3840/3840
f 3840/3840/3840 3844/3844/3844 3845/3845/3845
f 3840/3840/3840 3845/3845/3845 3841/3841/3841
f 3841/3841/3841 3845/3845/3845 3846/3846/3846
f 3841/3841/3841 3846/3846/3846 3842/3842/3842
f 3843/3843/3843 3847/3847/3847 3848/3848/3848
f 3843/3843/3843 3848/3848/3848 3844/3844/3844
f 3844/3844/3844 3848/3848/3848 3849/3849/3849
f 3844/3844/3844 3849/3849/3849 3845/3845/3845
f 3845/3845/3845 3849/3849/3849 3850/3850/3850
f 3845/3845/3845 3850/3850/3850 3846/3846/3846
f 3847/3847/3847 3851/3851/3851 3852/3852/3852
f 3847/3847/3847 3852/3852/3852 3848/3848/3848
f 3848/3848/3848 3852/3852/3852 3853/3853/3853
f 3848/3848/3848 3853/3853/3853 3849/3849/3849
f 3849/3849/3849 3853/3853/3853 3854/3854/3854
f 3849/3849/3849 3854/3854/3854 3850/3850/3850
f 3851/3851/3851 3855/3855/3855 3856/3856/3856
f 3851/3851/3851 3856/3856/3856 3852/3852/3852
f 3852/3852/3852 3856/3856/3856 3857/3857/3857
f 3852/3852/3852 3857/3857/3857 3853/3853/3853
f 3853/3853/3853 3857/3857/3857 3858/3858/3858
f 3853/3853/3853 3858/3858/3858 3854/3854/3854
f 3855/3855/3855 3859/3859/3859 3860/3860/3860
f 3855/3855/3855 3860/3860/3860 3856/3856/3856
f 3856/3856/3856 3860/3860/3860 3861/3861/3861
f 3856/3856/3856 3861/3861/3861 3857/3857/3857
f 3857/3857/3857 3861/3861/3861 3862/3862/3862
f 3857/3857/3857 3862/3862/3862 3858/3858/3858
f 3859/3859/3859 3863/3863/3863 3864/3864/3864
f 3859/3859/3859 3864/3864/3864 3860/3860/3860
f 3860/3860/3860 3864/3864/3864 3865/3865/3865
f 3860/3860/3860 3865/3865/3865 3861/3861/3861
f 3861/3861/3861 3865/3865/3865 3866/3866/3866
f 3861/3861/3861 3866/3866/3866 3862/3862/3862
f 3863/3863/3863 3867/3867/3867 3868/3868/3868
f 3863/3863/3863 3868/3868/3868 3864/3864/3864
f 3864/3864/3864 3868/3868/3868 3869/3869/3869
f 3864/3864/3864 3869/3869/3869 3865/3865/3865
f 3865/3865/3865 3869/3869/3869 3870/3870/3870
f 3865/3865/3865 3870/3870/3870 3866/3866/3866
f 3867/3867/3867 3871/3871/3871 3872/3872/3872
f 3867/3867/3867 3872/3872/3872 3868/3868/3868
f 3868/3868/3868 3872/3872/3872 3873/3873/3873
f 3868/3868/3868 3873/3873/3873 3869/3869/3869
f 3869/3869/3869 3873/3873/3873 3874/3874/3874
f 3869/3869/3869 3874/3874/3874 3870/3870/3870
f 3871/3871/3871 3875/3875/3875 3876/3876/3876
f 3871/3871/3871 3876/3876/3876 3872/3872/3872
f 3872/3872/3872 3876/3876/3876 3877/3877/3877
f 3872/3872/3872 3877/3877/3877 3873/3873/3873
f 3873/3873/3873 3877/3877/3877 3878/3878/3878
f 3873/3873/3873 3878/3878/3878 3874/3874/3874
f 3875/3875/3875 3879/3879/3879 3880/3880/3880
f 3875/3875/3875 3880/3880/3880 3876/3876/3876
f 3876/3876/3876 3880/3880/3880 3881/3881/3881
f 3876/3876/3876 3881/3881/3881 3877/3877/3877
f 3877/3877/3877 3881/3881/3881 3882/3882/3882
f 3877/3877/3877 3882/3882/3882 3878/3878/3878
f 3879/3879/3879 3883/3883/3883 3884/3884/3884
f 3879/3879/3879 3884/3884/3884 3880/3880/3880
f 3880/3880/3880 3884/3884/3884 3885/3885/3885
f 3880/3880/3880 3885/3885/3885 3881/3881/3881
f 3881/3881/3881 3885/3885/3885 3886/3886/3886
f 3881/3881/3881 3886/3886/3886 3882/3882/3882
f 3883/3883/3883 3887/3887/3887 3888/3888/3888
f 3883/3883/3883 3888/3888/3888 3884/3884/3884
f 3884/3884/3884 3888/3888/3888 3889/3889/3889
f 3884/3884/3884 3889/3889/3889 3885/3885/3885
f 3885/3885/3885 3889/3889/3889 3890/3890/3890
f 3885/3885/3885 3890/3890/3890 3886/3886/3886
f 3891/3891/3891 3892/3892/3892 3901/3901/3901
f 3891/3891/3891 3901/3901/3901 3900/3900/3900
f 3892/3892/3892 3893/3893/3893 3902/3902/3902
f 3892/3892/3892 3902/3902/3902 3901/3901/3901
f 3893/3893/3893 3894/3894/3894 3903/3903/3903
f 3893/3893/3893 3903/3903/3903 3902/3902/3902
f 3894/3894/3894 3895/3895/3895 3904/3904/3904
f 3894/3894/3894 3904/3904/3904 3903/3903/3903
f 3895/3895/3895 3896/3896/3896 3905/3905/3905
f 3895/3895/3895 3905/3905/3905 3904/3904/3904
f 3896/3896/3896 3897/3897/3897 3906/3906/3906
f 3896/3896/3896 3906/3906/3906 3905/3905/3905
f 3897/3897/3897 3898/3898/3898 3907/3907/3907
f 3897/3897/3897 3907/3907/3907 3906/3906/3906
f 3898/3898/3898 3899/3899/3899 3908/3908/3908
f 3898/3898/3898 3908/3908/3908 3907/3907/3907
f 3909/3909/3909 3911/3911/3911 3910/3910/3910
f 3909/3909/3909 3912/3912/3912 3911/3911/3911
f 3909/3909/3909 3913/3913/3913 3912/3912/3912
f 3909/3909/3909 3914/3914/3914 3913/3913/3913
f 3909/3909/3909 3915/3915/3915 3914/3914/3914
f 3909/3909/3909 3916/3916/3916 3915/3915/3915
f 3909/3909/3909 3917/3917/3917 3916/3916/3916
f 3909/3909/3909 3910/3910/3910 3917/3917/3917
f 3918/3918/3918 3919/3919/3919 3920/3920/3920
f 3918/3918/3918 3920/3920/3920 3921/3921/3921
f 3918/3918/3918 3921/3921/3921 3922/3922/3922
f 3918/3918/3918 3922/3922/3922 3923/3923/3923
f 3918/3918/3918 3923/3923/3923 3924/3924/3924
f 3918/3918/3918 3924/3924/3924 3925/3925/3925
f 3918/3918/3918 3925/3925/3925 3926/3926/3926
f 3918/3918/3918 3926/3926/3926 3919/3919/3919
f 3927/3927/3927 3931/3931/3931 3932/3932/3932
f 3927/3927/3927 3932/3932/3932 3928/3928/3928
f 3928/3928/3928 3932/3932/3932 3933/3933/3933
f 3928/3928/3928 3933/3933/3933 3929/3929/3929
f 3929/3929/3929 3933/3933/3933 3934/3934/3934
f 3929/3929/3929 3934/3934/3934 3930/3930/3930
f 3931/3931/3931 3935/3935/3935 3936/3936/3936
f 3931/3931/3931 3936/3936/3936 3932/3932/3932
f 3932/3932/3932 3936/3936/3936 3937/3937/3937
f 3932/3932/3932 3937/3937/3937 3933/3933/3933
f 3933/3933/3933 3937/3937/3937 3938/3938/3938
f 3933/3933/3933 3938/3938/3938 3934/3934/3934
f 3935/3935/3935 3939/3939/3939 3940/3940/3940
f 3935/3935/3935 3940/3940/3940 3936/3936/3936
f 3936/3936/3936 3940/3940/3940 3941/3941/3941
f 3936/3936/3936 3941/3941/3941 3937/3937/3937
f 3937/3937/3937 3941/3941/3941 3942/3942/3942
f 3937/3937/3937 3942/3942/3942 3938/3938/3938
f 3939/3939/3939 3943/3943/3943 3944/3944/3944
f 3939/3939/3939 3944/3944/3944 3940/3940/3940
f 3940/3940/3940 3944/3944/3944 3945/3945/3945
f 3940/3940/3940 3945/3945/3945 3941/3941/3941
f 3941/3941/3941 3945/3945/3945 3946/3946/3946
f 3941/3941/3941 3946/3946/3946 3942/3942/3942
f 3943/3943/3943 3947/3947/3947 3948/3948/3948
f 3943/3943/3943 3948/3948/3948 3944/3944/3944
f 3944/3944/3944 3948/3948/3948 3949/3949/3949
f 3944/3944/3944 3949/3949/3949 3945/3945/3945
f 3945/3945/3945 3949/3949/3949 3950/3950/3950
f 3945/3945/3945 3950/3950/3950 3946/3946/3946
f 3947/3947/3947 3951/3951/3951 3952/3952/3952
f 3947/3947/3947 3952/3952/3952 3948/3948/3948
f 3948/3948/3948 3952/3952/3952 3953/3953/3953
f 3948/3948/3948 3953/3953/3953 3949/3949/3949
f 3949/3949/3949 3953/3953/3953 3954/3954/3954
f 3949/3949/3949 3954/3954/3954 3950/3950/3950
f 3951/3951/3951 3955/3955/3955 3956/3956/3956
f 3951/3951/3951 3956/3956/3956 3952/3952/3952
f 3952/3952/3952 3956/3956/3956 3957/3957/3957
f 3952/3952/3952 3957/3957/3957 3953/3953/3953
f 3953/3953/3953 3957/3957/3957 3958/3958/3958
f 3953/3953/3953 3958/3958/3958 3954/3954/3954
f 3955/3955/3955 3959/3959/3959 3960/3960/3960
f 3955/3955/3955 3960/3960/3960 3956/3956/3956
f 3956/3956/3956 3960/3960/3960 3961/3961/3961
f 3956/3956/3956 3961/3961/3961 3957/3957/3957
f 3957/3957/3957 3961/3961/3961 3962/3962/3962
f 3957/3957/3957 3962/3962/3962 3958/3958/3958
f 3959/3959/3959 3963/3963/3963 3964/3964/3964
f 3959/3959/3959 3964/3964/3964 3960/3960/3960
f 3960/3960/3960 3964/3964/3964 3965/3965/3965
f 3960/3960/3960 3965/3965/3965 3961/3961/3961
f 3961/3961/3961 3965/3965/3965 3966/3966/3966
f 3961/3961/3961 3966/3966/3966 3962/3962/3962
f 3963/3963/3963 3967/3967/3967 3968/3968/3968
f 3963/3963/3963 3968/3968/3968 3964/3964/3964
f 3964/3964/3964 3968/3968/3968 3969/3969/3969
f 3964/3964/3964 3969/3969/3969 3965/3965/3965
f 3965/3965/3965 3969/3969/3969 3970/3970/3970
f 3965/3965/3965 3970/3970/3970 3966/3966/3966
f 3967/3967/3967 3971/3971/3971 3972/3972/3972
f 3967/3967/3967 3972/3972/3972 3968/3968/3968
f 3968/3968/3968 3972/3972/3972 3973/3973/3973
f 3968/3968/3968 3973/3973/3973 3969/3969/3969
f 3969/3969/3969 3973/3973/3973 3974/3974/3974
f 3969/3969/3969 3974/3974/3974 3970/3970/3970
f 3971/3971/3971 3975/3975/3975 3976/3976/3976
f 3971/3971/3971 3976/3976/3976 3972/3972/3972
f 3972/3972/3972 3976/3976/3976 3977/3977/3977
f 3972/3972/3972 3977/3977/3977 3973/3973/3973
f 3973/3973/3973 3977/3977/3977 3978/3978/3978
f 3973/3973/3973 3978/3978/3978 3974/3974/3974
f 3979/3979/3979 3980/3980/3980 3989/3989/3989
f 3979/3979/3979 3989/3989/3989 3988/3988/3988
f 3980/3980/3980 3981/3981/3981 3990/3990/3990
f 3980/3980/3980 3990/3990/3990 3989/3989/3989
f 3981/3981/3981 3982/3982/3982 3991/3991/3991
f 3981/3981/3981 3991/3991/3991 3990/3990/3990
f 3982/3982/3982 3983/3983/3983 3992/3992/3992
f 3982/3982/3982 3992/3992/3992 3991/3991/3991
f 3983/3983/3983 3984/3984/3984 3993/3993/3993
f 3983/3983/3983 3993/3993/3993 3992/3992/3992
f 3984/3984/3984 3985/3985/3985 3994/3994/3994
f 3984/3984/3984 3994/3994/3994 3993/3993/3993
f 3985/3985/3985 3986/3986/3986 3995/3995/3995
f 3985/3985/3985 3995/3995/3995 3994/3994/3994
f 3986/3986/3986 3987/3987/3987 3996/3996/3996
f 3986/3986/3986 3996/3996/3996 3995/3995/3995
f 3997/3997/3997 3999/3999/3999 3998/3998/3998
f 3997/3997/3997 4000/4000/4000 3999/3999/3999
f 3997/3997/3997 4001/4001/4001 4000/4000/4000
f 3997/3997/3997 4002/4002/4002 4001/4001/4001
f 3997/3997/3997 4003/4003/4003 4002/4002/4002
f 3997/3997/3997 4004/4004/4004 4003/4003/4003
f 3997/3997/3997 4005/4005/4005 4004/4004/4004
f 3997/3997/3997 3998/3998/3998 4005/4005/4005
f 4006/4006/4006 4007/4007/4007 4008/4008/4008
f 4006/4006/4006 4008/4008/4008 4009/4009/4009
f 4006/4006/4006 4009/4009/4009 4010/4010/4010
f 4006/4006/4006 4010/4010/4010 4011/4011/4011
f 4006/4006/4006 4011/4011/4011 4012/4012/4012
f 4006/4006/4006 4012/4012/4012 4013/4013/4013
f 4006/4006/4006 4013/4013/4013 4014/4014/4014
f 4006/4006/4006 4014/4014/4014 4007/4007/4007
f 4015/4015/4015 4019/4019/4019 4020/4020/4020
f 4015/4015/4015 4020/4020/4020 4016/4016/4016
f 4016/4016/4016 4020/4020/4020 4021/4021/4021
f 4016/4016/4016 4021/4021/4021 4017/4017/4017
f 4017/4017/4017 4021/4021/4021 4022/4022/4022
f 4017/4017/4017 4022/4022/4022 4018/4018/4018
f 4019/4019/4019 4023/4023/4023 4024/4024/4024
f 4019/4019/4019 4024/4024/4024 4020/4020/4020
f 4020/4020/4020 4024/4024/4024 4025/4025/4025
f 4020/4020/4020 4025/4025/4025 4021/4021/4021
f 4021/4021/4021 4025/4025/4025 4026/4026/4026
f 4021/4021/4021 4026/4026/4026 4022/4022/4022
f 4023/4023/4023 4027/4027/4027 4028/4028/4028
f 4023/4023/4023 4028/4028/4028 4024/4024/4024
f 4024/4024/4024 4028/4028/4028 4029/4029/4029
f 4024/4024/4024 4029/4029/4029 4025/4025/4025
f 4025/4025/4025 4029/4029/4029 4030/4030/4030
f 4025/4025/4025 4030/4030/4030 4026/4026/4026
f 4027/4027/4027 4031/4031/4031 4032/4032/4032
f 4027/4027/4027 4032/4032/4032 4028/4028/4028
f 4028/4028/4028 4032/4032/4032 4033/4033/4033
f 4028/4028/4028 4033/4033/4033 4029/4029/4029
f 4029/4029/4029 4033/4033/4033 4034/4034/4034
f 4029/4029/4029 4034/4034/4034 4030/4030/4030
f 4031/4031/4031 4035/4035/4035 4036/4036/4036
f 4031/4031/4031 4036/4036/4036 4032/4032/4032
f 4032/4032/4032 4036/4036/4036 4037/4037/4037
f 4032/4032/4032 4037/4037/4037 4033/4033/4033
f 4033/4033/4033 4037/4037/4037 4038/4038/4038
f 4033/4033/4033 4038/4038/4038 4034/4034/4034
f 4035/4035/4035 4039/4039/4039 4040/4040/4040
f 4035/4035/4035 4040/4040/4040 4036/4036/4036
f 4036/4036/4036 4040/4040/4040 4041/4041/4041
f 4036/4036/4036 4041/4041/4041 4037/4037/4037
f 4037/4037/4037 4041/4041/4041 4042/4042/4042
f 4037/4037/4037 4042/4042/4042 4038/4038/4038
f 4039/4039/4039 4043/4043/4043 4044/4044/4044
f 4039/4039/4039 4044/4044/4044 4040/4040/4040
f 4040/4040/4040 4044/4044/4044 4045/4045/4045
f 4040/4040/4040 4045/4045/4045 4041/4041/4041
f 4041/4041/4041 4045/4045/4045 4046/4046/4046
f 4041/4041/4041 4046/4046/4046 4042/4042/4042
f 4043/4043/4043 4047/4047/4047 4048/4048/4048
f 4043/4043/4043 4048/4048/4048 4044/4044/4044
f 4044/4044/4044 4048/4048/4048 4049/4049/4049
f 4044/4044/4044 4049/4049/4049 4045/4045/4045
f 4045/4045/4045 4049/4049/4049 4050/4050/4050
f 4045/4045/4045 4050/4050/4050 4046/4046/4046
f 4047/4047/4047 4051/4051/4051 4052/4052/4052
f 4047/4047/4047 4052/4052/4052 4048/4048/4048
f 4048/4048/4048 4052/4052/4052 4053/4053/4053
f 4048/4048/4048 4053/4053/4053 4049/4049/4049
f 4049/4049/4049 4053/4053/4053 4054/4054/4054
f 4049/4049/4049 4054/4054/4054 4050/4050/4050
f 4051/4051/4051 4055/4055/4055 4056/4056/4056
f 4051/4051/4051 4056/4056/4056 4052/4052/4052
f 4052/4052/4052 4056/4056/4056 4057/4057/4057
f 4052/4052/4052 4057/4057/4057 4053/4053/4053
f 4053/4053/4053 4057/4057/4057 4058/4058/4058
f 4053/4053/4053 4058/4058/4058 4054/4054/4054
f 4055/4055/4055 4059/4059/4059 4060/4060/4060
f 4055/4055/4055 4060/4060/4060 4056/4056/4056
f 4056/4056/4056 4060/4060/4060 4061/4061/4061
f 4056/4056/4056 4061/4061/4061 4057/4057/4057
f 4057/4057/4057 4061/4061/4061 4062/4062/4062
f 4057/4057/4057 4062/4062/4062 4058/4058/4058
f 4059/4059/4059 4063/4063/4063 4064/4064/4064
f 4059/4059/4059 4064/4064/4064 4060/4060/4060
f 4060/4060/4060 4064/4064/4064 4065/4065/4065
f 4060/4060/4060 4065/4065/4065 4061/4061/4061
f 4061/4061/4061 4065/4065/4065 4066/4066/4066
f 4061/4061/4061 4066/4066/4066 4062/4062/4062
f 4067/4067/4067 4068/4068/4068 4077/4077/4077
f 4067/4067/4067 4077/4077/4077 4076/4076/4076
f 4068/4068/4068 4069/4069/4069 4078/4078/4078
f 4068/4068/4068 4078/4078/4078 4077/4077/4077
f 4069/4069/4069 4070/4070/4070 4079/4079/4079
f 4069/4069/4069 4079/4079/4079 4078/4078/4078
f 4070/4070/4070 4071/4071/4071 4080/4080/4080
f 4070/4070/4070 4080/4080/4080 4079/4079/4079
f 4071/4071/4071 4072/4072/4072 4081/4081/4081
f 4071/4071/4071 4081/4081/4081 4080/4080/4080
f 4072/4072/4072 4073/4073/4073 4082/4082/4082
f 4072/4072/4072 4082/4082/4082 4081/4081/4081
f 4073/4073/4073 4074/4074/4074 4083/4083/4083
f 4073/4073/4073 4083/4083/4083 4082/4082/4082
f 4074/4074/4074 4075/4075/4075 4084/4084/4084
f 4074/4074/4074 4084/4084/4084 4083/4083/4083
f 4085/4085/4085 4087/4087/4087 4086/4086/4086
f 4085/4085/4085 4088/4088/4088 4087/4087/4087
f 4085/4085/4085 4089/4089/4089 4088/4088/4088
f 4085/4085/4085 4090/4090/4090 4089/4089/4089
f 4085/4085/4085 4091/4091/4091 4090/4090/4090
f 4085/4085/4085 4092/4092/4092 4091/4091/4091
f 4085/4085/4085 4093/4093/4093 4092/4092/4092
f 4085/4085/4085 4086/4086/4086 4093/4093/4093
f 4094/4094/4094 4095/4095/4095 4096/4096/4096
f 4094/4094/4094 4096/4096/4096 4097/4097/4097
f 4094/4094/4094 4097/4097/4097 4098/4098/4098
f 4094/4094/4094 4098/4098/4098 4099/4099/4099
f 4094/4094/4094 4099/4099/4099 4100/4100/4100
f 4094/4094/4094 4100/4100/4100 4101/4101/4101
f 4094/4094/4094 4101/4101/4101 4102/4102/4102
f 4094/4094/4094 4102/4102/4102 4095/4095/4095
f 4103/4103/4103 4107/4107/4107 4108/4108/4108
f 4103/4103/4103 4108/4108/4108 4104/4104/4104
f 4104/4104/4104 4108/4108/4108 4109/4109/4109
f 4104/4104/4104 4109/4109/4109 4105/4105/4105
f 4105/4105/4105 4109/4109/4109 4110/4110/4110
f 4105/4105/4105 4110/4110/4110 4106/4106/4106
f 4107/4107/4107 4111/4111/4111 4112/4112/4112
f 4107/4107/4107 4112/4112/4112 4108/4108/4108
f 4108/4108/4108 4112/4112/4112 4113/4113/4113
f 4108/4108/4108 4113/4113/4113 4109/4109/4109
f 4109/4109/4109 4113/4113/4113 4114/4114/4114
f 4109/4109/4109 4114/4114/4114 4110/4110/4110
f 4111/4111/4111 4115/4115/4115 4116/4116/4116
f 4111/4111/4111 4116/4116/4116 4112/4112/4112
f 4112/4112/4112 4116/4116/4116 4117/4117/4117
f 4112/4112/4112 4117/4117/4117 4113/4113/4113
f 4113/4113/4113 4117/4117/4117 4118/4118/4118
f 4113/4113/4113 4118/4118/4118 4114/4114/4114
f 4115/4115/4115 4119/4119/4119 4120/4120/4120
f 4115/4115/4115 4120/4120/4120 4116/4116/4116
f 4116/4116/4116 4120/4120/4120 4121/4121/4121
f 4116/4116/4116 4121/4121/4121 4117/4117/4117
f 4117/4117/4117 4121/4121/4121 4122/4122/4122
f 4117/4117/4117 4122/4122/4122 4118/4118/4118
f 4119/4119/4119 4123/4123/4123 4124/4124/4124
f 4119/4119/4119 4124/4124/4124 4120/4120/4120
f 4120/4120/4120 4124/4124/4124 4125/4125/4125
f 4120/4120/4120 4125/4125/4125 4121/4121/4121
f 4121/4121/4121 4125/4125/4125 4126/4126/4126
f 4121/4121/4121 4126/4126/4126 4122/4122/4122
f 4123/4123/4123 4127/4127/4127 4128/4128/4128
f 4123/4123/4123 4128/4128/4128 4124/4124/4124
f 4124/4124/4124 4128/4128/4128 4129/4129/4129
f 4124/4124/4124 4129/4129/4129 4125/4125/4125
f 4125/4125/4125 4129/4129/4129 4130/4130/4130
f 4125/4125/4125 4130/4130/4130 4126/4126/4126
f 4127/4127/4127 4131/4131/4131 4132/4132/4132
f 4127/4127/4127 4132/4132/4132 4128/4128/4128
f 4128/4128/4128 4132/4132/4132 4133/4133/4133
f 4128/4128/4128 4133/4133/4133 4129/4129/4129
f 4129/4129/4129 4133/4133/4133 4134/4134/4134
f 4129/4129/4129 4134/4134/4134 4130/4130/4130
f 4131/4131/4131 4135/4135/4135 4136/4136/4136
f 4131/4131/4131 4136/4136/4136 4132/4132/4132
f 4132/4132/4132 4136/4136/4136 4137/4137/4137
f 4132/4132/4132 4137/4137/4137 4133/4133/4133
f 4133/4133/4133 4137/4137/4137 4138/4138/4138
f 4133/4133/4133 4138/4138/4138 4134/4134/4134
f 4135/4135/4135 4139/4139/4139 4140/4140/4140
f 4135/4135/4135 4140/4140/4140 4136/4136/4136
f 4136/4136/4136 4140/4140/4140 4141/4141/4141
f 4136/4136/4136 4141/4141/4141 4137/4137/4137
f 4137/4137/4137 4141/4141/4141 4142/4142/4142
f 4137/4137/4137 4142/4142/4142 4138/4138/4138
f 4139/4139/4139 4143/4143/4143 4144/4144/4144
f 4139/4139/4139 4144/4144/4144 4140/4140/4140
f 4140/4140/4140 4144/4144/4144 4145/4145/4145
f 4140/4140/4140 4145/4145/4145 4141/4141/4141
f 4141/4141/4141 4145/4145/4145 4146/4146/4146
f 4141/4141/4141 4146/4146/4146 4142/4142/4142
f 4143/4143/4143 4147/4147/4147 4148/4148/4148
f 4143/4143/4143 4148/4148/4148 4144/4144/4144
f 4144/4144/4144 4148/4148/4148 4149/4149/4149
f 4144/4144/4144 4149/4149/4149 4145/4145/4145
f 4145/4145/4145 4149/4149/4149 4150/4150/4150
f 4145/4145/4145 4150/4150/4150 4146/4146/4146
f 4147/4147/4147 4151/4151/4151 4152/4152/4152
f 4147/4147/4147 4152/4152/4152 4148/4148/4148
f 4148/4148/4148 4152/4152/4152 4153/4153/4153
f 4148/4148/4148 4153/4153/4153 4149/4149/4149
f 4149/4149/4149 4153/4153/4153 4154/4154/4154
f 4149/4149/4149 4154/4154/4154 4150/4150/4150
f 4155/4155/4155 4156/4156/4156 4165/4165/4165
f 4155/4155/4155 4165/4165/4165 4164/4164/4164
f 4156/4156/4156 4157/4157/4157 4166/4166/4166
f 4156/4156/4156 4166/4166/4166 4165/4165/4165
f 4157/4157/4157 4158/4158/4158 4167/4167/4167
f 4157/4157/4157 4167/4167/4167 4166/4166/4166
f 4158/4158/4158 4159/4159/4159 4168/4168/4168
f 4158/4158/4158 4168/4168/4168 4167/4167/4167
f 4159/4159/4159 4160/4160/4160 4169/4169/4169
f 4159/4159/4159 4169/4169/4169 4168/4168/4168
f 4160/4160/4160 4161/4161/4161 4170/4170/4170
f 4160/4160/4160 4170/4170/4170 4169/4169/4169
f 4161/4161/4161 4162/4162/4162 4171/4171/4171
f 4161/4161/4161 4171/4171/4171 4170/4170/4170
f 4162/4162/4162 4163/4163/4163 4172/4172/4172
f 4162/4162/4162 4172/4172/4172 4171/4171/4171
f 4173/4173/4173 4175/4175/4175 4174/4174/4174
f 4173/4173/4173 4176/4176/4176 4175/4175/4175
f 4173/4173/4173 4177/4177/4177 4176/4176/4176
f 4173/4173/4173 4178/4178/4178 4177/4177/4177
f 4173/4173/4173 4179/4179/4179 4178/4178/4178
f 4173/4173/4173 4180/4180/4180 4179/4179/4179
f 4173/4173/4173 4181/4181/4181 4180/4180/4180
f 4173/4173/4173 4174/4174/4174 4181/4181/4181
f 4182/4182/4182 4183/4183/4183 4184/4184/4184
f 4182/4182/4182 4184/4184/4184 4185/4185/4185
f 4182/4182/4182 4185/4185/4185 4186/4186/4186
f 4182/4182/4182 4186/4186/4186 4187/4187/4187
f 4182/4182/4182 4187/4187/4187 4188/4188/4188
f 4182/4182/4182 4188/4188/4188 4189/4189/4189
f 4182/4182/4182 4189/4189/4189 4190/4190/4190
f 4182/4182/4182 4190/4190/4190 4183/4183/4183
f 4191/4191/4191 4195/4195/4195 4196/4196/4196
f 4191/4191/4191 4196/4196/4196 4192/4192/4192
f 4192/4192/4192 4196/4196/4196 4197/4197/4197
f 4192/4192/4192 4197/4197/4197 4193/4193/4193
f 4193/4193/4193 4197/4197/4197 4198/4198/4198
f 4193/4193/4193 4198/4198/4198 4194/4194/4194
f 4195/4195/4195 4199/4199/4199 4200/4200/4200
f 4195/4195/4195 4200/4200/4200 4196/4196/4196
f 4196/4196/4196 4200/4200/4200 4201/4201/4201
f 4196/4196/4196 4201/4201/4201 4197/4197/4197
f 4197/4197/4197 4201/4201/4201 4202/4202/4202
f 4197/4197/4197 4202/4202/4202 4198/4198/4198
f 4199/4199/4199 4203/4203/4203 4204/4204/4204
f 4199/4199/4199 4204/4204/4204 4200/4200/4200
f 4200/4200/4200 4204/4204/4204 4205/4205/4205
f 4200/4200/4200 4205/4205/4205 4201/4201/4201
f 4201/4201/4201 4205/4205/4205 4206/4206/4206
f 4201/4201/4201 4206/4206/4206 4202/4202/4202
f 4203/4203/4203 4207/4207/4207 4208/4208/4208
f 4203/4203/4203 4208/4208/4208 4204/4204/4204
f 4204/4204/4204 4208/4208/4208 4209/4209/4209
f 4204/4204/4204 4209/4209/4209 4205/4205/4205
f 4205/4205/4205 4209/4209/4209 4210/4210/4210
f 4205/4205/4205 4210/4210/4210 4206/4206/4206
f 4207/4207/4207 4211/4211/4211 4212/4212/4212
f 4207/4207/4207 4212/4212/4212 4208/4208/4208
f 4208/4208/4208 4212/4212/4212 4213/4213/4213
f 4208/4208/4208 4213/4213/4213 4209/4209/4209
f 4209/4209/4209 4213/4213/4213 4214/4214/4214
f 4209/4209/4209 4214/4214/4214 4210/4210/4210
f 4211/4211/4211 4215/4215/4215 4216/4216/4216
f 4211/4211/4211 4216/4216/4216 4212/4212/4212
f 4212/4212/4212 4216/4216/4216 4217/4217/4217
f 4212/4212/4212 4217/4217/4217 4213/4213/4213
f 4213/4213/4213 4217/4217/4217 4218/4218/4218
f 4213/4213/4213 4218/4218/4218 4214/4214/4214
f 4215/4215/4215 4219/4219/4219 4220/4220/4220
f 4215/4215/4215 4220/4220/4220 4216/4216/4216
f 4216/4216/4216 4220/4220/4220 4221/4221/4221
f 4216/4216/4216 4221/4221/4221 4217/4217/4217
f 4217/4217/4217 4221/4221/4221 4222/4222/4222
f 4217/4217/4217 4222/4222/4222 4218/4218/4218
f 4219/4219/4219 4223/4223/4223 4224/4224/4224
f 4219/4219/4219 4224/4224/4224 4220/4220/4220
f 4220/4220/4220 4224/4224/4224 4225/4225/4225
f 4220/4220/4220 4225/4225/4225 4221/4221/4221
f 4221/4221/4221 4225/4225/4225 4226/4226/4226
f 4221/4221/4221 4226/4226/4226 4222/4222/4222
f 4223/4223/4223 4227/4227/4227 4228/4228/4228
f 4223/4223/4223 4228/4228/4228 4224/4224/4224
f 4224/4224/4224 4228/4228/4228 4229/4229/4229
f 4224/4224/4224 4229/4229/4229 4225/4225/4225
f 4225/4225/4225 4229/4229/4229 4230/4230/4230
f 4225/4225/4225 4230/4230/4230 4226/4226/4226
f 4227/4227/4227 4231/4231/4231 4232/4232/4232
f 4227/4227/4227 4232/4232/4232 4228/4228/4228
f 4228/4228/4228 4232/4232/4232 4233/4233/4233
f 4228/4228/4228 4233/4233/4233 4229/4229/4229
f 4229/4229/4229 4233/4233/4233 4234/4234/4234
f 4229/4229/4229 4234/4234/4234 4230/4230/4230
f 4231/4231/4231 4235/4235/4235 4236/4236/4236
f 4231/4231/4231 4236/4236/4236 4232/4232/4232
f 4232/4232/4232 4236/4236/4236 4237/4237/4237
f 4232/4232/4232 4237/4237/4237 4233/4233/4233
f 4233/4233/4233 4237/4237/4237 4238/4238/4238
f 4233/4233/4233 4238/4238/4238 4234/4234/4234
f 4235/4235/4235 4239/4239/4239 4240/4240/4240
f 4235/4235/4235 4240/4240/4240 4236/4236/4236
f 4236/4236/4236 4240/4240/4240 4241/4241/4241
f 4236/4236/4236 4241/4241/4241 4237/4237/4237
f 4237/4237/4237 4241/4241/4241 4242/4242/4242
f 4237/4237/4237 4242/4242/4242 4238/4238/4238
f 4243/4243/4243 4244/4244/4244 4253/4253/4253
f 4243/4243/4243 4253/4253/4253 4252/4252/4252
f 4244/4244/4244 4245/4245/4245 4254/4254/4254
f 4244/4244/4244 4254/4254/4254 4253/4253/4253
f 4245/4245/4245 4246/4246/4246 4255/4255/4255
f 4245/4245/4245 4255/4255/4255 4254/4254/4254
f 4246/4246/4246 4247/4247/4247 4256/4256/4256
f 4246/4246/4246 4256/4256/4256 4255/4255/4255
f 4247/4247/4247 4248/4248/4248 4257/4257/4257
f 4247/4247/4247 4257/4257/4257 4256/4256/4256
f 4248/4248/4248 4249/4249/4249 4258/4258/4258
f 4248/4248/4248 4258/4258/4258 4257/4257/4257
f 4249/4249/4249 4250/4250/4250 4259/4259/4259
f 4249/4249/4249 4259/4259/4259 4258/4258/4258
f 4250/4250/4250 4251/4251/4251 4260/4260/4260
f 4250/4250/4250 4260/4260/4260 4259/4259/4259
f 4261/4261/4261 4263/4263/4263 4262/4262/4262
f 4261/4261/4261 4264/4264/4264 4263/4263/4263
f 4261/4261/4261 4265/4265/4265 4264/4264/4264
f 4261/4261/4261 4266/4266/4266 4265/4265/4265
f 4261/4261/4261 4267/4267/4267 4266/4266/4266
f 4261/4261/4261 4268/4268/4268 4267/4267/4267
f 4261/4261/4261 4269/4269/4269 4268/4268/4268
f 4261/4261/4261 4262/4262/4262 4269/4269/4269
f 4270/4270/4270 4271/4271/4271 4272/4272/4272
f 4270/4270/4270 4272/4272/4272 4273/4273/4273
f 4270/4270/4270 4273/4273/4273 4274/4274/4274
f 4270/4270/4270 4274/4274/4274 4275/4275/4275
f 4270/4270/4270 4275/4275/4275 4276/4276/4276
f 4270/4270/4270 4276/4276/4276 4277/4277/4277
f 4270/4270/4270 4277/4277/4277 4278/4278/4278
f 4270/4270/4270 4278/4278/4278 4271/4271/4271
f 4279/4279/4279 4283/4283/4283 4284/4284/4284
f 4279/4279/4279 4284/4284/4284 4280/4280/4280
f 4280/4280/4280 4284/4284/4284 4285/4285/4285
f 4280/4280/4280 4285/4285/4285 4281/4281/4281
f 4281/4281/4281 4285/4285/4285 4286/4286/4286
f 4281/4281/4281 4286/4286/4286 4282/4282/4282
f 4283/4283/4283 4287/4287/4287 4288/4288/4288
f 4283/4283/4283 4288/4288/4288 4284/4284/4284
f 4284/4284/4284 4288/4288/4288 4289/4289/4289
f 4284/4284/4284 4289/4289/4289 4285/4285/4285
f 4285/4285/4285 4289/4289/4289 4290/4290/4290
f 4285/4285/4285 4290/4290/4290 4286/4286/4286
f 4287/4287/4287 4291/4291/4291 4292/4292/4292
f 4287/4287/4287 4292/4292/4292 4288/4288/4288
f 4288/4288/4288 4292/4292/4292 4293/4293/4293
f 4288/4288/4288 4293/4293/4293 4289/4289/4289
f 4289/4289/4289 4293/4293/4293 4294/4294/4294
f 4289/4289/4289 4294/4294/4294 4290/4290/4290
f 4291/4291/4291 4295/4295/4295 4296/4296/4296
f 4291/4291/4291 4296/4296/4296 4292/4292/4292
f 4292/4292/4292 4296/4296/4296 4297/4297/4297
f 4292/4292/4292 4297/4297/4297 4293/4293/4293
f 4293/4293/4293 4297/4297/4297 4298/4298/4298
f 4293/4293/4293 4298/4298/4298 4294/4294/4294
f 4295/4295/4295 4299/4299/4299 4300/4300/4300
f 4295/4295/4295 4300/4300/4300 4296/4296/4296
f 4296/4296/4296 4300/4300/4300 4301/4301/4301
f 4296/4296/4296 4301/4301/4301 4297/4297/4297
f 4297/4297/4297 4301/4301/4301 4302/4302/4302
f 4297/4297/4297 4302/4302/4302 4298/4298/4298
f 4299/4299/4299 4303/4303/4303 4304/4304/4304
f 4299/4299/4299 4304/4304/4304 4300/4300/4300
f 4300/4300/4300 4304/4304/4304 4305/4305/4305
f 4300/4300/4300 4305/4305/4305 4301/4301/4301
f 4301/4301/4301 4305/4305/4305 4306/4306/4306
f 4301/4301/4301 4306/4306/4306 4302/4302/4302
f 4303/4303/4303 4307/4307/4307 4308/4308/4308
f 4303/4303/4303 4308/4308/4308 4304/4304/4304
f 4304/4304/4304 4308/4308/4308 4309/4309/4309
f 4304/4304/4304 4309/4309/4309 4305/4305/4305
f 4305/4305/4305 4309/4309/4309 4310/4310/4310
f 4305/4305/4305 4310/4310/4310 4306/4306/4306
f 4307/4307/4307 4311/4311/4311 4312/4312/4312
f 4307/4307/4307 4312/4312/4312 4308/4308/4308
f 4308/4308/4308 4312/4312/4312 4313/4313/4313
f 4308/4308/4308 4313/4313/4313 4309/4309/4309
f 4309/4309/4309 4313/4313/4313 4314/4314/4314
f 4309/4309/4309 4314/4314/4314 4310/4310/4310
f 4311/4311/4311 4315/4315/4315 4316/4316/4316
f 4311/4311/4311 4316/4316/4316 4312/4312/4312
f 4312/4312/4312 4316/4316/4316 4317/4317/4317
f 4312/4312/4312 4317/4317/4317 4313/4313/4313
f 4313/4313/4313 4317/4317/4317 4318/4318/4318
f 4313/4313/4313 4318/4318/4318 4314/4314/4314
f 4315/4315/4315 4319/4319/4319 4320/4320/4320
f 4315/4315/4315 4320/4320/4320 4316/4316/4316
f 4316/4316/4316 4320/4320/4320 4321/4321/4321
f 4316/4316/4316 4321/4321/4321 4317/4317/4317
f 4317/4317/4317 4321/4321/4321 4322/4322/4322
f 4317/4317/4317 4322/4322/4322 4318/4318/4318
f 4319/4319/4319 4323/4323/4323 4324/4324/4324
f 4319/4319/4319 4324/4324/4324 4320/4320/4320
f 4320/4320/4320 4324/4324/4324 4325/4325/4325
f 4320/4320/4320 4325/4325/4325 4321/4321/4321
f 4321/4321/4321 4325/4325/4325 4326/4326/4326
f 4321/4321/4321 4326/4326/4326 4322/4322/4322
f 4323/4323/4323 4327/4327/4327 4328/4328/4328
f 4323/4323/4323 4328/4328/4328 4324/4324/4324
f 4324/4324/4324 4328/4328/4328 4329/4329/4329
f 4324/4324/4324 4329/4329/4329 4325/4325/4325
f 4325/4325/4325 4329/4329/4329 4330/4330/4330
f 4325/4325/4325 4330/4330/4330 4326/4326/4326
f 4331/4331/4331 4336/4336/4336 4337/4337/4337
f 4331/4331/4331 4337/4337/4337 4332/4332/4332
f 4332/4332/4332 4337/4337/4337 4338/4338/4338
f 4332/4332/4332 4338/4338/4338 4333/4333/4333
f 4333/4333/4333 4338/4338/4338 4339/4339/4339
f 4333/4333/4333 4339/4339/4339 4334/4334/4334
f 4334/4334/4334 4339/4339/4339 4340/4340/4340
f 4334/4334/4334 4340/4340/4340 4335/4335/4335
f 4336/4336/4336 4341/4341/4341 4342/4342/4342
f 4336/4336/4336 4342/4342/4342 4337/4337/4337
f 4337/4337/4337 4342/4342/4342 4343/4343/4343
f 4337/4337/4337 4343/4343/4343 4338/4338/4338
f 4338/4338/4338 4343/4343/4343 4344/4344/4344
f 4338/4338/4338 4344/4344/4344 4339/4339/4339
f 4339/4339/4339 4344/4344/4344 4345/4345/4345
f 4339/4339/4339 4345/4345/4345 4340/4340/4340
f 4341/4341/4341 4346/4346/4346 4347/4347/4347
f 4341/4341/4341 4347/4347/4347 4342/4342/4342
f 4342/4342/4342 4347/4347/4347 4348/4348/4348
f 4342/4342/4342 4348/4348/4348 4343/4343/4343
f 4343/4343/4343 4348/4348/4348 4349/4349/4349
f 4343/4343/4343 4349/4349/4349 4344/4344/4344
f 4344/4344/4344 4349/4349/4349 4350/4350/4350
f 4344/4344/4344 4350/4350/4350 4345/4345/4345
f 4346/4346/4346 4351/4351/4351 4352/4352/4352
f 4346/4346/4346 4352/4352/4352 4347/4347/4347
f 4347/4347/4347 4352/4352/4352 4353/4353/4353
f 4347/4347/4347 4353/4353/4353 4348/4348/4348
f 4348/4348/4348 4353/4353/4353 4354/4354/4354
f 4348/4348/4348 4354/4354/4354 4349/4349/4349
f 4349/4349/4349 4354/4354/4354 4355/4355/4355
f 4349/4349/4349 4355/4355/4355 4350/4350/4350
f 4351/4351/4351 4356/4356/4356 4357/4357/4357
f 4351/4351/4351 4357/4357/4357 4352/4352/4352
f 4352/4352/4352 4357/4357/4357 4358/4358/4358
f 4352/4352/4352 4358/4358/4358 4353/4353/4353
f 4353/4353/4353 4358/4358/4358 4359/4359/4359
f 4353/4353/4353 4359/4359/4359 4354/4354/4354
f 4354/4354/4354 4359/4359/4359 4360/4360/4360
f 4354/4354/4354 4360/4360/4360 4355/4355/4355
f 4356/4356/4356 4361/4361/4361 4362/4362/4362
f 4356/4356/4356 4362/4362/4362 4357/4357/4357
f 4357/4357/4357 4362/4362/4362 4363/4363/4363
f 4357/4357/4357 4363/4363/4363 4358/4358/4358
f 4358/4358/4358 4363/4363/4363 4364/4364/4364
f 4358/4358/4358 4364/4364/4364 4359/4359/4359
f 4359/4359/4359 4364/4364/4364 4365/4365/4365
f 4359/4359/4359 4365/4365/4365 4360/4360/4360
f 4361/4361/4361 4366/4366/4366 4367/4367/4367
f 4361/4361/4361 4367/4367/4367 4362/4362/4362
f 4362/4362/4362 4367/4367/4367 4368/4368/4368
f 4362/4362/4362 4368/4368/4368 4363/4363/4363
f 4363/4363/4363 4368/4368/4368 4369/4369/4369
f 4363/4363/4363 4369/4369/4369 4364/4364/4364
f 4364/4364/4364 4369/4369/4369 4370/4370/4370
f 4364/4364/4364 4370/4370/4370 4365/4365/4365
f 4366/4366/4366 4371/4371/4371 4372/4372/4372
f 4366/4366/4366 4372/4372/4372 4367/4367/4367
f 4367/4367/4367 4372/4372/4372 4373/4373/4373
f 4367/4367/4367 4373/4373/4373 4368/4368/4368
f 4368/4368/4368 4373/4373/4373 4374/4374/4374
f 4368/4368/4368 4374/4374/4374 4369/4369/4369
f 4369/4369/4369 4374/4374/4374 4375/4375/4375
f 4369/4369/4369 4375/4375/4375 4370/4370/4370
f 4371/4371/4371 4376/4376/4376 4377/4377/4377
f 4371/4371/4371 4377/4377/4377 4372/4372/4372
f 4372/4372/4372 4377/4377/4377 4378/4378/4378
f 4372/4372/4372 4378/4378/4378 4373/4373/4373
f 4373/4373/4373 4378/4378/4378 4379/4379/4379
f 4373/4373/4373 4379/4379/4379 4374/4374/4374
f 4374/4374/4374 4379/4379/4379 4380/4380/4380
f 4374/4374/4374 4380/4380/4380 4375/4375/4375
f 4376/4376/4376 4381/4381/4381 4382/4382/4382
f 4376/4376/4376 4382/4382/4382 4377/4377/4377
f 4377/4377/4377 4382/4382/4382 4383/4383/4383
f 4377/4377/4377 4383/4383/4383 4378/4378/4378
f 4378/4378/4378 4383/4383/4383 4384/4384/4384
f 4378/4378/4378 4384/4384/4384 4379/4379/4379
f 4379/4379/4379 4384/4384/4384 4385/4385/4385
f 4379/4379/4379 4385/4385/4385 4380/4380/4380
f 4381/4381/4381 4386/4386/4386 4387/4387/4387
f 4381/4381/4381 4387/4387/4387 4382/4382/4382
f 4382/4382/4382 4387/4387/4387 4388/4388/4388
f 4382/4382/4382 4388/4388/4388 4383/4383/4383
f 4383/4383/4383 4388/4388/4388 4389/4389/4389
f 4383/4383/4383 4389/4389/4389 4384/4384/4384
f 4384/4384/4384 4389/4389/4389 4390/4390/4390
f 4384/4384/4384 4390/4390/4390 4385/4385/4385
f 4386/4386/4386 4391/4391/4391 4392/4392/4392
f 4386/4386/4386 4392/4392/4392 4387/4387/4387
f 4387/4387/4387 4392/4392/4392 4393/4393/4393
f 4387/4387/4387 4393/4393/4393 4388/4388/4388
f 4388/4388/4388 4393/4393/4393 4394/4394/4394
f 4388/4388/4388 4394/4394/4394 4389/4389/4389
f 4389/4389/4389 4394/4394/4394 4395/4395/4395
f 4389/4389/4389 4395/4395/4395 4390/4390/4390
f 4396/4396/4396 4401/4401/4401 4402/4402/4402
f 4396/4396/4396 4402/4402/4402 4397/4397/4397
f 4397/4397/4397 4402/4402/4402 4403/4403/4403
f 4397/4397/4397 4403/4403/4403 4398/4398/4398
f 4398/4398/4398 4403/4403/4403 4404/4404/4404
f 4398/4398/4398 4404/4404/4404 4399/4399/4399
f 4399/4399/4399 4404/4404/4404 4405/4405/4405
f 4399/4399/4399 4405/4405/4405 4400/4400/4400
f 4401/4401/4401 4406/4406/4406 4407/4407/4407
f 4401/4401/4401 4407/4407/4407 4402/4402/4402
f 4402/4402/4402 4407/4407/4407 4408/4408/4408
f 4402/4402/4402 4408/4408/4408 4403/4403/4403
f 4403/4403/4403 4408/4408/4408 4409/4409/4409
f 4403/4403/4403 4409/4409/4409 4404/4404/4404
f 4404/4404/4404 4409/4409/4409 4410/4410/4410
f 4404/4404/4404 4410/4410/4410 4405/4405/4405
f 4406/4406/4406 4411/4411/4411 4412/4412/4412
f 4406/4406/4406 4412/4412/4412 4407/4407/4407
f 4407/4407/4407 4412/4412/4412 4413/4413/4413
f 4407/4407/4407 4413/4413/4413 4408/4408/4408
f 4408/4408/4408 4413/4413/4413 4414/4414/4414
f 4408/4408/4408 4414/4414/4414 4409/4409/4409
f 4409/4409/4409 4414/4414/4414 4415/4415/4415
f 4409/4409/4409 4415/4415/4415 4410/4410/4410
f 4411/4411/4411 4416/4416/4416 4417/4417/4417
f 4411/4411/4411 4417/4417/4417 4412/4412/4412
f 4412/4412/4412 4417/4417/4417 4418/4418/4418
f 4412/4412/4412 4418/4418/4418 4413/4413/4413
f 4413/4413/4413 4418/4418/4418 4419/4419/4419
f 4413/4413/4413 4419/4419/4419 4414/4414/4414
f 4414/4414/4414 4419/4419/4419 4420/4420/4420
f 4414/4414/4414 4420/4420/4420 4415/4415/4415
f 4416/4416/4416 4421/4421/4421 4422/4422/4422
f 4416/4416/4416 4422/4422/4422 4417/4417/4417
f 4417/4417/4417 4422/4422/4422 4423/4423/4423
f 4417/4417/4417 4423/4423/4423 4418/4418/4418
f 4418/4418/4418 4423/4423/4423 4424/4424/4424
f 4418/4418/4418 4424/4424/4424 4419/4419/4419
f 4419/4419/4419 4424/4424/4424 4425/4425/4425
f 4419/4419/4419 4425/4425/4425 4420/4420/4420
f 4421/4421/4421 4426/4426/4426 4427/4427/4427
f 4421/4421/4421 4427/4427/4427 4422/4422/4422
f 4422/4422/4422 4427/4427/4427 4428/4428/4428
f 4422/4422/4422 4428/4428/4428 4423/4423/4423
f 4423/4423/4423 4428/4428/4428 4429/4429/4429
f 4423/4423/4423 4429/4429/4429 4424/4424/4424
f 4424/4424/4424 4429/4429/4429 4430/4430/4430
f 4424/4424/4424 4430/4430/4430 4425/4425/4425
f 4426/4426/4426 4431/4431/4431 4432/4432/4432
f 4426/4426/4426 4432/4432/4432 4427/4427/4427
f 4427/4427/4427 4432/4432/4432 4433/4433/4433
f 4427/4427/4427 4433/4433/4433 4428/4428/4428
f 4428/4428/4428 4433/4433/4433 4434/4434/4434
f 4428/4428/4428 4434/4434/4434 4429/4429/4429
f 4429/4429/4429 4434/4434/4434 4435/4435/4435
f 4429/4429/4429 4435/4435/4435 4430/4430/4430
f 4431/4431/4431 4436/4436/4436 4437/4437/4437
f 4431/4431/4431 4437/4437/4437 4432/4432/4432
f 4432/4432/4432 4437/4437/4437 4438/4438/4438
f 4432/4432/4432 4438/4438/4438 4433/4433/4433
f 4433/4433/4433 4438/4438/4438 4439/4439/4439
f 4433/4433/4433 4439/4439/4439 4434/4434/4434
f 4434/4434/4434 4439/4439/4439 4440/4440/4440
f 4434/4434/4434 4440/4440/4440 4435/4435/4435
f 4436/4436/4436 4441/4441/4441 4442/4442/4442
f 4436/4436/4436 4442/4442/4442 4437/4437/4437
f 4437/4437/4437 4442/4442/4442 4443/4443/4443
f 4437/4437/4437 4443/4443/4443 4438/4438/4438
f 4438/4438/4438 4443/4443/4443 4444/4444/4444
f 4438/4438/4438 4444/4444/4444 4439/4439/4439
f 4439/4439/4439 4444/4444/4444 4445/4445/4445
f 4439/4439/4439 4445/4445/4445 4440/4440/4440
f 4441/4441/4441 4446/4446/4446 4447/4447/4447
f 4441/4441/4441 4447/4447/4447 4442/4442/4442
f 4442/4442/4442 4447/4447/4447 4448/4448/4448
f 4442/4442/4442 4448/4448/4448 4443/4443/4443
f 4443/4443/4443 4448/4448/4448 4449/4449/4449
f 4443/4443/4443 4449/4449/4449 4444/4444/4444
f 4444/4444/4444 4449/4449/4449 4450/4450/4450
f 4444/4444/4444 4450/4450/4450 4445/4445/4445
f 4446/4446/4446 4451/4451/4451 4452/4452/4452
f 4446/4446/4446 4452/4452/4452 4447/4447/4447
f 4447/4447/4447 4452/4452/4452 4453/4453/4453
f 4447/4447/4447 4453/4453/4453 4448/4448/4448
f 4448/4448/4448 4453/4453/4453 4454/4454/4454
f 4448/4448/4448 4454/4454/4454 4449/4449/4449
f 4449/4449/4449 4454/4454/4454 4455/4455/4455
f 4449/4449/4449 4455/4455/4455 4450/4450/4450
f 4451/4451/4451 4456/4456/4456 4457/4457/4457
f 4451/4451/4451 4457/4457/4457 4452/4452/4452
f 4452/4452/4452 4457/4457/4457 4458/4458/4458
f 4452/4452/4452 4458/4458/4458 4453/4453/4453
f 4453/4453/4453 4458/4458/4458 4459/4459/4459
f 4453/4453/4453 4459/4459/4459 4454/4454/4454
f 4454/4454/4454 4459/4459/4459 4460/4460/4460
f 4454/4454/4454 4460/4460/4460 4455/4455/4455
f 4461/4461/4461 4462/4462/4462 4475/4475/4475
f 4461/4461/4461 4475/4475/4475 4474/4474/4474
f 4462/4462/4462 4463/4463/4463 4476/4476/4476
f 4462/4462/4462 4476/4476/4476 4475/4475/4475
f 4463/4463/4463 4464/4464/4464 4477/4477/4477
f 4463/4463/4463 4477/4477/4477 4476/4476/4476
f 4464/4464/4464 4465/4465/4465 4478/4478/4478
f 4464/4464/4464 4478/4478/4478 4477/4477/4477
f 4465/4465/4465 4466/4466/4466 4479/4479/4479
f 4465/4465/4465 4479/4479/4479 4478/4478/4478
f 4466/4466/4466 4467/4467/4467 4480/4480/4480
f 4466/4466/4466 4480/4480/4480 4479/4479/4479
f 4467/4467/4467 4468/4468/4468 4481/4481/4481
f 4467/4467/4467 4481/4481/4481 4480/4480/4480
f 4468/4468/4468 4469/4469/4469 4482/4482/4482
f 4468/4468/4468 4482/4482/4482 4481/4481/4481
f 4469/4469/4469 4470/4470/4470 4483/4483/4483
f 4469/4469/4469 4483/4483/4483 4482/4482/4482
f 4470/4470/4470 4471/4471/4471 4484/4484/4484
f 4470/4470/4470 4484/4484/4484 4483/4483/4483
f 4471/4471/4471 4472/4472/4472 4485/4485/4485
f 4471/4471/4471 4485/4485/4485 4484/4484/4484
f 4472/4472/4472 4473/4473/4473 4486/4486/4486
f 4472/4472/4472 4486/4486/4486 4485/4485/4485
f 4487/4487/4487 4489/4489/4489 4488/4488/4488
f 4487/4487/4487 4490/4490/4490 4489/4489/4489
f 4487/4487/4487 4491/4491/4491 4490/4490/4490
f 4487/4487/4487 4492/4492/4492 4491/4491/4491
f 4487/4487/4487 4493/4493/4493 4492/4492/4492
f 4487/4487/4487 4494/4494/4494 4493/4493/4493
f 4487/4487/4487 4495/4495/4495 4494/4494/4494
f 4487/4487/4487 4496/4496/4496 4495/4495/4495
f 4487/4487/4487 4497/4497/4497 4496/4496/4496
f 4487/4487/4487 4498/4498/4498 4497/4497/4497
f 4487/4487/4487 4499/4499/4499 4498/4498/4498
f 4487/4487/4487 4488/4488/4488 4499/4499/4499
f 4500/4500/4500 4501/4501/4501 4502/4502/4502
f 4500/4500/4500 4502/4502/4502 4503/4503/4503
f 4500/4500/4500 4503/4503/4503 4504/4504/4504
f 4500/4500/4500 4504/4504/4504 4505/4505/4505
f 4500/4500/4500 4505/4505/4505 4506/4506/4506
f 4500/4500/4500 4506/4506/4506 4507/4507/4507
f 4500/4500/4500 4507/4507/4507 4508/4508/4508
f 4500/4500/4500 4508/4508/4508 4509/4509/4509
f 4500/4500/4500 4509/4509/4509 4510/4510/4510
f 4500/4500/4500 4510/4510/4510 4511/4511/4511
f 4500/4500/4500 4511/4511/4511 4512/4512/4512
f 4500/4500/4500 4512/4512/4512 4501/4501/4501
f 4513/4513/4513 4518/4518/4518 4519/4519/4519
f 4513/4513/4513 4519/4519/4519 4514/4514/4514
f 4514/4514/4514 4519/4519/4519 4520/4520/4520
f 4514/4514/4514 4520/4520/4520 4515/4515/4515
f 4515/4515/4515 4520/4520/4520 4521/4521/4521
f 4515/4515/4515 4521/4521/4521 4516/4516/4516
f 4516/4516/4516 4521/4521/4521 4522/4522/4522
f 4516/4516/4516 4522/4522/4522 4517/4517/4517
f 4518/4518/4518 4523/4523/4523 4524/4524/4524
f 4518/4518/4518 4524/4524/4524 4519/4519/4519
f 4519/4519/4519 4524/4524/4524 4525/4525/4525
f 4519/4519/4519 4525/4525/4525 4520/4520/4520
f 4520/4520/4520 4525/4525/4525 4526/4526/4526
f 4520/4520/4520 4526/4526/4526 4521/4521/4521
f 4521/4521/4521 4526/4526/4526 4527/4527/4527
f 4521/4521/4521 4527/4527/4527 4522/4522/4522
f 4523/4523/4523 4528/4528/4528 4529/4529/4529
f 4523/4523/4523 4529/4529/4529 4524/4524/4524
f 4524/4524/4524 4529/4529/4529 4530/4530/4530
f 4524/4524/4524 4530/4530/4530 4525/4525/4525
f 4525/4525/4525 4530/4530/4530 4531/4531/4531
f 4525/4525/4525 4531/4531/4531 4526/4526/4526
f 4526/4526/4526 4531/4531/4531 4532/4532/4532
f 4526/4526/4526 4532/4532/4532 4527/4527/4527
f 4528/4528/4528 4533/4533/4533 4534/4534/4534
f 4528/4528/4528 4534/4534/4534 4529/4529/4529
f 4529/4529/4529 4534/4534/4534 4535/4535/4535
f 4529/4529/4529 4535/4535/4535 4530/4530/4530
f 4530/4530/4530 4535/4535/4535 4536/4536/4536
f 4530/4530/4530 4536/4536/4536 4531/4531/4531
f 4531/4531/4531 4536/4536/4536 4537/4537/4537
f 4531/4531/4531 4537/4537/4537 4532/4532/4532
f 4533/4533/4533 4538/4538/4538 4539/4539/4539
f 4533/4533/4533 4539/4539/4539 4534/4534/4534
f 4534/4534/4534 4539/4539/4539 4540/4540/4540
f 4534/4534/4534 4540/4540/4540 4535/4535/4535
f 4535/4535/4535 4540/4540/4540 4541/4541/4541
f 4535/4535/4535 4541/4541/4541 4536/4536/4536
f 4536/4536/4536 4541/4541/4541 4542/4542/4542
f 4536/4536/4536 4542/4542/4542 4537/4537/4537
f 4538/4538/4538 4543/4543/4543 4544/4544/4544
f 4538/4538/4538 4544/4544/4544 4539/4539/4539
f 4539/4539/4539 4544/4544/4544 4545/4545/4545
f 4539/4539/4539 4545/4545/4545 4540/4540/4540
f 4540/4540/4540 4545/4545/4545 4546/4546/4546
f 4540/4540/4540 4546/4546/4546 4541/4541/4541
f 4541/4541/4541 4546/4546/4546 4547/4547/4547
f 4541/4541/4541 4547/4547/4547 4542/4542/4542
f 4543/4543/4543 4548/4548/4548 4549/4549/4549
f 4543/4543/4543 4549/4549/4549 4544/4544/4544
f 4544/4544/4544 4549/4549/4549 4550/4550/4550
f 4544/4544/4544 4550/4550/4550 4545/4545/4545
f 4545/4545/4545 4550/4550/4550 4551/4551/4551
f 4545/4545/4545 4551/4551/4551 4546/4546/4546
f 4546/4546/4546 4551/4551/4551 4552/4552/4552
f 4546/4546/4546 4552/4552/4552 4547/4547/4547
f 4548/4548/4548 4553/4553/4553 4554/4554/4554
f 4548/4548/4548 4554/4554/4554 4549/4549/4549
f 4549/4549/4549 4554/4554/4554 4555/4555/4555
f 4549/4549/4549 4555/4555/4555 4550/4550/4550
f 4550/4550/4550 4555/4555/4555 4556/4556/4556
f 4550/4550/4550 4556/4556/4556 4551/4551/4551
f 4551/4551/4551 4556/4556/4556 4557/4557/4557
f 4551/4551/4551 4557/4557/4557 4552/4552/4552
f 4553/4553/4553 4558/4558/4558 4559/4559/4559
f 4553/4553/4553 4559/4559/4559 4554/4554/4554
f 4554/4554/4554 4559/4559/4559 4560/4560/4560
f 4554/4554/4554 4560/4560/4560 4555/4555/4555
f 4555/4555/4555 4560/4560/4560 4561/4561/4561
f 4555/4555/4555 4561/4561/4561 4556/4556/4556
f 4556/4556/4556 4561/4561/4561 4562/4562/4562
f 4556/4556/4556 4562/4562/4562 4557/4557/4557
f 4558/4558/4558 4563/4563/4563 4564/4564/4564
f 4558/4558/4558 4564/4564/4564 4559/4559/4559
f 4559/4559/4559 4564/4564/4564 4565/4565/4565
f 4559/4559/4559 4565/4565/4565 4560/4560/4560
f 4560/4560/4560 4565/4565/4565 4566/4566/4566
f 4560/4560/4560 4566/4566/4566 4561/4561/4561
f 4561/4561/4561 4566/4566/4566 4567/4567/4567
f 4561/4561/4561 4567/4567/4567 4562/4562/4562
f 4563/4563/4563 4568/4568/4568 4569/4569/4569
f 4563/4563/4563 4569/4569/4569 4564/4564/4564
f 4564/4564/4564 4569/4569/4569 4570/4570/4570
f 4564/4564/4564 4570/4570/4570 4565/4565/4565
f 4565/4565/4565 4570/4570/4570 4571/4571/4571
f 4565/4565/4565 4571/4571/4571 4566/4566/4566
f 4566/4566/4566 4571/4571/4571 4572/4572/4572
f 4566/4566/4566 4572/4572/4572 4567/4567/4567
f 4568/4568/4568 4573/4573/4573 4574/4574/4574
f 4568/4568/4568 4574/4574/4574 4569/4569/4569
f 4569/4569/4569 4574/4574/4574 4575/4575/4575
f 4569/4569/4569 4575/4575/4575 4570/4570/4570
f 4570/4570/4570 4575/4575/4575 4576/4576/4576
f 4570/4570/4570 4576/4576/4576 4571/4571/4571
f 4571/4571/4571 4576/4576/4576 4577/4577/4577
f 4571/4571/4571 4577/4577/4577 4572/4572/4572
f 4573/4573/4573 4578/4578/4578 4579/4579/4579
f 4573/4573/4573 4579/4579/4579 4574/4574/4574
f 4574/4574/4574 4579/4579/4579 4580/4580/4580
f 4574/4574/4574 4580/4580/4580 4575/4575/4575
f 4575/4575/4575 4580/4580/4580 4581/4581/4581
f 4575/4575/4575 4581/4581/4581 4576/4576/4576
f 4576/4576/4576 4581/4581/4581 4582/4582/4582
f 4576/4576/4576 4582/4582/4582 4577/4577/4577
f 4578/4578/4578 4583/4583/4583 4584/4584/4584
f 4578/4578/4578 4584/4584/4584 4579/4579/4579
f 4579/4579/4579 4584/4584/4584 4585/4585/4585
f 4579/4579/4579 4585/4585/4585 4580/4580/4580
f 4580/4580/4580 4585/4585/4585 4586/4586/4586
f 4580/4580/4580 4586/4586/4586 4581/4581/4581
f 4581/4581/4581 4586/4586/4586 4587/4587/4587
f 4581/4581/4581 4587/4587/4587 4582/4582/4582
f 4588/4588/4588 4593/4593/4593 4594/4594/4594
f 4588/4588/4588 4594/4594/4594 4589/4589/4589
f 4589/4589/4589 4594/4594/4594 4595/4595/4595
f 4589/4589/4589 4595/4595/4595 4590/4590/4590
f 4590/4590/4590 4595/4595/4595 4596/4596/4596
f 4590/4590/4590 4596/4596/4596 4591/4591/4591
f 4591/4591/4591 4596/4596/4596 4597/4597/4597
f 4591/4591/4591 4597/4597/4597 4592/4592/4592
f 4593/4593/4593 4598/4598/4598 4599/4599/4599
f 4593/4593/4593 4599/4599/4599 4594/4594/4594
f 4594/4594/4594 4599/4599/4599 4600/4600/4600
f 4594/4594/4594 4600/4600/4600 4595/4595/4595
f 4595/4595/4595 4600/4600/4600 4601/4601/4601
f 4595/4595/4595 4601/4601/4601 4596/4596/4596
f 4596/4596/4596 4601/4601/4601 4602/4602/4602
f 4596/4596/4596 4602/4602/4602 4597/4597/4597
f 4598/4598/4598 4603/4603/4603 4604/4604/4604
f 4598/4598/4598 4604/4604/4604 4599/4599/4599
f 4599/4599/4599 4604/4604/4604 4605/4605/4605
f 4599/4599/4599 4605/4605/4605 4600/4600/4600
f 4600/4600/4600 4605/4605/4605 4606/4606/4606
f 4600/4600/4600 4606/4606/4606 4601/4601/4601
f 4601/4601/4601 4606/4606/4606 4607/4607/4607
f 4601/4601/4601 4607/4607/4607 4602/4602/4602
f 4603/4603/4603 4608/4608/4608 4609/4609/4609
f 4603/4603/4603 4609/4609/4609 4604/4604/4604
f 4604/4604/4604 4609/4609/4609 4610/4610/4610
f 4604/4604/4604 4610/4610/4610 4605/4605/4605
f 4605/4605/4605 4610/4610/4610 4611/4611/4611
f 4605/4605/4605 4611/4611/4611 4606/4606/4606
f 4606/4606/4606 4611/4611/4611 4612/4612/4612
f 4606/4606/4606 4612/4612/4612 4607/4607/4607
f 4608/4608/4608 4613/4613/4613 4614/4614/4614
f 4608/4608/4608 4614/4614/4614 4609/4609/4609
f 4609/4609/4609 4614/4614/4614 4615/4615/4615
f 4609/4609/4609 4615/4615/4615 4610/4610/4610
f 4610/4610/4610 4615/4615/4615 4616/4616/4616
f 4610/4610/4610 4616/4616/4616 4611/4611/4611
f 4611/4611/4611 4616/4616/4616 4617/4617/4617
f 4611/4611/4611 4617/4617/4617 4612/4612/4612
f 4613/4613/4613 4618/4618/4618 4619/4619/4619
f 4613/4613/4613 4619/4619/4619 4614/4614/4614
f 4614/4614/4614 4619/4619/4619 4620/4620/4620
f 4614/4614/4614 4620/4620/4620 4615/4615/4615
f 4615/4615/4615 4620/4620/4620 4621/4621/4621
f 4615/4615/4615 4621/4621/4621 4616/4616/4616
f 4616/4616/4616 4621/4621/4621 4622/4622/4622
f 4616/4616/4616 4622/4622/4622 4617/4617/4617
f 4618/4618/4618 4623/4623/4623 4624/4624/4624
f 4618/4618/4618 4624/4624/4624 4619/4619/4619
f 4619/4619/4619 4624/4624/4624 4625/4625/4625
f 4619/4619/4619 4625/4625/4625 4620/4620/4620
f 4620/4620/4620 4625/4625/4625 4626/4626/4626
f 4620/4620/4620 4626/4626/4626 4621/4621/4621
f 4621/4621/4621 4626/4626/4626 4627/4627/4627
f 4621/4621/4621 4627/4627/4627 4622/4622/4622
f 4623/4623/4623 4628/4628/4628 4629/4629/4629
f 4623/4623/4623 4629/4629/4629 4624/4624/4624
f 4624/4624/4624 4629/4629/4629 4630/4630/4630
f 4624/4624/4624 4630/4630/4630 4625/4625/4625
f 4625/4625/4625 4630/4630/4630 4631/4631/4631
f 4625/4625/4625 4631/4631/4631 4626/4626/4626
f 4626/4626/4626 4631/4631/4631 4632/4632/4632
f 4626/4626/4626 4632/4632/4632 4627/4627/4627
f 4628/4628/4628 4633/4633/4633 4634/4634/4634
f 4628/4628/4628 4634/4634/4634 4629/4629/4629
f 4629/4629/4629 4634/4634/4634 4635/4635/4635
f 4629/4629/4629 4635/4635/4635 4630/4630/4630
f 4630/4630/4630 4635/4635/4635 4636/4636/4636
f 4630/4630/4630 4636/4636/4636 4631/4631/4631
f 4631/4631/4631 4636/4636/4636 4637/4637/4637
f 4631/4631/4631 4637/4637/4637 4632/4632/4632
f 4633/4633/4633 4638/4638/4638 4639/4639/4639
f 4633/4633/4633 4639/4639/4639 4634/4634/4634
f 4634/4634/4634 4639/4639/4639 4640/4640/4640
f 4634/4634/4634 4640/4640/4640 4635/4635/4635
f 4635/4635/4635 4640/4640/4640 4641/4641/4641
f 4635/4635/4635 4641/4641/4641 4636/4636/4636
f 4636/4636/4636 4641/4641/4641 4642/4642/4642
f 4636/4636/4636 4642/4642/4642 4637/4637/4637
f 4638/4638/4638 4643/4643/4643 4644/4644/4644
f 4638/4638/4638 4644/4644/4644 4639/4639/4639
f 4639/4639/4639 4644/4644/4644 4645/4645/4645
f 4639/4639/4639 4645/4645/4645 4640/4640/4640
f 4640/4640/4640 4645/4645/4645 4646/4646/4646
f 4640/4640/4640 4646/4646/4646 4641/4641/4641
f 4641/4641/4641 4646/4646/4646 4647/4647/4647
f 4641/4641/4641 4647/4647/4647 4642/4642/4642
f 4643/4643/4643 4648/4648/4648 4649/4649/4649
f 4643/4643/4643 4649/4649/4649 4644/4644/4644
f 4644/4644/4644 4649/4649/4649 4650/4650/4650
f 4644/4644/4644 4650/4650/4650 4645/4645/4645
f 4645/4645/4645 4650/4650/4650 4651/4651/4651
f 4645/4645/4645 4651/4651/4651 4646/4646/4646
f 4646/4646/4646 4651/4651/4651 4652/4652/4652
f 4646/4646/4646 4652/4652/4652 4647/4647/4647
f 4648/4648/4648 4653/4653/4653 4654/4654/4654
f 4648/4648/4648 4654/4654/4654 4649/4649/4649
f 4649/4649/4649 4654/4654/4654 4655/4655/4655
f 4649/4649/4649 4655/4655/4655 4650/4650/4650
f 4650/4650/4650 4655/4655/4655 4656/4656/4656
f 4650/4650/4650 4656/4656/4656 4651/4651/4651
f 4651/4651/4651 4656/4656/4656 4657/4657/4657
f 4651/4651/4651 4657/4657/4657 4652/4652/4652
f 4653/4653/4653 4658/4658/4658 4659/4659/4659
f 4653/4653/4653 4659/4659/4659 4654/4654/4654
f 4654/4654/4654 4659/4659/4659 4660/4660/4660
f 4654/4654/4654 4660/4660/4660 4655/4655/4655
f 4655/4655/4655 4660/4660/4660 4661/4661/4661
f 4655/4655/4655 4661/4661/4661 4656/4656/4656
f 4656/4656/4656 4661/4661/4661 4662/4662/4662
f 4656/4656/4656 4662/4662/4662 4657/4657/4657
