# Sinh tự động bởi tools/mesh_kit.py - đừng sửa tay
o cab_misc
v 0.2620 0.0380 -3.6880
v 0.2633 0.0367 -3.6908
v 0.2669 0.0331 -3.6998
v 0.2714 0.0286 -3.7165
v 0.2736 0.0264 -3.7400
v 0.2736 0.0264 -4.0500
v 0.2736 0.0264 -4.3600
v 0.2714 0.0286 -4.3835
v 0.2669 0.0331 -4.4002
v 0.2633 0.0367 -4.4092
v 0.2620 0.0380 -4.4120
v 0.2633 0.0408 -3.6867
v 0.2647 0.0395 -3.6895
v 0.2687 0.0358 -3.6985
v 0.2736 0.0312 -3.7156
v 0.2761 0.0289 -3.7400
v 0.2761 0.0289 -4.0500
v 0.2761 0.0289 -4.3600
v 0.2736 0.0312 -4.3844
v 0.2687 0.0358 -4.4015
v 0.2647 0.0395 -4.4105
v 0.2633 0.0408 -4.4133
v 0.2669 0.0498 -3.6831
v 0.2687 0.0485 -3.6858
v 0.2736 0.0450 -3.6950
v 0.2801 0.0404 -3.7132
v 0.2835 0.0380 -3.7400
v 0.2835 0.0380 -4.0500
v 0.2835 0.0380 -4.3600
v 0.2801 0.0404 -4.3868
v 0.2736 0.0450 -4.4050
v 0.2687 0.0485 -4.4142
v 0.2669 0.0498 -4.4169
v 0.2714 0.0665 -3.6786
v 0.2736 0.0656 -3.6812
v 0.2801 0.0632 -3.6904
v 0.2892 0.0597 -3.7097
v 0.2941 0.0578 -3.7400
v 0.2941 0.0578 -4.0500
v 0.2941 0.0578 -4.3600
v 0.2892 0.0597 -4.3903
v 0.2801 0.0632 -4.4096
v 0.2736 0.0656 -4.4188
v 0.2714 0.0665 -4.4214
v 0.2736 0.0900 -3.6764
v 0.2761 0.0900 -3.6789
v 0.2835 0.0900 -3.6880
v 0.2941 0.0900 -3.7078
v 0.3000 0.0900 -3.7400
v 0.3000 0.0900 -4.0500
v 0.3000 0.0900 -4.3600
v 0.2941 0.0900 -4.3922
v 0.2835 0.0900 -4.4120
v 0.2761 0.0900 -4.4211
v 0.2736 0.0900 -4.4236
v 0.2736 0.2900 -3.6764
v 0.2761 0.2900 -3.6789
v 0.2835 0.2900 -3.6880
v 0.2941 0.2900 -3.7078
v 0.3000 0.2900 -3.7400
v 0.3000 0.2900 -4.0500
v 0.3000 0.2900 -4.3600
v 0.2941 0.2900 -4.3922
v 0.2835 0.2900 -4.4120
v 0.2761 0.2900 -4.4211
v 0.2736 0.2900 -4.4236
v 0.2736 0.4900 -3.6764
v 0.2761 0.4900 -3.6789
v 0.2835 0.4900 -3.6880
v 0.2941 0.4900 -3.7078
v 0.3000 0.4900 -3.7400
v 0.3000 0.4900 -4.0500
v 0.3000 0.4900 -4.3600
v 0.2941 0.4900 -4.3922
v 0.2835 0.4900 -4.4120
v 0.2761 0.4900 -4.4211
v 0.2736 0.4900 -4.4236
v 0.2714 0.5135 -3.6786
v 0.2736 0.5144 -3.6812
v 0.2801 0.5168 -3.6904
v 0.2892 0.5203 -3.7097
v 0.2941 0.5222 -3.7400
v 0.2941 0.5222 -4.0500
v 0.2941 0.5222 -4.3600
v 0.2892 0.5203 -4.3903
v 0.2801 0.5168 -4.4096
v 0.2736 0.5144 -4.4188
v 0.2714 0.5135 -4.4214
v 0.2669 0.5302 -3.6831
v 0.2687 0.5315 -3.6858
v 0.2736 0.5350 -3.6950
v 0.2801 0.5396 -3.7132
v 0.2835 0.5420 -3.7400
v 0.2835 0.5420 -4.0500
v 0.2835 0.5420 -4.3600
v 0.2801 0.5396 -4.3868
v 0.2736 0.5350 -4.4050
v 0.2687 0.5315 -4.4142
v 0.2669 0.5302 -4.4169
v 0.2633 0.5392 -3.6867
v 0.2647 0.5405 -3.6895
v 0.2687 0.5442 -3.6985
v 0.2736 0.5488 -3.7156
v 0.2761 0.5511 -3.7400
v 0.2761 0.5511 -4.0500
v 0.2761 0.5511 -4.3600
v 0.2736 0.5488 -4.3844
v 0.2687 0.5442 -4.4015
v 0.2647 0.5405 -4.4105
v 0.2633 0.5392 -4.4133
v 0.2620 0.5420 -3.6880
v 0.2633 0.5433 -3.6908
v 0.2669 0.5469 -3.6998
v 0.2714 0.5514 -3.7165
v 0.2736 0.5536 -3.7400
v 0.2736 0.5536 -4.0500
v 0.2736 0.5536 -4.3600
v 0.2714 0.5514 -4.3835
v 0.2669 0.5469 -4.4002
v 0.2633 0.5433 -4.4092
v 0.2620 0.5420 -4.4120
v -0.3620 0.0380 -4.4120
v -0.3633 0.0367 -4.4092
v -0.3669 0.0331 -4.4002
v -0.3714 0.0286 -4.3835
v -0.3736 0.0264 -4.3600
v -0.3736 0.0264 -4.0500
v -0.3736 0.0264 -3.7400
v -0.3714 0.0286 -3.7165
v -0.3669 0.0331 -3.6998
v -0.3633 0.0367 -3.6908
v -0.3620 0.0380 -3.6880
v -0.3633 0.0408 -4.4133
v -0.3647 0.0395 -4.4105
v -0.3687 0.0358 -4.4015
v -0.3736 0.0312 -4.3844
v -0.3761 0.0289 -4.3600
v -0.3761 0.0289 -4.0500
v -0.3761 0.0289 -3.7400
v -0.3736 0.0312 -3.7156
v -0.3687 0.0358 -3.6985
v -0.3647 0.0395 -3.6895
v -0.3633 0.0408 -3.6867
v -0.3669 0.0498 -4.4169
v -0.3687 0.0485 -4.4142
v -0.3736 0.0450 -4.4050
v -0.3801 0.0404 -4.3868
v -0.3835 0.0380 -4.3600
v -0.3835 0.0380 -4.0500
v -0.3835 0.0380 -3.7400
v -0.3801 0.0404 -3.7132
v -0.3736 0.0450 -3.6950
v -0.3687 0.0485 -3.6858
v -0.3669 0.0498 -3.6831
v -0.3714 0.0665 -4.4214
v -0.3736 0.0656 -4.4188
v -0.3801 0.0632 -4.4096
v -0.3892 0.0597 -4.3903
v -0.3941 0.0578 -4.3600
v -0.3941 0.0578 -4.0500
v -0.3941 0.0578 -3.7400
v -0.3892 0.0597 -3.7097
v -0.3801 0.0632 -3.6904
v -0.3736 0.0656 -3.6812
v -0.3714 0.0665 -3.6786
v -0.3736 0.0900 -4.4236
v -0.3761 0.0900 -4.4211
v -0.3835 0.0900 -4.4120
v -0.3941 0.0900 -4.3922
v -0.4000 0.0900 -4.3600
v -0.4000 0.0900 -4.0500
v -0.4000 0.0900 -3.7400
v -0.3941 0.0900 -3.7078
v -0.3835 0.0900 -3.6880
v -0.3761 0.0900 -3.6789
v -0.3736 0.0900 -3.6764
v -0.3736 0.2900 -4.4236
v -0.3761 0.2900 -4.4211
v -0.3835 0.2900 -4.4120
v -0.3941 0.2900 -4.3922
v -0.4000 0.2900 -4.3600
v -0.4000 0.2900 -4.0500
v -0.4000 0.2900 -3.7400
v -0.3941 0.2900 -3.7078
v -0.3835 0.2900 -3.6880
v -0.3761 0.2900 -3.6789
v -0.3736 0.2900 -3.6764
v -0.3736 0.4900 -4.4236
v -0.3761 0.4900 -4.4211
v -0.3835 0.4900 -4.4120
v -0.3941 0.4900 -4.3922
v -0.4000 0.4900 -4.3600
v -0.4000 0.4900 -4.0500
v -0.4000 0.4900 -3.7400
v -0.3941 0.4900 -3.7078
v -0.3835 0.4900 -3.6880
v -0.3761 0.4900 -3.6789
v -0.3736 0.4900 -3.6764
v -0.3714 0.5135 -4.4214
v -0.3736 0.5144 -4.4188
v -0.3801 0.5168 -4.4096
v -0.3892 0.5203 -4.3903
v -0.3941 0.5222 -4.3600
v -0.3941 0.5222 -4.0500
v -0.3941 0.5222 -3.7400
v -0.3892 0.5203 -3.7097
v -0.3801 0.5168 -3.6904
v -0.3736 0.5144 -3.6812
v -0.3714 0.5135 -3.6786
v -0.3669 0.5302 -4.4169
v -0.3687 0.5315 -4.4142
v -0.3736 0.5350 -4.4050
v -0.3801 0.5396 -4.3868
v -0.3835 0.5420 -4.3600
v -0.3835 0.5420 -4.0500
v -0.3835 0.5420 -3.7400
v -0.3801 0.5396 -3.7132
v -0.3736 0.5350 -3.6950
v -0.3687 0.5315 -3.6858
v -0.3669 0.5302 -3.6831
v -0.3633 0.5392 -4.4133
v -0.3647 0.5405 -4.4105
v -0.3687 0.5442 -4.4015
v -0.3736 0.5488 -4.3844
v -0.3761 0.5511 -4.3600
v -0.3761 0.5511 -4.0500
v -0.3761 0.5511 -3.7400
v -0.3736 0.5488 -3.7156
v -0.3687 0.5442 -3.6985
v -0.3647 0.5405 -3.6895
v -0.3633 0.5392 -3.6867
v -0.3620 0.5420 -4.4120
v -0.3633 0.5433 -4.4092
v -0.3669 0.5469 -4.4002
v -0.3714 0.5514 -4.3835
v -0.3736 0.5536 -4.3600
v -0.3736 0.5536 -4.0500
v -0.3736 0.5536 -3.7400
v -0.3714 0.5514 -3.7165
v -0.3669 0.5469 -3.6998
v -0.3633 0.5433 -3.6908
v -0.3620 0.5420 -3.6880
v -0.3620 0.5420 -3.6880
v -0.3592 0.5433 -3.6867
v -0.3502 0.5469 -3.6831
v -0.3335 0.5514 -3.6786
v -0.3100 0.5536 -3.6764
v -0.0500 0.5536 -3.6764
v 0.2100 0.5536 -3.6764
v 0.2335 0.5514 -3.6786
v 0.2502 0.5469 -3.6831
v 0.2592 0.5433 -3.6867
v 0.2620 0.5420 -3.6880
v -0.3633 0.5433 -3.6908
v -0.3605 0.5447 -3.6895
v -0.3515 0.5487 -3.6858
v -0.3344 0.5536 -3.6812
v -0.3100 0.5561 -3.6789
v -0.0500 0.5561 -3.6789
v 0.2100 0.5561 -3.6789
v 0.2344 0.5536 -3.6812
v 0.2515 0.5487 -3.6858
v 0.2605 0.5447 -3.6895
v 0.2633 0.5433 -3.6908
v -0.3669 0.5469 -3.6998
v -0.3642 0.5487 -3.6985
v -0.3550 0.5536 -3.6950
v -0.3368 0.5601 -3.6904
v -0.3100 0.5635 -3.6880
v -0.0500 0.5635 -3.6880
v 0.2100 0.5635 -3.6880
v 0.2368 0.5601 -3.6904
v 0.2550 0.5536 -3.6950
v 0.2642 0.5487 -3.6985
v 0.2669 0.5469 -3.6998
v -0.3714 0.5514 -3.7165
v -0.3688 0.5536 -3.7156
v -0.3596 0.5601 -3.7132
v -0.3403 0.5692 -3.7097
v -0.3100 0.5741 -3.7078
v -0.0500 0.5741 -3.7078
v 0.2100 0.5741 -3.7078
v 0.2403 0.5692 -3.7097
v 0.2596 0.5601 -3.7132
v 0.2688 0.5536 -3.7156
v 0.2714 0.5514 -3.7165
v -0.3736 0.5536 -3.7400
v -0.3711 0.5561 -3.7400
v -0.3620 0.5635 -3.7400
v -0.3422 0.5741 -3.7400
v -0.3100 0.5800 -3.7400
v -0.0500 0.5800 -3.7400
v 0.2100 0.5800 -3.7400
v 0.2422 0.5741 -3.7400
v 0.2620 0.5635 -3.7400
v 0.2711 0.5561 -3.7400
v 0.2736 0.5536 -3.7400
v -0.3736 0.5536 -4.0500
v -0.3711 0.5561 -4.0500
v -0.3620 0.5635 -4.0500
v -0.3422 0.5741 -4.0500
v -0.3100 0.5800 -4.0500
v -0.0500 0.5800 -4.0500
v 0.2100 0.5800 -4.0500
v 0.2422 0.5741 -4.0500
v 0.2620 0.5635 -4.0500
v 0.2711 0.5561 -4.0500
v 0.2736 0.5536 -4.0500
v -0.3736 0.5536 -4.3600
v -0.3711 0.5561 -4.3600
v -0.3620 0.5635 -4.3600
v -0.3422 0.5741 -4.3600
v -0.3100 0.5800 -4.3600
v -0.0500 0.5800 -4.3600
v 0.2100 0.5800 -4.3600
v 0.2422 0.5741 -4.3600
v 0.2620 0.5635 -4.3600
v 0.2711 0.5561 -4.3600
v 0.2736 0.5536 -4.3600
v -0.3714 0.5514 -4.3835
v -0.3688 0.5536 -4.3844
v -0.3596 0.5601 -4.3868
v -0.3403 0.5692 -4.3903
v -0.3100 0.5741 -4.3922
v -0.0500 0.5741 -4.3922
v 0.2100 0.5741 -4.3922
v 0.2403 0.5692 -4.3903
v 0.2596 0.5601 -4.3868
v 0.2688 0.5536 -4.3844
v 0.2714 0.5514 -4.3835
v -0.3669 0.5469 -4.4002
v -0.3642 0.5487 -4.4015
v -0.3550 0.5536 -4.4050
v -0.3368 0.5601 -4.4096
v -0.3100 0.5635 -4.4120
v -0.0500 0.5635 -4.4120
v 0.2100 0.5635 -4.4120
v 0.2368 0.5601 -4.4096
v 0.2550 0.5536 -4.4050
v 0.2642 0.5487 -4.4015
v 0.2669 0.5469 -4.4002
v -0.3633 0.5433 -4.4092
v -0.3605 0.5447 -4.4105
v -0.3515 0.5487 -4.4142
v -0.3344 0.5536 -4.4188
v -0.3100 0.5561 -4.4211
v -0.0500 0.5561 -4.4211
v 0.2100 0.5561 -4.4211
v 0.2344 0.5536 -4.4188
v 0.2515 0.5487 -4.4142
v 0.2605 0.5447 -4.4105
v 0.2633 0.5433 -4.4092
v -0.3620 0.5420 -4.4120
v -0.3592 0.5433 -4.4133
v -0.3502 0.5469 -4.4169
v -0.3335 0.5514 -4.4214
v -0.3100 0.5536 -4.4236
v -0.0500 0.5536 -4.4236
v 0.2100 0.5536 -4.4236
v 0.2335 0.5514 -4.4214
v 0.2502 0.5469 -4.4169
v 0.2592 0.5433 -4.4133
v 0.2620 0.5420 -4.4120
v -0.3620 0.0380 -4.4120
v -0.3592 0.0367 -4.4133
v -0.3502 0.0331 -4.4169
v -0.3335 0.0286 -4.4214
v -0.3100 0.0264 -4.4236
v -0.0500 0.0264 -4.4236
v 0.2100 0.0264 -4.4236
v 0.2335 0.0286 -4.4214
v 0.2502 0.0331 -4.4169
v 0.2592 0.0367 -4.4133
v 0.2620 0.0380 -4.4120
v -0.3633 0.0367 -4.4092
v -0.3605 0.0353 -4.4105
v -0.3515 0.0313 -4.4142
v -0.3344 0.0264 -4.4188
v -0.3100 0.0239 -4.4211
v -0.0500 0.0239 -4.4211
v 0.2100 0.0239 -4.4211
v 0.2344 0.0264 -4.4188
v 0.2515 0.0313 -4.4142
v 0.2605 0.0353 -4.4105
v 0.2633 0.0367 -4.4092
v -0.3669 0.0331 -4.4002
v -0.3642 0.0313 -4.4015
v -0.3550 0.0264 -4.4050
v -0.3368 0.0199 -4.4096
v -0.3100 0.0165 -4.4120
v -0.0500 0.0165 -4.4120
v 0.2100 0.0165 -4.4120
v 0.2368 0.0199 -4.4096
v 0.2550 0.0264 -4.4050
v 0.2642 0.0313 -4.4015
v 0.2669 0.0331 -4.4002
v -0.3714 0.0286 -4.3835
v -0.3688 0.0264 -4.3844
v -0.3596 0.0199 -4.3868
v -0.3403 0.0108 -4.3903
v -0.3100 0.0059 -4.3922
v -0.0500 0.0059 -4.3922
v 0.2100 0.0059 -4.3922
v 0.2403 0.0108 -4.3903
v 0.2596 0.0199 -4.3868
v 0.2688 0.0264 -4.3844
v 0.2714 0.0286 -4.3835
v -0.3736 0.0264 -4.3600
v -0.3711 0.0239 -4.3600
v -0.3620 0.0165 -4.3600
v -0.3422 0.0059 -4.3600
v -0.3100 0.0000 -4.3600
v -0.0500 0.0000 -4.3600
v 0.2100 0.0000 -4.3600
v 0.2422 0.0059 -4.3600
v 0.2620 0.0165 -4.3600
v 0.2711 0.0239 -4.3600
v 0.2736 0.0264 -4.3600
v -0.3736 0.0264 -4.0500
v -0.3711 0.0239 -4.0500
v -0.3620 0.0165 -4.0500
v -0.3422 0.0059 -4.0500
v -0.3100 0.0000 -4.0500
v -0.0500 0.0000 -4.0500
v 0.2100 0.0000 -4.0500
v 0.2422 0.0059 -4.0500
v 0.2620 0.0165 -4.0500
v 0.2711 0.0239 -4.0500
v 0.2736 0.0264 -4.0500
v -0.3736 0.0264 -3.7400
v -0.3711 0.0239 -3.7400
v -0.3620 0.0165 -3.7400
v -0.3422 0.0059 -3.7400
v -0.3100 0.0000 -3.7400
v -0.0500 0.0000 -3.7400
v 0.2100 0.0000 -3.7400
v 0.2422 0.0059 -3.7400
v 0.2620 0.0165 -3.7400
v 0.2711 0.0239 -3.7400
v 0.2736 0.0264 -3.7400
v -0.3714 0.0286 -3.7165
v -0.3688 0.0264 -3.7156
v -0.3596 0.0199 -3.7132
v -0.3403 0.0108 -3.7097
v -0.3100 0.0059 -3.7078
v -0.0500 0.0059 -3.7078
v 0.2100 0.0059 -3.7078
v 0.2403 0.0108 -3.7097
v 0.2596 0.0199 -3.7132
v 0.2688 0.0264 -3.7156
v 0.2714 0.0286 -3.7165
v -0.3669 0.0331 -3.6998
v -0.3642 0.0313 -3.6985
v -0.3550 0.0264 -3.6950
v -0.3368 0.0199 -3.6904
v -0.3100 0.0165 -3.6880
v -0.0500 0.0165 -3.6880
v 0.2100 0.0165 -3.6880
v 0.2368 0.0199 -3.6904
v 0.2550 0.0264 -3.6950
v 0.2642 0.0313 -3.6985
v 0.2669 0.0331 -3.6998
v -0.3633 0.0367 -3.6908
v -0.3605 0.0353 -3.6895
v -0.3515 0.0313 -3.6858
v -0.3344 0.0264 -3.6812
v -0.3100 0.0239 -3.6789
v -0.0500 0.0239 -3.6789
v 0.2100 0.0239 -3.6789
v 0.2344 0.0264 -3.6812
v 0.2515 0.0313 -3.6858
v 0.2605 0.0353 -3.6895
v 0.2633 0.0367 -3.6908
v -0.3620 0.0380 -3.6880
v -0.3592 0.0367 -3.6867
v -0.3502 0.0331 -3.6831
v -0.3335 0.0286 -3.6786
v -0.3100 0.0264 -3.6764
v -0.0500 0.0264 -3.6764
v 0.2100 0.0264 -3.6764
v 0.2335 0.0286 -3.6786
v 0.2502 0.0331 -3.6831
v 0.2592 0.0367 -3.6867
v 0.2620 0.0380 -3.6880
v -0.3620 0.0380 -3.6880
v -0.3592 0.0367 -3.6867
v -0.3502 0.0331 -3.6831
v -0.3335 0.0286 -3.6786
v -0.3100 0.0264 -3.6764
v -0.0500 0.0264 -3.6764
v 0.2100 0.0264 -3.6764
v 0.2335 0.0286 -3.6786
v 0.2502 0.0331 -3.6831
v 0.2592 0.0367 -3.6867
v 0.2620 0.0380 -3.6880
v -0.3633 0.0408 -3.6867
v -0.3605 0.0395 -3.6853
v -0.3515 0.0358 -3.6813
v -0.3344 0.0312 -3.6764
v -0.3100 0.0289 -3.6739
v -0.0500 0.0289 -3.6739
v 0.2100 0.0289 -3.6739
v 0.2344 0.0312 -3.6764
v 0.2515 0.0358 -3.6813
v 0.2605 0.0395 -3.6853
v 0.2633 0.0408 -3.6867
v -0.3669 0.0498 -3.6831
v -0.3642 0.0485 -3.6813
v -0.3550 0.0450 -3.6764
v -0.3368 0.0404 -3.6699
v -0.3100 0.0380 -3.6665
v -0.0500 0.0380 -3.6665
v 0.2100 0.0380 -3.6665
v 0.2368 0.0404 -3.6699
v 0.2550 0.0450 -3.6764
v 0.2642 0.0485 -3.6813
v 0.2669 0.0498 -3.6831
v -0.3714 0.0665 -3.6786
v -0.3688 0.0656 -3.6764
v -0.3596 0.0632 -3.6699
v -0.3403 0.0597 -3.6608
v -0.3100 0.0578 -3.6559
v -0.0500 0.0578 -3.6559
v 0.2100 0.0578 -3.6559
v 0.2403 0.0597 -3.6608
v 0.2596 0.0632 -3.6699
v 0.2688 0.0656 -3.6764
v 0.2714 0.0665 -3.6786
v -0.3736 0.0900 -3.6764
v -0.3711 0.0900 -3.6739
v -0.3620 0.0900 -3.6665
v -0.3422 0.0900 -3.6559
v -0.3100 0.0900 -3.6500
v -0.0500 0.0900 -3.6500
v 0.2100 0.0900 -3.6500
v 0.2422 0.0900 -3.6559
v 0.2620 0.0900 -3.6665
v 0.2711 0.0900 -3.6739
v 0.2736 0.0900 -3.6764
v -0.3736 0.2900 -3.6764
v -0.3711 0.2900 -3.6739
v -0.3620 0.2900 -3.6665
v -0.3422 0.2900 -3.6559
v -0.3100 0.2900 -3.6500
v -0.0500 0.2900 -3.6500
v 0.2100 0.2900 -3.6500
v 0.2422 0.2900 -3.6559
v 0.2620 0.2900 -3.6665
v 0.2711 0.2900 -3.6739
v 0.2736 0.2900 -3.6764
v -0.3736 0.4900 -3.6764
v -0.3711 0.4900 -3.6739
v -0.3620 0.4900 -3.6665
v -0.3422 0.4900 -3.6559
v -0.3100 0.4900 -3.6500
v -0.0500 0.4900 -3.6500
v 0.2100 0.4900 -3.6500
v 0.2422 0.4900 -3.6559
v 0.2620 0.4900 -3.6665
v 0.2711 0.4900 -3.6739
v 0.2736 0.4900 -3.6764
v -0.3714 0.5135 -3.6786
v -0.3688 0.5144 -3.6764
v -0.3596 0.5168 -3.6699
v -0.3403 0.5203 -3.6608
v -0.3100 0.5222 -3.6559
v -0.0500 0.5222 -3.6559
v 0.2100 0.5222 -3.6559
v 0.2403 0.5203 -3.6608
v 0.2596 0.5168 -3.6699
v 0.2688 0.5144 -3.6764
v 0.2714 0.5135 -3.6786
v -0.3669 0.5302 -3.6831
v -0.3642 0.5315 -3.6813
v -0.3550 0.5350 -3.6764
v -0.3368 0.5396 -3.6699
v -0.3100 0.5420 -3.6665
v -0.0500 0.5420 -3.6665
v 0.2100 0.5420 -3.6665
v 0.2368 0.5396 -3.6699
v 0.2550 0.5350 -3.6764
v 0.2642 0.5315 -3.6813
v 0.2669 0.5302 -3.6831
v -0.3633 0.5392 -3.6867
v -0.3605 0.5405 -3.6853
v -0.3515 0.5442 -3.6813
v -0.3344 0.5488 -3.6764
v -0.3100 0.5511 -3.6739
v -0.0500 0.5511 -3.6739
v 0.2100 0.5511 -3.6739
v 0.2344 0.5488 -3.6764
v 0.2515 0.5442 -3.6813
v 0.2605 0.5405 -3.6853
v 0.2633 0.5392 -3.6867
v -0.3620 0.5420 -3.6880
v -0.3592 0.5433 -3.6867
v -0.3502 0.5469 -3.6831
v -0.3335 0.5514 -3.6786
v -0.3100 0.5536 -3.6764
v -0.0500 0.5536 -3.6764
v 0.2100 0.5536 -3.6764
v 0.2335 0.5514 -3.6786
v 0.2502 0.5469 -3.6831
v 0.2592 0.5433 -3.6867
v 0.2620 0.5420 -3.6880
v 0.2620 0.0380 -4.4120
v 0.2592 0.0367 -4.4133
v 0.2502 0.0331 -4.4169
v 0.2335 0.0286 -4.4214
v 0.2100 0.0264 -4.4236
v -0.0500 0.0264 -4.4236
v -0.3100 0.0264 -4.4236
v -0.3335 0.0286 -4.4214
v -0.3502 0.0331 -4.4169
v -0.3592 0.0367 -4.4133
v -0.3620 0.0380 -4.4120
v 0.2633 0.0408 -4.4133
v 0.2605 0.0395 -4.4147
v 0.2515 0.0358 -4.4187
v 0.2344 0.0312 -4.4236
v 0.2100 0.0289 -4.4261
v -0.0500 0.0289 -4.4261
v -0.3100 0.0289 -4.4261
v -0.3344 0.0312 -4.4236
v -0.3515 0.0358 -4.4187
v -0.3605 0.0395 -4.4147
v -0.3633 0.0408 -4.4133
v 0.2669 0.0498 -4.4169
v 0.2642 0.0485 -4.4187
v 0.2550 0.0450 -4.4236
v 0.2368 0.0404 -4.4301
v 0.2100 0.0380 -4.4335
v -0.0500 0.0380 -4.4335
v -0.3100 0.0380 -4.4335
v -0.3368 0.0404 -4.4301
v -0.3550 0.0450 -4.4236
v -0.3642 0.0485 -4.4187
v -0.3669 0.0498 -4.4169
v 0.2714 0.0665 -4.4214
v 0.2688 0.0656 -4.4236
v 0.2596 0.0632 -4.4301
v 0.2403 0.0597 -4.4392
v 0.2100 0.0578 -4.4441
v -0.0500 0.0578 -4.4441
v -0.3100 0.0578 -4.4441
v -0.3403 0.0597 -4.4392
v -0.3596 0.0632 -4.4301
v -0.3688 0.0656 -4.4236
v -0.3714 0.0665 -4.4214
v 0.2736 0.0900 -4.4236
v 0.2711 0.0900 -4.4261
v 0.2620 0.0900 -4.4335
v 0.2422 0.0900 -4.4441
v 0.2100 0.0900 -4.4500
v -0.0500 0.0900 -4.4500
v -0.3100 0.0900 -4.4500
v -0.3422 0.0900 -4.4441
v -0.3620 0.0900 -4.4335
v -0.3711 0.0900 -4.4261
v -0.3736 0.0900 -4.4236
v 0.2736 0.2900 -4.4236
v 0.2711 0.2900 -4.4261
v 0.2620 0.2900 -4.4335
v 0.2422 0.2900 -4.4441
v 0.2100 0.2900 -4.4500
v -0.0500 0.2900 -4.4500
v -0.3100 0.2900 -4.4500
v -0.3422 0.2900 -4.4441
v -0.3620 0.2900 -4.4335
v -0.3711 0.2900 -4.4261
v -0.3736 0.2900 -4.4236
v 0.2736 0.4900 -4.4236
v 0.2711 0.4900 -4.4261
v 0.2620 0.4900 -4.4335
v 0.2422 0.4900 -4.4441
v 0.2100 0.4900 -4.4500
v -0.0500 0.4900 -4.4500
v -0.3100 0.4900 -4.4500
v -0.3422 0.4900 -4.4441
v -0.3620 0.4900 -4.4335
v -0.3711 0.4900 -4.4261
v -0.3736 0.4900 -4.4236
v 0.2714 0.5135 -4.4214
v 0.2688 0.5144 -4.4236
v 0.2596 0.5168 -4.4301
v 0.2403 0.5203 -4.4392
v 0.2100 0.5222 -4.4441
v -0.0500 0.5222 -4.4441
v -0.3100 0.5222 -4.4441
v -0.3403 0.5203 -4.4392
v -0.3596 0.5168 -4.4301
v -0.3688 0.5144 -4.4236
v -0.3714 0.5135 -4.4214
v 0.2669 0.5302 -4.4169
v 0.2642 0.5315 -4.4187
v 0.2550 0.5350 -4.4236
v 0.2368 0.5396 -4.4301
v 0.2100 0.5420 -4.4335
v -0.0500 0.5420 -4.4335
v -0.3100 0.5420 -4.4335
v -0.3368 0.5396 -4.4301
v -0.3550 0.5350 -4.4236
v -0.3642 0.5315 -4.4187
v -0.3669 0.5302 -4.4169
v 0.2633 0.5392 -4.4133
v 0.2605 0.5405 -4.4147
v 0.2515 0.5442 -4.4187
v 0.2344 0.5488 -4.4236
v 0.2100 0.5511 -4.4261
v -0.0500 0.5511 -4.4261
v -0.3100 0.5511 -4.4261
v -0.3344 0.5488 -4.4236
v -0.3515 0.5442 -4.4187
v -0.3605 0.5405 -4.4147
v -0.3633 0.5392 -4.4133
v 0.2620 0.5420 -4.4120
v 0.2592 0.5433 -4.4133
v 0.2502 0.5469 -4.4169
v 0.2335 0.5514 -4.4214
v 0.2100 0.5536 -4.4236
v -0.0500 0.5536 -4.4236
v -0.3100 0.5536 -4.4236
v -0.3335 0.5514 -4.4214
v -0.3502 0.5469 -4.4169
v -0.3592 0.5433 -4.4133
v -0.3620 0.5420 -4.4120
vt 0.0000 0.0000
vt 0.0069 0.0000
vt 0.0264 0.0000
vt 0.0556 0.0000
vt 0.0900 0.0000
vt 0.4000 0.0000
vt 0.7100 0.0000
vt 0.7444 0.0000
vt 0.7736 0.0000
vt 0.7931 0.0000
vt 0.8000 0.0000
vt 0.0000 0.0069
vt 0.0069 0.0069
vt 0.0264 0.0069
vt 0.0556 0.0069
vt 0.0900 0.0069
vt 0.4000 0.0069
vt 0.7100 0.0069
vt 0.7444 0.0069
vt 0.7736 0.0069
vt 0.7931 0.0069
vt 0.8000 0.0069
vt 0.0000 0.0264
vt 0.0069 0.0264
vt 0.0264 0.0264
vt 0.0556 0.0264
vt 0.0900 0.0264
vt 0.4000 0.0264
vt 0.7100 0.0264
vt 0.7444 0.0264
vt 0.7736 0.0264
vt 0.7931 0.0264
vt 0.8000 0.0264
vt 0.0000 0.0556
vt 0.0069 0.0556
vt 0.0264 0.0556
vt 0.0556 0.0556
vt 0.0900 0.0556
vt 0.4000 0.0556
vt 0.7100 0.0556
vt 0.7444 0.0556
vt 0.7736 0.0556
vt 0.7931 0.0556
vt 0.8000 0.0556
vt 0.0000 0.0900
vt 0.0069 0.0900
vt 0.0264 0.0900
vt 0.0556 0.0900
vt 0.0900 0.0900
vt 0.4000 0.0900
vt 0.7100 0.0900
vt 0.7444 0.0900
vt 0.7736 0.0900
vt 0.7931 0.0900
vt 0.8000 0.0900
vt 0.0000 0.2900
vt 0.0069 0.2900
vt 0.0264 0.2900
vt 0.0556 0.2900
vt 0.0900 0.2900
vt 0.4000 0.2900
vt 0.7100 0.2900
vt 0.7444 0.2900
vt 0.7736 0.2900
vt 0.7931 0.2900
vt 0.8000 0.2900
vt 0.0000 0.4900
vt 0.0069 0.4900
vt 0.0264 0.4900
vt 0.0556 0.4900
vt 0.0900 0.4900
vt 0.4000 0.4900
vt 0.7100 0.4900
vt 0.7444 0.4900
vt 0.7736 0.4900
vt 0.7931 0.4900
vt 0.8000 0.4900
vt 0.0000 0.5244
vt 0.0069 0.5244
vt 0.0264 0.5244
vt 0.0556 0.5244
vt 0.0900 0.5244
vt 0.4000 0.5244
vt 0.7100 0.5244
vt 0.7444 0.5244
vt 0.7736 0.5244
vt 0.7931 0.5244
vt 0.8000 0.5244
vt 0.0000 0.5536
vt 0.0069 0.5536
vt 0.0264 0.5536
vt 0.0556 0.5536
vt 0.0900 0.5536
vt 0.4000 0.5536
vt 0.7100 0.5536
vt 0.7444 0.5536
vt 0.7736 0.5536
vt 0.7931 0.5536
vt 0.8000 0.5536
vt 0.0000 0.5731
vt 0.0069 0.5731
vt 0.0264 0.5731
vt 0.0556 0.5731
vt 0.0900 0.5731
vt 0.4000 0.5731
vt 0.7100 0.5731
vt 0.7444 0.5731
vt 0.7736 0.5731
vt 0.7931 0.5731
vt 0.8000 0.5731
vt 0.0000 0.5800
vt 0.0069 0.5800
vt 0.0264 0.5800
vt 0.0556 0.5800
vt 0.0900 0.5800
vt 0.4000 0.5800
vt 0.7100 0.5800
vt 0.7444 0.5800
vt 0.7736 0.5800
vt 0.7931 0.5800
vt 0.8000 0.5800
vt 0.0000 0.0000
vt 0.0069 0.0000
vt 0.0264 0.0000
vt 0.0556 0.0000
vt 0.0900 0.0000
vt 0.4000 0.0000
vt 0.7100 0.0000
vt 0.7444 0.0000
vt 0.7736 0.0000
vt 0.7931 0.0000
vt 0.8000 0.0000
vt 0.0000 0.0069
vt 0.0069 0.0069
vt 0.0264 0.0069
vt 0.0556 0.0069
vt 0.0900 0.0069
vt 0.4000 0.0069
vt 0.7100 0.0069
vt 0.7444 0.0069
vt 0.7736 0.0069
vt 0.7931 0.0069
vt 0.8000 0.0069
vt 0.0000 0.0264
vt 0.0069 0.0264
vt 0.0264 0.0264
vt 0.0556 0.0264
vt 0.0900 0.0264
vt 0.4000 0.0264
vt 0.7100 0.0264
vt 0.7444 0.0264
vt 0.7736 0.0264
vt 0.7931 0.0264
vt 0.8000 0.0264
vt 0.0000 0.0556
vt 0.0069 0.0556
vt 0.0264 0.0556
vt 0.0556 0.0556
vt 0.0900 0.0556
vt 0.4000 0.0556
vt 0.7100 0.0556
vt 0.7444 0.0556
vt 0.7736 0.0556
vt 0.7931 0.0556
vt 0.8000 0.0556
vt 0.0000 0.0900
vt 0.0069 0.0900
vt 0.0264 0.0900
vt 0.0556 0.0900
vt 0.0900 0.0900
vt 0.4000 0.0900
vt 0.7100 0.0900
vt 0.7444 0.0900
vt 0.7736 0.0900
vt 0.7931 0.0900
vt 0.8000 0.0900
vt 0.0000 0.2900
vt 0.0069 0.2900
vt 0.0264 0.2900
vt 0.0556 0.2900
vt 0.0900 0.2900
vt 0.4000 0.2900
vt 0.7100 0.2900
vt 0.7444 0.2900
vt 0.7736 0.2900
vt 0.7931 0.2900
vt 0.8000 0.2900
vt 0.0000 0.4900
vt 0.0069 0.4900
vt 0.0264 0.4900
vt 0.0556 0.4900
vt 0.0900 0.4900
vt 0.4000 0.4900
vt 0.7100 0.4900
vt 0.7444 0.4900
vt 0.7736 0.4900
vt 0.7931 0.4900
vt 0.8000 0.4900
vt 0.0000 0.5244
vt 0.0069 0.5244
vt 0.0264 0.5244
vt 0.0556 0.5244
vt 0.0900 0.5244
vt 0.4000 0.5244
vt 0.7100 0.5244
vt 0.7444 0.5244
vt 0.7736 0.5244
vt 0.7931 0.5244
vt 0.8000 0.5244
vt 0.0000 0.5536
vt 0.0069 0.5536
vt 0.0264 0.5536
vt 0.0556 0.5536
vt 0.0900 0.5536
vt 0.4000 0.5536
vt 0.7100 0.5536
vt 0.7444 0.5536
vt 0.7736 0.5536
vt 0.7931 0.5536
vt 0.8000 0.5536
vt 0.0000 0.5731
vt 0.0069 0.5731
vt 0.0264 0.5731
vt 0.0556 0.5731
vt 0.0900 0.5731
vt 0.4000 0.5731
vt 0.7100 0.5731
vt 0.7444 0.5731
vt 0.7736 0.5731
vt 0.7931 0.5731
vt 0.8000 0.5731
vt 0.0000 0.5800
vt 0.0069 0.5800
vt 0.0264 0.5800
vt 0.0556 0.5800
vt 0.0900 0.5800
vt 0.4000 0.5800
vt 0.7100 0.5800
vt 0.7444 0.5800
vt 0.7736 0.5800
vt 0.7931 0.5800
vt 0.8000 0.5800
vt 0.0000 0.0000
vt 0.0069 0.0000
vt 0.0264 0.0000
vt 0.0556 0.0000
vt 0.0900 0.0000
vt 0.3500 0.0000
vt 0.6100 0.0000
vt 0.6444 0.0000
vt 0.6736 0.0000
vt 0.6931 0.0000
vt 0.7000 0.0000
vt 0.0000 0.0069
vt 0.0069 0.0069
vt 0.0264 0.0069
vt 0.0556 0.0069
vt 0.0900 0.0069
vt 0.3500 0.0069
vt 0.6100 0.0069
vt 0.6444 0.0069
vt 0.6736 0.0069
vt 0.6931 0.0069
vt 0.7000 0.0069
vt 0.0000 0.0264
vt 0.0069 0.0264
vt 0.0264 0.0264
vt 0.0556 0.0264
vt 0.0900 0.0264
vt 0.3500 0.0264
vt 0.6100 0.0264
vt 0.6444 0.0264
vt 0.6736 0.0264
vt 0.6931 0.0264
vt 0.7000 0.0264
vt 0.0000 0.0556
vt 0.0069 0.0556
vt 0.0264 0.0556
vt 0.0556 0.0556
vt 0.0900 0.0556
vt 0.3500 0.0556
vt 0.6100 0.0556
vt 0.6444 0.0556
vt 0.6736 0.0556
vt 0.6931 0.0556
vt 0.7000 0.0556
vt 0.0000 0.0900
vt 0.0069 0.0900
vt 0.0264 0.0900
vt 0.0556 0.0900
vt 0.0900 0.0900
vt 0.3500 0.0900
vt 0.6100 0.0900
vt 0.6444 0.0900
vt 0.6736 0.0900
vt 0.6931 0.0900
vt 0.7000 0.0900
vt 0.0000 0.4000
vt 0.0069 0.4000
vt 0.0264 0.4000
vt 0.0556 0.4000
vt 0.0900 0.4000
vt 0.3500 0.4000
vt 0.6100 0.4000
vt 0.6444 0.4000
vt 0.6736 0.4000
vt 0.6931 0.4000
vt 0.7000 0.4000
vt 0.0000 0.7100
vt 0.0069 0.7100
vt 0.0264 0.7100
vt 0.0556 0.7100
vt 0.0900 0.7100
vt 0.3500 0.7100
vt 0.6100 0.7100
vt 0.6444 0.7100
vt 0.6736 0.7100
vt 0.6931 0.7100
vt 0.7000 0.7100
vt 0.0000 0.7444
vt 0.0069 0.7444
vt 0.0264 0.7444
vt 0.0556 0.7444
vt 0.0900 0.7444
vt 0.3500 0.7444
vt 0.6100 0.7444
vt 0.6444 0.7444
vt 0.6736 0.7444
vt 0.6931 0.7444
vt 0.7000 0.7444
vt 0.0000 0.7736
vt 0.0069 0.7736
vt 0.0264 0.7736
vt 0.0556 0.7736
vt 0.0900 0.7736
vt 0.3500 0.7736
vt 0.6100 0.7736
vt 0.6444 0.7736
vt 0.6736 0.7736
vt 0.6931 0.7736
vt 0.7000 0.7736
vt 0.0000 0.7931
vt 0.0069 0.7931
vt 0.0264 0.7931
vt 0.0556 0.7931
vt 0.0900 0.7931
vt 0.3500 0.7931
vt 0.6100 0.7931
vt 0.6444 0.7931
vt 0.6736 0.7931
vt 0.6931 0.7931
vt 0.7000 0.7931
vt 0.0000 0.8000
vt 0.0069 0.8000
vt 0.0264 0.8000
vt 0.0556 0.8000
vt 0.0900 0.8000
vt 0.3500 0.8000
vt 0.6100 0.8000
vt 0.6444 0.8000
vt 0.6736 0.8000
vt 0.6931 0.8000
vt 0.7000 0.8000
vt 0.0000 0.0000
vt 0.0069 0.0000
vt 0.0264 0.0000
vt 0.0556 0.0000
vt 0.0900 0.0000
vt 0.3500 0.0000
vt 0.6100 0.0000
vt 0.6444 0.0000
vt 0.6736 0.0000
vt 0.6931 0.0000
vt 0.7000 0.0000
vt 0.0000 0.0069
vt 0.0069 0.0069
vt 0.0264 0.0069
vt 0.0556 0.0069
vt 0.0900 0.0069
vt 0.3500 0.0069
vt 0.6100 0.0069
vt 0.6444 0.0069
vt 0.6736 0.0069
vt 0.6931 0.0069
vt 0.7000 0.0069
vt 0.0000 0.0264
vt 0.0069 0.0264
vt 0.0264 0.0264
vt 0.0556 0.0264
vt 0.0900 0.0264
vt 0.3500 0.0264
vt 0.6100 0.0264
vt 0.6444 0.0264
vt 0.6736 0.0264
vt 0.6931 0.0264
vt 0.7000 0.0264
vt 0.0000 0.0556
vt 0.0069 0.0556
vt 0.0264 0.0556
vt 0.0556 0.0556
vt 0.0900 0.0556
vt 0.3500 0.0556
vt 0.6100 0.0556
vt 0.6444 0.0556
vt 0.6736 0.0556
vt 0.6931 0.0556
vt 0.7000 0.0556
vt 0.0000 0.0900
vt 0.0069 0.0900
vt 0.0264 0.0900
vt 0.0556 0.0900
vt 0.0900 0.0900
vt 0.3500 0.0900
vt 0.6100 0.0900
vt 0.6444 0.0900
vt 0.6736 0.0900
vt 0.6931 0.0900
vt 0.7000 0.0900
vt 0.0000 0.4000
vt 0.0069 0.4000
vt 0.0264 0.4000
vt 0.0556 0.4000
vt 0.0900 0.4000
vt 0.3500 0.4000
vt 0.6100 0.4000
vt 0.6444 0.4000
vt 0.6736 0.4000
vt 0.6931 0.4000
vt 0.7000 0.4000
vt 0.0000 0.7100
vt 0.0069 0.7100
vt 0.0264 0.7100
vt 0.0556 0.7100
vt 0.0900 0.7100
vt 0.3500 0.7100
vt 0.6100 0.7100
vt 0.6444 0.7100
vt 0.6736 0.7100
vt 0.6931 0.7100
vt 0.7000 0.7100
vt 0.0000 0.7444
vt 0.0069 0.7444
vt 0.0264 0.7444
vt 0.0556 0.7444
vt 0.0900 0.7444
vt 0.3500 0.7444
vt 0.6100 0.7444
vt 0.6444 0.7444
vt 0.6736 0.7444
vt 0.6931 0.7444
vt 0.7000 0.7444
vt 0.0000 0.7736
vt 0.0069 0.7736
vt 0.0264 0.7736
vt 0.0556 0.7736
vt 0.0900 0.7736
vt 0.3500 0.7736
vt 0.6100 0.7736
vt 0.6444 0.7736
vt 0.6736 0.7736
vt 0.6931 0.7736
vt 0.7000 0.7736
vt 0.0000 0.7931
vt 0.0069 0.7931
vt 0.0264 0.7931
vt 0.0556 0.7931
vt 0.0900 0.7931
vt 0.3500 0.7931
vt 0.6100 0.7931
vt 0.6444 0.7931
vt 0.6736 0.7931
vt 0.6931 0.7931
vt 0.7000 0.7931
vt 0.0000 0.8000
vt 0.0069 0.8000
vt 0.0264 0.8000
vt 0.0556 0.8000
vt 0.0900 0.8000
vt 0.3500 0.8000
vt 0.6100 0.8000
vt 0.6444 0.8000
vt 0.6736 0.8000
vt 0.6931 0.8000
vt 0.7000 0.8000
vt 0.0000 0.0000
vt 0.0069 0.0000
vt 0.0264 0.0000
vt 0.0556 0.0000
vt 0.0900 0.0000
vt 0.3500 0.0000
vt 0.6100 0.0000
vt 0.6444 0.0000
vt 0.6736 0.0000
vt 0.6931 0.0000
vt 0.7000 0.0000
vt 0.0000 0.0069
vt 0.0069 0.0069
vt 0.0264 0.0069
vt 0.0556 0.0069
vt 0.0900 0.0069
vt 0.3500 0.0069
vt 0.6100 0.0069
vt 0.6444 0.0069
vt 0.6736 0.0069
vt 0.6931 0.0069
vt 0.7000 0.0069
vt 0.0000 0.0264
vt 0.0069 0.0264
vt 0.0264 0.0264
vt 0.0556 0.0264
vt 0.0900 0.0264
vt 0.3500 0.0264
vt 0.6100 0.0264
vt 0.6444 0.0264
vt 0.6736 0.0264
vt 0.6931 0.0264
vt 0.7000 0.0264
vt 0.0000 0.0556
vt 0.0069 0.0556
vt 0.0264 0.0556
vt 0.0556 0.0556
vt 0.0900 0.0556
vt 0.3500 0.0556
vt 0.6100 0.0556
vt 0.6444 0.0556
vt 0.6736 0.0556
vt 0.6931 0.0556
vt 0.7000 0.0556
vt 0.0000 0.0900
vt 0.0069 0.0900
vt 0.0264 0.0900
vt 0.0556 0.0900
vt 0.0900 0.0900
vt 0.3500 0.0900
vt 0.6100 0.0900
vt 0.6444 0.0900
vt 0.6736 0.0900
vt 0.6931 0.0900
vt 0.7000 0.0900
vt 0.0000 0.2900
vt 0.0069 0.2900
vt 0.0264 0.2900
vt 0.0556 0.2900
vt 0.0900 0.2900
vt 0.3500 0.2900
vt 0.6100 0.2900
vt 0.6444 0.2900
vt 0.6736 0.2900
vt 0.6931 0.2900
vt 0.7000 0.2900
vt 0.0000 0.4900
vt 0.0069 0.4900
vt 0.0264 0.4900
vt 0.0556 0.4900
vt 0.0900 0.4900
vt 0.3500 0.4900
vt 0.6100 0.4900
vt 0.6444 0.4900
vt 0.6736 0.4900
vt 0.6931 0.4900
vt 0.7000 0.4900
vt 0.0000 0.5244
vt 0.0069 0.5244
vt 0.0264 0.5244
vt 0.0556 0.5244
vt 0.0900 0.5244
vt 0.3500 0.5244
vt 0.6100 0.5244
vt 0.6444 0.5244
vt 0.6736 0.5244
vt 0.6931 0.5244
vt 0.7000 0.5244
vt 0.0000 0.5536
vt 0.0069 0.5536
vt 0.0264 0.5536
vt 0.0556 0.5536
vt 0.0900 0.5536
vt 0.3500 0.5536
vt 0.6100 0.5536
vt 0.6444 0.5536
vt 0.6736 0.5536
vt 0.6931 0.5536
vt 0.7000 0.5536
vt 0.0000 0.5731
vt 0.0069 0.5731
vt 0.0264 0.5731
vt 0.0556 0.5731
vt 0.0900 0.5731
vt 0.3500 0.5731
vt 0.6100 0.5731
vt 0.6444 0.5731
vt 0.6736 0.5731
vt 0.6931 0.5731
vt 0.7000 0.5731
vt 0.0000 0.5800
vt 0.0069 0.5800
vt 0.0264 0.5800
vt 0.0556 0.5800
vt 0.0900 0.5800
vt 0.3500 0.5800
vt 0.6100 0.5800
vt 0.6444 0.5800
vt 0.6736 0.5800
vt 0.6931 0.5800
vt 0.7000 0.5800
vt 0.0000 0.0000
vt 0.0069 0.0000
vt 0.0264 0.0000
vt 0.0556 0.0000
vt 0.0900 0.0000
vt 0.3500 0.0000
vt 0.6100 0.0000
vt 0.6444 0.0000
vt 0.6736 0.0000
vt 0.6931 0.0000
vt 0.7000 0.0000
vt 0.0000 0.0069
vt 0.0069 0.0069
vt 0.0264 0.0069
vt 0.0556 0.0069
vt 0.0900 0.0069
vt 0.3500 0.0069
vt 0.6100 0.0069
vt 0.6444 0.0069
vt 0.6736 0.0069
vt 0.6931 0.0069
vt 0.7000 0.0069
vt 0.0000 0.0264
vt 0.0069 0.0264
vt 0.0264 0.0264
vt 0.0556 0.0264
vt 0.0900 0.0264
vt 0.3500 0.0264
vt 0.6100 0.0264
vt 0.6444 0.0264
vt 0.6736 0.0264
vt 0.6931 0.0264
vt 0.7000 0.0264
vt 0.0000 0.0556
vt 0.0069 0.0556
vt 0.0264 0.0556
vt 0.0556 0.0556
vt 0.0900 0.0556
vt 0.3500 0.0556
vt 0.6100 0.0556
vt 0.6444 0.0556
vt 0.6736 0.0556
vt 0.6931 0.0556
vt 0.7000 0.0556
vt 0.0000 0.0900
vt 0.0069 0.0900
vt 0.0264 0.0900
vt 0.0556 0.0900
vt 0.0900 0.0900
vt 0.3500 0.0900
vt 0.6100 0.0900
vt 0.6444 0.0900
vt 0.6736 0.0900
vt 0.6931 0.0900
vt 0.7000 0.0900
vt 0.0000 0.2900
vt 0.0069 0.2900
vt 0.0264 0.2900
vt 0.0556 0.2900
vt 0.0900 0.2900
vt 0.3500 0.2900
vt 0.6100 0.2900
vt 0.6444 0.2900
vt 0.6736 0.2900
vt 0.6931 0.2900
vt 0.7000 0.2900
vt 0.0000 0.4900
vt 0.0069 0.4900
vt 0.0264 0.4900
vt 0.0556 0.4900
vt 0.0900 0.4900
vt 0.3500 0.4900
vt 0.6100 0.4900
vt 0.6444 0.4900
vt 0.6736 0.4900
vt 0.6931 0.4900
vt 0.7000 0.4900
vt 0.0000 0.5244
vt 0.0069 0.5244
vt 0.0264 0.5244
vt 0.0556 0.5244
vt 0.0900 0.5244
vt 0.3500 0.5244
vt 0.6100 0.5244
vt 0.6444 0.5244
vt 0.6736 0.5244
vt 0.6931 0.5244
vt 0.7000 0.5244
vt 0.0000 0.5536
vt 0.0069 0.5536
vt 0.0264 0.5536
vt 0.0556 0.5536
vt 0.0900 0.5536
vt 0.3500 0.5536
vt 0.6100 0.5536
vt 0.6444 0.5536
vt 0.6736 0.5536
vt 0.6931 0.5536
vt 0.7000 0.5536
vt 0.0000 0.5731
vt 0.0069 0.5731
vt 0.0264 0.5731
vt 0.0556 0.5731
vt 0.0900 0.5731
vt 0.3500 0.5731
vt 0.6100 0.5731
vt 0.6444 0.5731
vt 0.6736 0.5731
vt 0.6931 0.5731
vt 0.7000 0.5731
vt 0.0000 0.5800
vt 0.0069 0.5800
vt 0.0264 0.5800
vt 0.0556 0.5800
vt 0.0900 0.5800
vt 0.3500 0.5800
vt 0.6100 0.5800
vt 0.6444 0.5800
vt 0.6736 0.5800
vt 0.6931 0.5800
vt 0.7000 0.5800
vn 0.577 -0.577 0.577
vn 0.592 -0.592 0.547
vn 0.632 -0.632 0.447
vn 0.683 -0.683 0.261
vn 0.707 -0.707 0.000
vn 0.707 -0.707 0.000
vn 0.707 -0.707 0.000
vn 0.683 -0.683 -0.261
vn 0.632 -0.632 -0.447
vn 0.592 -0.592 -0.547
vn 0.577 -0.577 -0.577
vn 0.592 -0.547 0.592
vn 0.608 -0.562 0.562
vn 0.652 -0.602 0.461
vn 0.707 -0.653 0.271
vn 0.735 -0.679 0.000
vn 0.735 -0.679 0.000
vn 0.735 -0.679 0.000
vn 0.707 -0.653 -0.271
vn 0.652 -0.602 -0.461
vn 0.608 -0.562 -0.562
vn 0.592 -0.547 -0.592
vn 0.632 -0.447 0.632
vn 0.652 -0.461 0.602
vn 0.707 -0.500 0.500
vn 0.779 -0.551 0.298
vn 0.816 -0.577 0.000
vn 0.816 -0.577 0.000
vn 0.816 -0.577 0.000
vn 0.779 -0.551 -0.298
vn 0.707 -0.500 -0.500
vn 0.652 -0.461 -0.602
vn 0.632 -0.447 -0.632
vn 0.683 -0.261 0.683
vn 0.707 -0.271 0.653
vn 0.779 -0.298 0.551
vn 0.879 -0.337 0.337
vn 0.934 -0.357 0.000
vn 0.934 -0.357 0.000
vn 0.934 -0.357 0.000
vn 0.879 -0.337 -0.337
vn 0.779 -0.298 -0.551
vn 0.707 -0.271 -0.653
vn 0.683 -0.261 -0.683
vn 0.707 0.000 0.707
vn 0.735 0.000 0.679
vn 0.816 0.000 0.577
vn 0.934 0.000 0.357
vn 1.000 0.000 0.000
vn 1.000 0.000 0.000
vn 1.000 0.000 0.000
vn 0.934 0.000 -0.357
vn 0.816 0.000 -0.577
vn 0.735 0.000 -0.679
vn 0.707 0.000 -0.707
vn 0.707 0.000 0.707
vn 0.735 0.000 0.679
vn 0.816 0.000 0.577
vn 0.934 0.000 0.357
vn 1.000 0.000 0.000
vn 1.000 0.000 0.000
vn 1.000 0.000 0.000
vn 0.934 0.000 -0.357
vn 0.816 0.000 -0.577
vn 0.735 0.000 -0.679
vn 0.707 0.000 -0.707
vn 0.707 0.000 0.707
vn 0.735 0.000 0.679
vn 0.816 0.000 0.577
vn 0.934 0.000 0.357
vn 1.000 0.000 0.000
vn 1.000 0.000 0.000
vn 1.000 0.000 0.000
vn 0.934 0.000 -0.357
vn 0.816 0.000 -0.577
vn 0.735 0.000 -0.679
vn 0.707 0.000 -0.707
vn 0.683 0.261 0.683
vn 0.707 0.271 0.653
vn 0.779 0.298 0.551
vn 0.879 0.337 0.337
vn 0.934 0.357 0.000
vn 0.934 0.357 0.000
vn 0.934 0.357 0.000
vn 0.879 0.337 -0.337
vn 0.779 0.298 -0.551
vn 0.707 0.271 -0.653
vn 0.683 0.261 -0.683
vn 0.632 0.447 0.632
vn 0.652 0.461 0.602
vn 0.707 0.500 0.500
vn 0.779 0.551 0.298
vn 0.816 0.577 0.000
vn 0.816 0.577 0.000
vn 0.816 0.577 0.000
vn 0.779 0.551 -0.298
vn 0.707 0.500 -0.500
vn 0.652 0.461 -0.602
vn 0.632 0.447 -0.632
vn 0.592 0.547 0.592
vn 0.608 0.562 0.562
vn 0.652 0.602 0.461
vn 0.707 0.653 0.271
vn 0.735 0.679 0.000
vn 0.735 0.679 0.000
vn 0.735 0.679 0.000
vn 0.707 0.653 -0.271
vn 0.652 0.602 -0.461
vn 0.608 0.562 -0.562
vn 0.592 0.547 -0.592
vn 0.577 0.577 0.577
vn 0.592 0.592 0.547
vn 0.632 0.632 0.447
vn 0.683 0.683 0.261
vn 0.707 0.707 0.000
vn 0.707 0.707 0.000
vn 0.707 0.707 0.000
vn 0.683 0.683 -0.261
vn 0.632 0.632 -0.447
vn 0.592 0.592 -0.547
vn 0.577 0.577 -0.577
vn -0.577 -0.577 -0.577
vn -0.592 -0.592 -0.547
vn -0.632 -0.632 -0.447
vn -0.683 -0.683 -0.261
vn -0.707 -0.707 0.000
vn -0.707 -0.707 0.000
vn -0.707 -0.707 0.000
vn -0.683 -0.683 0.261
vn -0.632 -0.632 0.447
vn -0.592 -0.592 0.547
vn -0.577 -0.577 0.577
vn -0.592 -0.547 -0.592
vn -0.608 -0.562 -0.562
vn -0.652 -0.602 -0.461
vn -0.707 -0.653 -0.271
vn -0.735 -0.679 0.000
vn -0.735 -0.679 0.000
vn -0.735 -0.679 0.000
vn -0.707 -0.653 0.271
vn -0.652 -0.602 0.461
vn -0.608 -0.562 0.562
vn -0.592 -0.547 0.592
vn -0.632 -0.447 -0.632
vn -0.652 -0.461 -0.602
vn -0.707 -0.500 -0.500
vn -0.779 -0.551 -0.298
vn -0.816 -0.577 0.000
vn -0.816 -0.577 0.000
vn -0.816 -0.577 0.000
vn -0.779 -0.551 0.298
vn -0.707 -0.500 0.500
vn -0.652 -0.461 0.602
vn -0.632 -0.447 0.632
vn -0.683 -0.261 -0.683
vn -0.707 -0.271 -0.653
vn -0.779 -0.298 -0.551
vn -0.879 -0.337 -0.337
vn -0.934 -0.357 0.000
vn -0.934 -0.357 0.000
vn -0.934 -0.357 0.000
vn -0.879 -0.337 0.337
vn -0.779 -0.298 0.551
vn -0.707 -0.271 0.653
vn -0.683 -0.261 0.683
vn -0.707 0.000 -0.707
vn -0.735 0.000 -0.679
vn -0.816 0.000 -0.577
vn -0.934 0.000 -0.357
vn -1.000 0.000 0.000
vn -1.000 0.000 0.000
vn -1.000 0.000 0.000
vn -0.934 0.000 0.357
vn -0.816 0.000 0.577
vn -0.735 0.000 0.679
vn -0.707 0.000 0.707
vn -0.707 0.000 -0.707
vn -0.735 0.000 -0.679
vn -0.816 0.000 -0.577
vn -0.934 0.000 -0.357
vn -1.000 0.000 0.000
vn -1.000 0.000 0.000
vn -1.000 0.000 0.000
vn -0.934 0.000 0.357
vn -0.816 0.000 0.577
vn -0.735 0.000 0.679
vn -0.707 0.000 0.707
vn -0.707 0.000 -0.707
vn -0.735 0.000 -0.679
vn -0.816 0.000 -0.577
vn -0.934 0.000 -0.357
vn -1.000 0.000 0.000
vn -1.000 0.000 0.000
vn -1.000 0.000 0.000
vn -0.934 0.000 0.357
vn -0.816 0.000 0.577
vn -0.735 0.000 0.679
vn -0.707 0.000 0.707
vn -0.683 0.261 -0.683
vn -0.707 0.271 -0.653
vn -0.779 0.298 -0.551
vn -0.879 0.337 -0.337
vn -0.934 0.357 0.000
vn -0.934 0.357 0.000
vn -0.934 0.357 0.000
vn -0.879 0.337 0.337
vn -0.779 0.298 0.551
vn -0.707 0.271 0.653
vn -0.683 0.261 0.683
vn -0.632 0.447 -0.632
vn -0.652 0.461 -0.602
vn -0.707 0.500 -0.500
vn -0.779 0.551 -0.298
vn -0.816 0.577 0.000
vn -0.816 0.577 0.000
vn -0.816 0.577 0.000
vn -0.779 0.551 0.298
vn -0.707 0.500 0.500
vn -0.652 0.461 0.602
vn -0.632 0.447 0.632
vn -0.592 0.547 -0.592
vn -0.608 0.562 -0.562
vn -0.652 0.602 -0.461
vn -0.707 0.653 -0.271
vn -0.735 0.679 0.000
vn -0.735 0.679 0.000
vn -0.735 0.679 0.000
vn -0.707 0.653 0.271
vn -0.652 0.602 0.461
vn -0.608 0.562 0.562
vn -0.592 0.547 0.592
vn -0.577 0.577 -0.577
vn -0.592 0.592 -0.547
vn -0.632 0.632 -0.447
vn -0.683 0.683 -0.261
vn -0.707 0.707 0.000
vn -0.707 0.707 0.000
vn -0.707 0.707 0.000
vn -0.683 0.683 0.261
vn -0.632 0.632 0.447
vn -0.592 0.592 0.547
vn -0.577 0.577 0.577
vn -0.577 0.577 0.577
vn -0.547 0.592 0.592
vn -0.447 0.632 0.632
vn -0.261 0.683 0.683
vn 0.000 0.707 0.707
vn 0.000 0.707 0.707
vn 0.000 0.707 0.707
vn 0.261 0.683 0.683
vn 0.447 0.632 0.632
vn 0.547 0.592 0.592
vn 0.577 0.577 0.577
vn -0.592 0.592 0.547
vn -0.562 0.608 0.562
vn -0.461 0.652 0.602
vn -0.271 0.707 0.653
vn 0.000 0.735 0.679
vn 0.000 0.735 0.679
vn 0.000 0.735 0.679
vn 0.271 0.707 0.653
vn 0.461 0.652 0.602
vn 0.562 0.608 0.562
vn 0.592 0.592 0.547
vn -0.632 0.632 0.447
vn -0.602 0.652 0.461
vn -0.500 0.707 0.500
vn -0.298 0.779 0.551
vn 0.000 0.816 0.577
vn 0.000 0.816 0.577
vn 0.000 0.816 0.577
vn 0.298 0.779 0.551
vn 0.500 0.707 0.500
vn 0.602 0.652 0.461
vn 0.632 0.632 0.447
vn -0.683 0.683 0.261
vn -0.653 0.707 0.271
vn -0.551 0.779 0.298
vn -0.337 0.879 0.337
vn 0.000 0.934 0.357
vn 0.000 0.934 0.357
vn 0.000 0.934 0.357
vn 0.337 0.879 0.337
vn 0.551 0.779 0.298
vn 0.653 0.707 0.271
vn 0.683 0.683 0.261
vn -0.707 0.707 0.000
vn -0.679 0.735 0.000
vn -0.577 0.816 0.000
vn -0.357 0.934 0.000
vn 0.000 1.000 0.000
vn 0.000 1.000 0.000
vn 0.000 1.000 0.000
vn 0.357 0.934 0.000
vn 0.577 0.816 0.000
vn 0.679 0.735 0.000
vn 0.707 0.707 0.000
vn -0.707 0.707 0.000
vn -0.679 0.735 0.000
vn -0.577 0.816 0.000
vn -0.357 0.934 0.000
vn 0.000 1.000 0.000
vn 0.000 1.000 0.000
vn 0.000 1.000 0.000
vn 0.357 0.934 0.000
vn 0.577 0.816 0.000
vn 0.679 0.735 0.000
vn 0.707 0.707 0.000
vn -0.707 0.707 0.000
vn -0.679 0.735 0.000
vn -0.577 0.816 0.000
vn -0.357 0.934 0.000
vn 0.000 1.000 0.000
vn 0.000 1.000 0.000
vn 0.000 1.000 0.000
vn 0.357 0.934 0.000
vn 0.577 0.816 0.000
vn 0.679 0.735 0.000
vn 0.707 0.707 0.000
vn -0.683 0.683 -0.261
vn -0.653 0.707 -0.271
vn -0.551 0.779 -0.298
vn -0.337 0.879 -0.337
vn 0.000 0.934 -0.357
vn 0.000 0.934 -0.357
vn 0.000 0.934 -0.357
vn 0.337 0.879 -0.337
vn 0.551 0.779 -0.298
vn 0.653 0.707 -0.271
vn 0.683 0.683 -0.261
vn -0.632 0.632 -0.447
vn -0.602 0.652 -0.461
vn -0.500 0.707 -0.500
vn -0.298 0.779 -0.551
vn 0.000 0.816 -0.577
vn 0.000 0.816 -0.577
vn 0.000 0.816 -0.577
vn 0.298 0.779 -0.551
vn 0.500 0.707 -0.500
vn 0.602 0.652 -0.461
vn 0.632 0.632 -0.447
vn -0.592 0.592 -0.547
vn -0.562 0.608 -0.562
vn -0.461 0.652 -0.602
vn -0.271 0.707 -0.653
vn 0.000 0.735 -0.679
vn 0.000 0.735 -0.679
vn 0.000 0.735 -0.679
vn 0.271 0.707 -0.653
vn 0.461 0.652 -0.602
vn 0.562 0.608 -0.562
vn 0.592 0.592 -0.547
vn -0.577 0.577 -0.577
vn -0.547 0.592 -0.592
vn -0.447 0.632 -0.632
vn -0.261 0.683 -0.683
vn 0.000 0.707 -0.707
vn 0.000 0.707 -0.707
vn 0.000 0.707 -0.707
vn 0.261 0.683 -0.683
vn 0.447 0.632 -0.632
vn 0.547 0.592 -0.592
vn 0.577 0.577 -0.577
vn -0.577 -0.577 -0.577
vn -0.547 -0.592 -0.592
vn -0.447 -0.632 -0.632
vn -0.261 -0.683 -0.683
vn 0.000 -0.707 -0.707
vn 0.000 -0.707 -0.707
vn 0.000 -0.707 -0.707
vn 0.261 -0.683 -0.683
vn 0.447 -0.632 -0.632
vn 0.547 -0.592 -0.592
vn 0.577 -0.577 -0.577
vn -0.592 -0.592 -0.547
vn -0.562 -0.608 -0.562
vn -0.461 -0.652 -0.602
vn -0.271 -0.707 -0.653
vn 0.000 -0.735 -0.679
vn 0.000 -0.735 -0.679
vn 0.000 -0.735 -0.679
vn 0.271 -0.707 -0.653
vn 0.461 -0.652 -0.602
vn 0.562 -0.608 -0.562
vn 0.592 -0.592 -0.547
vn -0.632 -0.632 -0.447
vn -0.602 -0.652 -0.461
vn -0.500 -0.707 -0.500
vn -0.298 -0.779 -0.551
vn 0.000 -0.816 -0.577
vn 0.000 -0.816 -0.577
vn 0.000 -0.816 -0.577
vn 0.298 -0.779 -0.551
vn 0.500 -0.707 -0.500
vn 0.602 -0.652 -0.461
vn 0.632 -0.632 -0.447
vn -0.683 -0.683 -0.261
vn -0.653 -0.707 -0.271
vn -0.551 -0.779 -0.298
vn -0.337 -0.879 -0.337
vn 0.000 -0.934 -0.357
vn 0.000 -0.934 -0.357
vn 0.000 -0.934 -0.357
vn 0.337 -0.879 -0.337
vn 0.551 -0.779 -0.298
vn 0.653 -0.707 -0.271
vn 0.683 -0.683 -0.261
vn -0.707 -0.707 0.000
vn -0.679 -0.735 0.000
vn -0.577 -0.816 0.000
vn -0.357 -0.934 0.000
vn 0.000 -1.000 0.000
vn 0.000 -1.000 0.000
vn 0.000 -1.000 0.000
vn 0.357 -0.934 0.000
vn 0.577 -0.816 0.000
vn 0.679 -0.735 0.000
vn 0.707 -0.707 0.000
vn -0.707 -0.707 0.000
vn -0.679 -0.735 0.000
vn -0.577 -0.816 0.000
vn -0.357 -0.934 0.000
vn 0.000 -1.000 0.000
vn 0.000 -1.000 0.000
vn 0.000 -1.000 0.000
vn 0.357 -0.934 0.000
vn 0.577 -0.816 0.000
vn 0.679 -0.735 0.000
vn 0.707 -0.707 0.000
vn -0.707 -0.707 0.000
vn -0.679 -0.735 0.000
vn -0.577 -0.816 0.000
vn -0.357 -0.934 0.000
vn 0.000 -1.000 0.000
vn 0.000 -1.000 0.000
vn 0.000 -1.000 0.000
vn 0.357 -0.934 0.000
vn 0.577 -0.816 0.000
vn 0.679 -0.735 0.000
vn 0.707 -0.707 0.000
vn -0.683 -0.683 0.261
vn -0.653 -0.707 0.271
vn -0.551 -0.779 0.298
vn -0.337 -0.879 0.337
vn 0.000 -0.934 0.357
vn 0.000 -0.934 0.357
vn 0.000 -0.934 0.357
vn 0.337 -0.879 0.337
vn 0.551 -0.779 0.298
vn 0.653 -0.707 0.271
vn 0.683 -0.683 0.261
vn -0.632 -0.632 0.447
vn -0.602 -0.652 0.461
vn -0.500 -0.707 0.500
vn -0.298 -0.779 0.551
vn 0.000 -0.816 0.577
vn 0.000 -0.816 0.577
vn 0.000 -0.816 0.577
vn 0.298 -0.779 0.551
vn 0.500 -0.707 0.500
vn 0.602 -0.652 0.461
vn 0.632 -0.632 0.447
vn -0.592 -0.592 0.547
vn -0.562 -0.608 0.562
vn -0.461 -0.652 0.602
vn -0.271 -0.707 0.653
vn 0.000 -0.735 0.679
vn 0.000 -0.735 0.679
vn 0.000 -0.735 0.679
vn 0.271 -0.707 0.653
vn 0.461 -0.652 0.602
vn 0.562 -0.608 0.562
vn 0.592 -0.592 0.547
vn -0.577 -0.577 0.577
vn -0.547 -0.592 0.592
vn -0.447 -0.632 0.632
vn -0.261 -0.683 0.683
vn 0.000 -0.707 0.707
vn 0.000 -0.707 0.707
vn 0.000 -0.707 0.707
vn 0.261 -0.683 0.683
vn 0.447 -0.632 0.632
vn 0.547 -0.592 0.592
vn 0.577 -0.577 0.577
vn -0.577 -0.577 0.577
vn -0.547 -0.592 0.592
vn -0.447 -0.632 0.632
vn -0.261 -0.683 0.683
vn 0.000 -0.707 0.707
vn 0.000 -0.707 0.707
vn 0.000 -0.707 0.707
vn 0.261 -0.683 0.683
vn 0.447 -0.632 0.632
vn 0.547 -0.592 0.592
vn 0.577 -0.577 0.577
vn -0.592 -0.547 0.592
vn -0.562 -0.562 0.608
vn -0.461 -0.602 0.652
vn -0.271 -0.653 0.707
vn 0.000 -0.679 0.735
vn 0.000 -0.679 0.735
vn 0.000 -0.679 0.735
vn 0.271 -0.653 0.707
vn 0.461 -0.602 0.652
vn 0.562 -0.562 0.608
vn 0.592 -0.547 0.592
vn -0.632 -0.447 0.632
vn -0.602 -0.461 0.652
vn -0.500 -0.500 0.707
vn -0.298 -0.551 0.779
vn 0.000 -0.577 0.816
vn 0.000 -0.577 0.816
vn 0.000 -0.577 0.816
vn 0.298 -0.551 0.779
vn 0.500 -0.500 0.707
vn 0.602 -0.461 0.652
vn 0.632 -0.447 0.632
vn -0.683 -0.261 0.683
vn -0.653 -0.271 0.707
vn -0.551 -0.298 0.779
vn -0.337 -0.337 0.879
vn 0.000 -0.357 0.934
vn 0.000 -0.357 0.934
vn 0.000 -0.357 0.934
vn 0.337 -0.337 0.879
vn 0.551 -0.298 0.779
vn 0.653 -0.271 0.707
vn 0.683 -0.261 0.683
vn -0.707 0.000 0.707
vn -0.679 0.000 0.735
vn -0.577 0.000 0.816
vn -0.357 0.000 0.934
vn 0.000 0.000 1.000
vn 0.000 0.000 1.000
vn 0.000 0.000 1.000
vn 0.357 0.000 0.934
vn 0.577 0.000 0.816
vn 0.679 0.000 0.735
vn 0.707 0.000 0.707
vn -0.707 0.000 0.707
vn -0.679 0.000 0.735
vn -0.577 0.000 0.816
vn -0.357 0.000 0.934
vn 0.000 0.000 1.000
vn 0.000 0.000 1.000
vn 0.000 0.000 1.000
vn 0.357 0.000 0.934
vn 0.577 0.000 0.816
vn 0.679 0.000 0.735
vn 0.707 0.000 0.707
vn -0.707 0.000 0.707
vn -0.679 0.000 0.735
vn -0.577 0.000 0.816
vn -0.357 0.000 0.934
vn 0.000 0.000 1.000
vn 0.000 0.000 1.000
vn 0.000 0.000 1.000
vn 0.357 0.000 0.934
vn 0.577 0.000 0.816
vn 0.679 0.000 0.735
vn 0.707 0.000 0.707
vn -0.683 0.261 0.683
vn -0.653 0.271 0.707
vn -0.551 0.298 0.779
vn -0.337 0.337 0.879
vn 0.000 0.357 0.934
vn 0.000 0.357 0.934
vn 0.000 0.357 0.934
vn 0.337 0.337 0.879
vn 0.551 0.298 0.779
vn 0.653 0.271 0.707
vn 0.683 0.261 0.683
vn -0.632 0.447 0.632
vn -0.602 0.461 0.652
vn -0.500 0.500 0.707
vn -0.298 0.551 0.779
vn 0.000 0.577 0.816
vn 0.000 0.577 0.816
vn 0.000 0.577 0.816
vn 0.298 0.551 0.779
vn 0.500 0.500 0.707
vn 0.602 0.461 0.652
vn 0.632 0.447 0.632
vn -0.592 0.547 0.592
vn -0.562 0.562 0.608
vn -0.461 0.602 0.652
vn -0.271 0.653 0.707
vn 0.000 0.679 0.735
vn 0.000 0.679 0.735
vn 0.000 0.679 0.735
vn 0.271 0.653 0.707
vn 0.461 0.602 0.652
vn 0.562 0.562 0.608
vn 0.592 0.547 0.592
vn -0.577 0.577 0.577
vn -0.547 0.592 0.592
vn -0.447 0.632 0.632
vn -0.261 0.683 0.683
vn 0.000 0.707 0.707
vn 0.000 0.707 0.707
vn 0.000 0.707 0.707
vn 0.261 0.683 0.683
vn 0.447 0.632 0.632
vn 0.547 0.592 0.592
vn 0.577 0.577 0.577
vn 0.577 -0.577 -0.577
vn 0.547 -0.592 -0.592
vn 0.447 -0.632 -0.632
vn 0.261 -0.683 -0.683
vn 0.000 -0.707 -0.707
vn 0.000 -0.707 -0.707
vn 0.000 -0.707 -0.707
vn -0.261 -0.683 -0.683
vn -0.447 -0.632 -0.632
vn -0.547 -0.592 -0.592
vn -0.577 -0.577 -0.577
vn 0.592 -0.547 -0.592
vn 0.562 -0.562 -0.608
vn 0.461 -0.602 -0.652
vn 0.271 -0.653 -0.707
vn 0.000 -0.679 -0.735
vn 0.000 -0.679 -0.735
vn 0.000 -0.679 -0.735
vn -0.271 -0.653 -0.707
vn -0.461 -0.602 -0.652
vn -0.562 -0.562 -0.608
vn -0.592 -0.547 -0.592
vn 0.632 -0.447 -0.632
vn 0.602 -0.461 -0.652
vn 0.500 -0.500 -0.707
vn 0.298 -0.551 -0.779
vn 0.000 -0.577 -0.816
vn 0.000 -0.577 -0.816
vn 0.000 -0.577 -0.816
vn -0.298 -0.551 -0.779
vn -0.500 -0.500 -0.707
vn -0.602 -0.461 -0.652
vn -0.632 -0.447 -0.632
vn 0.683 -0.261 -0.683
vn 0.653 -0.271 -0.707
vn 0.551 -0.298 -0.779
vn 0.337 -0.337 -0.879
vn 0.000 -0.357 -0.934
vn 0.000 -0.357 -0.934
vn 0.000 -0.357 -0.934
vn -0.337 -0.337 -0.879
vn -0.551 -0.298 -0.779
vn -0.653 -0.271 -0.707
vn -0.683 -0.261 -0.683
vn 0.707 0.000 -0.707
vn 0.679 0.000 -0.735
vn 0.577 0.000 -0.816
vn 0.357 0.000 -0.934
vn 0.000 0.000 -1.000
vn 0.000 0.000 -1.000
vn 0.000 0.000 -1.000
vn -0.357 0.000 -0.934
vn -0.577 0.000 -0.816
vn -0.679 0.000 -0.735
vn -0.707 0.000 -0.707
vn 0.707 0.000 -0.707
vn 0.679 0.000 -0.735
vn 0.577 0.000 -0.816
vn 0.357 0.000 -0.934
vn 0.000 0.000 -1.000
vn 0.000 0.000 -1.000
vn 0.000 0.000 -1.000
vn -0.357 0.000 -0.934
vn -0.577 0.000 -0.816
vn -0.679 0.000 -0.735
vn -0.707 0.000 -0.707
vn 0.707 0.000 -0.707
vn 0.679 0.000 -0.735
vn 0.577 0.000 -0.816
vn 0.357 0.000 -0.934
vn 0.000 0.000 -1.000
vn 0.000 0.000 -1.000
vn 0.000 0.000 -1.000
vn -0.357 0.000 -0.934
vn -0.577 0.000 -0.816
vn -0.679 0.000 -0.735
vn -0.707 0.000 -0.707
vn 0.683 0.261 -0.683
vn 0.653 0.271 -0.707
vn 0.551 0.298 -0.779
vn 0.337 0.337 -0.879
vn 0.000 0.357 -0.934
vn 0.000 0.357 -0.934
vn 0.000 0.357 -0.934
vn -0.337 0.337 -0.879
vn -0.551 0.298 -0.779
vn -0.653 0.271 -0.707
vn -0.683 0.261 -0.683
vn 0.632 0.447 -0.632
vn 0.602 0.461 -0.652
vn 0.500 0.500 -0.707
vn 0.298 0.551 -0.779
vn 0.000 0.577 -0.816
vn 0.000 0.577 -0.816
vn 0.000 0.577 -0.816
vn -0.298 0.551 -0.779
vn -0.500 0.500 -0.707
vn -0.602 0.461 -0.652
vn -0.632 0.447 -0.632
vn 0.592 0.547 -0.592
vn 0.562 0.562 -0.608
vn 0.461 0.602 -0.652
vn 0.271 0.653 -0.707
vn 0.000 0.679 -0.735
vn 0.000 0.679 -0.735
vn 0.000 0.679 -0.735
vn -0.271 0.653 -0.707
vn -0.461 0.602 -0.652
vn -0.562 0.562 -0.608
vn -0.592 0.547 -0.592
vn 0.577 0.577 -0.577
vn 0.547 0.592 -0.592
vn 0.447 0.632 -0.632
vn 0.261 0.683 -0.683
vn 0.000 0.707 -0.707
vn 0.000 0.707 -0.707
vn 0.000 0.707 -0.707
vn -0.261 0.683 -0.683
vn -0.447 0.632 -0.632
vn -0.547 0.592 -0.592
vn -0.577 0.577 -0.577
v 0.3037 0.0063 -3.6463
v 0.3056 0.0044 -3.6550
v 0.3056 0.0044 -4.4450
v 0.3037 0.0063 -4.4537
v 0.3056 0.0150 -3.6444
v 0.3100 0.0150 -3.6550
v 0.3100 0.0150 -4.4450
v 0.3056 0.0150 -4.4556
v 0.3056 0.0450 -3.6444
v 0.3100 0.0450 -3.6550
v 0.3100 0.0450 -4.4450
v 0.3056 0.0450 -4.4556
v 0.3037 0.0537 -3.6463
v 0.3056 0.0556 -3.6550
v 0.3056 0.0556 -4.4450
v 0.3037 0.0537 -4.4537
v -0.4037 0.0063 -4.4537
v -0.4056 0.0044 -4.4450
v -0.4056 0.0044 -3.6550
v -0.4037 0.0063 -3.6463
v -0.4056 0.0150 -4.4556
v -0.4100 0.0150 -4.4450
v -0.4100 0.0150 -3.6550
v -0.4056 0.0150 -3.6444
v -0.4056 0.0450 -4.4556
v -0.4100 0.0450 -4.4450
v -0.4100 0.0450 -3.6550
v -0.4056 0.0450 -3.6444
v -0.4037 0.0537 -4.4537
v -0.4056 0.0556 -4.4450
v -0.4056 0.0556 -3.6550
v -0.4037 0.0537 -3.6463
v -0.4037 0.0537 -3.6463
v -0.3950 0.0556 -3.6444
v 0.2950 0.0556 -3.6444
v 0.3037 0.0537 -3.6463
v -0.4056 0.0556 -3.6550
v -0.3950 0.0600 -3.6550
v 0.2950 0.0600 -3.6550
v 0.3056 0.0556 -3.6550
v -0.4056 0.0556 -4.4450
v -0.3950 0.0600 -4.4450
v 0.2950 0.0600 -4.4450
v 0.3056 0.0556 -4.4450
v -0.4037 0.0537 -4.4537
v -0.3950 0.0556 -4.4556
v 0.2950 0.0556 -4.4556
v 0.3037 0.0537 -4.4537
v -0.4037 0.0063 -4.4537
v -0.3950 0.0044 -4.4556
v 0.2950 0.0044 -4.4556
v 0.3037 0.0063 -4.4537
v -0.4056 0.0044 -4.4450
v -0.3950 0.0000 -4.4450
v 0.2950 0.0000 -4.4450
v 0.3056 0.0044 -4.4450
v -0.4056 0.0044 -3.6550
v -0.3950 0.0000 -3.6550
v 0.2950 0.0000 -3.6550
v 0.3056 0.0044 -3.6550
v -0.4037 0.0063 -3.6463
v -0.3950 0.0044 -3.6444
v 0.2950 0.0044 -3.6444
v 0.3037 0.0063 -3.6463
v -0.4037 0.0063 -3.6463
v -0.3950 0.0044 -3.6444
v 0.2950 0.0044 -3.6444
v 0.3037 0.0063 -3.6463
v -0.4056 0.0150 -3.6444
v -0.3950 0.0150 -3.6400
v 0.2950 0.0150 -3.6400
v 0.3056 0.0150 -3.6444
v -0.4056 0.0450 -3.6444
v -0.3950 0.0450 -3.6400
v 0.2950 0.0450 -3.6400
v 0.3056 0.0450 -3.6444
v -0.4037 0.0537 -3.6463
v -0.3950 0.0556 -3.6444
v 0.2950 0.0556 -3.6444
v 0.3037 0.0537 -3.6463
v 0.3037 0.0063 -4.4537
v 0.2950 0.0044 -4.4556
v -0.3950 0.0044 -4.4556
v -0.4037 0.0063 -4.4537
v 0.3056 0.0150 -4.4556
v 0.2950 0.0150 -4.4600
v -0.3950 0.0150 -4.4600
v -0.4056 0.0150 -4.4556
v 0.3056 0.0450 -4.4556
v 0.2950 0.0450 -4.4600
v -0.3950 0.0450 -4.4600
v -0.4056 0.0450 -4.4556
v 0.3037 0.0537 -4.4537
v 0.2950 0.0556 -4.4556
v -0.3950 0.0556 -4.4556
v -0.4037 0.0537 -4.4537
v 0.2037 1.9013 -4.8313
v 0.2041 1.9009 -4.8321
v 0.2050 1.9000 -4.8349
v 0.2056 1.8994 -4.8399
v 0.2056 1.8994 -4.8401
v 0.2050 1.9000 -4.8451
v 0.2041 1.9009 -4.8479
v 0.2037 1.9013 -4.8487
v 0.2041 1.9021 -4.8309
v 0.2045 1.9017 -4.8317
v 0.2056 1.9008 -4.8346
v 0.2064 1.9001 -4.8399
v 0.2064 1.9001 -4.8401
v 0.2056 1.9008 -4.8454
v 0.2045 1.9017 -4.8483
v 0.2041 1.9021 -4.8491
v 0.2050 1.9049 -4.8300
v 0.2056 1.9046 -4.8308
v 0.2073 1.9038 -4.8338
v 0.2084 1.9032 -4.8399
v 0.2084 1.9032 -4.8401
v 0.2073 1.9038 -4.8462
v 0.2056 1.9046 -4.8492
v 0.2050 1.9049 -4.8500
v 0.2056 1.9099 -4.8294
v 0.2064 1.9099 -4.8301
v 0.2084 1.9099 -4.8332
v 0.2100 1.9099 -4.8399
v 0.2100 1.9099 -4.8401
v 0.2084 1.9099 -4.8468
v 0.2064 1.9099 -4.8499
v 0.2056 1.9099 -4.8506
v 0.2056 1.9901 -4.8294
v 0.2064 1.9901 -4.8301
v 0.2084 1.9901 -4.8332
v 0.2100 1.9901 -4.8399
v 0.2100 1.9901 -4.8401
v 0.2084 1.9901 -4.8468
v 0.2064 1.9901 -4.8499
v 0.2056 1.9901 -4.8506
v 0.2050 1.9951 -4.8300
v 0.2056 1.9954 -4.8308
v 0.2073 1.9962 -4.8338
v 0.2084 1.9968 -4.8399
v 0.2084 1.9968 -4.8401
v 0.2073 1.9962 -4.8462
v 0.2056 1.9954 -4.8492
v 0.2050 1.9951 -4.8500
v 0.2041 1.9979 -4.8309
v 0.2045 1.9983 -4.8317
v 0.2056 1.9992 -4.8346
v 0.2064 1.9999 -4.8399
v 0.2064 1.9999 -4.8401
v 0.2056 1.9992 -4.8454
v 0.2045 1.9983 -4.8483
v 0.2041 1.9979 -4.8491
v 0.2037 1.9987 -4.8313
v 0.2041 1.9991 -4.8321
v 0.2050 2.0000 -4.8349
v 0.2056 2.0006 -4.8399
v 0.2056 2.0006 -4.8401
v 0.2050 2.0000 -4.8451
v 0.2041 1.9991 -4.8479
v 0.2037 1.9987 -4.8487
v -0.2037 1.9013 -4.8487
v -0.2041 1.9009 -4.8479
v -0.2050 1.9000 -4.8451
v -0.2056 1.8994 -4.8401
v -0.2056 1.8994 -4.8399
v -0.2050 1.9000 -4.8349
v -0.2041 1.9009 -4.8321
v -0.2037 1.9013 -4.8313
v -0.2041 1.9021 -4.8491
v -0.2045 1.9017 -4.8483
v -0.2056 1.9008 -4.8454
v -0.2064 1.9001 -4.8401
v -0.2064 1.9001 -4.8399
v -0.2056 1.9008 -4.8346
v -0.2045 1.9017 -4.8317
v -0.2041 1.9021 -4.8309
v -0.2050 1.9049 -4.8500
v -0.2056 1.9046 -4.8492
v -0.2073 1.9038 -4.8462
v -0.2084 1.9032 -4.8401
v -0.2084 1.9032 -4.8399
v -0.2073 1.9038 -4.8338
v -0.2056 1.9046 -4.8308
v -0.2050 1.9049 -4.8300
v -0.2056 1.9099 -4.8506
v -0.2064 1.9099 -4.8499
v -0.2084 1.9099 -4.8468
v -0.2100 1.9099 -4.8401
v -0.2100 1.9099 -4.8399
v -0.2084 1.9099 -4.8332
v -0.2064 1.9099 -4.8301
v -0.2056 1.9099 -4.8294
v -0.2056 1.9901 -4.8506
v -0.2064 1.9901 -4.8499
v -0.2084 1.9901 -4.8468
v -0.2100 1.9901 -4.8401
v -0.2100 1.9901 -4.8399
v -0.2084 1.9901 -4.8332
v -0.2064 1.9901 -4.8301
v -0.2056 1.9901 -4.8294
v -0.2050 1.9951 -4.8500
v -0.2056 1.9954 -4.8492
v -0.2073 1.9962 -4.8462
v -0.2084 1.9968 -4.8401
v -0.2084 1.9968 -4.8399
v -0.2073 1.9962 -4.8338
v -0.2056 1.9954 -4.8308
v -0.2050 1.9951 -4.8300
v -0.2041 1.9979 -4.8491
v -0.2045 1.9983 -4.8483
v -0.2056 1.9992 -4.8454
v -0.2064 1.9999 -4.8401
v -0.2064 1.9999 -4.8399
v -0.2056 1.9992 -4.8346
v -0.2045 1.9983 -4.8317
v -0.2041 1.9979 -4.8309
v -0.2037 1.9987 -4.8487
v -0.2041 1.9991 -4.8479
v -0.2050 2.0000 -4.8451
v -0.2056 2.0006 -4.8401
v -0.2056 2.0006 -4.8399
v -0.2050 2.0000 -4.8349
v -0.2041 1.9991 -4.8321
v -0.2037 1.9987 -4.8313
v -0.2037 1.9987 -4.8313
v -0.2029 1.9991 -4.8309
v -0.2001 2.0000 -4.8300
v -0.1951 2.0006 -4.8294
v 0.1951 2.0006 -4.8294
v 0.2001 2.0000 -4.8300
v 0.2029 1.9991 -4.8309
v 0.2037 1.9987 -4.8313
v -0.2041 1.9991 -4.8321
v -0.2033 1.9995 -4.8317
v -0.2004 2.0006 -4.8308
v -0.1951 2.0014 -4.8301
v 0.1951 2.0014 -4.8301
v 0.2004 2.0006 -4.8308
v 0.2033 1.9995 -4.8317
v 0.2041 1.9991 -4.8321
v -0.2050 2.0000 -4.8349
v -0.2042 2.0006 -4.8346
v -0.2012 2.0023 -4.8338
v -0.1951 2.0034 -4.8332
v 0.1951 2.0034 -4.8332
v 0.2012 2.0023 -4.8338
v 0.2042 2.0006 -4.8346
v 0.2050 2.0000 -4.8349
v -0.2056 2.0006 -4.8399
v -0.2049 2.0014 -4.8399
v -0.2018 2.0034 -4.8399
v -0.1951 2.0050 -4.8399
v 0.1951 2.0050 -4.8399
v 0.2018 2.0034 -4.8399
v 0.2049 2.0014 -4.8399
v 0.2056 2.0006 -4.8399
v -0.2056 2.0006 -4.8401
v -0.2049 2.0014 -4.8401
v -0.2018 2.0034 -4.8401
v -0.1951 2.0050 -4.8401
v 0.1951 2.0050 -4.8401
v 0.2018 2.0034 -4.8401
v 0.2049 2.0014 -4.8401
v 0.2056 2.0006 -4.8401
v -0.2050 2.0000 -4.8451
v -0.2042 2.0006 -4.8454
v -0.2012 2.0023 -4.8462
v -0.1951 2.0034 -4.8468
v 0.1951 2.0034 -4.8468
v 0.2012 2.0023 -4.8462
v 0.2042 2.0006 -4.8454
v 0.2050 2.0000 -4.8451
v -0.2041 1.9991 -4.8479
v -0.2033 1.9995 -4.8483
v -0.2004 2.0006 -4.8492
v -0.1951 2.0014 -4.8499
v 0.1951 2.0014 -4.8499
v 0.2004 2.0006 -4.8492
v 0.2033 1.9995 -4.8483
v 0.2041 1.9991 -4.8479
v -0.2037 1.9987 -4.8487
v -0.2029 1.9991 -4.8491
v -0.2001 2.0000 -4.8500
v -0.1951 2.0006 -4.8506
v 0.1951 2.0006 -4.8506
v 0.2001 2.0000 -4.8500
v 0.2029 1.9991 -4.8491
v 0.2037 1.9987 -4.8487
v -0.2037 1.9013 -4.8487
v -0.2029 1.9009 -4.8491
v -0.2001 1.9000 -4.8500
v -0.1951 1.8994 -4.8506
v 0.1951 1.8994 -4.8506
v 0.2001 1.9000 -4.8500
v 0.2029 1.9009 -4.8491
v 0.2037 1.9013 -4.8487
v -0.2041 1.9009 -4.8479
v -0.2033 1.9005 -4.8483
v -0.2004 1.8994 -4.8492
v -0.1951 1.8986 -4.8499
v 0.1951 1.8986 -4.8499
v 0.2004 1.8994 -4.8492
v 0.2033 1.9005 -4.8483
v 0.2041 1.9009 -4.8479
v -0.2050 1.9000 -4.8451
v -0.2042 1.8994 -4.8454
v -0.2012 1.8977 -4.8462
v -0.1951 1.8966 -4.8468
v 0.1951 1.8966 -4.8468
v 0.2012 1.8977 -4.8462
v 0.2042 1.8994 -4.8454
v 0.2050 1.9000 -4.8451
v -0.2056 1.8994 -4.8401
v -0.2049 1.8986 -4.8401
v -0.2018 1.8966 -4.8401
v -0.1951 1.8950 -4.8401
v 0.1951 1.8950 -4.8401
v 0.2018 1.8966 -4.8401
v 0.2049 1.8986 -4.8401
v 0.2056 1.8994 -4.8401
v -0.2056 1.8994 -4.8399
v -0.2049 1.8986 -4.8399
v -0.2018 1.8966 -4.8399
v -0.1951 1.8950 -4.8399
v 0.1951 1.8950 -4.8399
v 0.2018 1.8966 -4.8399
v 0.2049 1.8986 -4.8399
v 0.2056 1.8994 -4.8399
v -0.2050 1.9000 -4.8349
v -0.2042 1.8994 -4.8346
v -0.2012 1.8977 -4.8338
v -0.1951 1.8966 -4.8332
v 0.1951 1.8966 -4.8332
v 0.2012 1.8977 -4.8338
v 0.2042 1.8994 -4.8346
v 0.2050 1.9000 -4.8349
v -0.2041 1.9009 -4.8321
v -0.2033 1.9005 -4.8317
v -0.2004 1.8994 -4.8308
v -0.1951 1.8986 -4.8301
v 0.1951 1.8986 -4.8301
v 0.2004 1.8994 -4.8308
v 0.2033 1.9005 -4.8317
v 0.2041 1.9009 -4.8321
v -0.2037 1.9013 -4.8313
v -0.2029 1.9009 -4.8309
v -0.2001 1.9000 -4.8300
v -0.1951 1.8994 -4.8294
v 0.1951 1.8994 -4.8294
v 0.2001 1.9000 -4.8300
v 0.2029 1.9009 -4.8309
v 0.2037 1.9013 -4.8313
v -0.2037 1.9013 -4.8313
v -0.2029 1.9009 -4.8309
v -0.2001 1.9000 -4.8300
v -0.1951 1.8994 -4.8294
v 0.1951 1.8994 -4.8294
v 0.2001 1.9000 -4.8300
v 0.2029 1.9009 -4.8309
v 0.2037 1.9013 -4.8313
v -0.2041 1.9021 -4.8309
v -0.2033 1.9017 -4.8305
v -0.2004 1.9008 -4.8294
v -0.1951 1.9001 -4.8286
v 0.1951 1.9001 -4.8286
v 0.2004 1.9008 -4.8294
v 0.2033 1.9017 -4.8305
v 0.2041 1.9021 -4.8309
v -0.2050 1.9049 -4.8300
v -0.2042 1.9046 -4.8294
v -0.2012 1.9038 -4.8277
v -0.1951 1.9032 -4.8266
v 0.1951 1.9032 -4.8266
v 0.2012 1.9038 -4.8277
v 0.2042 1.9046 -4.8294
v 0.2050 1.9049 -4.8300
v -0.2056 1.9099 -4.8294
v -0.2049 1.9099 -4.8286
v -0.2018 1.9099 -4.8266
v -0.1951 1.9099 -4.8250
v 0.1951 1.9099 -4.8250
v 0.2018 1.9099 -4.8266
v 0.2049 1.9099 -4.8286
v 0.2056 1.9099 -4.8294
v -0.2056 1.9901 -4.8294
v -0.2049 1.9901 -4.8286
v -0.2018 1.9901 -4.8266
v -0.1951 1.9901 -4.8250
v 0.1951 1.9901 -4.8250
v 0.2018 1.9901 -4.8266
v 0.2049 1.9901 -4.8286
v 0.2056 1.9901 -4.8294
v -0.2050 1.9951 -4.8300
v -0.2042 1.9954 -4.8294
v -0.2012 1.9962 -4.8277
v -0.1951 1.9968 -4.8266
v 0.1951 1.9968 -4.8266
v 0.2012 1.9962 -4.8277
v 0.2042 1.9954 -4.8294
v 0.2050 1.9951 -4.8300
v -0.2041 1.9979 -4.8309
v -0.2033 1.9983 -4.8305
v -0.2004 1.9992 -4.8294
v -0.1951 1.9999 -4.8286
v 0.1951 1.9999 -4.8286
v 0.2004 1.9992 -4.8294
v 0.2033 1.9983 -4.8305
v 0.2041 1.9979 -4.8309
v -0.2037 1.9987 -4.8313
v -0.2029 1.9991 -4.8309
v -0.2001 2.0000 -4.8300
v -0.1951 2.0006 -4.8294
v 0.1951 2.0006 -4.8294
v 0.2001 2.0000 -4.8300
v 0.2029 1.9991 -4.8309
v 0.2037 1.9987 -4.8313
v 0.2037 1.9013 -4.8487
v 0.2029 1.9009 -4.8491
v 0.2001 1.9000 -4.8500
v 0.1951 1.8994 -4.8506
v -0.1951 1.8994 -4.8506
v -0.2001 1.9000 -4.8500
v -0.2029 1.9009 -4.8491
v -0.2037 1.9013 -4.8487
v 0.2041 1.9021 -4.8491
v 0.2033 1.9017 -4.8495
v 0.2004 1.9008 -4.8506
v 0.1951 1.9001 -4.8514
v -0.1951 1.9001 -4.8514
v -0.2004 1.9008 -4.8506
v -0.2033 1.9017 -4.8495
v -0.2041 1.9021 -4.8491
v 0.2050 1.9049 -4.8500
v 0.2042 1.9046 -4.8506
v 0.2012 1.9038 -4.8523
v 0.1951 1.9032 -4.8534
v -0.1951 1.9032 -4.8534
v -0.2012 1.9038 -4.8523
v -0.2042 1.9046 -4.8506
v -0.2050 1.9049 -4.8500
v 0.2056 1.9099 -4.8506
v 0.2049 1.9099 -4.8514
v 0.2018 1.9099 -4.8534
v 0.1951 1.9099 -4.8550
v -0.1951 1.9099 -4.8550
v -0.2018 1.9099 -4.8534
v -0.2049 1.9099 -4.8514
v -0.2056 1.9099 -4.8506
v 0.2056 1.9901 -4.8506
v 0.2049 1.9901 -4.8514
v 0.2018 1.9901 -4.8534
v 0.1951 1.9901 -4.8550
v -0.1951 1.9901 -4.8550
v -0.2018 1.9901 -4.8534
v -0.2049 1.9901 -4.8514
v -0.2056 1.9901 -4.8506
v 0.2050 1.9951 -4.8500
v 0.2042 1.9954 -4.8506
v 0.2012 1.9962 -4.8523
v 0.1951 1.9968 -4.8534
v -0.1951 1.9968 -4.8534
v -0.2012 1.9962 -4.8523
v -0.2042 1.9954 -4.8506
v -0.2050 1.9951 -4.8500
v 0.2041 1.9979 -4.8491
v 0.2033 1.9983 -4.8495
v 0.2004 1.9992 -4.8506
v 0.1951 1.9999 -4.8514
v -0.1951 1.9999 -4.8514
v -0.2004 1.9992 -4.8506
v -0.2033 1.9983 -4.8495
v -0.2041 1.9979 -4.8491
v 0.2037 1.9987 -4.8487
v 0.2029 1.9991 -4.8491
v 0.2001 2.0000 -4.8500
v 0.1951 2.0006 -4.8506
v -0.1951 2.0006 -4.8506
v -0.2001 2.0000 -4.8500
v -0.2029 1.9991 -4.8491
v -0.2037 1.9987 -4.8487
v 0.0000 1.9854 -4.8441
v 0.0069 1.9827 -4.8470
v 0.0069 1.9773 -4.8530
v 0.0000 1.9746 -4.8559
v -0.0069 1.9773 -4.8530
v -0.0069 1.9827 -4.8470
v -0.0000 1.9854 -4.8441
v 0.0000 2.0854 -4.9341
v 0.0069 2.0827 -4.9370
v 0.0069 2.0773 -4.9430
v 0.0000 2.0746 -4.9459
v -0.0069 2.0773 -4.9430
v -0.0069 2.0827 -4.9370
v -0.0000 2.0854 -4.9341
v 0.0000 1.9800 -4.8500
v 0.0000 1.9854 -4.8441
v 0.0069 1.9827 -4.8470
v 0.0069 1.9773 -4.8530
v 0.0000 1.9746 -4.8559
v -0.0069 1.9773 -4.8530
v -0.0069 1.9827 -4.8470
v 0.0000 2.0800 -4.9400
v 0.0000 2.0854 -4.9341
v 0.0069 2.0827 -4.9370
v 0.0069 2.0773 -4.9430
v 0.0000 2.0746 -4.9459
v -0.0069 2.0773 -4.9430
v -0.0069 2.0827 -4.9370
vt 0.0000 0.0000
vt 0.0150 0.0000
vt 0.8050 0.0000
vt 0.8200 0.0000
vt 0.0000 0.0150
vt 0.0150 0.0150
vt 0.8050 0.0150
vt 0.8200 0.0150
vt 0.0000 0.0450
vt 0.0150 0.0450
vt 0.8050 0.0450
vt 0.8200 0.0450
vt 0.0000 0.0600
vt 0.0150 0.0600
vt 0.8050 0.0600
vt 0.8200 0.0600
vt 0.0000 0.0000
vt 0.0150 0.0000
vt 0.8050 0.0000
vt 0.8200 0.0000
vt 0.0000 0.0150
vt 0.0150 0.0150
vt 0.8050 0.0150
vt 0.8200 0.0150
vt 0.0000 0.0450
vt 0.0150 0.0450
vt 0.8050 0.0450
vt 0.8200 0.0450
vt 0.0000 0.0600
vt 0.0150 0.0600
vt 0.8050 0.0600
vt 0.8200 0.0600
vt 0.0000 0.0000
vt 0.0150 0.0000
vt 0.7050 0.0000
vt 0.7200 0.0000
vt 0.0000 0.0150
vt 0.0150 0.0150
vt 0.7050 0.0150
vt 0.7200 0.0150
vt 0.0000 0.8050
vt 0.0150 0.8050
vt 0.7050 0.8050
vt 0.7200 0.8050
vt 0.0000 0.8200
vt 0.0150 0.8200
vt 0.7050 0.8200
vt 0.7200 0.8200
vt 0.0000 0.0000
vt 0.0150 0.0000
vt 0.7050 0.0000
vt 0.7200 0.0000
vt 0.0000 0.0150
vt 0.0150 0.0150
vt 0.7050 0.0150
vt 0.7200 0.0150
vt 0.0000 0.8050
vt 0.0150 0.8050
vt 0.7050 0.8050
vt 0.7200 0.8050
vt 0.0000 0.8200
vt 0.0150 0.8200
vt 0.7050 0.8200
vt 0.7200 0.8200
vt 0.0000 0.0000
vt 0.0150 0.0000
vt 0.7050 0.0000
vt 0.7200 0.0000
vt 0.0000 0.0150
vt 0.0150 0.0150
vt 0.7050 0.0150
vt 0.7200 0.0150
vt 0.0000 0.0450
vt 0.0150 0.0450
vt 0.7050 0.0450
vt 0.7200 0.0450
vt 0.0000 0.0600
vt 0.0150 0.0600
vt 0.7050 0.0600
vt 0.7200 0.0600
vt 0.0000 0.0000
vt 0.0150 0.0000
vt 0.7050 0.0000
vt 0.7200 0.0000
vt 0.0000 0.0150
vt 0.0150 0.0150
vt 0.7050 0.0150
vt 0.7200 0.0150
vt 0.0000 0.0450
vt 0.0150 0.0450
vt 0.7050 0.0450
vt 0.7200 0.0450
vt 0.0000 0.0600
vt 0.0150 0.0600
vt 0.7050 0.0600
vt 0.7200 0.0600
vt 0.0000 0.0000
vt 0.0020 0.0000
vt 0.0074 0.0000
vt 0.0149 0.0000
vt 0.0151 0.0000
vt 0.0226 0.0000
vt 0.0280 0.0000
vt 0.0300 0.0000
vt 0.0000 0.0020
vt 0.0020 0.0020
vt 0.0074 0.0020
vt 0.0149 0.0020
vt 0.0151 0.0020
vt 0.0226 0.0020
vt 0.0280 0.0020
vt 0.0300 0.0020
vt 0.0000 0.0074
vt 0.0020 0.0074
vt 0.0074 0.0074
vt 0.0149 0.0074
vt 0.0151 0.0074
vt 0.0226 0.0074
vt 0.0280 0.0074
vt 0.0300 0.0074
vt 0.0000 0.0149
vt 0.0020 0.0149
vt 0.0074 0.0149
vt 0.0149 0.0149
vt 0.0151 0.0149
vt 0.0226 0.0149
vt 0.0280 0.0149
vt 0.0300 0.0149
vt 0.0000 0.0951
vt 0.0020 0.0951
vt 0.0074 0.0951
vt 0.0149 0.0951
vt 0.0151 0.0951
vt 0.0226 0.0951
vt 0.0280 0.0951
vt 0.0300 0.0951
vt 0.0000 0.1026
vt 0.0020 0.1026
vt 0.0074 0.1026
vt 0.0149 0.1026
vt 0.0151 0.1026
vt 0.0226 0.1026
vt 0.0280 0.1026
vt 0.0300 0.1026
vt 0.0000 0.1080
vt 0.0020 0.1080
vt 0.0074 0.1080
vt 0.0149 0.1080
vt 0.0151 0.1080
vt 0.0226 0.1080
vt 0.0280 0.1080
vt 0.0300 0.1080
vt 0.0000 0.1100
vt 0.0020 0.1100
vt 0.0074 0.1100
vt 0.0149 0.1100
vt 0.0151 0.1100
vt 0.0226 0.1100
vt 0.0280 0.1100
vt 0.0300 0.1100
vt 0.0000 0.0000
vt 0.0020 0.0000
vt 0.0074 0.0000
vt 0.0149 0.0000
vt 0.0151 0.0000
vt 0.0226 0.0000
vt 0.0280 0.0000
vt 0.0300 0.0000
vt 0.0000 0.0020
vt 0.0020 0.0020
vt 0.0074 0.0020
vt 0.0149 0.0020
vt 0.0151 0.0020
vt 0.0226 0.0020
vt 0.0280 0.0020
vt 0.0300 0.0020
vt 0.0000 0.0074
vt 0.0020 0.0074
vt 0.0074 0.0074
vt 0.0149 0.0074
vt 0.0151 0.0074
vt 0.0226 0.0074
vt 0.0280 0.0074
vt 0.0300 0.0074
vt 0.0000 0.0149
vt 0.0020 0.0149
vt 0.0074 0.0149
vt 0.0149 0.0149
vt 0.0151 0.0149
vt 0.0226 0.0149
vt 0.0280 0.0149
vt 0.0300 0.0149
vt 0.0000 0.0951
vt 0.0020 0.0951
vt 0.0074 0.0951
vt 0.0149 0.0951
vt 0.0151 0.0951
vt 0.0226 0.0951
vt 0.0280 0.0951
vt 0.0300 0.0951
vt 0.0000 0.1026
vt 0.0020 0.1026
vt 0.0074 0.1026
vt 0.0149 0.1026
vt 0.0151 0.1026
vt 0.0226 0.1026
vt 0.0280 0.1026
vt 0.0300 0.1026
vt 0.0000 0.1080
vt 0.0020 0.1080
vt 0.0074 0.1080
vt 0.0149 0.1080
vt 0.0151 0.1080
vt 0.0226 0.1080
vt 0.0280 0.1080
vt 0.0300 0.1080
vt 0.0000 0.1100
vt 0.0020 0.1100
vt 0.0074 0.1100
vt 0.0149 0.1100
vt 0.0151 0.1100
vt 0.0226 0.1100
vt 0.0280 0.1100
vt 0.0300 0.1100
vt 0.0000 0.0000
vt 0.0020 0.0000
vt 0.0074 0.0000
vt 0.0149 0.0000
vt 0.4051 0.0000
vt 0.4125 0.0000
vt 0.4180 0.0000
vt 0.4200 0.0000
vt 0.0000 0.0020
vt 0.0020 0.0020
vt 0.0074 0.0020
vt 0.0149 0.0020
vt 0.4051 0.0020
vt 0.4125 0.0020
vt 0.4180 0.0020
vt 0.4200 0.0020
vt 0.0000 0.0074
vt 0.0020 0.0074
vt 0.0074 0.0074
vt 0.0149 0.0074
vt 0.4051 0.0074
vt 0.4125 0.0074
vt 0.4180 0.0074
vt 0.4200 0.0074
vt 0.0000 0.0149
vt 0.0020 0.0149
vt 0.0074 0.0149
vt 0.0149 0.0149
vt 0.4051 0.0149
vt 0.4125 0.0149
vt 0.4180 0.0149
vt 0.4200 0.0149
vt 0.0000 0.0151
vt 0.0020 0.0151
vt 0.0074 0.0151
vt 0.0149 0.0151
vt 0.4051 0.0151
vt 0.4125 0.0151
vt 0.4180 0.0151
vt 0.4200 0.0151
vt 0.0000 0.0226
vt 0.0020 0.0226
vt 0.0074 0.0226
vt 0.0149 0.0226
vt 0.4051 0.0226
vt 0.4125 0.0226
vt 0.4180 0.0226
vt 0.4200 0.0226
vt 0.0000 0.0280
vt 0.0020 0.0280
vt 0.0074 0.0280
vt 0.0149 0.0280
vt 0.4051 0.0280
vt 0.4125 0.0280
vt 0.4180 0.0280
vt 0.4200 0.0280
vt 0.0000 0.0300
vt 0.0020 0.0300
vt 0.0074 0.0300
vt 0.0149 0.0300
vt 0.4051 0.0300
vt 0.4125 0.0300
vt 0.4180 0.0300
vt 0.4200 0.0300
vt 0.0000 0.0000
vt 0.0020 0.0000
vt 0.0074 0.0000
vt 0.0149 0.0000
vt 0.4051 0.0000
vt 0.4125 0.0000
vt 0.4180 0.0000
vt 0.4200 0.0000
vt 0.0000 0.0020
vt 0.0020 0.0020
vt 0.0074 0.0020
vt 0.0149 0.0020
vt 0.4051 0.0020
vt 0.4125 0.0020
vt 0.4180 0.0020
vt 0.4200 0.0020
vt 0.0000 0.0074
vt 0.0020 0.0074
vt 0.0074 0.0074
vt 0.0149 0.0074
vt 0.4051 0.0074
vt 0.4125 0.0074
vt 0.4180 0.0074
vt 0.4200 0.0074
vt 0.0000 0.0149
vt 0.0020 0.0149
vt 0.0074 0.0149
vt 0.0149 0.0149
vt 0.4051 0.0149
vt 0.4125 0.0149
vt 0.4180 0.0149
vt 0.4200 0.0149
vt 0.0000 0.0151
vt 0.0020 0.0151
vt 0.0074 0.0151
vt 0.0149 0.0151
vt 0.4051 0.0151
vt 0.4125 0.0151
vt 0.4180 0.0151
vt 0.4200 0.0151
vt 0.0000 0.0226
vt 0.0020 0.0226
vt 0.0074 0.0226
vt 0.0149 0.0226
vt 0.4051 0.0226
vt 0.4125 0.0226
vt 0.4180 0.0226
vt 0.4200 0.0226
vt 0.0000 0.0280
vt 0.0020 0.0280
vt 0.0074 0.0280
vt 0.0149 0.0280
vt 0.4051 0.0280
vt 0.4125 0.0280
vt 0.4180 0.0280
vt 0.4200 0.0280
vt 0.0000 0.0300
vt 0.0020 0.0300
vt 0.0074 0.0300
vt 0.0149 0.0300
vt 0.4051 0.0300
vt 0.4125 0.0300
vt 0.4180 0.0300
vt 0.4200 0.0300
vt 0.0000 0.0000
vt 0.0020 0.0000
vt 0.0074 0.0000
vt 0.0149 0.0000
vt 0.4051 0.0000
vt 0.4125 0.0000
vt 0.4180 0.0000
vt 0.4200 0.0000
vt 0.0000 0.0020
vt 0.0020 0.0020
vt 0.0074 0.0020
vt 0.0149 0.0020
vt 0.4051 0.0020
vt 0.4125 0.0020
vt 0.4180 0.0020
vt 0.4200 0.0020
vt 0.0000 0.0074
vt 0.0020 0.0074
vt 0.0074 0.0074
vt 0.0149 0.0074
vt 0.4051 0.0074
vt 0.4125 0.0074
vt 0.4180 0.0074
vt 0.4200 0.0074
vt 0.0000 0.0149
vt 0.0020 0.0149
vt 0.0074 0.0149
vt 0.0149 0.0149
vt 0.4051 0.0149
vt 0.4125 0.0149
vt 0.4180 0.0149
vt 0.4200 0.0149
vt 0.0000 0.0951
vt 0.0020 0.0951
vt 0.0074 0.0951
vt 0.0149 0.0951
vt 0.4051 0.0951
vt 0.4125 0.0951
vt 0.4180 0.0951
vt 0.4200 0.0951
vt 0.0000 0.1026
vt 0.0020 0.1026
vt 0.0074 0.1026
vt 0.0149 0.1026
vt 0.4051 0.1026
vt 0.4125 0.1026
vt 0.4180 0.1026
vt 0.4200 0.1026
vt 0.0000 0.1080
vt 0.0020 0.1080
vt 0.0074 0.1080
vt 0.0149 0.1080
vt 0.4051 0.1080
vt 0.4125 0.1080
vt 0.4180 0.1080
vt 0.4200 0.1080
vt 0.0000 0.1100
vt 0.0020 0.1100
vt 0.0074 0.1100
vt 0.0149 0.1100
vt 0.4051 0.1100
vt 0.4125 0.1100
vt 0.4180 0.1100
vt 0.4200 0.1100
vt 0.0000 0.0000
vt 0.0020 0.0000
vt 0.0074 0.0000
vt 0.0149 0.0000
vt 0.4051 0.0000
vt 0.4125 0.0000
vt 0.4180 0.0000
vt 0.4200 0.0000
vt 0.0000 0.0020
vt 0.0020 0.0020
vt 0.0074 0.0020
vt 0.0149 0.0020
vt 0.4051 0.0020
vt 0.4125 0.0020
vt 0.4180 0.0020
vt 0.4200 0.0020
vt 0.0000 0.0074
vt 0.0020 0.0074
vt 0.0074 0.0074
vt 0.0149 0.0074
vt 0.4051 0.0074
vt 0.4125 0.0074
vt 0.4180 0.0074
vt 0.4200 0.0074
vt 0.0000 0.0149
vt 0.0020 0.0149
vt 0.0074 0.0149
vt 0.0149 0.0149
vt 0.4051 0.0149
vt 0.4125 0.0149
vt 0.4180 0.0149
vt 0.4200 0.0149
vt 0.0000 0.0951
vt 0.0020 0.0951
vt 0.0074 0.0951
vt 0.0149 0.0951
vt 0.4051 0.0951
vt 0.4125 0.0951
vt 0.4180 0.0951
vt 0.4200 0.0951
vt 0.0000 0.1026
vt 0.0020 0.1026
vt 0.0074 0.1026
vt 0.0149 0.1026
vt 0.4051 0.1026
vt 0.4125 0.1026
vt 0.4180 0.1026
vt 0.4200 0.1026
vt 0.0000 0.1080
vt 0.0020 0.1080
vt 0.0074 0.1080
vt 0.0149 0.1080
vt 0.4051 0.1080
vt 0.4125 0.1080
vt 0.4180 0.1080
vt 0.4200 0.1080
vt 0.0000 0.1100
vt 0.0020 0.1100
vt 0.0074 0.1100
vt 0.0149 0.1100
vt 0.4051 0.1100
vt 0.4125 0.1100
vt 0.4180 0.1100
vt 0.4200 0.1100
vt 0.0000 0.0000
vt 0.0000 0.0084
vt 0.0000 0.0168
vt 0.0000 0.0251
vt 0.0000 0.0335
vt 0.0000 0.0419
vt 0.0000 0.0503
vt 0.1345 0.0000
vt 0.1345 0.0084
vt 0.1345 0.0168
vt 0.1345 0.0251
vt 0.1345 0.0335
vt 0.1345 0.0419
vt 0.1345 0.0503
vt 0.0000 0.0000
vt 0.0080 0.0000
vt 0.0040 0.0069
vt -0.0040 0.0069
vt -0.0080 0.0000
vt -0.0040 -0.0069
vt 0.0040 -0.0069
vt 0.0000 0.0000
vt 0.0080 0.0000
vt 0.0040 0.0069
vt -0.0040 0.0069
vt -0.0080 0.0000
vt -0.0040 -0.0069
vt 0.0040 -0.0069
vn 0.577 -0.577 0.577
vn 0.707 -0.707 0.000
vn 0.707 -0.707 0.000
vn 0.577 -0.577 -0.577
vn 0.707 0.000 0.707
vn 1.000 0.000 0.000
vn 1.000 0.000 0.000
vn 0.707 0.000 -0.707
vn 0.707 0.000 0.707
vn 1.000 0.000 0.000
vn 1.000 0.000 0.000
vn 0.707 0.000 -0.707
vn 0.577 0.577 0.577
vn 0.707 0.707 0.000
vn 0.707 0.707 0.000
vn 0.577 0.577 -0.577
vn -0.577 -0.577 -0.577
vn -0.707 -0.707 0.000
vn -0.707 -0.707 0.000
vn -0.577 -0.577 0.577
vn -0.707 0.000 -0.707
vn -1.000 0.000 0.000
vn -1.000 0.000 0.000
vn -0.707 0.000 0.707
vn -0.707 0.000 -0.707
vn -1.000 0.000 0.000
vn -1.000 0.000 0.000
vn -0.707 0.000 0.707
vn -0.577 0.577 -0.577
vn -0.707 0.707 0.000
vn -0.707 0.707 0.000
vn -0.577 0.577 0.577
vn -0.577 0.577 0.577
vn 0.000 0.707 0.707
vn 0.000 0.707 0.707
vn 0.577 0.577 0.577
vn -0.707 0.707 0.000
vn 0.000 1.000 0.000
vn 0.000 1.000 0.000
vn 0.707 0.707 0.000
vn -0.707 0.707 0.000
vn 0.000 1.000 0.000
vn 0.000 1.000 0.000
vn 0.707 0.707 0.000
vn -0.577 0.577 -0.577
vn 0.000 0.707 -0.707
vn 0.000 0.707 -0.707
vn 0.577 0.577 -0.577
vn -0.577 -0.577 -0.577
vn 0.000 -0.707 -0.707
vn 0.000 -0.707 -0.707
vn 0.577 -0.577 -0.577
vn -0.707 -0.707 0.000
vn 0.000 -1.000 0.000
vn 0.000 -1.000 0.000
vn 0.707 -0.707 0.000
vn -0.707 -0.707 0.000
vn 0.000 -1.000 0.000
vn 0.000 -1.000 0.000
vn 0.707 -0.707 0.000
vn -0.577 -0.577 0.577
vn 0.000 -0.707 0.707
vn 0.000 -0.707 0.707
vn 0.577 -0.577 0.577
vn -0.577 -0.577 0.577
vn 0.000 -0.707 0.707
vn 0.000 -0.707 0.707
vn 0.577 -0.577 0.577
vn -0.707 0.000 0.707
vn 0.000 0.000 1.000
vn 0.000 0.000 1.000
vn 0.707 0.000 0.707
vn -0.707 0.000 0.707
vn 0.000 0.000 1.000
vn 0.000 0.000 1.000
vn 0.707 0.000 0.707
vn -0.577 0.577 0.577
vn 0.000 0.707 0.707
vn 0.000 0.707 0.707
vn 0.577 0.577 0.577
vn 0.577 -0.577 -0.577
vn 0.000 -0.707 -0.707
vn 0.000 -0.707 -0.707
vn -0.577 -0.577 -0.577
vn 0.707 0.000 -0.707
vn 0.000 0.000 -1.000
vn 0.000 0.000 -1.000
vn -0.707 0.000 -0.707
vn 0.707 0.000 -0.707
vn 0.000 0.000 -1.000
vn 0.000 0.000 -1.000
vn -0.707 0.000 -0.707
vn 0.577 0.577 -0.577
vn 0.000 0.707 -0.707
vn 0.000 0.707 -0.707
vn -0.577 0.577 -0.577
vn 0.577 -0.577 0.577
vn 0.603 -0.603 0.522
vn 0.667 -0.667 0.333
vn 0.707 -0.707 0.000
vn 0.707 -0.707 0.000
vn 0.667 -0.667 -0.333
vn 0.603 -0.603 -0.522
vn 0.577 -0.577 -0.577
vn 0.603 -0.522 0.603
vn 0.632 -0.548 0.548
vn 0.707 -0.612 0.354
vn 0.756 -0.655 0.000
vn 0.756 -0.655 0.000
vn 0.707 -0.612 -0.354
vn 0.632 -0.548 -0.548
vn 0.603 -0.522 -0.603
vn 0.667 -0.333 0.667
vn 0.707 -0.354 0.612
vn 0.816 -0.408 0.408
vn 0.894 -0.447 0.000
vn 0.894 -0.447 0.000
vn 0.816 -0.408 -0.408
vn 0.707 -0.354 -0.612
vn 0.667 -0.333 -0.667
vn 0.707 0.000 0.707
vn 0.756 0.000 0.655
vn 0.894 0.000 0.447
vn 1.000 0.000 0.000
vn 1.000 0.000 0.000
vn 0.894 0.000 -0.447
vn 0.756 0.000 -0.655
vn 0.707 0.000 -0.707
vn 0.707 0.000 0.707
vn 0.756 0.000 0.655
vn 0.894 0.000 0.447
vn 1.000 0.000 0.000
vn 1.000 0.000 0.000
vn 0.894 0.000 -0.447
vn 0.756 0.000 -0.655
vn 0.707 0.000 -0.707
vn 0.667 0.333 0.667
vn 0.707 0.354 0.612
vn 0.816 0.408 0.408
vn 0.894 0.447 0.000
vn 0.894 0.447 0.000
vn 0.816 0.408 -0.408
vn 0.707 0.354 -0.612
vn 0.667 0.333 -0.667
vn 0.603 0.522 0.603
vn 0.632 0.548 0.548
vn 0.707 0.612 0.354
vn 0.756 0.655 0.000
vn 0.756 0.655 0.000
vn 0.707 0.612 -0.354
vn 0.632 0.548 -0.548
vn 0.603 0.522 -0.603
vn 0.577 0.577 0.577
vn 0.603 0.603 0.522
vn 0.667 0.667 0.333
vn 0.707 0.707 0.000
vn 0.707 0.707 0.000
vn 0.667 0.667 -0.333
vn 0.603 0.603 -0.522
vn 0.577 0.577 -0.577
vn -0.577 -0.577 -0.577
vn -0.603 -0.603 -0.522
vn -0.667 -0.667 -0.333
vn -0.707 -0.707 0.000
vn -0.707 -0.707 0.000
vn -0.667 -0.667 0.333
vn -0.603 -0.603 0.522
vn -0.577 -0.577 0.577
vn -0.603 -0.522 -0.603
vn -0.632 -0.548 -0.548
vn -0.707 -0.612 -0.354
vn -0.756 -0.655 0.000
vn -0.756 -0.655 0.000
vn -0.707 -0.612 0.354
vn -0.632 -0.548 0.548
vn -0.603 -0.522 0.603
vn -0.667 -0.333 -0.667
vn -0.707 -0.354 -0.612
vn -0.816 -0.408 -0.408
vn -0.894 -0.447 0.000
vn -0.894 -0.447 0.000
vn -0.816 -0.408 0.408
vn -0.707 -0.354 0.612
vn -0.667 -0.333 0.667
vn -0.707 0.000 -0.707
vn -0.756 0.000 -0.655
vn -0.894 0.000 -0.447
vn -1.000 0.000 0.000
vn -1.000 0.000 0.000
vn -0.894 0.000 0.447
vn -0.756 0.000 0.655
vn -0.707 0.000 0.707
vn -0.707 0.000 -0.707
vn -0.756 0.000 -0.655
vn -0.894 0.000 -0.447
vn -1.000 0.000 0.000
vn -1.000 0.000 0.000
vn -0.894 0.000 0.447
vn -0.756 0.000 0.655
vn -0.707 0.000 0.707
vn -0.667 0.333 -0.667
vn -0.707 0.354 -0.612
vn -0.816 0.408 -0.408
vn -0.894 0.447 0.000
vn -0.894 0.447 0.000
vn -0.816 0.408 0.408
vn -0.707 0.354 0.612
vn -0.667 0.333 0.667
vn -0.603 0.522 -0.603
vn -0.632 0.548 -0.548
vn -0.707 0.612 -0.354
vn -0.756 0.655 0.000
vn -0.756 0.655 0.000
vn -0.707 0.612 0.354
vn -0.632 0.548 0.548
vn -0.603 0.522 0.603
vn -0.577 0.577 -0.577
vn -0.603 0.603 -0.522
vn -0.667 0.667 -0.333
vn -0.707 0.707 0.000
vn -0.707 0.707 0.000
vn -0.667 0.667 0.333
vn -0.603 0.603 0.522
vn -0.577 0.577 0.577
vn -0.577 0.577 0.577
vn -0.522 0.603 0.603
vn -0.333 0.667 0.667
vn 0.000 0.707 0.707
vn 0.000 0.707 0.707
vn 0.333 0.667 0.667
vn 0.522 0.603 0.603
vn 0.577 0.577 0.577
vn -0.603 0.603 0.522
vn -0.548 0.632 0.548
vn -0.354 0.707 0.612
vn 0.000 0.756 0.655
vn 0.000 0.756 0.655
vn 0.354 0.707 0.612
vn 0.548 0.632 0.548
vn 0.603 0.603 0.522
vn -0.667 0.667 0.333
vn -0.612 0.707 0.354
vn -0.408 0.816 0.408
vn 0.000 0.894 0.447
vn 0.000 0.894 0.447
vn 0.408 0.816 0.408
vn 0.612 0.707 0.354
vn 0.667 0.667 0.333
vn -0.707 0.707 0.000
vn -0.655 0.756 0.000
vn -0.447 0.894 0.000
vn 0.000 1.000 0.000
vn 0.000 1.000 0.000
vn 0.447 0.894 0.000
vn 0.655 0.756 0.000
vn 0.707 0.707 0.000
vn -0.707 0.707 0.000
vn -0.655 0.756 0.000
vn -0.447 0.894 0.000
vn 0.000 1.000 0.000
vn 0.000 1.000 0.000
vn 0.447 0.894 0.000
vn 0.655 0.756 0.000
vn 0.707 0.707 0.000
vn -0.667 0.667 -0.333
vn -0.612 0.707 -0.354
vn -0.408 0.816 -0.408
vn 0.000 0.894 -0.447
vn 0.000 0.894 -0.447
vn 0.408 0.816 -0.408
vn 0.612 0.707 -0.354
vn 0.667 0.667 -0.333
vn -0.603 0.603 -0.522
vn -0.548 0.632 -0.548
vn -0.354 0.707 -0.612
vn 0.000 0.756 -0.655
vn 0.000 0.756 -0.655
vn 0.354 0.707 -0.612
vn 0.548 0.632 -0.548
vn 0.603 0.603 -0.522
vn -0.577 0.577 -0.577
vn -0.522 0.603 -0.603
vn -0.333 0.667 -0.667
vn 0.000 0.707 -0.707
vn 0.000 0.707 -0.707
vn 0.333 0.667 -0.667
vn 0.522 0.603 -0.603
vn 0.577 0.577 -0.577
vn -0.577 -0.577 -0.577
vn -0.522 -0.603 -0.603
vn -0.333 -0.667 -0.667
vn 0.000 -0.707 -0.707
vn 0.000 -0.707 -0.707
vn 0.333 -0.667 -0.667
vn 0.522 -0.603 -0.603
vn 0.577 -0.577 -0.577
vn -0.603 -0.603 -0.522
vn -0.548 -0.632 -0.548
vn -0.354 -0.707 -0.612
vn 0.000 -0.756 -0.655
vn 0.000 -0.756 -0.655
vn 0.354 -0.707 -0.612
vn 0.548 -0.632 -0.548
vn 0.603 -0.603 -0.522
vn -0.667 -0.667 -0.333
vn -0.612 -0.707 -0.354
vn -0.408 -0.816 -0.408
vn 0.000 -0.894 -0.447
vn 0.000 -0.894 -0.447
vn 0.408 -0.816 -0.408
vn 0.612 -0.707 -0.354
vn 0.667 -0.667 -0.333
vn -0.707 -0.707 0.000
vn -0.655 -0.756 0.000
vn -0.447 -0.894 0.000
vn 0.000 -1.000 0.000
vn 0.000 -1.000 0.000
vn 0.447 -0.894 0.000
vn 0.655 -0.756 0.000
vn 0.707 -0.707 0.000
vn -0.707 -0.707 0.000
vn -0.655 -0.756 0.000
vn -0.447 -0.894 0.000
vn 0.000 -1.000 0.000
vn 0.000 -1.000 0.000
vn 0.447 -0.894 0.000
vn 0.655 -0.756 0.000
vn 0.707 -0.707 0.000
vn -0.667 -0.667 0.333
vn -0.612 -0.707 0.354
vn -0.408 -0.816 0.408
vn 0.000 -0.894 0.447
vn 0.000 -0.894 0.447
vn 0.408 -0.816 0.408
vn 0.612 -0.707 0.354
vn 0.667 -0.667 0.333
vn -0.603 -0.603 0.522
vn -0.548 -0.632 0.548
vn -0.354 -0.707 0.612
vn 0.000 -0.756 0.655
vn 0.000 -0.756 0.655
vn 0.354 -0.707 0.612
vn 0.548 -0.632 0.548
vn 0.603 -0.603 0.522
vn -0.577 -0.577 0.577
vn -0.522 -0.603 0.603
vn -0.333 -0.667 0.667
vn 0.000 -0.707 0.707
vn 0.000 -0.707 0.707
vn 0.333 -0.667 0.667
vn 0.522 -0.603 0.603
vn 0.577 -0.577 0.577
vn -0.577 -0.577 0.577
vn -0.522 -0.603 0.603
vn -0.333 -0.667 0.667
vn 0.000 -0.707 0.707
vn 0.000 -0.707 0.707
vn 0.333 -0.667 0.667
vn 0.522 -0.603 0.603
vn 0.577 -0.577 0.577
vn -0.603 -0.522 0.603
vn -0.548 -0.548 0.632
vn -0.354 -0.612 0.707
vn 0.000 -0.655 0.756
vn 0.000 -0.655 0.756
vn 0.354 -0.612 0.707
vn 0.548 -0.548 0.632
vn 0.603 -0.522 0.603
vn -0.667 -0.333 0.667
vn -0.612 -0.354 0.707
vn -0.408 -0.408 0.816
vn 0.000 -0.447 0.894
vn 0.000 -0.447 0.894
vn 0.408 -0.408 0.816
vn 0.612 -0.354 0.707
vn 0.667 -0.333 0.667
vn -0.707 0.000 0.707
vn -0.655 0.000 0.756
vn -0.447 0.000 0.894
vn 0.000 0.000 1.000
vn 0.000 0.000 1.000
vn 0.447 0.000 0.894
vn 0.655 0.000 0.756
vn 0.707 0.000 0.707
vn -0.707 0.000 0.707
vn -0.655 0.000 0.756
vn -0.447 0.000 0.894
vn 0.000 0.000 1.000
vn 0.000 0.000 1.000
vn 0.447 0.000 0.894
vn 0.655 0.000 0.756
vn 0.707 0.000 0.707
vn -0.667 0.333 0.667
vn -0.612 0.354 0.707
vn -0.408 0.408 0.816
vn 0.000 0.447 0.894
vn 0.000 0.447 0.894
vn 0.408 0.408 0.816
vn 0.612 0.354 0.707
vn 0.667 0.333 0.667
vn -0.603 0.522 0.603
vn -0.548 0.548 0.632
vn -0.354 0.612 0.707
vn 0.000 0.655 0.756
vn 0.000 0.655 0.756
vn 0.354 0.612 0.707
vn 0.548 0.548 0.632
vn 0.603 0.522 0.603
vn -0.577 0.577 0.577
vn -0.522 0.603 0.603
vn -0.333 0.667 0.667
vn 0.000 0.707 0.707
vn 0.000 0.707 0.707
vn 0.333 0.667 0.667
vn 0.522 0.603 0.603
vn 0.577 0.577 0.577
vn 0.577 -0.577 -0.577
vn 0.522 -0.603 -0.603
vn 0.333 -0.667 -0.667
vn 0.000 -0.707 -0.707
vn 0.000 -0.707 -0.707
vn -0.333 -0.667 -0.667
vn -0.522 -0.603 -0.603
vn -0.577 -0.577 -0.577
vn 0.603 -0.522 -0.603
vn 0.548 -0.548 -0.632
vn 0.354 -0.612 -0.707
vn 0.000 -0.655 -0.756
vn 0.000 -0.655 -0.756
vn -0.354 -0.612 -0.707
vn -0.548 -0.548 -0.632
vn -0.603 -0.522 -0.603
vn 0.667 -0.333 -0.667
vn 0.612 -0.354 -0.707
vn 0.408 -0.408 -0.816
vn 0.000 -0.447 -0.894
vn 0.000 -0.447 -0.894
vn -0.408 -0.408 -0.816
vn -0.612 -0.354 -0.707
vn -0.667 -0.333 -0.667
vn 0.707 0.000 -0.707
vn 0.655 0.000 -0.756
vn 0.447 0.000 -0.894
vn 0.000 0.000 -1.000
vn 0.000 0.000 -1.000
vn -0.447 0.000 -0.894
vn -0.655 0.000 -0.756
vn -0.707 0.000 -0.707
vn 0.707 0.000 -0.707
vn 0.655 0.000 -0.756
vn 0.447 0.000 -0.894
vn 0.000 0.000 -1.000
vn 0.000 0.000 -1.000
vn -0.447 0.000 -0.894
vn -0.655 0.000 -0.756
vn -0.707 0.000 -0.707
vn 0.667 0.333 -0.667
vn 0.612 0.354 -0.707
vn 0.408 0.408 -0.816
vn 0.000 0.447 -0.894
vn 0.000 0.447 -0.894
vn -0.408 0.408 -0.816
vn -0.612 0.354 -0.707
vn -0.667 0.333 -0.667
vn 0.603 0.522 -0.603
vn 0.548 0.548 -0.632
vn 0.354 0.612 -0.707
vn 0.000 0.655 -0.756
vn 0.000 0.655 -0.756
vn -0.354 0.612 -0.707
vn -0.548 0.548 -0.632
vn -0.603 0.522 -0.603
vn 0.577 0.577 -0.577
vn 0.522 0.603 -0.603
vn 0.333 0.667 -0.667
vn 0.000 0.707 -0.707
vn 0.000 0.707 -0.707
vn -0.333 0.667 -0.667
vn -0.522 0.603 -0.603
vn -0.577 0.577 -0.577
vn 0.000 0.669 0.743
vn 0.866 0.334 0.372
vn 0.866 -0.334 -0.372
vn 0.000 -0.669 -0.743
vn -0.866 -0.334 -0.372
vn -0.866 0.334 0.372
vn -0.000 0.669 0.743
vn 0.000 0.669 0.743
vn 0.866 0.334 0.372
vn 0.866 -0.334 -0.372
vn 0.000 -0.669 -0.743
vn -0.866 -0.334 -0.372
vn -0.866 0.334 0.372
vn -0.000 0.669 0.743
vn -0.000 -0.743 0.669
vn -0.000 -0.743 0.669
vn -0.000 -0.743 0.669
vn -0.000 -0.743 0.669
vn -0.000 -0.743 0.669
vn -0.000 -0.743 0.669
vn -0.000 -0.743 0.669
vn 0.000 0.743 -0.669
vn 0.000 0.743 -0.669
vn 0.000 0.743 -0.669
vn 0.000 0.743 -0.669
vn 0.000 0.743 -0.669
vn 0.000 0.743 -0.669
vn 0.000 0.743 -0.669
v -0.1890 0.0000 -4.1500
v -0.1911 -0.0006 -4.1564
v -0.1966 -0.0009 -4.1604
v -0.2034 -0.0009 -4.1604
v -0.2089 -0.0006 -4.1564
v -0.2110 -0.0000 -4.1500
v -0.2089 0.0006 -4.1436
v -0.2034 0.0009 -4.1396
v -0.1966 0.0009 -4.1396
v -0.1911 0.0006 -4.1436
v -0.1890 0.0000 -4.1500
v -0.1890 0.5413 -4.1992
v -0.1911 0.5407 -4.2056
v -0.1966 0.5403 -4.2096
v -0.2034 0.5403 -4.2096
v -0.2089 0.5407 -4.2056
v -0.2110 0.5413 -4.1992
v -0.2089 0.5418 -4.1928
v -0.2034 0.5422 -4.1888
v -0.1966 0.5422 -4.1888
v -0.1911 0.5418 -4.1928
v -0.1890 0.5413 -4.1992
v -0.1890 0.5442 -4.1995
v -0.1911 0.5434 -4.2059
v -0.1966 0.5429 -4.2099
v -0.2034 0.5429 -4.2099
v -0.2089 0.5434 -4.2059
v -0.2110 0.5441 -4.1995
v -0.2089 0.5449 -4.1931
v -0.2034 0.5454 -4.1891
v -0.1966 0.5454 -4.1891
v -0.1911 0.5450 -4.1931
v -0.1890 0.5442 -4.1995
v -0.1890 0.5471 -4.1999
v -0.1911 0.5462 -4.2063
v -0.1966 0.5455 -4.2103
v -0.2034 0.5455 -4.2102
v -0.2089 0.5460 -4.2063
v -0.2110 0.5470 -4.1999
v -0.2089 0.5479 -4.1935
v -0.2034 0.5486 -4.1896
v -0.1966 0.5486 -4.1896
v -0.1911 0.5481 -4.1935
v -0.1890 0.5471 -4.1999
v -0.1891 0.5501 -4.2004
v -0.1912 0.5489 -4.2068
v -0.1967 0.5481 -4.2107
v -0.2035 0.5480 -4.2107
v -0.2090 0.5487 -4.2067
v -0.2111 0.5498 -4.2004
v -0.2090 0.5510 -4.1940
v -0.2035 0.5517 -4.1901
v -0.1967 0.5518 -4.1901
v -0.1912 0.5512 -4.1940
v -0.1891 0.5501 -4.2004
v -0.1891 0.5530 -4.2010
v -0.1912 0.5516 -4.2073
v -0.1967 0.5507 -4.2112
v -0.2035 0.5506 -4.2112
v -0.2090 0.5513 -4.2072
v -0.2111 0.5526 -4.2009
v -0.2090 0.5540 -4.1946
v -0.2035 0.5549 -4.1907
v -0.1967 0.5550 -4.1907
v -0.1912 0.5543 -4.1946
v -0.1891 0.5530 -4.2010
v -0.1892 0.5559 -4.2016
v -0.1913 0.5543 -4.2079
v -0.1967 0.5533 -4.2118
v -0.2035 0.5531 -4.2117
v -0.2090 0.5539 -4.2078
v -0.2112 0.5554 -4.2015
v -0.2091 0.5570 -4.1952
v -0.2036 0.5580 -4.1914
v -0.1968 0.5582 -4.1914
v -0.1913 0.5573 -4.1953
v -0.1892 0.5559 -4.2016
v -0.1892 0.5588 -4.2023
v -0.1913 0.5570 -4.2086
v -0.1968 0.5558 -4.2124
v -0.2036 0.5557 -4.2124
v -0.2091 0.5566 -4.2085
v -0.2112 0.5582 -4.2022
v -0.2091 0.5599 -4.1960
v -0.2036 0.5611 -4.1922
v -0.1969 0.5613 -4.1922
v -0.1913 0.5604 -4.1961
v -0.1892 0.5588 -4.2023
v -0.1990 0.9203 -4.3001
v -0.2011 0.9185 -4.3063
v -0.2066 0.9174 -4.3101
v -0.2134 0.9172 -4.3101
v -0.2189 0.9181 -4.3062
v -0.2210 0.9197 -4.2999
v -0.2189 0.9215 -4.2937
v -0.2134 0.9226 -4.2899
v -0.2066 0.9228 -4.2899
v -0.2011 0.9219 -4.2938
v -0.1990 0.9203 -4.3001
v -0.2000 0.0000 -4.1500
v -0.1890 0.0000 -4.1500
v -0.1911 -0.0006 -4.1564
v -0.1966 -0.0009 -4.1604
v -0.2034 -0.0009 -4.1604
v -0.2089 -0.0006 -4.1564
v -0.2110 -0.0000 -4.1500
v -0.2089 0.0006 -4.1436
v -0.2034 0.0009 -4.1396
v -0.1966 0.0009 -4.1396
v -0.1911 0.0006 -4.1436
v -0.2100 0.9200 -4.3000
v -0.1990 0.9203 -4.3001
v -0.2011 0.9185 -4.3063
v -0.2066 0.9174 -4.3101
v -0.2134 0.9172 -4.3101
v -0.2189 0.9181 -4.3062
v -0.2210 0.9197 -4.2999
v -0.2189 0.9215 -4.2937
v -0.2134 0.9226 -4.2899
v -0.2066 0.9228 -4.2899
v -0.2011 0.9219 -4.2938
v -1.1830 1.0000 -3.6200
v -1.1862 1.0000 -3.6300
v -1.1947 1.0000 -3.6362
v -1.2053 1.0000 -3.6362
v -1.2138 1.0000 -3.6300
v -1.2170 1.0000 -3.6200
v -1.2138 1.0000 -3.6100
v -1.2053 1.0000 -3.6038
v -1.1947 1.0000 -3.6038
v -1.1862 1.0000 -3.6100
v -1.1830 1.0000 -3.6200
v -1.1830 1.0696 -3.6200
v -1.1863 1.0697 -3.6300
v -1.1947 1.0699 -3.6362
v -1.2053 1.0701 -3.6362
v -1.2137 1.0703 -3.6300
v -1.2170 1.0704 -3.6200
v -1.2137 1.0703 -3.6100
v -1.2053 1.0701 -3.6038
v -1.1947 1.0699 -3.6038
v -1.1863 1.0697 -3.6100
v -1.1830 1.0696 -3.6200
v -1.1815 1.0839 -3.6200
v -1.1847 1.0847 -3.6300
v -1.1929 1.0867 -3.6362
v -1.2031 1.0893 -3.6362
v -1.2113 1.0913 -3.6300
v -1.2145 1.0921 -3.6200
v -1.2113 1.0913 -3.6100
v -1.2031 1.0893 -3.6038
v -1.1929 1.0867 -3.6038
v -1.1847 1.0847 -3.6100
v -1.1815 1.0839 -3.6200
v -1.1779 1.0926 -3.6200
v -1.1806 1.0944 -3.6300
v -1.1876 1.0991 -3.6362
v -1.1964 1.1049 -3.6362
v -1.2034 1.1096 -3.6300
v -1.2061 1.1114 -3.6200
v -1.2034 1.1096 -3.6100
v -1.1964 1.1049 -3.6038
v -1.1876 1.0991 -3.6038
v -1.1806 1.0944 -3.6100
v -1.1779 1.0926 -3.6200
v -1.1726 1.0979 -3.6200
v -1.1744 1.1006 -3.6300
v -1.1791 1.1076 -3.6362
v -1.1849 1.1164 -3.6362
v -1.1896 1.1234 -3.6300
v -1.1914 1.1261 -3.6200
v -1.1896 1.1234 -3.6100
v -1.1849 1.1164 -3.6038
v -1.1791 1.1076 -3.6038
v -1.1744 1.1006 -3.6100
v -1.1726 1.0979 -3.6200
v -1.1639 1.1015 -3.6200
v -1.1647 1.1047 -3.6300
v -1.1667 1.1129 -3.6362
v -1.1693 1.1231 -3.6362
v -1.1713 1.1313 -3.6300
v -1.1721 1.1345 -3.6200
v -1.1713 1.1313 -3.6100
v -1.1693 1.1231 -3.6038
v -1.1667 1.1129 -3.6038
v -1.1647 1.1047 -3.6100
v -1.1639 1.1015 -3.6200
v -1.1500 1.1030 -3.6200
v -1.1500 1.1062 -3.6300
v -1.1500 1.1147 -3.6362
v -1.1500 1.1253 -3.6362
v -1.1500 1.1338 -3.6300
v -1.1500 1.1370 -3.6200
v -1.1500 1.1338 -3.6100
v -1.1500 1.1253 -3.6038
v -1.1500 1.1147 -3.6038
v -1.1500 1.1062 -3.6100
v -1.1500 1.1030 -3.6200
v -0.3000 1.1030 -3.6200
v -0.3000 1.1062 -3.6300
v -0.3000 1.1147 -3.6362
v -0.3000 1.1253 -3.6362
v -0.3000 1.1338 -3.6300
v -0.3000 1.1370 -3.6200
v -0.3000 1.1338 -3.6100
v -0.3000 1.1253 -3.6038
v -0.3000 1.1147 -3.6038
v -0.3000 1.1062 -3.6100
v -0.3000 1.1030 -3.6200
v -0.2861 1.1015 -3.6200
v -0.2853 1.1047 -3.6300
v -0.2833 1.1129 -3.6362
v -0.2807 1.1231 -3.6362
v -0.2787 1.1313 -3.6300
v -0.2779 1.1345 -3.6200
v -0.2787 1.1313 -3.6100
v -0.2807 1.1231 -3.6038
v -0.2833 1.1129 -3.6038
v -0.2853 1.1047 -3.6100
v -0.2861 1.1015 -3.6200
v -0.2774 1.0979 -3.6200
v -0.2756 1.1006 -3.6300
v -0.2709 1.1076 -3.6362
v -0.2651 1.1164 -3.6362
v -0.2604 1.1234 -3.6300
v -0.2586 1.1261 -3.6200
v -0.2604 1.1234 -3.6100
v -0.2651 1.1164 -3.6038
v -0.2709 1.1076 -3.6038
v -0.2756 1.1006 -3.6100
v -0.2774 1.0979 -3.6200
v -0.2721 1.0926 -3.6200
v -0.2694 1.0944 -3.6300
v -0.2624 1.0991 -3.6362
v -0.2536 1.1049 -3.6362
v -0.2466 1.1096 -3.6300
v -0.2439 1.1114 -3.6200
v -0.2466 1.1096 -3.6100
v -0.2536 1.1049 -3.6038
v -0.2624 1.0991 -3.6038
v -0.2694 1.0944 -3.6100
v -0.2721 1.0926 -3.6200
v -0.2685 1.0839 -3.6200
v -0.2653 1.0847 -3.6300
v -0.2571 1.0867 -3.6362
v -0.2469 1.0893 -3.6362
v -0.2387 1.0913 -3.6300
v -0.2355 1.0921 -3.6200
v -0.2387 1.0913 -3.6100
v -0.2469 1.0893 -3.6038
v -0.2571 1.0867 -3.6038
v -0.2653 1.0847 -3.6100
v -0.2685 1.0839 -3.6200
v -0.2670 1.0700 -3.6200
v -0.2638 1.0700 -3.6300
v -0.2553 1.0700 -3.6362
v -0.2447 1.0700 -3.6362
v -0.2362 1.0700 -3.6300
v -0.2330 1.0700 -3.6200
v -0.2362 1.0700 -3.6100
v -0.2447 1.0700 -3.6038
v -0.2553 1.0700 -3.6038
v -0.2638 1.0700 -3.6100
v -0.2670 1.0700 -3.6200
v -0.2670 0.0000 -3.6200
v -0.2638 0.0000 -3.6300
v -0.2553 0.0000 -3.6362
v -0.2447 0.0000 -3.6362
v -0.2362 0.0000 -3.6300
v -0.2330 0.0000 -3.6200
v -0.2362 0.0000 -3.6100
v -0.2447 0.0000 -3.6038
v -0.2553 0.0000 -3.6038
v -0.2638 0.0000 -3.6100
v -0.2670 0.0000 -3.6200
v -1.2000 1.0000 -3.6200
v -1.1830 1.0000 -3.6200
v -1.1862 1.0000 -3.6300
v -1.1947 1.0000 -3.6362
v -1.2053 1.0000 -3.6362
v -1.2138 1.0000 -3.6300
v -1.2170 1.0000 -3.6200
v -1.2138 1.0000 -3.6100
v -1.2053 1.0000 -3.6038
v -1.1947 1.0000 -3.6038
v -1.1862 1.0000 -3.6100
v -0.2500 0.0000 -3.6200
v -0.2670 0.0000 -3.6200
v -0.2638 0.0000 -3.6300
v -0.2553 0.0000 -3.6362
v -0.2447 0.0000 -3.6362
v -0.2362 0.0000 -3.6300
v -0.2330 0.0000 -3.6200
v -0.2362 0.0000 -3.6100
v -0.2447 0.0000 -3.6038
v -0.2553 0.0000 -3.6038
v -0.2638 0.0000 -3.6100
v -0.8600 1.9560 -4.9200
v -0.8600 1.9530 -4.9148
v -0.8600 1.9470 -4.9148
v -0.8600 1.9440 -4.9200
v -0.8600 1.9470 -4.9252
v -0.8600 1.9530 -4.9252
v -0.8600 1.9560 -4.9200
v -0.3400 1.9560 -4.9200
v -0.3400 1.9530 -4.9148
v -0.3400 1.9470 -4.9148
v -0.3400 1.9440 -4.9200
v -0.3400 1.9470 -4.9252
v -0.3400 1.9530 -4.9252
v -0.3400 1.9560 -4.9200
v -0.8600 1.9500 -4.9200
v -0.8600 1.9560 -4.9200
v -0.8600 1.9530 -4.9148
v -0.8600 1.9470 -4.9148
v -0.8600 1.9440 -4.9200
v -0.8600 1.9470 -4.9252
v -0.8600 1.9530 -4.9252
v -0.3400 1.9500 -4.9200
v -0.3400 1.9560 -4.9200
v -0.3400 1.9530 -4.9148
v -0.3400 1.9470 -4.9148
v -0.3400 1.9440 -4.9200
v -0.3400 1.9470 -4.9252
v -0.3400 1.9530 -4.9252
v 0.3400 1.9560 -4.9200
v 0.3400 1.9530 -4.9148
v 0.3400 1.9470 -4.9148
v 0.3400 1.9440 -4.9200
v 0.3400 1.9470 -4.9252
v 0.3400 1.9530 -4.9252
v 0.3400 1.9560 -4.9200
v 0.8600 1.9560 -4.9200
v 0.8600 1.9530 -4.9148
v 0.8600 1.9470 -4.9148
v 0.8600 1.9440 -4.9200
v 0.8600 1.9470 -4.9252
v 0.8600 1.9530 -4.9252
v 0.8600 1.9560 -4.9200
v 0.3400 1.9500 -4.9200
v 0.3400 1.9560 -4.9200
v 0.3400 1.9530 -4.9148
v 0.3400 1.9470 -4.9148
v 0.3400 1.9440 -4.9200
v 0.3400 1.9470 -4.9252
v 0.3400 1.9530 -4.9252
v 0.8600 1.9500 -4.9200
v 0.8600 1.9560 -4.9200
v 0.8600 1.9530 -4.9148
v 0.8600 1.9470 -4.9148
v 0.8600 1.9440 -4.9200
v 0.8600 1.9470 -4.9252
v 0.8600 1.9530 -4.9252
v 1.2500 0.7600 -4.2625
v 1.2500 0.7581 -4.2684
v 1.2500 0.7531 -4.2720
v 1.2500 0.7469 -4.2720
v 1.2500 0.7419 -4.2684
v 1.2500 0.7400 -4.2625
v 1.2500 0.7419 -4.2566
v 1.2500 0.7469 -4.2530
v 1.2500 0.7531 -4.2530
v 1.2500 0.7581 -4.2566
v 1.2500 0.7600 -4.2625
v 1.2300 0.7600 -4.2625
v 1.2299 0.7581 -4.2684
v 1.2297 0.7531 -4.2720
v 1.2295 0.7469 -4.2720
v 1.2293 0.7419 -4.2684
v 1.2292 0.7400 -4.2625
v 1.2293 0.7419 -4.2566
v 1.2295 0.7469 -4.2530
v 1.2297 0.7531 -4.2530
v 1.2299 0.7581 -4.2566
v 1.2300 0.7600 -4.2625
v 1.2242 0.7607 -4.2625
v 1.2236 0.7589 -4.2684
v 1.2220 0.7542 -4.2720
v 1.2200 0.7483 -4.2720
v 1.2185 0.7435 -4.2684
v 1.2179 0.7417 -4.2625
v 1.2185 0.7435 -4.2566
v 1.2200 0.7483 -4.2530
v 1.2220 0.7542 -4.2530
v 1.2236 0.7589 -4.2566
v 1.2242 0.7607 -4.2625
v 1.2220 0.7620 -4.2625
v 1.2206 0.7606 -4.2684
v 1.2171 0.7571 -4.2720
v 1.2127 0.7527 -4.2720
v 1.2092 0.7492 -4.2684
v 1.2078 0.7478 -4.2625
v 1.2092 0.7492 -4.2566
v 1.2127 0.7527 -4.2530
v 1.2171 0.7571 -4.2530
v 1.2206 0.7606 -4.2566
v 1.2220 0.7620 -4.2625
v 1.2207 0.7642 -4.2625
v 1.2189 0.7636 -4.2684
v 1.2142 0.7620 -4.2720
v 1.2083 0.7600 -4.2720
v 1.2035 0.7585 -4.2684
v 1.2017 0.7579 -4.2625
v 1.2035 0.7585 -4.2566
v 1.2083 0.7600 -4.2530
v 1.2142 0.7620 -4.2530
v 1.2189 0.7636 -4.2566
v 1.2207 0.7642 -4.2625
v 1.2200 0.7696 -4.2625
v 1.2181 0.7696 -4.2684
v 1.2131 0.7696 -4.2720
v 1.2069 0.7696 -4.2720
v 1.2019 0.7696 -4.2684
v 1.2000 0.7696 -4.2625
v 1.2019 0.7696 -4.2566
v 1.2069 0.7696 -4.2530
v 1.2131 0.7696 -4.2530
v 1.2181 0.7696 -4.2566
v 1.2200 0.7696 -4.2625
v 1.2200 1.1304 -4.2625
v 1.2181 1.1304 -4.2684
v 1.2131 1.1304 -4.2720
v 1.2069 1.1304 -4.2720
v 1.2019 1.1304 -4.2684
v 1.2000 1.1304 -4.2625
v 1.2019 1.1304 -4.2566
v 1.2069 1.1304 -4.2530
v 1.2131 1.1304 -4.2530
v 1.2181 1.1304 -4.2566
v 1.2200 1.1304 -4.2625
v 1.2207 1.1358 -4.2625
v 1.2189 1.1364 -4.2684
v 1.2142 1.1380 -4.2720
v 1.2083 1.1400 -4.2720
v 1.2035 1.1415 -4.2684
v 1.2017 1.1421 -4.2625
v 1.2035 1.1415 -4.2566
v 1.2083 1.1400 -4.2530
v 1.2142 1.1380 -4.2530
v 1.2189 1.1364 -4.2566
v 1.2207 1.1358 -4.2625
v 1.2220 1.1380 -4.2625
v 1.2206 1.1394 -4.2684
v 1.2171 1.1429 -4.2720
v 1.2127 1.1473 -4.2720
v 1.2092 1.1508 -4.2684
v 1.2078 1.1522 -4.2625
v 1.2092 1.1508 -4.2566
v 1.2127 1.1473 -4.2530
v 1.2171 1.1429 -4.2530
v 1.2206 1.1394 -4.2566
v 1.2220 1.1380 -4.2625
v 1.2242 1.1393 -4.2625
v 1.2236 1.1411 -4.2684
v 1.2220 1.1458 -4.2720
v 1.2200 1.1517 -4.2720
v 1.2185 1.1565 -4.2684
v 1.2179 1.1583 -4.2625
v 1.2185 1.1565 -4.2566
v 1.2200 1.1517 -4.2530
v 1.2220 1.1458 -4.2530
v 1.2236 1.1411 -4.2566
v 1.2242 1.1393 -4.2625
v 1.2300 1.1400 -4.2625
v 1.2299 1.1419 -4.2684
v 1.2297 1.1469 -4.2720
v 1.2295 1.1531 -4.2720
v 1.2293 1.1581 -4.2684
v 1.2292 1.1600 -4.2625
v 1.2293 1.1581 -4.2566
v 1.2295 1.1531 -4.2530
v 1.2297 1.1469 -4.2530
v 1.2299 1.1419 -4.2566
v 1.2300 1.1400 -4.2625
v 1.2500 1.1400 -4.2625
v 1.2500 1.1419 -4.2684
v 1.2500 1.1469 -4.2720
v 1.2500 1.1531 -4.2720
v 1.2500 1.1581 -4.2684
v 1.2500 1.1600 -4.2625
v 1.2500 1.1581 -4.2566
v 1.2500 1.1531 -4.2530
v 1.2500 1.1469 -4.2530
v 1.2500 1.1419 -4.2566
v 1.2500 1.1400 -4.2625
v 1.2500 0.7500 -4.2625
v 1.2500 0.7600 -4.2625
v 1.2500 0.7581 -4.2684
v 1.2500 0.7531 -4.2720
v 1.2500 0.7469 -4.2720
v 1.2500 0.7419 -4.2684
v 1.2500 0.7400 -4.2625
v 1.2500 0.7419 -4.2566
v 1.2500 0.7469 -4.2530
v 1.2500 0.7531 -4.2530
v 1.2500 0.7581 -4.2566
v 1.2500 1.1500 -4.2625
v 1.2500 1.1400 -4.2625
v 1.2500 1.1419 -4.2684
v 1.2500 1.1469 -4.2720
v 1.2500 1.1531 -4.2720
v 1.2500 1.1581 -4.2684
v 1.2500 1.1600 -4.2625
v 1.2500 1.1581 -4.2566
v 1.2500 1.1531 -4.2530
v 1.2500 1.1469 -4.2530
v 1.2500 1.1419 -4.2566
v 1.2500 0.7600 -3.8125
v 1.2500 0.7581 -3.8184
v 1.2500 0.7531 -3.8220
v 1.2500 0.7469 -3.8220
v 1.2500 0.7419 -3.8184
v 1.2500 0.7400 -3.8125
v 1.2500 0.7419 -3.8066
v 1.2500 0.7469 -3.8030
v 1.2500 0.7531 -3.8030
v 1.2500 0.7581 -3.8066
v 1.2500 0.7600 -3.8125
v 1.2300 0.7600 -3.8125
v 1.2299 0.7581 -3.8184
v 1.2297 0.7531 -3.8220
v 1.2295 0.7469 -3.8220
v 1.2293 0.7419 -3.8184
v 1.2292 0.7400 -3.8125
v 1.2293 0.7419 -3.8066
v 1.2295 0.7469 -3.8030
v 1.2297 0.7531 -3.8030
v 1.2299 0.7581 -3.8066
v 1.2300 0.7600 -3.8125
v 1.2242 0.7607 -3.8125
v 1.2236 0.7589 -3.8184
v 1.2220 0.7542 -3.8220
v 1.2200 0.7483 -3.8220
v 1.2185 0.7435 -3.8184
v 1.2179 0.7417 -3.8125
v 1.2185 0.7435 -3.8066
v 1.2200 0.7483 -3.8030
v 1.2220 0.7542 -3.8030
v 1.2236 0.7589 -3.8066
v 1.2242 0.7607 -3.8125
v 1.2220 0.7620 -3.8125
v 1.2206 0.7606 -3.8184
v 1.2171 0.7571 -3.8220
v 1.2127 0.7527 -3.8220
v 1.2092 0.7492 -3.8184
v 1.2078 0.7478 -3.8125
v 1.2092 0.7492 -3.8066
v 1.2127 0.7527 -3.8030
v 1.2171 0.7571 -3.8030
v 1.2206 0.7606 -3.8066
v 1.2220 0.7620 -3.8125
v 1.2207 0.7642 -3.8125
v 1.2189 0.7636 -3.8184
v 1.2142 0.7620 -3.8220
v 1.2083 0.7600 -3.8220
v 1.2035 0.7585 -3.8184
v 1.2017 0.7579 -3.8125
v 1.2035 0.7585 -3.8066
v 1.2083 0.7600 -3.8030
v 1.2142 0.7620 -3.8030
v 1.2189 0.7636 -3.8066
v 1.2207 0.7642 -3.8125
v 1.2200 0.7696 -3.8125
v 1.2181 0.7696 -3.8184
v 1.2131 0.7696 -3.8220
v 1.2069 0.7696 -3.8220
v 1.2019 0.7696 -3.8184
v 1.2000 0.7696 -3.8125
v 1.2019 0.7696 -3.8066
v 1.2069 0.7696 -3.8030
v 1.2131 0.7696 -3.8030
v 1.2181 0.7696 -3.8066
v 1.2200 0.7696 -3.8125
v 1.2200 1.1304 -3.8125
v 1.2181 1.1304 -3.8184
v 1.2131 1.1304 -3.8220
v 1.2069 1.1304 -3.8220
v 1.2019 1.1304 -3.8184
v 1.2000 1.1304 -3.8125
v 1.2019 1.1304 -3.8066
v 1.2069 1.1304 -3.8030
v 1.2131 1.1304 -3.8030
v 1.2181 1.1304 -3.8066
v 1.2200 1.1304 -3.8125
v 1.2207 1.1358 -3.8125
v 1.2189 1.1364 -3.8184
v 1.2142 1.1380 -3.8220
v 1.2083 1.1400 -3.8220
v 1.2035 1.1415 -3.8184
v 1.2017 1.1421 -3.8125
v 1.2035 1.1415 -3.8066
v 1.2083 1.1400 -3.8030
v 1.2142 1.1380 -3.8030
v 1.2189 1.1364 -3.8066
v 1.2207 1.1358 -3.8125
v 1.2220 1.1380 -3.8125
v 1.2206 1.1394 -3.8184
v 1.2171 1.1429 -3.8220
v 1.2127 1.1473 -3.8220
v 1.2092 1.1508 -3.8184
v 1.2078 1.1522 -3.8125
v 1.2092 1.1508 -3.8066
v 1.2127 1.1473 -3.8030
v 1.2171 1.1429 -3.8030
v 1.2206 1.1394 -3.8066
v 1.2220 1.1380 -3.8125
v 1.2242 1.1393 -3.8125
v 1.2236 1.1411 -3.8184
v 1.2220 1.1458 -3.8220
v 1.2200 1.1517 -3.8220
v 1.2185 1.1565 -3.8184
v 1.2179 1.1583 -3.8125
v 1.2185 1.1565 -3.8066
v 1.2200 1.1517 -3.8030
v 1.2220 1.1458 -3.8030
v 1.2236 1.1411 -3.8066
v 1.2242 1.1393 -3.8125
v 1.2300 1.1400 -3.8125
v 1.2299 1.1419 -3.8184
v 1.2297 1.1469 -3.8220
v 1.2295 1.1531 -3.8220
v 1.2293 1.1581 -3.8184
v 1.2292 1.1600 -3.8125
v 1.2293 1.1581 -3.8066
v 1.2295 1.1531 -3.8030
v 1.2297 1.1469 -3.8030
v 1.2299 1.1419 -3.8066
v 1.2300 1.1400 -3.8125
v 1.2500 1.1400 -3.8125
v 1.2500 1.1419 -3.8184
v 1.2500 1.1469 -3.8220
v 1.2500 1.1531 -3.8220
v 1.2500 1.1581 -3.8184
v 1.2500 1.1600 -3.8125
v 1.2500 1.1581 -3.8066
v 1.2500 1.1531 -3.8030
v 1.2500 1.1469 -3.8030
v 1.2500 1.1419 -3.8066
v 1.2500 1.1400 -3.8125
v 1.2500 0.7500 -3.8125
v 1.2500 0.7600 -3.8125
v 1.2500 0.7581 -3.8184
v 1.2500 0.7531 -3.8220
v 1.2500 0.7469 -3.8220
v 1.2500 0.7419 -3.8184
v 1.2500 0.7400 -3.8125
v 1.2500 0.7419 -3.8066
v 1.2500 0.7469 -3.8030
v 1.2500 0.7531 -3.8030
v 1.2500 0.7581 -3.8066
v 1.2500 1.1500 -3.8125
v 1.2500 1.1400 -3.8125
v 1.2500 1.1419 -3.8184
v 1.2500 1.1469 -3.8220
v 1.2500 1.1531 -3.8220
v 1.2500 1.1581 -3.8184
v 1.2500 1.1600 -3.8125
v 1.2500 1.1581 -3.8066
v 1.2500 1.1531 -3.8030
v 1.2500 1.1469 -3.8030
v 1.2500 1.1419 -3.8066
vt 0.0000 0.0000
vt 0.0000 0.0069
vt 0.0000 0.0138
vt 0.0000 0.0207
vt 0.0000 0.0276
vt 0.0000 0.0346
vt 0.0000 0.0415
vt 0.0000 0.0484
vt 0.0000 0.0553
vt 0.0000 0.0622
vt 0.0000 0.0691
vt 0.5435 0.0000
vt 0.5435 0.0069
vt 0.5435 0.0138
vt 0.5435 0.0207
vt 0.5435 0.0276
vt 0.5435 0.0346
vt 0.5435 0.0415
vt 0.5435 0.0484
vt 0.5435 0.0553
vt 0.5435 0.0622
vt 0.5435 0.0691
vt 0.5464 0.0000
vt 0.5464 0.0069
vt 0.5464 0.0138
vt 0.5464 0.0207
vt 0.5464 0.0276
vt 0.5464 0.0346
vt 0.5464 0.0415
vt 0.5464 0.0484
vt 0.5464 0.0553
vt 0.5464 0.0622
vt 0.5464 0.0691
vt 0.5493 0.0000
vt 0.5493 0.0069
vt 0.5493 0.0138
vt 0.5493 0.0207
vt 0.5493 0.0276
vt 0.5493 0.0346
vt 0.5493 0.0415
vt 0.5493 0.0484
vt 0.5493 0.0553
vt 0.5493 0.0622
vt 0.5493 0.0691
vt 0.5522 0.0000
vt 0.5522 0.0069
vt 0.5522 0.0138
vt 0.5522 0.0207
vt 0.5522 0.0276
vt 0.5522 0.0346
vt 0.5522 0.0415
vt 0.5522 0.0484
vt 0.5522 0.0553
vt 0.5522 0.0622
vt 0.5522 0.0691
vt 0.5552 0.0000
vt 0.5552 0.0069
vt 0.5552 0.0138
vt 0.5552 0.0207
vt 0.5552 0.0276
vt 0.5552 0.0346
vt 0.5552 0.0415
vt 0.5552 0.0484
vt 0.5552 0.0553
vt 0.5552 0.0622
vt 0.5552 0.0691
vt 0.5581 0.0000
vt 0.5581 0.0069
vt 0.5581 0.0138
vt 0.5581 0.0207
vt 0.5581 0.0276
vt 0.5581 0.0346
vt 0.5581 0.0415
vt 0.5581 0.0484
vt 0.5581 0.0553
vt 0.5581 0.0622
vt 0.5581 0.0691
vt 0.5610 0.0000
vt 0.5610 0.0069
vt 0.5610 0.0138
vt 0.5610 0.0207
vt 0.5610 0.0276
vt 0.5610 0.0346
vt 0.5610 0.0415
vt 0.5610 0.0484
vt 0.5610 0.0553
vt 0.5610 0.0622
vt 0.5610 0.0691
vt 0.9356 0.0000
vt 0.9356 0.0069
vt 0.9356 0.0138
vt 0.9356 0.0207
vt 0.9356 0.0276
vt 0.9356 0.0346
vt 0.9356 0.0415
vt 0.9356 0.0484
vt 0.9356 0.0553
vt 0.9356 0.0622
vt 0.9356 0.0691
vt 0.0000 0.0000
vt 0.0110 0.0000
vt 0.0089 0.0065
vt 0.0034 0.0105
vt -0.0034 0.0105
vt -0.0089 0.0065
vt -0.0110 0.0000
vt -0.0089 -0.0065
vt -0.0034 -0.0105
vt 0.0034 -0.0105
vt 0.0089 -0.0065
vt 0.0000 0.0000
vt 0.0110 0.0000
vt 0.0089 0.0065
vt 0.0034 0.0105
vt -0.0034 0.0105
vt -0.0089 0.0065
vt -0.0110 0.0000
vt -0.0089 -0.0065
vt -0.0034 -0.0105
vt 0.0034 -0.0105
vt 0.0089 -0.0065
vt 0.0000 0.0000
vt 0.0000 0.0107
vt 0.0000 0.0214
vt 0.0000 0.0320
vt 0.0000 0.0427
vt 0.0000 0.0534
vt 0.0000 0.0641
vt 0.0000 0.0748
vt 0.0000 0.0855
vt 0.0000 0.0961
vt 0.0000 0.1068
vt 0.0700 0.0000
vt 0.0700 0.0107
vt 0.0700 0.0214
vt 0.0700 0.0320
vt 0.0700 0.0427
vt 0.0700 0.0534
vt 0.0700 0.0641
vt 0.0700 0.0748
vt 0.0700 0.0855
vt 0.0700 0.0961
vt 0.0700 0.1068
vt 0.0881 0.0000
vt 0.0881 0.0107
vt 0.0881 0.0214
vt 0.0881 0.0320
vt 0.0881 0.0427
vt 0.0881 0.0534
vt 0.0881 0.0641
vt 0.0881 0.0748
vt 0.0881 0.0855
vt 0.0881 0.0961
vt 0.0881 0.1068
vt 0.1033 0.0000
vt 0.1033 0.0107
vt 0.1033 0.0214
vt 0.1033 0.0320
vt 0.1033 0.0427
vt 0.1033 0.0534
vt 0.1033 0.0641
vt 0.1033 0.0748
vt 0.1033 0.0855
vt 0.1033 0.0961
vt 0.1033 0.1068
vt 0.1175 0.0000
vt 0.1175 0.0107
vt 0.1175 0.0214
vt 0.1175 0.0320
vt 0.1175 0.0427
vt 0.1175 0.0534
vt 0.1175 0.0641
vt 0.1175 0.0748
vt 0.1175 0.0855
vt 0.1175 0.0961
vt 0.1175 0.1068
vt 0.1327 0.0000
vt 0.1327 0.0107
vt 0.1327 0.0214
vt 0.1327 0.0320
vt 0.1327 0.0427
vt 0.1327 0.0534
vt 0.1327 0.0641
vt 0.1327 0.0748
vt 0.1327 0.0855
vt 0.1327 0.0961
vt 0.1327 0.1068
vt 0.1508 0.0000
vt 0.1508 0.0107
vt 0.1508 0.0214
vt 0.1508 0.0320
vt 0.1508 0.0427
vt 0.1508 0.0534
vt 0.1508 0.0641
vt 0.1508 0.0748
vt 0.1508 0.0855
vt 0.1508 0.0961
vt 0.1508 0.1068
vt 1.0008 0.0000
vt 1.0008 0.0107
vt 1.0008 0.0214
vt 1.0008 0.0320
vt 1.0008 0.0427
vt 1.0008 0.0534
vt 1.0008 0.0641
vt 1.0008 0.0748
vt 1.0008 0.0855
vt 1.0008 0.0961
vt 1.0008 0.1068
vt 1.0189 0.0000
vt 1.0189 0.0107
vt 1.0189 0.0214
vt 1.0189 0.0320
vt 1.0189 0.0427
vt 1.0189 0.0534
vt 1.0189 0.0641
vt 1.0189 0.0748
vt 1.0189 0.0855
vt 1.0189 0.0961
vt 1.0189 0.1068
vt 1.0342 0.0000
vt 1.0342 0.0107
vt 1.0342 0.0214
vt 1.0342 0.0320
vt 1.0342 0.0427
vt 1.0342 0.0534
vt 1.0342 0.0641
vt 1.0342 0.0748
vt 1.0342 0.0855
vt 1.0342 0.0961
vt 1.0342 0.1068
vt 1.0483 0.0000
vt 1.0483 0.0107
vt 1.0483 0.0214
vt 1.0483 0.0320
vt 1.0483 0.0427
vt 1.0483 0.0534
vt 1.0483 0.0641
vt 1.0483 0.0748
vt 1.0483 0.0855
vt 1.0483 0.0961
vt 1.0483 0.1068
vt 1.0635 0.0000
vt 1.0635 0.0107
vt 1.0635 0.0214
vt 1.0635 0.0320
vt 1.0635 0.0427
vt 1.0635 0.0534
vt 1.0635 0.0641
vt 1.0635 0.0748
vt 1.0635 0.0855
vt 1.0635 0.0961
vt 1.0635 0.1068
vt 1.0817 0.0000
vt 1.0817 0.0107
vt 1.0817 0.0214
vt 1.0817 0.0320
vt 1.0817 0.0427
vt 1.0817 0.0534
vt 1.0817 0.0641
vt 1.0817 0.0748
vt 1.0817 0.0855
vt 1.0817 0.0961
vt 1.0817 0.1068
vt 2.1517 0.0000
vt 2.1517 0.0107
vt 2.1517 0.0214
vt 2.1517 0.0320
vt 2.1517 0.0427
vt 2.1517 0.0534
vt 2.1517 0.0641
vt 2.1517 0.0748
vt 2.1517 0.0855
vt 2.1517 0.0961
vt 2.1517 0.1068
vt 0.0000 0.0000
vt 0.0170 0.0000
vt 0.0138 0.0100
vt 0.0053 0.0162
vt -0.0053 0.0162
vt -0.0138 0.0100
vt -0.0170 0.0000
vt -0.0138 -0.0100
vt -0.0053 -0.0162
vt 0.0053 -0.0162
vt 0.0138 -0.0100
vt 0.0000 0.0000
vt 0.0170 0.0000
vt 0.0138 0.0100
vt 0.0053 0.0162
vt -0.0053 0.0162
vt -0.0138 0.0100
vt -0.0170 0.0000
vt -0.0138 -0.0100
vt -0.0053 -0.0162
vt 0.0053 -0.0162
vt 0.0138 -0.0100
vt 0.0000 0.0000
vt 0.0000 0.0063
vt 0.0000 0.0126
vt 0.0000 0.0188
vt 0.0000 0.0251
vt 0.0000 0.0314
vt 0.0000 0.0377
vt 0.5200 0.0000
vt 0.5200 0.0063
vt 0.5200 0.0126
vt 0.5200 0.0188
vt 0.5200 0.0251
vt 0.5200 0.0314
vt 0.5200 0.0377
vt 0.0000 0.0000
vt 0.0060 0.0000
vt 0.0030 0.0052
vt -0.0030 0.0052
vt -0.0060 0.0000
vt -0.0030 -0.0052
vt 0.0030 -0.0052
vt 0.0000 0.0000
vt 0.0060 0.0000
vt 0.0030 0.0052
vt -0.0030 0.0052
vt -0.0060 0.0000
vt -0.0030 -0.0052
vt 0.0030 -0.0052
vt 0.0000 0.0000
vt 0.0000 0.0063
vt 0.0000 0.0126
vt 0.0000 0.0188
vt 0.0000 0.0251
vt 0.0000 0.0314
vt 0.0000 0.0377
vt 0.5200 0.0000
vt 0.5200 0.0063
vt 0.5200 0.0126
vt 0.5200 0.0188
vt 0.5200 0.0251
vt 0.5200 0.0314
vt 0.5200 0.0377
vt 0.0000 0.0000
vt 0.0060 0.0000
vt 0.0030 0.0052
vt -0.0030 0.0052
vt -0.0060 0.0000
vt -0.0030 -0.0052
vt 0.0030 -0.0052
vt 0.0000 0.0000
vt 0.0060 0.0000
vt 0.0030 0.0052
vt -0.0030 0.0052
vt -0.0060 0.0000
vt -0.0030 -0.0052
vt 0.0030 -0.0052
vt 0.0000 0.0000
vt 0.0000 0.0063
vt 0.0000 0.0126
vt 0.0000 0.0188
vt 0.0000 0.0251
vt 0.0000 0.0314
vt 0.0000 0.0377
vt 0.0000 0.0440
vt 0.0000 0.0503
vt 0.0000 0.0565
vt 0.0000 0.0628
vt 0.0204 0.0000
vt 0.0204 0.0063
vt 0.0204 0.0126
vt 0.0204 0.0188
vt 0.0204 0.0251
vt 0.0204 0.0314
vt 0.0204 0.0377
vt 0.0204 0.0440
vt 0.0204 0.0503
vt 0.0204 0.0565
vt 0.0204 0.0628
vt 0.0291 0.0000
vt 0.0291 0.0063
vt 0.0291 0.0126
vt 0.0291 0.0188
vt 0.0291 0.0251
vt 0.0291 0.0314
vt 0.0291 0.0377
vt 0.0291 0.0440
vt 0.0291 0.0503
vt 0.0291 0.0565
vt 0.0291 0.0628
vt 0.0362 0.0000
vt 0.0362 0.0063
vt 0.0362 0.0126
vt 0.0362 0.0188
vt 0.0362 0.0251
vt 0.0362 0.0314
vt 0.0362 0.0377
vt 0.0362 0.0440
vt 0.0362 0.0503
vt 0.0362 0.0565
vt 0.0362 0.0628
vt 0.0433 0.0000
vt 0.0433 0.0063
vt 0.0433 0.0126
vt 0.0433 0.0188
vt 0.0433 0.0251
vt 0.0433 0.0314
vt 0.0433 0.0377
vt 0.0433 0.0440
vt 0.0433 0.0503
vt 0.0433 0.0565
vt 0.0433 0.0628
vt 0.0520 0.0000
vt 0.0520 0.0063
vt 0.0520 0.0126
vt 0.0520 0.0188
vt 0.0520 0.0251
vt 0.0520 0.0314
vt 0.0520 0.0377
vt 0.0520 0.0440
vt 0.0520 0.0503
vt 0.0520 0.0565
vt 0.0520 0.0628
vt 0.4128 0.0000
vt 0.4128 0.0063
vt 0.4128 0.0126
vt 0.4128 0.0188
vt 0.4128 0.0251
vt 0.4128 0.0314
vt 0.4128 0.0377
vt 0.4128 0.0440
vt 0.4128 0.0503
vt 0.4128 0.0565
vt 0.4128 0.0628
vt 0.4215 0.0000
vt 0.4215 0.0063
vt 0.4215 0.0126
vt 0.4215 0.0188
vt 0.4215 0.0251
vt 0.4215 0.0314
vt 0.4215 0.0377
vt 0.4215 0.0440
vt 0.4215 0.0503
vt 0.4215 0.0565
vt 0.4215 0.0628
vt 0.4286 0.0000
vt 0.4286 0.0063
vt 0.4286 0.0126
vt 0.4286 0.0188
vt 0.4286 0.0251
vt 0.4286 0.0314
vt 0.4286 0.0377
vt 0.4286 0.0440
vt 0.4286 0.0503
vt 0.4286 0.0565
vt 0.4286 0.0628
vt 0.4358 0.0000
vt 0.4358 0.0063
vt 0.4358 0.0126
vt 0.4358 0.0188
vt 0.4358 0.0251
vt 0.4358 0.0314
vt 0.4358 0.0377
vt 0.4358 0.0440
vt 0.4358 0.0503
vt 0.4358 0.0565
vt 0.4358 0.0628
vt 0.4444 0.0000
vt 0.4444 0.0063
vt 0.4444 0.0126
vt 0.4444 0.0188
vt 0.4444 0.0251
vt 0.4444 0.0314
vt 0.4444 0.0377
vt 0.4444 0.0440
vt 0.4444 0.0503
vt 0.4444 0.0565
vt 0.4444 0.0628
vt 0.4648 0.0000
vt 0.4648 0.0063
vt 0.4648 0.0126
vt 0.4648 0.0188
vt 0.4648 0.0251
vt 0.4648 0.0314
vt 0.4648 0.0377
vt 0.4648 0.0440
vt 0.4648 0.0503
vt 0.4648 0.0565
vt 0.4648 0.0628
vt 0.0000 0.0000
vt 0.0100 0.0000
vt 0.0081 0.0059
vt 0.0031 0.0095
vt -0.0031 0.0095
vt -0.0081 0.0059
vt -0.0100 0.0000
vt -0.0081 -0.0059
vt -0.0031 -0.0095
vt 0.0031 -0.0095
vt 0.0081 -0.0059
vt 0.0000 0.0000
vt 0.0100 0.0000
vt 0.0081 0.0059
vt 0.0031 0.0095
vt -0.0031 0.0095
vt -0.0081 0.0059
vt -0.0100 0.0000
vt -0.0081 -0.0059
vt -0.0031 -0.0095
vt 0.0031 -0.0095
vt 0.0081 -0.0059
vt 0.0000 0.0000
vt 0.0000 0.0063
vt 0.0000 0.0126
vt 0.0000 0.0188
vt 0.0000 0.0251
vt 0.0000 0.0314
vt 0.0000 0.0377
vt 0.0000 0.0440
vt 0.0000 0.0503
vt 0.0000 0.0565
vt 0.0000 0.0628
vt 0.0204 0.0000
vt 0.0204 0.0063
vt 0.0204 0.0126
vt 0.0204 0.0188
vt 0.0204 0.0251
vt 0.0204 0.0314
vt 0.0204 0.0377
vt 0.0204 0.0440
vt 0.0204 0.0503
vt 0.0204 0.0565
vt 0.0204 0.0628
vt 0.0291 0.0000
vt 0.0291 0.0063
vt 0.0291 0.0126
vt 0.0291 0.0188
vt 0.0291 0.0251
vt 0.0291 0.0314
vt 0.0291 0.0377
vt 0.0291 0.0440
vt 0.0291 0.0503
vt 0.0291 0.0565
vt 0.0291 0.0628
vt 0.0362 0.0000
vt 0.0362 0.0063
vt 0.0362 0.0126
vt 0.0362 0.0188
vt 0.0362 0.0251
vt 0.0362 0.0314
vt 0.0362 0.0377
vt 0.0362 0.0440
vt 0.0362 0.0503
vt 0.0362 0.0565
vt 0.0362 0.0628
vt 0.0433 0.0000
vt 0.0433 0.0063
vt 0.0433 0.0126
vt 0.0433 0.0188
vt 0.0433 0.0251
vt 0.0433 0.0314
vt 0.0433 0.0377
vt 0.0433 0.0440
vt 0.0433 0.0503
vt 0.0433 0.0565
vt 0.0433 0.0628
vt 0.0520 0.0000
vt 0.0520 0.0063
vt 0.0520 0.0126
vt 0.0520 0.0188
vt 0.0520 0.0251
vt 0.0520 0.0314
vt 0.0520 0.0377
vt 0.0520 0.0440
vt 0.0520 0.0503
vt 0.0520 0.0565
vt 0.0520 0.0628
vt 0.4128 0.0000
vt 0.4128 0.0063
vt 0.4128 0.0126
vt 0.4128 0.0188
vt 0.4128 0.0251
vt 0.4128 0.0314
vt 0.4128 0.0377
vt 0.4128 0.0440
vt 0.4128 0.0503
vt 0.4128 0.0565
vt 0.4128 0.0628
vt 0.4215 0.0000
vt 0.4215 0.0063
vt 0.4215 0.0126
vt 0.4215 0.0188
vt 0.4215 0.0251
vt 0.4215 0.0314
vt 0.4215 0.0377
vt 0.4215 0.0440
vt 0.4215 0.0503
vt 0.4215 0.0565
vt 0.4215 0.0628
vt 0.4286 0.0000
vt 0.4286 0.0063
vt 0.4286 0.0126
vt 0.4286 0.0188
vt 0.4286 0.0251
vt 0.4286 0.0314
vt 0.4286 0.0377
vt 0.4286 0.0440
vt 0.4286 0.0503
vt 0.4286 0.0565
vt 0.4286 0.0628
vt 0.4358 0.0000
vt 0.4358 0.0063
vt 0.4358 0.0126
vt 0.4358 0.0188
vt 0.4358 0.0251
vt 0.4358 0.0314
vt 0.4358 0.0377
vt 0.4358 0.0440
vt 0.4358 0.0503
vt 0.4358 0.0565
vt 0.4358 0.0628
vt 0.4444 0.0000
vt 0.4444 0.0063
vt 0.4444 0.0126
vt 0.4444 0.0188
vt 0.4444 0.0251
vt 0.4444 0.0314
vt 0.4444 0.0377
vt 0.4444 0.0440
vt 0.4444 0.0503
vt 0.4444 0.0565
vt 0.4444 0.0628
vt 0.4648 0.0000
vt 0.4648 0.0063
vt 0.4648 0.0126
vt 0.4648 0.0188
vt 0.4648 0.0251
vt 0.4648 0.0314
vt 0.4648 0.0377
vt 0.4648 0.0440
vt 0.4648 0.0503
vt 0.4648 0.0565
vt 0.4648 0.0628
vt 0.0000 0.0000
vt 0.0100 0.0000
vt 0.0081 0.0059
vt 0.0031 0.0095
vt -0.0031 0.0095
vt -0.0081 0.0059
vt -0.0100 0.0000
vt -0.0081 -0.0059
vt -0.0031 -0.0095
vt 0.0031 -0.0095
vt 0.0081 -0.0059
vt 0.0000 0.0000
vt 0.0100 0.0000
vt 0.0081 0.0059
vt 0.0031 0.0095
vt -0.0031 0.0095
vt -0.0081 0.0059
vt -0.0100 0.0000
vt -0.0081 -0.0059
vt -0.0031 -0.0095
vt 0.0031 -0.0095
vt 0.0081 -0.0059
vn 1.000 0.000 0.000
vn 0.809 -0.053 -0.585
vn 0.309 -0.086 -0.947
vn -0.309 -0.086 -0.947
vn -0.809 -0.053 -0.585
vn -1.000 -0.000 -0.000
vn -0.809 0.053 0.585
vn -0.309 0.086 0.947
vn 0.309 0.086 0.947
vn 0.809 0.053 0.585
vn 1.000 0.000 0.000
vn 1.000 0.000 -0.000
vn 0.809 -0.053 -0.585
vn 0.309 -0.086 -0.947
vn -0.309 -0.086 -0.947
vn -0.809 -0.053 -0.585
vn -1.000 -0.000 0.000
vn -0.809 0.053 0.585
vn -0.309 0.086 0.947
vn 0.309 0.086 0.947
vn 0.809 0.053 0.585
vn 1.000 0.000 -0.000
vn 1.000 0.004 -0.001
vn 0.809 -0.067 -0.584
vn 0.309 -0.112 -0.944
vn -0.309 -0.115 -0.944
vn -0.809 -0.074 -0.583
vn -1.000 -0.004 0.001
vn -0.809 0.067 0.584
vn -0.309 0.112 0.944
vn 0.309 0.115 0.944
vn 0.809 0.074 0.583
vn 1.000 0.004 -0.001
vn 1.000 0.009 -0.001
vn 0.809 -0.080 -0.582
vn 0.309 -0.138 -0.941
vn -0.309 -0.143 -0.940
vn -0.809 -0.094 -0.580
vn -1.000 -0.009 0.001
vn -0.809 0.080 0.582
vn -0.309 0.138 0.941
vn 0.309 0.143 0.940
vn 0.809 0.094 0.580
vn 1.000 0.009 -0.001
vn 1.000 0.013 -0.002
vn 0.809 -0.093 -0.580
vn 0.309 -0.164 -0.937
vn -0.309 -0.172 -0.936
vn -0.809 -0.114 -0.577
vn -1.000 -0.013 0.002
vn -0.809 0.093 0.580
vn -0.309 0.164 0.937
vn 0.309 0.172 0.936
vn 0.809 0.114 0.577
vn 1.000 0.013 -0.002
vn 1.000 0.017 -0.003
vn 0.809 -0.106 -0.578
vn 0.310 -0.189 -0.932
vn -0.308 -0.200 -0.930
vn -0.808 -0.134 -0.573
vn -1.000 -0.017 0.003
vn -0.809 0.106 0.578
vn -0.310 0.189 0.932
vn 0.308 0.200 0.930
vn 0.808 0.134 0.573
vn 1.000 0.017 -0.003
vn 1.000 0.021 -0.004
vn 0.810 -0.120 -0.575
vn 0.310 -0.215 -0.926
vn -0.308 -0.228 -0.924
vn -0.808 -0.154 -0.568
vn -1.000 -0.021 0.004
vn -0.810 0.120 0.575
vn -0.310 0.215 0.926
vn 0.308 0.228 0.924
vn 0.808 0.154 0.568
vn 1.000 0.021 -0.004
vn 1.000 0.026 -0.005
vn 0.810 -0.133 -0.571
vn 0.311 -0.240 -0.920
vn -0.307 -0.256 -0.917
vn -0.808 -0.174 -0.563
vn -1.000 -0.026 0.005
vn -0.810 0.133 0.571
vn -0.311 0.240 0.920
vn 0.307 0.256 0.917
vn 0.808 0.174 0.563
vn 1.000 0.026 -0.005
vn 1.000 0.026 -0.005
vn 0.810 -0.133 -0.571
vn 0.311 -0.240 -0.920
vn -0.307 -0.256 -0.917
vn -0.808 -0.174 -0.563
vn -1.000 -0.026 0.005
vn -0.810 0.133 0.571
vn -0.311 0.240 0.920
vn 0.307 0.256 0.917
vn 0.808 0.174 0.563
vn 1.000 0.026 -0.005
vn -0.000 -0.996 0.091
vn -0.000 -0.996 0.091
vn -0.000 -0.996 0.091
vn -0.000 -0.996 0.091
vn -0.000 -0.996 0.091
vn -0.000 -0.996 0.091
vn -0.000 -0.996 0.091
vn -0.000 -0.996 0.091
vn -0.000 -0.996 0.091
vn -0.000 -0.996 0.091
vn -0.000 -0.996 0.091
vn -0.026 0.965 -0.261
vn -0.026 0.965 -0.261
vn -0.026 0.965 -0.261
vn -0.026 0.965 -0.261
vn -0.026 0.965 -0.261
vn -0.026 0.965 -0.261
vn -0.026 0.965 -0.261
vn -0.026 0.965 -0.261
vn -0.026 0.965 -0.261
vn -0.026 0.965 -0.261
vn -0.026 0.965 -0.261
vn 1.000 0.000 0.000
vn 0.809 0.000 -0.588
vn 0.309 0.000 -0.951
vn -0.309 0.000 -0.951
vn -0.809 0.000 -0.588
vn -1.000 0.000 -0.000
vn -0.809 0.000 0.588
vn -0.309 0.000 0.951
vn 0.309 -0.000 0.951
vn 0.809 -0.000 0.588
vn 1.000 -0.000 0.000
vn 1.000 -0.023 0.000
vn 0.809 -0.018 -0.588
vn 0.309 -0.007 -0.951
vn -0.309 0.007 -0.951
vn -0.809 0.018 -0.588
vn -1.000 0.023 -0.000
vn -0.809 0.018 0.588
vn -0.309 0.007 0.951
vn 0.309 -0.007 0.951
vn 0.809 -0.018 0.588
vn 1.000 -0.023 0.000
vn 0.970 -0.243 0.000
vn 0.785 -0.196 -0.588
vn 0.300 -0.075 -0.951
vn -0.300 0.075 -0.951
vn -0.785 0.196 -0.588
vn -0.970 0.243 -0.000
vn -0.785 0.196 0.588
vn -0.300 0.075 0.951
vn 0.300 -0.075 0.951
vn 0.785 -0.196 0.588
vn 0.970 -0.243 0.000
vn 0.832 -0.555 -0.000
vn 0.673 -0.449 -0.588
vn 0.257 -0.171 -0.951
vn -0.257 0.171 -0.951
vn -0.673 0.449 -0.588
vn -0.832 0.555 0.000
vn -0.673 0.449 0.588
vn -0.257 0.171 0.951
vn 0.257 -0.171 0.951
vn 0.673 -0.449 0.588
vn 0.832 -0.555 -0.000
vn 0.555 -0.832 -0.000
vn 0.449 -0.673 -0.588
vn 0.171 -0.257 -0.951
vn -0.171 0.257 -0.951
vn -0.449 0.673 -0.588
vn -0.555 0.832 0.000
vn -0.449 0.673 0.588
vn -0.171 0.257 0.951
vn 0.171 -0.257 0.951
vn 0.449 -0.673 0.588
vn 0.555 -0.832 -0.000
vn 0.243 -0.970 -0.000
vn 0.196 -0.785 -0.588
vn 0.075 -0.300 -0.951
vn -0.075 0.300 -0.951
vn -0.196 0.785 -0.588
vn -0.243 0.970 0.000
vn -0.196 0.785 0.588
vn -0.075 0.300 0.951
vn 0.075 -0.300 0.951
vn 0.196 -0.785 0.588
vn 0.243 -0.970 -0.000
vn 0.002 -1.000 -0.000
vn 0.002 -0.809 -0.588
vn 0.001 -0.309 -0.951
vn -0.001 0.309 -0.951
vn -0.002 0.809 -0.588
vn -0.002 1.000 0.000
vn -0.002 0.809 0.588
vn -0.001 0.309 0.951
vn 0.001 -0.309 0.951
vn 0.002 -0.809 0.588
vn 0.002 -1.000 -0.000
vn -0.002 -1.000 -0.000
vn -0.002 -0.809 -0.588
vn -0.001 -0.309 -0.951
vn 0.001 0.309 -0.951
vn 0.002 0.809 -0.588
vn 0.002 1.000 0.000
vn 0.002 0.809 0.588
vn 0.001 0.309 0.951
vn -0.001 -0.309 0.951
vn -0.002 -0.809 0.588
vn -0.002 -1.000 -0.000
vn -0.243 -0.970 -0.000
vn -0.196 -0.785 -0.588
vn -0.075 -0.300 -0.951
vn 0.075 0.300 -0.951
vn 0.196 0.785 -0.588
vn 0.243 0.970 0.000
vn 0.196 0.785 0.588
vn 0.075 0.300 0.951
vn -0.075 -0.300 0.951
vn -0.196 -0.785 0.588
vn -0.243 -0.970 -0.000
vn -0.555 -0.832 -0.000
vn -0.449 -0.673 -0.588
vn -0.171 -0.257 -0.951
vn 0.171 0.257 -0.951
vn 0.449 0.673 -0.588
vn 0.555 0.832 0.000
vn 0.449 0.673 0.588
vn 0.171 0.257 0.951
vn -0.171 -0.257 0.951
vn -0.449 -0.673 0.588
vn -0.555 -0.832 -0.000
vn -0.832 -0.555 -0.000
vn -0.673 -0.449 -0.588
vn -0.257 -0.171 -0.951
vn 0.257 0.171 -0.951
vn 0.673 0.449 -0.588
vn 0.832 0.555 0.000
vn 0.673 0.449 0.588
vn 0.257 0.171 0.951
vn -0.257 -0.171 0.951
vn -0.673 -0.449 0.588
vn -0.832 -0.555 -0.000
vn -0.970 -0.243 -0.000
vn -0.785 -0.196 -0.588
vn -0.300 -0.075 -0.951
vn 0.300 0.075 -0.951
vn 0.785 0.196 -0.588
vn 0.970 0.243 0.000
vn 0.785 0.196 0.588
vn 0.300 0.075 0.951
vn -0.300 -0.075 0.951
vn -0.785 -0.196 0.588
vn -0.970 -0.243 -0.000
vn -1.000 -0.002 -0.000
vn -0.809 -0.001 -0.588
vn -0.309 -0.001 -0.951
vn 0.309 0.001 -0.951
vn 0.809 0.001 -0.588
vn 1.000 0.002 0.000
vn 0.809 0.001 0.588
vn 0.309 0.001 0.951
vn -0.309 -0.001 0.951
vn -0.809 -0.001 0.588
vn -1.000 -0.002 -0.000
vn -1.000 0.000 -0.000
vn -0.809 0.000 -0.588
vn -0.309 0.000 -0.951
vn 0.309 0.000 -0.951
vn 0.809 0.000 -0.588
vn 1.000 0.000 0.000
vn 0.809 -0.000 0.588
vn 0.309 -0.000 0.951
vn -0.309 0.000 0.951
vn -0.809 0.000 0.588
vn -1.000 0.000 -0.000
vn -0.000 -1.000 -0.000
vn -0.000 -1.000 -0.000
vn -0.000 -1.000 -0.000
vn -0.000 -1.000 -0.000
vn -0.000 -1.000 -0.000
vn -0.000 -1.000 -0.000
vn -0.000 -1.000 -0.000
vn -0.000 -1.000 -0.000
vn -0.000 -1.000 -0.000
vn -0.000 -1.000 -0.000
vn -0.000 -1.000 -0.000
vn 0.000 -1.000 0.000
vn 0.000 -1.000 0.000
vn 0.000 -1.000 0.000
vn 0.000 -1.000 0.000
vn 0.000 -1.000 0.000
vn 0.000 -1.000 0.000
vn 0.000 -1.000 0.000
vn 0.000 -1.000 0.000
vn 0.000 -1.000 0.000
vn 0.000 -1.000 0.000
vn 0.000 -1.000 0.000
vn 0.000 1.000 0.000
vn 0.000 0.500 0.866
vn 0.000 -0.500 0.866
vn 0.000 -1.000 0.000
vn -0.000 -0.500 -0.866
vn 0.000 0.500 -0.866
vn 0.000 1.000 -0.000
vn 0.000 1.000 0.000
vn 0.000 0.500 0.866
vn 0.000 -0.500 0.866
vn 0.000 -1.000 0.000
vn -0.000 -0.500 -0.866
vn 0.000 0.500 -0.866
vn 0.000 1.000 -0.000
vn -1.000 -0.000 -0.000
vn -1.000 -0.000 -0.000
vn -1.000 -0.000 -0.000
vn -1.000 -0.000 -0.000
vn -1.000 -0.000 -0.000
vn -1.000 -0.000 -0.000
vn -1.000 -0.000 -0.000
vn 1.000 0.000 0.000
vn 1.000 0.000 0.000
vn 1.000 0.000 0.000
vn 1.000 0.000 0.000
vn 1.000 0.000 0.000
vn 1.000 0.000 0.000
vn 1.000 0.000 0.000
vn 0.000 1.000 0.000
vn 0.000 0.500 0.866
vn 0.000 -0.500 0.866
vn 0.000 -1.000 0.000
vn -0.000 -0.500 -0.866
vn 0.000 0.500 -0.866
vn 0.000 1.000 -0.000
vn 0.000 1.000 0.000
vn 0.000 0.500 0.866
vn 0.000 -0.500 0.866
vn 0.000 -1.000 0.000
vn -0.000 -0.500 -0.866
vn 0.000 0.500 -0.866
vn 0.000 1.000 -0.000
vn -1.000 -0.000 -0.000
vn -1.000 -0.000 -0.000
vn -1.000 -0.000 -0.000
vn -1.000 -0.000 -0.000
vn -1.000 -0.000 -0.000
vn -1.000 -0.000 -0.000
vn -1.000 -0.000 -0.000
vn 1.000 0.000 0.000
vn 1.000 0.000 0.000
vn 1.000 0.000 0.000
vn 1.000 0.000 0.000
vn 1.000 0.000 0.000
vn 1.000 0.000 0.000
vn 1.000 0.000 0.000
vn 0.000 1.000 0.000
vn 0.000 0.809 -0.588
vn 0.000 0.309 -0.951
vn 0.000 -0.309 -0.951
vn 0.000 -0.809 -0.588
vn 0.000 -1.000 -0.000
vn 0.000 -0.809 0.588
vn 0.000 -0.309 0.951
vn 0.000 0.309 0.951
vn 0.000 0.809 0.588
vn 0.000 1.000 0.000
vn 0.042 0.999 0.000
vn 0.034 0.808 -0.588
vn 0.013 0.309 -0.951
vn -0.013 -0.309 -0.951
vn -0.034 -0.808 -0.588
vn -0.042 -0.999 -0.000
vn -0.034 -0.808 0.588
vn -0.013 -0.309 0.951
vn 0.013 0.309 0.951
vn 0.034 0.808 0.588
vn 0.042 0.999 0.000
vn 0.316 0.949 0.000
vn 0.256 0.768 -0.588
vn 0.098 0.293 -0.951
vn -0.098 -0.293 -0.951
vn -0.256 -0.768 -0.588
vn -0.316 -0.949 -0.000
vn -0.256 -0.768 0.588
vn -0.098 -0.293 0.951
vn 0.098 0.293 0.951
vn 0.256 0.768 0.588
vn 0.316 0.949 0.000
vn 0.707 0.707 0.000
vn 0.572 0.572 -0.588
vn 0.219 0.219 -0.951
vn -0.219 -0.219 -0.951
vn -0.572 -0.572 -0.588
vn -0.707 -0.707 -0.000
vn -0.572 -0.572 0.588
vn -0.219 -0.219 0.951
vn 0.219 0.219 0.951
vn 0.572 0.572 0.588
vn 0.707 0.707 0.000
vn 0.949 0.316 0.000
vn 0.768 0.256 -0.588
vn 0.293 0.098 -0.951
vn -0.293 -0.098 -0.951
vn -0.768 -0.256 -0.588
vn -0.949 -0.316 -0.000
vn -0.768 -0.256 0.588
vn -0.293 -0.098 0.951
vn 0.293 0.098 0.951
vn 0.768 0.256 0.588
vn 0.949 0.316 0.000
vn 1.000 0.003 0.000
vn 0.809 0.003 -0.588
vn 0.309 0.001 -0.951
vn -0.309 -0.001 -0.951
vn -0.809 -0.003 -0.588
vn -1.000 -0.003 -0.000
vn -0.809 -0.003 0.588
vn -0.309 -0.001 0.951
vn 0.309 0.001 0.951
vn 0.809 0.003 0.588
vn 1.000 0.003 0.000
vn 1.000 -0.003 0.000
vn 0.809 -0.003 -0.588
vn 0.309 -0.001 -0.951
vn -0.309 0.001 -0.951
vn -0.809 0.003 -0.588
vn -1.000 0.003 -0.000
vn -0.809 0.003 0.588
vn -0.309 0.001 0.951
vn 0.309 -0.001 0.951
vn 0.809 -0.003 0.588
vn 1.000 -0.003 0.000
vn 0.949 -0.316 0.000
vn 0.768 -0.256 -0.588
vn 0.293 -0.098 -0.951
vn -0.293 0.098 -0.951
vn -0.768 0.256 -0.588
vn -0.949 0.316 -0.000
vn -0.768 0.256 0.588
vn -0.293 0.098 0.951
vn 0.293 -0.098 0.951
vn 0.768 -0.256 0.588
vn 0.949 -0.316 0.000
vn 0.707 -0.707 0.000
vn 0.572 -0.572 -0.588
vn 0.219 -0.219 -0.951
vn -0.219 0.219 -0.951
vn -0.572 0.572 -0.588
vn -0.707 0.707 -0.000
vn -0.572 0.572 0.588
vn -0.219 0.219 0.951
vn 0.219 -0.219 0.951
vn 0.572 -0.572 0.588
vn 0.707 -0.707 0.000
vn 0.316 -0.949 0.000
vn 0.256 -0.768 -0.588
vn 0.098 -0.293 -0.951
vn -0.098 0.293 -0.951
vn -0.256 0.768 -0.588
vn -0.316 0.949 -0.000
vn -0.256 0.768 0.588
vn -0.098 0.293 0.951
vn 0.098 -0.293 0.951
vn 0.256 -0.768 0.588
vn 0.316 -0.949 0.000
vn 0.042 -0.999 0.000
vn 0.034 -0.808 -0.588
vn 0.013 -0.309 -0.951
vn -0.013 0.309 -0.951
vn -0.034 0.808 -0.588
vn -0.042 0.999 -0.000
vn -0.034 0.808 0.588
vn -0.013 0.309 0.951
vn 0.013 -0.309 0.951
vn 0.034 -0.808 0.588
vn 0.042 -0.999 0.000
vn 0.000 -1.000 0.000
vn 0.000 -0.809 -0.588
vn 0.000 -0.309 -0.951
vn 0.000 0.309 -0.951
vn 0.000 0.809 -0.588
vn 0.000 1.000 -0.000
vn 0.000 0.809 0.588
vn 0.000 0.309 0.951
vn 0.000 -0.309 0.951
vn 0.000 -0.809 0.588
vn 0.000 -1.000 0.000
vn 1.000 0.000 0.000
vn 1.000 0.000 0.000
vn 1.000 0.000 0.000
vn 1.000 0.000 0.000
vn 1.000 0.000 0.000
vn 1.000 0.000 0.000
vn 1.000 0.000 0.000
vn 1.000 0.000 0.000
vn 1.000 0.000 0.000
vn 1.000 0.000 0.000
vn 1.000 0.000 0.000
vn 1.000 0.000 0.000
vn 1.000 0.000 0.000
vn 1.000 0.000 0.000
vn 1.000 0.000 0.000
vn 1.000 0.000 0.000
vn 1.000 0.000 0.000
vn 1.000 0.000 0.000
vn 1.000 0.000 0.000
vn 1.000 0.000 0.000
vn 1.000 0.000 0.000
vn 1.000 0.000 0.000
vn 0.000 1.000 0.000
vn 0.000 0.809 -0.588
vn 0.000 0.309 -0.951
vn 0.000 -0.309 -0.951
vn 0.000 -0.809 -0.588
vn 0.000 -1.000 -0.000
vn 0.000 -0.809 0.588
vn 0.000 -0.309 0.951
vn 0.000 0.309 0.951
vn 0.000 0.809 0.588
vn 0.000 1.000 0.000
vn 0.042 0.999 0.000
vn 0.034 0.808 -0.588
vn 0.013 0.309 -0.951
vn -0.013 -0.309 -0.951
vn -0.034 -0.808 -0.588
vn -0.042 -0.999 -0.000
vn -0.034 -0.808 0.588
vn -0.013 -0.309 0.951
vn 0.013 0.309 0.951
vn 0.034 0.808 0.588
vn 0.042 0.999 0.000
vn 0.316 0.949 0.000
vn 0.256 0.768 -0.588
vn 0.098 0.293 -0.951
vn -0.098 -0.293 -0.951
vn -0.256 -0.768 -0.588
vn -0.316 -0.949 -0.000
vn -0.256 -0.768 0.588
vn -0.098 -0.293 0.951
vn 0.098 0.293 0.951
vn 0.256 0.768 0.588
vn 0.316 0.949 0.000
vn 0.707 0.707 0.000
vn 0.572 0.572 -0.588
vn 0.219 0.219 -0.951
vn -0.219 -0.219 -0.951
vn -0.572 -0.572 -0.588
vn -0.707 -0.707 -0.000
vn -0.572 -0.572 0.588
vn -0.219 -0.219 0.951
vn 0.219 0.219 0.951
vn 0.572 0.572 0.588
vn 0.707 0.707 0.000
vn 0.949 0.316 0.000
vn 0.768 0.256 -0.588
vn 0.293 0.098 -0.951
vn -0.293 -0.098 -0.951
vn -0.768 -0.256 -0.588
vn -0.949 -0.316 -0.000
vn -0.768 -0.256 0.588
vn -0.293 -0.098 0.951
vn 0.293 0.098 0.951
vn 0.768 0.256 0.588
vn 0.949 0.316 0.000
vn 1.000 0.003 0.000
vn 0.809 0.003 -0.588
vn 0.309 0.001 -0.951
vn -0.309 -0.001 -0.951
vn -0.809 -0.003 -0.588
vn -1.000 -0.003 -0.000
vn -0.809 -0.003 0.588
vn -0.309 -0.001 0.951
vn 0.309 0.001 0.951
vn 0.809 0.003 0.588
vn 1.000 0.003 0.000
vn 1.000 -0.003 0.000
vn 0.809 -0.003 -0.588
vn 0.309 -0.001 -0.951
vn -0.309 0.001 -0.951
vn -0.809 0.003 -0.588
vn -1.000 0.003 -0.000
vn -0.809 0.003 0.588
vn -0.309 0.001 0.951
vn 0.309 -0.001 0.951
vn 0.809 -0.003 0.588
vn 1.000 -0.003 0.000
vn 0.949 -0.316 0.000
vn 0.768 -0.256 -0.588
vn 0.293 -0.098 -0.951
vn -0.293 0.098 -0.951
vn -0.768 0.256 -0.588
vn -0.949 0.316 -0.000
vn -0.768 0.256 0.588
vn -0.293 0.098 0.951
vn 0.293 -0.098 0.951
vn 0.768 -0.256 0.588
vn 0.949 -0.316 0.000
vn 0.707 -0.707 0.000
vn 0.572 -0.572 -0.588
vn 0.219 -0.219 -0.951
vn -0.219 0.219 -0.951
vn -0.572 0.572 -0.588
vn -0.707 0.707 -0.000
vn -0.572 0.572 0.588
vn -0.219 0.219 0.951
vn 0.219 -0.219 0.951
vn 0.572 -0.572 0.588
vn 0.707 -0.707 0.000
vn 0.316 -0.949 0.000
vn 0.256 -0.768 -0.588
vn 0.098 -0.293 -0.951
vn -0.098 0.293 -0.951
vn -0.256 0.768 -0.588
vn -0.316 0.949 -0.000
vn -0.256 0.768 0.588
vn -0.098 0.293 0.951
vn 0.098 -0.293 0.951
vn 0.256 -0.768 0.588
vn 0.316 -0.949 0.000
vn 0.042 -0.999 0.000
vn 0.034 -0.808 -0.588
vn 0.013 -0.309 -0.951
vn -0.013 0.309 -0.951
vn -0.034 0.808 -0.588
vn -0.042 0.999 -0.000
vn -0.034 0.808 0.588
vn -0.013 0.309 0.951
vn 0.013 -0.309 0.951
vn 0.034 -0.808 0.588
vn 0.042 -0.999 0.000
vn 0.000 -1.000 0.000
vn 0.000 -0.809 -0.588
vn 0.000 -0.309 -0.951
vn 0.000 0.309 -0.951
vn 0.000 0.809 -0.588
vn 0.000 1.000 -0.000
vn 0.000 0.809 0.588
vn 0.000 0.309 0.951
vn 0.000 -0.309 0.951
vn 0.000 -0.809 0.588
vn 0.000 -1.000 0.000
vn 1.000 0.000 0.000
vn 1.000 0.000 0.000
vn 1.000 0.000 0.000
vn 1.000 0.000 0.000
vn 1.000 0.000 0.000
vn 1.000 0.000 0.000
vn 1.000 0.000 0.000
vn 1.000 0.000 0.000
vn 1.000 0.000 0.000
vn 1.000 0.000 0.000
vn 1.000 0.000 0.000
vn 1.000 0.000 0.000
vn 1.000 0.000 0.000
vn 1.000 0.000 0.000
vn 1.000 0.000 0.000
vn 1.000 0.000 0.000
vn 1.000 0.000 0.000
vn 1.000 0.000 0.000
vn 1.000 0.000 0.000
vn 1.000 0.000 0.000
vn 1.000 0.000 0.000
vn 1.000 0.000 0.000
v -0.2100 0.9150 -4.3100
v -0.1800 0.9250 -4.3100
v -0.1740 0.9500 -4.3100
v -0.1800 0.9750 -4.3100
v -0.2100 0.9850 -4.3100
v -0.2100 0.9150 -4.3100
v -0.1830 0.9250 -4.3230
v -0.1776 0.9500 -4.3256
v -0.1830 0.9750 -4.3230
v -0.2100 0.9850 -4.3100
v -0.2100 0.9150 -4.3100
v -0.1913 0.9250 -4.3335
v -0.1876 0.9500 -4.3381
v -0.1913 0.9750 -4.3335
v -0.2100 0.9850 -4.3100
v -0.2100 0.9150 -4.3100
v -0.2033 0.9250 -4.3392
v -0.2020 0.9500 -4.3451
v -0.2033 0.9750 -4.3392
v -0.2100 0.9850 -4.3100
v -0.2100 0.9150 -4.3100
v -0.2167 0.9250 -4.3392
v -0.2180 0.9500 -4.3451
v -0.2167 0.9750 -4.3392
v -0.2100 0.9850 -4.3100
v -0.2100 0.9150 -4.3100
v -0.2287 0.9250 -4.3335
v -0.2324 0.9500 -4.3381
v -0.2287 0.9750 -4.3335
v -0.2100 0.9850 -4.3100
v -0.2100 0.9150 -4.3100
v -0.2370 0.9250 -4.3230
v -0.2424 0.9500 -4.3256
v -0.2370 0.9750 -4.3230
v -0.2100 0.9850 -4.3100
v -0.2100 0.9150 -4.3100
v -0.2400 0.9250 -4.3100
v -0.2460 0.9500 -4.3100
v -0.2400 0.9750 -4.3100
v -0.2100 0.9850 -4.3100
v -0.2100 0.9150 -4.3100
v -0.2370 0.9250 -4.2970
v -0.2424 0.9500 -4.2944
v -0.2370 0.9750 -4.2970
v -0.2100 0.9850 -4.3100
v -0.2100 0.9150 -4.3100
v -0.2287 0.9250 -4.2865
v -0.2324 0.9500 -4.2819
v -0.2287 0.9750 -4.2865
v -0.2100 0.9850 -4.3100
v -0.2100 0.9150 -4.3100
v -0.2167 0.9250 -4.2808
v -0.2180 0.9500 -4.2749
v -0.2167 0.9750 -4.2808
v -0.2100 0.9850 -4.3100
v -0.2100 0.9150 -4.3100
v -0.2033 0.9250 -4.2808
v -0.2020 0.9500 -4.2749
v -0.2033 0.9750 -4.2808
v -0.2100 0.9850 -4.3100
v -0.2100 0.9150 -4.3100
v -0.1913 0.9250 -4.2865
v -0.1876 0.9500 -4.2819
v -0.1913 0.9750 -4.2865
v -0.2100 0.9850 -4.3100
v -0.2100 0.9150 -4.3100
v -0.1830 0.9250 -4.2970
v -0.1776 0.9500 -4.2944
v -0.1830 0.9750 -4.2970
v -0.2100 0.9850 -4.3100
v -0.2100 0.9150 -4.3100
v -0.1800 0.9250 -4.3100
v -0.1740 0.9500 -4.3100
v -0.1800 0.9750 -4.3100
v -0.2100 0.9850 -4.3100
vt 0.0000 0.0000
vt 0.0000 0.0316
vt 0.0000 0.0573
vt 0.0000 0.0830
vt 0.0000 0.1147
vt 0.0162 0.0000
vt 0.0162 0.0316
vt 0.0162 0.0573
vt 0.0162 0.0830
vt 0.0162 0.1147
vt 0.0323 0.0000
vt 0.0323 0.0316
vt 0.0323 0.0573
vt 0.0323 0.0830
vt 0.0323 0.1147
vt 0.0485 0.0000
vt 0.0485 0.0316
vt 0.0485 0.0573
vt 0.0485 0.0830
vt 0.0485 0.1147
vt 0.0646 0.0000
vt 0.0646 0.0316
vt 0.0646 0.0573
vt 0.0646 0.0830
vt 0.0646 0.1147
vt 0.0808 0.0000
vt 0.0808 0.0316
vt 0.0808 0.0573
vt 0.0808 0.0830
vt 0.0808 0.1147
vt 0.0969 0.0000
vt 0.0969 0.0316
vt 0.0969 0.0573
vt 0.0969 0.0830
vt 0.0969 0.1147
vt 0.1131 0.0000
vt 0.1131 0.0316
vt 0.1131 0.0573
vt 0.1131 0.0830
vt 0.1131 0.1147
vt 0.1293 0.0000
vt 0.1293 0.0316
vt 0.1293 0.0573
vt 0.1293 0.0830
vt 0.1293 0.1147
vt 0.1454 0.0000
vt 0.1454 0.0316
vt 0.1454 0.0573
vt 0.1454 0.0830
vt 0.1454 0.1147
vt 0.1616 0.0000
vt 0.1616 0.0316
vt 0.1616 0.0573
vt 0.1616 0.0830
vt 0.1616 0.1147
vt 0.1777 0.0000
vt 0.1777 0.0316
vt 0.1777 0.0573
vt 0.1777 0.0830
vt 0.1777 0.1147
vt 0.1939 0.0000
vt 0.1939 0.0316
vt 0.1939 0.0573
vt 0.1939 0.0830
vt 0.1939 0.1147
vt 0.2100 0.0000
vt 0.2100 0.0316
vt 0.2100 0.0573
vt 0.2100 0.0830
vt 0.2100 0.1147
vt 0.2262 0.0000
vt 0.2262 0.0316
vt 0.2262 0.0573
vt 0.2262 0.0830
vt 0.2262 0.1147
vn 0.316 -0.949 0.000
vn 0.697 -0.717 0.000
vn 1.000 0.000 0.000
vn 0.697 0.717 0.000
vn 0.316 0.949 0.000
vn 0.285 -0.949 -0.137
vn 0.628 -0.717 -0.302
vn 0.901 0.000 -0.434
vn 0.628 0.717 -0.302
vn 0.285 0.949 -0.137
vn 0.197 -0.949 -0.247
vn 0.435 -0.717 -0.545
vn 0.623 0.000 -0.782
vn 0.435 0.717 -0.545
vn 0.197 0.949 -0.247
vn 0.070 -0.949 -0.308
vn 0.155 -0.717 -0.680
vn 0.223 0.000 -0.975
vn 0.155 0.717 -0.680
vn 0.070 0.949 -0.308
vn -0.070 -0.949 -0.308
vn -0.155 -0.717 -0.680
vn -0.223 -0.000 -0.975
vn -0.155 0.717 -0.680
vn -0.070 0.949 -0.308
vn -0.197 -0.949 -0.247
vn -0.435 -0.717 -0.545
vn -0.623 -0.000 -0.782
vn -0.435 0.717 -0.545
vn -0.197 0.949 -0.247
vn -0.285 -0.949 -0.137
vn -0.628 -0.717 -0.302
vn -0.901 -0.000 -0.434
vn -0.628 0.717 -0.302
vn -0.285 0.949 -0.137
vn -0.316 -0.949 -0.000
vn -0.697 -0.717 -0.000
vn -1.000 -0.000 -0.000
vn -0.697 0.717 -0.000
vn -0.316 0.949 -0.000
vn -0.285 -0.949 0.137
vn -0.628 -0.717 0.302
vn -0.901 0.000 0.434
vn -0.628 0.717 0.302
vn -0.285 0.949 0.137
vn -0.197 -0.949 0.247
vn -0.435 -0.717 0.545
vn -0.623 0.000 0.782
vn -0.435 0.717 0.545
vn -0.197 0.949 0.247
vn -0.070 -0.949 0.308
vn -0.155 -0.717 0.680
vn -0.223 0.000 0.975
vn -0.155 0.717 0.680
vn -0.070 0.949 0.308
vn 0.070 -0.949 0.308
vn 0.155 -0.717 0.680
vn 0.223 0.000 0.975
vn 0.155 0.717 0.680
vn 0.070 0.949 0.308
vn 0.197 -0.949 0.247
vn 0.435 -0.717 0.545
vn 0.623 0.000 0.782
vn 0.435 0.717 0.545
vn 0.197 0.949 0.247
vn 0.285 -0.949 0.137
vn 0.628 -0.717 0.302
vn 0.901 0.000 0.434
vn 0.628 0.717 0.302
vn 0.285 0.949 0.137
vn 0.316 -0.949 0.000
vn 0.697 -0.717 0.000
vn 1.000 0.000 0.000
vn 0.697 0.717 0.000
vn 0.316 0.949 0.000
v -0.1400 0.0000 -4.1500
v -0.1500 0.0500 -4.1500
v -0.1800 0.1000 -4.1500
v -0.1459 0.0000 -4.1760
v -0.1550 0.0500 -4.1717
v -0.1820 0.1000 -4.1587
v -0.1626 0.0000 -4.1969
v -0.1688 0.0500 -4.1891
v -0.1875 0.1000 -4.1656
v -0.1866 0.0000 -4.2085
v -0.1889 0.0500 -4.1987
v -0.1955 0.1000 -4.1695
v -0.2134 0.0000 -4.2085
v -0.2111 0.0500 -4.1987
v -0.2045 0.1000 -4.1695
v -0.2374 0.0000 -4.1969
v -0.2312 0.0500 -4.1891
v -0.2125 0.1000 -4.1656
v -0.2541 0.0000 -4.1760
v -0.2450 0.0500 -4.1717
v -0.2180 0.1000 -4.1587
v -0.2600 0.0000 -4.1500
v -0.2500 0.0500 -4.1500
v -0.2200 0.1000 -4.1500
v -0.2541 0.0000 -4.1240
v -0.2450 0.0500 -4.1283
v -0.2180 0.1000 -4.1413
v -0.2374 0.0000 -4.1031
v -0.2312 0.0500 -4.1109
v -0.2125 0.1000 -4.1344
v -0.2134 0.0000 -4.0915
v -0.2111 0.0500 -4.1013
v -0.2045 0.1000 -4.1305
v -0.1866 0.0000 -4.0915
v -0.1889 0.0500 -4.1013
v -0.1955 0.1000 -4.1305
v -0.1626 0.0000 -4.1031
v -0.1688 0.0500 -4.1109
v -0.1875 0.1000 -4.1344
v -0.1459 0.0000 -4.1240
v -0.1550 0.0500 -4.1283
v -0.1820 0.1000 -4.1413
v -0.1400 0.0000 -4.1500
v -0.1500 0.0500 -4.1500
v -0.1800 0.1000 -4.1500
v 1.2866 0.2034 -4.1484
v 1.2877 0.2023 -4.1530
v 1.2877 0.2023 -4.1570
v 1.2866 0.2034 -4.1616
v 1.2877 0.2080 -4.1473
v 1.2900 0.2080 -4.1530
v 1.2900 0.2080 -4.1570
v 1.2877 0.2080 -4.1627
v 1.2877 1.7920 -4.1473
v 1.2900 1.7920 -4.1530
v 1.2900 1.7920 -4.1570
v 1.2877 1.7920 -4.1627
v 1.2866 1.7966 -4.1484
v 1.2877 1.7977 -4.1530
v 1.2877 1.7977 -4.1570
v 1.2866 1.7966 -4.1616
v 1.2534 0.2034 -4.1616
v 1.2523 0.2023 -4.1570
v 1.2523 0.2023 -4.1530
v 1.2534 0.2034 -4.1484
v 1.2523 0.2080 -4.1627
v 1.2500 0.2080 -4.1570
v 1.2500 0.2080 -4.1530
v 1.2523 0.2080 -4.1473
v 1.2523 1.7920 -4.1627
v 1.2500 1.7920 -4.1570
v 1.2500 1.7920 -4.1530
v 1.2523 1.7920 -4.1473
v 1.2534 1.7966 -4.1616
v 1.2523 1.7977 -4.1570
v 1.2523 1.7977 -4.1530
v 1.2534 1.7966 -4.1484
v 1.2534 1.7966 -4.1484
v 1.2580 1.7977 -4.1473
v 1.2820 1.7977 -4.1473
v 1.2866 1.7966 -4.1484
v 1.2523 1.7977 -4.1530
v 1.2580 1.8000 -4.1530
v 1.2820 1.8000 -4.1530
v 1.2877 1.7977 -4.1530
v 1.2523 1.7977 -4.1570
v 1.2580 1.8000 -4.1570
v 1.2820 1.8000 -4.1570
v 1.2877 1.7977 -4.1570
v 1.2534 1.7966 -4.1616
v 1.2580 1.7977 -4.1627
v 1.2820 1.7977 -4.1627
v 1.2866 1.7966 -4.1616
v 1.2534 0.2034 -4.1616
v 1.2580 0.2023 -4.1627
v 1.2820 0.2023 -4.1627
v 1.2866 0.2034 -4.1616
v 1.2523 0.2023 -4.1570
v 1.2580 0.2000 -4.1570
v 1.2820 0.2000 -4.1570
v 1.2877 0.2023 -4.1570
v 1.2523 0.2023 -4.1530
v 1.2580 0.2000 -4.1530
v 1.2820 0.2000 -4.1530
v 1.2877 0.2023 -4.1530
v 1.2534 0.2034 -4.1484
v 1.2580 0.2023 -4.1473
v 1.2820 0.2023 -4.1473
v 1.2866 0.2034 -4.1484
v 1.2534 0.2034 -4.1484
v 1.2580 0.2023 -4.1473
v 1.2820 0.2023 -4.1473
v 1.2866 0.2034 -4.1484
v 1.2523 0.2080 -4.1473
v 1.2580 0.2080 -4.1450
v 1.2820 0.2080 -4.1450
v 1.2877 0.2080 -4.1473
v 1.2523 1.7920 -4.1473
v 1.2580 1.7920 -4.1450
v 1.2820 1.7920 -4.1450
v 1.2877 1.7920 -4.1473
v 1.2534 1.7966 -4.1484
v 1.2580 1.7977 -4.1473
v 1.2820 1.7977 -4.1473
v 1.2866 1.7966 -4.1484
v 1.2866 0.2034 -4.1616
v 1.2820 0.2023 -4.1627
v 1.2580 0.2023 -4.1627
v 1.2534 0.2034 -4.1616
v 1.2877 0.2080 -4.1627
v 1.2820 0.2080 -4.1650
v 1.2580 0.2080 -4.1650
v 1.2523 0.2080 -4.1627
v 1.2877 1.7920 -4.1627
v 1.2820 1.7920 -4.1650
v 1.2580 1.7920 -4.1650
v 1.2523 1.7920 -4.1627
v 1.2866 1.7966 -4.1616
v 1.2820 1.7977 -4.1627
v 1.2580 1.7977 -4.1627
v 1.2534 1.7966 -4.1616
v 1.2866 0.2034 -4.1384
v 1.2877 0.2023 -4.1430
v 1.2877 0.2023 -4.1470
v 1.2866 0.2034 -4.1516
v 1.2877 0.2080 -4.1373
v 1.2900 0.2080 -4.1430
v 1.2900 0.2080 -4.1470
v 1.2877 0.2080 -4.1527
v 1.2877 1.7920 -4.1373
v 1.2900 1.7920 -4.1430
v 1.2900 1.7920 -4.1470
v 1.2877 1.7920 -4.1527
v 1.2866 1.7966 -4.1384
v 1.2877 1.7977 -4.1430
v 1.2877 1.7977 -4.1470
v 1.2866 1.7966 -4.1516
v 1.2534 0.2034 -4.1516
v 1.2523 0.2023 -4.1470
v 1.2523 0.2023 -4.1430
v 1.2534 0.2034 -4.1384
v 1.2523 0.2080 -4.1527
v 1.2500 0.2080 -4.1470
v 1.2500 0.2080 -4.1430
v 1.2523 0.2080 -4.1373
v 1.2523 1.7920 -4.1527
v 1.2500 1.7920 -4.1470
v 1.2500 1.7920 -4.1430
v 1.2523 1.7920 -4.1373
v 1.2534 1.7966 -4.1516
v 1.2523 1.7977 -4.1470
v 1.2523 1.7977 -4.1430
v 1.2534 1.7966 -4.1384
v 1.2534 1.7966 -4.1384
v 1.2580 1.7977 -4.1373
v 1.2820 1.7977 -4.1373
v 1.2866 1.7966 -4.1384
v 1.2523 1.7977 -4.1430
v 1.2580 1.8000 -4.1430
v 1.2820 1.8000 -4.1430
v 1.2877 1.7977 -4.1430
v 1.2523 1.7977 -4.1470
v 1.2580 1.8000 -4.1470
v 1.2820 1.8000 -4.1470
v 1.2877 1.7977 -4.1470
v 1.2534 1.7966 -4.1516
v 1.2580 1.7977 -4.1527
v 1.2820 1.7977 -4.1527
v 1.2866 1.7966 -4.1516
v 1.2534 0.2034 -4.1516
v 1.2580 0.2023 -4.1527
v 1.2820 0.2023 -4.1527
v 1.2866 0.2034 -4.1516
v 1.2523 0.2023 -4.1470
v 1.2580 0.2000 -4.1470
v 1.2820 0.2000 -4.1470
v 1.2877 0.2023 -4.1470
v 1.2523 0.2023 -4.1430
v 1.2580 0.2000 -4.1430
v 1.2820 0.2000 -4.1430
v 1.2877 0.2023 -4.1430
v 1.2534 0.2034 -4.1384
v 1.2580 0.2023 -4.1373
v 1.2820 0.2023 -4.1373
v 1.2866 0.2034 -4.1384
v 1.2534 0.2034 -4.1384
v 1.2580 0.2023 -4.1373
v 1.2820 0.2023 -4.1373
v 1.2866 0.2034 -4.1384
v 1.2523 0.2080 -4.1373
v 1.2580 0.2080 -4.1350
v 1.2820 0.2080 -4.1350
v 1.2877 0.2080 -4.1373
v 1.2523 1.7920 -4.1373
v 1.2580 1.7920 -4.1350
v 1.2820 1.7920 -4.1350
v 1.2877 1.7920 -4.1373
v 1.2534 1.7966 -4.1384
v 1.2580 1.7977 -4.1373
v 1.2820 1.7977 -4.1373
v 1.2866 1.7966 -4.1384
v 1.2866 0.2034 -4.1516
v 1.2820 0.2023 -4.1527
v 1.2580 0.2023 -4.1527
v 1.2534 0.2034 -4.1516
v 1.2877 0.2080 -4.1527
v 1.2820 0.2080 -4.1550
v 1.2580 0.2080 -4.1550
v 1.2523 0.2080 -4.1527
v 1.2877 1.7920 -4.1527
v 1.2820 1.7920 -4.1550
v 1.2580 1.7920 -4.1550
v 1.2523 1.7920 -4.1527
v 1.2866 1.7966 -4.1516
v 1.2820 1.7977 -4.1527
v 1.2580 1.7977 -4.1527
v 1.2534 1.7966 -4.1516
vt 0.0000 0.0000
vt 0.0000 0.0510
vt 0.0000 0.1093
vt 0.0269 0.0000
vt 0.0269 0.0510
vt 0.0269 0.1093
vt 0.0539 0.0000
vt 0.0539 0.0510
vt 0.0539 0.1093
vt 0.0808 0.0000
vt 0.0808 0.0510
vt 0.0808 0.1093
vt 0.1077 0.0000
vt 0.1077 0.0510
vt 0.1077 0.1093
vt 0.1346 0.0000
vt 0.1346 0.0510
vt 0.1346 0.1093
vt 0.1616 0.0000
vt 0.1616 0.0510
vt 0.1616 0.1093
vt 0.1885 0.0000
vt 0.1885 0.0510
vt 0.1885 0.1093
vt 0.2154 0.0000
vt 0.2154 0.0510
vt 0.2154 0.1093
vt 0.2424 0.0000
vt 0.2424 0.0510
vt 0.2424 0.1093
vt 0.2693 0.0000
vt 0.2693 0.0510
vt 0.2693 0.1093
vt 0.2962 0.0000
vt 0.2962 0.0510
vt 0.2962 0.1093
vt 0.3231 0.0000
vt 0.3231 0.0510
vt 0.3231 0.1093
vt 0.3501 0.0000
vt 0.3501 0.0510
vt 0.3501 0.1093
vt 0.3770 0.0000
vt 0.3770 0.0510
vt 0.3770 0.1093
vt 0.0000 0.0000
vt 0.0080 0.0000
vt 0.0120 0.0000
vt 0.0200 0.0000
vt 0.0000 0.0080
vt 0.0080 0.0080
vt 0.0120 0.0080
vt 0.0200 0.0080
vt 0.0000 1.5920
vt 0.0080 1.5920
vt 0.0120 1.5920
vt 0.0200 1.5920
vt 0.0000 1.6000
vt 0.0080 1.6000
vt 0.0120 1.6000
vt 0.0200 1.6000
vt 0.0000 0.0000
vt 0.0080 0.0000
vt 0.0120 0.0000
vt 0.0200 0.0000
vt 0.0000 0.0080
vt 0.0080 0.0080
vt 0.0120 0.0080
vt 0.0200 0.0080
vt 0.0000 1.5920
vt 0.0080 1.5920
vt 0.0120 1.5920
vt 0.0200 1.5920
vt 0.0000 1.6000
vt 0.0080 1.6000
vt 0.0120 1.6000
vt 0.0200 1.6000
vt 0.0000 0.0000
vt 0.0080 0.0000
vt 0.0320 0.0000
vt 0.0400 0.0000
vt 0.0000 0.0080
vt 0.0080 0.0080
vt 0.0320 0.0080
vt 0.0400 0.0080
vt 0.0000 0.0120
vt 0.0080 0.0120
vt 0.0320 0.0120
vt 0.0400 0.0120
vt 0.0000 0.0200
vt 0.0080 0.0200
vt 0.0320 0.0200
vt 0.0400 0.0200
vt 0.0000 0.0000
vt 0.0080 0.0000
vt 0.0320 0.0000
vt 0.0400 0.0000
vt 0.0000 0.0080
vt 0.0080 0.0080
vt 0.0320 0.0080
vt 0.0400 0.0080
vt 0.0000 0.0120
vt 0.0080 0.0120
vt 0.0320 0.0120
vt 0.0400 0.0120
vt 0.0000 0.0200
vt 0.0080 0.0200
vt 0.0320 0.0200
vt 0.0400 0.0200
vt 0.0000 0.0000
vt 0.0080 0.0000
vt 0.0320 0.0000
vt 0.0400 0.0000
vt 0.0000 0.0080
vt 0.0080 0.0080
vt 0.0320 0.0080
vt 0.0400 0.0080
vt 0.0000 1.5920
vt 0.0080 1.5920
vt 0.0320 1.5920
vt 0.0400 1.5920
vt 0.0000 1.6000
vt 0.0080 1.6000
vt 0.0320 1.6000
vt 0.0400 1.6000
vt 0.0000 0.0000
vt 0.0080 0.0000
vt 0.0320 0.0000
vt 0.0400 0.0000
vt 0.0000 0.0080
vt 0.0080 0.0080
vt 0.0320 0.0080
vt 0.0400 0.0080
vt 0.0000 1.5920
vt 0.0080 1.5920
vt 0.0320 1.5920
vt 0.0400 1.5920
vt 0.0000 1.6000
vt 0.0080 1.6000
vt 0.0320 1.6000
vt 0.0400 1.6000
vt 0.0000 0.0000
vt 0.0080 0.0000
vt 0.0120 0.0000
vt 0.0200 0.0000
vt 0.0000 0.0080
vt 0.0080 0.0080
vt 0.0120 0.0080
vt 0.0200 0.0080
vt 0.0000 1.5920
vt 0.0080 1.5920
vt 0.0120 1.5920
vt 0.0200 1.5920
vt 0.0000 1.6000
vt 0.0080 1.6000
vt 0.0120 1.6000
vt 0.0200 1.6000
vt 0.0000 0.0000
vt 0.0080 0.0000
vt 0.0120 0.0000
vt 0.0200 0.0000
vt 0.0000 0.0080
vt 0.0080 0.0080
vt 0.0120 0.0080
vt 0.0200 0.0080
vt 0.0000 1.5920
vt 0.0080 1.5920
vt 0.0120 1.5920
vt 0.0200 1.5920
vt 0.0000 1.6000
vt 0.0080 1.6000
vt 0.0120 1.6000
vt 0.0200 1.6000
vt 0.0000 0.0000
vt 0.0080 0.0000
vt 0.0320 0.0000
vt 0.0400 0.0000
vt 0.0000 0.0080
vt 0.0080 0.0080
vt 0.0320 0.0080
vt 0.0400 0.0080
vt 0.0000 0.0120
vt 0.0080 0.0120
vt 0.0320 0.0120
vt 0.0400 0.0120
vt 0.0000 0.0200
vt 0.0080 0.0200
vt 0.0320 0.0200
vt 0.0400 0.0200
vt 0.0000 0.0000
vt 0.0080 0.0000
vt 0.0320 0.0000
vt 0.0400 0.0000
vt 0.0000 0.0080
vt 0.0080 0.0080
vt 0.0320 0.0080
vt 0.0400 0.0080
vt 0.0000 0.0120
vt 0.0080 0.0120
vt 0.0320 0.0120
vt 0.0400 0.0120
vt 0.0000 0.0200
vt 0.0080 0.0200
vt 0.0320 0.0200
vt 0.0400 0.0200
vt 0.0000 0.0000
vt 0.0080 0.0000
vt 0.0320 0.0000
vt 0.0400 0.0000
vt 0.0000 0.0080
vt 0.0080 0.0080
vt 0.0320 0.0080
vt 0.0400 0.0080
vt 0.0000 1.5920
vt 0.0080 1.5920
vt 0.0320 1.5920
vt 0.0400 1.5920
vt 0.0000 1.6000
vt 0.0080 1.6000
vt 0.0320 1.6000
vt 0.0400 1.6000
vt 0.0000 0.0000
vt 0.0080 0.0000
vt 0.0320 0.0000
vt 0.0400 0.0000
vt 0.0000 0.0080
vt 0.0080 0.0080
vt 0.0320 0.0080
vt 0.0400 0.0080
vt 0.0000 1.5920
vt 0.0080 1.5920
vt 0.0320 1.5920
vt 0.0400 1.5920
vt 0.0000 1.6000
vt 0.0080 1.6000
vt 0.0320 1.6000
vt 0.0400 1.6000
vn 0.981 0.196 0.000
vn 0.928 0.371 0.000
vn 0.857 0.514 0.000
vn 0.883 0.196 -0.425
vn 0.837 0.371 -0.403
vn 0.773 0.514 -0.372
vn 0.611 0.196 -0.767
vn 0.579 0.371 -0.726
vn 0.535 0.514 -0.670
vn 0.218 0.196 -0.956
vn 0.207 0.371 -0.905
vn 0.191 0.514 -0.836
vn -0.218 0.196 -0.956
vn -0.207 0.371 -0.905
vn -0.191 0.514 -0.836
vn -0.611 0.196 -0.767
vn -0.579 0.371 -0.726
vn -0.535 0.514 -0.670
vn -0.883 0.196 -0.425
vn -0.837 0.371 -0.403
vn -0.773 0.514 -0.372
vn -0.981 0.196 -0.000
vn -0.928 0.371 -0.000
vn -0.857 0.514 -0.000
vn -0.883 0.196 0.425
vn -0.837 0.371 0.403
vn -0.773 0.514 0.372
vn -0.611 0.196 0.767
vn -0.579 0.371 0.726
vn -0.535 0.514 0.670
vn -0.218 0.196 0.956
vn -0.207 0.371 0.905
vn -0.191 0.514 0.836
vn 0.218 0.196 0.956
vn 0.207 0.371 0.905
vn 0.191 0.514 0.836
vn 0.611 0.196 0.767
vn 0.579 0.371 0.726
vn 0.535 0.514 0.670
vn 0.883 0.196 0.425
vn 0.837 0.371 0.403
vn 0.773 0.514 0.372
vn 0.981 0.196 0.000
vn 0.928 0.371 0.000
vn 0.857 0.514 0.000
vn 0.577 -0.577 0.577
vn 0.707 -0.707 0.000
vn 0.707 -0.707 0.000
vn 0.577 -0.577 -0.577
vn 0.707 0.000 0.707
vn 1.000 0.000 0.000
vn 1.000 0.000 0.000
vn 0.707 0.000 -0.707
vn 0.707 0.000 0.707
vn 1.000 0.000 0.000
vn 1.000 0.000 0.000
vn 0.707 0.000 -0.707
vn 0.577 0.577 0.577
vn 0.707 0.707 0.000
vn 0.707 0.707 0.000
vn 0.577 0.577 -0.577
vn -0.577 -0.577 -0.577
vn -0.707 -0.707 0.000
vn -0.707 -0.707 0.000
vn -0.577 -0.577 0.577
vn -0.707 0.000 -0.707
vn -1.000 0.000 0.000
vn -1.000 0.000 0.000
vn -0.707 0.000 0.707
vn -0.707 0.000 -0.707
vn -1.000 0.000 0.000
vn -1.000 0.000 0.000
vn -0.707 0.000 0.707
vn -0.577 0.577 -0.577
vn -0.707 0.707 0.000
vn -0.707 0.707 0.000
vn -0.577 0.577 0.577
vn -0.577 0.577 0.577
vn 0.000 0.707 0.707
vn 0.000 0.707 0.707
vn 0.577 0.577 0.577
vn -0.707 0.707 0.000
vn 0.000 1.000 0.000
vn 0.000 1.000 0.000
vn 0.707 0.707 0.000
vn -0.707 0.707 0.000
vn 0.000 1.000 0.000
vn 0.000 1.000 0.000
vn 0.707 0.707 0.000
vn -0.577 0.577 -0.577
vn 0.000 0.707 -0.707
vn 0.000 0.707 -0.707
vn 0.577 0.577 -0.577
vn -0.577 -0.577 -0.577
vn 0.000 -0.707 -0.707
vn 0.000 -0.707 -0.707
vn 0.577 -0.577 -0.577
vn -0.707 -0.707 0.000
vn 0.000 -1.000 0.000
vn 0.000 -1.000 0.000
vn 0.707 -0.707 0.000
vn -0.707 -0.707 0.000
vn 0.000 -1.000 0.000
vn 0.000 -1.000 0.000
vn 0.707 -0.707 0.000
vn -0.577 -0.577 0.577
vn 0.000 -0.707 0.707
vn 0.000 -0.707 0.707
vn 0.577 -0.577 0.577
vn -0.577 -0.577 0.577
vn 0.000 -0.707 0.707
vn 0.000 -0.707 0.707
vn 0.577 -0.577 0.577
vn -0.707 0.000 0.707
vn 0.000 0.000 1.000
vn 0.000 0.000 1.000
vn 0.707 0.000 0.707
vn -0.707 0.000 0.707
vn 0.000 0.000 1.000
vn 0.000 0.000 1.000
vn 0.707 0.000 0.707
vn -0.577 0.577 0.577
vn 0.000 0.707 0.707
vn 0.000 0.707 0.707
vn 0.577 0.577 0.577
vn 0.577 -0.577 -0.577
vn 0.000 -0.707 -0.707
vn 0.000 -0.707 -0.707
vn -0.577 -0.577 -0.577
vn 0.707 0.000 -0.707
vn 0.000 0.000 -1.000
vn 0.000 0.000 -1.000
vn -0.707 0.000 -0.707
vn 0.707 0.000 -0.707
vn 0.000 0.000 -1.000
vn 0.000 0.000 -1.000
vn -0.707 0.000 -0.707
vn 0.577 0.577 -0.577
vn 0.000 0.707 -0.707
vn 0.000 0.707 -0.707
vn -0.577 0.577 -0.577
vn 0.577 -0.577 0.577
vn 0.707 -0.707 0.000
vn 0.707 -0.707 0.000
vn 0.577 -0.577 -0.577
vn 0.707 0.000 0.707
vn 1.000 0.000 0.000
vn 1.000 0.000 0.000
vn 0.707 0.000 -0.707
vn 0.707 0.000 0.707
vn 1.000 0.000 0.000
vn 1.000 0.000 0.000
vn 0.707 0.000 -0.707
vn 0.577 0.577 0.577
vn 0.707 0.707 0.000
vn 0.707 0.707 0.000
vn 0.577 0.577 -0.577
vn -0.577 -0.577 -0.577
vn -0.707 -0.707 0.000
vn -0.707 -0.707 0.000
vn -0.577 -0.577 0.577
vn -0.707 0.000 -0.707
vn -1.000 0.000 0.000
vn -1.000 0.000 0.000
vn -0.707 0.000 0.707
vn -0.707 0.000 -0.707
vn -1.000 0.000 0.000
vn -1.000 0.000 0.000
vn -0.707 0.000 0.707
vn -0.577 0.577 -0.577
vn -0.707 0.707 0.000
vn -0.707 0.707 0.000
vn -0.577 0.577 0.577
vn -0.577 0.577 0.577
vn 0.000 0.707 0.707
vn 0.000 0.707 0.707
vn 0.577 0.577 0.577
vn -0.707 0.707 0.000
vn 0.000 1.000 0.000
vn 0.000 1.000 0.000
vn 0.707 0.707 0.000
vn -0.707 0.707 0.000
vn 0.000 1.000 0.000
vn 0.000 1.000 0.000
vn 0.707 0.707 0.000
vn -0.577 0.577 -0.577
vn 0.000 0.707 -0.707
vn 0.000 0.707 -0.707
vn 0.577 0.577 -0.577
vn -0.577 -0.577 -0.577
vn 0.000 -0.707 -0.707
vn 0.000 -0.707 -0.707
vn 0.577 -0.577 -0.577
vn -0.707 -0.707 0.000
vn 0.000 -1.000 0.000
vn 0.000 -1.000 0.000
vn 0.707 -0.707 0.000
vn -0.707 -0.707 0.000
vn 0.000 -1.000 0.000
vn 0.000 -1.000 0.000
vn 0.707 -0.707 0.000
vn -0.577 -0.577 0.577
vn 0.000 -0.707 0.707
vn 0.000 -0.707 0.707
vn 0.577 -0.577 0.577
vn -0.577 -0.577 0.577
vn 0.000 -0.707 0.707
vn 0.000 -0.707 0.707
vn 0.577 -0.577 0.577
vn -0.707 0.000 0.707
vn 0.000 0.000 1.000
vn 0.000 0.000 1.000
vn 0.707 0.000 0.707
vn -0.707 0.000 0.707
vn 0.000 0.000 1.000
vn 0.000 0.000 1.000
vn 0.707 0.000 0.707
vn -0.577 0.577 0.577
vn 0.000 0.707 0.707
vn 0.000 0.707 0.707
vn 0.577 0.577 0.577
vn 0.577 -0.577 -0.577
vn 0.000 -0.707 -0.707
vn 0.000 -0.707 -0.707
vn -0.577 -0.577 -0.577
vn 0.707 0.000 -0.707
vn 0.000 0.000 -1.000
vn 0.000 0.000 -1.000
vn -0.707 0.000 -0.707
vn 0.707 0.000 -0.707
vn 0.000 0.000 -1.000
vn 0.000 0.000 -1.000
vn -0.707 0.000 -0.707
vn 0.577 0.577 -0.577
vn 0.000 0.707 -0.707
vn 0.000 0.707 -0.707
vn -0.577 0.577 -0.577
v -0.2492 0.0042 -3.6067
v -0.2479 0.0029 -3.6125
v -0.2479 0.0029 -3.6275
v -0.2492 0.0042 -3.6333
v -0.2479 0.0100 -3.6054
v -0.2450 0.0100 -3.6125
v -0.2450 0.0100 -3.6275
v -0.2479 0.0100 -3.6346
v -0.2479 0.9900 -3.6054
v -0.2450 0.9900 -3.6125
v -0.2450 0.9900 -3.6275
v -0.2479 0.9900 -3.6346
v -0.2492 0.9958 -3.6067
v -0.2479 0.9971 -3.6125
v -0.2479 0.9971 -3.6275
v -0.2492 0.9958 -3.6333
v -1.1908 0.0042 -3.6333
v -1.1921 0.0029 -3.6275
v -1.1921 0.0029 -3.6125
v -1.1908 0.0042 -3.6067
v -1.1921 0.0100 -3.6346
v -1.1950 0.0100 -3.6275
v -1.1950 0.0100 -3.6125
v -1.1921 0.0100 -3.6054
v -1.1921 0.9900 -3.6346
v -1.1950 0.9900 -3.6275
v -1.1950 0.9900 -3.6125
v -1.1921 0.9900 -3.6054
v -1.1908 0.9958 -3.6333
v -1.1921 0.9971 -3.6275
v -1.1921 0.9971 -3.6125
v -1.1908 0.9958 -3.6067
v -1.1908 0.9958 -3.6067
v -1.1850 0.9971 -3.6054
v -0.2550 0.9971 -3.6054
v -0.2492 0.9958 -3.6067
v -1.1921 0.9971 -3.6125
v -1.1850 1.0000 -3.6125
v -0.2550 1.0000 -3.6125
v -0.2479 0.9971 -3.6125
v -1.1921 0.9971 -3.6275
v -1.1850 1.0000 -3.6275
v -0.2550 1.0000 -3.6275
v -0.2479 0.9971 -3.6275
v -1.1908 0.9958 -3.6333
v -1.1850 0.9971 -3.6346
v -0.2550 0.9971 -3.6346
v -0.2492 0.9958 -3.6333
v -1.1908 0.0042 -3.6333
v -1.1850 0.0029 -3.6346
v -0.2550 0.0029 -3.6346
v -0.2492 0.0042 -3.6333
v -1.1921 0.0029 -3.6275
v -1.1850 0.0000 -3.6275
v -0.2550 0.0000 -3.6275
v -0.2479 0.0029 -3.6275
v -1.1921 0.0029 -3.6125
v -1.1850 0.0000 -3.6125
v -0.2550 0.0000 -3.6125
v -0.2479 0.0029 -3.6125
v -1.1908 0.0042 -3.6067
v -1.1850 0.0029 -3.6054
v -0.2550 0.0029 -3.6054
v -0.2492 0.0042 -3.6067
v -1.1908 0.0042 -3.6067
v -1.1850 0.0029 -3.6054
v -0.2550 0.0029 -3.6054
v -0.2492 0.0042 -3.6067
v -1.1921 0.0100 -3.6054
v -1.1850 0.0100 -3.6025
v -0.2550 0.0100 -3.6025
v -0.2479 0.0100 -3.6054
v -1.1921 0.9900 -3.6054
v -1.1850 0.9900 -3.6025
v -0.2550 0.9900 -3.6025
v -0.2479 0.9900 -3.6054
v -1.1908 0.9958 -3.6067
v -1.1850 0.9971 -3.6054
v -0.2550 0.9971 -3.6054
v -0.2492 0.9958 -3.6067
v -0.2492 0.0042 -3.6333
v -0.2550 0.0029 -3.6346
v -1.1850 0.0029 -3.6346
v -1.1908 0.0042 -3.6333
v -0.2479 0.0100 -3.6346
v -0.2550 0.0100 -3.6375
v -1.1850 0.0100 -3.6375
v -1.1921 0.0100 -3.6346
v -0.2479 0.9900 -3.6346
v -0.2550 0.9900 -3.6375
v -1.1850 0.9900 -3.6375
v -1.1921 0.9900 -3.6346
v -0.2492 0.9958 -3.6333
v -0.2550 0.9971 -3.6346
v -1.1850 0.9971 -3.6346
v -1.1908 0.9958 -3.6333
vt 0.0000 0.0000
vt 0.0100 0.0000
vt 0.0250 0.0000
vt 0.0350 0.0000
vt 0.0000 0.0100
vt 0.0100 0.0100
vt 0.0250 0.0100
vt 0.0350 0.0100
vt 0.0000 0.9900
vt 0.0100 0.9900
vt 0.0250 0.9900
vt 0.0350 0.9900
vt 0.0000 1.0000
vt 0.0100 1.0000
vt 0.0250 1.0000
vt 0.0350 1.0000
vt 0.0000 0.0000
vt 0.0100 0.0000
vt 0.0250 0.0000
vt 0.0350 0.0000
vt 0.0000 0.0100
vt 0.0100 0.0100
vt 0.0250 0.0100
vt 0.0350 0.0100
vt 0.0000 0.9900
vt 0.0100 0.9900
vt 0.0250 0.9900
vt 0.0350 0.9900
vt 0.0000 1.0000
vt 0.0100 1.0000
vt 0.0250 1.0000
vt 0.0350 1.0000
vt 0.0000 0.0000
vt 0.0100 0.0000
vt 0.9400 0.0000
vt 0.9500 0.0000
vt 0.0000 0.0100
vt 0.0100 0.0100
vt 0.9400 0.0100
vt 0.9500 0.0100
vt 0.0000 0.0250
vt 0.0100 0.0250
vt 0.9400 0.0250
vt 0.9500 0.0250
vt 0.0000 0.0350
vt 0.0100 0.0350
vt 0.9400 0.0350
vt 0.9500 0.0350
vt 0.0000 0.0000
vt 0.0100 0.0000
vt 0.9400 0.0000
vt 0.9500 0.0000
vt 0.0000 0.0100
vt 0.0100 0.0100
vt 0.9400 0.0100
vt 0.9500 0.0100
vt 0.0000 0.0250
vt 0.0100 0.0250
vt 0.9400 0.0250
vt 0.9500 0.0250
vt 0.0000 0.0350
vt 0.0100 0.0350
vt 0.9400 0.0350
vt 0.9500 0.0350
vt 0.0000 0.0000
vt 0.0100 0.0000
vt 0.9400 0.0000
vt 0.9500 0.0000
vt 0.0000 0.0100
vt 0.0100 0.0100
vt 0.9400 0.0100
vt 0.9500 0.0100
vt 0.0000 0.9900
vt 0.0100 0.9900
vt 0.9400 0.9900
vt 0.9500 0.9900
vt 0.0000 1.0000
vt 0.0100 1.0000
vt 0.9400 1.0000
vt 0.9500 1.0000
vt 0.0000 0.0000
vt 0.0100 0.0000
vt 0.9400 0.0000
vt 0.9500 0.0000
vt 0.0000 0.0100
vt 0.0100 0.0100
vt 0.9400 0.0100
vt 0.9500 0.0100
vt 0.0000 0.9900
vt 0.0100 0.9900
vt 0.9400 0.9900
vt 0.9500 0.9900
vt 0.0000 1.0000
vt 0.0100 1.0000
vt 0.9400 1.0000
vt 0.9500 1.0000
vn 0.577 -0.577 0.577
vn 0.707 -0.707 0.000
vn 0.707 -0.707 0.000
vn 0.577 -0.577 -0.577
vn 0.707 0.000 0.707
vn 1.000 0.000 0.000
vn 1.000 0.000 0.000
vn 0.707 0.000 -0.707
vn 0.707 0.000 0.707
vn 1.000 0.000 0.000
vn 1.000 0.000 0.000
vn 0.707 0.000 -0.707
vn 0.577 0.577 0.577
vn 0.707 0.707 0.000
vn 0.707 0.707 0.000
vn 0.577 0.577 -0.577
vn -0.577 -0.577 -0.577
vn -0.707 -0.707 0.000
vn -0.707 -0.707 0.000
vn -0.577 -0.577 0.577
vn -0.707 0.000 -0.707
vn -1.000 0.000 0.000
vn -1.000 0.000 0.000
vn -0.707 0.000 0.707
vn -0.707 0.000 -0.707
vn -1.000 0.000 0.000
vn -1.000 0.000 0.000
vn -0.707 0.000 0.707
vn -0.577 0.577 -0.577
vn -0.707 0.707 0.000
vn -0.707 0.707 0.000
vn -0.577 0.577 0.577
vn -0.577 0.577 0.577
vn 0.000 0.707 0.707
vn 0.000 0.707 0.707
vn 0.577 0.577 0.577
vn -0.707 0.707 0.000
vn 0.000 1.000 0.000
vn 0.000 1.000 0.000
vn 0.707 0.707 0.000
vn -0.707 0.707 0.000
vn 0.000 1.000 0.000
vn 0.000 1.000 0.000
vn 0.707 0.707 0.000
vn -0.577 0.577 -0.577
vn 0.000 0.707 -0.707
vn 0.000 0.707 -0.707
vn 0.577 0.577 -0.577
vn -0.577 -0.577 -0.577
vn 0.000 -0.707 -0.707
vn 0.000 -0.707 -0.707
vn 0.577 -0.577 -0.577
vn -0.707 -0.707 0.000
vn 0.000 -1.000 0.000
vn 0.000 -1.000 0.000
vn 0.707 -0.707 0.000
vn -0.707 -0.707 0.000
vn 0.000 -1.000 0.000
vn 0.000 -1.000 0.000
vn 0.707 -0.707 0.000
vn -0.577 -0.577 0.577
vn 0.000 -0.707 0.707
vn 0.000 -0.707 0.707
vn 0.577 -0.577 0.577
vn -0.577 -0.577 0.577
vn 0.000 -0.707 0.707
vn 0.000 -0.707 0.707
vn 0.577 -0.577 0.577
vn -0.707 0.000 0.707
vn 0.000 0.000 1.000
vn 0.000 0.000 1.000
vn 0.707 0.000 0.707
vn -0.707 0.000 0.707
vn 0.000 0.000 1.000
vn 0.000 0.000 1.000
vn 0.707 0.000 0.707
vn -0.577 0.577 0.577
vn 0.000 0.707 0.707
vn 0.000 0.707 0.707
vn 0.577 0.577 0.577
vn 0.577 -0.577 -0.577
vn 0.000 -0.707 -0.707
vn 0.000 -0.707 -0.707
vn -0.577 -0.577 -0.577
vn 0.707 0.000 -0.707
vn 0.000 0.000 -1.000
vn 0.000 0.000 -1.000
vn -0.707 0.000 -0.707
vn 0.707 0.000 -0.707
vn 0.000 0.000 -1.000
vn 0.000 0.000 -1.000
vn -0.707 0.000 -0.707
vn 0.577 0.577 -0.577
vn 0.000 0.707 -0.707
vn 0.000 0.707 -0.707
vn -0.577 0.577 -0.577
v 0.1929 1.9096 -4.8201
v 0.1936 1.9089 -4.8229
v 0.1936 1.9089 -4.8231
v 0.1929 1.9096 -4.8259
v 0.1936 1.9124 -4.8194
v 0.1950 1.9124 -4.8229
v 0.1950 1.9124 -4.8231
v 0.1936 1.9124 -4.8266
v 0.1936 1.9876 -4.8194
v 0.1950 1.9876 -4.8229
v 0.1950 1.9876 -4.8231
v 0.1936 1.9876 -4.8266
v 0.1929 1.9904 -4.8201
v 0.1936 1.9911 -4.8229
v 0.1936 1.9911 -4.8231
v 0.1929 1.9904 -4.8259
v -0.1929 1.9096 -4.8259
v -0.1936 1.9089 -4.8231
v -0.1936 1.9089 -4.8229
v -0.1929 1.9096 -4.8201
v -0.1936 1.9124 -4.8266
v -0.1950 1.9124 -4.8231
v -0.1950 1.9124 -4.8229
v -0.1936 1.9124 -4.8194
v -0.1936 1.9876 -4.8266
v -0.1950 1.9876 -4.8231
v -0.1950 1.9876 -4.8229
v -0.1936 1.9876 -4.8194
v -0.1929 1.9904 -4.8259
v -0.1936 1.9911 -4.8231
v -0.1936 1.9911 -4.8229
v -0.1929 1.9904 -4.8201
v -0.1929 1.9904 -4.8201
v -0.1901 1.9911 -4.8194
v 0.1901 1.9911 -4.8194
v 0.1929 1.9904 -4.8201
v -0.1936 1.9911 -4.8229
v -0.1901 1.9925 -4.8229
v 0.1901 1.9925 -4.8229
v 0.1936 1.9911 -4.8229
v -0.1936 1.9911 -4.8231
v -0.1901 1.9925 -4.8231
v 0.1901 1.9925 -4.8231
v 0.1936 1.9911 -4.8231
v -0.1929 1.9904 -4.8259
v -0.1901 1.9911 -4.8266
v 0.1901 1.9911 -4.8266
v 0.1929 1.9904 -4.8259
v -0.1929 1.9096 -4.8259
v -0.1901 1.9089 -4.8266
v 0.1901 1.9089 -4.8266
v 0.1929 1.9096 -4.8259
v -0.1936 1.9089 -4.8231
v -0.1901 1.9075 -4.8231
v 0.1901 1.9075 -4.8231
v 0.1936 1.9089 -4.8231
v -0.1936 1.9089 -4.8229
v -0.1901 1.9075 -4.8229
v 0.1901 1.9075 -4.8229
v 0.1936 1.9089 -4.8229
v -0.1929 1.9096 -4.8201
v -0.1901 1.9089 -4.8194
v 0.1901 1.9089 -4.8194
v 0.1929 1.9096 -4.8201
v -0.1929 1.9096 -4.8201
v -0.1901 1.9089 -4.8194
v 0.1901 1.9089 -4.8194
v 0.1929 1.9096 -4.8201
v -0.1936 1.9124 -4.8194
v -0.1901 1.9124 -4.8180
v 0.1901 1.9124 -4.8180
v 0.1936 1.9124 -4.8194
v -0.1936 1.9876 -4.8194
v -0.1901 1.9876 -4.8180
v 0.1901 1.9876 -4.8180
v 0.1936 1.9876 -4.8194
v -0.1929 1.9904 -4.8201
v -0.1901 1.9911 -4.8194
v 0.1901 1.9911 -4.8194
v 0.1929 1.9904 -4.8201
v 0.1929 1.9096 -4.8259
v 0.1901 1.9089 -4.8266
v -0.1901 1.9089 -4.8266
v -0.1929 1.9096 -4.8259
v 0.1936 1.9124 -4.8266
v 0.1901 1.9124 -4.8280
v -0.1901 1.9124 -4.8280
v -0.1936 1.9124 -4.8266
v 0.1936 1.9876 -4.8266
v 0.1901 1.9876 -4.8280
v -0.1901 1.9876 -4.8280
v -0.1936 1.9876 -4.8266
v 0.1929 1.9904 -4.8259
v 0.1901 1.9911 -4.8266
v -0.1901 1.9911 -4.8266
v -0.1929 1.9904 -4.8259
vt 0.0000 0.0000
vt 0.0049 0.0000
vt 0.0051 0.0000
vt 0.0100 0.0000
vt 0.0000 0.0049
vt 0.0049 0.0049
vt 0.0051 0.0049
vt 0.0100 0.0049
vt 0.0000 0.0801
vt 0.0049 0.0801
vt 0.0051 0.0801
vt 0.0100 0.0801
vt 0.0000 0.0850
vt 0.0049 0.0850
vt 0.0051 0.0850
vt 0.0100 0.0850
vt 0.0000 0.0000
vt 0.0049 0.0000
vt 0.0051 0.0000
vt 0.0100 0.0000
vt 0.0000 0.0049
vt 0.0049 0.0049
vt 0.0051 0.0049
vt 0.0100 0.0049
vt 0.0000 0.0801
vt 0.0049 0.0801
vt 0.0051 0.0801
vt 0.0100 0.0801
vt 0.0000 0.0850
vt 0.0049 0.0850
vt 0.0051 0.0850
vt 0.0100 0.0850
vt 0.0000 0.0000
vt 0.0049 0.0000
vt 0.3851 0.0000
vt 0.3900 0.0000
vt 0.0000 0.0049
vt 0.0049 0.0049
vt 0.3851 0.0049
vt 0.3900 0.0049
vt 0.0000 0.0051
vt 0.0049 0.0051
vt 0.3851 0.0051
vt 0.3900 0.0051
vt 0.0000 0.0100
vt 0.0049 0.0100
vt 0.3851 0.0100
vt 0.3900 0.0100
vt 0.0000 0.0000
vt 0.0049 0.0000
vt 0.3851 0.0000
vt 0.3900 0.0000
vt 0.0000 0.0049
vt 0.0049 0.0049
vt 0.3851 0.0049
vt 0.3900 0.0049
vt 0.0000 0.0051
vt 0.0049 0.0051
vt 0.3851 0.0051
vt 0.3900 0.0051
vt 0.0000 0.0100
vt 0.0049 0.0100
vt 0.3851 0.0100
vt 0.3900 0.0100
vt 0.0000 0.0000
vt 0.0049 0.0000
vt 0.3851 0.0000
vt 0.3900 0.0000
vt 0.0000 0.0049
vt 0.0049 0.0049
vt 0.3851 0.0049
vt 0.3900 0.0049
vt 0.0000 0.0801
vt 0.0049 0.0801
vt 0.3851 0.0801
vt 0.3900 0.0801
vt 0.0000 0.0850
vt 0.0049 0.0850
vt 0.3851 0.0850
vt 0.3900 0.0850
vt 0.0000 0.0000
vt 0.0049 0.0000
vt 0.3851 0.0000
vt 0.3900 0.0000
vt 0.0000 0.0049
vt 0.0049 0.0049
vt 0.3851 0.0049
vt 0.3900 0.0049
vt 0.0000 0.0801
vt 0.0049 0.0801
vt 0.3851 0.0801
vt 0.3900 0.0801
vt 0.0000 0.0850
vt 0.0049 0.0850
vt 0.3851 0.0850
vt 0.3900 0.0850
vn 0.577 -0.577 0.577
vn 0.707 -0.707 0.000
vn 0.707 -0.707 0.000
vn 0.577 -0.577 -0.577
vn 0.707 0.000 0.707
vn 1.000 0.000 0.000
vn 1.000 0.000 0.000
vn 0.707 0.000 -0.707
vn 0.707 0.000 0.707
vn 1.000 0.000 0.000
vn 1.000 0.000 0.000
vn 0.707 0.000 -0.707
vn 0.577 0.577 0.577
vn 0.707 0.707 0.000
vn 0.707 0.707 0.000
vn 0.577 0.577 -0.577
vn -0.577 -0.577 -0.577
vn -0.707 -0.707 0.000
vn -0.707 -0.707 0.000
vn -0.577 -0.577 0.577
vn -0.707 0.000 -0.707
vn -1.000 0.000 0.000
vn -1.000 0.000 0.000
vn -0.707 0.000 0.707
vn -0.707 0.000 -0.707
vn -1.000 0.000 0.000
vn -1.000 0.000 0.000
vn -0.707 0.000 0.707
vn -0.577 0.577 -0.577
vn -0.707 0.707 0.000
vn -0.707 0.707 0.000
vn -0.577 0.577 0.577
vn -0.577 0.577 0.577
vn 0.000 0.707 0.707
vn 0.000 0.707 0.707
vn 0.577 0.577 0.577
vn -0.707 0.707 0.000
vn 0.000 1.000 0.000
vn 0.000 1.000 0.000
vn 0.707 0.707 0.000
vn -0.707 0.707 0.000
vn 0.000 1.000 0.000
vn 0.000 1.000 0.000
vn 0.707 0.707 0.000
vn -0.577 0.577 -0.577
vn 0.000 0.707 -0.707
vn 0.000 0.707 -0.707
vn 0.577 0.577 -0.577
vn -0.577 -0.577 -0.577
vn 0.000 -0.707 -0.707
vn 0.000 -0.707 -0.707
vn 0.577 -0.577 -0.577
vn -0.707 -0.707 0.000
vn 0.000 -1.000 0.000
vn 0.000 -1.000 0.000
vn 0.707 -0.707 0.000
vn -0.707 -0.707 0.000
vn 0.000 -1.000 0.000
vn 0.000 -1.000 0.000
vn 0.707 -0.707 0.000
vn -0.577 -0.577 0.577
vn 0.000 -0.707 0.707
vn 0.000 -0.707 0.707
vn 0.577 -0.577 0.577
vn -0.577 -0.577 0.577
vn 0.000 -0.707 0.707
vn 0.000 -0.707 0.707
vn 0.577 -0.577 0.577
vn -0.707 0.000 0.707
vn 0.000 0.000 1.000
vn 0.000 0.000 1.000
vn 0.707 0.000 0.707
vn -0.707 0.000 0.707
vn 0.000 0.000 1.000
vn 0.000 0.000 1.000
vn 0.707 0.000 0.707
vn -0.577 0.577 0.577
vn 0.000 0.707 0.707
vn 0.000 0.707 0.707
vn 0.577 0.577 0.577
vn 0.577 -0.577 -0.577
vn 0.000 -0.707 -0.707
vn 0.000 -0.707 -0.707
vn -0.577 -0.577 -0.577
vn 0.707 0.000 -0.707
vn 0.000 0.000 -1.000
vn 0.000 0.000 -1.000
vn -0.707 0.000 -0.707
vn 0.707 0.000 -0.707
vn 0.000 0.000 -1.000
vn 0.000 0.000 -1.000
vn -0.707 0.000 -0.707
vn 0.577 0.577 -0.577
vn 0.000 0.707 -0.707
vn 0.000 0.707 -0.707
vn -0.577 0.577 -0.577
v -0.3538 1.8117 -4.7162
v -0.3526 1.8069 -4.7182
v -0.3526 1.8067 -4.7184
v -0.3538 1.8032 -4.7223
v -0.3526 1.8156 -4.7198
v -0.3500 1.8105 -4.7234
v -0.3500 1.8103 -4.7235
v -0.3526 1.8052 -4.7271
v -0.3526 1.9201 -4.8690
v -0.3500 1.9150 -4.8727
v -0.3500 1.9148 -4.8728
v -0.3526 1.9097 -4.8764
v -0.3538 1.9221 -4.8739
v -0.3526 1.9186 -4.8778
v -0.3526 1.9184 -4.8779
v -0.3538 1.9136 -4.8799
v -0.8462 1.8032 -4.7223
v -0.8474 1.8067 -4.7184
v -0.8474 1.8069 -4.7182
v -0.8462 1.8117 -4.7162
v -0.8474 1.8052 -4.7271
v -0.8500 1.8103 -4.7235
v -0.8500 1.8105 -4.7234
v -0.8474 1.8156 -4.7198
v -0.8474 1.9097 -4.8764
v -0.8500 1.9148 -4.8728
v -0.8500 1.9150 -4.8727
v -0.8474 1.9201 -4.8690
v -0.8462 1.9136 -4.8799
v -0.8474 1.9184 -4.8779
v -0.8474 1.9186 -4.8778
v -0.8462 1.9221 -4.8739
v -0.8462 1.9221 -4.8739
v -0.8411 1.9237 -4.8742
v -0.3589 1.9237 -4.8742
v -0.3538 1.9221 -4.8739
v -0.8474 1.9186 -4.8778
v -0.8411 1.9201 -4.8799
v -0.3589 1.9201 -4.8799
v -0.3526 1.9186 -4.8778
v -0.8474 1.9184 -4.8779
v -0.8411 1.9199 -4.8801
v -0.3589 1.9199 -4.8801
v -0.3526 1.9184 -4.8779
v -0.8462 1.9136 -4.8799
v -0.8411 1.9133 -4.8815
v -0.3589 1.9133 -4.8815
v -0.3538 1.9136 -4.8799
v -0.8462 1.8032 -4.7223
v -0.8411 1.8015 -4.7220
v -0.3589 1.8015 -4.7220
v -0.3538 1.8032 -4.7223
v -0.8474 1.8067 -4.7184
v -0.8411 1.8052 -4.7162
v -0.3589 1.8052 -4.7162
v -0.3526 1.8067 -4.7184
v -0.8474 1.8069 -4.7182
v -0.8411 1.8054 -4.7161
v -0.3589 1.8054 -4.7161
v -0.3526 1.8069 -4.7182
v -0.8462 1.8117 -4.7162
v -0.8411 1.8120 -4.7146
v -0.3589 1.8120 -4.7146
v -0.3538 1.8117 -4.7162
v -0.8462 1.8117 -4.7162
v -0.8411 1.8120 -4.7146
v -0.3589 1.8120 -4.7146
v -0.3538 1.8117 -4.7162
v -0.8474 1.8156 -4.7198
v -0.8411 1.8178 -4.7183
v -0.3589 1.8178 -4.7183
v -0.3526 1.8156 -4.7198
v -0.8474 1.9201 -4.8690
v -0.8411 1.9223 -4.8675
v -0.3589 1.9223 -4.8675
v -0.3526 1.9201 -4.8690
v -0.8462 1.9221 -4.8739
v -0.8411 1.9237 -4.8742
v -0.3589 1.9237 -4.8742
v -0.3538 1.9221 -4.8739
v -0.3538 1.8032 -4.7223
v -0.3589 1.8015 -4.7220
v -0.8411 1.8015 -4.7220
v -0.8462 1.8032 -4.7223
v -0.3526 1.8052 -4.7271
v -0.3589 1.8030 -4.7286
v -0.8411 1.8030 -4.7286
v -0.8474 1.8052 -4.7271
v -0.3526 1.9097 -4.8764
v -0.3589 1.9075 -4.8779
v -0.8411 1.9075 -4.8779
v -0.8474 1.9097 -4.8764
v -0.3538 1.9136 -4.8799
v -0.3589 1.9133 -4.8815
v -0.8411 1.9133 -4.8815
v -0.8462 1.9136 -4.8799
v 0.8462 1.8117 -4.7162
v 0.8474 1.8069 -4.7182
v 0.8474 1.8067 -4.7184
v 0.8462 1.8032 -4.7223
v 0.8474 1.8156 -4.7198
v 0.8500 1.8105 -4.7234
v 0.8500 1.8103 -4.7235
v 0.8474 1.8052 -4.7271
v 0.8474 1.9201 -4.8690
v 0.8500 1.9150 -4.8727
v 0.8500 1.9148 -4.8728
v 0.8474 1.9097 -4.8764
v 0.8462 1.9221 -4.8739
v 0.8474 1.9186 -4.8778
v 0.8474 1.9184 -4.8779
v 0.8462 1.9136 -4.8799
v 0.3538 1.8032 -4.7223
v 0.3526 1.8067 -4.7184
v 0.3526 1.8069 -4.7182
v 0.3538 1.8117 -4.7162
v 0.3526 1.8052 -4.7271
v 0.3500 1.8103 -4.7235
v 0.3500 1.8105 -4.7234
v 0.3526 1.8156 -4.7198
v 0.3526 1.9097 -4.8764
v 0.3500 1.9148 -4.8728
v 0.3500 1.9150 -4.8727
v 0.3526 1.9201 -4.8690
v 0.3538 1.9136 -4.8799
v 0.3526 1.9184 -4.8779
v 0.3526 1.9186 -4.8778
v 0.3538 1.9221 -4.8739
v 0.3538 1.9221 -4.8739
v 0.3589 1.9237 -4.8742
v 0.8411 1.9237 -4.8742
v 0.8462 1.9221 -4.8739
v 0.3526 1.9186 -4.8778
v 0.3589 1.9201 -4.8799
v 0.8411 1.9201 -4.8799
v 0.8474 1.9186 -4.8778
v 0.3526 1.9184 -4.8779
v 0.3589 1.9199 -4.8801
v 0.8411 1.9199 -4.8801
v 0.8474 1.9184 -4.8779
v 0.3538 1.9136 -4.8799
v 0.3589 1.9133 -4.8815
v 0.8411 1.9133 -4.8815
v 0.8462 1.9136 -4.8799
v 0.3538 1.8032 -4.7223
v 0.3589 1.8015 -4.7220
v 0.8411 1.8015 -4.7220
v 0.8462 1.8032 -4.7223
v 0.3526 1.8067 -4.7184
v 0.3589 1.8052 -4.7162
v 0.8411 1.8052 -4.7162
v 0.8474 1.8067 -4.7184
v 0.3526 1.8069 -4.7182
v 0.3589 1.8054 -4.7161
v 0.8411 1.8054 -4.7161
v 0.8474 1.8069 -4.7182
v 0.3538 1.8117 -4.7162
v 0.3589 1.8120 -4.7146
v 0.8411 1.8120 -4.7146
v 0.8462 1.8117 -4.7162
v 0.3538 1.8117 -4.7162
v 0.3589 1.8120 -4.7146
v 0.8411 1.8120 -4.7146
v 0.8462 1.8117 -4.7162
v 0.3526 1.8156 -4.7198
v 0.3589 1.8178 -4.7183
v 0.8411 1.8178 -4.7183
v 0.8474 1.8156 -4.7198
v 0.3526 1.9201 -4.8690
v 0.3589 1.9223 -4.8675
v 0.8411 1.9223 -4.8675
v 0.8474 1.9201 -4.8690
v 0.3538 1.9221 -4.8739
v 0.3589 1.9237 -4.8742
v 0.8411 1.9237 -4.8742
v 0.8462 1.9221 -4.8739
v 0.8462 1.8032 -4.7223
v 0.8411 1.8015 -4.7220
v 0.3589 1.8015 -4.7220
v 0.3538 1.8032 -4.7223
v 0.8474 1.8052 -4.7271
v 0.8411 1.8030 -4.7286
v 0.3589 1.8030 -4.7286
v 0.3526 1.8052 -4.7271
v 0.8474 1.9097 -4.8764
v 0.8411 1.9075 -4.8779
v 0.3589 1.9075 -4.8779
v 0.3526 1.9097 -4.8764
v 0.8462 1.9136 -4.8799
v 0.8411 1.9133 -4.8815
v 0.3589 1.9133 -4.8815
v 0.3538 1.9136 -4.8799
vt 0.0000 0.0000
vt 0.0089 0.0000
vt 0.0091 0.0000
vt 0.0180 0.0000
vt 0.0000 0.0089
vt 0.0089 0.0089
vt 0.0091 0.0089
vt 0.0180 0.0089
vt 0.0000 0.1911
vt 0.0089 0.1911
vt 0.0091 0.1911
vt 0.0180 0.1911
vt 0.0000 0.2000
vt 0.0089 0.2000
vt 0.0091 0.2000
vt 0.0180 0.2000
vt 0.0000 0.0000
vt 0.0089 0.0000
vt 0.0091 0.0000
vt 0.0180 0.0000
vt 0.0000 0.0089
vt 0.0089 0.0089
vt 0.0091 0.0089
vt 0.0180 0.0089
vt 0.0000 0.1911
vt 0.0089 0.1911
vt 0.0091 0.1911
vt 0.0180 0.1911
vt 0.0000 0.2000
vt 0.0089 0.2000
vt 0.0091 0.2000
vt 0.0180 0.2000
vt 0.0000 0.0000
vt 0.0089 0.0000
vt 0.4911 0.0000
vt 0.5000 0.0000
vt 0.0000 0.0089
vt 0.0089 0.0089
vt 0.4911 0.0089
vt 0.5000 0.0089
vt 0.0000 0.0091
vt 0.0089 0.0091
vt 0.4911 0.0091
vt 0.5000 0.0091
vt 0.0000 0.0180
vt 0.0089 0.0180
vt 0.4911 0.0180
vt 0.5000 0.0180
vt 0.0000 0.0000
vt 0.0089 0.0000
vt 0.4911 0.0000
vt 0.5000 0.0000
vt 0.0000 0.0089
vt 0.0089 0.0089
vt 0.4911 0.0089
vt 0.5000 0.0089
vt 0.0000 0.0091
vt 0.0089 0.0091
vt 0.4911 0.0091
vt 0.5000 0.0091
vt 0.0000 0.0180
vt 0.0089 0.0180
vt 0.4911 0.0180
vt 0.5000 0.0180
vt 0.0000 0.0000
vt 0.0089 0.0000
vt 0.4911 0.0000
vt 0.5000 0.0000
vt 0.0000 0.0089
vt 0.0089 0.0089
vt 0.4911 0.0089
vt 0.5000 0.0089
vt 0.0000 0.1911
vt 0.0089 0.1911
vt 0.4911 0.1911
vt 0.5000 0.1911
vt 0.0000 0.2000
vt 0.0089 0.2000
vt 0.4911 0.2000
vt 0.5000 0.2000
vt 0.0000 0.0000
vt 0.0089 0.0000
vt 0.4911 0.0000
vt 0.5000 0.0000
vt 0.0000 0.0089
vt 0.0089 0.0089
vt 0.4911 0.0089
vt 0.5000 0.0089
vt 0.0000 0.1911
vt 0.0089 0.1911
vt 0.4911 0.1911
vt 0.5000 0.1911
vt 0.0000 0.2000
vt 0.0089 0.2000
vt 0.4911 0.2000
vt 0.5000 0.2000
vt 0.0000 0.0000
vt 0.0089 0.0000
vt 0.0091 0.0000
vt 0.0180 0.0000
vt 0.0000 0.0089
vt 0.0089 0.0089
vt 0.0091 0.0089
vt 0.0180 0.0089
vt 0.0000 0.1911
vt 0.0089 0.1911
vt 0.0091 0.1911
vt 0.0180 0.1911
vt 0.0000 0.2000
vt 0.0089 0.2000
vt 0.0091 0.2000
vt 0.0180 0.2000
vt 0.0000 0.0000
vt 0.0089 0.0000
vt 0.0091 0.0000
vt 0.0180 0.0000
vt 0.0000 0.0089
vt 0.0089 0.0089
vt 0.0091 0.0089
vt 0.0180 0.0089
vt 0.0000 0.1911
vt 0.0089 0.1911
vt 0.0091 0.1911
vt 0.0180 0.1911
vt 0.0000 0.2000
vt 0.0089 0.2000
vt 0.0091 0.2000
vt 0.0180 0.2000
vt 0.0000 0.0000
vt 0.0089 0.0000
vt 0.4911 0.0000
vt 0.5000 0.0000
vt 0.0000 0.0089
vt 0.0089 0.0089
vt 0.4911 0.0089
vt 0.5000 0.0089
vt 0.0000 0.0091
vt 0.0089 0.0091
vt 0.4911 0.0091
vt 0.5000 0.0091
vt 0.0000 0.0180
vt 0.0089 0.0180
vt 0.4911 0.0180
vt 0.5000 0.0180
vt 0.0000 0.0000
vt 0.0089 0.0000
vt 0.4911 0.0000
vt 0.5000 0.0000
vt 0.0000 0.0089
vt 0.0089 0.0089
vt 0.4911 0.0089
vt 0.5000 0.0089
vt 0.0000 0.0091
vt 0.0089 0.0091
vt 0.4911 0.0091
vt 0.5000 0.0091
vt 0.0000 0.0180
vt 0.0089 0.0180
vt 0.4911 0.0180
vt 0.5000 0.0180
vt 0.0000 0.0000
vt 0.0089 0.0000
vt 0.4911 0.0000
vt 0.5000 0.0000
vt 0.0000 0.0089
vt 0.0089 0.0089
vt 0.4911 0.0089
vt 0.5000 0.0089
vt 0.0000 0.1911
vt 0.0089 0.1911
vt 0.4911 0.1911
vt 0.5000 0.1911
vt 0.0000 0.2000
vt 0.0089 0.2000
vt 0.4911 0.2000
vt 0.5000 0.2000
vt 0.0000 0.0000
vt 0.0089 0.0000
vt 0.4911 0.0000
vt 0.5000 0.0000
vt 0.0000 0.0089
vt 0.0089 0.0089
vt 0.4911 0.0089
vt 0.5000 0.0089
vt 0.0000 0.1911
vt 0.0089 0.1911
vt 0.4911 0.1911
vt 0.5000 0.1911
vt 0.0000 0.2000
vt 0.0089 0.2000
vt 0.4911 0.2000
vt 0.5000 0.2000
vn 0.577 0.142 0.804
vn 0.707 -0.406 0.579
vn 0.707 -0.406 0.579
vn 0.577 -0.804 0.142
vn 0.707 0.579 0.406
vn 1.000 0.000 0.000
vn 1.000 0.000 0.000
vn 0.707 -0.579 -0.406
vn 0.707 0.579 0.406
vn 1.000 0.000 0.000
vn 1.000 0.000 0.000
vn 0.707 -0.579 -0.406
vn 0.577 0.804 -0.142
vn 0.707 0.406 -0.579
vn 0.707 0.406 -0.579
vn 0.577 -0.142 -0.804
vn -0.577 -0.804 0.142
vn -0.707 -0.406 0.579
vn -0.707 -0.406 0.579
vn -0.577 0.142 0.804
vn -0.707 -0.579 -0.406
vn -1.000 0.000 0.000
vn -1.000 0.000 0.000
vn -0.707 0.579 0.406
vn -0.707 -0.579 -0.406
vn -1.000 0.000 0.000
vn -1.000 0.000 0.000
vn -0.707 0.579 0.406
vn -0.577 -0.142 -0.804
vn -0.707 0.406 -0.579
vn -0.707 0.406 -0.579
vn -0.577 0.804 -0.142
vn -0.577 0.804 -0.142
vn 0.000 0.985 -0.174
vn 0.000 0.985 -0.174
vn 0.577 0.804 -0.142
vn -0.707 0.406 -0.579
vn 0.000 0.574 -0.819
vn 0.000 0.574 -0.819
vn 0.707 0.406 -0.579
vn -0.707 0.406 -0.579
vn 0.000 0.574 -0.819
vn 0.000 0.574 -0.819
vn 0.707 0.406 -0.579
vn -0.577 -0.142 -0.804
vn 0.000 -0.174 -0.985
vn 0.000 -0.174 -0.985
vn 0.577 -0.142 -0.804
vn -0.577 -0.804 0.142
vn 0.000 -0.985 0.174
vn 0.000 -0.985 0.174
vn 0.577 -0.804 0.142
vn -0.707 -0.406 0.579
vn 0.000 -0.574 0.819
vn 0.000 -0.574 0.819
vn 0.707 -0.406 0.579
vn -0.707 -0.406 0.579
vn 0.000 -0.574 0.819
vn 0.000 -0.574 0.819
vn 0.707 -0.406 0.579
vn -0.577 0.142 0.804
vn 0.000 0.174 0.985
vn 0.000 0.174 0.985
vn 0.577 0.142 0.804
vn -0.577 0.142 0.804
vn 0.000 0.174 0.985
vn 0.000 0.174 0.985
vn 0.577 0.142 0.804
vn -0.707 0.579 0.406
vn 0.000 0.819 0.574
vn 0.000 0.819 0.574
vn 0.707 0.579 0.406
vn -0.707 0.579 0.406
vn 0.000 0.819 0.574
vn 0.000 0.819 0.574
vn 0.707 0.579 0.406
vn -0.577 0.804 -0.142
vn 0.000 0.985 -0.174
vn 0.000 0.985 -0.174
vn 0.577 0.804 -0.142
vn 0.577 -0.804 0.142
vn 0.000 -0.985 0.174
vn 0.000 -0.985 0.174
vn -0.577 -0.804 0.142
vn 0.707 -0.579 -0.406
vn 0.000 -0.819 -0.574
vn 0.000 -0.819 -0.574
vn -0.707 -0.579 -0.406
vn 0.707 -0.579 -0.406
vn 0.000 -0.819 -0.574
vn 0.000 -0.819 -0.574
vn -0.707 -0.579 -0.406
vn 0.577 -0.142 -0.804
vn 0.000 -0.174 -0.985
vn 0.000 -0.174 -0.985
vn -0.577 -0.142 -0.804
vn 0.577 0.142 0.804
vn 0.707 -0.406 0.579
vn 0.707 -0.406 0.579
vn 0.577 -0.804 0.142
vn 0.707 0.579 0.406
vn 1.000 0.000 0.000
vn 1.000 0.000 0.000
vn 0.707 -0.579 -0.406
vn 0.707 0.579 0.406
vn 1.000 0.000 0.000
vn 1.000 0.000 0.000
vn 0.707 -0.579 -0.406
vn 0.577 0.804 -0.142
vn 0.707 0.406 -0.579
vn 0.707 0.406 -0.579
vn 0.577 -0.142 -0.804
vn -0.577 -0.804 0.142
vn -0.707 -0.406 0.579
vn -0.707 -0.406 0.579
vn -0.577 0.142 0.804
vn -0.707 -0.579 -0.406
vn -1.000 0.000 0.000
vn -1.000 0.000 0.000
vn -0.707 0.579 0.406
vn -0.707 -0.579 -0.406
vn -1.000 0.000 0.000
vn -1.000 0.000 0.000
vn -0.707 0.579 0.406
vn -0.577 -0.142 -0.804
vn -0.707 0.406 -0.579
vn -0.707 0.406 -0.579
vn -0.577 0.804 -0.142
vn -0.577 0.804 -0.142
vn 0.000 0.985 -0.174
vn 0.000 0.985 -0.174
vn 0.577 0.804 -0.142
vn -0.707 0.406 -0.579
vn 0.000 0.574 -0.819
vn 0.000 0.574 -0.819
vn 0.707 0.406 -0.579
vn -0.707 0.406 -0.579
vn 0.000 0.574 -0.819
vn 0.000 0.574 -0.819
vn 0.707 0.406 -0.579
vn -0.577 -0.142 -0.804
vn 0.000 -0.174 -0.985
vn 0.000 -0.174 -0.985
vn 0.577 -0.142 -0.804
vn -0.577 -0.804 0.142
vn 0.000 -0.985 0.174
vn 0.000 -0.985 0.174
vn 0.577 -0.804 0.142
vn -0.707 -0.406 0.579
vn 0.000 -0.574 0.819
vn 0.000 -0.574 0.819
vn 0.707 -0.406 0.579
vn -0.707 -0.406 0.579
vn 0.000 -0.574 0.819
vn 0.000 -0.574 0.819
vn 0.707 -0.406 0.579
vn -0.577 0.142 0.804
vn 0.000 0.174 0.985
vn 0.000 0.174 0.985
vn 0.577 0.142 0.804
vn -0.577 0.142 0.804
vn 0.000 0.174 0.985
vn 0.000 0.174 0.985
vn 0.577 0.142 0.804
vn -0.707 0.579 0.406
vn 0.000 0.819 0.574
vn 0.000 0.819 0.574
vn 0.707 0.579 0.406
vn -0.707 0.579 0.406
vn 0.000 0.819 0.574
vn 0.000 0.819 0.574
vn 0.707 0.579 0.406
vn -0.577 0.804 -0.142
vn 0.000 0.985 -0.174
vn 0.000 0.985 -0.174
vn 0.577 0.804 -0.142
vn 0.577 -0.804 0.142
vn 0.000 -0.985 0.174
vn 0.000 -0.985 0.174
vn -0.577 -0.804 0.142
vn 0.707 -0.579 -0.406
vn 0.000 -0.819 -0.574
vn 0.000 -0.819 -0.574
vn -0.707 -0.579 -0.406
vn 0.707 -0.579 -0.406
vn 0.000 -0.819 -0.574
vn 0.000 -0.819 -0.574
vn -0.707 -0.579 -0.406
vn 0.577 -0.142 -0.804
vn 0.000 -0.174 -0.985
vn 0.000 -0.174 -0.985
vn -0.577 -0.142 -0.804
v 1.2816 0.2034 -4.1584
v 1.2827 0.2023 -4.1630
v 1.2827 0.2023 -4.5870
v 1.2816 0.2034 -4.5916
v 1.2827 0.2080 -4.1573
v 1.2850 0.2080 -4.1630
v 1.2850 0.2080 -4.5870
v 1.2827 0.2080 -4.5927
v 1.2827 1.1420 -4.1573
v 1.2850 1.1420 -4.1630
v 1.2850 1.1420 -4.5870
v 1.2827 1.1420 -4.5927
v 1.2816 1.1466 -4.1584
v 1.2827 1.1477 -4.1630
v 1.2827 1.1477 -4.5870
v 1.2816 1.1466 -4.5916
v 1.2584 0.2034 -4.5916
v 1.2573 0.2023 -4.5870
v 1.2573 0.2023 -4.1630
v 1.2584 0.2034 -4.1584
v 1.2573 0.2080 -4.5927
v 1.2550 0.2080 -4.5870
v 1.2550 0.2080 -4.1630
v 1.2573 0.2080 -4.1573
v 1.2573 1.1420 -4.5927
v 1.2550 1.1420 -4.5870
v 1.2550 1.1420 -4.1630
v 1.2573 1.1420 -4.1573
v 1.2584 1.1466 -4.5916
v 1.2573 1.1477 -4.5870
v 1.2573 1.1477 -4.1630
v 1.2584 1.1466 -4.1584
v 1.2584 1.1466 -4.1584
v 1.2630 1.1477 -4.1573
v 1.2770 1.1477 -4.1573
v 1.2816 1.1466 -4.1584
v 1.2573 1.1477 -4.1630
v 1.2630 1.1500 -4.1630
v 1.2770 1.1500 -4.1630
v 1.2827 1.1477 -4.1630
v 1.2573 1.1477 -4.5870
v 1.2630 1.1500 -4.5870
v 1.2770 1.1500 -4.5870
v 1.2827 1.1477 -4.5870
v 1.2584 1.1466 -4.5916
v 1.2630 1.1477 -4.5927
v 1.2770 1.1477 -4.5927
v 1.2816 1.1466 -4.5916
v 1.2584 0.2034 -4.5916
v 1.2630 0.2023 -4.5927
v 1.2770 0.2023 -4.5927
v 1.2816 0.2034 -4.5916
v 1.2573 0.2023 -4.5870
v 1.2630 0.2000 -4.5870
v 1.2770 0.2000 -4.5870
v 1.2827 0.2023 -4.5870
v 1.2573 0.2023 -4.1630
v 1.2630 0.2000 -4.1630
v 1.2770 0.2000 -4.1630
v 1.2827 0.2023 -4.1630
v 1.2584 0.2034 -4.1584
v 1.2630 0.2023 -4.1573
v 1.2770 0.2023 -4.1573
v 1.2816 0.2034 -4.1584
v 1.2584 0.2034 -4.1584
v 1.2630 0.2023 -4.1573
v 1.2770 0.2023 -4.1573
v 1.2816 0.2034 -4.1584
v 1.2573 0.2080 -4.1573
v 1.2630 0.2080 -4.1550
v 1.2770 0.2080 -4.1550
v 1.2827 0.2080 -4.1573
v 1.2573 1.1420 -4.1573
v 1.2630 1.1420 -4.1550
v 1.2770 1.1420 -4.1550
v 1.2827 1.1420 -4.1573
v 1.2584 1.1466 -4.1584
v 1.2630 1.1477 -4.1573
v 1.2770 1.1477 -4.1573
v 1.2816 1.1466 -4.1584
v 1.2816 0.2034 -4.5916
v 1.2770 0.2023 -4.5927
v 1.2630 0.2023 -4.5927
v 1.2584 0.2034 -4.5916
v 1.2827 0.2080 -4.5927
v 1.2770 0.2080 -4.5950
v 1.2630 0.2080 -4.5950
v 1.2573 0.2080 -4.5927
v 1.2827 1.1420 -4.5927
v 1.2770 1.1420 -4.5950
v 1.2630 1.1420 -4.5950
v 1.2573 1.1420 -4.5927
v 1.2816 1.1466 -4.5916
v 1.2770 1.1477 -4.5927
v 1.2630 1.1477 -4.5927
v 1.2584 1.1466 -4.5916
v 1.2841 1.1834 -4.1584
v 1.2852 1.1823 -4.1630
v 1.2852 1.1823 -4.5870
v 1.2841 1.1834 -4.5916
v 1.2852 1.1880 -4.1573
v 1.2875 1.1880 -4.1630
v 1.2875 1.1880 -4.5870
v 1.2852 1.1880 -4.5927
v 1.2852 1.2120 -4.1573
v 1.2875 1.2120 -4.1630
v 1.2875 1.2120 -4.5870
v 1.2852 1.2120 -4.5927
v 1.2841 1.2166 -4.1584
v 1.2852 1.2177 -4.1630
v 1.2852 1.2177 -4.5870
v 1.2841 1.2166 -4.5916
v 1.2559 1.1834 -4.5916
v 1.2548 1.1823 -4.5870
v 1.2548 1.1823 -4.1630
v 1.2559 1.1834 -4.1584
v 1.2548 1.1880 -4.5927
v 1.2525 1.1880 -4.5870
v 1.2525 1.1880 -4.1630
v 1.2548 1.1880 -4.1573
v 1.2548 1.2120 -4.5927
v 1.2525 1.2120 -4.5870
v 1.2525 1.2120 -4.1630
v 1.2548 1.2120 -4.1573
v 1.2559 1.2166 -4.5916
v 1.2548 1.2177 -4.5870
v 1.2548 1.2177 -4.1630
v 1.2559 1.2166 -4.1584
v 1.2559 1.2166 -4.1584
v 1.2605 1.2177 -4.1573
v 1.2795 1.2177 -4.1573
v 1.2841 1.2166 -4.1584
v 1.2548 1.2177 -4.1630
v 1.2605 1.2200 -4.1630
v 1.2795 1.2200 -4.1630
v 1.2852 1.2177 -4.1630
v 1.2548 1.2177 -4.5870
v 1.2605 1.2200 -4.5870
v 1.2795 1.2200 -4.5870
v 1.2852 1.2177 -4.5870
v 1.2559 1.2166 -4.5916
v 1.2605 1.2177 -4.5927
v 1.2795 1.2177 -4.5927
v 1.2841 1.2166 -4.5916
v 1.2559 1.1834 -4.5916
v 1.2605 1.1823 -4.5927
v 1.2795 1.1823 -4.5927
v 1.2841 1.1834 -4.5916
v 1.2548 1.1823 -4.5870
v 1.2605 1.1800 -4.5870
v 1.2795 1.1800 -4.5870
v 1.2852 1.1823 -4.5870
v 1.2548 1.1823 -4.1630
v 1.2605 1.1800 -4.1630
v 1.2795 1.1800 -4.1630
v 1.2852 1.1823 -4.1630
v 1.2559 1.1834 -4.1584
v 1.2605 1.1823 -4.1573
v 1.2795 1.1823 -4.1573
v 1.2841 1.1834 -4.1584
v 1.2559 1.1834 -4.1584
v 1.2605 1.1823 -4.1573
v 1.2795 1.1823 -4.1573
v 1.2841 1.1834 -4.1584
v 1.2548 1.1880 -4.1573
v 1.2605 1.1880 -4.1550
v 1.2795 1.1880 -4.1550
v 1.2852 1.1880 -4.1573
v 1.2548 1.2120 -4.1573
v 1.2605 1.2120 -4.1550
v 1.2795 1.2120 -4.1550
v 1.2852 1.2120 -4.1573
v 1.2559 1.2166 -4.1584
v 1.2605 1.2177 -4.1573
v 1.2795 1.2177 -4.1573
v 1.2841 1.2166 -4.1584
v 1.2841 1.1834 -4.5916
v 1.2795 1.1823 -4.5927
v 1.2605 1.1823 -4.5927
v 1.2559 1.1834 -4.5916
v 1.2852 1.1880 -4.5927
v 1.2795 1.1880 -4.5950
v 1.2605 1.1880 -4.5950
v 1.2548 1.1880 -4.5927
v 1.2852 1.2120 -4.5927
v 1.2795 1.2120 -4.5950
v 1.2605 1.2120 -4.5950
v 1.2548 1.2120 -4.5927
v 1.2841 1.2166 -4.5916
v 1.2795 1.2177 -4.5927
v 1.2605 1.2177 -4.5927
v 1.2559 1.2166 -4.5916
v 1.2841 1.7484 -4.1584
v 1.2852 1.7473 -4.1630
v 1.2852 1.7473 -4.5870
v 1.2841 1.7484 -4.5916
v 1.2852 1.7530 -4.1573
v 1.2875 1.7530 -4.1630
v 1.2875 1.7530 -4.5870
v 1.2852 1.7530 -4.5927
v 1.2852 1.7870 -4.1573
v 1.2875 1.7870 -4.1630
v 1.2875 1.7870 -4.5870
v 1.2852 1.7870 -4.5927
v 1.2841 1.7916 -4.1584
v 1.2852 1.7927 -4.1630
v 1.2852 1.7927 -4.5870
v 1.2841 1.7916 -4.5916
v 1.2559 1.7484 -4.5916
v 1.2548 1.7473 -4.5870
v 1.2548 1.7473 -4.1630
v 1.2559 1.7484 -4.1584
v 1.2548 1.7530 -4.5927
v 1.2525 1.7530 -4.5870
v 1.2525 1.7530 -4.1630
v 1.2548 1.7530 -4.1573
v 1.2548 1.7870 -4.5927
v 1.2525 1.7870 -4.5870
v 1.2525 1.7870 -4.1630
v 1.2548 1.7870 -4.1573
v 1.2559 1.7916 -4.5916
v 1.2548 1.7927 -4.5870
v 1.2548 1.7927 -4.1630
v 1.2559 1.7916 -4.1584
v 1.2559 1.7916 -4.1584
v 1.2605 1.7927 -4.1573
v 1.2795 1.7927 -4.1573
v 1.2841 1.7916 -4.1584
v 1.2548 1.7927 -4.1630
v 1.2605 1.7950 -4.1630
v 1.2795 1.7950 -4.1630
v 1.2852 1.7927 -4.1630
v 1.2548 1.7927 -4.5870
v 1.2605 1.7950 -4.5870
v 1.2795 1.7950 -4.5870
v 1.2852 1.7927 -4.5870
v 1.2559 1.7916 -4.5916
v 1.2605 1.7927 -4.5927
v 1.2795 1.7927 -4.5927
v 1.2841 1.7916 -4.5916
v 1.2559 1.7484 -4.5916
v 1.2605 1.7473 -4.5927
v 1.2795 1.7473 -4.5927
v 1.2841 1.7484 -4.5916
v 1.2548 1.7473 -4.5870
v 1.2605 1.7450 -4.5870
v 1.2795 1.7450 -4.5870
v 1.2852 1.7473 -4.5870
v 1.2548 1.7473 -4.1630
v 1.2605 1.7450 -4.1630
v 1.2795 1.7450 -4.1630
v 1.2852 1.7473 -4.1630
v 1.2559 1.7484 -4.1584
v 1.2605 1.7473 -4.1573
v 1.2795 1.7473 -4.1573
v 1.2841 1.7484 -4.1584
v 1.2559 1.7484 -4.1584
v 1.2605 1.7473 -4.1573
v 1.2795 1.7473 -4.1573
v 1.2841 1.7484 -4.1584
v 1.2548 1.7530 -4.1573
v 1.2605 1.7530 -4.1550
v 1.2795 1.7530 -4.1550
v 1.2852 1.7530 -4.1573
v 1.2548 1.7870 -4.1573
v 1.2605 1.7870 -4.1550
v 1.2795 1.7870 -4.1550
v 1.2852 1.7870 -4.1573
v 1.2559 1.7916 -4.1584
v 1.2605 1.7927 -4.1573
v 1.2795 1.7927 -4.1573
v 1.2841 1.7916 -4.1584
v 1.2841 1.7484 -4.5916
v 1.2795 1.7473 -4.5927
v 1.2605 1.7473 -4.5927
v 1.2559 1.7484 -4.5916
v 1.2852 1.7530 -4.5927
v 1.2795 1.7530 -4.5950
v 1.2605 1.7530 -4.5950
v 1.2548 1.7530 -4.5927
v 1.2852 1.7870 -4.5927
v 1.2795 1.7870 -4.5950
v 1.2605 1.7870 -4.5950
v 1.2548 1.7870 -4.5927
v 1.2841 1.7916 -4.5916
v 1.2795 1.7927 -4.5927
v 1.2605 1.7927 -4.5927
v 1.2559 1.7916 -4.5916
v 1.2841 1.1884 -4.5559
v 1.2852 1.1873 -4.5605
v 1.2852 1.1873 -4.5895
v 1.2841 1.1884 -4.5941
v 1.2852 1.1930 -4.5548
v 1.2875 1.1930 -4.5605
v 1.2875 1.1930 -4.5895
v 1.2852 1.1930 -4.5952
v 1.2852 1.8070 -4.5548
v 1.2875 1.8070 -4.5605
v 1.2875 1.8070 -4.5895
v 1.2852 1.8070 -4.5952
v 1.2841 1.8116 -4.5559
v 1.2852 1.8127 -4.5605
v 1.2852 1.8127 -4.5895
v 1.2841 1.8116 -4.5941
v 1.2559 1.1884 -4.5941
v 1.2548 1.1873 -4.5895
v 1.2548 1.1873 -4.5605
v 1.2559 1.1884 -4.5559
v 1.2548 1.1930 -4.5952
v 1.2525 1.1930 -4.5895
v 1.2525 1.1930 -4.5605
v 1.2548 1.1930 -4.5548
v 1.2548 1.8070 -4.5952
v 1.2525 1.8070 -4.5895
v 1.2525 1.8070 -4.5605
v 1.2548 1.8070 -4.5548
v 1.2559 1.8116 -4.5941
v 1.2548 1.8127 -4.5895
v 1.2548 1.8127 -4.5605
v 1.2559 1.8116 -4.5559
v 1.2559 1.8116 -4.5559
v 1.2605 1.8127 -4.5548
v 1.2795 1.8127 -4.5548
v 1.2841 1.8116 -4.5559
v 1.2548 1.8127 -4.5605
v 1.2605 1.8150 -4.5605
v 1.2795 1.8150 -4.5605
v 1.2852 1.8127 -4.5605
v 1.2548 1.8127 -4.5895
v 1.2605 1.8150 -4.5895
v 1.2795 1.8150 -4.5895
v 1.2852 1.8127 -4.5895
v 1.2559 1.8116 -4.5941
v 1.2605 1.8127 -4.5952
v 1.2795 1.8127 -4.5952
v 1.2841 1.8116 -4.5941
v 1.2559 1.1884 -4.5941
v 1.2605 1.1873 -4.5952
v 1.2795 1.1873 -4.5952
v 1.2841 1.1884 -4.5941
v 1.2548 1.1873 -4.5895
v 1.2605 1.1850 -4.5895
v 1.2795 1.1850 -4.5895
v 1.2852 1.1873 -4.5895
v 1.2548 1.1873 -4.5605
v 1.2605 1.1850 -4.5605
v 1.2795 1.1850 -4.5605
v 1.2852 1.1873 -4.5605
v 1.2559 1.1884 -4.5559
v 1.2605 1.1873 -4.5548
v 1.2795 1.1873 -4.5548
v 1.2841 1.1884 -4.5559
v 1.2559 1.1884 -4.5559
v 1.2605 1.1873 -4.5548
v 1.2795 1.1873 -4.5548
v 1.2841 1.1884 -4.5559
v 1.2548 1.1930 -4.5548
v 1.2605 1.1930 -4.5525
v 1.2795 1.1930 -4.5525
v 1.2852 1.1930 -4.5548
v 1.2548 1.8070 -4.5548
v 1.2605 1.8070 -4.5525
v 1.2795 1.8070 -4.5525
v 1.2852 1.8070 -4.5548
v 1.2559 1.8116 -4.5559
v 1.2605 1.8127 -4.5548
v 1.2795 1.8127 -4.5548
v 1.2841 1.8116 -4.5559
v 1.2841 1.1884 -4.5941
v 1.2795 1.1873 -4.5952
v 1.2605 1.1873 -4.5952
v 1.2559 1.1884 -4.5941
v 1.2852 1.1930 -4.5952
v 1.2795 1.1930 -4.5975
v 1.2605 1.1930 -4.5975
v 1.2548 1.1930 -4.5952
v 1.2852 1.8070 -4.5952
v 1.2795 1.8070 -4.5975
v 1.2605 1.8070 -4.5975
v 1.2548 1.8070 -4.5952
v 1.2841 1.8116 -4.5941
v 1.2795 1.8127 -4.5952
v 1.2605 1.8127 -4.5952
v 1.2559 1.8116 -4.5941
v 1.2841 1.1884 -4.1559
v 1.2852 1.1873 -4.1605
v 1.2852 1.1873 -4.1895
v 1.2841 1.1884 -4.1941
v 1.2852 1.1930 -4.1548
v 1.2875 1.1930 -4.1605
v 1.2875 1.1930 -4.1895
v 1.2852 1.1930 -4.1952
v 1.2852 1.8070 -4.1548
v 1.2875 1.8070 -4.1605
v 1.2875 1.8070 -4.1895
v 1.2852 1.8070 -4.1952
v 1.2841 1.8116 -4.1559
v 1.2852 1.8127 -4.1605
v 1.2852 1.8127 -4.1895
v 1.2841 1.8116 -4.1941
v 1.2559 1.1884 -4.1941
v 1.2548 1.1873 -4.1895
v 1.2548 1.1873 -4.1605
v 1.2559 1.1884 -4.1559
v 1.2548 1.1930 -4.1952
v 1.2525 1.1930 -4.1895
v 1.2525 1.1930 -4.1605
v 1.2548 1.1930 -4.1548
v 1.2548 1.8070 -4.1952
v 1.2525 1.8070 -4.1895
v 1.2525 1.8070 -4.1605
v 1.2548 1.8070 -4.1548
v 1.2559 1.8116 -4.1941
v 1.2548 1.8127 -4.1895
v 1.2548 1.8127 -4.1605
v 1.2559 1.8116 -4.1559
v 1.2559 1.8116 -4.1559
v 1.2605 1.8127 -4.1548
v 1.2795 1.8127 -4.1548
v 1.2841 1.8116 -4.1559
v 1.2548 1.8127 -4.1605
v 1.2605 1.8150 -4.1605
v 1.2795 1.8150 -4.1605
v 1.2852 1.8127 -4.1605
v 1.2548 1.8127 -4.1895
v 1.2605 1.8150 -4.1895
v 1.2795 1.8150 -4.1895
v 1.2852 1.8127 -4.1895
v 1.2559 1.8116 -4.1941
v 1.2605 1.8127 -4.1952
v 1.2795 1.8127 -4.1952
v 1.2841 1.8116 -4.1941
v 1.2559 1.1884 -4.1941
v 1.2605 1.1873 -4.1952
v 1.2795 1.1873 -4.1952
v 1.2841 1.1884 -4.1941
v 1.2548 1.1873 -4.1895
v 1.2605 1.1850 -4.1895
v 1.2795 1.1850 -4.1895
v 1.2852 1.1873 -4.1895
v 1.2548 1.1873 -4.1605
v 1.2605 1.1850 -4.1605
v 1.2795 1.1850 -4.1605
v 1.2852 1.1873 -4.1605
v 1.2559 1.1884 -4.1559
v 1.2605 1.1873 -4.1548
v 1.2795 1.1873 -4.1548
v 1.2841 1.1884 -4.1559
v 1.2559 1.1884 -4.1559
v 1.2605 1.1873 -4.1548
v 1.2795 1.1873 -4.1548
v 1.2841 1.1884 -4.1559
v 1.2548 1.1930 -4.1548
v 1.2605 1.1930 -4.1525
v 1.2795 1.1930 -4.1525
v 1.2852 1.1930 -4.1548
v 1.2548 1.8070 -4.1548
v 1.2605 1.8070 -4.1525
v 1.2795 1.8070 -4.1525
v 1.2852 1.8070 -4.1548
v 1.2559 1.8116 -4.1559
v 1.2605 1.8127 -4.1548
v 1.2795 1.8127 -4.1548
v 1.2841 1.8116 -4.1559
v 1.2841 1.1884 -4.1941
v 1.2795 1.1873 -4.1952
v 1.2605 1.1873 -4.1952
v 1.2559 1.1884 -4.1941
v 1.2852 1.1930 -4.1952
v 1.2795 1.1930 -4.1975
v 1.2605 1.1930 -4.1975
v 1.2548 1.1930 -4.1952
v 1.2852 1.8070 -4.1952
v 1.2795 1.8070 -4.1975
v 1.2605 1.8070 -4.1975
v 1.2548 1.8070 -4.1952
v 1.2841 1.8116 -4.1941
v 1.2795 1.8127 -4.1952
v 1.2605 1.8127 -4.1952
v 1.2559 1.8116 -4.1941
v 1.2816 0.2034 -3.7084
v 1.2827 0.2023 -3.7130
v 1.2827 0.2023 -4.1370
v 1.2816 0.2034 -4.1416
v 1.2827 0.2080 -3.7073
v 1.2850 0.2080 -3.7130
v 1.2850 0.2080 -4.1370
v 1.2827 0.2080 -4.1427
v 1.2827 1.1420 -3.7073
v 1.2850 1.1420 -3.7130
v 1.2850 1.1420 -4.1370
v 1.2827 1.1420 -4.1427
v 1.2816 1.1466 -3.7084
v 1.2827 1.1477 -3.7130
v 1.2827 1.1477 -4.1370
v 1.2816 1.1466 -4.1416
v 1.2584 0.2034 -4.1416
v 1.2573 0.2023 -4.1370
v 1.2573 0.2023 -3.7130
v 1.2584 0.2034 -3.7084
v 1.2573 0.2080 -4.1427
v 1.2550 0.2080 -4.1370
v 1.2550 0.2080 -3.7130
v 1.2573 0.2080 -3.7073
v 1.2573 1.1420 -4.1427
v 1.2550 1.1420 -4.1370
v 1.2550 1.1420 -3.7130
v 1.2573 1.1420 -3.7073
v 1.2584 1.1466 -4.1416
v 1.2573 1.1477 -4.1370
v 1.2573 1.1477 -3.7130
v 1.2584 1.1466 -3.7084
v 1.2584 1.1466 -3.7084
v 1.2630 1.1477 -3.7073
v 1.2770 1.1477 -3.7073
v 1.2816 1.1466 -3.7084
v 1.2573 1.1477 -3.7130
v 1.2630 1.1500 -3.7130
v 1.2770 1.1500 -3.7130
v 1.2827 1.1477 -3.7130
v 1.2573 1.1477 -4.1370
v 1.2630 1.1500 -4.1370
v 1.2770 1.1500 -4.1370
v 1.2827 1.1477 -4.1370
v 1.2584 1.1466 -4.1416
v 1.2630 1.1477 -4.1427
v 1.2770 1.1477 -4.1427
v 1.2816 1.1466 -4.1416
v 1.2584 0.2034 -4.1416
v 1.2630 0.2023 -4.1427
v 1.2770 0.2023 -4.1427
v 1.2816 0.2034 -4.1416
v 1.2573 0.2023 -4.1370
v 1.2630 0.2000 -4.1370
v 1.2770 0.2000 -4.1370
v 1.2827 0.2023 -4.1370
v 1.2573 0.2023 -3.7130
v 1.2630 0.2000 -3.7130
v 1.2770 0.2000 -3.7130
v 1.2827 0.2023 -3.7130
v 1.2584 0.2034 -3.7084
v 1.2630 0.2023 -3.7073
v 1.2770 0.2023 -3.7073
v 1.2816 0.2034 -3.7084
v 1.2584 0.2034 -3.7084
v 1.2630 0.2023 -3.7073
v 1.2770 0.2023 -3.7073
v 1.2816 0.2034 -3.7084
v 1.2573 0.2080 -3.7073
v 1.2630 0.2080 -3.7050
v 1.2770 0.2080 -3.7050
v 1.2827 0.2080 -3.7073
v 1.2573 1.1420 -3.7073
v 1.2630 1.1420 -3.7050
v 1.2770 1.1420 -3.7050
v 1.2827 1.1420 -3.7073
v 1.2584 1.1466 -3.7084
v 1.2630 1.1477 -3.7073
v 1.2770 1.1477 -3.7073
v 1.2816 1.1466 -3.7084
v 1.2816 0.2034 -4.1416
v 1.2770 0.2023 -4.1427
v 1.2630 0.2023 -4.1427
v 1.2584 0.2034 -4.1416
v 1.2827 0.2080 -4.1427
v 1.2770 0.2080 -4.1450
v 1.2630 0.2080 -4.1450
v 1.2573 0.2080 -4.1427
v 1.2827 1.1420 -4.1427
v 1.2770 1.1420 -4.1450
v 1.2630 1.1420 -4.1450
v 1.2573 1.1420 -4.1427
v 1.2816 1.1466 -4.1416
v 1.2770 1.1477 -4.1427
v 1.2630 1.1477 -4.1427
v 1.2584 1.1466 -4.1416
v 1.2841 1.1834 -3.7084
v 1.2852 1.1823 -3.7130
v 1.2852 1.1823 -4.1370
v 1.2841 1.1834 -4.1416
v 1.2852 1.1880 -3.7073
v 1.2875 1.1880 -3.7130
v 1.2875 1.1880 -4.1370
v 1.2852 1.1880 -4.1427
v 1.2852 1.2120 -3.7073
v 1.2875 1.2120 -3.7130
v 1.2875 1.2120 -4.1370
v 1.2852 1.2120 -4.1427
v 1.2841 1.2166 -3.7084
v 1.2852 1.2177 -3.7130
v 1.2852 1.2177 -4.1370
v 1.2841 1.2166 -4.1416
v 1.2559 1.1834 -4.1416
v 1.2548 1.1823 -4.1370
v 1.2548 1.1823 -3.7130
v 1.2559 1.1834 -3.7084
v 1.2548 1.1880 -4.1427
v 1.2525 1.1880 -4.1370
v 1.2525 1.1880 -3.7130
v 1.2548 1.1880 -3.7073
v 1.2548 1.2120 -4.1427
v 1.2525 1.2120 -4.1370
v 1.2525 1.2120 -3.7130
v 1.2548 1.2120 -3.7073
v 1.2559 1.2166 -4.1416
v 1.2548 1.2177 -4.1370
v 1.2548 1.2177 -3.7130
v 1.2559 1.2166 -3.7084
v 1.2559 1.2166 -3.7084
v 1.2605 1.2177 -3.7073
v 1.2795 1.2177 -3.7073
v 1.2841 1.2166 -3.7084
v 1.2548 1.2177 -3.7130
v 1.2605 1.2200 -3.7130
v 1.2795 1.2200 -3.7130
v 1.2852 1.2177 -3.7130
v 1.2548 1.2177 -4.1370
v 1.2605 1.2200 -4.1370
v 1.2795 1.2200 -4.1370
v 1.2852 1.2177 -4.1370
v 1.2559 1.2166 -4.1416
v 1.2605 1.2177 -4.1427
v 1.2795 1.2177 -4.1427
v 1.2841 1.2166 -4.1416
v 1.2559 1.1834 -4.1416
v 1.2605 1.1823 -4.1427
v 1.2795 1.1823 -4.1427
v 1.2841 1.1834 -4.1416
v 1.2548 1.1823 -4.1370
v 1.2605 1.1800 -4.1370
v 1.2795 1.1800 -4.1370
v 1.2852 1.1823 -4.1370
v 1.2548 1.1823 -3.7130
v 1.2605 1.1800 -3.7130
v 1.2795 1.1800 -3.7130
v 1.2852 1.1823 -3.7130
v 1.2559 1.1834 -3.7084
v 1.2605 1.1823 -3.7073
v 1.2795 1.1823 -3.7073
v 1.2841 1.1834 -3.7084
v 1.2559 1.1834 -3.7084
v 1.2605 1.1823 -3.7073
v 1.2795 1.1823 -3.7073
v 1.2841 1.1834 -3.7084
v 1.2548 1.1880 -3.7073
v 1.2605 1.1880 -3.7050
v 1.2795 1.1880 -3.7050
v 1.2852 1.1880 -3.7073
v 1.2548 1.2120 -3.7073
v 1.2605 1.2120 -3.7050
v 1.2795 1.2120 -3.7050
v 1.2852 1.2120 -3.7073
v 1.2559 1.2166 -3.7084
v 1.2605 1.2177 -3.7073
v 1.2795 1.2177 -3.7073
v 1.2841 1.2166 -3.7084
v 1.2841 1.1834 -4.1416
v 1.2795 1.1823 -4.1427
v 1.2605 1.1823 -4.1427
v 1.2559 1.1834 -4.1416
v 1.2852 1.1880 -4.1427
v 1.2795 1.1880 -4.1450
v 1.2605 1.1880 -4.1450
v 1.2548 1.1880 -4.1427
v 1.2852 1.2120 -4.1427
v 1.2795 1.2120 -4.1450
v 1.2605 1.2120 -4.1450
v 1.2548 1.2120 -4.1427
v 1.2841 1.2166 -4.1416
v 1.2795 1.2177 -4.1427
v 1.2605 1.2177 -4.1427
v 1.2559 1.2166 -4.1416
v 1.2841 1.7484 -3.7084
v 1.2852 1.7473 -3.7130
v 1.2852 1.7473 -4.1370
v 1.2841 1.7484 -4.1416
v 1.2852 1.7530 -3.7073
v 1.2875 1.7530 -3.7130
v 1.2875 1.7530 -4.1370
v 1.2852 1.7530 -4.1427
v 1.2852 1.7870 -3.7073
v 1.2875 1.7870 -3.7130
v 1.2875 1.7870 -4.1370
v 1.2852 1.7870 -4.1427
v 1.2841 1.7916 -3.7084
v 1.2852 1.7927 -3.7130
v 1.2852 1.7927 -4.1370
v 1.2841 1.7916 -4.1416
v 1.2559 1.7484 -4.1416
v 1.2548 1.7473 -4.1370
v 1.2548 1.7473 -3.7130
v 1.2559 1.7484 -3.7084
v 1.2548 1.7530 -4.1427
v 1.2525 1.7530 -4.1370
v 1.2525 1.7530 -3.7130
v 1.2548 1.7530 -3.7073
v 1.2548 1.7870 -4.1427
v 1.2525 1.7870 -4.1370
v 1.2525 1.7870 -3.7130
v 1.2548 1.7870 -3.7073
v 1.2559 1.7916 -4.1416
v 1.2548 1.7927 -4.1370
v 1.2548 1.7927 -3.7130
v 1.2559 1.7916 -3.7084
v 1.2559 1.7916 -3.7084
v 1.2605 1.7927 -3.7073
v 1.2795 1.7927 -3.7073
v 1.2841 1.7916 -3.7084
v 1.2548 1.7927 -3.7130
v 1.2605 1.7950 -3.7130
v 1.2795 1.7950 -3.7130
v 1.2852 1.7927 -3.7130
v 1.2548 1.7927 -4.1370
v 1.2605 1.7950 -4.1370
v 1.2795 1.7950 -4.1370
v 1.2852 1.7927 -4.1370
v 1.2559 1.7916 -4.1416
v 1.2605 1.7927 -4.1427
v 1.2795 1.7927 -4.1427
v 1.2841 1.7916 -4.1416
v 1.2559 1.7484 -4.1416
v 1.2605 1.7473 -4.1427
v 1.2795 1.7473 -4.1427
v 1.2841 1.7484 -4.1416
v 1.2548 1.7473 -4.1370
v 1.2605 1.7450 -4.1370
v 1.2795 1.7450 -4.1370
v 1.2852 1.7473 -4.1370
v 1.2548 1.7473 -3.7130
v 1.2605 1.7450 -3.7130
v 1.2795 1.7450 -3.7130
v 1.2852 1.7473 -3.7130
v 1.2559 1.7484 -3.7084
v 1.2605 1.7473 -3.7073
v 1.2795 1.7473 -3.7073
v 1.2841 1.7484 -3.7084
v 1.2559 1.7484 -3.7084
v 1.2605 1.7473 -3.7073
v 1.2795 1.7473 -3.7073
v 1.2841 1.7484 -3.7084
v 1.2548 1.7530 -3.7073
v 1.2605 1.7530 -3.7050
v 1.2795 1.7530 -3.7050
v 1.2852 1.7530 -3.7073
v 1.2548 1.7870 -3.7073
v 1.2605 1.7870 -3.7050
v 1.2795 1.7870 -3.7050
v 1.2852 1.7870 -3.7073
v 1.2559 1.7916 -3.7084
v 1.2605 1.7927 -3.7073
v 1.2795 1.7927 -3.7073
v 1.2841 1.7916 -3.7084
v 1.2841 1.7484 -4.1416
v 1.2795 1.7473 -4.1427
v 1.2605 1.7473 -4.1427
v 1.2559 1.7484 -4.1416
v 1.2852 1.7530 -4.1427
v 1.2795 1.7530 -4.1450
v 1.2605 1.7530 -4.1450
v 1.2548 1.7530 -4.1427
v 1.2852 1.7870 -4.1427
v 1.2795 1.7870 -4.1450
v 1.2605 1.7870 -4.1450
v 1.2548 1.7870 -4.1427
v 1.2841 1.7916 -4.1416
v 1.2795 1.7927 -4.1427
v 1.2605 1.7927 -4.1427
v 1.2559 1.7916 -4.1416
v 1.2841 1.1884 -4.1059
v 1.2852 1.1873 -4.1105
v 1.2852 1.1873 -4.1395
v 1.2841 1.1884 -4.1441
v 1.2852 1.1930 -4.1048
v 1.2875 1.1930 -4.1105
v 1.2875 1.1930 -4.1395
v 1.2852 1.1930 -4.1452
v 1.2852 1.8070 -4.1048
v 1.2875 1.8070 -4.1105
v 1.2875 1.8070 -4.1395
v 1.2852 1.8070 -4.1452
v 1.2841 1.8116 -4.1059
v 1.2852 1.8127 -4.1105
v 1.2852 1.8127 -4.1395
v 1.2841 1.8116 -4.1441
v 1.2559 1.1884 -4.1441
v 1.2548 1.1873 -4.1395
v 1.2548 1.1873 -4.1105
v 1.2559 1.1884 -4.1059
v 1.2548 1.1930 -4.1452
v 1.2525 1.1930 -4.1395
v 1.2525 1.1930 -4.1105
v 1.2548 1.1930 -4.1048
v 1.2548 1.8070 -4.1452
v 1.2525 1.8070 -4.1395
v 1.2525 1.8070 -4.1105
v 1.2548 1.8070 -4.1048
v 1.2559 1.8116 -4.1441
v 1.2548 1.8127 -4.1395
v 1.2548 1.8127 -4.1105
v 1.2559 1.8116 -4.1059
v 1.2559 1.8116 -4.1059
v 1.2605 1.8127 -4.1048
v 1.2795 1.8127 -4.1048
v 1.2841 1.8116 -4.1059
v 1.2548 1.8127 -4.1105
v 1.2605 1.8150 -4.1105
v 1.2795 1.8150 -4.1105
v 1.2852 1.8127 -4.1105
v 1.2548 1.8127 -4.1395
v 1.2605 1.8150 -4.1395
v 1.2795 1.8150 -4.1395
v 1.2852 1.8127 -4.1395
v 1.2559 1.8116 -4.1441
v 1.2605 1.8127 -4.1452
v 1.2795 1.8127 -4.1452
v 1.2841 1.8116 -4.1441
v 1.2559 1.1884 -4.1441
v 1.2605 1.1873 -4.1452
v 1.2795 1.1873 -4.1452
v 1.2841 1.1884 -4.1441
v 1.2548 1.1873 -4.1395
v 1.2605 1.1850 -4.1395
v 1.2795 1.1850 -4.1395
v 1.2852 1.1873 -4.1395
v 1.2548 1.1873 -4.1105
v 1.2605 1.1850 -4.1105
v 1.2795 1.1850 -4.1105
v 1.2852 1.1873 -4.1105
v 1.2559 1.1884 -4.1059
v 1.2605 1.1873 -4.1048
v 1.2795 1.1873 -4.1048
v 1.2841 1.1884 -4.1059
v 1.2559 1.1884 -4.1059
v 1.2605 1.1873 -4.1048
v 1.2795 1.1873 -4.1048
v 1.2841 1.1884 -4.1059
v 1.2548 1.1930 -4.1048
v 1.2605 1.1930 -4.1025
v 1.2795 1.1930 -4.1025
v 1.2852 1.1930 -4.1048
v 1.2548 1.8070 -4.1048
v 1.2605 1.8070 -4.1025
v 1.2795 1.8070 -4.1025
v 1.2852 1.8070 -4.1048
v 1.2559 1.8116 -4.1059
v 1.2605 1.8127 -4.1048
v 1.2795 1.8127 -4.1048
v 1.2841 1.8116 -4.1059
v 1.2841 1.1884 -4.1441
v 1.2795 1.1873 -4.1452
v 1.2605 1.1873 -4.1452
v 1.2559 1.1884 -4.1441
v 1.2852 1.1930 -4.1452
v 1.2795 1.1930 -4.1475
v 1.2605 1.1930 -4.1475
v 1.2548 1.1930 -4.1452
v 1.2852 1.8070 -4.1452
v 1.2795 1.8070 -4.1475
v 1.2605 1.8070 -4.1475
v 1.2548 1.8070 -4.1452
v 1.2841 1.8116 -4.1441
v 1.2795 1.8127 -4.1452
v 1.2605 1.8127 -4.1452
v 1.2559 1.8116 -4.1441
v 1.2841 1.1884 -3.7059
v 1.2852 1.1873 -3.7105
v 1.2852 1.1873 -3.7395
v 1.2841 1.1884 -3.7441
v 1.2852 1.1930 -3.7048
v 1.2875 1.1930 -3.7105
v 1.2875 1.1930 -3.7395
v 1.2852 1.1930 -3.7452
v 1.2852 1.8070 -3.7048
v 1.2875 1.8070 -3.7105
v 1.2875 1.8070 -3.7395
v 1.2852 1.8070 -3.7452
v 1.2841 1.8116 -3.7059
v 1.2852 1.8127 -3.7105
v 1.2852 1.8127 -3.7395
v 1.2841 1.8116 -3.7441
v 1.2559 1.1884 -3.7441
v 1.2548 1.1873 -3.7395
v 1.2548 1.1873 -3.7105
v 1.2559 1.1884 -3.7059
v 1.2548 1.1930 -3.7452
v 1.2525 1.1930 -3.7395
v 1.2525 1.1930 -3.7105
v 1.2548 1.1930 -3.7048
v 1.2548 1.8070 -3.7452
v 1.2525 1.8070 -3.7395
v 1.2525 1.8070 -3.7105
v 1.2548 1.8070 -3.7048
v 1.2559 1.8116 -3.7441
v 1.2548 1.8127 -3.7395
v 1.2548 1.8127 -3.7105
v 1.2559 1.8116 -3.7059
v 1.2559 1.8116 -3.7059
v 1.2605 1.8127 -3.7048
v 1.2795 1.8127 -3.7048
v 1.2841 1.8116 -3.7059
v 1.2548 1.8127 -3.7105
v 1.2605 1.8150 -3.7105
v 1.2795 1.8150 -3.7105
v 1.2852 1.8127 -3.7105
v 1.2548 1.8127 -3.7395
v 1.2605 1.8150 -3.7395
v 1.2795 1.8150 -3.7395
v 1.2852 1.8127 -3.7395
v 1.2559 1.8116 -3.7441
v 1.2605 1.8127 -3.7452
v 1.2795 1.8127 -3.7452
v 1.2841 1.8116 -3.7441
v 1.2559 1.1884 -3.7441
v 1.2605 1.1873 -3.7452
v 1.2795 1.1873 -3.7452
v 1.2841 1.1884 -3.7441
v 1.2548 1.1873 -3.7395
v 1.2605 1.1850 -3.7395
v 1.2795 1.1850 -3.7395
v 1.2852 1.1873 -3.7395
v 1.2548 1.1873 -3.7105
v 1.2605 1.1850 -3.7105
v 1.2795 1.1850 -3.7105
v 1.2852 1.1873 -3.7105
v 1.2559 1.1884 -3.7059
v 1.2605 1.1873 -3.7048
v 1.2795 1.1873 -3.7048
v 1.2841 1.1884 -3.7059
v 1.2559 1.1884 -3.7059
v 1.2605 1.1873 -3.7048
v 1.2795 1.1873 -3.7048
v 1.2841 1.1884 -3.7059
v 1.2548 1.1930 -3.7048
v 1.2605 1.1930 -3.7025
v 1.2795 1.1930 -3.7025
v 1.2852 1.1930 -3.7048
v 1.2548 1.8070 -3.7048
v 1.2605 1.8070 -3.7025
v 1.2795 1.8070 -3.7025
v 1.2852 1.8070 -3.7048
v 1.2559 1.8116 -3.7059
v 1.2605 1.8127 -3.7048
v 1.2795 1.8127 -3.7048
v 1.2841 1.8116 -3.7059
v 1.2841 1.1884 -3.7441
v 1.2795 1.1873 -3.7452
v 1.2605 1.1873 -3.7452
v 1.2559 1.1884 -3.7441
v 1.2852 1.1930 -3.7452
v 1.2795 1.1930 -3.7475
v 1.2605 1.1930 -3.7475
v 1.2548 1.1930 -3.7452
v 1.2852 1.8070 -3.7452
v 1.2795 1.8070 -3.7475
v 1.2605 1.8070 -3.7475
v 1.2548 1.8070 -3.7452
v 1.2841 1.8116 -3.7441
v 1.2795 1.8127 -3.7452
v 1.2605 1.8127 -3.7452
v 1.2559 1.8116 -3.7441
vt 0.0000 0.0000
vt 0.0080 0.0000
vt 0.4320 0.0000
vt 0.4400 0.0000
vt 0.0000 0.0080
vt 0.0080 0.0080
vt 0.4320 0.0080
vt 0.4400 0.0080
vt 0.0000 0.9420
vt 0.0080 0.9420
vt 0.4320 0.9420
vt 0.4400 0.9420
vt 0.0000 0.9500
vt 0.0080 0.9500
vt 0.4320 0.9500
vt 0.4400 0.9500
vt 0.0000 0.0000
vt 0.0080 0.0000
vt 0.4320 0.0000
vt 0.4400 0.0000
vt 0.0000 0.0080
vt 0.0080 0.0080
vt 0.4320 0.0080
vt 0.4400 0.0080
vt 0.0000 0.9420
vt 0.0080 0.9420
vt 0.4320 0.9420
vt 0.4400 0.9420
vt 0.0000 0.9500
vt 0.0080 0.9500
vt 0.4320 0.9500
vt 0.4400 0.9500
vt 0.0000 0.0000
vt 0.0080 0.0000
vt 0.0220 0.0000
vt 0.0300 0.0000
vt 0.0000 0.0080
vt 0.0080 0.0080
vt 0.0220 0.0080
vt 0.0300 0.0080
vt 0.0000 0.4320
vt 0.0080 0.4320
vt 0.0220 0.4320
vt 0.0300 0.4320
vt 0.0000 0.4400
vt 0.0080 0.4400
vt 0.0220 0.4400
vt 0.0300 0.4400
vt 0.0000 0.0000
vt 0.0080 0.0000
vt 0.0220 0.0000
vt 0.0300 0.0000
vt 0.0000 0.0080
vt 0.0080 0.0080
vt 0.0220 0.0080
vt 0.0300 0.0080
vt 0.0000 0.4320
vt 0.0080 0.4320
vt 0.0220 0.4320
vt 0.0300 0.4320
vt 0.0000 0.4400
vt 0.0080 0.4400
vt 0.0220 0.4400
vt 0.0300 0.4400
vt 0.0000 0.0000
vt 0.0080 0.0000
vt 0.0220 0.0000
vt 0.0300 0.0000
vt 0.0000 0.0080
vt 0.0080 0.0080
vt 0.0220 0.0080
vt 0.0300 0.0080
vt 0.0000 0.9420
vt 0.0080 0.9420
vt 0.0220 0.9420
vt 0.0300 0.9420
vt 0.0000 0.9500
vt 0.0080 0.9500
vt 0.0220 0.9500
vt 0.0300 0.9500
vt 0.0000 0.0000
vt 0.0080 0.0000
vt 0.0220 0.0000
vt 0.0300 0.0000
vt 0.0000 0.0080
vt 0.0080 0.0080
vt 0.0220 0.0080
vt 0.0300 0.0080
vt 0.0000 0.9420
vt 0.0080 0.9420
vt 0.0220 0.9420
vt 0.0300 0.9420
vt 0.0000 0.9500
vt 0.0080 0.9500
vt 0.0220 0.9500
vt 0.0300 0.9500
vt 0.0000 0.0000
vt 0.0080 0.0000
vt 0.4320 0.0000
vt 0.4400 0.0000
vt 0.0000 0.0080
vt 0.0080 0.0080
vt 0.4320 0.0080
vt 0.4400 0.0080
vt 0.0000 0.0320
vt 0.0080 0.0320
vt 0.4320 0.0320
vt 0.4400 0.0320
vt 0.0000 0.0400
vt 0.0080 0.0400
vt 0.4320 0.0400
vt 0.4400 0.0400
vt 0.0000 0.0000
vt 0.0080 0.0000
vt 0.4320 0.0000
vt 0.4400 0.0000
vt 0.0000 0.0080
vt 0.0080 0.0080
vt 0.4320 0.0080
vt 0.4400 0.0080
vt 0.0000 0.0320
vt 0.0080 0.0320
vt 0.4320 0.0320
vt 0.4400 0.0320
vt 0.0000 0.0400
vt 0.0080 0.0400
vt 0.4320 0.0400
vt 0.4400 0.0400
vt 0.0000 0.0000
vt 0.0080 0.0000
vt 0.0270 0.0000
vt 0.0350 0.0000
vt 0.0000 0.0080
vt 0.0080 0.0080
vt 0.0270 0.0080
vt 0.0350 0.0080
vt 0.0000 0.4320
vt 0.0080 0.4320
vt 0.0270 0.4320
vt 0.0350 0.4320
vt 0.0000 0.4400
vt 0.0080 0.4400
vt 0.0270 0.4400
vt 0.0350 0.4400
vt 0.0000 0.0000
vt 0.0080 0.0000
vt 0.0270 0.0000
vt 0.0350 0.0000
vt 0.0000 0.0080
vt 0.0080 0.0080
vt 0.0270 0.0080
vt 0.0350 0.0080
vt 0.0000 0.4320
vt 0.0080 0.4320
vt 0.0270 0.4320
vt 0.0350 0.4320
vt 0.0000 0.4400
vt 0.0080 0.4400
vt 0.0270 0.4400
vt 0.0350 0.4400
vt 0.0000 0.0000
vt 0.0080 0.0000
vt 0.0270 0.0000
vt 0.0350 0.0000
vt 0.0000 0.0080
vt 0.0080 0.0080
vt 0.0270 0.0080
vt 0.0350 0.0080
vt 0.0000 0.0320
vt 0.0080 0.0320
vt 0.0270 0.0320
vt 0.0350 0.0320
vt 0.0000 0.0400
vt 0.0080 0.0400
vt 0.0270 0.0400
vt 0.0350 0.0400
vt 0.0000 0.0000
vt 0.0080 0.0000
vt 0.0270 0.0000
vt 0.0350 0.0000
vt 0.0000 0.0080
vt 0.0080 0.0080
vt 0.0270 0.0080
vt 0.0350 0.0080
vt 0.0000 0.0320
vt 0.0080 0.0320
vt 0.0270 0.0320
vt 0.0350 0.0320
vt 0.0000 0.0400
vt 0.0080 0.0400
vt 0.0270 0.0400
vt 0.0350 0.0400
vt 0.0000 0.0000
vt 0.0080 0.0000
vt 0.4320 0.0000
vt 0.4400 0.0000
vt 0.0000 0.0080
vt 0.0080 0.0080
vt 0.4320 0.0080
vt 0.4400 0.0080
vt 0.0000 0.0420
vt 0.0080 0.0420
vt 0.4320 0.0420
vt 0.4400 0.0420
vt 0.0000 0.0500
vt 0.0080 0.0500
vt 0.4320 0.0500
vt 0.4400 0.0500
vt 0.0000 0.0000
vt 0.0080 0.0000
vt 0.4320 0.0000
vt 0.4400 0.0000
vt 0.0000 0.0080
vt 0.0080 0.0080
vt 0.4320 0.0080
vt 0.4400 0.0080
vt 0.0000 0.0420
vt 0.0080 0.0420
vt 0.4320 0.0420
vt 0.4400 0.0420
vt 0.0000 0.0500
vt 0.0080 0.0500
vt 0.4320 0.0500
vt 0.4400 0.0500
vt 0.0000 0.0000
vt 0.0080 0.0000
vt 0.0270 0.0000
vt 0.0350 0.0000
vt 0.0000 0.0080
vt 0.0080 0.0080
vt 0.0270 0.0080
vt 0.0350 0.0080
vt 0.0000 0.4320
vt 0.0080 0.4320
vt 0.0270 0.4320
vt 0.0350 0.4320
vt 0.0000 0.4400
vt 0.0080 0.4400
vt 0.0270 0.4400
vt 0.0350 0.4400
vt 0.0000 0.0000
vt 0.0080 0.0000
vt 0.0270 0.0000
vt 0.0350 0.0000
vt 0.0000 0.0080
vt 0.0080 0.0080
vt 0.0270 0.0080
vt 0.0350 0.0080
vt 0.0000 0.4320
vt 0.0080 0.4320
vt 0.0270 0.4320
vt 0.0350 0.4320
vt 0.0000 0.4400
vt 0.0080 0.4400
vt 0.0270 0.4400
vt 0.0350 0.4400
vt 0.0000 0.0000
vt 0.0080 0.0000
vt 0.0270 0.0000
vt 0.0350 0.0000
vt 0.0000 0.0080
vt 0.0080 0.0080
vt 0.0270 0.0080
vt 0.0350 0.0080
vt 0.0000 0.0420
vt 0.0080 0.0420
vt 0.0270 0.0420
vt 0.0350 0.0420
vt 0.0000 0.0500
vt 0.0080 0.0500
vt 0.0270 0.0500
vt 0.0350 0.0500
vt 0.0000 0.0000
vt 0.0080 0.0000
vt 0.0270 0.0000
vt 0.0350 0.0000
vt 0.0000 0.0080
vt 0.0080 0.0080
vt 0.0270 0.0080
vt 0.0350 0.0080
vt 0.0000 0.0420
vt 0.0080 0.0420
vt 0.0270 0.0420
vt 0.0350 0.0420
vt 0.0000 0.0500
vt 0.0080 0.0500
vt 0.0270 0.0500
vt 0.0350 0.0500
vt 0.0000 0.0000
vt 0.0080 0.0000
vt 0.0370 0.0000
vt 0.0450 0.0000
vt 0.0000 0.0080
vt 0.0080 0.0080
vt 0.0370 0.0080
vt 0.0450 0.0080
vt 0.0000 0.6220
vt 0.0080 0.6220
vt 0.0370 0.6220
vt 0.0450 0.6220
vt 0.0000 0.6300
vt 0.0080 0.6300
vt 0.0370 0.6300
vt 0.0450 0.6300
vt 0.0000 0.0000
vt 0.0080 0.0000
vt 0.0370 0.0000
vt 0.0450 0.0000
vt 0.0000 0.0080
vt 0.0080 0.0080
vt 0.0370 0.0080
vt 0.0450 0.0080
vt 0.0000 0.6220
vt 0.0080 0.6220
vt 0.0370 0.6220
vt 0.0450 0.6220
vt 0.0000 0.6300
vt 0.0080 0.6300
vt 0.0370 0.6300
vt 0.0450 0.6300
vt 0.0000 0.0000
vt 0.0080 0.0000
vt 0.0270 0.0000
vt 0.0350 0.0000
vt 0.0000 0.0080
vt 0.0080 0.0080
vt 0.0270 0.0080
vt 0.0350 0.0080
vt 0.0000 0.0370
vt 0.0080 0.0370
vt 0.0270 0.0370
vt 0.0350 0.0370
vt 0.0000 0.0450
vt 0.0080 0.0450
vt 0.0270 0.0450
vt 0.0350 0.0450
vt 0.0000 0.0000
vt 0.0080 0.0000
vt 0.0270 0.0000
vt 0.0350 0.0000
vt 0.0000 0.0080
vt 0.0080 0.0080
vt 0.0270 0.0080
vt 0.0350 0.0080
vt 0.0000 0.0370
vt 0.0080 0.0370
vt 0.0270 0.0370
vt 0.0350 0.0370
vt 0.0000 0.0450
vt 0.0080 0.0450
vt 0.0270 0.0450
vt 0.0350 0.0450
vt 0.0000 0.0000
vt 0.0080 0.0000
vt 0.0270 0.0000
vt 0.0350 0.0000
vt 0.0000 0.0080
vt 0.0080 0.0080
vt 0.0270 0.0080
vt 0.0350 0.0080
vt 0.0000 0.6220
vt 0.0080 0.6220
vt 0.0270 0.6220
vt 0.0350 0.6220
vt 0.0000 0.6300
vt 0.0080 0.6300
vt 0.0270 0.6300
vt 0.0350 0.6300
vt 0.0000 0.0000
vt 0.0080 0.0000
vt 0.0270 0.0000
vt 0.0350 0.0000
vt 0.0000 0.0080
vt 0.0080 0.0080
vt 0.0270 0.0080
vt 0.0350 0.0080
vt 0.0000 0.6220
vt 0.0080 0.6220
vt 0.0270 0.6220
vt 0.0350 0.6220
vt 0.0000 0.6300
vt 0.0080 0.6300
vt 0.0270 0.6300
vt 0.0350 0.6300
vt 0.0000 0.0000
vt 0.0080 0.0000
vt 0.0370 0.0000
vt 0.0450 0.0000
vt 0.0000 0.0080
vt 0.0080 0.0080
vt 0.0370 0.0080
vt 0.0450 0.0080
vt 0.0000 0.6220
vt 0.0080 0.6220
vt 0.0370 0.6220
vt 0.0450 0.6220
vt 0.0000 0.6300
vt 0.0080 0.6300
vt 0.0370 0.6300
vt 0.0450 0.6300
vt 0.0000 0.0000
vt 0.0080 0.0000
vt 0.0370 0.0000
vt 0.0450 0.0000
vt 0.0000 0.0080
vt 0.0080 0.0080
vt 0.0370 0.0080
vt 0.0450 0.0080
vt 0.0000 0.6220
vt 0.0080 0.6220
vt 0.0370 0.6220
vt 0.0450 0.6220
vt 0.0000 0.6300
vt 0.0080 0.6300
vt 0.0370 0.6300
vt 0.0450 0.6300
vt 0.0000 0.0000
vt 0.0080 0.0000
vt 0.0270 0.0000
vt 0.0350 0.0000
vt 0.0000 0.0080
vt 0.0080 0.0080
vt 0.0270 0.0080
vt 0.0350 0.0080
vt 0.0000 0.0370
vt 0.0080 0.0370
vt 0.0270 0.0370
vt 0.0350 0.0370
vt 0.0000 0.0450
vt 0.0080 0.0450
vt 0.0270 0.0450
vt 0.0350 0.0450
vt 0.0000 0.0000
vt 0.0080 0.0000
vt 0.0270 0.0000
vt 0.0350 0.0000
vt 0.0000 0.0080
vt 0.0080 0.0080
vt 0.0270 0.0080
vt 0.0350 0.0080
vt 0.0000 0.0370
vt 0.0080 0.0370
vt 0.0270 0.0370
vt 0.0350 0.0370
vt 0.0000 0.0450
vt 0.0080 0.0450
vt 0.0270 0.0450
vt 0.0350 0.0450
vt 0.0000 0.0000
vt 0.0080 0.0000
vt 0.0270 0.0000
vt 0.0350 0.0000
vt 0.0000 0.0080
vt 0.0080 0.0080
vt 0.0270 0.0080
vt 0.0350 0.0080
vt 0.0000 0.6220
vt 0.0080 0.6220
vt 0.0270 0.6220
vt 0.0350 0.6220
vt 0.0000 0.6300
vt 0.0080 0.6300
vt 0.0270 0.6300
vt 0.0350 0.6300
vt 0.0000 0.0000
vt 0.0080 0.0000
vt 0.0270 0.0000
vt 0.0350 0.0000
vt 0.0000 0.0080
vt 0.0080 0.0080
vt 0.0270 0.0080
vt 0.0350 0.0080
vt 0.0000 0.6220
vt 0.0080 0.6220
vt 0.0270 0.6220
vt 0.0350 0.6220
vt 0.0000 0.6300
vt 0.0080 0.6300
vt 0.0270 0.6300
vt 0.0350 0.6300
vt 0.0000 0.0000
vt 0.0080 0.0000
vt 0.4320 0.0000
vt 0.4400 0.0000
vt 0.0000 0.0080
vt 0.0080 0.0080
vt 0.4320 0.0080
vt 0.4400 0.0080
vt 0.0000 0.9420
vt 0.0080 0.9420
vt 0.4320 0.9420
vt 0.4400 0.9420
vt 0.0000 0.9500
vt 0.0080 0.9500
vt 0.4320 0.9500
vt 0.4400 0.9500
vt 0.0000 0.0000
vt 0.0080 0.0000
vt 0.4320 0.0000
vt 0.4400 0.0000
vt 0.0000 0.0080
vt 0.0080 0.0080
vt 0.4320 0.0080
vt 0.4400 0.0080
vt 0.0000 0.9420
vt 0.0080 0.9420
vt 0.4320 0.9420
vt 0.4400 0.9420
vt 0.0000 0.9500
vt 0.0080 0.9500
vt 0.4320 0.9500
vt 0.4400 0.9500
vt 0.0000 0.0000
vt 0.0080 0.0000
vt 0.0220 0.0000
vt 0.0300 0.0000
vt 0.0000 0.0080
vt 0.0080 0.0080
vt 0.0220 0.0080
vt 0.0300 0.0080
vt 0.0000 0.4320
vt 0.0080 0.4320
vt 0.0220 0.4320
vt 0.0300 0.4320
vt 0.0000 0.4400
vt 0.0080 0.4400
vt 0.0220 0.4400
vt 0.0300 0.4400
vt 0.0000 0.0000
vt 0.0080 0.0000
vt 0.0220 0.0000
vt 0.0300 0.0000
vt 0.0000 0.0080
vt 0.0080 0.0080
vt 0.0220 0.0080
vt 0.0300 0.0080
vt 0.0000 0.4320
vt 0.0080 0.4320
vt 0.0220 0.4320
vt 0.0300 0.4320
vt 0.0000 0.4400
vt 0.0080 0.4400
vt 0.0220 0.4400
vt 0.0300 0.4400
vt 0.0000 0.0000
vt 0.0080 0.0000
vt 0.0220 0.0000
vt 0.0300 0.0000
vt 0.0000 0.0080
vt 0.0080 0.0080
vt 0.0220 0.0080
vt 0.0300 0.0080
vt 0.0000 0.9420
vt 0.0080 0.9420
vt 0.0220 0.9420
vt 0.0300 0.9420
vt 0.0000 0.9500
vt 0.0080 0.9500
vt 0.0220 0.9500
vt 0.0300 0.9500
vt 0.0000 0.0000
vt 0.0080 0.0000
vt 0.0220 0.0000
vt 0.0300 0.0000
vt 0.0000 0.0080
vt 0.0080 0.0080
vt 0.0220 0.0080
vt 0.0300 0.0080
vt 0.0000 0.9420
vt 0.0080 0.9420
vt 0.0220 0.9420
vt 0.0300 0.9420
vt 0.0000 0.9500
vt 0.0080 0.9500
vt 0.0220 0.9500
vt 0.0300 0.9500
vt 0.0000 0.0000
vt 0.0080 0.0000
vt 0.4320 0.0000
vt 0.4400 0.0000
vt 0.0000 0.0080
vt 0.0080 0.0080
vt 0.4320 0.0080
vt 0.4400 0.0080
vt 0.0000 0.0320
vt 0.0080 0.0320
vt 0.4320 0.0320
vt 0.4400 0.0320
vt 0.0000 0.0400
vt 0.0080 0.0400
vt 0.4320 0.0400
vt 0.4400 0.0400
vt 0.0000 0.0000
vt 0.0080 0.0000
vt 0.4320 0.0000
vt 0.4400 0.0000
vt 0.0000 0.0080
vt 0.0080 0.0080
vt 0.4320 0.0080
vt 0.4400 0.0080
vt 0.0000 0.0320
vt 0.0080 0.0320
vt 0.4320 0.0320
vt 0.4400 0.0320
vt 0.0000 0.0400
vt 0.0080 0.0400
vt 0.4320 0.0400
vt 0.4400 0.0400
vt 0.0000 0.0000
vt 0.0080 0.0000
vt 0.0270 0.0000
vt 0.0350 0.0000
vt 0.0000 0.0080
vt 0.0080 0.0080
vt 0.0270 0.0080
vt 0.0350 0.0080
vt 0.0000 0.4320
vt 0.0080 0.4320
vt 0.0270 0.4320
vt 0.0350 0.4320
vt 0.0000 0.4400
vt 0.0080 0.4400
vt 0.0270 0.4400
vt 0.0350 0.4400
vt 0.0000 0.0000
vt 0.0080 0.0000
vt 0.0270 0.0000
vt 0.0350 0.0000
vt 0.0000 0.0080
vt 0.0080 0.0080
vt 0.0270 0.0080
vt 0.0350 0.0080
vt 0.0000 0.4320
vt 0.0080 0.4320
vt 0.0270 0.4320
vt 0.0350 0.4320
vt 0.0000 0.4400
vt 0.0080 0.4400
vt 0.0270 0.4400
vt 0.0350 0.4400
vt 0.0000 0.0000
vt 0.0080 0.0000
vt 0.0270 0.0000
vt 0.0350 0.0000
vt 0.0000 0.0080
vt 0.0080 0.0080
vt 0.0270 0.0080
vt 0.0350 0.0080
vt 0.0000 0.0320
vt 0.0080 0.0320
vt 0.0270 0.0320
vt 0.0350 0.0320
vt 0.0000 0.0400
vt 0.0080 0.0400
vt 0.0270 0.0400
vt 0.0350 0.0400
vt 0.0000 0.0000
vt 0.0080 0.0000
vt 0.0270 0.0000
vt 0.0350 0.0000
vt 0.0000 0.0080
vt 0.0080 0.0080
vt 0.0270 0.0080
vt 0.0350 0.0080
vt 0.0000 0.0320
vt 0.0080 0.0320
vt 0.0270 0.0320
vt 0.0350 0.0320
vt 0.0000 0.0400
vt 0.0080 0.0400
vt 0.0270 0.0400
vt 0.0350 0.0400
vt 0.0000 0.0000
vt 0.0080 0.0000
vt 0.4320 0.0000
vt 0.4400 0.0000
vt 0.0000 0.0080
vt 0.0080 0.0080
vt 0.4320 0.0080
vt 0.4400 0.0080
vt 0.0000 0.0420
vt 0.0080 0.0420
vt 0.4320 0.0420
vt 0.4400 0.0420
vt 0.0000 0.0500
vt 0.0080 0.0500
vt 0.4320 0.0500
vt 0.4400 0.0500
vt 0.0000 0.0000
vt 0.0080 0.0000
vt 0.4320 0.0000
vt 0.4400 0.0000
vt 0.0000 0.0080
vt 0.0080 0.0080
vt 0.4320 0.0080
vt 0.4400 0.0080
vt 0.0000 0.0420
vt 0.0080 0.0420
vt 0.4320 0.0420
vt 0.4400 0.0420
vt 0.0000 0.0500
vt 0.0080 0.0500
vt 0.4320 0.0500
vt 0.4400 0.0500
vt 0.0000 0.0000
vt 0.0080 0.0000
vt 0.0270 0.0000
vt 0.0350 0.0000
vt 0.0000 0.0080
vt 0.0080 0.0080
vt 0.0270 0.0080
vt 0.0350 0.0080
vt 0.0000 0.4320
vt 0.0080 0.4320
vt 0.0270 0.4320
vt 0.0350 0.4320
vt 0.0000 0.4400
vt 0.0080 0.4400
vt 0.0270 0.4400
vt 0.0350 0.4400
vt 0.0000 0.0000
vt 0.0080 0.0000
vt 0.0270 0.0000
vt 0.0350 0.0000
vt 0.0000 0.0080
vt 0.0080 0.0080
vt 0.0270 0.0080
vt 0.0350 0.0080
vt 0.0000 0.4320
vt 0.0080 0.4320
vt 0.0270 0.4320
vt 0.0350 0.4320
vt 0.0000 0.4400
vt 0.0080 0.4400
vt 0.0270 0.4400
vt 0.0350 0.4400
vt 0.0000 0.0000
vt 0.0080 0.0000
vt 0.0270 0.0000
vt 0.0350 0.0000
vt 0.0000 0.0080
vt 0.0080 0.0080
vt 0.0270 0.0080
vt 0.0350 0.0080
vt 0.0000 0.0420
vt 0.0080 0.0420
vt 0.0270 0.0420
vt 0.0350 0.0420
vt 0.0000 0.0500
vt 0.0080 0.0500
vt 0.0270 0.0500
vt 0.0350 0.0500
vt 0.0000 0.0000
vt 0.0080 0.0000
vt 0.0270 0.0000
vt 0.0350 0.0000
vt 0.0000 0.0080
vt 0.0080 0.0080
vt 0.0270 0.0080
vt 0.0350 0.0080
vt 0.0000 0.0420
vt 0.0080 0.0420
vt 0.0270 0.0420
vt 0.0350 0.0420
vt 0.0000 0.0500
vt 0.0080 0.0500
vt 0.0270 0.0500
vt 0.0350 0.0500
vt 0.0000 0.0000
vt 0.0080 0.0000
vt 0.0370 0.0000
vt 0.0450 0.0000
vt 0.0000 0.0080
vt 0.0080 0.0080
vt 0.0370 0.0080
vt 0.0450 0.0080
vt 0.0000 0.6220
vt 0.0080 0.6220
vt 0.0370 0.6220
vt 0.0450 0.6220
vt 0.0000 0.6300
vt 0.0080 0.6300
vt 0.0370 0.6300
vt 0.0450 0.6300
vt 0.0000 0.0000
vt 0.0080 0.0000
vt 0.0370 0.0000
vt 0.0450 0.0000
vt 0.0000 0.0080
vt 0.0080 0.0080
vt 0.0370 0.0080
vt 0.0450 0.0080
vt 0.0000 0.6220
vt 0.0080 0.6220
vt 0.0370 0.6220
vt 0.0450 0.6220
vt 0.0000 0.6300
vt 0.0080 0.6300
vt 0.0370 0.6300
vt 0.0450 0.6300
vt 0.0000 0.0000
vt 0.0080 0.0000
vt 0.0270 0.0000
vt 0.0350 0.0000
vt 0.0000 0.0080
vt 0.0080 0.0080
vt 0.0270 0.0080
vt 0.0350 0.0080
vt 0.0000 0.0370
vt 0.0080 0.0370
vt 0.0270 0.0370
vt 0.0350 0.0370
vt 0.0000 0.0450
vt 0.0080 0.0450
vt 0.0270 0.0450
vt 0.0350 0.0450
vt 0.0000 0.0000
vt 0.0080 0.0000
vt 0.0270 0.0000
vt 0.0350 0.0000
vt 0.0000 0.0080
vt 0.0080 0.0080
vt 0.0270 0.0080
vt 0.0350 0.0080
vt 0.0000 0.0370
vt 0.0080 0.0370
vt 0.0270 0.0370
vt 0.0350 0.0370
vt 0.0000 0.0450
vt 0.0080 0.0450
vt 0.0270 0.0450
vt 0.0350 0.0450
vt 0.0000 0.0000
vt 0.0080 0.0000
vt 0.0270 0.0000
vt 0.0350 0.0000
vt 0.0000 0.0080
vt 0.0080 0.0080
vt 0.0270 0.0080
vt 0.0350 0.0080
vt 0.0000 0.6220
vt 0.0080 0.6220
vt 0.0270 0.6220
vt 0.0350 0.6220
vt 0.0000 0.6300
vt 0.0080 0.6300
vt 0.0270 0.6300
vt 0.0350 0.6300
vt 0.0000 0.0000
vt 0.0080 0.0000
vt 0.0270 0.0000
vt 0.0350 0.0000
vt 0.0000 0.0080
vt 0.0080 0.0080
vt 0.0270 0.0080
vt 0.0350 0.0080
vt 0.0000 0.6220
vt 0.0080 0.6220
vt 0.0270 0.6220
vt 0.0350 0.6220
vt 0.0000 0.6300
vt 0.0080 0.6300
vt 0.0270 0.6300
vt 0.0350 0.6300
vt 0.0000 0.0000
vt 0.0080 0.0000
vt 0.0370 0.0000
vt 0.0450 0.0000
vt 0.0000 0.0080
vt 0.0080 0.0080
vt 0.0370 0.0080
vt 0.0450 0.0080
vt 0.0000 0.6220
vt 0.0080 0.6220
vt 0.0370 0.6220
vt 0.0450 0.6220
vt 0.0000 0.6300
vt 0.0080 0.6300
vt 0.0370 0.6300
vt 0.0450 0.6300
vt 0.0000 0.0000
vt 0.0080 0.0000
vt 0.0370 0.0000
vt 0.0450 0.0000
vt 0.0000 0.0080
vt 0.0080 0.0080
vt 0.0370 0.0080
vt 0.0450 0.0080
vt 0.0000 0.6220
vt 0.0080 0.6220
vt 0.0370 0.6220
vt 0.0450 0.6220
vt 0.0000 0.6300
vt 0.0080 0.6300
vt 0.0370 0.6300
vt 0.0450 0.6300
vt 0.0000 0.0000
vt 0.0080 0.0000
vt 0.0270 0.0000
vt 0.0350 0.0000
vt 0.0000 0.0080
vt 0.0080 0.0080
vt 0.0270 0.0080
vt 0.0350 0.0080
vt 0.0000 0.0370
vt 0.0080 0.0370
vt 0.0270 0.0370
vt 0.0350 0.0370
vt 0.0000 0.0450
vt 0.0080 0.0450
vt 0.0270 0.0450
vt 0.0350 0.0450
vt 0.0000 0.0000
vt 0.0080 0.0000
vt 0.0270 0.0000
vt 0.0350 0.0000
vt 0.0000 0.0080
vt 0.0080 0.0080
vt 0.0270 0.0080
vt 0.0350 0.0080
vt 0.0000 0.0370
vt 0.0080 0.0370
vt 0.0270 0.0370
vt 0.0350 0.0370
vt 0.0000 0.0450
vt 0.0080 0.0450
vt 0.0270 0.0450
vt 0.0350 0.0450
vt 0.0000 0.0000
vt 0.0080 0.0000
vt 0.0270 0.0000
vt 0.0350 0.0000
vt 0.0000 0.0080
vt 0.0080 0.0080
vt 0.0270 0.0080
vt 0.0350 0.0080
vt 0.0000 0.6220
vt 0.0080 0.6220
vt 0.0270 0.6220
vt 0.0350 0.6220
vt 0.0000 0.6300
vt 0.0080 0.6300
vt 0.0270 0.6300
vt 0.0350 0.6300
vt 0.0000 0.0000
vt 0.0080 0.0000
vt 0.0270 0.0000
vt 0.0350 0.0000
vt 0.0000 0.0080
vt 0.0080 0.0080
vt 0.0270 0.0080
vt 0.0350 0.0080
vt 0.0000 0.6220
vt 0.0080 0.6220
vt 0.0270 0.6220
vt 0.0350 0.6220
vt 0.0000 0.6300
vt 0.0080 0.6300
vt 0.0270 0.6300
vt 0.0350 0.6300
vn 0.577 -0.577 0.577
vn 0.707 -0.707 0.000
vn 0.707 -0.707 0.000
vn 0.577 -0.577 -0.577
vn 0.707 0.000 0.707
vn 1.000 0.000 0.000
vn 1.000 0.000 0.000
vn 0.707 0.000 -0.707
vn 0.707 0.000 0.707
vn 1.000 0.000 0.000
vn 1.000 0.000 0.000
vn 0.707 0.000 -0.707
vn 0.577 0.577 0.577
vn 0.707 0.707 0.000
vn 0.707 0.707 0.000
vn 0.577 0.577 -0.577
vn -0.577 -0.577 -0.577
vn -0.707 -0.707 0.000
vn -0.707 -0.707 0.000
vn -0.577 -0.577 0.577
vn -0.707 0.000 -0.707
vn -1.000 0.000 0.000
vn -1.000 0.000 0.000
vn -0.707 0.000 0.707
vn -0.707 0.000 -0.707
vn -1.000 0.000 0.000
vn -1.000 0.000 0.000
vn -0.707 0.000 0.707
vn -0.577 0.577 -0.577
vn -0.707 0.707 0.000
vn -0.707 0.707 0.000
vn -0.577 0.577 0.577
vn -0.577 0.577 0.577
vn 0.000 0.707 0.707
vn 0.000 0.707 0.707
vn 0.577 0.577 0.577
vn -0.707 0.707 0.000
vn 0.000 1.000 0.000
vn 0.000 1.000 0.000
vn 0.707 0.707 0.000
vn -0.707 0.707 0.000
vn 0.000 1.000 0.000
vn 0.000 1.000 0.000
vn 0.707 0.707 0.000
vn -0.577 0.577 -0.577
vn 0.000 0.707 -0.707
vn 0.000 0.707 -0.707
vn 0.577 0.577 -0.577
vn -0.577 -0.577 -0.577
vn 0.000 -0.707 -0.707
vn 0.000 -0.707 -0.707
vn 0.577 -0.577 -0.577
vn -0.707 -0.707 0.000
vn 0.000 -1.000 0.000
vn 0.000 -1.000 0.000
vn 0.707 -0.707 0.000
vn -0.707 -0.707 0.000
vn 0.000 -1.000 0.000
vn 0.000 -1.000 0.000
vn 0.707 -0.707 0.000
vn -0.577 -0.577 0.577
vn 0.000 -0.707 0.707
vn 0.000 -0.707 0.707
vn 0.577 -0.577 0.577
vn -0.577 -0.577 0.577
vn 0.000 -0.707 0.707
vn 0.000 -0.707 0.707
vn 0.577 -0.577 0.577
vn -0.707 0.000 0.707
vn 0.000 0.000 1.000
vn 0.000 0.000 1.000
vn 0.707 0.000 0.707
vn -0.707 0.000 0.707
vn 0.000 0.000 1.000
vn 0.000 0.000 1.000
vn 0.707 0.000 0.707
vn -0.577 0.577 0.577
vn 0.000 0.707 0.707
vn 0.000 0.707 0.707
vn 0.577 0.577 0.577
vn 0.577 -0.577 -0.577
vn 0.000 -0.707 -0.707
vn 0.000 -0.707 -0.707
vn -0.577 -0.577 -0.577
vn 0.707 0.000 -0.707
vn 0.000 0.000 -1.000
vn 0.000 0.000 -1.000
vn -0.707 0.000 -0.707
vn 0.707 0.000 -0.707
vn 0.000 0.000 -1.000
vn 0.000 0.000 -1.000
vn -0.707 0.000 -0.707
vn 0.577 0.577 -0.577
vn 0.000 0.707 -0.707
vn 0.000 0.707 -0.707
vn -0.577 0.577 -0.577
vn 0.577 -0.577 0.577
vn 0.707 -0.707 0.000
vn 0.707 -0.707 0.000
vn 0.577 -0.577 -0.577
vn 0.707 0.000 0.707
vn 1.000 0.000 0.000
vn 1.000 0.000 0.000
vn 0.707 0.000 -0.707
vn 0.707 0.000 0.707
vn 1.000 0.000 0.000
vn 1.000 0.000 0.000
vn 0.707 0.000 -0.707
vn 0.577 0.577 0.577
vn 0.707 0.707 0.000
vn 0.707 0.707 0.000
vn 0.577 0.577 -0.577
vn -0.577 -0.577 -0.577
vn -0.707 -0.707 0.000
vn -0.707 -0.707 0.000
vn -0.577 -0.577 0.577
vn -0.707 0.000 -0.707
vn -1.000 0.000 0.000
vn -1.000 0.000 0.000
vn -0.707 0.000 0.707
vn -0.707 0.000 -0.707
vn -1.000 0.000 0.000
vn -1.000 0.000 0.000
vn -0.707 0.000 0.707
vn -0.577 0.577 -0.577
vn -0.707 0.707 0.000
vn -0.707 0.707 0.000
vn -0.577 0.577 0.577
vn -0.577 0.577 0.577
vn 0.000 0.707 0.707
vn 0.000 0.707 0.707
vn 0.577 0.577 0.577
vn -0.707 0.707 0.000
vn 0.000 1.000 0.000
vn 0.000 1.000 0.000
vn 0.707 0.707 0.000
vn -0.707 0.707 0.000
vn 0.000 1.000 0.000
vn 0.000 1.000 0.000
vn 0.707 0.707 0.000
vn -0.577 0.577 -0.577
vn 0.000 0.707 -0.707
vn 0.000 0.707 -0.707
vn 0.577 0.577 -0.577
vn -0.577 -0.577 -0.577
vn 0.000 -0.707 -0.707
vn 0.000 -0.707 -0.707
vn 0.577 -0.577 -0.577
vn -0.707 -0.707 0.000
vn 0.000 -1.000 0.000
vn 0.000 -1.000 0.000
vn 0.707 -0.707 0.000
vn -0.707 -0.707 0.000
vn 0.000 -1.000 0.000
vn 0.000 -1.000 0.000
vn 0.707 -0.707 0.000
vn -0.577 -0.577 0.577
vn 0.000 -0.707 0.707
vn 0.000 -0.707 0.707
vn 0.577 -0.577 0.577
vn -0.577 -0.577 0.577
vn 0.000 -0.707 0.707
vn 0.000 -0.707 0.707
vn 0.577 -0.577 0.577
vn -0.707 0.000 0.707
vn 0.000 0.000 1.000
vn 0.000 0.000 1.000
vn 0.707 0.000 0.707
vn -0.707 0.000 0.707
vn 0.000 0.000 1.000
vn 0.000 0.000 1.000
vn 0.707 0.000 0.707
vn -0.577 0.577 0.577
vn 0.000 0.707 0.707
vn 0.000 0.707 0.707
vn 0.577 0.577 0.577
vn 0.577 -0.577 -0.577
vn 0.000 -0.707 -0.707
vn 0.000 -0.707 -0.707
vn -0.577 -0.577 -0.577
vn 0.707 0.000 -0.707
vn 0.000 0.000 -1.000
vn 0.000 0.000 -1.000
vn -0.707 0.000 -0.707
vn 0.707 0.000 -0.707
vn 0.000 0.000 -1.000
vn 0.000 0.000 -1.000
vn -0.707 0.000 -0.707
vn 0.577 0.577 -0.577
vn 0.000 0.707 -0.707
vn 0.000 0.707 -0.707
vn -0.577 0.577 -0.577
vn 0.577 -0.577 0.577
vn 0.707 -0.707 0.000
vn 0.707 -0.707 0.000
vn 0.577 -0.577 -0.577
vn 0.707 0.000 0.707
vn 1.000 0.000 0.000
vn 1.000 0.000 0.000
vn 0.707 0.000 -0.707
vn 0.707 0.000 0.707
vn 1.000 0.000 0.000
vn 1.000 0.000 0.000
vn 0.707 0.000 -0.707
vn 0.577 0.577 0.577
vn 0.707 0.707 0.000
vn 0.707 0.707 0.000
vn 0.577 0.577 -0.577
vn -0.577 -0.577 -0.577
vn -0.707 -0.707 0.000
vn -0.707 -0.707 0.000
vn -0.577 -0.577 0.577
vn -0.707 0.000 -0.707
vn -1.000 0.000 0.000
vn -1.000 0.000 0.000
vn -0.707 0.000 0.707
vn -0.707 0.000 -0.707
vn -1.000 0.000 0.000
vn -1.000 0.000 0.000
vn -0.707 0.000 0.707
vn -0.577 0.577 -0.577
vn -0.707 0.707 0.000
vn -0.707 0.707 0.000
vn -0.577 0.577 0.577
vn -0.577 0.577 0.577
vn 0.000 0.707 0.707
vn 0.000 0.707 0.707
vn 0.577 0.577 0.577
vn -0.707 0.707 0.000
vn 0.000 1.000 0.000
vn 0.000 1.000 0.000
vn 0.707 0.707 0.000
vn -0.707 0.707 0.000
vn 0.000 1.000 0.000
vn 0.000 1.000 0.000
vn 0.707 0.707 0.000
vn -0.577 0.577 -0.577
vn 0.000 0.707 -0.707
vn 0.000 0.707 -0.707
vn 0.577 0.577 -0.577
vn -0.577 -0.577 -0.577
vn 0.000 -0.707 -0.707
vn 0.000 -0.707 -0.707
vn 0.577 -0.577 -0.577
vn -0.707 -0.707 0.000
vn 0.000 -1.000 0.000
vn 0.000 -1.000 0.000
vn 0.707 -0.707 0.000
vn -0.707 -0.707 0.000
vn 0.000 -1.000 0.000
vn 0.000 -1.000 0.000
vn 0.707 -0.707 0.000
vn -0.577 -0.577 0.577
vn 0.000 -0.707 0.707
vn 0.000 -0.707 0.707
vn 0.577 -0.577 0.577
vn -0.577 -0.577 0.577
vn 0.000 -0.707 0.707
vn 0.000 -0.707 0.707
vn 0.577 -0.577 0.577
vn -0.707 0.000 0.707
vn 0.000 0.000 1.000
vn 0.000 0.000 1.000
vn 0.707 0.000 0.707
vn -0.707 0.000 0.707
vn 0.000 0.000 1.000
vn 0.000 0.000 1.000
vn 0.707 0.000 0.707
vn -0.577 0.577 0.577
vn 0.000 0.707 0.707
vn 0.000 0.707 0.707
vn 0.577 0.577 0.577
vn 0.577 -0.577 -0.577
vn 0.000 -0.707 -0.707
vn 0.000 -0.707 -0.707
vn -0.577 -0.577 -0.577
vn 0.707 0.000 -0.707
vn 0.000 0.000 -1.000
vn 0.000 0.000 -1.000
vn -0.707 0.000 -0.707
vn 0.707 0.000 -0.707
vn 0.000 0.000 -1.000
vn 0.000 0.000 -1.000
vn -0.707 0.000 -0.707
vn 0.577 0.577 -0.577
vn 0.000 0.707 -0.707
vn 0.000 0.707 -0.707
vn -0.577 0.577 -0.577
vn 0.577 -0.577 0.577
vn 0.707 -0.707 0.000
vn 0.707 -0.707 0.000
vn 0.577 -0.577 -0.577
vn 0.707 0.000 0.707
vn 1.000 0.000 0.000
vn 1.000 0.000 0.000
vn 0.707 0.000 -0.707
vn 0.707 0.000 0.707
vn 1.000 0.000 0.000
vn 1.000 0.000 0.000
vn 0.707 0.000 -0.707
vn 0.577 0.577 0.577
vn 0.707 0.707 0.000
vn 0.707 0.707 0.000
vn 0.577 0.577 -0.577
vn -0.577 -0.577 -0.577
vn -0.707 -0.707 0.000
vn -0.707 -0.707 0.000
vn -0.577 -0.577 0.577
vn -0.707 0.000 -0.707
vn -1.000 0.000 0.000
vn -1.000 0.000 0.000
vn -0.707 0.000 0.707
vn -0.707 0.000 -0.707
vn -1.000 0.000 0.000
vn -1.000 0.000 0.000
vn -0.707 0.000 0.707
vn -0.577 0.577 -0.577
vn -0.707 0.707 0.000
vn -0.707 0.707 0.000
vn -0.577 0.577 0.577
vn -0.577 0.577 0.577
vn 0.000 0.707 0.707
vn 0.000 0.707 0.707
vn 0.577 0.577 0.577
vn -0.707 0.707 0.000
vn 0.000 1.000 0.000
vn 0.000 1.000 0.000
vn 0.707 0.707 0.000
vn -0.707 0.707 0.000
vn 0.000 1.000 0.000
vn 0.000 1.000 0.000
vn 0.707 0.707 0.000
vn -0.577 0.577 -0.577
vn 0.000 0.707 -0.707
vn 0.000 0.707 -0.707
vn 0.577 0.577 -0.577
vn -0.577 -0.577 -0.577
vn 0.000 -0.707 -0.707
vn 0.000 -0.707 -0.707
vn 0.577 -0.577 -0.577
vn -0.707 -0.707 0.000
vn 0.000 -1.000 0.000
vn 0.000 -1.000 0.000
vn 0.707 -0.707 0.000
vn -0.707 -0.707 0.000
vn 0.000 -1.000 0.000
vn 0.000 -1.000 0.000
vn 0.707 -0.707 0.000
vn -0.577 -0.577 0.577
vn 0.000 -0.707 0.707
vn 0.000 -0.707 0.707
vn 0.577 -0.577 0.577
vn -0.577 -0.577 0.577
vn 0.000 -0.707 0.707
vn 0.000 -0.707 0.707
vn 0.577 -0.577 0.577
vn -0.707 0.000 0.707
vn 0.000 0.000 1.000
vn 0.000 0.000 1.000
vn 0.707 0.000 0.707
vn -0.707 0.000 0.707
vn 0.000 0.000 1.000
vn 0.000 0.000 1.000
vn 0.707 0.000 0.707
vn -0.577 0.577 0.577
vn 0.000 0.707 0.707
vn 0.000 0.707 0.707
vn 0.577 0.577 0.577
vn 0.577 -0.577 -0.577
vn 0.000 -0.707 -0.707
vn 0.000 -0.707 -0.707
vn -0.577 -0.577 -0.577
vn 0.707 0.000 -0.707
vn 0.000 0.000 -1.000
vn 0.000 0.000 -1.000
vn -0.707 0.000 -0.707
vn 0.707 0.000 -0.707
vn 0.000 0.000 -1.000
vn 0.000 0.000 -1.000
vn -0.707 0.000 -0.707
vn 0.577 0.577 -0.577
vn 0.000 0.707 -0.707
vn 0.000 0.707 -0.707
vn -0.577 0.577 -0.577
vn 0.577 -0.577 0.577
vn 0.707 -0.707 0.000
vn 0.707 -0.707 0.000
vn 0.577 -0.577 -0.577
vn 0.707 0.000 0.707
vn 1.000 0.000 0.000
vn 1.000 0.000 0.000
vn 0.707 0.000 -0.707
vn 0.707 0.000 0.707
vn 1.000 0.000 0.000
vn 1.000 0.000 0.000
vn 0.707 0.000 -0.707
vn 0.577 0.577 0.577
vn 0.707 0.707 0.000
vn 0.707 0.707 0.000
vn 0.577 0.577 -0.577
vn -0.577 -0.577 -0.577
vn -0.707 -0.707 0.000
vn -0.707 -0.707 0.000
vn -0.577 -0.577 0.577
vn -0.707 0.000 -0.707
vn -1.000 0.000 0.000
vn -1.000 0.000 0.000
vn -0.707 0.000 0.707
vn -0.707 0.000 -0.707
vn -1.000 0.000 0.000
vn -1.000 0.000 0.000
vn -0.707 0.000 0.707
vn -0.577 0.577 -0.577
vn -0.707 0.707 0.000
vn -0.707 0.707 0.000
vn -0.577 0.577 0.577
vn -0.577 0.577 0.577
vn 0.000 0.707 0.707
vn 0.000 0.707 0.707
vn 0.577 0.577 0.577
vn -0.707 0.707 0.000
vn 0.000 1.000 0.000
vn 0.000 1.000 0.000
vn 0.707 0.707 0.000
vn -0.707 0.707 0.000
vn 0.000 1.000 0.000
vn 0.000 1.000 0.000
vn 0.707 0.707 0.000
vn -0.577 0.577 -0.577
vn 0.000 0.707 -0.707
vn 0.000 0.707 -0.707
vn 0.577 0.577 -0.577
vn -0.577 -0.577 -0.577
vn 0.000 -0.707 -0.707
vn 0.000 -0.707 -0.707
vn 0.577 -0.577 -0.577
vn -0.707 -0.707 0.000
vn 0.000 -1.000 0.000
vn 0.000 -1.000 0.000
vn 0.707 -0.707 0.000
vn -0.707 -0.707 0.000
vn 0.000 -1.000 0.000
vn 0.000 -1.000 0.000
vn 0.707 -0.707 0.000
vn -0.577 -0.577 0.577
vn 0.000 -0.707 0.707
vn 0.000 -0.707 0.707
vn 0.577 -0.577 0.577
vn -0.577 -0.577 0.577
vn 0.000 -0.707 0.707
vn 0.000 -0.707 0.707
vn 0.577 -0.577 0.577
vn -0.707 0.000 0.707
vn 0.000 0.000 1.000
vn 0.000 0.000 1.000
vn 0.707 0.000 0.707
vn -0.707 0.000 0.707
vn 0.000 0.000 1.000
vn 0.000 0.000 1.000
vn 0.707 0.000 0.707
vn -0.577 0.577 0.577
vn 0.000 0.707 0.707
vn 0.000 0.707 0.707
vn 0.577 0.577 0.577
vn 0.577 -0.577 -0.577
vn 0.000 -0.707 -0.707
vn 0.000 -0.707 -0.707
vn -0.577 -0.577 -0.577
vn 0.707 0.000 -0.707
vn 0.000 0.000 -1.000
vn 0.000 0.000 -1.000
vn -0.707 0.000 -0.707
vn 0.707 0.000 -0.707
vn 0.000 0.000 -1.000
vn 0.000 0.000 -1.000
vn -0.707 0.000 -0.707
vn 0.577 0.577 -0.577
vn 0.000 0.707 -0.707
vn 0.000 0.707 -0.707
vn -0.577 0.577 -0.577
vn 0.577 -0.577 0.577
vn 0.707 -0.707 0.000
vn 0.707 -0.707 0.000
vn 0.577 -0.577 -0.577
vn 0.707 0.000 0.707
vn 1.000 0.000 0.000
vn 1.000 0.000 0.000
vn 0.707 0.000 -0.707
vn 0.707 0.000 0.707
vn 1.000 0.000 0.000
vn 1.000 0.000 0.000
vn 0.707 0.000 -0.707
vn 0.577 0.577 0.577
vn 0.707 0.707 0.000
vn 0.707 0.707 0.000
vn 0.577 0.577 -0.577
vn -0.577 -0.577 -0.577
vn -0.707 -0.707 0.000
vn -0.707 -0.707 0.000
vn -0.577 -0.577 0.577
vn -0.707 0.000 -0.707
vn -1.000 0.000 0.000
vn -1.000 0.000 0.000
vn -0.707 0.000 0.707
vn -0.707 0.000 -0.707
vn -1.000 0.000 0.000
vn -1.000 0.000 0.000
vn -0.707 0.000 0.707
vn -0.577 0.577 -0.577
vn -0.707 0.707 0.000
vn -0.707 0.707 0.000
vn -0.577 0.577 0.577
vn -0.577 0.577 0.577
vn 0.000 0.707 0.707
vn 0.000 0.707 0.707
vn 0.577 0.577 0.577
vn -0.707 0.707 0.000
vn 0.000 1.000 0.000
vn 0.000 1.000 0.000
vn 0.707 0.707 0.000
vn -0.707 0.707 0.000
vn 0.000 1.000 0.000
vn 0.000 1.000 0.000
vn 0.707 0.707 0.000
vn -0.577 0.577 -0.577
vn 0.000 0.707 -0.707
vn 0.000 0.707 -0.707
vn 0.577 0.577 -0.577
vn -0.577 -0.577 -0.577
vn 0.000 -0.707 -0.707
vn 0.000 -0.707 -0.707
vn 0.577 -0.577 -0.577
vn -0.707 -0.707 0.000
vn 0.000 -1.000 0.000
vn 0.000 -1.000 0.000
vn 0.707 -0.707 0.000
vn -0.707 -0.707 0.000
vn 0.000 -1.000 0.000
vn 0.000 -1.000 0.000
vn 0.707 -0.707 0.000
vn -0.577 -0.577 0.577
vn 0.000 -0.707 0.707
vn 0.000 -0.707 0.707
vn 0.577 -0.577 0.577
vn -0.577 -0.577 0.577
vn 0.000 -0.707 0.707
vn 0.000 -0.707 0.707
vn 0.577 -0.577 0.577
vn -0.707 0.000 0.707
vn 0.000 0.000 1.000
vn 0.000 0.000 1.000
vn 0.707 0.000 0.707
vn -0.707 0.000 0.707
vn 0.000 0.000 1.000
vn 0.000 0.000 1.000
vn 0.707 0.000 0.707
vn -0.577 0.577 0.577
vn 0.000 0.707 0.707
vn 0.000 0.707 0.707
vn 0.577 0.577 0.577
vn 0.577 -0.577 -0.577
vn 0.000 -0.707 -0.707
vn 0.000 -0.707 -0.707
vn -0.577 -0.577 -0.577
vn 0.707 0.000 -0.707
vn 0.000 0.000 -1.000
vn 0.000 0.000 -1.000
vn -0.707 0.000 -0.707
vn 0.707 0.000 -0.707
vn 0.000 0.000 -1.000
vn 0.000 0.000 -1.000
vn -0.707 0.000 -0.707
vn 0.577 0.577 -0.577
vn 0.000 0.707 -0.707
vn 0.000 0.707 -0.707
vn -0.577 0.577 -0.577
vn 0.577 -0.577 0.577
vn 0.707 -0.707 0.000
vn 0.707 -0.707 0.000
vn 0.577 -0.577 -0.577
vn 0.707 0.000 0.707
vn 1.000 0.000 0.000
vn 1.000 0.000 0.000
vn 0.707 0.000 -0.707
vn 0.707 0.000 0.707
vn 1.000 0.000 0.000
vn 1.000 0.000 0.000
vn 0.707 0.000 -0.707
vn 0.577 0.577 0.577
vn 0.707 0.707 0.000
vn 0.707 0.707 0.000
vn 0.577 0.577 -0.577
vn -0.577 -0.577 -0.577
vn -0.707 -0.707 0.000
vn -0.707 -0.707 0.000
vn -0.577 -0.577 0.577
vn -0.707 0.000 -0.707
vn -1.000 0.000 0.000
vn -1.000 0.000 0.000
vn -0.707 0.000 0.707
vn -0.707 0.000 -0.707
vn -1.000 0.000 0.000
vn -1.000 0.000 0.000
vn -0.707 0.000 0.707
vn -0.577 0.577 -0.577
vn -0.707 0.707 0.000
vn -0.707 0.707 0.000
vn -0.577 0.577 0.577
vn -0.577 0.577 0.577
vn 0.000 0.707 0.707
vn 0.000 0.707 0.707
vn 0.577 0.577 0.577
vn -0.707 0.707 0.000
vn 0.000 1.000 0.000
vn 0.000 1.000 0.000
vn 0.707 0.707 0.000
vn -0.707 0.707 0.000
vn 0.000 1.000 0.000
vn 0.000 1.000 0.000
vn 0.707 0.707 0.000
vn -0.577 0.577 -0.577
vn 0.000 0.707 -0.707
vn 0.000 0.707 -0.707
vn 0.577 0.577 -0.577
vn -0.577 -0.577 -0.577
vn 0.000 -0.707 -0.707
vn 0.000 -0.707 -0.707
vn 0.577 -0.577 -0.577
vn -0.707 -0.707 0.000
vn 0.000 -1.000 0.000
vn 0.000 -1.000 0.000
vn 0.707 -0.707 0.000
vn -0.707 -0.707 0.000
vn 0.000 -1.000 0.000
vn 0.000 -1.000 0.000
vn 0.707 -0.707 0.000
vn -0.577 -0.577 0.577
vn 0.000 -0.707 0.707
vn 0.000 -0.707 0.707
vn 0.577 -0.577 0.577
vn -0.577 -0.577 0.577
vn 0.000 -0.707 0.707
vn 0.000 -0.707 0.707
vn 0.577 -0.577 0.577
vn -0.707 0.000 0.707
vn 0.000 0.000 1.000
vn 0.000 0.000 1.000
vn 0.707 0.000 0.707
vn -0.707 0.000 0.707
vn 0.000 0.000 1.000
vn 0.000 0.000 1.000
vn 0.707 0.000 0.707
vn -0.577 0.577 0.577
vn 0.000 0.707 0.707
vn 0.000 0.707 0.707
vn 0.577 0.577 0.577
vn 0.577 -0.577 -0.577
vn 0.000 -0.707 -0.707
vn 0.000 -0.707 -0.707
vn -0.577 -0.577 -0.577
vn 0.707 0.000 -0.707
vn 0.000 0.000 -1.000
vn 0.000 0.000 -1.000
vn -0.707 0.000 -0.707
vn 0.707 0.000 -0.707
vn 0.000 0.000 -1.000
vn 0.000 0.000 -1.000
vn -0.707 0.000 -0.707
vn 0.577 0.577 -0.577
vn 0.000 0.707 -0.707
vn 0.000 0.707 -0.707
vn -0.577 0.577 -0.577
vn 0.577 -0.577 0.577
vn 0.707 -0.707 0.000
vn 0.707 -0.707 0.000
vn 0.577 -0.577 -0.577
vn 0.707 0.000 0.707
vn 1.000 0.000 0.000
vn 1.000 0.000 0.000
vn 0.707 0.000 -0.707
vn 0.707 0.000 0.707
vn 1.000 0.000 0.000
vn 1.000 0.000 0.000
vn 0.707 0.000 -0.707
vn 0.577 0.577 0.577
vn 0.707 0.707 0.000
vn 0.707 0.707 0.000
vn 0.577 0.577 -0.577
vn -0.577 -0.577 -0.577
vn -0.707 -0.707 0.000
vn -0.707 -0.707 0.000
vn -0.577 -0.577 0.577
vn -0.707 0.000 -0.707
vn -1.000 0.000 0.000
vn -1.000 0.000 0.000
vn -0.707 0.000 0.707
vn -0.707 0.000 -0.707
vn -1.000 0.000 0.000
vn -1.000 0.000 0.000
vn -0.707 0.000 0.707
vn -0.577 0.577 -0.577
vn -0.707 0.707 0.000
vn -0.707 0.707 0.000
vn -0.577 0.577 0.577
vn -0.577 0.577 0.577
vn 0.000 0.707 0.707
vn 0.000 0.707 0.707
vn 0.577 0.577 0.577
vn -0.707 0.707 0.000
vn 0.000 1.000 0.000
vn 0.000 1.000 0.000
vn 0.707 0.707 0.000
vn -0.707 0.707 0.000
vn 0.000 1.000 0.000
vn 0.000 1.000 0.000
vn 0.707 0.707 0.000
vn -0.577 0.577 -0.577
vn 0.000 0.707 -0.707
vn 0.000 0.707 -0.707
vn 0.577 0.577 -0.577
vn -0.577 -0.577 -0.577
vn 0.000 -0.707 -0.707
vn 0.000 -0.707 -0.707
vn 0.577 -0.577 -0.577
vn -0.707 -0.707 0.000
vn 0.000 -1.000 0.000
vn 0.000 -1.000 0.000
vn 0.707 -0.707 0.000
vn -0.707 -0.707 0.000
vn 0.000 -1.000 0.000
vn 0.000 -1.000 0.000
vn 0.707 -0.707 0.000
vn -0.577 -0.577 0.577
vn 0.000 -0.707 0.707
vn 0.000 -0.707 0.707
vn 0.577 -0.577 0.577
vn -0.577 -0.577 0.577
vn 0.000 -0.707 0.707
vn 0.000 -0.707 0.707
vn 0.577 -0.577 0.577
vn -0.707 0.000 0.707
vn 0.000 0.000 1.000
vn 0.000 0.000 1.000
vn 0.707 0.000 0.707
vn -0.707 0.000 0.707
vn 0.000 0.000 1.000
vn 0.000 0.000 1.000
vn 0.707 0.000 0.707
vn -0.577 0.577 0.577
vn 0.000 0.707 0.707
vn 0.000 0.707 0.707
vn 0.577 0.577 0.577
vn 0.577 -0.577 -0.577
vn 0.000 -0.707 -0.707
vn 0.000 -0.707 -0.707
vn -0.577 -0.577 -0.577
vn 0.707 0.000 -0.707
vn 0.000 0.000 -1.000
vn 0.000 0.000 -1.000
vn -0.707 0.000 -0.707
vn 0.707 0.000 -0.707
vn 0.000 0.000 -1.000
vn 0.000 0.000 -1.000
vn -0.707 0.000 -0.707
vn 0.577 0.577 -0.577
vn 0.000 0.707 -0.707
vn 0.000 0.707 -0.707
vn -0.577 0.577 -0.577
vn 0.577 -0.577 0.577
vn 0.707 -0.707 0.000
vn 0.707 -0.707 0.000
vn 0.577 -0.577 -0.577
vn 0.707 0.000 0.707
vn 1.000 0.000 0.000
vn 1.000 0.000 0.000
vn 0.707 0.000 -0.707
vn 0.707 0.000 0.707
vn 1.000 0.000 0.000
vn 1.000 0.000 0.000
vn 0.707 0.000 -0.707
vn 0.577 0.577 0.577
vn 0.707 0.707 0.000
vn 0.707 0.707 0.000
vn 0.577 0.577 -0.577
vn -0.577 -0.577 -0.577
vn -0.707 -0.707 0.000
vn -0.707 -0.707 0.000
vn -0.577 -0.577 0.577
vn -0.707 0.000 -0.707
vn -1.000 0.000 0.000
vn -1.000 0.000 0.000
vn -0.707 0.000 0.707
vn -0.707 0.000 -0.707
vn -1.000 0.000 0.000
vn -1.000 0.000 0.000
vn -0.707 0.000 0.707
vn -0.577 0.577 -0.577
vn -0.707 0.707 0.000
vn -0.707 0.707 0.000
vn -0.577 0.577 0.577
vn -0.577 0.577 0.577
vn 0.000 0.707 0.707
vn 0.000 0.707 0.707
vn 0.577 0.577 0.577
vn -0.707 0.707 0.000
vn 0.000 1.000 0.000
vn 0.000 1.000 0.000
vn 0.707 0.707 0.000
vn -0.707 0.707 0.000
vn 0.000 1.000 0.000
vn 0.000 1.000 0.000
vn 0.707 0.707 0.000
vn -0.577 0.577 -0.577
vn 0.000 0.707 -0.707
vn 0.000 0.707 -0.707
vn 0.577 0.577 -0.577
vn -0.577 -0.577 -0.577
vn 0.000 -0.707 -0.707
vn 0.000 -0.707 -0.707
vn 0.577 -0.577 -0.577
vn -0.707 -0.707 0.000
vn 0.000 -1.000 0.000
vn 0.000 -1.000 0.000
vn 0.707 -0.707 0.000
vn -0.707 -0.707 0.000
vn 0.000 -1.000 0.000
vn 0.000 -1.000 0.000
vn 0.707 -0.707 0.000
vn -0.577 -0.577 0.577
vn 0.000 -0.707 0.707
vn 0.000 -0.707 0.707
vn 0.577 -0.577 0.577
vn -0.577 -0.577 0.577
vn 0.000 -0.707 0.707
vn 0.000 -0.707 0.707
vn 0.577 -0.577 0.577
vn -0.707 0.000 0.707
vn 0.000 0.000 1.000
vn 0.000 0.000 1.000
vn 0.707 0.000 0.707
vn -0.707 0.000 0.707
vn 0.000 0.000 1.000
vn 0.000 0.000 1.000
vn 0.707 0.000 0.707
vn -0.577 0.577 0.577
vn 0.000 0.707 0.707
vn 0.000 0.707 0.707
vn 0.577 0.577 0.577
vn 0.577 -0.577 -0.577
vn 0.000 -0.707 -0.707
vn 0.000 -0.707 -0.707
vn -0.577 -0.577 -0.577
vn 0.707 0.000 -0.707
vn 0.000 0.000 -1.000
vn 0.000 0.000 -1.000
vn -0.707 0.000 -0.707
vn 0.707 0.000 -0.707
vn 0.000 0.000 -1.000
vn 0.000 0.000 -1.000
vn -0.707 0.000 -0.707
vn 0.577 0.577 -0.577
vn 0.000 0.707 -0.707
vn 0.000 0.707 -0.707
vn -0.577 0.577 -0.577
vn 0.577 -0.577 0.577
vn 0.707 -0.707 0.000
vn 0.707 -0.707 0.000
vn 0.577 -0.577 -0.577
vn 0.707 0.000 0.707
vn 1.000 0.000 0.000
vn 1.000 0.000 0.000
vn 0.707 0.000 -0.707
vn 0.707 0.000 0.707
vn 1.000 0.000 0.000
vn 1.000 0.000 0.000
vn 0.707 0.000 -0.707
vn 0.577 0.577 0.577
vn 0.707 0.707 0.000
vn 0.707 0.707 0.000
vn 0.577 0.577 -0.577
vn -0.577 -0.577 -0.577
vn -0.707 -0.707 0.000
vn -0.707 -0.707 0.000
vn -0.577 -0.577 0.577
vn -0.707 0.000 -0.707
vn -1.000 0.000 0.000
vn -1.000 0.000 0.000
vn -0.707 0.000 0.707
vn -0.707 0.000 -0.707
vn -1.000 0.000 0.000
vn -1.000 0.000 0.000
vn -0.707 0.000 0.707
vn -0.577 0.577 -0.577
vn -0.707 0.707 0.000
vn -0.707 0.707 0.000
vn -0.577 0.577 0.577
vn -0.577 0.577 0.577
vn 0.000 0.707 0.707
vn 0.000 0.707 0.707
vn 0.577 0.577 0.577
vn -0.707 0.707 0.000
vn 0.000 1.000 0.000
vn 0.000 1.000 0.000
vn 0.707 0.707 0.000
vn -0.707 0.707 0.000
vn 0.000 1.000 0.000
vn 0.000 1.000 0.000
vn 0.707 0.707 0.000
vn -0.577 0.577 -0.577
vn 0.000 0.707 -0.707
vn 0.000 0.707 -0.707
vn 0.577 0.577 -0.577
vn -0.577 -0.577 -0.577
vn 0.000 -0.707 -0.707
vn 0.000 -0.707 -0.707
vn 0.577 -0.577 -0.577
vn -0.707 -0.707 0.000
vn 0.000 -1.000 0.000
vn 0.000 -1.000 0.000
vn 0.707 -0.707 0.000
vn -0.707 -0.707 0.000
vn 0.000 -1.000 0.000
vn 0.000 -1.000 0.000
vn 0.707 -0.707 0.000
vn -0.577 -0.577 0.577
vn 0.000 -0.707 0.707
vn 0.000 -0.707 0.707
vn 0.577 -0.577 0.577
vn -0.577 -0.577 0.577
vn 0.000 -0.707 0.707
vn 0.000 -0.707 0.707
vn 0.577 -0.577 0.577
vn -0.707 0.000 0.707
vn 0.000 0.000 1.000
vn 0.000 0.000 1.000
vn 0.707 0.000 0.707
vn -0.707 0.000 0.707
vn 0.000 0.000 1.000
vn 0.000 0.000 1.000
vn 0.707 0.000 0.707
vn -0.577 0.577 0.577
vn 0.000 0.707 0.707
vn 0.000 0.707 0.707
vn 0.577 0.577 0.577
vn 0.577 -0.577 -0.577
vn 0.000 -0.707 -0.707
vn 0.000 -0.707 -0.707
vn -0.577 -0.577 -0.577
vn 0.707 0.000 -0.707
vn 0.000 0.000 -1.000
vn 0.000 0.000 -1.000
vn -0.707 0.000 -0.707
vn 0.707 0.000 -0.707
vn 0.000 0.000 -1.000
vn 0.000 0.000 -1.000
vn -0.707 0.000 -0.707
vn 0.577 0.577 -0.577
vn 0.000 0.707 -0.707
vn 0.000 0.707 -0.707
vn -0.577 0.577 -0.577
usemtl vinyl
f 1/1/1 2/2/2 13/13/13
f 1/1/1 13/13/13 12/12/12
f 2/2/2 3/3/3 14/14/14
f 2/2/2 14/14/14 13/13/13
f 3/3/3 4/4/4 15/15/15
f 3/3/3 15/15/15 14/14/14
f 4/4/4 5/5/5 16/16/16
f 4/4/4 16/16/16 15/15/15
f 5/5/5 6/6/6 17/17/17
f 5/5/5 17/17/17 16/16/16
f 6/6/6 7/7/7 18/18/18
f 6/6/6 18/18/18 17/17/17
f 7/7/7 8/8/8 19/19/19
f 7/7/7 19/19/19 18/18/18
f 8/8/8 9/9/9 20/20/20
f 8/8/8 20/20/20 19/19/19
f 9/9/9 10/10/10 21/21/21
f 9/9/9 21/21/21 20/20/20
f 10/10/10 11/11/11 22/22/22
f 10/10/10 22/22/22 21/21/21
f 12/12/12 13/13/13 24/24/24
f 12/12/12 24/24/24 23/23/23
f 13/13/13 14/14/14 25/25/25
f 13/13/13 25/25/25 24/24/24
f 14/14/14 15/15/15 26/26/26
f 14/14/14 26/26/26 25/25/25
f 15/15/15 16/16/16 27/27/27
f 15/15/15 27/27/27 26/26/26
f 16/16/16 17/17/17 28/28/28
f 16/16/16 28/28/28 27/27/27
f 17/17/17 18/18/18 29/29/29
f 17/17/17 29/29/29 28/28/28
f 18/18/18 19/19/19 30/30/30
f 18/18/18 30/30/30 29/29/29
f 19/19/19 20/20/20 31/31/31
f 19/19/19 31/31/31 30/30/30
f 20/20/20 21/21/21 32/32/32
f 20/20/20 32/32/32 31/31/31
f 21/21/21 22/22/22 33/33/33
f 21/21/21 33/33/33 32/32/32
f 23/23/23 24/24/24 35/35/35
f 23/23/23 35/35/35 34/34/34
f 24/24/24 25/25/25 36/36/36
f 24/24/24 36/36/36 35/35/35
f 25/25/25 26/26/26 37/37/37
f 25/25/25 37/37/37 36/36/36
f 26/26/26 27/27/27 38/38/38
f 26/26/26 38/38/38 37/37/37
f 27/27/27 28/28/28 39/39/39
f 27/27/27 39/39/39 38/38/38
f 28/28/28 29/29/29 40/40/40
f 28/28/28 40/40/40 39/39/39
f 29/29/29 30/30/30 41/41/41
f 29/29/29 41/41/41 40/40/40
f 30/30/30 31/31/31 42/42/42
f 30/30/30 42/42/42 41/41/41
f 31/31/31 32/32/32 43/43/43
f 31/31/31 43/43/43 42/42/42
f 32/32/32 33/33/33 44/44/44
f 32/32/32 44/44/44 43/43/43
f 34/34/34 35/35/35 46/46/46
f 34/34/34 46/46/46 45/45/45
f 35/35/35 36/36/36 47/47/47
f 35/35/35 47/47/47 46/46/46
f 36/36/36 37/37/37 48/48/48
f 36/36/36 48/48/48 47/47/47
f 37/37/37 38/38/38 49/49/49
f 37/37/37 49/49/49 48/48/48
f 38/38/38 39/39/39 50/50/50
f 38/38/38 50/50/50 49/49/49
f 39/39/39 40/40/40 51/51/51
f 39/39/39 51/51/51 50/50/50
f 40/40/40 41/41/41 52/52/52
f 40/40/40 52/52/52 51/51/51
f 41/41/41 42/42/42 53/53/53
f 41/41/41 53/53/53 52/52/52
f 42/42/42 43/43/43 54/54/54
f 42/42/42 54/54/54 53/53/53
f 43/43/43 44/44/44 55/55/55
f 43/43/43 55/55/55 54/54/54
f 45/45/45 46/46/46 57/57/57
f 45/45/45 57/57/57 56/56/56
f 46/46/46 47/47/47 58/58/58
f 46/46/46 58/58/58 57/57/57
f 47/47/47 48/48/48 59/59/59
f 47/47/47 59/59/59 58/58/58
f 48/48/48 49/49/49 60/60/60
f 48/48/48 60/60/60 59/59/59
f 49/49/49 50/50/50 61/61/61
f 49/49/49 61/61/61 60/60/60
f 50/50/50 51/51/51 62/62/62
f 50/50/50 62/62/62 61/61/61
f 51/51/51 52/52/52 63/63/63
f 51/51/51 63/63/63 62/62/62
f 52/52/52 53/53/53 64/64/64
f 52/52/52 64/64/64 63/63/63
f 53/53/53 54/54/54 65/65/65
f 53/53/53 65/65/65 64/64/64
f 54/54/54 55/55/55 66/66/66
f 54/54/54 66/66/66 65/65/65
f 56/56/56 57/57/57 68/68/68
f 56/56/56 68/68/68 67/67/67
f 57/57/57 58/58/58 69/69/69
f 57/57/57 69/69/69 68/68/68
f 58/58/58 59/59/59 70/70/70
f 58/58/58 70/70/70 69/69/69
f 59/59/59 60/60/60 71/71/71
f 59/59/59 71/71/71 70/70/70
f 60/60/60 61/61/61 72/72/72
f 60/60/60 72/72/72 71/71/71
f 61/61/61 62/62/62 73/73/73
f 61/61/61 73/73/73 72/72/72
f 62/62/62 63/63/63 74/74/74
f 62/62/62 74/74/74 73/73/73
f 63/63/63 64/64/64 75/75/75
f 63/63/63 75/75/75 74/74/74
f 64/64/64 65/65/65 76/76/76
f 64/64/64 76/76/76 75/75/75
f 65/65/65 66/66/66 77/77/77
f 65/65/65 77/77/77 76/76/76
f 67/67/67 68/68/68 79/79/79
f 67/67/67 79/79/79 78/78/78
f 68/68/68 69/69/69 80/80/80
f 68/68/68 80/80/80 79/79/79
f 69/69/69 70/70/70 81/81/81
f 69/69/69 81/81/81 80/80/80
f 70/70/70 71/71/71 82/82/82
f 70/70/70 82/82/82 81/81/81
f 71/71/71 72/72/72 83/83/83
f 71/71/71 83/83/83 82/82/82
f 72/72/72 73/73/73 84/84/84
f 72/72/72 84/84/84 83/83/83
f 73/73/73 74/74/74 85/85/85
f 73/73/73 85/85/85 84/84/84
f 74/74/74 75/75/75 86/86/86
f 74/74/74 86/86/86 85/85/85
f 75/75/75 76/76/76 87/87/87
f 75/75/75 87/87/87 86/86/86
f 76/76/76 77/77/77 88/88/88
f 76/76/76 88/88/88 87/87/87
f 78/78/78 79/79/79 90/90/90
f 78/78/78 90/90/90 89/89/89
f 79/79/79 80/80/80 91/91/91
f 79/79/79 91/91/91 90/90/90
f 80/80/80 81/81/81 92/92/92
f 80/80/80 92/92/92 91/91/91
f 81/81/81 82/82/82 93/93/93
f 81/81/81 93/93/93 92/92/92
f 82/82/82 83/83/83 94/94/94
f 82/82/82 94/94/94 93/93/93
f 83/83/83 84/84/84 95/95/95
f 83/83/83 95/95/95 94/94/94
f 84/84/84 85/85/85 96/96/96
f 84/84/84 96/96/96 95/95/95
f 85/85/85 86/86/86 97/97/97
f 85/85/85 97/97/97 96/96/96
f 86/86/86 87/87/87 98/98/98
f 86/86/86 98/98/98 97/97/97
f 87/87/87 88/88/88 99/99/99
f 87/87/87 99/99/99 98/98/98
f 89/89/89 90/90/90 101/101/101
f 89/89/89 101/101/101 100/100/100
f 90/90/90 91/91/91 102/102/102
f 90/90/90 102/102/102 101/101/101
f 91/91/91 92/92/92 103/103/103
f 91/91/91 103/103/103 102/102/102
f 92/92/92 93/93/93 104/104/104
f 92/92/92 104/104/104 103/103/103
f 93/93/93 94/94/94 105/105/105
f 93/93/93 105/105/105 104/104/104
f 94/94/94 95/95/95 106/106/106
f 94/94/94 106/106/106 105/105/105
f 95/95/95 96/96/96 107/107/107
f 95/95/95 107/107/107 106/106/106
f 96/96/96 97/97/97 108/108/108
f 96/96/96 108/108/108 107/107/107
f 97/97/97 98/98/98 109/109/109
f 97/97/97 109/109/109 108/108/108
f 98/98/98 99/99/99 110/110/110
f 98/98/98 110/110/110 109/109/109
f 100/100/100 101/101/101 112/112/112
f 100/100/100 112/112/112 111/111/111
f 101/101/101 102/102/102 113/113/113
f 101/101/101 113/113/113 112/112/112
f 102/102/102 103/103/103 114/114/114
f 102/102/102 114/114/114 113/113/113
f 103/103/103 104/104/104 115/115/115
f 103/103/103 115/115/115 114/114/114
f 104/104/104 105/105/105 116/116/116
f 104/104/104 116/116/116 115/115/115
f 105/105/105 106/106/106 117/117/117
f 105/105/105 117/117/117 116/116/116
f 106/106/106 107/107/107 118/118/118
f 106/106/106 118/118/118 117/117/117
f 107/107/107 108/108/108 119/119/119
f 107/107/107 119/119/119 118/118/118
f 108/108/108 109/109/109 120/120/120
f 108/108/108 120/120/120 119/119/119
f 109/109/109 110/110/110 121/121/121
f 109/109/109 121/121/121 120/120/120
f 122/122/122 123/123/123 134/134/134
f 122/122/122 134/134/134 133/133/133
f 123/123/123 124/124/124 135/135/135
f 123/123/123 135/135/135 134/134/134
f 124/124/124 125/125/125 136/136/136
f 124/124/124 136/136/136 135/135/135
f 125/125/125 126/126/126 137/137/137
f 125/125/125 137/137/137 136/136/136
f 126/126/126 127/127/127 138/138/138
f 126/126/126 138/138/138 137/137/137
f 127/127/127 128/128/128 139/139/139
f 127/127/127 139/139/139 138/138/138
f 128/128/128 129/129/129 140/140/140
f 128/128/128 140/140/140 139/139/139
f 129/129/129 130/130/130 141/141/141
f 129/129/129 141/141/141 140/140/140
f 130/130/130 131/131/131 142/142/142
f 130/130/130 142/142/142 141/141/141
f 131/131/131 132/132/132 143/143/143
f 131/131/131 143/143/143 142/142/142
f 133/133/133 134/134/134 145/145/145
f 133/133/133 145/145/145 144/144/144
f 134/134/134 135/135/135 146/146/146
f 134/134/134 146/146/146 145/145/145
f 135/135/135 136/136/136 147/147/147
f 135/135/135 147/147/147 146/146/146
f 136/136/136 137/137/137 148/148/148
f 136/136/136 148/148/148 147/147/147
f 137/137/137 138/138/138 149/149/149
f 137/137/137 149/149/149 148/148/148
f 138/138/138 139/139/139 150/150/150
f 138/138/138 150/150/150 149/149/149
f 139/139/139 140/140/140 151/151/151
f 139/139/139 151/151/151 150/150/150
f 140/140/140 141/141/141 152/152/152
f 140/140/140 152/152/152 151/151/151
f 141/141/141 142/142/142 153/153/153
f 141/141/141 153/153/153 152/152/152
f 142/142/142 143/143/143 154/154/154
f 142/142/142 154/154/154 153/153/153
f 144/144/144 145/145/145 156/156/156
f 144/144/144 156/156/156 155/155/155
f 145/145/145 146/146/146 157/157/157
f 145/145/145 157/157/157 156/156/156
f 146/146/146 147/147/147 158/158/158
f 146/146/146 158/158/158 157/157/157
f 147/147/147 148/148/148 159/159/159
f 147/147/147 159/159/159 158/158/158
f 148/148/148 149/149/149 160/160/160
f 148/148/148 160/160/160 159/159/159
f 149/149/149 150/150/150 161/161/161
f 149/149/149 161/161/161 160/160/160
f 150/150/150 151/151/151 162/162/162
f 150/150/150 162/162/162 161/161/161
f 151/151/151 152/152/152 163/163/163
f 151/151/151 163/163/163 162/162/162
f 152/152/152 153/153/153 164/164/164
f 152/152/152 164/164/164 163/163/163
f 153/153/153 154/154/154 165/165/165
f 153/153/153 165/165/165 164/164/164
f 155/155/155 156/156/156 167/167/167
f 155/155/155 167/167/167 166/166/166
f 156/156/156 157/157/157 168/168/168
f 156/156/156 168/168/168 167/167/167
f 157/157/157 158/158/158 169/169/169
f 157/157/157 169/169/169 168/168/168
f 158/158/158 159/159/159 170/170/170
f 158/158/158 170/170/170 169/169/169
f 159/159/159 160/160/160 171/171/171
f 159/159/159 171/171/171 170/170/170
f 160/160/160 161/161/161 172/172/172
f 160/160/160 172/172/172 171/171/171
f 161/161/161 162/162/162 173/173/173
f 161/161/161 173/173/173 172/172/172
f 162/162/162 163/163/163 174/174/174
f 162/162/162 174/174/174 173/173/173
f 163/163/163 164/164/164 175/175/175
f 163/163/163 175/175/175 174/174/174
f 164/164/164 165/165/165 176/176/176
f 164/164/164 176/176/176 175/175/175
f 166/166/166 167/167/167 178/178/178
f 166/166/166 178/178/178 177/177/177
f 167/167/167 168/168/168 179/179/179
f 167/167/167 179/179/179 178/178/178
f 168/168/168 169/169/169 180/180/180
f 168/168/168 180/180/180 179/179/179
f 169/169/169 170/170/170 181/181/181
f 169/169/169 181/181/181 180/180/180
f 170/170/170 171/171/171 182/182/182
f 170/170/170 182/182/182 181/181/181
f 171/171/171 172/172/172 183/183/183
f 171/171/171 183/183/183 182/182/182
f 172/172/172 173/173/173 184/184/184
f 172/172/172 184/184/184 183/183/183
f 173/173/173 174/174/174 185/185/185
f 173/173/173 185/185/185 184/184/184
f 174/174/174 175/175/175 186/186/186
f 174/174/174 186/186/186 185/185/185
f 175/175/175 176/176/176 187/187/187
f 175/175/175 187/187/187 186/186/186
f 177/177/177 178/178/178 189/189/189
f 177/177/177 189/189/189 188/188/188
f 178/178/178 179/179/179 190/190/190
f 178/178/178 190/190/190 189/189/189
f 179/179/179 180/180/180 191/191/191
f 179/179/179 191/191/191 190/190/190
f 180/180/180 181/181/181 192/192/192
f 180/180/180 192/192/192 191/191/191
f 181/181/181 182/182/182 193/193/193
f 181/181/181 193/193/193 192/192/192
f 182/182/182 183/183/183 194/194/194
f 182/182/182 194/194/194 193/193/193
f 183/183/183 184/184/184 195/195/195
f 183/183/183 195/195/195 194/194/194
f 184/184/184 185/185/185 196/196/196
f 184/184/184 196/196/196 195/195/195
f 185/185/185 186/186/186 197/197/197
f 185/185/185 197/197/197 196/196/196
f 186/186/186 187/187/187 198/198/198
f 186/186/186 198/198/198 197/197/197
f 188/188/188 189/189/189 200/200/200
f 188/188/188 200/200/200 199/199/199
f 189/189/189 190/190/190 201/201/201
f 189/189/189 201/201/201 200/200/200
f 190/190/190 191/191/191 202/202/202
f 190/190/190 202/202/202 201/201/201
f 191/191/191 192/192/192 203/203/203
f 191/191/191 203/203/203 202/202/202
f 192/192/192 193/193/193 204/204/204
f 192/192/192 204/204/204 203/203/203
f 193/193/193 194/194/194 205/205/205
f 193/193/193 205/205/205 204/204/204
f 194/194/194 195/195/195 206/206/206
f 194/194/194 206/206/206 205/205/205
f 195/195/195 196/196/196 207/207/207
f 195/195/195 207/207/207 206/206/206
f 196/196/196 197/197/197 208/208/208
f 196/196/196 208/208/208 207/207/207
f 197/197/197 198/198/198 209/209/209
f 197/197/197 209/209/209 208/208/208
f 199/199/199 200/200/200 211/211/211
f 199/199/199 211/211/211 210/210/210
f 200/200/200 201/201/201 212/212/212
f 200/200/200 212/212/212 211/211/211
f 201/201/201 202/202/202 213/213/213
f 201/201/201 213/213/213 212/212/212
f 202/202/202 203/203/203 214/214/214
f 202/202/202 214/214/214 213/213/213
f 203/203/203 204/204/204 215/215/215
f 203/203/203 215/215/215 214/214/214
f 204/204/204 205/205/205 216/216/216
f 204/204/204 216/216/216 215/215/215
f 205/205/205 206/206/206 217/217/217
f 205/205/205 217/217/217 216/216/216
f 206/206/206 207/207/207 218/218/218
f 206/206/206 218/218/218 217/217/217
f 207/207/207 208/208/208 219/219/219
f 207/207/207 219/219/219 218/218/218
f 208/208/208 209/209/209 220/220/220
f 208/208/208 220/220/220 219/219/219
f 210/210/210 211/211/211 222/222/222
f 210/210/210 222/222/222 221/221/221
f 211/211/211 212/212/212 223/223/223
f 211/211/211 223/223/223 222/222/222
f 212/212/212 213/213/213 224/224/224
f 212/212/212 224/224/224 223/223/223
f 213/213/213 214/214/214 225/225/225
f 213/213/213 225/225/225 224/224/224
f 214/214/214 215/215/215 226/226/226
f 214/214/214 226/226/226 225/225/225
f 215/215/215 216/216/216 227/227/227
f 215/215/215 227/227/227 226/226/226
f 216/216/216 217/217/217 228/228/228
f 216/216/216 228/228/228 227/227/227
f 217/217/217 218/218/218 229/229/229
f 217/217/217 229/229/229 228/228/228
f 218/218/218 219/219/219 230/230/230
f 218/218/218 230/230/230 229/229/229
f 219/219/219 220/220/220 231/231/231
f 219/219/219 231/231/231 230/230/230
f 221/221/221 222/222/222 233/233/233
f 221/221/221 233/233/233 232/232/232
f 222/222/222 223/223/223 234/234/234
f 222/222/222 234/234/234 233/233/233
f 223/223/223 224/224/224 235/235/235
f 223/223/223 235/235/235 234/234/234
f 224/224/224 225/225/225 236/236/236
f 224/224/224 236/236/236 235/235/235
f 225/225/225 226/226/226 237/237/237
f 225/225/225 237/237/237 236/236/236
f 226/226/226 227/227/227 238/238/238
f 226/226/226 238/238/238 237/237/237
f 227/227/227 228/228/228 239/239/239
f 227/227/227 239/239/239 238/238/238
f 228/228/228 229/229/229 240/240/240
f 228/228/228 240/240/240 239/239/239
f 229/229/229 230/230/230 241/241/241
f 229/229/229 241/241/241 240/240/240
f 230/230/230 231/231/231 242/242/242
f 230/230/230 242/242/242 241/241/241
f 243/243/243 244/244/244 255/255/255
f 243/243/243 255/255/255 254/254/254
f 244/244/244 245/245/245 256/256/256
f 244/244/244 256/256/256 255/255/255
f 245/245/245 246/246/246 257/257/257
f 245/245/245 257/257/257 256/256/256
f 246/246/246 247/247/247 258/258/258
f 246/246/246 258/258/258 257/257/257
f 247/247/247 248/248/248 259/259/259
f 247/247/247 259/259/259 258/258/258
f 248/248/248 249/249/249 260/260/260
f 248/248/248 260/260/260 259/259/259
f 249/249/249 250/250/250 261/261/261
f 249/249/249 261/261/261 260/260/260
f 250/250/250 251/251/251 262/262/262
f 250/250/250 262/262/262 261/261/261
f 251/251/251 252/252/252 263/263/263
f 251/251/251 263/263/263 262/262/262
f 252/252/252 253/253/253 264/264/264
f 252/252/252 264/264/264 263/263/263
f 254/254/254 255/255/255 266/266/266
f 254/254/254 266/266/266 265/265/265
f 255/255/255 256/256/256 267/267/267
f 255/255/255 267/267/267 266/266/266
f 256/256/256 257/257/257 268/268/268
f 256/256/256 268/268/268 267/267/267
f 257/257/257 258/258/258 269/269/269
f 257/257/257 269/269/269 268/268/268
f 258/258/258 259/259/259 270/270/270
f 258/258/258 270/270/270 269/269/269
f 259/259/259 260/260/260 271/271/271
f 259/259/259 271/271/271 270/270/270
f 260/260/260 261/261/261 272/272/272
f 260/260/260 272/272/272 271/271/271
f 261/261/261 262/262/262 273/273/273
f 261/261/261 273/273/273 272/272/272
f 262/262/262 263/263/263 274/274/274
f 262/262/262 274/274/274 273/273/273
f 263/263/263 264/264/264 275/275/275
f 263/263/263 275/275/275 274/274/274
f 265/265/265 266/266/266 277/277/277
f 265/265/265 277/277/277 276/276/276
f 266/266/266 267/267/267 278/278/278
f 266/266/266 278/278/278 277/277/277
f 267/267/267 268/268/268 279/279/279
f 267/267/267 279/279/279 278/278/278
f 268/268/268 269/269/269 280/280/280
f 268/268/268 280/280/280 279/279/279
f 269/269/269 270/270/270 281/281/281
f 269/269/269 281/281/281 280/280/280
f 270/270/270 271/271/271 282/282/282
f 270/270/270 282/282/282 281/281/281
f 271/271/271 272/272/272 283/283/283
f 271/271/271 283/283/283 282/282/282
f 272/272/272 273/273/273 284/284/284
f 272/272/272 284/284/284 283/283/283
f 273/273/273 274/274/274 285/285/285
f 273/273/273 285/285/285 284/284/284
f 274/274/274 275/275/275 286/286/286
f 274/274/274 286/286/286 285/285/285
f 276/276/276 277/277/277 288/288/288
f 276/276/276 288/288/288 287/287/287
f 277/277/277 278/278/278 289/289/289
f 277/277/277 289/289/289 288/288/288
f 278/278/278 279/279/279 290/290/290
f 278/278/278 290/290/290 289/289/289
f 279/279/279 280/280/280 291/291/291
f 279/279/279 291/291/291 290/290/290
f 280/280/280 281/281/281 292/292/292
f 280/280/280 292/292/292 291/291/291
f 281/281/281 282/282/282 293/293/293
f 281/281/281 293/293/293 292/292/292
f 282/282/282 283/283/283 294/294/294
f 282/282/282 294/294/294 293/293/293
f 283/283/283 284/284/284 295/295/295
f 283/283/283 295/295/295 294/294/294
f 284/284/284 285/285/285 296/296/296
f 284/284/284 296/296/296 295/295/295
f 285/285/285 286/286/286 297/297/297
f 285/285/285 297/297/297 296/296/296
f 287/287/287 288/288/288 299/299/299
f 287/287/287 299/299/299 298/298/298
f 288/288/288 289/289/289 300/300/300
f 288/288/288 300/300/300 299/299/299
f 289/289/289 290/290/290 301/301/301
f 289/289/289 301/301/301 300/300/300
f 290/290/290 291/291/291 302/302/302
f 290/290/290 302/302/302 301/301/301
f 291/291/291 292/292/292 303/303/303
f 291/291/291 303/303/303 302/302/302
f 292/292/292 293/293/293 304/304/304
f 292/292/292 304/304/304 303/303/303
f 293/293/293 294/294/294 305/305/305
f 293/293/293 305/305/305 304/304/304
f 294/294/294 295/295/295 306/306/306
f 294/294/294 306/306/306 305/305/305
f 295/295/295 296/296/296 307/307/307
f 295/295/295 307/307/307 306/306/306
f 296/296/296 297/297/297 308/308/308
f 296/296/296 308/308/308 307/307/307
f 298/298/298 299/299/299 310/310/310
f 298/298/298 310/310/310 309/309/309
f 299/299/299 300/300/300 311/311/311
f 299/299/299 311/311/311 310/310/310
f 300/300/300 301/301/301 312/312/312
f 300/300/300 312/312/312 311/311/311
f 301/301/301 302/302/302 313/313/313
f 301/301/301 313/313/313 312/312/312
f 302/302/302 303/303/303 314/314/314
f 302/302/302 314/314/314 313/313/313
f 303/303/303 304/304/304 315/315/315
f 303/303/303 315/315/315 314/314/314
f 304/304/304 305/305/305 316/316/316
f 304/304/304 316/316/316 315/315/315
f 305/305/305 306/306/306 317/317/317
f 305/305/305 317/317/317 316/316/316
f 306/306/306 307/307/307 318/318/318
f 306/306/306 318/318/318 317/317/317
f 307/307/307 308/308/308 319/319/319
f 307/307/307 319/319/319 318/318/318
f 309/309/309 310/310/310 321/321/321
f 309/309/309 321/321/321 320/320/320
f 310/310/310 311/311/311 322/322/322
f 310/310/310 322/322/322 321/321/321
f 311/311/311 312/312/312 323/323/323
f 311/311/311 323/323/323 322/322/322
f 312/312/312 313/313/313 324/324/324
f 312/312/312 324/324/324 323/323/323
f 313/313/313 314/314/314 325/325/325
f 313/313/313 325/325/325 324/324/324
f 314/314/314 315/315/315 326/326/326
f 314/314/314 326/326/326 325/325/325
f 315/315/315 316/316/316 327/327/327
f 315/315/315 327/327/327 326/326/326
f 316/316/316 317/317/317 328/328/328
f 316/316/316 328/328/328 327/327/327
f 317/317/317 318/318/318 329/329/329
f 317/317/317 329/329/329 328/328/328
f 318/318/318 319/319/319 330/330/330
f 318/318/318 330/330/330 329/329/329
f 320/320/320 321/321/321 332/332/332
f 320/320/320 332/332/332 331/331/331
f 321/321/321 322/322/322 333/333/333
f 321/321/321 333/333/333 332/332/332
f 322/322/322 323/323/323 334/334/334
f 322/322/322 334/334/334 333/333/333
f 323/323/323 324/324/324 335/335/335
f 323/323/323 335/335/335 334/334/334
f 324/324/324 325/325/325 336/336/336
f 324/324/324 336/336/336 335/335/335
f 325/325/325 326/326/326 337/337/337
f 325/325/325 337/337/337 336/336/336
f 326/326/326 327/327/327 338/338/338
f 326/326/326 338/338/338 337/337/337
f 327/327/327 328/328/328 339/339/339
f 327/327/327 339/339/339 338/338/338
f 328/328/328 329/329/329 340/340/340
f 328/328/328 340/340/340 339/339/339
f 329/329/329 330/330/330 341/341/341
f 329/329/329 341/341/341 340/340/340
f 331/331/331 332/332/332 343/343/343
f 331/331/331 343/343/343 342/342/342
f 332/332/332 333/333/333 344/344/344
f 332/332/332 344/344/344 343/343/343
f 333/333/333 334/334/334 345/345/345
f 333/333/333 345/345/345 344/344/344
f 334/334/334 335/335/335 346/346/346
f 334/334/334 346/346/346 345/345/345
f 335/335/335 336/336/336 347/347/347
f 335/335/335 347/347/347 346/346/346
f 336/336/336 337/337/337 348/348/348
f 336/336/336 348/348/348 347/347/347
f 337/337/337 338/338/338 349/349/349
f 337/337/337 349/349/349 348/348/348
f 338/338/338 339/339/339 350/350/350
f 338/338/338 350/350/350 349/349/349
f 339/339/339 340/340/340 351/351/351
f 339/339/339 351/351/351 350/350/350
f 340/340/340 341/341/341 352/352/352
f 340/340/340 352/352/352 351/351/351
f 342/342/342 343/343/343 354/354/354
f 342/342/342 354/354/354 353/353/353
f 343/343/343 344/344/344 355/355/355
f 343/343/343 355/355/355 354/354/354
f 344/344/344 345/345/345 356/356/356
f 344/344/344 356/356/356 355/355/355
f 345/345/345 346/346/346 357/357/357
f 345/345/345 357/357/357 356/356/356
f 346/346/346 347/347/347 358/358/358
f 346/346/346 358/358/358 357/357/357
f 347/347/347 348/348/348 359/359/359
f 347/347/347 359/359/359 358/358/358
f 348/348/348 349/349/349 360/360/360
f 348/348/348 360/360/360 359/359/359
f 349/349/349 350/350/350 361/361/361
f 349/349/349 361/361/361 360/360/360
f 350/350/350 351/351/351 362/362/362
f 350/350/350 362/362/362 361/361/361
f 351/351/351 352/352/352 363/363/363
f 351/351/351 363/363/363 362/362/362
f 364/364/364 365/365/365 376/376/376
f 364/364/364 376/376/376 375/375/375
f 365/365/365 366/366/366 377/377/377
f 365/365/365 377/377/377 376/376/376
f 366/366/366 367/367/367 378/378/378
f 366/366/366 378/378/378 377/377/377
f 367/367/367 368/368/368 379/379/379
f 367/367/367 379/379/379 378/378/378
f 368/368/368 369/369/369 380/380/380
f 368/368/368 380/380/380 379/379/379
f 369/369/369 370/370/370 381/381/381
f 369/369/369 381/381/381 380/380/380
f 370/370/370 371/371/371 382/382/382
f 370/370/370 382/382/382 381/381/381
f 371/371/371 372/372/372 383/383/383
f 371/371/371 383/383/383 382/382/382
f 372/372/372 373/373/373 384/384/384
f 372/372/372 384/384/384 383/383/383
f 373/373/373 374/374/374 385/385/385
f 373/373/373 385/385/385 384/384/384
f 375/375/375 376/376/376 387/387/387
f 375/375/375 387/387/387 386/386/386
f 376/376/376 377/377/377 388/388/388
f 376/376/376 388/388/388 387/387/387
f 377/377/377 378/378/378 389/389/389
f 377/377/377 389/389/389 388/388/388
f 378/378/378 379/379/379 390/390/390
f 378/378/378 390/390/390 389/389/389
f 379/379/379 380/380/380 391/391/391
f 379/379/379 391/391/391 390/390/390
f 380/380/380 381/381/381 392/392/392
f 380/380/380 392/392/392 391/391/391
f 381/381/381 382/382/382 393/393/393
f 381/381/381 393/393/393 392/392/392
f 382/382/382 383/383/383 394/394/394
f 382/382/382 394/394/394 393/393/393
f 383/383/383 384/384/384 395/395/395
f 383/383/383 395/395/395 394/394/394
f 384/384/384 385/385/385 396/396/396
f 384/384/384 396/396/396 395/395/395
f 386/386/386 387/387/387 398/398/398
f 386/386/386 398/398/398 397/397/397
f 387/387/387 388/388/388 399/399/399
f 387/387/387 399/399/399 398/398/398
f 388/388/388 389/389/389 400/400/400
f 388/388/388 400/400/400 399/399/399
f 389/389/389 390/390/390 401/401/401
f 389/389/389 401/401/401 400/400/400
f 390/390/390 391/391/391 402/402/402
f 390/390/390 402/402/402 401/401/401
f 391/391/391 392/392/392 403/403/403
f 391/391/391 403/403/403 402/402/402
f 392/392/392 393/393/393 404/404/404
f 392/392/392 404/404/404 403/403/403
f 393/393/393 394/394/394 405/405/405
f 393/393/393 405/405/405 404/404/404
f 394/394/394 395/395/395 406/406/406
f 394/394/394 406/406/406 405/405/405
f 395/395/395 396/396/396 407/407/407
f 395/395/395 407/407/407 406/406/406
f 397/397/397 398/398/398 409/409/409
f 397/397/397 409/409/409 408/408/408
f 398/398/398 399/399/399 410/410/410
f 398/398/398 410/410/410 409/409/409
f 399/399/399 400/400/400 411/411/411
f 399/399/399 411/411/411 410/410/410
f 400/400/400 401/401/401 412/412/412
f 400/400/400 412/412/412 411/411/411
f 401/401/401 402/402/402 413/413/413
f 401/401/401 413/413/413 412/412/412
f 402/402/402 403/403/403 414/414/414
f 402/402/402 414/414/414 413/413/413
f 403/403/403 404/404/404 415/415/415
f 403/403/403 415/415/415 414/414/414
f 404/404/404 405/405/405 416/416/416
f 404/404/404 416/416/416 415/415/415
f 405/405/405 406/406/406 417/417/417
f 405/405/405 417/417/417 416/416/416
f 406/406/406 407/407/407 418/418/418
f 406/406/406 418/418/418 417/417/417
f 408/408/408 409/409/409 420/420/420
f 408/408/408 420/420/420 419/419/419
f 409/409/409 410/410/410 421/421/421
f 409/409/409 421/421/421 420/420/420
f 410/410/410 411/411/411 422/422/422
f 410/410/410 422/422/422 421/421/421
f 411/411/411 412/412/412 423/423/423
f 411/411/411 423/423/423 422/422/422
f 412/412/412 413/413/413 424/424/424
f 412/412/412 424/424/424 423/423/423
f 413/413/413 414/414/414 425/425/425
f 413/413/413 425/425/425 424/424/424
f 414/414/414 415/415/415 426/426/426
f 414/414/414 426/426/426 425/425/425
f 415/415/415 416/416/416 427/427/427
f 415/415/415 427/427/427 426/426/426
f 416/416/416 417/417/417 428/428/428
f 416/416/416 428/428/428 427/427/427
f 417/417/417 418/418/418 429/429/429
f 417/417/417 429/429/429 428/428/428
f 419/419/419 420/420/420 431/431/431
f 419/419/419 431/431/431 430/430/430
f 420/420/420 421/421/421 432/432/432
f 420/420/420 432/432/432 431/431/431
f 421/421/421 422/422/422 433/433/433
f 421/421/421 433/433/433 432/432/432
f 422/422/422 423/423/423 434/434/434
f 422/422/422 434/434/434 433/433/433
f 423/423/423 424/424/424 435/435/435
f 423/423/423 435/435/435 434/434/434
f 424/424/424 425/425/425 436/436/436
f 424/424/424 436/436/436 435/435/435
f 425/425/425 426/426/426 437/437/437
f 425/425/425 437/437/437 436/436/436
f 426/426/426 427/427/427 438/438/438
f 426/426/426 438/438/438 437/437/437
f 427/427/427 428/428/428 439/439/439
f 427/427/427 439/439/439 438/438/438
f 428/428/428 429/429/429 440/440/440
f 428/428/428 440/440/440 439/439/439
f 430/430/430 431/431/431 442/442/442
f 430/430/430 442/442/442 441/441/441
f 431/431/431 432/432/432 443/443/443
f 431/431/431 443/443/443 442/442/442
f 432/432/432 433/433/433 444/444/444
f 432/432/432 444/444/444 443/443/443
f 433/433/433 434/434/434 445/445/445
f 433/433/433 445/445/445 444/444/444
f 434/434/434 435/435/435 446/446/446
f 434/434/434 446/446/446 445/445/445
f 435/435/435 436/436/436 447/447/447
f 435/435/435 447/447/447 446/446/446
f 436/436/436 437/437/437 448/448/448
f 436/436/436 448/448/448 447/447/447
f 437/437/437 438/438/438 449/449/449
f 437/437/437 449/449/449 448/448/448
f 438/438/438 439/439/439 450/450/450
f 438/438/438 450/450/450 449/449/449
f 439/439/439 440/440/440 451/451/451
f 439/439/439 451/451/451 450/450/450
f 441/441/441 442/442/442 453/453/453
f 441/441/441 453/453/453 452/452/452
f 442/442/442 443/443/443 454/454/454
f 442/442/442 454/454/454 453/453/453
f 443/443/443 444/444/444 455/455/455
f 443/443/443 455/455/455 454/454/454
f 444/444/444 445/445/445 456/456/456
f 444/444/444 456/456/456 455/455/455
f 445/445/445 446/446/446 457/457/457
f 445/445/445 457/457/457 456/456/456
f 446/446/446 447/447/447 458/458/458
f 446/446/446 458/458/458 457/457/457
f 447/447/447 448/448/448 459/459/459
f 447/447/447 459/459/459 458/458/458
f 448/448/448 449/449/449 460/460/460
f 448/448/448 460/460/460 459/459/459
f 449/449/449 450/450/450 461/461/461
f 449/449/449 461/461/461 460/460/460
f 450/450/450 451/451/451 462/462/462
f 450/450/450 462/462/462 461/461/461
f 452/452/452 453/453/453 464/464/464
f 452/452/452 464/464/464 463/463/463
f 453/453/453 454/454/454 465/465/465
f 453/453/453 465/465/465 464/464/464
f 454/454/454 455/455/455 466/466/466
f 454/454/454 466/466/466 465/465/465
f 455/455/455 456/456/456 467/467/467
f 455/455/455 467/467/467 466/466/466
f 456/456/456 457/457/457 468/468/468
f 456/456/456 468/468/468 467/467/467
f 457/457/457 458/458/458 469/469/469
f 457/457/457 469/469/469 468/468/468
f 458/458/458 459/459/459 470/470/470
f 458/458/458 470/470/470 469/469/469
f 459/459/459 460/460/460 471/471/471
f 459/459/459 471/471/471 470/470/470
f 460/460/460 461/461/461 472/472/472
f 460/460/460 472/472/472 471/471/471
f 461/461/461 462/462/462 473/473/473
f 461/461/461 473/473/473 472/472/472
f 463/463/463 464/464/464 475/475/475
f 463/463/463 475/475/475 474/474/474
f 464/464/464 465/465/465 476/476/476
f 464/464/464 476/476/476 475/475/475
f 465/465/465 466/466/466 477/477/477
f 465/465/465 477/477/477 476/476/476
f 466/466/466 467/467/467 478/478/478
f 466/466/466 478/478/478 477/477/477
f 467/467/467 468/468/468 479/479/479
f 467/467/467 479/479/479 478/478/478
f 468/468/468 469/469/469 480/480/480
f 468/468/468 480/480/480 479/479/479
f 469/469/469 470/470/470 481/481/481
f 469/469/469 481/481/481 480/480/480
f 470/470/470 471/471/471 482/482/482
f 470/470/470 482/482/482 481/481/481
f 471/471/471 472/472/472 483/483/483
f 471/471/471 483/483/483 482/482/482
f 472/472/472 473/473/473 484/484/484
f 472/472/472 484/484/484 483/483/483
f 485/485/485 486/486/486 497/497/497
f 485/485/485 497/497/497 496/496/496
f 486/486/486 487/487/487 498/498/498
f 486/486/486 498/498/498 497/497/497
f 487/487/487 488/488/488 499/499/499
f 487/487/487 499/499/499 498/498/498
f 488/488/488 489/489/489 500/500/500
f 488/488/488 500/500/500 499/499/499
f 489/489/489 490/490/490 501/501/501
f 489/489/489 501/501/501 500/500/500
f 490/490/490 491/491/491 502/502/502
f 490/490/490 502/502/502 501/501/501
f 491/491/491 492/492/492 503/503/503
f 491/491/491 503/503/503 502/502/502
f 492/492/492 493/493/493 504/504/504
f 492/492/492 504/504/504 503/503/503
f 493/493/493 494/494/494 505/505/505
f 493/493/493 505/505/505 504/504/504
f 494/494/494 495/495/495 506/506/506
f 494/494/494 506/506/506 505/505/505
f 496/496/496 497/497/497 508/508/508
f 496/496/496 508/508/508 507/507/507
f 497/497/497 498/498/498 509/509/509
f 497/497/497 509/509/509 508/508/508
f 498/498/498 499/499/499 510/510/510
f 498/498/498 510/510/510 509/509/509
f 499/499/499 500/500/500 511/511/511
f 499/499/499 511/511/511 510/510/510
f 500/500/500 501/501/501 512/512/512
f 500/500/500 512/512/512 511/511/511
f 501/501/501 502/502/502 513/513/513
f 501/501/501 513/513/513 512/512/512
f 502/502/502 503/503/503 514/514/514
f 502/502/502 514/514/514 513/513/513
f 503/503/503 504/504/504 515/515/515
f 503/503/503 515/515/515 514/514/514
f 504/504/504 505/505/505 516/516/516
f 504/504/504 516/516/516 515/515/515
f 505/505/505 506/506/506 517/517/517
f 505/505/505 517/517/517 516/516/516
f 507/507/507 508/508/508 519/519/519
f 507/507/507 519/519/519 518/518/518
f 508/508/508 509/509/509 520/520/520
f 508/508/508 520/520/520 519/519/519
f 509/509/509 510/510/510 521/521/521
f 509/509/509 521/521/521 520/520/520
f 510/510/510 511/511/511 522/522/522
f 510/510/510 522/522/522 521/521/521
f 511/511/511 512/512/512 523/523/523
f 511/511/511 523/523/523 522/522/522
f 512/512/512 513/513/513 524/524/524
f 512/512/512 524/524/524 523/523/523
f 513/513/513 514/514/514 525/525/525
f 513/513/513 525/525/525 524/524/524
f 514/514/514 515/515/515 526/526/526
f 514/514/514 526/526/526 525/525/525
f 515/515/515 516/516/516 527/527/527
f 515/515/515 527/527/527 526/526/526
f 516/516/516 517/517/517 528/528/528
f 516/516/516 528/528/528 527/527/527
f 518/518/518 519/519/519 530/530/530
f 518/518/518 530/530/530 529/529/529
f 519/519/519 520/520/520 531/531/531
f 519/519/519 531/531/531 530/530/530
f 520/520/520 521/521/521 532/532/532
f 520/520/520 532/532/532 531/531/531
f 521/521/521 522/522/522 533/533/533
f 521/521/521 533/533/533 532/532/532
f 522/522/522 523/523/523 534/534/534
f 522/522/522 534/534/534 533/533/533
f 523/523/523 524/524/524 535/535/535
f 523/523/523 535/535/535 534/534/534
f 524/524/524 525/525/525 536/536/536
f 524/524/524 536/536/536 535/535/535
f 525/525/525 526/526/526 537/537/537
f 525/525/525 537/537/537 536/536/536
f 526/526/526 527/527/527 538/538/538
f 526/526/526 538/538/538 537/537/537
f 527/527/527 528/528/528 539/539/539
f 527/527/527 539/539/539 538/538/538
f 529/529/529 530/530/530 541/541/541
f 529/529/529 541/541/541 540/540/540
f 530/530/530 531/531/531 542/542/542
f 530/530/530 542/542/542 541/541/541
f 531/531/531 532/532/532 543/543/543
f 531/531/531 543/543/543 542/542/542
f 532/532/532 533/533/533 544/544/544
f 532/532/532 544/544/544 543/543/543
f 533/533/533 534/534/534 545/545/545
f 533/533/533 545/545/545 544/544/544
f 534/534/534 535/535/535 546/546/546
f 534/534/534 546/546/546 545/545/545
f 535/535/535 536/536/536 547/547/547
f 535/535/535 547/547/547 546/546/546
f 536/536/536 537/537/537 548/548/548
f 536/536/536 548/548/548 547/547/547
f 537/537/537 538/538/538 549/549/549
f 537/537/537 549/549/549 548/548/548
f 538/538/538 539/539/539 550/550/550
f 538/538/538 550/550/550 549/549/549
f 540/540/540 541/541/541 552/552/552
f 540/540/540 552/552/552 551/551/551
f 541/541/541 542/542/542 553/553/553
f 541/541/541 553/553/553 552/552/552
f 542/542/542 543/543/543 554/554/554
f 542/542/542 554/554/554 553/553/553
f 543/543/543 544/544/544 555/555/555
f 543/543/543 555/555/555 554/554/554
f 544/544/544 545/545/545 556/556/556
f 544/544/544 556/556/556 555/555/555
f 545/545/545 546/546/546 557/557/557
f 545/545/545 557/557/557 556/556/556
f 546/546/546 547/547/547 558/558/558
f 546/546/546 558/558/558 557/557/557
f 547/547/547 548/548/548 559/559/559
f 547/547/547 559/559/559 558/558/558
f 548/548/548 549/549/549 560/560/560
f 548/548/548 560/560/560 559/559/559
f 549/549/549 550/550/550 561/561/561
f 549/549/549 561/561/561 560/560/560
f 551/551/551 552/552/552 563/563/563
f 551/551/551 563/563/563 562/562/562
f 552/552/552 553/553/553 564/564/564
f 552/552/552 564/564/564 563/563/563
f 553/553/553 554/554/554 565/565/565
f 553/553/553 565/565/565 564/564/564
f 554/554/554 555/555/555 566/566/566
f 554/554/554 566/566/566 565/565/565
f 555/555/555 556/556/556 567/567/567
f 555/555/555 567/567/567 566/566/566
f 556/556/556 557/557/557 568/568/568
f 556/556/556 568/568/568 567/567/567
f 557/557/557 558/558/558 569/569/569
f 557/557/557 569/569/569 568/568/568
f 558/558/558 559/559/559 570/570/570
f 558/558/558 570/570/570 569/569/569
f 559/559/559 560/560/560 571/571/571
f 559/559/559 571/571/571 570/570/570
f 560/560/560 561/561/561 572/572/572
f 560/560/560 572/572/572 571/571/571
f 562/562/562 563/563/563 574/574/574
f 562/562/562 574/574/574 573/573/573
f 563/563/563 564/564/564 575/575/575
f 563/563/563 575/575/575 574/574/574
f 564/564/564 565/565/565 576/576/576
f 564/564/564 576/576/576 575/575/575
f 565/565/565 566/566/566 577/577/577
f 565/565/565 577/577/577 576/576/576
f 566/566/566 567/567/567 578/578/578
f 566/566/566 578/578/578 577/577/577
f 567/567/567 568/568/568 579/579/579
f 567/567/567 579/579/579 578/578/578
f 568/568/568 569/569/569 580/580/580
f 568/568/568 580/580/580 579/579/579
f 569/569/569 570/570/570 581/581/581
f 569/569/569 581/581/581 580/580/580
f 570/570/570 571/571/571 582/582/582
f 570/570/570 582/582/582 581/581/581
f 571/571/571 572/572/572 583/583/583
f 571/571/571 583/583/583 582/582/582
f 573/573/573 574/574/574 585/585/585
f 573/573/573 585/585/585 584/584/584
f 574/574/574 575/575/575 586/586/586
f 574/574/574 586/586/586 585/585/585
f 575/575/575 576/576/576 587/587/587
f 575/575/575 587/587/587 586/586/586
f 576/576/576 577/577/577 588/588/588
f 576/576/576 588/588/588 587/587/587
f 577/577/577 578/578/578 589/589/589
f 577/577/577 589/589/589 588/588/588
f 578/578/578 579/579/579 590/590/590
f 578/578/578 590/590/590 589/589/589
f 579/579/579 580/580/580 591/591/591
f 579/579/579 591/591/591 590/590/590
f 580/580/580 581/581/581 592/592/592
f 580/580/580 592/592/592 591/591/591
f 581/581/581 582/582/582 593/593/593
f 581/581/581 593/593/593 592/592/592
f 582/582/582 583/583/583 594/594/594
f 582/582/582 594/594/594 593/593/593
f 584/584/584 585/585/585 596/596/596
f 584/584/584 596/596/596 595/595/595
f 585/585/585 586/586/586 597/597/597
f 585/585/585 597/597/597 596/596/596
f 586/586/586 587/587/587 598/598/598
f 586/586/586 598/598/598 597/597/597
f 587/587/587 588/588/588 599/599/599
f 587/587/587 599/599/599 598/598/598
f 588/588/588 589/589/589 600/600/600
f 588/588/588 600/600/600 599/599/599
f 589/589/589 590/590/590 601/601/601
f 589/589/589 601/601/601 600/600/600
f 590/590/590 591/591/591 602/602/602
f 590/590/590 602/602/602 601/601/601
f 591/591/591 592/592/592 603/603/603
f 591/591/591 603/603/603 602/602/602
f 592/592/592 593/593/593 604/604/604
f 592/592/592 604/604/604 603/603/603
f 593/593/593 594/594/594 605/605/605
f 593/593/593 605/605/605 604/604/604
f 606/606/606 607/607/607 618/618/618
f 606/606/606 618/618/618 617/617/617
f 607/607/607 608/608/608 619/619/619
f 607/607/607 619/619/619 618/618/618
f 608/608/608 609/609/609 620/620/620
f 608/608/608 620/620/620 619/619/619
f 609/609/609 610/610/610 621/621/621
f 609/609/609 621/621/621 620/620/620
f 610/610/610 611/611/611 622/622/622
f 610/610/610 622/622/622 621/621/621
f 611/611/611 612/612/612 623/623/623
f 611/611/611 623/623/623 622/622/622
f 612/612/612 613/613/613 624/624/624
f 612/612/612 624/624/624 623/623/623
f 613/613/613 614/614/614 625/625/625
f 613/613/613 625/625/625 624/624/624
f 614/614/614 615/615/615 626/626/626
f 614/614/614 626/626/626 625/625/625
f 615/615/615 616/616/616 627/627/627
f 615/615/615 627/627/627 626/626/626
f 617/617/617 618/618/618 629/629/629
f 617/617/617 629/629/629 628/628/628
f 618/618/618 619/619/619 630/630/630
f 618/618/618 630/630/630 629/629/629
f 619/619/619 620/620/620 631/631/631
f 619/619/619 631/631/631 630/630/630
f 620/620/620 621/621/621 632/632/632
f 620/620/620 632/632/632 631/631/631
f 621/621/621 622/622/622 633/633/633
f 621/621/621 633/633/633 632/632/632
f 622/622/622 623/623/623 634/634/634
f 622/622/622 634/634/634 633/633/633
f 623/623/623 624/624/624 635/635/635
f 623/623/623 635/635/635 634/634/634
f 624/624/624 625/625/625 636/636/636
f 624/624/624 636/636/636 635/635/635
f 625/625/625 626/626/626 637/637/637
f 625/625/625 637/637/637 636/636/636
f 626/626/626 627/627/627 638/638/638
f 626/626/626 638/638/638 637/637/637
f 628/628/628 629/629/629 640/640/640
f 628/628/628 640/640/640 639/639/639
f 629/629/629 630/630/630 641/641/641
f 629/629/629 641/641/641 640/640/640
f 630/630/630 631/631/631 642/642/642
f 630/630/630 642/642/642 641/641/641
f 631/631/631 632/632/632 643/643/643
f 631/631/631 643/643/643 642/642/642
f 632/632/632 633/633/633 644/644/644
f 632/632/632 644/644/644 643/643/643
f 633/633/633 634/634/634 645/645/645
f 633/633/633 645/645/645 644/644/644
f 634/634/634 635/635/635 646/646/646
f 634/634/634 646/646/646 645/645/645
f 635/635/635 636/636/636 647/647/647
f 635/635/635 647/647/647 646/646/646
f 636/636/636 637/637/637 648/648/648
f 636/636/636 648/648/648 647/647/647
f 637/637/637 638/638/638 649/649/649
f 637/637/637 649/649/649 648/648/648
f 639/639/639 640/640/640 651/651/651
f 639/639/639 651/651/651 650/650/650
f 640/640/640 641/641/641 652/652/652
f 640/640/640 652/652/652 651/651/651
f 641/641/641 642/642/642 653/653/653
f 641/641/641 653/653/653 652/652/652
f 642/642/642 643/643/643 654/654/654
f 642/642/642 654/654/654 653/653/653
f 643/643/643 644/644/644 655/655/655
f 643/643/643 655/655/655 654/654/654
f 644/644/644 645/645/645 656/656/656
f 644/644/644 656/656/656 655/655/655
f 645/645/645 646/646/646 657/657/657
f 645/645/645 657/657/657 656/656/656
f 646/646/646 647/647/647 658/658/658
f 646/646/646 658/658/658 657/657/657
f 647/647/647 648/648/648 659/659/659
f 647/647/647 659/659/659 658/658/658
f 648/648/648 649/649/649 660/660/660
f 648/648/648 660/660/660 659/659/659
f 650/650/650 651/651/651 662/662/662
f 650/650/650 662/662/662 661/661/661
f 651/651/651 652/652/652 663/663/663
f 651/651/651 663/663/663 662/662/662
f 652/652/652 653/653/653 664/664/664
f 652/652/652 664/664/664 663/663/663
f 653/653/653 654/654/654 665/665/665
f 653/653/653 665/665/665 664/664/664
f 654/654/654 655/655/655 666/666/666
f 654/654/654 666/666/666 665/665/665
f 655/655/655 656/656/656 667/667/667
f 655/655/655 667/667/667 666/666/666
f 656/656/656 657/657/657 668/668/668
f 656/656/656 668/668/668 667/667/667
f 657/657/657 658/658/658 669/669/669
f 657/657/657 669/669/669 668/668/668
f 658/658/658 659/659/659 670/670/670
f 658/658/658 670/670/670 669/669/669
f 659/659/659 660/660/660 671/671/671
f 659/659/659 671/671/671 670/670/670
f 661/661/661 662/662/662 673/673/673
f 661/661/661 673/673/673 672/672/672
f 662/662/662 663/663/663 674/674/674
f 662/662/662 674/674/674 673/673/673
f 663/663/663 664/664/664 675/675/675
f 663/663/663 675/675/675 674/674/674
f 664/664/664 665/665/665 676/676/676
f 664/664/664 676/676/676 675/675/675
f 665/665/665 666/666/666 677/677/677
f 665/665/665 677/677/677 676/676/676
f 666/666/666 667/667/667 678/678/678
f 666/666/666 678/678/678 677/677/677
f 667/667/667 668/668/668 679/679/679
f 667/667/667 679/679/679 678/678/678
f 668/668/668 669/669/669 680/680/680
f 668/668/668 680/680/680 679/679/679
f 669/669/669 670/670/670 681/681/681
f 669/669/669 681/681/681 680/680/680
f 670/670/670 671/671/671 682/682/682
f 670/670/670 682/682/682 681/681/681
f 672/672/672 673/673/673 684/684/684
f 672/672/672 684/684/684 683/683/683
f 673/673/673 674/674/674 685/685/685
f 673/673/673 685/685/685 684/684/684
f 674/674/674 675/675/675 686/686/686
f 674/674/674 686/686/686 685/685/685
f 675/675/675 676/676/676 687/687/687
f 675/675/675 687/687/687 686/686/686
f 676/676/676 677/677/677 688/688/688
f 676/676/676 688/688/688 687/687/687
f 677/677/677 678/678/678 689/689/689
f 677/677/677 689/689/689 688/688/688
f 678/678/678 679/679/679 690/690/690
f 678/678/678 690/690/690 689/689/689
f 679/679/679 680/680/680 691/691/691
f 679/679/679 691/691/691 690/690/690
f 680/680/680 681/681/681 692/692/692
f 680/680/680 692/692/692 691/691/691
f 681/681/681 682/682/682 693/693/693
f 681/681/681 693/693/693 692/692/692
f 683/683/683 684/684/684 695/695/695
f 683/683/683 695/695/695 694/694/694
f 684/684/684 685/685/685 696/696/696
f 684/684/684 696/696/696 695/695/695
f 685/685/685 686/686/686 697/697/697
f 685/685/685 697/697/697 696/696/696
f 686/686/686 687/687/687 698/698/698
f 686/686/686 698/698/698 697/697/697
f 687/687/687 688/688/688 699/699/699
f 687/687/687 699/699/699 698/698/698
f 688/688/688 689/689/689 700/700/700
f 688/688/688 700/700/700 699/699/699
f 689/689/689 690/690/690 701/701/701
f 689/689/689 701/701/701 700/700/700
f 690/690/690 691/691/691 702/702/702
f 690/690/690 702/702/702 701/701/701
f 691/691/691 692/692/692 703/703/703
f 691/691/691 703/703/703 702/702/702
f 692/692/692 693/693/693 704/704/704
f 692/692/692 704/704/704 703/703/703
f 694/694/694 695/695/695 706/706/706
f 694/694/694 706/706/706 705/705/705
f 695/695/695 696/696/696 707/707/707
f 695/695/695 707/707/707 706/706/706
f 696/696/696 697/697/697 708/708/708
f 696/696/696 708/708/708 707/707/707
f 697/697/697 698/698/698 709/709/709
f 697/697/697 709/709/709 708/708/708
f 698/698/698 699/699/699 710/710/710
f 698/698/698 710/710/710 709/709/709
f 699/699/699 700/700/700 711/711/711
f 699/699/699 711/711/711 710/710/710
f 700/700/700 701/701/701 712/712/712
f 700/700/700 712/712/712 711/711/711
f 701/701/701 702/702/702 713/713/713
f 701/701/701 713/713/713 712/712/712
f 702/702/702 703/703/703 714/714/714
f 702/702/702 714/714/714 713/713/713
f 703/703/703 704/704/704 715/715/715
f 703/703/703 715/715/715 714/714/714
f 705/705/705 706/706/706 717/717/717
f 705/705/705 717/717/717 716/716/716
f 706/706/706 707/707/707 718/718/718
f 706/706/706 718/718/718 717/717/717
f 707/707/707 708/708/708 719/719/719
f 707/707/707 719/719/719 718/718/718
f 708/708/708 709/709/709 720/720/720
f 708/708/708 720/720/720 719/719/719
f 709/709/709 710/710/710 721/721/721
f 709/709/709 721/721/721 720/720/720
f 710/710/710 711/711/711 722/722/722
f 710/710/710 722/722/722 721/721/721
f 711/711/711 712/712/712 723/723/723
f 711/711/711 723/723/723 722/722/722
f 712/712/712 713/713/713 724/724/724
f 712/712/712 724/724/724 723/723/723
f 713/713/713 714/714/714 725/725/725
f 713/713/713 725/725/725 724/724/724
f 714/714/714 715/715/715 726/726/726
f 714/714/714 726/726/726 725/725/725
usemtl frame
f 727/727/727 728/728/728 732/732/732
f 727/727/727 732/732/732 731/731/731
f 728/728/728 729/729/729 733/733/733
f 728/728/728 733/733/733 732/732/732
f 729/729/729 730/730/730 734/734/734
f 729/729/729 734/734/734 733/733/733
f 731/731/731 732/732/732 736/736/736
f 731/731/731 736/736/736 735/735/735
f 732/732/732 733/733/733 737/737/737
f 732/732/732 737/737/737 736/736/736
f 733/733/733 734/734/734 738/738/738
f 733/733/733 738/738/738 737/737/737
f 735/735/735 736/736/736 740/740/740
f 735/735/735 740/740/740 739/739/739
f 736/736/736 737/737/737 741/741/741
f 736/736/736 741/741/741 740/740/740
f 737/737/737 738/738/738 742/742/742
f 737/737/737 742/742/742 741/741/741
f 743/743/743 744/744/744 748/748/748
f 743/743/743 748/748/748 747/747/747
f 744/744/744 745/745/745 749/749/749
f 744/744/744 749/749/749 748/748/748
f 745/745/745 746/746/746 750/750/750
f 745/745/745 750/750/750 749/749/749
f 747/747/747 748/748/748 752/752/752
f 747/747/747 752/752/752 751/751/751
f 748/748/748 749/749/749 753/753/753
f 748/748/748 753/753/753 752/752/752
f 749/749/749 750/750/750 754/754/754
f 749/749/749 754/754/754 753/753/753
f 751/751/751 752/752/752 756/756/756
f 751/751/751 756/756/756 755/755/755
f 752/752/752 753/753/753 757/757/757
f 752/752/752 757/757/757 756/756/756
f 753/753/753 754/754/754 758/758/758
f 753/753/753 758/758/758 757/757/757
f 759/759/759 760/760/760 764/764/764
f 759/759/759 764/764/764 763/763/763
f 760/760/760 761/761/761 765/765/765
f 760/760/760 765/765/765 764/764/764
f 761/761/761 762/762/762 766/766/766
f 761/761/761 766/766/766 765/765/765
f 763/763/763 764/764/764 768/768/768
f 763/763/763 768/768/768 767/767/767
f 764/764/764 765/765/765 769/769/769
f 764/764/764 769/769/769 768/768/768
f 765/765/765 766/766/766 770/770/770
f 765/765/765 770/770/770 769/769/769
f 767/767/767 768/768/768 772/772/772
f 767/767/767 772/772/772 771/771/771
f 768/768/768 769/769/769 773/773/773
f 768/768/768 773/773/773 772/772/772
f 769/769/769 770/770/770 774/774/774
f 769/769/769 774/774/774 773/773/773
f 775/775/775 776/776/776 780/780/780
f 775/775/775 780/780/780 779/779/779
f 776/776/776 777/777/777 781/781/781
f 776/776/776 781/781/781 780/780/780
f 777/777/777 778/778/778 782/782/782
f 777/777/777 782/782/782 781/781/781
f 779/779/779 780/780/780 784/784/784
f 779/779/779 784/784/784 783/783/783
f 780/780/780 781/781/781 785/785/785
f 780/780/780 785/785/785 784/784/784
f 781/781/781 782/782/782 786/786/786
f 781/781/781 786/786/786 785/785/785
f 783/783/783 784/784/784 788/788/788
f 783/783/783 788/788/788 787/787/787
f 784/784/784 785/785/785 789/789/789
f 784/784/784 789/789/789 788/788/788
f 785/785/785 786/786/786 790/790/790
f 785/785/785 790/790/790 789/789/789
f 791/791/791 792/792/792 796/796/796
f 791/791/791 796/796/796 795/795/795
f 792/792/792 793/793/793 797/797/797
f 792/792/792 797/797/797 796/796/796
f 793/793/793 794/794/794 798/798/798
f 793/793/793 798/798/798 797/797/797
f 795/795/795 796/796/796 800/800/800
f 795/795/795 800/800/800 799/799/799
f 796/796/796 797/797/797 801/801/801
f 796/796/796 801/801/801 800/800/800
f 797/797/797 798/798/798 802/802/802
f 797/797/797 802/802/802 801/801/801
f 799/799/799 800/800/800 804/804/804
f 799/799/799 804/804/804 803/803/803
f 800/800/800 801/801/801 805/805/805
f 800/800/800 805/805/805 804/804/804
f 801/801/801 802/802/802 806/806/806
f 801/801/801 806/806/806 805/805/805
f 807/807/807 808/808/808 812/812/812
f 807/807/807 812/812/812 811/811/811
f 808/808/808 809/809/809 813/813/813
f 808/808/808 813/813/813 812/812/812
f 809/809/809 810/810/810 814/814/814
f 809/809/809 814/814/814 813/813/813
f 811/811/811 812/812/812 816/816/816
f 811/811/811 816/816/816 815/815/815
f 812/812/812 813/813/813 817/817/817
f 812/812/812 817/817/817 816/816/816
f 813/813/813 814/814/814 818/818/818
f 813/813/813 818/818/818 817/817/817
f 815/815/815 816/816/816 820/820/820
f 815/815/815 820/820/820 819/819/819
f 816/816/816 817/817/817 821/821/821
f 816/816/816 821/821/821 820/820/820
f 817/817/817 818/818/818 822/822/822
f 817/817/817 822/822/822 821/821/821
f 823/823/823 824/824/824 832/832/832
f 823/823/823 832/832/832 831/831/831
f 824/824/824 825/825/825 833/833/833
f 824/824/824 833/833/833 832/832/832
f 825/825/825 826/826/826 834/834/834
f 825/825/825 834/834/834 833/833/833
f 826/826/826 827/827/827 835/835/835
f 826/826/826 835/835/835 834/834/834
f 827/827/827 828/828/828 836/836/836
f 827/827/827 836/836/836 835/835/835
f 828/828/828 829/829/829 837/837/837
f 828/828/828 837/837/837 836/836/836
f 829/829/829 830/830/830 838/838/838
f 829/829/829 838/838/838 837/837/837
f 831/831/831 832/832/832 840/840/840
f 831/831/831 840/840/840 839/839/839
f 832/832/832 833/833/833 841/841/841
f 832/832/832 841/841/841 840/840/840
f 833/833/833 834/834/834 842/842/842
f 833/833/833 842/842/842 841/841/841
f 834/834/834 835/835/835 843/843/843
f 834/834/834 843/843/843 842/842/842
f 835/835/835 836/836/836 844/844/844
f 835/835/835 844/844/844 843/843/843
f 836/836/836 837/837/837 845/845/845
f 836/836/836 845/845/845 844/844/844
f 837/837/837 838/838/838 846/846/846
f 837/837/837 846/846/846 845/845/845
f 839/839/839 840/840/840 848/848/848
f 839/839/839 848/848/848 847/847/847
f 840/840/840 841/841/841 849/849/849
f 840/840/840 849/849/849 848/848/848
f 841/841/841 842/842/842 850/850/850
f 841/841/841 850/850/850 849/849/849
f 842/842/842 843/843/843 851/851/851
f 842/842/842 851/851/851 850/850/850
f 843/843/843 844/844/844 852/852/852
f 843/843/843 852/852/852 851/851/851
f 844/844/844 845/845/845 853/853/853
f 844/844/844 853/853/853 852/852/852
f 845/845/845 846/846/846 854/854/854
f 845/845/845 854/854/854 853/853/853
f 847/847/847 848/848/848 856/856/856
f 847/847/847 856/856/856 855/855/855
f 848/848/848 849/849/849 857/857/857
f 848/848/848 857/857/857 856/856/856
f 849/849/849 850/850/850 858/858/858
f 849/849/849 858/858/858 857/857/857
f 850/850/850 851/851/851 859/859/859
f 850/850/850 859/859/859 858/858/858
f 851/851/851 852/852/852 860/860/860
f 851/851/851 860/860/860 859/859/859
f 852/852/852 853/853/853 861/861/861
f 852/852/852 861/861/861 860/860/860
f 853/853/853 854/854/854 862/862/862
f 853/853/853 862/862/862 861/861/861
f 855/855/855 856/856/856 864/864/864
f 855/855/855 864/864/864 863/863/863
f 856/856/856 857/857/857 865/865/865
f 856/856/856 865/865/865 864/864/864
f 857/857/857 858/858/858 866/866/866
f 857/857/857 866/866/866 865/865/865
f 858/858/858 859/859/859 867/867/867
f 858/858/858 867/867/867 866/866/866
f 859/859/859 860/860/860 868/868/868
f 859/859/859 868/868/868 867/867/867
f 860/860/860 861/861/861 869/869/869
f 860/860/860 869/869/869 868/868/868
f 861/861/861 862/862/862 870/870/870
f 861/861/861 870/870/870 869/869/869
f 863/863/863 864/864/864 872/872/872
f 863/863/863 872/872/872 871/871/871
f 864/864/864 865/865/865 873/873/873
f 864/864/864 873/873/873 872/872/872
f 865/865/865 866/866/866 874/874/874
f 865/865/865 874/874/874 873/873/873
f 866/866/866 867/867/867 875/875/875
f 866/866/866 875/875/875 874/874/874
f 867/867/867 868/868/868 876/876/876
f 867/867/867 876/876/876 875/875/875
f 868/868/868 869/869/869 877/877/877
f 868/868/868 877/877/877 876/876/876
f 869/869/869 870/870/870 878/878/878
f 869/869/869 878/878/878 877/877/877
f 871/871/871 872/872/872 880/880/880
f 871/871/871 880/880/880 879/879/879
f 872/872/872 873/873/873 881/881/881
f 872/872/872 881/881/881 880/880/880
f 873/873/873 874/874/874 882/882/882
f 873/873/873 882/882/882 881/881/881
f 874/874/874 875/875/875 883/883/883
f 874/874/874 883/883/883 882/882/882
f 875/875/875 876/876/876 884/884/884
f 875/875/875 884/884/884 883/883/883
f 876/876/876 877/877/877 885/885/885
f 876/876/876 885/885/885 884/884/884
f 877/877/877 878/878/878 886/886/886
f 877/877/877 886/886/886 885/885/885
f 887/887/887 888/888/888 896/896/896
f 887/887/887 896/896/896 895/895/895
f 888/888/888 889/889/889 897/897/897
f 888/888/888 897/897/897 896/896/896
f 889/889/889 890/890/890 898/898/898
f 889/889/889 898/898/898 897/897/897
f 890/890/890 891/891/891 899/899/899
f 890/890/890 899/899/899 898/898/898
f 891/891/891 892/892/892 900/900/900
f 891/891/891 900/900/900 899/899/899
f 892/892/892 893/893/893 901/901/901
f 892/892/892 901/901/901 900/900/900
f 893/893/893 894/894/894 902/902/902
f 893/893/893 902/902/902 901/901/901
f 895/895/895 896/896/896 904/904/904
f 895/895/895 904/904/904 903/903/903
f 896/896/896 897/897/897 905/905/905
f 896/896/896 905/905/905 904/904/904
f 897/897/897 898/898/898 906/906/906
f 897/897/897 906/906/906 905/905/905
f 898/898/898 899/899/899 907/907/907
f 898/898/898 907/907/907 906/906/906
f 899/899/899 900/900/900 908/908/908
f 899/899/899 908/908/908 907/907/907
f 900/900/900 901/901/901 909/909/909
f 900/900/900 909/909/909 908/908/908
f 901/901/901 902/902/902 910/910/910
f 901/901/901 910/910/910 909/909/909
f 903/903/903 904/904/904 912/912/912
f 903/903/903 912/912/912 911/911/911
f 904/904/904 905/905/905 913/913/913
f 904/904/904 913/913/913 912/912/912
f 905/905/905 906/906/906 914/914/914
f 905/905/905 914/914/914 913/913/913
f 906/906/906 907/907/907 915/915/915
f 906/906/906 915/915/915 914/914/914
f 907/907/907 908/908/908 916/916/916
f 907/907/907 916/916/916 915/915/915
f 908/908/908 909/909/909 917/917/917
f 908/908/908 917/917/917 916/916/916
f 909/909/909 910/910/910 918/918/918
f 909/909/909 918/918/918 917/917/917
f 911/911/911 912/912/912 920/920/920
f 911/911/911 920/920/920 919/919/919
f 912/912/912 913/913/913 921/921/921
f 912/912/912 921/921/921 920/920/920
f 913/913/913 914/914/914 922/922/922
f 913/913/913 922/922/922 921/921/921
f 914/914/914 915/915/915 923/923/923
f 914/914/914 923/923/923 922/922/922
f 915/915/915 916/916/916 924/924/924
f 915/915/915 924/924/924 923/923/923
f 916/916/916 917/917/917 925/925/925
f 916/916/916 925/925/925 924/924/924
f 917/917/917 918/918/918 926/926/926
f 917/917/917 926/926/926 925/925/925
f 919/919/919 920/920/920 928/928/928
f 919/919/919 928/928/928 927/927/927
f 920/920/920 921/921/921 929/929/929
f 920/920/920 929/929/929 928/928/928
f 921/921/921 922/922/922 930/930/930
f 921/921/921 930/930/930 929/929/929
f 922/922/922 923/923/923 931/931/931
f 922/922/922 931/931/931 930/930/930
f 923/923/923 924/924/924 932/932/932
f 923/923/923 932/932/932 931/931/931
f 924/924/924 925/925/925 933/933/933
f 924/924/924 933/933/933 932/932/932
f 925/925/925 926/926/926 934/934/934
f 925/925/925 934/934/934 933/933/933
f 927/927/927 928/928/928 936/936/936
f 927/927/927 936/936/936 935/935/935
f 928/928/928 929/929/929 937/937/937
f 928/928/928 937/937/937 936/936/936
f 929/929/929 930/930/930 938/938/938
f 929/929/929 938/938/938 937/937/937
f 930/930/930 931/931/931 939/939/939
f 930/930/930 939/939/939 938/938/938
f 931/931/931 932/932/932 940/940/940
f 931/931/931 940/940/940 939/939/939
f 932/932/932 933/933/933 941/941/941
f 932/932/932 941/941/941 940/940/940
f 933/933/933 934/934/934 942/942/942
f 933/933/933 942/942/942 941/941/941
f 935/935/935 936/936/936 944/944/944
f 935/935/935 944/944/944 943/943/943
f 936/936/936 937/937/937 945/945/945
f 936/936/936 945/945/945 944/944/944
f 937/937/937 938/938/938 946/946/946
f 937/937/937 946/946/946 945/945/945
f 938/938/938 939/939/939 947/947/947
f 938/938/938 947/947/947 946/946/946
f 939/939/939 940/940/940 948/948/948
f 939/939/939 948/948/948 947/947/947
f 940/940/940 941/941/941 949/949/949
f 940/940/940 949/949/949 948/948/948
f 941/941/941 942/942/942 950/950/950
f 941/941/941 950/950/950 949/949/949
f 951/951/951 952/952/952 960/960/960
f 951/951/951 960/960/960 959/959/959
f 952/952/952 953/953/953 961/961/961
f 952/952/952 961/961/961 960/960/960
f 953/953/953 954/954/954 962/962/962
f 953/953/953 962/962/962 961/961/961
f 954/954/954 955/955/955 963/963/963
f 954/954/954 963/963/963 962/962/962
f 955/955/955 956/956/956 964/964/964
f 955/955/955 964/964/964 963/963/963
f 956/956/956 957/957/957 965/965/965
f 956/956/956 965/965/965 964/964/964
f 957/957/957 958/958/958 966/966/966
f 957/957/957 966/966/966 965/965/965
f 959/959/959 960/960/960 968/968/968
f 959/959/959 968/968/968 967/967/967
f 960/960/960 961/961/961 969/969/969
f 960/960/960 969/969/969 968/968/968
f 961/961/961 962/962/962 970/970/970
f 961/961/961 970/970/970 969/969/969
f 962/962/962 963/963/963 971/971/971
f 962/962/962 971/971/971 970/970/970
f 963/963/963 964/964/964 972/972/972
f 963/963/963 972/972/972 971/971/971
f 964/964/964 965/965/965 973/973/973
f 964/964/964 973/973/973 972/972/972
f 965/965/965 966/966/966 974/974/974
f 965/965/965 974/974/974 973/973/973
f 967/967/967 968/968/968 976/976/976
f 967/967/967 976/976/976 975/975/975
f 968/968/968 969/969/969 977/977/977
f 968/968/968 977/977/977 976/976/976
f 969/969/969 970/970/970 978/978/978
f 969/969/969 978/978/978 977/977/977
f 970/970/970 971/971/971 979/979/979
f 970/970/970 979/979/979 978/978/978
f 971/971/971 972/972/972 980/980/980
f 971/971/971 980/980/980 979/979/979
f 972/972/972 973/973/973 981/981/981
f 972/972/972 981/981/981 980/980/980
f 973/973/973 974/974/974 982/982/982
f 973/973/973 982/982/982 981/981/981
f 975/975/975 976/976/976 984/984/984
f 975/975/975 984/984/984 983/983/983
f 976/976/976 977/977/977 985/985/985
f 976/976/976 985/985/985 984/984/984
f 977/977/977 978/978/978 986/986/986
f 977/977/977 986/986/986 985/985/985
f 978/978/978 979/979/979 987/987/987
f 978/978/978 987/987/987 986/986/986
f 979/979/979 980/980/980 988/988/988
f 979/979/979 988/988/988 987/987/987
f 980/980/980 981/981/981 989/989/989
f 980/980/980 989/989/989 988/988/988
f 981/981/981 982/982/982 990/990/990
f 981/981/981 990/990/990 989/989/989
f 983/983/983 984/984/984 992/992/992
f 983/983/983 992/992/992 991/991/991
f 984/984/984 985/985/985 993/993/993
f 984/984/984 993/993/993 992/992/992
f 985/985/985 986/986/986 994/994/994
f 985/985/985 994/994/994 993/993/993
f 986/986/986 987/987/987 995/995/995
f 986/986/986 995/995/995 994/994/994
f 987/987/987 988/988/988 996/996/996
f 987/987/987 996/996/996 995/995/995
f 988/988/988 989/989/989 997/997/997
f 988/988/988 997/997/997 996/996/996
f 989/989/989 990/990/990 998/998/998
f 989/989/989 998/998/998 997/997/997
f 991/991/991 992/992/992 1000/1000/1000
f 991/991/991 1000/1000/1000 999/999/999
f 992/992/992 993/993/993 1001/1001/1001
f 992/992/992 1001/1001/1001 1000/1000/1000
f 993/993/993 994/994/994 1002/1002/1002
f 993/993/993 1002/1002/1002 1001/1001/1001
f 994/994/994 995/995/995 1003/1003/1003
f 994/994/994 1003/1003/1003 1002/1002/1002
f 995/995/995 996/996/996 1004/1004/1004
f 995/995/995 1004/1004/1004 1003/1003/1003
f 996/996/996 997/997/997 1005/1005/1005
f 996/996/996 1005/1005/1005 1004/1004/1004
f 997/997/997 998/998/998 1006/1006/1006
f 997/997/997 1006/1006/1006 1005/1005/1005
f 999/999/999 1000/1000/1000 1008/1008/1008
f 999/999/999 1008/1008/1008 1007/1007/1007
f 1000/1000/1000 1001/1001/1001 1009/1009/1009
f 1000/1000/1000 1009/1009/1009 1008/1008/1008
f 1001/1001/1001 1002/1002/1002 1010/1010/1010
f 1001/1001/1001 1010/1010/1010 1009/1009/1009
f 1002/1002/1002 1003/1003/1003 1011/1011/1011
f 1002/1002/1002 1011/1011/1011 1010/1010/1010
f 1003/1003/1003 1004/1004/1004 1012/1012/1012
f 1003/1003/1003 1012/1012/1012 1011/1011/1011
f 1004/1004/1004 1005/1005/1005 1013/1013/1013
f 1004/1004/1004 1013/1013/1013 1012/1012/1012
f 1005/1005/1005 1006/1006/1006 1014/1014/1014
f 1005/1005/1005 1014/1014/1014 1013/1013/1013
f 1015/1015/1015 1016/1016/1016 1024/1024/1024
f 1015/1015/1015 1024/1024/1024 1023/1023/1023
f 1016/1016/1016 1017/1017/1017 1025/1025/1025
f 1016/1016/1016 1025/1025/1025 1024/1024/1024
f 1017/1017/1017 1018/1018/1018 1026/1026/1026
f 1017/1017/1017 1026/1026/1026 1025/1025/1025
f 1018/1018/1018 1019/1019/1019 1027/1027/1027
f 1018/1018/1018 1027/1027/1027 1026/1026/1026
f 1019/1019/1019 1020/1020/1020 1028/1028/1028
f 1019/1019/1019 1028/1028/1028 1027/1027/1027
f 1020/1020/1020 1021/1021/1021 1029/1029/1029
f 1020/1020/1020 1029/1029/1029 1028/1028/1028
f 1021/1021/1021 1022/1022/1022 1030/1030/1030
f 1021/1021/1021 1030/1030/1030 1029/1029/1029
f 1023/1023/1023 1024/1024/1024 1032/1032/1032
f 1023/1023/1023 1032/1032/1032 1031/1031/1031
f 1024/1024/1024 1025/1025/1025 1033/1033/1033
f 1024/1024/1024 1033/1033/1033 1032/1032/1032
f 1025/1025/1025 1026/1026/1026 1034/1034/1034
f 1025/1025/1025 1034/1034/1034 1033/1033/1033
f 1026/1026/1026 1027/1027/1027 1035/1035/1035
f 1026/1026/1026 1035/1035/1035 1034/1034/1034
f 1027/1027/1027 1028/1028/1028 1036/1036/1036
f 1027/1027/1027 1036/1036/1036 1035/1035/1035
f 1028/1028/1028 1029/1029/1029 1037/1037/1037
f 1028/1028/1028 1037/1037/1037 1036/1036/1036
f 1029/1029/1029 1030/1030/1030 1038/1038/1038
f 1029/1029/1029 1038/1038/1038 1037/1037/1037
f 1031/1031/1031 1032/1032/1032 1040/1040/1040
f 1031/1031/1031 1040/1040/1040 1039/1039/1039
f 1032/1032/1032 1033/1033/1033 1041/1041/1041
f 1032/1032/1032 1041/1041/1041 1040/1040/1040
f 1033/1033/1033 1034/1034/1034 1042/1042/1042
f 1033/1033/1033 1042/1042/1042 1041/1041/1041
f 1034/1034/1034 1035/1035/1035 1043/1043/1043
f 1034/1034/1034 1043/1043/1043 1042/1042/1042
f 1035/1035/1035 1036/1036/1036 1044/1044/1044
f 1035/1035/1035 1044/1044/1044 1043/1043/1043
f 1036/1036/1036 1037/1037/1037 1045/1045/1045
f 1036/1036/1036 1045/1045/1045 1044/1044/1044
f 1037/1037/1037 1038/1038/1038 1046/1046/1046
f 1037/1037/1037 1046/1046/1046 1045/1045/1045
f 1039/1039/1039 1040/1040/1040 1048/1048/1048
f 1039/1039/1039 1048/1048/1048 1047/1047/1047
f 1040/1040/1040 1041/1041/1041 1049/1049/1049
f 1040/1040/1040 1049/1049/1049 1048/1048/1048
f 1041/1041/1041 1042/1042/1042 1050/1050/1050
f 1041/1041/1041 1050/1050/1050 1049/1049/1049
f 1042/1042/1042 1043/1043/1043 1051/1051/1051
f 1042/1042/1042 1051/1051/1051 1050/1050/1050
f 1043/1043/1043 1044/1044/1044 1052/1052/1052
f 1043/1043/1043 1052/1052/1052 1051/1051/1051
f 1044/1044/1044 1045/1045/1045 1053/1053/1053
f 1044/1044/1044 1053/1053/1053 1052/1052/1052
f 1045/1045/1045 1046/1046/1046 1054/1054/1054
f 1045/1045/1045 1054/1054/1054 1053/1053/1053
f 1047/1047/1047 1048/1048/1048 1056/1056/1056
f 1047/1047/1047 1056/1056/1056 1055/1055/1055
f 1048/1048/1048 1049/1049/1049 1057/1057/1057
f 1048/1048/1048 1057/1057/1057 1056/1056/1056
f 1049/1049/1049 1050/1050/1050 1058/1058/1058
f 1049/1049/1049 1058/1058/1058 1057/1057/1057
f 1050/1050/1050 1051/1051/1051 1059/1059/1059
f 1050/1050/1050 1059/1059/1059 1058/1058/1058
f 1051/1051/1051 1052/1052/1052 1060/1060/1060
f 1051/1051/1051 1060/1060/1060 1059/1059/1059
f 1052/1052/1052 1053/1053/1053 1061/1061/1061
f 1052/1052/1052 1061/1061/1061 1060/1060/1060
f 1053/1053/1053 1054/1054/1054 1062/1062/1062
f 1053/1053/1053 1062/1062/1062 1061/1061/1061
f 1055/1055/1055 1056/1056/1056 1064/1064/1064
f 1055/1055/1055 1064/1064/1064 1063/1063/1063
f 1056/1056/1056 1057/1057/1057 1065/1065/1065
f 1056/1056/1056 1065/1065/1065 1064/1064/1064
f 1057/1057/1057 1058/1058/1058 1066/1066/1066
f 1057/1057/1057 1066/1066/1066 1065/1065/1065
f 1058/1058/1058 1059/1059/1059 1067/1067/1067
f 1058/1058/1058 1067/1067/1067 1066/1066/1066
f 1059/1059/1059 1060/1060/1060 1068/1068/1068
f 1059/1059/1059 1068/1068/1068 1067/1067/1067
f 1060/1060/1060 1061/1061/1061 1069/1069/1069
f 1060/1060/1060 1069/1069/1069 1068/1068/1068
f 1061/1061/1061 1062/1062/1062 1070/1070/1070
f 1061/1061/1061 1070/1070/1070 1069/1069/1069
f 1063/1063/1063 1064/1064/1064 1072/1072/1072
f 1063/1063/1063 1072/1072/1072 1071/1071/1071
f 1064/1064/1064 1065/1065/1065 1073/1073/1073
f 1064/1064/1064 1073/1073/1073 1072/1072/1072
f 1065/1065/1065 1066/1066/1066 1074/1074/1074
f 1065/1065/1065 1074/1074/1074 1073/1073/1073
f 1066/1066/1066 1067/1067/1067 1075/1075/1075
f 1066/1066/1066 1075/1075/1075 1074/1074/1074
f 1067/1067/1067 1068/1068/1068 1076/1076/1076
f 1067/1067/1067 1076/1076/1076 1075/1075/1075
f 1068/1068/1068 1069/1069/1069 1077/1077/1077
f 1068/1068/1068 1077/1077/1077 1076/1076/1076
f 1069/1069/1069 1070/1070/1070 1078/1078/1078
f 1069/1069/1069 1078/1078/1078 1077/1077/1077
f 1079/1079/1079 1080/1080/1080 1088/1088/1088
f 1079/1079/1079 1088/1088/1088 1087/1087/1087
f 1080/1080/1080 1081/1081/1081 1089/1089/1089
f 1080/1080/1080 1089/1089/1089 1088/1088/1088
f 1081/1081/1081 1082/1082/1082 1090/1090/1090
f 1081/1081/1081 1090/1090/1090 1089/1089/1089
f 1082/1082/1082 1083/1083/1083 1091/1091/1091
f 1082/1082/1082 1091/1091/1091 1090/1090/1090
f 1083/1083/1083 1084/1084/1084 1092/1092/1092
f 1083/1083/1083 1092/1092/1092 1091/1091/1091
f 1084/1084/1084 1085/1085/1085 1093/1093/1093
f 1084/1084/1084 1093/1093/1093 1092/1092/1092
f 1085/1085/1085 1086/1086/1086 1094/1094/1094
f 1085/1085/1085 1094/1094/1094 1093/1093/1093
f 1087/1087/1087 1088/1088/1088 1096/1096/1096
f 1087/1087/1087 1096/1096/1096 1095/1095/1095
f 1088/1088/1088 1089/1089/1089 1097/1097/1097
f 1088/1088/1088 1097/1097/1097 1096/1096/1096
f 1089/1089/1089 1090/1090/1090 1098/1098/1098
f 1089/1089/1089 1098/1098/1098 1097/1097/1097
f 1090/1090/1090 1091/1091/1091 1099/1099/1099
f 1090/1090/1090 1099/1099/1099 1098/1098/1098
f 1091/1091/1091 1092/1092/1092 1100/1100/1100
f 1091/1091/1091 1100/1100/1100 1099/1099/1099
f 1092/1092/1092 1093/1093/1093 1101/1101/1101
f 1092/1092/1092 1101/1101/1101 1100/1100/1100
f 1093/1093/1093 1094/1094/1094 1102/1102/1102
f 1093/1093/1093 1102/1102/1102 1101/1101/1101
f 1095/1095/1095 1096/1096/1096 1104/1104/1104
f 1095/1095/1095 1104/1104/1104 1103/1103/1103
f 1096/1096/1096 1097/1097/1097 1105/1105/1105
f 1096/1096/1096 1105/1105/1105 1104/1104/1104
f 1097/1097/1097 1098/1098/1098 1106/1106/1106
f 1097/1097/1097 1106/1106/1106 1105/1105/1105
f 1098/1098/1098 1099/1099/1099 1107/1107/1107
f 1098/1098/1098 1107/1107/1107 1106/1106/1106
f 1099/1099/1099 1100/1100/1100 1108/1108/1108
f 1099/1099/1099 1108/1108/1108 1107/1107/1107
f 1100/1100/1100 1101/1101/1101 1109/1109/1109
f 1100/1100/1100 1109/1109/1109 1108/1108/1108
f 1101/1101/1101 1102/1102/1102 1110/1110/1110
f 1101/1101/1101 1110/1110/1110 1109/1109/1109
f 1103/1103/1103 1104/1104/1104 1112/1112/1112
f 1103/1103/1103 1112/1112/1112 1111/1111/1111
f 1104/1104/1104 1105/1105/1105 1113/1113/1113
f 1104/1104/1104 1113/1113/1113 1112/1112/1112
f 1105/1105/1105 1106/1106/1106 1114/1114/1114
f 1105/1105/1105 1114/1114/1114 1113/1113/1113
f 1106/1106/1106 1107/1107/1107 1115/1115/1115
f 1106/1106/1106 1115/1115/1115 1114/1114/1114
f 1107/1107/1107 1108/1108/1108 1116/1116/1116
f 1107/1107/1107 1116/1116/1116 1115/1115/1115
f 1108/1108/1108 1109/1109/1109 1117/1117/1117
f 1108/1108/1108 1117/1117/1117 1116/1116/1116
f 1109/1109/1109 1110/1110/1110 1118/1118/1118
f 1109/1109/1109 1118/1118/1118 1117/1117/1117
f 1111/1111/1111 1112/1112/1112 1120/1120/1120
f 1111/1111/1111 1120/1120/1120 1119/1119/1119
f 1112/1112/1112 1113/1113/1113 1121/1121/1121
f 1112/1112/1112 1121/1121/1121 1120/1120/1120
f 1113/1113/1113 1114/1114/1114 1122/1122/1122
f 1113/1113/1113 1122/1122/1122 1121/1121/1121
f 1114/1114/1114 1115/1115/1115 1123/1123/1123
f 1114/1114/1114 1123/1123/1123 1122/1122/1122
f 1115/1115/1115 1116/1116/1116 1124/1124/1124
f 1115/1115/1115 1124/1124/1124 1123/1123/1123
f 1116/1116/1116 1117/1117/1117 1125/1125/1125
f 1116/1116/1116 1125/1125/1125 1124/1124/1124
f 1117/1117/1117 1118/1118/1118 1126/1126/1126
f 1117/1117/1117 1126/1126/1126 1125/1125/1125
f 1119/1119/1119 1120/1120/1120 1128/1128/1128
f 1119/1119/1119 1128/1128/1128 1127/1127/1127
f 1120/1120/1120 1121/1121/1121 1129/1129/1129
f 1120/1120/1120 1129/1129/1129 1128/1128/1128
f 1121/1121/1121 1122/1122/1122 1130/1130/1130
f 1121/1121/1121 1130/1130/1130 1129/1129/1129
f 1122/1122/1122 1123/1123/1123 1131/1131/1131
f 1122/1122/1122 1131/1131/1131 1130/1130/1130
f 1123/1123/1123 1124/1124/1124 1132/1132/1132
f 1123/1123/1123 1132/1132/1132 1131/1131/1131
f 1124/1124/1124 1125/1125/1125 1133/1133/1133
f 1124/1124/1124 1133/1133/1133 1132/1132/1132
f 1125/1125/1125 1126/1126/1126 1134/1134/1134
f 1125/1125/1125 1134/1134/1134 1133/1133/1133
f 1127/1127/1127 1128/1128/1128 1136/1136/1136
f 1127/1127/1127 1136/1136/1136 1135/1135/1135
f 1128/1128/1128 1129/1129/1129 1137/1137/1137
f 1128/1128/1128 1137/1137/1137 1136/1136/1136
f 1129/1129/1129 1130/1130/1130 1138/1138/1138
f 1129/1129/1129 1138/1138/1138 1137/1137/1137
f 1130/1130/1130 1131/1131/1131 1139/1139/1139
f 1130/1130/1130 1139/1139/1139 1138/1138/1138
f 1131/1131/1131 1132/1132/1132 1140/1140/1140
f 1131/1131/1131 1140/1140/1140 1139/1139/1139
f 1132/1132/1132 1133/1133/1133 1141/1141/1141
f 1132/1132/1132 1141/1141/1141 1140/1140/1140
f 1133/1133/1133 1134/1134/1134 1142/1142/1142
f 1133/1133/1133 1142/1142/1142 1141/1141/1141
f 1143/1143/1143 1144/1144/1144 1152/1152/1152
f 1143/1143/1143 1152/1152/1152 1151/1151/1151
f 1144/1144/1144 1145/1145/1145 1153/1153/1153
f 1144/1144/1144 1153/1153/1153 1152/1152/1152
f 1145/1145/1145 1146/1146/1146 1154/1154/1154
f 1145/1145/1145 1154/1154/1154 1153/1153/1153
f 1146/1146/1146 1147/1147/1147 1155/1155/1155
f 1146/1146/1146 1155/1155/1155 1154/1154/1154
f 1147/1147/1147 1148/1148/1148 1156/1156/1156
f 1147/1147/1147 1156/1156/1156 1155/1155/1155
f 1148/1148/1148 1149/1149/1149 1157/1157/1157
f 1148/1148/1148 1157/1157/1157 1156/1156/1156
f 1149/1149/1149 1150/1150/1150 1158/1158/1158
f 1149/1149/1149 1158/1158/1158 1157/1157/1157
f 1151/1151/1151 1152/1152/1152 1160/1160/1160
f 1151/1151/1151 1160/1160/1160 1159/1159/1159
f 1152/1152/1152 1153/1153/1153 1161/1161/1161
f 1152/1152/1152 1161/1161/1161 1160/1160/1160
f 1153/1153/1153 1154/1154/1154 1162/1162/1162
f 1153/1153/1153 1162/1162/1162 1161/1161/1161
f 1154/1154/1154 1155/1155/1155 1163/1163/1163
f 1154/1154/1154 1163/1163/1163 1162/1162/1162
f 1155/1155/1155 1156/1156/1156 1164/1164/1164
f 1155/1155/1155 1164/1164/1164 1163/1163/1163
f 1156/1156/1156 1157/1157/1157 1165/1165/1165
f 1156/1156/1156 1165/1165/1165 1164/1164/1164
f 1157/1157/1157 1158/1158/1158 1166/1166/1166
f 1157/1157/1157 1166/1166/1166 1165/1165/1165
f 1159/1159/1159 1160/1160/1160 1168/1168/1168
f 1159/1159/1159 1168/1168/1168 1167/1167/1167
f 1160/1160/1160 1161/1161/1161 1169/1169/1169
f 1160/1160/1160 1169/1169/1169 1168/1168/1168
f 1161/1161/1161 1162/1162/1162 1170/1170/1170
f 1161/1161/1161 1170/1170/1170 1169/1169/1169
f 1162/1162/1162 1163/1163/1163 1171/1171/1171
f 1162/1162/1162 1171/1171/1171 1170/1170/1170
f 1163/1163/1163 1164/1164/1164 1172/1172/1172
f 1163/1163/1163 1172/1172/1172 1171/1171/1171
f 1164/1164/1164 1165/1165/1165 1173/1173/1173
f 1164/1164/1164 1173/1173/1173 1172/1172/1172
f 1165/1165/1165 1166/1166/1166 1174/1174/1174
f 1165/1165/1165 1174/1174/1174 1173/1173/1173
f 1167/1167/1167 1168/1168/1168 1176/1176/1176
f 1167/1167/1167 1176/1176/1176 1175/1175/1175
f 1168/1168/1168 1169/1169/1169 1177/1177/1177
f 1168/1168/1168 1177/1177/1177 1176/1176/1176
f 1169/1169/1169 1170/1170/1170 1178/1178/1178
f 1169/1169/1169 1178/1178/1178 1177/1177/1177
f 1170/1170/1170 1171/1171/1171 1179/1179/1179
f 1170/1170/1170 1179/1179/1179 1178/1178/1178
f 1171/1171/1171 1172/1172/1172 1180/1180/1180
f 1171/1171/1171 1180/1180/1180 1179/1179/1179
f 1172/1172/1172 1173/1173/1173 1181/1181/1181
f 1172/1172/1172 1181/1181/1181 1180/1180/1180
f 1173/1173/1173 1174/1174/1174 1182/1182/1182
f 1173/1173/1173 1182/1182/1182 1181/1181/1181
f 1175/1175/1175 1176/1176/1176 1184/1184/1184
f 1175/1175/1175 1184/1184/1184 1183/1183/1183
f 1176/1176/1176 1177/1177/1177 1185/1185/1185
f 1176/1176/1176 1185/1185/1185 1184/1184/1184
f 1177/1177/1177 1178/1178/1178 1186/1186/1186
f 1177/1177/1177 1186/1186/1186 1185/1185/1185
f 1178/1178/1178 1179/1179/1179 1187/1187/1187
f 1178/1178/1178 1187/1187/1187 1186/1186/1186
f 1179/1179/1179 1180/1180/1180 1188/1188/1188
f 1179/1179/1179 1188/1188/1188 1187/1187/1187
f 1180/1180/1180 1181/1181/1181 1189/1189/1189
f 1180/1180/1180 1189/1189/1189 1188/1188/1188
f 1181/1181/1181 1182/1182/1182 1190/1190/1190
f 1181/1181/1181 1190/1190/1190 1189/1189/1189
f 1183/1183/1183 1184/1184/1184 1192/1192/1192
f 1183/1183/1183 1192/1192/1192 1191/1191/1191
f 1184/1184/1184 1185/1185/1185 1193/1193/1193
f 1184/1184/1184 1193/1193/1193 1192/1192/1192
f 1185/1185/1185 1186/1186/1186 1194/1194/1194
f 1185/1185/1185 1194/1194/1194 1193/1193/1193
f 1186/1186/1186 1187/1187/1187 1195/1195/1195
f 1186/1186/1186 1195/1195/1195 1194/1194/1194
f 1187/1187/1187 1188/1188/1188 1196/1196/1196
f 1187/1187/1187 1196/1196/1196 1195/1195/1195
f 1188/1188/1188 1189/1189/1189 1197/1197/1197
f 1188/1188/1188 1197/1197/1197 1196/1196/1196
f 1189/1189/1189 1190/1190/1190 1198/1198/1198
f 1189/1189/1189 1198/1198/1198 1197/1197/1197
f 1191/1191/1191 1192/1192/1192 1200/1200/1200
f 1191/1191/1191 1200/1200/1200 1199/1199/1199
f 1192/1192/1192 1193/1193/1193 1201/1201/1201
f 1192/1192/1192 1201/1201/1201 1200/1200/1200
f 1193/1193/1193 1194/1194/1194 1202/1202/1202
f 1193/1193/1193 1202/1202/1202 1201/1201/1201
f 1194/1194/1194 1195/1195/1195 1203/1203/1203
f 1194/1194/1194 1203/1203/1203 1202/1202/1202
f 1195/1195/1195 1196/1196/1196 1204/1204/1204
f 1195/1195/1195 1204/1204/1204 1203/1203/1203
f 1196/1196/1196 1197/1197/1197 1205/1205/1205
f 1196/1196/1196 1205/1205/1205 1204/1204/1204
f 1197/1197/1197 1198/1198/1198 1206/1206/1206
f 1197/1197/1197 1206/1206/1206 1205/1205/1205
f 1207/1207/1207 1208/1208/1208 1215/1215/1215
f 1207/1207/1207 1215/1215/1215 1214/1214/1214
f 1208/1208/1208 1209/1209/1209 1216/1216/1216
f 1208/1208/1208 1216/1216/1216 1215/1215/1215
f 1209/1209/1209 1210/1210/1210 1217/1217/1217
f 1209/1209/1209 1217/1217/1217 1216/1216/1216
f 1210/1210/1210 1211/1211/1211 1218/1218/1218
f 1210/1210/1210 1218/1218/1218 1217/1217/1217
f 1211/1211/1211 1212/1212/1212 1219/1219/1219
f 1211/1211/1211 1219/1219/1219 1218/1218/1218
f 1212/1212/1212 1213/1213/1213 1220/1220/1220
f 1212/1212/1212 1220/1220/1220 1219/1219/1219
f 1221/1221/1221 1223/1223/1223 1222/1222/1222
f 1221/1221/1221 1224/1224/1224 1223/1223/1223
f 1221/1221/1221 1225/1225/1225 1224/1224/1224
f 1221/1221/1221 1226/1226/1226 1225/1225/1225
f 1221/1221/1221 1227/1227/1227 1226/1226/1226
f 1221/1221/1221 1222/1222/1222 1227/1227/1227
f 1228/1228/1228 1229/1229/1229 1230/1230/1230
f 1228/1228/1228 1230/1230/1230 1231/1231/1231
f 1228/1228/1228 1231/1231/1231 1232/1232/1232
f 1228/1228/1228 1232/1232/1232 1233/1233/1233
f 1228/1228/1228 1233/1233/1233 1234/1234/1234
f 1228/1228/1228 1234/1234/1234 1229/1229/1229
usemtl chrome
f 1235/1235/1235 1236/1236/1236 1247/1247/1247
f 1235/1235/1235 1247/1247/1247 1246/1246/1246
f 1236/1236/1236 1237/1237/1237 1248/1248/1248
f 1236/1236/1236 1248/1248/1248 1247/1247/1247
f 1237/1237/1237 1238/1238/1238 1249/1249/1249
f 1237/1237/1237 1249/1249/1249 1248/1248/1248
f 1238/1238/1238 1239/1239/1239 1250/1250/1250
f 1238/1238/1238 1250/1250/1250 1249/1249/1249
f 1239/1239/1239 1240/1240/1240 1251/1251/1251
f 1239/1239/1239 1251/1251/1251 1250/1250/1250
f 1240/1240/1240 1241/1241/1241 1252/1252/1252
f 1240/1240/1240 1252/1252/1252 1251/1251/1251
f 1241/1241/1241 1242/1242/1242 1253/1253/1253
f 1241/1241/1241 1253/1253/1253 1252/1252/1252
f 1242/1242/1242 1243/1243/1243 1254/1254/1254
f 1242/1242/1242 1254/1254/1254 1253/1253/1253
f 1243/1243/1243 1244/1244/1244 1255/1255/1255
f 1243/1243/1243 1255/1255/1255 1254/1254/1254
f 1244/1244/1244 1245/1245/1245 1256/1256/1256
f 1244/1244/1244 1256/1256/1256 1255/1255/1255
f 1246/1246/1246 1247/1247/1247 1258/1258/1258
f 1246/1246/1246 1258/1258/1258 1257/1257/1257
f 1247/1247/1247 1248/1248/1248 1259/1259/1259
f 1247/1247/1247 1259/1259/1259 1258/1258/1258
f 1248/1248/1248 1249/1249/1249 1260/1260/1260
f 1248/1248/1248 1260/1260/1260 1259/1259/1259
f 1249/1249/1249 1250/1250/1250 1261/1261/1261
f 1249/1249/1249 1261/1261/1261 1260/1260/1260
f 1250/1250/1250 1251/1251/1251 1262/1262/1262
f 1250/1250/1250 1262/1262/1262 1261/1261/1261
f 1251/1251/1251 1252/1252/1252 1263/1263/1263
f 1251/1251/1251 1263/1263/1263 1262/1262/1262
f 1252/1252/1252 1253/1253/1253 1264/1264/1264
f 1252/1252/1252 1264/1264/1264 1263/1263/1263
f 1253/1253/1253 1254/1254/1254 1265/1265/1265
f 1253/1253/1253 1265/1265/1265 1264/1264/1264
f 1254/1254/1254 1255/1255/1255 1266/1266/1266
f 1254/1254/1254 1266/1266/1266 1265/1265/1265
f 1255/1255/1255 1256/1256/1256 1267/1267/1267
f 1255/1255/1255 1267/1267/1267 1266/1266/1266
f 1257/1257/1257 1258/1258/1258 1269/1269/1269
f 1257/1257/1257 1269/1269/1269 1268/1268/1268
f 1258/1258/1258 1259/1259/1259 1270/1270/1270
f 1258/1258/1258 1270/1270/1270 1269/1269/1269
f 1259/1259/1259 1260/1260/1260 1271/1271/1271
f 1259/1259/1259 1271/1271/1271 1270/1270/1270
f 1260/1260/1260 1261/1261/1261 1272/1272/1272
f 1260/1260/1260 1272/1272/1272 1271/1271/1271
f 1261/1261/1261 1262/1262/1262 1273/1273/1273
f 1261/1261/1261 1273/1273/1273 1272/1272/1272
f 1262/1262/1262 1263/1263/1263 1274/1274/1274
f 1262/1262/1262 1274/1274/1274 1273/1273/1273
f 1263/1263/1263 1264/1264/1264 1275/1275/1275
f 1263/1263/1263 1275/1275/1275 1274/1274/1274
f 1264/1264/1264 1265/1265/1265 1276/1276/1276
f 1264/1264/1264 1276/1276/1276 1275/1275/1275
f 1265/1265/1265 1266/1266/1266 1277/1277/1277
f 1265/1265/1265 1277/1277/1277 1276/1276/1276
f 1266/1266/1266 1267/1267/1267 1278/1278/1278
f 1266/1266/1266 1278/1278/1278 1277/1277/1277
f 1268/1268/1268 1269/1269/1269 1280/1280/1280
f 1268/1268/1268 1280/1280/1280 1279/1279/1279
f 1269/1269/1269 1270/1270/1270 1281/1281/1281
f 1269/1269/1269 1281/1281/1281 1280/1280/1280
f 1270/1270/1270 1271/1271/1271 1282/1282/1282
f 1270/1270/1270 1282/1282/1282 1281/1281/1281
f 1271/1271/1271 1272/1272/1272 1283/1283/1283
f 1271/1271/1271 1283/1283/1283 1282/1282/1282
f 1272/1272/1272 1273/1273/1273 1284/1284/1284
f 1272/1272/1272 1284/1284/1284 1283/1283/1283
f 1273/1273/1273 1274/1274/1274 1285/1285/1285
f 1273/1273/1273 1285/1285/1285 1284/1284/1284
f 1274/1274/1274 1275/1275/1275 1286/1286/1286
f 1274/1274/1274 1286/1286/1286 1285/1285/1285
f 1275/1275/1275 1276/1276/1276 1287/1287/1287
f 1275/1275/1275 1287/1287/1287 1286/1286/1286
f 1276/1276/1276 1277/1277/1277 1288/1288/1288
f 1276/1276/1276 1288/1288/1288 1287/1287/1287
f 1277/1277/1277 1278/1278/1278 1289/1289/1289
f 1277/1277/1277 1289/1289/1289 1288/1288/1288
f 1279/1279/1279 1280/1280/1280 1291/1291/1291
f 1279/1279/1279 1291/1291/1291 1290/1290/1290
f 1280/1280/1280 1281/1281/1281 1292/1292/1292
f 1280/1280/1280 1292/1292/1292 1291/1291/1291
f 1281/1281/1281 1282/1282/1282 1293/1293/1293
f 1281/1281/1281 1293/1293/1293 1292/1292/1292
f 1282/1282/1282 1283/1283/1283 1294/1294/1294
f 1282/1282/1282 1294/1294/1294 1293/1293/1293
f 1283/1283/1283 1284/1284/1284 1295/1295/1295
f 1283/1283/1283 1295/1295/1295 1294/1294/1294
f 1284/1284/1284 1285/1285/1285 1296/1296/1296
f 1284/1284/1284 1296/1296/1296 1295/1295/1295
f 1285/1285/1285 1286/1286/1286 1297/1297/1297
f 1285/1285/1285 1297/1297/1297 1296/1296/1296
f 1286/1286/1286 1287/1287/1287 1298/1298/1298
f 1286/1286/1286 1298/1298/1298 1297/1297/1297
f 1287/1287/1287 1288/1288/1288 1299/1299/1299
f 1287/1287/1287 1299/1299/1299 1298/1298/1298
f 1288/1288/1288 1289/1289/1289 1300/1300/1300
f 1288/1288/1288 1300/1300/1300 1299/1299/1299
f 1290/1290/1290 1291/1291/1291 1302/1302/1302
f 1290/1290/1290 1302/1302/1302 1301/1301/1301
f 1291/1291/1291 1292/1292/1292 1303/1303/1303
f 1291/1291/1291 1303/1303/1303 1302/1302/1302
f 1292/1292/1292 1293/1293/1293 1304/1304/1304
f 1292/1292/1292 1304/1304/1304 1303/1303/1303
f 1293/1293/1293 1294/1294/1294 1305/1305/1305
f 1293/1293/1293 1305/1305/1305 1304/1304/1304
f 1294/1294/1294 1295/1295/1295 1306/1306/1306
f 1294/1294/1294 1306/1306/1306 1305/1305/1305
f 1295/1295/1295 1296/1296/1296 1307/1307/1307
f 1295/1295/1295 1307/1307/1307 1306/1306/1306
f 1296/1296/1296 1297/1297/1297 1308/1308/1308
f 1296/1296/1296 1308/1308/1308 1307/1307/1307
f 1297/1297/1297 1298/1298/1298 1309/1309/1309
f 1297/1297/1297 1309/1309/1309 1308/1308/1308
f 1298/1298/1298 1299/1299/1299 1310/1310/1310
f 1298/1298/1298 1310/1310/1310 1309/1309/1309
f 1299/1299/1299 1300/1300/1300 1311/1311/1311
f 1299/1299/1299 1311/1311/1311 1310/1310/1310
f 1301/1301/1301 1302/1302/1302 1313/1313/1313
f 1301/1301/1301 1313/1313/1313 1312/1312/1312
f 1302/1302/1302 1303/1303/1303 1314/1314/1314
f 1302/1302/1302 1314/1314/1314 1313/1313/1313
f 1303/1303/1303 1304/1304/1304 1315/1315/1315
f 1303/1303/1303 1315/1315/1315 1314/1314/1314
f 1304/1304/1304 1305/1305/1305 1316/1316/1316
f 1304/1304/1304 1316/1316/1316 1315/1315/1315
f 1305/1305/1305 1306/1306/1306 1317/1317/1317
f 1305/1305/1305 1317/1317/1317 1316/1316/1316
f 1306/1306/1306 1307/1307/1307 1318/1318/1318
f 1306/1306/1306 1318/1318/1318 1317/1317/1317
f 1307/1307/1307 1308/1308/1308 1319/1319/1319
f 1307/1307/1307 1319/1319/1319 1318/1318/1318
f 1308/1308/1308 1309/1309/1309 1320/1320/1320
f 1308/1308/1308 1320/1320/1320 1319/1319/1319
f 1309/1309/1309 1310/1310/1310 1321/1321/1321
f 1309/1309/1309 1321/1321/1321 1320/1320/1320
f 1310/1310/1310 1311/1311/1311 1322/1322/1322
f 1310/1310/1310 1322/1322/1322 1321/1321/1321
f 1312/1312/1312 1313/1313/1313 1324/1324/1324
f 1312/1312/1312 1324/1324/1324 1323/1323/1323
f 1313/1313/1313 1314/1314/1314 1325/1325/1325
f 1313/1313/1313 1325/1325/1325 1324/1324/1324
f 1314/1314/1314 1315/1315/1315 1326/1326/1326
f 1314/1314/1314 1326/1326/1326 1325/1325/1325
f 1315/1315/1315 1316/1316/1316 1327/1327/1327
f 1315/1315/1315 1327/1327/1327 1326/1326/1326
f 1316/1316/1316 1317/1317/1317 1328/1328/1328
f 1316/1316/1316 1328/1328/1328 1327/1327/1327
f 1317/1317/1317 1318/1318/1318 1329/1329/1329
f 1317/1317/1317 1329/1329/1329 1328/1328/1328
f 1318/1318/1318 1319/1319/1319 1330/1330/1330
f 1318/1318/1318 1330/1330/1330 1329/1329/1329
f 1319/1319/1319 1320/1320/1320 1331/1331/1331
f 1319/1319/1319 1331/1331/1331 1330/1330/1330
f 1320/1320/1320 1321/1321/1321 1332/1332/1332
f 1320/1320/1320 1332/1332/1332 1331/1331/1331
f 1321/1321/1321 1322/1322/1322 1333/1333/1333
f 1321/1321/1321 1333/1333/1333 1332/1332/1332
f 1334/1334/1334 1336/1336/1336 1335/1335/1335
f 1334/1334/1334 1337/1337/1337 1336/1336/1336
f 1334/1334/1334 1338/1338/1338 1337/1337/1337
f 1334/1334/1334 1339/1339/1339 1338/1338/1338
f 1334/1334/1334 1340/1340/1340 1339/1339/1339
f 1334/1334/1334 1341/1341/1341 1340/1340/1340
f 1334/1334/1334 1342/1342/1342 1341/1341/1341
f 1334/1334/1334 1343/1343/1343 1342/1342/1342
f 1334/1334/1334 1344/1344/1344 1343/1343/1343
f 1334/1334/1334 1335/1335/1335 1344/1344/1344
f 1345/1345/1345 1346/1346/1346 1347/1347/1347
f 1345/1345/1345 1347/1347/1347 1348/1348/1348
f 1345/1345/1345 1348/1348/1348 1349/1349/1349
f 1345/1345/1345 1349/1349/1349 1350/1350/1350
f 1345/1345/1345 1350/1350/1350 1351/1351/1351
f 1345/1345/1345 1351/1351/1351 1352/1352/1352
f 1345/1345/1345 1352/1352/1352 1353/1353/1353
f 1345/1345/1345 1353/1353/1353 1354/1354/1354
f 1345/1345/1345 1354/1354/1354 1355/1355/1355
f 1345/1345/1345 1355/1355/1355 1346/1346/1346
f 1356/1356/1356 1357/1357/1357 1368/1368/1368
f 1356/1356/1356 1368/1368/1368 1367/1367/1367
f 1357/1357/1357 1358/1358/1358 1369/1369/1369
f 1357/1357/1357 1369/1369/1369 1368/1368/1368
f 1358/1358/1358 1359/1359/1359 1370/1370/1370
f 1358/1358/1358 1370/1370/1370 1369/1369/1369
f 1359/1359/1359 1360/1360/1360 1371/1371/1371
f 1359/1359/1359 1371/1371/1371 1370/1370/1370
f 1360/1360/1360 1361/1361/1361 1372/1372/1372
f 1360/1360/1360 1372/1372/1372 1371/1371/1371
f 1361/1361/1361 1362/1362/1362 1373/1373/1373
f 1361/1361/1361 1373/1373/1373 1372/1372/1372
f 1362/1362/1362 1363/1363/1363 1374/1374/1374
f 1362/1362/1362 1374/1374/1374 1373/1373/1373
f 1363/1363/1363 1364/1364/1364 1375/1375/1375
f 1363/1363/1363 1375/1375/1375 1374/1374/1374
f 1364/1364/1364 1365/1365/1365 1376/1376/1376
f 1364/1364/1364 1376/1376/1376 1375/1375/1375
f 1365/1365/1365 1366/1366/1366 1377/1377/1377
f 1365/1365/1365 1377/1377/1377 1376/1376/1376
f 1367/1367/1367 1368/1368/1368 1379/1379/1379
f 1367/1367/1367 1379/1379/1379 1378/1378/1378
f 1368/1368/1368 1369/1369/1369 1380/1380/1380
f 1368/1368/1368 1380/1380/1380 1379/1379/1379
f 1369/1369/1369 1370/1370/1370 1381/1381/1381
f 1369/1369/1369 1381/1381/1381 1380/1380/1380
f 1370/1370/1370 1371/1371/1371 1382/1382/1382
f 1370/1370/1370 1382/1382/1382 1381/1381/1381
f 1371/1371/1371 1372/1372/1372 1383/1383/1383
f 1371/1371/1371 1383/1383/1383 1382/1382/1382
f 1372/1372/1372 1373/1373/1373 1384/1384/1384
f 1372/1372/1372 1384/1384/1384 1383/1383/1383
f 1373/1373/1373 1374/1374/1374 1385/1385/1385
f 1373/1373/1373 1385/1385/1385 1384/1384/1384
f 1374/1374/1374 1375/1375/1375 1386/1386/1386
f 1374/1374/1374 1386/1386/1386 1385/1385/1385
f 1375/1375/1375 1376/1376/1376 1387/1387/1387
f 1375/1375/1375 1387/1387/1387 1386/1386/1386
f 1376/1376/1376 1377/1377/1377 1388/1388/1388
f 1376/1376/1376 1388/1388/1388 1387/1387/1387
f 1378/1378/1378 1379/1379/1379 1390/1390/1390
f 1378/1378/1378 1390/1390/1390 1389/1389/1389
f 1379/1379/1379 1380/1380/1380 1391/1391/1391
f 1379/1379/1379 1391/1391/1391 1390/1390/1390
f 1380/1380/1380 1381/1381/1381 1392/1392/1392
f 1380/1380/1380 1392/1392/1392 1391/1391/1391
f 1381/1381/1381 1382/1382/1382 1393/1393/1393
f 1381/1381/1381 1393/1393/1393 1392/1392/1392
f 1382/1382/1382 1383/1383/1383 1394/1394/1394
f 1382/1382/1382 1394/1394/1394 1393/1393/1393
f 1383/1383/1383 1384/1384/1384 1395/1395/1395
f 1383/1383/1383 1395/1395/1395 1394/1394/1394
f 1384/1384/1384 1385/1385/1385 1396/1396/1396
f 1384/1384/1384 1396/1396/1396 1395/1395/1395
f 1385/1385/1385 1386/1386/1386 1397/1397/1397
f 1385/1385/1385 1397/1397/1397 1396/1396/1396
f 1386/1386/1386 1387/1387/1387 1398/1398/1398
f 1386/1386/1386 1398/1398/1398 1397/1397/1397
f 1387/1387/1387 1388/1388/1388 1399/1399/1399
f 1387/1387/1387 1399/1399/1399 1398/1398/1398
f 1389/1389/1389 1390/1390/1390 1401/1401/1401
f 1389/1389/1389 1401/1401/1401 1400/1400/1400
f 1390/1390/1390 1391/1391/1391 1402/1402/1402
f 1390/1390/1390 1402/1402/1402 1401/1401/1401
f 1391/1391/1391 1392/1392/1392 1403/1403/1403
f 1391/1391/1391 1403/1403/1403 1402/1402/1402
f 1392/1392/1392 1393/1393/1393 1404/1404/1404
f 1392/1392/1392 1404/1404/1404 1403/1403/1403
f 1393/1393/1393 1394/1394/1394 1405/1405/1405
f 1393/1393/1393 1405/1405/1405 1404/1404/1404
f 1394/1394/1394 1395/1395/1395 1406/1406/1406
f 1394/1394/1394 1406/1406/1406 1405/1405/1405
f 1395/1395/1395 1396/1396/1396 1407/1407/1407
f 1395/1395/1395 1407/1407/1407 1406/1406/1406
f 1396/1396/1396 1397/1397/1397 1408/1408/1408
f 1396/1396/1396 1408/1408/1408 1407/1407/1407
f 1397/1397/1397 1398/1398/1398 1409/1409/1409
f 1397/1397/1397 1409/1409/1409 1408/1408/1408
f 1398/1398/1398 1399/1399/1399 1410/1410/1410
f 1398/1398/1398 1410/1410/1410 1409/1409/1409
f 1400/1400/1400 1401/1401/1401 1412/1412/1412
f 1400/1400/1400 1412/1412/1412 1411/1411/1411
f 1401/1401/1401 1402/1402/1402 1413/1413/1413
f 1401/1401/1401 1413/1413/1413 1412/1412/1412
f 1402/1402/1402 1403/1403/1403 1414/1414/1414
f 1402/1402/1402 1414/1414/1414 1413/1413/1413
f 1403/1403/1403 1404/1404/1404 1415/1415/1415
f 1403/1403/1403 1415/1415/1415 1414/1414/1414
f 1404/1404/1404 1405/1405/1405 1416/1416/1416
f 1404/1404/1404 1416/1416/1416 1415/1415/1415
f 1405/1405/1405 1406/1406/1406 1417/1417/1417
f 1405/1405/1405 1417/1417/1417 1416/1416/1416
f 1406/1406/1406 1407/1407/1407 1418/1418/1418
f 1406/1406/1406 1418/1418/1418 1417/1417/1417
f 1407/1407/1407 1408/1408/1408 1419/1419/1419
f 1407/1407/1407 1419/1419/1419 1418/1418/1418
f 1408/1408/1408 1409/1409/1409 1420/1420/1420
f 1408/1408/1408 1420/1420/1420 1419/1419/1419
f 1409/1409/1409 1410/1410/1410 1421/1421/1421
f 1409/1409/1409 1421/1421/1421 1420/1420/1420
f 1411/1411/1411 1412/1412/1412 1423/1423/1423
f 1411/1411/1411 1423/1423/1423 1422/1422/1422
f 1412/1412/1412 1413/1413/1413 1424/1424/1424
f 1412/1412/1412 1424/1424/1424 1423/1423/1423
f 1413/1413/1413 1414/1414/1414 1425/1425/1425
f 1413/1413/1413 1425/1425/1425 1424/1424/1424
f 1414/1414/1414 1415/1415/1415 1426/1426/1426
f 1414/1414/1414 1426/1426/1426 1425/1425/1425
f 1415/1415/1415 1416/1416/1416 1427/1427/1427
f 1415/1415/1415 1427/1427/1427 1426/1426/1426
f 1416/1416/1416 1417/1417/1417 1428/1428/1428
f 1416/1416/1416 1428/1428/1428 1427/1427/1427
f 1417/1417/1417 1418/1418/1418 1429/1429/1429
f 1417/1417/1417 1429/1429/1429 1428/1428/1428
f 1418/1418/1418 1419/1419/1419 1430/1430/1430
f 1418/1418/1418 1430/1430/1430 1429/1429/1429
f 1419/1419/1419 1420/1420/1420 1431/1431/1431
f 1419/1419/1419 1431/1431/1431 1430/1430/1430
f 1420/1420/1420 1421/1421/1421 1432/1432/1432
f 1420/1420/1420 1432/1432/1432 1431/1431/1431
f 1422/1422/1422 1423/1423/1423 1434/1434/1434
f 1422/1422/1422 1434/1434/1434 1433/1433/1433
f 1423/1423/1423 1424/1424/1424 1435/1435/1435
f 1423/1423/1423 1435/1435/1435 1434/1434/1434
f 1424/1424/1424 1425/1425/1425 1436/1436/1436
f 1424/1424/1424 1436/1436/1436 1435/1435/1435
f 1425/1425/1425 1426/1426/1426 1437/1437/1437
f 1425/1425/1425 1437/1437/1437 1436/1436/1436
f 1426/1426/1426 1427/1427/1427 1438/1438/1438
f 1426/1426/1426 1438/1438/1438 1437/1437/1437
f 1427/1427/1427 1428/1428/1428 1439/1439/1439
f 1427/1427/1427 1439/1439/1439 1438/1438/1438
f 1428/1428/1428 1429/1429/1429 1440/1440/1440
f 1428/1428/1428 1440/1440/1440 1439/1439/1439
f 1429/1429/1429 1430/1430/1430 1441/1441/1441
f 1429/1429/1429 1441/1441/1441 1440/1440/1440
f 1430/1430/1430 1431/1431/1431 1442/1442/1442
f 1430/1430/1430 1442/1442/1442 1441/1441/1441
f 1431/1431/1431 1432/1432/1432 1443/1443/1443
f 1431/1431/1431 1443/1443/1443 1442/1442/1442
f 1433/1433/1433 1434/1434/1434 1445/1445/1445
f 1433/1433/1433 1445/1445/1445 1444/1444/1444
f 1434/1434/1434 1435/1435/1435 1446/1446/1446
f 1434/1434/1434 1446/1446/1446 1445/1445/1445
f 1435/1435/1435 1436/1436/1436 1447/1447/1447
f 1435/1435/1435 1447/1447/1447 1446/1446/1446
f 1436/1436/1436 1437/1437/1437 1448/1448/1448
f 1436/1436/1436 1448/1448/1448 1447/1447/1447
f 1437/1437/1437 1438/1438/1438 1449/1449/1449
f 1437/1437/1437 1449/1449/1449 1448/1448/1448
f 1438/1438/1438 1439/1439/1439 1450/1450/1450
f 1438/1438/1438 1450/1450/1450 1449/1449/1449
f 1439/1439/1439 1440/1440/1440 1451/1451/1451
f 1439/1439/1439 1451/1451/1451 1450/1450/1450
f 1440/1440/1440 1441/1441/1441 1452/1452/1452
f 1440/1440/1440 1452/1452/1452 1451/1451/1451
f 1441/1441/1441 1442/1442/1442 1453/1453/1453
f 1441/1441/1441 1453/1453/1453 1452/1452/1452
f 1442/1442/1442 1443/1443/1443 1454/1454/1454
f 1442/1442/1442 1454/1454/1454 1453/1453/1453
f 1444/1444/1444 1445/1445/1445 1456/1456/1456
f 1444/1444/1444 1456/1456/1456 1455/1455/1455
f 1445/1445/1445 1446/1446/1446 1457/1457/1457
f 1445/1445/1445 1457/1457/1457 1456/1456/1456
f 1446/1446/1446 1447/1447/1447 1458/1458/1458
f 1446/1446/1446 1458/1458/1458 1457/1457/1457
f 1447/1447/1447 1448/1448/1448 1459/1459/1459
f 1447/1447/1447 1459/1459/1459 1458/1458/1458
f 1448/1448/1448 1449/1449/1449 1460/1460/1460
f 1448/1448/1448 1460/1460/1460 1459/1459/1459
f 1449/1449/1449 1450/1450/1450 1461/1461/1461
f 1449/1449/1449 1461/1461/1461 1460/1460/1460
f 1450/1450/1450 1451/1451/1451 1462/1462/1462
f 1450/1450/1450 1462/1462/1462 1461/1461/1461
f 1451/1451/1451 1452/1452/1452 1463/1463/1463
f 1451/1451/1451 1463/1463/1463 1462/1462/1462
f 1452/1452/1452 1453/1453/1453 1464/1464/1464
f 1452/1452/1452 1464/1464/1464 1463/1463/1463
f 1453/1453/1453 1454/1454/1454 1465/1465/1465
f 1453/1453/1453 1465/1465/1465 1464/1464/1464
f 1455/1455/1455 1456/1456/1456 1467/1467/1467
f 1455/1455/1455 1467/1467/1467 1466/1466/1466
f 1456/1456/1456 1457/1457/1457 1468/1468/1468
f 1456/1456/1456 1468/1468/1468 1467/1467/1467
f 1457/1457/1457 1458/1458/1458 1469/1469/1469
f 1457/1457/1457 1469/1469/1469 1468/1468/1468
f 1458/1458/1458 1459/1459/1459 1470/1470/1470
f 1458/1458/1458 1470/1470/1470 1469/1469/1469
f 1459/1459/1459 1460/1460/1460 1471/1471/1471
f 1459/1459/1459 1471/1471/1471 1470/1470/1470
f 1460/1460/1460 1461/1461/1461 1472/1472/1472
f 1460/1460/1460 1472/1472/1472 1471/1471/1471
f 1461/1461/1461 1462/1462/1462 1473/1473/1473
f 1461/1461/1461 1473/1473/1473 1472/1472/1472
f 1462/1462/1462 1463/1463/1463 1474/1474/1474
f 1462/1462/1462 1474/1474/1474 1473/1473/1473
f 1463/1463/1463 1464/1464/1464 1475/1475/1475
f 1463/1463/1463 1475/1475/1475 1474/1474/1474
f 1464/1464/1464 1465/1465/1465 1476/1476/1476
f 1464/1464/1464 1476/1476/1476 1475/1475/1475
f 1466/1466/1466 1467/1467/1467 1478/1478/1478
f 1466/1466/1466 1478/1478/1478 1477/1477/1477
f 1467/1467/1467 1468/1468/1468 1479/1479/1479
f 1467/1467/1467 1479/1479/1479 1478/1478/1478
f 1468/1468/1468 1469/1469/1469 1480/1480/1480
f 1468/1468/1468 1480/1480/1480 1479/1479/1479
f 1469/1469/1469 1470/1470/1470 1481/1481/1481
f 1469/1469/1469 1481/1481/1481 1480/1480/1480
f 1470/1470/1470 1471/1471/1471 1482/1482/1482
f 1470/1470/1470 1482/1482/1482 1481/1481/1481
f 1471/1471/1471 1472/1472/1472 1483/1483/1483
f 1471/1471/1471 1483/1483/1483 1482/1482/1482
f 1472/1472/1472 1473/1473/1473 1484/1484/1484
f 1472/1472/1472 1484/1484/1484 1483/1483/1483
f 1473/1473/1473 1474/1474/1474 1485/1485/1485
f 1473/1473/1473 1485/1485/1485 1484/1484/1484
f 1474/1474/1474 1475/1475/1475 1486/1486/1486
f 1474/1474/1474 1486/1486/1486 1485/1485/1485
f 1475/1475/1475 1476/1476/1476 1487/1487/1487
f 1475/1475/1475 1487/1487/1487 1486/1486/1486
f 1477/1477/1477 1478/1478/1478 1489/1489/1489
f 1477/1477/1477 1489/1489/1489 1488/1488/1488
f 1478/1478/1478 1479/1479/1479 1490/1490/1490
f 1478/1478/1478 1490/1490/1490 1489/1489/1489
f 1479/1479/1479 1480/1480/1480 1491/1491/1491
f 1479/1479/1479 1491/1491/1491 1490/1490/1490
f 1480/1480/1480 1481/1481/1481 1492/1492/1492
f 1480/1480/1480 1492/1492/1492 1491/1491/1491
f 1481/1481/1481 1482/1482/1482 1493/1493/1493
f 1481/1481/1481 1493/1493/1493 1492/1492/1492
f 1482/1482/1482 1483/1483/1483 1494/1494/1494
f 1482/1482/1482 1494/1494/1494 1493/1493/1493
f 1483/1483/1483 1484/1484/1484 1495/1495/1495
f 1483/1483/1483 1495/1495/1495 1494/1494/1494
f 1484/1484/1484 1485/1485/1485 1496/1496/1496
f 1484/1484/1484 1496/1496/1496 1495/1495/1495
f 1485/1485/1485 1486/1486/1486 1497/1497/1497
f 1485/1485/1485 1497/1497/1497 1496/1496/1496
f 1486/1486/1486 1487/1487/1487 1498/1498/1498
f 1486/1486/1486 1498/1498/1498 1497/1497/1497
f 1488/1488/1488 1489/1489/1489 1500/1500/1500
f 1488/1488/1488 1500/1500/1500 1499/1499/1499
f 1489/1489/1489 1490/1490/1490 1501/1501/1501
f 1489/1489/1489 1501/1501/1501 1500/1500/1500
f 1490/1490/1490 1491/1491/1491 1502/1502/1502
f 1490/1490/1490 1502/1502/1502 1501/1501/1501
f 1491/1491/1491 1492/1492/1492 1503/1503/1503
f 1491/1491/1491 1503/1503/1503 1502/1502/1502
f 1492/1492/1492 1493/1493/1493 1504/1504/1504
f 1492/1492/1492 1504/1504/1504 1503/1503/1503
f 1493/1493/1493 1494/1494/1494 1505/1505/1505
f 1493/1493/1493 1505/1505/1505 1504/1504/1504
f 1494/1494/1494 1495/1495/1495 1506/1506/1506
f 1494/1494/1494 1506/1506/1506 1505/1505/1505
f 1495/1495/1495 1496/1496/1496 1507/1507/1507
f 1495/1495/1495 1507/1507/1507 1506/1506/1506
f 1496/1496/1496 1497/1497/1497 1508/1508/1508
f 1496/1496/1496 1508/1508/1508 1507/1507/1507
f 1497/1497/1497 1498/1498/1498 1509/1509/1509
f 1497/1497/1497 1509/1509/1509 1508/1508/1508
f 1510/1510/1510 1512/1512/1512 1511/1511/1511
f 1510/1510/1510 1513/1513/1513 1512/1512/1512
f 1510/1510/1510 1514/1514/1514 1513/1513/1513
f 1510/1510/1510 1515/1515/1515 1514/1514/1514
f 1510/1510/1510 1516/1516/1516 1515/1515/1515
f 1510/1510/1510 1517/1517/1517 1516/1516/1516
f 1510/1510/1510 1518/1518/1518 1517/1517/1517
f 1510/1510/1510 1519/1519/1519 1518/1518/1518
f 1510/1510/1510 1520/1520/1520 1519/1519/1519
f 1510/1510/1510 1511/1511/1511 1520/1520/1520
f 1521/1521/1521 1522/1522/1522 1523/1523/1523
f 1521/1521/1521 1523/1523/1523 1524/1524/1524
f 1521/1521/1521 1524/1524/1524 1525/1525/1525
f 1521/1521/1521 1525/1525/1525 1526/1526/1526
f 1521/1521/1521 1526/1526/1526 1527/1527/1527
f 1521/1521/1521 1527/1527/1527 1528/1528/1528
f 1521/1521/1521 1528/1528/1528 1529/1529/1529
f 1521/1521/1521 1529/1529/1529 1530/1530/1530
f 1521/1521/1521 1530/1530/1530 1531/1531/1531
f 1521/1521/1521 1531/1531/1531 1522/1522/1522
f 1532/1532/1532 1533/1533/1533 1540/1540/1540
f 1532/1532/1532 1540/1540/1540 1539/1539/1539
f 1533/1533/1533 1534/1534/1534 1541/1541/1541
f 1533/1533/1533 1541/1541/1541 1540/1540/1540
f 1534/1534/1534 1535/1535/1535 1542/1542/1542
f 1534/1534/1534 1542/1542/1542 1541/1541/1541
f 1535/1535/1535 1536/1536/1536 1543/1543/1543
f 1535/1535/1535 1543/1543/1543 1542/1542/1542
f 1536/1536/1536 1537/1537/1537 1544/1544/1544
f 1536/1536/1536 1544/1544/1544 1543/1543/1543
f 1537/1537/1537 1538/1538/1538 1545/1545/1545
f 1537/1537/1537 1545/1545/1545 1544/1544/1544
f 1546/1546/1546 1548/1548/1548 1547/1547/1547
f 1546/1546/1546 1549/1549/1549 1548/1548/1548
f 1546/1546/1546 1550/1550/1550 1549/1549/1549
f 1546/1546/1546 1551/1551/1551 1550/1550/1550
f 1546/1546/1546 1552/1552/1552 1551/1551/1551
f 1546/1546/1546 1547/1547/1547 1552/1552/1552
f 1553/1553/1553 1554/1554/1554 1555/1555/1555
f 1553/1553/1553 1555/1555/1555 1556/1556/1556
f 1553/1553/1553 1556/1556/1556 1557/1557/1557
f 1553/1553/1553 1557/1557/1557 1558/1558/1558
f 1553/1553/1553 1558/1558/1558 1559/1559/1559
f 1553/1553/1553 1559/1559/1559 1554/1554/1554
f 1560/1560/1560 1561/1561/1561 1568/1568/1568
f 1560/1560/1560 1568/1568/1568 1567/1567/1567
f 1561/1561/1561 1562/1562/1562 1569/1569/1569
f 1561/1561/1561 1569/1569/1569 1568/1568/1568
f 1562/1562/1562 1563/1563/1563 1570/1570/1570
f 1562/1562/1562 1570/1570/1570 1569/1569/1569
f 1563/1563/1563 1564/1564/1564 1571/1571/1571
f 1563/1563/1563 1571/1571/1571 1570/1570/1570
f 1564/1564/1564 1565/1565/1565 1572/1572/1572
f 1564/1564/1564 1572/1572/1572 1571/1571/1571
f 1565/1565/1565 1566/1566/1566 1573/1573/1573
f 1565/1565/1565 1573/1573/1573 1572/1572/1572
f 1574/1574/1574 1576/1576/1576 1575/1575/1575
f 1574/1574/1574 1577/1577/1577 1576/1576/1576
f 1574/1574/1574 1578/1578/1578 1577/1577/1577
f 1574/1574/1574 1579/1579/1579 1578/1578/1578
f 1574/1574/1574 1580/1580/1580 1579/1579/1579
f 1574/1574/1574 1575/1575/1575 1580/1580/1580
f 1581/1581/1581 1582/1582/1582 1583/1583/1583
f 1581/1581/1581 1583/1583/1583 1584/1584/1584
f 1581/1581/1581 1584/1584/1584 1585/1585/1585
f 1581/1581/1581 1585/1585/1585 1586/1586/1586
f 1581/1581/1581 1586/1586/1586 1587/1587/1587
f 1581/1581/1581 1587/1587/1587 1582/1582/1582
f 1588/1588/1588 1589/1589/1589 1600/1600/1600
f 1588/1588/1588 1600/1600/1600 1599/1599/1599
f 1589/1589/1589 1590/1590/1590 1601/1601/1601
f 1589/1589/1589 1601/1601/1601 1600/1600/1600
f 1590/1590/1590 1591/1591/1591 1602/1602/1602
f 1590/1590/1590 1602/1602/1602 1601/1601/1601
f 1591/1591/1591 1592/1592/1592 1603/1603/1603
f 1591/1591/1591 1603/1603/1603 1602/1602/1602
f 1592/1592/1592 1593/1593/1593 1604/1604/1604
f 1592/1592/1592 1604/1604/1604 1603/1603/1603
f 1593/1593/1593 1594/1594/1594 1605/1605/1605
f 1593/1593/1593 1605/1605/1605 1604/1604/1604
f 1594/1594/1594 1595/1595/1595 1606/1606/1606
f 1594/1594/1594 1606/1606/1606 1605/1605/1605
f 1595/1595/1595 1596/1596/1596 1607/1607/1607
f 1595/1595/1595 1607/1607/1607 1606/1606/1606
f 1596/1596/1596 1597/1597/1597 1608/1608/1608
f 1596/1596/1596 1608/1608/1608 1607/1607/1607
f 1597/1597/1597 1598/1598/1598 1609/1609/1609
f 1597/1597/1597 1609/1609/1609 1608/1608/1608
f 1599/1599/1599 1600/1600/1600 1611/1611/1611
f 1599/1599/1599 1611/1611/1611 1610/1610/1610
f 1600/1600/1600 1601/1601/1601 1612/1612/1612
f 1600/1600/1600 1612/1612/1612 1611/1611/1611
f 1601/1601/1601 1602/1602/1602 1613/1613/1613
f 1601/1601/1601 1613/1613/1613 1612/1612/1612
f 1602/1602/1602 1603/1603/1603 1614/1614/1614
f 1602/1602/1602 1614/1614/1614 1613/1613/1613
f 1603/1603/1603 1604/1604/1604 1615/1615/1615
f 1603/1603/1603 1615/1615/1615 1614/1614/1614
f 1604/1604/1604 1605/1605/1605 1616/1616/1616
f 1604/1604/1604 1616/1616/1616 1615/1615/1615
f 1605/1605/1605 1606/1606/1606 1617/1617/1617
f 1605/1605/1605 1617/1617/1617 1616/1616/1616
f 1606/1606/1606 1607/1607/1607 1618/1618/1618
f 1606/1606/1606 1618/1618/1618 1617/1617/1617
f 1607/1607/1607 1608/1608/1608 1619/1619/1619
f 1607/1607/1607 1619/1619/1619 1618/1618/1618
f 1608/1608/1608 1609/1609/1609 1620/1620/1620
f 1608/1608/1608 1620/1620/1620 1619/1619/1619
f 1610/1610/1610 1611/1611/1611 1622/1622/1622
f 1610/1610/1610 1622/1622/1622 1621/1621/1621
f 1611/1611/1611 1612/1612/1612 1623/1623/1623
f 1611/1611/1611 1623/1623/1623 1622/1622/1622
f 1612/1612/1612 1613/1613/1613 1624/1624/1624
f 1612/1612/1612 1624/1624/1624 1623/1623/1623
f 1613/1613/1613 1614/1614/1614 1625/1625/1625
f 1613/1613/1613 1625/1625/1625 1624/1624/1624
f 1614/1614/1614 1615/1615/1615 1626/1626/1626
f 1614/1614/1614 1626/1626/1626 1625/1625/1625
f 1615/1615/1615 1616/1616/1616 1627/1627/1627
f 1615/1615/1615 1627/1627/1627 1626/1626/1626
f 1616/1616/1616 1617/1617/1617 1628/1628/1628
f 1616/1616/1616 1628/1628/1628 1627/1627/1627
f 1617/1617/1617 1618/1618/1618 1629/1629/1629
f 1617/1617/1617 1629/1629/1629 1628/1628/1628
f 1618/1618/1618 1619/1619/1619 1630/1630/1630
f 1618/1618/1618 1630/1630/1630 1629/1629/1629
f 1619/1619/1619 1620/1620/1620 1631/1631/1631
f 1619/1619/1619 1631/1631/1631 1630/1630/1630
f 1621/1621/1621 1622/1622/1622 1633/1633/1633
f 1621/1621/1621 1633/1633/1633 1632/1632/1632
f 1622/1622/1622 1623/1623/1623 1634/1634/1634
f 1622/1622/1622 1634/1634/1634 1633/1633/1633
f 1623/1623/1623 1624/1624/1624 1635/1635/1635
f 1623/1623/1623 1635/1635/1635 1634/1634/1634
f 1624/1624/1624 1625/1625/1625 1636/1636/1636
f 1624/1624/1624 1636/1636/1636 1635/1635/1635
f 1625/1625/1625 1626/1626/1626 1637/1637/1637
f 1625/1625/1625 1637/1637/1637 1636/1636/1636
f 1626/1626/1626 1627/1627/1627 1638/1638/1638
f 1626/1626/1626 1638/1638/1638 1637/1637/1637
f 1627/1627/1627 1628/1628/1628 1639/1639/1639
f 1627/1627/1627 1639/1639/1639 1638/1638/1638
f 1628/1628/1628 1629/1629/1629 1640/1640/1640
f 1628/1628/1628 1640/1640/1640 1639/1639/1639
f 1629/1629/1629 1630/1630/1630 1641/1641/1641
f 1629/1629/1629 1641/1641/1641 1640/1640/1640
f 1630/1630/1630 1631/1631/1631 1642/1642/1642
f 1630/1630/1630 1642/1642/1642 1641/1641/1641
f 1632/1632/1632 1633/1633/1633 1644/1644/1644
f 1632/1632/1632 1644/1644/1644 1643/1643/1643
f 1633/1633/1633 1634/1634/1634 1645/1645/1645
f 1633/1633/1633 1645/1645/1645 1644/1644/1644
f 1634/1634/1634 1635/1635/1635 1646/1646/1646
f 1634/1634/1634 1646/1646/1646 1645/1645/1645
f 1635/1635/1635 1636/1636/1636 1647/1647/1647
f 1635/1635/1635 1647/1647/1647 1646/1646/1646
f 1636/1636/1636 1637/1637/1637 1648/1648/1648
f 1636/1636/1636 1648/1648/1648 1647/1647/1647
f 1637/1637/1637 1638/1638/1638 1649/1649/1649
f 1637/1637/1637 1649/1649/1649 1648/1648/1648
f 1638/1638/1638 1639/1639/1639 1650/1650/1650
f 1638/1638/1638 1650/1650/1650 1649/1649/1649
f 1639/1639/1639 1640/1640/1640 1651/1651/1651
f 1639/1639/1639 1651/1651/1651 1650/1650/1650
f 1640/1640/1640 1641/1641/1641 1652/1652/1652
f 1640/1640/1640 1652/1652/1652 1651/1651/1651
f 1641/1641/1641 1642/1642/1642 1653/1653/1653
f 1641/1641/1641 1653/1653/1653 1652/1652/1652
f 1643/1643/1643 1644/1644/1644 1655/1655/1655
f 1643/1643/1643 1655/1655/1655 1654/1654/1654
f 1644/1644/1644 1645/1645/1645 1656/1656/1656
f 1644/1644/1644 1656/1656/1656 1655/1655/1655
f 1645/1645/1645 1646/1646/1646 1657/1657/1657
f 1645/1645/1645 1657/1657/1657 1656/1656/1656
f 1646/1646/1646 1647/1647/1647 1658/1658/1658
f 1646/1646/1646 1658/1658/1658 1657/1657/1657
f 1647/1647/1647 1648/1648/1648 1659/1659/1659
f 1647/1647/1647 1659/1659/1659 1658/1658/1658
f 1648/1648/1648 1649/1649/1649 1660/1660/1660
f 1648/1648/1648 1660/1660/1660 1659/1659/1659
f 1649/1649/1649 1650/1650/1650 1661/1661/1661
f 1649/1649/1649 1661/1661/1661 1660/1660/1660
f 1650/1650/1650 1651/1651/1651 1662/1662/1662
f 1650/1650/1650 1662/1662/1662 1661/1661/1661
f 1651/1651/1651 1652/1652/1652 1663/1663/1663
f 1651/1651/1651 1663/1663/1663 1662/1662/1662
f 1652/1652/1652 1653/1653/1653 1664/1664/1664
f 1652/1652/1652 1664/1664/1664 1663/1663/1663
f 1654/1654/1654 1655/1655/1655 1666/1666/1666
f 1654/1654/1654 1666/1666/1666 1665/1665/1665
f 1655/1655/1655 1656/1656/1656 1667/1667/1667
f 1655/1655/1655 1667/1667/1667 1666/1666/1666
f 1656/1656/1656 1657/1657/1657 1668/1668/1668
f 1656/1656/1656 1668/1668/1668 1667/1667/1667
f 1657/1657/1657 1658/1658/1658 1669/1669/1669
f 1657/1657/1657 1669/1669/1669 1668/1668/1668
f 1658/1658/1658 1659/1659/1659 1670/1670/1670
f 1658/1658/1658 1670/1670/1670 1669/1669/1669
f 1659/1659/1659 1660/1660/1660 1671/1671/1671
f 1659/1659/1659 1671/1671/1671 1670/1670/1670
f 1660/1660/1660 1661/1661/1661 1672/1672/1672
f 1660/1660/1660 1672/1672/1672 1671/1671/1671
f 1661/1661/1661 1662/1662/1662 1673/1673/1673
f 1661/1661/1661 1673/1673/1673 1672/1672/1672
f 1662/1662/1662 1663/1663/1663 1674/1674/1674
f 1662/1662/1662 1674/1674/1674 1673/1673/1673
f 1663/1663/1663 1664/1664/1664 1675/1675/1675
f 1663/1663/1663 1675/1675/1675 1674/1674/1674
f 1665/1665/1665 1666/1666/1666 1677/1677/1677
f 1665/1665/1665 1677/1677/1677 1676/1676/1676
f 1666/1666/1666 1667/1667/1667 1678/1678/1678
f 1666/1666/1666 1678/1678/1678 1677/1677/1677
f 1667/1667/1667 1668/1668/1668 1679/1679/1679
f 1667/1667/1667 1679/1679/1679 1678/1678/1678
f 1668/1668/1668 1669/1669/1669 1680/1680/1680
f 1668/1668/1668 1680/1680/1680 1679/1679/1679
f 1669/1669/1669 1670/1670/1670 1681/1681/1681
f 1669/1669/1669 1681/1681/1681 1680/1680/1680
f 1670/1670/1670 1671/1671/1671 1682/1682/1682
f 1670/1670/1670 1682/1682/1682 1681/1681/1681
f 1671/1671/1671 1672/1672/1672 1683/1683/1683
f 1671/1671/1671 1683/1683/1683 1682/1682/1682
f 1672/1672/1672 1673/1673/1673 1684/1684/1684
f 1672/1672/1672 1684/1684/1684 1683/1683/1683
f 1673/1673/1673 1674/1674/1674 1685/1685/1685
f 1673/1673/1673 1685/1685/1685 1684/1684/1684
f 1674/1674/1674 1675/1675/1675 1686/1686/1686
f 1674/1674/1674 1686/1686/1686 1685/1685/1685
f 1676/1676/1676 1677/1677/1677 1688/1688/1688
f 1676/1676/1676 1688/1688/1688 1687/1687/1687
f 1677/1677/1677 1678/1678/1678 1689/1689/1689
f 1677/1677/1677 1689/1689/1689 1688/1688/1688
f 1678/1678/1678 1679/1679/1679 1690/1690/1690
f 1678/1678/1678 1690/1690/1690 1689/1689/1689
f 1679/1679/1679 1680/1680/1680 1691/1691/1691
f 1679/1679/1679 1691/1691/1691 1690/1690/1690
f 1680/1680/1680 1681/1681/1681 1692/1692/1692
f 1680/1680/1680 1692/1692/1692 1691/1691/1691
f 1681/1681/1681 1682/1682/1682 1693/1693/1693
f 1681/1681/1681 1693/1693/1693 1692/1692/1692
f 1682/1682/1682 1683/1683/1683 1694/1694/1694
f 1682/1682/1682 1694/1694/1694 1693/1693/1693
f 1683/1683/1683 1684/1684/1684 1695/1695/1695
f 1683/1683/1683 1695/1695/1695 1694/1694/1694
f 1684/1684/1684 1685/1685/1685 1696/1696/1696
f 1684/1684/1684 1696/1696/1696 1695/1695/1695
f 1685/1685/1685 1686/1686/1686 1697/1697/1697
f 1685/1685/1685 1697/1697/1697 1696/1696/1696
f 1687/1687/1687 1688/1688/1688 1699/1699/1699
f 1687/1687/1687 1699/1699/1699 1698/1698/1698
f 1688/1688/1688 1689/1689/1689 1700/1700/1700
f 1688/1688/1688 1700/1700/1700 1699/1699/1699
f 1689/1689/1689 1690/1690/1690 1701/1701/1701
f 1689/1689/1689 1701/1701/1701 1700/1700/1700
f 1690/1690/1690 1691/1691/1691 1702/1702/1702
f 1690/1690/1690 1702/1702/1702 1701/1701/1701
f 1691/1691/1691 1692/1692/1692 1703/1703/1703
f 1691/1691/1691 1703/1703/1703 1702/1702/1702
f 1692/1692/1692 1693/1693/1693 1704/1704/1704
f 1692/1692/1692 1704/1704/1704 1703/1703/1703
f 1693/1693/1693 1694/1694/1694 1705/1705/1705
f 1693/1693/1693 1705/1705/1705 1704/1704/1704
f 1694/1694/1694 1695/1695/1695 1706/1706/1706
f 1694/1694/1694 1706/1706/1706 1705/1705/1705
f 1695/1695/1695 1696/1696/1696 1707/1707/1707
f 1695/1695/1695 1707/1707/1707 1706/1706/1706
f 1696/1696/1696 1697/1697/1697 1708/1708/1708
f 1696/1696/1696 1708/1708/1708 1707/1707/1707
f 1698/1698/1698 1699/1699/1699 1710/1710/1710
f 1698/1698/1698 1710/1710/1710 1709/1709/1709
f 1699/1699/1699 1700/1700/1700 1711/1711/1711
f 1699/1699/1699 1711/1711/1711 1710/1710/1710
f 1700/1700/1700 1701/1701/1701 1712/1712/1712
f 1700/1700/1700 1712/1712/1712 1711/1711/1711
f 1701/1701/1701 1702/1702/1702 1713/1713/1713
f 1701/1701/1701 1713/1713/1713 1712/1712/1712
f 1702/1702/1702 1703/1703/1703 1714/1714/1714
f 1702/1702/1702 1714/1714/1714 1713/1713/1713
f 1703/1703/1703 1704/1704/1704 1715/1715/1715
f 1703/1703/1703 1715/1715/1715 1714/1714/1714
f 1704/1704/1704 1705/1705/1705 1716/1716/1716
f 1704/1704/1704 1716/1716/1716 1715/1715/1715
f 1705/1705/1705 1706/1706/1706 1717/1717/1717
f 1705/1705/1705 1717/1717/1717 1716/1716/1716
f 1706/1706/1706 1707/1707/1707 1718/1718/1718
f 1706/1706/1706 1718/1718/1718 1717/1717/1717
f 1707/1707/1707 1708/1708/1708 1719/1719/1719
f 1707/1707/1707 1719/1719/1719 1718/1718/1718
f 1720/1720/1720 1722/1722/1722 1721/1721/1721
f 1720/1720/1720 1723/1723/1723 1722/1722/1722
f 1720/1720/1720 1724/1724/1724 1723/1723/1723
f 1720/1720/1720 1725/1725/1725 1724/1724/1724
f 1720/1720/1720 1726/1726/1726 1725/1725/1725
f 1720/1720/1720 1727/1727/1727 1726/1726/1726
f 1720/1720/1720 1728/1728/1728 1727/1727/1727
f 1720/1720/1720 1729/1729/1729 1728/1728/1728
f 1720/1720/1720 1730/1730/1730 1729/1729/1729
f 1720/1720/1720 1721/1721/1721 1730/1730/1730
f 1731/1731/1731 1732/1732/1732 1733/1733/1733
f 1731/1731/1731 1733/1733/1733 1734/1734/1734
f 1731/1731/1731 1734/1734/1734 1735/1735/1735
f 1731/1731/1731 1735/1735/1735 1736/1736/1736
f 1731/1731/1731 1736/1736/1736 1737/1737/1737
f 1731/1731/1731 1737/1737/1737 1738/1738/1738
f 1731/1731/1731 1738/1738/1738 1739/1739/1739
f 1731/1731/1731 1739/1739/1739 1740/1740/1740
f 1731/1731/1731 1740/1740/1740 1741/1741/1741
f 1731/1731/1731 1741/1741/1741 1732/1732/1732
f 1742/1742/1742 1743/1743/1743 1754/1754/1754
f 1742/1742/1742 1754/1754/1754 1753/1753/1753
f 1743/1743/1743 1744/1744/1744 1755/1755/1755
f 1743/1743/1743 1755/1755/1755 1754/1754/1754
f 1744/1744/1744 1745/1745/1745 1756/1756/1756
f 1744/1744/1744 1756/1756/1756 1755/1755/1755
f 1745/1745/1745 1746/1746/1746 1757/1757/1757
f 1745/1745/1745 1757/1757/1757 1756/1756/1756
f 1746/1746/1746 1747/1747/1747 1758/1758/1758
f 1746/1746/1746 1758/1758/1758 1757/1757/1757
f 1747/1747/1747 1748/1748/1748 1759/1759/1759
f 1747/1747/1747 1759/1759/1759 1758/1758/1758
f 1748/1748/1748 1749/1749/1749 1760/1760/1760
f 1748/1748/1748 1760/1760/1760 1759/1759/1759
f 1749/1749/1749 1750/1750/1750 1761/1761/1761
f 1749/1749/1749 1761/1761/1761 1760/1760/1760
f 1750/1750/1750 1751/1751/1751 1762/1762/1762
f 1750/1750/1750 1762/1762/1762 1761/1761/1761
f 1751/1751/1751 1752/1752/1752 1763/1763/1763
f 1751/1751/1751 1763/1763/1763 1762/1762/1762
f 1753/1753/1753 1754/1754/1754 1765/1765/1765
f 1753/1753/1753 1765/1765/1765 1764/1764/1764
f 1754/1754/1754 1755/1755/1755 1766/1766/1766
f 1754/1754/1754 1766/1766/1766 1765/1765/1765
f 1755/1755/1755 1756/1756/1756 1767/1767/1767
f 1755/1755/1755 1767/1767/1767 1766/1766/1766
f 1756/1756/1756 1757/1757/1757 1768/1768/1768
f 1756/1756/1756 1768/1768/1768 1767/1767/1767
f 1757/1757/1757 1758/1758/1758 1769/1769/1769
f 1757/1757/1757 1769/1769/1769 1768/1768/1768
f 1758/1758/1758 1759/1759/1759 1770/1770/1770
f 1758/1758/1758 1770/1770/1770 1769/1769/1769
f 1759/1759/1759 1760/1760/1760 1771/1771/1771
f 1759/1759/1759 1771/1771/1771 1770/1770/1770
f 1760/1760/1760 1761/1761/1761 1772/1772/1772
f 1760/1760/1760 1772/1772/1772 1771/1771/1771
f 1761/1761/1761 1762/1762/1762 1773/1773/1773
f 1761/1761/1761 1773/1773/1773 1772/1772/1772
f 1762/1762/1762 1763/1763/1763 1774/1774/1774
f 1762/1762/1762 1774/1774/1774 1773/1773/1773
f 1764/1764/1764 1765/1765/1765 1776/1776/1776
f 1764/1764/1764 1776/1776/1776 1775/1775/1775
f 1765/1765/1765 1766/1766/1766 1777/1777/1777
f 1765/1765/1765 1777/1777/1777 1776/1776/1776
f 1766/1766/1766 1767/1767/1767 1778/1778/1778
f 1766/1766/1766 1778/1778/1778 1777/1777/1777
f 1767/1767/1767 1768/1768/1768 1779/1779/1779
f 1767/1767/1767 1779/1779/1779 1778/1778/1778
f 1768/1768/1768 1769/1769/1769 1780/1780/1780
f 1768/1768/1768 1780/1780/1780 1779/1779/1779
f 1769/1769/1769 1770/1770/1770 1781/1781/1781
f 1769/1769/1769 1781/1781/1781 1780/1780/1780
f 1770/1770/1770 1771/1771/1771 1782/1782/1782
f 1770/1770/1770 1782/1782/1782 1781/1781/1781
f 1771/1771/1771 1772/1772/1772 1783/1783/1783
f 1771/1771/1771 1783/1783/1783 1782/1782/1782
f 1772/1772/1772 1773/1773/1773 1784/1784/1784
f 1772/1772/1772 1784/1784/1784 1783/1783/1783
f 1773/1773/1773 1774/1774/1774 1785/1785/1785
f 1773/1773/1773 1785/1785/1785 1784/1784/1784
f 1775/1775/1775 1776/1776/1776 1787/1787/1787
f 1775/1775/1775 1787/1787/1787 1786/1786/1786
f 1776/1776/1776 1777/1777/1777 1788/1788/1788
f 1776/1776/1776 1788/1788/1788 1787/1787/1787
f 1777/1777/1777 1778/1778/1778 1789/1789/1789
f 1777/1777/1777 1789/1789/1789 1788/1788/1788
f 1778/1778/1778 1779/1779/1779 1790/1790/1790
f 1778/1778/1778 1790/1790/1790 1789/1789/1789
f 1779/1779/1779 1780/1780/1780 1791/1791/1791
f 1779/1779/1779 1791/1791/1791 1790/1790/1790
f 1780/1780/1780 1781/1781/1781 1792/1792/1792
f 1780/1780/1780 1792/1792/1792 1791/1791/1791
f 1781/1781/1781 1782/1782/1782 1793/1793/1793
f 1781/1781/1781 1793/1793/1793 1792/1792/1792
f 1782/1782/1782 1783/1783/1783 1794/1794/1794
f 1782/1782/1782 1794/1794/1794 1793/1793/1793
f 1783/1783/1783 1784/1784/1784 1795/1795/1795
f 1783/1783/1783 1795/1795/1795 1794/1794/1794
f 1784/1784/1784 1785/1785/1785 1796/1796/1796
f 1784/1784/1784 1796/1796/1796 1795/1795/1795
f 1786/1786/1786 1787/1787/1787 1798/1798/1798
f 1786/1786/1786 1798/1798/1798 1797/1797/1797
f 1787/1787/1787 1788/1788/1788 1799/1799/1799
f 1787/1787/1787 1799/1799/1799 1798/1798/1798
f 1788/1788/1788 1789/1789/1789 1800/1800/1800
f 1788/1788/1788 1800/1800/1800 1799/1799/1799
f 1789/1789/1789 1790/1790/1790 1801/1801/1801
f 1789/1789/1789 1801/1801/1801 1800/1800/1800
f 1790/1790/1790 1791/1791/1791 1802/1802/1802
f 1790/1790/1790 1802/1802/1802 1801/1801/1801
f 1791/1791/1791 1792/1792/1792 1803/1803/1803
f 1791/1791/1791 1803/1803/1803 1802/1802/1802
f 1792/1792/1792 1793/1793/1793 1804/1804/1804
f 1792/1792/1792 1804/1804/1804 1803/1803/1803
f 1793/1793/1793 1794/1794/1794 1805/1805/1805
f 1793/1793/1793 1805/1805/1805 1804/1804/1804
f 1794/1794/1794 1795/1795/1795 1806/1806/1806
f 1794/1794/1794 1806/1806/1806 1805/1805/1805
f 1795/1795/1795 1796/1796/1796 1807/1807/1807
f 1795/1795/1795 1807/1807/1807 1806/1806/1806
f 1797/1797/1797 1798/1798/1798 1809/1809/1809
f 1797/1797/1797 1809/1809/1809 1808/1808/1808
f 1798/1798/1798 1799/1799/1799 1810/1810/1810
f 1798/1798/1798 1810/1810/1810 1809/1809/1809
f 1799/1799/1799 1800/1800/1800 1811/1811/1811
f 1799/1799/1799 1811/1811/1811 1810/1810/1810
f 1800/1800/1800 1801/1801/1801 1812/1812/1812
f 1800/1800/1800 1812/1812/1812 1811/1811/1811
f 1801/1801/1801 1802/1802/1802 1813/1813/1813
f 1801/1801/1801 1813/1813/1813 1812/1812/1812
f 1802/1802/1802 1803/1803/1803 1814/1814/1814
f 1802/1802/1802 1814/1814/1814 1813/1813/1813
f 1803/1803/1803 1804/1804/1804 1815/1815/1815
f 1803/1803/1803 1815/1815/1815 1814/1814/1814
f 1804/1804/1804 1805/1805/1805 1816/1816/1816
f 1804/1804/1804 1816/1816/1816 1815/1815/1815
f 1805/1805/1805 1806/1806/1806 1817/1817/1817
f 1805/1805/1805 1817/1817/1817 1816/1816/1816
f 1806/1806/1806 1807/1807/1807 1818/1818/1818
f 1806/1806/1806 1818/1818/1818 1817/1817/1817
f 1808/1808/1808 1809/1809/1809 1820/1820/1820
f 1808/1808/1808 1820/1820/1820 1819/1819/1819
f 1809/1809/1809 1810/1810/1810 1821/1821/1821
f 1809/1809/1809 1821/1821/1821 1820/1820/1820
f 1810/1810/1810 1811/1811/1811 1822/1822/1822
f 1810/1810/1810 1822/1822/1822 1821/1821/1821
f 1811/1811/1811 1812/1812/1812 1823/1823/1823
f 1811/1811/1811 1823/1823/1823 1822/1822/1822
f 1812/1812/1812 1813/1813/1813 1824/1824/1824
f 1812/1812/1812 1824/1824/1824 1823/1823/1823
f 1813/1813/1813 1814/1814/1814 1825/1825/1825
f 1813/1813/1813 1825/1825/1825 1824/1824/1824
f 1814/1814/1814 1815/1815/1815 1826/1826/1826
f 1814/1814/1814 1826/1826/1826 1825/1825/1825
f 1815/1815/1815 1816/1816/1816 1827/1827/1827
f 1815/1815/1815 1827/1827/1827 1826/1826/1826
f 1816/1816/1816 1817/1817/1817 1828/1828/1828
f 1816/1816/1816 1828/1828/1828 1827/1827/1827
f 1817/1817/1817 1818/1818/1818 1829/1829/1829
f 1817/1817/1817 1829/1829/1829 1828/1828/1828
f 1819/1819/1819 1820/1820/1820 1831/1831/1831
f 1819/1819/1819 1831/1831/1831 1830/1830/1830
f 1820/1820/1820 1821/1821/1821 1832/1832/1832
f 1820/1820/1820 1832/1832/1832 1831/1831/1831
f 1821/1821/1821 1822/1822/1822 1833/1833/1833
f 1821/1821/1821 1833/1833/1833 1832/1832/1832
f 1822/1822/1822 1823/1823/1823 1834/1834/1834
f 1822/1822/1822 1834/1834/1834 1833/1833/1833
f 1823/1823/1823 1824/1824/1824 1835/1835/1835
f 1823/1823/1823 1835/1835/1835 1834/1834/1834
f 1824/1824/1824 1825/1825/1825 1836/1836/1836
f 1824/1824/1824 1836/1836/1836 1835/1835/1835
f 1825/1825/1825 1826/1826/1826 1837/1837/1837
f 1825/1825/1825 1837/1837/1837 1836/1836/1836
f 1826/1826/1826 1827/1827/1827 1838/1838/1838
f 1826/1826/1826 1838/1838/1838 1837/1837/1837
f 1827/1827/1827 1828/1828/1828 1839/1839/1839
f 1827/1827/1827 1839/1839/1839 1838/1838/1838
f 1828/1828/1828 1829/1829/1829 1840/1840/1840
f 1828/1828/1828 1840/1840/1840 1839/1839/1839
f 1830/1830/1830 1831/1831/1831 1842/1842/1842
f 1830/1830/1830 1842/1842/1842 1841/1841/1841
f 1831/1831/1831 1832/1832/1832 1843/1843/1843
f 1831/1831/1831 1843/1843/1843 1842/1842/1842
f 1832/1832/1832 1833/1833/1833 1844/1844/1844
f 1832/1832/1832 1844/1844/1844 1843/1843/1843
f 1833/1833/1833 1834/1834/1834 1845/1845/1845
f 1833/1833/1833 1845/1845/1845 1844/1844/1844
f 1834/1834/1834 1835/1835/1835 1846/1846/1846
f 1834/1834/1834 1846/1846/1846 1845/1845/1845
f 1835/1835/1835 1836/1836/1836 1847/1847/1847
f 1835/1835/1835 1847/1847/1847 1846/1846/1846
f 1836/1836/1836 1837/1837/1837 1848/1848/1848
f 1836/1836/1836 1848/1848/1848 1847/1847/1847
f 1837/1837/1837 1838/1838/1838 1849/1849/1849
f 1837/1837/1837 1849/1849/1849 1848/1848/1848
f 1838/1838/1838 1839/1839/1839 1850/1850/1850
f 1838/1838/1838 1850/1850/1850 1849/1849/1849
f 1839/1839/1839 1840/1840/1840 1851/1851/1851
f 1839/1839/1839 1851/1851/1851 1850/1850/1850
f 1841/1841/1841 1842/1842/1842 1853/1853/1853
f 1841/1841/1841 1853/1853/1853 1852/1852/1852
f 1842/1842/1842 1843/1843/1843 1854/1854/1854
f 1842/1842/1842 1854/1854/1854 1853/1853/1853
f 1843/1843/1843 1844/1844/1844 1855/1855/1855
f 1843/1843/1843 1855/1855/1855 1854/1854/1854
f 1844/1844/1844 1845/1845/1845 1856/1856/1856
f 1844/1844/1844 1856/1856/1856 1855/1855/1855
f 1845/1845/1845 1846/1846/1846 1857/1857/1857
f 1845/1845/1845 1857/1857/1857 1856/1856/1856
f 1846/1846/1846 1847/1847/1847 1858/1858/1858
f 1846/1846/1846 1858/1858/1858 1857/1857/1857
f 1847/1847/1847 1848/1848/1848 1859/1859/1859
f 1847/1847/1847 1859/1859/1859 1858/1858/1858
f 1848/1848/1848 1849/1849/1849 1860/1860/1860
f 1848/1848/1848 1860/1860/1860 1859/1859/1859
f 1849/1849/1849 1850/1850/1850 1861/1861/1861
f 1849/1849/1849 1861/1861/1861 1860/1860/1860
f 1850/1850/1850 1851/1851/1851 1862/1862/1862
f 1850/1850/1850 1862/1862/1862 1861/1861/1861
f 1852/1852/1852 1853/1853/1853 1864/1864/1864
f 1852/1852/1852 1864/1864/1864 1863/1863/1863
f 1853/1853/1853 1854/1854/1854 1865/1865/1865
f 1853/1853/1853 1865/1865/1865 1864/1864/1864
f 1854/1854/1854 1855/1855/1855 1866/1866/1866
f 1854/1854/1854 1866/1866/1866 1865/1865/1865
f 1855/1855/1855 1856/1856/1856 1867/1867/1867
f 1855/1855/1855 1867/1867/1867 1866/1866/1866
f 1856/1856/1856 1857/1857/1857 1868/1868/1868
f 1856/1856/1856 1868/1868/1868 1867/1867/1867
f 1857/1857/1857 1858/1858/1858 1869/1869/1869
f 1857/1857/1857 1869/1869/1869 1868/1868/1868
f 1858/1858/1858 1859/1859/1859 1870/1870/1870
f 1858/1858/1858 1870/1870/1870 1869/1869/1869
f 1859/1859/1859 1860/1860/1860 1871/1871/1871
f 1859/1859/1859 1871/1871/1871 1870/1870/1870
f 1860/1860/1860 1861/1861/1861 1872/1872/1872
f 1860/1860/1860 1872/1872/1872 1871/1871/1871
f 1861/1861/1861 1862/1862/1862 1873/1873/1873
f 1861/1861/1861 1873/1873/1873 1872/1872/1872
f 1874/1874/1874 1876/1876/1876 1875/1875/1875
f 1874/1874/1874 1877/1877/1877 1876/1876/1876
f 1874/1874/1874 1878/1878/1878 1877/1877/1877
f 1874/1874/1874 1879/1879/1879 1878/1878/1878
f 1874/1874/1874 1880/1880/1880 1879/1879/1879
f 1874/1874/1874 1881/1881/1881 1880/1880/1880
f 1874/1874/1874 1882/1882/1882 1881/1881/1881
f 1874/1874/1874 1883/1883/1883 1882/1882/1882
f 1874/1874/1874 1884/1884/1884 1883/1883/1883
f 1874/1874/1874 1875/1875/1875 1884/1884/1884
f 1885/1885/1885 1886/1886/1886 1887/1887/1887
f 1885/1885/1885 1887/1887/1887 1888/1888/1888
f 1885/1885/1885 1888/1888/1888 1889/1889/1889
f 1885/1885/1885 1889/1889/1889 1890/1890/1890
f 1885/1885/1885 1890/1890/1890 1891/1891/1891
f 1885/1885/1885 1891/1891/1891 1892/1892/1892
f 1885/1885/1885 1892/1892/1892 1893/1893/1893
f 1885/1885/1885 1893/1893/1893 1894/1894/1894
f 1885/1885/1885 1894/1894/1894 1895/1895/1895
f 1885/1885/1885 1895/1895/1895 1886/1886/1886
usemtl knob
f 1896/1896/1896 1901/1901/1901 1902/1902/1902
f 1896/1896/1896 1902/1902/1902 1897/1897/1897
f 1897/1897/1897 1902/1902/1902 1903/1903/1903
f 1897/1897/1897 1903/1903/1903 1898/1898/1898
f 1898/1898/1898 1903/1903/1903 1904/1904/1904
f 1898/1898/1898 1904/1904/1904 1899/1899/1899
f 1899/1899/1899 1904/1904/1904 1905/1905/1905
f 1899/1899/1899 1905/1905/1905 1900/1900/1900
f 1901/1901/1901 1906/1906/1906 1907/1907/1907
f 1901/1901/1901 1907/1907/1907 1902/1902/1902
f 1902/1902/1902 1907/1907/1907 1908/1908/1908
f 1902/1902/1902 1908/1908/1908 1903/1903/1903
f 1903/1903/1903 1908/1908/1908 1909/1909/1909
f 1903/1903/1903 1909/1909/1909 1904/1904/1904
f 1904/1904/1904 1909/1909/1909 1910/1910/1910
f 1904/1904/1904 1910/1910/1910 1905/1905/1905
f 1906/1906/1906 1911/1911/1911 1912/1912/1912
f 1906/1906/1906 1912/1912/1912 1907/1907/1907
f 1907/1907/1907 1912/1912/1912 1913/1913/1913
f 1907/1907/1907 1913/1913/1913 1908/1908/1908
f 1908/1908/1908 1913/1913/1913 1914/1914/1914
f 1908/1908/1908 1914/1914/1914 1909/1909/1909
f 1909/1909/1909 1914/1914/1914 1915/1915/1915
f 1909/1909/1909 1915/1915/1915 1910/1910/1910
f 1911/1911/1911 1916/1916/1916 1917/1917/1917
f 1911/1911/1911 1917/1917/1917 1912/1912/1912
f 1912/1912/1912 1917/1917/1917 1918/1918/1918
f 1912/1912/1912 1918/1918/1918 1913/1913/1913
f 1913/1913/1913 1918/1918/1918 1919/1919/1919
f 1913/1913/1913 1919/1919/1919 1914/1914/1914
f 1914/1914/1914 1919/1919/1919 1920/1920/1920
f 1914/1914/1914 1920/1920/1920 1915/1915/1915
f 1916/1916/1916 1921/1921/1921 1922/1922/1922
f 1916/1916/1916 1922/1922/1922 1917/1917/1917
f 1917/1917/1917 1922/1922/1922 1923/1923/1923
f 1917/1917/1917 1923/1923/1923 1918/1918/1918
f 1918/1918/1918 1923/1923/1923 1924/1924/1924
f 1918/1918/1918 1924/1924/1924 1919/1919/1919
f 1919/1919/1919 1924/1924/1924 1925/1925/1925
f 1919/1919/1919 1925/1925/1925 1920/1920/1920
f 1921/1921/1921 1926/1926/1926 1927/1927/1927
f 1921/1921/1921 1927/1927/1927 1922/1922/1922
f 1922/1922/1922 1927/1927/1927 1928/1928/1928
f 1922/1922/1922 1928/1928/1928 1923/1923/1923
f 1923/1923/1923 1928/1928/1928 1929/1929/1929
f 1923/1923/1923 1929/1929/1929 1924/1924/1924
f 1924/1924/1924 1929/1929/1929 1930/1930/1930
f 1924/1924/1924 1930/1930/1930 1925/1925/1925
f 1926/1926/1926 1931/1931/1931 1932/1932/1932
f 1926/1926/1926 1932/1932/1932 1927/1927/1927
f 1927/1927/1927 1932/1932/1932 1933/1933/1933
f 1927/1927/1927 1933/1933/1933 1928/1928/1928
f 1928/1928/1928 1933/1933/1933 1934/1934/1934
f 1928/1928/1928 1934/1934/1934 1929/1929/1929
f 1929/1929/1929 1934/1934/1934 1935/1935/1935
f 1929/1929/1929 1935/1935/1935 1930/1930/1930
f 1931/1931/1931 1936/1936/1936 1937/1937/1937
f 1931/1931/1931 1937/1937/1937 1932/1932/1932
f 1932/1932/1932 1937/1937/1937 1938/1938/1938
f 1932/1932/1932 1938/1938/1938 1933/1933/1933
f 1933/1933/1933 1938/1938/1938 1939/1939/1939
f 1933/1933/1933 1939/1939/1939 1934/1934/1934
f 1934/1934/1934 1939/1939/1939 1940/1940/1940
f 1934/1934/1934 1940/1940/1940 1935/1935/1935
f 1936/1936/1936 1941/1941/1941 1942/1942/1942
f 1936/1936/1936 1942/1942/1942 1937/1937/1937
f 1937/1937/1937 1942/1942/1942 1943/1943/1943
f 1937/1937/1937 1943/1943/1943 1938/1938/1938
f 1938/1938/1938 1943/1943/1943 1944/1944/1944
f 1938/1938/1938 1944/1944/1944 1939/1939/1939
f 1939/1939/1939 1944/1944/1944 1945/1945/1945
f 1939/1939/1939 1945/1945/1945 1940/1940/1940
f 1941/1941/1941 1946/1946/1946 1947/1947/1947
f 1941/1941/1941 1947/1947/1947 1942/1942/1942
f 1942/1942/1942 1947/1947/1947 1948/1948/1948
f 1942/1942/1942 1948/1948/1948 1943/1943/1943
f 1943/1943/1943 1948/1948/1948 1949/1949/1949
f 1943/1943/1943 1949/1949/1949 1944/1944/1944
f 1944/1944/1944 1949/1949/1949 1950/1950/1950
f 1944/1944/1944 1950/1950/1950 1945/1945/1945
f 1946/1946/1946 1951/1951/1951 1952/1952/1952
f 1946/1946/1946 1952/1952/1952 1947/1947/1947
f 1947/1947/1947 1952/1952/1952 1953/1953/1953
f 1947/1947/1947 1953/1953/1953 1948/1948/1948
f 1948/1948/1948 1953/1953/1953 1954/1954/1954
f 1948/1948/1948 1954/1954/1954 1949/1949/1949
f 1949/1949/1949 1954/1954/1954 1955/1955/1955
f 1949/1949/1949 1955/1955/1955 1950/1950/1950
f 1951/1951/1951 1956/1956/1956 1957/1957/1957
f 1951/1951/1951 1957/1957/1957 1952/1952/1952
f 1952/1952/1952 1957/1957/1957 1958/1958/1958
f 1952/1952/1952 1958/1958/1958 1953/1953/1953
f 1953/1953/1953 1958/1958/1958 1959/1959/1959
f 1953/1953/1953 1959/1959/1959 1954/1954/1954
f 1954/1954/1954 1959/1959/1959 1960/1960/1960
f 1954/1954/1954 1960/1960/1960 1955/1955/1955
f 1956/1956/1956 1961/1961/1961 1962/1962/1962
f 1956/1956/1956 1962/1962/1962 1957/1957/1957
f 1957/1957/1957 1962/1962/1962 1963/1963/1963
f 1957/1957/1957 1963/1963/1963 1958/1958/1958
f 1958/1958/1958 1963/1963/1963 1964/1964/1964
f 1958/1958/1958 1964/1964/1964 1959/1959/1959
f 1959/1959/1959 1964/1964/1964 1965/1965/1965
f 1959/1959/1959 1965/1965/1965 1960/1960/1960
f 1961/1961/1961 1966/1966/1966 1967/1967/1967
f 1961/1961/1961 1967/1967/1967 1962/1962/1962
f 1962/1962/1962 1967/1967/1967 1968/1968/1968
f 1962/1962/1962 1968/1968/1968 1963/1963/1963
f 1963/1963/1963 1968/1968/1968 1969/1969/1969
f 1963/1963/1963 1969/1969/1969 1964/1964/1964
f 1964/1964/1964 1969/1969/1969 1970/1970/1970
f 1964/1964/1964 1970/1970/1970 1965/1965/1965
usemtl rubber
f 1971/1971/1971 1974/1974/1974 1975/1975/1975
f 1971/1971/1971 1975/1975/1975 1972/1972/1972
f 1972/1972/1972 1975/1975/1975 1976/1976/1976
f 1972/1972/1972 1976/1976/1976 1973/1973/1973
f 1974/1974/1974 1977/1977/1977 1978/1978/1978
f 1974/1974/1974 1978/1978/1978 1975/1975/1975
f 1975/1975/1975 1978/1978/1978 1979/1979/1979
f 1975/1975/1975 1979/1979/1979 1976/1976/1976
f 1977/1977/1977 1980/1980/1980 1981/1981/1981
f 1977/1977/1977 1981/1981/1981 1978/1978/1978
f 1978/1978/1978 1981/1981/1981 1982/1982/1982
f 1978/1978/1978 1982/1982/1982 1979/1979/1979
f 1980/1980/1980 1983/1983/1983 1984/1984/1984
f 1980/1980/1980 1984/1984/1984 1981/1981/1981
f 1981/1981/1981 1984/1984/1984 1985/1985/1985
f 1981/1981/1981 1985/1985/1985 1982/1982/1982
f 1983/1983/1983 1986/1986/1986 1987/1987/1987
f 1983/1983/1983 1987/1987/1987 1984/1984/1984
f 1984/1984/1984 1987/1987/1987 1988/1988/1988
f 1984/1984/1984 1988/1988/1988 1985/1985/1985
f 1986/1986/1986 1989/1989/1989 1990/1990/1990
f 1986/1986/1986 1990/1990/1990 1987/1987/1987
f 1987/1987/1987 1990/1990/1990 1991/1991/1991
f 1987/1987/1987 1991/1991/1991 1988/1988/1988
f 1989/1989/1989 1992/1992/1992 1993/1993/1993
f 1989/1989/1989 1993/1993/1993 1990/1990/1990
f 1990/1990/1990 1993/1993/1993 1994/1994/1994
f 1990/1990/1990 1994/1994/1994 1991/1991/1991
f 1992/1992/1992 1995/1995/1995 1996/1996/1996
f 1992/1992/1992 1996/1996/1996 1993/1993/1993
f 1993/1993/1993 1996/1996/1996 1997/1997/1997
f 1993/1993/1993 1997/1997/1997 1994/1994/1994
f 1995/1995/1995 1998/1998/1998 1999/1999/1999
f 1995/1995/1995 1999/1999/1999 1996/1996/1996
f 1996/1996/1996 1999/1999/1999 2000/2000/2000
f 1996/1996/1996 2000/2000/2000 1997/1997/1997
f 1998/1998/1998 2001/2001/2001 2002/2002/2002
f 1998/1998/1998 2002/2002/2002 1999/1999/1999
f 1999/1999/1999 2002/2002/2002 2003/2003/2003
f 1999/1999/1999 2003/2003/2003 2000/2000/2000
f 2001/2001/2001 2004/2004/2004 2005/2005/2005
f 2001/2001/2001 2005/2005/2005 2002/2002/2002
f 2002/2002/2002 2005/2005/2005 2006/2006/2006
f 2002/2002/2002 2006/2006/2006 2003/2003/2003
f 2004/2004/2004 2007/2007/2007 2008/2008/2008
f 2004/2004/2004 2008/2008/2008 2005/2005/2005
f 2005/2005/2005 2008/2008/2008 2009/2009/2009
f 2005/2005/2005 2009/2009/2009 2006/2006/2006
f 2007/2007/2007 2010/2010/2010 2011/2011/2011
f 2007/2007/2007 2011/2011/2011 2008/2008/2008
f 2008/2008/2008 2011/2011/2011 2012/2012/2012
f 2008/2008/2008 2012/2012/2012 2009/2009/2009
f 2010/2010/2010 2013/2013/2013 2014/2014/2014
f 2010/2010/2010 2014/2014/2014 2011/2011/2011
f 2011/2011/2011 2014/2014/2014 2015/2015/2015
f 2011/2011/2011 2015/2015/2015 2012/2012/2012
f 2016/2016/2016 2017/2017/2017 2021/2021/2021
f 2016/2016/2016 2021/2021/2021 2020/2020/2020
f 2017/2017/2017 2018/2018/2018 2022/2022/2022
f 2017/2017/2017 2022/2022/2022 2021/2021/2021
f 2018/2018/2018 2019/2019/2019 2023/2023/2023
f 2018/2018/2018 2023/2023/2023 2022/2022/2022
f 2020/2020/2020 2021/2021/2021 2025/2025/2025
f 2020/2020/2020 2025/2025/2025 2024/2024/2024
f 2021/2021/2021 2022/2022/2022 2026/2026/2026
f 2021/2021/2021 2026/2026/2026 2025/2025/2025
f 2022/2022/2022 2023/2023/2023 2027/2027/2027
f 2022/2022/2022 2027/2027/2027 2026/2026/2026
f 2024/2024/2024 2025/2025/2025 2029/2029/2029
f 2024/2024/2024 2029/2029/2029 2028/2028/2028
f 2025/2025/2025 2026/2026/2026 2030/2030/2030
f 2025/2025/2025 2030/2030/2030 2029/2029/2029
f 2026/2026/2026 2027/2027/2027 2031/2031/2031
f 2026/2026/2026 2031/2031/2031 2030/2030/2030
f 2032/2032/2032 2033/2033/2033 2037/2037/2037
f 2032/2032/2032 2037/2037/2037 2036/2036/2036
f 2033/2033/2033 2034/2034/2034 2038/2038/2038
f 2033/2033/2033 2038/2038/2038 2037/2037/2037
f 2034/2034/2034 2035/2035/2035 2039/2039/2039
f 2034/2034/2034 2039/2039/2039 2038/2038/2038
f 2036/2036/2036 2037/2037/2037 2041/2041/2041
f 2036/2036/2036 2041/2041/2041 2040/2040/2040
f 2037/2037/2037 2038/2038/2038 2042/2042/2042
f 2037/2037/2037 2042/2042/2042 2041/2041/2041
f 2038/2038/2038 2039/2039/2039 2043/2043/2043
f 2038/2038/2038 2043/2043/2043 2042/2042/2042
f 2040/2040/2040 2041/2041/2041 2045/2045/2045
f 2040/2040/2040 2045/2045/2045 2044/2044/2044
f 2041/2041/2041 2042/2042/2042 2046/2046/2046
f 2041/2041/2041 2046/2046/2046 2045/2045/2045
f 2042/2042/2042 2043/2043/2043 2047/2047/2047
f 2042/2042/2042 2047/2047/2047 2046/2046/2046
f 2048/2048/2048 2049/2049/2049 2053/2053/2053
f 2048/2048/2048 2053/2053/2053 2052/2052/2052
f 2049/2049/2049 2050/2050/2050 2054/2054/2054
f 2049/2049/2049 2054/2054/2054 2053/2053/2053
f 2050/2050/2050 2051/2051/2051 2055/2055/2055
f 2050/2050/2050 2055/2055/2055 2054/2054/2054
f 2052/2052/2052 2053/2053/2053 2057/2057/2057
f 2052/2052/2052 2057/2057/2057 2056/2056/2056
f 2053/2053/2053 2054/2054/2054 2058/2058/2058
f 2053/2053/2053 2058/2058/2058 2057/2057/2057
f 2054/2054/2054 2055/2055/2055 2059/2059/2059
f 2054/2054/2054 2059/2059/2059 2058/2058/2058
f 2056/2056/2056 2057/2057/2057 2061/2061/2061
f 2056/2056/2056 2061/2061/2061 2060/2060/2060
f 2057/2057/2057 2058/2058/2058 2062/2062/2062
f 2057/2057/2057 2062/2062/2062 2061/2061/2061
f 2058/2058/2058 2059/2059/2059 2063/2063/2063
f 2058/2058/2058 2063/2063/2063 2062/2062/2062
f 2064/2064/2064 2065/2065/2065 2069/2069/2069
f 2064/2064/2064 2069/2069/2069 2068/2068/2068
f 2065/2065/2065 2066/2066/2066 2070/2070/2070
f 2065/2065/2065 2070/2070/2070 2069/2069/2069
f 2066/2066/2066 2067/2067/2067 2071/2071/2071
f 2066/2066/2066 2071/2071/2071 2070/2070/2070
f 2068/2068/2068 2069/2069/2069 2073/2073/2073
f 2068/2068/2068 2073/2073/2073 2072/2072/2072
f 2069/2069/2069 2070/2070/2070 2074/2074/2074
f 2069/2069/2069 2074/2074/2074 2073/2073/2073
f 2070/2070/2070 2071/2071/2071 2075/2075/2075
f 2070/2070/2070 2075/2075/2075 2074/2074/2074
f 2072/2072/2072 2073/2073/2073 2077/2077/2077
f 2072/2072/2072 2077/2077/2077 2076/2076/2076
f 2073/2073/2073 2074/2074/2074 2078/2078/2078
f 2073/2073/2073 2078/2078/2078 2077/2077/2077
f 2074/2074/2074 2075/2075/2075 2079/2079/2079
f 2074/2074/2074 2079/2079/2079 2078/2078/2078
f 2080/2080/2080 2081/2081/2081 2085/2085/2085
f 2080/2080/2080 2085/2085/2085 2084/2084/2084
f 2081/2081/2081 2082/2082/2082 2086/2086/2086
f 2081/2081/2081 2086/2086/2086 2085/2085/2085
f 2082/2082/2082 2083/2083/2083 2087/2087/2087
f 2082/2082/2082 2087/2087/2087 2086/2086/2086
f 2084/2084/2084 2085/2085/2085 2089/2089/2089
f 2084/2084/2084 2089/2089/2089 2088/2088/2088
f 2085/2085/2085 2086/2086/2086 2090/2090/2090
f 2085/2085/2085 2090/2090/2090 2089/2089/2089
f 2086/2086/2086 2087/2087/2087 2091/2091/2091
f 2086/2086/2086 2091/2091/2091 2090/2090/2090
f 2088/2088/2088 2089/2089/2089 2093/2093/2093
f 2088/2088/2088 2093/2093/2093 2092/2092/2092
f 2089/2089/2089 2090/2090/2090 2094/2094/2094
f 2089/2089/2089 2094/2094/2094 2093/2093/2093
f 2090/2090/2090 2091/2091/2091 2095/2095/2095
f 2090/2090/2090 2095/2095/2095 2094/2094/2094
f 2096/2096/2096 2097/2097/2097 2101/2101/2101
f 2096/2096/2096 2101/2101/2101 2100/2100/2100
f 2097/2097/2097 2098/2098/2098 2102/2102/2102
f 2097/2097/2097 2102/2102/2102 2101/2101/2101
f 2098/2098/2098 2099/2099/2099 2103/2103/2103
f 2098/2098/2098 2103/2103/2103 2102/2102/2102
f 2100/2100/2100 2101/2101/2101 2105/2105/2105
f 2100/2100/2100 2105/2105/2105 2104/2104/2104
f 2101/2101/2101 2102/2102/2102 2106/2106/2106
f 2101/2101/2101 2106/2106/2106 2105/2105/2105
f 2102/2102/2102 2103/2103/2103 2107/2107/2107
f 2102/2102/2102 2107/2107/2107 2106/2106/2106
f 2104/2104/2104 2105/2105/2105 2109/2109/2109
f 2104/2104/2104 2109/2109/2109 2108/2108/2108
f 2105/2105/2105 2106/2106/2106 2110/2110/2110
f 2105/2105/2105 2110/2110/2110 2109/2109/2109
f 2106/2106/2106 2107/2107/2107 2111/2111/2111
f 2106/2106/2106 2111/2111/2111 2110/2110/2110
f 2112/2112/2112 2113/2113/2113 2117/2117/2117
f 2112/2112/2112 2117/2117/2117 2116/2116/2116
f 2113/2113/2113 2114/2114/2114 2118/2118/2118
f 2113/2113/2113 2118/2118/2118 2117/2117/2117
f 2114/2114/2114 2115/2115/2115 2119/2119/2119
f 2114/2114/2114 2119/2119/2119 2118/2118/2118
f 2116/2116/2116 2117/2117/2117 2121/2121/2121
f 2116/2116/2116 2121/2121/2121 2120/2120/2120
f 2117/2117/2117 2118/2118/2118 2122/2122/2122
f 2117/2117/2117 2122/2122/2122 2121/2121/2121
f 2118/2118/2118 2119/2119/2119 2123/2123/2123
f 2118/2118/2118 2123/2123/2123 2122/2122/2122
f 2120/2120/2120 2121/2121/2121 2125/2125/2125
f 2120/2120/2120 2125/2125/2125 2124/2124/2124
f 2121/2121/2121 2122/2122/2122 2126/2126/2126
f 2121/2121/2121 2126/2126/2126 2125/2125/2125
f 2122/2122/2122 2123/2123/2123 2127/2127/2127
f 2122/2122/2122 2127/2127/2127 2126/2126/2126
f 2128/2128/2128 2129/2129/2129 2133/2133/2133
f 2128/2128/2128 2133/2133/2133 2132/2132/2132
f 2129/2129/2129 2130/2130/2130 2134/2134/2134
f 2129/2129/2129 2134/2134/2134 2133/2133/2133
f 2130/2130/2130 2131/2131/2131 2135/2135/2135
f 2130/2130/2130 2135/2135/2135 2134/2134/2134
f 2132/2132/2132 2133/2133/2133 2137/2137/2137
f 2132/2132/2132 2137/2137/2137 2136/2136/2136
f 2133/2133/2133 2134/2134/2134 2138/2138/2138
f 2133/2133/2133 2138/2138/2138 2137/2137/2137
f 2134/2134/2134 2135/2135/2135 2139/2139/2139
f 2134/2134/2134 2139/2139/2139 2138/2138/2138
f 2136/2136/2136 2137/2137/2137 2141/2141/2141
f 2136/2136/2136 2141/2141/2141 2140/2140/2140
f 2137/2137/2137 2138/2138/2138 2142/2142/2142
f 2137/2137/2137 2142/2142/2142 2141/2141/2141
f 2138/2138/2138 2139/2139/2139 2143/2143/2143
f 2138/2138/2138 2143/2143/2143 2142/2142/2142
f 2144/2144/2144 2145/2145/2145 2149/2149/2149
f 2144/2144/2144 2149/2149/2149 2148/2148/2148
f 2145/2145/2145 2146/2146/2146 2150/2150/2150
f 2145/2145/2145 2150/2150/2150 2149/2149/2149
f 2146/2146/2146 2147/2147/2147 2151/2151/2151
f 2146/2146/2146 2151/2151/2151 2150/2150/2150
f 2148/2148/2148 2149/2149/2149 2153/2153/2153
f 2148/2148/2148 2153/2153/2153 2152/2152/2152
f 2149/2149/2149 2150/2150/2150 2154/2154/2154
f 2149/2149/2149 2154/2154/2154 2153/2153/2153
f 2150/2150/2150 2151/2151/2151 2155/2155/2155
f 2150/2150/2150 2155/2155/2155 2154/2154/2154
f 2152/2152/2152 2153/2153/2153 2157/2157/2157
f 2152/2152/2152 2157/2157/2157 2156/2156/2156
f 2153/2153/2153 2154/2154/2154 2158/2158/2158
f 2153/2153/2153 2158/2158/2158 2157/2157/2157
f 2154/2154/2154 2155/2155/2155 2159/2159/2159
f 2154/2154/2154 2159/2159/2159 2158/2158/2158
f 2160/2160/2160 2161/2161/2161 2165/2165/2165
f 2160/2160/2160 2165/2165/2165 2164/2164/2164
f 2161/2161/2161 2162/2162/2162 2166/2166/2166
f 2161/2161/2161 2166/2166/2166 2165/2165/2165
f 2162/2162/2162 2163/2163/2163 2167/2167/2167
f 2162/2162/2162 2167/2167/2167 2166/2166/2166
f 2164/2164/2164 2165/2165/2165 2169/2169/2169
f 2164/2164/2164 2169/2169/2169 2168/2168/2168
f 2165/2165/2165 2166/2166/2166 2170/2170/2170
f 2165/2165/2165 2170/2170/2170 2169/2169/2169
f 2166/2166/2166 2167/2167/2167 2171/2171/2171
f 2166/2166/2166 2171/2171/2171 2170/2170/2170
f 2168/2168/2168 2169/2169/2169 2173/2173/2173
f 2168/2168/2168 2173/2173/2173 2172/2172/2172
f 2169/2169/2169 2170/2170/2170 2174/2174/2174
f 2169/2169/2169 2174/2174/2174 2173/2173/2173
f 2170/2170/2170 2171/2171/2171 2175/2175/2175
f 2170/2170/2170 2175/2175/2175 2174/2174/2174
f 2176/2176/2176 2177/2177/2177 2181/2181/2181
f 2176/2176/2176 2181/2181/2181 2180/2180/2180
f 2177/2177/2177 2178/2178/2178 2182/2182/2182
f 2177/2177/2177 2182/2182/2182 2181/2181/2181
f 2178/2178/2178 2179/2179/2179 2183/2183/2183
f 2178/2178/2178 2183/2183/2183 2182/2182/2182
f 2180/2180/2180 2181/2181/2181 2185/2185/2185
f 2180/2180/2180 2185/2185/2185 2184/2184/2184
f 2181/2181/2181 2182/2182/2182 2186/2186/2186
f 2181/2181/2181 2186/2186/2186 2185/2185/2185
f 2182/2182/2182 2183/2183/2183 2187/2187/2187
f 2182/2182/2182 2187/2187/2187 2186/2186/2186
f 2184/2184/2184 2185/2185/2185 2189/2189/2189
f 2184/2184/2184 2189/2189/2189 2188/2188/2188
f 2185/2185/2185 2186/2186/2186 2190/2190/2190
f 2185/2185/2185 2190/2190/2190 2189/2189/2189
f 2186/2186/2186 2187/2187/2187 2191/2191/2191
f 2186/2186/2186 2191/2191/2191 2190/2190/2190
f 2192/2192/2192 2193/2193/2193 2197/2197/2197
f 2192/2192/2192 2197/2197/2197 2196/2196/2196
f 2193/2193/2193 2194/2194/2194 2198/2198/2198
f 2193/2193/2193 2198/2198/2198 2197/2197/2197
f 2194/2194/2194 2195/2195/2195 2199/2199/2199
f 2194/2194/2194 2199/2199/2199 2198/2198/2198
f 2196/2196/2196 2197/2197/2197 2201/2201/2201
f 2196/2196/2196 2201/2201/2201 2200/2200/2200
f 2197/2197/2197 2198/2198/2198 2202/2202/2202
f 2197/2197/2197 2202/2202/2202 2201/2201/2201
f 2198/2198/2198 2199/2199/2199 2203/2203/2203
f 2198/2198/2198 2203/2203/2203 2202/2202/2202
f 2200/2200/2200 2201/2201/2201 2205/2205/2205
f 2200/2200/2200 2205/2205/2205 2204/2204/2204
f 2201/2201/2201 2202/2202/2202 2206/2206/2206
f 2201/2201/2201 2206/2206/2206 2205/2205/2205
f 2202/2202/2202 2203/2203/2203 2207/2207/2207
f 2202/2202/2202 2207/2207/2207 2206/2206/2206
usemtl panel_paint
f 2208/2208/2208 2209/2209/2209 2213/2213/2213
f 2208/2208/2208 2213/2213/2213 2212/2212/2212
f 2209/2209/2209 2210/2210/2210 2214/2214/2214
f 2209/2209/2209 2214/2214/2214 2213/2213/2213
f 2210/2210/2210 2211/2211/2211 2215/2215/2215
f 2210/2210/2210 2215/2215/2215 2214/2214/2214
f 2212/2212/2212 2213/2213/2213 2217/2217/2217
f 2212/2212/2212 2217/2217/2217 2216/2216/2216
f 2213/2213/2213 2214/2214/2214 2218/2218/2218
f 2213/2213/2213 2218/2218/2218 2217/2217/2217
f 2214/2214/2214 2215/2215/2215 2219/2219/2219
f 2214/2214/2214 2219/2219/2219 2218/2218/2218
f 2216/2216/2216 2217/2217/2217 2221/2221/2221
f 2216/2216/2216 2221/2221/2221 2220/2220/2220
f 2217/2217/2217 2218/2218/2218 2222/2222/2222
f 2217/2217/2217 2222/2222/2222 2221/2221/2221
f 2218/2218/2218 2219/2219/2219 2223/2223/2223
f 2218/2218/2218 2223/2223/2223 2222/2222/2222
f 2224/2224/2224 2225/2225/2225 2229/2229/2229
f 2224/2224/2224 2229/2229/2229 2228/2228/2228
f 2225/2225/2225 2226/2226/2226 2230/2230/2230
f 2225/2225/2225 2230/2230/2230 2229/2229/2229
f 2226/2226/2226 2227/2227/2227 2231/2231/2231
f 2226/2226/2226 2231/2231/2231 2230/2230/2230
f 2228/2228/2228 2229/2229/2229 2233/2233/2233
f 2228/2228/2228 2233/2233/2233 2232/2232/2232
f 2229/2229/2229 2230/2230/2230 2234/2234/2234
f 2229/2229/2229 2234/2234/2234 2233/2233/2233
f 2230/2230/2230 2231/2231/2231 2235/2235/2235
f 2230/2230/2230 2235/2235/2235 2234/2234/2234
f 2232/2232/2232 2233/2233/2233 2237/2237/2237
f 2232/2232/2232 2237/2237/2237 2236/2236/2236
f 2233/2233/2233 2234/2234/2234 2238/2238/2238
f 2233/2233/2233 2238/2238/2238 2237/2237/2237
f 2234/2234/2234 2235/2235/2235 2239/2239/2239
f 2234/2234/2234 2239/2239/2239 2238/2238/2238
f 2240/2240/2240 2241/2241/2241 2245/2245/2245
f 2240/2240/2240 2245/2245/2245 2244/2244/2244
f 2241/2241/2241 2242/2242/2242 2246/2246/2246
f 2241/2241/2241 2246/2246/2246 2245/2245/2245
f 2242/2242/2242 2243/2243/2243 2247/2247/2247
f 2242/2242/2242 2247/2247/2247 2246/2246/2246
f 2244/2244/2244 2245/2245/2245 2249/2249/2249
f 2244/2244/2244 2249/2249/2249 2248/2248/2248
f 2245/2245/2245 2246/2246/2246 2250/2250/2250
f 2245/2245/2245 2250/2250/2250 2249/2249/2249
f 2246/2246/2246 2247/2247/2247 2251/2251/2251
f 2246/2246/2246 2251/2251/2251 2250/2250/2250
f 2248/2248/2248 2249/2249/2249 2253/2253/2253
f 2248/2248/2248 2253/2253/2253 2252/2252/2252
f 2249/2249/2249 2250/2250/2250 2254/2254/2254
f 2249/2249/2249 2254/2254/2254 2253/2253/2253
f 2250/2250/2250 2251/2251/2251 2255/2255/2255
f 2250/2250/2250 2255/2255/2255 2254/2254/2254
f 2256/2256/2256 2257/2257/2257 2261/2261/2261
f 2256/2256/2256 2261/2261/2261 2260/2260/2260
f 2257/2257/2257 2258/2258/2258 2262/2262/2262
f 2257/2257/2257 2262/2262/2262 2261/2261/2261
f 2258/2258/2258 2259/2259/2259 2263/2263/2263
f 2258/2258/2258 2263/2263/2263 2262/2262/2262
f 2260/2260/2260 2261/2261/2261 2265/2265/2265
f 2260/2260/2260 2265/2265/2265 2264/2264/2264
f 2261/2261/2261 2262/2262/2262 2266/2266/2266
f 2261/2261/2261 2266/2266/2266 2265/2265/2265
f 2262/2262/2262 2263/2263/2263 2267/2267/2267
f 2262/2262/2262 2267/2267/2267 2266/2266/2266
f 2264/2264/2264 2265/2265/2265 2269/2269/2269
f 2264/2264/2264 2269/2269/2269 2268/2268/2268
f 2265/2265/2265 2266/2266/2266 2270/2270/2270
f 2265/2265/2265 2270/2270/2270 2269/2269/2269
f 2266/2266/2266 2267/2267/2267 2271/2271/2271
f 2266/2266/2266 2271/2271/2271 2270/2270/2270
f 2272/2272/2272 2273/2273/2273 2277/2277/2277
f 2272/2272/2272 2277/2277/2277 2276/2276/2276
f 2273/2273/2273 2274/2274/2274 2278/2278/2278
f 2273/2273/2273 2278/2278/2278 2277/2277/2277
f 2274/2274/2274 2275/2275/2275 2279/2279/2279
f 2274/2274/2274 2279/2279/2279 2278/2278/2278
f 2276/2276/2276 2277/2277/2277 2281/2281/2281
f 2276/2276/2276 2281/2281/2281 2280/2280/2280
f 2277/2277/2277 2278/2278/2278 2282/2282/2282
f 2277/2277/2277 2282/2282/2282 2281/2281/2281
f 2278/2278/2278 2279/2279/2279 2283/2283/2283
f 2278/2278/2278 2283/2283/2283 2282/2282/2282
f 2280/2280/2280 2281/2281/2281 2285/2285/2285
f 2280/2280/2280 2285/2285/2285 2284/2284/2284
f 2281/2281/2281 2282/2282/2282 2286/2286/2286
f 2281/2281/2281 2286/2286/2286 2285/2285/2285
f 2282/2282/2282 2283/2283/2283 2287/2287/2287
f 2282/2282/2282 2287/2287/2287 2286/2286/2286
f 2288/2288/2288 2289/2289/2289 2293/2293/2293
f 2288/2288/2288 2293/2293/2293 2292/2292/2292
f 2289/2289/2289 2290/2290/2290 2294/2294/2294
f 2289/2289/2289 2294/2294/2294 2293/2293/2293
f 2290/2290/2290 2291/2291/2291 2295/2295/2295
f 2290/2290/2290 2295/2295/2295 2294/2294/2294
f 2292/2292/2292 2293/2293/2293 2297/2297/2297
f 2292/2292/2292 2297/2297/2297 2296/2296/2296
f 2293/2293/2293 2294/2294/2294 2298/2298/2298
f 2293/2293/2293 2298/2298/2298 2297/2297/2297
f 2294/2294/2294 2295/2295/2295 2299/2299/2299
f 2294/2294/2294 2299/2299/2299 2298/2298/2298
f 2296/2296/2296 2297/2297/2297 2301/2301/2301
f 2296/2296/2296 2301/2301/2301 2300/2300/2300
f 2297/2297/2297 2298/2298/2298 2302/2302/2302
f 2297/2297/2297 2302/2302/2302 2301/2301/2301
f 2298/2298/2298 2299/2299/2299 2303/2303/2303
f 2298/2298/2298 2303/2303/2303 2302/2302/2302
usemtl mirror
f 2304/2304/2304 2305/2305/2305 2309/2309/2309
f 2304/2304/2304 2309/2309/2309 2308/2308/2308
f 2305/2305/2305 2306/2306/2306 2310/2310/2310
f 2305/2305/2305 2310/2310/2310 2309/2309/2309
f 2306/2306/2306 2307/2307/2307 2311/2311/2311
f 2306/2306/2306 2311/2311/2311 2310/2310/2310
f 2308/2308/2308 2309/2309/2309 2313/2313/2313
f 2308/2308/2308 2313/2313/2313 2312/2312/2312
f 2309/2309/2309 2310/2310/2310 2314/2314/2314
f 2309/2309/2309 2314/2314/2314 2313/2313/2313
f 2310/2310/2310 2311/2311/2311 2315/2315/2315
f 2310/2310/2310 2315/2315/2315 2314/2314/2314
f 2312/2312/2312 2313/2313/2313 2317/2317/2317
f 2312/2312/2312 2317/2317/2317 2316/2316/2316
f 2313/2313/2313 2314/2314/2314 2318/2318/2318
f 2313/2313/2313 2318/2318/2318 2317/2317/2317
f 2314/2314/2314 2315/2315/2315 2319/2319/2319
f 2314/2314/2314 2319/2319/2319 2318/2318/2318
f 2320/2320/2320 2321/2321/2321 2325/2325/2325
f 2320/2320/2320 2325/2325/2325 2324/2324/2324
f 2321/2321/2321 2322/2322/2322 2326/2326/2326
f 2321/2321/2321 2326/2326/2326 2325/2325/2325
f 2322/2322/2322 2323/2323/2323 2327/2327/2327
f 2322/2322/2322 2327/2327/2327 2326/2326/2326
f 2324/2324/2324 2325/2325/2325 2329/2329/2329
f 2324/2324/2324 2329/2329/2329 2328/2328/2328
f 2325/2325/2325 2326/2326/2326 2330/2330/2330
f 2325/2325/2325 2330/2330/2330 2329/2329/2329
f 2326/2326/2326 2327/2327/2327 2331/2331/2331
f 2326/2326/2326 2331/2331/2331 2330/2330/2330
f 2328/2328/2328 2329/2329/2329 2333/2333/2333
f 2328/2328/2328 2333/2333/2333 2332/2332/2332
f 2329/2329/2329 2330/2330/2330 2334/2334/2334
f 2329/2329/2329 2334/2334/2334 2333/2333/2333
f 2330/2330/2330 2331/2331/2331 2335/2335/2335
f 2330/2330/2330 2335/2335/2335 2334/2334/2334
f 2336/2336/2336 2337/2337/2337 2341/2341/2341
f 2336/2336/2336 2341/2341/2341 2340/2340/2340
f 2337/2337/2337 2338/2338/2338 2342/2342/2342
f 2337/2337/2337 2342/2342/2342 2341/2341/2341
f 2338/2338/2338 2339/2339/2339 2343/2343/2343
f 2338/2338/2338 2343/2343/2343 2342/2342/2342
f 2340/2340/2340 2341/2341/2341 2345/2345/2345
f 2340/2340/2340 2345/2345/2345 2344/2344/2344
f 2341/2341/2341 2342/2342/2342 2346/2346/2346
f 2341/2341/2341 2346/2346/2346 2345/2345/2345
f 2342/2342/2342 2343/2343/2343 2347/2347/2347
f 2342/2342/2342 2347/2347/2347 2346/2346/2346
f 2344/2344/2344 2345/2345/2345 2349/2349/2349
f 2344/2344/2344 2349/2349/2349 2348/2348/2348
f 2345/2345/2345 2346/2346/2346 2350/2350/2350
f 2345/2345/2345 2350/2350/2350 2349/2349/2349
f 2346/2346/2346 2347/2347/2347 2351/2351/2351
f 2346/2346/2346 2351/2351/2351 2350/2350/2350
f 2352/2352/2352 2353/2353/2353 2357/2357/2357
f 2352/2352/2352 2357/2357/2357 2356/2356/2356
f 2353/2353/2353 2354/2354/2354 2358/2358/2358
f 2353/2353/2353 2358/2358/2358 2357/2357/2357
f 2354/2354/2354 2355/2355/2355 2359/2359/2359
f 2354/2354/2354 2359/2359/2359 2358/2358/2358
f 2356/2356/2356 2357/2357/2357 2361/2361/2361
f 2356/2356/2356 2361/2361/2361 2360/2360/2360
f 2357/2357/2357 2358/2358/2358 2362/2362/2362
f 2357/2357/2357 2362/2362/2362 2361/2361/2361
f 2358/2358/2358 2359/2359/2359 2363/2363/2363
f 2358/2358/2358 2363/2363/2363 2362/2362/2362
f 2360/2360/2360 2361/2361/2361 2365/2365/2365
f 2360/2360/2360 2365/2365/2365 2364/2364/2364
f 2361/2361/2361 2362/2362/2362 2366/2366/2366
f 2361/2361/2361 2366/2366/2366 2365/2365/2365
f 2362/2362/2362 2363/2363/2363 2367/2367/2367
f 2362/2362/2362 2367/2367/2367 2366/2366/2366
f 2368/2368/2368 2369/2369/2369 2373/2373/2373
f 2368/2368/2368 2373/2373/2373 2372/2372/2372
f 2369/2369/2369 2370/2370/2370 2374/2374/2374
f 2369/2369/2369 2374/2374/2374 2373/2373/2373
f 2370/2370/2370 2371/2371/2371 2375/2375/2375
f 2370/2370/2370 2375/2375/2375 2374/2374/2374
f 2372/2372/2372 2373/2373/2373 2377/2377/2377
f 2372/2372/2372 2377/2377/2377 2376/2376/2376
f 2373/2373/2373 2374/2374/2374 2378/2378/2378
f 2373/2373/2373 2378/2378/2378 2377/2377/2377
f 2374/2374/2374 2375/2375/2375 2379/2379/2379
f 2374/2374/2374 2379/2379/2379 2378/2378/2378
f 2376/2376/2376 2377/2377/2377 2381/2381/2381
f 2376/2376/2376 2381/2381/2381 2380/2380/2380
f 2377/2377/2377 2378/2378/2378 2382/2382/2382
f 2377/2377/2377 2382/2382/2382 2381/2381/2381
f 2378/2378/2378 2379/2379/2379 2383/2383/2383
f 2378/2378/2378 2383/2383/2383 2382/2382/2382
f 2384/2384/2384 2385/2385/2385 2389/2389/2389
f 2384/2384/2384 2389/2389/2389 2388/2388/2388
f 2385/2385/2385 2386/2386/2386 2390/2390/2390
f 2385/2385/2385 2390/2390/2390 2389/2389/2389
f 2386/2386/2386 2387/2387/2387 2391/2391/2391
f 2386/2386/2386 2391/2391/2391 2390/2390/2390
f 2388/2388/2388 2389/2389/2389 2393/2393/2393
f 2388/2388/2388 2393/2393/2393 2392/2392/2392
f 2389/2389/2389 2390/2390/2390 2394/2394/2394
f 2389/2389/2389 2394/2394/2394 2393/2393/2393
f 2390/2390/2390 2391/2391/2391 2395/2395/2395
f 2390/2390/2390 2395/2395/2395 2394/2394/2394
f 2392/2392/2392 2393/2393/2393 2397/2397/2397
f 2392/2392/2392 2397/2397/2397 2396/2396/2396
f 2393/2393/2393 2394/2394/2394 2398/2398/2398
f 2393/2393/2393 2398/2398/2398 2397/2397/2397
f 2394/2394/2394 2395/2395/2395 2399/2399/2399
f 2394/2394/2394 2399/2399/2399 2398/2398/2398
usemtl visor
f 2400/2400/2400 2401/2401/2401 2405/2405/2405
f 2400/2400/2400 2405/2405/2405 2404/2404/2404
f 2401/2401/2401 2402/2402/2402 2406/2406/2406
f 2401/2401/2401 2406/2406/2406 2405/2405/2405
f 2402/2402/2402 2403/2403/2403 2407/2407/2407
f 2402/2402/2402 2407/2407/2407 2406/2406/2406
f 2404/2404/2404 2405/2405/2405 2409/2409/2409
f 2404/2404/2404 2409/2409/2409 2408/2408/2408
f 2405/2405/2405 2406/2406/2406 2410/2410/2410
f 2405/2405/2405 2410/2410/2410 2409/2409/2409
f 2406/2406/2406 2407/2407/2407 2411/2411/2411
f 2406/2406/2406 2411/2411/2411 2410/2410/2410
f 2408/2408/2408 2409/2409/2409 2413/2413/2413
f 2408/2408/2408 2413/2413/2413 2412/2412/2412
f 2409/2409/2409 2410/2410/2410 2414/2414/2414
f 2409/2409/2409 2414/2414/2414 2413/2413/2413
f 2410/2410/2410 2411/2411/2411 2415/2415/2415
f 2410/2410/2410 2415/2415/2415 2414/2414/2414
f 2416/2416/2416 2417/2417/2417 2421/2421/2421
f 2416/2416/2416 2421/2421/2421 2420/2420/2420
f 2417/2417/2417 2418/2418/2418 2422/2422/2422
f 2417/2417/2417 2422/2422/2422 2421/2421/2421
f 2418/2418/2418 2419/2419/2419 2423/2423/2423
f 2418/2418/2418 2423/2423/2423 2422/2422/2422
f 2420/2420/2420 2421/2421/2421 2425/2425/2425
f 2420/2420/2420 2425/2425/2425 2424/2424/2424
f 2421/2421/2421 2422/2422/2422 2426/2426/2426
f 2421/2421/2421 2426/2426/2426 2425/2425/2425
f 2422/2422/2422 2423/2423/2423 2427/2427/2427
f 2422/2422/2422 2427/2427/2427 2426/2426/2426
f 2424/2424/2424 2425/2425/2425 2429/2429/2429
f 2424/2424/2424 2429/2429/2429 2428/2428/2428
f 2425/2425/2425 2426/2426/2426 2430/2430/2430
f 2425/2425/2425 2430/2430/2430 2429/2429/2429
f 2426/2426/2426 2427/2427/2427 2431/2431/2431
f 2426/2426/2426 2431/2431/2431 2430/2430/2430
f 2432/2432/2432 2433/2433/2433 2437/2437/2437
f 2432/2432/2432 2437/2437/2437 2436/2436/2436
f 2433/2433/2433 2434/2434/2434 2438/2438/2438
f 2433/2433/2433 2438/2438/2438 2437/2437/2437
f 2434/2434/2434 2435/2435/2435 2439/2439/2439
f 2434/2434/2434 2439/2439/2439 2438/2438/2438
f 2436/2436/2436 2437/2437/2437 2441/2441/2441
f 2436/2436/2436 2441/2441/2441 2440/2440/2440
f 2437/2437/2437 2438/2438/2438 2442/2442/2442
f 2437/2437/2437 2442/2442/2442 2441/2441/2441
f 2438/2438/2438 2439/2439/2439 2443/2443/2443
f 2438/2438/2438 2443/2443/2443 2442/2442/2442
f 2440/2440/2440 2441/2441/2441 2445/2445/2445
f 2440/2440/2440 2445/2445/2445 2444/2444/2444
f 2441/2441/2441 2442/2442/2442 2446/2446/2446
f 2441/2441/2441 2446/2446/2446 2445/2445/2445
f 2442/2442/2442 2443/2443/2443 2447/2447/2447
f 2442/2442/2442 2447/2447/2447 2446/2446/2446
f 2448/2448/2448 2449/2449/2449 2453/2453/2453
f 2448/2448/2448 2453/2453/2453 2452/2452/2452
f 2449/2449/2449 2450/2450/2450 2454/2454/2454
f 2449/2449/2449 2454/2454/2454 2453/2453/2453
f 2450/2450/2450 2451/2451/2451 2455/2455/2455
f 2450/2450/2450 2455/2455/2455 2454/2454/2454
f 2452/2452/2452 2453/2453/2453 2457/2457/2457
f 2452/2452/2452 2457/2457/2457 2456/2456/2456
f 2453/2453/2453 2454/2454/2454 2458/2458/2458
f 2453/2453/2453 2458/2458/2458 2457/2457/2457
f 2454/2454/2454 2455/2455/2455 2459/2459/2459
f 2454/2454/2454 2459/2459/2459 2458/2458/2458
f 2456/2456/2456 2457/2457/2457 2461/2461/2461
f 2456/2456/2456 2461/2461/2461 2460/2460/2460
f 2457/2457/2457 2458/2458/2458 2462/2462/2462
f 2457/2457/2457 2462/2462/2462 2461/2461/2461
f 2458/2458/2458 2459/2459/2459 2463/2463/2463
f 2458/2458/2458 2463/2463/2463 2462/2462/2462
f 2464/2464/2464 2465/2465/2465 2469/2469/2469
f 2464/2464/2464 2469/2469/2469 2468/2468/2468
f 2465/2465/2465 2466/2466/2466 2470/2470/2470
f 2465/2465/2465 2470/2470/2470 2469/2469/2469
f 2466/2466/2466 2467/2467/2467 2471/2471/2471
f 2466/2466/2466 2471/2471/2471 2470/2470/2470
f 2468/2468/2468 2469/2469/2469 2473/2473/2473
f 2468/2468/2468 2473/2473/2473 2472/2472/2472
f 2469/2469/2469 2470/2470/2470 2474/2474/2474
f 2469/2469/2469 2474/2474/2474 2473/2473/2473
f 2470/2470/2470 2471/2471/2471 2475/2475/2475
f 2470/2470/2470 2475/2475/2475 2474/2474/2474
f 2472/2472/2472 2473/2473/2473 2477/2477/2477
f 2472/2472/2472 2477/2477/2477 2476/2476/2476
f 2473/2473/2473 2474/2474/2474 2478/2478/2478
f 2473/2473/2473 2478/2478/2478 2477/2477/2477
f 2474/2474/2474 2475/2475/2475 2479/2479/2479
f 2474/2474/2474 2479/2479/2479 2478/2478/2478
f 2480/2480/2480 2481/2481/2481 2485/2485/2485
f 2480/2480/2480 2485/2485/2485 2484/2484/2484
f 2481/2481/2481 2482/2482/2482 2486/2486/2486
f 2481/2481/2481 2486/2486/2486 2485/2485/2485
f 2482/2482/2482 2483/2483/2483 2487/2487/2487
f 2482/2482/2482 2487/2487/2487 2486/2486/2486
f 2484/2484/2484 2485/2485/2485 2489/2489/2489
f 2484/2484/2484 2489/2489/2489 2488/2488/2488
f 2485/2485/2485 2486/2486/2486 2490/2490/2490
f 2485/2485/2485 2490/2490/2490 2489/2489/2489
f 2486/2486/2486 2487/2487/2487 2491/2491/2491
f 2486/2486/2486 2491/2491/2491 2490/2490/2490
f 2488/2488/2488 2489/2489/2489 2493/2493/2493
f 2488/2488/2488 2493/2493/2493 2492/2492/2492
f 2489/2489/2489 2490/2490/2490 2494/2494/2494
f 2489/2489/2489 2494/2494/2494 2493/2493/2493
f 2490/2490/2490 2491/2491/2491 2495/2495/2495
f 2490/2490/2490 2495/2495/2495 2494/2494/2494
f 2496/2496/2496 2497/2497/2497 2501/2501/2501
f 2496/2496/2496 2501/2501/2501 2500/2500/2500
f 2497/2497/2497 2498/2498/2498 2502/2502/2502
f 2497/2497/2497 2502/2502/2502 2501/2501/2501
f 2498/2498/2498 2499/2499/2499 2503/2503/2503
f 2498/2498/2498 2503/2503/2503 2502/2502/2502
f 2500/2500/2500 2501/2501/2501 2505/2505/2505
f 2500/2500/2500 2505/2505/2505 2504/2504/2504
f 2501/2501/2501 2502/2502/2502 2506/2506/2506
f 2501/2501/2501 2506/2506/2506 2505/2505/2505
f 2502/2502/2502 2503/2503/2503 2507/2507/2507
f 2502/2502/2502 2507/2507/2507 2506/2506/2506
f 2504/2504/2504 2505/2505/2505 2509/2509/2509
f 2504/2504/2504 2509/2509/2509 2508/2508/2508
f 2505/2505/2505 2506/2506/2506 2510/2510/2510
f 2505/2505/2505 2510/2510/2510 2509/2509/2509
f 2506/2506/2506 2507/2507/2507 2511/2511/2511
f 2506/2506/2506 2511/2511/2511 2510/2510/2510
f 2512/2512/2512 2513/2513/2513 2517/2517/2517
f 2512/2512/2512 2517/2517/2517 2516/2516/2516
f 2513/2513/2513 2514/2514/2514 2518/2518/2518
f 2513/2513/2513 2518/2518/2518 2517/2517/2517
f 2514/2514/2514 2515/2515/2515 2519/2519/2519
f 2514/2514/2514 2519/2519/2519 2518/2518/2518
f 2516/2516/2516 2517/2517/2517 2521/2521/2521
f 2516/2516/2516 2521/2521/2521 2520/2520/2520
f 2517/2517/2517 2518/2518/2518 2522/2522/2522
f 2517/2517/2517 2522/2522/2522 2521/2521/2521
f 2518/2518/2518 2519/2519/2519 2523/2523/2523
f 2518/2518/2518 2523/2523/2523 2522/2522/2522
f 2520/2520/2520 2521/2521/2521 2525/2525/2525
f 2520/2520/2520 2525/2525/2525 2524/2524/2524
f 2521/2521/2521 2522/2522/2522 2526/2526/2526
f 2521/2521/2521 2526/2526/2526 2525/2525/2525
f 2522/2522/2522 2523/2523/2523 2527/2527/2527
f 2522/2522/2522 2527/2527/2527 2526/2526/2526
f 2528/2528/2528 2529/2529/2529 2533/2533/2533
f 2528/2528/2528 2533/2533/2533 2532/2532/2532
f 2529/2529/2529 2530/2530/2530 2534/2534/2534
f 2529/2529/2529 2534/2534/2534 2533/2533/2533
f 2530/2530/2530 2531/2531/2531 2535/2535/2535
f 2530/2530/2530 2535/2535/2535 2534/2534/2534
f 2532/2532/2532 2533/2533/2533 2537/2537/2537
f 2532/2532/2532 2537/2537/2537 2536/2536/2536
f 2533/2533/2533 2534/2534/2534 2538/2538/2538
f 2533/2533/2533 2538/2538/2538 2537/2537/2537
f 2534/2534/2534 2535/2535/2535 2539/2539/2539
f 2534/2534/2534 2539/2539/2539 2538/2538/2538
f 2536/2536/2536 2537/2537/2537 2541/2541/2541
f 2536/2536/2536 2541/2541/2541 2540/2540/2540
f 2537/2537/2537 2538/2538/2538 2542/2542/2542
f 2537/2537/2537 2542/2542/2542 2541/2541/2541
f 2538/2538/2538 2539/2539/2539 2543/2543/2543
f 2538/2538/2538 2543/2543/2543 2542/2542/2542
f 2544/2544/2544 2545/2545/2545 2549/2549/2549
f 2544/2544/2544 2549/2549/2549 2548/2548/2548
f 2545/2545/2545 2546/2546/2546 2550/2550/2550
f 2545/2545/2545 2550/2550/2550 2549/2549/2549
f 2546/2546/2546 2547/2547/2547 2551/2551/2551
f 2546/2546/2546 2551/2551/2551 2550/2550/2550
f 2548/2548/2548 2549/2549/2549 2553/2553/2553
f 2548/2548/2548 2553/2553/2553 2552/2552/2552
f 2549/2549/2549 2550/2550/2550 2554/2554/2554
f 2549/2549/2549 2554/2554/2554 2553/2553/2553
f 2550/2550/2550 2551/2551/2551 2555/2555/2555
f 2550/2550/2550 2555/2555/2555 2554/2554/2554
f 2552/2552/2552 2553/2553/2553 2557/2557/2557
f 2552/2552/2552 2557/2557/2557 2556/2556/2556
f 2553/2553/2553 2554/2554/2554 2558/2558/2558
f 2553/2553/2553 2558/2558/2558 2557/2557/2557
f 2554/2554/2554 2555/2555/2555 2559/2559/2559
f 2554/2554/2554 2559/2559/2559 2558/2558/2558
f 2560/2560/2560 2561/2561/2561 2565/2565/2565
f 2560/2560/2560 2565/2565/2565 2564/2564/2564
f 2561/2561/2561 2562/2562/2562 2566/2566/2566
f 2561/2561/2561 2566/2566/2566 2565/2565/2565
f 2562/2562/2562 2563/2563/2563 2567/2567/2567
f 2562/2562/2562 2567/2567/2567 2566/2566/2566
f 2564/2564/2564 2565/2565/2565 2569/2569/2569
f 2564/2564/2564 2569/2569/2569 2568/2568/2568
f 2565/2565/2565 2566/2566/2566 2570/2570/2570
f 2565/2565/2565 2570/2570/2570 2569/2569/2569
f 2566/2566/2566 2567/2567/2567 2571/2571/2571
f 2566/2566/2566 2571/2571/2571 2570/2570/2570
f 2568/2568/2568 2569/2569/2569 2573/2573/2573
f 2568/2568/2568 2573/2573/2573 2572/2572/2572
f 2569/2569/2569 2570/2570/2570 2574/2574/2574
f 2569/2569/2569 2574/2574/2574 2573/2573/2573
f 2570/2570/2570 2571/2571/2571 2575/2575/2575
f 2570/2570/2570 2575/2575/2575 2574/2574/2574
f 2576/2576/2576 2577/2577/2577 2581/2581/2581
f 2576/2576/2576 2581/2581/2581 2580/2580/2580
f 2577/2577/2577 2578/2578/2578 2582/2582/2582
f 2577/2577/2577 2582/2582/2582 2581/2581/2581
f 2578/2578/2578 2579/2579/2579 2583/2583/2583
f 2578/2578/2578 2583/2583/2583 2582/2582/2582
f 2580/2580/2580 2581/2581/2581 2585/2585/2585
f 2580/2580/2580 2585/2585/2585 2584/2584/2584
f 2581/2581/2581 2582/2582/2582 2586/2586/2586
f 2581/2581/2581 2586/2586/2586 2585/2585/2585
f 2582/2582/2582 2583/2583/2583 2587/2587/2587
f 2582/2582/2582 2587/2587/2587 2586/2586/2586
f 2584/2584/2584 2585/2585/2585 2589/2589/2589
f 2584/2584/2584 2589/2589/2589 2588/2588/2588
f 2585/2585/2585 2586/2586/2586 2590/2590/2590
f 2585/2585/2585 2590/2590/2590 2589/2589/2589
f 2586/2586/2586 2587/2587/2587 2591/2591/2591
f 2586/2586/2586 2591/2591/2591 2590/2590/2590
usemtl door
f 2592/2592/2592 2593/2593/2593 2597/2597/2597
f 2592/2592/2592 2597/2597/2597 2596/2596/2596
f 2593/2593/2593 2594/2594/2594 2598/2598/2598
f 2593/2593/2593 2598/2598/2598 2597/2597/2597
f 2594/2594/2594 2595/2595/2595 2599/2599/2599
f 2594/2594/2594 2599/2599/2599 2598/2598/2598
f 2596/2596/2596 2597/2597/2597 2601/2601/2601
f 2596/2596/2596 2601/2601/2601 2600/2600/2600
f 2597/2597/2597 2598/2598/2598 2602/2602/2602
f 2597/2597/2597 2602/2602/2602 2601/2601/2601
f 2598/2598/2598 2599/2599/2599 2603/2603/2603
f 2598/2598/2598 2603/2603/2603 2602/2602/2602
f 2600/2600/2600 2601/2601/2601 2605/2605/2605
f 2600/2600/2600 2605/2605/2605 2604/2604/2604
f 2601/2601/2601 2602/2602/2602 2606/2606/2606
f 2601/2601/2601 2606/2606/2606 2605/2605/2605
f 2602/2602/2602 2603/2603/2603 2607/2607/2607
f 2602/2602/2602 2607/2607/2607 2606/2606/2606
f 2608/2608/2608 2609/2609/2609 2613/2613/2613
f 2608/2608/2608 2613/2613/2613 2612/2612/2612
f 2609/2609/2609 2610/2610/2610 2614/2614/2614
f 2609/2609/2609 2614/2614/2614 2613/2613/2613
f 2610/2610/2610 2611/2611/2611 2615/2615/2615
f 2610/2610/2610 2615/2615/2615 2614/2614/2614
f 2612/2612/2612 2613/2613/2613 2617/2617/2617
f 2612/2612/2612 2617/2617/2617 2616/2616/2616
f 2613/2613/2613 2614/2614/2614 2618/2618/2618
f 2613/2613/2613 2618/2618/2618 2617/2617/2617
f 2614/2614/2614 2615/2615/2615 2619/2619/2619
f 2614/2614/2614 2619/2619/2619 2618/2618/2618
f 2616/2616/2616 2617/2617/2617 2621/2621/2621
f 2616/2616/2616 2621/2621/2621 2620/2620/2620
f 2617/2617/2617 2618/2618/2618 2622/2622/2622
f 2617/2617/2617 2622/2622/2622 2621/2621/2621
f 2618/2618/2618 2619/2619/2619 2623/2623/2623
f 2618/2618/2618 2623/2623/2623 2622/2622/2622
f 2624/2624/2624 2625/2625/2625 2629/2629/2629
f 2624/2624/2624 2629/2629/2629 2628/2628/2628
f 2625/2625/2625 2626/2626/2626 2630/2630/2630
f 2625/2625/2625 2630/2630/2630 2629/2629/2629
f 2626/2626/2626 2627/2627/2627 2631/2631/2631
f 2626/2626/2626 2631/2631/2631 2630/2630/2630
f 2628/2628/2628 2629/2629/2629 2633/2633/2633
f 2628/2628/2628 2633/2633/2633 2632/2632/2632
f 2629/2629/2629 2630/2630/2630 2634/2634/2634
f 2629/2629/2629 2634/2634/2634 2633/2633/2633
f 2630/2630/2630 2631/2631/2631 2635/2635/2635
f 2630/2630/2630 2635/2635/2635 2634/2634/2634
f 2632/2632/2632 2633/2633/2633 2637/2637/2637
f 2632/2632/2632 2637/2637/2637 2636/2636/2636
f 2633/2633/2633 2634/2634/2634 2638/2638/2638
f 2633/2633/2633 2638/2638/2638 2637/2637/2637
f 2634/2634/2634 2635/2635/2635 2639/2639/2639
f 2634/2634/2634 2639/2639/2639 2638/2638/2638
f 2640/2640/2640 2641/2641/2641 2645/2645/2645
f 2640/2640/2640 2645/2645/2645 2644/2644/2644
f 2641/2641/2641 2642/2642/2642 2646/2646/2646
f 2641/2641/2641 2646/2646/2646 2645/2645/2645
f 2642/2642/2642 2643/2643/2643 2647/2647/2647
f 2642/2642/2642 2647/2647/2647 2646/2646/2646
f 2644/2644/2644 2645/2645/2645 2649/2649/2649
f 2644/2644/2644 2649/2649/2649 2648/2648/2648
f 2645/2645/2645 2646/2646/2646 2650/2650/2650
f 2645/2645/2645 2650/2650/2650 2649/2649/2649
f 2646/2646/2646 2647/2647/2647 2651/2651/2651
f 2646/2646/2646 2651/2651/2651 2650/2650/2650
f 2648/2648/2648 2649/2649/2649 2653/2653/2653
f 2648/2648/2648 2653/2653/2653 2652/2652/2652
f 2649/2649/2649 2650/2650/2650 2654/2654/2654
f 2649/2649/2649 2654/2654/2654 2653/2653/2653
f 2650/2650/2650 2651/2651/2651 2655/2655/2655
f 2650/2650/2650 2655/2655/2655 2654/2654/2654
f 2656/2656/2656 2657/2657/2657 2661/2661/2661
f 2656/2656/2656 2661/2661/2661 2660/2660/2660
f 2657/2657/2657 2658/2658/2658 2662/2662/2662
f 2657/2657/2657 2662/2662/2662 2661/2661/2661
f 2658/2658/2658 2659/2659/2659 2663/2663/2663
f 2658/2658/2658 2663/2663/2663 2662/2662/2662
f 2660/2660/2660 2661/2661/2661 2665/2665/2665
f 2660/2660/2660 2665/2665/2665 2664/2664/2664
f 2661/2661/2661 2662/2662/2662 2666/2666/2666
f 2661/2661/2661 2666/2666/2666 2665/2665/2665
f 2662/2662/2662 2663/2663/2663 2667/2667/2667
f 2662/2662/2662 2667/2667/2667 2666/2666/2666
f 2664/2664/2664 2665/2665/2665 2669/2669/2669
f 2664/2664/2664 2669/2669/2669 2668/2668/2668
f 2665/2665/2665 2666/2666/2666 2670/2670/2670
f 2665/2665/2665 2670/2670/2670 2669/2669/2669
f 2666/2666/2666 2667/2667/2667 2671/2671/2671
f 2666/2666/2666 2671/2671/2671 2670/2670/2670
f 2672/2672/2672 2673/2673/2673 2677/2677/2677
f 2672/2672/2672 2677/2677/2677 2676/2676/2676
f 2673/2673/2673 2674/2674/2674 2678/2678/2678
f 2673/2673/2673 2678/2678/2678 2677/2677/2677
f 2674/2674/2674 2675/2675/2675 2679/2679/2679
f 2674/2674/2674 2679/2679/2679 2678/2678/2678
f 2676/2676/2676 2677/2677/2677 2681/2681/2681
f 2676/2676/2676 2681/2681/2681 2680/2680/2680
f 2677/2677/2677 2678/2678/2678 2682/2682/2682
f 2677/2677/2677 2682/2682/2682 2681/2681/2681
f 2678/2678/2678 2679/2679/2679 2683/2683/2683
f 2678/2678/2678 2683/2683/2683 2682/2682/2682
f 2680/2680/2680 2681/2681/2681 2685/2685/2685
f 2680/2680/2680 2685/2685/2685 2684/2684/2684
f 2681/2681/2681 2682/2682/2682 2686/2686/2686
f 2681/2681/2681 2686/2686/2686 2685/2685/2685
f 2682/2682/2682 2683/2683/2683 2687/2687/2687
f 2682/2682/2682 2687/2687/2687 2686/2686/2686
f 2688/2688/2688 2689/2689/2689 2693/2693/2693
f 2688/2688/2688 2693/2693/2693 2692/2692/2692
f 2689/2689/2689 2690/2690/2690 2694/2694/2694
f 2689/2689/2689 2694/2694/2694 2693/2693/2693
f 2690/2690/2690 2691/2691/2691 2695/2695/2695
f 2690/2690/2690 2695/2695/2695 2694/2694/2694
f 2692/2692/2692 2693/2693/2693 2697/2697/2697
f 2692/2692/2692 2697/2697/2697 2696/2696/2696
f 2693/2693/2693 2694/2694/2694 2698/2698/2698
f 2693/2693/2693 2698/2698/2698 2697/2697/2697
f 2694/2694/2694 2695/2695/2695 2699/2699/2699
f 2694/2694/2694 2699/2699/2699 2698/2698/2698
f 2696/2696/2696 2697/2697/2697 2701/2701/2701
f 2696/2696/2696 2701/2701/2701 2700/2700/2700
f 2697/2697/2697 2698/2698/2698 2702/2702/2702
f 2697/2697/2697 2702/2702/2702 2701/2701/2701
f 2698/2698/2698 2699/2699/2699 2703/2703/2703
f 2698/2698/2698 2703/2703/2703 2702/2702/2702
f 2704/2704/2704 2705/2705/2705 2709/2709/2709
f 2704/2704/2704 2709/2709/2709 2708/2708/2708
f 2705/2705/2705 2706/2706/2706 2710/2710/2710
f 2705/2705/2705 2710/2710/2710 2709/2709/2709
f 2706/2706/2706 2707/2707/2707 2711/2711/2711
f 2706/2706/2706 2711/2711/2711 2710/2710/2710
f 2708/2708/2708 2709/2709/2709 2713/2713/2713
f 2708/2708/2708 2713/2713/2713 2712/2712/2712
f 2709/2709/2709 2710/2710/2710 2714/2714/2714
f 2709/2709/2709 2714/2714/2714 2713/2713/2713
f 2710/2710/2710 2711/2711/2711 2715/2715/2715
f 2710/2710/2710 2715/2715/2715 2714/2714/2714
f 2712/2712/2712 2713/2713/2713 2717/2717/2717
f 2712/2712/2712 2717/2717/2717 2716/2716/2716
f 2713/2713/2713 2714/2714/2714 2718/2718/2718
f 2713/2713/2713 2718/2718/2718 2717/2717/2717
f 2714/2714/2714 2715/2715/2715 2719/2719/2719
f 2714/2714/2714 2719/2719/2719 2718/2718/2718
f 2720/2720/2720 2721/2721/2721 2725/2725/2725
f 2720/2720/2720 2725/2725/2725 2724/2724/2724
f 2721/2721/2721 2722/2722/2722 2726/2726/2726
f 2721/2721/2721 2726/2726/2726 2725/2725/2725
f 2722/2722/2722 2723/2723/2723 2727/2727/2727
f 2722/2722/2722 2727/2727/2727 2726/2726/2726
f 2724/2724/2724 2725/2725/2725 2729/2729/2729
f 2724/2724/2724 2729/2729/2729 2728/2728/2728
f 2725/2725/2725 2726/2726/2726 2730/2730/2730
f 2725/2725/2725 2730/2730/2730 2729/2729/2729
f 2726/2726/2726 2727/2727/2727 2731/2731/2731
f 2726/2726/2726 2731/2731/2731 2730/2730/2730
f 2728/2728/2728 2729/2729/2729 2733/2733/2733
f 2728/2728/2728 2733/2733/2733 2732/2732/2732
f 2729/2729/2729 2730/2730/2730 2734/2734/2734
f 2729/2729/2729 2734/2734/2734 2733/2733/2733
f 2730/2730/2730 2731/2731/2731 2735/2735/2735
f 2730/2730/2730 2735/2735/2735 2734/2734/2734
f 2736/2736/2736 2737/2737/2737 2741/2741/2741
f 2736/2736/2736 2741/2741/2741 2740/2740/2740
f 2737/2737/2737 2738/2738/2738 2742/2742/2742
f 2737/2737/2737 2742/2742/2742 2741/2741/2741
f 2738/2738/2738 2739/2739/2739 2743/2743/2743
f 2738/2738/2738 2743/2743/2743 2742/2742/2742
f 2740/2740/2740 2741/2741/2741 2745/2745/2745
f 2740/2740/2740 2745/2745/2745 2744/2744/2744
f 2741/2741/2741 2742/2742/2742 2746/2746/2746
f 2741/2741/2741 2746/2746/2746 2745/2745/2745
f 2742/2742/2742 2743/2743/2743 2747/2747/2747
f 2742/2742/2742 2747/2747/2747 2746/2746/2746
f 2744/2744/2744 2745/2745/2745 2749/2749/2749
f 2744/2744/2744 2749/2749/2749 2748/2748/2748
f 2745/2745/2745 2746/2746/2746 2750/2750/2750
f 2745/2745/2745 2750/2750/2750 2749/2749/2749
f 2746/2746/2746 2747/2747/2747 2751/2751/2751
f 2746/2746/2746 2751/2751/2751 2750/2750/2750
f 2752/2752/2752 2753/2753/2753 2757/2757/2757
f 2752/2752/2752 2757/2757/2757 2756/2756/2756
f 2753/2753/2753 2754/2754/2754 2758/2758/2758
f 2753/2753/2753 2758/2758/2758 2757/2757/2757
f 2754/2754/2754 2755/2755/2755 2759/2759/2759
f 2754/2754/2754 2759/2759/2759 2758/2758/2758
f 2756/2756/2756 2757/2757/2757 2761/2761/2761
f 2756/2756/2756 2761/2761/2761 2760/2760/2760
f 2757/2757/2757 2758/2758/2758 2762/2762/2762
f 2757/2757/2757 2762/2762/2762 2761/2761/2761
f 2758/2758/2758 2759/2759/2759 2763/2763/2763
f 2758/2758/2758 2763/2763/2763 2762/2762/2762
f 2760/2760/2760 2761/2761/2761 2765/2765/2765
f 2760/2760/2760 2765/2765/2765 2764/2764/2764
f 2761/2761/2761 2762/2762/2762 2766/2766/2766
f 2761/2761/2761 2766/2766/2766 2765/2765/2765
f 2762/2762/2762 2763/2763/2763 2767/2767/2767
f 2762/2762/2762 2767/2767/2767 2766/2766/2766
f 2768/2768/2768 2769/2769/2769 2773/2773/2773
f 2768/2768/2768 2773/2773/2773 2772/2772/2772
f 2769/2769/2769 2770/2770/2770 2774/2774/2774
f 2769/2769/2769 2774/2774/2774 2773/2773/2773
f 2770/2770/2770 2771/2771/2771 2775/2775/2775
f 2770/2770/2770 2775/2775/2775 2774/2774/2774
f 2772/2772/2772 2773/2773/2773 2777/2777/2777
f 2772/2772/2772 2777/2777/2777 2776/2776/2776
f 2773/2773/2773 2774/2774/2774 2778/2778/2778
f 2773/2773/2773 2778/2778/2778 2777/2777/2777
f 2774/2774/2774 2775/2775/2775 2779/2779/2779
f 2774/2774/2774 2779/2779/2779 2778/2778/2778
f 2776/2776/2776 2777/2777/2777 2781/2781/2781
f 2776/2776/2776 2781/2781/2781 2780/2780/2780
f 2777/2777/2777 2778/2778/2778 2782/2782/2782
f 2777/2777/2777 2782/2782/2782 2781/2781/2781
f 2778/2778/2778 2779/2779/2779 2783/2783/2783
f 2778/2778/2778 2783/2783/2783 2782/2782/2782
f 2784/2784/2784 2785/2785/2785 2789/2789/2789
f 2784/2784/2784 2789/2789/2789 2788/2788/2788
f 2785/2785/2785 2786/2786/2786 2790/2790/2790
f 2785/2785/2785 2790/2790/2790 2789/2789/2789
f 2786/2786/2786 2787/2787/2787 2791/2791/2791
f 2786/2786/2786 2791/2791/2791 2790/2790/2790
f 2788/2788/2788 2789/2789/2789 2793/2793/2793
f 2788/2788/2788 2793/2793/2793 2792/2792/2792
f 2789/2789/2789 2790/2790/2790 2794/2794/2794
f 2789/2789/2789 2794/2794/2794 2793/2793/2793
f 2790/2790/2790 2791/2791/2791 2795/2795/2795
f 2790/2790/2790 2795/2795/2795 2794/2794/2794
f 2792/2792/2792 2793/2793/2793 2797/2797/2797
f 2792/2792/2792 2797/2797/2797 2796/2796/2796
f 2793/2793/2793 2794/2794/2794 2798/2798/2798
f 2793/2793/2793 2798/2798/2798 2797/2797/2797
f 2794/2794/2794 2795/2795/2795 2799/2799/2799
f 2794/2794/2794 2799/2799/2799 2798/2798/2798
f 2800/2800/2800 2801/2801/2801 2805/2805/2805
f 2800/2800/2800 2805/2805/2805 2804/2804/2804
f 2801/2801/2801 2802/2802/2802 2806/2806/2806
f 2801/2801/2801 2806/2806/2806 2805/2805/2805
f 2802/2802/2802 2803/2803/2803 2807/2807/2807
f 2802/2802/2802 2807/2807/2807 2806/2806/2806
f 2804/2804/2804 2805/2805/2805 2809/2809/2809
f 2804/2804/2804 2809/2809/2809 2808/2808/2808
f 2805/2805/2805 2806/2806/2806 2810/2810/2810
f 2805/2805/2805 2810/2810/2810 2809/2809/2809
f 2806/2806/2806 2807/2807/2807 2811/2811/2811
f 2806/2806/2806 2811/2811/2811 2810/2810/2810
f 2808/2808/2808 2809/2809/2809 2813/2813/2813
f 2808/2808/2808 2813/2813/2813 2812/2812/2812
f 2809/2809/2809 2810/2810/2810 2814/2814/2814
f 2809/2809/2809 2814/2814/2814 2813/2813/2813
f 2810/2810/2810 2811/2811/2811 2815/2815/2815
f 2810/2810/2810 2815/2815/2815 2814/2814/2814
f 2816/2816/2816 2817/2817/2817 2821/2821/2821
f 2816/2816/2816 2821/2821/2821 2820/2820/2820
f 2817/2817/2817 2818/2818/2818 2822/2822/2822
f 2817/2817/2817 2822/2822/2822 2821/2821/2821
f 2818/2818/2818 2819/2819/2819 2823/2823/2823
f 2818/2818/2818 2823/2823/2823 2822/2822/2822
f 2820/2820/2820 2821/2821/2821 2825/2825/2825
f 2820/2820/2820 2825/2825/2825 2824/2824/2824
f 2821/2821/2821 2822/2822/2822 2826/2826/2826
f 2821/2821/2821 2826/2826/2826 2825/2825/2825
f 2822/2822/2822 2823/2823/2823 2827/2827/2827
f 2822/2822/2822 2827/2827/2827 2826/2826/2826
f 2824/2824/2824 2825/2825/2825 2829/2829/2829
f 2824/2824/2824 2829/2829/2829 2828/2828/2828
f 2825/2825/2825 2826/2826/2826 2830/2830/2830
f 2825/2825/2825 2830/2830/2830 2829/2829/2829
f 2826/2826/2826 2827/2827/2827 2831/2831/2831
f 2826/2826/2826 2831/2831/2831 2830/2830/2830
f 2832/2832/2832 2833/2833/2833 2837/2837/2837
f 2832/2832/2832 2837/2837/2837 2836/2836/2836
f 2833/2833/2833 2834/2834/2834 2838/2838/2838
f 2833/2833/2833 2838/2838/2838 2837/2837/2837
f 2834/2834/2834 2835/2835/2835 2839/2839/2839
f 2834/2834/2834 2839/2839/2839 2838/2838/2838
f 2836/2836/2836 2837/2837/2837 2841/2841/2841
f 2836/2836/2836 2841/2841/2841 2840/2840/2840
f 2837/2837/2837 2838/2838/2838 2842/2842/2842
f 2837/2837/2837 2842/2842/2842 2841/2841/2841
f 2838/2838/2838 2839/2839/2839 2843/2843/2843
f 2838/2838/2838 2843/2843/2843 2842/2842/2842
f 2840/2840/2840 2841/2841/2841 2845/2845/2845
f 2840/2840/2840 2845/2845/2845 2844/2844/2844
f 2841/2841/2841 2842/2842/2842 2846/2846/2846
f 2841/2841/2841 2846/2846/2846 2845/2845/2845
f 2842/2842/2842 2843/2843/2843 2847/2847/2847
f 2842/2842/2842 2847/2847/2847 2846/2846/2846
f 2848/2848/2848 2849/2849/2849 2853/2853/2853
f 2848/2848/2848 2853/2853/2853 2852/2852/2852
f 2849/2849/2849 2850/2850/2850 2854/2854/2854
f 2849/2849/2849 2854/2854/2854 2853/2853/2853
f 2850/2850/2850 2851/2851/2851 2855/2855/2855
f 2850/2850/2850 2855/2855/2855 2854/2854/2854
f 2852/2852/2852 2853/2853/2853 2857/2857/2857
f 2852/2852/2852 2857/2857/2857 2856/2856/2856
f 2853/2853/2853 2854/2854/2854 2858/2858/2858
f 2853/2853/2853 2858/2858/2858 2857/2857/2857
f 2854/2854/2854 2855/2855/2855 2859/2859/2859
f 2854/2854/2854 2859/2859/2859 2858/2858/2858
f 2856/2856/2856 2857/2857/2857 2861/2861/2861
f 2856/2856/2856 2861/2861/2861 2860/2860/2860
f 2857/2857/2857 2858/2858/2858 2862/2862/2862
f 2857/2857/2857 2862/2862/2862 2861/2861/2861
f 2858/2858/2858 2859/2859/2859 2863/2863/2863
f 2858/2858/2858 2863/2863/2863 2862/2862/2862
f 2864/2864/2864 2865/2865/2865 2869/2869/2869
f 2864/2864/2864 2869/2869/2869 2868/2868/2868
f 2865/2865/2865 2866/2866/2866 2870/2870/2870
f 2865/2865/2865 2870/2870/2870 2869/2869/2869
f 2866/2866/2866 2867/2867/2867 2871/2871/2871
f 2866/2866/2866 2871/2871/2871 2870/2870/2870
f 2868/2868/2868 2869/2869/2869 2873/2873/2873
f 2868/2868/2868 2873/2873/2873 2872/2872/2872
f 2869/2869/2869 2870/2870/2870 2874/2874/2874
f 2869/2869/2869 2874/2874/2874 2873/2873/2873
f 2870/2870/2870 2871/2871/2871 2875/2875/2875
f 2870/2870/2870 2875/2875/2875 2874/2874/2874
f 2872/2872/2872 2873/2873/2873 2877/2877/2877
f 2872/2872/2872 2877/2877/2877 2876/2876/2876
f 2873/2873/2873 2874/2874/2874 2878/2878/2878
f 2873/2873/2873 2878/2878/2878 2877/2877/2877
f 2874/2874/2874 2875/2875/2875 2879/2879/2879
f 2874/2874/2874 2879/2879/2879 2878/2878/2878
f 2880/2880/2880 2881/2881/2881 2885/2885/2885
f 2880/2880/2880 2885/2885/2885 2884/2884/2884
f 2881/2881/2881 2882/2882/2882 2886/2886/2886
f 2881/2881/2881 2886/2886/2886 2885/2885/2885
f 2882/2882/2882 2883/2883/2883 2887/2887/2887
f 2882/2882/2882 2887/2887/2887 2886/2886/2886
f 2884/2884/2884 2885/2885/2885 2889/2889/2889
f 2884/2884/2884 2889/2889/2889 2888/2888/2888
f 2885/2885/2885 2886/2886/2886 2890/2890/2890
f 2885/2885/2885 2890/2890/2890 2889/2889/2889
f 2886/2886/2886 2887/2887/2887 2891/2891/2891
f 2886/2886/2886 2891/2891/2891 2890/2890/2890
f 2888/2888/2888 2889/2889/2889 2893/2893/2893
f 2888/2888/2888 2893/2893/2893 2892/2892/2892
f 2889/2889/2889 2890/2890/2890 2894/2894/2894
f 2889/2889/2889 2894/2894/2894 2893/2893/2893
f 2890/2890/2890 2891/2891/2891 2895/2895/2895
f 2890/2890/2890 2895/2895/2895 2894/2894/2894
f 2896/2896/2896 2897/2897/2897 2901/2901/2901
f 2896/2896/2896 2901/2901/2901 2900/2900/2900
f 2897/2897/2897 2898/2898/2898 2902/2902/2902
f 2897/2897/2897 2902/2902/2902 2901/2901/2901
f 2898/2898/2898 2899/2899/2899 2903/2903/2903
f 2898/2898/2898 2903/2903/2903 2902/2902/2902
f 2900/2900/2900 2901/2901/2901 2905/2905/2905
f 2900/2900/2900 2905/2905/2905 2904/2904/2904
f 2901/2901/2901 2902/2902/2902 2906/2906/2906
f 2901/2901/2901 2906/2906/2906 2905/2905/2905
f 2902/2902/2902 2903/2903/2903 2907/2907/2907
f 2902/2902/2902 2907/2907/2907 2906/2906/2906
f 2904/2904/2904 2905/2905/2905 2909/2909/2909
f 2904/2904/2904 2909/2909/2909 2908/2908/2908
f 2905/2905/2905 2906/2906/2906 2910/2910/2910
f 2905/2905/2905 2910/2910/2910 2909/2909/2909
f 2906/2906/2906 2907/2907/2907 2911/2911/2911
f 2906/2906/2906 2911/2911/2911 2910/2910/2910
f 2912/2912/2912 2913/2913/2913 2917/2917/2917
f 2912/2912/2912 2917/2917/2917 2916/2916/2916
f 2913/2913/2913 2914/2914/2914 2918/2918/2918
f 2913/2913/2913 2918/2918/2918 2917/2917/2917
f 2914/2914/2914 2915/2915/2915 2919/2919/2919
f 2914/2914/2914 2919/2919/2919 2918/2918/2918
f 2916/2916/2916 2917/2917/2917 2921/2921/2921
f 2916/2916/2916 2921/2921/2921 2920/2920/2920
f 2917/2917/2917 2918/2918/2918 2922/2922/2922
f 2917/2917/2917 2922/2922/2922 2921/2921/2921
f 2918/2918/2918 2919/2919/2919 2923/2923/2923
f 2918/2918/2918 2923/2923/2923 2922/2922/2922
f 2920/2920/2920 2921/2921/2921 2925/2925/2925
f 2920/2920/2920 2925/2925/2925 2924/2924/2924
f 2921/2921/2921 2922/2922/2922 2926/2926/2926
f 2921/2921/2921 2926/2926/2926 2925/2925/2925
f 2922/2922/2922 2923/2923/2923 2927/2927/2927
f 2922/2922/2922 2927/2927/2927 2926/2926/2926
f 2928/2928/2928 2929/2929/2929 2933/2933/2933
f 2928/2928/2928 2933/2933/2933 2932/2932/2932
f 2929/2929/2929 2930/2930/2930 2934/2934/2934
f 2929/2929/2929 2934/2934/2934 2933/2933/2933
f 2930/2930/2930 2931/2931/2931 2935/2935/2935
f 2930/2930/2930 2935/2935/2935 2934/2934/2934
f 2932/2932/2932 2933/2933/2933 2937/2937/2937
f 2932/2932/2932 2937/2937/2937 2936/2936/2936
f 2933/2933/2933 2934/2934/2934 2938/2938/2938
f 2933/2933/2933 2938/2938/2938 2937/2937/2937
f 2934/2934/2934 2935/2935/2935 2939/2939/2939
f 2934/2934/2934 2939/2939/2939 2938/2938/2938
f 2936/2936/2936 2937/2937/2937 2941/2941/2941
f 2936/2936/2936 2941/2941/2941 2940/2940/2940
f 2937/2937/2937 2938/2938/2938 2942/2942/2942
f 2937/2937/2937 2942/2942/2942 2941/2941/2941
f 2938/2938/2938 2939/2939/2939 2943/2943/2943
f 2938/2938/2938 2943/2943/2943 2942/2942/2942
f 2944/2944/2944 2945/2945/2945 2949/2949/2949
f 2944/2944/2944 2949/2949/2949 2948/2948/2948
f 2945/2945/2945 2946/2946/2946 2950/2950/2950
f 2945/2945/2945 2950/2950/2950 2949/2949/2949
f 2946/2946/2946 2947/2947/2947 2951/2951/2951
f 2946/2946/2946 2951/2951/2951 2950/2950/2950
f 2948/2948/2948 2949/2949/2949 2953/2953/2953
f 2948/2948/2948 2953/2953/2953 2952/2952/2952
f 2949/2949/2949 2950/2950/2950 2954/2954/2954
f 2949/2949/2949 2954/2954/2954 2953/2953/2953
f 2950/2950/2950 2951/2951/2951 2955/2955/2955
f 2950/2950/2950 2955/2955/2955 2954/2954/2954
f 2952/2952/2952 2953/2953/2953 2957/2957/2957
f 2952/2952/2952 2957/2957/2957 2956/2956/2956
f 2953/2953/2953 2954/2954/2954 2958/2958/2958
f 2953/2953/2953 2958/2958/2958 2957/2957/2957
f 2954/2954/2954 2955/2955/2955 2959/2959/2959
f 2954/2954/2954 2959/2959/2959 2958/2958/2958
f 2960/2960/2960 2961/2961/2961 2965/2965/2965
f 2960/2960/2960 2965/2965/2965 2964/2964/2964
f 2961/2961/2961 2962/2962/2962 2966/2966/2966
f 2961/2961/2961 2966/2966/2966 2965/2965/2965
f 2962/2962/2962 2963/2963/2963 2967/2967/2967
f 2962/2962/2962 2967/2967/2967 2966/2966/2966
f 2964/2964/2964 2965/2965/2965 2969/2969/2969
f 2964/2964/2964 2969/2969/2969 2968/2968/2968
f 2965/2965/2965 2966/2966/2966 2970/2970/2970
f 2965/2965/2965 2970/2970/2970 2969/2969/2969
f 2966/2966/2966 2967/2967/2967 2971/2971/2971
f 2966/2966/2966 2971/2971/2971 2970/2970/2970
f 2968/2968/2968 2969/2969/2969 2973/2973/2973
f 2968/2968/2968 2973/2973/2973 2972/2972/2972
f 2969/2969/2969 2970/2970/2970 2974/2974/2974
f 2969/2969/2969 2974/2974/2974 2973/2973/2973
f 2970/2970/2970 2971/2971/2971 2975/2975/2975
f 2970/2970/2970 2975/2975/2975 2974/2974/2974
f 2976/2976/2976 2977/2977/2977 2981/2981/2981
f 2976/2976/2976 2981/2981/2981 2980/2980/2980
f 2977/2977/2977 2978/2978/2978 2982/2982/2982
f 2977/2977/2977 2982/2982/2982 2981/2981/2981
f 2978/2978/2978 2979/2979/2979 2983/2983/2983
f 2978/2978/2978 2983/2983/2983 2982/2982/2982
f 2980/2980/2980 2981/2981/2981 2985/2985/2985
f 2980/2980/2980 2985/2985/2985 2984/2984/2984
f 2981/2981/2981 2982/2982/2982 2986/2986/2986
f 2981/2981/2981 2986/2986/2986 2985/2985/2985
f 2982/2982/2982 2983/2983/2983 2987/2987/2987
f 2982/2982/2982 2987/2987/2987 2986/2986/2986
f 2984/2984/2984 2985/2985/2985 2989/2989/2989
f 2984/2984/2984 2989/2989/2989 2988/2988/2988
f 2985/2985/2985 2986/2986/2986 2990/2990/2990
f 2985/2985/2985 2990/2990/2990 2989/2989/2989
f 2986/2986/2986 2987/2987/2987 2991/2991/2991
f 2986/2986/2986 2991/2991/2991 2990/2990/2990
f 2992/2992/2992 2993/2993/2993 2997/2997/2997
f 2992/2992/2992 2997/2997/2997 2996/2996/2996
f 2993/2993/2993 2994/2994/2994 2998/2998/2998
f 2993/2993/2993 2998/2998/2998 2997/2997/2997
f 2994/2994/2994 2995/2995/2995 2999/2999/2999
f 2994/2994/2994 2999/2999/2999 2998/2998/2998
f 2996/2996/2996 2997/2997/2997 3001/3001/3001
f 2996/2996/2996 3001/3001/3001 3000/3000/3000
f 2997/2997/2997 2998/2998/2998 3002/3002/3002
f 2997/2997/2997 3002/3002/3002 3001/3001/3001
f 2998/2998/2998 2999/2999/2999 3003/3003/3003
f 2998/2998/2998 3003/3003/3003 3002/3002/3002
f 3000/3000/3000 3001/3001/3001 3005/3005/3005
f 3000/3000/3000 3005/3005/3005 3004/3004/3004
f 3001/3001/3001 3002/3002/3002 3006/3006/3006
f 3001/3001/3001 3006/3006/3006 3005/3005/3005
f 3002/3002/3002 3003/3003/3003 3007/3007/3007
f 3002/3002/3002 3007/3007/3007 3006/3006/3006
f 3008/3008/3008 3009/3009/3009 3013/3013/3013
f 3008/3008/3008 3013/3013/3013 3012/3012/3012
f 3009/3009/3009 3010/3010/3010 3014/3014/3014
f 3009/3009/3009 3014/3014/3014 3013/3013/3013
f 3010/3010/3010 3011/3011/3011 3015/3015/3015
f 3010/3010/3010 3015/3015/3015 3014/3014/3014
f 3012/3012/3012 3013/3013/3013 3017/3017/3017
f 3012/3012/3012 3017/3017/3017 3016/3016/3016
f 3013/3013/3013 3014/3014/3014 3018/3018/3018
f 3013/3013/3013 3018/3018/3018 3017/3017/3017
f 3014/3014/3014 3015/3015/3015 3019/3019/3019
f 3014/3014/3014 3019/3019/3019 3018/3018/3018
f 3016/3016/3016 3017/3017/3017 3021/3021/3021
f 3016/3016/3016 3021/3021/3021 3020/3020/3020
f 3017/3017/3017 3018/3018/3018 3022/3022/3022
f 3017/3017/3017 3022/3022/3022 3021/3021/3021
f 3018/3018/3018 3019/3019/3019 3023/3023/3023
f 3018/3018/3018 3023/3023/3023 3022/3022/3022
f 3024/3024/3024 3025/3025/3025 3029/3029/3029
f 3024/3024/3024 3029/3029/3029 3028/3028/3028
f 3025/3025/3025 3026/3026/3026 3030/3030/3030
f 3025/3025/3025 3030/3030/3030 3029/3029/3029
f 3026/3026/3026 3027/3027/3027 3031/3031/3031
f 3026/3026/3026 3031/3031/3031 3030/3030/3030
f 3028/3028/3028 3029/3029/3029 3033/3033/3033
f 3028/3028/3028 3033/3033/3033 3032/3032/3032
f 3029/3029/3029 3030/3030/3030 3034/3034/3034
f 3029/3029/3029 3034/3034/3034 3033/3033/3033
f 3030/3030/3030 3031/3031/3031 3035/3035/3035
f 3030/3030/3030 3035/3035/3035 3034/3034/3034
f 3032/3032/3032 3033/3033/3033 3037/3037/3037
f 3032/3032/3032 3037/3037/3037 3036/3036/3036
f 3033/3033/3033 3034/3034/3034 3038/3038/3038
f 3033/3033/3033 3038/3038/3038 3037/3037/3037
f 3034/3034/3034 3035/3035/3035 3039/3039/3039
f 3034/3034/3034 3039/3039/3039 3038/3038/3038
f 3040/3040/3040 3041/3041/3041 3045/3045/3045
f 3040/3040/3040 3045/3045/3045 3044/3044/3044
f 3041/3041/3041 3042/3042/3042 3046/3046/3046
f 3041/3041/3041 3046/3046/3046 3045/3045/3045
f 3042/3042/3042 3043/3043/3043 3047/3047/3047
f 3042/3042/3042 3047/3047/3047 3046/3046/3046
f 3044/3044/3044 3045/3045/3045 3049/3049/3049
f 3044/3044/3044 3049/3049/3049 3048/3048/3048
f 3045/3045/3045 3046/3046/3046 3050/3050/3050
f 3045/3045/3045 3050/3050/3050 3049/3049/3049
f 3046/3046/3046 3047/3047/3047 3051/3051/3051
f 3046/3046/3046 3051/3051/3051 3050/3050/3050
f 3048/3048/3048 3049/3049/3049 3053/3053/3053
f 3048/3048/3048 3053/3053/3053 3052/3052/3052
f 3049/3049/3049 3050/3050/3050 3054/3054/3054
f 3049/3049/3049 3054/3054/3054 3053/3053/3053
f 3050/3050/3050 3051/3051/3051 3055/3055/3055
f 3050/3050/3050 3055/3055/3055 3054/3054/3054
f 3056/3056/3056 3057/3057/3057 3061/3061/3061
f 3056/3056/3056 3061/3061/3061 3060/3060/3060
f 3057/3057/3057 3058/3058/3058 3062/3062/3062
f 3057/3057/3057 3062/3062/3062 3061/3061/3061
f 3058/3058/3058 3059/3059/3059 3063/3063/3063
f 3058/3058/3058 3063/3063/3063 3062/3062/3062
f 3060/3060/3060 3061/3061/3061 3065/3065/3065
f 3060/3060/3060 3065/3065/3065 3064/3064/3064
f 3061/3061/3061 3062/3062/3062 3066/3066/3066
f 3061/3061/3061 3066/3066/3066 3065/3065/3065
f 3062/3062/3062 3063/3063/3063 3067/3067/3067
f 3062/3062/3062 3067/3067/3067 3066/3066/3066
f 3064/3064/3064 3065/3065/3065 3069/3069/3069
f 3064/3064/3064 3069/3069/3069 3068/3068/3068
f 3065/3065/3065 3066/3066/3066 3070/3070/3070
f 3065/3065/3065 3070/3070/3070 3069/3069/3069
f 3066/3066/3066 3067/3067/3067 3071/3071/3071
f 3066/3066/3066 3071/3071/3071 3070/3070/3070
f 3072/3072/3072 3073/3073/3073 3077/3077/3077
f 3072/3072/3072 3077/3077/3077 3076/3076/3076
f 3073/3073/3073 3074/3074/3074 3078/3078/3078
f 3073/3073/3073 3078/3078/3078 3077/3077/3077
f 3074/3074/3074 3075/3075/3075 3079/3079/3079
f 3074/3074/3074 3079/3079/3079 3078/3078/3078
f 3076/3076/3076 3077/3077/3077 3081/3081/3081
f 3076/3076/3076 3081/3081/3081 3080/3080/3080
f 3077/3077/3077 3078/3078/3078 3082/3082/3082
f 3077/3077/3077 3082/3082/3082 3081/3081/3081
f 3078/3078/3078 3079/3079/3079 3083/3083/3083
f 3078/3078/3078 3083/3083/3083 3082/3082/3082
f 3080/3080/3080 3081/3081/3081 3085/3085/3085
f 3080/3080/3080 3085/3085/3085 3084/3084/3084
f 3081/3081/3081 3082/3082/3082 3086/3086/3086
f 3081/3081/3081 3086/3086/3086 3085/3085/3085
f 3082/3082/3082 3083/3083/3083 3087/3087/3087
f 3082/3082/3082 3087/3087/3087 3086/3086/3086
f 3088/3088/3088 3089/3089/3089 3093/3093/3093
f 3088/3088/3088 3093/3093/3093 3092/3092/3092
f 3089/3089/3089 3090/3090/3090 3094/3094/3094
f 3089/3089/3089 3094/3094/3094 3093/3093/3093
f 3090/3090/3090 3091/3091/3091 3095/3095/3095
f 3090/3090/3090 3095/3095/3095 3094/3094/3094
f 3092/3092/3092 3093/3093/3093 3097/3097/3097
f 3092/3092/3092 3097/3097/3097 3096/3096/3096
f 3093/3093/3093 3094/3094/3094 3098/3098/3098
f 3093/3093/3093 3098/3098/3098 3097/3097/3097
f 3094/3094/3094 3095/3095/3095 3099/3099/3099
f 3094/3094/3094 3099/3099/3099 3098/3098/3098
f 3096/3096/3096 3097/3097/3097 3101/3101/3101
f 3096/3096/3096 3101/3101/3101 3100/3100/3100
f 3097/3097/3097 3098/3098/3098 3102/3102/3102
f 3097/3097/3097 3102/3102/3102 3101/3101/3101
f 3098/3098/3098 3099/3099/3099 3103/3103/3103
f 3098/3098/3098 3103/3103/3103 3102/3102/3102
f 3104/3104/3104 3105/3105/3105 3109/3109/3109
f 3104/3104/3104 3109/3109/3109 3108/3108/3108
f 3105/3105/3105 3106/3106/3106 3110/3110/3110
f 3105/3105/3105 3110/3110/3110 3109/3109/3109
f 3106/3106/3106 3107/3107/3107 3111/3111/3111
f 3106/3106/3106 3111/3111/3111 3110/3110/3110
f 3108/3108/3108 3109/3109/3109 3113/3113/3113
f 3108/3108/3108 3113/3113/3113 3112/3112/3112
f 3109/3109/3109 3110/3110/3110 3114/3114/3114
f 3109/3109/3109 3114/3114/3114 3113/3113/3113
f 3110/3110/3110 3111/3111/3111 3115/3115/3115
f 3110/3110/3110 3115/3115/3115 3114/3114/3114
f 3112/3112/3112 3113/3113/3113 3117/3117/3117
f 3112/3112/3112 3117/3117/3117 3116/3116/3116
f 3113/3113/3113 3114/3114/3114 3118/3118/3118
f 3113/3113/3113 3118/3118/3118 3117/3117/3117
f 3114/3114/3114 3115/3115/3115 3119/3119/3119
f 3114/3114/3114 3119/3119/3119 3118/3118/3118
f 3120/3120/3120 3121/3121/3121 3125/3125/3125
f 3120/3120/3120 3125/3125/3125 3124/3124/3124
f 3121/3121/3121 3122/3122/3122 3126/3126/3126
f 3121/3121/3121 3126/3126/3126 3125/3125/3125
f 3122/3122/3122 3123/3123/3123 3127/3127/3127
f 3122/3122/3122 3127/3127/3127 3126/3126/3126
f 3124/3124/3124 3125/3125/3125 3129/3129/3129
f 3124/3124/3124 3129/3129/3129 3128/3128/3128
f 3125/3125/3125 3126/3126/3126 3130/3130/3130
f 3125/3125/3125 3130/3130/3130 3129/3129/3129
f 3126/3126/3126 3127/3127/3127 3131/3131/3131
f 3126/3126/3126 3131/3131/3131 3130/3130/3130
f 3128/3128/3128 3129/3129/3129 3133/3133/3133
f 3128/3128/3128 3133/3133/3133 3132/3132/3132
f 3129/3129/3129 3130/3130/3130 3134/3134/3134
f 3129/3129/3129 3134/3134/3134 3133/3133/3133
f 3130/3130/3130 3131/3131/3131 3135/3135/3135
f 3130/3130/3130 3135/3135/3135 3134/3134/3134
f 3136/3136/3136 3137/3137/3137 3141/3141/3141
f 3136/3136/3136 3141/3141/3141 3140/3140/3140
f 3137/3137/3137 3138/3138/3138 3142/3142/3142
f 3137/3137/3137 3142/3142/3142 3141/3141/3141
f 3138/3138/3138 3139/3139/3139 3143/3143/3143
f 3138/3138/3138 3143/3143/3143 3142/3142/3142
f 3140/3140/3140 3141/3141/3141 3145/3145/3145
f 3140/3140/3140 3145/3145/3145 3144/3144/3144
f 3141/3141/3141 3142/3142/3142 3146/3146/3146
f 3141/3141/3141 3146/3146/3146 3145/3145/3145
f 3142/3142/3142 3143/3143/3143 3147/3147/3147
f 3142/3142/3142 3147/3147/3147 3146/3146/3146
f 3144/3144/3144 3145/3145/3145 3149/3149/3149
f 3144/3144/3144 3149/3149/3149 3148/3148/3148
f 3145/3145/3145 3146/3146/3146 3150/3150/3150
f 3145/3145/3145 3150/3150/3150 3149/3149/3149
f 3146/3146/3146 3147/3147/3147 3151/3151/3151
f 3146/3146/3146 3151/3151/3151 3150/3150/3150
f 3152/3152/3152 3153/3153/3153 3157/3157/3157
f 3152/3152/3152 3157/3157/3157 3156/3156/3156
f 3153/3153/3153 3154/3154/3154 3158/3158/3158
f 3153/3153/3153 3158/3158/3158 3157/3157/3157
f 3154/3154/3154 3155/3155/3155 3159/3159/3159
f 3154/3154/3154 3159/3159/3159 3158/3158/3158
f 3156/3156/3156 3157/3157/3157 3161/3161/3161
f 3156/3156/3156 3161/3161/3161 3160/3160/3160
f 3157/3157/3157 3158/3158/3158 3162/3162/3162
f 3157/3157/3157 3162/3162/3162 3161/3161/3161
f 3158/3158/3158 3159/3159/3159 3163/3163/3163
f 3158/3158/3158 3163/3163/3163 3162/3162/3162
f 3160/3160/3160 3161/3161/3161 3165/3165/3165
f 3160/3160/3160 3165/3165/3165 3164/3164/3164
f 3161/3161/3161 3162/3162/3162 3166/3166/3166
f 3161/3161/3161 3166/3166/3166 3165/3165/3165
f 3162/3162/3162 3163/3163/3163 3167/3167/3167
f 3162/3162/3162 3167/3167/3167 3166/3166/3166
f 3168/3168/3168 3169/3169/3169 3173/3173/3173
f 3168/3168/3168 3173/3173/3173 3172/3172/3172
f 3169/3169/3169 3170/3170/3170 3174/3174/3174
f 3169/3169/3169 3174/3174/3174 3173/3173/3173
f 3170/3170/3170 3171/3171/3171 3175/3175/3175
f 3170/3170/3170 3175/3175/3175 3174/3174/3174
f 3172/3172/3172 3173/3173/3173 3177/3177/3177
f 3172/3172/3172 3177/3177/3177 3176/3176/3176
f 3173/3173/3173 3174/3174/3174 3178/3178/3178
f 3173/3173/3173 3178/3178/3178 3177/3177/3177
f 3174/3174/3174 3175/3175/3175 3179/3179/3179
f 3174/3174/3174 3179/3179/3179 3178/3178/3178
f 3176/3176/3176 3177/3177/3177 3181/3181/3181
f 3176/3176/3176 3181/3181/3181 3180/3180/3180
f 3177/3177/3177 3178/3178/3178 3182/3182/3182
f 3177/3177/3177 3182/3182/3182 3181/3181/3181
f 3178/3178/3178 3179/3179/3179 3183/3183/3183
f 3178/3178/3178 3183/3183/3183 3182/3182/3182
f 3184/3184/3184 3185/3185/3185 3189/3189/3189
f 3184/3184/3184 3189/3189/3189 3188/3188/3188
f 3185/3185/3185 3186/3186/3186 3190/3190/3190
f 3185/3185/3185 3190/3190/3190 3189/3189/3189
f 3186/3186/3186 3187/3187/3187 3191/3191/3191
f 3186/3186/3186 3191/3191/3191 3190/3190/3190
f 3188/3188/3188 3189/3189/3189 3193/3193/3193
f 3188/3188/3188 3193/3193/3193 3192/3192/3192
f 3189/3189/3189 3190/3190/3190 3194/3194/3194
f 3189/3189/3189 3194/3194/3194 3193/3193/3193
f 3190/3190/3190 3191/3191/3191 3195/3195/3195
f 3190/3190/3190 3195/3195/3195 3194/3194/3194
f 3192/3192/3192 3193/3193/3193 3197/3197/3197
f 3192/3192/3192 3197/3197/3197 3196/3196/3196
f 3193/3193/3193 3194/3194/3194 3198/3198/3198
f 3193/3193/3193 3198/3198/3198 3197/3197/3197
f 3194/3194/3194 3195/3195/3195 3199/3199/3199
f 3194/3194/3194 3199/3199/3199 3198/3198/3198
f 3200/3200/3200 3201/3201/3201 3205/3205/3205
f 3200/3200/3200 3205/3205/3205 3204/3204/3204
f 3201/3201/3201 3202/3202/3202 3206/3206/3206
f 3201/3201/3201 3206/3206/3206 3205/3205/3205
f 3202/3202/3202 3203/3203/3203 3207/3207/3207
f 3202/3202/3202 3207/3207/3207 3206/3206/3206
f 3204/3204/3204 3205/3205/3205 3209/3209/3209
f 3204/3204/3204 3209/3209/3209 3208/3208/3208
f 3205/3205/3205 3206/3206/3206 3210/3210/3210
f 3205/3205/3205 3210/3210/3210 3209/3209/3209
f 3206/3206/3206 3207/3207/3207 3211/3211/3211
f 3206/3206/3206 3211/3211/3211 3210/3210/3210
f 3208/3208/3208 3209/3209/3209 3213/3213/3213
f 3208/3208/3208 3213/3213/3213 3212/3212/3212
f 3209/3209/3209 3210/3210/3210 3214/3214/3214
f 3209/3209/3209 3214/3214/3214 3213/3213/3213
f 3210/3210/3210 3211/3211/3211 3215/3215/3215
f 3210/3210/3210 3215/3215/3215 3214/3214/3214
f 3216/3216/3216 3217/3217/3217 3221/3221/3221
f 3216/3216/3216 3221/3221/3221 3220/3220/3220
f 3217/3217/3217 3218/3218/3218 3222/3222/3222
f 3217/3217/3217 3222/3222/3222 3221/3221/3221
f 3218/3218/3218 3219/3219/3219 3223/3223/3223
f 3218/3218/3218 3223/3223/3223 3222/3222/3222
f 3220/3220/3220 3221/3221/3221 3225/3225/3225
f 3220/3220/3220 3225/3225/3225 3224/3224/3224
f 3221/3221/3221 3222/3222/3222 3226/3226/3226
f 3221/3221/3221 3226/3226/3226 3225/3225/3225
f 3222/3222/3222 3223/3223/3223 3227/3227/3227
f 3222/3222/3222 3227/3227/3227 3226/3226/3226
f 3224/3224/3224 3225/3225/3225 3229/3229/3229
f 3224/3224/3224 3229/3229/3229 3228/3228/3228
f 3225/3225/3225 3226/3226/3226 3230/3230/3230
f 3225/3225/3225 3230/3230/3230 3229/3229/3229
f 3226/3226/3226 3227/3227/3227 3231/3231/3231
f 3226/3226/3226 3231/3231/3231 3230/3230/3230
f 3232/3232/3232 3233/3233/3233 3237/3237/3237
f 3232/3232/3232 3237/3237/3237 3236/3236/3236
f 3233/3233/3233 3234/3234/3234 3238/3238/3238
f 3233/3233/3233 3238/3238/3238 3237/3237/3237
f 3234/3234/3234 3235/3235/3235 3239/3239/3239
f 3234/3234/3234 3239/3239/3239 3238/3238/3238
f 3236/3236/3236 3237/3237/3237 3241/3241/3241
f 3236/3236/3236 3241/3241/3241 3240/3240/3240
f 3237/3237/3237 3238/3238/3238 3242/3242/3242
f 3237/3237/3237 3242/3242/3242 3241/3241/3241
f 3238/3238/3238 3239/3239/3239 3243/3243/3243
f 3238/3238/3238 3243/3243/3243 3242/3242/3242
f 3240/3240/3240 3241/3241/3241 3245/3245/3245
f 3240/3240/3240 3245/3245/3245 3244/3244/3244
f 3241/3241/3241 3242/3242/3242 3246/3246/3246
f 3241/3241/3241 3246/3246/3246 3245/3245/3245
f 3242/3242/3242 3243/3243/3243 3247/3247/3247
f 3242/3242/3242 3247/3247/3247 3246/3246/3246
f 3248/3248/3248 3249/3249/3249 3253/3253/3253
f 3248/3248/3248 3253/3253/3253 3252/3252/3252
f 3249/3249/3249 3250/3250/3250 3254/3254/3254
f 3249/3249/3249 3254/3254/3254 3253/3253/3253
f 3250/3250/3250 3251/3251/3251 3255/3255/3255
f 3250/3250/3250 3255/3255/3255 3254/3254/3254
f 3252/3252/3252 3253/3253/3253 3257/3257/3257
f 3252/3252/3252 3257/3257/3257 3256/3256/3256
f 3253/3253/3253 3254/3254/3254 3258/3258/3258
f 3253/3253/3253 3258/3258/3258 3257/3257/3257
f 3254/3254/3254 3255/3255/3255 3259/3259/3259
f 3254/3254/3254 3259/3259/3259 3258/3258/3258
f 3256/3256/3256 3257/3257/3257 3261/3261/3261
f 3256/3256/3256 3261/3261/3261 3260/3260/3260
f 3257/3257/3257 3258/3258/3258 3262/3262/3262
f 3257/3257/3257 3262/3262/3262 3261/3261/3261
f 3258/3258/3258 3259/3259/3259 3263/3263/3263
f 3258/3258/3258 3263/3263/3263 3262/3262/3262
f 3264/3264/3264 3265/3265/3265 3269/3269/3269
f 3264/3264/3264 3269/3269/3269 3268/3268/3268
f 3265/3265/3265 3266/3266/3266 3270/3270/3270
f 3265/3265/3265 3270/3270/3270 3269/3269/3269
f 3266/3266/3266 3267/3267/3267 3271/3271/3271
f 3266/3266/3266 3271/3271/3271 3270/3270/3270
f 3268/3268/3268 3269/3269/3269 3273/3273/3273
f 3268/3268/3268 3273/3273/3273 3272/3272/3272
f 3269/3269/3269 3270/3270/3270 3274/3274/3274
f 3269/3269/3269 3274/3274/3274 3273/3273/3273
f 3270/3270/3270 3271/3271/3271 3275/3275/3275
f 3270/3270/3270 3275/3275/3275 3274/3274/3274
f 3272/3272/3272 3273/3273/3273 3277/3277/3277
f 3272/3272/3272 3277/3277/3277 3276/3276/3276
f 3273/3273/3273 3274/3274/3274 3278/3278/3278
f 3273/3273/3273 3278/3278/3278 3277/3277/3277
f 3274/3274/3274 3275/3275/3275 3279/3279/3279
f 3274/3274/3274 3279/3279/3279 3278/3278/3278
f 3280/3280/3280 3281/3281/3281 3285/3285/3285
f 3280/3280/3280 3285/3285/3285 3284/3284/3284
f 3281/3281/3281 3282/3282/3282 3286/3286/3286
f 3281/3281/3281 3286/3286/3286 3285/3285/3285
f 3282/3282/3282 3283/3283/3283 3287/3287/3287
f 3282/3282/3282 3287/3287/3287 3286/3286/3286
f 3284/3284/3284 3285/3285/3285 3289/3289/3289
f 3284/3284/3284 3289/3289/3289 3288/3288/3288
f 3285/3285/3285 3286/3286/3286 3290/3290/3290
f 3285/3285/3285 3290/3290/3290 3289/3289/3289
f 3286/3286/3286 3287/3287/3287 3291/3291/3291
f 3286/3286/3286 3291/3291/3291 3290/3290/3290
f 3288/3288/3288 3289/3289/3289 3293/3293/3293
f 3288/3288/3288 3293/3293/3293 3292/3292/3292
f 3289/3289/3289 3290/3290/3290 3294/3294/3294
f 3289/3289/3289 3294/3294/3294 3293/3293/3293
f 3290/3290/3290 3291/3291/3291 3295/3295/3295
f 3290/3290/3290 3295/3295/3295 3294/3294/3294
f 3296/3296/3296 3297/3297/3297 3301/3301/3301
f 3296/3296/3296 3301/3301/3301 3300/3300/3300
f 3297/3297/3297 3298/3298/3298 3302/3302/3302
f 3297/3297/3297 3302/3302/3302 3301/3301/3301
f 3298/3298/3298 3299/3299/3299 3303/3303/3303
f 3298/3298/3298 3303/3303/3303 3302/3302/3302
f 3300/3300/3300 3301/3301/3301 3305/3305/3305
f 3300/3300/3300 3305/3305/3305 3304/3304/3304
f 3301/3301/3301 3302/3302/3302 3306/3306/3306
f 3301/3301/3301 3306/3306/3306 3305/3305/3305
f 3302/3302/3302 3303/3303/3303 3307/3307/3307
f 3302/3302/3302 3307/3307/3307 3306/3306/3306
f 3304/3304/3304 3305/3305/3305 3309/3309/3309
f 3304/3304/3304 3309/3309/3309 3308/3308/3308
f 3305/3305/3305 3306/3306/3306 3310/3310/3310
f 3305/3305/3305 3310/3310/3310 3309/3309/3309
f 3306/3306/3306 3307/3307/3307 3311/3311/3311
f 3306/3306/3306 3311/3311/3311 3310/3310/3310
f 3312/3312/3312 3313/3313/3313 3317/3317/3317
f 3312/3312/3312 3317/3317/3317 3316/3316/3316
f 3313/3313/3313 3314/3314/3314 3318/3318/3318
f 3313/3313/3313 3318/3318/3318 3317/3317/3317
f 3314/3314/3314 3315/3315/3315 3319/3319/3319
f 3314/3314/3314 3319/3319/3319 3318/3318/3318
f 3316/3316/3316 3317/3317/3317 3321/3321/3321
f 3316/3316/3316 3321/3321/3321 3320/3320/3320
f 3317/3317/3317 3318/3318/3318 3322/3322/3322
f 3317/3317/3317 3322/3322/3322 3321/3321/3321
f 3318/3318/3318 3319/3319/3319 3323/3323/3323
f 3318/3318/3318 3323/3323/3323 3322/3322/3322
f 3320/3320/3320 3321/3321/3321 3325/3325/3325
f 3320/3320/3320 3325/3325/3325 3324/3324/3324
f 3321/3321/3321 3322/3322/3322 3326/3326/3326
f 3321/3321/3321 3326/3326/3326 3325/3325/3325
f 3322/3322/3322 3323/3323/3323 3327/3327/3327
f 3322/3322/3322 3327/3327/3327 3326/3326/3326
f 3328/3328/3328 3329/3329/3329 3333/3333/3333
f 3328/3328/3328 3333/3333/3333 3332/3332/3332
f 3329/3329/3329 3330/3330/3330 3334/3334/3334
f 3329/3329/3329 3334/3334/3334 3333/3333/3333
f 3330/3330/3330 3331/3331/3331 3335/3335/3335
f 3330/3330/3330 3335/3335/3335 3334/3334/3334
f 3332/3332/3332 3333/3333/3333 3337/3337/3337
f 3332/3332/3332 3337/3337/3337 3336/3336/3336
f 3333/3333/3333 3334/3334/3334 3338/3338/3338
f 3333/3333/3333 3338/3338/3338 3337/3337/3337
f 3334/3334/3334 3335/3335/3335 3339/3339/3339
f 3334/3334/3334 3339/3339/3339 3338/3338/3338
f 3336/3336/3336 3337/3337/3337 3341/3341/3341
f 3336/3336/3336 3341/3341/3341 3340/3340/3340
f 3337/3337/3337 3338/3338/3338 3342/3342/3342
f 3337/3337/3337 3342/3342/3342 3341/3341/3341
f 3338/3338/3338 3339/3339/3339 3343/3343/3343
f 3338/3338/3338 3343/3343/3343 3342/3342/3342
f 3344/3344/3344 3345/3345/3345 3349/3349/3349
f 3344/3344/3344 3349/3349/3349 3348/3348/3348
f 3345/3345/3345 3346/3346/3346 3350/3350/3350
f 3345/3345/3345 3350/3350/3350 3349/3349/3349
f 3346/3346/3346 3347/3347/3347 3351/3351/3351
f 3346/3346/3346 3351/3351/3351 3350/3350/3350
f 3348/3348/3348 3349/3349/3349 3353/3353/3353
f 3348/3348/3348 3353/3353/3353 3352/3352/3352
f 3349/3349/3349 3350/3350/3350 3354/3354/3354
f 3349/3349/3349 3354/3354/3354 3353/3353/3353
f 3350/3350/3350 3351/3351/3351 3355/3355/3355
f 3350/3350/3350 3355/3355/3355 3354/3354/3354
f 3352/3352/3352 3353/3353/3353 3357/3357/3357
f 3352/3352/3352 3357/3357/3357 3356/3356/3356
f 3353/3353/3353 3354/3354/3354 3358/3358/3358
f 3353/3353/3353 3358/3358/3358 3357/3357/3357
f 3354/3354/3354 3355/3355/3355 3359/3359/3359
f 3354/3354/3354 3359/3359/3359 3358/3358/3358
f 3360/3360/3360 3361/3361/3361 3365/3365/3365
f 3360/3360/3360 3365/3365/3365 3364/3364/3364
f 3361/3361/3361 3362/3362/3362 3366/3366/3366
f 3361/3361/3361 3366/3366/3366 3365/3365/3365
f 3362/3362/3362 3363/3363/3363 3367/3367/3367
f 3362/3362/3362 3367/3367/3367 3366/3366/3366
f 3364/3364/3364 3365/3365/3365 3369/3369/3369
f 3364/3364/3364 3369/3369/3369 3368/3368/3368
f 3365/3365/3365 3366/3366/3366 3370/3370/3370
f 3365/3365/3365 3370/3370/3370 3369/3369/3369
f 3366/3366/3366 3367/3367/3367 3371/3371/3371
f 3366/3366/3366 3371/3371/3371 3370/3370/3370
f 3368/3368/3368 3369/3369/3369 3373/3373/3373
f 3368/3368/3368 3373/3373/3373 3372/3372/3372
f 3369/3369/3369 3370/3370/3370 3374/3374/3374
f 3369/3369/3369 3374/3374/3374 3373/3373/3373
f 3370/3370/3370 3371/3371/3371 3375/3375/3375
f 3370/3370/3370 3375/3375/3375 3374/3374/3374
f 3376/3376/3376 3377/3377/3377 3381/3381/3381
f 3376/3376/3376 3381/3381/3381 3380/3380/3380
f 3377/3377/3377 3378/3378/3378 3382/3382/3382
f 3377/3377/3377 3382/3382/3382 3381/3381/3381
f 3378/3378/3378 3379/3379/3379 3383/3383/3383
f 3378/3378/3378 3383/3383/3383 3382/3382/3382
f 3380/3380/3380 3381/3381/3381 3385/3385/3385
f 3380/3380/3380 3385/3385/3385 3384/3384/3384
f 3381/3381/3381 3382/3382/3382 3386/3386/3386
f 3381/3381/3381 3386/3386/3386 3385/3385/3385
f 3382/3382/3382 3383/3383/3383 3387/3387/3387
f 3382/3382/3382 3387/3387/3387 3386/3386/3386
f 3384/3384/3384 3385/3385/3385 3389/3389/3389
f 3384/3384/3384 3389/3389/3389 3388/3388/3388
f 3385/3385/3385 3386/3386/3386 3390/3390/3390
f 3385/3385/3385 3390/3390/3390 3389/3389/3389
f 3386/3386/3386 3387/3387/3387 3391/3391/3391
f 3386/3386/3386 3391/3391/3391 3390/3390/3390
f 3392/3392/3392 3393/3393/3393 3397/3397/3397
f 3392/3392/3392 3397/3397/3397 3396/3396/3396
f 3393/3393/3393 3394/3394/3394 3398/3398/3398
f 3393/3393/3393 3398/3398/3398 3397/3397/3397
f 3394/3394/3394 3395/3395/3395 3399/3399/3399
f 3394/3394/3394 3399/3399/3399 3398/3398/3398
f 3396/3396/3396 3397/3397/3397 3401/3401/3401
f 3396/3396/3396 3401/3401/3401 3400/3400/3400
f 3397/3397/3397 3398/3398/3398 3402/3402/3402
f 3397/3397/3397 3402/3402/3402 3401/3401/3401
f 3398/3398/3398 3399/3399/3399 3403/3403/3403
f 3398/3398/3398 3403/3403/3403 3402/3402/3402
f 3400/3400/3400 3401/3401/3401 3405/3405/3405
f 3400/3400/3400 3405/3405/3405 3404/3404/3404
f 3401/3401/3401 3402/3402/3402 3406/3406/3406
f 3401/3401/3401 3406/3406/3406 3405/3405/3405
f 3402/3402/3402 3403/3403/3403 3407/3407/3407
f 3402/3402/3402 3407/3407/3407 3406/3406/3406
f 3408/3408/3408 3409/3409/3409 3413/3413/3413
f 3408/3408/3408 3413/3413/3413 3412/3412/3412
f 3409/3409/3409 3410/3410/3410 3414/3414/3414
f 3409/3409/3409 3414/3414/3414 3413/3413/3413
f 3410/3410/3410 3411/3411/3411 3415/3415/3415
f 3410/3410/3410 3415/3415/3415 3414/3414/3414
f 3412/3412/3412 3413/3413/3413 3417/3417/3417
f 3412/3412/3412 3417/3417/3417 3416/3416/3416
f 3413/3413/3413 3414/3414/3414 3418/3418/3418
f 3413/3413/3413 3418/3418/3418 3417/3417/3417
f 3414/3414/3414 3415/3415/3415 3419/3419/3419
f 3414/3414/3414 3419/3419/3419 3418/3418/3418
f 3416/3416/3416 3417/3417/3417 3421/3421/3421
f 3416/3416/3416 3421/3421/3421 3420/3420/3420
f 3417/3417/3417 3418/3418/3418 3422/3422/3422
f 3417/3417/3417 3422/3422/3422 3421/3421/3421
f 3418/3418/3418 3419/3419/3419 3423/3423/3423
f 3418/3418/3418 3423/3423/3423 3422/3422/3422
f 3424/3424/3424 3425/3425/3425 3429/3429/3429
f 3424/3424/3424 3429/3429/3429 3428/3428/3428
f 3425/3425/3425 3426/3426/3426 3430/3430/3430
f 3425/3425/3425 3430/3430/3430 3429/3429/3429
f 3426/3426/3426 3427/3427/3427 3431/3431/3431
f 3426/3426/3426 3431/3431/3431 3430/3430/3430
f 3428/3428/3428 3429/3429/3429 3433/3433/3433
f 3428/3428/3428 3433/3433/3433 3432/3432/3432
f 3429/3429/3429 3430/3430/3430 3434/3434/3434
f 3429/3429/3429 3434/3434/3434 3433/3433/3433
f 3430/3430/3430 3431/3431/3431 3435/3435/3435
f 3430/3430/3430 3435/3435/3435 3434/3434/3434
f 3432/3432/3432 3433/3433/3433 3437/3437/3437
f 3432/3432/3432 3437/3437/3437 3436/3436/3436
f 3433/3433/3433 3434/3434/3434 3438/3438/3438
f 3433/3433/3433 3438/3438/3438 3437/3437/3437
f 3434/3434/3434 3435/3435/3435 3439/3439/3439
f 3434/3434/3434 3439/3439/3439 3438/3438/3438
f 3440/3440/3440 3441/3441/3441 3445/3445/3445
f 3440/3440/3440 3445/3445/3445 3444/3444/3444
f 3441/3441/3441 3442/3442/3442 3446/3446/3446
f 3441/3441/3441 3446/3446/3446 3445/3445/3445
f 3442/3442/3442 3443/3443/3443 3447/3447/3447
f 3442/3442/3442 3447/3447/3447 3446/3446/3446
f 3444/3444/3444 3445/3445/3445 3449/3449/3449
f 3444/3444/3444 3449/3449/3449 3448/3448/3448
f 3445/3445/3445 3446/3446/3446 3450/3450/3450
f 3445/3445/3445 3450/3450/3450 3449/3449/3449
f 3446/3446/3446 3447/3447/3447 3451/3451/3451
f 3446/3446/3446 3451/3451/3451 3450/3450/3450
f 3448/3448/3448 3449/3449/3449 3453/3453/3453
f 3448/3448/3448 3453/3453/3453 3452/3452/3452
f 3449/3449/3449 3450/3450/3450 3454/3454/3454
f 3449/3449/3449 3454/3454/3454 3453/3453/3453
f 3450/3450/3450 3451/3451/3451 3455/3455/3455
f 3450/3450/3450 3455/3455/3455 3454/3454/3454
f 3456/3456/3456 3457/3457/3457 3461/3461/3461
f 3456/3456/3456 3461/3461/3461 3460/3460/3460
f 3457/3457/3457 3458/3458/3458 3462/3462/3462
f 3457/3457/3457 3462/3462/3462 3461/3461/3461
f 3458/3458/3458 3459/3459/3459 3463/3463/3463
f 3458/3458/3458 3463/3463/3463 3462/3462/3462
f 3460/3460/3460 3461/3461/3461 3465/3465/3465
f 3460/3460/3460 3465/3465/3465 3464/3464/3464
f 3461/3461/3461 3462/3462/3462 3466/3466/3466
f 3461/3461/3461 3466/3466/3466 3465/3465/3465
f 3462/3462/3462 3463/3463/3463 3467/3467/3467
f 3462/3462/3462 3467/3467/3467 3466/3466/3466
f 3464/3464/3464 3465/3465/3465 3469/3469/3469
f 3464/3464/3464 3469/3469/3469 3468/3468/3468
f 3465/3465/3465 3466/3466/3466 3470/3470/3470
f 3465/3465/3465 3470/3470/3470 3469/3469/3469
f 3466/3466/3466 3467/3467/3467 3471/3471/3471
f 3466/3466/3466 3471/3471/3471 3470/3470/3470
f 3472/3472/3472 3473/3473/3473 3477/3477/3477
f 3472/3472/3472 3477/3477/3477 3476/3476/3476
f 3473/3473/3473 3474/3474/3474 3478/3478/3478
f 3473/3473/3473 3478/3478/3478 3477/3477/3477
f 3474/3474/3474 3475/3475/3475 3479/3479/3479
f 3474/3474/3474 3479/3479/3479 3478/3478/3478
f 3476/3476/3476 3477/3477/3477 3481/3481/3481
f 3476/3476/3476 3481/3481/3481 3480/3480/3480
f 3477/3477/3477 3478/3478/3478 3482/3482/3482
f 3477/3477/3477 3482/3482/3482 3481/3481/3481
f 3478/3478/3478 3479/3479/3479 3483/3483/3483
f 3478/3478/3478 3483/3483/3483 3482/3482/3482
f 3480/3480/3480 3481/3481/3481 3485/3485/3485
f 3480/3480/3480 3485/3485/3485 3484/3484/3484
f 3481/3481/3481 3482/3482/3482 3486/3486/3486
f 3481/3481/3481 3486/3486/3486 3485/3485/3485
f 3482/3482/3482 3483/3483/3483 3487/3487/3487
f 3482/3482/3482 3487/3487/3487 3486/3486/3486
f 3488/3488/3488 3489/3489/3489 3493/3493/3493
f 3488/3488/3488 3493/3493/3493 3492/3492/3492
f 3489/3489/3489 3490/3490/3490 3494/3494/3494
f 3489/3489/3489 3494/3494/3494 3493/3493/3493
f 3490/3490/3490 3491/3491/3491 3495/3495/3495
f 3490/3490/3490 3495/3495/3495 3494/3494/3494
f 3492/3492/3492 3493/3493/3493 3497/3497/3497
f 3492/3492/3492 3497/3497/3497 3496/3496/3496
f 3493/3493/3493 3494/3494/3494 3498/3498/3498
f 3493/3493/3493 3498/3498/3498 3497/3497/3497
f 3494/3494/3494 3495/3495/3495 3499/3499/3499
f 3494/3494/3494 3499/3499/3499 3498/3498/3498
f 3496/3496/3496 3497/3497/3497 3501/3501/3501
f 3496/3496/3496 3501/3501/3501 3500/3500/3500
f 3497/3497/3497 3498/3498/3498 3502/3502/3502
f 3497/3497/3497 3502/3502/3502 3501/3501/3501
f 3498/3498/3498 3499/3499/3499 3503/3503/3503
f 3498/3498/3498 3503/3503/3503 3502/3502/3502
f 3504/3504/3504 3505/3505/3505 3509/3509/3509
f 3504/3504/3504 3509/3509/3509 3508/3508/3508
f 3505/3505/3505 3506/3506/3506 3510/3510/3510
f 3505/3505/3505 3510/3510/3510 3509/3509/3509
f 3506/3506/3506 3507/3507/3507 3511/3511/3511
f 3506/3506/3506 3511/3511/3511 3510/3510/3510
f 3508/3508/3508 3509/3509/3509 3513/3513/3513
f 3508/3508/3508 3513/3513/3513 3512/3512/3512
f 3509/3509/3509 3510/3510/3510 3514/3514/3514
f 3509/3509/3509 3514/3514/3514 3513/3513/3513
f 3510/3510/3510 3511/3511/3511 3515/3515/3515
f 3510/3510/3510 3515/3515/3515 3514/3514/3514
f 3512/3512/3512 3513/3513/3513 3517/3517/3517
f 3512/3512/3512 3517/3517/3517 3516/3516/3516
f 3513/3513/3513 3514/3514/3514 3518/3518/3518
f 3513/3513/3513 3518/3518/3518 3517/3517/3517
f 3514/3514/3514 3515/3515/3515 3519/3519/3519
f 3514/3514/3514 3519/3519/3519 3518/3518/3518
f 3520/3520/3520 3521/3521/3521 3525/3525/3525
f 3520/3520/3520 3525/3525/3525 3524/3524/3524
f 3521/3521/3521 3522/3522/3522 3526/3526/3526
f 3521/3521/3521 3526/3526/3526 3525/3525/3525
f 3522/3522/3522 3523/3523/3523 3527/3527/3527
f 3522/3522/3522 3527/3527/3527 3526/3526/3526
f 3524/3524/3524 3525/3525/3525 3529/3529/3529
f 3524/3524/3524 3529/3529/3529 3528/3528/3528
f 3525/3525/3525 3526/3526/3526 3530/3530/3530
f 3525/3525/3525 3530/3530/3530 3529/3529/3529
f 3526/3526/3526 3527/3527/3527 3531/3531/3531
f 3526/3526/3526 3531/3531/3531 3530/3530/3530
f 3528/3528/3528 3529/3529/3529 3533/3533/3533
f 3528/3528/3528 3533/3533/3533 3532/3532/3532
f 3529/3529/3529 3530/3530/3530 3534/3534/3534
f 3529/3529/3529 3534/3534/3534 3533/3533/3533
f 3530/3530/3530 3531/3531/3531 3535/3535/3535
f 3530/3530/3530 3535/3535/3535 3534/3534/3534
f 3536/3536/3536 3537/3537/3537 3541/3541/3541
f 3536/3536/3536 3541/3541/3541 3540/3540/3540
f 3537/3537/3537 3538/3538/3538 3542/3542/3542
f 3537/3537/3537 3542/3542/3542 3541/3541/3541
f 3538/3538/3538 3539/3539/3539 3543/3543/3543
f 3538/3538/3538 3543/3543/3543 3542/3542/3542
f 3540/3540/3540 3541/3541/3541 3545/3545/3545
f 3540/3540/3540 3545/3545/3545 3544/3544/3544
f 3541/3541/3541 3542/3542/3542 3546/3546/3546
f 3541/3541/3541 3546/3546/3546 3545/3545/3545
f 3542/3542/3542 3543/3543/3543 3547/3547/3547
f 3542/3542/3542 3547/3547/3547 3546/3546/3546
f 3544/3544/3544 3545/3545/3545 3549/3549/3549
f 3544/3544/3544 3549/3549/3549 3548/3548/3548
f 3545/3545/3545 3546/3546/3546 3550/3550/3550
f 3545/3545/3545 3550/3550/3550 3549/3549/3549
f 3546/3546/3546 3547/3547/3547 3551/3551/3551
f 3546/3546/3546 3551/3551/3551 3550/3550/3550
