# Sinh tự động bởi tools/mesh_kit.py - đừng sửa tay
o dash_altar
v 0.1975 0.0025 0.0575
v 0.1982 0.0018 0.0540
v 0.1982 0.0018 -0.0540
v 0.1975 0.0025 -0.0575
v 0.1982 0.0060 0.0582
v 0.2000 0.0060 0.0540
v 0.2000 0.0060 -0.0540
v 0.1982 0.0060 -0.0582
v 0.1982 0.0240 0.0582
v 0.2000 0.0240 0.0540
v 0.2000 0.0240 -0.0540
v 0.1982 0.0240 -0.0582
v 0.1975 0.0275 0.0575
v 0.1982 0.0282 0.0540
v 0.1982 0.0282 -0.0540
v 0.1975 0.0275 -0.0575
v -0.0775 0.0025 -0.0575
v -0.0782 0.0018 -0.0540
v -0.0782 0.0018 0.0540
v -0.0775 0.0025 0.0575
v -0.0782 0.0060 -0.0582
v -0.0800 0.0060 -0.0540
v -0.0800 0.0060 0.0540
v -0.0782 0.0060 0.0582
v -0.0782 0.0240 -0.0582
v -0.0800 0.0240 -0.0540
v -0.0800 0.0240 0.0540
v -0.0782 0.0240 0.0582
v -0.0775 0.0275 -0.0575
v -0.0782 0.0282 -0.0540
v -0.0782 0.0282 0.0540
v -0.0775 0.0275 0.0575
v -0.0775 0.0275 0.0575
v -0.0740 0.0282 0.0582
v 0.1940 0.0282 0.0582
v 0.1975 0.0275 0.0575
v -0.0782 0.0282 0.0540
v -0.0740 0.0300 0.0540
v 0.1940 0.0300 0.0540
v 0.1982 0.0282 0.0540
v -0.0782 0.0282 -0.0540
v -0.0740 0.0300 -0.0540
v 0.1940 0.0300 -0.0540
v 0.1982 0.0282 -0.0540
v -0.0775 0.0275 -0.0575
v -0.0740 0.0282 -0.0582
v 0.1940 0.0282 -0.0582
v 0.1975 0.0275 -0.0575
v -0.0775 0.0025 -0.0575
v -0.0740 0.0018 -0.0582
v 0.1940 0.0018 -0.0582
v 0.1975 0.0025 -0.0575
v -0.0782 0.0018 -0.0540
v -0.0740 0.0000 -0.0540
v 0.1940 0.0000 -0.0540
v 0.1982 0.0018 -0.0540
v -0.0782 0.0018 0.0540
v -0.0740 0.0000 0.0540
v 0.1940 0.0000 0.0540
v 0.1982 0.0018 0.0540
v -0.0775 0.0025 0.0575
v -0.0740 0.0018 0.0582
v 0.1940 0.0018 0.0582
v 0.1975 0.0025 0.0575
v -0.0775 0.0025 0.0575
v -0.0740 0.0018 0.0582
v 0.1940 0.0018 0.0582
v 0.1975 0.0025 0.0575
v -0.0782 0.0060 0.0582
v -0.0740 0.0060 0.0600
v 0.1940 0.0060 0.0600
v 0.1982 0.0060 0.0582
v -0.0782 0.0240 0.0582
v -0.0740 0.0240 0.0600
v 0.1940 0.0240 0.0600
v 0.1982 0.0240 0.0582
v -0.0775 0.0275 0.0575
v -0.0740 0.0282 0.0582
v 0.1940 0.0282 0.0582
v 0.1975 0.0275 0.0575
v 0.1975 0.0025 -0.0575
v 0.1940 0.0018 -0.0582
v -0.0740 0.0018 -0.0582
v -0.0775 0.0025 -0.0575
v 0.1982 0.0060 -0.0582
v 0.1940 0.0060 -0.0600
v -0.0740 0.0060 -0.0600
v -0.0782 0.0060 -0.0582
v 0.1982 0.0240 -0.0582
v 0.1940 0.0240 -0.0600
v -0.0740 0.0240 -0.0600
v -0.0782 0.0240 -0.0582
v 0.1975 0.0275 -0.0575
v 0.1940 0.0282 -0.0582
v -0.0740 0.0282 -0.0582
v -0.0775 0.0275 -0.0575
vt 0.0000 0.0000
vt 0.0060 0.0000
vt 0.1140 0.0000
vt 0.1200 0.0000
vt 0.0000 0.0060
vt 0.0060 0.0060
vt 0.1140 0.0060
vt 0.1200 0.0060
vt 0.0000 0.0240
vt 0.0060 0.0240
vt 0.1140 0.0240
vt 0.1200 0.0240
vt 0.0000 0.0300
vt 0.0060 0.0300
vt 0.1140 0.0300
vt 0.1200 0.0300
vt 0.0000 0.0000
vt 0.0060 0.0000
vt 0.1140 0.0000
vt 0.1200 0.0000
vt 0.0000 0.0060
vt 0.0060 0.0060
vt 0.1140 0.0060
vt 0.1200 0.0060
vt 0.0000 0.0240
vt 0.0060 0.0240
vt 0.1140 0.0240
vt 0.1200 0.0240
vt 0.0000 0.0300
vt 0.0060 0.0300
vt 0.1140 0.0300
vt 0.1200 0.0300
vt 0.0000 0.0000
vt 0.0060 0.0000
vt 0.2740 0.0000
vt 0.2800 0.0000
vt 0.0000 0.0060
vt 0.0060 0.0060
vt 0.2740 0.0060
vt 0.2800 0.0060
vt 0.0000 0.1140
vt 0.0060 0.1140
vt 0.2740 0.1140
vt 0.2800 0.1140
vt 0.0000 0.1200
vt 0.0060 0.1200
vt 0.2740 0.1200
vt 0.2800 0.1200
vt 0.0000 0.0000
vt 0.0060 0.0000
vt 0.2740 0.0000
vt 0.2800 0.0000
vt 0.0000 0.0060
vt 0.0060 0.0060
vt 0.2740 0.0060
vt 0.2800 0.0060
vt 0.0000 0.1140
vt 0.0060 0.1140
vt 0.2740 0.1140
vt 0.2800 0.1140
vt 0.0000 0.1200
vt 0.0060 0.1200
vt 0.2740 0.1200
vt 0.2800 0.1200
vt 0.0000 0.0000
vt 0.0060 0.0000
vt 0.2740 0.0000
vt 0.2800 0.0000
vt 0.0000 0.0060
vt 0.0060 0.0060
vt 0.2740 0.0060
vt 0.2800 0.0060
vt 0.0000 0.0240
vt 0.0060 0.0240
vt 0.2740 0.0240
vt 0.2800 0.0240
vt 0.0000 0.0300
vt 0.0060 0.0300
vt 0.2740 0.0300
vt 0.2800 0.0300
vt 0.0000 0.0000
vt 0.0060 0.0000
vt 0.2740 0.0000
vt 0.2800 0.0000
vt 0.0000 0.0060
vt 0.0060 0.0060
vt 0.2740 0.0060
vt 0.2800 0.0060
vt 0.0000 0.0240
vt 0.0060 0.0240
vt 0.2740 0.0240
vt 0.2800 0.0240
vt 0.0000 0.0300
vt 0.0060 0.0300
vt 0.2740 0.0300
vt 0.2800 0.0300
vn 0.577 -0.577 0.577
vn 0.707 -0.707 0.000
vn 0.707 -0.707 0.000
vn 0.577 -0.577 -0.577
vn 0.707 0.000 0.707
vn 1.000 0.000 0.000
vn 1.000 0.000 0.000
vn 0.707 0.000 -0.707
vn 0.707 0.000 0.707
vn 1.000 0.000 0.000
vn 1.000 0.000 0.000
vn 0.707 0.000 -0.707
vn 0.577 0.577 0.577
vn 0.707 0.707 0.000
vn 0.707 0.707 0.000
vn 0.577 0.577 -0.577
vn -0.577 -0.577 -0.577
vn -0.707 -0.707 0.000
vn -0.707 -0.707 0.000
vn -0.577 -0.577 0.577
vn -0.707 0.000 -0.707
vn -1.000 0.000 0.000
vn -1.000 0.000 0.000
vn -0.707 0.000 0.707
vn -0.707 0.000 -0.707
vn -1.000 0.000 0.000
vn -1.000 0.000 0.000
vn -0.707 0.000 0.707
vn -0.577 0.577 -0.577
vn -0.707 0.707 0.000
vn -0.707 0.707 0.000
vn -0.577 0.577 0.577
vn -0.577 0.577 0.577
vn 0.000 0.707 0.707
vn 0.000 0.707 0.707
vn 0.577 0.577 0.577
vn -0.707 0.707 0.000
vn 0.000 1.000 0.000
vn 0.000 1.000 0.000
vn 0.707 0.707 0.000
vn -0.707 0.707 0.000
vn 0.000 1.000 0.000
vn 0.000 1.000 0.000
vn 0.707 0.707 0.000
vn -0.577 0.577 -0.577
vn 0.000 0.707 -0.707
vn 0.000 0.707 -0.707
vn 0.577 0.577 -0.577
vn -0.577 -0.577 -0.577
vn 0.000 -0.707 -0.707
vn 0.000 -0.707 -0.707
vn 0.577 -0.577 -0.577
vn -0.707 -0.707 0.000
vn 0.000 -1.000 0.000
vn 0.000 -1.000 0.000
vn 0.707 -0.707 0.000
vn -0.707 -0.707 0.000
vn 0.000 -1.000 0.000
vn 0.000 -1.000 0.000
vn 0.707 -0.707 0.000
vn -0.577 -0.577 0.577
vn 0.000 -0.707 0.707
vn 0.000 -0.707 0.707
vn 0.577 -0.577 0.577
vn -0.577 -0.577 0.577
vn 0.000 -0.707 0.707
vn 0.000 -0.707 0.707
vn 0.577 -0.577 0.577
vn -0.707 0.000 0.707
vn 0.000 0.000 1.000
vn 0.000 0.000 1.000
vn 0.707 0.000 0.707
vn -0.707 0.000 0.707
vn 0.000 0.000 1.000
vn 0.000 0.000 1.000
vn 0.707 0.000 0.707
vn -0.577 0.577 0.577
vn 0.000 0.707 0.707
vn 0.000 0.707 0.707
vn 0.577 0.577 0.577
vn 0.577 -0.577 -0.577
vn 0.000 -0.707 -0.707
vn 0.000 -0.707 -0.707
vn -0.577 -0.577 -0.577
vn 0.707 0.000 -0.707
vn 0.000 0.000 -1.000
vn 0.000 0.000 -1.000
vn -0.707 0.000 -0.707
vn 0.707 0.000 -0.707
vn 0.000 0.000 -1.000
vn 0.000 0.000 -1.000
vn -0.707 0.000 -0.707
vn 0.577 0.577 -0.577
vn 0.000 0.707 -0.707
vn 0.000 0.707 -0.707
vn -0.577 0.577 -0.577
v 0.0000 0.0300 -0.0000
v 0.0450 0.0300 -0.0000
v 0.0550 0.0450 -0.0000
v 0.0500 0.0550 -0.0000
v 0.0350 0.0600 -0.0000
v 0.0000 0.0600 -0.0000
v 0.0000 0.0300 -0.0000
v 0.0416 0.0300 -0.0172
v 0.0508 0.0450 -0.0210
v 0.0462 0.0550 -0.0191
v 0.0323 0.0600 -0.0134
v 0.0000 0.0600 -0.0000
v 0.0000 0.0300 -0.0000
v 0.0318 0.0300 -0.0318
v 0.0389 0.0450 -0.0389
v 0.0354 0.0550 -0.0354
v 0.0247 0.0600 -0.0247
v 0.0000 0.0600 -0.0000
v 0.0000 0.0300 -0.0000
v 0.0172 0.0300 -0.0416
v 0.0210 0.0450 -0.0508
v 0.0191 0.0550 -0.0462
v 0.0134 0.0600 -0.0323
v 0.0000 0.0600 -0.0000
v 0.0000 0.0300 -0.0000
v 0.0000 0.0300 -0.0450
v 0.0000 0.0450 -0.0550
v 0.0000 0.0550 -0.0500
v 0.0000 0.0600 -0.0350
v 0.0000 0.0600 -0.0000
v -0.0000 0.0300 -0.0000
v -0.0172 0.0300 -0.0416
v -0.0210 0.0450 -0.0508
v -0.0191 0.0550 -0.0462
v -0.0134 0.0600 -0.0323
v -0.0000 0.0600 -0.0000
v -0.0000 0.0300 -0.0000
v -0.0318 0.0300 -0.0318
v -0.0389 0.0450 -0.0389
v -0.0354 0.0550 -0.0354
v -0.0247 0.0600 -0.0247
v -0.0000 0.0600 -0.0000
v -0.0000 0.0300 -0.0000
v -0.0416 0.0300 -0.0172
v -0.0508 0.0450 -0.0210
v -0.0462 0.0550 -0.0191
v -0.0323 0.0600 -0.0134
v -0.0000 0.0600 -0.0000
v -0.0000 0.0300 -0.0000
v -0.0450 0.0300 -0.0000
v -0.0550 0.0450 -0.0000
v -0.0500 0.0550 -0.0000
v -0.0350 0.0600 -0.0000
v -0.0000 0.0600 -0.0000
v -0.0000 0.0300 0.0000
v -0.0416 0.0300 0.0172
v -0.0508 0.0450 0.0210
v -0.0462 0.0550 0.0191
v -0.0323 0.0600 0.0134
v -0.0000 0.0600 0.0000
v -0.0000 0.0300 0.0000
v -0.0318 0.0300 0.0318
v -0.0389 0.0450 0.0389
v -0.0354 0.0550 0.0354
v -0.0247 0.0600 0.0247
v -0.0000 0.0600 0.0000
v -0.0000 0.0300 0.0000
v -0.0172 0.0300 0.0416
v -0.0210 0.0450 0.0508
v -0.0191 0.0550 0.0462
v -0.0134 0.0600 0.0323
v -0.0000 0.0600 0.0000
v -0.0000 0.0300 0.0000
v -0.0000 0.0300 0.0450
v -0.0000 0.0450 0.0550
v -0.0000 0.0550 0.0500
v -0.0000 0.0600 0.0350
v -0.0000 0.0600 0.0000
v 0.0000 0.0300 0.0000
v 0.0172 0.0300 0.0416
v 0.0210 0.0450 0.0508
v 0.0191 0.0550 0.0462
v 0.0134 0.0600 0.0323
v 0.0000 0.0600 0.0000
v 0.0000 0.0300 0.0000
v 0.0318 0.0300 0.0318
v 0.0389 0.0450 0.0389
v 0.0354 0.0550 0.0354
v 0.0247 0.0600 0.0247
v 0.0000 0.0600 0.0000
v 0.0000 0.0300 0.0000
v 0.0416 0.0300 0.0172
v 0.0508 0.0450 0.0210
v 0.0462 0.0550 0.0191
v 0.0323 0.0600 0.0134
v 0.0000 0.0600 0.0000
v 0.0000 0.0300 0.0000
v 0.0450 0.0300 0.0000
v 0.0550 0.0450 0.0000
v 0.0500 0.0550 0.0000
v 0.0350 0.0600 0.0000
v 0.0000 0.0600 0.0000
v 0.0000 0.0600 -0.0000
v 0.0500 0.0600 -0.0000
v 0.0520 0.0750 -0.0000
v 0.0420 0.1000 -0.0000
v 0.0320 0.1250 -0.0000
v 0.0260 0.1400 -0.0000
v 0.0160 0.1480 -0.0000
v 0.0000 0.1500 -0.0000
v 0.0000 0.0600 -0.0000
v 0.0462 0.0600 -0.0191
v 0.0480 0.0750 -0.0199
v 0.0388 0.1000 -0.0161
v 0.0296 0.1250 -0.0122
v 0.0240 0.1400 -0.0099
v 0.0148 0.1480 -0.0061
v 0.0000 0.1500 -0.0000
v 0.0000 0.0600 -0.0000
v 0.0354 0.0600 -0.0354
v 0.0368 0.0750 -0.0368
v 0.0297 0.1000 -0.0297
v 0.0226 0.1250 -0.0226
v 0.0184 0.1400 -0.0184
v 0.0113 0.1480 -0.0113
v 0.0000 0.1500 -0.0000
v 0.0000 0.0600 -0.0000
v 0.0191 0.0600 -0.0462
v 0.0199 0.0750 -0.0480
v 0.0161 0.1000 -0.0388
v 0.0122 0.1250 -0.0296
v 0.0099 0.1400 -0.0240
v 0.0061 0.1480 -0.0148
v 0.0000 0.1500 -0.0000
v 0.0000 0.0600 -0.0000
v 0.0000 0.0600 -0.0500
v 0.0000 0.0750 -0.0520
v 0.0000 0.1000 -0.0420
v 0.0000 0.1250 -0.0320
v 0.0000 0.1400 -0.0260
v 0.0000 0.1480 -0.0160
v 0.0000 0.1500 -0.0000
v -0.0000 0.0600 -0.0000
v -0.0191 0.0600 -0.0462
v -0.0199 0.0750 -0.0480
v -0.0161 0.1000 -0.0388
v -0.0122 0.1250 -0.0296
v -0.0099 0.1400 -0.0240
v -0.0061 0.1480 -0.0148
v -0.0000 0.1500 -0.0000
v -0.0000 0.0600 -0.0000
v -0.0354 0.0600 -0.0354
v -0.0368 0.0750 -0.0368
v -0.0297 0.1000 -0.0297
v -0.0226 0.1250 -0.0226
v -0.0184 0.1400 -0.0184
v -0.0113 0.1480 -0.0113
v -0.0000 0.1500 -0.0000
v -0.0000 0.0600 -0.0000
v -0.0462 0.0600 -0.0191
v -0.0480 0.0750 -0.0199
v -0.0388 0.1000 -0.0161
v -0.0296 0.1250 -0.0122
v -0.0240 0.1400 -0.0099
v -0.0148 0.1480 -0.0061
v -0.0000 0.1500 -0.0000
v -0.0000 0.0600 -0.0000
v -0.0500 0.0600 -0.0000
v -0.0520 0.0750 -0.0000
v -0.0420 0.1000 -0.0000
v -0.0320 0.1250 -0.0000
v -0.0260 0.1400 -0.0000
v -0.0160 0.1480 -0.0000
v -0.0000 0.1500 -0.0000
v -0.0000 0.0600 0.0000
v -0.0462 0.0600 0.0191
v -0.0480 0.0750 0.0199
v -0.0388 0.1000 0.0161
v -0.0296 0.1250 0.0122
v -0.0240 0.1400 0.0099
v -0.0148 0.1480 0.0061
v -0.0000 0.1500 0.0000
v -0.0000 0.0600 0.0000
v -0.0354 0.0600 0.0354
v -0.0368 0.0750 0.0368
v -0.0297 0.1000 0.0297
v -0.0226 0.1250 0.0226
v -0.0184 0.1400 0.0184
v -0.0113 0.1480 0.0113
v -0.0000 0.1500 0.0000
v -0.0000 0.0600 0.0000
v -0.0191 0.0600 0.0462
v -0.0199 0.0750 0.0480
v -0.0161 0.1000 0.0388
v -0.0122 0.1250 0.0296
v -0.0099 0.1400 0.0240
v -0.0061 0.1480 0.0148
v -0.0000 0.1500 0.0000
v -0.0000 0.0600 0.0000
v -0.0000 0.0600 0.0500
v -0.0000 0.0750 0.0520
v -0.0000 0.1000 0.0420
v -0.0000 0.1250 0.0320
v -0.0000 0.1400 0.0260
v -0.0000 0.1480 0.0160
v -0.0000 0.1500 0.0000
v 0.0000 0.0600 0.0000
v 0.0191 0.0600 0.0462
v 0.0199 0.0750 0.0480
v 0.0161 0.1000 0.0388
v 0.0122 0.1250 0.0296
v 0.0099 0.1400 0.0240
v 0.0061 0.1480 0.0148
v 0.0000 0.1500 0.0000
v 0.0000 0.0600 0.0000
v 0.0354 0.0600 0.0354
v 0.0368 0.0750 0.0368
v 0.0297 0.1000 0.0297
v 0.0226 0.1250 0.0226
v 0.0184 0.1400 0.0184
v 0.0113 0.1480 0.0113
v 0.0000 0.1500 0.0000
v 0.0000 0.0600 0.0000
v 0.0462 0.0600 0.0191
v 0.0480 0.0750 0.0199
v 0.0388 0.1000 0.0161
v 0.0296 0.1250 0.0122
v 0.0240 0.1400 0.0099
v 0.0148 0.1480 0.0061
v 0.0000 0.1500 0.0000
v 0.0000 0.0600 0.0000
v 0.0500 0.0600 0.0000
v 0.0520 0.0750 0.0000
v 0.0420 0.1000 0.0000
v 0.0320 0.1250 0.0000
v 0.0260 0.1400 0.0000
v 0.0160 0.1480 0.0000
v 0.0000 0.1500 0.0000
v 0.0000 0.1440 0.0000
v 0.0000 0.1440 0.0000
v 0.0000 0.1440 0.0000
v 0.0000 0.1440 0.0000
v 0.0000 0.1440 -0.0000
v 0.0000 0.1440 -0.0000
v 0.0000 0.1440 -0.0000
v 0.0000 0.1440 -0.0000
v -0.0000 0.1440 -0.0000
v -0.0000 0.1440 -0.0000
v -0.0000 0.1440 -0.0000
v -0.0000 0.1440 0.0000
v -0.0000 0.1440 0.0000
v -0.0000 0.1440 0.0000
v -0.0000 0.1440 0.0000
v 0.0000 0.1458 0.0080
v 0.0035 0.1458 0.0072
v 0.0063 0.1458 0.0050
v 0.0078 0.1458 0.0018
v 0.0078 0.1458 -0.0018
v 0.0063 0.1458 -0.0050
v 0.0035 0.1458 -0.0072
v 0.0000 0.1458 -0.0080
v -0.0035 0.1458 -0.0072
v -0.0063 0.1458 -0.0050
v -0.0078 0.1458 -0.0018
v -0.0078 0.1458 0.0018
v -0.0063 0.1458 0.0050
v -0.0035 0.1458 0.0072
v -0.0000 0.1458 0.0080
v 0.0000 0.1510 0.0148
v 0.0064 0.1510 0.0134
v 0.0116 0.1510 0.0093
v 0.0145 0.1510 0.0033
v 0.0145 0.1510 -0.0033
v 0.0116 0.1510 -0.0093
v 0.0064 0.1510 -0.0134
v 0.0000 0.1510 -0.0148
v -0.0064 0.1510 -0.0134
v -0.0116 0.1510 -0.0093
v -0.0145 0.1510 -0.0033
v -0.0145 0.1510 0.0033
v -0.0116 0.1510 0.0093
v -0.0064 0.1510 0.0134
v -0.0000 0.1510 0.0148
v 0.0000 0.1588 0.0194
v 0.0084 0.1588 0.0175
v 0.0152 0.1588 0.0121
v 0.0189 0.1588 0.0043
v 0.0189 0.1588 -0.0043
v 0.0152 0.1588 -0.0121
v 0.0084 0.1588 -0.0175
v 0.0000 0.1588 -0.0194
v -0.0084 0.1588 -0.0175
v -0.0152 0.1588 -0.0121
v -0.0189 0.1588 -0.0043
v -0.0189 0.1588 0.0043
v -0.0152 0.1588 0.0121
v -0.0084 0.1588 0.0175
v -0.0000 0.1588 0.0194
v 0.0000 0.1680 0.0210
v 0.0091 0.1680 0.0189
v 0.0164 0.1680 0.0131
v 0.0205 0.1680 0.0047
v 0.0205 0.1680 -0.0047
v 0.0164 0.1680 -0.0131
v 0.0091 0.1680 -0.0189
v 0.0000 0.1680 -0.0210
v -0.0091 0.1680 -0.0189
v -0.0164 0.1680 -0.0131
v -0.0205 0.1680 -0.0047
v -0.0205 0.1680 0.0047
v -0.0164 0.1680 0.0131
v -0.0091 0.1680 0.0189
v -0.0000 0.1680 0.0210
v 0.0000 0.1772 0.0194
v 0.0084 0.1772 0.0175
v 0.0152 0.1772 0.0121
v 0.0189 0.1772 0.0043
v 0.0189 0.1772 -0.0043
v 0.0152 0.1772 -0.0121
v 0.0084 0.1772 -0.0175
v 0.0000 0.1772 -0.0194
v -0.0084 0.1772 -0.0175
v -0.0152 0.1772 -0.0121
v -0.0189 0.1772 -0.0043
v -0.0189 0.1772 0.0043
v -0.0152 0.1772 0.0121
v -0.0084 0.1772 0.0175
v -0.0000 0.1772 0.0194
v 0.0000 0.1850 0.0148
v 0.0064 0.1850 0.0134
v 0.0116 0.1850 0.0093
v 0.0145 0.1850 0.0033
v 0.0145 0.1850 -0.0033
v 0.0116 0.1850 -0.0093
v 0.0064 0.1850 -0.0134
v 0.0000 0.1850 -0.0148
v -0.0064 0.1850 -0.0134
v -0.0116 0.1850 -0.0093
v -0.0145 0.1850 -0.0033
v -0.0145 0.1850 0.0033
v -0.0116 0.1850 0.0093
v -0.0064 0.1850 0.0134
v -0.0000 0.1850 0.0148
v 0.0000 0.1902 0.0080
v 0.0035 0.1902 0.0072
v 0.0063 0.1902 0.0050
v 0.0078 0.1902 0.0018
v 0.0078 0.1902 -0.0018
v 0.0063 0.1902 -0.0050
v 0.0035 0.1902 -0.0072
v 0.0000 0.1902 -0.0080
v -0.0035 0.1902 -0.0072
v -0.0063 0.1902 -0.0050
v -0.0078 0.1902 -0.0018
v -0.0078 0.1902 0.0018
v -0.0063 0.1902 0.0050
v -0.0035 0.1902 0.0072
v -0.0000 0.1902 0.0080
v 0.0000 0.1920 0.0000
v 0.0000 0.1920 0.0000
v 0.0000 0.1920 0.0000
v 0.0000 0.1920 0.0000
v 0.0000 0.1920 -0.0000
v 0.0000 0.1920 -0.0000
v 0.0000 0.1920 -0.0000
v 0.0000 0.1920 -0.0000
v -0.0000 0.1920 -0.0000
v -0.0000 0.1920 -0.0000
v -0.0000 0.1920 -0.0000
v -0.0000 0.1920 0.0000
v -0.0000 0.1920 0.0000
v -0.0000 0.1920 0.0000
v -0.0000 0.1920 0.0000
v 0.0000 0.1810 0.0000
v 0.0000 0.1810 0.0000
v 0.0000 0.1810 0.0000
v 0.0000 0.1810 -0.0000
v 0.0000 0.1810 -0.0000
v -0.0000 0.1810 -0.0000
v -0.0000 0.1810 -0.0000
v -0.0000 0.1810 0.0000
v -0.0000 0.1810 0.0000
v 0.0000 0.1826 0.0045
v 0.0032 0.1826 0.0032
v 0.0045 0.1826 0.0000
v 0.0032 0.1826 -0.0032
v 0.0000 0.1826 -0.0045
v -0.0032 0.1826 -0.0032
v -0.0045 0.1826 -0.0000
v -0.0032 0.1826 0.0032
v -0.0000 0.1826 0.0045
v 0.0000 0.1870 0.0078
v 0.0055 0.1870 0.0055
v 0.0078 0.1870 0.0000
v 0.0055 0.1870 -0.0055
v 0.0000 0.1870 -0.0078
v -0.0055 0.1870 -0.0055
v -0.0078 0.1870 -0.0000
v -0.0055 0.1870 0.0055
v -0.0000 0.1870 0.0078
v 0.0000 0.1930 0.0090
v 0.0064 0.1930 0.0064
v 0.0090 0.1930 0.0000
v 0.0064 0.1930 -0.0064
v 0.0000 0.1930 -0.0090
v -0.0064 0.1930 -0.0064
v -0.0090 0.1930 -0.0000
v -0.0064 0.1930 0.0064
v -0.0000 0.1930 0.0090
v 0.0000 0.1990 0.0078
v 0.0055 0.1990 0.0055
v 0.0078 0.1990 0.0000
v 0.0055 0.1990 -0.0055
v 0.0000 0.1990 -0.0078
v -0.0055 0.1990 -0.0055
v -0.0078 0.1990 -0.0000
v -0.0055 0.1990 0.0055
v -0.0000 0.1990 0.0078
v 0.0000 0.2034 0.0045
v 0.0032 0.2034 0.0032
v 0.0045 0.2034 0.0000
v 0.0032 0.2034 -0.0032
v 0.0000 0.2034 -0.0045
v -0.0032 0.2034 -0.0032
v -0.0045 0.2034 -0.0000
v -0.0032 0.2034 0.0032
v -0.0000 0.2034 0.0045
v 0.0000 0.2050 0.0000
v 0.0000 0.2050 0.0000
v 0.0000 0.2050 0.0000
v 0.0000 0.2050 -0.0000
v 0.0000 0.2050 -0.0000
v -0.0000 0.2050 -0.0000
v -0.0000 0.2050 -0.0000
v -0.0000 0.2050 0.0000
v -0.0000 0.2050 0.0000
v 0.0383 0.1385 0.0250
v 0.0358 0.1395 0.0212
v 0.0317 0.1412 0.0226
v 0.0317 0.1412 0.0274
v 0.0358 0.1395 0.0288
v 0.0383 0.1385 0.0250
v 0.0425 0.1486 0.0250
v 0.0398 0.1493 0.0212
v 0.0355 0.1505 0.0226
v 0.0355 0.1505 0.0274
v 0.0398 0.1493 0.0288
v 0.0425 0.1486 0.0250
v 0.0440 0.1600 0.0250
v 0.0412 0.1600 0.0212
v 0.0368 0.1600 0.0226
v 0.0368 0.1600 0.0274
v 0.0412 0.1600 0.0288
v 0.0440 0.1600 0.0250
v 0.0425 0.1714 0.0250
v 0.0398 0.1707 0.0212
v 0.0355 0.1695 0.0226
v 0.0355 0.1695 0.0274
v 0.0398 0.1707 0.0288
v 0.0425 0.1714 0.0250
v 0.0381 0.1820 0.0250
v 0.0357 0.1806 0.0212
v 0.0318 0.1784 0.0226
v 0.0318 0.1784 0.0274
v 0.0357 0.1806 0.0288
v 0.0381 0.1820 0.0250
v 0.0311 0.1911 0.0250
v 0.0292 0.1892 0.0212
v 0.0260 0.1860 0.0226
v 0.0260 0.1860 0.0274
v 0.0292 0.1892 0.0288
v 0.0311 0.1911 0.0250
v 0.0220 0.1981 0.0250
v 0.0206 0.1957 0.0212
v 0.0184 0.1918 0.0226
v 0.0184 0.1918 0.0274
v 0.0206 0.1957 0.0288
v 0.0220 0.1981 0.0250
v 0.0114 0.2025 0.0250
v 0.0107 0.1998 0.0212
v 0.0095 0.1955 0.0226
v 0.0095 0.1955 0.0274
v 0.0107 0.1998 0.0288
v 0.0114 0.2025 0.0250
v 0.0000 0.2040 0.0250
v 0.0000 0.2012 0.0212
v 0.0000 0.1968 0.0226
v 0.0000 0.1968 0.0274
v 0.0000 0.2012 0.0288
v 0.0000 0.2040 0.0250
v -0.0114 0.2025 0.0250
v -0.0107 0.1998 0.0212
v -0.0095 0.1955 0.0226
v -0.0095 0.1955 0.0274
v -0.0107 0.1998 0.0288
v -0.0114 0.2025 0.0250
v -0.0220 0.1981 0.0250
v -0.0206 0.1957 0.0212
v -0.0184 0.1918 0.0226
v -0.0184 0.1918 0.0274
v -0.0206 0.1957 0.0288
v -0.0220 0.1981 0.0250
v -0.0311 0.1911 0.0250
v -0.0292 0.1892 0.0212
v -0.0260 0.1860 0.0226
v -0.0260 0.1860 0.0274
v -0.0292 0.1892 0.0288
v -0.0311 0.1911 0.0250
v -0.0381 0.1820 0.0250
v -0.0357 0.1806 0.0212
v -0.0318 0.1784 0.0226
v -0.0318 0.1784 0.0274
v -0.0357 0.1806 0.0288
v -0.0381 0.1820 0.0250
v -0.0425 0.1714 0.0250
v -0.0398 0.1707 0.0212
v -0.0355 0.1695 0.0226
v -0.0355 0.1695 0.0274
v -0.0398 0.1707 0.0288
v -0.0425 0.1714 0.0250
v -0.0440 0.1600 0.0250
v -0.0412 0.1600 0.0212
v -0.0368 0.1600 0.0226
v -0.0368 0.1600 0.0274
v -0.0412 0.1600 0.0288
v -0.0440 0.1600 0.0250
v -0.0425 0.1486 0.0250
v -0.0398 0.1493 0.0212
v -0.0355 0.1505 0.0226
v -0.0355 0.1505 0.0274
v -0.0398 0.1493 0.0288
v -0.0425 0.1486 0.0250
v -0.0383 0.1385 0.0250
v -0.0358 0.1395 0.0212
v -0.0317 0.1412 0.0226
v -0.0317 0.1412 0.0274
v -0.0358 0.1395 0.0288
v -0.0383 0.1385 0.0250
v 0.0346 0.1400 0.0250
v 0.0383 0.1385 0.0250
v 0.0358 0.1395 0.0212
v 0.0317 0.1412 0.0226
v 0.0317 0.1412 0.0274
v 0.0358 0.1395 0.0288
v -0.0346 0.1400 0.0250
v -0.0383 0.1385 0.0250
v -0.0358 0.1395 0.0212
v -0.0317 0.1412 0.0226
v -0.0317 0.1412 0.0274
v -0.0358 0.1395 0.0288
vt 0.0000 0.0000
vt 0.0000 0.0450
vt 0.0000 0.0630
vt 0.0000 0.0742
vt 0.0000 0.0900
vt 0.0000 0.1250
vt 0.0216 0.0000
vt 0.0216 0.0450
vt 0.0216 0.0630
vt 0.0216 0.0742
vt 0.0216 0.0900
vt 0.0216 0.1250
vt 0.0432 0.0000
vt 0.0432 0.0450
vt 0.0432 0.0630
vt 0.0432 0.0742
vt 0.0432 0.0900
vt 0.0432 0.1250
vt 0.0648 0.0000
vt 0.0648 0.0450
vt 0.0648 0.0630
vt 0.0648 0.0742
vt 0.0648 0.0900
vt 0.0648 0.1250
vt 0.0864 0.0000
vt 0.0864 0.0450
vt 0.0864 0.0630
vt 0.0864 0.0742
vt 0.0864 0.0900
vt 0.0864 0.1250
vt 0.1080 0.0000
vt 0.1080 0.0450
vt 0.1080 0.0630
vt 0.1080 0.0742
vt 0.1080 0.0900
vt 0.1080 0.1250
vt 0.1296 0.0000
vt 0.1296 0.0450
vt 0.1296 0.0630
vt 0.1296 0.0742
vt 0.1296 0.0900
vt 0.1296 0.1250
vt 0.1512 0.0000
vt 0.1512 0.0450
vt 0.1512 0.0630
vt 0.1512 0.0742
vt 0.1512 0.0900
vt 0.1512 0.1250
vt 0.1728 0.0000
vt 0.1728 0.0450
vt 0.1728 0.0630
vt 0.1728 0.0742
vt 0.1728 0.0900
vt 0.1728 0.1250
vt 0.1944 0.0000
vt 0.1944 0.0450
vt 0.1944 0.0630
vt 0.1944 0.0742
vt 0.1944 0.0900
vt 0.1944 0.1250
vt 0.2160 0.0000
vt 0.2160 0.0450
vt 0.2160 0.0630
vt 0.2160 0.0742
vt 0.2160 0.0900
vt 0.2160 0.1250
vt 0.2376 0.0000
vt 0.2376 0.0450
vt 0.2376 0.0630
vt 0.2376 0.0742
vt 0.2376 0.0900
vt 0.2376 0.1250
vt 0.2592 0.0000
vt 0.2592 0.0450
vt 0.2592 0.0630
vt 0.2592 0.0742
vt 0.2592 0.0900
vt 0.2592 0.1250
vt 0.2808 0.0000
vt 0.2808 0.0450
vt 0.2808 0.0630
vt 0.2808 0.0742
vt 0.2808 0.0900
vt 0.2808 0.1250
vt 0.3024 0.0000
vt 0.3024 0.0450
vt 0.3024 0.0630
vt 0.3024 0.0742
vt 0.3024 0.0900
vt 0.3024 0.1250
vt 0.3240 0.0000
vt 0.3240 0.0450
vt 0.3240 0.0630
vt 0.3240 0.0742
vt 0.3240 0.0900
vt 0.3240 0.1250
vt 0.3456 0.0000
vt 0.3456 0.0450
vt 0.3456 0.0630
vt 0.3456 0.0742
vt 0.3456 0.0900
vt 0.3456 0.1250
vt 0.0000 0.0000
vt 0.0000 0.0500
vt 0.0000 0.0651
vt 0.0000 0.0921
vt 0.0000 0.1190
vt 0.0000 0.1351
vt 0.0000 0.1479
vt 0.0000 0.1641
vt 0.0204 0.0000
vt 0.0204 0.0500
vt 0.0204 0.0651
vt 0.0204 0.0921
vt 0.0204 0.1190
vt 0.0204 0.1351
vt 0.0204 0.1479
vt 0.0204 0.1641
vt 0.0408 0.0000
vt 0.0408 0.0500
vt 0.0408 0.0651
vt 0.0408 0.0921
vt 0.0408 0.1190
vt 0.0408 0.1351
vt 0.0408 0.1479
vt 0.0408 0.1641
vt 0.0613 0.0000
vt 0.0613 0.0500
vt 0.0613 0.0651
vt 0.0613 0.0921
vt 0.0613 0.1190
vt 0.0613 0.1351
vt 0.0613 0.1479
vt 0.0613 0.1641
vt 0.0817 0.0000
vt 0.0817 0.0500
vt 0.0817 0.0651
vt 0.0817 0.0921
vt 0.0817 0.1190
vt 0.0817 0.1351
vt 0.0817 0.1479
vt 0.0817 0.1641
vt 0.1021 0.0000
vt 0.1021 0.0500
vt 0.1021 0.0651
vt 0.1021 0.0921
vt 0.1021 0.1190
vt 0.1021 0.1351
vt 0.1021 0.1479
vt 0.1021 0.1641
vt 0.1225 0.0000
vt 0.1225 0.0500
vt 0.1225 0.0651
vt 0.1225 0.0921
vt 0.1225 0.1190
vt 0.1225 0.1351
vt 0.1225 0.1479
vt 0.1225 0.1641
vt 0.1429 0.0000
vt 0.1429 0.0500
vt 0.1429 0.0651
vt 0.1429 0.0921
vt 0.1429 0.1190
vt 0.1429 0.1351
vt 0.1429 0.1479
vt 0.1429 0.1641
vt 0.1634 0.0000
vt 0.1634 0.0500
vt 0.1634 0.0651
vt 0.1634 0.0921
vt 0.1634 0.1190
vt 0.1634 0.1351
vt 0.1634 0.1479
vt 0.1634 0.1641
vt 0.1838 0.0000
vt 0.1838 0.0500
vt 0.1838 0.0651
vt 0.1838 0.0921
vt 0.1838 0.1190
vt 0.1838 0.1351
vt 0.1838 0.1479
vt 0.1838 0.1641
vt 0.2042 0.0000
vt 0.2042 0.0500
vt 0.2042 0.0651
vt 0.2042 0.0921
vt 0.2042 0.1190
vt 0.2042 0.1351
vt 0.2042 0.1479
vt 0.2042 0.1641
vt 0.2246 0.0000
vt 0.2246 0.0500
vt 0.2246 0.0651
vt 0.2246 0.0921
vt 0.2246 0.1190
vt 0.2246 0.1351
vt 0.2246 0.1479
vt 0.2246 0.1641
vt 0.2450 0.0000
vt 0.2450 0.0500
vt 0.2450 0.0651
vt 0.2450 0.0921
vt 0.2450 0.1190
vt 0.2450 0.1351
vt 0.2450 0.1479
vt 0.2450 0.1641
vt 0.2655 0.0000
vt 0.2655 0.0500
vt 0.2655 0.0651
vt 0.2655 0.0921
vt 0.2655 0.1190
vt 0.2655 0.1351
vt 0.2655 0.1479
vt 0.2655 0.1641
vt 0.2859 0.0000
vt 0.2859 0.0500
vt 0.2859 0.0651
vt 0.2859 0.0921
vt 0.2859 0.1190
vt 0.2859 0.1351
vt 0.2859 0.1479
vt 0.2859 0.1641
vt 0.3063 0.0000
vt 0.3063 0.0500
vt 0.3063 0.0651
vt 0.3063 0.0921
vt 0.3063 0.1190
vt 0.3063 0.1351
vt 0.3063 0.1479
vt 0.3063 0.1641
vt 0.3267 0.0000
vt 0.3267 0.0500
vt 0.3267 0.0651
vt 0.3267 0.0921
vt 0.3267 0.1190
vt 0.3267 0.1351
vt 0.3267 0.1479
vt 0.3267 0.1641
vt 0.0000 0.0000
vt 0.0093 0.0000
vt 0.0187 0.0000
vt 0.0280 0.0000
vt 0.0374 0.0000
vt 0.0467 0.0000
vt 0.0561 0.0000
vt 0.0654 0.0000
vt 0.0748 0.0000
vt 0.0841 0.0000
vt 0.0935 0.0000
vt 0.1028 0.0000
vt 0.1122 0.0000
vt 0.1215 0.0000
vt 0.1308 0.0000
vt 0.0000 0.0082
vt 0.0093 0.0082
vt 0.0187 0.0082
vt 0.0280 0.0082
vt 0.0374 0.0082
vt 0.0467 0.0082
vt 0.0561 0.0082
vt 0.0654 0.0082
vt 0.0748 0.0082
vt 0.0841 0.0082
vt 0.0935 0.0082
vt 0.1028 0.0082
vt 0.1122 0.0082
vt 0.1215 0.0082
vt 0.1308 0.0082
vt 0.0000 0.0168
vt 0.0093 0.0168
vt 0.0187 0.0168
vt 0.0280 0.0168
vt 0.0374 0.0168
vt 0.0467 0.0168
vt 0.0561 0.0168
vt 0.0654 0.0168
vt 0.0748 0.0168
vt 0.0841 0.0168
vt 0.0935 0.0168
vt 0.1028 0.0168
vt 0.1122 0.0168
vt 0.1215 0.0168
vt 0.1308 0.0168
vt 0.0000 0.0258
vt 0.0093 0.0258
vt 0.0187 0.0258
vt 0.0280 0.0258
vt 0.0374 0.0258
vt 0.0467 0.0258
vt 0.0561 0.0258
vt 0.0654 0.0258
vt 0.0748 0.0258
vt 0.0841 0.0258
vt 0.0935 0.0258
vt 0.1028 0.0258
vt 0.1122 0.0258
vt 0.1215 0.0258
vt 0.1308 0.0258
vt 0.0000 0.0352
vt 0.0093 0.0352
vt 0.0187 0.0352
vt 0.0280 0.0352
vt 0.0374 0.0352
vt 0.0467 0.0352
vt 0.0561 0.0352
vt 0.0654 0.0352
vt 0.0748 0.0352
vt 0.0841 0.0352
vt 0.0935 0.0352
vt 0.1028 0.0352
vt 0.1122 0.0352
vt 0.1215 0.0352
vt 0.1308 0.0352
vt 0.0000 0.0445
vt 0.0093 0.0445
vt 0.0187 0.0445
vt 0.0280 0.0445
vt 0.0374 0.0445
vt 0.0467 0.0445
vt 0.0561 0.0445
vt 0.0654 0.0445
vt 0.0748 0.0445
vt 0.0841 0.0445
vt 0.0935 0.0445
vt 0.1028 0.0445
vt 0.1122 0.0445
vt 0.1215 0.0445
vt 0.1308 0.0445
vt 0.0000 0.0535
vt 0.0093 0.0535
vt 0.0187 0.0535
vt 0.0280 0.0535
vt 0.0374 0.0535
vt 0.0467 0.0535
vt 0.0561 0.0535
vt 0.0654 0.0535
vt 0.0748 0.0535
vt 0.0841 0.0535
vt 0.0935 0.0535
vt 0.1028 0.0535
vt 0.1122 0.0535
vt 0.1215 0.0535
vt 0.1308 0.0535
vt 0.0000 0.0621
vt 0.0093 0.0621
vt 0.0187 0.0621
vt 0.0280 0.0621
vt 0.0374 0.0621
vt 0.0467 0.0621
vt 0.0561 0.0621
vt 0.0654 0.0621
vt 0.0748 0.0621
vt 0.0841 0.0621
vt 0.0935 0.0621
vt 0.1028 0.0621
vt 0.1122 0.0621
vt 0.1215 0.0621
vt 0.1308 0.0621
vt 0.0000 0.0703
vt 0.0093 0.0703
vt 0.0187 0.0703
vt 0.0280 0.0703
vt 0.0374 0.0703
vt 0.0467 0.0703
vt 0.0561 0.0703
vt 0.0654 0.0703
vt 0.0748 0.0703
vt 0.0841 0.0703
vt 0.0935 0.0703
vt 0.1028 0.0703
vt 0.1122 0.0703
vt 0.1215 0.0703
vt 0.1308 0.0703
vt 0.0000 0.0000
vt 0.0069 0.0000
vt 0.0138 0.0000
vt 0.0207 0.0000
vt 0.0276 0.0000
vt 0.0344 0.0000
vt 0.0413 0.0000
vt 0.0482 0.0000
vt 0.0551 0.0000
vt 0.0000 0.0048
vt 0.0069 0.0048
vt 0.0138 0.0048
vt 0.0207 0.0048
vt 0.0276 0.0048
vt 0.0344 0.0048
vt 0.0413 0.0048
vt 0.0482 0.0048
vt 0.0551 0.0048
vt 0.0000 0.0103
vt 0.0069 0.0103
vt 0.0138 0.0103
vt 0.0207 0.0103
vt 0.0276 0.0103
vt 0.0344 0.0103
vt 0.0413 0.0103
vt 0.0482 0.0103
vt 0.0551 0.0103
vt 0.0000 0.0164
vt 0.0069 0.0164
vt 0.0138 0.0164
vt 0.0207 0.0164
vt 0.0276 0.0164
vt 0.0344 0.0164
vt 0.0413 0.0164
vt 0.0482 0.0164
vt 0.0551 0.0164
vt 0.0000 0.0225
vt 0.0069 0.0225
vt 0.0138 0.0225
vt 0.0207 0.0225
vt 0.0276 0.0225
vt 0.0344 0.0225
vt 0.0413 0.0225
vt 0.0482 0.0225
vt 0.0551 0.0225
vt 0.0000 0.0280
vt 0.0069 0.0280
vt 0.0138 0.0280
vt 0.0207 0.0280
vt 0.0276 0.0280
vt 0.0344 0.0280
vt 0.0413 0.0280
vt 0.0482 0.0280
vt 0.0551 0.0280
vt 0.0000 0.0328
vt 0.0069 0.0328
vt 0.0138 0.0328
vt 0.0207 0.0328
vt 0.0276 0.0328
vt 0.0344 0.0328
vt 0.0413 0.0328
vt 0.0482 0.0328
vt 0.0551 0.0328
vt 0.0000 0.0000
vt 0.0000 0.0050
vt 0.0000 0.0101
vt 0.0000 0.0151
vt 0.0000 0.0201
vt 0.0000 0.0251
vt 0.0104 0.0000
vt 0.0104 0.0050
vt 0.0104 0.0101
vt 0.0104 0.0151
vt 0.0104 0.0201
vt 0.0104 0.0251
vt 0.0209 0.0000
vt 0.0209 0.0050
vt 0.0209 0.0101
vt 0.0209 0.0151
vt 0.0209 0.0201
vt 0.0209 0.0251
vt 0.0313 0.0000
vt 0.0313 0.0050
vt 0.0313 0.0101
vt 0.0313 0.0151
vt 0.0313 0.0201
vt 0.0313 0.0251
vt 0.0418 0.0000
vt 0.0418 0.0050
vt 0.0418 0.0101
vt 0.0418 0.0151
vt 0.0418 0.0201
vt 0.0418 0.0251
vt 0.0522 0.0000
vt 0.0522 0.0050
vt 0.0522 0.0101
vt 0.0522 0.0151
vt 0.0522 0.0201
vt 0.0522 0.0251
vt 0.0627 0.0000
vt 0.0627 0.0050
vt 0.0627 0.0101
vt 0.0627 0.0151
vt 0.0627 0.0201
vt 0.0627 0.0251
vt 0.0731 0.0000
vt 0.0731 0.0050
vt 0.0731 0.0101
vt 0.0731 0.0151
vt 0.0731 0.0201
vt 0.0731 0.0251
vt 0.0835 0.0000
vt 0.0835 0.0050
vt 0.0835 0.0101
vt 0.0835 0.0151
vt 0.0835 0.0201
vt 0.0835 0.0251
vt 0.0940 0.0000
vt 0.0940 0.0050
vt 0.0940 0.0101
vt 0.0940 0.0151
vt 0.0940 0.0201
vt 0.0940 0.0251
vt 0.1044 0.0000
vt 0.1044 0.0050
vt 0.1044 0.0101
vt 0.1044 0.0151
vt 0.1044 0.0201
vt 0.1044 0.0251
vt 0.1149 0.0000
vt 0.1149 0.0050
vt 0.1149 0.0101
vt 0.1149 0.0151
vt 0.1149 0.0201
vt 0.1149 0.0251
vt 0.1253 0.0000
vt 0.1253 0.0050
vt 0.1253 0.0101
vt 0.1253 0.0151
vt 0.1253 0.0201
vt 0.1253 0.0251
vt 0.1357 0.0000
vt 0.1357 0.0050
vt 0.1357 0.0101
vt 0.1357 0.0151
vt 0.1357 0.0201
vt 0.1357 0.0251
vt 0.1462 0.0000
vt 0.1462 0.0050
vt 0.1462 0.0101
vt 0.1462 0.0151
vt 0.1462 0.0201
vt 0.1462 0.0251
vt 0.1566 0.0000
vt 0.1566 0.0050
vt 0.1566 0.0101
vt 0.1566 0.0151
vt 0.1566 0.0201
vt 0.1566 0.0251
vt 0.1671 0.0000
vt 0.1671 0.0050
vt 0.1671 0.0101
vt 0.1671 0.0151
vt 0.1671 0.0201
vt 0.1671 0.0251
vt 0.0000 0.0000
vt 0.0040 0.0000
vt 0.0012 0.0038
vt -0.0032 0.0024
vt -0.0032 -0.0024
vt 0.0012 -0.0038
vt 0.0000 0.0000
vt 0.0040 0.0000
vt 0.0012 0.0038
vt -0.0032 0.0024
vt -0.0032 -0.0024
vt 0.0012 -0.0038
vn 0.000 -1.000 -0.000
vn 0.263 -0.965 -0.000
vn 0.981 -0.196 -0.000
vn 0.600 0.800 -0.000
vn 0.100 0.995 -0.000
vn 0.000 1.000 -0.000
vn 0.000 -1.000 -0.000
vn 0.243 -0.965 -0.101
vn 0.906 -0.196 -0.375
vn 0.554 0.800 -0.230
vn 0.092 0.995 -0.038
vn 0.000 1.000 -0.000
vn 0.000 -1.000 -0.000
vn 0.186 -0.965 -0.186
vn 0.693 -0.196 -0.693
vn 0.424 0.800 -0.424
vn 0.070 0.995 -0.070
vn 0.000 1.000 -0.000
vn 0.000 -1.000 -0.000
vn 0.101 -0.965 -0.243
vn 0.375 -0.196 -0.906
vn 0.230 0.800 -0.554
vn 0.038 0.995 -0.092
vn 0.000 1.000 -0.000
vn 0.000 -1.000 -0.000
vn 0.000 -0.965 -0.263
vn 0.000 -0.196 -0.981
vn 0.000 0.800 -0.600
vn 0.000 0.995 -0.100
vn 0.000 1.000 -0.000
vn -0.000 -1.000 -0.000
vn -0.101 -0.965 -0.243
vn -0.375 -0.196 -0.906
vn -0.230 0.800 -0.554
vn -0.038 0.995 -0.092
vn -0.000 1.000 -0.000
vn -0.000 -1.000 -0.000
vn -0.186 -0.965 -0.186
vn -0.693 -0.196 -0.693
vn -0.424 0.800 -0.424
vn -0.070 0.995 -0.070
vn -0.000 1.000 -0.000
vn -0.000 -1.000 -0.000
vn -0.243 -0.965 -0.101
vn -0.906 -0.196 -0.375
vn -0.554 0.800 -0.230
vn -0.092 0.995 -0.038
vn -0.000 1.000 -0.000
vn -0.000 -1.000 -0.000
vn -0.263 -0.965 -0.000
vn -0.981 -0.196 -0.000
vn -0.600 0.800 -0.000
vn -0.100 0.995 -0.000
vn -0.000 1.000 -0.000
vn -0.000 -1.000 0.000
vn -0.243 -0.965 0.101
vn -0.906 -0.196 0.375
vn -0.554 0.800 0.230
vn -0.092 0.995 0.038
vn -0.000 1.000 0.000
vn -0.000 -1.000 0.000
vn -0.186 -0.965 0.186
vn -0.693 -0.196 0.693
vn -0.424 0.800 0.424
vn -0.070 0.995 0.070
vn -0.000 1.000 0.000
vn -0.000 -1.000 0.000
vn -0.101 -0.965 0.243
vn -0.375 -0.196 0.906
vn -0.230 0.800 0.554
vn -0.038 0.995 0.092
vn -0.000 1.000 0.000
vn -0.000 -1.000 0.000
vn -0.000 -0.965 0.263
vn -0.000 -0.196 0.981
vn -0.000 0.800 0.600
vn -0.000 0.995 0.100
vn -0.000 1.000 0.000
vn 0.000 -1.000 0.000
vn 0.101 -0.965 0.243
vn 0.375 -0.196 0.906
vn 0.230 0.800 0.554
vn 0.038 0.995 0.092
vn 0.000 1.000 0.000
vn 0.000 -1.000 0.000
vn 0.186 -0.965 0.186
vn 0.693 -0.196 0.693
vn 0.424 0.800 0.424
vn 0.070 0.995 0.070
vn 0.000 1.000 0.000
vn 0.000 -1.000 0.000
vn 0.243 -0.965 0.101
vn 0.906 -0.196 0.375
vn 0.554 0.800 0.230
vn 0.092 0.995 0.038
vn 0.000 1.000 0.000
vn 0.000 -1.000 0.000
vn 0.263 -0.965 0.000
vn 0.981 -0.196 0.000
vn 0.600 0.800 0.000
vn 0.100 0.995 0.000
vn 0.000 1.000 0.000
vn 0.000 -1.000 -0.000
vn 0.277 -0.961 -0.000
vn 0.981 0.196 -0.000
vn 0.928 0.371 -0.000
vn 0.928 0.371 -0.000
vn 0.821 0.571 -0.000
vn 0.359 0.933 -0.000
vn 0.124 0.992 -0.000
vn 0.000 -1.000 -0.000
vn 0.256 -0.961 -0.106
vn 0.906 0.196 -0.375
vn 0.858 0.371 -0.355
vn 0.858 0.371 -0.355
vn 0.758 0.571 -0.314
vn 0.332 0.933 -0.137
vn 0.115 0.992 -0.047
vn 0.000 -1.000 -0.000
vn 0.196 -0.961 -0.196
vn 0.693 0.196 -0.693
vn 0.657 0.371 -0.657
vn 0.657 0.371 -0.657
vn 0.580 0.571 -0.580
vn 0.254 0.933 -0.254
vn 0.088 0.992 -0.088
vn 0.000 -1.000 -0.000
vn 0.106 -0.961 -0.256
vn 0.375 0.196 -0.906
vn 0.355 0.371 -0.858
vn 0.355 0.371 -0.858
vn 0.314 0.571 -0.758
vn 0.137 0.933 -0.332
vn 0.047 0.992 -0.115
vn 0.000 -1.000 -0.000
vn 0.000 -0.961 -0.277
vn 0.000 0.196 -0.981
vn 0.000 0.371 -0.928
vn 0.000 0.371 -0.928
vn 0.000 0.571 -0.821
vn 0.000 0.933 -0.359
vn 0.000 0.992 -0.124
vn -0.000 -1.000 -0.000
vn -0.106 -0.961 -0.256
vn -0.375 0.196 -0.906
vn -0.355 0.371 -0.858
vn -0.355 0.371 -0.858
vn -0.314 0.571 -0.758
vn -0.137 0.933 -0.332
vn -0.047 0.992 -0.115
vn -0.000 -1.000 -0.000
vn -0.196 -0.961 -0.196
vn -0.693 0.196 -0.693
vn -0.657 0.371 -0.657
vn -0.657 0.371 -0.657
vn -0.580 0.571 -0.580
vn -0.254 0.933 -0.254
vn -0.088 0.992 -0.088
vn -0.000 -1.000 -0.000
vn -0.256 -0.961 -0.106
vn -0.906 0.196 -0.375
vn -0.858 0.371 -0.355
vn -0.858 0.371 -0.355
vn -0.758 0.571 -0.314
vn -0.332 0.933 -0.137
vn -0.115 0.992 -0.047
vn -0.000 -1.000 -0.000
vn -0.277 -0.961 -0.000
vn -0.981 0.196 -0.000
vn -0.928 0.371 -0.000
vn -0.928 0.371 -0.000
vn -0.821 0.571 -0.000
vn -0.359 0.933 -0.000
vn -0.124 0.992 -0.000
vn -0.000 -1.000 0.000
vn -0.256 -0.961 0.106
vn -0.906 0.196 0.375
vn -0.858 0.371 0.355
vn -0.858 0.371 0.355
vn -0.758 0.571 0.314
vn -0.332 0.933 0.137
vn -0.115 0.992 0.047
vn -0.000 -1.000 0.000
vn -0.196 -0.961 0.196
vn -0.693 0.196 0.693
vn -0.657 0.371 0.657
vn -0.657 0.371 0.657
vn -0.580 0.571 0.580
vn -0.254 0.933 0.254
vn -0.088 0.992 0.088
vn -0.000 -1.000 0.000
vn -0.106 -0.961 0.256
vn -0.375 0.196 0.906
vn -0.355 0.371 0.858
vn -0.355 0.371 0.858
vn -0.314 0.571 0.758
vn -0.137 0.933 0.332
vn -0.047 0.992 0.115
vn -0.000 -1.000 0.000
vn -0.000 -0.961 0.277
vn -0.000 0.196 0.981
vn -0.000 0.371 0.928
vn -0.000 0.371 0.928
vn -0.000 0.571 0.821
vn -0.000 0.933 0.359
vn -0.000 0.992 0.124
vn 0.000 -1.000 0.000
vn 0.106 -0.961 0.256
vn 0.375 0.196 0.906
vn 0.355 0.371 0.858
vn 0.355 0.371 0.858
vn 0.314 0.571 0.758
vn 0.137 0.933 0.332
vn 0.047 0.992 0.115
vn 0.000 -1.000 0.000
vn 0.196 -0.961 0.196
vn 0.693 0.196 0.693
vn 0.657 0.371 0.657
vn 0.657 0.371 0.657
vn 0.580 0.571 0.580
vn 0.254 0.933 0.254
vn 0.088 0.992 0.088
vn 0.000 -1.000 0.000
vn 0.256 -0.961 0.106
vn 0.906 0.196 0.375
vn 0.858 0.371 0.355
vn 0.858 0.371 0.355
vn 0.758 0.571 0.314
vn 0.332 0.933 0.137
vn 0.115 0.992 0.047
vn 0.000 -1.000 0.000
vn 0.277 -0.961 0.000
vn 0.981 0.196 0.000
vn 0.928 0.371 0.000
vn 0.928 0.371 0.000
vn 0.821 0.571 0.000
vn 0.359 0.933 0.000
vn 0.124 0.992 0.000
vn -0.000 -0.904 0.428
vn 0.186 -0.904 0.385
vn 0.335 -0.904 0.267
vn 0.417 -0.904 0.095
vn 0.417 -0.904 -0.095
vn 0.335 -0.904 -0.267
vn 0.186 -0.904 -0.385
vn 0.000 -0.904 -0.428
vn -0.186 -0.904 -0.385
vn -0.335 -0.904 -0.267
vn -0.417 -0.904 -0.095
vn -0.417 -0.904 0.095
vn -0.335 -0.904 0.267
vn -0.186 -0.904 0.385
vn -0.000 -0.904 0.428
vn -0.000 -0.904 0.428
vn 0.186 -0.904 0.385
vn 0.335 -0.904 0.267
vn 0.417 -0.904 0.095
vn 0.417 -0.904 -0.095
vn 0.335 -0.904 -0.267
vn 0.186 -0.904 -0.385
vn 0.000 -0.904 -0.428
vn -0.186 -0.904 -0.385
vn -0.335 -0.904 -0.267
vn -0.417 -0.904 -0.095
vn -0.417 -0.904 0.095
vn -0.335 -0.904 0.267
vn -0.186 -0.904 0.385
vn -0.000 -0.904 0.428
vn -0.000 -0.659 0.753
vn 0.327 -0.659 0.678
vn 0.588 -0.659 0.469
vn 0.734 -0.659 0.167
vn 0.734 -0.659 -0.167
vn 0.588 -0.659 -0.469
vn 0.327 -0.659 -0.678
vn 0.000 -0.659 -0.753
vn -0.327 -0.659 -0.678
vn -0.588 -0.659 -0.469
vn -0.734 -0.659 -0.167
vn -0.734 -0.659 0.167
vn -0.588 -0.659 0.469
vn -0.327 -0.659 0.678
vn -0.000 -0.659 0.753
vn -0.000 -0.341 0.940
vn 0.408 -0.341 0.847
vn 0.735 -0.341 0.586
vn 0.917 -0.341 0.209
vn 0.917 -0.341 -0.209
vn 0.735 -0.341 -0.586
vn 0.408 -0.341 -0.847
vn 0.000 -0.341 -0.940
vn -0.408 -0.341 -0.847
vn -0.735 -0.341 -0.586
vn -0.917 -0.341 -0.209
vn -0.917 -0.341 0.209
vn -0.735 -0.341 0.586
vn -0.408 -0.341 0.847
vn -0.000 -0.341 0.940
vn -0.000 0.000 1.000
vn 0.434 0.000 0.901
vn 0.782 0.000 0.623
vn 0.975 0.000 0.223
vn 0.975 0.000 -0.223
vn 0.782 0.000 -0.623
vn 0.434 0.000 -0.901
vn 0.000 0.000 -1.000
vn -0.434 0.000 -0.901
vn -0.782 0.000 -0.623
vn -0.975 0.000 -0.223
vn -0.975 0.000 0.223
vn -0.782 0.000 0.623
vn -0.434 0.000 0.901
vn -0.000 0.000 1.000
vn -0.000 0.341 0.940
vn 0.408 0.341 0.847
vn 0.735 0.341 0.586
vn 0.917 0.341 0.209
vn 0.917 0.341 -0.209
vn 0.735 0.341 -0.586
vn 0.408 0.341 -0.847
vn 0.000 0.341 -0.940
vn -0.408 0.341 -0.847
vn -0.735 0.341 -0.586
vn -0.917 0.341 -0.209
vn -0.917 0.341 0.209
vn -0.735 0.341 0.586
vn -0.408 0.341 0.847
vn -0.000 0.341 0.940
vn -0.000 0.659 0.753
vn 0.327 0.659 0.678
vn 0.588 0.659 0.469
vn 0.734 0.659 0.167
vn 0.734 0.659 -0.167
vn 0.588 0.659 -0.469
vn 0.327 0.659 -0.678
vn 0.000 0.659 -0.753
vn -0.327 0.659 -0.678
vn -0.588 0.659 -0.469
vn -0.734 0.659 -0.167
vn -0.734 0.659 0.167
vn -0.588 0.659 0.469
vn -0.327 0.659 0.678
vn -0.000 0.659 0.753
vn -0.000 0.904 0.428
vn 0.186 0.904 0.385
vn 0.335 0.904 0.267
vn 0.417 0.904 0.095
vn 0.417 0.904 -0.095
vn 0.335 0.904 -0.267
vn 0.186 0.904 -0.385
vn 0.000 0.904 -0.428
vn -0.186 0.904 -0.385
vn -0.335 0.904 -0.267
vn -0.417 0.904 -0.095
vn -0.417 0.904 0.095
vn -0.335 0.904 0.267
vn -0.186 0.904 0.385
vn -0.000 0.904 0.428
vn -0.000 0.904 0.428
vn 0.186 0.904 0.385
vn 0.335 0.904 0.267
vn 0.417 0.904 0.095
vn 0.417 0.904 -0.095
vn 0.335 0.904 -0.267
vn 0.186 0.904 -0.385
vn 0.000 0.904 -0.428
vn -0.186 0.904 -0.385
vn -0.335 0.904 -0.267
vn -0.417 0.904 -0.095
vn -0.417 0.904 0.095
vn -0.335 0.904 0.267
vn -0.186 0.904 0.385
vn -0.000 0.904 0.428
vn -0.000 -0.792 0.610
vn 0.431 -0.792 0.431
vn 0.610 -0.792 0.000
vn 0.431 -0.792 -0.431
vn 0.000 -0.792 -0.610
vn -0.431 -0.792 -0.431
vn -0.610 -0.792 -0.000
vn -0.431 -0.792 0.431
vn -0.000 -0.792 0.610
vn -0.000 -0.792 0.610
vn 0.431 -0.792 0.431
vn 0.610 -0.792 0.000
vn 0.431 -0.792 -0.431
vn 0.000 -0.792 -0.610
vn -0.431 -0.792 -0.431
vn -0.610 -0.792 -0.000
vn -0.431 -0.792 0.431
vn -0.000 -0.792 0.610
vn -0.000 -0.397 0.918
vn 0.649 -0.397 0.649
vn 0.918 -0.397 0.000
vn 0.649 -0.397 -0.649
vn 0.000 -0.397 -0.918
vn -0.649 -0.397 -0.649
vn -0.918 -0.397 -0.000
vn -0.649 -0.397 0.649
vn -0.000 -0.397 0.918
vn -0.000 -0.000 1.000
vn 0.707 0.000 0.707
vn 1.000 -0.000 0.000
vn 0.707 0.000 -0.707
vn 0.000 -0.000 -1.000
vn -0.707 0.000 -0.707
vn -1.000 -0.000 -0.000
vn -0.707 0.000 0.707
vn -0.000 -0.000 1.000
vn -0.000 0.397 0.918
vn 0.649 0.397 0.649
vn 0.918 0.397 0.000
vn 0.649 0.397 -0.649
vn 0.000 0.397 -0.918
vn -0.649 0.397 -0.649
vn -0.918 0.397 -0.000
vn -0.649 0.397 0.649
vn -0.000 0.397 0.918
vn -0.000 0.792 0.610
vn 0.431 0.792 0.431
vn 0.610 0.792 0.000
vn 0.431 0.792 -0.431
vn 0.000 0.792 -0.610
vn -0.431 0.792 -0.431
vn -0.610 0.792 -0.000
vn -0.431 0.792 0.431
vn -0.000 0.792 0.610
vn -0.000 0.792 0.610
vn 0.431 0.792 0.431
vn 0.610 0.792 0.000
vn 0.431 0.792 -0.431
vn 0.000 0.792 -0.610
vn -0.431 0.792 -0.431
vn -0.610 0.792 -0.000
vn -0.431 0.792 0.431
vn -0.000 0.792 0.610
vn 0.924 -0.383 0.000
vn 0.285 -0.118 -0.951
vn -0.747 0.310 -0.588
vn -0.747 0.310 0.588
vn 0.285 -0.118 0.951
vn 0.924 -0.383 0.000
vn 0.966 -0.259 0.000
vn 0.298 -0.080 -0.951
vn -0.781 0.209 -0.588
vn -0.781 0.209 0.588
vn 0.298 -0.080 0.951
vn 0.966 -0.259 0.000
vn 1.000 0.000 0.000
vn 0.309 0.000 -0.951
vn -0.809 0.000 -0.588
vn -0.809 -0.000 0.588
vn 0.309 0.000 0.951
vn 1.000 0.000 0.000
vn 0.966 0.259 0.000
vn 0.298 0.080 -0.951
vn -0.781 -0.209 -0.588
vn -0.781 -0.209 0.588
vn 0.298 0.080 0.951
vn 0.966 0.259 0.000
vn 0.866 0.500 0.000
vn 0.268 0.155 -0.951
vn -0.701 -0.405 -0.588
vn -0.701 -0.405 0.588
vn 0.268 0.155 0.951
vn 0.866 0.500 0.000
vn 0.707 0.707 0.000
vn 0.219 0.219 -0.951
vn -0.572 -0.572 -0.588
vn -0.572 -0.572 0.588
vn 0.219 0.219 0.951
vn 0.707 0.707 0.000
vn 0.500 0.866 0.000
vn 0.155 0.268 -0.951
vn -0.405 -0.701 -0.588
vn -0.405 -0.701 0.588
vn 0.155 0.268 0.951
vn 0.500 0.866 0.000
vn 0.259 0.966 0.000
vn 0.080 0.298 -0.951
vn -0.209 -0.781 -0.588
vn -0.209 -0.781 0.588
vn 0.080 0.298 0.951
vn 0.259 0.966 0.000
vn 0.000 1.000 0.000
vn 0.000 0.309 -0.951
vn 0.000 -0.809 -0.588
vn -0.000 -0.809 0.588
vn 0.000 0.309 0.951
vn 0.000 1.000 0.000
vn -0.259 0.966 0.000
vn -0.080 0.298 -0.951
vn 0.209 -0.781 -0.588
vn 0.209 -0.781 0.588
vn -0.080 0.298 0.951
vn -0.259 0.966 0.000
vn -0.500 0.866 0.000
vn -0.155 0.268 -0.951
vn 0.405 -0.701 -0.588
vn 0.405 -0.701 0.588
vn -0.155 0.268 0.951
vn -0.500 0.866 0.000
vn -0.707 0.707 0.000
vn -0.219 0.219 -0.951
vn 0.572 -0.572 -0.588
vn 0.572 -0.572 0.588
vn -0.219 0.219 0.951
vn -0.707 0.707 0.000
vn -0.866 0.500 0.000
vn -0.268 0.155 -0.951
vn 0.701 -0.405 -0.588
vn 0.701 -0.405 0.588
vn -0.268 0.155 0.951
vn -0.866 0.500 0.000
vn -0.966 0.259 0.000
vn -0.298 0.080 -0.951
vn 0.781 -0.209 -0.588
vn 0.781 -0.209 0.588
vn -0.298 0.080 0.951
vn -0.966 0.259 0.000
vn -1.000 0.000 0.000
vn -0.309 0.000 -0.951
vn 0.809 -0.000 -0.588
vn 0.809 -0.000 0.588
vn -0.309 0.000 0.951
vn -1.000 0.000 0.000
vn -0.966 -0.259 0.000
vn -0.298 -0.080 -0.951
vn 0.781 0.209 -0.588
vn 0.781 0.209 0.588
vn -0.298 -0.080 0.951
vn -0.966 -0.259 0.000
vn -0.924 -0.383 0.000
vn -0.285 -0.118 -0.951
vn 0.747 0.310 -0.588
vn 0.747 0.310 0.588
vn -0.285 -0.118 0.951
vn -0.924 -0.383 0.000
vn -0.383 -0.924 -0.000
vn -0.383 -0.924 -0.000
vn -0.383 -0.924 -0.000
vn -0.383 -0.924 -0.000
vn -0.383 -0.924 -0.000
vn -0.383 -0.924 -0.000
vn 0.383 -0.924 0.000
vn 0.383 -0.924 0.000
vn 0.383 -0.924 0.000
vn 0.383 -0.924 0.000
vn 0.383 -0.924 0.000
vn 0.383 -0.924 0.000
v 0.1100 0.0300 0.0000
v 0.1320 0.0300 0.0000
v 0.1400 0.0450 0.0000
v 0.1420 0.0700 0.0000
v 0.1380 0.0700 0.0000
v 0.1360 0.0500 0.0000
v 0.1100 0.0500 0.0000
v 0.1100 0.0300 0.0000
v 0.1303 0.0300 -0.0084
v 0.1377 0.0450 -0.0115
v 0.1396 0.0700 -0.0122
v 0.1359 0.0700 -0.0107
v 0.1340 0.0500 -0.0099
v 0.1100 0.0500 0.0000
v 0.1100 0.0300 0.0000
v 0.1256 0.0300 -0.0156
v 0.1312 0.0450 -0.0212
v 0.1326 0.0700 -0.0226
v 0.1298 0.0700 -0.0198
v 0.1284 0.0500 -0.0184
v 0.1100 0.0500 0.0000
v 0.1100 0.0300 0.0000
v 0.1184 0.0300 -0.0203
v 0.1215 0.0450 -0.0277
v 0.1222 0.0700 -0.0296
v 0.1207 0.0700 -0.0259
v 0.1199 0.0500 -0.0240
v 0.1100 0.0500 0.0000
v 0.1100 0.0300 0.0000
v 0.1100 0.0300 -0.0220
v 0.1100 0.0450 -0.0300
v 0.1100 0.0700 -0.0320
v 0.1100 0.0700 -0.0280
v 0.1100 0.0500 -0.0260
v 0.1100 0.0500 0.0000
v 0.1100 0.0300 0.0000
v 0.1016 0.0300 -0.0203
v 0.0985 0.0450 -0.0277
v 0.0978 0.0700 -0.0296
v 0.0993 0.0700 -0.0259
v 0.1001 0.0500 -0.0240
v 0.1100 0.0500 0.0000
v 0.1100 0.0300 0.0000
v 0.0944 0.0300 -0.0156
v 0.0888 0.0450 -0.0212
v 0.0874 0.0700 -0.0226
v 0.0902 0.0700 -0.0198
v 0.0916 0.0500 -0.0184
v 0.1100 0.0500 0.0000
v 0.1100 0.0300 0.0000
v 0.0897 0.0300 -0.0084
v 0.0823 0.0450 -0.0115
v 0.0804 0.0700 -0.0122
v 0.0841 0.0700 -0.0107
v 0.0860 0.0500 -0.0099
v 0.1100 0.0500 0.0000
v 0.1100 0.0300 0.0000
v 0.0880 0.0300 -0.0000
v 0.0800 0.0450 -0.0000
v 0.0780 0.0700 -0.0000
v 0.0820 0.0700 -0.0000
v 0.0840 0.0500 -0.0000
v 0.1100 0.0500 0.0000
v 0.1100 0.0300 0.0000
v 0.0897 0.0300 0.0084
v 0.0823 0.0450 0.0115
v 0.0804 0.0700 0.0122
v 0.0841 0.0700 0.0107
v 0.0860 0.0500 0.0099
v 0.1100 0.0500 0.0000
v 0.1100 0.0300 0.0000
v 0.0944 0.0300 0.0156
v 0.0888 0.0450 0.0212
v 0.0874 0.0700 0.0226
v 0.0902 0.0700 0.0198
v 0.0916 0.0500 0.0184
v 0.1100 0.0500 0.0000
v 0.1100 0.0300 0.0000
v 0.1016 0.0300 0.0203
v 0.0985 0.0450 0.0277
v 0.0978 0.0700 0.0296
v 0.0993 0.0700 0.0259
v 0.1001 0.0500 0.0240
v 0.1100 0.0500 0.0000
v 0.1100 0.0300 0.0000
v 0.1100 0.0300 0.0220
v 0.1100 0.0450 0.0300
v 0.1100 0.0700 0.0320
v 0.1100 0.0700 0.0280
v 0.1100 0.0500 0.0260
v 0.1100 0.0500 0.0000
v 0.1100 0.0300 0.0000
v 0.1184 0.0300 0.0203
v 0.1215 0.0450 0.0277
v 0.1222 0.0700 0.0296
v 0.1207 0.0700 0.0259
v 0.1199 0.0500 0.0240
v 0.1100 0.0500 0.0000
v 0.1100 0.0300 0.0000
v 0.1256 0.0300 0.0156
v 0.1312 0.0450 0.0212
v 0.1326 0.0700 0.0226
v 0.1298 0.0700 0.0198
v 0.1284 0.0500 0.0184
v 0.1100 0.0500 0.0000
v 0.1100 0.0300 0.0000
v 0.1303 0.0300 0.0084
v 0.1377 0.0450 0.0115
v 0.1396 0.0700 0.0122
v 0.1359 0.0700 0.0107
v 0.1340 0.0500 0.0099
v 0.1100 0.0500 0.0000
v 0.1100 0.0300 0.0000
v 0.1320 0.0300 0.0000
v 0.1400 0.0450 0.0000
v 0.1420 0.0700 0.0000
v 0.1380 0.0700 0.0000
v 0.1360 0.0500 0.0000
v 0.1100 0.0500 0.0000
v 0.1700 0.0300 0.0000
v 0.1860 0.0300 0.0000
v 0.1920 0.0600 0.0000
v 0.1820 0.1000 0.0000
v 0.1860 0.1100 0.0000
v 0.1700 0.1100 0.0000
v 0.1700 0.0300 0.0000
v 0.1844 0.0300 -0.0069
v 0.1898 0.0600 -0.0095
v 0.1808 0.1000 -0.0052
v 0.1844 0.1100 -0.0069
v 0.1700 0.1100 0.0000
v 0.1700 0.0300 0.0000
v 0.1800 0.0300 -0.0125
v 0.1837 0.0600 -0.0172
v 0.1775 0.1000 -0.0094
v 0.1800 0.1100 -0.0125
v 0.1700 0.1100 0.0000
v 0.1700 0.0300 0.0000
v 0.1736 0.0300 -0.0156
v 0.1749 0.0600 -0.0214
v 0.1727 0.1000 -0.0117
v 0.1736 0.1100 -0.0156
v 0.1700 0.1100 0.0000
v 0.1700 0.0300 0.0000
v 0.1664 0.0300 -0.0156
v 0.1651 0.0600 -0.0214
v 0.1673 0.1000 -0.0117
v 0.1664 0.1100 -0.0156
v 0.1700 0.1100 0.0000
v 0.1700 0.0300 0.0000
v 0.1600 0.0300 -0.0125
v 0.1563 0.0600 -0.0172
v 0.1625 0.1000 -0.0094
v 0.1600 0.1100 -0.0125
v 0.1700 0.1100 0.0000
v 0.1700 0.0300 0.0000
v 0.1556 0.0300 -0.0069
v 0.1502 0.0600 -0.0095
v 0.1592 0.1000 -0.0052
v 0.1556 0.1100 -0.0069
v 0.1700 0.1100 0.0000
v 0.1700 0.0300 0.0000
v 0.1540 0.0300 -0.0000
v 0.1480 0.0600 -0.0000
v 0.1580 0.1000 -0.0000
v 0.1540 0.1100 -0.0000
v 0.1700 0.1100 0.0000
v 0.1700 0.0300 0.0000
v 0.1556 0.0300 0.0069
v 0.1502 0.0600 0.0095
v 0.1592 0.1000 0.0052
v 0.1556 0.1100 0.0069
v 0.1700 0.1100 0.0000
v 0.1700 0.0300 0.0000
v 0.1600 0.0300 0.0125
v 0.1563 0.0600 0.0172
v 0.1625 0.1000 0.0094
v 0.1600 0.1100 0.0125
v 0.1700 0.1100 0.0000
v 0.1700 0.0300 0.0000
v 0.1664 0.0300 0.0156
v 0.1651 0.0600 0.0214
v 0.1673 0.1000 0.0117
v 0.1664 0.1100 0.0156
v 0.1700 0.1100 0.0000
v 0.1700 0.0300 0.0000
v 0.1736 0.0300 0.0156
v 0.1749 0.0600 0.0214
v 0.1727 0.1000 0.0117
v 0.1736 0.1100 0.0156
v 0.1700 0.1100 0.0000
v 0.1700 0.0300 0.0000
v 0.1800 0.0300 0.0125
v 0.1837 0.0600 0.0172
v 0.1775 0.1000 0.0094
v 0.1800 0.1100 0.0125
v 0.1700 0.1100 0.0000
v 0.1700 0.0300 0.0000
v 0.1844 0.0300 0.0069
v 0.1898 0.0600 0.0095
v 0.1808 0.1000 0.0052
v 0.1844 0.1100 0.0069
v 0.1700 0.1100 0.0000
v 0.1700 0.0300 0.0000
v 0.1860 0.0300 0.0000
v 0.1920 0.0600 0.0000
v 0.1820 0.1000 0.0000
v 0.1860 0.1100 0.0000
v 0.1700 0.1100 0.0000
vt 0.0000 0.0000
vt 0.0000 0.0220
vt 0.0000 0.0390
vt 0.0000 0.0641
vt 0.0000 0.0681
vt 0.0000 0.0882
vt 0.0000 0.1142
vt 0.0126 0.0000
vt 0.0126 0.0220
vt 0.0126 0.0390
vt 0.0126 0.0641
vt 0.0126 0.0681
vt 0.0126 0.0882
vt 0.0126 0.1142
vt 0.0251 0.0000
vt 0.0251 0.0220
vt 0.0251 0.0390
vt 0.0251 0.0641
vt 0.0251 0.0681
vt 0.0251 0.0882
vt 0.0251 0.1142
vt 0.0377 0.0000
vt 0.0377 0.0220
vt 0.0377 0.0390
vt 0.0377 0.0641
vt 0.0377 0.0681
vt 0.0377 0.0882
vt 0.0377 0.1142
vt 0.0503 0.0000
vt 0.0503 0.0220
vt 0.0503 0.0390
vt 0.0503 0.0641
vt 0.0503 0.0681
vt 0.0503 0.0882
vt 0.0503 0.1142
vt 0.0628 0.0000
vt 0.0628 0.0220
vt 0.0628 0.0390
vt 0.0628 0.0641
vt 0.0628 0.0681
vt 0.0628 0.0882
vt 0.0628 0.1142
vt 0.0754 0.0000
vt 0.0754 0.0220
vt 0.0754 0.0390
vt 0.0754 0.0641
vt 0.0754 0.0681
vt 0.0754 0.0882
vt 0.0754 0.1142
vt 0.0880 0.0000
vt 0.0880 0.0220
vt 0.0880 0.0390
vt 0.0880 0.0641
vt 0.0880 0.0681
vt 0.0880 0.0882
vt 0.0880 0.1142
vt 0.1005 0.0000
vt 0.1005 0.0220
vt 0.1005 0.0390
vt 0.1005 0.0641
vt 0.1005 0.0681
vt 0.1005 0.0882
vt 0.1005 0.1142
vt 0.1131 0.0000
vt 0.1131 0.0220
vt 0.1131 0.0390
vt 0.1131 0.0641
vt 0.1131 0.0681
vt 0.1131 0.0882
vt 0.1131 0.1142
vt 0.1257 0.0000
vt 0.1257 0.0220
vt 0.1257 0.0390
vt 0.1257 0.0641
vt 0.1257 0.0681
vt 0.1257 0.0882
vt 0.1257 0.1142
vt 0.1382 0.0000
vt 0.1382 0.0220
vt 0.1382 0.0390
vt 0.1382 0.0641
vt 0.1382 0.0681
vt 0.1382 0.0882
vt 0.1382 0.1142
vt 0.1508 0.0000
vt 0.1508 0.0220
vt 0.1508 0.0390
vt 0.1508 0.0641
vt 0.1508 0.0681
vt 0.1508 0.0882
vt 0.1508 0.1142
vt 0.1634 0.0000
vt 0.1634 0.0220
vt 0.1634 0.0390
vt 0.1634 0.0641
vt 0.1634 0.0681
vt 0.1634 0.0882
vt 0.1634 0.1142
vt 0.1759 0.0000
vt 0.1759 0.0220
vt 0.1759 0.0390
vt 0.1759 0.0641
vt 0.1759 0.0681
vt 0.1759 0.0882
vt 0.1759 0.1142
vt 0.1885 0.0000
vt 0.1885 0.0220
vt 0.1885 0.0390
vt 0.1885 0.0641
vt 0.1885 0.0681
vt 0.1885 0.0882
vt 0.1885 0.1142
vt 0.2011 0.0000
vt 0.2011 0.0220
vt 0.2011 0.0390
vt 0.2011 0.0641
vt 0.2011 0.0681
vt 0.2011 0.0882
vt 0.2011 0.1142
vt 0.0000 0.0000
vt 0.0000 0.0160
vt 0.0000 0.0466
vt 0.0000 0.0878
vt 0.0000 0.0986
vt 0.0000 0.1146
vt 0.0099 0.0000
vt 0.0099 0.0160
vt 0.0099 0.0466
vt 0.0099 0.0878
vt 0.0099 0.0986
vt 0.0099 0.1146
vt 0.0197 0.0000
vt 0.0197 0.0160
vt 0.0197 0.0466
vt 0.0197 0.0878
vt 0.0197 0.0986
vt 0.0197 0.1146
vt 0.0296 0.0000
vt 0.0296 0.0160
vt 0.0296 0.0466
vt 0.0296 0.0878
vt 0.0296 0.0986
vt 0.0296 0.1146
vt 0.0395 0.0000
vt 0.0395 0.0160
vt 0.0395 0.0466
vt 0.0395 0.0878
vt 0.0395 0.0986
vt 0.0395 0.1146
vt 0.0494 0.0000
vt 0.0494 0.0160
vt 0.0494 0.0466
vt 0.0494 0.0878
vt 0.0494 0.0986
vt 0.0494 0.1146
vt 0.0592 0.0000
vt 0.0592 0.0160
vt 0.0592 0.0466
vt 0.0592 0.0878
vt 0.0592 0.0986
vt 0.0592 0.1146
vt 0.0691 0.0000
vt 0.0691 0.0160
vt 0.0691 0.0466
vt 0.0691 0.0878
vt 0.0691 0.0986
vt 0.0691 0.1146
vt 0.0790 0.0000
vt 0.0790 0.0160
vt 0.0790 0.0466
vt 0.0790 0.0878
vt 0.0790 0.0986
vt 0.0790 0.1146
vt 0.0889 0.0000
vt 0.0889 0.0160
vt 0.0889 0.0466
vt 0.0889 0.0878
vt 0.0889 0.0986
vt 0.0889 0.1146
vt 0.0987 0.0000
vt 0.0987 0.0160
vt 0.0987 0.0466
vt 0.0987 0.0878
vt 0.0987 0.0986
vt 0.0987 0.1146
vt 0.1086 0.0000
vt 0.1086 0.0160
vt 0.1086 0.0466
vt 0.1086 0.0878
vt 0.1086 0.0986
vt 0.1086 0.1146
vt 0.1185 0.0000
vt 0.1185 0.0160
vt 0.1185 0.0466
vt 0.1185 0.0878
vt 0.1185 0.0986
vt 0.1185 0.1146
vt 0.1284 0.0000
vt 0.1284 0.0160
vt 0.1284 0.0466
vt 0.1284 0.0878
vt 0.1284 0.0986
vt 0.1284 0.1146
vt 0.1382 0.0000
vt 0.1382 0.0160
vt 0.1382 0.0466
vt 0.1382 0.0878
vt 0.1382 0.0986
vt 0.1382 0.1146
vn 0.000 -1.000 0.000
vn 0.447 -0.894 0.000
vn 0.970 -0.243 0.000
vn 0.997 0.080 0.000
vn -0.958 0.287 0.000
vn -0.581 0.814 0.000
vn 0.000 1.000 0.000
vn 0.000 -1.000 0.000
vn 0.413 -0.894 -0.171
vn 0.896 -0.243 -0.371
vn 0.921 0.080 -0.381
vn -0.885 0.287 0.367
vn -0.537 0.814 0.222
vn 0.000 1.000 0.000
vn 0.000 -1.000 0.000
vn 0.316 -0.894 -0.316
vn 0.686 -0.243 -0.686
vn 0.705 0.080 -0.705
vn -0.677 0.287 0.677
vn -0.411 0.814 0.411
vn 0.000 1.000 0.000
vn 0.000 -1.000 0.000
vn 0.171 -0.894 -0.413
vn 0.371 -0.243 -0.896
vn 0.381 0.080 -0.921
vn -0.367 0.287 0.885
vn -0.222 0.814 0.537
vn 0.000 1.000 0.000
vn 0.000 -1.000 0.000
vn 0.000 -0.894 -0.447
vn 0.000 -0.243 -0.970
vn 0.000 0.080 -0.997
vn -0.000 0.287 0.958
vn -0.000 0.814 0.581
vn 0.000 1.000 0.000
vn -0.000 -1.000 -0.000
vn -0.171 -0.894 -0.413
vn -0.371 -0.243 -0.896
vn -0.381 0.080 -0.921
vn 0.367 0.287 0.885
vn 0.222 0.814 0.537
vn 0.000 1.000 0.000
vn -0.000 -1.000 -0.000
vn -0.316 -0.894 -0.316
vn -0.686 -0.243 -0.686
vn -0.705 0.080 -0.705
vn 0.677 0.287 0.677
vn 0.411 0.814 0.411
vn 0.000 1.000 0.000
vn -0.000 -1.000 -0.000
vn -0.413 -0.894 -0.171
vn -0.896 -0.243 -0.371
vn -0.921 0.080 -0.381
vn 0.885 0.287 0.367
vn 0.537 0.814 0.222
vn 0.000 1.000 0.000
vn -0.000 -1.000 -0.000
vn -0.447 -0.894 -0.000
vn -0.970 -0.243 -0.000
vn -0.997 0.080 -0.000
vn 0.958 0.287 0.000
vn 0.581 0.814 0.000
vn 0.000 1.000 0.000
vn 0.000 -1.000 0.000
vn -0.413 -0.894 0.171
vn -0.896 -0.243 0.371
vn -0.921 0.080 0.381
vn 0.885 0.287 -0.367
vn 0.537 0.814 -0.222
vn 0.000 1.000 0.000
vn 0.000 -1.000 0.000
vn -0.316 -0.894 0.316
vn -0.686 -0.243 0.686
vn -0.705 0.080 0.705
vn 0.677 0.287 -0.677
vn 0.411 0.814 -0.411
vn 0.000 1.000 0.000
vn 0.000 -1.000 0.000
vn -0.171 -0.894 0.413
vn -0.371 -0.243 0.896
vn -0.381 0.080 0.921
vn 0.367 0.287 -0.885
vn 0.222 0.814 -0.537
vn 0.000 1.000 0.000
vn 0.000 -1.000 0.000
vn -0.000 -0.894 0.447
vn -0.000 -0.243 0.970
vn -0.000 0.080 0.997
vn 0.000 0.287 -0.958
vn 0.000 0.814 -0.581
vn 0.000 1.000 0.000
vn 0.000 -1.000 0.000
vn 0.171 -0.894 0.413
vn 0.371 -0.243 0.896
vn 0.381 0.080 0.921
vn -0.367 0.287 -0.885
vn -0.222 0.814 -0.537
vn 0.000 1.000 0.000
vn 0.000 -1.000 0.000
vn 0.316 -0.894 0.316
vn 0.686 -0.243 0.686
vn 0.705 0.080 0.705
vn -0.677 0.287 -0.677
vn -0.411 0.814 -0.411
vn 0.000 1.000 0.000
vn 0.000 -1.000 0.000
vn 0.413 -0.894 0.171
vn 0.896 -0.243 0.371
vn 0.921 0.080 0.381
vn -0.885 0.287 -0.367
vn -0.537 0.814 -0.222
vn 0.000 1.000 0.000
vn 0.000 -1.000 0.000
vn 0.447 -0.894 0.000
vn 0.970 -0.243 0.000
vn 0.997 0.080 0.000
vn -0.958 0.287 -0.000
vn -0.581 0.814 -0.000
vn 0.000 1.000 0.000
vn 0.000 -1.000 0.000
vn 0.806 -0.591 0.000
vn 0.998 0.057 0.000
vn 0.993 0.119 0.000
vn 0.640 0.768 0.000
vn 0.000 1.000 0.000
vn 0.000 -1.000 0.000
vn 0.727 -0.591 -0.350
vn 0.900 0.057 -0.433
vn 0.895 0.119 -0.431
vn 0.577 0.768 -0.278
vn 0.000 1.000 0.000
vn 0.000 -1.000 0.000
vn 0.503 -0.591 -0.630
vn 0.622 0.057 -0.781
vn 0.619 0.119 -0.776
vn 0.399 0.768 -0.501
vn 0.000 1.000 0.000
vn 0.000 -1.000 0.000
vn 0.179 -0.591 -0.786
vn 0.222 0.057 -0.973
vn 0.221 0.119 -0.968
vn 0.142 0.768 -0.624
vn 0.000 1.000 0.000
vn -0.000 -1.000 -0.000
vn -0.179 -0.591 -0.786
vn -0.222 0.057 -0.973
vn -0.221 0.119 -0.968
vn -0.142 0.768 -0.624
vn 0.000 1.000 0.000
vn -0.000 -1.000 -0.000
vn -0.503 -0.591 -0.630
vn -0.622 0.057 -0.781
vn -0.619 0.119 -0.776
vn -0.399 0.768 -0.501
vn 0.000 1.000 0.000
vn -0.000 -1.000 -0.000
vn -0.727 -0.591 -0.350
vn -0.900 0.057 -0.433
vn -0.895 0.119 -0.431
vn -0.577 0.768 -0.278
vn 0.000 1.000 0.000
vn -0.000 -1.000 -0.000
vn -0.806 -0.591 -0.000
vn -0.998 0.057 -0.000
vn -0.993 0.119 -0.000
vn -0.640 0.768 -0.000
vn 0.000 1.000 0.000
vn 0.000 -1.000 0.000
vn -0.727 -0.591 0.350
vn -0.900 0.057 0.433
vn -0.895 0.119 0.431
vn -0.577 0.768 0.278
vn 0.000 1.000 0.000
vn 0.000 -1.000 0.000
vn -0.503 -0.591 0.630
vn -0.622 0.057 0.781
vn -0.619 0.119 0.776
vn -0.399 0.768 0.501
vn 0.000 1.000 0.000
vn 0.000 -1.000 0.000
vn -0.179 -0.591 0.786
vn -0.222 0.057 0.973
vn -0.221 0.119 0.968
vn -0.142 0.768 0.624
vn 0.000 1.000 0.000
vn 0.000 -1.000 0.000
vn 0.179 -0.591 0.786
vn 0.222 0.057 0.973
vn 0.221 0.119 0.968
vn 0.142 0.768 0.624
vn 0.000 1.000 0.000
vn 0.000 -1.000 0.000
vn 0.503 -0.591 0.630
vn 0.622 0.057 0.781
vn 0.619 0.119 0.776
vn 0.399 0.768 0.501
vn 0.000 1.000 0.000
vn 0.000 -1.000 0.000
vn 0.727 -0.591 0.350
vn 0.900 0.057 0.433
vn 0.895 0.119 0.431
vn 0.577 0.768 0.278
vn 0.000 1.000 0.000
vn 0.000 -1.000 0.000
vn 0.806 -0.591 0.000
vn 0.998 0.057 0.000
vn 0.993 0.119 0.000
vn 0.640 0.768 0.000
vn 0.000 1.000 0.000
v 0.1055 0.0500 -0.0095
v 0.1037 0.0498 -0.0113
v 0.1019 0.0500 -0.0095
v 0.1037 0.0502 -0.0077
v 0.1055 0.0500 -0.0095
v 0.1034 0.1300 -0.0164
v 0.1016 0.1298 -0.0182
v 0.0998 0.1300 -0.0164
v 0.1016 0.1302 -0.0146
v 0.1034 0.1300 -0.0164
v 0.1014 0.0498 -0.0024
v 0.0996 0.0501 -0.0042
v 0.0978 0.0502 -0.0023
v 0.0996 0.0499 -0.0006
v 0.1014 0.0498 -0.0024
v 0.1097 0.1298 0.0036
v 0.1080 0.1301 0.0019
v 0.1062 0.1302 0.0037
v 0.1080 0.1299 0.0054
v 0.1097 0.1298 0.0036
v 0.1182 0.0500 -0.0067
v 0.1164 0.0499 -0.0085
v 0.1146 0.0500 -0.0067
v 0.1164 0.0501 -0.0049
v 0.1182 0.0500 -0.0067
v 0.1189 0.1300 -0.0111
v 0.1171 0.1299 -0.0129
v 0.1153 0.1300 -0.0111
v 0.1171 0.1301 -0.0093
v 0.1189 0.1300 -0.0111
v 0.1039 0.0501 -0.0094
v 0.1021 0.0502 -0.0112
v 0.1003 0.0499 -0.0095
v 0.1021 0.0498 -0.0077
v 0.1039 0.0501 -0.0094
v 0.0982 0.1301 -0.0009
v 0.0964 0.1302 -0.0027
v 0.0946 0.1299 -0.0009
v 0.0964 0.1298 0.0009
v 0.0982 0.1301 -0.0009
vt 0.0000 0.0000
vt 0.0000 0.0028
vt 0.0000 0.0057
vt 0.0000 0.0085
vt 0.0000 0.0113
vt 0.0803 0.0000
vt 0.0803 0.0028
vt 0.0803 0.0057
vt 0.0803 0.0085
vt 0.0803 0.0113
vt 0.0000 0.0000
vt 0.0000 0.0028
vt 0.0000 0.0057
vt 0.0000 0.0085
vt 0.0000 0.0113
vt 0.0807 0.0000
vt 0.0807 0.0028
vt 0.0807 0.0057
vt 0.0807 0.0085
vt 0.0807 0.0113
vt 0.0000 0.0000
vt 0.0000 0.0028
vt 0.0000 0.0057
vt 0.0000 0.0085
vt 0.0000 0.0113
vt 0.0801 0.0000
vt 0.0801 0.0028
vt 0.0801 0.0057
vt 0.0801 0.0085
vt 0.0801 0.0113
vt 0.0000 0.0000
vt 0.0000 0.0028
vt 0.0000 0.0057
vt 0.0000 0.0085
vt 0.0000 0.0113
vt 0.0807 0.0000
vt 0.0807 0.0028
vt 0.0807 0.0057
vt 0.0807 0.0085
vt 0.0807 0.0113
vn 1.000 0.026 -0.002
vn 0.000 -0.086 -0.996
vn -1.000 -0.026 0.002
vn -0.000 0.086 0.996
vn 1.000 0.026 -0.002
vn 1.000 0.026 -0.002
vn 0.000 -0.086 -0.996
vn -1.000 -0.026 0.002
vn -0.000 0.086 0.996
vn 1.000 0.026 -0.002
vn 0.995 -0.103 -0.008
vn 0.000 0.075 -0.997
vn -0.995 0.103 0.008
vn -0.000 -0.075 0.997
vn 0.995 -0.103 -0.008
vn 0.995 -0.103 -0.008
vn 0.000 0.075 -0.997
vn -0.995 0.103 0.008
vn -0.000 -0.075 0.997
vn 0.995 -0.103 -0.008
vn 1.000 -0.009 0.001
vn 0.000 -0.056 -0.998
vn -1.000 0.009 -0.001
vn -0.000 0.056 0.998
vn 1.000 -0.009 0.001
vn 1.000 -0.009 0.001
vn 0.000 -0.056 -0.998
vn -1.000 0.009 -0.001
vn -0.000 0.056 0.998
vn 1.000 -0.009 0.001
vn 0.997 0.070 0.008
vn 0.000 0.106 -0.994
vn -0.997 -0.070 -0.008
vn -0.000 -0.106 0.994
vn 0.997 0.070 0.008
vn 0.997 0.070 0.008
vn 0.000 0.106 -0.994
vn -0.997 -0.070 -0.008
vn -0.000 -0.106 0.994
vn 0.997 0.070 0.008
v 0.1723 0.0990 0.0000
v 0.1700 0.1000 -0.0025
v 0.1677 0.1010 -0.0000
v 0.1700 0.1000 0.0025
v 0.1723 0.0990 0.0000
v 0.1973 0.1590 0.0000
v 0.1950 0.1600 -0.0025
v 0.1927 0.1610 -0.0000
v 0.1950 0.1600 0.0025
v 0.1973 0.1590 0.0000
v 0.1700 0.1000 0.0000
v 0.1723 0.0990 0.0000
v 0.1700 0.1000 -0.0025
v 0.1677 0.1010 -0.0000
v 0.1700 0.1000 0.0025
v 0.1950 0.1600 0.0000
v 0.1973 0.1590 0.0000
v 0.1950 0.1600 -0.0025
v 0.1927 0.1610 -0.0000
v 0.1950 0.1600 0.0025
v 0.1725 0.0998 -0.0001
v 0.1700 0.1007 -0.0024
v 0.1675 0.1002 0.0001
v 0.1700 0.0993 0.0024
v 0.1725 0.0998 -0.0001
v 0.1802 0.1798 0.0237
v 0.1777 0.1807 0.0214
v 0.1752 0.1802 0.0238
v 0.1777 0.1793 0.0262
v 0.1802 0.1798 0.0237
v 0.1700 0.1000 0.0000
v 0.1725 0.0998 -0.0001
v 0.1700 0.1007 -0.0024
v 0.1675 0.1002 0.0001
v 0.1700 0.0993 0.0024
v 0.1777 0.1800 0.0238
v 0.1802 0.1798 0.0237
v 0.1777 0.1807 0.0214
v 0.1752 0.1802 0.0238
v 0.1777 0.1793 0.0262
v 0.1724 0.1008 0.0002
v 0.1700 0.1006 -0.0024
v 0.1676 0.0992 -0.0002
v 0.1700 0.0994 0.0024
v 0.1724 0.1008 0.0002
v 0.1522 0.1608 0.0149
v 0.1498 0.1606 0.0123
v 0.1474 0.1592 0.0145
v 0.1498 0.1594 0.0171
v 0.1522 0.1608 0.0149
v 0.1700 0.1000 0.0000
v 0.1724 0.1008 0.0002
v 0.1700 0.1006 -0.0024
v 0.1676 0.0992 -0.0002
v 0.1700 0.0994 0.0024
v 0.1498 0.1600 0.0147
v 0.1522 0.1608 0.0149
v 0.1498 0.1606 0.0123
v 0.1474 0.1592 0.0145
v 0.1498 0.1594 0.0171
v 0.1724 0.1006 -0.0001
v 0.1700 0.0995 -0.0025
v 0.1676 0.0994 0.0001
v 0.1700 0.1005 0.0025
v 0.1724 0.1006 -0.0001
v 0.1522 0.1806 -0.0148
v 0.1498 0.1795 -0.0172
v 0.1473 0.1794 -0.0146
v 0.1498 0.1805 -0.0122
v 0.1522 0.1806 -0.0148
v 0.1700 0.1000 0.0000
v 0.1724 0.1006 -0.0001
v 0.1700 0.0995 -0.0025
v 0.1676 0.0994 0.0001
v 0.1700 0.1005 0.0025
v 0.1498 0.1800 -0.0147
v 0.1522 0.1806 -0.0148
v 0.1498 0.1795 -0.0172
v 0.1473 0.1794 -0.0146
v 0.1498 0.1805 -0.0122
v 0.1725 0.0997 0.0001
v 0.1700 0.0991 -0.0023
v 0.1675 0.1003 -0.0001
v 0.1700 0.1009 0.0023
v 0.1725 0.0997 0.0001
v 0.1802 0.1597 -0.0237
v 0.1777 0.1591 -0.0261
v 0.1752 0.1603 -0.0239
v 0.1777 0.1609 -0.0215
v 0.1802 0.1597 -0.0237
v 0.1700 0.1000 0.0000
v 0.1725 0.0997 0.0001
v 0.1700 0.0991 -0.0023
v 0.1675 0.1003 -0.0001
v 0.1700 0.1009 0.0023
v 0.1777 0.1600 -0.0238
v 0.1802 0.1597 -0.0237
v 0.1777 0.1591 -0.0261
v 0.1752 0.1603 -0.0239
v 0.1777 0.1609 -0.0215
vt 0.0000 0.0000
vt 0.0000 0.0039
vt 0.0000 0.0079
vt 0.0000 0.0118
vt 0.0000 0.0157
vt 0.0650 0.0000
vt 0.0650 0.0039
vt 0.0650 0.0079
vt 0.0650 0.0118
vt 0.0650 0.0157
vt 0.0000 0.0000
vt 0.0025 0.0000
vt 0.0000 0.0025
vt -0.0025 0.0000
vt -0.0000 -0.0025
vt 0.0000 0.0000
vt 0.0025 0.0000
vt 0.0000 0.0025
vt -0.0025 0.0000
vt -0.0000 -0.0025
vt 0.0000 0.0000
vt 0.0000 0.0039
vt 0.0000 0.0079
vt 0.0000 0.0118
vt 0.0000 0.0157
vt 0.0838 0.0000
vt 0.0838 0.0039
vt 0.0838 0.0079
vt 0.0838 0.0118
vt 0.0838 0.0157
vt 0.0000 0.0000
vt 0.0025 0.0000
vt 0.0000 0.0025
vt -0.0025 0.0000
vt -0.0000 -0.0025
vt 0.0000 0.0000
vt 0.0025 0.0000
vt 0.0000 0.0025
vt -0.0025 0.0000
vt -0.0000 -0.0025
vt 0.0000 0.0000
vt 0.0000 0.0039
vt 0.0000 0.0079
vt 0.0000 0.0118
vt 0.0000 0.0157
vt 0.0650 0.0000
vt 0.0650 0.0039
vt 0.0650 0.0079
vt 0.0650 0.0118
vt 0.0650 0.0157
vt 0.0000 0.0000
vt 0.0025 0.0000
vt 0.0000 0.0025
vt -0.0025 0.0000
vt -0.0000 -0.0025
vt 0.0000 0.0000
vt 0.0025 0.0000
vt 0.0000 0.0025
vt -0.0025 0.0000
vt -0.0000 -0.0025
vt 0.0000 0.0000
vt 0.0000 0.0039
vt 0.0000 0.0079
vt 0.0000 0.0118
vt 0.0000 0.0157
vt 0.0838 0.0000
vt 0.0838 0.0039
vt 0.0838 0.0079
vt 0.0838 0.0118
vt 0.0838 0.0157
vt 0.0000 0.0000
vt 0.0025 0.0000
vt 0.0000 0.0025
vt -0.0025 0.0000
vt -0.0000 -0.0025
vt 0.0000 0.0000
vt 0.0025 0.0000
vt 0.0000 0.0025
vt -0.0025 0.0000
vt -0.0000 -0.0025
vt 0.0000 0.0000
vt 0.0000 0.0039
vt 0.0000 0.0079
vt 0.0000 0.0118
vt 0.0000 0.0157
vt 0.0650 0.0000
vt 0.0650 0.0039
vt 0.0650 0.0079
vt 0.0650 0.0118
vt 0.0650 0.0157
vt 0.0000 0.0000
vt 0.0025 0.0000
vt 0.0000 0.0025
vt -0.0025 0.0000
vt -0.0000 -0.0025
vt 0.0000 0.0000
vt 0.0025 0.0000
vt 0.0000 0.0025
vt -0.0025 0.0000
vt -0.0000 -0.0025
vn 0.923 -0.385 0.000
vn 0.000 -0.000 -1.000
vn -0.923 0.385 -0.000
vn -0.000 0.000 1.000
vn 0.923 -0.385 0.000
vn 0.923 -0.385 0.000
vn 0.000 -0.000 -1.000
vn -0.923 0.385 -0.000
vn -0.000 0.000 1.000
vn 0.923 -0.385 0.000
vn -0.385 -0.923 -0.000
vn -0.385 -0.923 -0.000
vn -0.385 -0.923 -0.000
vn -0.385 -0.923 -0.000
vn -0.385 -0.923 -0.000
vn 0.385 0.923 0.000
vn 0.385 0.923 0.000
vn 0.385 0.923 0.000
vn 0.385 0.923 0.000
vn 0.385 0.923 0.000
vn 0.996 -0.088 -0.026
vn 0.000 0.285 -0.959
vn -0.996 0.088 0.026
vn -0.000 -0.285 0.959
vn 0.996 -0.088 -0.026
vn 0.996 -0.088 -0.026
vn 0.000 0.285 -0.959
vn -0.996 0.088 0.026
vn -0.000 -0.285 0.959
vn 0.996 -0.088 -0.026
vn -0.092 -0.954 -0.284
vn -0.092 -0.954 -0.284
vn -0.092 -0.954 -0.284
vn -0.092 -0.954 -0.284
vn -0.092 -0.954 -0.284
vn 0.092 0.954 0.284
vn 0.092 0.954 0.284
vn 0.092 0.954 0.284
vn 0.092 0.954 0.284
vn 0.092 0.954 0.284
vn 0.950 0.302 0.074
vn 0.000 0.238 -0.971
vn -0.950 -0.302 -0.074
vn -0.000 -0.238 0.971
vn 0.950 0.302 0.074
vn 0.950 0.302 0.074
vn 0.000 0.238 -0.971
vn -0.950 -0.302 -0.074
vn -0.000 -0.238 0.971
vn 0.950 0.302 0.074
vn 0.311 -0.923 -0.226
vn 0.311 -0.923 -0.226
vn 0.311 -0.923 -0.226
vn 0.311 -0.923 -0.226
vn 0.311 -0.923 -0.226
vn -0.311 0.923 0.226
vn -0.311 0.923 0.226
vn -0.311 0.923 0.226
vn -0.311 0.923 0.226
vn -0.311 0.923 0.226
vn 0.970 0.237 -0.044
vn 0.000 -0.181 -0.984
vn -0.970 -0.237 0.044
vn -0.000 0.181 0.984
vn 0.970 0.237 -0.044
vn 0.970 0.237 -0.044
vn 0.000 -0.181 -0.984
vn -0.970 -0.237 0.044
vn -0.000 0.181 0.984
vn 0.970 0.237 -0.044
vn 0.241 -0.954 0.175
vn 0.241 -0.954 0.175
vn 0.241 -0.954 0.175
vn 0.241 -0.954 0.175
vn 0.241 -0.954 0.175
vn -0.241 0.954 -0.175
vn -0.241 0.954 -0.175
vn -0.241 0.954 -0.175
vn -0.241 0.954 -0.175
vn -0.241 0.954 -0.175
vn 0.993 -0.110 0.044
vn 0.000 -0.368 -0.930
vn -0.993 0.110 -0.044
vn -0.000 0.368 0.930
vn 0.993 -0.110 0.044
vn 0.993 -0.110 0.044
vn 0.000 -0.368 -0.930
vn -0.993 0.110 -0.044
vn -0.000 0.368 0.930
vn 0.993 -0.110 0.044
vn -0.119 -0.923 0.366
vn -0.119 -0.923 0.366
vn -0.119 -0.923 0.366
vn -0.119 -0.923 0.366
vn -0.119 -0.923 0.366
vn 0.119 0.923 -0.366
vn 0.119 0.923 -0.366
vn 0.119 0.923 -0.366
vn 0.119 0.923 -0.366
vn 0.119 0.923 -0.366
v 0.2040 0.1618 0.0000
v 0.2040 0.1618 0.0000
v 0.2040 0.1618 0.0000
v 0.2040 0.1618 -0.0000
v 0.2040 0.1618 -0.0000
v 0.2040 0.1618 -0.0000
v 0.2040 0.1618 -0.0000
v 0.2040 0.1618 0.0000
v 0.2040 0.1618 0.0000
v 0.2040 0.1627 0.0038
v 0.2090 0.1627 0.0027
v 0.2110 0.1627 0.0000
v 0.2090 0.1627 -0.0027
v 0.2040 0.1627 -0.0038
v 0.1991 0.1627 -0.0027
v 0.1970 0.1627 -0.0000
v 0.1991 0.1627 0.0027
v 0.2040 0.1627 0.0038
v 0.2040 0.1650 0.0054
v 0.2110 0.1650 0.0038
v 0.2139 0.1650 0.0000
v 0.2110 0.1650 -0.0038
v 0.2040 0.1650 -0.0054
v 0.1970 0.1650 -0.0038
v 0.1941 0.1650 -0.0000
v 0.1970 0.1650 0.0038
v 0.2040 0.1650 0.0054
v 0.2040 0.1673 0.0038
v 0.2090 0.1673 0.0027
v 0.2110 0.1673 0.0000
v 0.2090 0.1673 -0.0027
v 0.2040 0.1673 -0.0038
v 0.1991 0.1673 -0.0027
v 0.1970 0.1673 -0.0000
v 0.1991 0.1673 0.0027
v 0.2040 0.1673 0.0038
v 0.2040 0.1682 0.0000
v 0.2040 0.1682 0.0000
v 0.2040 0.1682 0.0000
v 0.2040 0.1682 -0.0000
v 0.2040 0.1682 -0.0000
v 0.2040 0.1682 -0.0000
v 0.2040 0.1682 -0.0000
v 0.2040 0.1682 0.0000
v 0.2040 0.1682 0.0000
v 0.1978 0.1618 0.0086
v 0.1978 0.1618 0.0086
v 0.1978 0.1618 0.0086
v 0.1978 0.1618 0.0086
v 0.1978 0.1618 0.0086
v 0.1978 0.1618 0.0086
v 0.1978 0.1618 0.0086
v 0.1978 0.1618 0.0086
v 0.1978 0.1618 0.0086
v 0.1941 0.1627 0.0097
v 0.1967 0.1627 0.0141
v 0.1999 0.1627 0.0152
v 0.2019 0.1627 0.0124
v 0.2014 0.1627 0.0074
v 0.1988 0.1627 0.0030
v 0.1956 0.1627 0.0019
v 0.1937 0.1627 0.0047
v 0.1941 0.1627 0.0097
v 0.1926 0.1650 0.0102
v 0.1963 0.1650 0.0164
v 0.2008 0.1650 0.0180
v 0.2036 0.1650 0.0140
v 0.2029 0.1650 0.0069
v 0.1992 0.1650 0.0007
v 0.1947 0.1650 -0.0009
v 0.1920 0.1650 0.0031
v 0.1926 0.1650 0.0102
v 0.1941 0.1673 0.0097
v 0.1967 0.1673 0.0141
v 0.1999 0.1673 0.0152
v 0.2019 0.1673 0.0124
v 0.2014 0.1673 0.0074
v 0.1988 0.1673 0.0030
v 0.1956 0.1673 0.0019
v 0.1937 0.1673 0.0047
v 0.1941 0.1673 0.0097
v 0.1978 0.1682 0.0086
v 0.1978 0.1682 0.0086
v 0.1978 0.1682 0.0086
v 0.1978 0.1682 0.0086
v 0.1978 0.1682 0.0086
v 0.1978 0.1682 0.0086
v 0.1978 0.1682 0.0086
v 0.1978 0.1682 0.0086
v 0.1978 0.1682 0.0086
v 0.1877 0.1618 0.0053
v 0.1877 0.1618 0.0053
v 0.1877 0.1618 0.0053
v 0.1877 0.1618 0.0053
v 0.1877 0.1618 0.0053
v 0.1877 0.1618 0.0053
v 0.1877 0.1618 0.0053
v 0.1877 0.1618 0.0053
v 0.1877 0.1618 0.0053
v 0.1855 0.1627 0.0022
v 0.1821 0.1627 0.0060
v 0.1821 0.1627 0.0094
v 0.1853 0.1627 0.0104
v 0.1900 0.1627 0.0084
v 0.1933 0.1627 0.0046
v 0.1934 0.1627 0.0012
v 0.1901 0.1627 0.0002
v 0.1855 0.1627 0.0022
v 0.1845 0.1650 0.0009
v 0.1798 0.1650 0.0063
v 0.1797 0.1650 0.0111
v 0.1843 0.1650 0.0125
v 0.1909 0.1650 0.0097
v 0.1956 0.1650 0.0043
v 0.1957 0.1650 -0.0005
v 0.1911 0.1650 -0.0019
v 0.1845 0.1650 0.0009
v 0.1855 0.1673 0.0022
v 0.1821 0.1673 0.0060
v 0.1821 0.1673 0.0094
v 0.1853 0.1673 0.0104
v 0.1900 0.1673 0.0084
v 0.1933 0.1673 0.0046
v 0.1934 0.1673 0.0012
v 0.1901 0.1673 0.0002
v 0.1855 0.1673 0.0022
v 0.1877 0.1682 0.0053
v 0.1877 0.1682 0.0053
v 0.1877 0.1682 0.0053
v 0.1877 0.1682 0.0053
v 0.1877 0.1682 0.0053
v 0.1877 0.1682 0.0053
v 0.1877 0.1682 0.0053
v 0.1877 0.1682 0.0053
v 0.1877 0.1682 0.0053
v 0.1877 0.1618 -0.0053
v 0.1877 0.1618 -0.0053
v 0.1877 0.1618 -0.0053
v 0.1877 0.1618 -0.0053
v 0.1877 0.1618 -0.0053
v 0.1877 0.1618 -0.0053
v 0.1877 0.1618 -0.0053
v 0.1877 0.1618 -0.0053
v 0.1877 0.1618 -0.0053
v 0.1900 0.1627 -0.0084
v 0.1853 0.1627 -0.0104
v 0.1821 0.1627 -0.0094
v 0.1821 0.1627 -0.0060
v 0.1855 0.1627 -0.0022
v 0.1901 0.1627 -0.0002
v 0.1934 0.1627 -0.0012
v 0.1933 0.1627 -0.0046
v 0.1900 0.1627 -0.0084
v 0.1909 0.1650 -0.0097
v 0.1843 0.1650 -0.0125
v 0.1797 0.1650 -0.0111
v 0.1798 0.1650 -0.0063
v 0.1845 0.1650 -0.0009
v 0.1911 0.1650 0.0019
v 0.1957 0.1650 0.0005
v 0.1956 0.1650 -0.0043
v 0.1909 0.1650 -0.0097
v 0.1900 0.1673 -0.0084
v 0.1853 0.1673 -0.0104
v 0.1821 0.1673 -0.0094
v 0.1821 0.1673 -0.0060
v 0.1855 0.1673 -0.0022
v 0.1901 0.1673 -0.0002
v 0.1934 0.1673 -0.0012
v 0.1933 0.1673 -0.0046
v 0.1900 0.1673 -0.0084
v 0.1877 0.1682 -0.0053
v 0.1877 0.1682 -0.0053
v 0.1877 0.1682 -0.0053
v 0.1877 0.1682 -0.0053
v 0.1877 0.1682 -0.0053
v 0.1877 0.1682 -0.0053
v 0.1877 0.1682 -0.0053
v 0.1877 0.1682 -0.0053
v 0.1877 0.1682 -0.0053
v 0.1978 0.1618 -0.0086
v 0.1978 0.1618 -0.0086
v 0.1978 0.1618 -0.0086
v 0.1978 0.1618 -0.0086
v 0.1978 0.1618 -0.0086
v 0.1978 0.1618 -0.0086
v 0.1978 0.1618 -0.0086
v 0.1978 0.1618 -0.0086
v 0.1978 0.1618 -0.0086
v 0.2014 0.1627 -0.0074
v 0.2019 0.1627 -0.0124
v 0.1999 0.1627 -0.0152
v 0.1967 0.1627 -0.0141
v 0.1941 0.1627 -0.0097
v 0.1937 0.1627 -0.0047
v 0.1956 0.1627 -0.0019
v 0.1988 0.1627 -0.0030
v 0.2014 0.1627 -0.0074
v 0.2029 0.1650 -0.0069
v 0.2036 0.1650 -0.0140
v 0.2008 0.1650 -0.0180
v 0.1963 0.1650 -0.0164
v 0.1926 0.1650 -0.0102
v 0.1920 0.1650 -0.0031
v 0.1947 0.1650 0.0009
v 0.1992 0.1650 -0.0007
v 0.2029 0.1650 -0.0069
v 0.2014 0.1673 -0.0074
v 0.2019 0.1673 -0.0124
v 0.1999 0.1673 -0.0152
v 0.1967 0.1673 -0.0141
v 0.1941 0.1673 -0.0097
v 0.1937 0.1673 -0.0047
v 0.1956 0.1673 -0.0019
v 0.1988 0.1673 -0.0030
v 0.2014 0.1673 -0.0074
v 0.1978 0.1682 -0.0086
v 0.1978 0.1682 -0.0086
v 0.1978 0.1682 -0.0086
v 0.1978 0.1682 -0.0086
v 0.1978 0.1682 -0.0086
v 0.1978 0.1682 -0.0086
v 0.1978 0.1682 -0.0086
v 0.1978 0.1682 -0.0086
v 0.1978 0.1682 -0.0086
v 0.1950 0.1614 0.0000
v 0.1950 0.1614 0.0000
v 0.1950 0.1614 -0.0000
v 0.1950 0.1614 -0.0000
v 0.1950 0.1614 -0.0000
v 0.1950 0.1614 0.0000
v 0.1950 0.1614 0.0000
v 0.1950 0.1625 0.0032
v 0.1978 0.1625 0.0016
v 0.1978 0.1625 -0.0016
v 0.1950 0.1625 -0.0032
v 0.1922 0.1625 -0.0016
v 0.1922 0.1625 0.0016
v 0.1950 0.1625 0.0032
v 0.1950 0.1650 0.0045
v 0.1989 0.1650 0.0023
v 0.1989 0.1650 -0.0022
v 0.1950 0.1650 -0.0045
v 0.1911 0.1650 -0.0023
v 0.1911 0.1650 0.0023
v 0.1950 0.1650 0.0045
v 0.1950 0.1675 0.0032
v 0.1978 0.1675 0.0016
v 0.1978 0.1675 -0.0016
v 0.1950 0.1675 -0.0032
v 0.1922 0.1675 -0.0016
v 0.1922 0.1675 0.0016
v 0.1950 0.1675 0.0032
v 0.1950 0.1686 0.0000
v 0.1950 0.1686 0.0000
v 0.1950 0.1686 -0.0000
v 0.1950 0.1686 -0.0000
v 0.1950 0.1686 -0.0000
v 0.1950 0.1686 0.0000
v 0.1950 0.1686 0.0000
v 0.1867 0.1818 0.0238
v 0.1867 0.1818 0.0238
v 0.1867 0.1818 0.0238
v 0.1867 0.1818 0.0238
v 0.1867 0.1818 0.0238
v 0.1867 0.1818 0.0238
v 0.1867 0.1818 0.0238
v 0.1867 0.1818 0.0238
v 0.1867 0.1818 0.0238
v 0.1867 0.1827 0.0276
v 0.1917 0.1827 0.0265
v 0.1937 0.1827 0.0238
v 0.1917 0.1827 0.0211
v 0.1867 0.1827 0.0200
v 0.1818 0.1827 0.0211
v 0.1797 0.1827 0.0238
v 0.1818 0.1827 0.0265
v 0.1867 0.1827 0.0276
v 0.1867 0.1850 0.0292
v 0.1937 0.1850 0.0276
v 0.1966 0.1850 0.0238
v 0.1937 0.1850 0.0200
v 0.1867 0.1850 0.0184
v 0.1797 0.1850 0.0200
v 0.1768 0.1850 0.0238
v 0.1797 0.1850 0.0276
v 0.1867 0.1850 0.0292
v 0.1867 0.1873 0.0276
v 0.1917 0.1873 0.0265
v 0.1937 0.1873 0.0238
v 0.1917 0.1873 0.0211
v 0.1867 0.1873 0.0200
v 0.1818 0.1873 0.0211
v 0.1797 0.1873 0.0238
v 0.1818 0.1873 0.0265
v 0.1867 0.1873 0.0276
v 0.1867 0.1882 0.0238
v 0.1867 0.1882 0.0238
v 0.1867 0.1882 0.0238
v 0.1867 0.1882 0.0238
v 0.1867 0.1882 0.0238
v 0.1867 0.1882 0.0238
v 0.1867 0.1882 0.0238
v 0.1867 0.1882 0.0238
v 0.1867 0.1882 0.0238
v 0.1805 0.1818 0.0323
v 0.1805 0.1818 0.0323
v 0.1805 0.1818 0.0323
v 0.1805 0.1818 0.0323
v 0.1805 0.1818 0.0323
v 0.1805 0.1818 0.0323
v 0.1805 0.1818 0.0323
v 0.1805 0.1818 0.0323
v 0.1805 0.1818 0.0323
v 0.1769 0.1827 0.0335
v 0.1795 0.1827 0.0379
v 0.1827 0.1827 0.0390
v 0.1846 0.1827 0.0362
v 0.1841 0.1827 0.0312
v 0.1815 0.1827 0.0268
v 0.1783 0.1827 0.0257
v 0.1764 0.1827 0.0285
v 0.1769 0.1827 0.0335
v 0.1754 0.1850 0.0340
v 0.1790 0.1850 0.0402
v 0.1836 0.1850 0.0418
v 0.1863 0.1850 0.0378
v 0.1856 0.1850 0.0307
v 0.1820 0.1850 0.0245
v 0.1774 0.1850 0.0229
v 0.1747 0.1850 0.0269
v 0.1754 0.1850 0.0340
v 0.1769 0.1873 0.0335
v 0.1795 0.1873 0.0379
v 0.1827 0.1873 0.0390
v 0.1846 0.1873 0.0362
v 0.1841 0.1873 0.0312
v 0.1815 0.1873 0.0268
v 0.1783 0.1873 0.0257
v 0.1764 0.1873 0.0285
v 0.1769 0.1873 0.0335
v 0.1805 0.1882 0.0323
v 0.1805 0.1882 0.0323
v 0.1805 0.1882 0.0323
v 0.1805 0.1882 0.0323
v 0.1805 0.1882 0.0323
v 0.1805 0.1882 0.0323
v 0.1805 0.1882 0.0323
v 0.1805 0.1882 0.0323
v 0.1805 0.1882 0.0323
v 0.1704 0.1818 0.0291
v 0.1704 0.1818 0.0291
v 0.1704 0.1818 0.0291
v 0.1704 0.1818 0.0291
v 0.1704 0.1818 0.0291
v 0.1704 0.1818 0.0291
v 0.1704 0.1818 0.0291
v 0.1704 0.1818 0.0291
v 0.1704 0.1818 0.0291
v 0.1682 0.1827 0.0260
v 0.1649 0.1827 0.0298
v 0.1648 0.1827 0.0332
v 0.1680 0.1827 0.0342
v 0.1727 0.1827 0.0322
v 0.1760 0.1827 0.0283
v 0.1761 0.1827 0.0250
v 0.1729 0.1827 0.0240
v 0.1682 0.1827 0.0260
v 0.1673 0.1850 0.0247
v 0.1625 0.1850 0.0301
v 0.1624 0.1850 0.0349
v 0.1670 0.1850 0.0363
v 0.1736 0.1850 0.0334
v 0.1784 0.1850 0.0280
v 0.1785 0.1850 0.0232
v 0.1739 0.1850 0.0219
v 0.1673 0.1850 0.0247
v 0.1682 0.1873 0.0260
v 0.1649 0.1873 0.0298
v 0.1648 0.1873 0.0332
v 0.1680 0.1873 0.0342
v 0.1727 0.1873 0.0322
v 0.1760 0.1873 0.0283
v 0.1761 0.1873 0.0250
v 0.1729 0.1873 0.0240
v 0.1682 0.1873 0.0260
v 0.1704 0.1882 0.0291
v 0.1704 0.1882 0.0291
v 0.1704 0.1882 0.0291
v 0.1704 0.1882 0.0291
v 0.1704 0.1882 0.0291
v 0.1704 0.1882 0.0291
v 0.1704 0.1882 0.0291
v 0.1704 0.1882 0.0291
v 0.1704 0.1882 0.0291
v 0.1704 0.1818 0.0185
v 0.1704 0.1818 0.0185
v 0.1704 0.1818 0.0185
v 0.1704 0.1818 0.0185
v 0.1704 0.1818 0.0185
v 0.1704 0.1818 0.0185
v 0.1704 0.1818 0.0185
v 0.1704 0.1818 0.0185
v 0.1704 0.1818 0.0185
v 0.1727 0.1827 0.0154
v 0.1680 0.1827 0.0134
v 0.1648 0.1827 0.0144
v 0.1649 0.1827 0.0178
v 0.1682 0.1827 0.0216
v 0.1729 0.1827 0.0236
v 0.1761 0.1827 0.0226
v 0.1760 0.1827 0.0192
v 0.1727 0.1827 0.0154
v 0.1736 0.1850 0.0141
v 0.1670 0.1850 0.0113
v 0.1624 0.1850 0.0127
v 0.1625 0.1850 0.0175
v 0.1673 0.1850 0.0229
v 0.1739 0.1850 0.0257
v 0.1785 0.1850 0.0243
v 0.1784 0.1850 0.0195
v 0.1736 0.1850 0.0141
v 0.1727 0.1873 0.0154
v 0.1680 0.1873 0.0134
v 0.1648 0.1873 0.0144
v 0.1649 0.1873 0.0178
v 0.1682 0.1873 0.0216
v 0.1729 0.1873 0.0236
v 0.1761 0.1873 0.0226
v 0.1760 0.1873 0.0192
v 0.1727 0.1873 0.0154
v 0.1704 0.1882 0.0185
v 0.1704 0.1882 0.0185
v 0.1704 0.1882 0.0185
v 0.1704 0.1882 0.0185
v 0.1704 0.1882 0.0185
v 0.1704 0.1882 0.0185
v 0.1704 0.1882 0.0185
v 0.1704 0.1882 0.0185
v 0.1704 0.1882 0.0185
v 0.1805 0.1818 0.0152
v 0.1805 0.1818 0.0152
v 0.1805 0.1818 0.0152
v 0.1805 0.1818 0.0152
v 0.1805 0.1818 0.0152
v 0.1805 0.1818 0.0152
v 0.1805 0.1818 0.0152
v 0.1805 0.1818 0.0152
v 0.1805 0.1818 0.0152
v 0.1841 0.1827 0.0164
v 0.1846 0.1827 0.0113
v 0.1827 0.1827 0.0086
v 0.1795 0.1827 0.0097
v 0.1769 0.1827 0.0140
v 0.1764 0.1827 0.0191
v 0.1783 0.1827 0.0219
v 0.1815 0.1827 0.0208
v 0.1841 0.1827 0.0164
v 0.1856 0.1850 0.0169
v 0.1863 0.1850 0.0097
v 0.1836 0.1850 0.0058
v 0.1790 0.1850 0.0074
v 0.1754 0.1850 0.0135
v 0.1747 0.1850 0.0207
v 0.1774 0.1850 0.0246
v 0.1820 0.1850 0.0231
v 0.1856 0.1850 0.0169
v 0.1841 0.1873 0.0164
v 0.1846 0.1873 0.0113
v 0.1827 0.1873 0.0086
v 0.1795 0.1873 0.0097
v 0.1769 0.1873 0.0140
v 0.1764 0.1873 0.0191
v 0.1783 0.1873 0.0219
v 0.1815 0.1873 0.0208
v 0.1841 0.1873 0.0164
v 0.1805 0.1882 0.0152
v 0.1805 0.1882 0.0152
v 0.1805 0.1882 0.0152
v 0.1805 0.1882 0.0152
v 0.1805 0.1882 0.0152
v 0.1805 0.1882 0.0152
v 0.1805 0.1882 0.0152
v 0.1805 0.1882 0.0152
v 0.1805 0.1882 0.0152
v 0.1777 0.1814 0.0238
v 0.1777 0.1814 0.0238
v 0.1777 0.1814 0.0238
v 0.1777 0.1814 0.0238
v 0.1777 0.1814 0.0238
v 0.1777 0.1814 0.0238
v 0.1777 0.1814 0.0238
v 0.1777 0.1825 0.0270
v 0.1805 0.1825 0.0254
v 0.1805 0.1825 0.0222
v 0.1777 0.1825 0.0206
v 0.1750 0.1825 0.0222
v 0.1750 0.1825 0.0254
v 0.1777 0.1825 0.0270
v 0.1777 0.1850 0.0283
v 0.1816 0.1850 0.0260
v 0.1816 0.1850 0.0215
v 0.1777 0.1850 0.0193
v 0.1738 0.1850 0.0215
v 0.1738 0.1850 0.0260
v 0.1777 0.1850 0.0283
v 0.1777 0.1875 0.0270
v 0.1805 0.1875 0.0254
v 0.1805 0.1875 0.0222
v 0.1777 0.1875 0.0206
v 0.1750 0.1875 0.0222
v 0.1750 0.1875 0.0254
v 0.1777 0.1875 0.0270
v 0.1777 0.1886 0.0238
v 0.1777 0.1886 0.0238
v 0.1777 0.1886 0.0238
v 0.1777 0.1886 0.0238
v 0.1777 0.1886 0.0238
v 0.1777 0.1886 0.0238
v 0.1777 0.1886 0.0238
v 0.1588 0.1618 0.0147
v 0.1588 0.1618 0.0147
v 0.1588 0.1618 0.0147
v 0.1588 0.1618 0.0147
v 0.1588 0.1618 0.0147
v 0.1588 0.1618 0.0147
v 0.1588 0.1618 0.0147
v 0.1588 0.1618 0.0147
v 0.1588 0.1618 0.0147
v 0.1588 0.1627 0.0185
v 0.1637 0.1627 0.0174
v 0.1658 0.1627 0.0147
v 0.1637 0.1627 0.0120
v 0.1588 0.1627 0.0109
v 0.1538 0.1627 0.0120
v 0.1518 0.1627 0.0147
v 0.1538 0.1627 0.0174
v 0.1588 0.1627 0.0185
v 0.1588 0.1650 0.0201
v 0.1658 0.1650 0.0185
v 0.1687 0.1650 0.0147
v 0.1658 0.1650 0.0109
v 0.1588 0.1650 0.0093
v 0.1518 0.1650 0.0109
v 0.1489 0.1650 0.0147
v 0.1518 0.1650 0.0185
v 0.1588 0.1650 0.0201
v 0.1588 0.1673 0.0185
v 0.1637 0.1673 0.0174
v 0.1658 0.1673 0.0147
v 0.1637 0.1673 0.0120
v 0.1588 0.1673 0.0109
v 0.1538 0.1673 0.0120
v 0.1518 0.1673 0.0147
v 0.1538 0.1673 0.0174
v 0.1588 0.1673 0.0185
v 0.1588 0.1682 0.0147
v 0.1588 0.1682 0.0147
v 0.1588 0.1682 0.0147
v 0.1588 0.1682 0.0147
v 0.1588 0.1682 0.0147
v 0.1588 0.1682 0.0147
v 0.1588 0.1682 0.0147
v 0.1588 0.1682 0.0147
v 0.1588 0.1682 0.0147
v 0.1526 0.1618 0.0233
v 0.1526 0.1618 0.0233
v 0.1526 0.1618 0.0233
v 0.1526 0.1618 0.0233
v 0.1526 0.1618 0.0233
v 0.1526 0.1618 0.0233
v 0.1526 0.1618 0.0233
v 0.1526 0.1618 0.0233
v 0.1526 0.1618 0.0233
v 0.1489 0.1627 0.0244
v 0.1515 0.1627 0.0288
v 0.1547 0.1627 0.0299
v 0.1567 0.1627 0.0271
v 0.1562 0.1627 0.0221
v 0.1536 0.1627 0.0177
v 0.1504 0.1627 0.0166
v 0.1485 0.1627 0.0194
v 0.1489 0.1627 0.0244
v 0.1474 0.1650 0.0249
v 0.1511 0.1650 0.0311
v 0.1556 0.1650 0.0327
v 0.1584 0.1650 0.0287
v 0.1577 0.1650 0.0216
v 0.1540 0.1650 0.0154
v 0.1495 0.1650 0.0138
v 0.1468 0.1650 0.0178
v 0.1474 0.1650 0.0249
v 0.1489 0.1673 0.0244
v 0.1515 0.1673 0.0288
v 0.1547 0.1673 0.0299
v 0.1567 0.1673 0.0271
v 0.1562 0.1673 0.0221
v 0.1536 0.1673 0.0177
v 0.1504 0.1673 0.0166
v 0.1485 0.1673 0.0194
v 0.1489 0.1673 0.0244
v 0.1526 0.1682 0.0233
v 0.1526 0.1682 0.0233
v 0.1526 0.1682 0.0233
v 0.1526 0.1682 0.0233
v 0.1526 0.1682 0.0233
v 0.1526 0.1682 0.0233
v 0.1526 0.1682 0.0233
v 0.1526 0.1682 0.0233
v 0.1526 0.1682 0.0233
v 0.1425 0.1618 0.0200
v 0.1425 0.1618 0.0200
v 0.1425 0.1618 0.0200
v 0.1425 0.1618 0.0200
v 0.1425 0.1618 0.0200
v 0.1425 0.1618 0.0200
v 0.1425 0.1618 0.0200
v 0.1425 0.1618 0.0200
v 0.1425 0.1618 0.0200
v 0.1402 0.1627 0.0169
v 0.1369 0.1627 0.0207
v 0.1368 0.1627 0.0241
v 0.1401 0.1627 0.0251
v 0.1447 0.1627 0.0231
v 0.1481 0.1627 0.0193
v 0.1482 0.1627 0.0159
v 0.1449 0.1627 0.0149
v 0.1402 0.1627 0.0169
v 0.1393 0.1650 0.0156
v 0.1346 0.1650 0.0210
v 0.1345 0.1650 0.0258
v 0.1391 0.1650 0.0272
v 0.1457 0.1650 0.0244
v 0.1504 0.1650 0.0190
v 0.1505 0.1650 0.0142
v 0.1459 0.1650 0.0128
v 0.1393 0.1650 0.0156
v 0.1402 0.1673 0.0169
v 0.1369 0.1673 0.0207
v 0.1368 0.1673 0.0241
v 0.1401 0.1673 0.0251
v 0.1447 0.1673 0.0231
v 0.1481 0.1673 0.0193
v 0.1482 0.1673 0.0159
v 0.1449 0.1673 0.0149
v 0.1402 0.1673 0.0169
v 0.1425 0.1682 0.0200
v 0.1425 0.1682 0.0200
v 0.1425 0.1682 0.0200
v 0.1425 0.1682 0.0200
v 0.1425 0.1682 0.0200
v 0.1425 0.1682 0.0200
v 0.1425 0.1682 0.0200
v 0.1425 0.1682 0.0200
v 0.1425 0.1682 0.0200
v 0.1425 0.1618 0.0094
v 0.1425 0.1618 0.0094
v 0.1425 0.1618 0.0094
v 0.1425 0.1618 0.0094
v 0.1425 0.1618 0.0094
v 0.1425 0.1618 0.0094
v 0.1425 0.1618 0.0094
v 0.1425 0.1618 0.0094
v 0.1425 0.1618 0.0094
v 0.1447 0.1627 0.0063
v 0.1401 0.1627 0.0043
v 0.1368 0.1627 0.0053
v 0.1369 0.1627 0.0087
v 0.1402 0.1627 0.0125
v 0.1449 0.1627 0.0145
v 0.1482 0.1627 0.0135
v 0.1481 0.1627 0.0101
v 0.1447 0.1627 0.0063
v 0.1457 0.1650 0.0050
v 0.1391 0.1650 0.0022
v 0.1345 0.1650 0.0036
v 0.1346 0.1650 0.0084
v 0.1393 0.1650 0.0138
v 0.1459 0.1650 0.0166
v 0.1505 0.1650 0.0152
v 0.1504 0.1650 0.0104
v 0.1457 0.1650 0.0050
v 0.1447 0.1673 0.0063
v 0.1401 0.1673 0.0043
v 0.1368 0.1673 0.0053
v 0.1369 0.1673 0.0087
v 0.1402 0.1673 0.0125
v 0.1449 0.1673 0.0145
v 0.1482 0.1673 0.0135
v 0.1481 0.1673 0.0101
v 0.1447 0.1673 0.0063
v 0.1425 0.1682 0.0094
v 0.1425 0.1682 0.0094
v 0.1425 0.1682 0.0094
v 0.1425 0.1682 0.0094
v 0.1425 0.1682 0.0094
v 0.1425 0.1682 0.0094
v 0.1425 0.1682 0.0094
v 0.1425 0.1682 0.0094
v 0.1425 0.1682 0.0094
v 0.1526 0.1618 0.0061
v 0.1526 0.1618 0.0061
v 0.1526 0.1618 0.0061
v 0.1526 0.1618 0.0061
v 0.1526 0.1618 0.0061
v 0.1526 0.1618 0.0061
v 0.1526 0.1618 0.0061
v 0.1526 0.1618 0.0061
v 0.1526 0.1618 0.0061
v 0.1562 0.1627 0.0073
v 0.1567 0.1627 0.0023
v 0.1547 0.1627 -0.0005
v 0.1515 0.1627 0.0006
v 0.1489 0.1627 0.0050
v 0.1485 0.1627 0.0100
v 0.1504 0.1627 0.0128
v 0.1536 0.1627 0.0117
v 0.1562 0.1627 0.0073
v 0.1577 0.1650 0.0078
v 0.1584 0.1650 0.0007
v 0.1556 0.1650 -0.0033
v 0.1511 0.1650 -0.0017
v 0.1474 0.1650 0.0045
v 0.1468 0.1650 0.0116
v 0.1495 0.1650 0.0156
v 0.1540 0.1650 0.0140
v 0.1577 0.1650 0.0078
v 0.1562 0.1673 0.0073
v 0.1567 0.1673 0.0023
v 0.1547 0.1673 -0.0005
v 0.1515 0.1673 0.0006
v 0.1489 0.1673 0.0050
v 0.1485 0.1673 0.0100
v 0.1504 0.1673 0.0128
v 0.1536 0.1673 0.0117
v 0.1562 0.1673 0.0073
v 0.1526 0.1682 0.0061
v 0.1526 0.1682 0.0061
v 0.1526 0.1682 0.0061
v 0.1526 0.1682 0.0061
v 0.1526 0.1682 0.0061
v 0.1526 0.1682 0.0061
v 0.1526 0.1682 0.0061
v 0.1526 0.1682 0.0061
v 0.1526 0.1682 0.0061
v 0.1498 0.1614 0.0147
v 0.1498 0.1614 0.0147
v 0.1498 0.1614 0.0147
v 0.1498 0.1614 0.0147
v 0.1498 0.1614 0.0147
v 0.1498 0.1614 0.0147
v 0.1498 0.1614 0.0147
v 0.1498 0.1625 0.0179
v 0.1525 0.1625 0.0163
v 0.1525 0.1625 0.0131
v 0.1498 0.1625 0.0115
v 0.1470 0.1625 0.0131
v 0.1470 0.1625 0.0163
v 0.1498 0.1625 0.0179
v 0.1498 0.1650 0.0192
v 0.1537 0.1650 0.0169
v 0.1537 0.1650 0.0124
v 0.1498 0.1650 0.0102
v 0.1459 0.1650 0.0124
v 0.1459 0.1650 0.0169
v 0.1498 0.1650 0.0192
v 0.1498 0.1675 0.0179
v 0.1525 0.1675 0.0163
v 0.1525 0.1675 0.0131
v 0.1498 0.1675 0.0115
v 0.1470 0.1675 0.0131
v 0.1470 0.1675 0.0163
v 0.1498 0.1675 0.0179
v 0.1498 0.1686 0.0147
v 0.1498 0.1686 0.0147
v 0.1498 0.1686 0.0147
v 0.1498 0.1686 0.0147
v 0.1498 0.1686 0.0147
v 0.1498 0.1686 0.0147
v 0.1498 0.1686 0.0147
v 0.1588 0.1818 -0.0147
v 0.1588 0.1818 -0.0147
v 0.1588 0.1818 -0.0147
v 0.1588 0.1818 -0.0147
v 0.1588 0.1818 -0.0147
v 0.1588 0.1818 -0.0147
v 0.1588 0.1818 -0.0147
v 0.1588 0.1818 -0.0147
v 0.1588 0.1818 -0.0147
v 0.1588 0.1827 -0.0109
v 0.1637 0.1827 -0.0120
v 0.1658 0.1827 -0.0147
v 0.1637 0.1827 -0.0174
v 0.1588 0.1827 -0.0185
v 0.1538 0.1827 -0.0174
v 0.1518 0.1827 -0.0147
v 0.1538 0.1827 -0.0120
v 0.1588 0.1827 -0.0109
v 0.1588 0.1850 -0.0093
v 0.1658 0.1850 -0.0109
v 0.1687 0.1850 -0.0147
v 0.1658 0.1850 -0.0185
v 0.1588 0.1850 -0.0201
v 0.1518 0.1850 -0.0185
v 0.1489 0.1850 -0.0147
v 0.1518 0.1850 -0.0109
v 0.1588 0.1850 -0.0093
v 0.1588 0.1873 -0.0109
v 0.1637 0.1873 -0.0120
v 0.1658 0.1873 -0.0147
v 0.1637 0.1873 -0.0174
v 0.1588 0.1873 -0.0185
v 0.1538 0.1873 -0.0174
v 0.1518 0.1873 -0.0147
v 0.1538 0.1873 -0.0120
v 0.1588 0.1873 -0.0109
v 0.1588 0.1882 -0.0147
v 0.1588 0.1882 -0.0147
v 0.1588 0.1882 -0.0147
v 0.1588 0.1882 -0.0147
v 0.1588 0.1882 -0.0147
v 0.1588 0.1882 -0.0147
v 0.1588 0.1882 -0.0147
v 0.1588 0.1882 -0.0147
v 0.1588 0.1882 -0.0147
v 0.1526 0.1818 -0.0061
v 0.1526 0.1818 -0.0061
v 0.1526 0.1818 -0.0061
v 0.1526 0.1818 -0.0061
v 0.1526 0.1818 -0.0061
v 0.1526 0.1818 -0.0061
v 0.1526 0.1818 -0.0061
v 0.1526 0.1818 -0.0061
v 0.1526 0.1818 -0.0061
v 0.1489 0.1827 -0.0050
v 0.1515 0.1827 -0.0006
v 0.1547 0.1827 0.0005
v 0.1567 0.1827 -0.0023
v 0.1562 0.1827 -0.0073
v 0.1536 0.1827 -0.0117
v 0.1504 0.1827 -0.0128
v 0.1485 0.1827 -0.0100
v 0.1489 0.1827 -0.0050
v 0.1474 0.1850 -0.0045
v 0.1511 0.1850 0.0017
v 0.1556 0.1850 0.0033
v 0.1584 0.1850 -0.0007
v 0.1577 0.1850 -0.0078
v 0.1540 0.1850 -0.0140
v 0.1495 0.1850 -0.0156
v 0.1468 0.1850 -0.0116
v 0.1474 0.1850 -0.0045
v 0.1489 0.1873 -0.0050
v 0.1515 0.1873 -0.0006
v 0.1547 0.1873 0.0005
v 0.1567 0.1873 -0.0023
v 0.1562 0.1873 -0.0073
v 0.1536 0.1873 -0.0117
v 0.1504 0.1873 -0.0128
v 0.1485 0.1873 -0.0100
v 0.1489 0.1873 -0.0050
v 0.1526 0.1882 -0.0061
v 0.1526 0.1882 -0.0061
v 0.1526 0.1882 -0.0061
v 0.1526 0.1882 -0.0061
v 0.1526 0.1882 -0.0061
v 0.1526 0.1882 -0.0061
v 0.1526 0.1882 -0.0061
v 0.1526 0.1882 -0.0061
v 0.1526 0.1882 -0.0061
v 0.1425 0.1818 -0.0094
v 0.1425 0.1818 -0.0094
v 0.1425 0.1818 -0.0094
v 0.1425 0.1818 -0.0094
v 0.1425 0.1818 -0.0094
v 0.1425 0.1818 -0.0094
v 0.1425 0.1818 -0.0094
v 0.1425 0.1818 -0.0094
v 0.1425 0.1818 -0.0094
v 0.1402 0.1827 -0.0125
v 0.1369 0.1827 -0.0087
v 0.1368 0.1827 -0.0053
v 0.1401 0.1827 -0.0043
v 0.1447 0.1827 -0.0063
v 0.1481 0.1827 -0.0101
v 0.1482 0.1827 -0.0135
v 0.1449 0.1827 -0.0145
v 0.1402 0.1827 -0.0125
v 0.1393 0.1850 -0.0138
v 0.1346 0.1850 -0.0084
v 0.1345 0.1850 -0.0036
v 0.1391 0.1850 -0.0022
v 0.1457 0.1850 -0.0050
v 0.1504 0.1850 -0.0104
v 0.1505 0.1850 -0.0152
v 0.1459 0.1850 -0.0166
v 0.1393 0.1850 -0.0138
v 0.1402 0.1873 -0.0125
v 0.1369 0.1873 -0.0087
v 0.1368 0.1873 -0.0053
v 0.1401 0.1873 -0.0043
v 0.1447 0.1873 -0.0063
v 0.1481 0.1873 -0.0101
v 0.1482 0.1873 -0.0135
v 0.1449 0.1873 -0.0145
v 0.1402 0.1873 -0.0125
v 0.1425 0.1882 -0.0094
v 0.1425 0.1882 -0.0094
v 0.1425 0.1882 -0.0094
v 0.1425 0.1882 -0.0094
v 0.1425 0.1882 -0.0094
v 0.1425 0.1882 -0.0094
v 0.1425 0.1882 -0.0094
v 0.1425 0.1882 -0.0094
v 0.1425 0.1882 -0.0094
v 0.1425 0.1818 -0.0200
v 0.1425 0.1818 -0.0200
v 0.1425 0.1818 -0.0200
v 0.1425 0.1818 -0.0200
v 0.1425 0.1818 -0.0200
v 0.1425 0.1818 -0.0200
v 0.1425 0.1818 -0.0200
v 0.1425 0.1818 -0.0200
v 0.1425 0.1818 -0.0200
v 0.1447 0.1827 -0.0231
v 0.1401 0.1827 -0.0251
v 0.1368 0.1827 -0.0241
v 0.1369 0.1827 -0.0207
v 0.1402 0.1827 -0.0169
v 0.1449 0.1827 -0.0149
v 0.1482 0.1827 -0.0159
v 0.1481 0.1827 -0.0193
v 0.1447 0.1827 -0.0231
v 0.1457 0.1850 -0.0244
v 0.1391 0.1850 -0.0272
v 0.1345 0.1850 -0.0258
v 0.1346 0.1850 -0.0210
v 0.1393 0.1850 -0.0156
v 0.1459 0.1850 -0.0128
v 0.1505 0.1850 -0.0142
v 0.1504 0.1850 -0.0190
v 0.1457 0.1850 -0.0244
v 0.1447 0.1873 -0.0231
v 0.1401 0.1873 -0.0251
v 0.1368 0.1873 -0.0241
v 0.1369 0.1873 -0.0207
v 0.1402 0.1873 -0.0169
v 0.1449 0.1873 -0.0149
v 0.1482 0.1873 -0.0159
v 0.1481 0.1873 -0.0193
v 0.1447 0.1873 -0.0231
v 0.1425 0.1882 -0.0200
v 0.1425 0.1882 -0.0200
v 0.1425 0.1882 -0.0200
v 0.1425 0.1882 -0.0200
v 0.1425 0.1882 -0.0200
v 0.1425 0.1882 -0.0200
v 0.1425 0.1882 -0.0200
v 0.1425 0.1882 -0.0200
v 0.1425 0.1882 -0.0200
v 0.1526 0.1818 -0.0233
v 0.1526 0.1818 -0.0233
v 0.1526 0.1818 -0.0233
v 0.1526 0.1818 -0.0233
v 0.1526 0.1818 -0.0233
v 0.1526 0.1818 -0.0233
v 0.1526 0.1818 -0.0233
v 0.1526 0.1818 -0.0233
v 0.1526 0.1818 -0.0233
v 0.1562 0.1827 -0.0221
v 0.1567 0.1827 -0.0271
v 0.1547 0.1827 -0.0299
v 0.1515 0.1827 -0.0288
v 0.1489 0.1827 -0.0244
v 0.1485 0.1827 -0.0194
v 0.1504 0.1827 -0.0166
v 0.1536 0.1827 -0.0177
v 0.1562 0.1827 -0.0221
v 0.1577 0.1850 -0.0216
v 0.1584 0.1850 -0.0287
v 0.1556 0.1850 -0.0327
v 0.1511 0.1850 -0.0311
v 0.1474 0.1850 -0.0249
v 0.1468 0.1850 -0.0178
v 0.1495 0.1850 -0.0138
v 0.1540 0.1850 -0.0154
v 0.1577 0.1850 -0.0216
v 0.1562 0.1873 -0.0221
v 0.1567 0.1873 -0.0271
v 0.1547 0.1873 -0.0299
v 0.1515 0.1873 -0.0288
v 0.1489 0.1873 -0.0244
v 0.1485 0.1873 -0.0194
v 0.1504 0.1873 -0.0166
v 0.1536 0.1873 -0.0177
v 0.1562 0.1873 -0.0221
v 0.1526 0.1882 -0.0233
v 0.1526 0.1882 -0.0233
v 0.1526 0.1882 -0.0233
v 0.1526 0.1882 -0.0233
v 0.1526 0.1882 -0.0233
v 0.1526 0.1882 -0.0233
v 0.1526 0.1882 -0.0233
v 0.1526 0.1882 -0.0233
v 0.1526 0.1882 -0.0233
v 0.1498 0.1814 -0.0147
v 0.1498 0.1814 -0.0147
v 0.1498 0.1814 -0.0147
v 0.1498 0.1814 -0.0147
v 0.1498 0.1814 -0.0147
v 0.1498 0.1814 -0.0147
v 0.1498 0.1814 -0.0147
v 0.1498 0.1825 -0.0115
v 0.1525 0.1825 -0.0131
v 0.1525 0.1825 -0.0163
v 0.1498 0.1825 -0.0179
v 0.1470 0.1825 -0.0163
v 0.1470 0.1825 -0.0131
v 0.1498 0.1825 -0.0115
v 0.1498 0.1850 -0.0102
v 0.1537 0.1850 -0.0124
v 0.1537 0.1850 -0.0169
v 0.1498 0.1850 -0.0192
v 0.1459 0.1850 -0.0169
v 0.1459 0.1850 -0.0124
v 0.1498 0.1850 -0.0102
v 0.1498 0.1875 -0.0115
v 0.1525 0.1875 -0.0131
v 0.1525 0.1875 -0.0163
v 0.1498 0.1875 -0.0179
v 0.1470 0.1875 -0.0163
v 0.1470 0.1875 -0.0131
v 0.1498 0.1875 -0.0115
v 0.1498 0.1886 -0.0147
v 0.1498 0.1886 -0.0147
v 0.1498 0.1886 -0.0147
v 0.1498 0.1886 -0.0147
v 0.1498 0.1886 -0.0147
v 0.1498 0.1886 -0.0147
v 0.1498 0.1886 -0.0147
v 0.1867 0.1618 -0.0238
v 0.1867 0.1618 -0.0238
v 0.1867 0.1618 -0.0238
v 0.1867 0.1618 -0.0238
v 0.1867 0.1618 -0.0238
v 0.1867 0.1618 -0.0238
v 0.1867 0.1618 -0.0238
v 0.1867 0.1618 -0.0238
v 0.1867 0.1618 -0.0238
v 0.1867 0.1627 -0.0200
v 0.1917 0.1627 -0.0211
v 0.1937 0.1627 -0.0238
v 0.1917 0.1627 -0.0265
v 0.1867 0.1627 -0.0276
v 0.1818 0.1627 -0.0265
v 0.1797 0.1627 -0.0238
v 0.1818 0.1627 -0.0211
v 0.1867 0.1627 -0.0200
v 0.1867 0.1650 -0.0184
v 0.1937 0.1650 -0.0200
v 0.1966 0.1650 -0.0238
v 0.1937 0.1650 -0.0276
v 0.1867 0.1650 -0.0292
v 0.1797 0.1650 -0.0276
v 0.1768 0.1650 -0.0238
v 0.1797 0.1650 -0.0200
v 0.1867 0.1650 -0.0184
v 0.1867 0.1673 -0.0200
v 0.1917 0.1673 -0.0211
v 0.1937 0.1673 -0.0238
v 0.1917 0.1673 -0.0265
v 0.1867 0.1673 -0.0276
v 0.1818 0.1673 -0.0265
v 0.1797 0.1673 -0.0238
v 0.1818 0.1673 -0.0211
v 0.1867 0.1673 -0.0200
v 0.1867 0.1682 -0.0238
v 0.1867 0.1682 -0.0238
v 0.1867 0.1682 -0.0238
v 0.1867 0.1682 -0.0238
v 0.1867 0.1682 -0.0238
v 0.1867 0.1682 -0.0238
v 0.1867 0.1682 -0.0238
v 0.1867 0.1682 -0.0238
v 0.1867 0.1682 -0.0238
v 0.1805 0.1618 -0.0152
v 0.1805 0.1618 -0.0152
v 0.1805 0.1618 -0.0152
v 0.1805 0.1618 -0.0152
v 0.1805 0.1618 -0.0152
v 0.1805 0.1618 -0.0152
v 0.1805 0.1618 -0.0152
v 0.1805 0.1618 -0.0152
v 0.1805 0.1618 -0.0152
v 0.1769 0.1627 -0.0140
v 0.1795 0.1627 -0.0097
v 0.1827 0.1627 -0.0086
v 0.1846 0.1627 -0.0113
v 0.1841 0.1627 -0.0164
v 0.1815 0.1627 -0.0208
v 0.1783 0.1627 -0.0219
v 0.1764 0.1627 -0.0191
v 0.1769 0.1627 -0.0140
v 0.1754 0.1650 -0.0135
v 0.1790 0.1650 -0.0074
v 0.1836 0.1650 -0.0058
v 0.1863 0.1650 -0.0097
v 0.1856 0.1650 -0.0169
v 0.1820 0.1650 -0.0231
v 0.1774 0.1650 -0.0246
v 0.1747 0.1650 -0.0207
v 0.1754 0.1650 -0.0135
v 0.1769 0.1673 -0.0140
v 0.1795 0.1673 -0.0097
v 0.1827 0.1673 -0.0086
v 0.1846 0.1673 -0.0113
v 0.1841 0.1673 -0.0164
v 0.1815 0.1673 -0.0208
v 0.1783 0.1673 -0.0219
v 0.1764 0.1673 -0.0191
v 0.1769 0.1673 -0.0140
v 0.1805 0.1682 -0.0152
v 0.1805 0.1682 -0.0152
v 0.1805 0.1682 -0.0152
v 0.1805 0.1682 -0.0152
v 0.1805 0.1682 -0.0152
v 0.1805 0.1682 -0.0152
v 0.1805 0.1682 -0.0152
v 0.1805 0.1682 -0.0152
v 0.1805 0.1682 -0.0152
v 0.1704 0.1618 -0.0185
v 0.1704 0.1618 -0.0185
v 0.1704 0.1618 -0.0185
v 0.1704 0.1618 -0.0185
v 0.1704 0.1618 -0.0185
v 0.1704 0.1618 -0.0185
v 0.1704 0.1618 -0.0185
v 0.1704 0.1618 -0.0185
v 0.1704 0.1618 -0.0185
v 0.1682 0.1627 -0.0216
v 0.1649 0.1627 -0.0178
v 0.1648 0.1627 -0.0144
v 0.1680 0.1627 -0.0134
v 0.1727 0.1627 -0.0154
v 0.1760 0.1627 -0.0192
v 0.1761 0.1627 -0.0226
v 0.1729 0.1627 -0.0236
v 0.1682 0.1627 -0.0216
v 0.1673 0.1650 -0.0229
v 0.1625 0.1650 -0.0175
v 0.1624 0.1650 -0.0127
v 0.1670 0.1650 -0.0113
v 0.1736 0.1650 -0.0141
v 0.1784 0.1650 -0.0195
v 0.1785 0.1650 -0.0243
v 0.1739 0.1650 -0.0257
v 0.1673 0.1650 -0.0229
v 0.1682 0.1673 -0.0216
v 0.1649 0.1673 -0.0178
v 0.1648 0.1673 -0.0144
v 0.1680 0.1673 -0.0134
v 0.1727 0.1673 -0.0154
v 0.1760 0.1673 -0.0192
v 0.1761 0.1673 -0.0226
v 0.1729 0.1673 -0.0236
v 0.1682 0.1673 -0.0216
v 0.1704 0.1682 -0.0185
v 0.1704 0.1682 -0.0185
v 0.1704 0.1682 -0.0185
v 0.1704 0.1682 -0.0185
v 0.1704 0.1682 -0.0185
v 0.1704 0.1682 -0.0185
v 0.1704 0.1682 -0.0185
v 0.1704 0.1682 -0.0185
v 0.1704 0.1682 -0.0185
v 0.1704 0.1618 -0.0291
v 0.1704 0.1618 -0.0291
v 0.1704 0.1618 -0.0291
v 0.1704 0.1618 -0.0291
v 0.1704 0.1618 -0.0291
v 0.1704 0.1618 -0.0291
v 0.1704 0.1618 -0.0291
v 0.1704 0.1618 -0.0291
v 0.1704 0.1618 -0.0291
v 0.1727 0.1627 -0.0322
v 0.1680 0.1627 -0.0342
v 0.1648 0.1627 -0.0332
v 0.1649 0.1627 -0.0298
v 0.1682 0.1627 -0.0260
v 0.1729 0.1627 -0.0240
v 0.1761 0.1627 -0.0250
v 0.1760 0.1627 -0.0283
v 0.1727 0.1627 -0.0322
v 0.1736 0.1650 -0.0334
v 0.1670 0.1650 -0.0363
v 0.1624 0.1650 -0.0349
v 0.1625 0.1650 -0.0301
v 0.1673 0.1650 -0.0247
v 0.1739 0.1650 -0.0219
v 0.1785 0.1650 -0.0232
v 0.1784 0.1650 -0.0280
v 0.1736 0.1650 -0.0334
v 0.1727 0.1673 -0.0322
v 0.1680 0.1673 -0.0342
v 0.1648 0.1673 -0.0332
v 0.1649 0.1673 -0.0298
v 0.1682 0.1673 -0.0260
v 0.1729 0.1673 -0.0240
v 0.1761 0.1673 -0.0250
v 0.1760 0.1673 -0.0283
v 0.1727 0.1673 -0.0322
v 0.1704 0.1682 -0.0291
v 0.1704 0.1682 -0.0291
v 0.1704 0.1682 -0.0291
v 0.1704 0.1682 -0.0291
v 0.1704 0.1682 -0.0291
v 0.1704 0.1682 -0.0291
v 0.1704 0.1682 -0.0291
v 0.1704 0.1682 -0.0291
v 0.1704 0.1682 -0.0291
v 0.1805 0.1618 -0.0323
v 0.1805 0.1618 -0.0323
v 0.1805 0.1618 -0.0323
v 0.1805 0.1618 -0.0323
v 0.1805 0.1618 -0.0323
v 0.1805 0.1618 -0.0323
v 0.1805 0.1618 -0.0323
v 0.1805 0.1618 -0.0323
v 0.1805 0.1618 -0.0323
v 0.1841 0.1627 -0.0312
v 0.1846 0.1627 -0.0362
v 0.1827 0.1627 -0.0390
v 0.1795 0.1627 -0.0379
v 0.1769 0.1627 -0.0335
v 0.1764 0.1627 -0.0285
v 0.1783 0.1627 -0.0257
v 0.1815 0.1627 -0.0268
v 0.1841 0.1627 -0.0312
v 0.1856 0.1650 -0.0307
v 0.1863 0.1650 -0.0378
v 0.1836 0.1650 -0.0418
v 0.1790 0.1650 -0.0402
v 0.1754 0.1650 -0.0340
v 0.1747 0.1650 -0.0269
v 0.1774 0.1650 -0.0229
v 0.1820 0.1650 -0.0245
v 0.1856 0.1650 -0.0307
v 0.1841 0.1673 -0.0312
v 0.1846 0.1673 -0.0362
v 0.1827 0.1673 -0.0390
v 0.1795 0.1673 -0.0379
v 0.1769 0.1673 -0.0335
v 0.1764 0.1673 -0.0285
v 0.1783 0.1673 -0.0257
v 0.1815 0.1673 -0.0268
v 0.1841 0.1673 -0.0312
v 0.1805 0.1682 -0.0323
v 0.1805 0.1682 -0.0323
v 0.1805 0.1682 -0.0323
v 0.1805 0.1682 -0.0323
v 0.1805 0.1682 -0.0323
v 0.1805 0.1682 -0.0323
v 0.1805 0.1682 -0.0323
v 0.1805 0.1682 -0.0323
v 0.1805 0.1682 -0.0323
v 0.1777 0.1614 -0.0238
v 0.1777 0.1614 -0.0238
v 0.1777 0.1614 -0.0238
v 0.1777 0.1614 -0.0238
v 0.1777 0.1614 -0.0238
v 0.1777 0.1614 -0.0238
v 0.1777 0.1614 -0.0238
v 0.1777 0.1625 -0.0206
v 0.1805 0.1625 -0.0222
v 0.1805 0.1625 -0.0254
v 0.1777 0.1625 -0.0270
v 0.1750 0.1625 -0.0254
v 0.1750 0.1625 -0.0222
v 0.1777 0.1625 -0.0206
v 0.1777 0.1650 -0.0193
v 0.1816 0.1650 -0.0215
v 0.1816 0.1650 -0.0260
v 0.1777 0.1650 -0.0283
v 0.1738 0.1650 -0.0260
v 0.1738 0.1650 -0.0215
v 0.1777 0.1650 -0.0193
v 0.1777 0.1675 -0.0206
v 0.1805 0.1675 -0.0222
v 0.1805 0.1675 -0.0254
v 0.1777 0.1675 -0.0270
v 0.1750 0.1675 -0.0254
v 0.1750 0.1675 -0.0222
v 0.1777 0.1675 -0.0206
v 0.1777 0.1686 -0.0238
v 0.1777 0.1686 -0.0238
v 0.1777 0.1686 -0.0238
v 0.1777 0.1686 -0.0238
v 0.1777 0.1686 -0.0238
v 0.1777 0.1686 -0.0238
v 0.1777 0.1686 -0.0238
vt 0.0000 0.0000
vt 0.0072 0.0000
vt 0.0120 0.0000
vt 0.0168 0.0000
vt 0.0239 0.0000
vt 0.0311 0.0000
vt 0.0359 0.0000
vt 0.0407 0.0000
vt 0.0479 0.0000
vt 0.0000 0.0039
vt 0.0072 0.0039
vt 0.0120 0.0039
vt 0.0168 0.0039
vt 0.0239 0.0039
vt 0.0311 0.0039
vt 0.0359 0.0039
vt 0.0407 0.0039
vt 0.0479 0.0039
vt 0.0000 0.0067
vt 0.0072 0.0067
vt 0.0120 0.0067
vt 0.0168 0.0067
vt 0.0239 0.0067
vt 0.0311 0.0067
vt 0.0359 0.0067
vt 0.0407 0.0067
vt 0.0479 0.0067
vt 0.0000 0.0095
vt 0.0072 0.0095
vt 0.0120 0.0095
vt 0.0168 0.0095
vt 0.0239 0.0095
vt 0.0311 0.0095
vt 0.0359 0.0095
vt 0.0407 0.0095
vt 0.0479 0.0095
vt 0.0000 0.0134
vt 0.0072 0.0134
vt 0.0120 0.0134
vt 0.0168 0.0134
vt 0.0239 0.0134
vt 0.0311 0.0134
vt 0.0359 0.0134
vt 0.0407 0.0134
vt 0.0479 0.0134
vt 0.0000 0.0000
vt 0.0072 0.0000
vt 0.0120 0.0000
vt 0.0168 0.0000
vt 0.0239 0.0000
vt 0.0311 0.0000
vt 0.0359 0.0000
vt 0.0407 0.0000
vt 0.0479 0.0000
vt 0.0000 0.0039
vt 0.0072 0.0039
vt 0.0120 0.0039
vt 0.0168 0.0039
vt 0.0239 0.0039
vt 0.0311 0.0039
vt 0.0359 0.0039
vt 0.0407 0.0039
vt 0.0479 0.0039
vt 0.0000 0.0067
vt 0.0072 0.0067
vt 0.0120 0.0067
vt 0.0168 0.0067
vt 0.0239 0.0067
vt 0.0311 0.0067
vt 0.0359 0.0067
vt 0.0407 0.0067
vt 0.0479 0.0067
vt 0.0000 0.0095
vt 0.0072 0.0095
vt 0.0120 0.0095
vt 0.0168 0.0095
vt 0.0239 0.0095
vt 0.0311 0.0095
vt 0.0359 0.0095
vt 0.0407 0.0095
vt 0.0479 0.0095
vt 0.0000 0.0134
vt 0.0072 0.0134
vt 0.0120 0.0134
vt 0.0168 0.0134
vt 0.0239 0.0134
vt 0.0311 0.0134
vt 0.0359 0.0134
vt 0.0407 0.0134
vt 0.0479 0.0134
vt 0.0000 0.0000
vt 0.0072 0.0000
vt 0.0120 0.0000
vt 0.0168 0.0000
vt 0.0239 0.0000
vt 0.0311 0.0000
vt 0.0359 0.0000
vt 0.0407 0.0000
vt 0.0479 0.0000
vt 0.0000 0.0039
vt 0.0072 0.0039
vt 0.0120 0.0039
vt 0.0168 0.0039
vt 0.0239 0.0039
vt 0.0311 0.0039
vt 0.0359 0.0039
vt 0.0407 0.0039
vt 0.0479 0.0039
vt 0.0000 0.0067
vt 0.0072 0.0067
vt 0.0120 0.0067
vt 0.0168 0.0067
vt 0.0239 0.0067
vt 0.0311 0.0067
vt 0.0359 0.0067
vt 0.0407 0.0067
vt 0.0479 0.0067
vt 0.0000 0.0095
vt 0.0072 0.0095
vt 0.0120 0.0095
vt 0.0168 0.0095
vt 0.0239 0.0095
vt 0.0311 0.0095
vt 0.0359 0.0095
vt 0.0407 0.0095
vt 0.0479 0.0095
vt 0.0000 0.0134
vt 0.0072 0.0134
vt 0.0120 0.0134
vt 0.0168 0.0134
vt 0.0239 0.0134
vt 0.0311 0.0134
vt 0.0359 0.0134
vt 0.0407 0.0134
vt 0.0479 0.0134
vt 0.0000 0.0000
vt 0.0072 0.0000
vt 0.0120 0.0000
vt 0.0168 0.0000
vt 0.0239 0.0000
vt 0.0311 0.0000
vt 0.0359 0.0000
vt 0.0407 0.0000
vt 0.0479 0.0000
vt 0.0000 0.0039
vt 0.0072 0.0039
vt 0.0120 0.0039
vt 0.0168 0.0039
vt 0.0239 0.0039
vt 0.0311 0.0039
vt 0.0359 0.0039
vt 0.0407 0.0039
vt 0.0479 0.0039
vt 0.0000 0.0067
vt 0.0072 0.0067
vt 0.0120 0.0067
vt 0.0168 0.0067
vt 0.0239 0.0067
vt 0.0311 0.0067
vt 0.0359 0.0067
vt 0.0407 0.0067
vt 0.0479 0.0067
vt 0.0000 0.0095
vt 0.0072 0.0095
vt 0.0120 0.0095
vt 0.0168 0.0095
vt 0.0239 0.0095
vt 0.0311 0.0095
vt 0.0359 0.0095
vt 0.0407 0.0095
vt 0.0479 0.0095
vt 0.0000 0.0134
vt 0.0072 0.0134
vt 0.0120 0.0134
vt 0.0168 0.0134
vt 0.0239 0.0134
vt 0.0311 0.0134
vt 0.0359 0.0134
vt 0.0407 0.0134
vt 0.0479 0.0134
vt 0.0000 0.0000
vt 0.0072 0.0000
vt 0.0120 0.0000
vt 0.0168 0.0000
vt 0.0239 0.0000
vt 0.0311 0.0000
vt 0.0359 0.0000
vt 0.0407 0.0000
vt 0.0479 0.0000
vt 0.0000 0.0039
vt 0.0072 0.0039
vt 0.0120 0.0039
vt 0.0168 0.0039
vt 0.0239 0.0039
vt 0.0311 0.0039
vt 0.0359 0.0039
vt 0.0407 0.0039
vt 0.0479 0.0039
vt 0.0000 0.0067
vt 0.0072 0.0067
vt 0.0120 0.0067
vt 0.0168 0.0067
vt 0.0239 0.0067
vt 0.0311 0.0067
vt 0.0359 0.0067
vt 0.0407 0.0067
vt 0.0479 0.0067
vt 0.0000 0.0095
vt 0.0072 0.0095
vt 0.0120 0.0095
vt 0.0168 0.0095
vt 0.0239 0.0095
vt 0.0311 0.0095
vt 0.0359 0.0095
vt 0.0407 0.0095
vt 0.0479 0.0095
vt 0.0000 0.0134
vt 0.0072 0.0134
vt 0.0120 0.0134
vt 0.0168 0.0134
vt 0.0239 0.0134
vt 0.0311 0.0134
vt 0.0359 0.0134
vt 0.0407 0.0134
vt 0.0479 0.0134
vt 0.0000 0.0000
vt 0.0045 0.0000
vt 0.0090 0.0000
vt 0.0135 0.0000
vt 0.0180 0.0000
vt 0.0225 0.0000
vt 0.0270 0.0000
vt 0.0000 0.0034
vt 0.0045 0.0034
vt 0.0090 0.0034
vt 0.0135 0.0034
vt 0.0180 0.0034
vt 0.0225 0.0034
vt 0.0270 0.0034
vt 0.0000 0.0062
vt 0.0045 0.0062
vt 0.0090 0.0062
vt 0.0135 0.0062
vt 0.0180 0.0062
vt 0.0225 0.0062
vt 0.0270 0.0062
vt 0.0000 0.0091
vt 0.0045 0.0091
vt 0.0090 0.0091
vt 0.0135 0.0091
vt 0.0180 0.0091
vt 0.0225 0.0091
vt 0.0270 0.0091
vt 0.0000 0.0124
vt 0.0045 0.0124
vt 0.0090 0.0124
vt 0.0135 0.0124
vt 0.0180 0.0124
vt 0.0225 0.0124
vt 0.0270 0.0124
vt 0.0000 0.0000
vt 0.0072 0.0000
vt 0.0120 0.0000
vt 0.0168 0.0000
vt 0.0239 0.0000
vt 0.0311 0.0000
vt 0.0359 0.0000
vt 0.0407 0.0000
vt 0.0479 0.0000
vt 0.0000 0.0039
vt 0.0072 0.0039
vt 0.0120 0.0039
vt 0.0168 0.0039
vt 0.0239 0.0039
vt 0.0311 0.0039
vt 0.0359 0.0039
vt 0.0407 0.0039
vt 0.0479 0.0039
vt 0.0000 0.0067
vt 0.0072 0.0067
vt 0.0120 0.0067
vt 0.0168 0.0067
vt 0.0239 0.0067
vt 0.0311 0.0067
vt 0.0359 0.0067
vt 0.0407 0.0067
vt 0.0479 0.0067
vt 0.0000 0.0095
vt 0.0072 0.0095
vt 0.0120 0.0095
vt 0.0168 0.0095
vt 0.0239 0.0095
vt 0.0311 0.0095
vt 0.0359 0.0095
vt 0.0407 0.0095
vt 0.0479 0.0095
vt 0.0000 0.0134
vt 0.0072 0.0134
vt 0.0120 0.0134
vt 0.0168 0.0134
vt 0.0239 0.0134
vt 0.0311 0.0134
vt 0.0359 0.0134
vt 0.0407 0.0134
vt 0.0479 0.0134
vt 0.0000 0.0000
vt 0.0072 0.0000
vt 0.0120 0.0000
vt 0.0168 0.0000
vt 0.0239 0.0000
vt 0.0311 0.0000
vt 0.0359 0.0000
vt 0.0407 0.0000
vt 0.0479 0.0000
vt 0.0000 0.0039
vt 0.0072 0.0039
vt 0.0120 0.0039
vt 0.0168 0.0039
vt 0.0239 0.0039
vt 0.0311 0.0039
vt 0.0359 0.0039
vt 0.0407 0.0039
vt 0.0479 0.0039
vt 0.0000 0.0067
vt 0.0072 0.0067
vt 0.0120 0.0067
vt 0.0168 0.0067
vt 0.0239 0.0067
vt 0.0311 0.0067
vt 0.0359 0.0067
vt 0.0407 0.0067
vt 0.0479 0.0067
vt 0.0000 0.0095
vt 0.0072 0.0095
vt 0.0120 0.0095
vt 0.0168 0.0095
vt 0.0239 0.0095
vt 0.0311 0.0095
vt 0.0359 0.0095
vt 0.0407 0.0095
vt 0.0479 0.0095
vt 0.0000 0.0134
vt 0.0072 0.0134
vt 0.0120 0.0134
vt 0.0168 0.0134
vt 0.0239 0.0134
vt 0.0311 0.0134
vt 0.0359 0.0134
vt 0.0407 0.0134
vt 0.0479 0.0134
vt 0.0000 0.0000
vt 0.0072 0.0000
vt 0.0120 0.0000
vt 0.0168 0.0000
vt 0.0239 0.0000
vt 0.0311 0.0000
vt 0.0359 0.0000
vt 0.0407 0.0000
vt 0.0479 0.0000
vt 0.0000 0.0039
vt 0.0072 0.0039
vt 0.0120 0.0039
vt 0.0168 0.0039
vt 0.0239 0.0039
vt 0.0311 0.0039
vt 0.0359 0.0039
vt 0.0407 0.0039
vt 0.0479 0.0039
vt 0.0000 0.0067
vt 0.0072 0.0067
vt 0.0120 0.0067
vt 0.0168 0.0067
vt 0.0239 0.0067
vt 0.0311 0.0067
vt 0.0359 0.0067
vt 0.0407 0.0067
vt 0.0479 0.0067
vt 0.0000 0.0095
vt 0.0072 0.0095
vt 0.0120 0.0095
vt 0.0168 0.0095
vt 0.0239 0.0095
vt 0.0311 0.0095
vt 0.0359 0.0095
vt 0.0407 0.0095
vt 0.0479 0.0095
vt 0.0000 0.0134
vt 0.0072 0.0134
vt 0.0120 0.0134
vt 0.0168 0.0134
vt 0.0239 0.0134
vt 0.0311 0.0134
vt 0.0359 0.0134
vt 0.0407 0.0134
vt 0.0479 0.0134
vt 0.0000 0.0000
vt 0.0072 0.0000
vt 0.0120 0.0000
vt 0.0168 0.0000
vt 0.0239 0.0000
vt 0.0311 0.0000
vt 0.0359 0.0000
vt 0.0407 0.0000
vt 0.0479 0.0000
vt 0.0000 0.0039
vt 0.0072 0.0039
vt 0.0120 0.0039
vt 0.0168 0.0039
vt 0.0239 0.0039
vt 0.0311 0.0039
vt 0.0359 0.0039
vt 0.0407 0.0039
vt 0.0479 0.0039
vt 0.0000 0.0067
vt 0.0072 0.0067
vt 0.0120 0.0067
vt 0.0168 0.0067
vt 0.0239 0.0067
vt 0.0311 0.0067
vt 0.0359 0.0067
vt 0.0407 0.0067
vt 0.0479 0.0067
vt 0.0000 0.0095
vt 0.0072 0.0095
vt 0.0120 0.0095
vt 0.0168 0.0095
vt 0.0239 0.0095
vt 0.0311 0.0095
vt 0.0359 0.0095
vt 0.0407 0.0095
vt 0.0479 0.0095
vt 0.0000 0.0134
vt 0.0072 0.0134
vt 0.0120 0.0134
vt 0.0168 0.0134
vt 0.0239 0.0134
vt 0.0311 0.0134
vt 0.0359 0.0134
vt 0.0407 0.0134
vt 0.0479 0.0134
vt 0.0000 0.0000
vt 0.0072 0.0000
vt 0.0120 0.0000
vt 0.0168 0.0000
vt 0.0239 0.0000
vt 0.0311 0.0000
vt 0.0359 0.0000
vt 0.0407 0.0000
vt 0.0479 0.0000
vt 0.0000 0.0039
vt 0.0072 0.0039
vt 0.0120 0.0039
vt 0.0168 0.0039
vt 0.0239 0.0039
vt 0.0311 0.0039
vt 0.0359 0.0039
vt 0.0407 0.0039
vt 0.0479 0.0039
vt 0.0000 0.0067
vt 0.0072 0.0067
vt 0.0120 0.0067
vt 0.0168 0.0067
vt 0.0239 0.0067
vt 0.0311 0.0067
vt 0.0359 0.0067
vt 0.0407 0.0067
vt 0.0479 0.0067
vt 0.0000 0.0095
vt 0.0072 0.0095
vt 0.0120 0.0095
vt 0.0168 0.0095
vt 0.0239 0.0095
vt 0.0311 0.0095
vt 0.0359 0.0095
vt 0.0407 0.0095
vt 0.0479 0.0095
vt 0.0000 0.0134
vt 0.0072 0.0134
vt 0.0120 0.0134
vt 0.0168 0.0134
vt 0.0239 0.0134
vt 0.0311 0.0134
vt 0.0359 0.0134
vt 0.0407 0.0134
vt 0.0479 0.0134
vt 0.0000 0.0000
vt 0.0045 0.0000
vt 0.0090 0.0000
vt 0.0135 0.0000
vt 0.0180 0.0000
vt 0.0225 0.0000
vt 0.0270 0.0000
vt 0.0000 0.0034
vt 0.0045 0.0034
vt 0.0090 0.0034
vt 0.0135 0.0034
vt 0.0180 0.0034
vt 0.0225 0.0034
vt 0.0270 0.0034
vt 0.0000 0.0062
vt 0.0045 0.0062
vt 0.0090 0.0062
vt 0.0135 0.0062
vt 0.0180 0.0062
vt 0.0225 0.0062
vt 0.0270 0.0062
vt 0.0000 0.0091
vt 0.0045 0.0091
vt 0.0090 0.0091
vt 0.0135 0.0091
vt 0.0180 0.0091
vt 0.0225 0.0091
vt 0.0270 0.0091
vt 0.0000 0.0124
vt 0.0045 0.0124
vt 0.0090 0.0124
vt 0.0135 0.0124
vt 0.0180 0.0124
vt 0.0225 0.0124
vt 0.0270 0.0124
vt 0.0000 0.0000
vt 0.0072 0.0000
vt 0.0120 0.0000
vt 0.0168 0.0000
vt 0.0239 0.0000
vt 0.0311 0.0000
vt 0.0359 0.0000
vt 0.0407 0.0000
vt 0.0479 0.0000
vt 0.0000 0.0039
vt 0.0072 0.0039
vt 0.0120 0.0039
vt 0.0168 0.0039
vt 0.0239 0.0039
vt 0.0311 0.0039
vt 0.0359 0.0039
vt 0.0407 0.0039
vt 0.0479 0.0039
vt 0.0000 0.0067
vt 0.0072 0.0067
vt 0.0120 0.0067
vt 0.0168 0.0067
vt 0.0239 0.0067
vt 0.0311 0.0067
vt 0.0359 0.0067
vt 0.0407 0.0067
vt 0.0479 0.0067
vt 0.0000 0.0095
vt 0.0072 0.0095
vt 0.0120 0.0095
vt 0.0168 0.0095
vt 0.0239 0.0095
vt 0.0311 0.0095
vt 0.0359 0.0095
vt 0.0407 0.0095
vt 0.0479 0.0095
vt 0.0000 0.0134
vt 0.0072 0.0134
vt 0.0120 0.0134
vt 0.0168 0.0134
vt 0.0239 0.0134
vt 0.0311 0.0134
vt 0.0359 0.0134
vt 0.0407 0.0134
vt 0.0479 0.0134
vt 0.0000 0.0000
vt 0.0072 0.0000
vt 0.0120 0.0000
vt 0.0168 0.0000
vt 0.0239 0.0000
vt 0.0311 0.0000
vt 0.0359 0.0000
vt 0.0407 0.0000
vt 0.0479 0.0000
vt 0.0000 0.0039
vt 0.0072 0.0039
vt 0.0120 0.0039
vt 0.0168 0.0039
vt 0.0239 0.0039
vt 0.0311 0.0039
vt 0.0359 0.0039
vt 0.0407 0.0039
vt 0.0479 0.0039
vt 0.0000 0.0067
vt 0.0072 0.0067
vt 0.0120 0.0067
vt 0.0168 0.0067
vt 0.0239 0.0067
vt 0.0311 0.0067
vt 0.0359 0.0067
vt 0.0407 0.0067
vt 0.0479 0.0067
vt 0.0000 0.0095
vt 0.0072 0.0095
vt 0.0120 0.0095
vt 0.0168 0.0095
vt 0.0239 0.0095
vt 0.0311 0.0095
vt 0.0359 0.0095
vt 0.0407 0.0095
vt 0.0479 0.0095
vt 0.0000 0.0134
vt 0.0072 0.0134
vt 0.0120 0.0134
vt 0.0168 0.0134
vt 0.0239 0.0134
vt 0.0311 0.0134
vt 0.0359 0.0134
vt 0.0407 0.0134
vt 0.0479 0.0134
vt 0.0000 0.0000
vt 0.0072 0.0000
vt 0.0120 0.0000
vt 0.0168 0.0000
vt 0.0239 0.0000
vt 0.0311 0.0000
vt 0.0359 0.0000
vt 0.0407 0.0000
vt 0.0479 0.0000
vt 0.0000 0.0039
vt 0.0072 0.0039
vt 0.0120 0.0039
vt 0.0168 0.0039
vt 0.0239 0.0039
vt 0.0311 0.0039
vt 0.0359 0.0039
vt 0.0407 0.0039
vt 0.0479 0.0039
vt 0.0000 0.0067
vt 0.0072 0.0067
vt 0.0120 0.0067
vt 0.0168 0.0067
vt 0.0239 0.0067
vt 0.0311 0.0067
vt 0.0359 0.0067
vt 0.0407 0.0067
vt 0.0479 0.0067
vt 0.0000 0.0095
vt 0.0072 0.0095
vt 0.0120 0.0095
vt 0.0168 0.0095
vt 0.0239 0.0095
vt 0.0311 0.0095
vt 0.0359 0.0095
vt 0.0407 0.0095
vt 0.0479 0.0095
vt 0.0000 0.0134
vt 0.0072 0.0134
vt 0.0120 0.0134
vt 0.0168 0.0134
vt 0.0239 0.0134
vt 0.0311 0.0134
vt 0.0359 0.0134
vt 0.0407 0.0134
vt 0.0479 0.0134
vt 0.0000 0.0000
vt 0.0072 0.0000
vt 0.0120 0.0000
vt 0.0168 0.0000
vt 0.0239 0.0000
vt 0.0311 0.0000
vt 0.0359 0.0000
vt 0.0407 0.0000
vt 0.0479 0.0000
vt 0.0000 0.0039
vt 0.0072 0.0039
vt 0.0120 0.0039
vt 0.0168 0.0039
vt 0.0239 0.0039
vt 0.0311 0.0039
vt 0.0359 0.0039
vt 0.0407 0.0039
vt 0.0479 0.0039
vt 0.0000 0.0067
vt 0.0072 0.0067
vt 0.0120 0.0067
vt 0.0168 0.0067
vt 0.0239 0.0067
vt 0.0311 0.0067
vt 0.0359 0.0067
vt 0.0407 0.0067
vt 0.0479 0.0067
vt 0.0000 0.0095
vt 0.0072 0.0095
vt 0.0120 0.0095
vt 0.0168 0.0095
vt 0.0239 0.0095
vt 0.0311 0.0095
vt 0.0359 0.0095
vt 0.0407 0.0095
vt 0.0479 0.0095
vt 0.0000 0.0134
vt 0.0072 0.0134
vt 0.0120 0.0134
vt 0.0168 0.0134
vt 0.0239 0.0134
vt 0.0311 0.0134
vt 0.0359 0.0134
vt 0.0407 0.0134
vt 0.0479 0.0134
vt 0.0000 0.0000
vt 0.0072 0.0000
vt 0.0120 0.0000
vt 0.0168 0.0000
vt 0.0239 0.0000
vt 0.0311 0.0000
vt 0.0359 0.0000
vt 0.0407 0.0000
vt 0.0479 0.0000
vt 0.0000 0.0039
vt 0.0072 0.0039
vt 0.0120 0.0039
vt 0.0168 0.0039
vt 0.0239 0.0039
vt 0.0311 0.0039
vt 0.0359 0.0039
vt 0.0407 0.0039
vt 0.0479 0.0039
vt 0.0000 0.0067
vt 0.0072 0.0067
vt 0.0120 0.0067
vt 0.0168 0.0067
vt 0.0239 0.0067
vt 0.0311 0.0067
vt 0.0359 0.0067
vt 0.0407 0.0067
vt 0.0479 0.0067
vt 0.0000 0.0095
vt 0.0072 0.0095
vt 0.0120 0.0095
vt 0.0168 0.0095
vt 0.0239 0.0095
vt 0.0311 0.0095
vt 0.0359 0.0095
vt 0.0407 0.0095
vt 0.0479 0.0095
vt 0.0000 0.0134
vt 0.0072 0.0134
vt 0.0120 0.0134
vt 0.0168 0.0134
vt 0.0239 0.0134
vt 0.0311 0.0134
vt 0.0359 0.0134
vt 0.0407 0.0134
vt 0.0479 0.0134
vt 0.0000 0.0000
vt 0.0045 0.0000
vt 0.0090 0.0000
vt 0.0135 0.0000
vt 0.0180 0.0000
vt 0.0225 0.0000
vt 0.0270 0.0000
vt 0.0000 0.0034
vt 0.0045 0.0034
vt 0.0090 0.0034
vt 0.0135 0.0034
vt 0.0180 0.0034
vt 0.0225 0.0034
vt 0.0270 0.0034
vt 0.0000 0.0062
vt 0.0045 0.0062
vt 0.0090 0.0062
vt 0.0135 0.0062
vt 0.0180 0.0062
vt 0.0225 0.0062
vt 0.0270 0.0062
vt 0.0000 0.0091
vt 0.0045 0.0091
vt 0.0090 0.0091
vt 0.0135 0.0091
vt 0.0180 0.0091
vt 0.0225 0.0091
vt 0.0270 0.0091
vt 0.0000 0.0124
vt 0.0045 0.0124
vt 0.0090 0.0124
vt 0.0135 0.0124
vt 0.0180 0.0124
vt 0.0225 0.0124
vt 0.0270 0.0124
vt 0.0000 0.0000
vt 0.0072 0.0000
vt 0.0120 0.0000
vt 0.0168 0.0000
vt 0.0239 0.0000
vt 0.0311 0.0000
vt 0.0359 0.0000
vt 0.0407 0.0000
vt 0.0479 0.0000
vt 0.0000 0.0039
vt 0.0072 0.0039
vt 0.0120 0.0039
vt 0.0168 0.0039
vt 0.0239 0.0039
vt 0.0311 0.0039
vt 0.0359 0.0039
vt 0.0407 0.0039
vt 0.0479 0.0039
vt 0.0000 0.0067
vt 0.0072 0.0067
vt 0.0120 0.0067
vt 0.0168 0.0067
vt 0.0239 0.0067
vt 0.0311 0.0067
vt 0.0359 0.0067
vt 0.0407 0.0067
vt 0.0479 0.0067
vt 0.0000 0.0095
vt 0.0072 0.0095
vt 0.0120 0.0095
vt 0.0168 0.0095
vt 0.0239 0.0095
vt 0.0311 0.0095
vt 0.0359 0.0095
vt 0.0407 0.0095
vt 0.0479 0.0095
vt 0.0000 0.0134
vt 0.0072 0.0134
vt 0.0120 0.0134
vt 0.0168 0.0134
vt 0.0239 0.0134
vt 0.0311 0.0134
vt 0.0359 0.0134
vt 0.0407 0.0134
vt 0.0479 0.0134
vt 0.0000 0.0000
vt 0.0072 0.0000
vt 0.0120 0.0000
vt 0.0168 0.0000
vt 0.0239 0.0000
vt 0.0311 0.0000
vt 0.0359 0.0000
vt 0.0407 0.0000
vt 0.0479 0.0000
vt 0.0000 0.0039
vt 0.0072 0.0039
vt 0.0120 0.0039
vt 0.0168 0.0039
vt 0.0239 0.0039
vt 0.0311 0.0039
vt 0.0359 0.0039
vt 0.0407 0.0039
vt 0.0479 0.0039
vt 0.0000 0.0067
vt 0.0072 0.0067
vt 0.0120 0.0067
vt 0.0168 0.0067
vt 0.0239 0.0067
vt 0.0311 0.0067
vt 0.0359 0.0067
vt 0.0407 0.0067
vt 0.0479 0.0067
vt 0.0000 0.0095
vt 0.0072 0.0095
vt 0.0120 0.0095
vt 0.0168 0.0095
vt 0.0239 0.0095
vt 0.0311 0.0095
vt 0.0359 0.0095
vt 0.0407 0.0095
vt 0.0479 0.0095
vt 0.0000 0.0134
vt 0.0072 0.0134
vt 0.0120 0.0134
vt 0.0168 0.0134
vt 0.0239 0.0134
vt 0.0311 0.0134
vt 0.0359 0.0134
vt 0.0407 0.0134
vt 0.0479 0.0134
vt 0.0000 0.0000
vt 0.0072 0.0000
vt 0.0120 0.0000
vt 0.0168 0.0000
vt 0.0239 0.0000
vt 0.0311 0.0000
vt 0.0359 0.0000
vt 0.0407 0.0000
vt 0.0479 0.0000
vt 0.0000 0.0039
vt 0.0072 0.0039
vt 0.0120 0.0039
vt 0.0168 0.0039
vt 0.0239 0.0039
vt 0.0311 0.0039
vt 0.0359 0.0039
vt 0.0407 0.0039
vt 0.0479 0.0039
vt 0.0000 0.0067
vt 0.0072 0.0067
vt 0.0120 0.0067
vt 0.0168 0.0067
vt 0.0239 0.0067
vt 0.0311 0.0067
vt 0.0359 0.0067
vt 0.0407 0.0067
vt 0.0479 0.0067
vt 0.0000 0.0095
vt 0.0072 0.0095
vt 0.0120 0.0095
vt 0.0168 0.0095
vt 0.0239 0.0095
vt 0.0311 0.0095
vt 0.0359 0.0095
vt 0.0407 0.0095
vt 0.0479 0.0095
vt 0.0000 0.0134
vt 0.0072 0.0134
vt 0.0120 0.0134
vt 0.0168 0.0134
vt 0.0239 0.0134
vt 0.0311 0.0134
vt 0.0359 0.0134
vt 0.0407 0.0134
vt 0.0479 0.0134
vt 0.0000 0.0000
vt 0.0072 0.0000
vt 0.0120 0.0000
vt 0.0168 0.0000
vt 0.0239 0.0000
vt 0.0311 0.0000
vt 0.0359 0.0000
vt 0.0407 0.0000
vt 0.0479 0.0000
vt 0.0000 0.0039
vt 0.0072 0.0039
vt 0.0120 0.0039
vt 0.0168 0.0039
vt 0.0239 0.0039
vt 0.0311 0.0039
vt 0.0359 0.0039
vt 0.0407 0.0039
vt 0.0479 0.0039
vt 0.0000 0.0067
vt 0.0072 0.0067
vt 0.0120 0.0067
vt 0.0168 0.0067
vt 0.0239 0.0067
vt 0.0311 0.0067
vt 0.0359 0.0067
vt 0.0407 0.0067
vt 0.0479 0.0067
vt 0.0000 0.0095
vt 0.0072 0.0095
vt 0.0120 0.0095
vt 0.0168 0.0095
vt 0.0239 0.0095
vt 0.0311 0.0095
vt 0.0359 0.0095
vt 0.0407 0.0095
vt 0.0479 0.0095
vt 0.0000 0.0134
vt 0.0072 0.0134
vt 0.0120 0.0134
vt 0.0168 0.0134
vt 0.0239 0.0134
vt 0.0311 0.0134
vt 0.0359 0.0134
vt 0.0407 0.0134
vt 0.0479 0.0134
vt 0.0000 0.0000
vt 0.0072 0.0000
vt 0.0120 0.0000
vt 0.0168 0.0000
vt 0.0239 0.0000
vt 0.0311 0.0000
vt 0.0359 0.0000
vt 0.0407 0.0000
vt 0.0479 0.0000
vt 0.0000 0.0039
vt 0.0072 0.0039
vt 0.0120 0.0039
vt 0.0168 0.0039
vt 0.0239 0.0039
vt 0.0311 0.0039
vt 0.0359 0.0039
vt 0.0407 0.0039
vt 0.0479 0.0039
vt 0.0000 0.0067
vt 0.0072 0.0067
vt 0.0120 0.0067
vt 0.0168 0.0067
vt 0.0239 0.0067
vt 0.0311 0.0067
vt 0.0359 0.0067
vt 0.0407 0.0067
vt 0.0479 0.0067
vt 0.0000 0.0095
vt 0.0072 0.0095
vt 0.0120 0.0095
vt 0.0168 0.0095
vt 0.0239 0.0095
vt 0.0311 0.0095
vt 0.0359 0.0095
vt 0.0407 0.0095
vt 0.0479 0.0095
vt 0.0000 0.0134
vt 0.0072 0.0134
vt 0.0120 0.0134
vt 0.0168 0.0134
vt 0.0239 0.0134
vt 0.0311 0.0134
vt 0.0359 0.0134
vt 0.0407 0.0134
vt 0.0479 0.0134
vt 0.0000 0.0000
vt 0.0045 0.0000
vt 0.0090 0.0000
vt 0.0135 0.0000
vt 0.0180 0.0000
vt 0.0225 0.0000
vt 0.0270 0.0000
vt 0.0000 0.0034
vt 0.0045 0.0034
vt 0.0090 0.0034
vt 0.0135 0.0034
vt 0.0180 0.0034
vt 0.0225 0.0034
vt 0.0270 0.0034
vt 0.0000 0.0062
vt 0.0045 0.0062
vt 0.0090 0.0062
vt 0.0135 0.0062
vt 0.0180 0.0062
vt 0.0225 0.0062
vt 0.0270 0.0062
vt 0.0000 0.0091
vt 0.0045 0.0091
vt 0.0090 0.0091
vt 0.0135 0.0091
vt 0.0180 0.0091
vt 0.0225 0.0091
vt 0.0270 0.0091
vt 0.0000 0.0124
vt 0.0045 0.0124
vt 0.0090 0.0124
vt 0.0135 0.0124
vt 0.0180 0.0124
vt 0.0225 0.0124
vt 0.0270 0.0124
vt 0.0000 0.0000
vt 0.0072 0.0000
vt 0.0120 0.0000
vt 0.0168 0.0000
vt 0.0239 0.0000
vt 0.0311 0.0000
vt 0.0359 0.0000
vt 0.0407 0.0000
vt 0.0479 0.0000
vt 0.0000 0.0039
vt 0.0072 0.0039
vt 0.0120 0.0039
vt 0.0168 0.0039
vt 0.0239 0.0039
vt 0.0311 0.0039
vt 0.0359 0.0039
vt 0.0407 0.0039
vt 0.0479 0.0039
vt 0.0000 0.0067
vt 0.0072 0.0067
vt 0.0120 0.0067
vt 0.0168 0.0067
vt 0.0239 0.0067
vt 0.0311 0.0067
vt 0.0359 0.0067
vt 0.0407 0.0067
vt 0.0479 0.0067
vt 0.0000 0.0095
vt 0.0072 0.0095
vt 0.0120 0.0095
vt 0.0168 0.0095
vt 0.0239 0.0095
vt 0.0311 0.0095
vt 0.0359 0.0095
vt 0.0407 0.0095
vt 0.0479 0.0095
vt 0.0000 0.0134
vt 0.0072 0.0134
vt 0.0120 0.0134
vt 0.0168 0.0134
vt 0.0239 0.0134
vt 0.0311 0.0134
vt 0.0359 0.0134
vt 0.0407 0.0134
vt 0.0479 0.0134
vt 0.0000 0.0000
vt 0.0072 0.0000
vt 0.0120 0.0000
vt 0.0168 0.0000
vt 0.0239 0.0000
vt 0.0311 0.0000
vt 0.0359 0.0000
vt 0.0407 0.0000
vt 0.0479 0.0000
vt 0.0000 0.0039
vt 0.0072 0.0039
vt 0.0120 0.0039
vt 0.0168 0.0039
vt 0.0239 0.0039
vt 0.0311 0.0039
vt 0.0359 0.0039
vt 0.0407 0.0039
vt 0.0479 0.0039
vt 0.0000 0.0067
vt 0.0072 0.0067
vt 0.0120 0.0067
vt 0.0168 0.0067
vt 0.0239 0.0067
vt 0.0311 0.0067
vt 0.0359 0.0067
vt 0.0407 0.0067
vt 0.0479 0.0067
vt 0.0000 0.0095
vt 0.0072 0.0095
vt 0.0120 0.0095
vt 0.0168 0.0095
vt 0.0239 0.0095
vt 0.0311 0.0095
vt 0.0359 0.0095
vt 0.0407 0.0095
vt 0.0479 0.0095
vt 0.0000 0.0134
vt 0.0072 0.0134
vt 0.0120 0.0134
vt 0.0168 0.0134
vt 0.0239 0.0134
vt 0.0311 0.0134
vt 0.0359 0.0134
vt 0.0407 0.0134
vt 0.0479 0.0134
vt 0.0000 0.0000
vt 0.0072 0.0000
vt 0.0120 0.0000
vt 0.0168 0.0000
vt 0.0239 0.0000
vt 0.0311 0.0000
vt 0.0359 0.0000
vt 0.0407 0.0000
vt 0.0479 0.0000
vt 0.0000 0.0039
vt 0.0072 0.0039
vt 0.0120 0.0039
vt 0.0168 0.0039
vt 0.0239 0.0039
vt 0.0311 0.0039
vt 0.0359 0.0039
vt 0.0407 0.0039
vt 0.0479 0.0039
vt 0.0000 0.0067
vt 0.0072 0.0067
vt 0.0120 0.0067
vt 0.0168 0.0067
vt 0.0239 0.0067
vt 0.0311 0.0067
vt 0.0359 0.0067
vt 0.0407 0.0067
vt 0.0479 0.0067
vt 0.0000 0.0095
vt 0.0072 0.0095
vt 0.0120 0.0095
vt 0.0168 0.0095
vt 0.0239 0.0095
vt 0.0311 0.0095
vt 0.0359 0.0095
vt 0.0407 0.0095
vt 0.0479 0.0095
vt 0.0000 0.0134
vt 0.0072 0.0134
vt 0.0120 0.0134
vt 0.0168 0.0134
vt 0.0239 0.0134
vt 0.0311 0.0134
vt 0.0359 0.0134
vt 0.0407 0.0134
vt 0.0479 0.0134
vt 0.0000 0.0000
vt 0.0072 0.0000
vt 0.0120 0.0000
vt 0.0168 0.0000
vt 0.0239 0.0000
vt 0.0311 0.0000
vt 0.0359 0.0000
vt 0.0407 0.0000
vt 0.0479 0.0000
vt 0.0000 0.0039
vt 0.0072 0.0039
vt 0.0120 0.0039
vt 0.0168 0.0039
vt 0.0239 0.0039
vt 0.0311 0.0039
vt 0.0359 0.0039
vt 0.0407 0.0039
vt 0.0479 0.0039
vt 0.0000 0.0067
vt 0.0072 0.0067
vt 0.0120 0.0067
vt 0.0168 0.0067
vt 0.0239 0.0067
vt 0.0311 0.0067
vt 0.0359 0.0067
vt 0.0407 0.0067
vt 0.0479 0.0067
vt 0.0000 0.0095
vt 0.0072 0.0095
vt 0.0120 0.0095
vt 0.0168 0.0095
vt 0.0239 0.0095
vt 0.0311 0.0095
vt 0.0359 0.0095
vt 0.0407 0.0095
vt 0.0479 0.0095
vt 0.0000 0.0134
vt 0.0072 0.0134
vt 0.0120 0.0134
vt 0.0168 0.0134
vt 0.0239 0.0134
vt 0.0311 0.0134
vt 0.0359 0.0134
vt 0.0407 0.0134
vt 0.0479 0.0134
vt 0.0000 0.0000
vt 0.0072 0.0000
vt 0.0120 0.0000
vt 0.0168 0.0000
vt 0.0239 0.0000
vt 0.0311 0.0000
vt 0.0359 0.0000
vt 0.0407 0.0000
vt 0.0479 0.0000
vt 0.0000 0.0039
vt 0.0072 0.0039
vt 0.0120 0.0039
vt 0.0168 0.0039
vt 0.0239 0.0039
vt 0.0311 0.0039
vt 0.0359 0.0039
vt 0.0407 0.0039
vt 0.0479 0.0039
vt 0.0000 0.0067
vt 0.0072 0.0067
vt 0.0120 0.0067
vt 0.0168 0.0067
vt 0.0239 0.0067
vt 0.0311 0.0067
vt 0.0359 0.0067
vt 0.0407 0.0067
vt 0.0479 0.0067
vt 0.0000 0.0095
vt 0.0072 0.0095
vt 0.0120 0.0095
vt 0.0168 0.0095
vt 0.0239 0.0095
vt 0.0311 0.0095
vt 0.0359 0.0095
vt 0.0407 0.0095
vt 0.0479 0.0095
vt 0.0000 0.0134
vt 0.0072 0.0134
vt 0.0120 0.0134
vt 0.0168 0.0134
vt 0.0239 0.0134
vt 0.0311 0.0134
vt 0.0359 0.0134
vt 0.0407 0.0134
vt 0.0479 0.0134
vt 0.0000 0.0000
vt 0.0045 0.0000
vt 0.0090 0.0000
vt 0.0135 0.0000
vt 0.0180 0.0000
vt 0.0225 0.0000
vt 0.0270 0.0000
vt 0.0000 0.0034
vt 0.0045 0.0034
vt 0.0090 0.0034
vt 0.0135 0.0034
vt 0.0180 0.0034
vt 0.0225 0.0034
vt 0.0270 0.0034
vt 0.0000 0.0062
vt 0.0045 0.0062
vt 0.0090 0.0062
vt 0.0135 0.0062
vt 0.0180 0.0062
vt 0.0225 0.0062
vt 0.0270 0.0062
vt 0.0000 0.0091
vt 0.0045 0.0091
vt 0.0090 0.0091
vt 0.0135 0.0091
vt 0.0180 0.0091
vt 0.0225 0.0091
vt 0.0270 0.0091
vt 0.0000 0.0124
vt 0.0045 0.0124
vt 0.0090 0.0124
vt 0.0135 0.0124
vt 0.0180 0.0124
vt 0.0225 0.0124
vt 0.0270 0.0124
vn -0.000 -0.857 0.514
vn 0.208 -0.900 0.382
vn 0.311 -0.950 0.000
vn 0.208 -0.900 -0.382
vn 0.000 -0.857 -0.514
vn -0.208 -0.900 -0.382
vn -0.311 -0.950 -0.000
vn -0.208 -0.900 0.382
vn -0.000 -0.857 0.514
vn -0.000 -0.857 0.514
vn 0.208 -0.900 0.382
vn 0.311 -0.950 0.000
vn 0.208 -0.900 -0.382
vn 0.000 -0.857 -0.514
vn -0.208 -0.900 -0.382
vn -0.311 -0.950 -0.000
vn -0.208 -0.900 0.382
vn -0.000 -0.857 0.514
vn -0.000 0.000 1.000
vn 0.479 0.000 0.878
vn 1.000 0.000 0.000
vn 0.479 0.000 -0.878
vn 0.000 0.000 -1.000
vn -0.479 0.000 -0.878
vn -1.000 0.000 -0.000
vn -0.479 0.000 0.878
vn -0.000 0.000 1.000
vn -0.000 0.857 0.514
vn 0.208 0.900 0.382
vn 0.311 0.950 0.000
vn 0.208 0.900 -0.382
vn 0.000 0.857 -0.514
vn -0.208 0.900 -0.382
vn -0.311 0.950 -0.000
vn -0.208 0.900 0.382
vn -0.000 0.857 0.514
vn -0.000 0.857 0.514
vn 0.208 0.900 0.382
vn 0.311 0.950 0.000
vn 0.208 0.900 -0.382
vn 0.000 0.857 -0.514
vn -0.208 0.900 -0.382
vn -0.311 0.950 -0.000
vn -0.208 0.900 0.382
vn -0.000 0.857 0.514
vn -0.489 -0.857 0.159
vn -0.299 -0.900 0.316
vn 0.096 -0.950 0.296
vn 0.428 -0.900 0.080
vn 0.489 -0.857 -0.159
vn 0.299 -0.900 -0.316
vn -0.096 -0.950 -0.296
vn -0.428 -0.900 -0.080
vn -0.489 -0.857 0.159
vn -0.489 -0.857 0.159
vn -0.299 -0.900 0.316
vn 0.096 -0.950 0.296
vn 0.428 -0.900 0.080
vn 0.489 -0.857 -0.159
vn 0.299 -0.900 -0.316
vn -0.096 -0.950 -0.296
vn -0.428 -0.900 -0.080
vn -0.489 -0.857 0.159
vn -0.951 0.000 0.309
vn -0.687 0.000 0.727
vn 0.309 0.000 0.951
vn 0.983 0.000 0.184
vn 0.951 0.000 -0.309
vn 0.687 0.000 -0.727
vn -0.309 0.000 -0.951
vn -0.983 0.000 -0.184
vn -0.951 0.000 0.309
vn -0.489 0.857 0.159
vn -0.299 0.900 0.316
vn 0.096 0.950 0.296
vn 0.428 0.900 0.080
vn 0.489 0.857 -0.159
vn 0.299 0.900 -0.316
vn -0.096 0.950 -0.296
vn -0.428 0.900 -0.080
vn -0.489 0.857 0.159
vn -0.489 0.857 0.159
vn -0.299 0.900 0.316
vn 0.096 0.950 0.296
vn 0.428 0.900 0.080
vn 0.489 0.857 -0.159
vn 0.299 0.900 -0.316
vn -0.096 0.950 -0.296
vn -0.428 0.900 -0.080
vn -0.489 0.857 0.159
vn -0.302 -0.857 -0.416
vn -0.393 -0.900 -0.187
vn -0.252 -0.950 0.183
vn 0.056 -0.900 0.432
vn 0.302 -0.857 0.416
vn 0.393 -0.900 0.187
vn 0.252 -0.950 -0.183
vn -0.056 -0.900 -0.432
vn -0.302 -0.857 -0.416
vn -0.302 -0.857 -0.416
vn -0.393 -0.900 -0.187
vn -0.252 -0.950 0.183
vn 0.056 -0.900 0.432
vn 0.302 -0.857 0.416
vn 0.393 -0.900 0.187
vn 0.252 -0.950 -0.183
vn -0.056 -0.900 -0.432
vn -0.302 -0.857 -0.416
vn -0.588 0.000 -0.809
vn -0.903 0.000 -0.429
vn -0.809 0.000 0.588
vn 0.129 0.000 0.992
vn 0.588 0.000 0.809
vn 0.903 0.000 0.429
vn 0.809 0.000 -0.588
vn -0.129 0.000 -0.992
vn -0.588 0.000 -0.809
vn -0.302 0.857 -0.416
vn -0.393 0.900 -0.187
vn -0.252 0.950 0.183
vn 0.056 0.900 0.432
vn 0.302 0.857 0.416
vn 0.393 0.900 0.187
vn 0.252 0.950 -0.183
vn -0.056 0.900 -0.432
vn -0.302 0.857 -0.416
vn -0.302 0.857 -0.416
vn -0.393 0.900 -0.187
vn -0.252 0.950 0.183
vn 0.056 0.900 0.432
vn 0.302 0.857 0.416
vn 0.393 0.900 0.187
vn 0.252 0.950 -0.183
vn -0.056 0.900 -0.432
vn -0.302 0.857 -0.416
vn 0.302 -0.857 -0.416
vn 0.056 -0.900 -0.432
vn -0.252 -0.950 -0.183
vn -0.393 -0.900 0.187
vn -0.302 -0.857 0.416
vn -0.056 -0.900 0.432
vn 0.252 -0.950 0.183
vn 0.393 -0.900 -0.187
vn 0.302 -0.857 -0.416
vn 0.302 -0.857 -0.416
vn 0.056 -0.900 -0.432
vn -0.252 -0.950 -0.183
vn -0.393 -0.900 0.187
vn -0.302 -0.857 0.416
vn -0.056 -0.900 0.432
vn 0.252 -0.950 0.183
vn 0.393 -0.900 -0.187
vn 0.302 -0.857 -0.416
vn 0.588 0.000 -0.809
vn 0.129 0.000 -0.992
vn -0.809 0.000 -0.588
vn -0.903 0.000 0.429
vn -0.588 0.000 0.809
vn -0.129 0.000 0.992
vn 0.809 0.000 0.588
vn 0.903 0.000 -0.429
vn 0.588 0.000 -0.809
vn 0.302 0.857 -0.416
vn 0.056 0.900 -0.432
vn -0.252 0.950 -0.183
vn -0.393 0.900 0.187
vn -0.302 0.857 0.416
vn -0.056 0.900 0.432
vn 0.252 0.950 0.183
vn 0.393 0.900 -0.187
vn 0.302 0.857 -0.416
vn 0.302 0.857 -0.416
vn 0.056 0.900 -0.432
vn -0.252 0.950 -0.183
vn -0.393 0.900 0.187
vn -0.302 0.857 0.416
vn -0.056 0.900 0.432
vn 0.252 0.950 0.183
vn 0.393 0.900 -0.187
vn 0.302 0.857 -0.416
vn 0.489 -0.857 0.159
vn 0.428 -0.900 -0.080
vn 0.096 -0.950 -0.296
vn -0.299 -0.900 -0.316
vn -0.489 -0.857 -0.159
vn -0.428 -0.900 0.080
vn -0.096 -0.950 0.296
vn 0.299 -0.900 0.316
vn 0.489 -0.857 0.159
vn 0.489 -0.857 0.159
vn 0.428 -0.900 -0.080
vn 0.096 -0.950 -0.296
vn -0.299 -0.900 -0.316
vn -0.489 -0.857 -0.159
vn -0.428 -0.900 0.080
vn -0.096 -0.950 0.296
vn 0.299 -0.900 0.316
vn 0.489 -0.857 0.159
vn 0.951 0.000 0.309
vn 0.983 0.000 -0.184
vn 0.309 0.000 -0.951
vn -0.687 0.000 -0.727
vn -0.951 0.000 -0.309
vn -0.983 0.000 0.184
vn -0.309 0.000 0.951
vn 0.687 0.000 0.727
vn 0.951 0.000 0.309
vn 0.489 0.857 0.159
vn 0.428 0.900 -0.080
vn 0.096 0.950 -0.296
vn -0.299 0.900 -0.316
vn -0.489 0.857 -0.159
vn -0.428 0.900 0.080
vn -0.096 0.950 0.296
vn 0.299 0.900 0.316
vn 0.489 0.857 0.159
vn 0.489 0.857 0.159
vn 0.428 0.900 -0.080
vn 0.096 0.950 -0.296
vn -0.299 0.900 -0.316
vn -0.489 0.857 -0.159
vn -0.428 0.900 0.080
vn -0.096 0.950 0.296
vn 0.299 0.900 0.316
vn 0.489 0.857 0.159
vn 0.000 -0.781 0.625
vn 0.541 -0.781 0.312
vn 0.541 -0.781 -0.312
vn 0.000 -0.781 -0.625
vn -0.541 -0.781 -0.312
vn -0.541 -0.781 0.312
vn 0.000 -0.781 0.625
vn 0.000 -0.781 0.625
vn 0.541 -0.781 0.312
vn 0.541 -0.781 -0.312
vn 0.000 -0.781 -0.625
vn -0.541 -0.781 -0.312
vn -0.541 -0.781 0.312
vn 0.000 -0.781 0.625
vn 0.000 0.000 1.000
vn 0.866 0.000 0.500
vn 0.866 0.000 -0.500
vn 0.000 0.000 -1.000
vn -0.866 0.000 -0.500
vn -0.866 0.000 0.500
vn 0.000 0.000 1.000
vn 0.000 0.781 0.625
vn 0.541 0.781 0.312
vn 0.541 0.781 -0.312
vn 0.000 0.781 -0.625
vn -0.541 0.781 -0.312
vn -0.541 0.781 0.312
vn 0.000 0.781 0.625
vn 0.000 0.781 0.625
vn 0.541 0.781 0.312
vn 0.541 0.781 -0.312
vn 0.000 0.781 -0.625
vn -0.541 0.781 -0.312
vn -0.541 0.781 0.312
vn 0.000 0.781 0.625
vn -0.000 -0.857 0.514
vn 0.208 -0.900 0.382
vn 0.311 -0.950 0.000
vn 0.208 -0.900 -0.382
vn 0.000 -0.857 -0.514
vn -0.208 -0.900 -0.382
vn -0.311 -0.950 -0.000
vn -0.208 -0.900 0.382
vn -0.000 -0.857 0.514
vn -0.000 -0.857 0.514
vn 0.208 -0.900 0.382
vn 0.311 -0.950 0.000
vn 0.208 -0.900 -0.382
vn 0.000 -0.857 -0.514
vn -0.208 -0.900 -0.382
vn -0.311 -0.950 -0.000
vn -0.208 -0.900 0.382
vn -0.000 -0.857 0.514
vn -0.000 0.000 1.000
vn 0.479 0.000 0.878
vn 1.000 0.000 0.000
vn 0.479 0.000 -0.878
vn 0.000 0.000 -1.000
vn -0.479 0.000 -0.878
vn -1.000 0.000 -0.000
vn -0.479 0.000 0.878
vn -0.000 0.000 1.000
vn -0.000 0.857 0.514
vn 0.208 0.900 0.382
vn 0.311 0.950 0.000
vn 0.208 0.900 -0.382
vn 0.000 0.857 -0.514
vn -0.208 0.900 -0.382
vn -0.311 0.950 -0.000
vn -0.208 0.900 0.382
vn -0.000 0.857 0.514
vn -0.000 0.857 0.514
vn 0.208 0.900 0.382
vn 0.311 0.950 0.000
vn 0.208 0.900 -0.382
vn 0.000 0.857 -0.514
vn -0.208 0.900 -0.382
vn -0.311 0.950 -0.000
vn -0.208 0.900 0.382
vn -0.000 0.857 0.514
vn -0.489 -0.857 0.159
vn -0.299 -0.900 0.316
vn 0.096 -0.950 0.296
vn 0.428 -0.900 0.080
vn 0.489 -0.857 -0.159
vn 0.299 -0.900 -0.316
vn -0.096 -0.950 -0.296
vn -0.428 -0.900 -0.080
vn -0.489 -0.857 0.159
vn -0.489 -0.857 0.159
vn -0.299 -0.900 0.316
vn 0.096 -0.950 0.296
vn 0.428 -0.900 0.080
vn 0.489 -0.857 -0.159
vn 0.299 -0.900 -0.316
vn -0.096 -0.950 -0.296
vn -0.428 -0.900 -0.080
vn -0.489 -0.857 0.159
vn -0.951 0.000 0.309
vn -0.687 0.000 0.727
vn 0.309 0.000 0.951
vn 0.983 0.000 0.184
vn 0.951 0.000 -0.309
vn 0.687 0.000 -0.727
vn -0.309 0.000 -0.951
vn -0.983 0.000 -0.184
vn -0.951 0.000 0.309
vn -0.489 0.857 0.159
vn -0.299 0.900 0.316
vn 0.096 0.950 0.296
vn 0.428 0.900 0.080
vn 0.489 0.857 -0.159
vn 0.299 0.900 -0.316
vn -0.096 0.950 -0.296
vn -0.428 0.900 -0.080
vn -0.489 0.857 0.159
vn -0.489 0.857 0.159
vn -0.299 0.900 0.316
vn 0.096 0.950 0.296
vn 0.428 0.900 0.080
vn 0.489 0.857 -0.159
vn 0.299 0.900 -0.316
vn -0.096 0.950 -0.296
vn -0.428 0.900 -0.080
vn -0.489 0.857 0.159
vn -0.302 -0.857 -0.416
vn -0.393 -0.900 -0.187
vn -0.252 -0.950 0.183
vn 0.056 -0.900 0.432
vn 0.302 -0.857 0.416
vn 0.393 -0.900 0.187
vn 0.252 -0.950 -0.183
vn -0.056 -0.900 -0.432
vn -0.302 -0.857 -0.416
vn -0.302 -0.857 -0.416
vn -0.393 -0.900 -0.187
vn -0.252 -0.950 0.183
vn 0.056 -0.900 0.432
vn 0.302 -0.857 0.416
vn 0.393 -0.900 0.187
vn 0.252 -0.950 -0.183
vn -0.056 -0.900 -0.432
vn -0.302 -0.857 -0.416
vn -0.588 0.000 -0.809
vn -0.903 0.000 -0.429
vn -0.809 0.000 0.588
vn 0.129 0.000 0.992
vn 0.588 0.000 0.809
vn 0.903 0.000 0.429
vn 0.809 0.000 -0.588
vn -0.129 0.000 -0.992
vn -0.588 0.000 -0.809
vn -0.302 0.857 -0.416
vn -0.393 0.900 -0.187
vn -0.252 0.950 0.183
vn 0.056 0.900 0.432
vn 0.302 0.857 0.416
vn 0.393 0.900 0.187
vn 0.252 0.950 -0.183
vn -0.056 0.900 -0.432
vn -0.302 0.857 -0.416
vn -0.302 0.857 -0.416
vn -0.393 0.900 -0.187
vn -0.252 0.950 0.183
vn 0.056 0.900 0.432
vn 0.302 0.857 0.416
vn 0.393 0.900 0.187
vn 0.252 0.950 -0.183
vn -0.056 0.900 -0.432
vn -0.302 0.857 -0.416
vn 0.302 -0.857 -0.416
vn 0.056 -0.900 -0.432
vn -0.252 -0.950 -0.183
vn -0.393 -0.900 0.187
vn -0.302 -0.857 0.416
vn -0.056 -0.900 0.432
vn 0.252 -0.950 0.183
vn 0.393 -0.900 -0.187
vn 0.302 -0.857 -0.416
vn 0.302 -0.857 -0.416
vn 0.056 -0.900 -0.432
vn -0.252 -0.950 -0.183
vn -0.393 -0.900 0.187
vn -0.302 -0.857 0.416
vn -0.056 -0.900 0.432
vn 0.252 -0.950 0.183
vn 0.393 -0.900 -0.187
vn 0.302 -0.857 -0.416
vn 0.588 0.000 -0.809
vn 0.129 0.000 -0.992
vn -0.809 0.000 -0.588
vn -0.903 0.000 0.429
vn -0.588 0.000 0.809
vn -0.129 0.000 0.992
vn 0.809 0.000 0.588
vn 0.903 0.000 -0.429
vn 0.588 0.000 -0.809
vn 0.302 0.857 -0.416
vn 0.056 0.900 -0.432
vn -0.252 0.950 -0.183
vn -0.393 0.900 0.187
vn -0.302 0.857 0.416
vn -0.056 0.900 0.432
vn 0.252 0.950 0.183
vn 0.393 0.900 -0.187
vn 0.302 0.857 -0.416
vn 0.302 0.857 -0.416
vn 0.056 0.900 -0.432
vn -0.252 0.950 -0.183
vn -0.393 0.900 0.187
vn -0.302 0.857 0.416
vn -0.056 0.900 0.432
vn 0.252 0.950 0.183
vn 0.393 0.900 -0.187
vn 0.302 0.857 -0.416
vn 0.489 -0.857 0.159
vn 0.428 -0.900 -0.080
vn 0.096 -0.950 -0.296
vn -0.299 -0.900 -0.316
vn -0.489 -0.857 -0.159
vn -0.428 -0.900 0.080
vn -0.096 -0.950 0.296
vn 0.299 -0.900 0.316
vn 0.489 -0.857 0.159
vn 0.489 -0.857 0.159
vn 0.428 -0.900 -0.080
vn 0.096 -0.950 -0.296
vn -0.299 -0.900 -0.316
vn -0.489 -0.857 -0.159
vn -0.428 -0.900 0.080
vn -0.096 -0.950 0.296
vn 0.299 -0.900 0.316
vn 0.489 -0.857 0.159
vn 0.951 0.000 0.309
vn 0.983 0.000 -0.184
vn 0.309 0.000 -0.951
vn -0.687 0.000 -0.727
vn -0.951 0.000 -0.309
vn -0.983 0.000 0.184
vn -0.309 0.000 0.951
vn 0.687 0.000 0.727
vn 0.951 0.000 0.309
vn 0.489 0.857 0.159
vn 0.428 0.900 -0.080
vn 0.096 0.950 -0.296
vn -0.299 0.900 -0.316
vn -0.489 0.857 -0.159
vn -0.428 0.900 0.080
vn -0.096 0.950 0.296
vn 0.299 0.900 0.316
vn 0.489 0.857 0.159
vn 0.489 0.857 0.159
vn 0.428 0.900 -0.080
vn 0.096 0.950 -0.296
vn -0.299 0.900 -0.316
vn -0.489 0.857 -0.159
vn -0.428 0.900 0.080
vn -0.096 0.950 0.296
vn 0.299 0.900 0.316
vn 0.489 0.857 0.159
vn 0.000 -0.781 0.625
vn 0.541 -0.781 0.312
vn 0.541 -0.781 -0.312
vn 0.000 -0.781 -0.625
vn -0.541 -0.781 -0.312
vn -0.541 -0.781 0.312
vn 0.000 -0.781 0.625
vn 0.000 -0.781 0.625
vn 0.541 -0.781 0.312
vn 0.541 -0.781 -0.312
vn 0.000 -0.781 -0.625
vn -0.541 -0.781 -0.312
vn -0.541 -0.781 0.312
vn 0.000 -0.781 0.625
vn 0.000 0.000 1.000
vn 0.866 0.000 0.500
vn 0.866 0.000 -0.500
vn 0.000 0.000 -1.000
vn -0.866 0.000 -0.500
vn -0.866 0.000 0.500
vn 0.000 0.000 1.000
vn 0.000 0.781 0.625
vn 0.541 0.781 0.312
vn 0.541 0.781 -0.312
vn 0.000 0.781 -0.625
vn -0.541 0.781 -0.312
vn -0.541 0.781 0.312
vn 0.000 0.781 0.625
vn 0.000 0.781 0.625
vn 0.541 0.781 0.312
vn 0.541 0.781 -0.312
vn 0.000 0.781 -0.625
vn -0.541 0.781 -0.312
vn -0.541 0.781 0.312
vn 0.000 0.781 0.625
vn -0.000 -0.857 0.514
vn 0.208 -0.900 0.382
vn 0.311 -0.950 0.000
vn 0.208 -0.900 -0.382
vn 0.000 -0.857 -0.514
vn -0.208 -0.900 -0.382
vn -0.311 -0.950 -0.000
vn -0.208 -0.900 0.382
vn -0.000 -0.857 0.514
vn -0.000 -0.857 0.514
vn 0.208 -0.900 0.382
vn 0.311 -0.950 0.000
vn 0.208 -0.900 -0.382
vn 0.000 -0.857 -0.514
vn -0.208 -0.900 -0.382
vn -0.311 -0.950 -0.000
vn -0.208 -0.900 0.382
vn -0.000 -0.857 0.514
vn -0.000 0.000 1.000
vn 0.479 0.000 0.878
vn 1.000 0.000 0.000
vn 0.479 0.000 -0.878
vn 0.000 0.000 -1.000
vn -0.479 0.000 -0.878
vn -1.000 0.000 -0.000
vn -0.479 0.000 0.878
vn -0.000 0.000 1.000
vn -0.000 0.857 0.514
vn 0.208 0.900 0.382
vn 0.311 0.950 0.000
vn 0.208 0.900 -0.382
vn 0.000 0.857 -0.514
vn -0.208 0.900 -0.382
vn -0.311 0.950 -0.000
vn -0.208 0.900 0.382
vn -0.000 0.857 0.514
vn -0.000 0.857 0.514
vn 0.208 0.900 0.382
vn 0.311 0.950 0.000
vn 0.208 0.900 -0.382
vn 0.000 0.857 -0.514
vn -0.208 0.900 -0.382
vn -0.311 0.950 -0.000
vn -0.208 0.900 0.382
vn -0.000 0.857 0.514
vn -0.489 -0.857 0.159
vn -0.299 -0.900 0.316
vn 0.096 -0.950 0.296
vn 0.428 -0.900 0.080
vn 0.489 -0.857 -0.159
vn 0.299 -0.900 -0.316
vn -0.096 -0.950 -0.296
vn -0.428 -0.900 -0.080
vn -0.489 -0.857 0.159
vn -0.489 -0.857 0.159
vn -0.299 -0.900 0.316
vn 0.096 -0.950 0.296
vn 0.428 -0.900 0.080
vn 0.489 -0.857 -0.159
vn 0.299 -0.900 -0.316
vn -0.096 -0.950 -0.296
vn -0.428 -0.900 -0.080
vn -0.489 -0.857 0.159
vn -0.951 0.000 0.309
vn -0.687 0.000 0.727
vn 0.309 0.000 0.951
vn 0.983 0.000 0.184
vn 0.951 0.000 -0.309
vn 0.687 0.000 -0.727
vn -0.309 0.000 -0.951
vn -0.983 0.000 -0.184
vn -0.951 0.000 0.309
vn -0.489 0.857 0.159
vn -0.299 0.900 0.316
vn 0.096 0.950 0.296
vn 0.428 0.900 0.080
vn 0.489 0.857 -0.159
vn 0.299 0.900 -0.316
vn -0.096 0.950 -0.296
vn -0.428 0.900 -0.080
vn -0.489 0.857 0.159
vn -0.489 0.857 0.159
vn -0.299 0.900 0.316
vn 0.096 0.950 0.296
vn 0.428 0.900 0.080
vn 0.489 0.857 -0.159
vn 0.299 0.900 -0.316
vn -0.096 0.950 -0.296
vn -0.428 0.900 -0.080
vn -0.489 0.857 0.159
vn -0.302 -0.857 -0.416
vn -0.393 -0.900 -0.187
vn -0.252 -0.950 0.183
vn 0.056 -0.900 0.432
vn 0.302 -0.857 0.416
vn 0.393 -0.900 0.187
vn 0.252 -0.950 -0.183
vn -0.056 -0.900 -0.432
vn -0.302 -0.857 -0.416
vn -0.302 -0.857 -0.416
vn -0.393 -0.900 -0.187
vn -0.252 -0.950 0.183
vn 0.056 -0.900 0.432
vn 0.302 -0.857 0.416
vn 0.393 -0.900 0.187
vn 0.252 -0.950 -0.183
vn -0.056 -0.900 -0.432
vn -0.302 -0.857 -0.416
vn -0.588 0.000 -0.809
vn -0.903 0.000 -0.429
vn -0.809 0.000 0.588
vn 0.129 0.000 0.992
vn 0.588 0.000 0.809
vn 0.903 0.000 0.429
vn 0.809 0.000 -0.588
vn -0.129 0.000 -0.992
vn -0.588 0.000 -0.809
vn -0.302 0.857 -0.416
vn -0.393 0.900 -0.187
vn -0.252 0.950 0.183
vn 0.056 0.900 0.432
vn 0.302 0.857 0.416
vn 0.393 0.900 0.187
vn 0.252 0.950 -0.183
vn -0.056 0.900 -0.432
vn -0.302 0.857 -0.416
vn -0.302 0.857 -0.416
vn -0.393 0.900 -0.187
vn -0.252 0.950 0.183
vn 0.056 0.900 0.432
vn 0.302 0.857 0.416
vn 0.393 0.900 0.187
vn 0.252 0.950 -0.183
vn -0.056 0.900 -0.432
vn -0.302 0.857 -0.416
vn 0.302 -0.857 -0.416
vn 0.056 -0.900 -0.432
vn -0.252 -0.950 -0.183
vn -0.393 -0.900 0.187
vn -0.302 -0.857 0.416
vn -0.056 -0.900 0.432
vn 0.252 -0.950 0.183
vn 0.393 -0.900 -0.187
vn 0.302 -0.857 -0.416
vn 0.302 -0.857 -0.416
vn 0.056 -0.900 -0.432
vn -0.252 -0.950 -0.183
vn -0.393 -0.900 0.187
vn -0.302 -0.857 0.416
vn -0.056 -0.900 0.432
vn 0.252 -0.950 0.183
vn 0.393 -0.900 -0.187
vn 0.302 -0.857 -0.416
vn 0.588 0.000 -0.809
vn 0.129 0.000 -0.992
vn -0.809 0.000 -0.588
vn -0.903 0.000 0.429
vn -0.588 0.000 0.809
vn -0.129 0.000 0.992
vn 0.809 0.000 0.588
vn 0.903 0.000 -0.429
vn 0.588 0.000 -0.809
vn 0.302 0.857 -0.416
vn 0.056 0.900 -0.432
vn -0.252 0.950 -0.183
vn -0.393 0.900 0.187
vn -0.302 0.857 0.416
vn -0.056 0.900 0.432
vn 0.252 0.950 0.183
vn 0.393 0.900 -0.187
vn 0.302 0.857 -0.416
vn 0.302 0.857 -0.416
vn 0.056 0.900 -0.432
vn -0.252 0.950 -0.183
vn -0.393 0.900 0.187
vn -0.302 0.857 0.416
vn -0.056 0.900 0.432
vn 0.252 0.950 0.183
vn 0.393 0.900 -0.187
vn 0.302 0.857 -0.416
vn 0.489 -0.857 0.159
vn 0.428 -0.900 -0.080
vn 0.096 -0.950 -0.296
vn -0.299 -0.900 -0.316
vn -0.489 -0.857 -0.159
vn -0.428 -0.900 0.080
vn -0.096 -0.950 0.296
vn 0.299 -0.900 0.316
vn 0.489 -0.857 0.159
vn 0.489 -0.857 0.159
vn 0.428 -0.900 -0.080
vn 0.096 -0.950 -0.296
vn -0.299 -0.900 -0.316
vn -0.489 -0.857 -0.159
vn -0.428 -0.900 0.080
vn -0.096 -0.950 0.296
vn 0.299 -0.900 0.316
vn 0.489 -0.857 0.159
vn 0.951 0.000 0.309
vn 0.983 0.000 -0.184
vn 0.309 0.000 -0.951
vn -0.687 0.000 -0.727
vn -0.951 0.000 -0.309
vn -0.983 0.000 0.184
vn -0.309 0.000 0.951
vn 0.687 0.000 0.727
vn 0.951 0.000 0.309
vn 0.489 0.857 0.159
vn 0.428 0.900 -0.080
vn 0.096 0.950 -0.296
vn -0.299 0.900 -0.316
vn -0.489 0.857 -0.159
vn -0.428 0.900 0.080
vn -0.096 0.950 0.296
vn 0.299 0.900 0.316
vn 0.489 0.857 0.159
vn 0.489 0.857 0.159
vn 0.428 0.900 -0.080
vn 0.096 0.950 -0.296
vn -0.299 0.900 -0.316
vn -0.489 0.857 -0.159
vn -0.428 0.900 0.080
vn -0.096 0.950 0.296
vn 0.299 0.900 0.316
vn 0.489 0.857 0.159
vn 0.000 -0.781 0.625
vn 0.541 -0.781 0.312
vn 0.541 -0.781 -0.312
vn 0.000 -0.781 -0.625
vn -0.541 -0.781 -0.312
vn -0.541 -0.781 0.312
vn 0.000 -0.781 0.625
vn 0.000 -0.781 0.625
vn 0.541 -0.781 0.312
vn 0.541 -0.781 -0.312
vn 0.000 -0.781 -0.625
vn -0.541 -0.781 -0.312
vn -0.541 -0.781 0.312
vn 0.000 -0.781 0.625
vn 0.000 0.000 1.000
vn 0.866 0.000 0.500
vn 0.866 0.000 -0.500
vn 0.000 0.000 -1.000
vn -0.866 0.000 -0.500
vn -0.866 0.000 0.500
vn 0.000 0.000 1.000
vn 0.000 0.781 0.625
vn 0.541 0.781 0.312
vn 0.541 0.781 -0.312
vn 0.000 0.781 -0.625
vn -0.541 0.781 -0.312
vn -0.541 0.781 0.312
vn 0.000 0.781 0.625
vn 0.000 0.781 0.625
vn 0.541 0.781 0.312
vn 0.541 0.781 -0.312
vn 0.000 0.781 -0.625
vn -0.541 0.781 -0.312
vn -0.541 0.781 0.312
vn 0.000 0.781 0.625
vn -0.000 -0.857 0.514
vn 0.208 -0.900 0.382
vn 0.311 -0.950 0.000
vn 0.208 -0.900 -0.382
vn 0.000 -0.857 -0.514
vn -0.208 -0.900 -0.382
vn -0.311 -0.950 -0.000
vn -0.208 -0.900 0.382
vn -0.000 -0.857 0.514
vn -0.000 -0.857 0.514
vn 0.208 -0.900 0.382
vn 0.311 -0.950 0.000
vn 0.208 -0.900 -0.382
vn 0.000 -0.857 -0.514
vn -0.208 -0.900 -0.382
vn -0.311 -0.950 -0.000
vn -0.208 -0.900 0.382
vn -0.000 -0.857 0.514
vn -0.000 0.000 1.000
vn 0.479 0.000 0.878
vn 1.000 0.000 0.000
vn 0.479 0.000 -0.878
vn 0.000 0.000 -1.000
vn -0.479 0.000 -0.878
vn -1.000 0.000 -0.000
vn -0.479 0.000 0.878
vn -0.000 0.000 1.000
vn -0.000 0.857 0.514
vn 0.208 0.900 0.382
vn 0.311 0.950 0.000
vn 0.208 0.900 -0.382
vn 0.000 0.857 -0.514
vn -0.208 0.900 -0.382
vn -0.311 0.950 -0.000
vn -0.208 0.900 0.382
vn -0.000 0.857 0.514
vn -0.000 0.857 0.514
vn 0.208 0.900 0.382
vn 0.311 0.950 0.000
vn 0.208 0.900 -0.382
vn 0.000 0.857 -0.514
vn -0.208 0.900 -0.382
vn -0.311 0.950 -0.000
vn -0.208 0.900 0.382
vn -0.000 0.857 0.514
vn -0.489 -0.857 0.159
vn -0.299 -0.900 0.316
vn 0.096 -0.950 0.296
vn 0.428 -0.900 0.080
vn 0.489 -0.857 -0.159
vn 0.299 -0.900 -0.316
vn -0.096 -0.950 -0.296
vn -0.428 -0.900 -0.080
vn -0.489 -0.857 0.159
vn -0.489 -0.857 0.159
vn -0.299 -0.900 0.316
vn 0.096 -0.950 0.296
vn 0.428 -0.900 0.080
vn 0.489 -0.857 -0.159
vn 0.299 -0.900 -0.316
vn -0.096 -0.950 -0.296
vn -0.428 -0.900 -0.080
vn -0.489 -0.857 0.159
vn -0.951 0.000 0.309
vn -0.687 0.000 0.727
vn 0.309 0.000 0.951
vn 0.983 0.000 0.184
vn 0.951 0.000 -0.309
vn 0.687 0.000 -0.727
vn -0.309 0.000 -0.951
vn -0.983 0.000 -0.184
vn -0.951 0.000 0.309
vn -0.489 0.857 0.159
vn -0.299 0.900 0.316
vn 0.096 0.950 0.296
vn 0.428 0.900 0.080
vn 0.489 0.857 -0.159
vn 0.299 0.900 -0.316
vn -0.096 0.950 -0.296
vn -0.428 0.900 -0.080
vn -0.489 0.857 0.159
vn -0.489 0.857 0.159
vn -0.299 0.900 0.316
vn 0.096 0.950 0.296
vn 0.428 0.900 0.080
vn 0.489 0.857 -0.159
vn 0.299 0.900 -0.316
vn -0.096 0.950 -0.296
vn -0.428 0.900 -0.080
vn -0.489 0.857 0.159
vn -0.302 -0.857 -0.416
vn -0.393 -0.900 -0.187
vn -0.252 -0.950 0.183
vn 0.056 -0.900 0.432
vn 0.302 -0.857 0.416
vn 0.393 -0.900 0.187
vn 0.252 -0.950 -0.183
vn -0.056 -0.900 -0.432
vn -0.302 -0.857 -0.416
vn -0.302 -0.857 -0.416
vn -0.393 -0.900 -0.187
vn -0.252 -0.950 0.183
vn 0.056 -0.900 0.432
vn 0.302 -0.857 0.416
vn 0.393 -0.900 0.187
vn 0.252 -0.950 -0.183
vn -0.056 -0.900 -0.432
vn -0.302 -0.857 -0.416
vn -0.588 0.000 -0.809
vn -0.903 0.000 -0.429
vn -0.809 0.000 0.588
vn 0.129 0.000 0.992
vn 0.588 0.000 0.809
vn 0.903 0.000 0.429
vn 0.809 0.000 -0.588
vn -0.129 0.000 -0.992
vn -0.588 0.000 -0.809
vn -0.302 0.857 -0.416
vn -0.393 0.900 -0.187
vn -0.252 0.950 0.183
vn 0.056 0.900 0.432
vn 0.302 0.857 0.416
vn 0.393 0.900 0.187
vn 0.252 0.950 -0.183
vn -0.056 0.900 -0.432
vn -0.302 0.857 -0.416
vn -0.302 0.857 -0.416
vn -0.393 0.900 -0.187
vn -0.252 0.950 0.183
vn 0.056 0.900 0.432
vn 0.302 0.857 0.416
vn 0.393 0.900 0.187
vn 0.252 0.950 -0.183
vn -0.056 0.900 -0.432
vn -0.302 0.857 -0.416
vn 0.302 -0.857 -0.416
vn 0.056 -0.900 -0.432
vn -0.252 -0.950 -0.183
vn -0.393 -0.900 0.187
vn -0.302 -0.857 0.416
vn -0.056 -0.900 0.432
vn 0.252 -0.950 0.183
vn 0.393 -0.900 -0.187
vn 0.302 -0.857 -0.416
vn 0.302 -0.857 -0.416
vn 0.056 -0.900 -0.432
vn -0.252 -0.950 -0.183
vn -0.393 -0.900 0.187
vn -0.302 -0.857 0.416
vn -0.056 -0.900 0.432
vn 0.252 -0.950 0.183
vn 0.393 -0.900 -0.187
vn 0.302 -0.857 -0.416
vn 0.588 0.000 -0.809
vn 0.129 0.000 -0.992
vn -0.809 0.000 -0.588
vn -0.903 0.000 0.429
vn -0.588 0.000 0.809
vn -0.129 0.000 0.992
vn 0.809 0.000 0.588
vn 0.903 0.000 -0.429
vn 0.588 0.000 -0.809
vn 0.302 0.857 -0.416
vn 0.056 0.900 -0.432
vn -0.252 0.950 -0.183
vn -0.393 0.900 0.187
vn -0.302 0.857 0.416
vn -0.056 0.900 0.432
vn 0.252 0.950 0.183
vn 0.393 0.900 -0.187
vn 0.302 0.857 -0.416
vn 0.302 0.857 -0.416
vn 0.056 0.900 -0.432
vn -0.252 0.950 -0.183
vn -0.393 0.900 0.187
vn -0.302 0.857 0.416
vn -0.056 0.900 0.432
vn 0.252 0.950 0.183
vn 0.393 0.900 -0.187
vn 0.302 0.857 -0.416
vn 0.489 -0.857 0.159
vn 0.428 -0.900 -0.080
vn 0.096 -0.950 -0.296
vn -0.299 -0.900 -0.316
vn -0.489 -0.857 -0.159
vn -0.428 -0.900 0.080
vn -0.096 -0.950 0.296
vn 0.299 -0.900 0.316
vn 0.489 -0.857 0.159
vn 0.489 -0.857 0.159
vn 0.428 -0.900 -0.080
vn 0.096 -0.950 -0.296
vn -0.299 -0.900 -0.316
vn -0.489 -0.857 -0.159
vn -0.428 -0.900 0.080
vn -0.096 -0.950 0.296
vn 0.299 -0.900 0.316
vn 0.489 -0.857 0.159
vn 0.951 0.000 0.309
vn 0.983 0.000 -0.184
vn 0.309 0.000 -0.951
vn -0.687 0.000 -0.727
vn -0.951 0.000 -0.309
vn -0.983 0.000 0.184
vn -0.309 0.000 0.951
vn 0.687 0.000 0.727
vn 0.951 0.000 0.309
vn 0.489 0.857 0.159
vn 0.428 0.900 -0.080
vn 0.096 0.950 -0.296
vn -0.299 0.900 -0.316
vn -0.489 0.857 -0.159
vn -0.428 0.900 0.080
vn -0.096 0.950 0.296
vn 0.299 0.900 0.316
vn 0.489 0.857 0.159
vn 0.489 0.857 0.159
vn 0.428 0.900 -0.080
vn 0.096 0.950 -0.296
vn -0.299 0.900 -0.316
vn -0.489 0.857 -0.159
vn -0.428 0.900 0.080
vn -0.096 0.950 0.296
vn 0.299 0.900 0.316
vn 0.489 0.857 0.159
vn 0.000 -0.781 0.625
vn 0.541 -0.781 0.312
vn 0.541 -0.781 -0.312
vn 0.000 -0.781 -0.625
vn -0.541 -0.781 -0.312
vn -0.541 -0.781 0.312
vn 0.000 -0.781 0.625
vn 0.000 -0.781 0.625
vn 0.541 -0.781 0.312
vn 0.541 -0.781 -0.312
vn 0.000 -0.781 -0.625
vn -0.541 -0.781 -0.312
vn -0.541 -0.781 0.312
vn 0.000 -0.781 0.625
vn 0.000 0.000 1.000
vn 0.866 0.000 0.500
vn 0.866 0.000 -0.500
vn 0.000 0.000 -1.000
vn -0.866 0.000 -0.500
vn -0.866 0.000 0.500
vn 0.000 0.000 1.000
vn 0.000 0.781 0.625
vn 0.541 0.781 0.312
vn 0.541 0.781 -0.312
vn 0.000 0.781 -0.625
vn -0.541 0.781 -0.312
vn -0.541 0.781 0.312
vn 0.000 0.781 0.625
vn 0.000 0.781 0.625
vn 0.541 0.781 0.312
vn 0.541 0.781 -0.312
vn 0.000 0.781 -0.625
vn -0.541 0.781 -0.312
vn -0.541 0.781 0.312
vn 0.000 0.781 0.625
vn -0.000 -0.857 0.514
vn 0.208 -0.900 0.382
vn 0.311 -0.950 0.000
vn 0.208 -0.900 -0.382
vn 0.000 -0.857 -0.514
vn -0.208 -0.900 -0.382
vn -0.311 -0.950 -0.000
vn -0.208 -0.900 0.382
vn -0.000 -0.857 0.514
vn -0.000 -0.857 0.514
vn 0.208 -0.900 0.382
vn 0.311 -0.950 0.000
vn 0.208 -0.900 -0.382
vn 0.000 -0.857 -0.514
vn -0.208 -0.900 -0.382
vn -0.311 -0.950 -0.000
vn -0.208 -0.900 0.382
vn -0.000 -0.857 0.514
vn -0.000 0.000 1.000
vn 0.479 0.000 0.878
vn 1.000 0.000 0.000
vn 0.479 0.000 -0.878
vn 0.000 0.000 -1.000
vn -0.479 0.000 -0.878
vn -1.000 0.000 -0.000
vn -0.479 0.000 0.878
vn -0.000 0.000 1.000
vn -0.000 0.857 0.514
vn 0.208 0.900 0.382
vn 0.311 0.950 0.000
vn 0.208 0.900 -0.382
vn 0.000 0.857 -0.514
vn -0.208 0.900 -0.382
vn -0.311 0.950 -0.000
vn -0.208 0.900 0.382
vn -0.000 0.857 0.514
vn -0.000 0.857 0.514
vn 0.208 0.900 0.382
vn 0.311 0.950 0.000
vn 0.208 0.900 -0.382
vn 0.000 0.857 -0.514
vn -0.208 0.900 -0.382
vn -0.311 0.950 -0.000
vn -0.208 0.900 0.382
vn -0.000 0.857 0.514
vn -0.489 -0.857 0.159
vn -0.299 -0.900 0.316
vn 0.096 -0.950 0.296
vn 0.428 -0.900 0.080
vn 0.489 -0.857 -0.159
vn 0.299 -0.900 -0.316
vn -0.096 -0.950 -0.296
vn -0.428 -0.900 -0.080
vn -0.489 -0.857 0.159
vn -0.489 -0.857 0.159
vn -0.299 -0.900 0.316
vn 0.096 -0.950 0.296
vn 0.428 -0.900 0.080
vn 0.489 -0.857 -0.159
vn 0.299 -0.900 -0.316
vn -0.096 -0.950 -0.296
vn -0.428 -0.900 -0.080
vn -0.489 -0.857 0.159
vn -0.951 0.000 0.309
vn -0.687 0.000 0.727
vn 0.309 0.000 0.951
vn 0.983 0.000 0.184
vn 0.951 0.000 -0.309
vn 0.687 0.000 -0.727
vn -0.309 0.000 -0.951
vn -0.983 0.000 -0.184
vn -0.951 0.000 0.309
vn -0.489 0.857 0.159
vn -0.299 0.900 0.316
vn 0.096 0.950 0.296
vn 0.428 0.900 0.080
vn 0.489 0.857 -0.159
vn 0.299 0.900 -0.316
vn -0.096 0.950 -0.296
vn -0.428 0.900 -0.080
vn -0.489 0.857 0.159
vn -0.489 0.857 0.159
vn -0.299 0.900 0.316
vn 0.096 0.950 0.296
vn 0.428 0.900 0.080
vn 0.489 0.857 -0.159
vn 0.299 0.900 -0.316
vn -0.096 0.950 -0.296
vn -0.428 0.900 -0.080
vn -0.489 0.857 0.159
vn -0.302 -0.857 -0.416
vn -0.393 -0.900 -0.187
vn -0.252 -0.950 0.183
vn 0.056 -0.900 0.432
vn 0.302 -0.857 0.416
vn 0.393 -0.900 0.187
vn 0.252 -0.950 -0.183
vn -0.056 -0.900 -0.432
vn -0.302 -0.857 -0.416
vn -0.302 -0.857 -0.416
vn -0.393 -0.900 -0.187
vn -0.252 -0.950 0.183
vn 0.056 -0.900 0.432
vn 0.302 -0.857 0.416
vn 0.393 -0.900 0.187
vn 0.252 -0.950 -0.183
vn -0.056 -0.900 -0.432
vn -0.302 -0.857 -0.416
vn -0.588 0.000 -0.809
vn -0.903 0.000 -0.429
vn -0.809 0.000 0.588
vn 0.129 0.000 0.992
vn 0.588 0.000 0.809
vn 0.903 0.000 0.429
vn 0.809 0.000 -0.588
vn -0.129 0.000 -0.992
vn -0.588 0.000 -0.809
vn -0.302 0.857 -0.416
vn -0.393 0.900 -0.187
vn -0.252 0.950 0.183
vn 0.056 0.900 0.432
vn 0.302 0.857 0.416
vn 0.393 0.900 0.187
vn 0.252 0.950 -0.183
vn -0.056 0.900 -0.432
vn -0.302 0.857 -0.416
vn -0.302 0.857 -0.416
vn -0.393 0.900 -0.187
vn -0.252 0.950 0.183
vn 0.056 0.900 0.432
vn 0.302 0.857 0.416
vn 0.393 0.900 0.187
vn 0.252 0.950 -0.183
vn -0.056 0.900 -0.432
vn -0.302 0.857 -0.416
vn 0.302 -0.857 -0.416
vn 0.056 -0.900 -0.432
vn -0.252 -0.950 -0.183
vn -0.393 -0.900 0.187
vn -0.302 -0.857 0.416
vn -0.056 -0.900 0.432
vn 0.252 -0.950 0.183
vn 0.393 -0.900 -0.187
vn 0.302 -0.857 -0.416
vn 0.302 -0.857 -0.416
vn 0.056 -0.900 -0.432
vn -0.252 -0.950 -0.183
vn -0.393 -0.900 0.187
vn -0.302 -0.857 0.416
vn -0.056 -0.900 0.432
vn 0.252 -0.950 0.183
vn 0.393 -0.900 -0.187
vn 0.302 -0.857 -0.416
vn 0.588 0.000 -0.809
vn 0.129 0.000 -0.992
vn -0.809 0.000 -0.588
vn -0.903 0.000 0.429
vn -0.588 0.000 0.809
vn -0.129 0.000 0.992
vn 0.809 0.000 0.588
vn 0.903 0.000 -0.429
vn 0.588 0.000 -0.809
vn 0.302 0.857 -0.416
vn 0.056 0.900 -0.432
vn -0.252 0.950 -0.183
vn -0.393 0.900 0.187
vn -0.302 0.857 0.416
vn -0.056 0.900 0.432
vn 0.252 0.950 0.183
vn 0.393 0.900 -0.187
vn 0.302 0.857 -0.416
vn 0.302 0.857 -0.416
vn 0.056 0.900 -0.432
vn -0.252 0.950 -0.183
vn -0.393 0.900 0.187
vn -0.302 0.857 0.416
vn -0.056 0.900 0.432
vn 0.252 0.950 0.183
vn 0.393 0.900 -0.187
vn 0.302 0.857 -0.416
vn 0.489 -0.857 0.159
vn 0.428 -0.900 -0.080
vn 0.096 -0.950 -0.296
vn -0.299 -0.900 -0.316
vn -0.489 -0.857 -0.159
vn -0.428 -0.900 0.080
vn -0.096 -0.950 0.296
vn 0.299 -0.900 0.316
vn 0.489 -0.857 0.159
vn 0.489 -0.857 0.159
vn 0.428 -0.900 -0.080
vn 0.096 -0.950 -0.296
vn -0.299 -0.900 -0.316
vn -0.489 -0.857 -0.159
vn -0.428 -0.900 0.080
vn -0.096 -0.950 0.296
vn 0.299 -0.900 0.316
vn 0.489 -0.857 0.159
vn 0.951 0.000 0.309
vn 0.983 0.000 -0.184
vn 0.309 0.000 -0.951
vn -0.687 0.000 -0.727
vn -0.951 0.000 -0.309
vn -0.983 0.000 0.184
vn -0.309 0.000 0.951
vn 0.687 0.000 0.727
vn 0.951 0.000 0.309
vn 0.489 0.857 0.159
vn 0.428 0.900 -0.080
vn 0.096 0.950 -0.296
vn -0.299 0.900 -0.316
vn -0.489 0.857 -0.159
vn -0.428 0.900 0.080
vn -0.096 0.950 0.296
vn 0.299 0.900 0.316
vn 0.489 0.857 0.159
vn 0.489 0.857 0.159
vn 0.428 0.900 -0.080
vn 0.096 0.950 -0.296
vn -0.299 0.900 -0.316
vn -0.489 0.857 -0.159
vn -0.428 0.900 0.080
vn -0.096 0.950 0.296
vn 0.299 0.900 0.316
vn 0.489 0.857 0.159
vn 0.000 -0.781 0.625
vn 0.541 -0.781 0.312
vn 0.541 -0.781 -0.312
vn 0.000 -0.781 -0.625
vn -0.541 -0.781 -0.312
vn -0.541 -0.781 0.312
vn 0.000 -0.781 0.625
vn 0.000 -0.781 0.625
vn 0.541 -0.781 0.312
vn 0.541 -0.781 -0.312
vn 0.000 -0.781 -0.625
vn -0.541 -0.781 -0.312
vn -0.541 -0.781 0.312
vn 0.000 -0.781 0.625
vn 0.000 0.000 1.000
vn 0.866 0.000 0.500
vn 0.866 0.000 -0.500
vn 0.000 0.000 -1.000
vn -0.866 0.000 -0.500
vn -0.866 0.000 0.500
vn 0.000 0.000 1.000
vn 0.000 0.781 0.625
vn 0.541 0.781 0.312
vn 0.541 0.781 -0.312
vn 0.000 0.781 -0.625
vn -0.541 0.781 -0.312
vn -0.541 0.781 0.312
vn 0.000 0.781 0.625
vn 0.000 0.781 0.625
vn 0.541 0.781 0.312
vn 0.541 0.781 -0.312
vn 0.000 0.781 -0.625
vn -0.541 0.781 -0.312
vn -0.541 0.781 0.312
vn 0.000 0.781 0.625
usemtl wood
f 1/1/1 2/2/2 6/6/6
f 1/1/1 6/6/6 5/5/5
f 2/2/2 3/3/3 7/7/7
f 2/2/2 7/7/7 6/6/6
f 3/3/3 4/4/4 8/8/8
f 3/3/3 8/8/8 7/7/7
f 5/5/5 6/6/6 10/10/10
f 5/5/5 10/10/10 9/9/9
f 6/6/6 7/7/7 11/11/11
f 6/6/6 11/11/11 10/10/10
f 7/7/7 8/8/8 12/12/12
f 7/7/7 12/12/12 11/11/11
f 9/9/9 10/10/10 14/14/14
f 9/9/9 14/14/14 13/13/13
f 10/10/10 11/11/11 15/15/15
f 10/10/10 15/15/15 14/14/14
f 11/11/11 12/12/12 16/16/16
f 11/11/11 16/16/16 15/15/15
f 17/17/17 18/18/18 22/22/22
f 17/17/17 22/22/22 21/21/21
f 18/18/18 19/19/19 23/23/23
f 18/18/18 23/23/23 22/22/22
f 19/19/19 20/20/20 24/24/24
f 19/19/19 24/24/24 23/23/23
f 21/21/21 22/22/22 26/26/26
f 21/21/21 26/26/26 25/25/25
f 22/22/22 23/23/23 27/27/27
f 22/22/22 27/27/27 26/26/26
f 23/23/23 24/24/24 28/28/28
f 23/23/23 28/28/28 27/27/27
f 25/25/25 26/26/26 30/30/30
f 25/25/25 30/30/30 29/29/29
f 26/26/26 27/27/27 31/31/31
f 26/26/26 31/31/31 30/30/30
f 27/27/27 28/28/28 32/32/32
f 27/27/27 32/32/32 31/31/31
f 33/33/33 34/34/34 38/38/38
f 33/33/33 38/38/38 37/37/37
f 34/34/34 35/35/35 39/39/39
f 34/34/34 39/39/39 38/38/38
f 35/35/35 36/36/36 40/40/40
f 35/35/35 40/40/40 39/39/39
f 37/37/37 38/38/38 42/42/42
f 37/37/37 42/42/42 41/41/41
f 38/38/38 39/39/39 43/43/43
f 38/38/38 43/43/43 42/42/42
f 39/39/39 40/40/40 44/44/44
f 39/39/39 44/44/44 43/43/43
f 41/41/41 42/42/42 46/46/46
f 41/41/41 46/46/46 45/45/45
f 42/42/42 43/43/43 47/47/47
f 42/42/42 47/47/47 46/46/46
f 43/43/43 44/44/44 48/48/48
f 43/43/43 48/48/48 47/47/47
f 49/49/49 50/50/50 54/54/54
f 49/49/49 54/54/54 53/53/53
f 50/50/50 51/51/51 55/55/55
f 50/50/50 55/55/55 54/54/54
f 51/51/51 52/52/52 56/56/56
f 51/51/51 56/56/56 55/55/55
f 53/53/53 54/54/54 58/58/58
f 53/53/53 58/58/58 57/57/57
f 54/54/54 55/55/55 59/59/59
f 54/54/54 59/59/59 58/58/58
f 55/55/55 56/56/56 60/60/60
f 55/55/55 60/60/60 59/59/59
f 57/57/57 58/58/58 62/62/62
f 57/57/57 62/62/62 61/61/61
f 58/58/58 59/59/59 63/63/63
f 58/58/58 63/63/63 62/62/62
f 59/59/59 60/60/60 64/64/64
f 59/59/59 64/64/64 63/63/63
f 65/65/65 66/66/66 70/70/70
f 65/65/65 70/70/70 69/69/69
f 66/66/66 67/67/67 71/71/71
f 66/66/66 71/71/71 70/70/70
f 67/67/67 68/68/68 72/72/72
f 67/67/67 72/72/72 71/71/71
f 69/69/69 70/70/70 74/74/74
f 69/69/69 74/74/74 73/73/73
f 70/70/70 71/71/71 75/75/75
f 70/70/70 75/75/75 74/74/74
f 71/71/71 72/72/72 76/76/76
f 71/71/71 76/76/76 75/75/75
f 73/73/73 74/74/74 78/78/78
f 73/73/73 78/78/78 77/77/77
f 74/74/74 75/75/75 79/79/79
f 74/74/74 79/79/79 78/78/78
f 75/75/75 76/76/76 80/80/80
f 75/75/75 80/80/80 79/79/79
f 81/81/81 82/82/82 86/86/86
f 81/81/81 86/86/86 85/85/85
f 82/82/82 83/83/83 87/87/87
f 82/82/82 87/87/87 86/86/86
f 83/83/83 84/84/84 88/88/88
f 83/83/83 88/88/88 87/87/87
f 85/85/85 86/86/86 90/90/90
f 85/85/85 90/90/90 89/89/89
f 86/86/86 87/87/87 91/91/91
f 86/86/86 91/91/91 90/90/90
f 87/87/87 88/88/88 92/92/92
f 87/87/87 92/92/92 91/91/91
f 89/89/89 90/90/90 94/94/94
f 89/89/89 94/94/94 93/93/93
f 90/90/90 91/91/91 95/95/95
f 90/90/90 95/95/95 94/94/94
f 91/91/91 92/92/92 96/96/96
f 91/91/91 96/96/96 95/95/95
usemtl gold
f 97/97/97 103/103/103 104/104/104
f 97/97/97 104/104/104 98/98/98
f 98/98/98 104/104/104 105/105/105
f 98/98/98 105/105/105 99/99/99
f 99/99/99 105/105/105 106/106/106
f 99/99/99 106/106/106 100/100/100
f 100/100/100 106/106/106 107/107/107
f 100/100/100 107/107/107 101/101/101
f 101/101/101 107/107/107 108/108/108
f 101/101/101 108/108/108 102/102/102
f 103/103/103 109/109/109 110/110/110
f 103/103/103 110/110/110 104/104/104
f 104/104/104 110/110/110 111/111/111
f 104/104/104 111/111/111 105/105/105
f 105/105/105 111/111/111 112/112/112
f 105/105/105 112/112/112 106/106/106
f 106/106/106 112/112/112 113/113/113
f 106/106/106 113/113/113 107/107/107
f 107/107/107 113/113/113 114/114/114
f 107/107/107 114/114/114 108/108/108
f 109/109/109 115/115/115 116/116/116
f 109/109/109 116/116/116 110/110/110
f 110/110/110 116/116/116 117/117/117
f 110/110/110 117/117/117 111/111/111
f 111/111/111 117/117/117 118/118/118
f 111/111/111 118/118/118 112/112/112
f 112/112/112 118/118/118 119/119/119
f 112/112/112 119/119/119 113/113/113
f 113/113/113 119/119/119 120/120/120
f 113/113/113 120/120/120 114/114/114
f 115/115/115 121/121/121 122/122/122
f 115/115/115 122/122/122 116/116/116
f 116/116/116 122/122/122 123/123/123
f 116/116/116 123/123/123 117/117/117
f 117/117/117 123/123/123 124/124/124
f 117/117/117 124/124/124 118/118/118
f 118/118/118 124/124/124 125/125/125
f 118/118/118 125/125/125 119/119/119
f 119/119/119 125/125/125 126/126/126
f 119/119/119 126/126/126 120/120/120
f 121/121/121 127/127/127 128/128/128
f 121/121/121 128/128/128 122/122/122
f 122/122/122 128/128/128 129/129/129
f 122/122/122 129/129/129 123/123/123
f 123/123/123 129/129/129 130/130/130
f 123/123/123 130/130/130 124/124/124
f 124/124/124 130/130/130 131/131/131
f 124/124/124 131/131/131 125/125/125
f 125/125/125 131/131/131 132/132/132
f 125/125/125 132/132/132 126/126/126
f 127/127/127 133/133/133 134/134/134
f 127/127/127 134/134/134 128/128/128
f 128/128/128 134/134/134 135/135/135
f 128/128/128 135/135/135 129/129/129
f 129/129/129 135/135/135 136/136/136
f 129/129/129 136/136/136 130/130/130
f 130/130/130 136/136/136 137/137/137
f 130/130/130 137/137/137 131/131/131
f 131/131/131 137/137/137 138/138/138
f 131/131/131 138/138/138 132/132/132
f 133/133/133 139/139/139 140/140/140
f 133/133/133 140/140/140 134/134/134
f 134/134/134 140/140/140 141/141/141
f 134/134/134 141/141/141 135/135/135
f 135/135/135 141/141/141 142/142/142
f 135/135/135 142/142/142 136/136/136
f 136/136/136 142/142/142 143/143/143
f 136/136/136 143/143/143 137/137/137
f 137/137/137 143/143/143 144/144/144
f 137/137/137 144/144/144 138/138/138
f 139/139/139 145/145/145 146/146/146
f 139/139/139 146/146/146 140/140/140
f 140/140/140 146/146/146 147/147/147
f 140/140/140 147/147/147 141/141/141
f 141/141/141 147/147/147 148/148/148
f 141/141/141 148/148/148 142/142/142
f 142/142/142 148/148/148 149/149/149
f 142/142/142 149/149/149 143/143/143
f 143/143/143 149/149/149 150/150/150
f 143/143/143 150/150/150 144/144/144
f 145/145/145 151/151/151 152/152/152
f 145/145/145 152/152/152 146/146/146
f 146/146/146 152/152/152 153/153/153
f 146/146/146 153/153/153 147/147/147
f 147/147/147 153/153/153 154/154/154
f 147/147/147 154/154/154 148/148/148
f 148/148/148 154/154/154 155/155/155
f 148/148/148 155/155/155 149/149/149
f 149/149/149 155/155/155 156/156/156
f 149/149/149 156/156/156 150/150/150
f 151/151/151 157/157/157 158/158/158
f 151/151/151 158/158/158 152/152/152
f 152/152/152 158/158/158 159/159/159
f 152/152/152 159/159/159 153/153/153
f 153/153/153 159/159/159 160/160/160
f 153/153/153 160/160/160 154/154/154
f 154/154/154 160/160/160 161/161/161
f 154/154/154 161/161/161 155/155/155
f 155/155/155 161/161/161 162/162/162
f 155/155/155 162/162/162 156/156/156
f 157/157/157 163/163/163 164/164/164
f 157/157/157 164/164/164 158/158/158
f 158/158/158 164/164/164 165/165/165
f 158/158/158 165/165/165 159/159/159
f 159/159/159 165/165/165 166/166/166
f 159/159/159 166/166/166 160/160/160
f 160/160/160 166/166/166 167/167/167
f 160/160/160 167/167/167 161/161/161
f 161/161/161 167/167/167 168/168/168
f 161/161/161 168/168/168 162/162/162
f 163/163/163 169/169/169 170/170/170
f 163/163/163 170/170/170 164/164/164
f 164/164/164 170/170/170 171/171/171
f 164/164/164 171/171/171 165/165/165
f 165/165/165 171/171/171 172/172/172
f 165/165/165 172/172/172 166/166/166
f 166/166/166 172/172/172 173/173/173
f 166/166/166 173/173/173 167/167/167
f 167/167/167 173/173/173 174/174/174
f 167/167/167 174/174/174 168/168/168
f 169/169/169 175/175/175 176/176/176
f 169/169/169 176/176/176 170/170/170
f 170/170/170 176/176/176 177/177/177
f 170/170/170 177/177/177 171/171/171
f 171/171/171 177/177/177 178/178/178
f 171/171/171 178/178/178 172/172/172
f 172/172/172 178/178/178 179/179/179
f 172/172/172 179/179/179 173/173/173
f 173/173/173 179/179/179 180/180/180
f 173/173/173 180/180/180 174/174/174
f 175/175/175 181/181/181 182/182/182
f 175/175/175 182/182/182 176/176/176
f 176/176/176 182/182/182 183/183/183
f 176/176/176 183/183/183 177/177/177
f 177/177/177 183/183/183 184/184/184
f 177/177/177 184/184/184 178/178/178
f 178/178/178 184/184/184 185/185/185
f 178/178/178 185/185/185 179/179/179
f 179/179/179 185/185/185 186/186/186
f 179/179/179 186/186/186 180/180/180
f 181/181/181 187/187/187 188/188/188
f 181/181/181 188/188/188 182/182/182
f 182/182/182 188/188/188 189/189/189
f 182/182/182 189/189/189 183/183/183
f 183/183/183 189/189/189 190/190/190
f 183/183/183 190/190/190 184/184/184
f 184/184/184 190/190/190 191/191/191
f 184/184/184 191/191/191 185/185/185
f 185/185/185 191/191/191 192/192/192
f 185/185/185 192/192/192 186/186/186
f 187/187/187 193/193/193 194/194/194
f 187/187/187 194/194/194 188/188/188
f 188/188/188 194/194/194 195/195/195
f 188/188/188 195/195/195 189/189/189
f 189/189/189 195/195/195 196/196/196
f 189/189/189 196/196/196 190/190/190
f 190/190/190 196/196/196 197/197/197
f 190/190/190 197/197/197 191/191/191
f 191/191/191 197/197/197 198/198/198
f 191/191/191 198/198/198 192/192/192
f 199/199/199 207/207/207 208/208/208
f 199/199/199 208/208/208 200/200/200
f 200/200/200 208/208/208 209/209/209
f 200/200/200 209/209/209 201/201/201
f 201/201/201 209/209/209 210/210/210
f 201/201/201 210/210/210 202/202/202
f 202/202/202 210/210/210 211/211/211
f 202/202/202 211/211/211 203/203/203
f 203/203/203 211/211/211 212/212/212
f 203/203/203 212/212/212 204/204/204
f 204/204/204 212/212/212 213/213/213
f 204/204/204 213/213/213 205/205/205
f 205/205/205 213/213/213 214/214/214
f 205/205/205 214/214/214 206/206/206
f 207/207/207 215/215/215 216/216/216
f 207/207/207 216/216/216 208/208/208
f 208/208/208 216/216/216 217/217/217
f 208/208/208 217/217/217 209/209/209
f 209/209/209 217/217/217 218/218/218
f 209/209/209 218/218/218 210/210/210
f 210/210/210 218/218/218 219/219/219
f 210/210/210 219/219/219 211/211/211
f 211/211/211 219/219/219 220/220/220
f 211/211/211 220/220/220 212/212/212
f 212/212/212 220/220/220 221/221/221
f 212/212/212 221/221/221 213/213/213
f 213/213/213 221/221/221 222/222/222
f 213/213/213 222/222/222 214/214/214
f 215/215/215 223/223/223 224/224/224
f 215/215/215 224/224/224 216/216/216
f 216/216/216 224/224/224 225/225/225
f 216/216/216 225/225/225 217/217/217
f 217/217/217 225/225/225 226/226/226
f 217/217/217 226/226/226 218/218/218
f 218/218/218 226/226/226 227/227/227
f 218/218/218 227/227/227 219/219/219
f 219/219/219 227/227/227 228/228/228
f 219/219/219 228/228/228 220/220/220
f 220/220/220 228/228/228 229/229/229
f 220/220/220 229/229/229 221/221/221
f 221/221/221 229/229/229 230/230/230
f 221/221/221 230/230/230 222/222/222
f 223/223/223 231/231/231 232/232/232
f 223/223/223 232/232/232 224/224/224
f 224/224/224 232/232/232 233/233/233
f 224/224/224 233/233/233 225/225/225
f 225/225/225 233/233/233 234/234/234
f 225/225/225 234/234/234 226/226/226
f 226/226/226 234/234/234 235/235/235
f 226/226/226 235/235/235 227/227/227
f 227/227/227 235/235/235 236/236/236
f 227/227/227 236/236/236 228/228/228
f 228/228/228 236/236/236 237/237/237
f 228/228/228 237/237/237 229/229/229
f 229/229/229 237/237/237 238/238/238
f 229/229/229 238/238/238 230/230/230
f 231/231/231 239/239/239 240/240/240
f 231/231/231 240/240/240 232/232/232
f 232/232/232 240/240/240 241/241/241
f 232/232/232 241/241/241 233/233/233
f 233/233/233 241/241/241 242/242/242
f 233/233/233 242/242/242 234/234/234
f 234/234/234 242/242/242 243/243/243
f 234/234/234 243/243/243 235/235/235
f 235/235/235 243/243/243 244/244/244
f 235/235/235 244/244/244 236/236/236
f 236/236/236 244/244/244 245/245/245
f 236/236/236 245/245/245 237/237/237
f 237/237/237 245/245/245 246/246/246
f 237/237/237 246/246/246 238/238/238
f 239/239/239 247/247/247 248/248/248
f 239/239/239 248/248/248 240/240/240
f 240/240/240 248/248/248 249/249/249
f 240/240/240 249/249/249 241/241/241
f 241/241/241 249/249/249 250/250/250
f 241/241/241 250/250/250 242/242/242
f 242/242/242 250/250/250 251/251/251
f 242/242/242 251/251/251 243/243/243
f 243/243/243 251/251/251 252/252/252
f 243/243/243 252/252/252 244/244/244
f 244/244/244 252/252/252 253/253/253
f 244/244/244 253/253/253 245/245/245
f 245/245/245 253/253/253 254/254/254
f 245/245/245 254/254/254 246/246/246
f 247/247/247 255/255/255 256/256/256
f 247/247/247 256/256/256 248/248/248
f 248/248/248 256/256/256 257/257/257
f 248/248/248 257/257/257 249/249/249
f 249/249/249 257/257/257 258/258/258
f 249/249/249 258/258/258 250/250/250
f 250/250/250 258/258/258 259/259/259
f 250/250/250 259/259/259 251/251/251
f 251/251/251 259/259/259 260/260/260
f 251/251/251 260/260/260 252/252/252
f 252/252/252 260/260/260 261/261/261
f 252/252/252 261/261/261 253/253/253
f 253/253/253 261/261/261 262/262/262
f 253/253/253 262/262/262 254/254/254
f 255/255/255 263/263/263 264/264/264
f 255/255/255 264/264/264 256/256/256
f 256/256/256 264/264/264 265/265/265
f 256/256/256 265/265/265 257/257/257
f 257/257/257 265/265/265 266/266/266
f 257/257/257 266/266/266 258/258/258
f 258/258/258 266/266/266 267/267/267
f 258/258/258 267/267/267 259/259/259
f 259/259/259 267/267/267 268/268/268
f 259/259/259 268/268/268 260/260/260
f 260/260/260 268/268/268 269/269/269
f 260/260/260 269/269/269 261/261/261
f 261/261/261 269/269/269 270/270/270
f 261/261/261 270/270/270 262/262/262
f 263/263/263 271/271/271 272/272/272
f 263/263/263 272/272/272 264/264/264
f 264/264/264 272/272/272 273/273/273
f 264/264/264 273/273/273 265/265/265
f 265/265/265 273/273/273 274/274/274
f 265/265/265 274/274/274 266/266/266
f 266/266/266 274/274/274 275/275/275
f 266/266/266 275/275/275 267/267/267
f 267/267/267 275/275/275 276/276/276
f 267/267/267 276/276/276 268/268/268
f 268/268/268 276/276/276 277/277/277
f 268/268/268 277/277/277 269/269/269
f 269/269/269 277/277/277 278/278/278
f 269/269/269 278/278/278 270/270/270
f 271/271/271 279/279/279 280/280/280
f 271/271/271 280/280/280 272/272/272
f 272/272/272 280/280/280 281/281/281
f 272/272/272 281/281/281 273/273/273
f 273/273/273 281/281/281 282/282/282
f 273/273/273 282/282/282 274/274/274
f 274/274/274 282/282/282 283/283/283
f 274/274/274 283/283/283 275/275/275
f 275/275/275 283/283/283 284/284/284
f 275/275/275 284/284/284 276/276/276
f 276/276/276 284/284/284 285/285/285
f 276/276/276 285/285/285 277/277/277
f 277/277/277 285/285/285 286/286/286
f 277/277/277 286/286/286 278/278/278
f 279/279/279 287/287/287 288/288/288
f 279/279/279 288/288/288 280/280/280
f 280/280/280 288/288/288 289/289/289
f 280/280/280 289/289/289 281/281/281
f 281/281/281 289/289/289 290/290/290
f 281/281/281 290/290/290 282/282/282
f 282/282/282 290/290/290 291/291/291
f 282/282/282 291/291/291 283/283/283
f 283/283/283 291/291/291 292/292/292
f 283/283/283 292/292/292 284/284/284
f 284/284/284 292/292/292 293/293/293
f 284/284/284 293/293/293 285/285/285
f 285/285/285 293/293/293 294/294/294
f 285/285/285 294/294/294 286/286/286
f 287/287/287 295/295/295 296/296/296
f 287/287/287 296/296/296 288/288/288
f 288/288/288 296/296/296 297/297/297
f 288/288/288 297/297/297 289/289/289
f 289/289/289 297/297/297 298/298/298
f 289/289/289 298/298/298 290/290/290
f 290/290/290 298/298/298 299/299/299
f 290/290/290 299/299/299 291/291/291
f 291/291/291 299/299/299 300/300/300
f 291/291/291 300/300/300 292/292/292
f 292/292/292 300/300/300 301/301/301
f 292/292/292 301/301/301 293/293/293
f 293/293/293 301/301/301 302/302/302
f 293/293/293 302/302/302 294/294/294
f 295/295/295 303/303/303 304/304/304
f 295/295/295 304/304/304 296/296/296
f 296/296/296 304/304/304 305/305/305
f 296/296/296 305/305/305 297/297/297
f 297/297/297 305/305/305 306/306/306
f 297/297/297 306/306/306 298/298/298
f 298/298/298 306/306/306 307/307/307
f 298/298/298 307/307/307 299/299/299
f 299/299/299 307/307/307 308/308/308
f 299/299/299 308/308/308 300/300/300
f 300/300/300 308/308/308 309/309/309
f 300/300/300 309/309/309 301/301/301
f 301/301/301 309/309/309 310/310/310
f 301/301/301 310/310/310 302/302/302
f 303/303/303 311/311/311 312/312/312
f 303/303/303 312/312/312 304/304/304
f 304/304/304 312/312/312 313/313/313
f 304/304/304 313/313/313 305/305/305
f 305/305/305 313/313/313 314/314/314
f 305/305/305 314/314/314 306/306/306
f 306/306/306 314/314/314 315/315/315
f 306/306/306 315/315/315 307/307/307
f 307/307/307 315/315/315 316/316/316
f 307/307/307 316/316/316 308/308/308
f 308/308/308 316/316/316 317/317/317
f 308/308/308 317/317/317 309/309/309
f 309/309/309 317/317/317 318/318/318
f 309/309/309 318/318/318 310/310/310
f 311/311/311 319/319/319 320/320/320
f 311/311/311 320/320/320 312/312/312
f 312/312/312 320/320/320 321/321/321
f 312/312/312 321/321/321 313/313/313
f 313/313/313 321/321/321 322/322/322
f 313/313/313 322/322/322 314/314/314
f 314/314/314 322/322/322 323/323/323
f 314/314/314 323/323/323 315/315/315
f 315/315/315 323/323/323 324/324/324
f 315/315/315 324/324/324 316/316/316
f 316/316/316 324/324/324 325/325/325
f 316/316/316 325/325/325 317/317/317
f 317/317/317 325/325/325 326/326/326
f 317/317/317 326/326/326 318/318/318
f 319/319/319 327/327/327 328/328/328
f 319/319/319 328/328/328 320/320/320
f 320/320/320 328/328/328 329/329/329
f 320/320/320 329/329/329 321/321/321
f 321/321/321 329/329/329 330/330/330
f 321/321/321 330/330/330 322/322/322
f 322/322/322 330/330/330 331/331/331
f 322/322/322 331/331/331 323/323/323
f 323/323/323 331/331/331 332/332/332
f 323/323/323 332/332/332 324/324/324
f 324/324/324 332/332/332 333/333/333
f 324/324/324 333/333/333 325/325/325
f 325/325/325 333/333/333 334/334/334
f 325/325/325 334/334/334 326/326/326
f 335/335/335 336/336/336 351/351/351
f 335/335/335 351/351/351 350/350/350
f 336/336/336 337/337/337 352/352/352
f 336/336/336 352/352/352 351/351/351
f 337/337/337 338/338/338 353/353/353
f 337/337/337 353/353/353 352/352/352
f 338/338/338 339/339/339 354/354/354
f 338/338/338 354/354/354 353/353/353
f 339/339/339 340/340/340 355/355/355
f 339/339/339 355/355/355 354/354/354
f 340/340/340 341/341/341 356/356/356
f 340/340/340 356/356/356 355/355/355
f 341/341/341 342/342/342 357/357/357
f 341/341/341 357/357/357 356/356/356
f 342/342/342 343/343/343 358/358/358
f 342/342/342 358/358/358 357/357/357
f 343/343/343 344/344/344 359/359/359
f 343/343/343 359/359/359 358/358/358
f 344/344/344 345/345/345 360/360/360
f 344/344/344 360/360/360 359/359/359
f 345/345/345 346/346/346 361/361/361
f 345/345/345 361/361/361 360/360/360
f 346/346/346 347/347/347 362/362/362
f 346/346/346 362/362/362 361/361/361
f 347/347/347 348/348/348 363/363/363
f 347/347/347 363/363/363 362/362/362
f 348/348/348 349/349/349 364/364/364
f 348/348/348 364/364/364 363/363/363
f 350/350/350 351/351/351 366/366/366
f 350/350/350 366/366/366 365/365/365
f 351/351/351 352/352/352 367/367/367
f 351/351/351 367/367/367 366/366/366
f 352/352/352 353/353/353 368/368/368
f 352/352/352 368/368/368 367/367/367
f 353/353/353 354/354/354 369/369/369
f 353/353/353 369/369/369 368/368/368
f 354/354/354 355/355/355 370/370/370
f 354/354/354 370/370/370 369/369/369
f 355/355/355 356/356/356 371/371/371
f 355/355/355 371/371/371 370/370/370
f 356/356/356 357/357/357 372/372/372
f 356/356/356 372/372/372 371/371/371
f 357/357/357 358/358/358 373/373/373
f 357/357/357 373/373/373 372/372/372
f 358/358/358 359/359/359 374/374/374
f 358/358/358 374/374/374 373/373/373
f 359/359/359 360/360/360 375/375/375
f 359/359/359 375/375/375 374/374/374
f 360/360/360 361/361/361 376/376/376
f 360/360/360 376/376/376 375/375/375
f 361/361/361 362/362/362 377/377/377
f 361/361/361 377/377/377 376/376/376
f 362/362/362 363/363/363 378/378/378
f 362/362/362 378/378/378 377/377/377
f 363/363/363 364/364/364 379/379/379
f 363/363/363 379/379/379 378/378/378
f 365/365/365 366/366/366 381/381/381
f 365/365/365 381/381/381 380/380/380
f 366/366/366 367/367/367 382/382/382
f 366/366/366 382/382/382 381/381/381
f 367/367/367 368/368/368 383/383/383
f 367/367/367 383/383/383 382/382/382
f 368/368/368 369/369/369 384/384/384
f 368/368/368 384/384/384 383/383/383
f 369/369/369 370/370/370 385/385/385
f 369/369/369 385/385/385 384/384/384
f 370/370/370 371/371/371 386/386/386
f 370/370/370 386/386/386 385/385/385
f 371/371/371 372/372/372 387/387/387
f 371/371/371 387/387/387 386/386/386
f 372/372/372 373/373/373 388/388/388
f 372/372/372 388/388/388 387/387/387
f 373/373/373 374/374/374 389/389/389
f 373/373/373 389/389/389 388/388/388
f 374/374/374 375/375/375 390/390/390
f 374/374/374 390/390/390 389/389/389
f 375/375/375 376/376/376 391/391/391
f 375/375/375 391/391/391 390/390/390
f 376/376/376 377/377/377 392/392/392
f 376/376/376 392/392/392 391/391/391
f 377/377/377 378/378/378 393/393/393
f 377/377/377 393/393/393 392/392/392
f 378/378/378 379/379/379 394/394/394
f 378/378/378 394/394/394 393/393/393
f 380/380/380 381/381/381 396/396/396
f 380/380/380 396/396/396 395/395/395
f 381/381/381 382/382/382 397/397/397
f 381/381/381 397/397/397 396/396/396
f 382/382/382 383/383/383 398/398/398
f 382/382/382 398/398/398 397/397/397
f 383/383/383 384/384/384 399/399/399
f 383/383/383 399/399/399 398/398/398
f 384/384/384 385/385/385 400/400/400
f 384/384/384 400/400/400 399/399/399
f 385/385/385 386/386/386 401/401/401
f 385/385/385 401/401/401 400/400/400
f 386/386/386 387/387/387 402/402/402
f 386/386/386 402/402/402 401/401/401
f 387/387/387 388/388/388 403/403/403
f 387/387/387 403/403/403 402/402/402
f 388/388/388 389/389/389 404/404/404
f 388/388/388 404/404/404 403/403/403
f 389/389/389 390/390/390 405/405/405
f 389/389/389 405/405/405 404/404/404
f 390/390/390 391/391/391 406/406/406
f 390/390/390 406/406/406 405/405/405
f 391/391/391 392/392/392 407/407/407
f 391/391/391 407/407/407 406/406/406
f 392/392/392 393/393/393 408/408/408
f 392/392/392 408/408/408 407/407/407
f 393/393/393 394/394/394 409/409/409
f 393/393/393 409/409/409 408/408/408
f 395/395/395 396/396/396 411/411/411
f 395/395/395 411/411/411 410/410/410
f 396/396/396 397/397/397 412/412/412
f 396/396/396 412/412/412 411/411/411
f 397/397/397 398/398/398 413/413/413
f 397/397/397 413/413/413 412/412/412
f 398/398/398 399/399/399 414/414/414
f 398/398/398 414/414/414 413/413/413
f 399/399/399 400/400/400 415/415/415
f 399/399/399 415/415/415 414/414/414
f 400/400/400 401/401/401 416/416/416
f 400/400/400 416/416/416 415/415/415
f 401/401/401 402/402/402 417/417/417
f 401/401/401 417/417/417 416/416/416
f 402/402/402 403/403/403 418/418/418
f 402/402/402 418/418/418 417/417/417
f 403/403/403 404/404/404 419/419/419
f 403/403/403 419/419/419 418/418/418
f 404/404/404 405/405/405 420/420/420
f 404/404/404 420/420/420 419/419/419
f 405/405/405 406/406/406 421/421/421
f 405/405/405 421/421/421 420/420/420
f 406/406/406 407/407/407 422/422/422
f 406/406/406 422/422/422 421/421/421
f 407/407/407 408/408/408 423/423/423
f 407/407/407 423/423/423 422/422/422
f 408/408/408 409/409/409 424/424/424
f 408/408/408 424/424/424 423/423/423
f 410/410/410 411/411/411 426/426/426
f 410/410/410 426/426/426 425/425/425
f 411/411/411 412/412/412 427/427/427
f 411/411/411 427/427/427 426/426/426
f 412/412/412 413/413/413 428/428/428
f 412/412/412 428/428/428 427/427/427
f 413/413/413 414/414/414 429/429/429
f 413/413/413 429/429/429 428/428/428
f 414/414/414 415/415/415 430/430/430
f 414/414/414 430/430/430 429/429/429
f 415/415/415 416/416/416 431/431/431
f 415/415/415 431/431/431 430/430/430
f 416/416/416 417/417/417 432/432/432
f 416/416/416 432/432/432 431/431/431
f 417/417/417 418/418/418 433/433/433
f 417/417/417 433/433/433 432/432/432
f 418/418/418 419/419/419 434/434/434
f 418/418/418 434/434/434 433/433/433
f 419/419/419 420/420/420 435/435/435
f 419/419/419 435/435/435 434/434/434
f 420/420/420 421/421/421 436/436/436
f 420/420/420 436/436/436 435/435/435
f 421/421/421 422/422/422 437/437/437
f 421/421/421 437/437/437 436/436/436
f 422/422/422 423/423/423 438/438/438
f 422/422/422 438/438/438 437/437/437
f 423/423/423 424/424/424 439/439/439
f 423/423/423 439/439/439 438/438/438
f 425/425/425 426/426/426 441/441/441
f 425/425/425 441/441/441 440/440/440
f 426/426/426 427/427/427 442/442/442
f 426/426/426 442/442/442 441/441/441
f 427/427/427 428/428/428 443/443/443
f 427/427/427 443/443/443 442/442/442
f 428/428/428 429/429/429 444/444/444
f 428/428/428 444/444/444 443/443/443
f 429/429/429 430/430/430 445/445/445
f 429/429/429 445/445/445 444/444/444
f 430/430/430 431/431/431 446/446/446
f 430/430/430 446/446/446 445/445/445
f 431/431/431 432/432/432 447/447/447
f 431/431/431 447/447/447 446/446/446
f 432/432/432 433/433/433 448/448/448
f 432/432/432 448/448/448 447/447/447
f 433/433/433 434/434/434 449/449/449
f 433/433/433 449/449/449 448/448/448
f 434/434/434 435/435/435 450/450/450
f 434/434/434 450/450/450 449/449/449
f 435/435/435 436/436/436 451/451/451
f 435/435/435 451/451/451 450/450/450
f 436/436/436 437/437/437 452/452/452
f 436/436/436 452/452/452 451/451/451
f 437/437/437 438/438/438 453/453/453
f 437/437/437 453/453/453 452/452/452
f 438/438/438 439/439/439 454/454/454
f 438/438/438 454/454/454 453/453/453
f 440/440/440 441/441/441 456/456/456
f 440/440/440 456/456/456 455/455/455
f 441/441/441 442/442/442 457/457/457
f 441/441/441 457/457/457 456/456/456
f 442/442/442 443/443/443 458/458/458
f 442/442/442 458/458/458 457/457/457
f 443/443/443 444/444/444 459/459/459
f 443/443/443 459/459/459 458/458/458
f 444/444/444 445/445/445 460/460/460
f 444/444/444 460/460/460 459/459/459
f 445/445/445 446/446/446 461/461/461
f 445/445/445 461/461/461 460/460/460
f 446/446/446 447/447/447 462/462/462
f 446/446/446 462/462/462 461/461/461
f 447/447/447 448/448/448 463/463/463
f 447/447/447 463/463/463 462/462/462
f 448/448/448 449/449/449 464/464/464
f 448/448/448 464/464/464 463/463/463
f 449/449/449 450/450/450 465/465/465
f 449/449/449 465/465/465 464/464/464
f 450/450/450 451/451/451 466/466/466
f 450/450/450 466/466/466 465/465/465
f 451/451/451 452/452/452 467/467/467
f 451/451/451 467/467/467 466/466/466
f 452/452/452 453/453/453 468/468/468
f 452/452/452 468/468/468 467/467/467
f 453/453/453 454/454/454 469/469/469
f 453/453/453 469/469/469 468/468/468
f 470/470/470 471/471/471 480/480/480
f 470/470/470 480/480/480 479/479/479
f 471/471/471 472/472/472 481/481/481
f 471/471/471 481/481/481 480/480/480
f 472/472/472 473/473/473 482/482/482
f 472/472/472 482/482/482 481/481/481
f 473/473/473 474/474/474 483/483/483
f 473/473/473 483/483/483 482/482/482
f 474/474/474 475/475/475 484/484/484
f 474/474/474 484/484/484 483/483/483
f 475/475/475 476/476/476 485/485/485
f 475/475/475 485/485/485 484/484/484
f 476/476/476 477/477/477 486/486/486
f 476/476/476 486/486/486 485/485/485
f 477/477/477 478/478/478 487/487/487
f 477/477/477 487/487/487 486/486/486
f 479/479/479 480/480/480 489/489/489
f 479/479/479 489/489/489 488/488/488
f 480/480/480 481/481/481 490/490/490
f 480/480/480 490/490/490 489/489/489
f 481/481/481 482/482/482 491/491/491
f 481/481/481 491/491/491 490/490/490
f 482/482/482 483/483/483 492/492/492
f 482/482/482 492/492/492 491/491/491
f 483/483/483 484/484/484 493/493/493
f 483/483/483 493/493/493 492/492/492
f 484/484/484 485/485/485 494/494/494
f 484/484/484 494/494/494 493/493/493
f 485/485/485 486/486/486 495/495/495
f 485/485/485 495/495/495 494/494/494
f 486/486/486 487/487/487 496/496/496
f 486/486/486 496/496/496 495/495/495
f 488/488/488 489/489/489 498/498/498
f 488/488/488 498/498/498 497/497/497
f 489/489/489 490/490/490 499/499/499
f 489/489/489 499/499/499 498/498/498
f 490/490/490 491/491/491 500/500/500
f 490/490/490 500/500/500 499/499/499
f 491/491/491 492/492/492 501/501/501
f 491/491/491 501/501/501 500/500/500
f 492/492/492 493/493/493 502/502/502
f 492/492/492 502/502/502 501/501/501
f 493/493/493 494/494/494 503/503/503
f 493/493/493 503/503/503 502/502/502
f 494/494/494 495/495/495 504/504/504
f 494/494/494 504/504/504 503/503/503
f 495/495/495 496/496/496 505/505/505
f 495/495/495 505/505/505 504/504/504
f 497/497/497 498/498/498 507/507/507
f 497/497/497 507/507/507 506/506/506
f 498/498/498 499/499/499 508/508/508
f 498/498/498 508/508/508 507/507/507
f 499/499/499 500/500/500 509/509/509
f 499/499/499 509/509/509 508/508/508
f 500/500/500 501/501/501 510/510/510
f 500/500/500 510/510/510 509/509/509
f 501/501/501 502/502/502 511/511/511
f 501/501/501 511/511/511 510/510/510
f 502/502/502 503/503/503 512/512/512
f 502/502/502 512/512/512 511/511/511
f 503/503/503 504/504/504 513/513/513
f 503/503/503 513/513/513 512/512/512
f 504/504/504 505/505/505 514/514/514
f 504/504/504 514/514/514 513/513/513
f 506/506/506 507/507/507 516/516/516
f 506/506/506 516/516/516 515/515/515
f 507/507/507 508/508/508 517/517/517
f 507/507/507 517/517/517 516/516/516
f 508/508/508 509/509/509 518/518/518
f 508/508/508 518/518/518 517/517/517
f 509/509/509 510/510/510 519/519/519
f 509/509/509 519/519/519 518/518/518
f 510/510/510 511/511/511 520/520/520
f 510/510/510 520/520/520 519/519/519
f 511/511/511 512/512/512 521/521/521
f 511/511/511 521/521/521 520/520/520
f 512/512/512 513/513/513 522/522/522
f 512/512/512 522/522/522 521/521/521
f 513/513/513 514/514/514 523/523/523
f 513/513/513 523/523/523 522/522/522
f 515/515/515 516/516/516 525/525/525
f 515/515/515 525/525/525 524/524/524
f 516/516/516 517/517/517 526/526/526
f 516/516/516 526/526/526 525/525/525
f 517/517/517 518/518/518 527/527/527
f 517/517/517 527/527/527 526/526/526
f 518/518/518 519/519/519 528/528/528
f 518/518/518 528/528/528 527/527/527
f 519/519/519 520/520/520 529/529/529
f 519/519/519 529/529/529 528/528/528
f 520/520/520 521/521/521 530/530/530
f 520/520/520 530/530/530 529/529/529
f 521/521/521 522/522/522 531/531/531
f 521/521/521 531/531/531 530/530/530
f 522/522/522 523/523/523 532/532/532
f 522/522/522 532/532/532 531/531/531
f 533/533/533 534/534/534 540/540/540
f 533/533/533 540/540/540 539/539/539
f 534/534/534 535/535/535 541/541/541
f 534/534/534 541/541/541 540/540/540
f 535/535/535 536/536/536 542/542/542
f 535/535/535 542/542/542 541/541/541
f 536/536/536 537/537/537 543/543/543
f 536/536/536 543/543/543 542/542/542
f 537/537/537 538/538/538 544/544/544
f 537/537/537 544/544/544 543/543/543
f 539/539/539 540/540/540 546/546/546
f 539/539/539 546/546/546 545/545/545
f 540/540/540 541/541/541 547/547/547
f 540/540/540 547/547/547 546/546/546
f 541/541/541 542/542/542 548/548/548
f 541/541/541 548/548/548 547/547/547
f 542/542/542 543/543/543 549/549/549
f 542/542/542 549/549/549 548/548/548
f 543/543/543 544/544/544 550/550/550
f 543/543/543 550/550/550 549/549/549
f 545/545/545 546/546/546 552/552/552
f 545/545/545 552/552/552 551/551/551
f 546/546/546 547/547/547 553/553/553
f 546/546/546 553/553/553 552/552/552
f 547/547/547 548/548/548 554/554/554
f 547/547/547 554/554/554 553/553/553
f 548/548/548 549/549/549 555/555/555
f 548/548/548 555/555/555 554/554/554
f 549/549/549 550/550/550 556/556/556
f 549/549/549 556/556/556 555/555/555
f 551/551/551 552/552/552 558/558/558
f 551/551/551 558/558/558 557/557/557
f 552/552/552 553/553/553 559/559/559
f 552/552/552 559/559/559 558/558/558
f 553/553/553 554/554/554 560/560/560
f 553/553/553 560/560/560 559/559/559
f 554/554/554 555/555/555 561/561/561
f 554/554/554 561/561/561 560/560/560
f 555/555/555 556/556/556 562/562/562
f 555/555/555 562/562/562 561/561/561
f 557/557/557 558/558/558 564/564/564
f 557/557/557 564/564/564 563/563/563
f 558/558/558 559/559/559 565/565/565
f 558/558/558 565/565/565 564/564/564
f 559/559/559 560/560/560 566/566/566
f 559/559/559 566/566/566 565/565/565
f 560/560/560 561/561/561 567/567/567
f 560/560/560 567/567/567 566/566/566
f 561/561/561 562/562/562 568/568/568
f 561/561/561 568/568/568 567/567/567
f 563/563/563 564/564/564 570/570/570
f 563/563/563 570/570/570 569/569/569
f 564/564/564 565/565/565 571/571/571
f 564/564/564 571/571/571 570/570/570
f 565/565/565 566/566/566 572/572/572
f 565/565/565 572/572/572 571/571/571
f 566/566/566 567/567/567 573/573/573
f 566/566/566 573/573/573 572/572/572
f 567/567/567 568/568/568 574/574/574
f 567/567/567 574/574/574 573/573/573
f 569/569/569 570/570/570 576/576/576
f 569/569/569 576/576/576 575/575/575
f 570/570/570 571/571/571 577/577/577
f 570/570/570 577/577/577 576/576/576
f 571/571/571 572/572/572 578/578/578
f 571/571/571 578/578/578 577/577/577
f 572/572/572 573/573/573 579/579/579
f 572/572/572 579/579/579 578/578/578
f 573/573/573 574/574/574 580/580/580
f 573/573/573 580/580/580 579/579/579
f 575/575/575 576/576/576 582/582/582
f 575/575/575 582/582/582 581/581/581
f 576/576/576 577/577/577 583/583/583
f 576/576/576 583/583/583 582/582/582
f 577/577/577 578/578/578 584/584/584
f 577/577/577 584/584/584 583/583/583
f 578/578/578 579/579/579 585/585/585
f 578/578/578 585/585/585 584/584/584
f 579/579/579 580/580/580 586/586/586
f 579/579/579 586/586/586 585/585/585
f 581/581/581 582/582/582 588/588/588
f 581/581/581 588/588/588 587/587/587
f 582/582/582 583/583/583 589/589/589
f 582/582/582 589/589/589 588/588/588
f 583/583/583 584/584/584 590/590/590
f 583/583/583 590/590/590 589/589/589
f 584/584/584 585/585/585 591/591/591
f 584/584/584 591/591/591 590/590/590
f 585/585/585 586/586/586 592/592/592
f 585/585/585 592/592/592 591/591/591
f 587/587/587 588/588/588 594/594/594
f 587/587/587 594/594/594 593/593/593
f 588/588/588 589/589/589 595/595/595
f 588/588/588 595/595/595 594/594/594
f 589/589/589 590/590/590 596/596/596
f 589/589/589 596/596/596 595/595/595
f 590/590/590 591/591/591 597/597/597
f 590/590/590 597/597/597 596/596/596
f 591/591/591 592/592/592 598/598/598
f 591/591/591 598/598/598 597/597/597
f 593/593/593 594/594/594 600/600/600
f 593/593/593 600/600/600 599/599/599
f 594/594/594 595/595/595 601/601/601
f 594/594/594 601/601/601 600/600/600
f 595/595/595 596/596/596 602/602/602
f 595/595/595 602/602/602 601/601/601
f 596/596/596 597/597/597 603/603/603
f 596/596/596 603/603/603 602/602/602
f 597/597/597 598/598/598 604/604/604
f 597/597/597 604/604/604 603/603/603
f 599/599/599 600/600/600 606/606/606
f 599/599/599 606/606/606 605/605/605
f 600/600/600 601/601/601 607/607/607
f 600/600/600 607/607/607 606/606/606
f 601/601/601 602/602/602 608/608/608
f 601/601/601 608/608/608 607/607/607
f 602/602/602 603/603/603 609/609/609
f 602/602/602 609/609/609 608/608/608
f 603/603/603 604/604/604 610/610/610
f 603/603/603 610/610/610 609/609/609
f 605/605/605 606/606/606 612/612/612
f 605/605/605 612/612/612 611/611/611
f 606/606/606 607/607/607 613/613/613
f 606/606/606 613/613/613 612/612/612
f 607/607/607 608/608/608 614/614/614
f 607/607/607 614/614/614 613/613/613
f 608/608/608 609/609/609 615/615/615
f 608/608/608 615/615/615 614/614/614
f 609/609/609 610/610/610 616/616/616
f 609/609/609 616/616/616 615/615/615
f 611/611/611 612/612/612 618/618/618
f 611/611/611 618/618/618 617/617/617
f 612/612/612 613/613/613 619/619/619
f 612/612/612 619/619/619 618/618/618
f 613/613/613 614/614/614 620/620/620
f 613/613/613 620/620/620 619/619/619
f 614/614/614 615/615/615 621/621/621
f 614/614/614 621/621/621 620/620/620
f 615/615/615 616/616/616 622/622/622
f 615/615/615 622/622/622 621/621/621
f 617/617/617 618/618/618 624/624/624
f 617/617/617 624/624/624 623/623/623
f 618/618/618 619/619/619 625/625/625
f 618/618/618 625/625/625 624/624/624
f 619/619/619 620/620/620 626/626/626
f 619/619/619 626/626/626 625/625/625
f 620/620/620 621/621/621 627/627/627
f 620/620/620 627/627/627 626/626/626
f 621/621/621 622/622/622 628/628/628
f 621/621/621 628/628/628 627/627/627
f 623/623/623 624/624/624 630/630/630
f 623/623/623 630/630/630 629/629/629
f 624/624/624 625/625/625 631/631/631
f 624/624/624 631/631/631 630/630/630
f 625/625/625 626/626/626 632/632/632
f 625/625/625 632/632/632 631/631/631
f 626/626/626 627/627/627 633/633/633
f 626/626/626 633/633/633 632/632/632
f 627/627/627 628/628/628 634/634/634
f 627/627/627 634/634/634 633/633/633
f 635/635/635 637/637/637 636/636/636
f 635/635/635 638/638/638 637/637/637
f 635/635/635 639/639/639 638/638/638
f 635/635/635 640/640/640 639/639/639
f 635/635/635 636/636/636 640/640/640
f 641/641/641 642/642/642 643/643/643
f 641/641/641 643/643/643 644/644/644
f 641/641/641 644/644/644 645/645/645
f 641/641/641 645/645/645 646/646/646
f 641/641/641 646/646/646 642/642/642
usemtl ceramic
f 647/647/647 654/654/654 655/655/655
f 647/647/647 655/655/655 648/648/648
f 648/648/648 655/655/655 656/656/656
f 648/648/648 656/656/656 649/649/649
f 649/649/649 656/656/656 657/657/657
f 649/649/649 657/657/657 650/650/650
f 650/650/650 657/657/657 658/658/658
f 650/650/650 658/658/658 651/651/651
f 651/651/651 658/658/658 659/659/659
f 651/651/651 659/659/659 652/652/652
f 652/652/652 659/659/659 660/660/660
f 652/652/652 660/660/660 653/653/653
f 654/654/654 661/661/661 662/662/662
f 654/654/654 662/662/662 655/655/655
f 655/655/655 662/662/662 663/663/663
f 655/655/655 663/663/663 656/656/656
f 656/656/656 663/663/663 664/664/664
f 656/656/656 664/664/664 657/657/657
f 657/657/657 664/664/664 665/665/665
f 657/657/657 665/665/665 658/658/658
f 658/658/658 665/665/665 666/666/666
f 658/658/658 666/666/666 659/659/659
f 659/659/659 666/666/666 667/667/667
f 659/659/659 667/667/667 660/660/660
f 661/661/661 668/668/668 669/669/669
f 661/661/661 669/669/669 662/662/662
f 662/662/662 669/669/669 670/670/670
f 662/662/662 670/670/670 663/663/663
f 663/663/663 670/670/670 671/671/671
f 663/663/663 671/671/671 664/664/664
f 664/664/664 671/671/671 672/672/672
f 664/664/664 672/672/672 665/665/665
f 665/665/665 672/672/672 673/673/673
f 665/665/665 673/673/673 666/666/666
f 666/666/666 673/673/673 674/674/674
f 666/666/666 674/674/674 667/667/667
f 668/668/668 675/675/675 676/676/676
f 668/668/668 676/676/676 669/669/669
f 669/669/669 676/676/676 677/677/677
f 669/669/669 677/677/677 670/670/670
f 670/670/670 677/677/677 678/678/678
f 670/670/670 678/678/678 671/671/671
f 671/671/671 678/678/678 679/679/679
f 671/671/671 679/679/679 672/672/672
f 672/672/672 679/679/679 680/680/680
f 672/672/672 680/680/680 673/673/673
f 673/673/673 680/680/680 681/681/681
f 673/673/673 681/681/681 674/674/674
f 675/675/675 682/682/682 683/683/683
f 675/675/675 683/683/683 676/676/676
f 676/676/676 683/683/683 684/684/684
f 676/676/676 684/684/684 677/677/677
f 677/677/677 684/684/684 685/685/685
f 677/677/677 685/685/685 678/678/678
f 678/678/678 685/685/685 686/686/686
f 678/678/678 686/686/686 679/679/679
f 679/679/679 686/686/686 687/687/687
f 679/679/679 687/687/687 680/680/680
f 680/680/680 687/687/687 688/688/688
f 680/680/680 688/688/688 681/681/681
f 682/682/682 689/689/689 690/690/690
f 682/682/682 690/690/690 683/683/683
f 683/683/683 690/690/690 691/691/691
f 683/683/683 691/691/691 684/684/684
f 684/684/684 691/691/691 692/692/692
f 684/684/684 692/692/692 685/685/685
f 685/685/685 692/692/692 693/693/693
f 685/685/685 693/693/693 686/686/686
f 686/686/686 693/693/693 694/694/694
f 686/686/686 694/694/694 687/687/687
f 687/687/687 694/694/694 695/695/695
f 687/687/687 695/695/695 688/688/688
f 689/689/689 696/696/696 697/697/697
f 689/689/689 697/697/697 690/690/690
f 690/690/690 697/697/697 698/698/698
f 690/690/690 698/698/698 691/691/691
f 691/691/691 698/698/698 699/699/699
f 691/691/691 699/699/699 692/692/692
f 692/692/692 699/699/699 700/700/700
f 692/692/692 700/700/700 693/693/693
f 693/693/693 700/700/700 701/701/701
f 693/693/693 701/701/701 694/694/694
f 694/694/694 701/701/701 702/702/702
f 694/694/694 702/702/702 695/695/695
f 696/696/696 703/703/703 704/704/704
f 696/696/696 704/704/704 697/697/697
f 697/697/697 704/704/704 705/705/705
f 697/697/697 705/705/705 698/698/698
f 698/698/698 705/705/705 706/706/706
f 698/698/698 706/706/706 699/699/699
f 699/699/699 706/706/706 707/707/707
f 699/699/699 707/707/707 700/700/700
f 700/700/700 707/707/707 708/708/708
f 700/700/700 708/708/708 701/701/701
f 701/701/701 708/708/708 709/709/709
f 701/701/701 709/709/709 702/702/702
f 703/703/703 710/710/710 711/711/711
f 703/703/703 711/711/711 704/704/704
f 704/704/704 711/711/711 712/712/712
f 704/704/704 712/712/712 705/705/705
f 705/705/705 712/712/712 713/713/713
f 705/705/705 713/713/713 706/706/706
f 706/706/706 713/713/713 714/714/714
f 706/706/706 714/714/714 707/707/707
f 707/707/707 714/714/714 715/715/715
f 707/707/707 715/715/715 708/708/708
f 708/708/708 715/715/715 716/716/716
f 708/708/708 716/716/716 709/709/709
f 710/710/710 717/717/717 718/718/718
f 710/710/710 718/718/718 711/711/711
f 711/711/711 718/718/718 719/719/719
f 711/711/711 719/719/719 712/712/712
f 712/712/712 719/719/719 720/720/720
f 712/712/712 720/720/720 713/713/713
f 713/713/713 720/720/720 721/721/721
f 713/713/713 721/721/721 714/714/714
f 714/714/714 721/721/721 722/722/722
f 714/714/714 722/722/722 715/715/715
f 715/715/715 722/722/722 723/723/723
f 715/715/715 723/723/723 716/716/716
f 717/717/717 724/724/724 725/725/725
f 717/717/717 725/725/725 718/718/718
f 718/718/718 725/725/725 726/726/726
f 718/718/718 726/726/726 719/719/719
f 719/719/719 726/726/726 727/727/727
f 719/719/719 727/727/727 720/720/720
f 720/720/720 727/727/727 728/728/728
f 720/720/720 728/728/728 721/721/721
f 721/721/721 728/728/728 729/729/729
f 721/721/721 729/729/729 722/722/722
f 722/722/722 729/729/729 730/730/730
f 722/722/722 730/730/730 723/723/723
f 724/724/724 731/731/731 732/732/732
f 724/724/724 732/732/732 725/725/725
f 725/725/725 732/732/732 733/733/733
f 725/725/725 733/733/733 726/726/726
f 726/726/726 733/733/733 734/734/734
f 726/726/726 734/734/734 727/727/727
f 727/727/727 734/734/734 735/735/735
f 727/727/727 735/735/735 728/728/728
f 728/728/728 735/735/735 736/736/736
f 728/728/728 736/736/736 729/729/729
f 729/729/729 736/736/736 737/737/737
f 729/729/729 737/737/737 730/730/730
f 731/731/731 738/738/738 739/739/739
f 731/731/731 739/739/739 732/732/732
f 732/732/732 739/739/739 740/740/740
f 732/732/732 740/740/740 733/733/733
f 733/733/733 740/740/740 741/741/741
f 733/733/733 741/741/741 734/734/734
f 734/734/734 741/741/741 742/742/742
f 734/734/734 742/742/742 735/735/735
f 735/735/735 742/742/742 743/743/743
f 735/735/735 743/743/743 736/736/736
f 736/736/736 743/743/743 744/744/744
f 736/736/736 744/744/744 737/737/737
f 738/738/738 745/745/745 746/746/746
f 738/738/738 746/746/746 739/739/739
f 739/739/739 746/746/746 747/747/747
f 739/739/739 747/747/747 740/740/740
f 740/740/740 747/747/747 748/748/748
f 740/740/740 748/748/748 741/741/741
f 741/741/741 748/748/748 749/749/749
f 741/741/741 749/749/749 742/742/742
f 742/742/742 749/749/749 750/750/750
f 742/742/742 750/750/750 743/743/743
f 743/743/743 750/750/750 751/751/751
f 743/743/743 751/751/751 744/744/744
f 745/745/745 752/752/752 753/753/753
f 745/745/745 753/753/753 746/746/746
f 746/746/746 753/753/753 754/754/754
f 746/746/746 754/754/754 747/747/747
f 747/747/747 754/754/754 755/755/755
f 747/747/747 755/755/755 748/748/748
f 748/748/748 755/755/755 756/756/756
f 748/748/748 756/756/756 749/749/749
f 749/749/749 756/756/756 757/757/757
f 749/749/749 757/757/757 750/750/750
f 750/750/750 757/757/757 758/758/758
f 750/750/750 758/758/758 751/751/751
f 752/752/752 759/759/759 760/760/760
f 752/752/752 760/760/760 753/753/753
f 753/753/753 760/760/760 761/761/761
f 753/753/753 761/761/761 754/754/754
f 754/754/754 761/761/761 762/762/762
f 754/754/754 762/762/762 755/755/755
f 755/755/755 762/762/762 763/763/763
f 755/755/755 763/763/763 756/756/756
f 756/756/756 763/763/763 764/764/764
f 756/756/756 764/764/764 757/757/757
f 757/757/757 764/764/764 765/765/765
f 757/757/757 765/765/765 758/758/758
f 766/766/766 772/772/772 773/773/773
f 766/766/766 773/773/773 767/767/767
f 767/767/767 773/773/773 774/774/774
f 767/767/767 774/774/774 768/768/768
f 768/768/768 774/774/774 775/775/775
f 768/768/768 775/775/775 769/769/769
f 769/769/769 775/775/775 776/776/776
f 769/769/769 776/776/776 770/770/770
f 770/770/770 776/776/776 777/777/777
f 770/770/770 777/777/777 771/771/771
f 772/772/772 778/778/778 779/779/779
f 772/772/772 779/779/779 773/773/773
f 773/773/773 779/779/779 780/780/780
f 773/773/773 780/780/780 774/774/774
f 774/774/774 780/780/780 781/781/781
f 774/774/774 781/781/781 775/775/775
f 775/775/775 781/781/781 782/782/782
f 775/775/775 782/782/782 776/776/776
f 776/776/776 782/782/782 783/783/783
f 776/776/776 783/783/783 777/777/777
f 778/778/778 784/784/784 785/785/785
f 778/778/778 785/785/785 779/779/779
f 779/779/779 785/785/785 786/786/786
f 779/779/779 786/786/786 780/780/780
f 780/780/780 786/786/786 787/787/787
f 780/780/780 787/787/787 781/781/781
f 781/781/781 787/787/787 788/788/788
f 781/781/781 788/788/788 782/782/782
f 782/782/782 788/788/788 789/789/789
f 782/782/782 789/789/789 783/783/783
f 784/784/784 790/790/790 791/791/791
f 784/784/784 791/791/791 785/785/785
f 785/785/785 791/791/791 792/792/792
f 785/785/785 792/792/792 786/786/786
f 786/786/786 792/792/792 793/793/793
f 786/786/786 793/793/793 787/787/787
f 787/787/787 793/793/793 794/794/794
f 787/787/787 794/794/794 788/788/788
f 788/788/788 794/794/794 795/795/795
f 788/788/788 795/795/795 789/789/789
f 790/790/790 796/796/796 797/797/797
f 790/790/790 797/797/797 791/791/791
f 791/791/791 797/797/797 798/798/798
f 791/791/791 798/798/798 792/792/792
f 792/792/792 798/798/798 799/799/799
f 792/792/792 799/799/799 793/793/793
f 793/793/793 799/799/799 800/800/800
f 793/793/793 800/800/800 794/794/794
f 794/794/794 800/800/800 801/801/801
f 794/794/794 801/801/801 795/795/795
f 796/796/796 802/802/802 803/803/803
f 796/796/796 803/803/803 797/797/797
f 797/797/797 803/803/803 804/804/804
f 797/797/797 804/804/804 798/798/798
f 798/798/798 804/804/804 805/805/805
f 798/798/798 805/805/805 799/799/799
f 799/799/799 805/805/805 806/806/806
f 799/799/799 806/806/806 800/800/800
f 800/800/800 806/806/806 807/807/807
f 800/800/800 807/807/807 801/801/801
f 802/802/802 808/808/808 809/809/809
f 802/802/802 809/809/809 803/803/803
f 803/803/803 809/809/809 810/810/810
f 803/803/803 810/810/810 804/804/804
f 804/804/804 810/810/810 811/811/811
f 804/804/804 811/811/811 805/805/805
f 805/805/805 811/811/811 812/812/812
f 805/805/805 812/812/812 806/806/806
f 806/806/806 812/812/812 813/813/813
f 806/806/806 813/813/813 807/807/807
f 808/808/808 814/814/814 815/815/815
f 808/808/808 815/815/815 809/809/809
f 809/809/809 815/815/815 816/816/816
f 809/809/809 816/816/816 810/810/810
f 810/810/810 816/816/816 817/817/817
f 810/810/810 817/817/817 811/811/811
f 811/811/811 817/817/817 818/818/818
f 811/811/811 818/818/818 812/812/812
f 812/812/812 818/818/818 819/819/819
f 812/812/812 819/819/819 813/813/813
f 814/814/814 820/820/820 821/821/821
f 814/814/814 821/821/821 815/815/815
f 815/815/815 821/821/821 822/822/822
f 815/815/815 822/822/822 816/816/816
f 816/816/816 822/822/822 823/823/823
f 816/816/816 823/823/823 817/817/817
f 817/817/817 823/823/823 824/824/824
f 817/817/817 824/824/824 818/818/818
f 818/818/818 824/824/824 825/825/825
f 818/818/818 825/825/825 819/819/819
f 820/820/820 826/826/826 827/827/827
f 820/820/820 827/827/827 821/821/821
f 821/821/821 827/827/827 828/828/828
f 821/821/821 828/828/828 822/822/822
f 822/822/822 828/828/828 829/829/829
f 822/822/822 829/829/829 823/823/823
f 823/823/823 829/829/829 830/830/830
f 823/823/823 830/830/830 824/824/824
f 824/824/824 830/830/830 831/831/831
f 824/824/824 831/831/831 825/825/825
f 826/826/826 832/832/832 833/833/833
f 826/826/826 833/833/833 827/827/827
f 827/827/827 833/833/833 834/834/834
f 827/827/827 834/834/834 828/828/828
f 828/828/828 834/834/834 835/835/835
f 828/828/828 835/835/835 829/829/829
f 829/829/829 835/835/835 836/836/836
f 829/829/829 836/836/836 830/830/830
f 830/830/830 836/836/836 837/837/837
f 830/830/830 837/837/837 831/831/831
f 832/832/832 838/838/838 839/839/839
f 832/832/832 839/839/839 833/833/833
f 833/833/833 839/839/839 840/840/840
f 833/833/833 840/840/840 834/834/834
f 834/834/834 840/840/840 841/841/841
f 834/834/834 841/841/841 835/835/835
f 835/835/835 841/841/841 842/842/842
f 835/835/835 842/842/842 836/836/836
f 836/836/836 842/842/842 843/843/843
f 836/836/836 843/843/843 837/837/837
f 838/838/838 844/844/844 845/845/845
f 838/838/838 845/845/845 839/839/839
f 839/839/839 845/845/845 846/846/846
f 839/839/839 846/846/846 840/840/840
f 840/840/840 846/846/846 847/847/847
f 840/840/840 847/847/847 841/841/841
f 841/841/841 847/847/847 848/848/848
f 841/841/841 848/848/848 842/842/842
f 842/842/842 848/848/848 849/849/849
f 842/842/842 849/849/849 843/843/843
f 844/844/844 850/850/850 851/851/851
f 844/844/844 851/851/851 845/845/845
f 845/845/845 851/851/851 852/852/852
f 845/845/845 852/852/852 846/846/846
f 846/846/846 852/852/852 853/853/853
f 846/846/846 853/853/853 847/847/847
f 847/847/847 853/853/853 854/854/854
f 847/847/847 854/854/854 848/848/848
f 848/848/848 854/854/854 855/855/855
f 848/848/848 855/855/855 849/849/849
usemtl incense
f 856/856/856 857/857/857 862/862/862
f 856/856/856 862/862/862 861/861/861
f 857/857/857 858/858/858 863/863/863
f 857/857/857 863/863/863 862/862/862
f 858/858/858 859/859/859 864/864/864
f 858/858/858 864/864/864 863/863/863
f 859/859/859 860/860/860 865/865/865
f 859/859/859 865/865/865 864/864/864
f 866/866/866 867/867/867 872/872/872
f 866/866/866 872/872/872 871/871/871
f 867/867/867 868/868/868 873/873/873
f 867/867/867 873/873/873 872/872/872
f 868/868/868 869/869/869 874/874/874
f 868/868/868 874/874/874 873/873/873
f 869/869/869 870/870/870 875/875/875
f 869/869/869 875/875/875 874/874/874
f 876/876/876 877/877/877 882/882/882
f 876/876/876 882/882/882 881/881/881
f 877/877/877 878/878/878 883/883/883
f 877/877/877 883/883/883 882/882/882
f 878/878/878 879/879/879 884/884/884
f 878/878/878 884/884/884 883/883/883
f 879/879/879 880/880/880 885/885/885
f 879/879/879 885/885/885 884/884/884
f 886/886/886 887/887/887 892/892/892
f 886/886/886 892/892/892 891/891/891
f 887/887/887 888/888/888 893/893/893
f 887/887/887 893/893/893 892/892/892
f 888/888/888 889/889/889 894/894/894
f 888/888/888 894/894/894 893/893/893
f 889/889/889 890/890/890 895/895/895
f 889/889/889 895/895/895 894/894/894
usemtl leaf
f 896/896/896 897/897/897 902/902/902
f 896/896/896 902/902/902 901/901/901
f 897/897/897 898/898/898 903/903/903
f 897/897/897 903/903/903 902/902/902
f 898/898/898 899/899/899 904/904/904
f 898/898/898 904/904/904 903/903/903
f 899/899/899 900/900/900 905/905/905
f 899/899/899 905/905/905 904/904/904
f 906/906/906 908/908/908 907/907/907
f 906/906/906 909/909/909 908/908/908
f 906/906/906 910/910/910 909/909/909
f 906/906/906 907/907/907 910/910/910
f 911/911/911 912/912/912 913/913/913
f 911/911/911 913/913/913 914/914/914
f 911/911/911 914/914/914 915/915/915
f 911/911/911 915/915/915 912/912/912
f 916/916/916 917/917/917 922/922/922
f 916/916/916 922/922/922 921/921/921
f 917/917/917 918/918/918 923/923/923
f 917/917/917 923/923/923 922/922/922
f 918/918/918 919/919/919 924/924/924
f 918/918/918 924/924/924 923/923/923
f 919/919/919 920/920/920 925/925/925
f 919/919/919 925/925/925 924/924/924
f 926/926/926 928/928/928 927/927/927
f 926/926/926 929/929/929 928/928/928
f 926/926/926 930/930/930 929/929/929
f 926/926/926 927/927/927 930/930/930
f 931/931/931 932/932/932 933/933/933
f 931/931/931 933/933/933 934/934/934
f 931/931/931 934/934/934 935/935/935
f 931/931/931 935/935/935 932/932/932
f 936/936/936 937/937/937 942/942/942
f 936/936/936 942/942/942 941/941/941
f 937/937/937 938/938/938 943/943/943
f 937/937/937 943/943/943 942/942/942
f 938/938/938 939/939/939 944/944/944
f 938/938/938 944/944/944 943/943/943
f 939/939/939 940/940/940 945/945/945
f 939/939/939 945/945/945 944/944/944
f 946/946/946 948/948/948 947/947/947
f 946/946/946 949/949/949 948/948/948
f 946/946/946 950/950/950 949/949/949
f 946/946/946 947/947/947 950/950/950
f 951/951/951 952/952/952 953/953/953
f 951/951/951 953/953/953 954/954/954
f 951/951/951 954/954/954 955/955/955
f 951/951/951 955/955/955 952/952/952
f 956/956/956 957/957/957 962/962/962
f 956/956/956 962/962/962 961/961/961
f 957/957/957 958/958/958 963/963/963
f 957/957/957 963/963/963 962/962/962
f 958/958/958 959/959/959 964/964/964
f 958/958/958 964/964/964 963/963/963
f 959/959/959 960/960/960 965/965/965
f 959/959/959 965/965/965 964/964/964
f 966/966/966 968/968/968 967/967/967
f 966/966/966 969/969/969 968/968/968
f 966/966/966 970/970/970 969/969/969
f 966/966/966 967/967/967 970/970/970
f 971/971/971 972/972/972 973/973/973
f 971/971/971 973/973/973 974/974/974
f 971/971/971 974/974/974 975/975/975
f 971/971/971 975/975/975 972/972/972
f 976/976/976 977/977/977 982/982/982
f 976/976/976 982/982/982 981/981/981
f 977/977/977 978/978/978 983/983/983
f 977/977/977 983/983/983 982/982/982
f 978/978/978 979/979/979 984/984/984
f 978/978/978 984/984/984 983/983/983
f 979/979/979 980/980/980 985/985/985
f 979/979/979 985/985/985 984/984/984
f 986/986/986 988/988/988 987/987/987
f 986/986/986 989/989/989 988/988/988
f 986/986/986 990/990/990 989/989/989
f 986/986/986 987/987/987 990/990/990
f 991/991/991 992/992/992 993/993/993
f 991/991/991 993/993/993 994/994/994
f 991/991/991 994/994/994 995/995/995
f 991/991/991 995/995/995 992/992/992
usemtl flower
f 996/996/996 997/997/997 1006/1006/1006
f 996/996/996 1006/1006/1006 1005/1005/1005
f 997/997/997 998/998/998 1007/1007/1007
f 997/997/997 1007/1007/1007 1006/1006/1006
f 998/998/998 999/999/999 1008/1008/1008
f 998/998/998 1008/1008/1008 1007/1007/1007
f 999/999/999 1000/1000/1000 1009/1009/1009
f 999/999/999 1009/1009/1009 1008/1008/1008
f 1000/1000/1000 1001/1001/1001 1010/1010/1010
f 1000/1000/1000 1010/1010/1010 1009/1009/1009
f 1001/1001/1001 1002/1002/1002 1011/1011/1011
f 1001/1001/1001 1011/1011/1011 1010/1010/1010
f 1002/1002/1002 1003/1003/1003 1012/1012/1012
f 1002/1002/1002 1012/1012/1012 1011/1011/1011
f 1003/1003/1003 1004/1004/1004 1013/1013/1013
f 1003/1003/1003 1013/1013/1013 1012/1012/1012
f 1005/1005/1005 1006/1006/1006 1015/1015/1015
f 1005/1005/1005 1015/1015/1015 1014/1014/1014
f 1006/1006/1006 1007/1007/1007 1016/1016/1016
f 1006/1006/1006 1016/1016/1016 1015/1015/1015
f 1007/1007/1007 1008/1008/1008 1017/1017/1017
f 1007/1007/1007 1017/1017/1017 1016/1016/1016
f 1008/1008/1008 1009/1009/1009 1018/1018/1018
f 1008/1008/1008 1018/1018/1018 1017/1017/1017
f 1009/1009/1009 1010/1010/1010 1019/1019/1019
f 1009/1009/1009 1019/1019/1019 1018/1018/1018
f 1010/1010/1010 1011/1011/1011 1020/1020/1020
f 1010/1010/1010 1020/1020/1020 1019/1019/1019
f 1011/1011/1011 1012/1012/1012 1021/1021/1021
f 1011/1011/1011 1021/1021/1021 1020/1020/1020
f 1012/1012/1012 1013/1013/1013 1022/1022/1022
f 1012/1012/1012 1022/1022/1022 1021/1021/1021
f 1014/1014/1014 1015/1015/1015 1024/1024/1024
f 1014/1014/1014 1024/1024/1024 1023/1023/1023
f 1015/1015/1015 1016/1016/1016 1025/1025/1025
f 1015/1015/1015 1025/1025/1025 1024/1024/1024
f 1016/1016/1016 1017/1017/1017 1026/1026/1026
f 1016/1016/1016 1026/1026/1026 1025/1025/1025
f 1017/1017/1017 1018/1018/1018 1027/1027/1027
f 1017/1017/1017 1027/1027/1027 1026/1026/1026
f 1018/1018/1018 1019/1019/1019 1028/1028/1028
f 1018/1018/1018 1028/1028/1028 1027/1027/1027
f 1019/1019/1019 1020/1020/1020 1029/1029/1029
f 1019/1019/1019 1029/1029/1029 1028/1028/1028
f 1020/1020/1020 1021/1021/1021 1030/1030/1030
f 1020/1020/1020 1030/1030/1030 1029/1029/1029
f 1021/1021/1021 1022/1022/1022 1031/1031/1031
f 1021/1021/1021 1031/1031/1031 1030/1030/1030
f 1023/1023/1023 1024/1024/1024 1033/1033/1033
f 1023/1023/1023 1033/1033/1033 1032/1032/1032
f 1024/1024/1024 1025/1025/1025 1034/1034/1034
f 1024/1024/1024 1034/1034/1034 1033/1033/1033
f 1025/1025/1025 1026/1026/1026 1035/1035/1035
f 1025/1025/1025 1035/1035/1035 1034/1034/1034
f 1026/1026/1026 1027/1027/1027 1036/1036/1036
f 1026/1026/1026 1036/1036/1036 1035/1035/1035
f 1027/1027/1027 1028/1028/1028 1037/1037/1037
f 1027/1027/1027 1037/1037/1037 1036/1036/1036
f 1028/1028/1028 1029/1029/1029 1038/1038/1038
f 1028/1028/1028 1038/1038/1038 1037/1037/1037
f 1029/1029/1029 1030/1030/1030 1039/1039/1039
f 1029/1029/1029 1039/1039/1039 1038/1038/1038
f 1030/1030/1030 1031/1031/1031 1040/1040/1040
f 1030/1030/1030 1040/1040/1040 1039/1039/1039
f 1041/1041/1041 1042/1042/1042 1051/1051/1051
f 1041/1041/1041 1051/1051/1051 1050/1050/1050
f 1042/1042/1042 1043/1043/1043 1052/1052/1052
f 1042/1042/1042 1052/1052/1052 1051/1051/1051
f 1043/1043/1043 1044/1044/1044 1053/1053/1053
f 1043/1043/1043 1053/1053/1053 1052/1052/1052
f 1044/1044/1044 1045/1045/1045 1054/1054/1054
f 1044/1044/1044 1054/1054/1054 1053/1053/1053
f 1045/1045/1045 1046/1046/1046 1055/1055/1055
f 1045/1045/1045 1055/1055/1055 1054/1054/1054
f 1046/1046/1046 1047/1047/1047 1056/1056/1056
f 1046/1046/1046 1056/1056/1056 1055/1055/1055
f 1047/1047/1047 1048/1048/1048 1057/1057/1057
f 1047/1047/1047 1057/1057/1057 1056/1056/1056
f 1048/1048/1048 1049/1049/1049 1058/1058/1058
f 1048/1048/1048 1058/1058/1058 1057/1057/1057
f 1050/1050/1050 1051/1051/1051 1060/1060/1060
f 1050/1050/1050 1060/1060/1060 1059/1059/1059
f 1051/1051/1051 1052/1052/1052 1061/1061/1061
f 1051/1051/1051 1061/1061/1061 1060/1060/1060
f 1052/1052/1052 1053/1053/1053 1062/1062/1062
f 1052/1052/1052 1062/1062/1062 1061/1061/1061
f 1053/1053/1053 1054/1054/1054 1063/1063/1063
f 1053/1053/1053 1063/1063/1063 1062/1062/1062
f 1054/1054/1054 1055/1055/1055 1064/1064/1064
f 1054/1054/1054 1064/1064/1064 1063/1063/1063
f 1055/1055/1055 1056/1056/1056 1065/1065/1065
f 1055/1055/1055 1065/1065/1065 1064/1064/1064
f 1056/1056/1056 1057/1057/1057 1066/1066/1066
f 1056/1056/1056 1066/1066/1066 1065/1065/1065
f 1057/1057/1057 1058/1058/1058 1067/1067/1067
f 1057/1057/1057 1067/1067/1067 1066/1066/1066
f 1059/1059/1059 1060/1060/1060 1069/1069/1069
f 1059/1059/1059 1069/1069/1069 1068/1068/1068
f 1060/1060/1060 1061/1061/1061 1070/1070/1070
f 1060/1060/1060 1070/1070/1070 1069/1069/1069
f 1061/1061/1061 1062/1062/1062 1071/1071/1071
f 1061/1061/1061 1071/1071/1071 1070/1070/1070
f 1062/1062/1062 1063/1063/1063 1072/1072/1072
f 1062/1062/1062 1072/1072/1072 1071/1071/1071
f 1063/1063/1063 1064/1064/1064 1073/1073/1073
f 1063/1063/1063 1073/1073/1073 1072/1072/1072
f 1064/1064/1064 1065/1065/1065 1074/1074/1074
f 1064/1064/1064 1074/1074/1074 1073/1073/1073
f 1065/1065/1065 1066/1066/1066 1075/1075/1075
f 1065/1065/1065 1075/1075/1075 1074/1074/1074
f 1066/1066/1066 1067/1067/1067 1076/1076/1076
f 1066/1066/1066 1076/1076/1076 1075/1075/1075
f 1068/1068/1068 1069/1069/1069 1078/1078/1078
f 1068/1068/1068 1078/1078/1078 1077/1077/1077
f 1069/1069/1069 1070/1070/1070 1079/1079/1079
f 1069/1069/1069 1079/1079/1079 1078/1078/1078
f 1070/1070/1070 1071/1071/1071 1080/1080/1080
f 1070/1070/1070 1080/1080/1080 1079/1079/1079
f 1071/1071/1071 1072/1072/1072 1081/1081/1081
f 1071/1071/1071 1081/1081/1081 1080/1080/1080
f 1072/1072/1072 1073/1073/1073 1082/1082/1082
f 1072/1072/1072 1082/1082/1082 1081/1081/1081
f 1073/1073/1073 1074/1074/1074 1083/1083/1083
f 1073/1073/1073 1083/1083/1083 1082/1082/1082
f 1074/1074/1074 1075/1075/1075 1084/1084/1084
f 1074/1074/1074 1084/1084/1084 1083/1083/1083
f 1075/1075/1075 1076/1076/1076 1085/1085/1085
f 1075/1075/1075 1085/1085/1085 1084/1084/1084
f 1086/1086/1086 1087/1087/1087 1096/1096/1096
f 1086/1086/1086 1096/1096/1096 1095/1095/1095
f 1087/1087/1087 1088/1088/1088 1097/1097/1097
f 1087/1087/1087 1097/1097/1097 1096/1096/1096
f 1088/1088/1088 1089/1089/1089 1098/1098/1098
f 1088/1088/1088 1098/1098/1098 1097/1097/1097
f 1089/1089/1089 1090/1090/1090 1099/1099/1099
f 1089/1089/1089 1099/1099/1099 1098/1098/1098
f 1090/1090/1090 1091/1091/1091 1100/1100/1100
f 1090/1090/1090 1100/1100/1100 1099/1099/1099
f 1091/1091/1091 1092/1092/1092 1101/1101/1101
f 1091/1091/1091 1101/1101/1101 1100/1100/1100
f 1092/1092/1092 1093/1093/1093 1102/1102/1102
f 1092/1092/1092 1102/1102/1102 1101/1101/1101
f 1093/1093/1093 1094/1094/1094 1103/1103/1103
f 1093/1093/1093 1103/1103/1103 1102/1102/1102
f 1095/1095/1095 1096/1096/1096 1105/1105/1105
f 1095/1095/1095 1105/1105/1105 1104/1104/1104
f 1096/1096/1096 1097/1097/1097 1106/1106/1106
f 1096/1096/1096 1106/1106/1106 1105/1105/1105
f 1097/1097/1097 1098/1098/1098 1107/1107/1107
f 1097/1097/1097 1107/1107/1107 1106/1106/1106
f 1098/1098/1098 1099/1099/1099 1108/1108/1108
f 1098/1098/1098 1108/1108/1108 1107/1107/1107
f 1099/1099/1099 1100/1100/1100 1109/1109/1109
f 1099/1099/1099 1109/1109/1109 1108/1108/1108
f 1100/1100/1100 1101/1101/1101 1110/1110/1110
f 1100/1100/1100 1110/1110/1110 1109/1109/1109
f 1101/1101/1101 1102/1102/1102 1111/1111/1111
f 1101/1101/1101 1111/1111/1111 1110/1110/1110
f 1102/1102/1102 1103/1103/1103 1112/1112/1112
f 1102/1102/1102 1112/1112/1112 1111/1111/1111
f 1104/1104/1104 1105/1105/1105 1114/1114/1114
f 1104/1104/1104 1114/1114/1114 1113/1113/1113
f 1105/1105/1105 1106/1106/1106 1115/1115/1115
f 1105/1105/1105 1115/1115/1115 1114/1114/1114
f 1106/1106/1106 1107/1107/1107 1116/1116/1116
f 1106/1106/1106 1116/1116/1116 1115/1115/1115
f 1107/1107/1107 1108/1108/1108 1117/1117/1117
f 1107/1107/1107 1117/1117/1117 1116/1116/1116
f 1108/1108/1108 1109/1109/1109 1118/1118/1118
f 1108/1108/1108 1118/1118/1118 1117/1117/1117
f 1109/1109/1109 1110/1110/1110 1119/1119/1119
f 1109/1109/1109 1119/1119/1119 1118/1118/1118
f 1110/1110/1110 1111/1111/1111 1120/1120/1120
f 1110/1110/1110 1120/1120/1120 1119/1119/1119
f 1111/1111/1111 1112/1112/1112 1121/1121/1121
f 1111/1111/1111 1121/1121/1121 1120/1120/1120
f 1113/1113/1113 1114/1114/1114 1123/1123/1123
f 1113/1113/1113 1123/1123/1123 1122/1122/1122
f 1114/1114/1114 1115/1115/1115 1124/1124/1124
f 1114/1114/1114 1124/1124/1124 1123/1123/1123
f 1115/1115/1115 1116/1116/1116 1125/1125/1125
f 1115/1115/1115 1125/1125/1125 1124/1124/1124
f 1116/1116/1116 1117/1117/1117 1126/1126/1126
f 1116/1116/1116 1126/1126/1126 1125/1125/1125
f 1117/1117/1117 1118/1118/1118 1127/1127/1127
f 1117/1117/1117 1127/1127/1127 1126/1126/1126
f 1118/1118/1118 1119/1119/1119 1128/1128/1128
f 1118/1118/1118 1128/1128/1128 1127/1127/1127
f 1119/1119/1119 1120/1120/1120 1129/1129/1129
f 1119/1119/1119 1129/1129/1129 1128/1128/1128
f 1120/1120/1120 1121/1121/1121 1130/1130/1130
f 1120/1120/1120 1130/1130/1130 1129/1129/1129
f 1131/1131/1131 1132/1132/1132 1141/1141/1141
f 1131/1131/1131 1141/1141/1141 1140/1140/1140
f 1132/1132/1132 1133/1133/1133 1142/1142/1142
f 1132/1132/1132 1142/1142/1142 1141/1141/1141
f 1133/1133/1133 1134/1134/1134 1143/1143/1143
f 1133/1133/1133 1143/1143/1143 1142/1142/1142
f 1134/1134/1134 1135/1135/1135 1144/1144/1144
f 1134/1134/1134 1144/1144/1144 1143/1143/1143
f 1135/1135/1135 1136/1136/1136 1145/1145/1145
f 1135/1135/1135 1145/1145/1145 1144/1144/1144
f 1136/1136/1136 1137/1137/1137 1146/1146/1146
f 1136/1136/1136 1146/1146/1146 1145/1145/1145
f 1137/1137/1137 1138/1138/1138 1147/1147/1147
f 1137/1137/1137 1147/1147/1147 1146/1146/1146
f 1138/1138/1138 1139/1139/1139 1148/1148/1148
f 1138/1138/1138 1148/1148/1148 1147/1147/1147
f 1140/1140/1140 1141/1141/1141 1150/1150/1150
f 1140/1140/1140 1150/1150/1150 1149/1149/1149
f 1141/1141/1141 1142/1142/1142 1151/1151/1151
f 1141/1141/1141 1151/1151/1151 1150/1150/1150
f 1142/1142/1142 1143/1143/1143 1152/1152/1152
f 1142/1142/1142 1152/1152/1152 1151/1151/1151
f 1143/1143/1143 1144/1144/1144 1153/1153/1153
f 1143/1143/1143 1153/1153/1153 1152/1152/1152
f 1144/1144/1144 1145/1145/1145 1154/1154/1154
f 1144/1144/1144 1154/1154/1154 1153/1153/1153
f 1145/1145/1145 1146/1146/1146 1155/1155/1155
f 1145/1145/1145 1155/1155/1155 1154/1154/1154
f 1146/1146/1146 1147/1147/1147 1156/1156/1156
f 1146/1146/1146 1156/1156/1156 1155/1155/1155
f 1147/1147/1147 1148/1148/1148 1157/1157/1157
f 1147/1147/1147 1157/1157/1157 1156/1156/1156
f 1149/1149/1149 1150/1150/1150 1159/1159/1159
f 1149/1149/1149 1159/1159/1159 1158/1158/1158
f 1150/1150/1150 1151/1151/1151 1160/1160/1160
f 1150/1150/1150 1160/1160/1160 1159/1159/1159
f 1151/1151/1151 1152/1152/1152 1161/1161/1161
f 1151/1151/1151 1161/1161/1161 1160/1160/1160
f 1152/1152/1152 1153/1153/1153 1162/1162/1162
f 1152/1152/1152 1162/1162/1162 1161/1161/1161
f 1153/1153/1153 1154/1154/1154 1163/1163/1163
f 1153/1153/1153 1163/1163/1163 1162/1162/1162
f 1154/1154/1154 1155/1155/1155 1164/1164/1164
f 1154/1154/1154 1164/1164/1164 1163/1163/1163
f 1155/1155/1155 1156/1156/1156 1165/1165/1165
f 1155/1155/1155 1165/1165/1165 1164/1164/1164
f 1156/1156/1156 1157/1157/1157 1166/1166/1166
f 1156/1156/1156 1166/1166/1166 1165/1165/1165
f 1158/1158/1158 1159/1159/1159 1168/1168/1168
f 1158/1158/1158 1168/1168/1168 1167/1167/1167
f 1159/1159/1159 1160/1160/1160 1169/1169/1169
f 1159/1159/1159 1169/1169/1169 1168/1168/1168
f 1160/1160/1160 1161/1161/1161 1170/1170/1170
f 1160/1160/1160 1170/1170/1170 1169/1169/1169
f 1161/1161/1161 1162/1162/1162 1171/1171/1171
f 1161/1161/1161 1171/1171/1171 1170/1170/1170
f 1162/1162/1162 1163/1163/1163 1172/1172/1172
f 1162/1162/1162 1172/1172/1172 1171/1171/1171
f 1163/1163/1163 1164/1164/1164 1173/1173/1173
f 1163/1163/1163 1173/1173/1173 1172/1172/1172
f 1164/1164/1164 1165/1165/1165 1174/1174/1174
f 1164/1164/1164 1174/1174/1174 1173/1173/1173
f 1165/1165/1165 1166/1166/1166 1175/1175/1175
f 1165/1165/1165 1175/1175/1175 1174/1174/1174
f 1176/1176/1176 1177/1177/1177 1186/1186/1186
f 1176/1176/1176 1186/1186/1186 1185/1185/1185
f 1177/1177/1177 1178/1178/1178 1187/1187/1187
f 1177/1177/1177 1187/1187/1187 1186/1186/1186
f 1178/1178/1178 1179/1179/1179 1188/1188/1188
f 1178/1178/1178 1188/1188/1188 1187/1187/1187
f 1179/1179/1179 1180/1180/1180 1189/1189/1189
f 1179/1179/1179 1189/1189/1189 1188/1188/1188
f 1180/1180/1180 1181/1181/1181 1190/1190/1190
f 1180/1180/1180 1190/1190/1190 1189/1189/1189
f 1181/1181/1181 1182/1182/1182 1191/1191/1191
f 1181/1181/1181 1191/1191/1191 1190/1190/1190
f 1182/1182/1182 1183/1183/1183 1192/1192/1192
f 1182/1182/1182 1192/1192/1192 1191/1191/1191
f 1183/1183/1183 1184/1184/1184 1193/1193/1193
f 1183/1183/1183 1193/1193/1193 1192/1192/1192
f 1185/1185/1185 1186/1186/1186 1195/1195/1195
f 1185/1185/1185 1195/1195/1195 1194/1194/1194
f 1186/1186/1186 1187/1187/1187 1196/1196/1196
f 1186/1186/1186 1196/1196/1196 1195/1195/1195
f 1187/1187/1187 1188/1188/1188 1197/1197/1197
f 1187/1187/1187 1197/1197/1197 1196/1196/1196
f 1188/1188/1188 1189/1189/1189 1198/1198/1198
f 1188/1188/1188 1198/1198/1198 1197/1197/1197
f 1189/1189/1189 1190/1190/1190 1199/1199/1199
f 1189/1189/1189 1199/1199/1199 1198/1198/1198
f 1190/1190/1190 1191/1191/1191 1200/1200/1200
f 1190/1190/1190 1200/1200/1200 1199/1199/1199
f 1191/1191/1191 1192/1192/1192 1201/1201/1201
f 1191/1191/1191 1201/1201/1201 1200/1200/1200
f 1192/1192/1192 1193/1193/1193 1202/1202/1202
f 1192/1192/1192 1202/1202/1202 1201/1201/1201
f 1194/1194/1194 1195/1195/1195 1204/1204/1204
f 1194/1194/1194 1204/1204/1204 1203/1203/1203
f 1195/1195/1195 1196/1196/1196 1205/1205/1205
f 1195/1195/1195 1205/1205/1205 1204/1204/1204
f 1196/1196/1196 1197/1197/1197 1206/1206/1206
f 1196/1196/1196 1206/1206/1206 1205/1205/1205
f 1197/1197/1197 1198/1198/1198 1207/1207/1207
f 1197/1197/1197 1207/1207/1207 1206/1206/1206
f 1198/1198/1198 1199/1199/1199 1208/1208/1208
f 1198/1198/1198 1208/1208/1208 1207/1207/1207
f 1199/1199/1199 1200/1200/1200 1209/1209/1209
f 1199/1199/1199 1209/1209/1209 1208/1208/1208
f 1200/1200/1200 1201/1201/1201 1210/1210/1210
f 1200/1200/1200 1210/1210/1210 1209/1209/1209
f 1201/1201/1201 1202/1202/1202 1211/1211/1211
f 1201/1201/1201 1211/1211/1211 1210/1210/1210
f 1203/1203/1203 1204/1204/1204 1213/1213/1213
f 1203/1203/1203 1213/1213/1213 1212/1212/1212
f 1204/1204/1204 1205/1205/1205 1214/1214/1214
f 1204/1204/1204 1214/1214/1214 1213/1213/1213
f 1205/1205/1205 1206/1206/1206 1215/1215/1215
f 1205/1205/1205 1215/1215/1215 1214/1214/1214
f 1206/1206/1206 1207/1207/1207 1216/1216/1216
f 1206/1206/1206 1216/1216/1216 1215/1215/1215
f 1207/1207/1207 1208/1208/1208 1217/1217/1217
f 1207/1207/1207 1217/1217/1217 1216/1216/1216
f 1208/1208/1208 1209/1209/1209 1218/1218/1218
f 1208/1208/1208 1218/1218/1218 1217/1217/1217
f 1209/1209/1209 1210/1210/1210 1219/1219/1219
f 1209/1209/1209 1219/1219/1219 1218/1218/1218
f 1210/1210/1210 1211/1211/1211 1220/1220/1220
f 1210/1210/1210 1220/1220/1220 1219/1219/1219
f 1221/1221/1221 1222/1222/1222 1229/1229/1229
f 1221/1221/1221 1229/1229/1229 1228/1228/1228
f 1222/1222/1222 1223/1223/1223 1230/1230/1230
f 1222/1222/1222 1230/1230/1230 1229/1229/1229
f 1223/1223/1223 1224/1224/1224 1231/1231/1231
f 1223/1223/1223 1231/1231/1231 1230/1230/1230
f 1224/1224/1224 1225/1225/1225 1232/1232/1232
f 1224/1224/1224 1232/1232/1232 1231/1231/1231
f 1225/1225/1225 1226/1226/1226 1233/1233/1233
f 1225/1225/1225 1233/1233/1233 1232/1232/1232
f 1226/1226/1226 1227/1227/1227 1234/1234/1234
f 1226/1226/1226 1234/1234/1234 1233/1233/1233
f 1228/1228/1228 1229/1229/1229 1236/1236/1236
f 1228/1228/1228 1236/1236/1236 1235/1235/1235
f 1229/1229/1229 1230/1230/1230 1237/1237/1237
f 1229/1229/1229 1237/1237/1237 1236/1236/1236
f 1230/1230/1230 1231/1231/1231 1238/1238/1238
f 1230/1230/1230 1238/1238/1238 1237/1237/1237
f 1231/1231/1231 1232/1232/1232 1239/1239/1239
f 1231/1231/1231 1239/1239/1239 1238/1238/1238
f 1232/1232/1232 1233/1233/1233 1240/1240/1240
f 1232/1232/1232 1240/1240/1240 1239/1239/1239
f 1233/1233/1233 1234/1234/1234 1241/1241/1241
f 1233/1233/1233 1241/1241/1241 1240/1240/1240
f 1235/1235/1235 1236/1236/1236 1243/1243/1243
f 1235/1235/1235 1243/1243/1243 1242/1242/1242
f 1236/1236/1236 1237/1237/1237 1244/1244/1244
f 1236/1236/1236 1244/1244/1244 1243/1243/1243
f 1237/1237/1237 1238/1238/1238 1245/1245/1245
f 1237/1237/1237 1245/1245/1245 1244/1244/1244
f 1238/1238/1238 1239/1239/1239 1246/1246/1246
f 1238/1238/1238 1246/1246/1246 1245/1245/1245
f 1239/1239/1239 1240/1240/1240 1247/1247/1247
f 1239/1239/1239 1247/1247/1247 1246/1246/1246
f 1240/1240/1240 1241/1241/1241 1248/1248/1248
f 1240/1240/1240 1248/1248/1248 1247/1247/1247
f 1242/1242/1242 1243/1243/1243 1250/1250/1250
f 1242/1242/1242 1250/1250/1250 1249/1249/1249
f 1243/1243/1243 1244/1244/1244 1251/1251/1251
f 1243/1243/1243 1251/1251/1251 1250/1250/1250
f 1244/1244/1244 1245/1245/1245 1252/1252/1252
f 1244/1244/1244 1252/1252/1252 1251/1251/1251
f 1245/1245/1245 1246/1246/1246 1253/1253/1253
f 1245/1245/1245 1253/1253/1253 1252/1252/1252
f 1246/1246/1246 1247/1247/1247 1254/1254/1254
f 1246/1246/1246 1254/1254/1254 1253/1253/1253
f 1247/1247/1247 1248/1248/1248 1255/1255/1255
f 1247/1247/1247 1255/1255/1255 1254/1254/1254
f 1256/1256/1256 1257/1257/1257 1266/1266/1266
f 1256/1256/1256 1266/1266/1266 1265/1265/1265
f 1257/1257/1257 1258/1258/1258 1267/1267/1267
f 1257/1257/1257 1267/1267/1267 1266/1266/1266
f 1258/1258/1258 1259/1259/1259 1268/1268/1268
f 1258/1258/1258 1268/1268/1268 1267/1267/1267
f 1259/1259/1259 1260/1260/1260 1269/1269/1269
f 1259/1259/1259 1269/1269/1269 1268/1268/1268
f 1260/1260/1260 1261/1261/1261 1270/1270/1270
f 1260/1260/1260 1270/1270/1270 1269/1269/1269
f 1261/1261/1261 1262/1262/1262 1271/1271/1271
f 1261/1261/1261 1271/1271/1271 1270/1270/1270
f 1262/1262/1262 1263/1263/1263 1272/1272/1272
f 1262/1262/1262 1272/1272/1272 1271/1271/1271
f 1263/1263/1263 1264/1264/1264 1273/1273/1273
f 1263/1263/1263 1273/1273/1273 1272/1272/1272
f 1265/1265/1265 1266/1266/1266 1275/1275/1275
f 1265/1265/1265 1275/1275/1275 1274/1274/1274
f 1266/1266/1266 1267/1267/1267 1276/1276/1276
f 1266/1266/1266 1276/1276/1276 1275/1275/1275
f 1267/1267/1267 1268/1268/1268 1277/1277/1277
f 1267/1267/1267 1277/1277/1277 1276/1276/1276
f 1268/1268/1268 1269/1269/1269 1278/1278/1278
f 1268/1268/1268 1278/1278/1278 1277/1277/1277
f 1269/1269/1269 1270/1270/1270 1279/1279/1279
f 1269/1269/1269 1279/1279/1279 1278/1278/1278
f 1270/1270/1270 1271/1271/1271 1280/1280/1280
f 1270/1270/1270 1280/1280/1280 1279/1279/1279
f 1271/1271/1271 1272/1272/1272 1281/1281/1281
f 1271/1271/1271 1281/1281/1281 1280/1280/1280
f 1272/1272/1272 1273/1273/1273 1282/1282/1282
f 1272/1272/1272 1282/1282/1282 1281/1281/1281
f 1274/1274/1274 1275/1275/1275 1284/1284/1284
f 1274/1274/1274 1284/1284/1284 1283/1283/1283
f 1275/1275/1275 1276/1276/1276 1285/1285/1285
f 1275/1275/1275 1285/1285/1285 1284/1284/1284
f 1276/1276/1276 1277/1277/1277 1286/1286/1286
f 1276/1276/1276 1286/1286/1286 1285/1285/1285
f 1277/1277/1277 1278/1278/1278 1287/1287/1287
f 1277/1277/1277 1287/1287/1287 1286/1286/1286
f 1278/1278/1278 1279/1279/1279 1288/1288/1288
f 1278/1278/1278 1288/1288/1288 1287/1287/1287
f 1279/1279/1279 1280/1280/1280 1289/1289/1289
f 1279/1279/1279 1289/1289/1289 1288/1288/1288
f 1280/1280/1280 1281/1281/1281 1290/1290/1290
f 1280/1280/1280 1290/1290/1290 1289/1289/1289
f 1281/1281/1281 1282/1282/1282 1291/1291/1291
f 1281/1281/1281 1291/1291/1291 1290/1290/1290
f 1283/1283/1283 1284/1284/1284 1293/1293/1293
f 1283/1283/1283 1293/1293/1293 1292/1292/1292
f 1284/1284/1284 1285/1285/1285 1294/1294/1294
f 1284/1284/1284 1294/1294/1294 1293/1293/1293
f 1285/1285/1285 1286/1286/1286 1295/1295/1295
f 1285/1285/1285 1295/1295/1295 1294/1294/1294
f 1286/1286/1286 1287/1287/1287 1296/1296/1296
f 1286/1286/1286 1296/1296/1296 1295/1295/1295
f 1287/1287/1287 1288/1288/1288 1297/1297/1297
f 1287/1287/1287 1297/1297/1297 1296/1296/1296
f 1288/1288/1288 1289/1289/1289 1298/1298/1298
f 1288/1288/1288 1298/1298/1298 1297/1297/1297
f 1289/1289/1289 1290/1290/1290 1299/1299/1299
f 1289/1289/1289 1299/1299/1299 1298/1298/1298
f 1290/1290/1290 1291/1291/1291 1300/1300/1300
f 1290/1290/1290 1300/1300/1300 1299/1299/1299
f 1301/1301/1301 1302/1302/1302 1311/1311/1311
f 1301/1301/1301 1311/1311/1311 1310/1310/1310
f 1302/1302/1302 1303/1303/1303 1312/1312/1312
f 1302/1302/1302 1312/1312/1312 1311/1311/1311
f 1303/1303/1303 1304/1304/1304 1313/1313/1313
f 1303/1303/1303 1313/1313/1313 1312/1312/1312
f 1304/1304/1304 1305/1305/1305 1314/1314/1314
f 1304/1304/1304 1314/1314/1314 1313/1313/1313
f 1305/1305/1305 1306/1306/1306 1315/1315/1315
f 1305/1305/1305 1315/1315/1315 1314/1314/1314
f 1306/1306/1306 1307/1307/1307 1316/1316/1316
f 1306/1306/1306 1316/1316/1316 1315/1315/1315
f 1307/1307/1307 1308/1308/1308 1317/1317/1317
f 1307/1307/1307 1317/1317/1317 1316/1316/1316
f 1308/1308/1308 1309/1309/1309 1318/1318/1318
f 1308/1308/1308 1318/1318/1318 1317/1317/1317
f 1310/1310/1310 1311/1311/1311 1320/1320/1320
f 1310/1310/1310 1320/1320/1320 1319/1319/1319
f 1311/1311/1311 1312/1312/1312 1321/1321/1321
f 1311/1311/1311 1321/1321/1321 1320/1320/1320
f 1312/1312/1312 1313/1313/1313 1322/1322/1322
f 1312/1312/1312 1322/1322/1322 1321/1321/1321
f 1313/1313/1313 1314/1314/1314 1323/1323/1323
f 1313/1313/1313 1323/1323/1323 1322/1322/1322
f 1314/1314/1314 1315/1315/1315 1324/1324/1324
f 1314/1314/1314 1324/1324/1324 1323/1323/1323
f 1315/1315/1315 1316/1316/1316 1325/1325/1325
f 1315/1315/1315 1325/1325/1325 1324/1324/1324
f 1316/1316/1316 1317/1317/1317 1326/1326/1326
f 1316/1316/1316 1326/1326/1326 1325/1325/1325
f 1317/1317/1317 1318/1318/1318 1327/1327/1327
f 1317/1317/1317 1327/1327/1327 1326/1326/1326
f 1319/1319/1319 1320/1320/1320 1329/1329/1329
f 1319/1319/1319 1329/1329/1329 1328/1328/1328
f 1320/1320/1320 1321/1321/1321 1330/1330/1330
f 1320/1320/1320 1330/1330/1330 1329/1329/1329
f 1321/1321/1321 1322/1322/1322 1331/1331/1331
f 1321/1321/1321 1331/1331/1331 1330/1330/1330
f 1322/1322/1322 1323/1323/1323 1332/1332/1332
f 1322/1322/1322 1332/1332/1332 1331/1331/1331
f 1323/1323/1323 1324/1324/1324 1333/1333/1333
f 1323/1323/1323 1333/1333/1333 1332/1332/1332
f 1324/1324/1324 1325/1325/1325 1334/1334/1334
f 1324/1324/1324 1334/1334/1334 1333/1333/1333
f 1325/1325/1325 1326/1326/1326 1335/1335/1335
f 1325/1325/1325 1335/1335/1335 1334/1334/1334
f 1326/1326/1326 1327/1327/1327 1336/1336/1336
f 1326/1326/1326 1336/1336/1336 1335/1335/1335
f 1328/1328/1328 1329/1329/1329 1338/1338/1338
f 1328/1328/1328 1338/1338/1338 1337/1337/1337
f 1329/1329/1329 1330/1330/1330 1339/1339/1339
f 1329/1329/1329 1339/1339/1339 1338/1338/1338
f 1330/1330/1330 1331/1331/1331 1340/1340/1340
f 1330/1330/1330 1340/1340/1340 1339/1339/1339
f 1331/1331/1331 1332/1332/1332 1341/1341/1341
f 1331/1331/1331 1341/1341/1341 1340/1340/1340
f 1332/1332/1332 1333/1333/1333 1342/1342/1342
f 1332/1332/1332 1342/1342/1342 1341/1341/1341
f 1333/1333/1333 1334/1334/1334 1343/1343/1343
f 1333/1333/1333 1343/1343/1343 1342/1342/1342
f 1334/1334/1334 1335/1335/1335 1344/1344/1344
f 1334/1334/1334 1344/1344/1344 1343/1343/1343
f 1335/1335/1335 1336/1336/1336 1345/1345/1345
f 1335/1335/1335 1345/1345/1345 1344/1344/1344
f 1346/1346/1346 1347/1347/1347 1356/1356/1356
f 1346/1346/1346 1356/1356/1356 1355/1355/1355
f 1347/1347/1347 1348/1348/1348 1357/1357/1357
f 1347/1347/1347 1357/1357/1357 1356/1356/1356
f 1348/1348/1348 1349/1349/1349 1358/1358/1358
f 1348/1348/1348 1358/1358/1358 1357/1357/1357
f 1349/1349/1349 1350/1350/1350 1359/1359/1359
f 1349/1349/1349 1359/1359/1359 1358/1358/1358
f 1350/1350/1350 1351/1351/1351 1360/1360/1360
f 1350/1350/1350 1360/1360/1360 1359/1359/1359
f 1351/1351/1351 1352/1352/1352 1361/1361/1361
f 1351/1351/1351 1361/1361/1361 1360/1360/1360
f 1352/1352/1352 1353/1353/1353 1362/1362/1362
f 1352/1352/1352 1362/1362/1362 1361/1361/1361
f 1353/1353/1353 1354/1354/1354 1363/1363/1363
f 1353/1353/1353 1363/1363/1363 1362/1362/1362
f 1355/1355/1355 1356/1356/1356 1365/1365/1365
f 1355/1355/1355 1365/1365/1365 1364/1364/1364
f 1356/1356/1356 1357/1357/1357 1366/1366/1366
f 1356/1356/1356 1366/1366/1366 1365/1365/1365
f 1357/1357/1357 1358/1358/1358 1367/1367/1367
f 1357/1357/1357 1367/1367/1367 1366/1366/1366
f 1358/1358/1358 1359/1359/1359 1368/1368/1368
f 1358/1358/1358 1368/1368/1368 1367/1367/1367
f 1359/1359/1359 1360/1360/1360 1369/1369/1369
f 1359/1359/1359 1369/1369/1369 1368/1368/1368
f 1360/1360/1360 1361/1361/1361 1370/1370/1370
f 1360/1360/1360 1370/1370/1370 1369/1369/1369
f 1361/1361/1361 1362/1362/1362 1371/1371/1371
f 1361/1361/1361 1371/1371/1371 1370/1370/1370
f 1362/1362/1362 1363/1363/1363 1372/1372/1372
f 1362/1362/1362 1372/1372/1372 1371/1371/1371
f 1364/1364/1364 1365/1365/1365 1374/1374/1374
f 1364/1364/1364 1374/1374/1374 1373/1373/1373
f 1365/1365/1365 1366/1366/1366 1375/1375/1375
f 1365/1365/1365 1375/1375/1375 1374/1374/1374
f 1366/1366/1366 1367/1367/1367 1376/1376/1376
f 1366/1366/1366 1376/1376/1376 1375/1375/1375
f 1367/1367/1367 1368/1368/1368 1377/1377/1377
f 1367/1367/1367 1377/1377/1377 1376/1376/1376
f 1368/1368/1368 1369/1369/1369 1378/1378/1378
f 1368/1368/1368 1378/1378/1378 1377/1377/1377
f 1369/1369/1369 1370/1370/1370 1379/1379/1379
f 1369/1369/1369 1379/1379/1379 1378/1378/1378
f 1370/1370/1370 1371/1371/1371 1380/1380/1380
f 1370/1370/1370 1380/1380/1380 1379/1379/1379
f 1371/1371/1371 1372/1372/1372 1381/1381/1381
f 1371/1371/1371 1381/1381/1381 1380/1380/1380
f 1373/1373/1373 1374/1374/1374 1383/1383/1383
f 1373/1373/1373 1383/1383/1383 1382/1382/1382
f 1374/1374/1374 1375/1375/1375 1384/1384/1384
f 1374/1374/1374 1384/1384/1384 1383/1383/1383
f 1375/1375/1375 1376/1376/1376 1385/1385/1385
f 1375/1375/1375 1385/1385/1385 1384/1384/1384
f 1376/1376/1376 1377/1377/1377 1386/1386/1386
f 1376/1376/1376 1386/1386/1386 1385/1385/1385
f 1377/1377/1377 1378/1378/1378 1387/1387/1387
f 1377/1377/1377 1387/1387/1387 1386/1386/1386
f 1378/1378/1378 1379/1379/1379 1388/1388/1388
f 1378/1378/1378 1388/1388/1388 1387/1387/1387
f 1379/1379/1379 1380/1380/1380 1389/1389/1389
f 1379/1379/1379 1389/1389/1389 1388/1388/1388
f 1380/1380/1380 1381/1381/1381 1390/1390/1390
f 1380/1380/1380 1390/1390/1390 1389/1389/1389
f 1391/1391/1391 1392/1392/1392 1401/1401/1401
f 1391/1391/1391 1401/1401/1401 1400/1400/1400
f 1392/1392/1392 1393/1393/1393 1402/1402/1402
f 1392/1392/1392 1402/1402/1402 1401/1401/1401
f 1393/1393/1393 1394/1394/1394 1403/1403/1403
f 1393/1393/1393 1403/1403/1403 1402/1402/1402
f 1394/1394/1394 1395/1395/1395 1404/1404/1404
f 1394/1394/1394 1404/1404/1404 1403/1403/1403
f 1395/1395/1395 1396/1396/1396 1405/1405/1405
f 1395/1395/1395 1405/1405/1405 1404/1404/1404
f 1396/1396/1396 1397/1397/1397 1406/1406/1406
f 1396/1396/1396 1406/1406/1406 1405/1405/1405
f 1397/1397/1397 1398/1398/1398 1407/1407/1407
f 1397/1397/1397 1407/1407/1407 1406/1406/1406
f 1398/1398/1398 1399/1399/1399 1408/1408/1408
f 1398/1398/1398 1408/1408/1408 1407/1407/1407
f 1400/1400/1400 1401/1401/1401 1410/1410/1410
f 1400/1400/1400 1410/1410/1410 1409/1409/1409
f 1401/1401/1401 1402/1402/1402 1411/1411/1411
f 1401/1401/1401 1411/1411/1411 1410/1410/1410
f 1402/1402/1402 1403/1403/1403 1412/1412/1412
f 1402/1402/1402 1412/1412/1412 1411/1411/1411
f 1403/1403/1403 1404/1404/1404 1413/1413/1413
f 1403/1403/1403 1413/1413/1413 1412/1412/1412
f 1404/1404/1404 1405/1405/1405 1414/1414/1414
f 1404/1404/1404 1414/1414/1414 1413/1413/1413
f 1405/1405/1405 1406/1406/1406 1415/1415/1415
f 1405/1405/1405 1415/1415/1415 1414/1414/1414
f 1406/1406/1406 1407/1407/1407 1416/1416/1416
f 1406/1406/1406 1416/1416/1416 1415/1415/1415
f 1407/1407/1407 1408/1408/1408 1417/1417/1417
f 1407/1407/1407 1417/1417/1417 1416/1416/1416
f 1409/1409/1409 1410/1410/1410 1419/1419/1419
f 1409/1409/1409 1419/1419/1419 1418/1418/1418
f 1410/1410/1410 1411/1411/1411 1420/1420/1420
f 1410/1410/1410 1420/1420/1420 1419/1419/1419
f 1411/1411/1411 1412/1412/1412 1421/1421/1421
f 1411/1411/1411 1421/1421/1421 1420/1420/1420
f 1412/1412/1412 1413/1413/1413 1422/1422/1422
f 1412/1412/1412 1422/1422/1422 1421/1421/1421
f 1413/1413/1413 1414/1414/1414 1423/1423/1423
f 1413/1413/1413 1423/1423/1423 1422/1422/1422
f 1414/1414/1414 1415/1415/1415 1424/1424/1424
f 1414/1414/1414 1424/1424/1424 1423/1423/1423
f 1415/1415/1415 1416/1416/1416 1425/1425/1425
f 1415/1415/1415 1425/1425/1425 1424/1424/1424
f 1416/1416/1416 1417/1417/1417 1426/1426/1426
f 1416/1416/1416 1426/1426/1426 1425/1425/1425
f 1418/1418/1418 1419/1419/1419 1428/1428/1428
f 1418/1418/1418 1428/1428/1428 1427/1427/1427
f 1419/1419/1419 1420/1420/1420 1429/1429/1429
f 1419/1419/1419 1429/1429/1429 1428/1428/1428
f 1420/1420/1420 1421/1421/1421 1430/1430/1430
f 1420/1420/1420 1430/1430/1430 1429/1429/1429
f 1421/1421/1421 1422/1422/1422 1431/1431/1431
f 1421/1421/1421 1431/1431/1431 1430/1430/1430
f 1422/1422/1422 1423/1423/1423 1432/1432/1432
f 1422/1422/1422 1432/1432/1432 1431/1431/1431
f 1423/1423/1423 1424/1424/1424 1433/1433/1433
f 1423/1423/1423 1433/1433/1433 1432/1432/1432
f 1424/1424/1424 1425/1425/1425 1434/1434/1434
f 1424/1424/1424 1434/1434/1434 1433/1433/1433
f 1425/1425/1425 1426/1426/1426 1435/1435/1435
f 1425/1425/1425 1435/1435/1435 1434/1434/1434
f 1436/1436/1436 1437/1437/1437 1446/1446/1446
f 1436/1436/1436 1446/1446/1446 1445/1445/1445
f 1437/1437/1437 1438/1438/1438 1447/1447/1447
f 1437/1437/1437 1447/1447/1447 1446/1446/1446
f 1438/1438/1438 1439/1439/1439 1448/1448/1448
f 1438/1438/1438 1448/1448/1448 1447/1447/1447
f 1439/1439/1439 1440/1440/1440 1449/1449/1449
f 1439/1439/1439 1449/1449/1449 1448/1448/1448
f 1440/1440/1440 1441/1441/1441 1450/1450/1450
f 1440/1440/1440 1450/1450/1450 1449/1449/1449
f 1441/1441/1441 1442/1442/1442 1451/1451/1451
f 1441/1441/1441 1451/1451/1451 1450/1450/1450
f 1442/1442/1442 1443/1443/1443 1452/1452/1452
f 1442/1442/1442 1452/1452/1452 1451/1451/1451
f 1443/1443/1443 1444/1444/1444 1453/1453/1453
f 1443/1443/1443 1453/1453/1453 1452/1452/1452
f 1445/1445/1445 1446/1446/1446 1455/1455/1455
f 1445/1445/1445 1455/1455/1455 1454/1454/1454
f 1446/1446/1446 1447/1447/1447 1456/1456/1456
f 1446/1446/1446 1456/1456/1456 1455/1455/1455
f 1447/1447/1447 1448/1448/1448 1457/1457/1457
f 1447/1447/1447 1457/1457/1457 1456/1456/1456
f 1448/1448/1448 1449/1449/1449 1458/1458/1458
f 1448/1448/1448 1458/1458/1458 1457/1457/1457
f 1449/1449/1449 1450/1450/1450 1459/1459/1459
f 1449/1449/1449 1459/1459/1459 1458/1458/1458
f 1450/1450/1450 1451/1451/1451 1460/1460/1460
f 1450/1450/1450 1460/1460/1460 1459/1459/1459
f 1451/1451/1451 1452/1452/1452 1461/1461/1461
f 1451/1451/1451 1461/1461/1461 1460/1460/1460
f 1452/1452/1452 1453/1453/1453 1462/1462/1462
f 1452/1452/1452 1462/1462/1462 1461/1461/1461
f 1454/1454/1454 1455/1455/1455 1464/1464/1464
f 1454/1454/1454 1464/1464/1464 1463/1463/1463
f 1455/1455/1455 1456/1456/1456 1465/1465/1465
f 1455/1455/1455 1465/1465/1465 1464/1464/1464
f 1456/1456/1456 1457/1457/1457 1466/1466/1466
f 1456/1456/1456 1466/1466/1466 1465/1465/1465
f 1457/1457/1457 1458/1458/1458 1467/1467/1467
f 1457/1457/1457 1467/1467/1467 1466/1466/1466
f 1458/1458/1458 1459/1459/1459 1468/1468/1468
f 1458/1458/1458 1468/1468/1468 1467/1467/1467
f 1459/1459/1459 1460/1460/1460 1469/1469/1469
f 1459/1459/1459 1469/1469/1469 1468/1468/1468
f 1460/1460/1460 1461/1461/1461 1470/1470/1470
f 1460/1460/1460 1470/1470/1470 1469/1469/1469
f 1461/1461/1461 1462/1462/1462 1471/1471/1471
f 1461/1461/1461 1471/1471/1471 1470/1470/1470
f 1463/1463/1463 1464/1464/1464 1473/1473/1473
f 1463/1463/1463 1473/1473/1473 1472/1472/1472
f 1464/1464/1464 1465/1465/1465 1474/1474/1474
f 1464/1464/1464 1474/1474/1474 1473/1473/1473
f 1465/1465/1465 1466/1466/1466 1475/1475/1475
f 1465/1465/1465 1475/1475/1475 1474/1474/1474
f 1466/1466/1466 1467/1467/1467 1476/1476/1476
f 1466/1466/1466 1476/1476/1476 1475/1475/1475
f 1467/1467/1467 1468/1468/1468 1477/1477/1477
f 1467/1467/1467 1477/1477/1477 1476/1476/1476
f 1468/1468/1468 1469/1469/1469 1478/1478/1478
f 1468/1468/1468 1478/1478/1478 1477/1477/1477
f 1469/1469/1469 1470/1470/1470 1479/1479/1479
f 1469/1469/1469 1479/1479/1479 1478/1478/1478
f 1470/1470/1470 1471/1471/1471 1480/1480/1480
f 1470/1470/1470 1480/1480/1480 1479/1479/1479
f 1481/1481/1481 1482/1482/1482 1489/1489/1489
f 1481/1481/1481 1489/1489/1489 1488/1488/1488
f 1482/1482/1482 1483/1483/1483 1490/1490/1490
f 1482/1482/1482 1490/1490/1490 1489/1489/1489
f 1483/1483/1483 1484/1484/1484 1491/1491/1491
f 1483/1483/1483 1491/1491/1491 1490/1490/1490
f 1484/1484/1484 1485/1485/1485 1492/1492/1492
f 1484/1484/1484 1492/1492/1492 1491/1491/1491
f 1485/1485/1485 1486/1486/1486 1493/1493/1493
f 1485/1485/1485 1493/1493/1493 1492/1492/1492
f 1486/1486/1486 1487/1487/1487 1494/1494/1494
f 1486/1486/1486 1494/1494/1494 1493/1493/1493
f 1488/1488/1488 1489/1489/1489 1496/1496/1496
f 1488/1488/1488 1496/1496/1496 1495/1495/1495
f 1489/1489/1489 1490/1490/1490 1497/1497/1497
f 1489/1489/1489 1497/1497/1497 1496/1496/1496
f 1490/1490/1490 1491/1491/1491 1498/1498/1498
f 1490/1490/1490 1498/1498/1498 1497/1497/1497
f 1491/1491/1491 1492/1492/1492 1499/1499/1499
f 1491/1491/1491 1499/1499/1499 1498/1498/1498
f 1492/1492/1492 1493/1493/1493 1500/1500/1500
f 1492/1492/1492 1500/1500/1500 1499/1499/1499
f 1493/1493/1493 1494/1494/1494 1501/1501/1501
f 1493/1493/1493 1501/1501/1501 1500/1500/1500
f 1495/1495/1495 1496/1496/1496 1503/1503/1503
f 1495/1495/1495 1503/1503/1503 1502/1502/1502
f 1496/1496/1496 1497/1497/1497 1504/1504/1504
f 1496/1496/1496 1504/1504/1504 1503/1503/1503
f 1497/1497/1497 1498/1498/1498 1505/1505/1505
f 1497/1497/1497 1505/1505/1505 1504/1504/1504
f 1498/1498/1498 1499/1499/1499 1506/1506/1506
f 1498/1498/1498 1506/1506/1506 1505/1505/1505
f 1499/1499/1499 1500/1500/1500 1507/1507/1507
f 1499/1499/1499 1507/1507/1507 1506/1506/1506
f 1500/1500/1500 1501/1501/1501 1508/1508/1508
f 1500/1500/1500 1508/1508/1508 1507/1507/1507
f 1502/1502/1502 1503/1503/1503 1510/1510/1510
f 1502/1502/1502 1510/1510/1510 1509/1509/1509
f 1503/1503/1503 1504/1504/1504 1511/1511/1511
f 1503/1503/1503 1511/1511/1511 1510/1510/1510
f 1504/1504/1504 1505/1505/1505 1512/1512/1512
f 1504/1504/1504 1512/1512/1512 1511/1511/1511
f 1505/1505/1505 1506/1506/1506 1513/1513/1513
f 1505/1505/1505 1513/1513/1513 1512/1512/1512
f 1506/1506/1506 1507/1507/1507 1514/1514/1514
f 1506/1506/1506 1514/1514/1514 1513/1513/1513
f 1507/1507/1507 1508/1508/1508 1515/1515/1515
f 1507/1507/1507 1515/1515/1515 1514/1514/1514
f 1516/1516/1516 1517/1517/1517 1526/1526/1526
f 1516/1516/1516 1526/1526/1526 1525/1525/1525
f 1517/1517/1517 1518/1518/1518 1527/1527/1527
f 1517/1517/1517 1527/1527/1527 1526/1526/1526
f 1518/1518/1518 1519/1519/1519 1528/1528/1528
f 1518/1518/1518 1528/1528/1528 1527/1527/1527
f 1519/1519/1519 1520/1520/1520 1529/1529/1529
f 1519/1519/1519 1529/1529/1529 1528/1528/1528
f 1520/1520/1520 1521/1521/1521 1530/1530/1530
f 1520/1520/1520 1530/1530/1530 1529/1529/1529
f 1521/1521/1521 1522/1522/1522 1531/1531/1531
f 1521/1521/1521 1531/1531/1531 1530/1530/1530
f 1522/1522/1522 1523/1523/1523 1532/1532/1532
f 1522/1522/1522 1532/1532/1532 1531/1531/1531
f 1523/1523/1523 1524/1524/1524 1533/1533/1533
f 1523/1523/1523 1533/1533/1533 1532/1532/1532
f 1525/1525/1525 1526/1526/1526 1535/1535/1535
f 1525/1525/1525 1535/1535/1535 1534/1534/1534
f 1526/1526/1526 1527/1527/1527 1536/1536/1536
f 1526/1526/1526 1536/1536/1536 1535/1535/1535
f 1527/1527/1527 1528/1528/1528 1537/1537/1537
f 1527/1527/1527 1537/1537/1537 1536/1536/1536
f 1528/1528/1528 1529/1529/1529 1538/1538/1538
f 1528/1528/1528 1538/1538/1538 1537/1537/1537
f 1529/1529/1529 1530/1530/1530 1539/1539/1539
f 1529/1529/1529 1539/1539/1539 1538/1538/1538
f 1530/1530/1530 1531/1531/1531 1540/1540/1540
f 1530/1530/1530 1540/1540/1540 1539/1539/1539
f 1531/1531/1531 1532/1532/1532 1541/1541/1541
f 1531/1531/1531 1541/1541/1541 1540/1540/1540
f 1532/1532/1532 1533/1533/1533 1542/1542/1542
f 1532/1532/1532 1542/1542/1542 1541/1541/1541
f 1534/1534/1534 1535/1535/1535 1544/1544/1544
f 1534/1534/1534 1544/1544/1544 1543/1543/1543
f 1535/1535/1535 1536/1536/1536 1545/1545/1545
f 1535/1535/1535 1545/1545/1545 1544/1544/1544
f 1536/1536/1536 1537/1537/1537 1546/1546/1546
f 1536/1536/1536 1546/1546/1546 1545/1545/1545
f 1537/1537/1537 1538/1538/1538 1547/1547/1547
f 1537/1537/1537 1547/1547/1547 1546/1546/1546
f 1538/1538/1538 1539/1539/1539 1548/1548/1548
f 1538/1538/1538 1548/1548/1548 1547/1547/1547
f 1539/1539/1539 1540/1540/1540 1549/1549/1549
f 1539/1539/1539 1549/1549/1549 1548/1548/1548
f 1540/1540/1540 1541/1541/1541 1550/1550/1550
f 1540/1540/1540 1550/1550/1550 1549/1549/1549
f 1541/1541/1541 1542/1542/1542 1551/1551/1551
f 1541/1541/1541 1551/1551/1551 1550/1550/1550
f 1543/1543/1543 1544/1544/1544 1553/1553/1553
f 1543/1543/1543 1553/1553/1553 1552/1552/1552
f 1544/1544/1544 1545/1545/1545 1554/1554/1554
f 1544/1544/1544 1554/1554/1554 1553/1553/1553
f 1545/1545/1545 1546/1546/1546 1555/1555/1555
f 1545/1545/1545 1555/1555/1555 1554/1554/1554
f 1546/1546/1546 1547/1547/1547 1556/1556/1556
f 1546/1546/1546 1556/1556/1556 1555/1555/1555
f 1547/1547/1547 1548/1548/1548 1557/1557/1557
f 1547/1547/1547 1557/1557/1557 1556/1556/1556
f 1548/1548/1548 1549/1549/1549 1558/1558/1558
f 1548/1548/1548 1558/1558/1558 1557/1557/1557
f 1549/1549/1549 1550/1550/1550 1559/1559/1559
f 1549/1549/1549 1559/1559/1559 1558/1558/1558
f 1550/1550/1550 1551/1551/1551 1560/1560/1560
f 1550/1550/1550 1560/1560/1560 1559/1559/1559
f 1561/1561/1561 1562/1562/1562 1571/1571/1571
f 1561/1561/1561 1571/1571/1571 1570/1570/1570
f 1562/1562/1562 1563/1563/1563 1572/1572/1572
f 1562/1562/1562 1572/1572/1572 1571/1571/1571
f 1563/1563/1563 1564/1564/1564 1573/1573/1573
f 1563/1563/1563 1573/1573/1573 1572/1572/1572
f 1564/1564/1564 1565/1565/1565 1574/1574/1574
f 1564/1564/1564 1574/1574/1574 1573/1573/1573
f 1565/1565/1565 1566/1566/1566 1575/1575/1575
f 1565/1565/1565 1575/1575/1575 1574/1574/1574
f 1566/1566/1566 1567/1567/1567 1576/1576/1576
f 1566/1566/1566 1576/1576/1576 1575/1575/1575
f 1567/1567/1567 1568/1568/1568 1577/1577/1577
f 1567/1567/1567 1577/1577/1577 1576/1576/1576
f 1568/1568/1568 1569/1569/1569 1578/1578/1578
f 1568/1568/1568 1578/1578/1578 1577/1577/1577
f 1570/1570/1570 1571/1571/1571 1580/1580/1580
f 1570/1570/1570 1580/1580/1580 1579/1579/1579
f 1571/1571/1571 1572/1572/1572 1581/1581/1581
f 1571/1571/1571 1581/1581/1581 1580/1580/1580
f 1572/1572/1572 1573/1573/1573 1582/1582/1582
f 1572/1572/1572 1582/1582/1582 1581/1581/1581
f 1573/1573/1573 1574/1574/1574 1583/1583/1583
f 1573/1573/1573 1583/1583/1583 1582/1582/1582
f 1574/1574/1574 1575/1575/1575 1584/1584/1584
f 1574/1574/1574 1584/1584/1584 1583/1583/1583
f 1575/1575/1575 1576/1576/1576 1585/1585/1585
f 1575/1575/1575 1585/1585/1585 1584/1584/1584
f 1576/1576/1576 1577/1577/1577 1586/1586/1586
f 1576/1576/1576 1586/1586/1586 1585/1585/1585
f 1577/1577/1577 1578/1578/1578 1587/1587/1587
f 1577/1577/1577 1587/1587/1587 1586/1586/1586
f 1579/1579/1579 1580/1580/1580 1589/1589/1589
f 1579/1579/1579 1589/1589/1589 1588/1588/1588
f 1580/1580/1580 1581/1581/1581 1590/1590/1590
f 1580/1580/1580 1590/1590/1590 1589/1589/1589
f 1581/1581/1581 1582/1582/1582 1591/1591/1591
f 1581/1581/1581 1591/1591/1591 1590/1590/1590
f 1582/1582/1582 1583/1583/1583 1592/1592/1592
f 1582/1582/1582 1592/1592/1592 1591/1591/1591
f 1583/1583/1583 1584/1584/1584 1593/1593/1593
f 1583/1583/1583 1593/1593/1593 1592/1592/1592
f 1584/1584/1584 1585/1585/1585 1594/1594/1594
f 1584/1584/1584 1594/1594/1594 1593/1593/1593
f 1585/1585/1585 1586/1586/1586 1595/1595/1595
f 1585/1585/1585 1595/1595/1595 1594/1594/1594
f 1586/1586/1586 1587/1587/1587 1596/1596/1596
f 1586/1586/1586 1596/1596/1596 1595/1595/1595
f 1588/1588/1588 1589/1589/1589 1598/1598/1598
f 1588/1588/1588 1598/1598/1598 1597/1597/1597
f 1589/1589/1589 1590/1590/1590 1599/1599/1599
f 1589/1589/1589 1599/1599/1599 1598/1598/1598
f 1590/1590/1590 1591/1591/1591 1600/1600/1600
f 1590/1590/1590 1600/1600/1600 1599/1599/1599
f 1591/1591/1591 1592/1592/1592 1601/1601/1601
f 1591/1591/1591 1601/1601/1601 1600/1600/1600
f 1592/1592/1592 1593/1593/1593 1602/1602/1602
f 1592/1592/1592 1602/1602/1602 1601/1601/1601
f 1593/1593/1593 1594/1594/1594 1603/1603/1603
f 1593/1593/1593 1603/1603/1603 1602/1602/1602
f 1594/1594/1594 1595/1595/1595 1604/1604/1604
f 1594/1594/1594 1604/1604/1604 1603/1603/1603
f 1595/1595/1595 1596/1596/1596 1605/1605/1605
f 1595/1595/1595 1605/1605/1605 1604/1604/1604
f 1606/1606/1606 1607/1607/1607 1616/1616/1616
f 1606/1606/1606 1616/1616/1616 1615/1615/1615
f 1607/1607/1607 1608/1608/1608 1617/1617/1617
f 1607/1607/1607 1617/1617/1617 1616/1616/1616
f 1608/1608/1608 1609/1609/1609 1618/1618/1618
f 1608/1608/1608 1618/1618/1618 1617/1617/1617
f 1609/1609/1609 1610/1610/1610 1619/1619/1619
f 1609/1609/1609 1619/1619/1619 1618/1618/1618
f 1610/1610/1610 1611/1611/1611 1620/1620/1620
f 1610/1610/1610 1620/1620/1620 1619/1619/1619
f 1611/1611/1611 1612/1612/1612 1621/1621/1621
f 1611/1611/1611 1621/1621/1621 1620/1620/1620
f 1612/1612/1612 1613/1613/1613 1622/1622/1622
f 1612/1612/1612 1622/1622/1622 1621/1621/1621
f 1613/1613/1613 1614/1614/1614 1623/1623/1623
f 1613/1613/1613 1623/1623/1623 1622/1622/1622
f 1615/1615/1615 1616/1616/1616 1625/1625/1625
f 1615/1615/1615 1625/1625/1625 1624/1624/1624
f 1616/1616/1616 1617/1617/1617 1626/1626/1626
f 1616/1616/1616 1626/1626/1626 1625/1625/1625
f 1617/1617/1617 1618/1618/1618 1627/1627/1627
f 1617/1617/1617 1627/1627/1627 1626/1626/1626
f 1618/1618/1618 1619/1619/1619 1628/1628/1628
f 1618/1618/1618 1628/1628/1628 1627/1627/1627
f 1619/1619/1619 1620/1620/1620 1629/1629/1629
f 1619/1619/1619 1629/1629/1629 1628/1628/1628
f 1620/1620/1620 1621/1621/1621 1630/1630/1630
f 1620/1620/1620 1630/1630/1630 1629/1629/1629
f 1621/1621/1621 1622/1622/1622 1631/1631/1631
f 1621/1621/1621 1631/1631/1631 1630/1630/1630
f 1622/1622/1622 1623/1623/1623 1632/1632/1632
f 1622/1622/1622 1632/1632/1632 1631/1631/1631
f 1624/1624/1624 1625/1625/1625 1634/1634/1634
f 1624/1624/1624 1634/1634/1634 1633/1633/1633
f 1625/1625/1625 1626/1626/1626 1635/1635/1635
f 1625/1625/1625 1635/1635/1635 1634/1634/1634
f 1626/1626/1626 1627/1627/1627 1636/1636/1636
f 1626/1626/1626 1636/1636/1636 1635/1635/1635
f 1627/1627/1627 1628/1628/1628 1637/1637/1637
f 1627/1627/1627 1637/1637/1637 1636/1636/1636
f 1628/1628/1628 1629/1629/1629 1638/1638/1638
f 1628/1628/1628 1638/1638/1638 1637/1637/1637
f 1629/1629/1629 1630/1630/1630 1639/1639/1639
f 1629/1629/1629 1639/1639/1639 1638/1638/1638
f 1630/1630/1630 1631/1631/1631 1640/1640/1640
f 1630/1630/1630 1640/1640/1640 1639/1639/1639
f 1631/1631/1631 1632/1632/1632 1641/1641/1641
f 1631/1631/1631 1641/1641/1641 1640/1640/1640
f 1633/1633/1633 1634/1634/1634 1643/1643/1643
f 1633/1633/1633 1643/1643/1643 1642/1642/1642
f 1634/1634/1634 1635/1635/1635 1644/1644/1644
f 1634/1634/1634 1644/1644/1644 1643/1643/1643
f 1635/1635/1635 1636/1636/1636 1645/1645/1645
f 1635/1635/1635 1645/1645/1645 1644/1644/1644
f 1636/1636/1636 1637/1637/1637 1646/1646/1646
f 1636/1636/1636 1646/1646/1646 1645/1645/1645
f 1637/1637/1637 1638/1638/1638 1647/1647/1647
f 1637/1637/1637 1647/1647/1647 1646/1646/1646
f 1638/1638/1638 1639/1639/1639 1648/1648/1648
f 1638/1638/1638 1648/1648/1648 1647/1647/1647
f 1639/1639/1639 1640/1640/1640 1649/1649/1649
f 1639/1639/1639 1649/1649/1649 1648/1648/1648
f 1640/1640/1640 1641/1641/1641 1650/1650/1650
f 1640/1640/1640 1650/1650/1650 1649/1649/1649
f 1651/1651/1651 1652/1652/1652 1661/1661/1661
f 1651/1651/1651 1661/1661/1661 1660/1660/1660
f 1652/1652/1652 1653/1653/1653 1662/1662/1662
f 1652/1652/1652 1662/1662/1662 1661/1661/1661
f 1653/1653/1653 1654/1654/1654 1663/1663/1663
f 1653/1653/1653 1663/1663/1663 1662/1662/1662
f 1654/1654/1654 1655/1655/1655 1664/1664/1664
f 1654/1654/1654 1664/1664/1664 1663/1663/1663
f 1655/1655/1655 1656/1656/1656 1665/1665/1665
f 1655/1655/1655 1665/1665/1665 1664/1664/1664
f 1656/1656/1656 1657/1657/1657 1666/1666/1666
f 1656/1656/1656 1666/1666/1666 1665/1665/1665
f 1657/1657/1657 1658/1658/1658 1667/1667/1667
f 1657/1657/1657 1667/1667/1667 1666/1666/1666
f 1658/1658/1658 1659/1659/1659 1668/1668/1668
f 1658/1658/1658 1668/1668/1668 1667/1667/1667
f 1660/1660/1660 1661/1661/1661 1670/1670/1670
f 1660/1660/1660 1670/1670/1670 1669/1669/1669
f 1661/1661/1661 1662/1662/1662 1671/1671/1671
f 1661/1661/1661 1671/1671/1671 1670/1670/1670
f 1662/1662/1662 1663/1663/1663 1672/1672/1672
f 1662/1662/1662 1672/1672/1672 1671/1671/1671
f 1663/1663/1663 1664/1664/1664 1673/1673/1673
f 1663/1663/1663 1673/1673/1673 1672/1672/1672
f 1664/1664/1664 1665/1665/1665 1674/1674/1674
f 1664/1664/1664 1674/1674/1674 1673/1673/1673
f 1665/1665/1665 1666/1666/1666 1675/1675/1675
f 1665/1665/1665 1675/1675/1675 1674/1674/1674
f 1666/1666/1666 1667/1667/1667 1676/1676/1676
f 1666/1666/1666 1676/1676/1676 1675/1675/1675
f 1667/1667/1667 1668/1668/1668 1677/1677/1677
f 1667/1667/1667 1677/1677/1677 1676/1676/1676
f 1669/1669/1669 1670/1670/1670 1679/1679/1679
f 1669/1669/1669 1679/1679/1679 1678/1678/1678
f 1670/1670/1670 1671/1671/1671 1680/1680/1680
f 1670/1670/1670 1680/1680/1680 1679/1679/1679
f 1671/1671/1671 1672/1672/1672 1681/1681/1681
f 1671/1671/1671 1681/1681/1681 1680/1680/1680
f 1672/1672/1672 1673/1673/1673 1682/1682/1682
f 1672/1672/1672 1682/1682/1682 1681/1681/1681
f 1673/1673/1673 1674/1674/1674 1683/1683/1683
f 1673/1673/1673 1683/1683/1683 1682/1682/1682
f 1674/1674/1674 1675/1675/1675 1684/1684/1684
f 1674/1674/1674 1684/1684/1684 1683/1683/1683
f 1675/1675/1675 1676/1676/1676 1685/1685/1685
f 1675/1675/1675 1685/1685/1685 1684/1684/1684
f 1676/1676/1676 1677/1677/1677 1686/1686/1686
f 1676/1676/1676 1686/1686/1686 1685/1685/1685
f 1678/1678/1678 1679/1679/1679 1688/1688/1688
f 1678/1678/1678 1688/1688/1688 1687/1687/1687
f 1679/1679/1679 1680/1680/1680 1689/1689/1689
f 1679/1679/1679 1689/1689/1689 1688/1688/1688
f 1680/1680/1680 1681/1681/1681 1690/1690/1690
f 1680/1680/1680 1690/1690/1690 1689/1689/1689
f 1681/1681/1681 1682/1682/1682 1691/1691/1691
f 1681/1681/1681 1691/1691/1691 1690/1690/1690
f 1682/1682/1682 1683/1683/1683 1692/1692/1692
f 1682/1682/1682 1692/1692/1692 1691/1691/1691
f 1683/1683/1683 1684/1684/1684 1693/1693/1693
f 1683/1683/1683 1693/1693/1693 1692/1692/1692
f 1684/1684/1684 1685/1685/1685 1694/1694/1694
f 1684/1684/1684 1694/1694/1694 1693/1693/1693
f 1685/1685/1685 1686/1686/1686 1695/1695/1695
f 1685/1685/1685 1695/1695/1695 1694/1694/1694
f 1696/1696/1696 1697/1697/1697 1706/1706/1706
f 1696/1696/1696 1706/1706/1706 1705/1705/1705
f 1697/1697/1697 1698/1698/1698 1707/1707/1707
f 1697/1697/1697 1707/1707/1707 1706/1706/1706
f 1698/1698/1698 1699/1699/1699 1708/1708/1708
f 1698/1698/1698 1708/1708/1708 1707/1707/1707
f 1699/1699/1699 1700/1700/1700 1709/1709/1709
f 1699/1699/1699 1709/1709/1709 1708/1708/1708
f 1700/1700/1700 1701/1701/1701 1710/1710/1710
f 1700/1700/1700 1710/1710/1710 1709/1709/1709
f 1701/1701/1701 1702/1702/1702 1711/1711/1711
f 1701/1701/1701 1711/1711/1711 1710/1710/1710
f 1702/1702/1702 1703/1703/1703 1712/1712/1712
f 1702/1702/1702 1712/1712/1712 1711/1711/1711
f 1703/1703/1703 1704/1704/1704 1713/1713/1713
f 1703/1703/1703 1713/1713/1713 1712/1712/1712
f 1705/1705/1705 1706/1706/1706 1715/1715/1715
f 1705/1705/1705 1715/1715/1715 1714/1714/1714
f 1706/1706/1706 1707/1707/1707 1716/1716/1716
f 1706/1706/1706 1716/1716/1716 1715/1715/1715
f 1707/1707/1707 1708/1708/1708 1717/1717/1717
f 1707/1707/1707 1717/1717/1717 1716/1716/1716
f 1708/1708/1708 1709/1709/1709 1718/1718/1718
f 1708/1708/1708 1718/1718/1718 1717/1717/1717
f 1709/1709/1709 1710/1710/1710 1719/1719/1719
f 1709/1709/1709 1719/1719/1719 1718/1718/1718
f 1710/1710/1710 1711/1711/1711 1720/1720/1720
f 1710/1710/1710 1720/1720/1720 1719/1719/1719
f 1711/1711/1711 1712/1712/1712 1721/1721/1721
f 1711/1711/1711 1721/1721/1721 1720/1720/1720
f 1712/1712/1712 1713/1713/1713 1722/1722/1722
f 1712/1712/1712 1722/1722/1722 1721/1721/1721
f 1714/1714/1714 1715/1715/1715 1724/1724/1724
f 1714/1714/1714 1724/1724/1724 1723/1723/1723
f 1715/1715/1715 1716/1716/1716 1725/1725/1725
f 1715/1715/1715 1725/1725/1725 1724/1724/1724
f 1716/1716/1716 1717/1717/1717 1726/1726/1726
f 1716/1716/1716 1726/1726/1726 1725/1725/1725
f 1717/1717/1717 1718/1718/1718 1727/1727/1727
f 1717/1717/1717 1727/1727/1727 1726/1726/1726
f 1718/1718/1718 1719/1719/1719 1728/1728/1728
f 1718/1718/1718 1728/1728/1728 1727/1727/1727
f 1719/1719/1719 1720/1720/1720 1729/1729/1729
f 1719/1719/1719 1729/1729/1729 1728/1728/1728
f 1720/1720/1720 1721/1721/1721 1730/1730/1730
f 1720/1720/1720 1730/1730/1730 1729/1729/1729
f 1721/1721/1721 1722/1722/1722 1731/1731/1731
f 1721/1721/1721 1731/1731/1731 1730/1730/1730
f 1723/1723/1723 1724/1724/1724 1733/1733/1733
f 1723/1723/1723 1733/1733/1733 1732/1732/1732
f 1724/1724/1724 1725/1725/1725 1734/1734/1734
f 1724/1724/1724 1734/1734/1734 1733/1733/1733
f 1725/1725/1725 1726/1726/1726 1735/1735/1735
f 1725/1725/1725 1735/1735/1735 1734/1734/1734
f 1726/1726/1726 1727/1727/1727 1736/1736/1736
f 1726/1726/1726 1736/1736/1736 1735/1735/1735
f 1727/1727/1727 1728/1728/1728 1737/1737/1737
f 1727/1727/1727 1737/1737/1737 1736/1736/1736
f 1728/1728/1728 1729/1729/1729 1738/1738/1738
f 1728/1728/1728 1738/1738/1738 1737/1737/1737
f 1729/1729/1729 1730/1730/1730 1739/1739/1739
f 1729/1729/1729 1739/1739/1739 1738/1738/1738
f 1730/1730/1730 1731/1731/1731 1740/1740/1740
f 1730/1730/1730 1740/1740/1740 1739/1739/1739
f 1741/1741/1741 1742/1742/1742 1749/1749/1749
f 1741/1741/1741 1749/1749/1749 1748/1748/1748
f 1742/1742/1742 1743/1743/1743 1750/1750/1750
f 1742/1742/1742 1750/1750/1750 1749/1749/1749
f 1743/1743/1743 1744/1744/1744 1751/1751/1751
f 1743/1743/1743 1751/1751/1751 1750/1750/1750
f 1744/1744/1744 1745/1745/1745 1752/1752/1752
f 1744/1744/1744 1752/1752/1752 1751/1751/1751
f 1745/1745/1745 1746/1746/1746 1753/1753/1753
f 1745/1745/1745 1753/1753/1753 1752/1752/1752
f 1746/1746/1746 1747/1747/1747 1754/1754/1754
f 1746/1746/1746 1754/1754/1754 1753/1753/1753
f 1748/1748/1748 1749/1749/1749 1756/1756/1756
f 1748/1748/1748 1756/1756/1756 1755/1755/1755
f 1749/1749/1749 1750/1750/1750 1757/1757/1757
f 1749/1749/1749 1757/1757/1757 1756/1756/1756
f 1750/1750/1750 1751/1751/1751 1758/1758/1758
f 1750/1750/1750 1758/1758/1758 1757/1757/1757
f 1751/1751/1751 1752/1752/1752 1759/1759/1759
f 1751/1751/1751 1759/1759/1759 1758/1758/1758
f 1752/1752/1752 1753/1753/1753 1760/1760/1760
f 1752/1752/1752 1760/1760/1760 1759/1759/1759
f 1753/1753/1753 1754/1754/1754 1761/1761/1761
f 1753/1753/1753 1761/1761/1761 1760/1760/1760
f 1755/1755/1755 1756/1756/1756 1763/1763/1763
f 1755/1755/1755 1763/1763/1763 1762/1762/1762
f 1756/1756/1756 1757/1757/1757 1764/1764/1764
f 1756/1756/1756 1764/1764/1764 1763/1763/1763
f 1757/1757/1757 1758/1758/1758 1765/1765/1765
f 1757/1757/1757 1765/1765/1765 1764/1764/1764
f 1758/1758/1758 1759/1759/1759 1766/1766/1766
f 1758/1758/1758 1766/1766/1766 1765/1765/1765
f 1759/1759/1759 1760/1760/1760 1767/1767/1767
f 1759/1759/1759 1767/1767/1767 1766/1766/1766
f 1760/1760/1760 1761/1761/1761 1768/1768/1768
f 1760/1760/1760 1768/1768/1768 1767/1767/1767
f 1762/1762/1762 1763/1763/1763 1770/1770/1770
f 1762/1762/1762 1770/1770/1770 1769/1769/1769
f 1763/1763/1763 1764/1764/1764 1771/1771/1771
f 1763/1763/1763 1771/1771/1771 1770/1770/1770
f 1764/1764/1764 1765/1765/1765 1772/1772/1772
f 1764/1764/1764 1772/1772/1772 1771/1771/1771
f 1765/1765/1765 1766/1766/1766 1773/1773/1773
f 1765/1765/1765 1773/1773/1773 1772/1772/1772
f 1766/1766/1766 1767/1767/1767 1774/1774/1774
f 1766/1766/1766 1774/1774/1774 1773/1773/1773
f 1767/1767/1767 1768/1768/1768 1775/1775/1775
f 1767/1767/1767 1775/1775/1775 1774/1774/1774
f 1776/1776/1776 1777/1777/1777 1786/1786/1786
f 1776/1776/1776 1786/1786/1786 1785/1785/1785
f 1777/1777/1777 1778/1778/1778 1787/1787/1787
f 1777/1777/1777 1787/1787/1787 1786/1786/1786
f 1778/1778/1778 1779/1779/1779 1788/1788/1788
f 1778/1778/1778 1788/1788/1788 1787/1787/1787
f 1779/1779/1779 1780/1780/1780 1789/1789/1789
f 1779/1779/1779 1789/1789/1789 1788/1788/1788
f 1780/1780/1780 1781/1781/1781 1790/1790/1790
f 1780/1780/1780 1790/1790/1790 1789/1789/1789
f 1781/1781/1781 1782/1782/1782 1791/1791/1791
f 1781/1781/1781 1791/1791/1791 1790/1790/1790
f 1782/1782/1782 1783/1783/1783 1792/1792/1792
f 1782/1782/1782 1792/1792/1792 1791/1791/1791
f 1783/1783/1783 1784/1784/1784 1793/1793/1793
f 1783/1783/1783 1793/1793/1793 1792/1792/1792
f 1785/1785/1785 1786/1786/1786 1795/1795/1795
f 1785/1785/1785 1795/1795/1795 1794/1794/1794
f 1786/1786/1786 1787/1787/1787 1796/1796/1796
f 1786/1786/1786 1796/1796/1796 1795/1795/1795
f 1787/1787/1787 1788/1788/1788 1797/1797/1797
f 1787/1787/1787 1797/1797/1797 1796/1796/1796
f 1788/1788/1788 1789/1789/1789 1798/1798/1798
f 1788/1788/1788 1798/1798/1798 1797/1797/1797
f 1789/1789/1789 1790/1790/1790 1799/1799/1799
f 1789/1789/1789 1799/1799/1799 1798/1798/1798
f 1790/1790/1790 1791/1791/1791 1800/1800/1800
f 1790/1790/1790 1800/1800/1800 1799/1799/1799
f 1791/1791/1791 1792/1792/1792 1801/1801/1801
f 1791/1791/1791 1801/1801/1801 1800/1800/1800
f 1792/1792/1792 1793/1793/1793 1802/1802/1802
f 1792/1792/1792 1802/1802/1802 1801/1801/1801
f 1794/1794/1794 1795/1795/1795 1804/1804/1804
f 1794/1794/1794 1804/1804/1804 1803/1803/1803
f 1795/1795/1795 1796/1796/1796 1805/1805/1805
f 1795/1795/1795 1805/1805/1805 1804/1804/1804
f 1796/1796/1796 1797/1797/1797 1806/1806/1806
f 1796/1796/1796 1806/1806/1806 1805/1805/1805
f 1797/1797/1797 1798/1798/1798 1807/1807/1807
f 1797/1797/1797 1807/1807/1807 1806/1806/1806
f 1798/1798/1798 1799/1799/1799 1808/1808/1808
f 1798/1798/1798 1808/1808/1808 1807/1807/1807
f 1799/1799/1799 1800/1800/1800 1809/1809/1809
f 1799/1799/1799 1809/1809/1809 1808/1808/1808
f 1800/1800/1800 1801/1801/1801 1810/1810/1810
f 1800/1800/1800 1810/1810/1810 1809/1809/1809
f 1801/1801/1801 1802/1802/1802 1811/1811/1811
f 1801/1801/1801 1811/1811/1811 1810/1810/1810
f 1803/1803/1803 1804/1804/1804 1813/1813/1813
f 1803/1803/1803 1813/1813/1813 1812/1812/1812
f 1804/1804/1804 1805/1805/1805 1814/1814/1814
f 1804/1804/1804 1814/1814/1814 1813/1813/1813
f 1805/1805/1805 1806/1806/1806 1815/1815/1815
f 1805/1805/1805 1815/1815/1815 1814/1814/1814
f 1806/1806/1806 1807/1807/1807 1816/1816/1816
f 1806/1806/1806 1816/1816/1816 1815/1815/1815
f 1807/1807/1807 1808/1808/1808 1817/1817/1817
f 1807/1807/1807 1817/1817/1817 1816/1816/1816
f 1808/1808/1808 1809/1809/1809 1818/1818/1818
f 1808/1808/1808 1818/1818/1818 1817/1817/1817
f 1809/1809/1809 1810/1810/1810 1819/1819/1819
f 1809/1809/1809 1819/1819/1819 1818/1818/1818
f 1810/1810/1810 1811/1811/1811 1820/1820/1820
f 1810/1810/1810 1820/1820/1820 1819/1819/1819
f 1821/1821/1821 1822/1822/1822 1831/1831/1831
f 1821/1821/1821 1831/1831/1831 1830/1830/1830
f 1822/1822/1822 1823/1823/1823 1832/1832/1832
f 1822/1822/1822 1832/1832/1832 1831/1831/1831
f 1823/1823/1823 1824/1824/1824 1833/1833/1833
f 1823/1823/1823 1833/1833/1833 1832/1832/1832
f 1824/1824/1824 1825/1825/1825 1834/1834/1834
f 1824/1824/1824 1834/1834/1834 1833/1833/1833
f 1825/1825/1825 1826/1826/1826 1835/1835/1835
f 1825/1825/1825 1835/1835/1835 1834/1834/1834
f 1826/1826/1826 1827/1827/1827 1836/1836/1836
f 1826/1826/1826 1836/1836/1836 1835/1835/1835
f 1827/1827/1827 1828/1828/1828 1837/1837/1837
f 1827/1827/1827 1837/1837/1837 1836/1836/1836
f 1828/1828/1828 1829/1829/1829 1838/1838/1838
f 1828/1828/1828 1838/1838/1838 1837/1837/1837
f 1830/1830/1830 1831/1831/1831 1840/1840/1840
f 1830/1830/1830 1840/1840/1840 1839/1839/1839
f 1831/1831/1831 1832/1832/1832 1841/1841/1841
f 1831/1831/1831 1841/1841/1841 1840/1840/1840
f 1832/1832/1832 1833/1833/1833 1842/1842/1842
f 1832/1832/1832 1842/1842/1842 1841/1841/1841
f 1833/1833/1833 1834/1834/1834 1843/1843/1843
f 1833/1833/1833 1843/1843/1843 1842/1842/1842
f 1834/1834/1834 1835/1835/1835 1844/1844/1844
f 1834/1834/1834 1844/1844/1844 1843/1843/1843
f 1835/1835/1835 1836/1836/1836 1845/1845/1845
f 1835/1835/1835 1845/1845/1845 1844/1844/1844
f 1836/1836/1836 1837/1837/1837 1846/1846/1846
f 1836/1836/1836 1846/1846/1846 1845/1845/1845
f 1837/1837/1837 1838/1838/1838 1847/1847/1847
f 1837/1837/1837 1847/1847/1847 1846/1846/1846
f 1839/1839/1839 1840/1840/1840 1849/1849/1849
f 1839/1839/1839 1849/1849/1849 1848/1848/1848
f 1840/1840/1840 1841/1841/1841 1850/1850/1850
f 1840/1840/1840 1850/1850/1850 1849/1849/1849
f 1841/1841/1841 1842/1842/1842 1851/1851/1851
f 1841/1841/1841 1851/1851/1851 1850/1850/1850
f 1842/1842/1842 1843/1843/1843 1852/1852/1852
f 1842/1842/1842 1852/1852/1852 1851/1851/1851
f 1843/1843/1843 1844/1844/1844 1853/1853/1853
f 1843/1843/1843 1853/1853/1853 1852/1852/1852
f 1844/1844/1844 1845/1845/1845 1854/1854/1854
f 1844/1844/1844 1854/1854/1854 1853/1853/1853
f 1845/1845/1845 1846/1846/1846 1855/1855/1855
f 1845/1845/1845 1855/1855/1855 1854/1854/1854
f 1846/1846/1846 1847/1847/1847 1856/1856/1856
f 1846/1846/1846 1856/1856/1856 1855/1855/1855
f 1848/1848/1848 1849/1849/1849 1858/1858/1858
f 1848/1848/1848 1858/1858/1858 1857/1857/1857
f 1849/1849/1849 1850/1850/1850 1859/1859/1859
f 1849/1849/1849 1859/1859/1859 1858/1858/1858
f 1850/1850/1850 1851/1851/1851 1860/1860/1860
f 1850/1850/1850 1860/1860/1860 1859/1859/1859
f 1851/1851/1851 1852/1852/1852 1861/1861/1861
f 1851/1851/1851 1861/1861/1861 1860/1860/1860
f 1852/1852/1852 1853/1853/1853 1862/1862/1862
f 1852/1852/1852 1862/1862/1862 1861/1861/1861
f 1853/1853/1853 1854/1854/1854 1863/1863/1863
f 1853/1853/1853 1863/1863/1863 1862/1862/1862
f 1854/1854/1854 1855/1855/1855 1864/1864/1864
f 1854/1854/1854 1864/1864/1864 1863/1863/1863
f 1855/1855/1855 1856/1856/1856 1865/1865/1865
f 1855/1855/1855 1865/1865/1865 1864/1864/1864
f 1866/1866/1866 1867/1867/1867 1876/1876/1876
f 1866/1866/1866 1876/1876/1876 1875/1875/1875
f 1867/1867/1867 1868/1868/1868 1877/1877/1877
f 1867/1867/1867 1877/1877/1877 1876/1876/1876
f 1868/1868/1868 1869/1869/1869 1878/1878/1878
f 1868/1868/1868 1878/1878/1878 1877/1877/1877
f 1869/1869/1869 1870/1870/1870 1879/1879/1879
f 1869/1869/1869 1879/1879/1879 1878/1878/1878
f 1870/1870/1870 1871/1871/1871 1880/1880/1880
f 1870/1870/1870 1880/1880/1880 1879/1879/1879
f 1871/1871/1871 1872/1872/1872 1881/1881/1881
f 1871/1871/1871 1881/1881/1881 1880/1880/1880
f 1872/1872/1872 1873/1873/1873 1882/1882/1882
f 1872/1872/1872 1882/1882/1882 1881/1881/1881
f 1873/1873/1873 1874/1874/1874 1883/1883/1883
f 1873/1873/1873 1883/1883/1883 1882/1882/1882
f 1875/1875/1875 1876/1876/1876 1885/1885/1885
f 1875/1875/1875 1885/1885/1885 1884/1884/1884
f 1876/1876/1876 1877/1877/1877 1886/1886/1886
f 1876/1876/1876 1886/1886/1886 1885/1885/1885
f 1877/1877/1877 1878/1878/1878 1887/1887/1887
f 1877/1877/1877 1887/1887/1887 1886/1886/1886
f 1878/1878/1878 1879/1879/1879 1888/1888/1888
f 1878/1878/1878 1888/1888/1888 1887/1887/1887
f 1879/1879/1879 1880/1880/1880 1889/1889/1889
f 1879/1879/1879 1889/1889/1889 1888/1888/1888
f 1880/1880/1880 1881/1881/1881 1890/1890/1890
f 1880/1880/1880 1890/1890/1890 1889/1889/1889
f 1881/1881/1881 1882/1882/1882 1891/1891/1891
f 1881/1881/1881 1891/1891/1891 1890/1890/1890
f 1882/1882/1882 1883/1883/1883 1892/1892/1892
f 1882/1882/1882 1892/1892/1892 1891/1891/1891
f 1884/1884/1884 1885/1885/1885 1894/1894/1894
f 1884/1884/1884 1894/1894/1894 1893/1893/1893
f 1885/1885/1885 1886/1886/1886 1895/1895/1895
f 1885/1885/1885 1895/1895/1895 1894/1894/1894
f 1886/1886/1886 1887/1887/1887 1896/1896/1896
f 1886/1886/1886 1896/1896/1896 1895/1895/1895
f 1887/1887/1887 1888/1888/1888 1897/1897/1897
f 1887/1887/1887 1897/1897/1897 1896/1896/1896
f 1888/1888/1888 1889/1889/1889 1898/1898/1898
f 1888/1888/1888 1898/1898/1898 1897/1897/1897
f 1889/1889/1889 1890/1890/1890 1899/1899/1899
f 1889/1889/1889 1899/1899/1899 1898/1898/1898
f 1890/1890/1890 1891/1891/1891 1900/1900/1900
f 1890/1890/1890 1900/1900/1900 1899/1899/1899
f 1891/1891/1891 1892/1892/1892 1901/1901/1901
f 1891/1891/1891 1901/1901/1901 1900/1900/1900
f 1893/1893/1893 1894/1894/1894 1903/1903/1903
f 1893/1893/1893 1903/1903/1903 1902/1902/1902
f 1894/1894/1894 1895/1895/1895 1904/1904/1904
f 1894/1894/1894 1904/1904/1904 1903/1903/1903
f 1895/1895/1895 1896/1896/1896 1905/1905/1905
f 1895/1895/1895 1905/1905/1905 1904/1904/1904
f 1896/1896/1896 1897/1897/1897 1906/1906/1906
f 1896/1896/1896 1906/1906/1906 1905/1905/1905
f 1897/1897/1897 1898/1898/1898 1907/1907/1907
f 1897/1897/1897 1907/1907/1907 1906/1906/1906
f 1898/1898/1898 1899/1899/1899 1908/1908/1908
f 1898/1898/1898 1908/1908/1908 1907/1907/1907
f 1899/1899/1899 1900/1900/1900 1909/1909/1909
f 1899/1899/1899 1909/1909/1909 1908/1908/1908
f 1900/1900/1900 1901/1901/1901 1910/1910/1910
f 1900/1900/1900 1910/1910/1910 1909/1909/1909
f 1911/1911/1911 1912/1912/1912 1921/1921/1921
f 1911/1911/1911 1921/1921/1921 1920/1920/1920
f 1912/1912/1912 1913/1913/1913 1922/1922/1922
f 1912/1912/1912 1922/1922/1922 1921/1921/1921
f 1913/1913/1913 1914/1914/1914 1923/1923/1923
f 1913/1913/1913 1923/1923/1923 1922/1922/1922
f 1914/1914/1914 1915/1915/1915 1924/1924/1924
f 1914/1914/1914 1924/1924/1924 1923/1923/1923
f 1915/1915/1915 1916/1916/1916 1925/1925/1925
f 1915/1915/1915 1925/1925/1925 1924/1924/1924
f 1916/1916/1916 1917/1917/1917 1926/1926/1926
f 1916/1916/1916 1926/1926/1926 1925/1925/1925
f 1917/1917/1917 1918/1918/1918 1927/1927/1927
f 1917/1917/1917 1927/1927/1927 1926/1926/1926
f 1918/1918/1918 1919/1919/1919 1928/1928/1928
f 1918/1918/1918 1928/1928/1928 1927/1927/1927
f 1920/1920/1920 1921/1921/1921 1930/1930/1930
f 1920/1920/1920 1930/1930/1930 1929/1929/1929
f 1921/1921/1921 1922/1922/1922 1931/1931/1931
f 1921/1921/1921 1931/1931/1931 1930/1930/1930
f 1922/1922/1922 1923/1923/1923 1932/1932/1932
f 1922/1922/1922 1932/1932/1932 1931/1931/1931
f 1923/1923/1923 1924/1924/1924 1933/1933/1933
f 1923/1923/1923 1933/1933/1933 1932/1932/1932
f 1924/1924/1924 1925/1925/1925 1934/1934/1934
f 1924/1924/1924 1934/1934/1934 1933/1933/1933
f 1925/1925/1925 1926/1926/1926 1935/1935/1935
f 1925/1925/1925 1935/1935/1935 1934/1934/1934
f 1926/1926/1926 1927/1927/1927 1936/1936/1936
f 1926/1926/1926 1936/1936/1936 1935/1935/1935
f 1927/1927/1927 1928/1928/1928 1937/1937/1937
f 1927/1927/1927 1937/1937/1937 1936/1936/1936
f 1929/1929/1929 1930/1930/1930 1939/1939/1939
f 1929/1929/1929 1939/1939/1939 1938/1938/1938
f 1930/1930/1930 1931/1931/1931 1940/1940/1940
f 1930/1930/1930 1940/1940/1940 1939/1939/1939
f 1931/1931/1931 1932/1932/1932 1941/1941/1941
f 1931/1931/1931 1941/1941/1941 1940/1940/1940
f 1932/1932/1932 1933/1933/1933 1942/1942/1942
f 1932/1932/1932 1942/1942/1942 1941/1941/1941
f 1933/1933/1933 1934/1934/1934 1943/1943/1943
f 1933/1933/1933 1943/1943/1943 1942/1942/1942
f 1934/1934/1934 1935/1935/1935 1944/1944/1944
f 1934/1934/1934 1944/1944/1944 1943/1943/1943
f 1935/1935/1935 1936/1936/1936 1945/1945/1945
f 1935/1935/1935 1945/1945/1945 1944/1944/1944
f 1936/1936/1936 1937/1937/1937 1946/1946/1946
f 1936/1936/1936 1946/1946/1946 1945/1945/1945
f 1938/1938/1938 1939/1939/1939 1948/1948/1948
f 1938/1938/1938 1948/1948/1948 1947/1947/1947
f 1939/1939/1939 1940/1940/1940 1949/1949/1949
f 1939/1939/1939 1949/1949/1949 1948/1948/1948
f 1940/1940/1940 1941/1941/1941 1950/1950/1950
f 1940/1940/1940 1950/1950/1950 1949/1949/1949
f 1941/1941/1941 1942/1942/1942 1951/1951/1951
f 1941/1941/1941 1951/1951/1951 1950/1950/1950
f 1942/1942/1942 1943/1943/1943 1952/1952/1952
f 1942/1942/1942 1952/1952/1952 1951/1951/1951
f 1943/1943/1943 1944/1944/1944 1953/1953/1953
f 1943/1943/1943 1953/1953/1953 1952/1952/1952
f 1944/1944/1944 1945/1945/1945 1954/1954/1954
f 1944/1944/1944 1954/1954/1954 1953/1953/1953
f 1945/1945/1945 1946/1946/1946 1955/1955/1955
f 1945/1945/1945 1955/1955/1955 1954/1954/1954
f 1956/1956/1956 1957/1957/1957 1966/1966/1966
f 1956/1956/1956 1966/1966/1966 1965/1965/1965
f 1957/1957/1957 1958/1958/1958 1967/1967/1967
f 1957/1957/1957 1967/1967/1967 1966/1966/1966
f 1958/1958/1958 1959/1959/1959 1968/1968/1968
f 1958/1958/1958 1968/1968/1968 1967/1967/1967
f 1959/1959/1959 1960/1960/1960 1969/1969/1969
f 1959/1959/1959 1969/1969/1969 1968/1968/1968
f 1960/1960/1960 1961/1961/1961 1970/1970/1970
f 1960/1960/1960 1970/1970/1970 1969/1969/1969
f 1961/1961/1961 1962/1962/1962 1971/1971/1971
f 1961/1961/1961 1971/1971/1971 1970/1970/1970
f 1962/1962/1962 1963/1963/1963 1972/1972/1972
f 1962/1962/1962 1972/1972/1972 1971/1971/1971
f 1963/1963/1963 1964/1964/1964 1973/1973/1973
f 1963/1963/1963 1973/1973/1973 1972/1972/1972
f 1965/1965/1965 1966/1966/1966 1975/1975/1975
f 1965/1965/1965 1975/1975/1975 1974/1974/1974
f 1966/1966/1966 1967/1967/1967 1976/1976/1976
f 1966/1966/1966 1976/1976/1976 1975/1975/1975
f 1967/1967/1967 1968/1968/1968 1977/1977/1977
f 1967/1967/1967 1977/1977/1977 1976/1976/1976
f 1968/1968/1968 1969/1969/1969 1978/1978/1978
f 1968/1968/1968 1978/1978/1978 1977/1977/1977
f 1969/1969/1969 1970/1970/1970 1979/1979/1979
f 1969/1969/1969 1979/1979/1979 1978/1978/1978
f 1970/1970/1970 1971/1971/1971 1980/1980/1980
f 1970/1970/1970 1980/1980/1980 1979/1979/1979
f 1971/1971/1971 1972/1972/1972 1981/1981/1981
f 1971/1971/1971 1981/1981/1981 1980/1980/1980
f 1972/1972/1972 1973/1973/1973 1982/1982/1982
f 1972/1972/1972 1982/1982/1982 1981/1981/1981
f 1974/1974/1974 1975/1975/1975 1984/1984/1984
f 1974/1974/1974 1984/1984/1984 1983/1983/1983
f 1975/1975/1975 1976/1976/1976 1985/1985/1985
f 1975/1975/1975 1985/1985/1985 1984/1984/1984
f 1976/1976/1976 1977/1977/1977 1986/1986/1986
f 1976/1976/1976 1986/1986/1986 1985/1985/1985
f 1977/1977/1977 1978/1978/1978 1987/1987/1987
f 1977/1977/1977 1987/1987/1987 1986/1986/1986
f 1978/1978/1978 1979/1979/1979 1988/1988/1988
f 1978/1978/1978 1988/1988/1988 1987/1987/1987
f 1979/1979/1979 1980/1980/1980 1989/1989/1989
f 1979/1979/1979 1989/1989/1989 1988/1988/1988
f 1980/1980/1980 1981/1981/1981 1990/1990/1990
f 1980/1980/1980 1990/1990/1990 1989/1989/1989
f 1981/1981/1981 1982/1982/1982 1991/1991/1991
f 1981/1981/1981 1991/1991/1991 1990/1990/1990
f 1983/1983/1983 1984/1984/1984 1993/1993/1993
f 1983/1983/1983 1993/1993/1993 1992/1992/1992
f 1984/1984/1984 1985/1985/1985 1994/1994/1994
f 1984/1984/1984 1994/1994/1994 1993/1993/1993
f 1985/1985/1985 1986/1986/1986 1995/1995/1995
f 1985/1985/1985 1995/1995/1995 1994/1994/1994
f 1986/1986/1986 1987/1987/1987 1996/1996/1996
f 1986/1986/1986 1996/1996/1996 1995/1995/1995
f 1987/1987/1987 1988/1988/1988 1997/1997/1997
f 1987/1987/1987 1997/1997/1997 1996/1996/1996
f 1988/1988/1988 1989/1989/1989 1998/1998/1998
f 1988/1988/1988 1998/1998/1998 1997/1997/1997
f 1989/1989/1989 1990/1990/1990 1999/1999/1999
f 1989/1989/1989 1999/1999/1999 1998/1998/1998
f 1990/1990/1990 1991/1991/1991 2000/2000/2000
f 1990/1990/1990 2000/2000/2000 1999/1999/1999
f 2001/2001/2001 2002/2002/2002 2009/2009/2009
f 2001/2001/2001 2009/2009/2009 2008/2008/2008
f 2002/2002/2002 2003/2003/2003 2010/2010/2010
f 2002/2002/2002 2010/2010/2010 2009/2009/2009
f 2003/2003/2003 2004/2004/2004 2011/2011/2011
f 2003/2003/2003 2011/2011/2011 2010/2010/2010
f 2004/2004/2004 2005/2005/2005 2012/2012/2012
f 2004/2004/2004 2012/2012/2012 2011/2011/2011
f 2005/2005/2005 2006/2006/2006 2013/2013/2013
f 2005/2005/2005 2013/2013/2013 2012/2012/2012
f 2006/2006/2006 2007/2007/2007 2014/2014/2014
f 2006/2006/2006 2014/2014/2014 2013/2013/2013
f 2008/2008/2008 2009/2009/2009 2016/2016/2016
f 2008/2008/2008 2016/2016/2016 2015/2015/2015
f 2009/2009/2009 2010/2010/2010 2017/2017/2017
f 2009/2009/2009 2017/2017/2017 2016/2016/2016
f 2010/2010/2010 2011/2011/2011 2018/2018/2018
f 2010/2010/2010 2018/2018/2018 2017/2017/2017
f 2011/2011/2011 2012/2012/2012 2019/2019/2019
f 2011/2011/2011 2019/2019/2019 2018/2018/2018
f 2012/2012/2012 2013/2013/2013 2020/2020/2020
f 2012/2012/2012 2020/2020/2020 2019/2019/2019
f 2013/2013/2013 2014/2014/2014 2021/2021/2021
f 2013/2013/2013 2021/2021/2021 2020/2020/2020
f 2015/2015/2015 2016/2016/2016 2023/2023/2023
f 2015/2015/2015 2023/2023/2023 2022/2022/2022
f 2016/2016/2016 2017/2017/2017 2024/2024/2024
f 2016/2016/2016 2024/2024/2024 2023/2023/2023
f 2017/2017/2017 2018/2018/2018 2025/2025/2025
f 2017/2017/2017 2025/2025/2025 2024/2024/2024
f 2018/2018/2018 2019/2019/2019 2026/2026/2026
f 2018/2018/2018 2026/2026/2026 2025/2025/2025
f 2019/2019/2019 2020/2020/2020 2027/2027/2027
f 2019/2019/2019 2027/2027/2027 2026/2026/2026
f 2020/2020/2020 2021/2021/2021 2028/2028/2028
f 2020/2020/2020 2028/2028/2028 2027/2027/2027
f 2022/2022/2022 2023/2023/2023 2030/2030/2030
f 2022/2022/2022 2030/2030/2030 2029/2029/2029
f 2023/2023/2023 2024/2024/2024 2031/2031/2031
f 2023/2023/2023 2031/2031/2031 2030/2030/2030
f 2024/2024/2024 2025/2025/2025 2032/2032/2032
f 2024/2024/2024 2032/2032/2032 2031/2031/2031
f 2025/2025/2025 2026/2026/2026 2033/2033/2033
f 2025/2025/2025 2033/2033/2033 2032/2032/2032
f 2026/2026/2026 2027/2027/2027 2034/2034/2034
f 2026/2026/2026 2034/2034/2034 2033/2033/2033
f 2027/2027/2027 2028/2028/2028 2035/2035/2035
f 2027/2027/2027 2035/2035/2035 2034/2034/2034
f 2036/2036/2036 2037/2037/2037 2046/2046/2046
f 2036/2036/2036 2046/2046/2046 2045/2045/2045
f 2037/2037/2037 2038/2038/2038 2047/2047/2047
f 2037/2037/2037 2047/2047/2047 2046/2046/2046
f 2038/2038/2038 2039/2039/2039 2048/2048/2048
f 2038/2038/2038 2048/2048/2048 2047/2047/2047
f 2039/2039/2039 2040/2040/2040 2049/2049/2049
f 2039/2039/2039 2049/2049/2049 2048/2048/2048
f 2040/2040/2040 2041/2041/2041 2050/2050/2050
f 2040/2040/2040 2050/2050/2050 2049/2049/2049
f 2041/2041/2041 2042/2042/2042 2051/2051/2051
f 2041/2041/2041 2051/2051/2051 2050/2050/2050
f 2042/2042/2042 2043/2043/2043 2052/2052/2052
f 2042/2042/2042 2052/2052/2052 2051/2051/2051
f 2043/2043/2043 2044/2044/2044 2053/2053/2053
f 2043/2043/2043 2053/2053/2053 2052/2052/2052
f 2045/2045/2045 2046/2046/2046 2055/2055/2055
f 2045/2045/2045 2055/2055/2055 2054/2054/2054
f 2046/2046/2046 2047/2047/2047 2056/2056/2056
f 2046/2046/2046 2056/2056/2056 2055/2055/2055
f 2047/2047/2047 2048/2048/2048 2057/2057/2057
f 2047/2047/2047 2057/2057/2057 2056/2056/2056
f 2048/2048/2048 2049/2049/2049 2058/2058/2058
f 2048/2048/2048 2058/2058/2058 2057/2057/2057
f 2049/2049/2049 2050/2050/2050 2059/2059/2059
f 2049/2049/2049 2059/2059/2059 2058/2058/2058
f 2050/2050/2050 2051/2051/2051 2060/2060/2060
f 2050/2050/2050 2060/2060/2060 2059/2059/2059
f 2051/2051/2051 2052/2052/2052 2061/2061/2061
f 2051/2051/2051 2061/2061/2061 2060/2060/2060
f 2052/2052/2052 2053/2053/2053 2062/2062/2062
f 2052/2052/2052 2062/2062/2062 2061/2061/2061
f 2054/2054/2054 2055/2055/2055 2064/2064/2064
f 2054/2054/2054 2064/2064/2064 2063/2063/2063
f 2055/2055/2055 2056/2056/2056 2065/2065/2065
f 2055/2055/2055 2065/2065/2065 2064/2064/2064
f 2056/2056/2056 2057/2057/2057 2066/2066/2066
f 2056/2056/2056 2066/2066/2066 2065/2065/2065
f 2057/2057/2057 2058/2058/2058 2067/2067/2067
f 2057/2057/2057 2067/2067/2067 2066/2066/2066
f 2058/2058/2058 2059/2059/2059 2068/2068/2068
f 2058/2058/2058 2068/2068/2068 2067/2067/2067
f 2059/2059/2059 2060/2060/2060 2069/2069/2069
f 2059/2059/2059 2069/2069/2069 2068/2068/2068
f 2060/2060/2060 2061/2061/2061 2070/2070/2070
f 2060/2060/2060 2070/2070/2070 2069/2069/2069
f 2061/2061/2061 2062/2062/2062 2071/2071/2071
f 2061/2061/2061 2071/2071/2071 2070/2070/2070
f 2063/2063/2063 2064/2064/2064 2073/2073/2073
f 2063/2063/2063 2073/2073/2073 2072/2072/2072
f 2064/2064/2064 2065/2065/2065 2074/2074/2074
f 2064/2064/2064 2074/2074/2074 2073/2073/2073
f 2065/2065/2065 2066/2066/2066 2075/2075/2075
f 2065/2065/2065 2075/2075/2075 2074/2074/2074
f 2066/2066/2066 2067/2067/2067 2076/2076/2076
f 2066/2066/2066 2076/2076/2076 2075/2075/2075
f 2067/2067/2067 2068/2068/2068 2077/2077/2077
f 2067/2067/2067 2077/2077/2077 2076/2076/2076
f 2068/2068/2068 2069/2069/2069 2078/2078/2078
f 2068/2068/2068 2078/2078/2078 2077/2077/2077
f 2069/2069/2069 2070/2070/2070 2079/2079/2079
f 2069/2069/2069 2079/2079/2079 2078/2078/2078
f 2070/2070/2070 2071/2071/2071 2080/2080/2080
f 2070/2070/2070 2080/2080/2080 2079/2079/2079
f 2081/2081/2081 2082/2082/2082 2091/2091/2091
f 2081/2081/2081 2091/2091/2091 2090/2090/2090
f 2082/2082/2082 2083/2083/2083 2092/2092/2092
f 2082/2082/2082 2092/2092/2092 2091/2091/2091
f 2083/2083/2083 2084/2084/2084 2093/2093/2093
f 2083/2083/2083 2093/2093/2093 2092/2092/2092
f 2084/2084/2084 2085/2085/2085 2094/2094/2094
f 2084/2084/2084 2094/2094/2094 2093/2093/2093
f 2085/2085/2085 2086/2086/2086 2095/2095/2095
f 2085/2085/2085 2095/2095/2095 2094/2094/2094
f 2086/2086/2086 2087/2087/2087 2096/2096/2096
f 2086/2086/2086 2096/2096/2096 2095/2095/2095
f 2087/2087/2087 2088/2088/2088 2097/2097/2097
f 2087/2087/2087 2097/2097/2097 2096/2096/2096
f 2088/2088/2088 2089/2089/2089 2098/2098/2098
f 2088/2088/2088 2098/2098/2098 2097/2097/2097
f 2090/2090/2090 2091/2091/2091 2100/2100/2100
f 2090/2090/2090 2100/2100/2100 2099/2099/2099
f 2091/2091/2091 2092/2092/2092 2101/2101/2101
f 2091/2091/2091 2101/2101/2101 2100/2100/2100
f 2092/2092/2092 2093/2093/2093 2102/2102/2102
f 2092/2092/2092 2102/2102/2102 2101/2101/2101
f 2093/2093/2093 2094/2094/2094 2103/2103/2103
f 2093/2093/2093 2103/2103/2103 2102/2102/2102
f 2094/2094/2094 2095/2095/2095 2104/2104/2104
f 2094/2094/2094 2104/2104/2104 2103/2103/2103
f 2095/2095/2095 2096/2096/2096 2105/2105/2105
f 2095/2095/2095 2105/2105/2105 2104/2104/2104
f 2096/2096/2096 2097/2097/2097 2106/2106/2106
f 2096/2096/2096 2106/2106/2106 2105/2105/2105
f 2097/2097/2097 2098/2098/2098 2107/2107/2107
f 2097/2097/2097 2107/2107/2107 2106/2106/2106
f 2099/2099/2099 2100/2100/2100 2109/2109/2109
f 2099/2099/2099 2109/2109/2109 2108/2108/2108
f 2100/2100/2100 2101/2101/2101 2110/2110/2110
f 2100/2100/2100 2110/2110/2110 2109/2109/2109
f 2101/2101/2101 2102/2102/2102 2111/2111/2111
f 2101/2101/2101 2111/2111/2111 2110/2110/2110
f 2102/2102/2102 2103/2103/2103 2112/2112/2112
f 2102/2102/2102 2112/2112/2112 2111/2111/2111
f 2103/2103/2103 2104/2104/2104 2113/2113/2113
f 2103/2103/2103 2113/2113/2113 2112/2112/2112
f 2104/2104/2104 2105/2105/2105 2114/2114/2114
f 2104/2104/2104 2114/2114/2114 2113/2113/2113
f 2105/2105/2105 2106/2106/2106 2115/2115/2115
f 2105/2105/2105 2115/2115/2115 2114/2114/2114
f 2106/2106/2106 2107/2107/2107 2116/2116/2116
f 2106/2106/2106 2116/2116/2116 2115/2115/2115
f 2108/2108/2108 2109/2109/2109 2118/2118/2118
f 2108/2108/2108 2118/2118/2118 2117/2117/2117
f 2109/2109/2109 2110/2110/2110 2119/2119/2119
f 2109/2109/2109 2119/2119/2119 2118/2118/2118
f 2110/2110/2110 2111/2111/2111 2120/2120/2120
f 2110/2110/2110 2120/2120/2120 2119/2119/2119
f 2111/2111/2111 2112/2112/2112 2121/2121/2121
f 2111/2111/2111 2121/2121/2121 2120/2120/2120
f 2112/2112/2112 2113/2113/2113 2122/2122/2122
f 2112/2112/2112 2122/2122/2122 2121/2121/2121
f 2113/2113/2113 2114/2114/2114 2123/2123/2123
f 2113/2113/2113 2123/2123/2123 2122/2122/2122
f 2114/2114/2114 2115/2115/2115 2124/2124/2124
f 2114/2114/2114 2124/2124/2124 2123/2123/2123
f 2115/2115/2115 2116/2116/2116 2125/2125/2125
f 2115/2115/2115 2125/2125/2125 2124/2124/2124
f 2126/2126/2126 2127/2127/2127 2136/2136/2136
f 2126/2126/2126 2136/2136/2136 2135/2135/2135
f 2127/2127/2127 2128/2128/2128 2137/2137/2137
f 2127/2127/2127 2137/2137/2137 2136/2136/2136
f 2128/2128/2128 2129/2129/2129 2138/2138/2138
f 2128/2128/2128 2138/2138/2138 2137/2137/2137
f 2129/2129/2129 2130/2130/2130 2139/2139/2139
f 2129/2129/2129 2139/2139/2139 2138/2138/2138
f 2130/2130/2130 2131/2131/2131 2140/2140/2140
f 2130/2130/2130 2140/2140/2140 2139/2139/2139
f 2131/2131/2131 2132/2132/2132 2141/2141/2141
f 2131/2131/2131 2141/2141/2141 2140/2140/2140
f 2132/2132/2132 2133/2133/2133 2142/2142/2142
f 2132/2132/2132 2142/2142/2142 2141/2141/2141
f 2133/2133/2133 2134/2134/2134 2143/2143/2143
f 2133/2133/2133 2143/2143/2143 2142/2142/2142
f 2135/2135/2135 2136/2136/2136 2145/2145/2145
f 2135/2135/2135 2145/2145/2145 2144/2144/2144
f 2136/2136/2136 2137/2137/2137 2146/2146/2146
f 2136/2136/2136 2146/2146/2146 2145/2145/2145
f 2137/2137/2137 2138/2138/2138 2147/2147/2147
f 2137/2137/2137 2147/2147/2147 2146/2146/2146
f 2138/2138/2138 2139/2139/2139 2148/2148/2148
f 2138/2138/2138 2148/2148/2148 2147/2147/2147
f 2139/2139/2139 2140/2140/2140 2149/2149/2149
f 2139/2139/2139 2149/2149/2149 2148/2148/2148
f 2140/2140/2140 2141/2141/2141 2150/2150/2150
f 2140/2140/2140 2150/2150/2150 2149/2149/2149
f 2141/2141/2141 2142/2142/2142 2151/2151/2151
f 2141/2141/2141 2151/2151/2151 2150/2150/2150
f 2142/2142/2142 2143/2143/2143 2152/2152/2152
f 2142/2142/2142 2152/2152/2152 2151/2151/2151
f 2144/2144/2144 2145/2145/2145 2154/2154/2154
f 2144/2144/2144 2154/2154/2154 2153/2153/2153
f 2145/2145/2145 2146/2146/2146 2155/2155/2155
f 2145/2145/2145 2155/2155/2155 2154/2154/2154
f 2146/2146/2146 2147/2147/2147 2156/2156/2156
f 2146/2146/2146 2156/2156/2156 2155/2155/2155
f 2147/2147/2147 2148/2148/2148 2157/2157/2157
f 2147/2147/2147 2157/2157/2157 2156/2156/2156
f 2148/2148/2148 2149/2149/2149 2158/2158/2158
f 2148/2148/2148 2158/2158/2158 2157/2157/2157
f 2149/2149/2149 2150/2150/2150 2159/2159/2159
f 2149/2149/2149 2159/2159/2159 2158/2158/2158
f 2150/2150/2150 2151/2151/2151 2160/2160/2160
f 2150/2150/2150 2160/2160/2160 2159/2159/2159
f 2151/2151/2151 2152/2152/2152 2161/2161/2161
f 2151/2151/2151 2161/2161/2161 2160/2160/2160
f 2153/2153/2153 2154/2154/2154 2163/2163/2163
f 2153/2153/2153 2163/2163/2163 2162/2162/2162
f 2154/2154/2154 2155/2155/2155 2164/2164/2164
f 2154/2154/2154 2164/2164/2164 2163/2163/2163
f 2155/2155/2155 2156/2156/2156 2165/2165/2165
f 2155/2155/2155 2165/2165/2165 2164/2164/2164
f 2156/2156/2156 2157/2157/2157 2166/2166/2166
f 2156/2156/2156 2166/2166/2166 2165/2165/2165
f 2157/2157/2157 2158/2158/2158 2167/2167/2167
f 2157/2157/2157 2167/2167/2167 2166/2166/2166
f 2158/2158/2158 2159/2159/2159 2168/2168/2168
f 2158/2158/2158 2168/2168/2168 2167/2167/2167
f 2159/2159/2159 2160/2160/2160 2169/2169/2169
f 2159/2159/2159 2169/2169/2169 2168/2168/2168
f 2160/2160/2160 2161/2161/2161 2170/2170/2170
f 2160/2160/2160 2170/2170/2170 2169/2169/2169
f 2171/2171/2171 2172/2172/2172 2181/2181/2181
f 2171/2171/2171 2181/2181/2181 2180/2180/2180
f 2172/2172/2172 2173/2173/2173 2182/2182/2182
f 2172/2172/2172 2182/2182/2182 2181/2181/2181
f 2173/2173/2173 2174/2174/2174 2183/2183/2183
f 2173/2173/2173 2183/2183/2183 2182/2182/2182
f 2174/2174/2174 2175/2175/2175 2184/2184/2184
f 2174/2174/2174 2184/2184/2184 2183/2183/2183
f 2175/2175/2175 2176/2176/2176 2185/2185/2185
f 2175/2175/2175 2185/2185/2185 2184/2184/2184
f 2176/2176/2176 2177/2177/2177 2186/2186/2186
f 2176/2176/2176 2186/2186/2186 2185/2185/2185
f 2177/2177/2177 2178/2178/2178 2187/2187/2187
f 2177/2177/2177 2187/2187/2187 2186/2186/2186
f 2178/2178/2178 2179/2179/2179 2188/2188/2188
f 2178/2178/2178 2188/2188/2188 2187/2187/2187
f 2180/2180/2180 2181/2181/2181 2190/2190/2190
f 2180/2180/2180 2190/2190/2190 2189/2189/2189
f 2181/2181/2181 2182/2182/2182 2191/2191/2191
f 2181/2181/2181 2191/2191/2191 2190/2190/2190
f 2182/2182/2182 2183/2183/2183 2192/2192/2192
f 2182/2182/2182 2192/2192/2192 2191/2191/2191
f 2183/2183/2183 2184/2184/2184 2193/2193/2193
f 2183/2183/2183 2193/2193/2193 2192/2192/2192
f 2184/2184/2184 2185/2185/2185 2194/2194/2194
f 2184/2184/2184 2194/2194/2194 2193/2193/2193
f 2185/2185/2185 2186/2186/2186 2195/2195/2195
f 2185/2185/2185 2195/2195/2195 2194/2194/2194
f 2186/2186/2186 2187/2187/2187 2196/2196/2196
f 2186/2186/2186 2196/2196/2196 2195/2195/2195
f 2187/2187/2187 2188/2188/2188 2197/2197/2197
f 2187/2187/2187 2197/2197/2197 2196/2196/2196
f 2189/2189/2189 2190/2190/2190 2199/2199/2199
f 2189/2189/2189 2199/2199/2199 2198/2198/2198
f 2190/2190/2190 2191/2191/2191 2200/2200/2200
f 2190/2190/2190 2200/2200/2200 2199/2199/2199
f 2191/2191/2191 2192/2192/2192 2201/2201/2201
f 2191/2191/2191 2201/2201/2201 2200/2200/2200
f 2192/2192/2192 2193/2193/2193 2202/2202/2202
f 2192/2192/2192 2202/2202/2202 2201/2201/2201
f 2193/2193/2193 2194/2194/2194 2203/2203/2203
f 2193/2193/2193 2203/2203/2203 2202/2202/2202
f 2194/2194/2194 2195/2195/2195 2204/2204/2204
f 2194/2194/2194 2204/2204/2204 2203/2203/2203
f 2195/2195/2195 2196/2196/2196 2205/2205/2205
f 2195/2195/2195 2205/2205/2205 2204/2204/2204
f 2196/2196/2196 2197/2197/2197 2206/2206/2206
f 2196/2196/2196 2206/2206/2206 2205/2205/2205
f 2198/2198/2198 2199/2199/2199 2208/2208/2208
f 2198/2198/2198 2208/2208/2208 2207/2207/2207
f 2199/2199/2199 2200/2200/2200 2209/2209/2209
f 2199/2199/2199 2209/2209/2209 2208/2208/2208
f 2200/2200/2200 2201/2201/2201 2210/2210/2210
f 2200/2200/2200 2210/2210/2210 2209/2209/2209
f 2201/2201/2201 2202/2202/2202 2211/2211/2211
f 2201/2201/2201 2211/2211/2211 2210/2210/2210
f 2202/2202/2202 2203/2203/2203 2212/2212/2212
f 2202/2202/2202 2212/2212/2212 2211/2211/2211
f 2203/2203/2203 2204/2204/2204 2213/2213/2213
f 2203/2203/2203 2213/2213/2213 2212/2212/2212
f 2204/2204/2204 2205/2205/2205 2214/2214/2214
f 2204/2204/2204 2214/2214/2214 2213/2213/2213
f 2205/2205/2205 2206/2206/2206 2215/2215/2215
f 2205/2205/2205 2215/2215/2215 2214/2214/2214
f 2216/2216/2216 2217/2217/2217 2226/2226/2226
f 2216/2216/2216 2226/2226/2226 2225/2225/2225
f 2217/2217/2217 2218/2218/2218 2227/2227/2227
f 2217/2217/2217 2227/2227/2227 2226/2226/2226
f 2218/2218/2218 2219/2219/2219 2228/2228/2228
f 2218/2218/2218 2228/2228/2228 2227/2227/2227
f 2219/2219/2219 2220/2220/2220 2229/2229/2229
f 2219/2219/2219 2229/2229/2229 2228/2228/2228
f 2220/2220/2220 2221/2221/2221 2230/2230/2230
f 2220/2220/2220 2230/2230/2230 2229/2229/2229
f 2221/2221/2221 2222/2222/2222 2231/2231/2231
f 2221/2221/2221 2231/2231/2231 2230/2230/2230
f 2222/2222/2222 2223/2223/2223 2232/2232/2232
f 2222/2222/2222 2232/2232/2232 2231/2231/2231
f 2223/2223/2223 2224/2224/2224 2233/2233/2233
f 2223/2223/2223 2233/2233/2233 2232/2232/2232
f 2225/2225/2225 2226/2226/2226 2235/2235/2235
f 2225/2225/2225 2235/2235/2235 2234/2234/2234
f 2226/2226/2226 2227/2227/2227 2236/2236/2236
f 2226/2226/2226 2236/2236/2236 2235/2235/2235
f 2227/2227/2227 2228/2228/2228 2237/2237/2237
f 2227/2227/2227 2237/2237/2237 2236/2236/2236
f 2228/2228/2228 2229/2229/2229 2238/2238/2238
f 2228/2228/2228 2238/2238/2238 2237/2237/2237
f 2229/2229/2229 2230/2230/2230 2239/2239/2239
f 2229/2229/2229 2239/2239/2239 2238/2238/2238
f 2230/2230/2230 2231/2231/2231 2240/2240/2240
f 2230/2230/2230 2240/2240/2240 2239/2239/2239
f 2231/2231/2231 2232/2232/2232 2241/2241/2241
f 2231/2231/2231 2241/2241/2241 2240/2240/2240
f 2232/2232/2232 2233/2233/2233 2242/2242/2242
f 2232/2232/2232 2242/2242/2242 2241/2241/2241
f 2234/2234/2234 2235/2235/2235 2244/2244/2244
f 2234/2234/2234 2244/2244/2244 2243/2243/2243
f 2235/2235/2235 2236/2236/2236 2245/2245/2245
f 2235/2235/2235 2245/2245/2245 2244/2244/2244
f 2236/2236/2236 2237/2237/2237 2246/2246/2246
f 2236/2236/2236 2246/2246/2246 2245/2245/2245
f 2237/2237/2237 2238/2238/2238 2247/2247/2247
f 2237/2237/2237 2247/2247/2247 2246/2246/2246
f 2238/2238/2238 2239/2239/2239 2248/2248/2248
f 2238/2238/2238 2248/2248/2248 2247/2247/2247
f 2239/2239/2239 2240/2240/2240 2249/2249/2249
f 2239/2239/2239 2249/2249/2249 2248/2248/2248
f 2240/2240/2240 2241/2241/2241 2250/2250/2250
f 2240/2240/2240 2250/2250/2250 2249/2249/2249
f 2241/2241/2241 2242/2242/2242 2251/2251/2251
f 2241/2241/2241 2251/2251/2251 2250/2250/2250
f 2243/2243/2243 2244/2244/2244 2253/2253/2253
f 2243/2243/2243 2253/2253/2253 2252/2252/2252
f 2244/2244/2244 2245/2245/2245 2254/2254/2254
f 2244/2244/2244 2254/2254/2254 2253/2253/2253
f 2245/2245/2245 2246/2246/2246 2255/2255/2255
f 2245/2245/2245 2255/2255/2255 2254/2254/2254
f 2246/2246/2246 2247/2247/2247 2256/2256/2256
f 2246/2246/2246 2256/2256/2256 2255/2255/2255
f 2247/2247/2247 2248/2248/2248 2257/2257/2257
f 2247/2247/2247 2257/2257/2257 2256/2256/2256
f 2248/2248/2248 2249/2249/2249 2258/2258/2258
f 2248/2248/2248 2258/2258/2258 2257/2257/2257
f 2249/2249/2249 2250/2250/2250 2259/2259/2259
f 2249/2249/2249 2259/2259/2259 2258/2258/2258
f 2250/2250/2250 2251/2251/2251 2260/2260/2260
f 2250/2250/2250 2260/2260/2260 2259/2259/2259
f 2261/2261/2261 2262/2262/2262 2269/2269/2269
f 2261/2261/2261 2269/2269/2269 2268/2268/2268
f 2262/2262/2262 2263/2263/2263 2270/2270/2270
f 2262/2262/2262 2270/2270/2270 2269/2269/2269
f 2263/2263/2263 2264/2264/2264 2271/2271/2271
f 2263/2263/2263 2271/2271/2271 2270/2270/2270
f 2264/2264/2264 2265/2265/2265 2272/2272/2272
f 2264/2264/2264 2272/2272/2272 2271/2271/2271
f 2265/2265/2265 2266/2266/2266 2273/2273/2273
f 2265/2265/2265 2273/2273/2273 2272/2272/2272
f 2266/2266/2266 2267/2267/2267 2274/2274/2274
f 2266/2266/2266 2274/2274/2274 2273/2273/2273
f 2268/2268/2268 2269/2269/2269 2276/2276/2276
f 2268/2268/2268 2276/2276/2276 2275/2275/2275
f 2269/2269/2269 2270/2270/2270 2277/2277/2277
f 2269/2269/2269 2277/2277/2277 2276/2276/2276
f 2270/2270/2270 2271/2271/2271 2278/2278/2278
f 2270/2270/2270 2278/2278/2278 2277/2277/2277
f 2271/2271/2271 2272/2272/2272 2279/2279/2279
f 2271/2271/2271 2279/2279/2279 2278/2278/2278
f 2272/2272/2272 2273/2273/2273 2280/2280/2280
f 2272/2272/2272 2280/2280/2280 2279/2279/2279
f 2273/2273/2273 2274/2274/2274 2281/2281/2281
f 2273/2273/2273 2281/2281/2281 2280/2280/2280
f 2275/2275/2275 2276/2276/2276 2283/2283/2283
f 2275/2275/2275 2283/2283/2283 2282/2282/2282
f 2276/2276/2276 2277/2277/2277 2284/2284/2284
f 2276/2276/2276 2284/2284/2284 2283/2283/2283
f 2277/2277/2277 2278/2278/2278 2285/2285/2285
f 2277/2277/2277 2285/2285/2285 2284/2284/2284
f 2278/2278/2278 2279/2279/2279 2286/2286/2286
f 2278/2278/2278 2286/2286/2286 2285/2285/2285
f 2279/2279/2279 2280/2280/2280 2287/2287/2287
f 2279/2279/2279 2287/2287/2287 2286/2286/2286
f 2280/2280/2280 2281/2281/2281 2288/2288/2288
f 2280/2280/2280 2288/2288/2288 2287/2287/2287
f 2282/2282/2282 2283/2283/2283 2290/2290/2290
f 2282/2282/2282 2290/2290/2290 2289/2289/2289
f 2283/2283/2283 2284/2284/2284 2291/2291/2291
f 2283/2283/2283 2291/2291/2291 2290/2290/2290
f 2284/2284/2284 2285/2285/2285 2292/2292/2292
f 2284/2284/2284 2292/2292/2292 2291/2291/2291
f 2285/2285/2285 2286/2286/2286 2293/2293/2293
f 2285/2285/2285 2293/2293/2293 2292/2292/2292
f 2286/2286/2286 2287/2287/2287 2294/2294/2294
f 2286/2286/2286 2294/2294/2294 2293/2293/2293
f 2287/2287/2287 2288/2288/2288 2295/2295/2295
f 2287/2287/2287 2295/2295/2295 2294/2294/2294
