# Sinh tự động bởi tools/mesh_kit.py - đừng sửa tay
o garland
v -1.0499 1.8640 -4.9400
v -1.0500 1.8612 -4.9362
v -1.0501 1.8568 -4.9376
v -1.0501 1.8568 -4.9424
v -1.0500 1.8612 -4.9438
v -1.0499 1.8640 -4.9400
v -0.9972 1.8623 -4.9400
v -0.9974 1.8595 -4.9362
v -0.9977 1.8551 -4.9376
v -0.9977 1.8551 -4.9424
v -0.9974 1.8595 -4.9438
v -0.9972 1.8623 -4.9400
v -0.9445 1.8573 -4.9400
v -0.9449 1.8545 -4.9362
v -0.9454 1.8501 -4.9376
v -0.9454 1.8501 -4.9424
v -0.9449 1.8545 -4.9438
v -0.9445 1.8573 -4.9400
v -0.8918 1.8495 -4.9400
v -0.8923 1.8468 -4.9362
v -0.8930 1.8424 -4.9376
v -0.8930 1.8424 -4.9424
v -0.8923 1.8468 -4.9438
v -0.8918 1.8495 -4.9400
v -0.8392 1.8397 -4.9400
v -0.8398 1.8370 -4.9362
v -0.8406 1.8326 -4.9376
v -0.8406 1.8326 -4.9424
v -0.8398 1.8370 -4.9438
v -0.8392 1.8397 -4.9400
v -0.7867 1.8289 -4.9400
v -0.7873 1.8262 -4.9362
v -0.7882 1.8218 -4.9376
v -0.7882 1.8218 -4.9424
v -0.7873 1.8262 -4.9438
v -0.7867 1.8289 -4.9400
v -0.7342 1.8181 -4.9400
v -0.7348 1.8154 -4.9362
v -0.7356 1.8110 -4.9376
v -0.7356 1.8110 -4.9424
v -0.7348 1.8154 -4.9438
v -0.7342 1.8181 -4.9400
v -0.6818 1.8084 -4.9400
v -0.6823 1.8056 -4.9362
v -0.6830 1.8012 -4.9376
v -0.6830 1.8012 -4.9424
v -0.6823 1.8056 -4.9438
v -0.6818 1.8084 -4.9400
v -0.6295 1.8007 -4.9400
v -0.6299 1.7979 -4.9362
v -0.6304 1.7935 -4.9376
v -0.6304 1.7935 -4.9424
v -0.6299 1.7979 -4.9438
v -0.6295 1.8007 -4.9400
v -0.5772 1.7957 -4.9400
v -0.5774 1.7929 -4.9362
v -0.5777 1.7885 -4.9376
v -0.5777 1.7885 -4.9424
v -0.5774 1.7929 -4.9438
v -0.5772 1.7957 -4.9400
v -0.5250 1.7940 -4.9400
v -0.5250 1.7912 -4.9362
v -0.5250 1.7868 -4.9376
v -0.5250 1.7868 -4.9424
v -0.5250 1.7912 -4.9438
v -0.5250 1.7940 -4.9400
v -0.4728 1.7957 -4.9400
v -0.4726 1.7929 -4.9362
v -0.4723 1.7885 -4.9376
v -0.4723 1.7885 -4.9424
v -0.4726 1.7929 -4.9438
v -0.4728 1.7957 -4.9400
v -0.4205 1.8007 -4.9400
v -0.4201 1.7979 -4.9362
v -0.4196 1.7935 -4.9376
v -0.4196 1.7935 -4.9424
v -0.4201 1.7979 -4.9438
v -0.4205 1.8007 -4.9400
v -0.3682 1.8084 -4.9400
v -0.3677 1.8056 -4.9362
v -0.3670 1.8012 -4.9376
v -0.3670 1.8012 -4.9424
v -0.3677 1.8056 -4.9438
v -0.3682 1.8084 -4.9400
v -0.3158 1.8181 -4.9400
v -0.3152 1.8154 -4.9362
v -0.3144 1.8110 -4.9376
v -0.3144 1.8110 -4.9424
v -0.3152 1.8154 -4.9438
v -0.3158 1.8181 -4.9400
v -0.2633 1.8289 -4.9400
v -0.2627 1.8262 -4.9362
v -0.2618 1.8218 -4.9376
v -0.2618 1.8218 -4.9424
v -0.2627 1.8262 -4.9438
v -0.2633 1.8289 -4.9400
v -0.2108 1.8397 -4.9400
v -0.2102 1.8370 -4.9362
v -0.2094 1.8326 -4.9376
v -0.2094 1.8326 -4.9424
v -0.2102 1.8370 -4.9438
v -0.2108 1.8397 -4.9400
v -0.1582 1.8495 -4.9400
v -0.1577 1.8468 -4.9362
v -0.1570 1.8424 -4.9376
v -0.1570 1.8424 -4.9424
v -0.1577 1.8468 -4.9438
v -0.1582 1.8495 -4.9400
v -0.1055 1.8573 -4.9400
v -0.1051 1.8545 -4.9362
v -0.1046 1.8501 -4.9376
v -0.1046 1.8501 -4.9424
v -0.1051 1.8545 -4.9438
v -0.1055 1.8573 -4.9400
v -0.0528 1.8623 -4.9400
v -0.0526 1.8595 -4.9362
v -0.0523 1.8551 -4.9376
v -0.0523 1.8551 -4.9424
v -0.0526 1.8595 -4.9438
v -0.0528 1.8623 -4.9400
v 0.0000 1.8640 -4.9400
v 0.0000 1.8612 -4.9362
v 0.0000 1.8568 -4.9376
v 0.0000 1.8568 -4.9424
v 0.0000 1.8612 -4.9438
v 0.0000 1.8640 -4.9400
v 0.0528 1.8623 -4.9400
v 0.0526 1.8595 -4.9362
v 0.0523 1.8551 -4.9376
v 0.0523 1.8551 -4.9424
v 0.0526 1.8595 -4.9438
v 0.0528 1.8623 -4.9400
v 0.1055 1.8573 -4.9400
v 0.1051 1.8545 -4.9362
v 0.1046 1.8501 -4.9376
v 0.1046 1.8501 -4.9424
v 0.1051 1.8545 -4.9438
v 0.1055 1.8573 -4.9400
v 0.1582 1.8495 -4.9400
v 0.1577 1.8468 -4.9362
v 0.1570 1.8424 -4.9376
v 0.1570 1.8424 -4.9424
v 0.1577 1.8468 -4.9438
v 0.1582 1.8495 -4.9400
v 0.2108 1.8397 -4.9400
v 0.2102 1.8370 -4.9362
v 0.2094 1.8326 -4.9376
v 0.2094 1.8326 -4.9424
v 0.2102 1.8370 -4.9438
v 0.2108 1.8397 -4.9400
v 0.2633 1.8289 -4.9400
v 0.2627 1.8262 -4.9362
v 0.2618 1.8218 -4.9376
v 0.2618 1.8218 -4.9424
v 0.2627 1.8262 -4.9438
v 0.2633 1.8289 -4.9400
v 0.3158 1.8181 -4.9400
v 0.3152 1.8154 -4.9362
v 0.3144 1.8110 -4.9376
v 0.3144 1.8110 -4.9424
v 0.3152 1.8154 -4.9438
v 0.3158 1.8181 -4.9400
v 0.3682 1.8084 -4.9400
v 0.3677 1.8056 -4.9362
v 0.3670 1.8012 -4.9376
v 0.3670 1.8012 -4.9424
v 0.3677 1.8056 -4.9438
v 0.3682 1.8084 -4.9400
v 0.4205 1.8007 -4.9400
v 0.4201 1.7979 -4.9362
v 0.4196 1.7935 -4.9376
v 0.4196 1.7935 -4.9424
v 0.4201 1.7979 -4.9438
v 0.4205 1.8007 -4.9400
v 0.4728 1.7957 -4.9400
v 0.4726 1.7929 -4.9362
v 0.4723 1.7885 -4.9376
v 0.4723 1.7885 -4.9424
v 0.4726 1.7929 -4.9438
v 0.4728 1.7957 -4.9400
v 0.5250 1.7940 -4.9400
v 0.5250 1.7912 -4.9362
v 0.5250 1.7868 -4.9376
v 0.5250 1.7868 -4.9424
v 0.5250 1.7912 -4.9438
v 0.5250 1.7940 -4.9400
v 0.5772 1.7957 -4.9400
v 0.5774 1.7929 -4.9362
v 0.5777 1.7885 -4.9376
v 0.5777 1.7885 -4.9424
v 0.5774 1.7929 -4.9438
v 0.5772 1.7957 -4.9400
v 0.6295 1.8007 -4.9400
v 0.6299 1.7979 -4.9362
v 0.6304 1.7935 -4.9376
v 0.6304 1.7935 -4.9424
v 0.6299 1.7979 -4.9438
v 0.6295 1.8007 -4.9400
v 0.6818 1.8084 -4.9400
v 0.6823 1.8056 -4.9362
v 0.6830 1.8012 -4.9376
v 0.6830 1.8012 -4.9424
v 0.6823 1.8056 -4.9438
v 0.6818 1.8084 -4.9400
v 0.7342 1.8181 -4.9400
v 0.7348 1.8154 -4.9362
v 0.7356 1.8110 -4.9376
v 0.7356 1.8110 -4.9424
v 0.7348 1.8154 -4.9438
v 0.7342 1.8181 -4.9400
v 0.7867 1.8289 -4.9400
v 0.7873 1.8262 -4.9362
v 0.7882 1.8218 -4.9376
v 0.7882 1.8218 -4.9424
v 0.7873 1.8262 -4.9438
v 0.7867 1.8289 -4.9400
v 0.8392 1.8397 -4.9400
v 0.8398 1.8370 -4.9362
v 0.8406 1.8326 -4.9376
v 0.8406 1.8326 -4.9424
v 0.8398 1.8370 -4.9438
v 0.8392 1.8397 -4.9400
v 0.8918 1.8495 -4.9400
v 0.8923 1.8468 -4.9362
v 0.8930 1.8424 -4.9376
v 0.8930 1.8424 -4.9424
v 0.8923 1.8468 -4.9438
v 0.8918 1.8495 -4.9400
v 0.9445 1.8573 -4.9400
v 0.9449 1.8545 -4.9362
v 0.9454 1.8501 -4.9376
v 0.9454 1.8501 -4.9424
v 0.9449 1.8545 -4.9438
v 0.9445 1.8573 -4.9400
v 0.9972 1.8623 -4.9400
v 0.9974 1.8595 -4.9362
v 0.9977 1.8551 -4.9376
v 0.9977 1.8551 -4.9424
v 0.9974 1.8595 -4.9438
v 0.9972 1.8623 -4.9400
v 1.0499 1.8640 -4.9400
v 1.0500 1.8612 -4.9362
v 1.0501 1.8568 -4.9376
v 1.0501 1.8568 -4.9424
v 1.0500 1.8612 -4.9438
v 1.0499 1.8640 -4.9400
v -1.0500 1.8600 -4.9400
v -1.0499 1.8640 -4.9400
v -1.0500 1.8612 -4.9362
v -1.0501 1.8568 -4.9376
v -1.0501 1.8568 -4.9424
v -1.0500 1.8612 -4.9438
v 1.0500 1.8600 -4.9400
v 1.0499 1.8640 -4.9400
v 1.0500 1.8612 -4.9362
v 1.0501 1.8568 -4.9376
v 1.0501 1.8568 -4.9424
v 1.0500 1.8612 -4.9438
v -0.9180 1.8481 -4.9300
v -0.9180 1.8481 -4.9300
v -0.9180 1.8481 -4.9300
v -0.9180 1.8481 -4.9300
v -0.9180 1.8481 -4.9300
v -0.9180 1.8481 -4.9300
v -0.9180 1.8481 -4.9300
v -0.9171 1.8496 -4.9201
v -0.9012 1.8405 -4.9251
v -0.9012 1.8405 -4.9349
v -0.9171 1.8496 -4.9399
v -0.9330 1.8588 -4.9349
v -0.9330 1.8588 -4.9251
v -0.9171 1.8496 -4.9201
v -0.9150 1.8533 -4.9160
v -0.8925 1.8403 -4.9230
v -0.8925 1.8403 -4.9370
v -0.9150 1.8533 -4.9440
v -0.9375 1.8663 -4.9370
v -0.9375 1.8663 -4.9230
v -0.9150 1.8533 -4.9160
v -0.9129 1.8570 -4.9201
v -0.8970 1.8478 -4.9251
v -0.8970 1.8478 -4.9349
v -0.9129 1.8570 -4.9399
v -0.9288 1.8662 -4.9349
v -0.9288 1.8662 -4.9251
v -0.9129 1.8570 -4.9201
v -0.9120 1.8585 -4.9300
v -0.9120 1.8585 -4.9300
v -0.9120 1.8585 -4.9300
v -0.9120 1.8585 -4.9300
v -0.9120 1.8585 -4.9300
v -0.9120 1.8585 -4.9300
v -0.9120 1.8585 -4.9300
v -0.7080 1.8090 -4.9300
v -0.7080 1.8090 -4.9300
v -0.7080 1.8090 -4.9300
v -0.7080 1.8090 -4.9300
v -0.7080 1.8090 -4.9300
v -0.7080 1.8090 -4.9300
v -0.7080 1.8090 -4.9300
v -0.7071 1.8105 -4.9201
v -0.6912 1.8013 -4.9251
v -0.6912 1.8013 -4.9349
v -0.7071 1.8105 -4.9399
v -0.7230 1.8197 -4.9349
v -0.7230 1.8197 -4.9251
v -0.7071 1.8105 -4.9201
v -0.7050 1.8142 -4.9160
v -0.6825 1.8012 -4.9230
v -0.6825 1.8012 -4.9370
v -0.7050 1.8142 -4.9440
v -0.7275 1.8272 -4.9370
v -0.7275 1.8272 -4.9230
v -0.7050 1.8142 -4.9160
v -0.7029 1.8179 -4.9201
v -0.6870 1.8087 -4.9251
v -0.6870 1.8087 -4.9349
v -0.7029 1.8179 -4.9399
v -0.7188 1.8270 -4.9349
v -0.7188 1.8270 -4.9251
v -0.7029 1.8179 -4.9201
v -0.7020 1.8194 -4.9300
v -0.7020 1.8194 -4.9300
v -0.7020 1.8194 -4.9300
v -0.7020 1.8194 -4.9300
v -0.7020 1.8194 -4.9300
v -0.7020 1.8194 -4.9300
v -0.7020 1.8194 -4.9300
v -0.4980 1.7848 -4.9300
v -0.4980 1.7848 -4.9300
v -0.4980 1.7848 -4.9300
v -0.4980 1.7848 -4.9300
v -0.4980 1.7848 -4.9300
v -0.4980 1.7848 -4.9300
v -0.4980 1.7848 -4.9300
v -0.4971 1.7863 -4.9201
v -0.4812 1.7771 -4.9251
v -0.4812 1.7771 -4.9349
v -0.4971 1.7863 -4.9399
v -0.5130 1.7955 -4.9349
v -0.5130 1.7955 -4.9251
v -0.4971 1.7863 -4.9201
v -0.4950 1.7900 -4.9160
v -0.4725 1.7770 -4.9230
v -0.4725 1.7770 -4.9370
v -0.4950 1.7900 -4.9440
v -0.5175 1.8030 -4.9370
v -0.5175 1.8030 -4.9230
v -0.4950 1.7900 -4.9160
v -0.4929 1.7937 -4.9201
v -0.4770 1.7845 -4.9251
v -0.4770 1.7845 -4.9349
v -0.4929 1.7937 -4.9399
v -0.5088 1.8029 -4.9349
v -0.5088 1.8029 -4.9251
v -0.4929 1.7937 -4.9201
v -0.4920 1.7952 -4.9300
v -0.4920 1.7952 -4.9300
v -0.4920 1.7952 -4.9300
v -0.4920 1.7952 -4.9300
v -0.4920 1.7952 -4.9300
v -0.4920 1.7952 -4.9300
v -0.4920 1.7952 -4.9300
v -0.2880 1.8090 -4.9300
v -0.2880 1.8090 -4.9300
v -0.2880 1.8090 -4.9300
v -0.2880 1.8090 -4.9300
v -0.2880 1.8090 -4.9300
v -0.2880 1.8090 -4.9300
v -0.2880 1.8090 -4.9300
v -0.2871 1.8105 -4.9201
v -0.2712 1.8013 -4.9251
v -0.2712 1.8013 -4.9349
v -0.2871 1.8105 -4.9399
v -0.3030 1.8197 -4.9349
v -0.3030 1.8197 -4.9251
v -0.2871 1.8105 -4.9201
v -0.2850 1.8142 -4.9160
v -0.2625 1.8012 -4.9230
v -0.2625 1.8012 -4.9370
v -0.2850 1.8142 -4.9440
v -0.3075 1.8272 -4.9370
v -0.3075 1.8272 -4.9230
v -0.2850 1.8142 -4.9160
v -0.2829 1.8179 -4.9201
v -0.2670 1.8087 -4.9251
v -0.2670 1.8087 -4.9349
v -0.2829 1.8179 -4.9399
v -0.2988 1.8270 -4.9349
v -0.2988 1.8270 -4.9251
v -0.2829 1.8179 -4.9201
v -0.2820 1.8194 -4.9300
v -0.2820 1.8194 -4.9300
v -0.2820 1.8194 -4.9300
v -0.2820 1.8194 -4.9300
v -0.2820 1.8194 -4.9300
v -0.2820 1.8194 -4.9300
v -0.2820 1.8194 -4.9300
v -0.0780 1.8481 -4.9300
v -0.0780 1.8481 -4.9300
v -0.0780 1.8481 -4.9300
v -0.0780 1.8481 -4.9300
v -0.0780 1.8481 -4.9300
v -0.0780 1.8481 -4.9300
v -0.0780 1.8481 -4.9300
v -0.0771 1.8496 -4.9201
v -0.0612 1.8405 -4.9251
v -0.0612 1.8405 -4.9349
v -0.0771 1.8496 -4.9399
v -0.0930 1.8588 -4.9349
v -0.0930 1.8588 -4.9251
v -0.0771 1.8496 -4.9201
v -0.0750 1.8533 -4.9160
v -0.0525 1.8403 -4.9230
v -0.0525 1.8403 -4.9370
v -0.0750 1.8533 -4.9440
v -0.0975 1.8663 -4.9370
v -0.0975 1.8663 -4.9230
v -0.0750 1.8533 -4.9160
v -0.0729 1.8570 -4.9201
v -0.0570 1.8478 -4.9251
v -0.0570 1.8478 -4.9349
v -0.0729 1.8570 -4.9399
v -0.0888 1.8662 -4.9349
v -0.0888 1.8662 -4.9251
v -0.0729 1.8570 -4.9201
v -0.0720 1.8585 -4.9300
v -0.0720 1.8585 -4.9300
v -0.0720 1.8585 -4.9300
v -0.0720 1.8585 -4.9300
v -0.0720 1.8585 -4.9300
v -0.0720 1.8585 -4.9300
v -0.0720 1.8585 -4.9300
v 0.1320 1.8481 -4.9300
v 0.1320 1.8481 -4.9300
v 0.1320 1.8481 -4.9300
v 0.1320 1.8481 -4.9300
v 0.1320 1.8481 -4.9300
v 0.1320 1.8481 -4.9300
v 0.1320 1.8481 -4.9300
v 0.1329 1.8496 -4.9201
v 0.1488 1.8405 -4.9251
v 0.1488 1.8405 -4.9349
v 0.1329 1.8496 -4.9399
v 0.1170 1.8588 -4.9349
v 0.1170 1.8588 -4.9251
v 0.1329 1.8496 -4.9201
v 0.1350 1.8533 -4.9160
v 0.1575 1.8403 -4.9230
v 0.1575 1.8403 -4.9370
v 0.1350 1.8533 -4.9440
v 0.1125 1.8663 -4.9370
v 0.1125 1.8663 -4.9230
v 0.1350 1.8533 -4.9160
v 0.1371 1.8570 -4.9201
v 0.1530 1.8478 -4.9251
v 0.1530 1.8478 -4.9349
v 0.1371 1.8570 -4.9399
v 0.1212 1.8662 -4.9349
v 0.1212 1.8662 -4.9251
v 0.1371 1.8570 -4.9201
v 0.1380 1.8585 -4.9300
v 0.1380 1.8585 -4.9300
v 0.1380 1.8585 -4.9300
v 0.1380 1.8585 -4.9300
v 0.1380 1.8585 -4.9300
v 0.1380 1.8585 -4.9300
v 0.1380 1.8585 -4.9300
v 0.3420 1.8090 -4.9300
v 0.3420 1.8090 -4.9300
v 0.3420 1.8090 -4.9300
v 0.3420 1.8090 -4.9300
v 0.3420 1.8090 -4.9300
v 0.3420 1.8090 -4.9300
v 0.3420 1.8090 -4.9300
v 0.3429 1.8105 -4.9201
v 0.3588 1.8013 -4.9251
v 0.3588 1.8013 -4.9349
v 0.3429 1.8105 -4.9399
v 0.3270 1.8197 -4.9349
v 0.3270 1.8197 -4.9251
v 0.3429 1.8105 -4.9201
v 0.3450 1.8142 -4.9160
v 0.3675 1.8012 -4.9230
v 0.3675 1.8012 -4.9370
v 0.3450 1.8142 -4.9440
v 0.3225 1.8272 -4.9370
v 0.3225 1.8272 -4.9230
v 0.3450 1.8142 -4.9160
v 0.3471 1.8179 -4.9201
v 0.3630 1.8087 -4.9251
v 0.3630 1.8087 -4.9349
v 0.3471 1.8179 -4.9399
v 0.3312 1.8270 -4.9349
v 0.3312 1.8270 -4.9251
v 0.3471 1.8179 -4.9201
v 0.3480 1.8194 -4.9300
v 0.3480 1.8194 -4.9300
v 0.3480 1.8194 -4.9300
v 0.3480 1.8194 -4.9300
v 0.3480 1.8194 -4.9300
v 0.3480 1.8194 -4.9300
v 0.3480 1.8194 -4.9300
v 0.5520 1.7848 -4.9300
v 0.5520 1.7848 -4.9300
v 0.5520 1.7848 -4.9300
v 0.5520 1.7848 -4.9300
v 0.5520 1.7848 -4.9300
v 0.5520 1.7848 -4.9300
v 0.5520 1.7848 -4.9300
v 0.5529 1.7863 -4.9201
v 0.5688 1.7771 -4.9251
v 0.5688 1.7771 -4.9349
v 0.5529 1.7863 -4.9399
v 0.5370 1.7955 -4.9349
v 0.5370 1.7955 -4.9251
v 0.5529 1.7863 -4.9201
v 0.5550 1.7900 -4.9160
v 0.5775 1.7770 -4.9230
v 0.5775 1.7770 -4.9370
v 0.5550 1.7900 -4.9440
v 0.5325 1.8030 -4.9370
v 0.5325 1.8030 -4.9230
v 0.5550 1.7900 -4.9160
v 0.5571 1.7937 -4.9201
v 0.5730 1.7845 -4.9251
v 0.5730 1.7845 -4.9349
v 0.5571 1.7937 -4.9399
v 0.5412 1.8029 -4.9349
v 0.5412 1.8029 -4.9251
v 0.5571 1.7937 -4.9201
v 0.5580 1.7952 -4.9300
v 0.5580 1.7952 -4.9300
v 0.5580 1.7952 -4.9300
v 0.5580 1.7952 -4.9300
v 0.5580 1.7952 -4.9300
v 0.5580 1.7952 -4.9300
v 0.5580 1.7952 -4.9300
v 0.7620 1.8090 -4.9300
v 0.7620 1.8090 -4.9300
v 0.7620 1.8090 -4.9300
v 0.7620 1.8090 -4.9300
v 0.7620 1.8090 -4.9300
v 0.7620 1.8090 -4.9300
v 0.7620 1.8090 -4.9300
v 0.7629 1.8105 -4.9201
v 0.7788 1.8013 -4.9251
v 0.7788 1.8013 -4.9349
v 0.7629 1.8105 -4.9399
v 0.7470 1.8197 -4.9349
v 0.7470 1.8197 -4.9251
v 0.7629 1.8105 -4.9201
v 0.7650 1.8142 -4.9160
v 0.7875 1.8012 -4.9230
v 0.7875 1.8012 -4.9370
v 0.7650 1.8142 -4.9440
v 0.7425 1.8272 -4.9370
v 0.7425 1.8272 -4.9230
v 0.7650 1.8142 -4.9160
v 0.7671 1.8179 -4.9201
v 0.7830 1.8087 -4.9251
v 0.7830 1.8087 -4.9349
v 0.7671 1.8179 -4.9399
v 0.7512 1.8270 -4.9349
v 0.7512 1.8270 -4.9251
v 0.7671 1.8179 -4.9201
v 0.7680 1.8194 -4.9300
v 0.7680 1.8194 -4.9300
v 0.7680 1.8194 -4.9300
v 0.7680 1.8194 -4.9300
v 0.7680 1.8194 -4.9300
v 0.7680 1.8194 -4.9300
v 0.7680 1.8194 -4.9300
v 0.9720 1.8481 -4.9300
v 0.9720 1.8481 -4.9300
v 0.9720 1.8481 -4.9300
v 0.9720 1.8481 -4.9300
v 0.9720 1.8481 -4.9300
v 0.9720 1.8481 -4.9300
v 0.9720 1.8481 -4.9300
v 0.9729 1.8496 -4.9201
v 0.9888 1.8405 -4.9251
v 0.9888 1.8405 -4.9349
v 0.9729 1.8496 -4.9399
v 0.9570 1.8588 -4.9349
v 0.9570 1.8588 -4.9251
v 0.9729 1.8496 -4.9201
v 0.9750 1.8533 -4.9160
v 0.9975 1.8403 -4.9230
v 0.9975 1.8403 -4.9370
v 0.9750 1.8533 -4.9440
v 0.9525 1.8663 -4.9370
v 0.9525 1.8663 -4.9230
v 0.9750 1.8533 -4.9160
v 0.9771 1.8570 -4.9201
v 0.9930 1.8478 -4.9251
v 0.9930 1.8478 -4.9349
v 0.9771 1.8570 -4.9399
v 0.9612 1.8662 -4.9349
v 0.9612 1.8662 -4.9251
v 0.9771 1.8570 -4.9201
v 0.9780 1.8585 -4.9300
v 0.9780 1.8585 -4.9300
v 0.9780 1.8585 -4.9300
v 0.9780 1.8585 -4.9300
v 0.9780 1.8585 -4.9300
v 0.9780 1.8585 -4.9300
v 0.9780 1.8585 -4.9300
vt 0.0000 0.0000
vt 0.0000 0.0050
vt 0.0000 0.0101
vt 0.0000 0.0151
vt 0.0000 0.0201
vt 0.0000 0.0251
vt 0.0525 0.0000
vt 0.0525 0.0050
vt 0.0525 0.0101
vt 0.0525 0.0151
vt 0.0525 0.0201
vt 0.0525 0.0251
vt 0.1053 0.0000
vt 0.1053 0.0050
vt 0.1053 0.0101
vt 0.1053 0.0151
vt 0.1053 0.0201
vt 0.1053 0.0251
vt 0.1583 0.0000
vt 0.1583 0.0050
vt 0.1583 0.0101
vt 0.1583 0.0151
vt 0.1583 0.0201
vt 0.1583 0.0251
vt 0.2117 0.0000
vt 0.2117 0.0050
vt 0.2117 0.0101
vt 0.2117 0.0151
vt 0.2117 0.0201
vt 0.2117 0.0251
vt 0.2653 0.0000
vt 0.2653 0.0050
vt 0.2653 0.0101
vt 0.2653 0.0151
vt 0.2653 0.0201
vt 0.2653 0.0251
vt 0.3189 0.0000
vt 0.3189 0.0050
vt 0.3189 0.0101
vt 0.3189 0.0151
vt 0.3189 0.0201
vt 0.3189 0.0251
vt 0.3723 0.0000
vt 0.3723 0.0050
vt 0.3723 0.0101
vt 0.3723 0.0151
vt 0.3723 0.0201
vt 0.3723 0.0251
vt 0.4254 0.0000
vt 0.4254 0.0050
vt 0.4254 0.0101
vt 0.4254 0.0151
vt 0.4254 0.0201
vt 0.4254 0.0251
vt 0.4781 0.0000
vt 0.4781 0.0050
vt 0.4781 0.0101
vt 0.4781 0.0151
vt 0.4781 0.0201
vt 0.4781 0.0251
vt 0.5307 0.0000
vt 0.5307 0.0050
vt 0.5307 0.0101
vt 0.5307 0.0151
vt 0.5307 0.0201
vt 0.5307 0.0251
vt 0.5832 0.0000
vt 0.5832 0.0050
vt 0.5832 0.0101
vt 0.5832 0.0151
vt 0.5832 0.0201
vt 0.5832 0.0251
vt 0.6359 0.0000
vt 0.6359 0.0050
vt 0.6359 0.0101
vt 0.6359 0.0151
vt 0.6359 0.0201
vt 0.6359 0.0251
vt 0.6890 0.0000
vt 0.6890 0.0050
vt 0.6890 0.0101
vt 0.6890 0.0151
vt 0.6890 0.0201
vt 0.6890 0.0251
vt 0.7424 0.0000
vt 0.7424 0.0050
vt 0.7424 0.0101
vt 0.7424 0.0151
vt 0.7424 0.0201
vt 0.7424 0.0251
vt 0.7960 0.0000
vt 0.7960 0.0050
vt 0.7960 0.0101
vt 0.7960 0.0151
vt 0.7960 0.0201
vt 0.7960 0.0251
vt 0.8496 0.0000
vt 0.8496 0.0050
vt 0.8496 0.0101
vt 0.8496 0.0151
vt 0.8496 0.0201
vt 0.8496 0.0251
vt 0.9030 0.0000
vt 0.9030 0.0050
vt 0.9030 0.0101
vt 0.9030 0.0151
vt 0.9030 0.0201
vt 0.9030 0.0251
vt 0.9561 0.0000
vt 0.9561 0.0050
vt 0.9561 0.0101
vt 0.9561 0.0151
vt 0.9561 0.0201
vt 0.9561 0.0251
vt 1.0088 0.0000
vt 1.0088 0.0050
vt 1.0088 0.0101
vt 1.0088 0.0151
vt 1.0088 0.0201
vt 1.0088 0.0251
vt 1.0613 0.0000
vt 1.0613 0.0050
vt 1.0613 0.0101
vt 1.0613 0.0151
vt 1.0613 0.0201
vt 1.0613 0.0251
vt 1.1139 0.0000
vt 1.1139 0.0050
vt 1.1139 0.0101
vt 1.1139 0.0151
vt 1.1139 0.0201
vt 1.1139 0.0251
vt 1.1666 0.0000
vt 1.1666 0.0050
vt 1.1666 0.0101
vt 1.1666 0.0151
vt 1.1666 0.0201
vt 1.1666 0.0251
vt 1.2197 0.0000
vt 1.2197 0.0050
vt 1.2197 0.0101
vt 1.2197 0.0151
vt 1.2197 0.0201
vt 1.2197 0.0251
vt 1.2731 0.0000
vt 1.2731 0.0050
vt 1.2731 0.0101
vt 1.2731 0.0151
vt 1.2731 0.0201
vt 1.2731 0.0251
vt 1.3267 0.0000
vt 1.3267 0.0050
vt 1.3267 0.0101
vt 1.3267 0.0151
vt 1.3267 0.0201
vt 1.3267 0.0251
vt 1.3803 0.0000
vt 1.3803 0.0050
vt 1.3803 0.0101
vt 1.3803 0.0151
vt 1.3803 0.0201
vt 1.3803 0.0251
vt 1.4337 0.0000
vt 1.4337 0.0050
vt 1.4337 0.0101
vt 1.4337 0.0151
vt 1.4337 0.0201
vt 1.4337 0.0251
vt 1.4867 0.0000
vt 1.4867 0.0050
vt 1.4867 0.0101
vt 1.4867 0.0151
vt 1.4867 0.0201
vt 1.4867 0.0251
vt 1.5395 0.0000
vt 1.5395 0.0050
vt 1.5395 0.0101
vt 1.5395 0.0151
vt 1.5395 0.0201
vt 1.5395 0.0251
vt 1.5920 0.0000
vt 1.5920 0.0050
vt 1.5920 0.0101
vt 1.5920 0.0151
vt 1.5920 0.0201
vt 1.5920 0.0251
vt 1.6445 0.0000
vt 1.6445 0.0050
vt 1.6445 0.0101
vt 1.6445 0.0151
vt 1.6445 0.0201
vt 1.6445 0.0251
vt 1.6973 0.0000
vt 1.6973 0.0050
vt 1.6973 0.0101
vt 1.6973 0.0151
vt 1.6973 0.0201
vt 1.6973 0.0251
vt 1.7503 0.0000
vt 1.7503 0.0050
vt 1.7503 0.0101
vt 1.7503 0.0151
vt 1.7503 0.0201
vt 1.7503 0.0251
vt 1.8037 0.0000
vt 1.8037 0.0050
vt 1.8037 0.0101
vt 1.8037 0.0151
vt 1.8037 0.0201
vt 1.8037 0.0251
vt 1.8573 0.0000
vt 1.8573 0.0050
vt 1.8573 0.0101
vt 1.8573 0.0151
vt 1.8573 0.0201
vt 1.8573 0.0251
vt 1.9109 0.0000
vt 1.9109 0.0050
vt 1.9109 0.0101
vt 1.9109 0.0151
vt 1.9109 0.0201
vt 1.9109 0.0251
vt 1.9643 0.0000
vt 1.9643 0.0050
vt 1.9643 0.0101
vt 1.9643 0.0151
vt 1.9643 0.0201
vt 1.9643 0.0251
vt 2.0174 0.0000
vt 2.0174 0.0050
vt 2.0174 0.0101
vt 2.0174 0.0151
vt 2.0174 0.0201
vt 2.0174 0.0251
vt 2.0701 0.0000
vt 2.0701 0.0050
vt 2.0701 0.0101
vt 2.0701 0.0151
vt 2.0701 0.0201
vt 2.0701 0.0251
vt 2.1227 0.0000
vt 2.1227 0.0050
vt 2.1227 0.0101
vt 2.1227 0.0151
vt 2.1227 0.0201
vt 2.1227 0.0251
vt 0.0000 0.0000
vt 0.0040 0.0000
vt 0.0012 0.0038
vt -0.0032 0.0024
vt -0.0032 -0.0024
vt 0.0012 -0.0038
vt 0.0000 0.0000
vt 0.0040 0.0000
vt 0.0012 0.0038
vt -0.0032 0.0024
vt -0.0032 -0.0024
vt 0.0012 -0.0038
vt 0.0000 0.0000
vt 0.0269 0.0000
vt 0.0409 0.0000
vt 0.0678 0.0000
vt 0.0947 0.0000
vt 0.1087 0.0000
vt 0.1356 0.0000
vt 0.0000 0.0101
vt 0.0269 0.0101
vt 0.0409 0.0101
vt 0.0678 0.0101
vt 0.0947 0.0101
vt 0.1087 0.0101
vt 0.1356 0.0101
vt 0.0000 0.0160
vt 0.0269 0.0160
vt 0.0409 0.0160
vt 0.0678 0.0160
vt 0.0947 0.0160
vt 0.1087 0.0160
vt 0.1356 0.0160
vt 0.0000 0.0219
vt 0.0269 0.0219
vt 0.0409 0.0219
vt 0.0678 0.0219
vt 0.0947 0.0219
vt 0.1087 0.0219
vt 0.1356 0.0219
vt 0.0000 0.0319
vt 0.0269 0.0319
vt 0.0409 0.0319
vt 0.0678 0.0319
vt 0.0947 0.0319
vt 0.1087 0.0319
vt 0.1356 0.0319
vt 0.0000 0.0000
vt 0.0269 0.0000
vt 0.0409 0.0000
vt 0.0678 0.0000
vt 0.0947 0.0000
vt 0.1087 0.0000
vt 0.1356 0.0000
vt 0.0000 0.0101
vt 0.0269 0.0101
vt 0.0409 0.0101
vt 0.0678 0.0101
vt 0.0947 0.0101
vt 0.1087 0.0101
vt 0.1356 0.0101
vt 0.0000 0.0160
vt 0.0269 0.0160
vt 0.0409 0.0160
vt 0.0678 0.0160
vt 0.0947 0.0160
vt 0.1087 0.0160
vt 0.1356 0.0160
vt 0.0000 0.0219
vt 0.0269 0.0219
vt 0.0409 0.0219
vt 0.0678 0.0219
vt 0.0947 0.0219
vt 0.1087 0.0219
vt 0.1356 0.0219
vt 0.0000 0.0319
vt 0.0269 0.0319
vt 0.0409 0.0319
vt 0.0678 0.0319
vt 0.0947 0.0319
vt 0.1087 0.0319
vt 0.1356 0.0319
vt 0.0000 0.0000
vt 0.0269 0.0000
vt 0.0409 0.0000
vt 0.0678 0.0000
vt 0.0947 0.0000
vt 0.1087 0.0000
vt 0.1356 0.0000
vt 0.0000 0.0101
vt 0.0269 0.0101
vt 0.0409 0.0101
vt 0.0678 0.0101
vt 0.0947 0.0101
vt 0.1087 0.0101
vt 0.1356 0.0101
vt 0.0000 0.0160
vt 0.0269 0.0160
vt 0.0409 0.0160
vt 0.0678 0.0160
vt 0.0947 0.0160
vt 0.1087 0.0160
vt 0.1356 0.0160
vt 0.0000 0.0219
vt 0.0269 0.0219
vt 0.0409 0.0219
vt 0.0678 0.0219
vt 0.0947 0.0219
vt 0.1087 0.0219
vt 0.1356 0.0219
vt 0.0000 0.0319
vt 0.0269 0.0319
vt 0.0409 0.0319
vt 0.0678 0.0319
vt 0.0947 0.0319
vt 0.1087 0.0319
vt 0.1356 0.0319
vt 0.0000 0.0000
vt 0.0269 0.0000
vt 0.0409 0.0000
vt 0.0678 0.0000
vt 0.0947 0.0000
vt 0.1087 0.0000
vt 0.1356 0.0000
vt 0.0000 0.0101
vt 0.0269 0.0101
vt 0.0409 0.0101
vt 0.0678 0.0101
vt 0.0947 0.0101
vt 0.1087 0.0101
vt 0.1356 0.0101
vt 0.0000 0.0160
vt 0.0269 0.0160
vt 0.0409 0.0160
vt 0.0678 0.0160
vt 0.0947 0.0160
vt 0.1087 0.0160
vt 0.1356 0.0160
vt 0.0000 0.0219
vt 0.0269 0.0219
vt 0.0409 0.0219
vt 0.0678 0.0219
vt 0.0947 0.0219
vt 0.1087 0.0219
vt 0.1356 0.0219
vt 0.0000 0.0319
vt 0.0269 0.0319
vt 0.0409 0.0319
vt 0.0678 0.0319
vt 0.0947 0.0319
vt 0.1087 0.0319
vt 0.1356 0.0319
vt 0.0000 0.0000
vt 0.0269 0.0000
vt 0.0409 0.0000
vt 0.0678 0.0000
vt 0.0947 0.0000
vt 0.1087 0.0000
vt 0.1356 0.0000
vt 0.0000 0.0101
vt 0.0269 0.0101
vt 0.0409 0.0101
vt 0.0678 0.0101
vt 0.0947 0.0101
vt 0.1087 0.0101
vt 0.1356 0.0101
vt 0.0000 0.0160
vt 0.0269 0.0160
vt 0.0409 0.0160
vt 0.0678 0.0160
vt 0.0947 0.0160
vt 0.1087 0.0160
vt 0.1356 0.0160
vt 0.0000 0.0219
vt 0.0269 0.0219
vt 0.0409 0.0219
vt 0.0678 0.0219
vt 0.0947 0.0219
vt 0.1087 0.0219
vt 0.1356 0.0219
vt 0.0000 0.0319
vt 0.0269 0.0319
vt 0.0409 0.0319
vt 0.0678 0.0319
vt 0.0947 0.0319
vt 0.1087 0.0319
vt 0.1356 0.0319
vt 0.0000 0.0000
vt 0.0269 0.0000
vt 0.0409 0.0000
vt 0.0678 0.0000
vt 0.0947 0.0000
vt 0.1087 0.0000
vt 0.1356 0.0000
vt 0.0000 0.0101
vt 0.0269 0.0101
vt 0.0409 0.0101
vt 0.0678 0.0101
vt 0.0947 0.0101
vt 0.1087 0.0101
vt 0.1356 0.0101
vt 0.0000 0.0160
vt 0.0269 0.0160
vt 0.0409 0.0160
vt 0.0678 0.0160
vt 0.0947 0.0160
vt 0.1087 0.0160
vt 0.1356 0.0160
vt 0.0000 0.0219
vt 0.0269 0.0219
vt 0.0409 0.0219
vt 0.0678 0.0219
vt 0.0947 0.0219
vt 0.1087 0.0219
vt 0.1356 0.0219
vt 0.0000 0.0319
vt 0.0269 0.0319
vt 0.0409 0.0319
vt 0.0678 0.0319
vt 0.0947 0.0319
vt 0.1087 0.0319
vt 0.1356 0.0319
vt 0.0000 0.0000
vt 0.0269 0.0000
vt 0.0409 0.0000
vt 0.0678 0.0000
vt 0.0947 0.0000
vt 0.1087 0.0000
vt 0.1356 0.0000
vt 0.0000 0.0101
vt 0.0269 0.0101
vt 0.0409 0.0101
vt 0.0678 0.0101
vt 0.0947 0.0101
vt 0.1087 0.0101
vt 0.1356 0.0101
vt 0.0000 0.0160
vt 0.0269 0.0160
vt 0.0409 0.0160
vt 0.0678 0.0160
vt 0.0947 0.0160
vt 0.1087 0.0160
vt 0.1356 0.0160
vt 0.0000 0.0219
vt 0.0269 0.0219
vt 0.0409 0.0219
vt 0.0678 0.0219
vt 0.0947 0.0219
vt 0.1087 0.0219
vt 0.1356 0.0219
vt 0.0000 0.0319
vt 0.0269 0.0319
vt 0.0409 0.0319
vt 0.0678 0.0319
vt 0.0947 0.0319
vt 0.1087 0.0319
vt 0.1356 0.0319
vt 0.0000 0.0000
vt 0.0269 0.0000
vt 0.0409 0.0000
vt 0.0678 0.0000
vt 0.0947 0.0000
vt 0.1087 0.0000
vt 0.1356 0.0000
vt 0.0000 0.0101
vt 0.0269 0.0101
vt 0.0409 0.0101
vt 0.0678 0.0101
vt 0.0947 0.0101
vt 0.1087 0.0101
vt 0.1356 0.0101
vt 0.0000 0.0160
vt 0.0269 0.0160
vt 0.0409 0.0160
vt 0.0678 0.0160
vt 0.0947 0.0160
vt 0.1087 0.0160
vt 0.1356 0.0160
vt 0.0000 0.0219
vt 0.0269 0.0219
vt 0.0409 0.0219
vt 0.0678 0.0219
vt 0.0947 0.0219
vt 0.1087 0.0219
vt 0.1356 0.0219
vt 0.0000 0.0319
vt 0.0269 0.0319
vt 0.0409 0.0319
vt 0.0678 0.0319
vt 0.0947 0.0319
vt 0.1087 0.0319
vt 0.1356 0.0319
vt 0.0000 0.0000
vt 0.0269 0.0000
vt 0.0409 0.0000
vt 0.0678 0.0000
vt 0.0947 0.0000
vt 0.1087 0.0000
vt 0.1356 0.0000
vt 0.0000 0.0101
vt 0.0269 0.0101
vt 0.0409 0.0101
vt 0.0678 0.0101
vt 0.0947 0.0101
vt 0.1087 0.0101
vt 0.1356 0.0101
vt 0.0000 0.0160
vt 0.0269 0.0160
vt 0.0409 0.0160
vt 0.0678 0.0160
vt 0.0947 0.0160
vt 0.1087 0.0160
vt 0.1356 0.0160
vt 0.0000 0.0219
vt 0.0269 0.0219
vt 0.0409 0.0219
vt 0.0678 0.0219
vt 0.0947 0.0219
vt 0.1087 0.0219
vt 0.1356 0.0219
vt 0.0000 0.0319
vt 0.0269 0.0319
vt 0.0409 0.0319
vt 0.0678 0.0319
vt 0.0947 0.0319
vt 0.1087 0.0319
vt 0.1356 0.0319
vt 0.0000 0.0000
vt 0.0269 0.0000
vt 0.0409 0.0000
vt 0.0678 0.0000
vt 0.0947 0.0000
vt 0.1087 0.0000
vt 0.1356 0.0000
vt 0.0000 0.0101
vt 0.0269 0.0101
vt 0.0409 0.0101
vt 0.0678 0.0101
vt 0.0947 0.0101
vt 0.1087 0.0101
vt 0.1356 0.0101
vt 0.0000 0.0160
vt 0.0269 0.0160
vt 0.0409 0.0160
vt 0.0678 0.0160
vt 0.0947 0.0160
vt 0.1087 0.0160
vt 0.1356 0.0160
vt 0.0000 0.0219
vt 0.0269 0.0219
vt 0.0409 0.0219
vt 0.0678 0.0219
vt 0.0947 0.0219
vt 0.1087 0.0219
vt 0.1356 0.0219
vt 0.0000 0.0319
vt 0.0269 0.0319
vt 0.0409 0.0319
vt 0.0678 0.0319
vt 0.0947 0.0319
vt 0.1087 0.0319
vt 0.1356 0.0319
vn 0.033 0.999 0.000
vn 0.010 0.309 0.951
vn -0.026 -0.809 0.588
vn -0.026 -0.809 -0.588
vn 0.010 0.309 -0.951
vn 0.033 0.999 -0.000
vn 0.064 0.998 0.000
vn 0.020 0.308 0.951
vn -0.051 -0.807 0.588
vn -0.051 -0.807 -0.588
vn 0.020 0.308 -0.951
vn 0.064 0.998 -0.000
vn 0.120 0.993 0.000
vn 0.037 0.307 0.951
vn -0.097 -0.803 0.588
vn -0.097 -0.803 -0.588
vn 0.037 0.307 -0.951
vn 0.120 0.993 -0.000
vn 0.164 0.986 0.000
vn 0.051 0.305 0.951
vn -0.133 -0.798 0.588
vn -0.133 -0.798 -0.588
vn 0.051 0.305 -0.951
vn 0.164 0.986 -0.000
vn 0.192 0.981 0.000
vn 0.059 0.303 0.951
vn -0.156 -0.794 0.588
vn -0.156 -0.794 -0.588
vn 0.059 0.303 -0.951
vn 0.192 0.981 -0.000
vn 0.202 0.979 0.000
vn 0.062 0.303 0.951
vn -0.163 -0.792 0.588
vn -0.163 -0.792 -0.588
vn 0.062 0.303 -0.951
vn 0.202 0.979 -0.000
vn 0.192 0.981 0.000
vn 0.059 0.303 0.951
vn -0.156 -0.794 0.588
vn -0.156 -0.794 -0.588
vn 0.059 0.303 -0.951
vn 0.192 0.981 -0.000
vn 0.164 0.986 0.000
vn 0.051 0.305 0.951
vn -0.133 -0.798 0.588
vn -0.133 -0.798 -0.588
vn 0.051 0.305 -0.951
vn 0.164 0.986 -0.000
vn 0.120 0.993 0.000
vn 0.037 0.307 0.951
vn -0.097 -0.803 0.588
vn -0.097 -0.803 -0.588
vn 0.037 0.307 -0.951
vn 0.120 0.993 -0.000
vn 0.064 0.998 0.000
vn 0.020 0.308 0.951
vn -0.051 -0.807 0.588
vn -0.051 -0.807 -0.588
vn 0.020 0.308 -0.951
vn 0.064 0.998 -0.000
vn 0.000 1.000 0.000
vn 0.000 0.309 0.951
vn 0.000 -0.809 0.588
vn -0.000 -0.809 -0.588
vn 0.000 0.309 -0.951
vn 0.000 1.000 -0.000
vn -0.064 0.998 0.000
vn -0.020 0.308 0.951
vn 0.051 -0.807 0.588
vn 0.051 -0.807 -0.588
vn -0.020 0.308 -0.951
vn -0.064 0.998 -0.000
vn -0.120 0.993 0.000
vn -0.037 0.307 0.951
vn 0.097 -0.803 0.588
vn 0.097 -0.803 -0.588
vn -0.037 0.307 -0.951
vn -0.120 0.993 -0.000
vn -0.164 0.986 0.000
vn -0.051 0.305 0.951
vn 0.133 -0.798 0.588
vn 0.133 -0.798 -0.588
vn -0.051 0.305 -0.951
vn -0.164 0.986 -0.000
vn -0.192 0.981 0.000
vn -0.059 0.303 0.951
vn 0.156 -0.794 0.588
vn 0.156 -0.794 -0.588
vn -0.059 0.303 -0.951
vn -0.192 0.981 -0.000
vn -0.202 0.979 0.000
vn -0.062 0.303 0.951
vn 0.163 -0.792 0.588
vn 0.163 -0.792 -0.588
vn -0.062 0.303 -0.951
vn -0.202 0.979 -0.000
vn -0.192 0.981 0.000
vn -0.059 0.303 0.951
vn 0.156 -0.794 0.588
vn 0.156 -0.794 -0.588
vn -0.059 0.303 -0.951
vn -0.192 0.981 -0.000
vn -0.164 0.986 0.000
vn -0.051 0.305 0.951
vn 0.133 -0.798 0.588
vn 0.133 -0.798 -0.588
vn -0.051 0.305 -0.951
vn -0.164 0.986 -0.000
vn -0.120 0.993 0.000
vn -0.037 0.307 0.951
vn 0.097 -0.803 0.588
vn 0.097 -0.803 -0.588
vn -0.037 0.307 -0.951
vn -0.120 0.993 -0.000
vn -0.064 0.998 0.000
vn -0.020 0.308 0.951
vn 0.051 -0.807 0.588
vn 0.051 -0.807 -0.588
vn -0.020 0.308 -0.951
vn -0.064 0.998 -0.000
vn 0.000 1.000 0.000
vn 0.000 0.309 0.951
vn 0.000 -0.809 0.588
vn -0.000 -0.809 -0.588
vn 0.000 0.309 -0.951
vn 0.000 1.000 -0.000
vn 0.064 0.998 0.000
vn 0.020 0.308 0.951
vn -0.051 -0.807 0.588
vn -0.051 -0.807 -0.588
vn 0.020 0.308 -0.951
vn 0.064 0.998 -0.000
vn 0.120 0.993 0.000
vn 0.037 0.307 0.951
vn -0.097 -0.803 0.588
vn -0.097 -0.803 -0.588
vn 0.037 0.307 -0.951
vn 0.120 0.993 -0.000
vn 0.164 0.986 0.000
vn 0.051 0.305 0.951
vn -0.133 -0.798 0.588
vn -0.133 -0.798 -0.588
vn 0.051 0.305 -0.951
vn 0.164 0.986 -0.000
vn 0.192 0.981 0.000
vn 0.059 0.303 0.951
vn -0.156 -0.794 0.588
vn -0.156 -0.794 -0.588
vn 0.059 0.303 -0.951
vn 0.192 0.981 -0.000
vn 0.202 0.979 0.000
vn 0.062 0.303 0.951
vn -0.163 -0.792 0.588
vn -0.163 -0.792 -0.588
vn 0.062 0.303 -0.951
vn 0.202 0.979 -0.000
vn 0.192 0.981 0.000
vn 0.059 0.303 0.951
vn -0.156 -0.794 0.588
vn -0.156 -0.794 -0.588
vn 0.059 0.303 -0.951
vn 0.192 0.981 -0.000
vn 0.164 0.986 0.000
vn 0.051 0.305 0.951
vn -0.133 -0.798 0.588
vn -0.133 -0.798 -0.588
vn 0.051 0.305 -0.951
vn 0.164 0.986 -0.000
vn 0.120 0.993 0.000
vn 0.037 0.307 0.951
vn -0.097 -0.803 0.588
vn -0.097 -0.803 -0.588
vn 0.037 0.307 -0.951
vn 0.120 0.993 -0.000
vn 0.064 0.998 0.000
vn 0.020 0.308 0.951
vn -0.051 -0.807 0.588
vn -0.051 -0.807 -0.588
vn 0.020 0.308 -0.951
vn 0.064 0.998 -0.000
vn 0.000 1.000 0.000
vn 0.000 0.309 0.951
vn 0.000 -0.809 0.588
vn -0.000 -0.809 -0.588
vn 0.000 0.309 -0.951
vn 0.000 1.000 -0.000
vn -0.064 0.998 0.000
vn -0.020 0.308 0.951
vn 0.051 -0.807 0.588
vn 0.051 -0.807 -0.588
vn -0.020 0.308 -0.951
vn -0.064 0.998 -0.000
vn -0.120 0.993 0.000
vn -0.037 0.307 0.951
vn 0.097 -0.803 0.588
vn 0.097 -0.803 -0.588
vn -0.037 0.307 -0.951
vn -0.120 0.993 -0.000
vn -0.164 0.986 0.000
vn -0.051 0.305 0.951
vn 0.133 -0.798 0.588
vn 0.133 -0.798 -0.588
vn -0.051 0.305 -0.951
vn -0.164 0.986 -0.000
vn -0.192 0.981 0.000
vn -0.059 0.303 0.951
vn 0.156 -0.794 0.588
vn 0.156 -0.794 -0.588
vn -0.059 0.303 -0.951
vn -0.192 0.981 -0.000
vn -0.202 0.979 0.000
vn -0.062 0.303 0.951
vn 0.163 -0.792 0.588
vn 0.163 -0.792 -0.588
vn -0.062 0.303 -0.951
vn -0.202 0.979 -0.000
vn -0.192 0.981 0.000
vn -0.059 0.303 0.951
vn 0.156 -0.794 0.588
vn 0.156 -0.794 -0.588
vn -0.059 0.303 -0.951
vn -0.192 0.981 -0.000
vn -0.164 0.986 0.000
vn -0.051 0.305 0.951
vn 0.133 -0.798 0.588
vn 0.133 -0.798 -0.588
vn -0.051 0.305 -0.951
vn -0.164 0.986 -0.000
vn -0.120 0.993 0.000
vn -0.037 0.307 0.951
vn 0.097 -0.803 0.588
vn 0.097 -0.803 -0.588
vn -0.037 0.307 -0.951
vn -0.120 0.993 -0.000
vn -0.064 0.998 0.000
vn -0.020 0.308 0.951
vn 0.051 -0.807 0.588
vn 0.051 -0.807 -0.588
vn -0.020 0.308 -0.951
vn -0.064 0.998 -0.000
vn -0.033 0.999 0.000
vn -0.010 0.309 0.951
vn 0.026 -0.809 0.588
vn 0.026 -0.809 -0.588
vn -0.010 0.309 -0.951
vn -0.033 0.999 -0.000
vn -0.999 0.033 -0.000
vn -0.999 0.033 -0.000
vn -0.999 0.033 -0.000
vn -0.999 0.033 -0.000
vn -0.999 0.033 -0.000
vn -0.999 0.033 -0.000
vn 0.999 0.033 0.000
vn 0.999 0.033 0.000
vn 0.999 0.033 0.000
vn 0.999 0.033 0.000
vn 0.999 0.033 0.000
vn 0.999 0.033 0.000
vn -0.460 -0.796 0.394
vn -0.337 -0.918 0.207
vn -0.337 -0.918 -0.207
vn -0.460 -0.796 -0.394
vn -0.627 -0.751 -0.207
vn -0.627 -0.751 0.207
vn -0.460 -0.796 0.394
vn -0.460 -0.796 0.394
vn -0.337 -0.918 0.207
vn -0.337 -0.918 -0.207
vn -0.460 -0.796 -0.394
vn -0.627 -0.751 -0.207
vn -0.627 -0.751 0.207
vn -0.460 -0.796 0.394
vn 0.000 0.000 1.000
vn 0.544 -0.314 0.778
vn 0.544 -0.314 -0.778
vn 0.000 -0.000 -1.000
vn -0.544 0.314 -0.778
vn -0.544 0.314 0.778
vn 0.000 0.000 1.000
vn 0.460 0.796 0.394
vn 0.627 0.751 0.207
vn 0.627 0.751 -0.207
vn 0.460 0.796 -0.394
vn 0.337 0.918 -0.207
vn 0.337 0.918 0.207
vn 0.460 0.796 0.394
vn 0.460 0.796 0.394
vn 0.627 0.751 0.207
vn 0.627 0.751 -0.207
vn 0.460 0.796 -0.394
vn 0.337 0.918 -0.207
vn 0.337 0.918 0.207
vn 0.460 0.796 0.394
vn -0.460 -0.796 0.394
vn -0.337 -0.918 0.207
vn -0.337 -0.918 -0.207
vn -0.460 -0.796 -0.394
vn -0.627 -0.751 -0.207
vn -0.627 -0.751 0.207
vn -0.460 -0.796 0.394
vn -0.460 -0.796 0.394
vn -0.337 -0.918 0.207
vn -0.337 -0.918 -0.207
vn -0.460 -0.796 -0.394
vn -0.627 -0.751 -0.207
vn -0.627 -0.751 0.207
vn -0.460 -0.796 0.394
vn 0.000 0.000 1.000
vn 0.544 -0.314 0.778
vn 0.544 -0.314 -0.778
vn 0.000 -0.000 -1.000
vn -0.544 0.314 -0.778
vn -0.544 0.314 0.778
vn 0.000 0.000 1.000
vn 0.460 0.796 0.394
vn 0.627 0.751 0.207
vn 0.627 0.751 -0.207
vn 0.460 0.796 -0.394
vn 0.337 0.918 -0.207
vn 0.337 0.918 0.207
vn 0.460 0.796 0.394
vn 0.460 0.796 0.394
vn 0.627 0.751 0.207
vn 0.627 0.751 -0.207
vn 0.460 0.796 -0.394
vn 0.337 0.918 -0.207
vn 0.337 0.918 0.207
vn 0.460 0.796 0.394
vn -0.460 -0.796 0.394
vn -0.337 -0.918 0.207
vn -0.337 -0.918 -0.207
vn -0.460 -0.796 -0.394
vn -0.627 -0.751 -0.207
vn -0.627 -0.751 0.207
vn -0.460 -0.796 0.394
vn -0.460 -0.796 0.394
vn -0.337 -0.918 0.207
vn -0.337 -0.918 -0.207
vn -0.460 -0.796 -0.394
vn -0.627 -0.751 -0.207
vn -0.627 -0.751 0.207
vn -0.460 -0.796 0.394
vn 0.000 0.000 1.000
vn 0.544 -0.314 0.778
vn 0.544 -0.314 -0.778
vn 0.000 -0.000 -1.000
vn -0.544 0.314 -0.778
vn -0.544 0.314 0.778
vn 0.000 0.000 1.000
vn 0.460 0.796 0.394
vn 0.627 0.751 0.207
vn 0.627 0.751 -0.207
vn 0.460 0.796 -0.394
vn 0.337 0.918 -0.207
vn 0.337 0.918 0.207
vn 0.460 0.796 0.394
vn 0.460 0.796 0.394
vn 0.627 0.751 0.207
vn 0.627 0.751 -0.207
vn 0.460 0.796 -0.394
vn 0.337 0.918 -0.207
vn 0.337 0.918 0.207
vn 0.460 0.796 0.394
vn -0.460 -0.796 0.394
vn -0.337 -0.918 0.207
vn -0.337 -0.918 -0.207
vn -0.460 -0.796 -0.394
vn -0.627 -0.751 -0.207
vn -0.627 -0.751 0.207
vn -0.460 -0.796 0.394
vn -0.460 -0.796 0.394
vn -0.337 -0.918 0.207
vn -0.337 -0.918 -0.207
vn -0.460 -0.796 -0.394
vn -0.627 -0.751 -0.207
vn -0.627 -0.751 0.207
vn -0.460 -0.796 0.394
vn 0.000 0.000 1.000
vn 0.544 -0.314 0.778
vn 0.544 -0.314 -0.778
vn 0.000 -0.000 -1.000
vn -0.544 0.314 -0.778
vn -0.544 0.314 0.778
vn 0.000 0.000 1.000
vn 0.460 0.796 0.394
vn 0.627 0.751 0.207
vn 0.627 0.751 -0.207
vn 0.460 0.796 -0.394
vn 0.337 0.918 -0.207
vn 0.337 0.918 0.207
vn 0.460 0.796 0.394
vn 0.460 0.796 0.394
vn 0.627 0.751 0.207
vn 0.627 0.751 -0.207
vn 0.460 0.796 -0.394
vn 0.337 0.918 -0.207
vn 0.337 0.918 0.207
vn 0.460 0.796 0.394
vn -0.460 -0.796 0.394
vn -0.337 -0.918 0.207
vn -0.337 -0.918 -0.207
vn -0.460 -0.796 -0.394
vn -0.627 -0.751 -0.207
vn -0.627 -0.751 0.207
vn -0.460 -0.796 0.394
vn -0.460 -0.796 0.394
vn -0.337 -0.918 0.207
vn -0.337 -0.918 -0.207
vn -0.460 -0.796 -0.394
vn -0.627 -0.751 -0.207
vn -0.627 -0.751 0.207
vn -0.460 -0.796 0.394
vn 0.000 0.000 1.000
vn 0.544 -0.314 0.778
vn 0.544 -0.314 -0.778
vn 0.000 -0.000 -1.000
vn -0.544 0.314 -0.778
vn -0.544 0.314 0.778
vn 0.000 0.000 1.000
vn 0.460 0.796 0.394
vn 0.627 0.751 0.207
vn 0.627 0.751 -0.207
vn 0.460 0.796 -0.394
vn 0.337 0.918 -0.207
vn 0.337 0.918 0.207
vn 0.460 0.796 0.394
vn 0.460 0.796 0.394
vn 0.627 0.751 0.207
vn 0.627 0.751 -0.207
vn 0.460 0.796 -0.394
vn 0.337 0.918 -0.207
vn 0.337 0.918 0.207
vn 0.460 0.796 0.394
vn -0.460 -0.796 0.394
vn -0.337 -0.918 0.207
vn -0.337 -0.918 -0.207
vn -0.460 -0.796 -0.394
vn -0.627 -0.751 -0.207
vn -0.627 -0.751 0.207
vn -0.460 -0.796 0.394
vn -0.460 -0.796 0.394
vn -0.337 -0.918 0.207
vn -0.337 -0.918 -0.207
vn -0.460 -0.796 -0.394
vn -0.627 -0.751 -0.207
vn -0.627 -0.751 0.207
vn -0.460 -0.796 0.394
vn 0.000 0.000 1.000
vn 0.544 -0.314 0.778
vn 0.544 -0.314 -0.778
vn 0.000 -0.000 -1.000
vn -0.544 0.314 -0.778
vn -0.544 0.314 0.778
vn 0.000 0.000 1.000
vn 0.460 0.796 0.394
vn 0.627 0.751 0.207
vn 0.627 0.751 -0.207
vn 0.460 0.796 -0.394
vn 0.337 0.918 -0.207
vn 0.337 0.918 0.207
vn 0.460 0.796 0.394
vn 0.460 0.796 0.394
vn 0.627 0.751 0.207
vn 0.627 0.751 -0.207
vn 0.460 0.796 -0.394
vn 0.337 0.918 -0.207
vn 0.337 0.918 0.207
vn 0.460 0.796 0.394
vn -0.460 -0.796 0.394
vn -0.337 -0.918 0.207
vn -0.337 -0.918 -0.207
vn -0.460 -0.796 -0.394
vn -0.627 -0.751 -0.207
vn -0.627 -0.751 0.207
vn -0.460 -0.796 0.394
vn -0.460 -0.796 0.394
vn -0.337 -0.918 0.207
vn -0.337 -0.918 -0.207
vn -0.460 -0.796 -0.394
vn -0.627 -0.751 -0.207
vn -0.627 -0.751 0.207
vn -0.460 -0.796 0.394
vn 0.000 0.000 1.000
vn 0.544 -0.314 0.778
vn 0.544 -0.314 -0.778
vn 0.000 -0.000 -1.000
vn -0.544 0.314 -0.778
vn -0.544 0.314 0.778
vn 0.000 0.000 1.000
vn 0.460 0.796 0.394
vn 0.627 0.751 0.207
vn 0.627 0.751 -0.207
vn 0.460 0.796 -0.394
vn 0.337 0.918 -0.207
vn 0.337 0.918 0.207
vn 0.460 0.796 0.394
vn 0.460 0.796 0.394
vn 0.627 0.751 0.207
vn 0.627 0.751 -0.207
vn 0.460 0.796 -0.394
vn 0.337 0.918 -0.207
vn 0.337 0.918 0.207
vn 0.460 0.796 0.394
vn -0.460 -0.796 0.394
vn -0.337 -0.918 0.207
vn -0.337 -0.918 -0.207
vn -0.460 -0.796 -0.394
vn -0.627 -0.751 -0.207
vn -0.627 -0.751 0.207
vn -0.460 -0.796 0.394
vn -0.460 -0.796 0.394
vn -0.337 -0.918 0.207
vn -0.337 -0.918 -0.207
vn -0.460 -0.796 -0.394
vn -0.627 -0.751 -0.207
vn -0.627 -0.751 0.207
vn -0.460 -0.796 0.394
vn 0.000 0.000 1.000
vn 0.544 -0.314 0.778
vn 0.544 -0.314 -0.778
vn 0.000 -0.000 -1.000
vn -0.544 0.314 -0.778
vn -0.544 0.314 0.778
vn 0.000 0.000 1.000
vn 0.460 0.796 0.394
vn 0.627 0.751 0.207
vn 0.627 0.751 -0.207
vn 0.460 0.796 -0.394
vn 0.337 0.918 -0.207
vn 0.337 0.918 0.207
vn 0.460 0.796 0.394
vn 0.460 0.796 0.394
vn 0.627 0.751 0.207
vn 0.627 0.751 -0.207
vn 0.460 0.796 -0.394
vn 0.337 0.918 -0.207
vn 0.337 0.918 0.207
vn 0.460 0.796 0.394
vn -0.460 -0.796 0.394
vn -0.337 -0.918 0.207
vn -0.337 -0.918 -0.207
vn -0.460 -0.796 -0.394
vn -0.627 -0.751 -0.207
vn -0.627 -0.751 0.207
vn -0.460 -0.796 0.394
vn -0.460 -0.796 0.394
vn -0.337 -0.918 0.207
vn -0.337 -0.918 -0.207
vn -0.460 -0.796 -0.394
vn -0.627 -0.751 -0.207
vn -0.627 -0.751 0.207
vn -0.460 -0.796 0.394
vn 0.000 0.000 1.000
vn 0.544 -0.314 0.778
vn 0.544 -0.314 -0.778
vn 0.000 -0.000 -1.000
vn -0.544 0.314 -0.778
vn -0.544 0.314 0.778
vn 0.000 0.000 1.000
vn 0.460 0.796 0.394
vn 0.627 0.751 0.207
vn 0.627 0.751 -0.207
vn 0.460 0.796 -0.394
vn 0.337 0.918 -0.207
vn 0.337 0.918 0.207
vn 0.460 0.796 0.394
vn 0.460 0.796 0.394
vn 0.627 0.751 0.207
vn 0.627 0.751 -0.207
vn 0.460 0.796 -0.394
vn 0.337 0.918 -0.207
vn 0.337 0.918 0.207
vn 0.460 0.796 0.394
vn -0.460 -0.796 0.394
vn -0.337 -0.918 0.207
vn -0.337 -0.918 -0.207
vn -0.460 -0.796 -0.394
vn -0.627 -0.751 -0.207
vn -0.627 -0.751 0.207
vn -0.460 -0.796 0.394
vn -0.460 -0.796 0.394
vn -0.337 -0.918 0.207
vn -0.337 -0.918 -0.207
vn -0.460 -0.796 -0.394
vn -0.627 -0.751 -0.207
vn -0.627 -0.751 0.207
vn -0.460 -0.796 0.394
vn 0.000 0.000 1.000
vn 0.544 -0.314 0.778
vn 0.544 -0.314 -0.778
vn 0.000 -0.000 -1.000
vn -0.544 0.314 -0.778
vn -0.544 0.314 0.778
vn 0.000 0.000 1.000
vn 0.460 0.796 0.394
vn 0.627 0.751 0.207
vn 0.627 0.751 -0.207
vn 0.460 0.796 -0.394
vn 0.337 0.918 -0.207
vn 0.337 0.918 0.207
vn 0.460 0.796 0.394
vn 0.460 0.796 0.394
vn 0.627 0.751 0.207
vn 0.627 0.751 -0.207
vn 0.460 0.796 -0.394
vn 0.337 0.918 -0.207
vn 0.337 0.918 0.207
vn 0.460 0.796 0.394
v -1.0350 1.8446 -4.9300
v -1.0350 1.8446 -4.9300
v -1.0350 1.8446 -4.9300
v -1.0350 1.8446 -4.9300
v -1.0350 1.8446 -4.9300
v -1.0350 1.8446 -4.9300
v -1.0350 1.8446 -4.9300
v -1.0350 1.8446 -4.9300
v -1.0350 1.8446 -4.9300
v -1.0350 1.8462 -4.9236
v -1.0268 1.8462 -4.9255
v -1.0233 1.8462 -4.9300
v -1.0268 1.8462 -4.9345
v -1.0350 1.8462 -4.9364
v -1.0433 1.8462 -4.9345
v -1.0467 1.8462 -4.9300
v -1.0433 1.8462 -4.9255
v -1.0350 1.8462 -4.9236
v -1.0350 1.8500 -4.9210
v -1.0233 1.8500 -4.9236
v -1.0185 1.8500 -4.9300
v -1.0233 1.8500 -4.9364
v -1.0350 1.8500 -4.9390
v -1.0467 1.8500 -4.9364
v -1.0515 1.8500 -4.9300
v -1.0467 1.8500 -4.9236
v -1.0350 1.8500 -4.9210
v -1.0350 1.8538 -4.9236
v -1.0268 1.8538 -4.9255
v -1.0233 1.8538 -4.9300
v -1.0268 1.8538 -4.9345
v -1.0350 1.8538 -4.9364
v -1.0433 1.8538 -4.9345
v -1.0467 1.8538 -4.9300
v -1.0433 1.8538 -4.9255
v -1.0350 1.8538 -4.9236
v -1.0350 1.8554 -4.9300
v -1.0350 1.8554 -4.9300
v -1.0350 1.8554 -4.9300
v -1.0350 1.8554 -4.9300
v -1.0350 1.8554 -4.9300
v -1.0350 1.8554 -4.9300
v -1.0350 1.8554 -4.9300
v -1.0350 1.8554 -4.9300
v -1.0350 1.8554 -4.9300
v -1.0454 1.8446 -4.9157
v -1.0454 1.8446 -4.9157
v -1.0454 1.8446 -4.9157
v -1.0454 1.8446 -4.9157
v -1.0454 1.8446 -4.9157
v -1.0454 1.8446 -4.9157
v -1.0454 1.8446 -4.9157
v -1.0454 1.8446 -4.9157
v -1.0454 1.8446 -4.9157
v -1.0514 1.8462 -4.9138
v -1.0471 1.8462 -4.9065
v -1.0418 1.8462 -4.9046
v -1.0385 1.8462 -4.9093
v -1.0393 1.8462 -4.9177
v -1.0436 1.8462 -4.9250
v -1.0490 1.8462 -4.9268
v -1.0522 1.8462 -4.9222
v -1.0514 1.8462 -4.9138
v -1.0539 1.8500 -4.9130
v -1.0478 1.8500 -4.9027
v -1.0403 1.8500 -4.9000
v -1.0357 1.8500 -4.9066
v -1.0368 1.8500 -4.9185
v -1.0429 1.8500 -4.9288
v -1.0505 1.8500 -4.9314
v -1.0550 1.8500 -4.9249
v -1.0539 1.8500 -4.9130
v -1.0514 1.8538 -4.9138
v -1.0471 1.8538 -4.9065
v -1.0418 1.8538 -4.9046
v -1.0385 1.8538 -4.9093
v -1.0393 1.8538 -4.9177
v -1.0436 1.8538 -4.9250
v -1.0490 1.8538 -4.9268
v -1.0522 1.8538 -4.9222
v -1.0514 1.8538 -4.9138
v -1.0454 1.8554 -4.9157
v -1.0454 1.8554 -4.9157
v -1.0454 1.8554 -4.9157
v -1.0454 1.8554 -4.9157
v -1.0454 1.8554 -4.9157
v -1.0454 1.8554 -4.9157
v -1.0454 1.8554 -4.9157
v -1.0454 1.8554 -4.9157
v -1.0454 1.8554 -4.9157
v -1.0621 1.8446 -4.9212
v -1.0621 1.8446 -4.9212
v -1.0621 1.8446 -4.9212
v -1.0621 1.8446 -4.9212
v -1.0621 1.8446 -4.9212
v -1.0621 1.8446 -4.9212
v -1.0621 1.8446 -4.9212
v -1.0621 1.8446 -4.9212
v -1.0621 1.8446 -4.9212
v -1.0659 1.8462 -4.9263
v -1.0715 1.8462 -4.9200
v -1.0716 1.8462 -4.9143
v -1.0662 1.8462 -4.9127
v -1.0584 1.8462 -4.9160
v -1.0528 1.8462 -4.9224
v -1.0527 1.8462 -4.9280
v -1.0581 1.8462 -4.9297
v -1.0659 1.8462 -4.9263
v -1.0674 1.8500 -4.9285
v -1.0753 1.8500 -4.9195
v -1.0755 1.8500 -4.9115
v -1.0678 1.8500 -4.9092
v -1.0568 1.8500 -4.9139
v -1.0490 1.8500 -4.9229
v -1.0488 1.8500 -4.9309
v -1.0564 1.8500 -4.9332
v -1.0674 1.8500 -4.9285
v -1.0659 1.8538 -4.9263
v -1.0715 1.8538 -4.9200
v -1.0716 1.8538 -4.9143
v -1.0662 1.8538 -4.9127
v -1.0584 1.8538 -4.9160
v -1.0528 1.8538 -4.9224
v -1.0527 1.8538 -4.9280
v -1.0581 1.8538 -4.9297
v -1.0659 1.8538 -4.9263
v -1.0621 1.8554 -4.9212
v -1.0621 1.8554 -4.9212
v -1.0621 1.8554 -4.9212
v -1.0621 1.8554 -4.9212
v -1.0621 1.8554 -4.9212
v -1.0621 1.8554 -4.9212
v -1.0621 1.8554 -4.9212
v -1.0621 1.8554 -4.9212
v -1.0621 1.8554 -4.9212
v -1.0621 1.8446 -4.9388
v -1.0621 1.8446 -4.9388
v -1.0621 1.8446 -4.9388
v -1.0621 1.8446 -4.9388
v -1.0621 1.8446 -4.9388
v -1.0621 1.8446 -4.9388
v -1.0621 1.8446 -4.9388
v -1.0621 1.8446 -4.9388
v -1.0621 1.8446 -4.9388
v -1.0584 1.8462 -4.9440
v -1.0662 1.8462 -4.9473
v -1.0716 1.8462 -4.9457
v -1.0715 1.8462 -4.9400
v -1.0659 1.8462 -4.9337
v -1.0581 1.8462 -4.9303
v -1.0527 1.8462 -4.9320
v -1.0528 1.8462 -4.9376
v -1.0584 1.8462 -4.9440
v -1.0568 1.8500 -4.9461
v -1.0678 1.8500 -4.9508
v -1.0755 1.8500 -4.9485
v -1.0753 1.8500 -4.9405
v -1.0674 1.8500 -4.9315
v -1.0564 1.8500 -4.9268
v -1.0488 1.8500 -4.9291
v -1.0490 1.8500 -4.9371
v -1.0568 1.8500 -4.9461
v -1.0584 1.8538 -4.9440
v -1.0662 1.8538 -4.9473
v -1.0716 1.8538 -4.9457
v -1.0715 1.8538 -4.9400
v -1.0659 1.8538 -4.9337
v -1.0581 1.8538 -4.9303
v -1.0527 1.8538 -4.9320
v -1.0528 1.8538 -4.9376
v -1.0584 1.8538 -4.9440
v -1.0621 1.8554 -4.9388
v -1.0621 1.8554 -4.9388
v -1.0621 1.8554 -4.9388
v -1.0621 1.8554 -4.9388
v -1.0621 1.8554 -4.9388
v -1.0621 1.8554 -4.9388
v -1.0621 1.8554 -4.9388
v -1.0621 1.8554 -4.9388
v -1.0621 1.8554 -4.9388
v -1.0454 1.8446 -4.9443
v -1.0454 1.8446 -4.9443
v -1.0454 1.8446 -4.9443
v -1.0454 1.8446 -4.9443
v -1.0454 1.8446 -4.9443
v -1.0454 1.8446 -4.9443
v -1.0454 1.8446 -4.9443
v -1.0454 1.8446 -4.9443
v -1.0454 1.8446 -4.9443
v -1.0393 1.8462 -4.9423
v -1.0385 1.8462 -4.9507
v -1.0418 1.8462 -4.9554
v -1.0471 1.8462 -4.9535
v -1.0514 1.8462 -4.9462
v -1.0522 1.8462 -4.9378
v -1.0490 1.8462 -4.9332
v -1.0436 1.8462 -4.9350
v -1.0393 1.8462 -4.9423
v -1.0368 1.8500 -4.9415
v -1.0357 1.8500 -4.9534
v -1.0403 1.8500 -4.9600
v -1.0478 1.8500 -4.9573
v -1.0539 1.8500 -4.9470
v -1.0550 1.8500 -4.9351
v -1.0505 1.8500 -4.9286
v -1.0429 1.8500 -4.9312
v -1.0368 1.8500 -4.9415
v -1.0393 1.8538 -4.9423
v -1.0385 1.8538 -4.9507
v -1.0418 1.8538 -4.9554
v -1.0471 1.8538 -4.9535
v -1.0514 1.8538 -4.9462
v -1.0522 1.8538 -4.9378
v -1.0490 1.8538 -4.9332
v -1.0436 1.8538 -4.9350
v -1.0393 1.8538 -4.9423
v -1.0454 1.8554 -4.9443
v -1.0454 1.8554 -4.9443
v -1.0454 1.8554 -4.9443
v -1.0454 1.8554 -4.9443
v -1.0454 1.8554 -4.9443
v -1.0454 1.8554 -4.9443
v -1.0454 1.8554 -4.9443
v -1.0454 1.8554 -4.9443
v -1.0454 1.8554 -4.9443
v -1.0500 1.8440 -4.9300
v -1.0500 1.8440 -4.9300
v -1.0500 1.8440 -4.9300
v -1.0500 1.8440 -4.9300
v -1.0500 1.8440 -4.9300
v -1.0500 1.8440 -4.9300
v -1.0500 1.8440 -4.9300
v -1.0500 1.8458 -4.9247
v -1.0454 1.8458 -4.9273
v -1.0454 1.8458 -4.9327
v -1.0500 1.8458 -4.9353
v -1.0546 1.8458 -4.9327
v -1.0546 1.8458 -4.9273
v -1.0500 1.8458 -4.9247
v -1.0500 1.8500 -4.9225
v -1.0435 1.8500 -4.9263
v -1.0435 1.8500 -4.9338
v -1.0500 1.8500 -4.9375
v -1.0565 1.8500 -4.9338
v -1.0565 1.8500 -4.9263
v -1.0500 1.8500 -4.9225
v -1.0500 1.8542 -4.9247
v -1.0454 1.8542 -4.9273
v -1.0454 1.8542 -4.9327
v -1.0500 1.8542 -4.9353
v -1.0546 1.8542 -4.9327
v -1.0546 1.8542 -4.9273
v -1.0500 1.8542 -4.9247
v -1.0500 1.8560 -4.9300
v -1.0500 1.8560 -4.9300
v -1.0500 1.8560 -4.9300
v -1.0500 1.8560 -4.9300
v -1.0500 1.8560 -4.9300
v -1.0500 1.8560 -4.9300
v -1.0500 1.8560 -4.9300
v -0.8250 1.8204 -4.9300
v -0.8250 1.8204 -4.9300
v -0.8250 1.8204 -4.9300
v -0.8250 1.8204 -4.9300
v -0.8250 1.8204 -4.9300
v -0.8250 1.8204 -4.9300
v -0.8250 1.8204 -4.9300
v -0.8250 1.8204 -4.9300
v -0.8250 1.8204 -4.9300
v -0.8250 1.8220 -4.9236
v -0.8168 1.8220 -4.9255
v -0.8133 1.8220 -4.9300
v -0.8168 1.8220 -4.9345
v -0.8250 1.8220 -4.9364
v -0.8333 1.8220 -4.9345
v -0.8367 1.8220 -4.9300
v -0.8333 1.8220 -4.9255
v -0.8250 1.8220 -4.9236
v -0.8250 1.8258 -4.9210
v -0.8133 1.8258 -4.9236
v -0.8085 1.8258 -4.9300
v -0.8133 1.8258 -4.9364
v -0.8250 1.8258 -4.9390
v -0.8367 1.8258 -4.9364
v -0.8415 1.8258 -4.9300
v -0.8367 1.8258 -4.9236
v -0.8250 1.8258 -4.9210
v -0.8250 1.8296 -4.9236
v -0.8168 1.8296 -4.9255
v -0.8133 1.8296 -4.9300
v -0.8168 1.8296 -4.9345
v -0.8250 1.8296 -4.9364
v -0.8333 1.8296 -4.9345
v -0.8367 1.8296 -4.9300
v -0.8333 1.8296 -4.9255
v -0.8250 1.8296 -4.9236
v -0.8250 1.8312 -4.9300
v -0.8250 1.8312 -4.9300
v -0.8250 1.8312 -4.9300
v -0.8250 1.8312 -4.9300
v -0.8250 1.8312 -4.9300
v -0.8250 1.8312 -4.9300
v -0.8250 1.8312 -4.9300
v -0.8250 1.8312 -4.9300
v -0.8250 1.8312 -4.9300
v -0.8354 1.8204 -4.9157
v -0.8354 1.8204 -4.9157
v -0.8354 1.8204 -4.9157
v -0.8354 1.8204 -4.9157
v -0.8354 1.8204 -4.9157
v -0.8354 1.8204 -4.9157
v -0.8354 1.8204 -4.9157
v -0.8354 1.8204 -4.9157
v -0.8354 1.8204 -4.9157
v -0.8414 1.8220 -4.9138
v -0.8371 1.8220 -4.9065
v -0.8318 1.8220 -4.9046
v -0.8285 1.8220 -4.9093
v -0.8293 1.8220 -4.9177
v -0.8336 1.8220 -4.9250
v -0.8390 1.8220 -4.9268
v -0.8422 1.8220 -4.9222
v -0.8414 1.8220 -4.9138
v -0.8439 1.8258 -4.9130
v -0.8378 1.8258 -4.9027
v -0.8303 1.8258 -4.9000
v -0.8257 1.8258 -4.9066
v -0.8268 1.8258 -4.9185
v -0.8329 1.8258 -4.9288
v -0.8405 1.8258 -4.9314
v -0.8450 1.8258 -4.9249
v -0.8439 1.8258 -4.9130
v -0.8414 1.8296 -4.9138
v -0.8371 1.8296 -4.9065
v -0.8318 1.8296 -4.9046
v -0.8285 1.8296 -4.9093
v -0.8293 1.8296 -4.9177
v -0.8336 1.8296 -4.9250
v -0.8390 1.8296 -4.9268
v -0.8422 1.8296 -4.9222
v -0.8414 1.8296 -4.9138
v -0.8354 1.8312 -4.9157
v -0.8354 1.8312 -4.9157
v -0.8354 1.8312 -4.9157
v -0.8354 1.8312 -4.9157
v -0.8354 1.8312 -4.9157
v -0.8354 1.8312 -4.9157
v -0.8354 1.8312 -4.9157
v -0.8354 1.8312 -4.9157
v -0.8354 1.8312 -4.9157
v -0.8521 1.8204 -4.9212
v -0.8521 1.8204 -4.9212
v -0.8521 1.8204 -4.9212
v -0.8521 1.8204 -4.9212
v -0.8521 1.8204 -4.9212
v -0.8521 1.8204 -4.9212
v -0.8521 1.8204 -4.9212
v -0.8521 1.8204 -4.9212
v -0.8521 1.8204 -4.9212
v -0.8559 1.8220 -4.9263
v -0.8615 1.8220 -4.9200
v -0.8616 1.8220 -4.9143
v -0.8562 1.8220 -4.9127
v -0.8484 1.8220 -4.9160
v -0.8428 1.8220 -4.9224
v -0.8427 1.8220 -4.9280
v -0.8481 1.8220 -4.9297
v -0.8559 1.8220 -4.9263
v -0.8574 1.8258 -4.9285
v -0.8653 1.8258 -4.9195
v -0.8655 1.8258 -4.9115
v -0.8578 1.8258 -4.9092
v -0.8468 1.8258 -4.9139
v -0.8390 1.8258 -4.9229
v -0.8388 1.8258 -4.9309
v -0.8464 1.8258 -4.9332
v -0.8574 1.8258 -4.9285
v -0.8559 1.8296 -4.9263
v -0.8615 1.8296 -4.9200
v -0.8616 1.8296 -4.9143
v -0.8562 1.8296 -4.9127
v -0.8484 1.8296 -4.9160
v -0.8428 1.8296 -4.9224
v -0.8427 1.8296 -4.9280
v -0.8481 1.8296 -4.9297
v -0.8559 1.8296 -4.9263
v -0.8521 1.8312 -4.9212
v -0.8521 1.8312 -4.9212
v -0.8521 1.8312 -4.9212
v -0.8521 1.8312 -4.9212
v -0.8521 1.8312 -4.9212
v -0.8521 1.8312 -4.9212
v -0.8521 1.8312 -4.9212
v -0.8521 1.8312 -4.9212
v -0.8521 1.8312 -4.9212
v -0.8521 1.8204 -4.9388
v -0.8521 1.8204 -4.9388
v -0.8521 1.8204 -4.9388
v -0.8521 1.8204 -4.9388
v -0.8521 1.8204 -4.9388
v -0.8521 1.8204 -4.9388
v -0.8521 1.8204 -4.9388
v -0.8521 1.8204 -4.9388
v -0.8521 1.8204 -4.9388
v -0.8484 1.8220 -4.9440
v -0.8562 1.8220 -4.9473
v -0.8616 1.8220 -4.9457
v -0.8615 1.8220 -4.9400
v -0.8559 1.8220 -4.9337
v -0.8481 1.8220 -4.9303
v -0.8427 1.8220 -4.9320
v -0.8428 1.8220 -4.9376
v -0.8484 1.8220 -4.9440
v -0.8468 1.8258 -4.9461
v -0.8578 1.8258 -4.9508
v -0.8655 1.8258 -4.9485
v -0.8653 1.8258 -4.9405
v -0.8574 1.8258 -4.9315
v -0.8464 1.8258 -4.9268
v -0.8388 1.8258 -4.9291
v -0.8390 1.8258 -4.9371
v -0.8468 1.8258 -4.9461
v -0.8484 1.8296 -4.9440
v -0.8562 1.8296 -4.9473
v -0.8616 1.8296 -4.9457
v -0.8615 1.8296 -4.9400
v -0.8559 1.8296 -4.9337
v -0.8481 1.8296 -4.9303
v -0.8427 1.8296 -4.9320
v -0.8428 1.8296 -4.9376
v -0.8484 1.8296 -4.9440
v -0.8521 1.8312 -4.9388
v -0.8521 1.8312 -4.9388
v -0.8521 1.8312 -4.9388
v -0.8521 1.8312 -4.9388
v -0.8521 1.8312 -4.9388
v -0.8521 1.8312 -4.9388
v -0.8521 1.8312 -4.9388
v -0.8521 1.8312 -4.9388
v -0.8521 1.8312 -4.9388
v -0.8354 1.8204 -4.9443
v -0.8354 1.8204 -4.9443
v -0.8354 1.8204 -4.9443
v -0.8354 1.8204 -4.9443
v -0.8354 1.8204 -4.9443
v -0.8354 1.8204 -4.9443
v -0.8354 1.8204 -4.9443
v -0.8354 1.8204 -4.9443
v -0.8354 1.8204 -4.9443
v -0.8293 1.8220 -4.9423
v -0.8285 1.8220 -4.9507
v -0.8318 1.8220 -4.9554
v -0.8371 1.8220 -4.9535
v -0.8414 1.8220 -4.9462
v -0.8422 1.8220 -4.9378
v -0.8390 1.8220 -4.9332
v -0.8336 1.8220 -4.9350
v -0.8293 1.8220 -4.9423
v -0.8268 1.8258 -4.9415
v -0.8257 1.8258 -4.9534
v -0.8303 1.8258 -4.9600
v -0.8378 1.8258 -4.9573
v -0.8439 1.8258 -4.9470
v -0.8450 1.8258 -4.9351
v -0.8405 1.8258 -4.9286
v -0.8329 1.8258 -4.9312
v -0.8268 1.8258 -4.9415
v -0.8293 1.8296 -4.9423
v -0.8285 1.8296 -4.9507
v -0.8318 1.8296 -4.9554
v -0.8371 1.8296 -4.9535
v -0.8414 1.8296 -4.9462
v -0.8422 1.8296 -4.9378
v -0.8390 1.8296 -4.9332
v -0.8336 1.8296 -4.9350
v -0.8293 1.8296 -4.9423
v -0.8354 1.8312 -4.9443
v -0.8354 1.8312 -4.9443
v -0.8354 1.8312 -4.9443
v -0.8354 1.8312 -4.9443
v -0.8354 1.8312 -4.9443
v -0.8354 1.8312 -4.9443
v -0.8354 1.8312 -4.9443
v -0.8354 1.8312 -4.9443
v -0.8354 1.8312 -4.9443
v -0.8400 1.8198 -4.9300
v -0.8400 1.8198 -4.9300
v -0.8400 1.8198 -4.9300
v -0.8400 1.8198 -4.9300
v -0.8400 1.8198 -4.9300
v -0.8400 1.8198 -4.9300
v -0.8400 1.8198 -4.9300
v -0.8400 1.8216 -4.9247
v -0.8354 1.8216 -4.9273
v -0.8354 1.8216 -4.9327
v -0.8400 1.8216 -4.9353
v -0.8446 1.8216 -4.9327
v -0.8446 1.8216 -4.9273
v -0.8400 1.8216 -4.9247
v -0.8400 1.8258 -4.9225
v -0.8335 1.8258 -4.9263
v -0.8335 1.8258 -4.9338
v -0.8400 1.8258 -4.9375
v -0.8465 1.8258 -4.9338
v -0.8465 1.8258 -4.9263
v -0.8400 1.8258 -4.9225
v -0.8400 1.8301 -4.9247
v -0.8354 1.8301 -4.9273
v -0.8354 1.8301 -4.9327
v -0.8400 1.8301 -4.9353
v -0.8446 1.8301 -4.9327
v -0.8446 1.8301 -4.9273
v -0.8400 1.8301 -4.9247
v -0.8400 1.8318 -4.9300
v -0.8400 1.8318 -4.9300
v -0.8400 1.8318 -4.9300
v -0.8400 1.8318 -4.9300
v -0.8400 1.8318 -4.9300
v -0.8400 1.8318 -4.9300
v -0.8400 1.8318 -4.9300
v -0.6150 1.7813 -4.9300
v -0.6150 1.7813 -4.9300
v -0.6150 1.7813 -4.9300
v -0.6150 1.7813 -4.9300
v -0.6150 1.7813 -4.9300
v -0.6150 1.7813 -4.9300
v -0.6150 1.7813 -4.9300
v -0.6150 1.7813 -4.9300
v -0.6150 1.7813 -4.9300
v -0.6150 1.7829 -4.9236
v -0.6068 1.7829 -4.9255
v -0.6033 1.7829 -4.9300
v -0.6068 1.7829 -4.9345
v -0.6150 1.7829 -4.9364
v -0.6232 1.7829 -4.9345
v -0.6267 1.7829 -4.9300
v -0.6232 1.7829 -4.9255
v -0.6150 1.7829 -4.9236
v -0.6150 1.7867 -4.9210
v -0.6033 1.7867 -4.9236
v -0.5985 1.7867 -4.9300
v -0.6033 1.7867 -4.9364
v -0.6150 1.7867 -4.9390
v -0.6267 1.7867 -4.9364
v -0.6315 1.7867 -4.9300
v -0.6267 1.7867 -4.9236
v -0.6150 1.7867 -4.9210
v -0.6150 1.7905 -4.9236
v -0.6068 1.7905 -4.9255
v -0.6033 1.7905 -4.9300
v -0.6068 1.7905 -4.9345
v -0.6150 1.7905 -4.9364
v -0.6232 1.7905 -4.9345
v -0.6267 1.7905 -4.9300
v -0.6232 1.7905 -4.9255
v -0.6150 1.7905 -4.9236
v -0.6150 1.7921 -4.9300
v -0.6150 1.7921 -4.9300
v -0.6150 1.7921 -4.9300
v -0.6150 1.7921 -4.9300
v -0.6150 1.7921 -4.9300
v -0.6150 1.7921 -4.9300
v -0.6150 1.7921 -4.9300
v -0.6150 1.7921 -4.9300
v -0.6150 1.7921 -4.9300
v -0.6254 1.7813 -4.9157
v -0.6254 1.7813 -4.9157
v -0.6254 1.7813 -4.9157
v -0.6254 1.7813 -4.9157
v -0.6254 1.7813 -4.9157
v -0.6254 1.7813 -4.9157
v -0.6254 1.7813 -4.9157
v -0.6254 1.7813 -4.9157
v -0.6254 1.7813 -4.9157
v -0.6314 1.7829 -4.9138
v -0.6271 1.7829 -4.9065
v -0.6218 1.7829 -4.9046
v -0.6185 1.7829 -4.9093
v -0.6193 1.7829 -4.9177
v -0.6236 1.7829 -4.9250
v -0.6290 1.7829 -4.9268
v -0.6322 1.7829 -4.9222
v -0.6314 1.7829 -4.9138
v -0.6339 1.7867 -4.9130
v -0.6278 1.7867 -4.9027
v -0.6203 1.7867 -4.9000
v -0.6157 1.7867 -4.9066
v -0.6168 1.7867 -4.9185
v -0.6229 1.7867 -4.9288
v -0.6305 1.7867 -4.9314
v -0.6350 1.7867 -4.9249
v -0.6339 1.7867 -4.9130
v -0.6314 1.7905 -4.9138
v -0.6271 1.7905 -4.9065
v -0.6218 1.7905 -4.9046
v -0.6185 1.7905 -4.9093
v -0.6193 1.7905 -4.9177
v -0.6236 1.7905 -4.9250
v -0.6290 1.7905 -4.9268
v -0.6322 1.7905 -4.9222
v -0.6314 1.7905 -4.9138
v -0.6254 1.7921 -4.9157
v -0.6254 1.7921 -4.9157
v -0.6254 1.7921 -4.9157
v -0.6254 1.7921 -4.9157
v -0.6254 1.7921 -4.9157
v -0.6254 1.7921 -4.9157
v -0.6254 1.7921 -4.9157
v -0.6254 1.7921 -4.9157
v -0.6254 1.7921 -4.9157
v -0.6421 1.7813 -4.9212
v -0.6421 1.7813 -4.9212
v -0.6421 1.7813 -4.9212
v -0.6421 1.7813 -4.9212
v -0.6421 1.7813 -4.9212
v -0.6421 1.7813 -4.9212
v -0.6421 1.7813 -4.9212
v -0.6421 1.7813 -4.9212
v -0.6421 1.7813 -4.9212
v -0.6459 1.7829 -4.9263
v -0.6515 1.7829 -4.9200
v -0.6516 1.7829 -4.9143
v -0.6462 1.7829 -4.9127
v -0.6384 1.7829 -4.9160
v -0.6328 1.7829 -4.9224
v -0.6327 1.7829 -4.9280
v -0.6381 1.7829 -4.9297
v -0.6459 1.7829 -4.9263
v -0.6474 1.7867 -4.9285
v -0.6553 1.7867 -4.9195
v -0.6555 1.7867 -4.9115
v -0.6478 1.7867 -4.9092
v -0.6368 1.7867 -4.9139
v -0.6290 1.7867 -4.9229
v -0.6288 1.7867 -4.9309
v -0.6364 1.7867 -4.9332
v -0.6474 1.7867 -4.9285
v -0.6459 1.7905 -4.9263
v -0.6515 1.7905 -4.9200
v -0.6516 1.7905 -4.9143
v -0.6462 1.7905 -4.9127
v -0.6384 1.7905 -4.9160
v -0.6328 1.7905 -4.9224
v -0.6327 1.7905 -4.9280
v -0.6381 1.7905 -4.9297
v -0.6459 1.7905 -4.9263
v -0.6421 1.7921 -4.9212
v -0.6421 1.7921 -4.9212
v -0.6421 1.7921 -4.9212
v -0.6421 1.7921 -4.9212
v -0.6421 1.7921 -4.9212
v -0.6421 1.7921 -4.9212
v -0.6421 1.7921 -4.9212
v -0.6421 1.7921 -4.9212
v -0.6421 1.7921 -4.9212
v -0.6421 1.7813 -4.9388
v -0.6421 1.7813 -4.9388
v -0.6421 1.7813 -4.9388
v -0.6421 1.7813 -4.9388
v -0.6421 1.7813 -4.9388
v -0.6421 1.7813 -4.9388
v -0.6421 1.7813 -4.9388
v -0.6421 1.7813 -4.9388
v -0.6421 1.7813 -4.9388
v -0.6384 1.7829 -4.9440
v -0.6462 1.7829 -4.9473
v -0.6516 1.7829 -4.9457
v -0.6515 1.7829 -4.9400
v -0.6459 1.7829 -4.9337
v -0.6381 1.7829 -4.9303
v -0.6327 1.7829 -4.9320
v -0.6328 1.7829 -4.9376
v -0.6384 1.7829 -4.9440
v -0.6368 1.7867 -4.9461
v -0.6478 1.7867 -4.9508
v -0.6555 1.7867 -4.9485
v -0.6553 1.7867 -4.9405
v -0.6474 1.7867 -4.9315
v -0.6364 1.7867 -4.9268
v -0.6288 1.7867 -4.9291
v -0.6290 1.7867 -4.9371
v -0.6368 1.7867 -4.9461
v -0.6384 1.7905 -4.9440
v -0.6462 1.7905 -4.9473
v -0.6516 1.7905 -4.9457
v -0.6515 1.7905 -4.9400
v -0.6459 1.7905 -4.9337
v -0.6381 1.7905 -4.9303
v -0.6327 1.7905 -4.9320
v -0.6328 1.7905 -4.9376
v -0.6384 1.7905 -4.9440
v -0.6421 1.7921 -4.9388
v -0.6421 1.7921 -4.9388
v -0.6421 1.7921 -4.9388
v -0.6421 1.7921 -4.9388
v -0.6421 1.7921 -4.9388
v -0.6421 1.7921 -4.9388
v -0.6421 1.7921 -4.9388
v -0.6421 1.7921 -4.9388
v -0.6421 1.7921 -4.9388
v -0.6254 1.7813 -4.9443
v -0.6254 1.7813 -4.9443
v -0.6254 1.7813 -4.9443
v -0.6254 1.7813 -4.9443
v -0.6254 1.7813 -4.9443
v -0.6254 1.7813 -4.9443
v -0.6254 1.7813 -4.9443
v -0.6254 1.7813 -4.9443
v -0.6254 1.7813 -4.9443
v -0.6193 1.7829 -4.9423
v -0.6185 1.7829 -4.9507
v -0.6218 1.7829 -4.9554
v -0.6271 1.7829 -4.9535
v -0.6314 1.7829 -4.9462
v -0.6322 1.7829 -4.9378
v -0.6290 1.7829 -4.9332
v -0.6236 1.7829 -4.9350
v -0.6193 1.7829 -4.9423
v -0.6168 1.7867 -4.9415
v -0.6157 1.7867 -4.9534
v -0.6203 1.7867 -4.9600
v -0.6278 1.7867 -4.9573
v -0.6339 1.7867 -4.9470
v -0.6350 1.7867 -4.9351
v -0.6305 1.7867 -4.9286
v -0.6229 1.7867 -4.9312
v -0.6168 1.7867 -4.9415
v -0.6193 1.7905 -4.9423
v -0.6185 1.7905 -4.9507
v -0.6218 1.7905 -4.9554
v -0.6271 1.7905 -4.9535
v -0.6314 1.7905 -4.9462
v -0.6322 1.7905 -4.9378
v -0.6290 1.7905 -4.9332
v -0.6236 1.7905 -4.9350
v -0.6193 1.7905 -4.9423
v -0.6254 1.7921 -4.9443
v -0.6254 1.7921 -4.9443
v -0.6254 1.7921 -4.9443
v -0.6254 1.7921 -4.9443
v -0.6254 1.7921 -4.9443
v -0.6254 1.7921 -4.9443
v -0.6254 1.7921 -4.9443
v -0.6254 1.7921 -4.9443
v -0.6254 1.7921 -4.9443
v -0.6300 1.7807 -4.9300
v -0.6300 1.7807 -4.9300
v -0.6300 1.7807 -4.9300
v -0.6300 1.7807 -4.9300
v -0.6300 1.7807 -4.9300
v -0.6300 1.7807 -4.9300
v -0.6300 1.7807 -4.9300
v -0.6300 1.7824 -4.9247
v -0.6254 1.7824 -4.9273
v -0.6254 1.7824 -4.9327
v -0.6300 1.7824 -4.9353
v -0.6346 1.7824 -4.9327
v -0.6346 1.7824 -4.9273
v -0.6300 1.7824 -4.9247
v -0.6300 1.7867 -4.9225
v -0.6235 1.7867 -4.9263
v -0.6235 1.7867 -4.9338
v -0.6300 1.7867 -4.9375
v -0.6365 1.7867 -4.9338
v -0.6365 1.7867 -4.9263
v -0.6300 1.7867 -4.9225
v -0.6300 1.7909 -4.9247
v -0.6254 1.7909 -4.9273
v -0.6254 1.7909 -4.9327
v -0.6300 1.7909 -4.9353
v -0.6346 1.7909 -4.9327
v -0.6346 1.7909 -4.9273
v -0.6300 1.7909 -4.9247
v -0.6300 1.7927 -4.9300
v -0.6300 1.7927 -4.9300
v -0.6300 1.7927 -4.9300
v -0.6300 1.7927 -4.9300
v -0.6300 1.7927 -4.9300
v -0.6300 1.7927 -4.9300
v -0.6300 1.7927 -4.9300
v -0.4050 1.7813 -4.9300
v -0.4050 1.7813 -4.9300
v -0.4050 1.7813 -4.9300
v -0.4050 1.7813 -4.9300
v -0.4050 1.7813 -4.9300
v -0.4050 1.7813 -4.9300
v -0.4050 1.7813 -4.9300
v -0.4050 1.7813 -4.9300
v -0.4050 1.7813 -4.9300
v -0.4050 1.7829 -4.9236
v -0.3968 1.7829 -4.9255
v -0.3933 1.7829 -4.9300
v -0.3968 1.7829 -4.9345
v -0.4050 1.7829 -4.9364
v -0.4133 1.7829 -4.9345
v -0.4167 1.7829 -4.9300
v -0.4133 1.7829 -4.9255
v -0.4050 1.7829 -4.9236
v -0.4050 1.7867 -4.9210
v -0.3933 1.7867 -4.9236
v -0.3885 1.7867 -4.9300
v -0.3933 1.7867 -4.9364
v -0.4050 1.7867 -4.9390
v -0.4167 1.7867 -4.9364
v -0.4215 1.7867 -4.9300
v -0.4167 1.7867 -4.9236
v -0.4050 1.7867 -4.9210
v -0.4050 1.7905 -4.9236
v -0.3968 1.7905 -4.9255
v -0.3933 1.7905 -4.9300
v -0.3968 1.7905 -4.9345
v -0.4050 1.7905 -4.9364
v -0.4133 1.7905 -4.9345
v -0.4167 1.7905 -4.9300
v -0.4133 1.7905 -4.9255
v -0.4050 1.7905 -4.9236
v -0.4050 1.7921 -4.9300
v -0.4050 1.7921 -4.9300
v -0.4050 1.7921 -4.9300
v -0.4050 1.7921 -4.9300
v -0.4050 1.7921 -4.9300
v -0.4050 1.7921 -4.9300
v -0.4050 1.7921 -4.9300
v -0.4050 1.7921 -4.9300
v -0.4050 1.7921 -4.9300
v -0.4154 1.7813 -4.9157
v -0.4154 1.7813 -4.9157
v -0.4154 1.7813 -4.9157
v -0.4154 1.7813 -4.9157
v -0.4154 1.7813 -4.9157
v -0.4154 1.7813 -4.9157
v -0.4154 1.7813 -4.9157
v -0.4154 1.7813 -4.9157
v -0.4154 1.7813 -4.9157
v -0.4214 1.7829 -4.9138
v -0.4171 1.7829 -4.9065
v -0.4118 1.7829 -4.9046
v -0.4085 1.7829 -4.9093
v -0.4093 1.7829 -4.9177
v -0.4136 1.7829 -4.9250
v -0.4190 1.7829 -4.9268
v -0.4222 1.7829 -4.9222
v -0.4214 1.7829 -4.9138
v -0.4239 1.7867 -4.9130
v -0.4178 1.7867 -4.9027
v -0.4103 1.7867 -4.9000
v -0.4057 1.7867 -4.9066
v -0.4068 1.7867 -4.9185
v -0.4129 1.7867 -4.9288
v -0.4205 1.7867 -4.9314
v -0.4250 1.7867 -4.9249
v -0.4239 1.7867 -4.9130
v -0.4214 1.7905 -4.9138
v -0.4171 1.7905 -4.9065
v -0.4118 1.7905 -4.9046
v -0.4085 1.7905 -4.9093
v -0.4093 1.7905 -4.9177
v -0.4136 1.7905 -4.9250
v -0.4190 1.7905 -4.9268
v -0.4222 1.7905 -4.9222
v -0.4214 1.7905 -4.9138
v -0.4154 1.7921 -4.9157
v -0.4154 1.7921 -4.9157
v -0.4154 1.7921 -4.9157
v -0.4154 1.7921 -4.9157
v -0.4154 1.7921 -4.9157
v -0.4154 1.7921 -4.9157
v -0.4154 1.7921 -4.9157
v -0.4154 1.7921 -4.9157
v -0.4154 1.7921 -4.9157
v -0.4321 1.7813 -4.9212
v -0.4321 1.7813 -4.9212
v -0.4321 1.7813 -4.9212
v -0.4321 1.7813 -4.9212
v -0.4321 1.7813 -4.9212
v -0.4321 1.7813 -4.9212
v -0.4321 1.7813 -4.9212
v -0.4321 1.7813 -4.9212
v -0.4321 1.7813 -4.9212
v -0.4359 1.7829 -4.9263
v -0.4415 1.7829 -4.9200
v -0.4416 1.7829 -4.9143
v -0.4362 1.7829 -4.9127
v -0.4284 1.7829 -4.9160
v -0.4228 1.7829 -4.9224
v -0.4227 1.7829 -4.9280
v -0.4281 1.7829 -4.9297
v -0.4359 1.7829 -4.9263
v -0.4374 1.7867 -4.9285
v -0.4453 1.7867 -4.9195
v -0.4455 1.7867 -4.9115
v -0.4378 1.7867 -4.9092
v -0.4268 1.7867 -4.9139
v -0.4190 1.7867 -4.9229
v -0.4188 1.7867 -4.9309
v -0.4264 1.7867 -4.9332
v -0.4374 1.7867 -4.9285
v -0.4359 1.7905 -4.9263
v -0.4415 1.7905 -4.9200
v -0.4416 1.7905 -4.9143
v -0.4362 1.7905 -4.9127
v -0.4284 1.7905 -4.9160
v -0.4228 1.7905 -4.9224
v -0.4227 1.7905 -4.9280
v -0.4281 1.7905 -4.9297
v -0.4359 1.7905 -4.9263
v -0.4321 1.7921 -4.9212
v -0.4321 1.7921 -4.9212
v -0.4321 1.7921 -4.9212
v -0.4321 1.7921 -4.9212
v -0.4321 1.7921 -4.9212
v -0.4321 1.7921 -4.9212
v -0.4321 1.7921 -4.9212
v -0.4321 1.7921 -4.9212
v -0.4321 1.7921 -4.9212
v -0.4321 1.7813 -4.9388
v -0.4321 1.7813 -4.9388
v -0.4321 1.7813 -4.9388
v -0.4321 1.7813 -4.9388
v -0.4321 1.7813 -4.9388
v -0.4321 1.7813 -4.9388
v -0.4321 1.7813 -4.9388
v -0.4321 1.7813 -4.9388
v -0.4321 1.7813 -4.9388
v -0.4284 1.7829 -4.9440
v -0.4362 1.7829 -4.9473
v -0.4416 1.7829 -4.9457
v -0.4415 1.7829 -4.9400
v -0.4359 1.7829 -4.9337
v -0.4281 1.7829 -4.9303
v -0.4227 1.7829 -4.9320
v -0.4228 1.7829 -4.9376
v -0.4284 1.7829 -4.9440
v -0.4268 1.7867 -4.9461
v -0.4378 1.7867 -4.9508
v -0.4455 1.7867 -4.9485
v -0.4453 1.7867 -4.9405
v -0.4374 1.7867 -4.9315
v -0.4264 1.7867 -4.9268
v -0.4188 1.7867 -4.9291
v -0.4190 1.7867 -4.9371
v -0.4268 1.7867 -4.9461
v -0.4284 1.7905 -4.9440
v -0.4362 1.7905 -4.9473
v -0.4416 1.7905 -4.9457
v -0.4415 1.7905 -4.9400
v -0.4359 1.7905 -4.9337
v -0.4281 1.7905 -4.9303
v -0.4227 1.7905 -4.9320
v -0.4228 1.7905 -4.9376
v -0.4284 1.7905 -4.9440
v -0.4321 1.7921 -4.9388
v -0.4321 1.7921 -4.9388
v -0.4321 1.7921 -4.9388
v -0.4321 1.7921 -4.9388
v -0.4321 1.7921 -4.9388
v -0.4321 1.7921 -4.9388
v -0.4321 1.7921 -4.9388
v -0.4321 1.7921 -4.9388
v -0.4321 1.7921 -4.9388
v -0.4154 1.7813 -4.9443
v -0.4154 1.7813 -4.9443
v -0.4154 1.7813 -4.9443
v -0.4154 1.7813 -4.9443
v -0.4154 1.7813 -4.9443
v -0.4154 1.7813 -4.9443
v -0.4154 1.7813 -4.9443
v -0.4154 1.7813 -4.9443
v -0.4154 1.7813 -4.9443
v -0.4093 1.7829 -4.9423
v -0.4085 1.7829 -4.9507
v -0.4118 1.7829 -4.9554
v -0.4171 1.7829 -4.9535
v -0.4214 1.7829 -4.9462
v -0.4222 1.7829 -4.9378
v -0.4190 1.7829 -4.9332
v -0.4136 1.7829 -4.9350
v -0.4093 1.7829 -4.9423
v -0.4068 1.7867 -4.9415
v -0.4057 1.7867 -4.9534
v -0.4103 1.7867 -4.9600
v -0.4178 1.7867 -4.9573
v -0.4239 1.7867 -4.9470
v -0.4250 1.7867 -4.9351
v -0.4205 1.7867 -4.9286
v -0.4129 1.7867 -4.9312
v -0.4068 1.7867 -4.9415
v -0.4093 1.7905 -4.9423
v -0.4085 1.7905 -4.9507
v -0.4118 1.7905 -4.9554
v -0.4171 1.7905 -4.9535
v -0.4214 1.7905 -4.9462
v -0.4222 1.7905 -4.9378
v -0.4190 1.7905 -4.9332
v -0.4136 1.7905 -4.9350
v -0.4093 1.7905 -4.9423
v -0.4154 1.7921 -4.9443
v -0.4154 1.7921 -4.9443
v -0.4154 1.7921 -4.9443
v -0.4154 1.7921 -4.9443
v -0.4154 1.7921 -4.9443
v -0.4154 1.7921 -4.9443
v -0.4154 1.7921 -4.9443
v -0.4154 1.7921 -4.9443
v -0.4154 1.7921 -4.9443
v -0.4200 1.7807 -4.9300
v -0.4200 1.7807 -4.9300
v -0.4200 1.7807 -4.9300
v -0.4200 1.7807 -4.9300
v -0.4200 1.7807 -4.9300
v -0.4200 1.7807 -4.9300
v -0.4200 1.7807 -4.9300
v -0.4200 1.7824 -4.9247
v -0.4154 1.7824 -4.9273
v -0.4154 1.7824 -4.9327
v -0.4200 1.7824 -4.9353
v -0.4246 1.7824 -4.9327
v -0.4246 1.7824 -4.9273
v -0.4200 1.7824 -4.9247
v -0.4200 1.7867 -4.9225
v -0.4135 1.7867 -4.9263
v -0.4135 1.7867 -4.9338
v -0.4200 1.7867 -4.9375
v -0.4265 1.7867 -4.9338
v -0.4265 1.7867 -4.9263
v -0.4200 1.7867 -4.9225
v -0.4200 1.7909 -4.9247
v -0.4154 1.7909 -4.9273
v -0.4154 1.7909 -4.9327
v -0.4200 1.7909 -4.9353
v -0.4246 1.7909 -4.9327
v -0.4246 1.7909 -4.9273
v -0.4200 1.7909 -4.9247
v -0.4200 1.7927 -4.9300
v -0.4200 1.7927 -4.9300
v -0.4200 1.7927 -4.9300
v -0.4200 1.7927 -4.9300
v -0.4200 1.7927 -4.9300
v -0.4200 1.7927 -4.9300
v -0.4200 1.7927 -4.9300
v -0.1950 1.8204 -4.9300
v -0.1950 1.8204 -4.9300
v -0.1950 1.8204 -4.9300
v -0.1950 1.8204 -4.9300
v -0.1950 1.8204 -4.9300
v -0.1950 1.8204 -4.9300
v -0.1950 1.8204 -4.9300
v -0.1950 1.8204 -4.9300
v -0.1950 1.8204 -4.9300
v -0.1950 1.8220 -4.9236
v -0.1867 1.8220 -4.9255
v -0.1833 1.8220 -4.9300
v -0.1867 1.8220 -4.9345
v -0.1950 1.8220 -4.9364
v -0.2032 1.8220 -4.9345
v -0.2067 1.8220 -4.9300
v -0.2032 1.8220 -4.9255
v -0.1950 1.8220 -4.9236
v -0.1950 1.8258 -4.9210
v -0.1833 1.8258 -4.9236
v -0.1785 1.8258 -4.9300
v -0.1833 1.8258 -4.9364
v -0.1950 1.8258 -4.9390
v -0.2067 1.8258 -4.9364
v -0.2115 1.8258 -4.9300
v -0.2067 1.8258 -4.9236
v -0.1950 1.8258 -4.9210
v -0.1950 1.8296 -4.9236
v -0.1867 1.8296 -4.9255
v -0.1833 1.8296 -4.9300
v -0.1867 1.8296 -4.9345
v -0.1950 1.8296 -4.9364
v -0.2032 1.8296 -4.9345
v -0.2067 1.8296 -4.9300
v -0.2032 1.8296 -4.9255
v -0.1950 1.8296 -4.9236
v -0.1950 1.8312 -4.9300
v -0.1950 1.8312 -4.9300
v -0.1950 1.8312 -4.9300
v -0.1950 1.8312 -4.9300
v -0.1950 1.8312 -4.9300
v -0.1950 1.8312 -4.9300
v -0.1950 1.8312 -4.9300
v -0.1950 1.8312 -4.9300
v -0.1950 1.8312 -4.9300
v -0.2054 1.8204 -4.9157
v -0.2054 1.8204 -4.9157
v -0.2054 1.8204 -4.9157
v -0.2054 1.8204 -4.9157
v -0.2054 1.8204 -4.9157
v -0.2054 1.8204 -4.9157
v -0.2054 1.8204 -4.9157
v -0.2054 1.8204 -4.9157
v -0.2054 1.8204 -4.9157
v -0.2114 1.8220 -4.9138
v -0.2071 1.8220 -4.9065
v -0.2018 1.8220 -4.9046
v -0.1985 1.8220 -4.9093
v -0.1993 1.8220 -4.9177
v -0.2036 1.8220 -4.9250
v -0.2090 1.8220 -4.9268
v -0.2122 1.8220 -4.9222
v -0.2114 1.8220 -4.9138
v -0.2139 1.8258 -4.9130
v -0.2078 1.8258 -4.9027
v -0.2003 1.8258 -4.9000
v -0.1957 1.8258 -4.9066
v -0.1968 1.8258 -4.9185
v -0.2029 1.8258 -4.9288
v -0.2105 1.8258 -4.9314
v -0.2150 1.8258 -4.9249
v -0.2139 1.8258 -4.9130
v -0.2114 1.8296 -4.9138
v -0.2071 1.8296 -4.9065
v -0.2018 1.8296 -4.9046
v -0.1985 1.8296 -4.9093
v -0.1993 1.8296 -4.9177
v -0.2036 1.8296 -4.9250
v -0.2090 1.8296 -4.9268
v -0.2122 1.8296 -4.9222
v -0.2114 1.8296 -4.9138
v -0.2054 1.8312 -4.9157
v -0.2054 1.8312 -4.9157
v -0.2054 1.8312 -4.9157
v -0.2054 1.8312 -4.9157
v -0.2054 1.8312 -4.9157
v -0.2054 1.8312 -4.9157
v -0.2054 1.8312 -4.9157
v -0.2054 1.8312 -4.9157
v -0.2054 1.8312 -4.9157
v -0.2221 1.8204 -4.9212
v -0.2221 1.8204 -4.9212
v -0.2221 1.8204 -4.9212
v -0.2221 1.8204 -4.9212
v -0.2221 1.8204 -4.9212
v -0.2221 1.8204 -4.9212
v -0.2221 1.8204 -4.9212
v -0.2221 1.8204 -4.9212
v -0.2221 1.8204 -4.9212
v -0.2259 1.8220 -4.9263
v -0.2315 1.8220 -4.9200
v -0.2316 1.8220 -4.9143
v -0.2262 1.8220 -4.9127
v -0.2184 1.8220 -4.9160
v -0.2128 1.8220 -4.9224
v -0.2127 1.8220 -4.9280
v -0.2181 1.8220 -4.9297
v -0.2259 1.8220 -4.9263
v -0.2274 1.8258 -4.9285
v -0.2353 1.8258 -4.9195
v -0.2355 1.8258 -4.9115
v -0.2278 1.8258 -4.9092
v -0.2168 1.8258 -4.9139
v -0.2090 1.8258 -4.9229
v -0.2088 1.8258 -4.9309
v -0.2164 1.8258 -4.9332
v -0.2274 1.8258 -4.9285
v -0.2259 1.8296 -4.9263
v -0.2315 1.8296 -4.9200
v -0.2316 1.8296 -4.9143
v -0.2262 1.8296 -4.9127
v -0.2184 1.8296 -4.9160
v -0.2128 1.8296 -4.9224
v -0.2127 1.8296 -4.9280
v -0.2181 1.8296 -4.9297
v -0.2259 1.8296 -4.9263
v -0.2221 1.8312 -4.9212
v -0.2221 1.8312 -4.9212
v -0.2221 1.8312 -4.9212
v -0.2221 1.8312 -4.9212
v -0.2221 1.8312 -4.9212
v -0.2221 1.8312 -4.9212
v -0.2221 1.8312 -4.9212
v -0.2221 1.8312 -4.9212
v -0.2221 1.8312 -4.9212
v -0.2221 1.8204 -4.9388
v -0.2221 1.8204 -4.9388
v -0.2221 1.8204 -4.9388
v -0.2221 1.8204 -4.9388
v -0.2221 1.8204 -4.9388
v -0.2221 1.8204 -4.9388
v -0.2221 1.8204 -4.9388
v -0.2221 1.8204 -4.9388
v -0.2221 1.8204 -4.9388
v -0.2184 1.8220 -4.9440
v -0.2262 1.8220 -4.9473
v -0.2316 1.8220 -4.9457
v -0.2315 1.8220 -4.9400
v -0.2259 1.8220 -4.9337
v -0.2181 1.8220 -4.9303
v -0.2127 1.8220 -4.9320
v -0.2128 1.8220 -4.9376
v -0.2184 1.8220 -4.9440
v -0.2168 1.8258 -4.9461
v -0.2278 1.8258 -4.9508
v -0.2355 1.8258 -4.9485
v -0.2353 1.8258 -4.9405
v -0.2274 1.8258 -4.9315
v -0.2164 1.8258 -4.9268
v -0.2088 1.8258 -4.9291
v -0.2090 1.8258 -4.9371
v -0.2168 1.8258 -4.9461
v -0.2184 1.8296 -4.9440
v -0.2262 1.8296 -4.9473
v -0.2316 1.8296 -4.9457
v -0.2315 1.8296 -4.9400
v -0.2259 1.8296 -4.9337
v -0.2181 1.8296 -4.9303
v -0.2127 1.8296 -4.9320
v -0.2128 1.8296 -4.9376
v -0.2184 1.8296 -4.9440
v -0.2221 1.8312 -4.9388
v -0.2221 1.8312 -4.9388
v -0.2221 1.8312 -4.9388
v -0.2221 1.8312 -4.9388
v -0.2221 1.8312 -4.9388
v -0.2221 1.8312 -4.9388
v -0.2221 1.8312 -4.9388
v -0.2221 1.8312 -4.9388
v -0.2221 1.8312 -4.9388
v -0.2054 1.8204 -4.9443
v -0.2054 1.8204 -4.9443
v -0.2054 1.8204 -4.9443
v -0.2054 1.8204 -4.9443
v -0.2054 1.8204 -4.9443
v -0.2054 1.8204 -4.9443
v -0.2054 1.8204 -4.9443
v -0.2054 1.8204 -4.9443
v -0.2054 1.8204 -4.9443
v -0.1993 1.8220 -4.9423
v -0.1985 1.8220 -4.9507
v -0.2018 1.8220 -4.9554
v -0.2071 1.8220 -4.9535
v -0.2114 1.8220 -4.9462
v -0.2122 1.8220 -4.9378
v -0.2090 1.8220 -4.9332
v -0.2036 1.8220 -4.9350
v -0.1993 1.8220 -4.9423
v -0.1968 1.8258 -4.9415
v -0.1957 1.8258 -4.9534
v -0.2003 1.8258 -4.9600
v -0.2078 1.8258 -4.9573
v -0.2139 1.8258 -4.9470
v -0.2150 1.8258 -4.9351
v -0.2105 1.8258 -4.9286
v -0.2029 1.8258 -4.9312
v -0.1968 1.8258 -4.9415
v -0.1993 1.8296 -4.9423
v -0.1985 1.8296 -4.9507
v -0.2018 1.8296 -4.9554
v -0.2071 1.8296 -4.9535
v -0.2114 1.8296 -4.9462
v -0.2122 1.8296 -4.9378
v -0.2090 1.8296 -4.9332
v -0.2036 1.8296 -4.9350
v -0.1993 1.8296 -4.9423
v -0.2054 1.8312 -4.9443
v -0.2054 1.8312 -4.9443
v -0.2054 1.8312 -4.9443
v -0.2054 1.8312 -4.9443
v -0.2054 1.8312 -4.9443
v -0.2054 1.8312 -4.9443
v -0.2054 1.8312 -4.9443
v -0.2054 1.8312 -4.9443
v -0.2054 1.8312 -4.9443
v -0.2100 1.8198 -4.9300
v -0.2100 1.8198 -4.9300
v -0.2100 1.8198 -4.9300
v -0.2100 1.8198 -4.9300
v -0.2100 1.8198 -4.9300
v -0.2100 1.8198 -4.9300
v -0.2100 1.8198 -4.9300
v -0.2100 1.8216 -4.9247
v -0.2054 1.8216 -4.9273
v -0.2054 1.8216 -4.9327
v -0.2100 1.8216 -4.9353
v -0.2146 1.8216 -4.9327
v -0.2146 1.8216 -4.9273
v -0.2100 1.8216 -4.9247
v -0.2100 1.8258 -4.9225
v -0.2035 1.8258 -4.9263
v -0.2035 1.8258 -4.9338
v -0.2100 1.8258 -4.9375
v -0.2165 1.8258 -4.9338
v -0.2165 1.8258 -4.9263
v -0.2100 1.8258 -4.9225
v -0.2100 1.8301 -4.9247
v -0.2054 1.8301 -4.9273
v -0.2054 1.8301 -4.9327
v -0.2100 1.8301 -4.9353
v -0.2146 1.8301 -4.9327
v -0.2146 1.8301 -4.9273
v -0.2100 1.8301 -4.9247
v -0.2100 1.8318 -4.9300
v -0.2100 1.8318 -4.9300
v -0.2100 1.8318 -4.9300
v -0.2100 1.8318 -4.9300
v -0.2100 1.8318 -4.9300
v -0.2100 1.8318 -4.9300
v -0.2100 1.8318 -4.9300
v 0.0150 1.8446 -4.9300
v 0.0150 1.8446 -4.9300
v 0.0150 1.8446 -4.9300
v 0.0150 1.8446 -4.9300
v 0.0150 1.8446 -4.9300
v 0.0150 1.8446 -4.9300
v 0.0150 1.8446 -4.9300
v 0.0150 1.8446 -4.9300
v 0.0150 1.8446 -4.9300
v 0.0150 1.8462 -4.9236
v 0.0232 1.8462 -4.9255
v 0.0267 1.8462 -4.9300
v 0.0232 1.8462 -4.9345
v 0.0150 1.8462 -4.9364
v 0.0067 1.8462 -4.9345
v 0.0033 1.8462 -4.9300
v 0.0067 1.8462 -4.9255
v 0.0150 1.8462 -4.9236
v 0.0150 1.8500 -4.9210
v 0.0267 1.8500 -4.9236
v 0.0315 1.8500 -4.9300
v 0.0267 1.8500 -4.9364
v 0.0150 1.8500 -4.9390
v 0.0033 1.8500 -4.9364
v -0.0015 1.8500 -4.9300
v 0.0033 1.8500 -4.9236
v 0.0150 1.8500 -4.9210
v 0.0150 1.8538 -4.9236
v 0.0232 1.8538 -4.9255
v 0.0267 1.8538 -4.9300
v 0.0232 1.8538 -4.9345
v 0.0150 1.8538 -4.9364
v 0.0067 1.8538 -4.9345
v 0.0033 1.8538 -4.9300
v 0.0067 1.8538 -4.9255
v 0.0150 1.8538 -4.9236
v 0.0150 1.8554 -4.9300
v 0.0150 1.8554 -4.9300
v 0.0150 1.8554 -4.9300
v 0.0150 1.8554 -4.9300
v 0.0150 1.8554 -4.9300
v 0.0150 1.8554 -4.9300
v 0.0150 1.8554 -4.9300
v 0.0150 1.8554 -4.9300
v 0.0150 1.8554 -4.9300
v 0.0046 1.8446 -4.9157
v 0.0046 1.8446 -4.9157
v 0.0046 1.8446 -4.9157
v 0.0046 1.8446 -4.9157
v 0.0046 1.8446 -4.9157
v 0.0046 1.8446 -4.9157
v 0.0046 1.8446 -4.9157
v 0.0046 1.8446 -4.9157
v 0.0046 1.8446 -4.9157
v -0.0014 1.8462 -4.9138
v 0.0029 1.8462 -4.9065
v 0.0082 1.8462 -4.9046
v 0.0115 1.8462 -4.9093
v 0.0107 1.8462 -4.9177
v 0.0064 1.8462 -4.9250
v 0.0010 1.8462 -4.9268
v -0.0022 1.8462 -4.9222
v -0.0014 1.8462 -4.9138
v -0.0039 1.8500 -4.9130
v 0.0022 1.8500 -4.9027
v 0.0097 1.8500 -4.9000
v 0.0143 1.8500 -4.9066
v 0.0132 1.8500 -4.9185
v 0.0071 1.8500 -4.9288
v -0.0005 1.8500 -4.9314
v -0.0050 1.8500 -4.9249
v -0.0039 1.8500 -4.9130
v -0.0014 1.8538 -4.9138
v 0.0029 1.8538 -4.9065
v 0.0082 1.8538 -4.9046
v 0.0115 1.8538 -4.9093
v 0.0107 1.8538 -4.9177
v 0.0064 1.8538 -4.9250
v 0.0010 1.8538 -4.9268
v -0.0022 1.8538 -4.9222
v -0.0014 1.8538 -4.9138
v 0.0046 1.8554 -4.9157
v 0.0046 1.8554 -4.9157
v 0.0046 1.8554 -4.9157
v 0.0046 1.8554 -4.9157
v 0.0046 1.8554 -4.9157
v 0.0046 1.8554 -4.9157
v 0.0046 1.8554 -4.9157
v 0.0046 1.8554 -4.9157
v 0.0046 1.8554 -4.9157
v -0.0121 1.8446 -4.9212
v -0.0121 1.8446 -4.9212
v -0.0121 1.8446 -4.9212
v -0.0121 1.8446 -4.9212
v -0.0121 1.8446 -4.9212
v -0.0121 1.8446 -4.9212
v -0.0121 1.8446 -4.9212
v -0.0121 1.8446 -4.9212
v -0.0121 1.8446 -4.9212
v -0.0159 1.8462 -4.9263
v -0.0215 1.8462 -4.9200
v -0.0216 1.8462 -4.9143
v -0.0162 1.8462 -4.9127
v -0.0084 1.8462 -4.9160
v -0.0028 1.8462 -4.9224
v -0.0027 1.8462 -4.9280
v -0.0081 1.8462 -4.9297
v -0.0159 1.8462 -4.9263
v -0.0174 1.8500 -4.9285
v -0.0253 1.8500 -4.9195
v -0.0255 1.8500 -4.9115
v -0.0178 1.8500 -4.9092
v -0.0068 1.8500 -4.9139
v 0.0010 1.8500 -4.9229
v 0.0012 1.8500 -4.9309
v -0.0064 1.8500 -4.9332
v -0.0174 1.8500 -4.9285
v -0.0159 1.8538 -4.9263
v -0.0215 1.8538 -4.9200
v -0.0216 1.8538 -4.9143
v -0.0162 1.8538 -4.9127
v -0.0084 1.8538 -4.9160
v -0.0028 1.8538 -4.9224
v -0.0027 1.8538 -4.9280
v -0.0081 1.8538 -4.9297
v -0.0159 1.8538 -4.9263
v -0.0121 1.8554 -4.9212
v -0.0121 1.8554 -4.9212
v -0.0121 1.8554 -4.9212
v -0.0121 1.8554 -4.9212
v -0.0121 1.8554 -4.9212
v -0.0121 1.8554 -4.9212
v -0.0121 1.8554 -4.9212
v -0.0121 1.8554 -4.9212
v -0.0121 1.8554 -4.9212
v -0.0121 1.8446 -4.9388
v -0.0121 1.8446 -4.9388
v -0.0121 1.8446 -4.9388
v -0.0121 1.8446 -4.9388
v -0.0121 1.8446 -4.9388
v -0.0121 1.8446 -4.9388
v -0.0121 1.8446 -4.9388
v -0.0121 1.8446 -4.9388
v -0.0121 1.8446 -4.9388
v -0.0084 1.8462 -4.9440
v -0.0162 1.8462 -4.9473
v -0.0216 1.8462 -4.9457
v -0.0215 1.8462 -4.9400
v -0.0159 1.8462 -4.9337
v -0.0081 1.8462 -4.9303
v -0.0027 1.8462 -4.9320
v -0.0028 1.8462 -4.9376
v -0.0084 1.8462 -4.9440
v -0.0068 1.8500 -4.9461
v -0.0178 1.8500 -4.9508
v -0.0255 1.8500 -4.9485
v -0.0253 1.8500 -4.9405
v -0.0174 1.8500 -4.9315
v -0.0064 1.8500 -4.9268
v 0.0012 1.8500 -4.9291
v 0.0010 1.8500 -4.9371
v -0.0068 1.8500 -4.9461
v -0.0084 1.8538 -4.9440
v -0.0162 1.8538 -4.9473
v -0.0216 1.8538 -4.9457
v -0.0215 1.8538 -4.9400
v -0.0159 1.8538 -4.9337
v -0.0081 1.8538 -4.9303
v -0.0027 1.8538 -4.9320
v -0.0028 1.8538 -4.9376
v -0.0084 1.8538 -4.9440
v -0.0121 1.8554 -4.9388
v -0.0121 1.8554 -4.9388
v -0.0121 1.8554 -4.9388
v -0.0121 1.8554 -4.9388
v -0.0121 1.8554 -4.9388
v -0.0121 1.8554 -4.9388
v -0.0121 1.8554 -4.9388
v -0.0121 1.8554 -4.9388
v -0.0121 1.8554 -4.9388
v 0.0046 1.8446 -4.9443
v 0.0046 1.8446 -4.9443
v 0.0046 1.8446 -4.9443
v 0.0046 1.8446 -4.9443
v 0.0046 1.8446 -4.9443
v 0.0046 1.8446 -4.9443
v 0.0046 1.8446 -4.9443
v 0.0046 1.8446 -4.9443
v 0.0046 1.8446 -4.9443
v 0.0107 1.8462 -4.9423
v 0.0115 1.8462 -4.9507
v 0.0082 1.8462 -4.9554
v 0.0029 1.8462 -4.9535
v -0.0014 1.8462 -4.9462
v -0.0022 1.8462 -4.9378
v 0.0010 1.8462 -4.9332
v 0.0064 1.8462 -4.9350
v 0.0107 1.8462 -4.9423
v 0.0132 1.8500 -4.9415
v 0.0143 1.8500 -4.9534
v 0.0097 1.8500 -4.9600
v 0.0022 1.8500 -4.9573
v -0.0039 1.8500 -4.9470
v -0.0050 1.8500 -4.9351
v -0.0005 1.8500 -4.9286
v 0.0071 1.8500 -4.9312
v 0.0132 1.8500 -4.9415
v 0.0107 1.8538 -4.9423
v 0.0115 1.8538 -4.9507
v 0.0082 1.8538 -4.9554
v 0.0029 1.8538 -4.9535
v -0.0014 1.8538 -4.9462
v -0.0022 1.8538 -4.9378
v 0.0010 1.8538 -4.9332
v 0.0064 1.8538 -4.9350
v 0.0107 1.8538 -4.9423
v 0.0046 1.8554 -4.9443
v 0.0046 1.8554 -4.9443
v 0.0046 1.8554 -4.9443
v 0.0046 1.8554 -4.9443
v 0.0046 1.8554 -4.9443
v 0.0046 1.8554 -4.9443
v 0.0046 1.8554 -4.9443
v 0.0046 1.8554 -4.9443
v 0.0046 1.8554 -4.9443
v 0.0000 1.8440 -4.9300
v 0.0000 1.8440 -4.9300
v 0.0000 1.8440 -4.9300
v 0.0000 1.8440 -4.9300
v -0.0000 1.8440 -4.9300
v -0.0000 1.8440 -4.9300
v -0.0000 1.8440 -4.9300
v 0.0000 1.8458 -4.9247
v 0.0046 1.8458 -4.9273
v 0.0046 1.8458 -4.9327
v 0.0000 1.8458 -4.9353
v -0.0046 1.8458 -4.9327
v -0.0046 1.8458 -4.9273
v -0.0000 1.8458 -4.9247
v 0.0000 1.8500 -4.9225
v 0.0065 1.8500 -4.9263
v 0.0065 1.8500 -4.9338
v 0.0000 1.8500 -4.9375
v -0.0065 1.8500 -4.9338
v -0.0065 1.8500 -4.9263
v -0.0000 1.8500 -4.9225
v 0.0000 1.8542 -4.9247
v 0.0046 1.8542 -4.9273
v 0.0046 1.8542 -4.9327
v 0.0000 1.8542 -4.9353
v -0.0046 1.8542 -4.9327
v -0.0046 1.8542 -4.9273
v -0.0000 1.8542 -4.9247
v 0.0000 1.8560 -4.9300
v 0.0000 1.8560 -4.9300
v 0.0000 1.8560 -4.9300
v 0.0000 1.8560 -4.9300
v -0.0000 1.8560 -4.9300
v -0.0000 1.8560 -4.9300
v -0.0000 1.8560 -4.9300
v 0.2250 1.8204 -4.9300
v 0.2250 1.8204 -4.9300
v 0.2250 1.8204 -4.9300
v 0.2250 1.8204 -4.9300
v 0.2250 1.8204 -4.9300
v 0.2250 1.8204 -4.9300
v 0.2250 1.8204 -4.9300
v 0.2250 1.8204 -4.9300
v 0.2250 1.8204 -4.9300
v 0.2250 1.8220 -4.9236
v 0.2332 1.8220 -4.9255
v 0.2367 1.8220 -4.9300
v 0.2332 1.8220 -4.9345
v 0.2250 1.8220 -4.9364
v 0.2167 1.8220 -4.9345
v 0.2133 1.8220 -4.9300
v 0.2167 1.8220 -4.9255
v 0.2250 1.8220 -4.9236
v 0.2250 1.8258 -4.9210
v 0.2367 1.8258 -4.9236
v 0.2415 1.8258 -4.9300
v 0.2367 1.8258 -4.9364
v 0.2250 1.8258 -4.9390
v 0.2133 1.8258 -4.9364
v 0.2085 1.8258 -4.9300
v 0.2133 1.8258 -4.9236
v 0.2250 1.8258 -4.9210
v 0.2250 1.8296 -4.9236
v 0.2332 1.8296 -4.9255
v 0.2367 1.8296 -4.9300
v 0.2332 1.8296 -4.9345
v 0.2250 1.8296 -4.9364
v 0.2167 1.8296 -4.9345
v 0.2133 1.8296 -4.9300
v 0.2167 1.8296 -4.9255
v 0.2250 1.8296 -4.9236
v 0.2250 1.8312 -4.9300
v 0.2250 1.8312 -4.9300
v 0.2250 1.8312 -4.9300
v 0.2250 1.8312 -4.9300
v 0.2250 1.8312 -4.9300
v 0.2250 1.8312 -4.9300
v 0.2250 1.8312 -4.9300
v 0.2250 1.8312 -4.9300
v 0.2250 1.8312 -4.9300
v 0.2146 1.8204 -4.9157
v 0.2146 1.8204 -4.9157
v 0.2146 1.8204 -4.9157
v 0.2146 1.8204 -4.9157
v 0.2146 1.8204 -4.9157
v 0.2146 1.8204 -4.9157
v 0.2146 1.8204 -4.9157
v 0.2146 1.8204 -4.9157
v 0.2146 1.8204 -4.9157
v 0.2086 1.8220 -4.9138
v 0.2129 1.8220 -4.9065
v 0.2182 1.8220 -4.9046
v 0.2215 1.8220 -4.9093
v 0.2207 1.8220 -4.9177
v 0.2164 1.8220 -4.9250
v 0.2110 1.8220 -4.9268
v 0.2078 1.8220 -4.9222
v 0.2086 1.8220 -4.9138
v 0.2061 1.8258 -4.9130
v 0.2122 1.8258 -4.9027
v 0.2197 1.8258 -4.9000
v 0.2243 1.8258 -4.9066
v 0.2232 1.8258 -4.9185
v 0.2171 1.8258 -4.9288
v 0.2095 1.8258 -4.9314
v 0.2050 1.8258 -4.9249
v 0.2061 1.8258 -4.9130
v 0.2086 1.8296 -4.9138
v 0.2129 1.8296 -4.9065
v 0.2182 1.8296 -4.9046
v 0.2215 1.8296 -4.9093
v 0.2207 1.8296 -4.9177
v 0.2164 1.8296 -4.9250
v 0.2110 1.8296 -4.9268
v 0.2078 1.8296 -4.9222
v 0.2086 1.8296 -4.9138
v 0.2146 1.8312 -4.9157
v 0.2146 1.8312 -4.9157
v 0.2146 1.8312 -4.9157
v 0.2146 1.8312 -4.9157
v 0.2146 1.8312 -4.9157
v 0.2146 1.8312 -4.9157
v 0.2146 1.8312 -4.9157
v 0.2146 1.8312 -4.9157
v 0.2146 1.8312 -4.9157
v 0.1979 1.8204 -4.9212
v 0.1979 1.8204 -4.9212
v 0.1979 1.8204 -4.9212
v 0.1979 1.8204 -4.9212
v 0.1979 1.8204 -4.9212
v 0.1979 1.8204 -4.9212
v 0.1979 1.8204 -4.9212
v 0.1979 1.8204 -4.9212
v 0.1979 1.8204 -4.9212
v 0.1941 1.8220 -4.9263
v 0.1885 1.8220 -4.9200
v 0.1884 1.8220 -4.9143
v 0.1938 1.8220 -4.9127
v 0.2016 1.8220 -4.9160
v 0.2072 1.8220 -4.9224
v 0.2073 1.8220 -4.9280
v 0.2019 1.8220 -4.9297
v 0.1941 1.8220 -4.9263
v 0.1926 1.8258 -4.9285
v 0.1847 1.8258 -4.9195
v 0.1845 1.8258 -4.9115
v 0.1922 1.8258 -4.9092
v 0.2032 1.8258 -4.9139
v 0.2110 1.8258 -4.9229
v 0.2112 1.8258 -4.9309
v 0.2036 1.8258 -4.9332
v 0.1926 1.8258 -4.9285
v 0.1941 1.8296 -4.9263
v 0.1885 1.8296 -4.9200
v 0.1884 1.8296 -4.9143
v 0.1938 1.8296 -4.9127
v 0.2016 1.8296 -4.9160
v 0.2072 1.8296 -4.9224
v 0.2073 1.8296 -4.9280
v 0.2019 1.8296 -4.9297
v 0.1941 1.8296 -4.9263
v 0.1979 1.8312 -4.9212
v 0.1979 1.8312 -4.9212
v 0.1979 1.8312 -4.9212
v 0.1979 1.8312 -4.9212
v 0.1979 1.8312 -4.9212
v 0.1979 1.8312 -4.9212
v 0.1979 1.8312 -4.9212
v 0.1979 1.8312 -4.9212
v 0.1979 1.8312 -4.9212
v 0.1979 1.8204 -4.9388
v 0.1979 1.8204 -4.9388
v 0.1979 1.8204 -4.9388
v 0.1979 1.8204 -4.9388
v 0.1979 1.8204 -4.9388
v 0.1979 1.8204 -4.9388
v 0.1979 1.8204 -4.9388
v 0.1979 1.8204 -4.9388
v 0.1979 1.8204 -4.9388
v 0.2016 1.8220 -4.9440
v 0.1938 1.8220 -4.9473
v 0.1884 1.8220 -4.9457
v 0.1885 1.8220 -4.9400
v 0.1941 1.8220 -4.9337
v 0.2019 1.8220 -4.9303
v 0.2073 1.8220 -4.9320
v 0.2072 1.8220 -4.9376
v 0.2016 1.8220 -4.9440
v 0.2032 1.8258 -4.9461
v 0.1922 1.8258 -4.9508
v 0.1845 1.8258 -4.9485
v 0.1847 1.8258 -4.9405
v 0.1926 1.8258 -4.9315
v 0.2036 1.8258 -4.9268
v 0.2112 1.8258 -4.9291
v 0.2110 1.8258 -4.9371
v 0.2032 1.8258 -4.9461
v 0.2016 1.8296 -4.9440
v 0.1938 1.8296 -4.9473
v 0.1884 1.8296 -4.9457
v 0.1885 1.8296 -4.9400
v 0.1941 1.8296 -4.9337
v 0.2019 1.8296 -4.9303
v 0.2073 1.8296 -4.9320
v 0.2072 1.8296 -4.9376
v 0.2016 1.8296 -4.9440
v 0.1979 1.8312 -4.9388
v 0.1979 1.8312 -4.9388
v 0.1979 1.8312 -4.9388
v 0.1979 1.8312 -4.9388
v 0.1979 1.8312 -4.9388
v 0.1979 1.8312 -4.9388
v 0.1979 1.8312 -4.9388
v 0.1979 1.8312 -4.9388
v 0.1979 1.8312 -4.9388
v 0.2146 1.8204 -4.9443
v 0.2146 1.8204 -4.9443
v 0.2146 1.8204 -4.9443
v 0.2146 1.8204 -4.9443
v 0.2146 1.8204 -4.9443
v 0.2146 1.8204 -4.9443
v 0.2146 1.8204 -4.9443
v 0.2146 1.8204 -4.9443
v 0.2146 1.8204 -4.9443
v 0.2207 1.8220 -4.9423
v 0.2215 1.8220 -4.9507
v 0.2182 1.8220 -4.9554
v 0.2129 1.8220 -4.9535
v 0.2086 1.8220 -4.9462
v 0.2078 1.8220 -4.9378
v 0.2110 1.8220 -4.9332
v 0.2164 1.8220 -4.9350
v 0.2207 1.8220 -4.9423
v 0.2232 1.8258 -4.9415
v 0.2243 1.8258 -4.9534
v 0.2197 1.8258 -4.9600
v 0.2122 1.8258 -4.9573
v 0.2061 1.8258 -4.9470
v 0.2050 1.8258 -4.9351
v 0.2095 1.8258 -4.9286
v 0.2171 1.8258 -4.9312
v 0.2232 1.8258 -4.9415
v 0.2207 1.8296 -4.9423
v 0.2215 1.8296 -4.9507
v 0.2182 1.8296 -4.9554
v 0.2129 1.8296 -4.9535
v 0.2086 1.8296 -4.9462
v 0.2078 1.8296 -4.9378
v 0.2110 1.8296 -4.9332
v 0.2164 1.8296 -4.9350
v 0.2207 1.8296 -4.9423
v 0.2146 1.8312 -4.9443
v 0.2146 1.8312 -4.9443
v 0.2146 1.8312 -4.9443
v 0.2146 1.8312 -4.9443
v 0.2146 1.8312 -4.9443
v 0.2146 1.8312 -4.9443
v 0.2146 1.8312 -4.9443
v 0.2146 1.8312 -4.9443
v 0.2146 1.8312 -4.9443
v 0.2100 1.8198 -4.9300
v 0.2100 1.8198 -4.9300
v 0.2100 1.8198 -4.9300
v 0.2100 1.8198 -4.9300
v 0.2100 1.8198 -4.9300
v 0.2100 1.8198 -4.9300
v 0.2100 1.8198 -4.9300
v 0.2100 1.8216 -4.9247
v 0.2146 1.8216 -4.9273
v 0.2146 1.8216 -4.9327
v 0.2100 1.8216 -4.9353
v 0.2054 1.8216 -4.9327
v 0.2054 1.8216 -4.9273
v 0.2100 1.8216 -4.9247
v 0.2100 1.8258 -4.9225
v 0.2165 1.8258 -4.9263
v 0.2165 1.8258 -4.9338
v 0.2100 1.8258 -4.9375
v 0.2035 1.8258 -4.9338
v 0.2035 1.8258 -4.9263
v 0.2100 1.8258 -4.9225
v 0.2100 1.8301 -4.9247
v 0.2146 1.8301 -4.9273
v 0.2146 1.8301 -4.9327
v 0.2100 1.8301 -4.9353
v 0.2054 1.8301 -4.9327
v 0.2054 1.8301 -4.9273
v 0.2100 1.8301 -4.9247
v 0.2100 1.8318 -4.9300
v 0.2100 1.8318 -4.9300
v 0.2100 1.8318 -4.9300
v 0.2100 1.8318 -4.9300
v 0.2100 1.8318 -4.9300
v 0.2100 1.8318 -4.9300
v 0.2100 1.8318 -4.9300
v 0.4350 1.7813 -4.9300
v 0.4350 1.7813 -4.9300
v 0.4350 1.7813 -4.9300
v 0.4350 1.7813 -4.9300
v 0.4350 1.7813 -4.9300
v 0.4350 1.7813 -4.9300
v 0.4350 1.7813 -4.9300
v 0.4350 1.7813 -4.9300
v 0.4350 1.7813 -4.9300
v 0.4350 1.7829 -4.9236
v 0.4432 1.7829 -4.9255
v 0.4467 1.7829 -4.9300
v 0.4432 1.7829 -4.9345
v 0.4350 1.7829 -4.9364
v 0.4267 1.7829 -4.9345
v 0.4233 1.7829 -4.9300
v 0.4267 1.7829 -4.9255
v 0.4350 1.7829 -4.9236
v 0.4350 1.7867 -4.9210
v 0.4467 1.7867 -4.9236
v 0.4515 1.7867 -4.9300
v 0.4467 1.7867 -4.9364
v 0.4350 1.7867 -4.9390
v 0.4233 1.7867 -4.9364
v 0.4185 1.7867 -4.9300
v 0.4233 1.7867 -4.9236
v 0.4350 1.7867 -4.9210
v 0.4350 1.7905 -4.9236
v 0.4432 1.7905 -4.9255
v 0.4467 1.7905 -4.9300
v 0.4432 1.7905 -4.9345
v 0.4350 1.7905 -4.9364
v 0.4267 1.7905 -4.9345
v 0.4233 1.7905 -4.9300
v 0.4267 1.7905 -4.9255
v 0.4350 1.7905 -4.9236
v 0.4350 1.7921 -4.9300
v 0.4350 1.7921 -4.9300
v 0.4350 1.7921 -4.9300
v 0.4350 1.7921 -4.9300
v 0.4350 1.7921 -4.9300
v 0.4350 1.7921 -4.9300
v 0.4350 1.7921 -4.9300
v 0.4350 1.7921 -4.9300
v 0.4350 1.7921 -4.9300
v 0.4246 1.7813 -4.9157
v 0.4246 1.7813 -4.9157
v 0.4246 1.7813 -4.9157
v 0.4246 1.7813 -4.9157
v 0.4246 1.7813 -4.9157
v 0.4246 1.7813 -4.9157
v 0.4246 1.7813 -4.9157
v 0.4246 1.7813 -4.9157
v 0.4246 1.7813 -4.9157
v 0.4186 1.7829 -4.9138
v 0.4229 1.7829 -4.9065
v 0.4282 1.7829 -4.9046
v 0.4315 1.7829 -4.9093
v 0.4307 1.7829 -4.9177
v 0.4264 1.7829 -4.9250
v 0.4210 1.7829 -4.9268
v 0.4178 1.7829 -4.9222
v 0.4186 1.7829 -4.9138
v 0.4161 1.7867 -4.9130
v 0.4222 1.7867 -4.9027
v 0.4297 1.7867 -4.9000
v 0.4343 1.7867 -4.9066
v 0.4332 1.7867 -4.9185
v 0.4271 1.7867 -4.9288
v 0.4195 1.7867 -4.9314
v 0.4150 1.7867 -4.9249
v 0.4161 1.7867 -4.9130
v 0.4186 1.7905 -4.9138
v 0.4229 1.7905 -4.9065
v 0.4282 1.7905 -4.9046
v 0.4315 1.7905 -4.9093
v 0.4307 1.7905 -4.9177
v 0.4264 1.7905 -4.9250
v 0.4210 1.7905 -4.9268
v 0.4178 1.7905 -4.9222
v 0.4186 1.7905 -4.9138
v 0.4246 1.7921 -4.9157
v 0.4246 1.7921 -4.9157
v 0.4246 1.7921 -4.9157
v 0.4246 1.7921 -4.9157
v 0.4246 1.7921 -4.9157
v 0.4246 1.7921 -4.9157
v 0.4246 1.7921 -4.9157
v 0.4246 1.7921 -4.9157
v 0.4246 1.7921 -4.9157
v 0.4079 1.7813 -4.9212
v 0.4079 1.7813 -4.9212
v 0.4079 1.7813 -4.9212
v 0.4079 1.7813 -4.9212
v 0.4079 1.7813 -4.9212
v 0.4079 1.7813 -4.9212
v 0.4079 1.7813 -4.9212
v 0.4079 1.7813 -4.9212
v 0.4079 1.7813 -4.9212
v 0.4041 1.7829 -4.9263
v 0.3985 1.7829 -4.9200
v 0.3984 1.7829 -4.9143
v 0.4038 1.7829 -4.9127
v 0.4116 1.7829 -4.9160
v 0.4172 1.7829 -4.9224
v 0.4173 1.7829 -4.9280
v 0.4119 1.7829 -4.9297
v 0.4041 1.7829 -4.9263
v 0.4026 1.7867 -4.9285
v 0.3947 1.7867 -4.9195
v 0.3945 1.7867 -4.9115
v 0.4022 1.7867 -4.9092
v 0.4132 1.7867 -4.9139
v 0.4210 1.7867 -4.9229
v 0.4212 1.7867 -4.9309
v 0.4136 1.7867 -4.9332
v 0.4026 1.7867 -4.9285
v 0.4041 1.7905 -4.9263
v 0.3985 1.7905 -4.9200
v 0.3984 1.7905 -4.9143
v 0.4038 1.7905 -4.9127
v 0.4116 1.7905 -4.9160
v 0.4172 1.7905 -4.9224
v 0.4173 1.7905 -4.9280
v 0.4119 1.7905 -4.9297
v 0.4041 1.7905 -4.9263
v 0.4079 1.7921 -4.9212
v 0.4079 1.7921 -4.9212
v 0.4079 1.7921 -4.9212
v 0.4079 1.7921 -4.9212
v 0.4079 1.7921 -4.9212
v 0.4079 1.7921 -4.9212
v 0.4079 1.7921 -4.9212
v 0.4079 1.7921 -4.9212
v 0.4079 1.7921 -4.9212
v 0.4079 1.7813 -4.9388
v 0.4079 1.7813 -4.9388
v 0.4079 1.7813 -4.9388
v 0.4079 1.7813 -4.9388
v 0.4079 1.7813 -4.9388
v 0.4079 1.7813 -4.9388
v 0.4079 1.7813 -4.9388
v 0.4079 1.7813 -4.9388
v 0.4079 1.7813 -4.9388
v 0.4116 1.7829 -4.9440
v 0.4038 1.7829 -4.9473
v 0.3984 1.7829 -4.9457
v 0.3985 1.7829 -4.9400
v 0.4041 1.7829 -4.9337
v 0.4119 1.7829 -4.9303
v 0.4173 1.7829 -4.9320
v 0.4172 1.7829 -4.9376
v 0.4116 1.7829 -4.9440
v 0.4132 1.7867 -4.9461
v 0.4022 1.7867 -4.9508
v 0.3945 1.7867 -4.9485
v 0.3947 1.7867 -4.9405
v 0.4026 1.7867 -4.9315
v 0.4136 1.7867 -4.9268
v 0.4212 1.7867 -4.9291
v 0.4210 1.7867 -4.9371
v 0.4132 1.7867 -4.9461
v 0.4116 1.7905 -4.9440
v 0.4038 1.7905 -4.9473
v 0.3984 1.7905 -4.9457
v 0.3985 1.7905 -4.9400
v 0.4041 1.7905 -4.9337
v 0.4119 1.7905 -4.9303
v 0.4173 1.7905 -4.9320
v 0.4172 1.7905 -4.9376
v 0.4116 1.7905 -4.9440
v 0.4079 1.7921 -4.9388
v 0.4079 1.7921 -4.9388
v 0.4079 1.7921 -4.9388
v 0.4079 1.7921 -4.9388
v 0.4079 1.7921 -4.9388
v 0.4079 1.7921 -4.9388
v 0.4079 1.7921 -4.9388
v 0.4079 1.7921 -4.9388
v 0.4079 1.7921 -4.9388
v 0.4246 1.7813 -4.9443
v 0.4246 1.7813 -4.9443
v 0.4246 1.7813 -4.9443
v 0.4246 1.7813 -4.9443
v 0.4246 1.7813 -4.9443
v 0.4246 1.7813 -4.9443
v 0.4246 1.7813 -4.9443
v 0.4246 1.7813 -4.9443
v 0.4246 1.7813 -4.9443
v 0.4307 1.7829 -4.9423
v 0.4315 1.7829 -4.9507
v 0.4282 1.7829 -4.9554
v 0.4229 1.7829 -4.9535
v 0.4186 1.7829 -4.9462
v 0.4178 1.7829 -4.9378
v 0.4210 1.7829 -4.9332
v 0.4264 1.7829 -4.9350
v 0.4307 1.7829 -4.9423
v 0.4332 1.7867 -4.9415
v 0.4343 1.7867 -4.9534
v 0.4297 1.7867 -4.9600
v 0.4222 1.7867 -4.9573
v 0.4161 1.7867 -4.9470
v 0.4150 1.7867 -4.9351
v 0.4195 1.7867 -4.9286
v 0.4271 1.7867 -4.9312
v 0.4332 1.7867 -4.9415
v 0.4307 1.7905 -4.9423
v 0.4315 1.7905 -4.9507
v 0.4282 1.7905 -4.9554
v 0.4229 1.7905 -4.9535
v 0.4186 1.7905 -4.9462
v 0.4178 1.7905 -4.9378
v 0.4210 1.7905 -4.9332
v 0.4264 1.7905 -4.9350
v 0.4307 1.7905 -4.9423
v 0.4246 1.7921 -4.9443
v 0.4246 1.7921 -4.9443
v 0.4246 1.7921 -4.9443
v 0.4246 1.7921 -4.9443
v 0.4246 1.7921 -4.9443
v 0.4246 1.7921 -4.9443
v 0.4246 1.7921 -4.9443
v 0.4246 1.7921 -4.9443
v 0.4246 1.7921 -4.9443
v 0.4200 1.7807 -4.9300
v 0.4200 1.7807 -4.9300
v 0.4200 1.7807 -4.9300
v 0.4200 1.7807 -4.9300
v 0.4200 1.7807 -4.9300
v 0.4200 1.7807 -4.9300
v 0.4200 1.7807 -4.9300
v 0.4200 1.7824 -4.9247
v 0.4246 1.7824 -4.9273
v 0.4246 1.7824 -4.9327
v 0.4200 1.7824 -4.9353
v 0.4154 1.7824 -4.9327
v 0.4154 1.7824 -4.9273
v 0.4200 1.7824 -4.9247
v 0.4200 1.7867 -4.9225
v 0.4265 1.7867 -4.9263
v 0.4265 1.7867 -4.9338
v 0.4200 1.7867 -4.9375
v 0.4135 1.7867 -4.9338
v 0.4135 1.7867 -4.9263
v 0.4200 1.7867 -4.9225
v 0.4200 1.7909 -4.9247
v 0.4246 1.7909 -4.9273
v 0.4246 1.7909 -4.9327
v 0.4200 1.7909 -4.9353
v 0.4154 1.7909 -4.9327
v 0.4154 1.7909 -4.9273
v 0.4200 1.7909 -4.9247
v 0.4200 1.7927 -4.9300
v 0.4200 1.7927 -4.9300
v 0.4200 1.7927 -4.9300
v 0.4200 1.7927 -4.9300
v 0.4200 1.7927 -4.9300
v 0.4200 1.7927 -4.9300
v 0.4200 1.7927 -4.9300
v 0.6450 1.7813 -4.9300
v 0.6450 1.7813 -4.9300
v 0.6450 1.7813 -4.9300
v 0.6450 1.7813 -4.9300
v 0.6450 1.7813 -4.9300
v 0.6450 1.7813 -4.9300
v 0.6450 1.7813 -4.9300
v 0.6450 1.7813 -4.9300
v 0.6450 1.7813 -4.9300
v 0.6450 1.7829 -4.9236
v 0.6533 1.7829 -4.9255
v 0.6567 1.7829 -4.9300
v 0.6533 1.7829 -4.9345
v 0.6450 1.7829 -4.9364
v 0.6368 1.7829 -4.9345
v 0.6333 1.7829 -4.9300
v 0.6368 1.7829 -4.9255
v 0.6450 1.7829 -4.9236
v 0.6450 1.7867 -4.9210
v 0.6567 1.7867 -4.9236
v 0.6615 1.7867 -4.9300
v 0.6567 1.7867 -4.9364
v 0.6450 1.7867 -4.9390
v 0.6333 1.7867 -4.9364
v 0.6285 1.7867 -4.9300
v 0.6333 1.7867 -4.9236
v 0.6450 1.7867 -4.9210
v 0.6450 1.7905 -4.9236
v 0.6533 1.7905 -4.9255
v 0.6567 1.7905 -4.9300
v 0.6533 1.7905 -4.9345
v 0.6450 1.7905 -4.9364
v 0.6368 1.7905 -4.9345
v 0.6333 1.7905 -4.9300
v 0.6368 1.7905 -4.9255
v 0.6450 1.7905 -4.9236
v 0.6450 1.7921 -4.9300
v 0.6450 1.7921 -4.9300
v 0.6450 1.7921 -4.9300
v 0.6450 1.7921 -4.9300
v 0.6450 1.7921 -4.9300
v 0.6450 1.7921 -4.9300
v 0.6450 1.7921 -4.9300
v 0.6450 1.7921 -4.9300
v 0.6450 1.7921 -4.9300
v 0.6346 1.7813 -4.9157
v 0.6346 1.7813 -4.9157
v 0.6346 1.7813 -4.9157
v 0.6346 1.7813 -4.9157
v 0.6346 1.7813 -4.9157
v 0.6346 1.7813 -4.9157
v 0.6346 1.7813 -4.9157
v 0.6346 1.7813 -4.9157
v 0.6346 1.7813 -4.9157
v 0.6286 1.7829 -4.9138
v 0.6329 1.7829 -4.9065
v 0.6382 1.7829 -4.9046
v 0.6415 1.7829 -4.9093
v 0.6407 1.7829 -4.9177
v 0.6364 1.7829 -4.9250
v 0.6310 1.7829 -4.9268
v 0.6278 1.7829 -4.9222
v 0.6286 1.7829 -4.9138
v 0.6261 1.7867 -4.9130
v 0.6322 1.7867 -4.9027
v 0.6397 1.7867 -4.9000
v 0.6443 1.7867 -4.9066
v 0.6432 1.7867 -4.9185
v 0.6371 1.7867 -4.9288
v 0.6295 1.7867 -4.9314
v 0.6250 1.7867 -4.9249
v 0.6261 1.7867 -4.9130
v 0.6286 1.7905 -4.9138
v 0.6329 1.7905 -4.9065
v 0.6382 1.7905 -4.9046
v 0.6415 1.7905 -4.9093
v 0.6407 1.7905 -4.9177
v 0.6364 1.7905 -4.9250
v 0.6310 1.7905 -4.9268
v 0.6278 1.7905 -4.9222
v 0.6286 1.7905 -4.9138
v 0.6346 1.7921 -4.9157
v 0.6346 1.7921 -4.9157
v 0.6346 1.7921 -4.9157
v 0.6346 1.7921 -4.9157
v 0.6346 1.7921 -4.9157
v 0.6346 1.7921 -4.9157
v 0.6346 1.7921 -4.9157
v 0.6346 1.7921 -4.9157
v 0.6346 1.7921 -4.9157
v 0.6179 1.7813 -4.9212
v 0.6179 1.7813 -4.9212
v 0.6179 1.7813 -4.9212
v 0.6179 1.7813 -4.9212
v 0.6179 1.7813 -4.9212
v 0.6179 1.7813 -4.9212
v 0.6179 1.7813 -4.9212
v 0.6179 1.7813 -4.9212
v 0.6179 1.7813 -4.9212
v 0.6141 1.7829 -4.9263
v 0.6085 1.7829 -4.9200
v 0.6084 1.7829 -4.9143
v 0.6138 1.7829 -4.9127
v 0.6216 1.7829 -4.9160
v 0.6272 1.7829 -4.9224
v 0.6273 1.7829 -4.9280
v 0.6219 1.7829 -4.9297
v 0.6141 1.7829 -4.9263
v 0.6126 1.7867 -4.9285
v 0.6047 1.7867 -4.9195
v 0.6045 1.7867 -4.9115
v 0.6122 1.7867 -4.9092
v 0.6232 1.7867 -4.9139
v 0.6310 1.7867 -4.9229
v 0.6312 1.7867 -4.9309
v 0.6236 1.7867 -4.9332
v 0.6126 1.7867 -4.9285
v 0.6141 1.7905 -4.9263
v 0.6085 1.7905 -4.9200
v 0.6084 1.7905 -4.9143
v 0.6138 1.7905 -4.9127
v 0.6216 1.7905 -4.9160
v 0.6272 1.7905 -4.9224
v 0.6273 1.7905 -4.9280
v 0.6219 1.7905 -4.9297
v 0.6141 1.7905 -4.9263
v 0.6179 1.7921 -4.9212
v 0.6179 1.7921 -4.9212
v 0.6179 1.7921 -4.9212
v 0.6179 1.7921 -4.9212
v 0.6179 1.7921 -4.9212
v 0.6179 1.7921 -4.9212
v 0.6179 1.7921 -4.9212
v 0.6179 1.7921 -4.9212
v 0.6179 1.7921 -4.9212
v 0.6179 1.7813 -4.9388
v 0.6179 1.7813 -4.9388
v 0.6179 1.7813 -4.9388
v 0.6179 1.7813 -4.9388
v 0.6179 1.7813 -4.9388
v 0.6179 1.7813 -4.9388
v 0.6179 1.7813 -4.9388
v 0.6179 1.7813 -4.9388
v 0.6179 1.7813 -4.9388
v 0.6216 1.7829 -4.9440
v 0.6138 1.7829 -4.9473
v 0.6084 1.7829 -4.9457
v 0.6085 1.7829 -4.9400
v 0.6141 1.7829 -4.9337
v 0.6219 1.7829 -4.9303
v 0.6273 1.7829 -4.9320
v 0.6272 1.7829 -4.9376
v 0.6216 1.7829 -4.9440
v 0.6232 1.7867 -4.9461
v 0.6122 1.7867 -4.9508
v 0.6045 1.7867 -4.9485
v 0.6047 1.7867 -4.9405
v 0.6126 1.7867 -4.9315
v 0.6236 1.7867 -4.9268
v 0.6312 1.7867 -4.9291
v 0.6310 1.7867 -4.9371
v 0.6232 1.7867 -4.9461
v 0.6216 1.7905 -4.9440
v 0.6138 1.7905 -4.9473
v 0.6084 1.7905 -4.9457
v 0.6085 1.7905 -4.9400
v 0.6141 1.7905 -4.9337
v 0.6219 1.7905 -4.9303
v 0.6273 1.7905 -4.9320
v 0.6272 1.7905 -4.9376
v 0.6216 1.7905 -4.9440
v 0.6179 1.7921 -4.9388
v 0.6179 1.7921 -4.9388
v 0.6179 1.7921 -4.9388
v 0.6179 1.7921 -4.9388
v 0.6179 1.7921 -4.9388
v 0.6179 1.7921 -4.9388
v 0.6179 1.7921 -4.9388
v 0.6179 1.7921 -4.9388
v 0.6179 1.7921 -4.9388
v 0.6346 1.7813 -4.9443
v 0.6346 1.7813 -4.9443
v 0.6346 1.7813 -4.9443
v 0.6346 1.7813 -4.9443
v 0.6346 1.7813 -4.9443
v 0.6346 1.7813 -4.9443
v 0.6346 1.7813 -4.9443
v 0.6346 1.7813 -4.9443
v 0.6346 1.7813 -4.9443
v 0.6407 1.7829 -4.9423
v 0.6415 1.7829 -4.9507
v 0.6382 1.7829 -4.9554
v 0.6329 1.7829 -4.9535
v 0.6286 1.7829 -4.9462
v 0.6278 1.7829 -4.9378
v 0.6310 1.7829 -4.9332
v 0.6364 1.7829 -4.9350
v 0.6407 1.7829 -4.9423
v 0.6432 1.7867 -4.9415
v 0.6443 1.7867 -4.9534
v 0.6397 1.7867 -4.9600
v 0.6322 1.7867 -4.9573
v 0.6261 1.7867 -4.9470
v 0.6250 1.7867 -4.9351
v 0.6295 1.7867 -4.9286
v 0.6371 1.7867 -4.9312
v 0.6432 1.7867 -4.9415
v 0.6407 1.7905 -4.9423
v 0.6415 1.7905 -4.9507
v 0.6382 1.7905 -4.9554
v 0.6329 1.7905 -4.9535
v 0.6286 1.7905 -4.9462
v 0.6278 1.7905 -4.9378
v 0.6310 1.7905 -4.9332
v 0.6364 1.7905 -4.9350
v 0.6407 1.7905 -4.9423
v 0.6346 1.7921 -4.9443
v 0.6346 1.7921 -4.9443
v 0.6346 1.7921 -4.9443
v 0.6346 1.7921 -4.9443
v 0.6346 1.7921 -4.9443
v 0.6346 1.7921 -4.9443
v 0.6346 1.7921 -4.9443
v 0.6346 1.7921 -4.9443
v 0.6346 1.7921 -4.9443
v 0.6300 1.7807 -4.9300
v 0.6300 1.7807 -4.9300
v 0.6300 1.7807 -4.9300
v 0.6300 1.7807 -4.9300
v 0.6300 1.7807 -4.9300
v 0.6300 1.7807 -4.9300
v 0.6300 1.7807 -4.9300
v 0.6300 1.7824 -4.9247
v 0.6346 1.7824 -4.9273
v 0.6346 1.7824 -4.9327
v 0.6300 1.7824 -4.9353
v 0.6254 1.7824 -4.9327
v 0.6254 1.7824 -4.9273
v 0.6300 1.7824 -4.9247
v 0.6300 1.7867 -4.9225
v 0.6365 1.7867 -4.9263
v 0.6365 1.7867 -4.9338
v 0.6300 1.7867 -4.9375
v 0.6235 1.7867 -4.9338
v 0.6235 1.7867 -4.9263
v 0.6300 1.7867 -4.9225
v 0.6300 1.7909 -4.9247
v 0.6346 1.7909 -4.9273
v 0.6346 1.7909 -4.9327
v 0.6300 1.7909 -4.9353
v 0.6254 1.7909 -4.9327
v 0.6254 1.7909 -4.9273
v 0.6300 1.7909 -4.9247
v 0.6300 1.7927 -4.9300
v 0.6300 1.7927 -4.9300
v 0.6300 1.7927 -4.9300
v 0.6300 1.7927 -4.9300
v 0.6300 1.7927 -4.9300
v 0.6300 1.7927 -4.9300
v 0.6300 1.7927 -4.9300
v 0.8550 1.8204 -4.9300
v 0.8550 1.8204 -4.9300
v 0.8550 1.8204 -4.9300
v 0.8550 1.8204 -4.9300
v 0.8550 1.8204 -4.9300
v 0.8550 1.8204 -4.9300
v 0.8550 1.8204 -4.9300
v 0.8550 1.8204 -4.9300
v 0.8550 1.8204 -4.9300
v 0.8550 1.8220 -4.9236
v 0.8633 1.8220 -4.9255
v 0.8667 1.8220 -4.9300
v 0.8633 1.8220 -4.9345
v 0.8550 1.8220 -4.9364
v 0.8468 1.8220 -4.9345
v 0.8433 1.8220 -4.9300
v 0.8468 1.8220 -4.9255
v 0.8550 1.8220 -4.9236
v 0.8550 1.8258 -4.9210
v 0.8667 1.8258 -4.9236
v 0.8715 1.8258 -4.9300
v 0.8667 1.8258 -4.9364
v 0.8550 1.8258 -4.9390
v 0.8433 1.8258 -4.9364
v 0.8385 1.8258 -4.9300
v 0.8433 1.8258 -4.9236
v 0.8550 1.8258 -4.9210
v 0.8550 1.8296 -4.9236
v 0.8633 1.8296 -4.9255
v 0.8667 1.8296 -4.9300
v 0.8633 1.8296 -4.9345
v 0.8550 1.8296 -4.9364
v 0.8468 1.8296 -4.9345
v 0.8433 1.8296 -4.9300
v 0.8468 1.8296 -4.9255
v 0.8550 1.8296 -4.9236
v 0.8550 1.8312 -4.9300
v 0.8550 1.8312 -4.9300
v 0.8550 1.8312 -4.9300
v 0.8550 1.8312 -4.9300
v 0.8550 1.8312 -4.9300
v 0.8550 1.8312 -4.9300
v 0.8550 1.8312 -4.9300
v 0.8550 1.8312 -4.9300
v 0.8550 1.8312 -4.9300
v 0.8446 1.8204 -4.9157
v 0.8446 1.8204 -4.9157
v 0.8446 1.8204 -4.9157
v 0.8446 1.8204 -4.9157
v 0.8446 1.8204 -4.9157
v 0.8446 1.8204 -4.9157
v 0.8446 1.8204 -4.9157
v 0.8446 1.8204 -4.9157
v 0.8446 1.8204 -4.9157
v 0.8386 1.8220 -4.9138
v 0.8429 1.8220 -4.9065
v 0.8482 1.8220 -4.9046
v 0.8515 1.8220 -4.9093
v 0.8507 1.8220 -4.9177
v 0.8464 1.8220 -4.9250
v 0.8410 1.8220 -4.9268
v 0.8378 1.8220 -4.9222
v 0.8386 1.8220 -4.9138
v 0.8361 1.8258 -4.9130
v 0.8422 1.8258 -4.9027
v 0.8497 1.8258 -4.9000
v 0.8543 1.8258 -4.9066
v 0.8532 1.8258 -4.9185
v 0.8471 1.8258 -4.9288
v 0.8395 1.8258 -4.9314
v 0.8350 1.8258 -4.9249
v 0.8361 1.8258 -4.9130
v 0.8386 1.8296 -4.9138
v 0.8429 1.8296 -4.9065
v 0.8482 1.8296 -4.9046
v 0.8515 1.8296 -4.9093
v 0.8507 1.8296 -4.9177
v 0.8464 1.8296 -4.9250
v 0.8410 1.8296 -4.9268
v 0.8378 1.8296 -4.9222
v 0.8386 1.8296 -4.9138
v 0.8446 1.8312 -4.9157
v 0.8446 1.8312 -4.9157
v 0.8446 1.8312 -4.9157
v 0.8446 1.8312 -4.9157
v 0.8446 1.8312 -4.9157
v 0.8446 1.8312 -4.9157
v 0.8446 1.8312 -4.9157
v 0.8446 1.8312 -4.9157
v 0.8446 1.8312 -4.9157
v 0.8279 1.8204 -4.9212
v 0.8279 1.8204 -4.9212
v 0.8279 1.8204 -4.9212
v 0.8279 1.8204 -4.9212
v 0.8279 1.8204 -4.9212
v 0.8279 1.8204 -4.9212
v 0.8279 1.8204 -4.9212
v 0.8279 1.8204 -4.9212
v 0.8279 1.8204 -4.9212
v 0.8241 1.8220 -4.9263
v 0.8185 1.8220 -4.9200
v 0.8184 1.8220 -4.9143
v 0.8238 1.8220 -4.9127
v 0.8316 1.8220 -4.9160
v 0.8372 1.8220 -4.9224
v 0.8373 1.8220 -4.9280
v 0.8319 1.8220 -4.9297
v 0.8241 1.8220 -4.9263
v 0.8226 1.8258 -4.9285
v 0.8147 1.8258 -4.9195
v 0.8145 1.8258 -4.9115
v 0.8222 1.8258 -4.9092
v 0.8332 1.8258 -4.9139
v 0.8410 1.8258 -4.9229
v 0.8412 1.8258 -4.9309
v 0.8336 1.8258 -4.9332
v 0.8226 1.8258 -4.9285
v 0.8241 1.8296 -4.9263
v 0.8185 1.8296 -4.9200
v 0.8184 1.8296 -4.9143
v 0.8238 1.8296 -4.9127
v 0.8316 1.8296 -4.9160
v 0.8372 1.8296 -4.9224
v 0.8373 1.8296 -4.9280
v 0.8319 1.8296 -4.9297
v 0.8241 1.8296 -4.9263
v 0.8279 1.8312 -4.9212
v 0.8279 1.8312 -4.9212
v 0.8279 1.8312 -4.9212
v 0.8279 1.8312 -4.9212
v 0.8279 1.8312 -4.9212
v 0.8279 1.8312 -4.9212
v 0.8279 1.8312 -4.9212
v 0.8279 1.8312 -4.9212
v 0.8279 1.8312 -4.9212
v 0.8279 1.8204 -4.9388
v 0.8279 1.8204 -4.9388
v 0.8279 1.8204 -4.9388
v 0.8279 1.8204 -4.9388
v 0.8279 1.8204 -4.9388
v 0.8279 1.8204 -4.9388
v 0.8279 1.8204 -4.9388
v 0.8279 1.8204 -4.9388
v 0.8279 1.8204 -4.9388
v 0.8316 1.8220 -4.9440
v 0.8238 1.8220 -4.9473
v 0.8184 1.8220 -4.9457
v 0.8185 1.8220 -4.9400
v 0.8241 1.8220 -4.9337
v 0.8319 1.8220 -4.9303
v 0.8373 1.8220 -4.9320
v 0.8372 1.8220 -4.9376
v 0.8316 1.8220 -4.9440
v 0.8332 1.8258 -4.9461
v 0.8222 1.8258 -4.9508
v 0.8145 1.8258 -4.9485
v 0.8147 1.8258 -4.9405
v 0.8226 1.8258 -4.9315
v 0.8336 1.8258 -4.9268
v 0.8412 1.8258 -4.9291
v 0.8410 1.8258 -4.9371
v 0.8332 1.8258 -4.9461
v 0.8316 1.8296 -4.9440
v 0.8238 1.8296 -4.9473
v 0.8184 1.8296 -4.9457
v 0.8185 1.8296 -4.9400
v 0.8241 1.8296 -4.9337
v 0.8319 1.8296 -4.9303
v 0.8373 1.8296 -4.9320
v 0.8372 1.8296 -4.9376
v 0.8316 1.8296 -4.9440
v 0.8279 1.8312 -4.9388
v 0.8279 1.8312 -4.9388
v 0.8279 1.8312 -4.9388
v 0.8279 1.8312 -4.9388
v 0.8279 1.8312 -4.9388
v 0.8279 1.8312 -4.9388
v 0.8279 1.8312 -4.9388
v 0.8279 1.8312 -4.9388
v 0.8279 1.8312 -4.9388
v 0.8446 1.8204 -4.9443
v 0.8446 1.8204 -4.9443
v 0.8446 1.8204 -4.9443
v 0.8446 1.8204 -4.9443
v 0.8446 1.8204 -4.9443
v 0.8446 1.8204 -4.9443
v 0.8446 1.8204 -4.9443
v 0.8446 1.8204 -4.9443
v 0.8446 1.8204 -4.9443
v 0.8507 1.8220 -4.9423
v 0.8515 1.8220 -4.9507
v 0.8482 1.8220 -4.9554
v 0.8429 1.8220 -4.9535
v 0.8386 1.8220 -4.9462
v 0.8378 1.8220 -4.9378
v 0.8410 1.8220 -4.9332
v 0.8464 1.8220 -4.9350
v 0.8507 1.8220 -4.9423
v 0.8532 1.8258 -4.9415
v 0.8543 1.8258 -4.9534
v 0.8497 1.8258 -4.9600
v 0.8422 1.8258 -4.9573
v 0.8361 1.8258 -4.9470
v 0.8350 1.8258 -4.9351
v 0.8395 1.8258 -4.9286
v 0.8471 1.8258 -4.9312
v 0.8532 1.8258 -4.9415
v 0.8507 1.8296 -4.9423
v 0.8515 1.8296 -4.9507
v 0.8482 1.8296 -4.9554
v 0.8429 1.8296 -4.9535
v 0.8386 1.8296 -4.9462
v 0.8378 1.8296 -4.9378
v 0.8410 1.8296 -4.9332
v 0.8464 1.8296 -4.9350
v 0.8507 1.8296 -4.9423
v 0.8446 1.8312 -4.9443
v 0.8446 1.8312 -4.9443
v 0.8446 1.8312 -4.9443
v 0.8446 1.8312 -4.9443
v 0.8446 1.8312 -4.9443
v 0.8446 1.8312 -4.9443
v 0.8446 1.8312 -4.9443
v 0.8446 1.8312 -4.9443
v 0.8446 1.8312 -4.9443
v 0.8400 1.8198 -4.9300
v 0.8400 1.8198 -4.9300
v 0.8400 1.8198 -4.9300
v 0.8400 1.8198 -4.9300
v 0.8400 1.8198 -4.9300
v 0.8400 1.8198 -4.9300
v 0.8400 1.8198 -4.9300
v 0.8400 1.8216 -4.9247
v 0.8446 1.8216 -4.9273
v 0.8446 1.8216 -4.9327
v 0.8400 1.8216 -4.9353
v 0.8354 1.8216 -4.9327
v 0.8354 1.8216 -4.9273
v 0.8400 1.8216 -4.9247
v 0.8400 1.8258 -4.9225
v 0.8465 1.8258 -4.9263
v 0.8465 1.8258 -4.9338
v 0.8400 1.8258 -4.9375
v 0.8335 1.8258 -4.9338
v 0.8335 1.8258 -4.9263
v 0.8400 1.8258 -4.9225
v 0.8400 1.8301 -4.9247
v 0.8446 1.8301 -4.9273
v 0.8446 1.8301 -4.9327
v 0.8400 1.8301 -4.9353
v 0.8354 1.8301 -4.9327
v 0.8354 1.8301 -4.9273
v 0.8400 1.8301 -4.9247
v 0.8400 1.8318 -4.9300
v 0.8400 1.8318 -4.9300
v 0.8400 1.8318 -4.9300
v 0.8400 1.8318 -4.9300
v 0.8400 1.8318 -4.9300
v 0.8400 1.8318 -4.9300
v 0.8400 1.8318 -4.9300
v 1.0650 1.8446 -4.9300
v 1.0650 1.8446 -4.9300
v 1.0650 1.8446 -4.9300
v 1.0650 1.8446 -4.9300
v 1.0650 1.8446 -4.9300
v 1.0650 1.8446 -4.9300
v 1.0650 1.8446 -4.9300
v 1.0650 1.8446 -4.9300
v 1.0650 1.8446 -4.9300
v 1.0650 1.8462 -4.9236
v 1.0733 1.8462 -4.9255
v 1.0767 1.8462 -4.9300
v 1.0733 1.8462 -4.9345
v 1.0650 1.8462 -4.9364
v 1.0567 1.8462 -4.9345
v 1.0533 1.8462 -4.9300
v 1.0567 1.8462 -4.9255
v 1.0650 1.8462 -4.9236
v 1.0650 1.8500 -4.9210
v 1.0767 1.8500 -4.9236
v 1.0815 1.8500 -4.9300
v 1.0767 1.8500 -4.9364
v 1.0650 1.8500 -4.9390
v 1.0533 1.8500 -4.9364
v 1.0485 1.8500 -4.9300
v 1.0533 1.8500 -4.9236
v 1.0650 1.8500 -4.9210
v 1.0650 1.8538 -4.9236
v 1.0733 1.8538 -4.9255
v 1.0767 1.8538 -4.9300
v 1.0733 1.8538 -4.9345
v 1.0650 1.8538 -4.9364
v 1.0567 1.8538 -4.9345
v 1.0533 1.8538 -4.9300
v 1.0567 1.8538 -4.9255
v 1.0650 1.8538 -4.9236
v 1.0650 1.8554 -4.9300
v 1.0650 1.8554 -4.9300
v 1.0650 1.8554 -4.9300
v 1.0650 1.8554 -4.9300
v 1.0650 1.8554 -4.9300
v 1.0650 1.8554 -4.9300
v 1.0650 1.8554 -4.9300
v 1.0650 1.8554 -4.9300
v 1.0650 1.8554 -4.9300
v 1.0546 1.8446 -4.9157
v 1.0546 1.8446 -4.9157
v 1.0546 1.8446 -4.9157
v 1.0546 1.8446 -4.9157
v 1.0546 1.8446 -4.9157
v 1.0546 1.8446 -4.9157
v 1.0546 1.8446 -4.9157
v 1.0546 1.8446 -4.9157
v 1.0546 1.8446 -4.9157
v 1.0486 1.8462 -4.9138
v 1.0529 1.8462 -4.9065
v 1.0582 1.8462 -4.9046
v 1.0615 1.8462 -4.9093
v 1.0607 1.8462 -4.9177
v 1.0564 1.8462 -4.9250
v 1.0510 1.8462 -4.9268
v 1.0478 1.8462 -4.9222
v 1.0486 1.8462 -4.9138
v 1.0461 1.8500 -4.9130
v 1.0522 1.8500 -4.9027
v 1.0597 1.8500 -4.9000
v 1.0643 1.8500 -4.9066
v 1.0632 1.8500 -4.9185
v 1.0571 1.8500 -4.9288
v 1.0495 1.8500 -4.9314
v 1.0450 1.8500 -4.9249
v 1.0461 1.8500 -4.9130
v 1.0486 1.8538 -4.9138
v 1.0529 1.8538 -4.9065
v 1.0582 1.8538 -4.9046
v 1.0615 1.8538 -4.9093
v 1.0607 1.8538 -4.9177
v 1.0564 1.8538 -4.9250
v 1.0510 1.8538 -4.9268
v 1.0478 1.8538 -4.9222
v 1.0486 1.8538 -4.9138
v 1.0546 1.8554 -4.9157
v 1.0546 1.8554 -4.9157
v 1.0546 1.8554 -4.9157
v 1.0546 1.8554 -4.9157
v 1.0546 1.8554 -4.9157
v 1.0546 1.8554 -4.9157
v 1.0546 1.8554 -4.9157
v 1.0546 1.8554 -4.9157
v 1.0546 1.8554 -4.9157
v 1.0379 1.8446 -4.9212
v 1.0379 1.8446 -4.9212
v 1.0379 1.8446 -4.9212
v 1.0379 1.8446 -4.9212
v 1.0379 1.8446 -4.9212
v 1.0379 1.8446 -4.9212
v 1.0379 1.8446 -4.9212
v 1.0379 1.8446 -4.9212
v 1.0379 1.8446 -4.9212
v 1.0341 1.8462 -4.9263
v 1.0285 1.8462 -4.9200
v 1.0284 1.8462 -4.9143
v 1.0338 1.8462 -4.9127
v 1.0416 1.8462 -4.9160
v 1.0472 1.8462 -4.9224
v 1.0473 1.8462 -4.9280
v 1.0419 1.8462 -4.9297
v 1.0341 1.8462 -4.9263
v 1.0326 1.8500 -4.9285
v 1.0247 1.8500 -4.9195
v 1.0245 1.8500 -4.9115
v 1.0322 1.8500 -4.9092
v 1.0432 1.8500 -4.9139
v 1.0510 1.8500 -4.9229
v 1.0512 1.8500 -4.9309
v 1.0436 1.8500 -4.9332
v 1.0326 1.8500 -4.9285
v 1.0341 1.8538 -4.9263
v 1.0285 1.8538 -4.9200
v 1.0284 1.8538 -4.9143
v 1.0338 1.8538 -4.9127
v 1.0416 1.8538 -4.9160
v 1.0472 1.8538 -4.9224
v 1.0473 1.8538 -4.9280
v 1.0419 1.8538 -4.9297
v 1.0341 1.8538 -4.9263
v 1.0379 1.8554 -4.9212
v 1.0379 1.8554 -4.9212
v 1.0379 1.8554 -4.9212
v 1.0379 1.8554 -4.9212
v 1.0379 1.8554 -4.9212
v 1.0379 1.8554 -4.9212
v 1.0379 1.8554 -4.9212
v 1.0379 1.8554 -4.9212
v 1.0379 1.8554 -4.9212
v 1.0379 1.8446 -4.9388
v 1.0379 1.8446 -4.9388
v 1.0379 1.8446 -4.9388
v 1.0379 1.8446 -4.9388
v 1.0379 1.8446 -4.9388
v 1.0379 1.8446 -4.9388
v 1.0379 1.8446 -4.9388
v 1.0379 1.8446 -4.9388
v 1.0379 1.8446 -4.9388
v 1.0416 1.8462 -4.9440
v 1.0338 1.8462 -4.9473
v 1.0284 1.8462 -4.9457
v 1.0285 1.8462 -4.9400
v 1.0341 1.8462 -4.9337
v 1.0419 1.8462 -4.9303
v 1.0473 1.8462 -4.9320
v 1.0472 1.8462 -4.9376
v 1.0416 1.8462 -4.9440
v 1.0432 1.8500 -4.9461
v 1.0322 1.8500 -4.9508
v 1.0245 1.8500 -4.9485
v 1.0247 1.8500 -4.9405
v 1.0326 1.8500 -4.9315
v 1.0436 1.8500 -4.9268
v 1.0512 1.8500 -4.9291
v 1.0510 1.8500 -4.9371
v 1.0432 1.8500 -4.9461
v 1.0416 1.8538 -4.9440
v 1.0338 1.8538 -4.9473
v 1.0284 1.8538 -4.9457
v 1.0285 1.8538 -4.9400
v 1.0341 1.8538 -4.9337
v 1.0419 1.8538 -4.9303
v 1.0473 1.8538 -4.9320
v 1.0472 1.8538 -4.9376
v 1.0416 1.8538 -4.9440
v 1.0379 1.8554 -4.9388
v 1.0379 1.8554 -4.9388
v 1.0379 1.8554 -4.9388
v 1.0379 1.8554 -4.9388
v 1.0379 1.8554 -4.9388
v 1.0379 1.8554 -4.9388
v 1.0379 1.8554 -4.9388
v 1.0379 1.8554 -4.9388
v 1.0379 1.8554 -4.9388
v 1.0546 1.8446 -4.9443
v 1.0546 1.8446 -4.9443
v 1.0546 1.8446 -4.9443
v 1.0546 1.8446 -4.9443
v 1.0546 1.8446 -4.9443
v 1.0546 1.8446 -4.9443
v 1.0546 1.8446 -4.9443
v 1.0546 1.8446 -4.9443
v 1.0546 1.8446 -4.9443
v 1.0607 1.8462 -4.9423
v 1.0615 1.8462 -4.9507
v 1.0582 1.8462 -4.9554
v 1.0529 1.8462 -4.9535
v 1.0486 1.8462 -4.9462
v 1.0478 1.8462 -4.9378
v 1.0510 1.8462 -4.9332
v 1.0564 1.8462 -4.9350
v 1.0607 1.8462 -4.9423
v 1.0632 1.8500 -4.9415
v 1.0643 1.8500 -4.9534
v 1.0597 1.8500 -4.9600
v 1.0522 1.8500 -4.9573
v 1.0461 1.8500 -4.9470
v 1.0450 1.8500 -4.9351
v 1.0495 1.8500 -4.9286
v 1.0571 1.8500 -4.9312
v 1.0632 1.8500 -4.9415
v 1.0607 1.8538 -4.9423
v 1.0615 1.8538 -4.9507
v 1.0582 1.8538 -4.9554
v 1.0529 1.8538 -4.9535
v 1.0486 1.8538 -4.9462
v 1.0478 1.8538 -4.9378
v 1.0510 1.8538 -4.9332
v 1.0564 1.8538 -4.9350
v 1.0607 1.8538 -4.9423
v 1.0546 1.8554 -4.9443
v 1.0546 1.8554 -4.9443
v 1.0546 1.8554 -4.9443
v 1.0546 1.8554 -4.9443
v 1.0546 1.8554 -4.9443
v 1.0546 1.8554 -4.9443
v 1.0546 1.8554 -4.9443
v 1.0546 1.8554 -4.9443
v 1.0546 1.8554 -4.9443
v 1.0500 1.8440 -4.9300
v 1.0500 1.8440 -4.9300
v 1.0500 1.8440 -4.9300
v 1.0500 1.8440 -4.9300
v 1.0500 1.8440 -4.9300
v 1.0500 1.8440 -4.9300
v 1.0500 1.8440 -4.9300
v 1.0500 1.8458 -4.9247
v 1.0546 1.8458 -4.9273
v 1.0546 1.8458 -4.9327
v 1.0500 1.8458 -4.9353
v 1.0454 1.8458 -4.9327
v 1.0454 1.8458 -4.9273
v 1.0500 1.8458 -4.9247
v 1.0500 1.8500 -4.9225
v 1.0565 1.8500 -4.9263
v 1.0565 1.8500 -4.9338
v 1.0500 1.8500 -4.9375
v 1.0435 1.8500 -4.9338
v 1.0435 1.8500 -4.9263
v 1.0500 1.8500 -4.9225
v 1.0500 1.8542 -4.9247
v 1.0546 1.8542 -4.9273
v 1.0546 1.8542 -4.9327
v 1.0500 1.8542 -4.9353
v 1.0454 1.8542 -4.9327
v 1.0454 1.8542 -4.9273
v 1.0500 1.8542 -4.9247
v 1.0500 1.8560 -4.9300
v 1.0500 1.8560 -4.9300
v 1.0500 1.8560 -4.9300
v 1.0500 1.8560 -4.9300
v 1.0500 1.8560 -4.9300
v 1.0500 1.8560 -4.9300
v 1.0500 1.8560 -4.9300
vt 0.0000 0.0000
vt 0.0120 0.0000
vt 0.0200 0.0000
vt 0.0279 0.0000
vt 0.0399 0.0000
vt 0.0519 0.0000
vt 0.0599 0.0000
vt 0.0678 0.0000
vt 0.0798 0.0000
vt 0.0000 0.0066
vt 0.0120 0.0066
vt 0.0200 0.0066
vt 0.0279 0.0066
vt 0.0399 0.0066
vt 0.0519 0.0066
vt 0.0599 0.0066
vt 0.0678 0.0066
vt 0.0798 0.0066
vt 0.0000 0.0112
vt 0.0120 0.0112
vt 0.0200 0.0112
vt 0.0279 0.0112
vt 0.0399 0.0112
vt 0.0519 0.0112
vt 0.0599 0.0112
vt 0.0678 0.0112
vt 0.0798 0.0112
vt 0.0000 0.0158
vt 0.0120 0.0158
vt 0.0200 0.0158
vt 0.0279 0.0158
vt 0.0399 0.0158
vt 0.0519 0.0158
vt 0.0599 0.0158
vt 0.0678 0.0158
vt 0.0798 0.0158
vt 0.0000 0.0224
vt 0.0120 0.0224
vt 0.0200 0.0224
vt 0.0279 0.0224
vt 0.0399 0.0224
vt 0.0519 0.0224
vt 0.0599 0.0224
vt 0.0678 0.0224
vt 0.0798 0.0224
vt 0.0000 0.0000
vt 0.0120 0.0000
vt 0.0200 0.0000
vt 0.0279 0.0000
vt 0.0399 0.0000
vt 0.0519 0.0000
vt 0.0599 0.0000
vt 0.0678 0.0000
vt 0.0798 0.0000
vt 0.0000 0.0066
vt 0.0120 0.0066
vt 0.0200 0.0066
vt 0.0279 0.0066
vt 0.0399 0.0066
vt 0.0519 0.0066
vt 0.0599 0.0066
vt 0.0678 0.0066
vt 0.0798 0.0066
vt 0.0000 0.0112
vt 0.0120 0.0112
vt 0.0200 0.0112
vt 0.0279 0.0112
vt 0.0399 0.0112
vt 0.0519 0.0112
vt 0.0599 0.0112
vt 0.0678 0.0112
vt 0.0798 0.0112
vt 0.0000 0.0158
vt 0.0120 0.0158
vt 0.0200 0.0158
vt 0.0279 0.0158
vt 0.0399 0.0158
vt 0.0519 0.0158
vt 0.0599 0.0158
vt 0.0678 0.0158
vt 0.0798 0.0158
vt 0.0000 0.0224
vt 0.0120 0.0224
vt 0.0200 0.0224
vt 0.0279 0.0224
vt 0.0399 0.0224
vt 0.0519 0.0224
vt 0.0599 0.0224
vt 0.0678 0.0224
vt 0.0798 0.0224
vt 0.0000 0.0000
vt 0.0120 0.0000
vt 0.0200 0.0000
vt 0.0279 0.0000
vt 0.0399 0.0000
vt 0.0519 0.0000
vt 0.0599 0.0000
vt 0.0678 0.0000
vt 0.0798 0.0000
vt 0.0000 0.0066
vt 0.0120 0.0066
vt 0.0200 0.0066
vt 0.0279 0.0066
vt 0.0399 0.0066
vt 0.0519 0.0066
vt 0.0599 0.0066
vt 0.0678 0.0066
vt 0.0798 0.0066
vt 0.0000 0.0112
vt 0.0120 0.0112
vt 0.0200 0.0112
vt 0.0279 0.0112
vt 0.0399 0.0112
vt 0.0519 0.0112
vt 0.0599 0.0112
vt 0.0678 0.0112
vt 0.0798 0.0112
vt 0.0000 0.0158
vt 0.0120 0.0158
vt 0.0200 0.0158
vt 0.0279 0.0158
vt 0.0399 0.0158
vt 0.0519 0.0158
vt 0.0599 0.0158
vt 0.0678 0.0158
vt 0.0798 0.0158
vt 0.0000 0.0224
vt 0.0120 0.0224
vt 0.0200 0.0224
vt 0.0279 0.0224
vt 0.0399 0.0224
vt 0.0519 0.0224
vt 0.0599 0.0224
vt 0.0678 0.0224
vt 0.0798 0.0224
vt 0.0000 0.0000
vt 0.0120 0.0000
vt 0.0200 0.0000
vt 0.0279 0.0000
vt 0.0399 0.0000
vt 0.0519 0.0000
vt 0.0599 0.0000
vt 0.0678 0.0000
vt 0.0798 0.0000
vt 0.0000 0.0066
vt 0.0120 0.0066
vt 0.0200 0.0066
vt 0.0279 0.0066
vt 0.0399 0.0066
vt 0.0519 0.0066
vt 0.0599 0.0066
vt 0.0678 0.0066
vt 0.0798 0.0066
vt 0.0000 0.0112
vt 0.0120 0.0112
vt 0.0200 0.0112
vt 0.0279 0.0112
vt 0.0399 0.0112
vt 0.0519 0.0112
vt 0.0599 0.0112
vt 0.0678 0.0112
vt 0.0798 0.0112
vt 0.0000 0.0158
vt 0.0120 0.0158
vt 0.0200 0.0158
vt 0.0279 0.0158
vt 0.0399 0.0158
vt 0.0519 0.0158
vt 0.0599 0.0158
vt 0.0678 0.0158
vt 0.0798 0.0158
vt 0.0000 0.0224
vt 0.0120 0.0224
vt 0.0200 0.0224
vt 0.0279 0.0224
vt 0.0399 0.0224
vt 0.0519 0.0224
vt 0.0599 0.0224
vt 0.0678 0.0224
vt 0.0798 0.0224
vt 0.0000 0.0000
vt 0.0120 0.0000
vt 0.0200 0.0000
vt 0.0279 0.0000
vt 0.0399 0.0000
vt 0.0519 0.0000
vt 0.0599 0.0000
vt 0.0678 0.0000
vt 0.0798 0.0000
vt 0.0000 0.0066
vt 0.0120 0.0066
vt 0.0200 0.0066
vt 0.0279 0.0066
vt 0.0399 0.0066
vt 0.0519 0.0066
vt 0.0599 0.0066
vt 0.0678 0.0066
vt 0.0798 0.0066
vt 0.0000 0.0112
vt 0.0120 0.0112
vt 0.0200 0.0112
vt 0.0279 0.0112
vt 0.0399 0.0112
vt 0.0519 0.0112
vt 0.0599 0.0112
vt 0.0678 0.0112
vt 0.0798 0.0112
vt 0.0000 0.0158
vt 0.0120 0.0158
vt 0.0200 0.0158
vt 0.0279 0.0158
vt 0.0399 0.0158
vt 0.0519 0.0158
vt 0.0599 0.0158
vt 0.0678 0.0158
vt 0.0798 0.0158
vt 0.0000 0.0224
vt 0.0120 0.0224
vt 0.0200 0.0224
vt 0.0279 0.0224
vt 0.0399 0.0224
vt 0.0519 0.0224
vt 0.0599 0.0224
vt 0.0678 0.0224
vt 0.0798 0.0224
vt 0.0000 0.0000
vt 0.0075 0.0000
vt 0.0150 0.0000
vt 0.0225 0.0000
vt 0.0300 0.0000
vt 0.0375 0.0000
vt 0.0450 0.0000
vt 0.0000 0.0056
vt 0.0075 0.0056
vt 0.0150 0.0056
vt 0.0225 0.0056
vt 0.0300 0.0056
vt 0.0375 0.0056
vt 0.0450 0.0056
vt 0.0000 0.0104
vt 0.0075 0.0104
vt 0.0150 0.0104
vt 0.0225 0.0104
vt 0.0300 0.0104
vt 0.0375 0.0104
vt 0.0450 0.0104
vt 0.0000 0.0151
vt 0.0075 0.0151
vt 0.0150 0.0151
vt 0.0225 0.0151
vt 0.0300 0.0151
vt 0.0375 0.0151
vt 0.0450 0.0151
vt 0.0000 0.0207
vt 0.0075 0.0207
vt 0.0150 0.0207
vt 0.0225 0.0207
vt 0.0300 0.0207
vt 0.0375 0.0207
vt 0.0450 0.0207
vt 0.0000 0.0000
vt 0.0120 0.0000
vt 0.0200 0.0000
vt 0.0279 0.0000
vt 0.0399 0.0000
vt 0.0519 0.0000
vt 0.0599 0.0000
vt 0.0678 0.0000
vt 0.0798 0.0000
vt 0.0000 0.0066
vt 0.0120 0.0066
vt 0.0200 0.0066
vt 0.0279 0.0066
vt 0.0399 0.0066
vt 0.0519 0.0066
vt 0.0599 0.0066
vt 0.0678 0.0066
vt 0.0798 0.0066
vt 0.0000 0.0112
vt 0.0120 0.0112
vt 0.0200 0.0112
vt 0.0279 0.0112
vt 0.0399 0.0112
vt 0.0519 0.0112
vt 0.0599 0.0112
vt 0.0678 0.0112
vt 0.0798 0.0112
vt 0.0000 0.0158
vt 0.0120 0.0158
vt 0.0200 0.0158
vt 0.0279 0.0158
vt 0.0399 0.0158
vt 0.0519 0.0158
vt 0.0599 0.0158
vt 0.0678 0.0158
vt 0.0798 0.0158
vt 0.0000 0.0224
vt 0.0120 0.0224
vt 0.0200 0.0224
vt 0.0279 0.0224
vt 0.0399 0.0224
vt 0.0519 0.0224
vt 0.0599 0.0224
vt 0.0678 0.0224
vt 0.0798 0.0224
vt 0.0000 0.0000
vt 0.0120 0.0000
vt 0.0200 0.0000
vt 0.0279 0.0000
vt 0.0399 0.0000
vt 0.0519 0.0000
vt 0.0599 0.0000
vt 0.0678 0.0000
vt 0.0798 0.0000
vt 0.0000 0.0066
vt 0.0120 0.0066
vt 0.0200 0.0066
vt 0.0279 0.0066
vt 0.0399 0.0066
vt 0.0519 0.0066
vt 0.0599 0.0066
vt 0.0678 0.0066
vt 0.0798 0.0066
vt 0.0000 0.0112
vt 0.0120 0.0112
vt 0.0200 0.0112
vt 0.0279 0.0112
vt 0.0399 0.0112
vt 0.0519 0.0112
vt 0.0599 0.0112
vt 0.0678 0.0112
vt 0.0798 0.0112
vt 0.0000 0.0158
vt 0.0120 0.0158
vt 0.0200 0.0158
vt 0.0279 0.0158
vt 0.0399 0.0158
vt 0.0519 0.0158
vt 0.0599 0.0158
vt 0.0678 0.0158
vt 0.0798 0.0158
vt 0.0000 0.0224
vt 0.0120 0.0224
vt 0.0200 0.0224
vt 0.0279 0.0224
vt 0.0399 0.0224
vt 0.0519 0.0224
vt 0.0599 0.0224
vt 0.0678 0.0224
vt 0.0798 0.0224
vt 0.0000 0.0000
vt 0.0120 0.0000
vt 0.0200 0.0000
vt 0.0279 0.0000
vt 0.0399 0.0000
vt 0.0519 0.0000
vt 0.0599 0.0000
vt 0.0678 0.0000
vt 0.0798 0.0000
vt 0.0000 0.0066
vt 0.0120 0.0066
vt 0.0200 0.0066
vt 0.0279 0.0066
vt 0.0399 0.0066
vt 0.0519 0.0066
vt 0.0599 0.0066
vt 0.0678 0.0066
vt 0.0798 0.0066
vt 0.0000 0.0112
vt 0.0120 0.0112
vt 0.0200 0.0112
vt 0.0279 0.0112
vt 0.0399 0.0112
vt 0.0519 0.0112
vt 0.0599 0.0112
vt 0.0678 0.0112
vt 0.0798 0.0112
vt 0.0000 0.0158
vt 0.0120 0.0158
vt 0.0200 0.0158
vt 0.0279 0.0158
vt 0.0399 0.0158
vt 0.0519 0.0158
vt 0.0599 0.0158
vt 0.0678 0.0158
vt 0.0798 0.0158
vt 0.0000 0.0224
vt 0.0120 0.0224
vt 0.0200 0.0224
vt 0.0279 0.0224
vt 0.0399 0.0224
vt 0.0519 0.0224
vt 0.0599 0.0224
vt 0.0678 0.0224
vt 0.0798 0.0224
vt 0.0000 0.0000
vt 0.0120 0.0000
vt 0.0200 0.0000
vt 0.0279 0.0000
vt 0.0399 0.0000
vt 0.0519 0.0000
vt 0.0599 0.0000
vt 0.0678 0.0000
vt 0.0798 0.0000
vt 0.0000 0.0066
vt 0.0120 0.0066
vt 0.0200 0.0066
vt 0.0279 0.0066
vt 0.0399 0.0066
vt 0.0519 0.0066
vt 0.0599 0.0066
vt 0.0678 0.0066
vt 0.0798 0.0066
vt 0.0000 0.0112
vt 0.0120 0.0112
vt 0.0200 0.0112
vt 0.0279 0.0112
vt 0.0399 0.0112
vt 0.0519 0.0112
vt 0.0599 0.0112
vt 0.0678 0.0112
vt 0.0798 0.0112
vt 0.0000 0.0158
vt 0.0120 0.0158
vt 0.0200 0.0158
vt 0.0279 0.0158
vt 0.0399 0.0158
vt 0.0519 0.0158
vt 0.0599 0.0158
vt 0.0678 0.0158
vt 0.0798 0.0158
vt 0.0000 0.0224
vt 0.0120 0.0224
vt 0.0200 0.0224
vt 0.0279 0.0224
vt 0.0399 0.0224
vt 0.0519 0.0224
vt 0.0599 0.0224
vt 0.0678 0.0224
vt 0.0798 0.0224
vt 0.0000 0.0000
vt 0.0120 0.0000
vt 0.0200 0.0000
vt 0.0279 0.0000
vt 0.0399 0.0000
vt 0.0519 0.0000
vt 0.0599 0.0000
vt 0.0678 0.0000
vt 0.0798 0.0000
vt 0.0000 0.0066
vt 0.0120 0.0066
vt 0.0200 0.0066
vt 0.0279 0.0066
vt 0.0399 0.0066
vt 0.0519 0.0066
vt 0.0599 0.0066
vt 0.0678 0.0066
vt 0.0798 0.0066
vt 0.0000 0.0112
vt 0.0120 0.0112
vt 0.0200 0.0112
vt 0.0279 0.0112
vt 0.0399 0.0112
vt 0.0519 0.0112
vt 0.0599 0.0112
vt 0.0678 0.0112
vt 0.0798 0.0112
vt 0.0000 0.0158
vt 0.0120 0.0158
vt 0.0200 0.0158
vt 0.0279 0.0158
vt 0.0399 0.0158
vt 0.0519 0.0158
vt 0.0599 0.0158
vt 0.0678 0.0158
vt 0.0798 0.0158
vt 0.0000 0.0224
vt 0.0120 0.0224
vt 0.0200 0.0224
vt 0.0279 0.0224
vt 0.0399 0.0224
vt 0.0519 0.0224
vt 0.0599 0.0224
vt 0.0678 0.0224
vt 0.0798 0.0224
vt 0.0000 0.0000
vt 0.0075 0.0000
vt 0.0150 0.0000
vt 0.0225 0.0000
vt 0.0300 0.0000
vt 0.0375 0.0000
vt 0.0450 0.0000
vt 0.0000 0.0056
vt 0.0075 0.0056
vt 0.0150 0.0056
vt 0.0225 0.0056
vt 0.0300 0.0056
vt 0.0375 0.0056
vt 0.0450 0.0056
vt 0.0000 0.0104
vt 0.0075 0.0104
vt 0.0150 0.0104
vt 0.0225 0.0104
vt 0.0300 0.0104
vt 0.0375 0.0104
vt 0.0450 0.0104
vt 0.0000 0.0151
vt 0.0075 0.0151
vt 0.0150 0.0151
vt 0.0225 0.0151
vt 0.0300 0.0151
vt 0.0375 0.0151
vt 0.0450 0.0151
vt 0.0000 0.0207
vt 0.0075 0.0207
vt 0.0150 0.0207
vt 0.0225 0.0207
vt 0.0300 0.0207
vt 0.0375 0.0207
vt 0.0450 0.0207
vt 0.0000 0.0000
vt 0.0120 0.0000
vt 0.0200 0.0000
vt 0.0279 0.0000
vt 0.0399 0.0000
vt 0.0519 0.0000
vt 0.0599 0.0000
vt 0.0678 0.0000
vt 0.0798 0.0000
vt 0.0000 0.0066
vt 0.0120 0.0066
vt 0.0200 0.0066
vt 0.0279 0.0066
vt 0.0399 0.0066
vt 0.0519 0.0066
vt 0.0599 0.0066
vt 0.0678 0.0066
vt 0.0798 0.0066
vt 0.0000 0.0112
vt 0.0120 0.0112
vt 0.0200 0.0112
vt 0.0279 0.0112
vt 0.0399 0.0112
vt 0.0519 0.0112
vt 0.0599 0.0112
vt 0.0678 0.0112
vt 0.0798 0.0112
vt 0.0000 0.0158
vt 0.0120 0.0158
vt 0.0200 0.0158
vt 0.0279 0.0158
vt 0.0399 0.0158
vt 0.0519 0.0158
vt 0.0599 0.0158
vt 0.0678 0.0158
vt 0.0798 0.0158
vt 0.0000 0.0224
vt 0.0120 0.0224
vt 0.0200 0.0224
vt 0.0279 0.0224
vt 0.0399 0.0224
vt 0.0519 0.0224
vt 0.0599 0.0224
vt 0.0678 0.0224
vt 0.0798 0.0224
vt 0.0000 0.0000
vt 0.0120 0.0000
vt 0.0200 0.0000
vt 0.0279 0.0000
vt 0.0399 0.0000
vt 0.0519 0.0000
vt 0.0599 0.0000
vt 0.0678 0.0000
vt 0.0798 0.0000
vt 0.0000 0.0066
vt 0.0120 0.0066
vt 0.0200 0.0066
vt 0.0279 0.0066
vt 0.0399 0.0066
vt 0.0519 0.0066
vt 0.0599 0.0066
vt 0.0678 0.0066
vt 0.0798 0.0066
vt 0.0000 0.0112
vt 0.0120 0.0112
vt 0.0200 0.0112
vt 0.0279 0.0112
vt 0.0399 0.0112
vt 0.0519 0.0112
vt 0.0599 0.0112
vt 0.0678 0.0112
vt 0.0798 0.0112
vt 0.0000 0.0158
vt 0.0120 0.0158
vt 0.0200 0.0158
vt 0.0279 0.0158
vt 0.0399 0.0158
vt 0.0519 0.0158
vt 0.0599 0.0158
vt 0.0678 0.0158
vt 0.0798 0.0158
vt 0.0000 0.0224
vt 0.0120 0.0224
vt 0.0200 0.0224
vt 0.0279 0.0224
vt 0.0399 0.0224
vt 0.0519 0.0224
vt 0.0599 0.0224
vt 0.0678 0.0224
vt 0.0798 0.0224
vt 0.0000 0.0000
vt 0.0120 0.0000
vt 0.0200 0.0000
vt 0.0279 0.0000
vt 0.0399 0.0000
vt 0.0519 0.0000
vt 0.0599 0.0000
vt 0.0678 0.0000
vt 0.0798 0.0000
vt 0.0000 0.0066
vt 0.0120 0.0066
vt 0.0200 0.0066
vt 0.0279 0.0066
vt 0.0399 0.0066
vt 0.0519 0.0066
vt 0.0599 0.0066
vt 0.0678 0.0066
vt 0.0798 0.0066
vt 0.0000 0.0112
vt 0.0120 0.0112
vt 0.0200 0.0112
vt 0.0279 0.0112
vt 0.0399 0.0112
vt 0.0519 0.0112
vt 0.0599 0.0112
vt 0.0678 0.0112
vt 0.0798 0.0112
vt 0.0000 0.0158
vt 0.0120 0.0158
vt 0.0200 0.0158
vt 0.0279 0.0158
vt 0.0399 0.0158
vt 0.0519 0.0158
vt 0.0599 0.0158
vt 0.0678 0.0158
vt 0.0798 0.0158
vt 0.0000 0.0224
vt 0.0120 0.0224
vt 0.0200 0.0224
vt 0.0279 0.0224
vt 0.0399 0.0224
vt 0.0519 0.0224
vt 0.0599 0.0224
vt 0.0678 0.0224
vt 0.0798 0.0224
vt 0.0000 0.0000
vt 0.0120 0.0000
vt 0.0200 0.0000
vt 0.0279 0.0000
vt 0.0399 0.0000
vt 0.0519 0.0000
vt 0.0599 0.0000
vt 0.0678 0.0000
vt 0.0798 0.0000
vt 0.0000 0.0066
vt 0.0120 0.0066
vt 0.0200 0.0066
vt 0.0279 0.0066
vt 0.0399 0.0066
vt 0.0519 0.0066
vt 0.0599 0.0066
vt 0.0678 0.0066
vt 0.0798 0.0066
vt 0.0000 0.0112
vt 0.0120 0.0112
vt 0.0200 0.0112
vt 0.0279 0.0112
vt 0.0399 0.0112
vt 0.0519 0.0112
vt 0.0599 0.0112
vt 0.0678 0.0112
vt 0.0798 0.0112
vt 0.0000 0.0158
vt 0.0120 0.0158
vt 0.0200 0.0158
vt 0.0279 0.0158
vt 0.0399 0.0158
vt 0.0519 0.0158
vt 0.0599 0.0158
vt 0.0678 0.0158
vt 0.0798 0.0158
vt 0.0000 0.0224
vt 0.0120 0.0224
vt 0.0200 0.0224
vt 0.0279 0.0224
vt 0.0399 0.0224
vt 0.0519 0.0224
vt 0.0599 0.0224
vt 0.0678 0.0224
vt 0.0798 0.0224
vt 0.0000 0.0000
vt 0.0120 0.0000
vt 0.0200 0.0000
vt 0.0279 0.0000
vt 0.0399 0.0000
vt 0.0519 0.0000
vt 0.0599 0.0000
vt 0.0678 0.0000
vt 0.0798 0.0000
vt 0.0000 0.0066
vt 0.0120 0.0066
vt 0.0200 0.0066
vt 0.0279 0.0066
vt 0.0399 0.0066
vt 0.0519 0.0066
vt 0.0599 0.0066
vt 0.0678 0.0066
vt 0.0798 0.0066
vt 0.0000 0.0112
vt 0.0120 0.0112
vt 0.0200 0.0112
vt 0.0279 0.0112
vt 0.0399 0.0112
vt 0.0519 0.0112
vt 0.0599 0.0112
vt 0.0678 0.0112
vt 0.0798 0.0112
vt 0.0000 0.0158
vt 0.0120 0.0158
vt 0.0200 0.0158
vt 0.0279 0.0158
vt 0.0399 0.0158
vt 0.0519 0.0158
vt 0.0599 0.0158
vt 0.0678 0.0158
vt 0.0798 0.0158
vt 0.0000 0.0224
vt 0.0120 0.0224
vt 0.0200 0.0224
vt 0.0279 0.0224
vt 0.0399 0.0224
vt 0.0519 0.0224
vt 0.0599 0.0224
vt 0.0678 0.0224
vt 0.0798 0.0224
vt 0.0000 0.0000
vt 0.0075 0.0000
vt 0.0150 0.0000
vt 0.0225 0.0000
vt 0.0300 0.0000
vt 0.0375 0.0000
vt 0.0450 0.0000
vt 0.0000 0.0056
vt 0.0075 0.0056
vt 0.0150 0.0056
vt 0.0225 0.0056
vt 0.0300 0.0056
vt 0.0375 0.0056
vt 0.0450 0.0056
vt 0.0000 0.0104
vt 0.0075 0.0104
vt 0.0150 0.0104
vt 0.0225 0.0104
vt 0.0300 0.0104
vt 0.0375 0.0104
vt 0.0450 0.0104
vt 0.0000 0.0151
vt 0.0075 0.0151
vt 0.0150 0.0151
vt 0.0225 0.0151
vt 0.0300 0.0151
vt 0.0375 0.0151
vt 0.0450 0.0151
vt 0.0000 0.0207
vt 0.0075 0.0207
vt 0.0150 0.0207
vt 0.0225 0.0207
vt 0.0300 0.0207
vt 0.0375 0.0207
vt 0.0450 0.0207
vt 0.0000 0.0000
vt 0.0120 0.0000
vt 0.0200 0.0000
vt 0.0279 0.0000
vt 0.0399 0.0000
vt 0.0519 0.0000
vt 0.0599 0.0000
vt 0.0678 0.0000
vt 0.0798 0.0000
vt 0.0000 0.0066
vt 0.0120 0.0066
vt 0.0200 0.0066
vt 0.0279 0.0066
vt 0.0399 0.0066
vt 0.0519 0.0066
vt 0.0599 0.0066
vt 0.0678 0.0066
vt 0.0798 0.0066
vt 0.0000 0.0112
vt 0.0120 0.0112
vt 0.0200 0.0112
vt 0.0279 0.0112
vt 0.0399 0.0112
vt 0.0519 0.0112
vt 0.0599 0.0112
vt 0.0678 0.0112
vt 0.0798 0.0112
vt 0.0000 0.0158
vt 0.0120 0.0158
vt 0.0200 0.0158
vt 0.0279 0.0158
vt 0.0399 0.0158
vt 0.0519 0.0158
vt 0.0599 0.0158
vt 0.0678 0.0158
vt 0.0798 0.0158
vt 0.0000 0.0224
vt 0.0120 0.0224
vt 0.0200 0.0224
vt 0.0279 0.0224
vt 0.0399 0.0224
vt 0.0519 0.0224
vt 0.0599 0.0224
vt 0.0678 0.0224
vt 0.0798 0.0224
vt 0.0000 0.0000
vt 0.0120 0.0000
vt 0.0200 0.0000
vt 0.0279 0.0000
vt 0.0399 0.0000
vt 0.0519 0.0000
vt 0.0599 0.0000
vt 0.0678 0.0000
vt 0.0798 0.0000
vt 0.0000 0.0066
vt 0.0120 0.0066
vt 0.0200 0.0066
vt 0.0279 0.0066
vt 0.0399 0.0066
vt 0.0519 0.0066
vt 0.0599 0.0066
vt 0.0678 0.0066
vt 0.0798 0.0066
vt 0.0000 0.0112
vt 0.0120 0.0112
vt 0.0200 0.0112
vt 0.0279 0.0112
vt 0.0399 0.0112
vt 0.0519 0.0112
vt 0.0599 0.0112
vt 0.0678 0.0112
vt 0.0798 0.0112
vt 0.0000 0.0158
vt 0.0120 0.0158
vt 0.0200 0.0158
vt 0.0279 0.0158
vt 0.0399 0.0158
vt 0.0519 0.0158
vt 0.0599 0.0158
vt 0.0678 0.0158
vt 0.0798 0.0158
vt 0.0000 0.0224
vt 0.0120 0.0224
vt 0.0200 0.0224
vt 0.0279 0.0224
vt 0.0399 0.0224
vt 0.0519 0.0224
vt 0.0599 0.0224
vt 0.0678 0.0224
vt 0.0798 0.0224
vt 0.0000 0.0000
vt 0.0120 0.0000
vt 0.0200 0.0000
vt 0.0279 0.0000
vt 0.0399 0.0000
vt 0.0519 0.0000
vt 0.0599 0.0000
vt 0.0678 0.0000
vt 0.0798 0.0000
vt 0.0000 0.0066
vt 0.0120 0.0066
vt 0.0200 0.0066
vt 0.0279 0.0066
vt 0.0399 0.0066
vt 0.0519 0.0066
vt 0.0599 0.0066
vt 0.0678 0.0066
vt 0.0798 0.0066
vt 0.0000 0.0112
vt 0.0120 0.0112
vt 0.0200 0.0112
vt 0.0279 0.0112
vt 0.0399 0.0112
vt 0.0519 0.0112
vt 0.0599 0.0112
vt 0.0678 0.0112
vt 0.0798 0.0112
vt 0.0000 0.0158
vt 0.0120 0.0158
vt 0.0200 0.0158
vt 0.0279 0.0158
vt 0.0399 0.0158
vt 0.0519 0.0158
vt 0.0599 0.0158
vt 0.0678 0.0158
vt 0.0798 0.0158
vt 0.0000 0.0224
vt 0.0120 0.0224
vt 0.0200 0.0224
vt 0.0279 0.0224
vt 0.0399 0.0224
vt 0.0519 0.0224
vt 0.0599 0.0224
vt 0.0678 0.0224
vt 0.0798 0.0224
vt 0.0000 0.0000
vt 0.0120 0.0000
vt 0.0200 0.0000
vt 0.0279 0.0000
vt 0.0399 0.0000
vt 0.0519 0.0000
vt 0.0599 0.0000
vt 0.0678 0.0000
vt 0.0798 0.0000
vt 0.0000 0.0066
vt 0.0120 0.0066
vt 0.0200 0.0066
vt 0.0279 0.0066
vt 0.0399 0.0066
vt 0.0519 0.0066
vt 0.0599 0.0066
vt 0.0678 0.0066
vt 0.0798 0.0066
vt 0.0000 0.0112
vt 0.0120 0.0112
vt 0.0200 0.0112
vt 0.0279 0.0112
vt 0.0399 0.0112
vt 0.0519 0.0112
vt 0.0599 0.0112
vt 0.0678 0.0112
vt 0.0798 0.0112
vt 0.0000 0.0158
vt 0.0120 0.0158
vt 0.0200 0.0158
vt 0.0279 0.0158
vt 0.0399 0.0158
vt 0.0519 0.0158
vt 0.0599 0.0158
vt 0.0678 0.0158
vt 0.0798 0.0158
vt 0.0000 0.0224
vt 0.0120 0.0224
vt 0.0200 0.0224
vt 0.0279 0.0224
vt 0.0399 0.0224
vt 0.0519 0.0224
vt 0.0599 0.0224
vt 0.0678 0.0224
vt 0.0798 0.0224
vt 0.0000 0.0000
vt 0.0120 0.0000
vt 0.0200 0.0000
vt 0.0279 0.0000
vt 0.0399 0.0000
vt 0.0519 0.0000
vt 0.0599 0.0000
vt 0.0678 0.0000
vt 0.0798 0.0000
vt 0.0000 0.0066
vt 0.0120 0.0066
vt 0.0200 0.0066
vt 0.0279 0.0066
vt 0.0399 0.0066
vt 0.0519 0.0066
vt 0.0599 0.0066
vt 0.0678 0.0066
vt 0.0798 0.0066
vt 0.0000 0.0112
vt 0.0120 0.0112
vt 0.0200 0.0112
vt 0.0279 0.0112
vt 0.0399 0.0112
vt 0.0519 0.0112
vt 0.0599 0.0112
vt 0.0678 0.0112
vt 0.0798 0.0112
vt 0.0000 0.0158
vt 0.0120 0.0158
vt 0.0200 0.0158
vt 0.0279 0.0158
vt 0.0399 0.0158
vt 0.0519 0.0158
vt 0.0599 0.0158
vt 0.0678 0.0158
vt 0.0798 0.0158
vt 0.0000 0.0224
vt 0.0120 0.0224
vt 0.0200 0.0224
vt 0.0279 0.0224
vt 0.0399 0.0224
vt 0.0519 0.0224
vt 0.0599 0.0224
vt 0.0678 0.0224
vt 0.0798 0.0224
vt 0.0000 0.0000
vt 0.0075 0.0000
vt 0.0150 0.0000
vt 0.0225 0.0000
vt 0.0300 0.0000
vt 0.0375 0.0000
vt 0.0450 0.0000
vt 0.0000 0.0056
vt 0.0075 0.0056
vt 0.0150 0.0056
vt 0.0225 0.0056
vt 0.0300 0.0056
vt 0.0375 0.0056
vt 0.0450 0.0056
vt 0.0000 0.0104
vt 0.0075 0.0104
vt 0.0150 0.0104
vt 0.0225 0.0104
vt 0.0300 0.0104
vt 0.0375 0.0104
vt 0.0450 0.0104
vt 0.0000 0.0151
vt 0.0075 0.0151
vt 0.0150 0.0151
vt 0.0225 0.0151
vt 0.0300 0.0151
vt 0.0375 0.0151
vt 0.0450 0.0151
vt 0.0000 0.0207
vt 0.0075 0.0207
vt 0.0150 0.0207
vt 0.0225 0.0207
vt 0.0300 0.0207
vt 0.0375 0.0207
vt 0.0450 0.0207
vt 0.0000 0.0000
vt 0.0120 0.0000
vt 0.0200 0.0000
vt 0.0279 0.0000
vt 0.0399 0.0000
vt 0.0519 0.0000
vt 0.0599 0.0000
vt 0.0678 0.0000
vt 0.0798 0.0000
vt 0.0000 0.0066
vt 0.0120 0.0066
vt 0.0200 0.0066
vt 0.0279 0.0066
vt 0.0399 0.0066
vt 0.0519 0.0066
vt 0.0599 0.0066
vt 0.0678 0.0066
vt 0.0798 0.0066
vt 0.0000 0.0112
vt 0.0120 0.0112
vt 0.0200 0.0112
vt 0.0279 0.0112
vt 0.0399 0.0112
vt 0.0519 0.0112
vt 0.0599 0.0112
vt 0.0678 0.0112
vt 0.0798 0.0112
vt 0.0000 0.0158
vt 0.0120 0.0158
vt 0.0200 0.0158
vt 0.0279 0.0158
vt 0.0399 0.0158
vt 0.0519 0.0158
vt 0.0599 0.0158
vt 0.0678 0.0158
vt 0.0798 0.0158
vt 0.0000 0.0224
vt 0.0120 0.0224
vt 0.0200 0.0224
vt 0.0279 0.0224
vt 0.0399 0.0224
vt 0.0519 0.0224
vt 0.0599 0.0224
vt 0.0678 0.0224
vt 0.0798 0.0224
vt 0.0000 0.0000
vt 0.0120 0.0000
vt 0.0200 0.0000
vt 0.0279 0.0000
vt 0.0399 0.0000
vt 0.0519 0.0000
vt 0.0599 0.0000
vt 0.0678 0.0000
vt 0.0798 0.0000
vt 0.0000 0.0066
vt 0.0120 0.0066
vt 0.0200 0.0066
vt 0.0279 0.0066
vt 0.0399 0.0066
vt 0.0519 0.0066
vt 0.0599 0.0066
vt 0.0678 0.0066
vt 0.0798 0.0066
vt 0.0000 0.0112
vt 0.0120 0.0112
vt 0.0200 0.0112
vt 0.0279 0.0112
vt 0.0399 0.0112
vt 0.0519 0.0112
vt 0.0599 0.0112
vt 0.0678 0.0112
vt 0.0798 0.0112
vt 0.0000 0.0158
vt 0.0120 0.0158
vt 0.0200 0.0158
vt 0.0279 0.0158
vt 0.0399 0.0158
vt 0.0519 0.0158
vt 0.0599 0.0158
vt 0.0678 0.0158
vt 0.0798 0.0158
vt 0.0000 0.0224
vt 0.0120 0.0224
vt 0.0200 0.0224
vt 0.0279 0.0224
vt 0.0399 0.0224
vt 0.0519 0.0224
vt 0.0599 0.0224
vt 0.0678 0.0224
vt 0.0798 0.0224
vt 0.0000 0.0000
vt 0.0120 0.0000
vt 0.0200 0.0000
vt 0.0279 0.0000
vt 0.0399 0.0000
vt 0.0519 0.0000
vt 0.0599 0.0000
vt 0.0678 0.0000
vt 0.0798 0.0000
vt 0.0000 0.0066
vt 0.0120 0.0066
vt 0.0200 0.0066
vt 0.0279 0.0066
vt 0.0399 0.0066
vt 0.0519 0.0066
vt 0.0599 0.0066
vt 0.0678 0.0066
vt 0.0798 0.0066
vt 0.0000 0.0112
vt 0.0120 0.0112
vt 0.0200 0.0112
vt 0.0279 0.0112
vt 0.0399 0.0112
vt 0.0519 0.0112
vt 0.0599 0.0112
vt 0.0678 0.0112
vt 0.0798 0.0112
vt 0.0000 0.0158
vt 0.0120 0.0158
vt 0.0200 0.0158
vt 0.0279 0.0158
vt 0.0399 0.0158
vt 0.0519 0.0158
vt 0.0599 0.0158
vt 0.0678 0.0158
vt 0.0798 0.0158
vt 0.0000 0.0224
vt 0.0120 0.0224
vt 0.0200 0.0224
vt 0.0279 0.0224
vt 0.0399 0.0224
vt 0.0519 0.0224
vt 0.0599 0.0224
vt 0.0678 0.0224
vt 0.0798 0.0224
vt 0.0000 0.0000
vt 0.0120 0.0000
vt 0.0200 0.0000
vt 0.0279 0.0000
vt 0.0399 0.0000
vt 0.0519 0.0000
vt 0.0599 0.0000
vt 0.0678 0.0000
vt 0.0798 0.0000
vt 0.0000 0.0066
vt 0.0120 0.0066
vt 0.0200 0.0066
vt 0.0279 0.0066
vt 0.0399 0.0066
vt 0.0519 0.0066
vt 0.0599 0.0066
vt 0.0678 0.0066
vt 0.0798 0.0066
vt 0.0000 0.0112
vt 0.0120 0.0112
vt 0.0200 0.0112
vt 0.0279 0.0112
vt 0.0399 0.0112
vt 0.0519 0.0112
vt 0.0599 0.0112
vt 0.0678 0.0112
vt 0.0798 0.0112
vt 0.0000 0.0158
vt 0.0120 0.0158
vt 0.0200 0.0158
vt 0.0279 0.0158
vt 0.0399 0.0158
vt 0.0519 0.0158
vt 0.0599 0.0158
vt 0.0678 0.0158
vt 0.0798 0.0158
vt 0.0000 0.0224
vt 0.0120 0.0224
vt 0.0200 0.0224
vt 0.0279 0.0224
vt 0.0399 0.0224
vt 0.0519 0.0224
vt 0.0599 0.0224
vt 0.0678 0.0224
vt 0.0798 0.0224
vt 0.0000 0.0000
vt 0.0120 0.0000
vt 0.0200 0.0000
vt 0.0279 0.0000
vt 0.0399 0.0000
vt 0.0519 0.0000
vt 0.0599 0.0000
vt 0.0678 0.0000
vt 0.0798 0.0000
vt 0.0000 0.0066
vt 0.0120 0.0066
vt 0.0200 0.0066
vt 0.0279 0.0066
vt 0.0399 0.0066
vt 0.0519 0.0066
vt 0.0599 0.0066
vt 0.0678 0.0066
vt 0.0798 0.0066
vt 0.0000 0.0112
vt 0.0120 0.0112
vt 0.0200 0.0112
vt 0.0279 0.0112
vt 0.0399 0.0112
vt 0.0519 0.0112
vt 0.0599 0.0112
vt 0.0678 0.0112
vt 0.0798 0.0112
vt 0.0000 0.0158
vt 0.0120 0.0158
vt 0.0200 0.0158
vt 0.0279 0.0158
vt 0.0399 0.0158
vt 0.0519 0.0158
vt 0.0599 0.0158
vt 0.0678 0.0158
vt 0.0798 0.0158
vt 0.0000 0.0224
vt 0.0120 0.0224
vt 0.0200 0.0224
vt 0.0279 0.0224
vt 0.0399 0.0224
vt 0.0519 0.0224
vt 0.0599 0.0224
vt 0.0678 0.0224
vt 0.0798 0.0224
vt 0.0000 0.0000
vt 0.0075 0.0000
vt 0.0150 0.0000
vt 0.0225 0.0000
vt 0.0300 0.0000
vt 0.0375 0.0000
vt 0.0450 0.0000
vt 0.0000 0.0056
vt 0.0075 0.0056
vt 0.0150 0.0056
vt 0.0225 0.0056
vt 0.0300 0.0056
vt 0.0375 0.0056
vt 0.0450 0.0056
vt 0.0000 0.0104
vt 0.0075 0.0104
vt 0.0150 0.0104
vt 0.0225 0.0104
vt 0.0300 0.0104
vt 0.0375 0.0104
vt 0.0450 0.0104
vt 0.0000 0.0151
vt 0.0075 0.0151
vt 0.0150 0.0151
vt 0.0225 0.0151
vt 0.0300 0.0151
vt 0.0375 0.0151
vt 0.0450 0.0151
vt 0.0000 0.0207
vt 0.0075 0.0207
vt 0.0150 0.0207
vt 0.0225 0.0207
vt 0.0300 0.0207
vt 0.0375 0.0207
vt 0.0450 0.0207
vt 0.0000 0.0000
vt 0.0120 0.0000
vt 0.0200 0.0000
vt 0.0279 0.0000
vt 0.0399 0.0000
vt 0.0519 0.0000
vt 0.0599 0.0000
vt 0.0678 0.0000
vt 0.0798 0.0000
vt 0.0000 0.0066
vt 0.0120 0.0066
vt 0.0200 0.0066
vt 0.0279 0.0066
vt 0.0399 0.0066
vt 0.0519 0.0066
vt 0.0599 0.0066
vt 0.0678 0.0066
vt 0.0798 0.0066
vt 0.0000 0.0112
vt 0.0120 0.0112
vt 0.0200 0.0112
vt 0.0279 0.0112
vt 0.0399 0.0112
vt 0.0519 0.0112
vt 0.0599 0.0112
vt 0.0678 0.0112
vt 0.0798 0.0112
vt 0.0000 0.0158
vt 0.0120 0.0158
vt 0.0200 0.0158
vt 0.0279 0.0158
vt 0.0399 0.0158
vt 0.0519 0.0158
vt 0.0599 0.0158
vt 0.0678 0.0158
vt 0.0798 0.0158
vt 0.0000 0.0224
vt 0.0120 0.0224
vt 0.0200 0.0224
vt 0.0279 0.0224
vt 0.0399 0.0224
vt 0.0519 0.0224
vt 0.0599 0.0224
vt 0.0678 0.0224
vt 0.0798 0.0224
vt 0.0000 0.0000
vt 0.0120 0.0000
vt 0.0200 0.0000
vt 0.0279 0.0000
vt 0.0399 0.0000
vt 0.0519 0.0000
vt 0.0599 0.0000
vt 0.0678 0.0000
vt 0.0798 0.0000
vt 0.0000 0.0066
vt 0.0120 0.0066
vt 0.0200 0.0066
vt 0.0279 0.0066
vt 0.0399 0.0066
vt 0.0519 0.0066
vt 0.0599 0.0066
vt 0.0678 0.0066
vt 0.0798 0.0066
vt 0.0000 0.0112
vt 0.0120 0.0112
vt 0.0200 0.0112
vt 0.0279 0.0112
vt 0.0399 0.0112
vt 0.0519 0.0112
vt 0.0599 0.0112
vt 0.0678 0.0112
vt 0.0798 0.0112
vt 0.0000 0.0158
vt 0.0120 0.0158
vt 0.0200 0.0158
vt 0.0279 0.0158
vt 0.0399 0.0158
vt 0.0519 0.0158
vt 0.0599 0.0158
vt 0.0678 0.0158
vt 0.0798 0.0158
vt 0.0000 0.0224
vt 0.0120 0.0224
vt 0.0200 0.0224
vt 0.0279 0.0224
vt 0.0399 0.0224
vt 0.0519 0.0224
vt 0.0599 0.0224
vt 0.0678 0.0224
vt 0.0798 0.0224
vt 0.0000 0.0000
vt 0.0120 0.0000
vt 0.0200 0.0000
vt 0.0279 0.0000
vt 0.0399 0.0000
vt 0.0519 0.0000
vt 0.0599 0.0000
vt 0.0678 0.0000
vt 0.0798 0.0000
vt 0.0000 0.0066
vt 0.0120 0.0066
vt 0.0200 0.0066
vt 0.0279 0.0066
vt 0.0399 0.0066
vt 0.0519 0.0066
vt 0.0599 0.0066
vt 0.0678 0.0066
vt 0.0798 0.0066
vt 0.0000 0.0112
vt 0.0120 0.0112
vt 0.0200 0.0112
vt 0.0279 0.0112
vt 0.0399 0.0112
vt 0.0519 0.0112
vt 0.0599 0.0112
vt 0.0678 0.0112
vt 0.0798 0.0112
vt 0.0000 0.0158
vt 0.0120 0.0158
vt 0.0200 0.0158
vt 0.0279 0.0158
vt 0.0399 0.0158
vt 0.0519 0.0158
vt 0.0599 0.0158
vt 0.0678 0.0158
vt 0.0798 0.0158
vt 0.0000 0.0224
vt 0.0120 0.0224
vt 0.0200 0.0224
vt 0.0279 0.0224
vt 0.0399 0.0224
vt 0.0519 0.0224
vt 0.0599 0.0224
vt 0.0678 0.0224
vt 0.0798 0.0224
vt 0.0000 0.0000
vt 0.0120 0.0000
vt 0.0200 0.0000
vt 0.0279 0.0000
vt 0.0399 0.0000
vt 0.0519 0.0000
vt 0.0599 0.0000
vt 0.0678 0.0000
vt 0.0798 0.0000
vt 0.0000 0.0066
vt 0.0120 0.0066
vt 0.0200 0.0066
vt 0.0279 0.0066
vt 0.0399 0.0066
vt 0.0519 0.0066
vt 0.0599 0.0066
vt 0.0678 0.0066
vt 0.0798 0.0066
vt 0.0000 0.0112
vt 0.0120 0.0112
vt 0.0200 0.0112
vt 0.0279 0.0112
vt 0.0399 0.0112
vt 0.0519 0.0112
vt 0.0599 0.0112
vt 0.0678 0.0112
vt 0.0798 0.0112
vt 0.0000 0.0158
vt 0.0120 0.0158
vt 0.0200 0.0158
vt 0.0279 0.0158
vt 0.0399 0.0158
vt 0.0519 0.0158
vt 0.0599 0.0158
vt 0.0678 0.0158
vt 0.0798 0.0158
vt 0.0000 0.0224
vt 0.0120 0.0224
vt 0.0200 0.0224
vt 0.0279 0.0224
vt 0.0399 0.0224
vt 0.0519 0.0224
vt 0.0599 0.0224
vt 0.0678 0.0224
vt 0.0798 0.0224
vt 0.0000 0.0000
vt 0.0120 0.0000
vt 0.0200 0.0000
vt 0.0279 0.0000
vt 0.0399 0.0000
vt 0.0519 0.0000
vt 0.0599 0.0000
vt 0.0678 0.0000
vt 0.0798 0.0000
vt 0.0000 0.0066
vt 0.0120 0.0066
vt 0.0200 0.0066
vt 0.0279 0.0066
vt 0.0399 0.0066
vt 0.0519 0.0066
vt 0.0599 0.0066
vt 0.0678 0.0066
vt 0.0798 0.0066
vt 0.0000 0.0112
vt 0.0120 0.0112
vt 0.0200 0.0112
vt 0.0279 0.0112
vt 0.0399 0.0112
vt 0.0519 0.0112
vt 0.0599 0.0112
vt 0.0678 0.0112
vt 0.0798 0.0112
vt 0.0000 0.0158
vt 0.0120 0.0158
vt 0.0200 0.0158
vt 0.0279 0.0158
vt 0.0399 0.0158
vt 0.0519 0.0158
vt 0.0599 0.0158
vt 0.0678 0.0158
vt 0.0798 0.0158
vt 0.0000 0.0224
vt 0.0120 0.0224
vt 0.0200 0.0224
vt 0.0279 0.0224
vt 0.0399 0.0224
vt 0.0519 0.0224
vt 0.0599 0.0224
vt 0.0678 0.0224
vt 0.0798 0.0224
vt 0.0000 0.0000
vt 0.0075 0.0000
vt 0.0150 0.0000
vt 0.0225 0.0000
vt 0.0300 0.0000
vt 0.0375 0.0000
vt 0.0450 0.0000
vt 0.0000 0.0056
vt 0.0075 0.0056
vt 0.0150 0.0056
vt 0.0225 0.0056
vt 0.0300 0.0056
vt 0.0375 0.0056
vt 0.0450 0.0056
vt 0.0000 0.0104
vt 0.0075 0.0104
vt 0.0150 0.0104
vt 0.0225 0.0104
vt 0.0300 0.0104
vt 0.0375 0.0104
vt 0.0450 0.0104
vt 0.0000 0.0151
vt 0.0075 0.0151
vt 0.0150 0.0151
vt 0.0225 0.0151
vt 0.0300 0.0151
vt 0.0375 0.0151
vt 0.0450 0.0151
vt 0.0000 0.0207
vt 0.0075 0.0207
vt 0.0150 0.0207
vt 0.0225 0.0207
vt 0.0300 0.0207
vt 0.0375 0.0207
vt 0.0450 0.0207
vt 0.0000 0.0000
vt 0.0120 0.0000
vt 0.0200 0.0000
vt 0.0279 0.0000
vt 0.0399 0.0000
vt 0.0519 0.0000
vt 0.0599 0.0000
vt 0.0678 0.0000
vt 0.0798 0.0000
vt 0.0000 0.0066
vt 0.0120 0.0066
vt 0.0200 0.0066
vt 0.0279 0.0066
vt 0.0399 0.0066
vt 0.0519 0.0066
vt 0.0599 0.0066
vt 0.0678 0.0066
vt 0.0798 0.0066
vt 0.0000 0.0112
vt 0.0120 0.0112
vt 0.0200 0.0112
vt 0.0279 0.0112
vt 0.0399 0.0112
vt 0.0519 0.0112
vt 0.0599 0.0112
vt 0.0678 0.0112
vt 0.0798 0.0112
vt 0.0000 0.0158
vt 0.0120 0.0158
vt 0.0200 0.0158
vt 0.0279 0.0158
vt 0.0399 0.0158
vt 0.0519 0.0158
vt 0.0599 0.0158
vt 0.0678 0.0158
vt 0.0798 0.0158
vt 0.0000 0.0224
vt 0.0120 0.0224
vt 0.0200 0.0224
vt 0.0279 0.0224
vt 0.0399 0.0224
vt 0.0519 0.0224
vt 0.0599 0.0224
vt 0.0678 0.0224
vt 0.0798 0.0224
vt 0.0000 0.0000
vt 0.0120 0.0000
vt 0.0200 0.0000
vt 0.0279 0.0000
vt 0.0399 0.0000
vt 0.0519 0.0000
vt 0.0599 0.0000
vt 0.0678 0.0000
vt 0.0798 0.0000
vt 0.0000 0.0066
vt 0.0120 0.0066
vt 0.0200 0.0066
vt 0.0279 0.0066
vt 0.0399 0.0066
vt 0.0519 0.0066
vt 0.0599 0.0066
vt 0.0678 0.0066
vt 0.0798 0.0066
vt 0.0000 0.0112
vt 0.0120 0.0112
vt 0.0200 0.0112
vt 0.0279 0.0112
vt 0.0399 0.0112
vt 0.0519 0.0112
vt 0.0599 0.0112
vt 0.0678 0.0112
vt 0.0798 0.0112
vt 0.0000 0.0158
vt 0.0120 0.0158
vt 0.0200 0.0158
vt 0.0279 0.0158
vt 0.0399 0.0158
vt 0.0519 0.0158
vt 0.0599 0.0158
vt 0.0678 0.0158
vt 0.0798 0.0158
vt 0.0000 0.0224
vt 0.0120 0.0224
vt 0.0200 0.0224
vt 0.0279 0.0224
vt 0.0399 0.0224
vt 0.0519 0.0224
vt 0.0599 0.0224
vt 0.0678 0.0224
vt 0.0798 0.0224
vt 0.0000 0.0000
vt 0.0120 0.0000
vt 0.0200 0.0000
vt 0.0279 0.0000
vt 0.0399 0.0000
vt 0.0519 0.0000
vt 0.0599 0.0000
vt 0.0678 0.0000
vt 0.0798 0.0000
vt 0.0000 0.0066
vt 0.0120 0.0066
vt 0.0200 0.0066
vt 0.0279 0.0066
vt 0.0399 0.0066
vt 0.0519 0.0066
vt 0.0599 0.0066
vt 0.0678 0.0066
vt 0.0798 0.0066
vt 0.0000 0.0112
vt 0.0120 0.0112
vt 0.0200 0.0112
vt 0.0279 0.0112
vt 0.0399 0.0112
vt 0.0519 0.0112
vt 0.0599 0.0112
vt 0.0678 0.0112
vt 0.0798 0.0112
vt 0.0000 0.0158
vt 0.0120 0.0158
vt 0.0200 0.0158
vt 0.0279 0.0158
vt 0.0399 0.0158
vt 0.0519 0.0158
vt 0.0599 0.0158
vt 0.0678 0.0158
vt 0.0798 0.0158
vt 0.0000 0.0224
vt 0.0120 0.0224
vt 0.0200 0.0224
vt 0.0279 0.0224
vt 0.0399 0.0224
vt 0.0519 0.0224
vt 0.0599 0.0224
vt 0.0678 0.0224
vt 0.0798 0.0224
vt 0.0000 0.0000
vt 0.0120 0.0000
vt 0.0200 0.0000
vt 0.0279 0.0000
vt 0.0399 0.0000
vt 0.0519 0.0000
vt 0.0599 0.0000
vt 0.0678 0.0000
vt 0.0798 0.0000
vt 0.0000 0.0066
vt 0.0120 0.0066
vt 0.0200 0.0066
vt 0.0279 0.0066
vt 0.0399 0.0066
vt 0.0519 0.0066
vt 0.0599 0.0066
vt 0.0678 0.0066
vt 0.0798 0.0066
vt 0.0000 0.0112
vt 0.0120 0.0112
vt 0.0200 0.0112
vt 0.0279 0.0112
vt 0.0399 0.0112
vt 0.0519 0.0112
vt 0.0599 0.0112
vt 0.0678 0.0112
vt 0.0798 0.0112
vt 0.0000 0.0158
vt 0.0120 0.0158
vt 0.0200 0.0158
vt 0.0279 0.0158
vt 0.0399 0.0158
vt 0.0519 0.0158
vt 0.0599 0.0158
vt 0.0678 0.0158
vt 0.0798 0.0158
vt 0.0000 0.0224
vt 0.0120 0.0224
vt 0.0200 0.0224
vt 0.0279 0.0224
vt 0.0399 0.0224
vt 0.0519 0.0224
vt 0.0599 0.0224
vt 0.0678 0.0224
vt 0.0798 0.0224
vt 0.0000 0.0000
vt 0.0120 0.0000
vt 0.0200 0.0000
vt 0.0279 0.0000
vt 0.0399 0.0000
vt 0.0519 0.0000
vt 0.0599 0.0000
vt 0.0678 0.0000
vt 0.0798 0.0000
vt 0.0000 0.0066
vt 0.0120 0.0066
vt 0.0200 0.0066
vt 0.0279 0.0066
vt 0.0399 0.0066
vt 0.0519 0.0066
vt 0.0599 0.0066
vt 0.0678 0.0066
vt 0.0798 0.0066
vt 0.0000 0.0112
vt 0.0120 0.0112
vt 0.0200 0.0112
vt 0.0279 0.0112
vt 0.0399 0.0112
vt 0.0519 0.0112
vt 0.0599 0.0112
vt 0.0678 0.0112
vt 0.0798 0.0112
vt 0.0000 0.0158
vt 0.0120 0.0158
vt 0.0200 0.0158
vt 0.0279 0.0158
vt 0.0399 0.0158
vt 0.0519 0.0158
vt 0.0599 0.0158
vt 0.0678 0.0158
vt 0.0798 0.0158
vt 0.0000 0.0224
vt 0.0120 0.0224
vt 0.0200 0.0224
vt 0.0279 0.0224
vt 0.0399 0.0224
vt 0.0519 0.0224
vt 0.0599 0.0224
vt 0.0678 0.0224
vt 0.0798 0.0224
vt 0.0000 0.0000
vt 0.0075 0.0000
vt 0.0150 0.0000
vt 0.0225 0.0000
vt 0.0300 0.0000
vt 0.0375 0.0000
vt 0.0450 0.0000
vt 0.0000 0.0056
vt 0.0075 0.0056
vt 0.0150 0.0056
vt 0.0225 0.0056
vt 0.0300 0.0056
vt 0.0375 0.0056
vt 0.0450 0.0056
vt 0.0000 0.0104
vt 0.0075 0.0104
vt 0.0150 0.0104
vt 0.0225 0.0104
vt 0.0300 0.0104
vt 0.0375 0.0104
vt 0.0450 0.0104
vt 0.0000 0.0151
vt 0.0075 0.0151
vt 0.0150 0.0151
vt 0.0225 0.0151
vt 0.0300 0.0151
vt 0.0375 0.0151
vt 0.0450 0.0151
vt 0.0000 0.0207
vt 0.0075 0.0207
vt 0.0150 0.0207
vt 0.0225 0.0207
vt 0.0300 0.0207
vt 0.0375 0.0207
vt 0.0450 0.0207
vt 0.0000 0.0000
vt 0.0120 0.0000
vt 0.0200 0.0000
vt 0.0279 0.0000
vt 0.0399 0.0000
vt 0.0519 0.0000
vt 0.0599 0.0000
vt 0.0678 0.0000
vt 0.0798 0.0000
vt 0.0000 0.0066
vt 0.0120 0.0066
vt 0.0200 0.0066
vt 0.0279 0.0066
vt 0.0399 0.0066
vt 0.0519 0.0066
vt 0.0599 0.0066
vt 0.0678 0.0066
vt 0.0798 0.0066
vt 0.0000 0.0112
vt 0.0120 0.0112
vt 0.0200 0.0112
vt 0.0279 0.0112
vt 0.0399 0.0112
vt 0.0519 0.0112
vt 0.0599 0.0112
vt 0.0678 0.0112
vt 0.0798 0.0112
vt 0.0000 0.0158
vt 0.0120 0.0158
vt 0.0200 0.0158
vt 0.0279 0.0158
vt 0.0399 0.0158
vt 0.0519 0.0158
vt 0.0599 0.0158
vt 0.0678 0.0158
vt 0.0798 0.0158
vt 0.0000 0.0224
vt 0.0120 0.0224
vt 0.0200 0.0224
vt 0.0279 0.0224
vt 0.0399 0.0224
vt 0.0519 0.0224
vt 0.0599 0.0224
vt 0.0678 0.0224
vt 0.0798 0.0224
vt 0.0000 0.0000
vt 0.0120 0.0000
vt 0.0200 0.0000
vt 0.0279 0.0000
vt 0.0399 0.0000
vt 0.0519 0.0000
vt 0.0599 0.0000
vt 0.0678 0.0000
vt 0.0798 0.0000
vt 0.0000 0.0066
vt 0.0120 0.0066
vt 0.0200 0.0066
vt 0.0279 0.0066
vt 0.0399 0.0066
vt 0.0519 0.0066
vt 0.0599 0.0066
vt 0.0678 0.0066
vt 0.0798 0.0066
vt 0.0000 0.0112
vt 0.0120 0.0112
vt 0.0200 0.0112
vt 0.0279 0.0112
vt 0.0399 0.0112
vt 0.0519 0.0112
vt 0.0599 0.0112
vt 0.0678 0.0112
vt 0.0798 0.0112
vt 0.0000 0.0158
vt 0.0120 0.0158
vt 0.0200 0.0158
vt 0.0279 0.0158
vt 0.0399 0.0158
vt 0.0519 0.0158
vt 0.0599 0.0158
vt 0.0678 0.0158
vt 0.0798 0.0158
vt 0.0000 0.0224
vt 0.0120 0.0224
vt 0.0200 0.0224
vt 0.0279 0.0224
vt 0.0399 0.0224
vt 0.0519 0.0224
vt 0.0599 0.0224
vt 0.0678 0.0224
vt 0.0798 0.0224
vt 0.0000 0.0000
vt 0.0120 0.0000
vt 0.0200 0.0000
vt 0.0279 0.0000
vt 0.0399 0.0000
vt 0.0519 0.0000
vt 0.0599 0.0000
vt 0.0678 0.0000
vt 0.0798 0.0000
vt 0.0000 0.0066
vt 0.0120 0.0066
vt 0.0200 0.0066
vt 0.0279 0.0066
vt 0.0399 0.0066
vt 0.0519 0.0066
vt 0.0599 0.0066
vt 0.0678 0.0066
vt 0.0798 0.0066
vt 0.0000 0.0112
vt 0.0120 0.0112
vt 0.0200 0.0112
vt 0.0279 0.0112
vt 0.0399 0.0112
vt 0.0519 0.0112
vt 0.0599 0.0112
vt 0.0678 0.0112
vt 0.0798 0.0112
vt 0.0000 0.0158
vt 0.0120 0.0158
vt 0.0200 0.0158
vt 0.0279 0.0158
vt 0.0399 0.0158
vt 0.0519 0.0158
vt 0.0599 0.0158
vt 0.0678 0.0158
vt 0.0798 0.0158
vt 0.0000 0.0224
vt 0.0120 0.0224
vt 0.0200 0.0224
vt 0.0279 0.0224
vt 0.0399 0.0224
vt 0.0519 0.0224
vt 0.0599 0.0224
vt 0.0678 0.0224
vt 0.0798 0.0224
vt 0.0000 0.0000
vt 0.0120 0.0000
vt 0.0200 0.0000
vt 0.0279 0.0000
vt 0.0399 0.0000
vt 0.0519 0.0000
vt 0.0599 0.0000
vt 0.0678 0.0000
vt 0.0798 0.0000
vt 0.0000 0.0066
vt 0.0120 0.0066
vt 0.0200 0.0066
vt 0.0279 0.0066
vt 0.0399 0.0066
vt 0.0519 0.0066
vt 0.0599 0.0066
vt 0.0678 0.0066
vt 0.0798 0.0066
vt 0.0000 0.0112
vt 0.0120 0.0112
vt 0.0200 0.0112
vt 0.0279 0.0112
vt 0.0399 0.0112
vt 0.0519 0.0112
vt 0.0599 0.0112
vt 0.0678 0.0112
vt 0.0798 0.0112
vt 0.0000 0.0158
vt 0.0120 0.0158
vt 0.0200 0.0158
vt 0.0279 0.0158
vt 0.0399 0.0158
vt 0.0519 0.0158
vt 0.0599 0.0158
vt 0.0678 0.0158
vt 0.0798 0.0158
vt 0.0000 0.0224
vt 0.0120 0.0224
vt 0.0200 0.0224
vt 0.0279 0.0224
vt 0.0399 0.0224
vt 0.0519 0.0224
vt 0.0599 0.0224
vt 0.0678 0.0224
vt 0.0798 0.0224
vt 0.0000 0.0000
vt 0.0120 0.0000
vt 0.0200 0.0000
vt 0.0279 0.0000
vt 0.0399 0.0000
vt 0.0519 0.0000
vt 0.0599 0.0000
vt 0.0678 0.0000
vt 0.0798 0.0000
vt 0.0000 0.0066
vt 0.0120 0.0066
vt 0.0200 0.0066
vt 0.0279 0.0066
vt 0.0399 0.0066
vt 0.0519 0.0066
vt 0.0599 0.0066
vt 0.0678 0.0066
vt 0.0798 0.0066
vt 0.0000 0.0112
vt 0.0120 0.0112
vt 0.0200 0.0112
vt 0.0279 0.0112
vt 0.0399 0.0112
vt 0.0519 0.0112
vt 0.0599 0.0112
vt 0.0678 0.0112
vt 0.0798 0.0112
vt 0.0000 0.0158
vt 0.0120 0.0158
vt 0.0200 0.0158
vt 0.0279 0.0158
vt 0.0399 0.0158
vt 0.0519 0.0158
vt 0.0599 0.0158
vt 0.0678 0.0158
vt 0.0798 0.0158
vt 0.0000 0.0224
vt 0.0120 0.0224
vt 0.0200 0.0224
vt 0.0279 0.0224
vt 0.0399 0.0224
vt 0.0519 0.0224
vt 0.0599 0.0224
vt 0.0678 0.0224
vt 0.0798 0.0224
vt 0.0000 0.0000
vt 0.0075 0.0000
vt 0.0150 0.0000
vt 0.0225 0.0000
vt 0.0300 0.0000
vt 0.0375 0.0000
vt 0.0450 0.0000
vt 0.0000 0.0056
vt 0.0075 0.0056
vt 0.0150 0.0056
vt 0.0225 0.0056
vt 0.0300 0.0056
vt 0.0375 0.0056
vt 0.0450 0.0056
vt 0.0000 0.0104
vt 0.0075 0.0104
vt 0.0150 0.0104
vt 0.0225 0.0104
vt 0.0300 0.0104
vt 0.0375 0.0104
vt 0.0450 0.0104
vt 0.0000 0.0151
vt 0.0075 0.0151
vt 0.0150 0.0151
vt 0.0225 0.0151
vt 0.0300 0.0151
vt 0.0375 0.0151
vt 0.0450 0.0151
vt 0.0000 0.0207
vt 0.0075 0.0207
vt 0.0150 0.0207
vt 0.0225 0.0207
vt 0.0300 0.0207
vt 0.0375 0.0207
vt 0.0450 0.0207
vt 0.0000 0.0000
vt 0.0120 0.0000
vt 0.0200 0.0000
vt 0.0279 0.0000
vt 0.0399 0.0000
vt 0.0519 0.0000
vt 0.0599 0.0000
vt 0.0678 0.0000
vt 0.0798 0.0000
vt 0.0000 0.0066
vt 0.0120 0.0066
vt 0.0200 0.0066
vt 0.0279 0.0066
vt 0.0399 0.0066
vt 0.0519 0.0066
vt 0.0599 0.0066
vt 0.0678 0.0066
vt 0.0798 0.0066
vt 0.0000 0.0112
vt 0.0120 0.0112
vt 0.0200 0.0112
vt 0.0279 0.0112
vt 0.0399 0.0112
vt 0.0519 0.0112
vt 0.0599 0.0112
vt 0.0678 0.0112
vt 0.0798 0.0112
vt 0.0000 0.0158
vt 0.0120 0.0158
vt 0.0200 0.0158
vt 0.0279 0.0158
vt 0.0399 0.0158
vt 0.0519 0.0158
vt 0.0599 0.0158
vt 0.0678 0.0158
vt 0.0798 0.0158
vt 0.0000 0.0224
vt 0.0120 0.0224
vt 0.0200 0.0224
vt 0.0279 0.0224
vt 0.0399 0.0224
vt 0.0519 0.0224
vt 0.0599 0.0224
vt 0.0678 0.0224
vt 0.0798 0.0224
vt 0.0000 0.0000
vt 0.0120 0.0000
vt 0.0200 0.0000
vt 0.0279 0.0000
vt 0.0399 0.0000
vt 0.0519 0.0000
vt 0.0599 0.0000
vt 0.0678 0.0000
vt 0.0798 0.0000
vt 0.0000 0.0066
vt 0.0120 0.0066
vt 0.0200 0.0066
vt 0.0279 0.0066
vt 0.0399 0.0066
vt 0.0519 0.0066
vt 0.0599 0.0066
vt 0.0678 0.0066
vt 0.0798 0.0066
vt 0.0000 0.0112
vt 0.0120 0.0112
vt 0.0200 0.0112
vt 0.0279 0.0112
vt 0.0399 0.0112
vt 0.0519 0.0112
vt 0.0599 0.0112
vt 0.0678 0.0112
vt 0.0798 0.0112
vt 0.0000 0.0158
vt 0.0120 0.0158
vt 0.0200 0.0158
vt 0.0279 0.0158
vt 0.0399 0.0158
vt 0.0519 0.0158
vt 0.0599 0.0158
vt 0.0678 0.0158
vt 0.0798 0.0158
vt 0.0000 0.0224
vt 0.0120 0.0224
vt 0.0200 0.0224
vt 0.0279 0.0224
vt 0.0399 0.0224
vt 0.0519 0.0224
vt 0.0599 0.0224
vt 0.0678 0.0224
vt 0.0798 0.0224
vt 0.0000 0.0000
vt 0.0120 0.0000
vt 0.0200 0.0000
vt 0.0279 0.0000
vt 0.0399 0.0000
vt 0.0519 0.0000
vt 0.0599 0.0000
vt 0.0678 0.0000
vt 0.0798 0.0000
vt 0.0000 0.0066
vt 0.0120 0.0066
vt 0.0200 0.0066
vt 0.0279 0.0066
vt 0.0399 0.0066
vt 0.0519 0.0066
vt 0.0599 0.0066
vt 0.0678 0.0066
vt 0.0798 0.0066
vt 0.0000 0.0112
vt 0.0120 0.0112
vt 0.0200 0.0112
vt 0.0279 0.0112
vt 0.0399 0.0112
vt 0.0519 0.0112
vt 0.0599 0.0112
vt 0.0678 0.0112
vt 0.0798 0.0112
vt 0.0000 0.0158
vt 0.0120 0.0158
vt 0.0200 0.0158
vt 0.0279 0.0158
vt 0.0399 0.0158
vt 0.0519 0.0158
vt 0.0599 0.0158
vt 0.0678 0.0158
vt 0.0798 0.0158
vt 0.0000 0.0224
vt 0.0120 0.0224
vt 0.0200 0.0224
vt 0.0279 0.0224
vt 0.0399 0.0224
vt 0.0519 0.0224
vt 0.0599 0.0224
vt 0.0678 0.0224
vt 0.0798 0.0224
vt 0.0000 0.0000
vt 0.0120 0.0000
vt 0.0200 0.0000
vt 0.0279 0.0000
vt 0.0399 0.0000
vt 0.0519 0.0000
vt 0.0599 0.0000
vt 0.0678 0.0000
vt 0.0798 0.0000
vt 0.0000 0.0066
vt 0.0120 0.0066
vt 0.0200 0.0066
vt 0.0279 0.0066
vt 0.0399 0.0066
vt 0.0519 0.0066
vt 0.0599 0.0066
vt 0.0678 0.0066
vt 0.0798 0.0066
vt 0.0000 0.0112
vt 0.0120 0.0112
vt 0.0200 0.0112
vt 0.0279 0.0112
vt 0.0399 0.0112
vt 0.0519 0.0112
vt 0.0599 0.0112
vt 0.0678 0.0112
vt 0.0798 0.0112
vt 0.0000 0.0158
vt 0.0120 0.0158
vt 0.0200 0.0158
vt 0.0279 0.0158
vt 0.0399 0.0158
vt 0.0519 0.0158
vt 0.0599 0.0158
vt 0.0678 0.0158
vt 0.0798 0.0158
vt 0.0000 0.0224
vt 0.0120 0.0224
vt 0.0200 0.0224
vt 0.0279 0.0224
vt 0.0399 0.0224
vt 0.0519 0.0224
vt 0.0599 0.0224
vt 0.0678 0.0224
vt 0.0798 0.0224
vt 0.0000 0.0000
vt 0.0120 0.0000
vt 0.0200 0.0000
vt 0.0279 0.0000
vt 0.0399 0.0000
vt 0.0519 0.0000
vt 0.0599 0.0000
vt 0.0678 0.0000
vt 0.0798 0.0000
vt 0.0000 0.0066
vt 0.0120 0.0066
vt 0.0200 0.0066
vt 0.0279 0.0066
vt 0.0399 0.0066
vt 0.0519 0.0066
vt 0.0599 0.0066
vt 0.0678 0.0066
vt 0.0798 0.0066
vt 0.0000 0.0112
vt 0.0120 0.0112
vt 0.0200 0.0112
vt 0.0279 0.0112
vt 0.0399 0.0112
vt 0.0519 0.0112
vt 0.0599 0.0112
vt 0.0678 0.0112
vt 0.0798 0.0112
vt 0.0000 0.0158
vt 0.0120 0.0158
vt 0.0200 0.0158
vt 0.0279 0.0158
vt 0.0399 0.0158
vt 0.0519 0.0158
vt 0.0599 0.0158
vt 0.0678 0.0158
vt 0.0798 0.0158
vt 0.0000 0.0224
vt 0.0120 0.0224
vt 0.0200 0.0224
vt 0.0279 0.0224
vt 0.0399 0.0224
vt 0.0519 0.0224
vt 0.0599 0.0224
vt 0.0678 0.0224
vt 0.0798 0.0224
vt 0.0000 0.0000
vt 0.0075 0.0000
vt 0.0150 0.0000
vt 0.0225 0.0000
vt 0.0300 0.0000
vt 0.0375 0.0000
vt 0.0450 0.0000
vt 0.0000 0.0056
vt 0.0075 0.0056
vt 0.0150 0.0056
vt 0.0225 0.0056
vt 0.0300 0.0056
vt 0.0375 0.0056
vt 0.0450 0.0056
vt 0.0000 0.0104
vt 0.0075 0.0104
vt 0.0150 0.0104
vt 0.0225 0.0104
vt 0.0300 0.0104
vt 0.0375 0.0104
vt 0.0450 0.0104
vt 0.0000 0.0151
vt 0.0075 0.0151
vt 0.0150 0.0151
vt 0.0225 0.0151
vt 0.0300 0.0151
vt 0.0375 0.0151
vt 0.0450 0.0151
vt 0.0000 0.0207
vt 0.0075 0.0207
vt 0.0150 0.0207
vt 0.0225 0.0207
vt 0.0300 0.0207
vt 0.0375 0.0207
vt 0.0450 0.0207
vt 0.0000 0.0000
vt 0.0120 0.0000
vt 0.0200 0.0000
vt 0.0279 0.0000
vt 0.0399 0.0000
vt 0.0519 0.0000
vt 0.0599 0.0000
vt 0.0678 0.0000
vt 0.0798 0.0000
vt 0.0000 0.0066
vt 0.0120 0.0066
vt 0.0200 0.0066
vt 0.0279 0.0066
vt 0.0399 0.0066
vt 0.0519 0.0066
vt 0.0599 0.0066
vt 0.0678 0.0066
vt 0.0798 0.0066
vt 0.0000 0.0112
vt 0.0120 0.0112
vt 0.0200 0.0112
vt 0.0279 0.0112
vt 0.0399 0.0112
vt 0.0519 0.0112
vt 0.0599 0.0112
vt 0.0678 0.0112
vt 0.0798 0.0112
vt 0.0000 0.0158
vt 0.0120 0.0158
vt 0.0200 0.0158
vt 0.0279 0.0158
vt 0.0399 0.0158
vt 0.0519 0.0158
vt 0.0599 0.0158
vt 0.0678 0.0158
vt 0.0798 0.0158
vt 0.0000 0.0224
vt 0.0120 0.0224
vt 0.0200 0.0224
vt 0.0279 0.0224
vt 0.0399 0.0224
vt 0.0519 0.0224
vt 0.0599 0.0224
vt 0.0678 0.0224
vt 0.0798 0.0224
vt 0.0000 0.0000
vt 0.0120 0.0000
vt 0.0200 0.0000
vt 0.0279 0.0000
vt 0.0399 0.0000
vt 0.0519 0.0000
vt 0.0599 0.0000
vt 0.0678 0.0000
vt 0.0798 0.0000
vt 0.0000 0.0066
vt 0.0120 0.0066
vt 0.0200 0.0066
vt 0.0279 0.0066
vt 0.0399 0.0066
vt 0.0519 0.0066
vt 0.0599 0.0066
vt 0.0678 0.0066
vt 0.0798 0.0066
vt 0.0000 0.0112
vt 0.0120 0.0112
vt 0.0200 0.0112
vt 0.0279 0.0112
vt 0.0399 0.0112
vt 0.0519 0.0112
vt 0.0599 0.0112
vt 0.0678 0.0112
vt 0.0798 0.0112
vt 0.0000 0.0158
vt 0.0120 0.0158
vt 0.0200 0.0158
vt 0.0279 0.0158
vt 0.0399 0.0158
vt 0.0519 0.0158
vt 0.0599 0.0158
vt 0.0678 0.0158
vt 0.0798 0.0158
vt 0.0000 0.0224
vt 0.0120 0.0224
vt 0.0200 0.0224
vt 0.0279 0.0224
vt 0.0399 0.0224
vt 0.0519 0.0224
vt 0.0599 0.0224
vt 0.0678 0.0224
vt 0.0798 0.0224
vt 0.0000 0.0000
vt 0.0120 0.0000
vt 0.0200 0.0000
vt 0.0279 0.0000
vt 0.0399 0.0000
vt 0.0519 0.0000
vt 0.0599 0.0000
vt 0.0678 0.0000
vt 0.0798 0.0000
vt 0.0000 0.0066
vt 0.0120 0.0066
vt 0.0200 0.0066
vt 0.0279 0.0066
vt 0.0399 0.0066
vt 0.0519 0.0066
vt 0.0599 0.0066
vt 0.0678 0.0066
vt 0.0798 0.0066
vt 0.0000 0.0112
vt 0.0120 0.0112
vt 0.0200 0.0112
vt 0.0279 0.0112
vt 0.0399 0.0112
vt 0.0519 0.0112
vt 0.0599 0.0112
vt 0.0678 0.0112
vt 0.0798 0.0112
vt 0.0000 0.0158
vt 0.0120 0.0158
vt 0.0200 0.0158
vt 0.0279 0.0158
vt 0.0399 0.0158
vt 0.0519 0.0158
vt 0.0599 0.0158
vt 0.0678 0.0158
vt 0.0798 0.0158
vt 0.0000 0.0224
vt 0.0120 0.0224
vt 0.0200 0.0224
vt 0.0279 0.0224
vt 0.0399 0.0224
vt 0.0519 0.0224
vt 0.0599 0.0224
vt 0.0678 0.0224
vt 0.0798 0.0224
vt 0.0000 0.0000
vt 0.0120 0.0000
vt 0.0200 0.0000
vt 0.0279 0.0000
vt 0.0399 0.0000
vt 0.0519 0.0000
vt 0.0599 0.0000
vt 0.0678 0.0000
vt 0.0798 0.0000
vt 0.0000 0.0066
vt 0.0120 0.0066
vt 0.0200 0.0066
vt 0.0279 0.0066
vt 0.0399 0.0066
vt 0.0519 0.0066
vt 0.0599 0.0066
vt 0.0678 0.0066
vt 0.0798 0.0066
vt 0.0000 0.0112
vt 0.0120 0.0112
vt 0.0200 0.0112
vt 0.0279 0.0112
vt 0.0399 0.0112
vt 0.0519 0.0112
vt 0.0599 0.0112
vt 0.0678 0.0112
vt 0.0798 0.0112
vt 0.0000 0.0158
vt 0.0120 0.0158
vt 0.0200 0.0158
vt 0.0279 0.0158
vt 0.0399 0.0158
vt 0.0519 0.0158
vt 0.0599 0.0158
vt 0.0678 0.0158
vt 0.0798 0.0158
vt 0.0000 0.0224
vt 0.0120 0.0224
vt 0.0200 0.0224
vt 0.0279 0.0224
vt 0.0399 0.0224
vt 0.0519 0.0224
vt 0.0599 0.0224
vt 0.0678 0.0224
vt 0.0798 0.0224
vt 0.0000 0.0000
vt 0.0120 0.0000
vt 0.0200 0.0000
vt 0.0279 0.0000
vt 0.0399 0.0000
vt 0.0519 0.0000
vt 0.0599 0.0000
vt 0.0678 0.0000
vt 0.0798 0.0000
vt 0.0000 0.0066
vt 0.0120 0.0066
vt 0.0200 0.0066
vt 0.0279 0.0066
vt 0.0399 0.0066
vt 0.0519 0.0066
vt 0.0599 0.0066
vt 0.0678 0.0066
vt 0.0798 0.0066
vt 0.0000 0.0112
vt 0.0120 0.0112
vt 0.0200 0.0112
vt 0.0279 0.0112
vt 0.0399 0.0112
vt 0.0519 0.0112
vt 0.0599 0.0112
vt 0.0678 0.0112
vt 0.0798 0.0112
vt 0.0000 0.0158
vt 0.0120 0.0158
vt 0.0200 0.0158
vt 0.0279 0.0158
vt 0.0399 0.0158
vt 0.0519 0.0158
vt 0.0599 0.0158
vt 0.0678 0.0158
vt 0.0798 0.0158
vt 0.0000 0.0224
vt 0.0120 0.0224
vt 0.0200 0.0224
vt 0.0279 0.0224
vt 0.0399 0.0224
vt 0.0519 0.0224
vt 0.0599 0.0224
vt 0.0678 0.0224
vt 0.0798 0.0224
vt 0.0000 0.0000
vt 0.0075 0.0000
vt 0.0150 0.0000
vt 0.0225 0.0000
vt 0.0300 0.0000
vt 0.0375 0.0000
vt 0.0450 0.0000
vt 0.0000 0.0056
vt 0.0075 0.0056
vt 0.0150 0.0056
vt 0.0225 0.0056
vt 0.0300 0.0056
vt 0.0375 0.0056
vt 0.0450 0.0056
vt 0.0000 0.0104
vt 0.0075 0.0104
vt 0.0150 0.0104
vt 0.0225 0.0104
vt 0.0300 0.0104
vt 0.0375 0.0104
vt 0.0450 0.0104
vt 0.0000 0.0151
vt 0.0075 0.0151
vt 0.0150 0.0151
vt 0.0225 0.0151
vt 0.0300 0.0151
vt 0.0375 0.0151
vt 0.0450 0.0151
vt 0.0000 0.0207
vt 0.0075 0.0207
vt 0.0150 0.0207
vt 0.0225 0.0207
vt 0.0300 0.0207
vt 0.0375 0.0207
vt 0.0450 0.0207
vt 0.0000 0.0000
vt 0.0120 0.0000
vt 0.0200 0.0000
vt 0.0279 0.0000
vt 0.0399 0.0000
vt 0.0519 0.0000
vt 0.0599 0.0000
vt 0.0678 0.0000
vt 0.0798 0.0000
vt 0.0000 0.0066
vt 0.0120 0.0066
vt 0.0200 0.0066
vt 0.0279 0.0066
vt 0.0399 0.0066
vt 0.0519 0.0066
vt 0.0599 0.0066
vt 0.0678 0.0066
vt 0.0798 0.0066
vt 0.0000 0.0112
vt 0.0120 0.0112
vt 0.0200 0.0112
vt 0.0279 0.0112
vt 0.0399 0.0112
vt 0.0519 0.0112
vt 0.0599 0.0112
vt 0.0678 0.0112
vt 0.0798 0.0112
vt 0.0000 0.0158
vt 0.0120 0.0158
vt 0.0200 0.0158
vt 0.0279 0.0158
vt 0.0399 0.0158
vt 0.0519 0.0158
vt 0.0599 0.0158
vt 0.0678 0.0158
vt 0.0798 0.0158
vt 0.0000 0.0224
vt 0.0120 0.0224
vt 0.0200 0.0224
vt 0.0279 0.0224
vt 0.0399 0.0224
vt 0.0519 0.0224
vt 0.0599 0.0224
vt 0.0678 0.0224
vt 0.0798 0.0224
vt 0.0000 0.0000
vt 0.0120 0.0000
vt 0.0200 0.0000
vt 0.0279 0.0000
vt 0.0399 0.0000
vt 0.0519 0.0000
vt 0.0599 0.0000
vt 0.0678 0.0000
vt 0.0798 0.0000
vt 0.0000 0.0066
vt 0.0120 0.0066
vt 0.0200 0.0066
vt 0.0279 0.0066
vt 0.0399 0.0066
vt 0.0519 0.0066
vt 0.0599 0.0066
vt 0.0678 0.0066
vt 0.0798 0.0066
vt 0.0000 0.0112
vt 0.0120 0.0112
vt 0.0200 0.0112
vt 0.0279 0.0112
vt 0.0399 0.0112
vt 0.0519 0.0112
vt 0.0599 0.0112
vt 0.0678 0.0112
vt 0.0798 0.0112
vt 0.0000 0.0158
vt 0.0120 0.0158
vt 0.0200 0.0158
vt 0.0279 0.0158
vt 0.0399 0.0158
vt 0.0519 0.0158
vt 0.0599 0.0158
vt 0.0678 0.0158
vt 0.0798 0.0158
vt 0.0000 0.0224
vt 0.0120 0.0224
vt 0.0200 0.0224
vt 0.0279 0.0224
vt 0.0399 0.0224
vt 0.0519 0.0224
vt 0.0599 0.0224
vt 0.0678 0.0224
vt 0.0798 0.0224
vt 0.0000 0.0000
vt 0.0120 0.0000
vt 0.0200 0.0000
vt 0.0279 0.0000
vt 0.0399 0.0000
vt 0.0519 0.0000
vt 0.0599 0.0000
vt 0.0678 0.0000
vt 0.0798 0.0000
vt 0.0000 0.0066
vt 0.0120 0.0066
vt 0.0200 0.0066
vt 0.0279 0.0066
vt 0.0399 0.0066
vt 0.0519 0.0066
vt 0.0599 0.0066
vt 0.0678 0.0066
vt 0.0798 0.0066
vt 0.0000 0.0112
vt 0.0120 0.0112
vt 0.0200 0.0112
vt 0.0279 0.0112
vt 0.0399 0.0112
vt 0.0519 0.0112
vt 0.0599 0.0112
vt 0.0678 0.0112
vt 0.0798 0.0112
vt 0.0000 0.0158
vt 0.0120 0.0158
vt 0.0200 0.0158
vt 0.0279 0.0158
vt 0.0399 0.0158
vt 0.0519 0.0158
vt 0.0599 0.0158
vt 0.0678 0.0158
vt 0.0798 0.0158
vt 0.0000 0.0224
vt 0.0120 0.0224
vt 0.0200 0.0224
vt 0.0279 0.0224
vt 0.0399 0.0224
vt 0.0519 0.0224
vt 0.0599 0.0224
vt 0.0678 0.0224
vt 0.0798 0.0224
vt 0.0000 0.0000
vt 0.0120 0.0000
vt 0.0200 0.0000
vt 0.0279 0.0000
vt 0.0399 0.0000
vt 0.0519 0.0000
vt 0.0599 0.0000
vt 0.0678 0.0000
vt 0.0798 0.0000
vt 0.0000 0.0066
vt 0.0120 0.0066
vt 0.0200 0.0066
vt 0.0279 0.0066
vt 0.0399 0.0066
vt 0.0519 0.0066
vt 0.0599 0.0066
vt 0.0678 0.0066
vt 0.0798 0.0066
vt 0.0000 0.0112
vt 0.0120 0.0112
vt 0.0200 0.0112
vt 0.0279 0.0112
vt 0.0399 0.0112
vt 0.0519 0.0112
vt 0.0599 0.0112
vt 0.0678 0.0112
vt 0.0798 0.0112
vt 0.0000 0.0158
vt 0.0120 0.0158
vt 0.0200 0.0158
vt 0.0279 0.0158
vt 0.0399 0.0158
vt 0.0519 0.0158
vt 0.0599 0.0158
vt 0.0678 0.0158
vt 0.0798 0.0158
vt 0.0000 0.0224
vt 0.0120 0.0224
vt 0.0200 0.0224
vt 0.0279 0.0224
vt 0.0399 0.0224
vt 0.0519 0.0224
vt 0.0599 0.0224
vt 0.0678 0.0224
vt 0.0798 0.0224
vt 0.0000 0.0000
vt 0.0120 0.0000
vt 0.0200 0.0000
vt 0.0279 0.0000
vt 0.0399 0.0000
vt 0.0519 0.0000
vt 0.0599 0.0000
vt 0.0678 0.0000
vt 0.0798 0.0000
vt 0.0000 0.0066
vt 0.0120 0.0066
vt 0.0200 0.0066
vt 0.0279 0.0066
vt 0.0399 0.0066
vt 0.0519 0.0066
vt 0.0599 0.0066
vt 0.0678 0.0066
vt 0.0798 0.0066
vt 0.0000 0.0112
vt 0.0120 0.0112
vt 0.0200 0.0112
vt 0.0279 0.0112
vt 0.0399 0.0112
vt 0.0519 0.0112
vt 0.0599 0.0112
vt 0.0678 0.0112
vt 0.0798 0.0112
vt 0.0000 0.0158
vt 0.0120 0.0158
vt 0.0200 0.0158
vt 0.0279 0.0158
vt 0.0399 0.0158
vt 0.0519 0.0158
vt 0.0599 0.0158
vt 0.0678 0.0158
vt 0.0798 0.0158
vt 0.0000 0.0224
vt 0.0120 0.0224
vt 0.0200 0.0224
vt 0.0279 0.0224
vt 0.0399 0.0224
vt 0.0519 0.0224
vt 0.0599 0.0224
vt 0.0678 0.0224
vt 0.0798 0.0224
vt 0.0000 0.0000
vt 0.0075 0.0000
vt 0.0150 0.0000
vt 0.0225 0.0000
vt 0.0300 0.0000
vt 0.0375 0.0000
vt 0.0450 0.0000
vt 0.0000 0.0056
vt 0.0075 0.0056
vt 0.0150 0.0056
vt 0.0225 0.0056
vt 0.0300 0.0056
vt 0.0375 0.0056
vt 0.0450 0.0056
vt 0.0000 0.0104
vt 0.0075 0.0104
vt 0.0150 0.0104
vt 0.0225 0.0104
vt 0.0300 0.0104
vt 0.0375 0.0104
vt 0.0450 0.0104
vt 0.0000 0.0151
vt 0.0075 0.0151
vt 0.0150 0.0151
vt 0.0225 0.0151
vt 0.0300 0.0151
vt 0.0375 0.0151
vt 0.0450 0.0151
vt 0.0000 0.0207
vt 0.0075 0.0207
vt 0.0150 0.0207
vt 0.0225 0.0207
vt 0.0300 0.0207
vt 0.0375 0.0207
vt 0.0450 0.0207
vn -0.000 -0.857 0.514
vn 0.208 -0.900 0.382
vn 0.311 -0.950 0.000
vn 0.208 -0.900 -0.382
vn 0.000 -0.857 -0.514
vn -0.208 -0.900 -0.382
vn -0.311 -0.950 -0.000
vn -0.208 -0.900 0.382
vn -0.000 -0.857 0.514
vn -0.000 -0.857 0.514
vn 0.208 -0.900 0.382
vn 0.311 -0.950 0.000
vn 0.208 -0.900 -0.382
vn 0.000 -0.857 -0.514
vn -0.208 -0.900 -0.382
vn -0.311 -0.950 -0.000
vn -0.208 -0.900 0.382
vn -0.000 -0.857 0.514
vn -0.000 0.000 1.000
vn 0.479 0.000 0.878
vn 1.000 0.000 0.000
vn 0.479 0.000 -0.878
vn 0.000 0.000 -1.000
vn -0.479 0.000 -0.878
vn -1.000 0.000 -0.000
vn -0.479 0.000 0.878
vn -0.000 0.000 1.000
vn -0.000 0.857 0.514
vn 0.208 0.900 0.382
vn 0.311 0.950 0.000
vn 0.208 0.900 -0.382
vn 0.000 0.857 -0.514
vn -0.208 0.900 -0.382
vn -0.311 0.950 -0.000
vn -0.208 0.900 0.382
vn -0.000 0.857 0.514
vn -0.000 0.857 0.514
vn 0.208 0.900 0.382
vn 0.311 0.950 0.000
vn 0.208 0.900 -0.382
vn 0.000 0.857 -0.514
vn -0.208 0.900 -0.382
vn -0.311 0.950 -0.000
vn -0.208 0.900 0.382
vn -0.000 0.857 0.514
vn -0.489 -0.857 0.159
vn -0.299 -0.900 0.316
vn 0.096 -0.950 0.296
vn 0.428 -0.900 0.080
vn 0.489 -0.857 -0.159
vn 0.299 -0.900 -0.316
vn -0.096 -0.950 -0.296
vn -0.428 -0.900 -0.080
vn -0.489 -0.857 0.159
vn -0.489 -0.857 0.159
vn -0.299 -0.900 0.316
vn 0.096 -0.950 0.296
vn 0.428 -0.900 0.080
vn 0.489 -0.857 -0.159
vn 0.299 -0.900 -0.316
vn -0.096 -0.950 -0.296
vn -0.428 -0.900 -0.080
vn -0.489 -0.857 0.159
vn -0.951 0.000 0.309
vn -0.687 0.000 0.727
vn 0.309 0.000 0.951
vn 0.983 0.000 0.184
vn 0.951 0.000 -0.309
vn 0.687 0.000 -0.727
vn -0.309 0.000 -0.951
vn -0.983 0.000 -0.184
vn -0.951 0.000 0.309
vn -0.489 0.857 0.159
vn -0.299 0.900 0.316
vn 0.096 0.950 0.296
vn 0.428 0.900 0.080
vn 0.489 0.857 -0.159
vn 0.299 0.900 -0.316
vn -0.096 0.950 -0.296
vn -0.428 0.900 -0.080
vn -0.489 0.857 0.159
vn -0.489 0.857 0.159
vn -0.299 0.900 0.316
vn 0.096 0.950 0.296
vn 0.428 0.900 0.080
vn 0.489 0.857 -0.159
vn 0.299 0.900 -0.316
vn -0.096 0.950 -0.296
vn -0.428 0.900 -0.080
vn -0.489 0.857 0.159
vn -0.302 -0.857 -0.416
vn -0.393 -0.900 -0.187
vn -0.252 -0.950 0.183
vn 0.056 -0.900 0.432
vn 0.302 -0.857 0.416
vn 0.393 -0.900 0.187
vn 0.252 -0.950 -0.183
vn -0.056 -0.900 -0.432
vn -0.302 -0.857 -0.416
vn -0.302 -0.857 -0.416
vn -0.393 -0.900 -0.187
vn -0.252 -0.950 0.183
vn 0.056 -0.900 0.432
vn 0.302 -0.857 0.416
vn 0.393 -0.900 0.187
vn 0.252 -0.950 -0.183
vn -0.056 -0.900 -0.432
vn -0.302 -0.857 -0.416
vn -0.588 0.000 -0.809
vn -0.903 0.000 -0.429
vn -0.809 0.000 0.588
vn 0.129 0.000 0.992
vn 0.588 0.000 0.809
vn 0.903 0.000 0.429
vn 0.809 0.000 -0.588
vn -0.129 0.000 -0.992
vn -0.588 0.000 -0.809
vn -0.302 0.857 -0.416
vn -0.393 0.900 -0.187
vn -0.252 0.950 0.183
vn 0.056 0.900 0.432
vn 0.302 0.857 0.416
vn 0.393 0.900 0.187
vn 0.252 0.950 -0.183
vn -0.056 0.900 -0.432
vn -0.302 0.857 -0.416
vn -0.302 0.857 -0.416
vn -0.393 0.900 -0.187
vn -0.252 0.950 0.183
vn 0.056 0.900 0.432
vn 0.302 0.857 0.416
vn 0.393 0.900 0.187
vn 0.252 0.950 -0.183
vn -0.056 0.900 -0.432
vn -0.302 0.857 -0.416
vn 0.302 -0.857 -0.416
vn 0.056 -0.900 -0.432
vn -0.252 -0.950 -0.183
vn -0.393 -0.900 0.187
vn -0.302 -0.857 0.416
vn -0.056 -0.900 0.432
vn 0.252 -0.950 0.183
vn 0.393 -0.900 -0.187
vn 0.302 -0.857 -0.416
vn 0.302 -0.857 -0.416
vn 0.056 -0.900 -0.432
vn -0.252 -0.950 -0.183
vn -0.393 -0.900 0.187
vn -0.302 -0.857 0.416
vn -0.056 -0.900 0.432
vn 0.252 -0.950 0.183
vn 0.393 -0.900 -0.187
vn 0.302 -0.857 -0.416
vn 0.588 0.000 -0.809
vn 0.129 0.000 -0.992
vn -0.809 0.000 -0.588
vn -0.903 0.000 0.429
vn -0.588 0.000 0.809
vn -0.129 0.000 0.992
vn 0.809 0.000 0.588
vn 0.903 0.000 -0.429
vn 0.588 0.000 -0.809
vn 0.302 0.857 -0.416
vn 0.056 0.900 -0.432
vn -0.252 0.950 -0.183
vn -0.393 0.900 0.187
vn -0.302 0.857 0.416
vn -0.056 0.900 0.432
vn 0.252 0.950 0.183
vn 0.393 0.900 -0.187
vn 0.302 0.857 -0.416
vn 0.302 0.857 -0.416
vn 0.056 0.900 -0.432
vn -0.252 0.950 -0.183
vn -0.393 0.900 0.187
vn -0.302 0.857 0.416
vn -0.056 0.900 0.432
vn 0.252 0.950 0.183
vn 0.393 0.900 -0.187
vn 0.302 0.857 -0.416
vn 0.489 -0.857 0.159
vn 0.428 -0.900 -0.080
vn 0.096 -0.950 -0.296
vn -0.299 -0.900 -0.316
vn -0.489 -0.857 -0.159
vn -0.428 -0.900 0.080
vn -0.096 -0.950 0.296
vn 0.299 -0.900 0.316
vn 0.489 -0.857 0.159
vn 0.489 -0.857 0.159
vn 0.428 -0.900 -0.080
vn 0.096 -0.950 -0.296
vn -0.299 -0.900 -0.316
vn -0.489 -0.857 -0.159
vn -0.428 -0.900 0.080
vn -0.096 -0.950 0.296
vn 0.299 -0.900 0.316
vn 0.489 -0.857 0.159
vn 0.951 0.000 0.309
vn 0.983 0.000 -0.184
vn 0.309 0.000 -0.951
vn -0.687 0.000 -0.727
vn -0.951 0.000 -0.309
vn -0.983 0.000 0.184
vn -0.309 0.000 0.951
vn 0.687 0.000 0.727
vn 0.951 0.000 0.309
vn 0.489 0.857 0.159
vn 0.428 0.900 -0.080
vn 0.096 0.950 -0.296
vn -0.299 0.900 -0.316
vn -0.489 0.857 -0.159
vn -0.428 0.900 0.080
vn -0.096 0.950 0.296
vn 0.299 0.900 0.316
vn 0.489 0.857 0.159
vn 0.489 0.857 0.159
vn 0.428 0.900 -0.080
vn 0.096 0.950 -0.296
vn -0.299 0.900 -0.316
vn -0.489 0.857 -0.159
vn -0.428 0.900 0.080
vn -0.096 0.950 0.296
vn 0.299 0.900 0.316
vn 0.489 0.857 0.159
vn 0.000 -0.781 0.625
vn 0.541 -0.781 0.312
vn 0.541 -0.781 -0.312
vn 0.000 -0.781 -0.625
vn -0.541 -0.781 -0.312
vn -0.541 -0.781 0.312
vn 0.000 -0.781 0.625
vn 0.000 -0.781 0.625
vn 0.541 -0.781 0.312
vn 0.541 -0.781 -0.312
vn 0.000 -0.781 -0.625
vn -0.541 -0.781 -0.312
vn -0.541 -0.781 0.312
vn 0.000 -0.781 0.625
vn 0.000 0.000 1.000
vn 0.866 0.000 0.500
vn 0.866 0.000 -0.500
vn 0.000 0.000 -1.000
vn -0.866 0.000 -0.500
vn -0.866 0.000 0.500
vn 0.000 0.000 1.000
vn 0.000 0.781 0.625
vn 0.541 0.781 0.312
vn 0.541 0.781 -0.312
vn 0.000 0.781 -0.625
vn -0.541 0.781 -0.312
vn -0.541 0.781 0.312
vn 0.000 0.781 0.625
vn 0.000 0.781 0.625
vn 0.541 0.781 0.312
vn 0.541 0.781 -0.312
vn 0.000 0.781 -0.625
vn -0.541 0.781 -0.312
vn -0.541 0.781 0.312
vn 0.000 0.781 0.625
vn -0.000 -0.857 0.514
vn 0.208 -0.900 0.382
vn 0.311 -0.950 0.000
vn 0.208 -0.900 -0.382
vn 0.000 -0.857 -0.514
vn -0.208 -0.900 -0.382
vn -0.311 -0.950 -0.000
vn -0.208 -0.900 0.382
vn -0.000 -0.857 0.514
vn -0.000 -0.857 0.514
vn 0.208 -0.900 0.382
vn 0.311 -0.950 0.000
vn 0.208 -0.900 -0.382
vn 0.000 -0.857 -0.514
vn -0.208 -0.900 -0.382
vn -0.311 -0.950 -0.000
vn -0.208 -0.900 0.382
vn -0.000 -0.857 0.514
vn -0.000 0.000 1.000
vn 0.479 0.000 0.878
vn 1.000 0.000 0.000
vn 0.479 0.000 -0.878
vn 0.000 0.000 -1.000
vn -0.479 0.000 -0.878
vn -1.000 0.000 -0.000
vn -0.479 0.000 0.878
vn -0.000 0.000 1.000
vn -0.000 0.857 0.514
vn 0.208 0.900 0.382
vn 0.311 0.950 0.000
vn 0.208 0.900 -0.382
vn 0.000 0.857 -0.514
vn -0.208 0.900 -0.382
vn -0.311 0.950 -0.000
vn -0.208 0.900 0.382
vn -0.000 0.857 0.514
vn -0.000 0.857 0.514
vn 0.208 0.900 0.382
vn 0.311 0.950 0.000
vn 0.208 0.900 -0.382
vn 0.000 0.857 -0.514
vn -0.208 0.900 -0.382
vn -0.311 0.950 -0.000
vn -0.208 0.900 0.382
vn -0.000 0.857 0.514
vn -0.489 -0.857 0.159
vn -0.299 -0.900 0.316
vn 0.096 -0.950 0.296
vn 0.428 -0.900 0.080
vn 0.489 -0.857 -0.159
vn 0.299 -0.900 -0.316
vn -0.096 -0.950 -0.296
vn -0.428 -0.900 -0.080
vn -0.489 -0.857 0.159
vn -0.489 -0.857 0.159
vn -0.299 -0.900 0.316
vn 0.096 -0.950 0.296
vn 0.428 -0.900 0.080
vn 0.489 -0.857 -0.159
vn 0.299 -0.900 -0.316
vn -0.096 -0.950 -0.296
vn -0.428 -0.900 -0.080
vn -0.489 -0.857 0.159
vn -0.951 0.000 0.309
vn -0.687 0.000 0.727
vn 0.309 0.000 0.951
vn 0.983 0.000 0.184
vn 0.951 0.000 -0.309
vn 0.687 0.000 -0.727
vn -0.309 0.000 -0.951
vn -0.983 0.000 -0.184
vn -0.951 0.000 0.309
vn -0.489 0.857 0.159
vn -0.299 0.900 0.316
vn 0.096 0.950 0.296
vn 0.428 0.900 0.080
vn 0.489 0.857 -0.159
vn 0.299 0.900 -0.316
vn -0.096 0.950 -0.296
vn -0.428 0.900 -0.080
vn -0.489 0.857 0.159
vn -0.489 0.857 0.159
vn -0.299 0.900 0.316
vn 0.096 0.950 0.296
vn 0.428 0.900 0.080
vn 0.489 0.857 -0.159
vn 0.299 0.900 -0.316
vn -0.096 0.950 -0.296
vn -0.428 0.900 -0.080
vn -0.489 0.857 0.159
vn -0.302 -0.857 -0.416
vn -0.393 -0.900 -0.187
vn -0.252 -0.950 0.183
vn 0.056 -0.900 0.432
vn 0.302 -0.857 0.416
vn 0.393 -0.900 0.187
vn 0.252 -0.950 -0.183
vn -0.056 -0.900 -0.432
vn -0.302 -0.857 -0.416
vn -0.302 -0.857 -0.416
vn -0.393 -0.900 -0.187
vn -0.252 -0.950 0.183
vn 0.056 -0.900 0.432
vn 0.302 -0.857 0.416
vn 0.393 -0.900 0.187
vn 0.252 -0.950 -0.183
vn -0.056 -0.900 -0.432
vn -0.302 -0.857 -0.416
vn -0.588 0.000 -0.809
vn -0.903 0.000 -0.429
vn -0.809 0.000 0.588
vn 0.129 0.000 0.992
vn 0.588 0.000 0.809
vn 0.903 0.000 0.429
vn 0.809 0.000 -0.588
vn -0.129 0.000 -0.992
vn -0.588 0.000 -0.809
vn -0.302 0.857 -0.416
vn -0.393 0.900 -0.187
vn -0.252 0.950 0.183
vn 0.056 0.900 0.432
vn 0.302 0.857 0.416
vn 0.393 0.900 0.187
vn 0.252 0.950 -0.183
vn -0.056 0.900 -0.432
vn -0.302 0.857 -0.416
vn -0.302 0.857 -0.416
vn -0.393 0.900 -0.187
vn -0.252 0.950 0.183
vn 0.056 0.900 0.432
vn 0.302 0.857 0.416
vn 0.393 0.900 0.187
vn 0.252 0.950 -0.183
vn -0.056 0.900 -0.432
vn -0.302 0.857 -0.416
vn 0.302 -0.857 -0.416
vn 0.056 -0.900 -0.432
vn -0.252 -0.950 -0.183
vn -0.393 -0.900 0.187
vn -0.302 -0.857 0.416
vn -0.056 -0.900 0.432
vn 0.252 -0.950 0.183
vn 0.393 -0.900 -0.187
vn 0.302 -0.857 -0.416
vn 0.302 -0.857 -0.416
vn 0.056 -0.900 -0.432
vn -0.252 -0.950 -0.183
vn -0.393 -0.900 0.187
vn -0.302 -0.857 0.416
vn -0.056 -0.900 0.432
vn 0.252 -0.950 0.183
vn 0.393 -0.900 -0.187
vn 0.302 -0.857 -0.416
vn 0.588 0.000 -0.809
vn 0.129 0.000 -0.992
vn -0.809 0.000 -0.588
vn -0.903 0.000 0.429
vn -0.588 0.000 0.809
vn -0.129 0.000 0.992
vn 0.809 0.000 0.588
vn 0.903 0.000 -0.429
vn 0.588 0.000 -0.809
vn 0.302 0.857 -0.416
vn 0.056 0.900 -0.432
vn -0.252 0.950 -0.183
vn -0.393 0.900 0.187
vn -0.302 0.857 0.416
vn -0.056 0.900 0.432
vn 0.252 0.950 0.183
vn 0.393 0.900 -0.187
vn 0.302 0.857 -0.416
vn 0.302 0.857 -0.416
vn 0.056 0.900 -0.432
vn -0.252 0.950 -0.183
vn -0.393 0.900 0.187
vn -0.302 0.857 0.416
vn -0.056 0.900 0.432
vn 0.252 0.950 0.183
vn 0.393 0.900 -0.187
vn 0.302 0.857 -0.416
vn 0.489 -0.857 0.159
vn 0.428 -0.900 -0.080
vn 0.096 -0.950 -0.296
vn -0.299 -0.900 -0.316
vn -0.489 -0.857 -0.159
vn -0.428 -0.900 0.080
vn -0.096 -0.950 0.296
vn 0.299 -0.900 0.316
vn 0.489 -0.857 0.159
vn 0.489 -0.857 0.159
vn 0.428 -0.900 -0.080
vn 0.096 -0.950 -0.296
vn -0.299 -0.900 -0.316
vn -0.489 -0.857 -0.159
vn -0.428 -0.900 0.080
vn -0.096 -0.950 0.296
vn 0.299 -0.900 0.316
vn 0.489 -0.857 0.159
vn 0.951 0.000 0.309
vn 0.983 0.000 -0.184
vn 0.309 0.000 -0.951
vn -0.687 0.000 -0.727
vn -0.951 0.000 -0.309
vn -0.983 0.000 0.184
vn -0.309 0.000 0.951
vn 0.687 0.000 0.727
vn 0.951 0.000 0.309
vn 0.489 0.857 0.159
vn 0.428 0.900 -0.080
vn 0.096 0.950 -0.296
vn -0.299 0.900 -0.316
vn -0.489 0.857 -0.159
vn -0.428 0.900 0.080
vn -0.096 0.950 0.296
vn 0.299 0.900 0.316
vn 0.489 0.857 0.159
vn 0.489 0.857 0.159
vn 0.428 0.900 -0.080
vn 0.096 0.950 -0.296
vn -0.299 0.900 -0.316
vn -0.489 0.857 -0.159
vn -0.428 0.900 0.080
vn -0.096 0.950 0.296
vn 0.299 0.900 0.316
vn 0.489 0.857 0.159
vn 0.000 -0.781 0.625
vn 0.541 -0.781 0.312
vn 0.541 -0.781 -0.312
vn 0.000 -0.781 -0.625
vn -0.541 -0.781 -0.312
vn -0.541 -0.781 0.312
vn 0.000 -0.781 0.625
vn 0.000 -0.781 0.625
vn 0.541 -0.781 0.312
vn 0.541 -0.781 -0.312
vn 0.000 -0.781 -0.625
vn -0.541 -0.781 -0.312
vn -0.541 -0.781 0.312
vn 0.000 -0.781 0.625
vn 0.000 0.000 1.000
vn 0.866 0.000 0.500
vn 0.866 0.000 -0.500
vn 0.000 0.000 -1.000
vn -0.866 0.000 -0.500
vn -0.866 0.000 0.500
vn 0.000 0.000 1.000
vn 0.000 0.781 0.625
vn 0.541 0.781 0.312
vn 0.541 0.781 -0.312
vn 0.000 0.781 -0.625
vn -0.541 0.781 -0.312
vn -0.541 0.781 0.312
vn 0.000 0.781 0.625
vn 0.000 0.781 0.625
vn 0.541 0.781 0.312
vn 0.541 0.781 -0.312
vn 0.000 0.781 -0.625
vn -0.541 0.781 -0.312
vn -0.541 0.781 0.312
vn 0.000 0.781 0.625
vn -0.000 -0.857 0.514
vn 0.208 -0.900 0.382
vn 0.311 -0.950 0.000
vn 0.208 -0.900 -0.382
vn 0.000 -0.857 -0.514
vn -0.208 -0.900 -0.382
vn -0.311 -0.950 -0.000
vn -0.208 -0.900 0.382
vn -0.000 -0.857 0.514
vn -0.000 -0.857 0.514
vn 0.208 -0.900 0.382
vn 0.311 -0.950 0.000
vn 0.208 -0.900 -0.382
vn 0.000 -0.857 -0.514
vn -0.208 -0.900 -0.382
vn -0.311 -0.950 -0.000
vn -0.208 -0.900 0.382
vn -0.000 -0.857 0.514
vn -0.000 0.000 1.000
vn 0.479 0.000 0.878
vn 1.000 0.000 0.000
vn 0.479 0.000 -0.878
vn 0.000 0.000 -1.000
vn -0.479 0.000 -0.878
vn -1.000 0.000 -0.000
vn -0.479 0.000 0.878
vn -0.000 0.000 1.000
vn -0.000 0.857 0.514
vn 0.208 0.900 0.382
vn 0.311 0.950 0.000
vn 0.208 0.900 -0.382
vn 0.000 0.857 -0.514
vn -0.208 0.900 -0.382
vn -0.311 0.950 -0.000
vn -0.208 0.900 0.382
vn -0.000 0.857 0.514
vn -0.000 0.857 0.514
vn 0.208 0.900 0.382
vn 0.311 0.950 0.000
vn 0.208 0.900 -0.382
vn 0.000 0.857 -0.514
vn -0.208 0.900 -0.382
vn -0.311 0.950 -0.000
vn -0.208 0.900 0.382
vn -0.000 0.857 0.514
vn -0.489 -0.857 0.159
vn -0.299 -0.900 0.316
vn 0.096 -0.950 0.296
vn 0.428 -0.900 0.080
vn 0.489 -0.857 -0.159
vn 0.299 -0.900 -0.316
vn -0.096 -0.950 -0.296
vn -0.428 -0.900 -0.080
vn -0.489 -0.857 0.159
vn -0.489 -0.857 0.159
vn -0.299 -0.900 0.316
vn 0.096 -0.950 0.296
vn 0.428 -0.900 0.080
vn 0.489 -0.857 -0.159
vn 0.299 -0.900 -0.316
vn -0.096 -0.950 -0.296
vn -0.428 -0.900 -0.080
vn -0.489 -0.857 0.159
vn -0.951 0.000 0.309
vn -0.687 0.000 0.727
vn 0.309 0.000 0.951
vn 0.983 0.000 0.184
vn 0.951 0.000 -0.309
vn 0.687 0.000 -0.727
vn -0.309 0.000 -0.951
vn -0.983 0.000 -0.184
vn -0.951 0.000 0.309
vn -0.489 0.857 0.159
vn -0.299 0.900 0.316
vn 0.096 0.950 0.296
vn 0.428 0.900 0.080
vn 0.489 0.857 -0.159
vn 0.299 0.900 -0.316
vn -0.096 0.950 -0.296
vn -0.428 0.900 -0.080
vn -0.489 0.857 0.159
vn -0.489 0.857 0.159
vn -0.299 0.900 0.316
vn 0.096 0.950 0.296
vn 0.428 0.900 0.080
vn 0.489 0.857 -0.159
vn 0.299 0.900 -0.316
vn -0.096 0.950 -0.296
vn -0.428 0.900 -0.080
vn -0.489 0.857 0.159
vn -0.302 -0.857 -0.416
vn -0.393 -0.900 -0.187
vn -0.252 -0.950 0.183
vn 0.056 -0.900 0.432
vn 0.302 -0.857 0.416
vn 0.393 -0.900 0.187
vn 0.252 -0.950 -0.183
vn -0.056 -0.900 -0.432
vn -0.302 -0.857 -0.416
vn -0.302 -0.857 -0.416
vn -0.393 -0.900 -0.187
vn -0.252 -0.950 0.183
vn 0.056 -0.900 0.432
vn 0.302 -0.857 0.416
vn 0.393 -0.900 0.187
vn 0.252 -0.950 -0.183
vn -0.056 -0.900 -0.432
vn -0.302 -0.857 -0.416
vn -0.588 0.000 -0.809
vn -0.903 0.000 -0.429
vn -0.809 0.000 0.588
vn 0.129 0.000 0.992
vn 0.588 0.000 0.809
vn 0.903 0.000 0.429
vn 0.809 0.000 -0.588
vn -0.129 0.000 -0.992
vn -0.588 0.000 -0.809
vn -0.302 0.857 -0.416
vn -0.393 0.900 -0.187
vn -0.252 0.950 0.183
vn 0.056 0.900 0.432
vn 0.302 0.857 0.416
vn 0.393 0.900 0.187
vn 0.252 0.950 -0.183
vn -0.056 0.900 -0.432
vn -0.302 0.857 -0.416
vn -0.302 0.857 -0.416
vn -0.393 0.900 -0.187
vn -0.252 0.950 0.183
vn 0.056 0.900 0.432
vn 0.302 0.857 0.416
vn 0.393 0.900 0.187
vn 0.252 0.950 -0.183
vn -0.056 0.900 -0.432
vn -0.302 0.857 -0.416
vn 0.302 -0.857 -0.416
vn 0.056 -0.900 -0.432
vn -0.252 -0.950 -0.183
vn -0.393 -0.900 0.187
vn -0.302 -0.857 0.416
vn -0.056 -0.900 0.432
vn 0.252 -0.950 0.183
vn 0.393 -0.900 -0.187
vn 0.302 -0.857 -0.416
vn 0.302 -0.857 -0.416
vn 0.056 -0.900 -0.432
vn -0.252 -0.950 -0.183
vn -0.393 -0.900 0.187
vn -0.302 -0.857 0.416
vn -0.056 -0.900 0.432
vn 0.252 -0.950 0.183
vn 0.393 -0.900 -0.187
vn 0.302 -0.857 -0.416
vn 0.588 0.000 -0.809
vn 0.129 0.000 -0.992
vn -0.809 0.000 -0.588
vn -0.903 0.000 0.429
vn -0.588 0.000 0.809
vn -0.129 0.000 0.992
vn 0.809 0.000 0.588
vn 0.903 0.000 -0.429
vn 0.588 0.000 -0.809
vn 0.302 0.857 -0.416
vn 0.056 0.900 -0.432
vn -0.252 0.950 -0.183
vn -0.393 0.900 0.187
vn -0.302 0.857 0.416
vn -0.056 0.900 0.432
vn 0.252 0.950 0.183
vn 0.393 0.900 -0.187
vn 0.302 0.857 -0.416
vn 0.302 0.857 -0.416
vn 0.056 0.900 -0.432
vn -0.252 0.950 -0.183
vn -0.393 0.900 0.187
vn -0.302 0.857 0.416
vn -0.056 0.900 0.432
vn 0.252 0.950 0.183
vn 0.393 0.900 -0.187
vn 0.302 0.857 -0.416
vn 0.489 -0.857 0.159
vn 0.428 -0.900 -0.080
vn 0.096 -0.950 -0.296
vn -0.299 -0.900 -0.316
vn -0.489 -0.857 -0.159
vn -0.428 -0.900 0.080
vn -0.096 -0.950 0.296
vn 0.299 -0.900 0.316
vn 0.489 -0.857 0.159
vn 0.489 -0.857 0.159
vn 0.428 -0.900 -0.080
vn 0.096 -0.950 -0.296
vn -0.299 -0.900 -0.316
vn -0.489 -0.857 -0.159
vn -0.428 -0.900 0.080
vn -0.096 -0.950 0.296
vn 0.299 -0.900 0.316
vn 0.489 -0.857 0.159
vn 0.951 0.000 0.309
vn 0.983 0.000 -0.184
vn 0.309 0.000 -0.951
vn -0.687 0.000 -0.727
vn -0.951 0.000 -0.309
vn -0.983 0.000 0.184
vn -0.309 0.000 0.951
vn 0.687 0.000 0.727
vn 0.951 0.000 0.309
vn 0.489 0.857 0.159
vn 0.428 0.900 -0.080
vn 0.096 0.950 -0.296
vn -0.299 0.900 -0.316
vn -0.489 0.857 -0.159
vn -0.428 0.900 0.080
vn -0.096 0.950 0.296
vn 0.299 0.900 0.316
vn 0.489 0.857 0.159
vn 0.489 0.857 0.159
vn 0.428 0.900 -0.080
vn 0.096 0.950 -0.296
vn -0.299 0.900 -0.316
vn -0.489 0.857 -0.159
vn -0.428 0.900 0.080
vn -0.096 0.950 0.296
vn 0.299 0.900 0.316
vn 0.489 0.857 0.159
vn 0.000 -0.781 0.625
vn 0.541 -0.781 0.312
vn 0.541 -0.781 -0.312
vn 0.000 -0.781 -0.625
vn -0.541 -0.781 -0.312
vn -0.541 -0.781 0.312
vn 0.000 -0.781 0.625
vn 0.000 -0.781 0.625
vn 0.541 -0.781 0.312
vn 0.541 -0.781 -0.312
vn 0.000 -0.781 -0.625
vn -0.541 -0.781 -0.312
vn -0.541 -0.781 0.312
vn 0.000 -0.781 0.625
vn 0.000 0.000 1.000
vn 0.866 0.000 0.500
vn 0.866 0.000 -0.500
vn 0.000 0.000 -1.000
vn -0.866 0.000 -0.500
vn -0.866 0.000 0.500
vn 0.000 0.000 1.000
vn 0.000 0.781 0.625
vn 0.541 0.781 0.312
vn 0.541 0.781 -0.312
vn 0.000 0.781 -0.625
vn -0.541 0.781 -0.312
vn -0.541 0.781 0.312
vn 0.000 0.781 0.625
vn 0.000 0.781 0.625
vn 0.541 0.781 0.312
vn 0.541 0.781 -0.312
vn 0.000 0.781 -0.625
vn -0.541 0.781 -0.312
vn -0.541 0.781 0.312
vn 0.000 0.781 0.625
vn -0.000 -0.857 0.514
vn 0.208 -0.900 0.382
vn 0.311 -0.950 0.000
vn 0.208 -0.900 -0.382
vn 0.000 -0.857 -0.514
vn -0.208 -0.900 -0.382
vn -0.311 -0.950 -0.000
vn -0.208 -0.900 0.382
vn -0.000 -0.857 0.514
vn -0.000 -0.857 0.514
vn 0.208 -0.900 0.382
vn 0.311 -0.950 0.000
vn 0.208 -0.900 -0.382
vn 0.000 -0.857 -0.514
vn -0.208 -0.900 -0.382
vn -0.311 -0.950 -0.000
vn -0.208 -0.900 0.382
vn -0.000 -0.857 0.514
vn -0.000 0.000 1.000
vn 0.479 0.000 0.878
vn 1.000 0.000 0.000
vn 0.479 0.000 -0.878
vn 0.000 0.000 -1.000
vn -0.479 0.000 -0.878
vn -1.000 0.000 -0.000
vn -0.479 0.000 0.878
vn -0.000 0.000 1.000
vn -0.000 0.857 0.514
vn 0.208 0.900 0.382
vn 0.311 0.950 0.000
vn 0.208 0.900 -0.382
vn 0.000 0.857 -0.514
vn -0.208 0.900 -0.382
vn -0.311 0.950 -0.000
vn -0.208 0.900 0.382
vn -0.000 0.857 0.514
vn -0.000 0.857 0.514
vn 0.208 0.900 0.382
vn 0.311 0.950 0.000
vn 0.208 0.900 -0.382
vn 0.000 0.857 -0.514
vn -0.208 0.900 -0.382
vn -0.311 0.950 -0.000
vn -0.208 0.900 0.382
vn -0.000 0.857 0.514
vn -0.489 -0.857 0.159
vn -0.299 -0.900 0.316
vn 0.096 -0.950 0.296
vn 0.428 -0.900 0.080
vn 0.489 -0.857 -0.159
vn 0.299 -0.900 -0.316
vn -0.096 -0.950 -0.296
vn -0.428 -0.900 -0.080
vn -0.489 -0.857 0.159
vn -0.489 -0.857 0.159
vn -0.299 -0.900 0.316
vn 0.096 -0.950 0.296
vn 0.428 -0.900 0.080
vn 0.489 -0.857 -0.159
vn 0.299 -0.900 -0.316
vn -0.096 -0.950 -0.296
vn -0.428 -0.900 -0.080
vn -0.489 -0.857 0.159
vn -0.951 0.000 0.309
vn -0.687 0.000 0.727
vn 0.309 0.000 0.951
vn 0.983 0.000 0.184
vn 0.951 0.000 -0.309
vn 0.687 0.000 -0.727
vn -0.309 0.000 -0.951
vn -0.983 0.000 -0.184
vn -0.951 0.000 0.309
vn -0.489 0.857 0.159
vn -0.299 0.900 0.316
vn 0.096 0.950 0.296
vn 0.428 0.900 0.080
vn 0.489 0.857 -0.159
vn 0.299 0.900 -0.316
vn -0.096 0.950 -0.296
vn -0.428 0.900 -0.080
vn -0.489 0.857 0.159
vn -0.489 0.857 0.159
vn -0.299 0.900 0.316
vn 0.096 0.950 0.296
vn 0.428 0.900 0.080
vn 0.489 0.857 -0.159
vn 0.299 0.900 -0.316
vn -0.096 0.950 -0.296
vn -0.428 0.900 -0.080
vn -0.489 0.857 0.159
vn -0.302 -0.857 -0.416
vn -0.393 -0.900 -0.187
vn -0.252 -0.950 0.183
vn 0.056 -0.900 0.432
vn 0.302 -0.857 0.416
vn 0.393 -0.900 0.187
vn 0.252 -0.950 -0.183
vn -0.056 -0.900 -0.432
vn -0.302 -0.857 -0.416
vn -0.302 -0.857 -0.416
vn -0.393 -0.900 -0.187
vn -0.252 -0.950 0.183
vn 0.056 -0.900 0.432
vn 0.302 -0.857 0.416
vn 0.393 -0.900 0.187
vn 0.252 -0.950 -0.183
vn -0.056 -0.900 -0.432
vn -0.302 -0.857 -0.416
vn -0.588 0.000 -0.809
vn -0.903 0.000 -0.429
vn -0.809 0.000 0.588
vn 0.129 0.000 0.992
vn 0.588 0.000 0.809
vn 0.903 0.000 0.429
vn 0.809 0.000 -0.588
vn -0.129 0.000 -0.992
vn -0.588 0.000 -0.809
vn -0.302 0.857 -0.416
vn -0.393 0.900 -0.187
vn -0.252 0.950 0.183
vn 0.056 0.900 0.432
vn 0.302 0.857 0.416
vn 0.393 0.900 0.187
vn 0.252 0.950 -0.183
vn -0.056 0.900 -0.432
vn -0.302 0.857 -0.416
vn -0.302 0.857 -0.416
vn -0.393 0.900 -0.187
vn -0.252 0.950 0.183
vn 0.056 0.900 0.432
vn 0.302 0.857 0.416
vn 0.393 0.900 0.187
vn 0.252 0.950 -0.183
vn -0.056 0.900 -0.432
vn -0.302 0.857 -0.416
vn 0.302 -0.857 -0.416
vn 0.056 -0.900 -0.432
vn -0.252 -0.950 -0.183
vn -0.393 -0.900 0.187
vn -0.302 -0.857 0.416
vn -0.056 -0.900 0.432
vn 0.252 -0.950 0.183
vn 0.393 -0.900 -0.187
vn 0.302 -0.857 -0.416
vn 0.302 -0.857 -0.416
vn 0.056 -0.900 -0.432
vn -0.252 -0.950 -0.183
vn -0.393 -0.900 0.187
vn -0.302 -0.857 0.416
vn -0.056 -0.900 0.432
vn 0.252 -0.950 0.183
vn 0.393 -0.900 -0.187
vn 0.302 -0.857 -0.416
vn 0.588 0.000 -0.809
vn 0.129 0.000 -0.992
vn -0.809 0.000 -0.588
vn -0.903 0.000 0.429
vn -0.588 0.000 0.809
vn -0.129 0.000 0.992
vn 0.809 0.000 0.588
vn 0.903 0.000 -0.429
vn 0.588 0.000 -0.809
vn 0.302 0.857 -0.416
vn 0.056 0.900 -0.432
vn -0.252 0.950 -0.183
vn -0.393 0.900 0.187
vn -0.302 0.857 0.416
vn -0.056 0.900 0.432
vn 0.252 0.950 0.183
vn 0.393 0.900 -0.187
vn 0.302 0.857 -0.416
vn 0.302 0.857 -0.416
vn 0.056 0.900 -0.432
vn -0.252 0.950 -0.183
vn -0.393 0.900 0.187
vn -0.302 0.857 0.416
vn -0.056 0.900 0.432
vn 0.252 0.950 0.183
vn 0.393 0.900 -0.187
vn 0.302 0.857 -0.416
vn 0.489 -0.857 0.159
vn 0.428 -0.900 -0.080
vn 0.096 -0.950 -0.296
vn -0.299 -0.900 -0.316
vn -0.489 -0.857 -0.159
vn -0.428 -0.900 0.080
vn -0.096 -0.950 0.296
vn 0.299 -0.900 0.316
vn 0.489 -0.857 0.159
vn 0.489 -0.857 0.159
vn 0.428 -0.900 -0.080
vn 0.096 -0.950 -0.296
vn -0.299 -0.900 -0.316
vn -0.489 -0.857 -0.159
vn -0.428 -0.900 0.080
vn -0.096 -0.950 0.296
vn 0.299 -0.900 0.316
vn 0.489 -0.857 0.159
vn 0.951 0.000 0.309
vn 0.983 0.000 -0.184
vn 0.309 0.000 -0.951
vn -0.687 0.000 -0.727
vn -0.951 0.000 -0.309
vn -0.983 0.000 0.184
vn -0.309 0.000 0.951
vn 0.687 0.000 0.727
vn 0.951 0.000 0.309
vn 0.489 0.857 0.159
vn 0.428 0.900 -0.080
vn 0.096 0.950 -0.296
vn -0.299 0.900 -0.316
vn -0.489 0.857 -0.159
vn -0.428 0.900 0.080
vn -0.096 0.950 0.296
vn 0.299 0.900 0.316
vn 0.489 0.857 0.159
vn 0.489 0.857 0.159
vn 0.428 0.900 -0.080
vn 0.096 0.950 -0.296
vn -0.299 0.900 -0.316
vn -0.489 0.857 -0.159
vn -0.428 0.900 0.080
vn -0.096 0.950 0.296
vn 0.299 0.900 0.316
vn 0.489 0.857 0.159
vn 0.000 -0.781 0.625
vn 0.541 -0.781 0.312
vn 0.541 -0.781 -0.312
vn 0.000 -0.781 -0.625
vn -0.541 -0.781 -0.312
vn -0.541 -0.781 0.312
vn 0.000 -0.781 0.625
vn 0.000 -0.781 0.625
vn 0.541 -0.781 0.312
vn 0.541 -0.781 -0.312
vn 0.000 -0.781 -0.625
vn -0.541 -0.781 -0.312
vn -0.541 -0.781 0.312
vn 0.000 -0.781 0.625
vn 0.000 0.000 1.000
vn 0.866 0.000 0.500
vn 0.866 0.000 -0.500
vn 0.000 0.000 -1.000
vn -0.866 0.000 -0.500
vn -0.866 0.000 0.500
vn 0.000 0.000 1.000
vn 0.000 0.781 0.625
vn 0.541 0.781 0.312
vn 0.541 0.781 -0.312
vn 0.000 0.781 -0.625
vn -0.541 0.781 -0.312
vn -0.541 0.781 0.312
vn 0.000 0.781 0.625
vn 0.000 0.781 0.625
vn 0.541 0.781 0.312
vn 0.541 0.781 -0.312
vn 0.000 0.781 -0.625
vn -0.541 0.781 -0.312
vn -0.541 0.781 0.312
vn 0.000 0.781 0.625
vn -0.000 -0.857 0.514
vn 0.208 -0.900 0.382
vn 0.311 -0.950 0.000
vn 0.208 -0.900 -0.382
vn 0.000 -0.857 -0.514
vn -0.208 -0.900 -0.382
vn -0.311 -0.950 -0.000
vn -0.208 -0.900 0.382
vn -0.000 -0.857 0.514
vn -0.000 -0.857 0.514
vn 0.208 -0.900 0.382
vn 0.311 -0.950 0.000
vn 0.208 -0.900 -0.382
vn 0.000 -0.857 -0.514
vn -0.208 -0.900 -0.382
vn -0.311 -0.950 -0.000
vn -0.208 -0.900 0.382
vn -0.000 -0.857 0.514
vn -0.000 0.000 1.000
vn 0.479 0.000 0.878
vn 1.000 0.000 0.000
vn 0.479 0.000 -0.878
vn 0.000 0.000 -1.000
vn -0.479 0.000 -0.878
vn -1.000 0.000 -0.000
vn -0.479 0.000 0.878
vn -0.000 0.000 1.000
vn -0.000 0.857 0.514
vn 0.208 0.900 0.382
vn 0.311 0.950 0.000
vn 0.208 0.900 -0.382
vn 0.000 0.857 -0.514
vn -0.208 0.900 -0.382
vn -0.311 0.950 -0.000
vn -0.208 0.900 0.382
vn -0.000 0.857 0.514
vn -0.000 0.857 0.514
vn 0.208 0.900 0.382
vn 0.311 0.950 0.000
vn 0.208 0.900 -0.382
vn 0.000 0.857 -0.514
vn -0.208 0.900 -0.382
vn -0.311 0.950 -0.000
vn -0.208 0.900 0.382
vn -0.000 0.857 0.514
vn -0.489 -0.857 0.159
vn -0.299 -0.900 0.316
vn 0.096 -0.950 0.296
vn 0.428 -0.900 0.080
vn 0.489 -0.857 -0.159
vn 0.299 -0.900 -0.316
vn -0.096 -0.950 -0.296
vn -0.428 -0.900 -0.080
vn -0.489 -0.857 0.159
vn -0.489 -0.857 0.159
vn -0.299 -0.900 0.316
vn 0.096 -0.950 0.296
vn 0.428 -0.900 0.080
vn 0.489 -0.857 -0.159
vn 0.299 -0.900 -0.316
vn -0.096 -0.950 -0.296
vn -0.428 -0.900 -0.080
vn -0.489 -0.857 0.159
vn -0.951 0.000 0.309
vn -0.687 0.000 0.727
vn 0.309 0.000 0.951
vn 0.983 0.000 0.184
vn 0.951 0.000 -0.309
vn 0.687 0.000 -0.727
vn -0.309 0.000 -0.951
vn -0.983 0.000 -0.184
vn -0.951 0.000 0.309
vn -0.489 0.857 0.159
vn -0.299 0.900 0.316
vn 0.096 0.950 0.296
vn 0.428 0.900 0.080
vn 0.489 0.857 -0.159
vn 0.299 0.900 -0.316
vn -0.096 0.950 -0.296
vn -0.428 0.900 -0.080
vn -0.489 0.857 0.159
vn -0.489 0.857 0.159
vn -0.299 0.900 0.316
vn 0.096 0.950 0.296
vn 0.428 0.900 0.080
vn 0.489 0.857 -0.159
vn 0.299 0.900 -0.316
vn -0.096 0.950 -0.296
vn -0.428 0.900 -0.080
vn -0.489 0.857 0.159
vn -0.302 -0.857 -0.416
vn -0.393 -0.900 -0.187
vn -0.252 -0.950 0.183
vn 0.056 -0.900 0.432
vn 0.302 -0.857 0.416
vn 0.393 -0.900 0.187
vn 0.252 -0.950 -0.183
vn -0.056 -0.900 -0.432
vn -0.302 -0.857 -0.416
vn -0.302 -0.857 -0.416
vn -0.393 -0.900 -0.187
vn -0.252 -0.950 0.183
vn 0.056 -0.900 0.432
vn 0.302 -0.857 0.416
vn 0.393 -0.900 0.187
vn 0.252 -0.950 -0.183
vn -0.056 -0.900 -0.432
vn -0.302 -0.857 -0.416
vn -0.588 0.000 -0.809
vn -0.903 0.000 -0.429
vn -0.809 0.000 0.588
vn 0.129 0.000 0.992
vn 0.588 0.000 0.809
vn 0.903 0.000 0.429
vn 0.809 0.000 -0.588
vn -0.129 0.000 -0.992
vn -0.588 0.000 -0.809
vn -0.302 0.857 -0.416
vn -0.393 0.900 -0.187
vn -0.252 0.950 0.183
vn 0.056 0.900 0.432
vn 0.302 0.857 0.416
vn 0.393 0.900 0.187
vn 0.252 0.950 -0.183
vn -0.056 0.900 -0.432
vn -0.302 0.857 -0.416
vn -0.302 0.857 -0.416
vn -0.393 0.900 -0.187
vn -0.252 0.950 0.183
vn 0.056 0.900 0.432
vn 0.302 0.857 0.416
vn 0.393 0.900 0.187
vn 0.252 0.950 -0.183
vn -0.056 0.900 -0.432
vn -0.302 0.857 -0.416
vn 0.302 -0.857 -0.416
vn 0.056 -0.900 -0.432
vn -0.252 -0.950 -0.183
vn -0.393 -0.900 0.187
vn -0.302 -0.857 0.416
vn -0.056 -0.900 0.432
vn 0.252 -0.950 0.183
vn 0.393 -0.900 -0.187
vn 0.302 -0.857 -0.416
vn 0.302 -0.857 -0.416
vn 0.056 -0.900 -0.432
vn -0.252 -0.950 -0.183
vn -0.393 -0.900 0.187
vn -0.302 -0.857 0.416
vn -0.056 -0.900 0.432
vn 0.252 -0.950 0.183
vn 0.393 -0.900 -0.187
vn 0.302 -0.857 -0.416
vn 0.588 0.000 -0.809
vn 0.129 0.000 -0.992
vn -0.809 0.000 -0.588
vn -0.903 0.000 0.429
vn -0.588 0.000 0.809
vn -0.129 0.000 0.992
vn 0.809 0.000 0.588
vn 0.903 0.000 -0.429
vn 0.588 0.000 -0.809
vn 0.302 0.857 -0.416
vn 0.056 0.900 -0.432
vn -0.252 0.950 -0.183
vn -0.393 0.900 0.187
vn -0.302 0.857 0.416
vn -0.056 0.900 0.432
vn 0.252 0.950 0.183
vn 0.393 0.900 -0.187
vn 0.302 0.857 -0.416
vn 0.302 0.857 -0.416
vn 0.056 0.900 -0.432
vn -0.252 0.950 -0.183
vn -0.393 0.900 0.187
vn -0.302 0.857 0.416
vn -0.056 0.900 0.432
vn 0.252 0.950 0.183
vn 0.393 0.900 -0.187
vn 0.302 0.857 -0.416
vn 0.489 -0.857 0.159
vn 0.428 -0.900 -0.080
vn 0.096 -0.950 -0.296
vn -0.299 -0.900 -0.316
vn -0.489 -0.857 -0.159
vn -0.428 -0.900 0.080
vn -0.096 -0.950 0.296
vn 0.299 -0.900 0.316
vn 0.489 -0.857 0.159
vn 0.489 -0.857 0.159
vn 0.428 -0.900 -0.080
vn 0.096 -0.950 -0.296
vn -0.299 -0.900 -0.316
vn -0.489 -0.857 -0.159
vn -0.428 -0.900 0.080
vn -0.096 -0.950 0.296
vn 0.299 -0.900 0.316
vn 0.489 -0.857 0.159
vn 0.951 0.000 0.309
vn 0.983 0.000 -0.184
vn 0.309 0.000 -0.951
vn -0.687 0.000 -0.727
vn -0.951 0.000 -0.309
vn -0.983 0.000 0.184
vn -0.309 0.000 0.951
vn 0.687 0.000 0.727
vn 0.951 0.000 0.309
vn 0.489 0.857 0.159
vn 0.428 0.900 -0.080
vn 0.096 0.950 -0.296
vn -0.299 0.900 -0.316
vn -0.489 0.857 -0.159
vn -0.428 0.900 0.080
vn -0.096 0.950 0.296
vn 0.299 0.900 0.316
vn 0.489 0.857 0.159
vn 0.489 0.857 0.159
vn 0.428 0.900 -0.080
vn 0.096 0.950 -0.296
vn -0.299 0.900 -0.316
vn -0.489 0.857 -0.159
vn -0.428 0.900 0.080
vn -0.096 0.950 0.296
vn 0.299 0.900 0.316
vn 0.489 0.857 0.159
vn 0.000 -0.781 0.625
vn 0.541 -0.781 0.312
vn 0.541 -0.781 -0.312
vn 0.000 -0.781 -0.625
vn -0.541 -0.781 -0.312
vn -0.541 -0.781 0.312
vn 0.000 -0.781 0.625
vn 0.000 -0.781 0.625
vn 0.541 -0.781 0.312
vn 0.541 -0.781 -0.312
vn 0.000 -0.781 -0.625
vn -0.541 -0.781 -0.312
vn -0.541 -0.781 0.312
vn 0.000 -0.781 0.625
vn 0.000 0.000 1.000
vn 0.866 0.000 0.500
vn 0.866 0.000 -0.500
vn 0.000 0.000 -1.000
vn -0.866 0.000 -0.500
vn -0.866 0.000 0.500
vn 0.000 0.000 1.000
vn 0.000 0.781 0.625
vn 0.541 0.781 0.312
vn 0.541 0.781 -0.312
vn 0.000 0.781 -0.625
vn -0.541 0.781 -0.312
vn -0.541 0.781 0.312
vn 0.000 0.781 0.625
vn 0.000 0.781 0.625
vn 0.541 0.781 0.312
vn 0.541 0.781 -0.312
vn 0.000 0.781 -0.625
vn -0.541 0.781 -0.312
vn -0.541 0.781 0.312
vn 0.000 0.781 0.625
vn -0.000 -0.857 0.514
vn 0.208 -0.900 0.382
vn 0.311 -0.950 0.000
vn 0.208 -0.900 -0.382
vn 0.000 -0.857 -0.514
vn -0.208 -0.900 -0.382
vn -0.311 -0.950 -0.000
vn -0.208 -0.900 0.382
vn -0.000 -0.857 0.514
vn -0.000 -0.857 0.514
vn 0.208 -0.900 0.382
vn 0.311 -0.950 0.000
vn 0.208 -0.900 -0.382
vn 0.000 -0.857 -0.514
vn -0.208 -0.900 -0.382
vn -0.311 -0.950 -0.000
vn -0.208 -0.900 0.382
vn -0.000 -0.857 0.514
vn -0.000 0.000 1.000
vn 0.479 0.000 0.878
vn 1.000 0.000 0.000
vn 0.479 0.000 -0.878
vn 0.000 0.000 -1.000
vn -0.479 0.000 -0.878
vn -1.000 0.000 -0.000
vn -0.479 0.000 0.878
vn -0.000 0.000 1.000
vn -0.000 0.857 0.514
vn 0.208 0.900 0.382
vn 0.311 0.950 0.000
vn 0.208 0.900 -0.382
vn 0.000 0.857 -0.514
vn -0.208 0.900 -0.382
vn -0.311 0.950 -0.000
vn -0.208 0.900 0.382
vn -0.000 0.857 0.514
vn -0.000 0.857 0.514
vn 0.208 0.900 0.382
vn 0.311 0.950 0.000
vn 0.208 0.900 -0.382
vn 0.000 0.857 -0.514
vn -0.208 0.900 -0.382
vn -0.311 0.950 -0.000
vn -0.208 0.900 0.382
vn -0.000 0.857 0.514
vn -0.489 -0.857 0.159
vn -0.299 -0.900 0.316
vn 0.096 -0.950 0.296
vn 0.428 -0.900 0.080
vn 0.489 -0.857 -0.159
vn 0.299 -0.900 -0.316
vn -0.096 -0.950 -0.296
vn -0.428 -0.900 -0.080
vn -0.489 -0.857 0.159
vn -0.489 -0.857 0.159
vn -0.299 -0.900 0.316
vn 0.096 -0.950 0.296
vn 0.428 -0.900 0.080
vn 0.489 -0.857 -0.159
vn 0.299 -0.900 -0.316
vn -0.096 -0.950 -0.296
vn -0.428 -0.900 -0.080
vn -0.489 -0.857 0.159
vn -0.951 0.000 0.309
vn -0.687 0.000 0.727
vn 0.309 0.000 0.951
vn 0.983 0.000 0.184
vn 0.951 0.000 -0.309
vn 0.687 0.000 -0.727
vn -0.309 0.000 -0.951
vn -0.983 0.000 -0.184
vn -0.951 0.000 0.309
vn -0.489 0.857 0.159
vn -0.299 0.900 0.316
vn 0.096 0.950 0.296
vn 0.428 0.900 0.080
vn 0.489 0.857 -0.159
vn 0.299 0.900 -0.316
vn -0.096 0.950 -0.296
vn -0.428 0.900 -0.080
vn -0.489 0.857 0.159
vn -0.489 0.857 0.159
vn -0.299 0.900 0.316
vn 0.096 0.950 0.296
vn 0.428 0.900 0.080
vn 0.489 0.857 -0.159
vn 0.299 0.900 -0.316
vn -0.096 0.950 -0.296
vn -0.428 0.900 -0.080
vn -0.489 0.857 0.159
vn -0.302 -0.857 -0.416
vn -0.393 -0.900 -0.187
vn -0.252 -0.950 0.183
vn 0.056 -0.900 0.432
vn 0.302 -0.857 0.416
vn 0.393 -0.900 0.187
vn 0.252 -0.950 -0.183
vn -0.056 -0.900 -0.432
vn -0.302 -0.857 -0.416
vn -0.302 -0.857 -0.416
vn -0.393 -0.900 -0.187
vn -0.252 -0.950 0.183
vn 0.056 -0.900 0.432
vn 0.302 -0.857 0.416
vn 0.393 -0.900 0.187
vn 0.252 -0.950 -0.183
vn -0.056 -0.900 -0.432
vn -0.302 -0.857 -0.416
vn -0.588 0.000 -0.809
vn -0.903 0.000 -0.429
vn -0.809 0.000 0.588
vn 0.129 0.000 0.992
vn 0.588 0.000 0.809
vn 0.903 0.000 0.429
vn 0.809 0.000 -0.588
vn -0.129 0.000 -0.992
vn -0.588 0.000 -0.809
vn -0.302 0.857 -0.416
vn -0.393 0.900 -0.187
vn -0.252 0.950 0.183
vn 0.056 0.900 0.432
vn 0.302 0.857 0.416
vn 0.393 0.900 0.187
vn 0.252 0.950 -0.183
vn -0.056 0.900 -0.432
vn -0.302 0.857 -0.416
vn -0.302 0.857 -0.416
vn -0.393 0.900 -0.187
vn -0.252 0.950 0.183
vn 0.056 0.900 0.432
vn 0.302 0.857 0.416
vn 0.393 0.900 0.187
vn 0.252 0.950 -0.183
vn -0.056 0.900 -0.432
vn -0.302 0.857 -0.416
vn 0.302 -0.857 -0.416
vn 0.056 -0.900 -0.432
vn -0.252 -0.950 -0.183
vn -0.393 -0.900 0.187
vn -0.302 -0.857 0.416
vn -0.056 -0.900 0.432
vn 0.252 -0.950 0.183
vn 0.393 -0.900 -0.187
vn 0.302 -0.857 -0.416
vn 0.302 -0.857 -0.416
vn 0.056 -0.900 -0.432
vn -0.252 -0.950 -0.183
vn -0.393 -0.900 0.187
vn -0.302 -0.857 0.416
vn -0.056 -0.900 0.432
vn 0.252 -0.950 0.183
vn 0.393 -0.900 -0.187
vn 0.302 -0.857 -0.416
vn 0.588 0.000 -0.809
vn 0.129 0.000 -0.992
vn -0.809 0.000 -0.588
vn -0.903 0.000 0.429
vn -0.588 0.000 0.809
vn -0.129 0.000 0.992
vn 0.809 0.000 0.588
vn 0.903 0.000 -0.429
vn 0.588 0.000 -0.809
vn 0.302 0.857 -0.416
vn 0.056 0.900 -0.432
vn -0.252 0.950 -0.183
vn -0.393 0.900 0.187
vn -0.302 0.857 0.416
vn -0.056 0.900 0.432
vn 0.252 0.950 0.183
vn 0.393 0.900 -0.187
vn 0.302 0.857 -0.416
vn 0.302 0.857 -0.416
vn 0.056 0.900 -0.432
vn -0.252 0.950 -0.183
vn -0.393 0.900 0.187
vn -0.302 0.857 0.416
vn -0.056 0.900 0.432
vn 0.252 0.950 0.183
vn 0.393 0.900 -0.187
vn 0.302 0.857 -0.416
vn 0.489 -0.857 0.159
vn 0.428 -0.900 -0.080
vn 0.096 -0.950 -0.296
vn -0.299 -0.900 -0.316
vn -0.489 -0.857 -0.159
vn -0.428 -0.900 0.080
vn -0.096 -0.950 0.296
vn 0.299 -0.900 0.316
vn 0.489 -0.857 0.159
vn 0.489 -0.857 0.159
vn 0.428 -0.900 -0.080
vn 0.096 -0.950 -0.296
vn -0.299 -0.900 -0.316
vn -0.489 -0.857 -0.159
vn -0.428 -0.900 0.080
vn -0.096 -0.950 0.296
vn 0.299 -0.900 0.316
vn 0.489 -0.857 0.159
vn 0.951 0.000 0.309
vn 0.983 0.000 -0.184
vn 0.309 0.000 -0.951
vn -0.687 0.000 -0.727
vn -0.951 0.000 -0.309
vn -0.983 0.000 0.184
vn -0.309 0.000 0.951
vn 0.687 0.000 0.727
vn 0.951 0.000 0.309
vn 0.489 0.857 0.159
vn 0.428 0.900 -0.080
vn 0.096 0.950 -0.296
vn -0.299 0.900 -0.316
vn -0.489 0.857 -0.159
vn -0.428 0.900 0.080
vn -0.096 0.950 0.296
vn 0.299 0.900 0.316
vn 0.489 0.857 0.159
vn 0.489 0.857 0.159
vn 0.428 0.900 -0.080
vn 0.096 0.950 -0.296
vn -0.299 0.900 -0.316
vn -0.489 0.857 -0.159
vn -0.428 0.900 0.080
vn -0.096 0.950 0.296
vn 0.299 0.900 0.316
vn 0.489 0.857 0.159
vn 0.000 -0.781 0.625
vn 0.541 -0.781 0.312
vn 0.541 -0.781 -0.312
vn 0.000 -0.781 -0.625
vn -0.541 -0.781 -0.312
vn -0.541 -0.781 0.312
vn 0.000 -0.781 0.625
vn 0.000 -0.781 0.625
vn 0.541 -0.781 0.312
vn 0.541 -0.781 -0.312
vn 0.000 -0.781 -0.625
vn -0.541 -0.781 -0.312
vn -0.541 -0.781 0.312
vn 0.000 -0.781 0.625
vn 0.000 0.000 1.000
vn 0.866 0.000 0.500
vn 0.866 0.000 -0.500
vn 0.000 0.000 -1.000
vn -0.866 0.000 -0.500
vn -0.866 0.000 0.500
vn 0.000 0.000 1.000
vn 0.000 0.781 0.625
vn 0.541 0.781 0.312
vn 0.541 0.781 -0.312
vn 0.000 0.781 -0.625
vn -0.541 0.781 -0.312
vn -0.541 0.781 0.312
vn 0.000 0.781 0.625
vn 0.000 0.781 0.625
vn 0.541 0.781 0.312
vn 0.541 0.781 -0.312
vn 0.000 0.781 -0.625
vn -0.541 0.781 -0.312
vn -0.541 0.781 0.312
vn 0.000 0.781 0.625
vn -0.000 -0.857 0.514
vn 0.208 -0.900 0.382
vn 0.311 -0.950 0.000
vn 0.208 -0.900 -0.382
vn 0.000 -0.857 -0.514
vn -0.208 -0.900 -0.382
vn -0.311 -0.950 -0.000
vn -0.208 -0.900 0.382
vn -0.000 -0.857 0.514
vn -0.000 -0.857 0.514
vn 0.208 -0.900 0.382
vn 0.311 -0.950 0.000
vn 0.208 -0.900 -0.382
vn 0.000 -0.857 -0.514
vn -0.208 -0.900 -0.382
vn -0.311 -0.950 -0.000
vn -0.208 -0.900 0.382
vn -0.000 -0.857 0.514
vn -0.000 0.000 1.000
vn 0.479 0.000 0.878
vn 1.000 0.000 0.000
vn 0.479 0.000 -0.878
vn 0.000 0.000 -1.000
vn -0.479 0.000 -0.878
vn -1.000 0.000 -0.000
vn -0.479 0.000 0.878
vn -0.000 0.000 1.000
vn -0.000 0.857 0.514
vn 0.208 0.900 0.382
vn 0.311 0.950 0.000
vn 0.208 0.900 -0.382
vn 0.000 0.857 -0.514
vn -0.208 0.900 -0.382
vn -0.311 0.950 -0.000
vn -0.208 0.900 0.382
vn -0.000 0.857 0.514
vn -0.000 0.857 0.514
vn 0.208 0.900 0.382
vn 0.311 0.950 0.000
vn 0.208 0.900 -0.382
vn 0.000 0.857 -0.514
vn -0.208 0.900 -0.382
vn -0.311 0.950 -0.000
vn -0.208 0.900 0.382
vn -0.000 0.857 0.514
vn -0.489 -0.857 0.159
vn -0.299 -0.900 0.316
vn 0.096 -0.950 0.296
vn 0.428 -0.900 0.080
vn 0.489 -0.857 -0.159
vn 0.299 -0.900 -0.316
vn -0.096 -0.950 -0.296
vn -0.428 -0.900 -0.080
vn -0.489 -0.857 0.159
vn -0.489 -0.857 0.159
vn -0.299 -0.900 0.316
vn 0.096 -0.950 0.296
vn 0.428 -0.900 0.080
vn 0.489 -0.857 -0.159
vn 0.299 -0.900 -0.316
vn -0.096 -0.950 -0.296
vn -0.428 -0.900 -0.080
vn -0.489 -0.857 0.159
vn -0.951 0.000 0.309
vn -0.687 0.000 0.727
vn 0.309 0.000 0.951
vn 0.983 0.000 0.184
vn 0.951 0.000 -0.309
vn 0.687 0.000 -0.727
vn -0.309 0.000 -0.951
vn -0.983 0.000 -0.184
vn -0.951 0.000 0.309
vn -0.489 0.857 0.159
vn -0.299 0.900 0.316
vn 0.096 0.950 0.296
vn 0.428 0.900 0.080
vn 0.489 0.857 -0.159
vn 0.299 0.900 -0.316
vn -0.096 0.950 -0.296
vn -0.428 0.900 -0.080
vn -0.489 0.857 0.159
vn -0.489 0.857 0.159
vn -0.299 0.900 0.316
vn 0.096 0.950 0.296
vn 0.428 0.900 0.080
vn 0.489 0.857 -0.159
vn 0.299 0.900 -0.316
vn -0.096 0.950 -0.296
vn -0.428 0.900 -0.080
vn -0.489 0.857 0.159
vn -0.302 -0.857 -0.416
vn -0.393 -0.900 -0.187
vn -0.252 -0.950 0.183
vn 0.056 -0.900 0.432
vn 0.302 -0.857 0.416
vn 0.393 -0.900 0.187
vn 0.252 -0.950 -0.183
vn -0.056 -0.900 -0.432
vn -0.302 -0.857 -0.416
vn -0.302 -0.857 -0.416
vn -0.393 -0.900 -0.187
vn -0.252 -0.950 0.183
vn 0.056 -0.900 0.432
vn 0.302 -0.857 0.416
vn 0.393 -0.900 0.187
vn 0.252 -0.950 -0.183
vn -0.056 -0.900 -0.432
vn -0.302 -0.857 -0.416
vn -0.588 0.000 -0.809
vn -0.903 0.000 -0.429
vn -0.809 0.000 0.588
vn 0.129 0.000 0.992
vn 0.588 0.000 0.809
vn 0.903 0.000 0.429
vn 0.809 0.000 -0.588
vn -0.129 0.000 -0.992
vn -0.588 0.000 -0.809
vn -0.302 0.857 -0.416
vn -0.393 0.900 -0.187
vn -0.252 0.950 0.183
vn 0.056 0.900 0.432
vn 0.302 0.857 0.416
vn 0.393 0.900 0.187
vn 0.252 0.950 -0.183
vn -0.056 0.900 -0.432
vn -0.302 0.857 -0.416
vn -0.302 0.857 -0.416
vn -0.393 0.900 -0.187
vn -0.252 0.950 0.183
vn 0.056 0.900 0.432
vn 0.302 0.857 0.416
vn 0.393 0.900 0.187
vn 0.252 0.950 -0.183
vn -0.056 0.900 -0.432
vn -0.302 0.857 -0.416
vn 0.302 -0.857 -0.416
vn 0.056 -0.900 -0.432
vn -0.252 -0.950 -0.183
vn -0.393 -0.900 0.187
vn -0.302 -0.857 0.416
vn -0.056 -0.900 0.432
vn 0.252 -0.950 0.183
vn 0.393 -0.900 -0.187
vn 0.302 -0.857 -0.416
vn 0.302 -0.857 -0.416
vn 0.056 -0.900 -0.432
vn -0.252 -0.950 -0.183
vn -0.393 -0.900 0.187
vn -0.302 -0.857 0.416
vn -0.056 -0.900 0.432
vn 0.252 -0.950 0.183
vn 0.393 -0.900 -0.187
vn 0.302 -0.857 -0.416
vn 0.588 0.000 -0.809
vn 0.129 0.000 -0.992
vn -0.809 0.000 -0.588
vn -0.903 0.000 0.429
vn -0.588 0.000 0.809
vn -0.129 0.000 0.992
vn 0.809 0.000 0.588
vn 0.903 0.000 -0.429
vn 0.588 0.000 -0.809
vn 0.302 0.857 -0.416
vn 0.056 0.900 -0.432
vn -0.252 0.950 -0.183
vn -0.393 0.900 0.187
vn -0.302 0.857 0.416
vn -0.056 0.900 0.432
vn 0.252 0.950 0.183
vn 0.393 0.900 -0.187
vn 0.302 0.857 -0.416
vn 0.302 0.857 -0.416
vn 0.056 0.900 -0.432
vn -0.252 0.950 -0.183
vn -0.393 0.900 0.187
vn -0.302 0.857 0.416
vn -0.056 0.900 0.432
vn 0.252 0.950 0.183
vn 0.393 0.900 -0.187
vn 0.302 0.857 -0.416
vn 0.489 -0.857 0.159
vn 0.428 -0.900 -0.080
vn 0.096 -0.950 -0.296
vn -0.299 -0.900 -0.316
vn -0.489 -0.857 -0.159
vn -0.428 -0.900 0.080
vn -0.096 -0.950 0.296
vn 0.299 -0.900 0.316
vn 0.489 -0.857 0.159
vn 0.489 -0.857 0.159
vn 0.428 -0.900 -0.080
vn 0.096 -0.950 -0.296
vn -0.299 -0.900 -0.316
vn -0.489 -0.857 -0.159
vn -0.428 -0.900 0.080
vn -0.096 -0.950 0.296
vn 0.299 -0.900 0.316
vn 0.489 -0.857 0.159
vn 0.951 0.000 0.309
vn 0.983 0.000 -0.184
vn 0.309 0.000 -0.951
vn -0.687 0.000 -0.727
vn -0.951 0.000 -0.309
vn -0.983 0.000 0.184
vn -0.309 0.000 0.951
vn 0.687 0.000 0.727
vn 0.951 0.000 0.309
vn 0.489 0.857 0.159
vn 0.428 0.900 -0.080
vn 0.096 0.950 -0.296
vn -0.299 0.900 -0.316
vn -0.489 0.857 -0.159
vn -0.428 0.900 0.080
vn -0.096 0.950 0.296
vn 0.299 0.900 0.316
vn 0.489 0.857 0.159
vn 0.489 0.857 0.159
vn 0.428 0.900 -0.080
vn 0.096 0.950 -0.296
vn -0.299 0.900 -0.316
vn -0.489 0.857 -0.159
vn -0.428 0.900 0.080
vn -0.096 0.950 0.296
vn 0.299 0.900 0.316
vn 0.489 0.857 0.159
vn 0.000 -0.781 0.625
vn 0.541 -0.781 0.312
vn 0.541 -0.781 -0.312
vn 0.000 -0.781 -0.625
vn -0.541 -0.781 -0.312
vn -0.541 -0.781 0.312
vn 0.000 -0.781 0.625
vn 0.000 -0.781 0.625
vn 0.541 -0.781 0.312
vn 0.541 -0.781 -0.312
vn 0.000 -0.781 -0.625
vn -0.541 -0.781 -0.312
vn -0.541 -0.781 0.312
vn 0.000 -0.781 0.625
vn 0.000 0.000 1.000
vn 0.866 0.000 0.500
vn 0.866 0.000 -0.500
vn 0.000 0.000 -1.000
vn -0.866 0.000 -0.500
vn -0.866 0.000 0.500
vn 0.000 0.000 1.000
vn 0.000 0.781 0.625
vn 0.541 0.781 0.312
vn 0.541 0.781 -0.312
vn 0.000 0.781 -0.625
vn -0.541 0.781 -0.312
vn -0.541 0.781 0.312
vn 0.000 0.781 0.625
vn 0.000 0.781 0.625
vn 0.541 0.781 0.312
vn 0.541 0.781 -0.312
vn 0.000 0.781 -0.625
vn -0.541 0.781 -0.312
vn -0.541 0.781 0.312
vn 0.000 0.781 0.625
vn -0.000 -0.857 0.514
vn 0.208 -0.900 0.382
vn 0.311 -0.950 0.000
vn 0.208 -0.900 -0.382
vn 0.000 -0.857 -0.514
vn -0.208 -0.900 -0.382
vn -0.311 -0.950 -0.000
vn -0.208 -0.900 0.382
vn -0.000 -0.857 0.514
vn -0.000 -0.857 0.514
vn 0.208 -0.900 0.382
vn 0.311 -0.950 0.000
vn 0.208 -0.900 -0.382
vn 0.000 -0.857 -0.514
vn -0.208 -0.900 -0.382
vn -0.311 -0.950 -0.000
vn -0.208 -0.900 0.382
vn -0.000 -0.857 0.514
vn -0.000 0.000 1.000
vn 0.479 0.000 0.878
vn 1.000 0.000 0.000
vn 0.479 0.000 -0.878
vn 0.000 0.000 -1.000
vn -0.479 0.000 -0.878
vn -1.000 0.000 -0.000
vn -0.479 0.000 0.878
vn -0.000 0.000 1.000
vn -0.000 0.857 0.514
vn 0.208 0.900 0.382
vn 0.311 0.950 0.000
vn 0.208 0.900 -0.382
vn 0.000 0.857 -0.514
vn -0.208 0.900 -0.382
vn -0.311 0.950 -0.000
vn -0.208 0.900 0.382
vn -0.000 0.857 0.514
vn -0.000 0.857 0.514
vn 0.208 0.900 0.382
vn 0.311 0.950 0.000
vn 0.208 0.900 -0.382
vn 0.000 0.857 -0.514
vn -0.208 0.900 -0.382
vn -0.311 0.950 -0.000
vn -0.208 0.900 0.382
vn -0.000 0.857 0.514
vn -0.489 -0.857 0.159
vn -0.299 -0.900 0.316
vn 0.096 -0.950 0.296
vn 0.428 -0.900 0.080
vn 0.489 -0.857 -0.159
vn 0.299 -0.900 -0.316
vn -0.096 -0.950 -0.296
vn -0.428 -0.900 -0.080
vn -0.489 -0.857 0.159
vn -0.489 -0.857 0.159
vn -0.299 -0.900 0.316
vn 0.096 -0.950 0.296
vn 0.428 -0.900 0.080
vn 0.489 -0.857 -0.159
vn 0.299 -0.900 -0.316
vn -0.096 -0.950 -0.296
vn -0.428 -0.900 -0.080
vn -0.489 -0.857 0.159
vn -0.951 0.000 0.309
vn -0.687 0.000 0.727
vn 0.309 0.000 0.951
vn 0.983 0.000 0.184
vn 0.951 0.000 -0.309
vn 0.687 0.000 -0.727
vn -0.309 0.000 -0.951
vn -0.983 0.000 -0.184
vn -0.951 0.000 0.309
vn -0.489 0.857 0.159
vn -0.299 0.900 0.316
vn 0.096 0.950 0.296
vn 0.428 0.900 0.080
vn 0.489 0.857 -0.159
vn 0.299 0.900 -0.316
vn -0.096 0.950 -0.296
vn -0.428 0.900 -0.080
vn -0.489 0.857 0.159
vn -0.489 0.857 0.159
vn -0.299 0.900 0.316
vn 0.096 0.950 0.296
vn 0.428 0.900 0.080
vn 0.489 0.857 -0.159
vn 0.299 0.900 -0.316
vn -0.096 0.950 -0.296
vn -0.428 0.900 -0.080
vn -0.489 0.857 0.159
vn -0.302 -0.857 -0.416
vn -0.393 -0.900 -0.187
vn -0.252 -0.950 0.183
vn 0.056 -0.900 0.432
vn 0.302 -0.857 0.416
vn 0.393 -0.900 0.187
vn 0.252 -0.950 -0.183
vn -0.056 -0.900 -0.432
vn -0.302 -0.857 -0.416
vn -0.302 -0.857 -0.416
vn -0.393 -0.900 -0.187
vn -0.252 -0.950 0.183
vn 0.056 -0.900 0.432
vn 0.302 -0.857 0.416
vn 0.393 -0.900 0.187
vn 0.252 -0.950 -0.183
vn -0.056 -0.900 -0.432
vn -0.302 -0.857 -0.416
vn -0.588 0.000 -0.809
vn -0.903 0.000 -0.429
vn -0.809 0.000 0.588
vn 0.129 0.000 0.992
vn 0.588 0.000 0.809
vn 0.903 0.000 0.429
vn 0.809 0.000 -0.588
vn -0.129 0.000 -0.992
vn -0.588 0.000 -0.809
vn -0.302 0.857 -0.416
vn -0.393 0.900 -0.187
vn -0.252 0.950 0.183
vn 0.056 0.900 0.432
vn 0.302 0.857 0.416
vn 0.393 0.900 0.187
vn 0.252 0.950 -0.183
vn -0.056 0.900 -0.432
vn -0.302 0.857 -0.416
vn -0.302 0.857 -0.416
vn -0.393 0.900 -0.187
vn -0.252 0.950 0.183
vn 0.056 0.900 0.432
vn 0.302 0.857 0.416
vn 0.393 0.900 0.187
vn 0.252 0.950 -0.183
vn -0.056 0.900 -0.432
vn -0.302 0.857 -0.416
vn 0.302 -0.857 -0.416
vn 0.056 -0.900 -0.432
vn -0.252 -0.950 -0.183
vn -0.393 -0.900 0.187
vn -0.302 -0.857 0.416
vn -0.056 -0.900 0.432
vn 0.252 -0.950 0.183
vn 0.393 -0.900 -0.187
vn 0.302 -0.857 -0.416
vn 0.302 -0.857 -0.416
vn 0.056 -0.900 -0.432
vn -0.252 -0.950 -0.183
vn -0.393 -0.900 0.187
vn -0.302 -0.857 0.416
vn -0.056 -0.900 0.432
vn 0.252 -0.950 0.183
vn 0.393 -0.900 -0.187
vn 0.302 -0.857 -0.416
vn 0.588 0.000 -0.809
vn 0.129 0.000 -0.992
vn -0.809 0.000 -0.588
vn -0.903 0.000 0.429
vn -0.588 0.000 0.809
vn -0.129 0.000 0.992
vn 0.809 0.000 0.588
vn 0.903 0.000 -0.429
vn 0.588 0.000 -0.809
vn 0.302 0.857 -0.416
vn 0.056 0.900 -0.432
vn -0.252 0.950 -0.183
vn -0.393 0.900 0.187
vn -0.302 0.857 0.416
vn -0.056 0.900 0.432
vn 0.252 0.950 0.183
vn 0.393 0.900 -0.187
vn 0.302 0.857 -0.416
vn 0.302 0.857 -0.416
vn 0.056 0.900 -0.432
vn -0.252 0.950 -0.183
vn -0.393 0.900 0.187
vn -0.302 0.857 0.416
vn -0.056 0.900 0.432
vn 0.252 0.950 0.183
vn 0.393 0.900 -0.187
vn 0.302 0.857 -0.416
vn 0.489 -0.857 0.159
vn 0.428 -0.900 -0.080
vn 0.096 -0.950 -0.296
vn -0.299 -0.900 -0.316
vn -0.489 -0.857 -0.159
vn -0.428 -0.900 0.080
vn -0.096 -0.950 0.296
vn 0.299 -0.900 0.316
vn 0.489 -0.857 0.159
vn 0.489 -0.857 0.159
vn 0.428 -0.900 -0.080
vn 0.096 -0.950 -0.296
vn -0.299 -0.900 -0.316
vn -0.489 -0.857 -0.159
vn -0.428 -0.900 0.080
vn -0.096 -0.950 0.296
vn 0.299 -0.900 0.316
vn 0.489 -0.857 0.159
vn 0.951 0.000 0.309
vn 0.983 0.000 -0.184
vn 0.309 0.000 -0.951
vn -0.687 0.000 -0.727
vn -0.951 0.000 -0.309
vn -0.983 0.000 0.184
vn -0.309 0.000 0.951
vn 0.687 0.000 0.727
vn 0.951 0.000 0.309
vn 0.489 0.857 0.159
vn 0.428 0.900 -0.080
vn 0.096 0.950 -0.296
vn -0.299 0.900 -0.316
vn -0.489 0.857 -0.159
vn -0.428 0.900 0.080
vn -0.096 0.950 0.296
vn 0.299 0.900 0.316
vn 0.489 0.857 0.159
vn 0.489 0.857 0.159
vn 0.428 0.900 -0.080
vn 0.096 0.950 -0.296
vn -0.299 0.900 -0.316
vn -0.489 0.857 -0.159
vn -0.428 0.900 0.080
vn -0.096 0.950 0.296
vn 0.299 0.900 0.316
vn 0.489 0.857 0.159
vn 0.000 -0.781 0.625
vn 0.541 -0.781 0.312
vn 0.541 -0.781 -0.312
vn 0.000 -0.781 -0.625
vn -0.541 -0.781 -0.312
vn -0.541 -0.781 0.312
vn 0.000 -0.781 0.625
vn 0.000 -0.781 0.625
vn 0.541 -0.781 0.312
vn 0.541 -0.781 -0.312
vn 0.000 -0.781 -0.625
vn -0.541 -0.781 -0.312
vn -0.541 -0.781 0.312
vn 0.000 -0.781 0.625
vn 0.000 0.000 1.000
vn 0.866 0.000 0.500
vn 0.866 0.000 -0.500
vn 0.000 0.000 -1.000
vn -0.866 0.000 -0.500
vn -0.866 0.000 0.500
vn 0.000 0.000 1.000
vn 0.000 0.781 0.625
vn 0.541 0.781 0.312
vn 0.541 0.781 -0.312
vn 0.000 0.781 -0.625
vn -0.541 0.781 -0.312
vn -0.541 0.781 0.312
vn 0.000 0.781 0.625
vn 0.000 0.781 0.625
vn 0.541 0.781 0.312
vn 0.541 0.781 -0.312
vn 0.000 0.781 -0.625
vn -0.541 0.781 -0.312
vn -0.541 0.781 0.312
vn 0.000 0.781 0.625
vn -0.000 -0.857 0.514
vn 0.208 -0.900 0.382
vn 0.311 -0.950 0.000
vn 0.208 -0.900 -0.382
vn 0.000 -0.857 -0.514
vn -0.208 -0.900 -0.382
vn -0.311 -0.950 -0.000
vn -0.208 -0.900 0.382
vn -0.000 -0.857 0.514
vn -0.000 -0.857 0.514
vn 0.208 -0.900 0.382
vn 0.311 -0.950 0.000
vn 0.208 -0.900 -0.382
vn 0.000 -0.857 -0.514
vn -0.208 -0.900 -0.382
vn -0.311 -0.950 -0.000
vn -0.208 -0.900 0.382
vn -0.000 -0.857 0.514
vn -0.000 0.000 1.000
vn 0.479 0.000 0.878
vn 1.000 0.000 0.000
vn 0.479 0.000 -0.878
vn 0.000 0.000 -1.000
vn -0.479 0.000 -0.878
vn -1.000 0.000 -0.000
vn -0.479 0.000 0.878
vn -0.000 0.000 1.000
vn -0.000 0.857 0.514
vn 0.208 0.900 0.382
vn 0.311 0.950 0.000
vn 0.208 0.900 -0.382
vn 0.000 0.857 -0.514
vn -0.208 0.900 -0.382
vn -0.311 0.950 -0.000
vn -0.208 0.900 0.382
vn -0.000 0.857 0.514
vn -0.000 0.857 0.514
vn 0.208 0.900 0.382
vn 0.311 0.950 0.000
vn 0.208 0.900 -0.382
vn 0.000 0.857 -0.514
vn -0.208 0.900 -0.382
vn -0.311 0.950 -0.000
vn -0.208 0.900 0.382
vn -0.000 0.857 0.514
vn -0.489 -0.857 0.159
vn -0.299 -0.900 0.316
vn 0.096 -0.950 0.296
vn 0.428 -0.900 0.080
vn 0.489 -0.857 -0.159
vn 0.299 -0.900 -0.316
vn -0.096 -0.950 -0.296
vn -0.428 -0.900 -0.080
vn -0.489 -0.857 0.159
vn -0.489 -0.857 0.159
vn -0.299 -0.900 0.316
vn 0.096 -0.950 0.296
vn 0.428 -0.900 0.080
vn 0.489 -0.857 -0.159
vn 0.299 -0.900 -0.316
vn -0.096 -0.950 -0.296
vn -0.428 -0.900 -0.080
vn -0.489 -0.857 0.159
vn -0.951 0.000 0.309
vn -0.687 0.000 0.727
vn 0.309 0.000 0.951
vn 0.983 0.000 0.184
vn 0.951 0.000 -0.309
vn 0.687 0.000 -0.727
vn -0.309 0.000 -0.951
vn -0.983 0.000 -0.184
vn -0.951 0.000 0.309
vn -0.489 0.857 0.159
vn -0.299 0.900 0.316
vn 0.096 0.950 0.296
vn 0.428 0.900 0.080
vn 0.489 0.857 -0.159
vn 0.299 0.900 -0.316
vn -0.096 0.950 -0.296
vn -0.428 0.900 -0.080
vn -0.489 0.857 0.159
vn -0.489 0.857 0.159
vn -0.299 0.900 0.316
vn 0.096 0.950 0.296
vn 0.428 0.900 0.080
vn 0.489 0.857 -0.159
vn 0.299 0.900 -0.316
vn -0.096 0.950 -0.296
vn -0.428 0.900 -0.080
vn -0.489 0.857 0.159
vn -0.302 -0.857 -0.416
vn -0.393 -0.900 -0.187
vn -0.252 -0.950 0.183
vn 0.056 -0.900 0.432
vn 0.302 -0.857 0.416
vn 0.393 -0.900 0.187
vn 0.252 -0.950 -0.183
vn -0.056 -0.900 -0.432
vn -0.302 -0.857 -0.416
vn -0.302 -0.857 -0.416
vn -0.393 -0.900 -0.187
vn -0.252 -0.950 0.183
vn 0.056 -0.900 0.432
vn 0.302 -0.857 0.416
vn 0.393 -0.900 0.187
vn 0.252 -0.950 -0.183
vn -0.056 -0.900 -0.432
vn -0.302 -0.857 -0.416
vn -0.588 0.000 -0.809
vn -0.903 0.000 -0.429
vn -0.809 0.000 0.588
vn 0.129 0.000 0.992
vn 0.588 0.000 0.809
vn 0.903 0.000 0.429
vn 0.809 0.000 -0.588
vn -0.129 0.000 -0.992
vn -0.588 0.000 -0.809
vn -0.302 0.857 -0.416
vn -0.393 0.900 -0.187
vn -0.252 0.950 0.183
vn 0.056 0.900 0.432
vn 0.302 0.857 0.416
vn 0.393 0.900 0.187
vn 0.252 0.950 -0.183
vn -0.056 0.900 -0.432
vn -0.302 0.857 -0.416
vn -0.302 0.857 -0.416
vn -0.393 0.900 -0.187
vn -0.252 0.950 0.183
vn 0.056 0.900 0.432
vn 0.302 0.857 0.416
vn 0.393 0.900 0.187
vn 0.252 0.950 -0.183
vn -0.056 0.900 -0.432
vn -0.302 0.857 -0.416
vn 0.302 -0.857 -0.416
vn 0.056 -0.900 -0.432
vn -0.252 -0.950 -0.183
vn -0.393 -0.900 0.187
vn -0.302 -0.857 0.416
vn -0.056 -0.900 0.432
vn 0.252 -0.950 0.183
vn 0.393 -0.900 -0.187
vn 0.302 -0.857 -0.416
vn 0.302 -0.857 -0.416
vn 0.056 -0.900 -0.432
vn -0.252 -0.950 -0.183
vn -0.393 -0.900 0.187
vn -0.302 -0.857 0.416
vn -0.056 -0.900 0.432
vn 0.252 -0.950 0.183
vn 0.393 -0.900 -0.187
vn 0.302 -0.857 -0.416
vn 0.588 0.000 -0.809
vn 0.129 0.000 -0.992
vn -0.809 0.000 -0.588
vn -0.903 0.000 0.429
vn -0.588 0.000 0.809
vn -0.129 0.000 0.992
vn 0.809 0.000 0.588
vn 0.903 0.000 -0.429
vn 0.588 0.000 -0.809
vn 0.302 0.857 -0.416
vn 0.056 0.900 -0.432
vn -0.252 0.950 -0.183
vn -0.393 0.900 0.187
vn -0.302 0.857 0.416
vn -0.056 0.900 0.432
vn 0.252 0.950 0.183
vn 0.393 0.900 -0.187
vn 0.302 0.857 -0.416
vn 0.302 0.857 -0.416
vn 0.056 0.900 -0.432
vn -0.252 0.950 -0.183
vn -0.393 0.900 0.187
vn -0.302 0.857 0.416
vn -0.056 0.900 0.432
vn 0.252 0.950 0.183
vn 0.393 0.900 -0.187
vn 0.302 0.857 -0.416
vn 0.489 -0.857 0.159
vn 0.428 -0.900 -0.080
vn 0.096 -0.950 -0.296
vn -0.299 -0.900 -0.316
vn -0.489 -0.857 -0.159
vn -0.428 -0.900 0.080
vn -0.096 -0.950 0.296
vn 0.299 -0.900 0.316
vn 0.489 -0.857 0.159
vn 0.489 -0.857 0.159
vn 0.428 -0.900 -0.080
vn 0.096 -0.950 -0.296
vn -0.299 -0.900 -0.316
vn -0.489 -0.857 -0.159
vn -0.428 -0.900 0.080
vn -0.096 -0.950 0.296
vn 0.299 -0.900 0.316
vn 0.489 -0.857 0.159
vn 0.951 0.000 0.309
vn 0.983 0.000 -0.184
vn 0.309 0.000 -0.951
vn -0.687 0.000 -0.727
vn -0.951 0.000 -0.309
vn -0.983 0.000 0.184
vn -0.309 0.000 0.951
vn 0.687 0.000 0.727
vn 0.951 0.000 0.309
vn 0.489 0.857 0.159
vn 0.428 0.900 -0.080
vn 0.096 0.950 -0.296
vn -0.299 0.900 -0.316
vn -0.489 0.857 -0.159
vn -0.428 0.900 0.080
vn -0.096 0.950 0.296
vn 0.299 0.900 0.316
vn 0.489 0.857 0.159
vn 0.489 0.857 0.159
vn 0.428 0.900 -0.080
vn 0.096 0.950 -0.296
vn -0.299 0.900 -0.316
vn -0.489 0.857 -0.159
vn -0.428 0.900 0.080
vn -0.096 0.950 0.296
vn 0.299 0.900 0.316
vn 0.489 0.857 0.159
vn 0.000 -0.781 0.625
vn 0.541 -0.781 0.312
vn 0.541 -0.781 -0.312
vn 0.000 -0.781 -0.625
vn -0.541 -0.781 -0.312
vn -0.541 -0.781 0.312
vn 0.000 -0.781 0.625
vn 0.000 -0.781 0.625
vn 0.541 -0.781 0.312
vn 0.541 -0.781 -0.312
vn 0.000 -0.781 -0.625
vn -0.541 -0.781 -0.312
vn -0.541 -0.781 0.312
vn 0.000 -0.781 0.625
vn 0.000 0.000 1.000
vn 0.866 0.000 0.500
vn 0.866 0.000 -0.500
vn 0.000 0.000 -1.000
vn -0.866 0.000 -0.500
vn -0.866 0.000 0.500
vn 0.000 0.000 1.000
vn 0.000 0.781 0.625
vn 0.541 0.781 0.312
vn 0.541 0.781 -0.312
vn 0.000 0.781 -0.625
vn -0.541 0.781 -0.312
vn -0.541 0.781 0.312
vn 0.000 0.781 0.625
vn 0.000 0.781 0.625
vn 0.541 0.781 0.312
vn 0.541 0.781 -0.312
vn 0.000 0.781 -0.625
vn -0.541 0.781 -0.312
vn -0.541 0.781 0.312
vn 0.000 0.781 0.625
vn -0.000 -0.857 0.514
vn 0.208 -0.900 0.382
vn 0.311 -0.950 0.000
vn 0.208 -0.900 -0.382
vn 0.000 -0.857 -0.514
vn -0.208 -0.900 -0.382
vn -0.311 -0.950 -0.000
vn -0.208 -0.900 0.382
vn -0.000 -0.857 0.514
vn -0.000 -0.857 0.514
vn 0.208 -0.900 0.382
vn 0.311 -0.950 0.000
vn 0.208 -0.900 -0.382
vn 0.000 -0.857 -0.514
vn -0.208 -0.900 -0.382
vn -0.311 -0.950 -0.000
vn -0.208 -0.900 0.382
vn -0.000 -0.857 0.514
vn -0.000 0.000 1.000
vn 0.479 0.000 0.878
vn 1.000 0.000 0.000
vn 0.479 0.000 -0.878
vn 0.000 0.000 -1.000
vn -0.479 0.000 -0.878
vn -1.000 0.000 -0.000
vn -0.479 0.000 0.878
vn -0.000 0.000 1.000
vn -0.000 0.857 0.514
vn 0.208 0.900 0.382
vn 0.311 0.950 0.000
vn 0.208 0.900 -0.382
vn 0.000 0.857 -0.514
vn -0.208 0.900 -0.382
vn -0.311 0.950 -0.000
vn -0.208 0.900 0.382
vn -0.000 0.857 0.514
vn -0.000 0.857 0.514
vn 0.208 0.900 0.382
vn 0.311 0.950 0.000
vn 0.208 0.900 -0.382
vn 0.000 0.857 -0.514
vn -0.208 0.900 -0.382
vn -0.311 0.950 -0.000
vn -0.208 0.900 0.382
vn -0.000 0.857 0.514
vn -0.489 -0.857 0.159
vn -0.299 -0.900 0.316
vn 0.096 -0.950 0.296
vn 0.428 -0.900 0.080
vn 0.489 -0.857 -0.159
vn 0.299 -0.900 -0.316
vn -0.096 -0.950 -0.296
vn -0.428 -0.900 -0.080
vn -0.489 -0.857 0.159
vn -0.489 -0.857 0.159
vn -0.299 -0.900 0.316
vn 0.096 -0.950 0.296
vn 0.428 -0.900 0.080
vn 0.489 -0.857 -0.159
vn 0.299 -0.900 -0.316
vn -0.096 -0.950 -0.296
vn -0.428 -0.900 -0.080
vn -0.489 -0.857 0.159
vn -0.951 0.000 0.309
vn -0.687 0.000 0.727
vn 0.309 0.000 0.951
vn 0.983 0.000 0.184
vn 0.951 0.000 -0.309
vn 0.687 0.000 -0.727
vn -0.309 0.000 -0.951
vn -0.983 0.000 -0.184
vn -0.951 0.000 0.309
vn -0.489 0.857 0.159
vn -0.299 0.900 0.316
vn 0.096 0.950 0.296
vn 0.428 0.900 0.080
vn 0.489 0.857 -0.159
vn 0.299 0.900 -0.316
vn -0.096 0.950 -0.296
vn -0.428 0.900 -0.080
vn -0.489 0.857 0.159
vn -0.489 0.857 0.159
vn -0.299 0.900 0.316
vn 0.096 0.950 0.296
vn 0.428 0.900 0.080
vn 0.489 0.857 -0.159
vn 0.299 0.900 -0.316
vn -0.096 0.950 -0.296
vn -0.428 0.900 -0.080
vn -0.489 0.857 0.159
vn -0.302 -0.857 -0.416
vn -0.393 -0.900 -0.187
vn -0.252 -0.950 0.183
vn 0.056 -0.900 0.432
vn 0.302 -0.857 0.416
vn 0.393 -0.900 0.187
vn 0.252 -0.950 -0.183
vn -0.056 -0.900 -0.432
vn -0.302 -0.857 -0.416
vn -0.302 -0.857 -0.416
vn -0.393 -0.900 -0.187
vn -0.252 -0.950 0.183
vn 0.056 -0.900 0.432
vn 0.302 -0.857 0.416
vn 0.393 -0.900 0.187
vn 0.252 -0.950 -0.183
vn -0.056 -0.900 -0.432
vn -0.302 -0.857 -0.416
vn -0.588 0.000 -0.809
vn -0.903 0.000 -0.429
vn -0.809 0.000 0.588
vn 0.129 0.000 0.992
vn 0.588 0.000 0.809
vn 0.903 0.000 0.429
vn 0.809 0.000 -0.588
vn -0.129 0.000 -0.992
vn -0.588 0.000 -0.809
vn -0.302 0.857 -0.416
vn -0.393 0.900 -0.187
vn -0.252 0.950 0.183
vn 0.056 0.900 0.432
vn 0.302 0.857 0.416
vn 0.393 0.900 0.187
vn 0.252 0.950 -0.183
vn -0.056 0.900 -0.432
vn -0.302 0.857 -0.416
vn -0.302 0.857 -0.416
vn -0.393 0.900 -0.187
vn -0.252 0.950 0.183
vn 0.056 0.900 0.432
vn 0.302 0.857 0.416
vn 0.393 0.900 0.187
vn 0.252 0.950 -0.183
vn -0.056 0.900 -0.432
vn -0.302 0.857 -0.416
vn 0.302 -0.857 -0.416
vn 0.056 -0.900 -0.432
vn -0.252 -0.950 -0.183
vn -0.393 -0.900 0.187
vn -0.302 -0.857 0.416
vn -0.056 -0.900 0.432
vn 0.252 -0.950 0.183
vn 0.393 -0.900 -0.187
vn 0.302 -0.857 -0.416
vn 0.302 -0.857 -0.416
vn 0.056 -0.900 -0.432
vn -0.252 -0.950 -0.183
vn -0.393 -0.900 0.187
vn -0.302 -0.857 0.416
vn -0.056 -0.900 0.432
vn 0.252 -0.950 0.183
vn 0.393 -0.900 -0.187
vn 0.302 -0.857 -0.416
vn 0.588 0.000 -0.809
vn 0.129 0.000 -0.992
vn -0.809 0.000 -0.588
vn -0.903 0.000 0.429
vn -0.588 0.000 0.809
vn -0.129 0.000 0.992
vn 0.809 0.000 0.588
vn 0.903 0.000 -0.429
vn 0.588 0.000 -0.809
vn 0.302 0.857 -0.416
vn 0.056 0.900 -0.432
vn -0.252 0.950 -0.183
vn -0.393 0.900 0.187
vn -0.302 0.857 0.416
vn -0.056 0.900 0.432
vn 0.252 0.950 0.183
vn 0.393 0.900 -0.187
vn 0.302 0.857 -0.416
vn 0.302 0.857 -0.416
vn 0.056 0.900 -0.432
vn -0.252 0.950 -0.183
vn -0.393 0.900 0.187
vn -0.302 0.857 0.416
vn -0.056 0.900 0.432
vn 0.252 0.950 0.183
vn 0.393 0.900 -0.187
vn 0.302 0.857 -0.416
vn 0.489 -0.857 0.159
vn 0.428 -0.900 -0.080
vn 0.096 -0.950 -0.296
vn -0.299 -0.900 -0.316
vn -0.489 -0.857 -0.159
vn -0.428 -0.900 0.080
vn -0.096 -0.950 0.296
vn 0.299 -0.900 0.316
vn 0.489 -0.857 0.159
vn 0.489 -0.857 0.159
vn 0.428 -0.900 -0.080
vn 0.096 -0.950 -0.296
vn -0.299 -0.900 -0.316
vn -0.489 -0.857 -0.159
vn -0.428 -0.900 0.080
vn -0.096 -0.950 0.296
vn 0.299 -0.900 0.316
vn 0.489 -0.857 0.159
vn 0.951 0.000 0.309
vn 0.983 0.000 -0.184
vn 0.309 0.000 -0.951
vn -0.687 0.000 -0.727
vn -0.951 0.000 -0.309
vn -0.983 0.000 0.184
vn -0.309 0.000 0.951
vn 0.687 0.000 0.727
vn 0.951 0.000 0.309
vn 0.489 0.857 0.159
vn 0.428 0.900 -0.080
vn 0.096 0.950 -0.296
vn -0.299 0.900 -0.316
vn -0.489 0.857 -0.159
vn -0.428 0.900 0.080
vn -0.096 0.950 0.296
vn 0.299 0.900 0.316
vn 0.489 0.857 0.159
vn 0.489 0.857 0.159
vn 0.428 0.900 -0.080
vn 0.096 0.950 -0.296
vn -0.299 0.900 -0.316
vn -0.489 0.857 -0.159
vn -0.428 0.900 0.080
vn -0.096 0.950 0.296
vn 0.299 0.900 0.316
vn 0.489 0.857 0.159
vn 0.000 -0.781 0.625
vn 0.541 -0.781 0.312
vn 0.541 -0.781 -0.312
vn 0.000 -0.781 -0.625
vn -0.541 -0.781 -0.312
vn -0.541 -0.781 0.312
vn 0.000 -0.781 0.625
vn 0.000 -0.781 0.625
vn 0.541 -0.781 0.312
vn 0.541 -0.781 -0.312
vn 0.000 -0.781 -0.625
vn -0.541 -0.781 -0.312
vn -0.541 -0.781 0.312
vn 0.000 -0.781 0.625
vn 0.000 0.000 1.000
vn 0.866 0.000 0.500
vn 0.866 0.000 -0.500
vn 0.000 0.000 -1.000
vn -0.866 0.000 -0.500
vn -0.866 0.000 0.500
vn 0.000 0.000 1.000
vn 0.000 0.781 0.625
vn 0.541 0.781 0.312
vn 0.541 0.781 -0.312
vn 0.000 0.781 -0.625
vn -0.541 0.781 -0.312
vn -0.541 0.781 0.312
vn 0.000 0.781 0.625
vn 0.000 0.781 0.625
vn 0.541 0.781 0.312
vn 0.541 0.781 -0.312
vn 0.000 0.781 -0.625
vn -0.541 0.781 -0.312
vn -0.541 0.781 0.312
vn 0.000 0.781 0.625
vn -0.000 -0.857 0.514
vn 0.208 -0.900 0.382
vn 0.311 -0.950 0.000
vn 0.208 -0.900 -0.382
vn 0.000 -0.857 -0.514
vn -0.208 -0.900 -0.382
vn -0.311 -0.950 -0.000
vn -0.208 -0.900 0.382
vn -0.000 -0.857 0.514
vn -0.000 -0.857 0.514
vn 0.208 -0.900 0.382
vn 0.311 -0.950 0.000
vn 0.208 -0.900 -0.382
vn 0.000 -0.857 -0.514
vn -0.208 -0.900 -0.382
vn -0.311 -0.950 -0.000
vn -0.208 -0.900 0.382
vn -0.000 -0.857 0.514
vn -0.000 0.000 1.000
vn 0.479 0.000 0.878
vn 1.000 0.000 0.000
vn 0.479 0.000 -0.878
vn 0.000 0.000 -1.000
vn -0.479 0.000 -0.878
vn -1.000 0.000 -0.000
vn -0.479 0.000 0.878
vn -0.000 0.000 1.000
vn -0.000 0.857 0.514
vn 0.208 0.900 0.382
vn 0.311 0.950 0.000
vn 0.208 0.900 -0.382
vn 0.000 0.857 -0.514
vn -0.208 0.900 -0.382
vn -0.311 0.950 -0.000
vn -0.208 0.900 0.382
vn -0.000 0.857 0.514
vn -0.000 0.857 0.514
vn 0.208 0.900 0.382
vn 0.311 0.950 0.000
vn 0.208 0.900 -0.382
vn 0.000 0.857 -0.514
vn -0.208 0.900 -0.382
vn -0.311 0.950 -0.000
vn -0.208 0.900 0.382
vn -0.000 0.857 0.514
vn -0.489 -0.857 0.159
vn -0.299 -0.900 0.316
vn 0.096 -0.950 0.296
vn 0.428 -0.900 0.080
vn 0.489 -0.857 -0.159
vn 0.299 -0.900 -0.316
vn -0.096 -0.950 -0.296
vn -0.428 -0.900 -0.080
vn -0.489 -0.857 0.159
vn -0.489 -0.857 0.159
vn -0.299 -0.900 0.316
vn 0.096 -0.950 0.296
vn 0.428 -0.900 0.080
vn 0.489 -0.857 -0.159
vn 0.299 -0.900 -0.316
vn -0.096 -0.950 -0.296
vn -0.428 -0.900 -0.080
vn -0.489 -0.857 0.159
vn -0.951 0.000 0.309
vn -0.687 0.000 0.727
vn 0.309 0.000 0.951
vn 0.983 0.000 0.184
vn 0.951 0.000 -0.309
vn 0.687 0.000 -0.727
vn -0.309 0.000 -0.951
vn -0.983 0.000 -0.184
vn -0.951 0.000 0.309
vn -0.489 0.857 0.159
vn -0.299 0.900 0.316
vn 0.096 0.950 0.296
vn 0.428 0.900 0.080
vn 0.489 0.857 -0.159
vn 0.299 0.900 -0.316
vn -0.096 0.950 -0.296
vn -0.428 0.900 -0.080
vn -0.489 0.857 0.159
vn -0.489 0.857 0.159
vn -0.299 0.900 0.316
vn 0.096 0.950 0.296
vn 0.428 0.900 0.080
vn 0.489 0.857 -0.159
vn 0.299 0.900 -0.316
vn -0.096 0.950 -0.296
vn -0.428 0.900 -0.080
vn -0.489 0.857 0.159
vn -0.302 -0.857 -0.416
vn -0.393 -0.900 -0.187
vn -0.252 -0.950 0.183
vn 0.056 -0.900 0.432
vn 0.302 -0.857 0.416
vn 0.393 -0.900 0.187
vn 0.252 -0.950 -0.183
vn -0.056 -0.900 -0.432
vn -0.302 -0.857 -0.416
vn -0.302 -0.857 -0.416
vn -0.393 -0.900 -0.187
vn -0.252 -0.950 0.183
vn 0.056 -0.900 0.432
vn 0.302 -0.857 0.416
vn 0.393 -0.900 0.187
vn 0.252 -0.950 -0.183
vn -0.056 -0.900 -0.432
vn -0.302 -0.857 -0.416
vn -0.588 0.000 -0.809
vn -0.903 0.000 -0.429
vn -0.809 0.000 0.588
vn 0.129 0.000 0.992
vn 0.588 0.000 0.809
vn 0.903 0.000 0.429
vn 0.809 0.000 -0.588
vn -0.129 0.000 -0.992
vn -0.588 0.000 -0.809
vn -0.302 0.857 -0.416
vn -0.393 0.900 -0.187
vn -0.252 0.950 0.183
vn 0.056 0.900 0.432
vn 0.302 0.857 0.416
vn 0.393 0.900 0.187
vn 0.252 0.950 -0.183
vn -0.056 0.900 -0.432
vn -0.302 0.857 -0.416
vn -0.302 0.857 -0.416
vn -0.393 0.900 -0.187
vn -0.252 0.950 0.183
vn 0.056 0.900 0.432
vn 0.302 0.857 0.416
vn 0.393 0.900 0.187
vn 0.252 0.950 -0.183
vn -0.056 0.900 -0.432
vn -0.302 0.857 -0.416
vn 0.302 -0.857 -0.416
vn 0.056 -0.900 -0.432
vn -0.252 -0.950 -0.183
vn -0.393 -0.900 0.187
vn -0.302 -0.857 0.416
vn -0.056 -0.900 0.432
vn 0.252 -0.950 0.183
vn 0.393 -0.900 -0.187
vn 0.302 -0.857 -0.416
vn 0.302 -0.857 -0.416
vn 0.056 -0.900 -0.432
vn -0.252 -0.950 -0.183
vn -0.393 -0.900 0.187
vn -0.302 -0.857 0.416
vn -0.056 -0.900 0.432
vn 0.252 -0.950 0.183
vn 0.393 -0.900 -0.187
vn 0.302 -0.857 -0.416
vn 0.588 0.000 -0.809
vn 0.129 0.000 -0.992
vn -0.809 0.000 -0.588
vn -0.903 0.000 0.429
vn -0.588 0.000 0.809
vn -0.129 0.000 0.992
vn 0.809 0.000 0.588
vn 0.903 0.000 -0.429
vn 0.588 0.000 -0.809
vn 0.302 0.857 -0.416
vn 0.056 0.900 -0.432
vn -0.252 0.950 -0.183
vn -0.393 0.900 0.187
vn -0.302 0.857 0.416
vn -0.056 0.900 0.432
vn 0.252 0.950 0.183
vn 0.393 0.900 -0.187
vn 0.302 0.857 -0.416
vn 0.302 0.857 -0.416
vn 0.056 0.900 -0.432
vn -0.252 0.950 -0.183
vn -0.393 0.900 0.187
vn -0.302 0.857 0.416
vn -0.056 0.900 0.432
vn 0.252 0.950 0.183
vn 0.393 0.900 -0.187
vn 0.302 0.857 -0.416
vn 0.489 -0.857 0.159
vn 0.428 -0.900 -0.080
vn 0.096 -0.950 -0.296
vn -0.299 -0.900 -0.316
vn -0.489 -0.857 -0.159
vn -0.428 -0.900 0.080
vn -0.096 -0.950 0.296
vn 0.299 -0.900 0.316
vn 0.489 -0.857 0.159
vn 0.489 -0.857 0.159
vn 0.428 -0.900 -0.080
vn 0.096 -0.950 -0.296
vn -0.299 -0.900 -0.316
vn -0.489 -0.857 -0.159
vn -0.428 -0.900 0.080
vn -0.096 -0.950 0.296
vn 0.299 -0.900 0.316
vn 0.489 -0.857 0.159
vn 0.951 0.000 0.309
vn 0.983 0.000 -0.184
vn 0.309 0.000 -0.951
vn -0.687 0.000 -0.727
vn -0.951 0.000 -0.309
vn -0.983 0.000 0.184
vn -0.309 0.000 0.951
vn 0.687 0.000 0.727
vn 0.951 0.000 0.309
vn 0.489 0.857 0.159
vn 0.428 0.900 -0.080
vn 0.096 0.950 -0.296
vn -0.299 0.900 -0.316
vn -0.489 0.857 -0.159
vn -0.428 0.900 0.080
vn -0.096 0.950 0.296
vn 0.299 0.900 0.316
vn 0.489 0.857 0.159
vn 0.489 0.857 0.159
vn 0.428 0.900 -0.080
vn 0.096 0.950 -0.296
vn -0.299 0.900 -0.316
vn -0.489 0.857 -0.159
vn -0.428 0.900 0.080
vn -0.096 0.950 0.296
vn 0.299 0.900 0.316
vn 0.489 0.857 0.159
vn 0.000 -0.781 0.625
vn 0.541 -0.781 0.312
vn 0.541 -0.781 -0.312
vn 0.000 -0.781 -0.625
vn -0.541 -0.781 -0.312
vn -0.541 -0.781 0.312
vn 0.000 -0.781 0.625
vn 0.000 -0.781 0.625
vn 0.541 -0.781 0.312
vn 0.541 -0.781 -0.312
vn 0.000 -0.781 -0.625
vn -0.541 -0.781 -0.312
vn -0.541 -0.781 0.312
vn 0.000 -0.781 0.625
vn 0.000 0.000 1.000
vn 0.866 0.000 0.500
vn 0.866 0.000 -0.500
vn 0.000 0.000 -1.000
vn -0.866 0.000 -0.500
vn -0.866 0.000 0.500
vn 0.000 0.000 1.000
vn 0.000 0.781 0.625
vn 0.541 0.781 0.312
vn 0.541 0.781 -0.312
vn 0.000 0.781 -0.625
vn -0.541 0.781 -0.312
vn -0.541 0.781 0.312
vn 0.000 0.781 0.625
vn 0.000 0.781 0.625
vn 0.541 0.781 0.312
vn 0.541 0.781 -0.312
vn 0.000 0.781 -0.625
vn -0.541 0.781 -0.312
vn -0.541 0.781 0.312
vn 0.000 0.781 0.625
v -0.9300 1.8379 -4.9300
v -0.9300 1.8379 -4.9300
v -0.9300 1.8379 -4.9300
v -0.9300 1.8379 -4.9300
v -0.9300 1.8379 -4.9300
v -0.9300 1.8379 -4.9300
v -0.9300 1.8379 -4.9300
v -0.9300 1.8379 -4.9300
v -0.9300 1.8379 -4.9300
v -0.9300 1.8395 -4.9236
v -0.9218 1.8395 -4.9255
v -0.9183 1.8395 -4.9300
v -0.9218 1.8395 -4.9345
v -0.9300 1.8395 -4.9364
v -0.9383 1.8395 -4.9345
v -0.9417 1.8395 -4.9300
v -0.9383 1.8395 -4.9255
v -0.9300 1.8395 -4.9236
v -0.9300 1.8433 -4.9210
v -0.9183 1.8433 -4.9236
v -0.9135 1.8433 -4.9300
v -0.9183 1.8433 -4.9364
v -0.9300 1.8433 -4.9390
v -0.9417 1.8433 -4.9364
v -0.9465 1.8433 -4.9300
v -0.9417 1.8433 -4.9236
v -0.9300 1.8433 -4.9210
v -0.9300 1.8471 -4.9236
v -0.9218 1.8471 -4.9255
v -0.9183 1.8471 -4.9300
v -0.9218 1.8471 -4.9345
v -0.9300 1.8471 -4.9364
v -0.9383 1.8471 -4.9345
v -0.9417 1.8471 -4.9300
v -0.9383 1.8471 -4.9255
v -0.9300 1.8471 -4.9236
v -0.9300 1.8487 -4.9300
v -0.9300 1.8487 -4.9300
v -0.9300 1.8487 -4.9300
v -0.9300 1.8487 -4.9300
v -0.9300 1.8487 -4.9300
v -0.9300 1.8487 -4.9300
v -0.9300 1.8487 -4.9300
v -0.9300 1.8487 -4.9300
v -0.9300 1.8487 -4.9300
v -0.9404 1.8379 -4.9157
v -0.9404 1.8379 -4.9157
v -0.9404 1.8379 -4.9157
v -0.9404 1.8379 -4.9157
v -0.9404 1.8379 -4.9157
v -0.9404 1.8379 -4.9157
v -0.9404 1.8379 -4.9157
v -0.9404 1.8379 -4.9157
v -0.9404 1.8379 -4.9157
v -0.9464 1.8395 -4.9138
v -0.9421 1.8395 -4.9065
v -0.9368 1.8395 -4.9046
v -0.9335 1.8395 -4.9093
v -0.9343 1.8395 -4.9177
v -0.9386 1.8395 -4.9250
v -0.9440 1.8395 -4.9268
v -0.9472 1.8395 -4.9222
v -0.9464 1.8395 -4.9138
v -0.9489 1.8433 -4.9130
v -0.9428 1.8433 -4.9027
v -0.9353 1.8433 -4.9000
v -0.9307 1.8433 -4.9066
v -0.9318 1.8433 -4.9185
v -0.9379 1.8433 -4.9288
v -0.9455 1.8433 -4.9314
v -0.9500 1.8433 -4.9249
v -0.9489 1.8433 -4.9130
v -0.9464 1.8471 -4.9138
v -0.9421 1.8471 -4.9065
v -0.9368 1.8471 -4.9046
v -0.9335 1.8471 -4.9093
v -0.9343 1.8471 -4.9177
v -0.9386 1.8471 -4.9250
v -0.9440 1.8471 -4.9268
v -0.9472 1.8471 -4.9222
v -0.9464 1.8471 -4.9138
v -0.9404 1.8487 -4.9157
v -0.9404 1.8487 -4.9157
v -0.9404 1.8487 -4.9157
v -0.9404 1.8487 -4.9157
v -0.9404 1.8487 -4.9157
v -0.9404 1.8487 -4.9157
v -0.9404 1.8487 -4.9157
v -0.9404 1.8487 -4.9157
v -0.9404 1.8487 -4.9157
v -0.9571 1.8379 -4.9212
v -0.9571 1.8379 -4.9212
v -0.9571 1.8379 -4.9212
v -0.9571 1.8379 -4.9212
v -0.9571 1.8379 -4.9212
v -0.9571 1.8379 -4.9212
v -0.9571 1.8379 -4.9212
v -0.9571 1.8379 -4.9212
v -0.9571 1.8379 -4.9212
v -0.9609 1.8395 -4.9263
v -0.9665 1.8395 -4.9200
v -0.9666 1.8395 -4.9143
v -0.9612 1.8395 -4.9127
v -0.9534 1.8395 -4.9160
v -0.9478 1.8395 -4.9224
v -0.9477 1.8395 -4.9280
v -0.9531 1.8395 -4.9297
v -0.9609 1.8395 -4.9263
v -0.9624 1.8433 -4.9285
v -0.9703 1.8433 -4.9195
v -0.9705 1.8433 -4.9115
v -0.9628 1.8433 -4.9092
v -0.9518 1.8433 -4.9139
v -0.9440 1.8433 -4.9229
v -0.9438 1.8433 -4.9309
v -0.9514 1.8433 -4.9332
v -0.9624 1.8433 -4.9285
v -0.9609 1.8471 -4.9263
v -0.9665 1.8471 -4.9200
v -0.9666 1.8471 -4.9143
v -0.9612 1.8471 -4.9127
v -0.9534 1.8471 -4.9160
v -0.9478 1.8471 -4.9224
v -0.9477 1.8471 -4.9280
v -0.9531 1.8471 -4.9297
v -0.9609 1.8471 -4.9263
v -0.9571 1.8487 -4.9212
v -0.9571 1.8487 -4.9212
v -0.9571 1.8487 -4.9212
v -0.9571 1.8487 -4.9212
v -0.9571 1.8487 -4.9212
v -0.9571 1.8487 -4.9212
v -0.9571 1.8487 -4.9212
v -0.9571 1.8487 -4.9212
v -0.9571 1.8487 -4.9212
v -0.9571 1.8379 -4.9388
v -0.9571 1.8379 -4.9388
v -0.9571 1.8379 -4.9388
v -0.9571 1.8379 -4.9388
v -0.9571 1.8379 -4.9388
v -0.9571 1.8379 -4.9388
v -0.9571 1.8379 -4.9388
v -0.9571 1.8379 -4.9388
v -0.9571 1.8379 -4.9388
v -0.9534 1.8395 -4.9440
v -0.9612 1.8395 -4.9473
v -0.9666 1.8395 -4.9457
v -0.9665 1.8395 -4.9400
v -0.9609 1.8395 -4.9337
v -0.9531 1.8395 -4.9303
v -0.9477 1.8395 -4.9320
v -0.9478 1.8395 -4.9376
v -0.9534 1.8395 -4.9440
v -0.9518 1.8433 -4.9461
v -0.9628 1.8433 -4.9508
v -0.9705 1.8433 -4.9485
v -0.9703 1.8433 -4.9405
v -0.9624 1.8433 -4.9315
v -0.9514 1.8433 -4.9268
v -0.9438 1.8433 -4.9291
v -0.9440 1.8433 -4.9371
v -0.9518 1.8433 -4.9461
v -0.9534 1.8471 -4.9440
v -0.9612 1.8471 -4.9473
v -0.9666 1.8471 -4.9457
v -0.9665 1.8471 -4.9400
v -0.9609 1.8471 -4.9337
v -0.9531 1.8471 -4.9303
v -0.9477 1.8471 -4.9320
v -0.9478 1.8471 -4.9376
v -0.9534 1.8471 -4.9440
v -0.9571 1.8487 -4.9388
v -0.9571 1.8487 -4.9388
v -0.9571 1.8487 -4.9388
v -0.9571 1.8487 -4.9388
v -0.9571 1.8487 -4.9388
v -0.9571 1.8487 -4.9388
v -0.9571 1.8487 -4.9388
v -0.9571 1.8487 -4.9388
v -0.9571 1.8487 -4.9388
v -0.9404 1.8379 -4.9443
v -0.9404 1.8379 -4.9443
v -0.9404 1.8379 -4.9443
v -0.9404 1.8379 -4.9443
v -0.9404 1.8379 -4.9443
v -0.9404 1.8379 -4.9443
v -0.9404 1.8379 -4.9443
v -0.9404 1.8379 -4.9443
v -0.9404 1.8379 -4.9443
v -0.9343 1.8395 -4.9423
v -0.9335 1.8395 -4.9507
v -0.9368 1.8395 -4.9554
v -0.9421 1.8395 -4.9535
v -0.9464 1.8395 -4.9462
v -0.9472 1.8395 -4.9378
v -0.9440 1.8395 -4.9332
v -0.9386 1.8395 -4.9350
v -0.9343 1.8395 -4.9423
v -0.9318 1.8433 -4.9415
v -0.9307 1.8433 -4.9534
v -0.9353 1.8433 -4.9600
v -0.9428 1.8433 -4.9573
v -0.9489 1.8433 -4.9470
v -0.9500 1.8433 -4.9351
v -0.9455 1.8433 -4.9286
v -0.9379 1.8433 -4.9312
v -0.9318 1.8433 -4.9415
v -0.9343 1.8471 -4.9423
v -0.9335 1.8471 -4.9507
v -0.9368 1.8471 -4.9554
v -0.9421 1.8471 -4.9535
v -0.9464 1.8471 -4.9462
v -0.9472 1.8471 -4.9378
v -0.9440 1.8471 -4.9332
v -0.9386 1.8471 -4.9350
v -0.9343 1.8471 -4.9423
v -0.9404 1.8487 -4.9443
v -0.9404 1.8487 -4.9443
v -0.9404 1.8487 -4.9443
v -0.9404 1.8487 -4.9443
v -0.9404 1.8487 -4.9443
v -0.9404 1.8487 -4.9443
v -0.9404 1.8487 -4.9443
v -0.9404 1.8487 -4.9443
v -0.9404 1.8487 -4.9443
v -0.9450 1.8373 -4.9300
v -0.9450 1.8373 -4.9300
v -0.9450 1.8373 -4.9300
v -0.9450 1.8373 -4.9300
v -0.9450 1.8373 -4.9300
v -0.9450 1.8373 -4.9300
v -0.9450 1.8373 -4.9300
v -0.9450 1.8391 -4.9247
v -0.9404 1.8391 -4.9273
v -0.9404 1.8391 -4.9327
v -0.9450 1.8391 -4.9353
v -0.9496 1.8391 -4.9327
v -0.9496 1.8391 -4.9273
v -0.9450 1.8391 -4.9247
v -0.9450 1.8433 -4.9225
v -0.9385 1.8433 -4.9263
v -0.9385 1.8433 -4.9338
v -0.9450 1.8433 -4.9375
v -0.9515 1.8433 -4.9338
v -0.9515 1.8433 -4.9263
v -0.9450 1.8433 -4.9225
v -0.9450 1.8476 -4.9247
v -0.9404 1.8476 -4.9273
v -0.9404 1.8476 -4.9327
v -0.9450 1.8476 -4.9353
v -0.9496 1.8476 -4.9327
v -0.9496 1.8476 -4.9273
v -0.9450 1.8476 -4.9247
v -0.9450 1.8493 -4.9300
v -0.9450 1.8493 -4.9300
v -0.9450 1.8493 -4.9300
v -0.9450 1.8493 -4.9300
v -0.9450 1.8493 -4.9300
v -0.9450 1.8493 -4.9300
v -0.9450 1.8493 -4.9300
v -0.7200 1.7988 -4.9300
v -0.7200 1.7988 -4.9300
v -0.7200 1.7988 -4.9300
v -0.7200 1.7988 -4.9300
v -0.7200 1.7988 -4.9300
v -0.7200 1.7988 -4.9300
v -0.7200 1.7988 -4.9300
v -0.7200 1.7988 -4.9300
v -0.7200 1.7988 -4.9300
v -0.7200 1.8004 -4.9236
v -0.7118 1.8004 -4.9255
v -0.7083 1.8004 -4.9300
v -0.7118 1.8004 -4.9345
v -0.7200 1.8004 -4.9364
v -0.7283 1.8004 -4.9345
v -0.7317 1.8004 -4.9300
v -0.7283 1.8004 -4.9255
v -0.7200 1.8004 -4.9236
v -0.7200 1.8042 -4.9210
v -0.7083 1.8042 -4.9236
v -0.7035 1.8042 -4.9300
v -0.7083 1.8042 -4.9364
v -0.7200 1.8042 -4.9390
v -0.7317 1.8042 -4.9364
v -0.7365 1.8042 -4.9300
v -0.7317 1.8042 -4.9236
v -0.7200 1.8042 -4.9210
v -0.7200 1.8080 -4.9236
v -0.7118 1.8080 -4.9255
v -0.7083 1.8080 -4.9300
v -0.7118 1.8080 -4.9345
v -0.7200 1.8080 -4.9364
v -0.7283 1.8080 -4.9345
v -0.7317 1.8080 -4.9300
v -0.7283 1.8080 -4.9255
v -0.7200 1.8080 -4.9236
v -0.7200 1.8096 -4.9300
v -0.7200 1.8096 -4.9300
v -0.7200 1.8096 -4.9300
v -0.7200 1.8096 -4.9300
v -0.7200 1.8096 -4.9300
v -0.7200 1.8096 -4.9300
v -0.7200 1.8096 -4.9300
v -0.7200 1.8096 -4.9300
v -0.7200 1.8096 -4.9300
v -0.7304 1.7988 -4.9157
v -0.7304 1.7988 -4.9157
v -0.7304 1.7988 -4.9157
v -0.7304 1.7988 -4.9157
v -0.7304 1.7988 -4.9157
v -0.7304 1.7988 -4.9157
v -0.7304 1.7988 -4.9157
v -0.7304 1.7988 -4.9157
v -0.7304 1.7988 -4.9157
v -0.7364 1.8004 -4.9138
v -0.7321 1.8004 -4.9065
v -0.7268 1.8004 -4.9046
v -0.7235 1.8004 -4.9093
v -0.7243 1.8004 -4.9177
v -0.7286 1.8004 -4.9250
v -0.7340 1.8004 -4.9268
v -0.7372 1.8004 -4.9222
v -0.7364 1.8004 -4.9138
v -0.7389 1.8042 -4.9130
v -0.7328 1.8042 -4.9027
v -0.7253 1.8042 -4.9000
v -0.7207 1.8042 -4.9066
v -0.7218 1.8042 -4.9185
v -0.7279 1.8042 -4.9288
v -0.7355 1.8042 -4.9314
v -0.7400 1.8042 -4.9249
v -0.7389 1.8042 -4.9130
v -0.7364 1.8080 -4.9138
v -0.7321 1.8080 -4.9065
v -0.7268 1.8080 -4.9046
v -0.7235 1.8080 -4.9093
v -0.7243 1.8080 -4.9177
v -0.7286 1.8080 -4.9250
v -0.7340 1.8080 -4.9268
v -0.7372 1.8080 -4.9222
v -0.7364 1.8080 -4.9138
v -0.7304 1.8096 -4.9157
v -0.7304 1.8096 -4.9157
v -0.7304 1.8096 -4.9157
v -0.7304 1.8096 -4.9157
v -0.7304 1.8096 -4.9157
v -0.7304 1.8096 -4.9157
v -0.7304 1.8096 -4.9157
v -0.7304 1.8096 -4.9157
v -0.7304 1.8096 -4.9157
v -0.7471 1.7988 -4.9212
v -0.7471 1.7988 -4.9212
v -0.7471 1.7988 -4.9212
v -0.7471 1.7988 -4.9212
v -0.7471 1.7988 -4.9212
v -0.7471 1.7988 -4.9212
v -0.7471 1.7988 -4.9212
v -0.7471 1.7988 -4.9212
v -0.7471 1.7988 -4.9212
v -0.7509 1.8004 -4.9263
v -0.7565 1.8004 -4.9200
v -0.7566 1.8004 -4.9143
v -0.7512 1.8004 -4.9127
v -0.7434 1.8004 -4.9160
v -0.7378 1.8004 -4.9224
v -0.7377 1.8004 -4.9280
v -0.7431 1.8004 -4.9297
v -0.7509 1.8004 -4.9263
v -0.7524 1.8042 -4.9285
v -0.7603 1.8042 -4.9195
v -0.7605 1.8042 -4.9115
v -0.7528 1.8042 -4.9092
v -0.7418 1.8042 -4.9139
v -0.7340 1.8042 -4.9229
v -0.7338 1.8042 -4.9309
v -0.7414 1.8042 -4.9332
v -0.7524 1.8042 -4.9285
v -0.7509 1.8080 -4.9263
v -0.7565 1.8080 -4.9200
v -0.7566 1.8080 -4.9143
v -0.7512 1.8080 -4.9127
v -0.7434 1.8080 -4.9160
v -0.7378 1.8080 -4.9224
v -0.7377 1.8080 -4.9280
v -0.7431 1.8080 -4.9297
v -0.7509 1.8080 -4.9263
v -0.7471 1.8096 -4.9212
v -0.7471 1.8096 -4.9212
v -0.7471 1.8096 -4.9212
v -0.7471 1.8096 -4.9212
v -0.7471 1.8096 -4.9212
v -0.7471 1.8096 -4.9212
v -0.7471 1.8096 -4.9212
v -0.7471 1.8096 -4.9212
v -0.7471 1.8096 -4.9212
v -0.7471 1.7988 -4.9388
v -0.7471 1.7988 -4.9388
v -0.7471 1.7988 -4.9388
v -0.7471 1.7988 -4.9388
v -0.7471 1.7988 -4.9388
v -0.7471 1.7988 -4.9388
v -0.7471 1.7988 -4.9388
v -0.7471 1.7988 -4.9388
v -0.7471 1.7988 -4.9388
v -0.7434 1.8004 -4.9440
v -0.7512 1.8004 -4.9473
v -0.7566 1.8004 -4.9457
v -0.7565 1.8004 -4.9400
v -0.7509 1.8004 -4.9337
v -0.7431 1.8004 -4.9303
v -0.7377 1.8004 -4.9320
v -0.7378 1.8004 -4.9376
v -0.7434 1.8004 -4.9440
v -0.7418 1.8042 -4.9461
v -0.7528 1.8042 -4.9508
v -0.7605 1.8042 -4.9485
v -0.7603 1.8042 -4.9405
v -0.7524 1.8042 -4.9315
v -0.7414 1.8042 -4.9268
v -0.7338 1.8042 -4.9291
v -0.7340 1.8042 -4.9371
v -0.7418 1.8042 -4.9461
v -0.7434 1.8080 -4.9440
v -0.7512 1.8080 -4.9473
v -0.7566 1.8080 -4.9457
v -0.7565 1.8080 -4.9400
v -0.7509 1.8080 -4.9337
v -0.7431 1.8080 -4.9303
v -0.7377 1.8080 -4.9320
v -0.7378 1.8080 -4.9376
v -0.7434 1.8080 -4.9440
v -0.7471 1.8096 -4.9388
v -0.7471 1.8096 -4.9388
v -0.7471 1.8096 -4.9388
v -0.7471 1.8096 -4.9388
v -0.7471 1.8096 -4.9388
v -0.7471 1.8096 -4.9388
v -0.7471 1.8096 -4.9388
v -0.7471 1.8096 -4.9388
v -0.7471 1.8096 -4.9388
v -0.7304 1.7988 -4.9443
v -0.7304 1.7988 -4.9443
v -0.7304 1.7988 -4.9443
v -0.7304 1.7988 -4.9443
v -0.7304 1.7988 -4.9443
v -0.7304 1.7988 -4.9443
v -0.7304 1.7988 -4.9443
v -0.7304 1.7988 -4.9443
v -0.7304 1.7988 -4.9443
v -0.7243 1.8004 -4.9423
v -0.7235 1.8004 -4.9507
v -0.7268 1.8004 -4.9554
v -0.7321 1.8004 -4.9535
v -0.7364 1.8004 -4.9462
v -0.7372 1.8004 -4.9378
v -0.7340 1.8004 -4.9332
v -0.7286 1.8004 -4.9350
v -0.7243 1.8004 -4.9423
v -0.7218 1.8042 -4.9415
v -0.7207 1.8042 -4.9534
v -0.7253 1.8042 -4.9600
v -0.7328 1.8042 -4.9573
v -0.7389 1.8042 -4.9470
v -0.7400 1.8042 -4.9351
v -0.7355 1.8042 -4.9286
v -0.7279 1.8042 -4.9312
v -0.7218 1.8042 -4.9415
v -0.7243 1.8080 -4.9423
v -0.7235 1.8080 -4.9507
v -0.7268 1.8080 -4.9554
v -0.7321 1.8080 -4.9535
v -0.7364 1.8080 -4.9462
v -0.7372 1.8080 -4.9378
v -0.7340 1.8080 -4.9332
v -0.7286 1.8080 -4.9350
v -0.7243 1.8080 -4.9423
v -0.7304 1.8096 -4.9443
v -0.7304 1.8096 -4.9443
v -0.7304 1.8096 -4.9443
v -0.7304 1.8096 -4.9443
v -0.7304 1.8096 -4.9443
v -0.7304 1.8096 -4.9443
v -0.7304 1.8096 -4.9443
v -0.7304 1.8096 -4.9443
v -0.7304 1.8096 -4.9443
v -0.7350 1.7982 -4.9300
v -0.7350 1.7982 -4.9300
v -0.7350 1.7982 -4.9300
v -0.7350 1.7982 -4.9300
v -0.7350 1.7982 -4.9300
v -0.7350 1.7982 -4.9300
v -0.7350 1.7982 -4.9300
v -0.7350 1.7999 -4.9247
v -0.7304 1.7999 -4.9273
v -0.7304 1.7999 -4.9327
v -0.7350 1.7999 -4.9353
v -0.7396 1.7999 -4.9327
v -0.7396 1.7999 -4.9273
v -0.7350 1.7999 -4.9247
v -0.7350 1.8042 -4.9225
v -0.7285 1.8042 -4.9263
v -0.7285 1.8042 -4.9338
v -0.7350 1.8042 -4.9375
v -0.7415 1.8042 -4.9338
v -0.7415 1.8042 -4.9263
v -0.7350 1.8042 -4.9225
v -0.7350 1.8084 -4.9247
v -0.7304 1.8084 -4.9273
v -0.7304 1.8084 -4.9327
v -0.7350 1.8084 -4.9353
v -0.7396 1.8084 -4.9327
v -0.7396 1.8084 -4.9273
v -0.7350 1.8084 -4.9247
v -0.7350 1.8102 -4.9300
v -0.7350 1.8102 -4.9300
v -0.7350 1.8102 -4.9300
v -0.7350 1.8102 -4.9300
v -0.7350 1.8102 -4.9300
v -0.7350 1.8102 -4.9300
v -0.7350 1.8102 -4.9300
v -0.5100 1.7746 -4.9300
v -0.5100 1.7746 -4.9300
v -0.5100 1.7746 -4.9300
v -0.5100 1.7746 -4.9300
v -0.5100 1.7746 -4.9300
v -0.5100 1.7746 -4.9300
v -0.5100 1.7746 -4.9300
v -0.5100 1.7746 -4.9300
v -0.5100 1.7746 -4.9300
v -0.5100 1.7762 -4.9236
v -0.5018 1.7762 -4.9255
v -0.4983 1.7762 -4.9300
v -0.5018 1.7762 -4.9345
v -0.5100 1.7762 -4.9364
v -0.5182 1.7762 -4.9345
v -0.5217 1.7762 -4.9300
v -0.5182 1.7762 -4.9255
v -0.5100 1.7762 -4.9236
v -0.5100 1.7800 -4.9210
v -0.4983 1.7800 -4.9236
v -0.4935 1.7800 -4.9300
v -0.4983 1.7800 -4.9364
v -0.5100 1.7800 -4.9390
v -0.5217 1.7800 -4.9364
v -0.5265 1.7800 -4.9300
v -0.5217 1.7800 -4.9236
v -0.5100 1.7800 -4.9210
v -0.5100 1.7838 -4.9236
v -0.5018 1.7838 -4.9255
v -0.4983 1.7838 -4.9300
v -0.5018 1.7838 -4.9345
v -0.5100 1.7838 -4.9364
v -0.5182 1.7838 -4.9345
v -0.5217 1.7838 -4.9300
v -0.5182 1.7838 -4.9255
v -0.5100 1.7838 -4.9236
v -0.5100 1.7854 -4.9300
v -0.5100 1.7854 -4.9300
v -0.5100 1.7854 -4.9300
v -0.5100 1.7854 -4.9300
v -0.5100 1.7854 -4.9300
v -0.5100 1.7854 -4.9300
v -0.5100 1.7854 -4.9300
v -0.5100 1.7854 -4.9300
v -0.5100 1.7854 -4.9300
v -0.5204 1.7746 -4.9157
v -0.5204 1.7746 -4.9157
v -0.5204 1.7746 -4.9157
v -0.5204 1.7746 -4.9157
v -0.5204 1.7746 -4.9157
v -0.5204 1.7746 -4.9157
v -0.5204 1.7746 -4.9157
v -0.5204 1.7746 -4.9157
v -0.5204 1.7746 -4.9157
v -0.5264 1.7762 -4.9138
v -0.5221 1.7762 -4.9065
v -0.5168 1.7762 -4.9046
v -0.5135 1.7762 -4.9093
v -0.5143 1.7762 -4.9177
v -0.5186 1.7762 -4.9250
v -0.5240 1.7762 -4.9268
v -0.5272 1.7762 -4.9222
v -0.5264 1.7762 -4.9138
v -0.5289 1.7800 -4.9130
v -0.5228 1.7800 -4.9027
v -0.5153 1.7800 -4.9000
v -0.5107 1.7800 -4.9066
v -0.5118 1.7800 -4.9185
v -0.5179 1.7800 -4.9288
v -0.5255 1.7800 -4.9314
v -0.5300 1.7800 -4.9249
v -0.5289 1.7800 -4.9130
v -0.5264 1.7838 -4.9138
v -0.5221 1.7838 -4.9065
v -0.5168 1.7838 -4.9046
v -0.5135 1.7838 -4.9093
v -0.5143 1.7838 -4.9177
v -0.5186 1.7838 -4.9250
v -0.5240 1.7838 -4.9268
v -0.5272 1.7838 -4.9222
v -0.5264 1.7838 -4.9138
v -0.5204 1.7854 -4.9157
v -0.5204 1.7854 -4.9157
v -0.5204 1.7854 -4.9157
v -0.5204 1.7854 -4.9157
v -0.5204 1.7854 -4.9157
v -0.5204 1.7854 -4.9157
v -0.5204 1.7854 -4.9157
v -0.5204 1.7854 -4.9157
v -0.5204 1.7854 -4.9157
v -0.5371 1.7746 -4.9212
v -0.5371 1.7746 -4.9212
v -0.5371 1.7746 -4.9212
v -0.5371 1.7746 -4.9212
v -0.5371 1.7746 -4.9212
v -0.5371 1.7746 -4.9212
v -0.5371 1.7746 -4.9212
v -0.5371 1.7746 -4.9212
v -0.5371 1.7746 -4.9212
v -0.5409 1.7762 -4.9263
v -0.5465 1.7762 -4.9200
v -0.5466 1.7762 -4.9143
v -0.5412 1.7762 -4.9127
v -0.5334 1.7762 -4.9160
v -0.5278 1.7762 -4.9224
v -0.5277 1.7762 -4.9280
v -0.5331 1.7762 -4.9297
v -0.5409 1.7762 -4.9263
v -0.5424 1.7800 -4.9285
v -0.5503 1.7800 -4.9195
v -0.5505 1.7800 -4.9115
v -0.5428 1.7800 -4.9092
v -0.5318 1.7800 -4.9139
v -0.5240 1.7800 -4.9229
v -0.5238 1.7800 -4.9309
v -0.5314 1.7800 -4.9332
v -0.5424 1.7800 -4.9285
v -0.5409 1.7838 -4.9263
v -0.5465 1.7838 -4.9200
v -0.5466 1.7838 -4.9143
v -0.5412 1.7838 -4.9127
v -0.5334 1.7838 -4.9160
v -0.5278 1.7838 -4.9224
v -0.5277 1.7838 -4.9280
v -0.5331 1.7838 -4.9297
v -0.5409 1.7838 -4.9263
v -0.5371 1.7854 -4.9212
v -0.5371 1.7854 -4.9212
v -0.5371 1.7854 -4.9212
v -0.5371 1.7854 -4.9212
v -0.5371 1.7854 -4.9212
v -0.5371 1.7854 -4.9212
v -0.5371 1.7854 -4.9212
v -0.5371 1.7854 -4.9212
v -0.5371 1.7854 -4.9212
v -0.5371 1.7746 -4.9388
v -0.5371 1.7746 -4.9388
v -0.5371 1.7746 -4.9388
v -0.5371 1.7746 -4.9388
v -0.5371 1.7746 -4.9388
v -0.5371 1.7746 -4.9388
v -0.5371 1.7746 -4.9388
v -0.5371 1.7746 -4.9388
v -0.5371 1.7746 -4.9388
v -0.5334 1.7762 -4.9440
v -0.5412 1.7762 -4.9473
v -0.5466 1.7762 -4.9457
v -0.5465 1.7762 -4.9400
v -0.5409 1.7762 -4.9337
v -0.5331 1.7762 -4.9303
v -0.5277 1.7762 -4.9320
v -0.5278 1.7762 -4.9376
v -0.5334 1.7762 -4.9440
v -0.5318 1.7800 -4.9461
v -0.5428 1.7800 -4.9508
v -0.5505 1.7800 -4.9485
v -0.5503 1.7800 -4.9405
v -0.5424 1.7800 -4.9315
v -0.5314 1.7800 -4.9268
v -0.5238 1.7800 -4.9291
v -0.5240 1.7800 -4.9371
v -0.5318 1.7800 -4.9461
v -0.5334 1.7838 -4.9440
v -0.5412 1.7838 -4.9473
v -0.5466 1.7838 -4.9457
v -0.5465 1.7838 -4.9400
v -0.5409 1.7838 -4.9337
v -0.5331 1.7838 -4.9303
v -0.5277 1.7838 -4.9320
v -0.5278 1.7838 -4.9376
v -0.5334 1.7838 -4.9440
v -0.5371 1.7854 -4.9388
v -0.5371 1.7854 -4.9388
v -0.5371 1.7854 -4.9388
v -0.5371 1.7854 -4.9388
v -0.5371 1.7854 -4.9388
v -0.5371 1.7854 -4.9388
v -0.5371 1.7854 -4.9388
v -0.5371 1.7854 -4.9388
v -0.5371 1.7854 -4.9388
v -0.5204 1.7746 -4.9443
v -0.5204 1.7746 -4.9443
v -0.5204 1.7746 -4.9443
v -0.5204 1.7746 -4.9443
v -0.5204 1.7746 -4.9443
v -0.5204 1.7746 -4.9443
v -0.5204 1.7746 -4.9443
v -0.5204 1.7746 -4.9443
v -0.5204 1.7746 -4.9443
v -0.5143 1.7762 -4.9423
v -0.5135 1.7762 -4.9507
v -0.5168 1.7762 -4.9554
v -0.5221 1.7762 -4.9535
v -0.5264 1.7762 -4.9462
v -0.5272 1.7762 -4.9378
v -0.5240 1.7762 -4.9332
v -0.5186 1.7762 -4.9350
v -0.5143 1.7762 -4.9423
v -0.5118 1.7800 -4.9415
v -0.5107 1.7800 -4.9534
v -0.5153 1.7800 -4.9600
v -0.5228 1.7800 -4.9573
v -0.5289 1.7800 -4.9470
v -0.5300 1.7800 -4.9351
v -0.5255 1.7800 -4.9286
v -0.5179 1.7800 -4.9312
v -0.5118 1.7800 -4.9415
v -0.5143 1.7838 -4.9423
v -0.5135 1.7838 -4.9507
v -0.5168 1.7838 -4.9554
v -0.5221 1.7838 -4.9535
v -0.5264 1.7838 -4.9462
v -0.5272 1.7838 -4.9378
v -0.5240 1.7838 -4.9332
v -0.5186 1.7838 -4.9350
v -0.5143 1.7838 -4.9423
v -0.5204 1.7854 -4.9443
v -0.5204 1.7854 -4.9443
v -0.5204 1.7854 -4.9443
v -0.5204 1.7854 -4.9443
v -0.5204 1.7854 -4.9443
v -0.5204 1.7854 -4.9443
v -0.5204 1.7854 -4.9443
v -0.5204 1.7854 -4.9443
v -0.5204 1.7854 -4.9443
v -0.5250 1.7740 -4.9300
v -0.5250 1.7740 -4.9300
v -0.5250 1.7740 -4.9300
v -0.5250 1.7740 -4.9300
v -0.5250 1.7740 -4.9300
v -0.5250 1.7740 -4.9300
v -0.5250 1.7740 -4.9300
v -0.5250 1.7758 -4.9247
v -0.5204 1.7758 -4.9273
v -0.5204 1.7758 -4.9327
v -0.5250 1.7758 -4.9353
v -0.5296 1.7758 -4.9327
v -0.5296 1.7758 -4.9273
v -0.5250 1.7758 -4.9247
v -0.5250 1.7800 -4.9225
v -0.5185 1.7800 -4.9263
v -0.5185 1.7800 -4.9338
v -0.5250 1.7800 -4.9375
v -0.5315 1.7800 -4.9338
v -0.5315 1.7800 -4.9263
v -0.5250 1.7800 -4.9225
v -0.5250 1.7842 -4.9247
v -0.5204 1.7842 -4.9273
v -0.5204 1.7842 -4.9327
v -0.5250 1.7842 -4.9353
v -0.5296 1.7842 -4.9327
v -0.5296 1.7842 -4.9273
v -0.5250 1.7842 -4.9247
v -0.5250 1.7860 -4.9300
v -0.5250 1.7860 -4.9300
v -0.5250 1.7860 -4.9300
v -0.5250 1.7860 -4.9300
v -0.5250 1.7860 -4.9300
v -0.5250 1.7860 -4.9300
v -0.5250 1.7860 -4.9300
v -0.3000 1.7988 -4.9300
v -0.3000 1.7988 -4.9300
v -0.3000 1.7988 -4.9300
v -0.3000 1.7988 -4.9300
v -0.3000 1.7988 -4.9300
v -0.3000 1.7988 -4.9300
v -0.3000 1.7988 -4.9300
v -0.3000 1.7988 -4.9300
v -0.3000 1.7988 -4.9300
v -0.3000 1.8004 -4.9236
v -0.2918 1.8004 -4.9255
v -0.2883 1.8004 -4.9300
v -0.2918 1.8004 -4.9345
v -0.3000 1.8004 -4.9364
v -0.3083 1.8004 -4.9345
v -0.3117 1.8004 -4.9300
v -0.3083 1.8004 -4.9255
v -0.3000 1.8004 -4.9236
v -0.3000 1.8042 -4.9210
v -0.2883 1.8042 -4.9236
v -0.2835 1.8042 -4.9300
v -0.2883 1.8042 -4.9364
v -0.3000 1.8042 -4.9390
v -0.3117 1.8042 -4.9364
v -0.3165 1.8042 -4.9300
v -0.3117 1.8042 -4.9236
v -0.3000 1.8042 -4.9210
v -0.3000 1.8080 -4.9236
v -0.2918 1.8080 -4.9255
v -0.2883 1.8080 -4.9300
v -0.2918 1.8080 -4.9345
v -0.3000 1.8080 -4.9364
v -0.3083 1.8080 -4.9345
v -0.3117 1.8080 -4.9300
v -0.3083 1.8080 -4.9255
v -0.3000 1.8080 -4.9236
v -0.3000 1.8096 -4.9300
v -0.3000 1.8096 -4.9300
v -0.3000 1.8096 -4.9300
v -0.3000 1.8096 -4.9300
v -0.3000 1.8096 -4.9300
v -0.3000 1.8096 -4.9300
v -0.3000 1.8096 -4.9300
v -0.3000 1.8096 -4.9300
v -0.3000 1.8096 -4.9300
v -0.3104 1.7988 -4.9157
v -0.3104 1.7988 -4.9157
v -0.3104 1.7988 -4.9157
v -0.3104 1.7988 -4.9157
v -0.3104 1.7988 -4.9157
v -0.3104 1.7988 -4.9157
v -0.3104 1.7988 -4.9157
v -0.3104 1.7988 -4.9157
v -0.3104 1.7988 -4.9157
v -0.3164 1.8004 -4.9138
v -0.3121 1.8004 -4.9065
v -0.3068 1.8004 -4.9046
v -0.3035 1.8004 -4.9093
v -0.3043 1.8004 -4.9177
v -0.3086 1.8004 -4.9250
v -0.3140 1.8004 -4.9268
v -0.3172 1.8004 -4.9222
v -0.3164 1.8004 -4.9138
v -0.3189 1.8042 -4.9130
v -0.3128 1.8042 -4.9027
v -0.3053 1.8042 -4.9000
v -0.3007 1.8042 -4.9066
v -0.3018 1.8042 -4.9185
v -0.3079 1.8042 -4.9288
v -0.3155 1.8042 -4.9314
v -0.3200 1.8042 -4.9249
v -0.3189 1.8042 -4.9130
v -0.3164 1.8080 -4.9138
v -0.3121 1.8080 -4.9065
v -0.3068 1.8080 -4.9046
v -0.3035 1.8080 -4.9093
v -0.3043 1.8080 -4.9177
v -0.3086 1.8080 -4.9250
v -0.3140 1.8080 -4.9268
v -0.3172 1.8080 -4.9222
v -0.3164 1.8080 -4.9138
v -0.3104 1.8096 -4.9157
v -0.3104 1.8096 -4.9157
v -0.3104 1.8096 -4.9157
v -0.3104 1.8096 -4.9157
v -0.3104 1.8096 -4.9157
v -0.3104 1.8096 -4.9157
v -0.3104 1.8096 -4.9157
v -0.3104 1.8096 -4.9157
v -0.3104 1.8096 -4.9157
v -0.3271 1.7988 -4.9212
v -0.3271 1.7988 -4.9212
v -0.3271 1.7988 -4.9212
v -0.3271 1.7988 -4.9212
v -0.3271 1.7988 -4.9212
v -0.3271 1.7988 -4.9212
v -0.3271 1.7988 -4.9212
v -0.3271 1.7988 -4.9212
v -0.3271 1.7988 -4.9212
v -0.3309 1.8004 -4.9263
v -0.3365 1.8004 -4.9200
v -0.3366 1.8004 -4.9143
v -0.3312 1.8004 -4.9127
v -0.3234 1.8004 -4.9160
v -0.3178 1.8004 -4.9224
v -0.3177 1.8004 -4.9280
v -0.3231 1.8004 -4.9297
v -0.3309 1.8004 -4.9263
v -0.3324 1.8042 -4.9285
v -0.3403 1.8042 -4.9195
v -0.3405 1.8042 -4.9115
v -0.3328 1.8042 -4.9092
v -0.3218 1.8042 -4.9139
v -0.3140 1.8042 -4.9229
v -0.3138 1.8042 -4.9309
v -0.3214 1.8042 -4.9332
v -0.3324 1.8042 -4.9285
v -0.3309 1.8080 -4.9263
v -0.3365 1.8080 -4.9200
v -0.3366 1.8080 -4.9143
v -0.3312 1.8080 -4.9127
v -0.3234 1.8080 -4.9160
v -0.3178 1.8080 -4.9224
v -0.3177 1.8080 -4.9280
v -0.3231 1.8080 -4.9297
v -0.3309 1.8080 -4.9263
v -0.3271 1.8096 -4.9212
v -0.3271 1.8096 -4.9212
v -0.3271 1.8096 -4.9212
v -0.3271 1.8096 -4.9212
v -0.3271 1.8096 -4.9212
v -0.3271 1.8096 -4.9212
v -0.3271 1.8096 -4.9212
v -0.3271 1.8096 -4.9212
v -0.3271 1.8096 -4.9212
v -0.3271 1.7988 -4.9388
v -0.3271 1.7988 -4.9388
v -0.3271 1.7988 -4.9388
v -0.3271 1.7988 -4.9388
v -0.3271 1.7988 -4.9388
v -0.3271 1.7988 -4.9388
v -0.3271 1.7988 -4.9388
v -0.3271 1.7988 -4.9388
v -0.3271 1.7988 -4.9388
v -0.3234 1.8004 -4.9440
v -0.3312 1.8004 -4.9473
v -0.3366 1.8004 -4.9457
v -0.3365 1.8004 -4.9400
v -0.3309 1.8004 -4.9337
v -0.3231 1.8004 -4.9303
v -0.3177 1.8004 -4.9320
v -0.3178 1.8004 -4.9376
v -0.3234 1.8004 -4.9440
v -0.3218 1.8042 -4.9461
v -0.3328 1.8042 -4.9508
v -0.3405 1.8042 -4.9485
v -0.3403 1.8042 -4.9405
v -0.3324 1.8042 -4.9315
v -0.3214 1.8042 -4.9268
v -0.3138 1.8042 -4.9291
v -0.3140 1.8042 -4.9371
v -0.3218 1.8042 -4.9461
v -0.3234 1.8080 -4.9440
v -0.3312 1.8080 -4.9473
v -0.3366 1.8080 -4.9457
v -0.3365 1.8080 -4.9400
v -0.3309 1.8080 -4.9337
v -0.3231 1.8080 -4.9303
v -0.3177 1.8080 -4.9320
v -0.3178 1.8080 -4.9376
v -0.3234 1.8080 -4.9440
v -0.3271 1.8096 -4.9388
v -0.3271 1.8096 -4.9388
v -0.3271 1.8096 -4.9388
v -0.3271 1.8096 -4.9388
v -0.3271 1.8096 -4.9388
v -0.3271 1.8096 -4.9388
v -0.3271 1.8096 -4.9388
v -0.3271 1.8096 -4.9388
v -0.3271 1.8096 -4.9388
v -0.3104 1.7988 -4.9443
v -0.3104 1.7988 -4.9443
v -0.3104 1.7988 -4.9443
v -0.3104 1.7988 -4.9443
v -0.3104 1.7988 -4.9443
v -0.3104 1.7988 -4.9443
v -0.3104 1.7988 -4.9443
v -0.3104 1.7988 -4.9443
v -0.3104 1.7988 -4.9443
v -0.3043 1.8004 -4.9423
v -0.3035 1.8004 -4.9507
v -0.3068 1.8004 -4.9554
v -0.3121 1.8004 -4.9535
v -0.3164 1.8004 -4.9462
v -0.3172 1.8004 -4.9378
v -0.3140 1.8004 -4.9332
v -0.3086 1.8004 -4.9350
v -0.3043 1.8004 -4.9423
v -0.3018 1.8042 -4.9415
v -0.3007 1.8042 -4.9534
v -0.3053 1.8042 -4.9600
v -0.3128 1.8042 -4.9573
v -0.3189 1.8042 -4.9470
v -0.3200 1.8042 -4.9351
v -0.3155 1.8042 -4.9286
v -0.3079 1.8042 -4.9312
v -0.3018 1.8042 -4.9415
v -0.3043 1.8080 -4.9423
v -0.3035 1.8080 -4.9507
v -0.3068 1.8080 -4.9554
v -0.3121 1.8080 -4.9535
v -0.3164 1.8080 -4.9462
v -0.3172 1.8080 -4.9378
v -0.3140 1.8080 -4.9332
v -0.3086 1.8080 -4.9350
v -0.3043 1.8080 -4.9423
v -0.3104 1.8096 -4.9443
v -0.3104 1.8096 -4.9443
v -0.3104 1.8096 -4.9443
v -0.3104 1.8096 -4.9443
v -0.3104 1.8096 -4.9443
v -0.3104 1.8096 -4.9443
v -0.3104 1.8096 -4.9443
v -0.3104 1.8096 -4.9443
v -0.3104 1.8096 -4.9443
v -0.3150 1.7982 -4.9300
v -0.3150 1.7982 -4.9300
v -0.3150 1.7982 -4.9300
v -0.3150 1.7982 -4.9300
v -0.3150 1.7982 -4.9300
v -0.3150 1.7982 -4.9300
v -0.3150 1.7982 -4.9300
v -0.3150 1.7999 -4.9247
v -0.3104 1.7999 -4.9273
v -0.3104 1.7999 -4.9327
v -0.3150 1.7999 -4.9353
v -0.3196 1.7999 -4.9327
v -0.3196 1.7999 -4.9273
v -0.3150 1.7999 -4.9247
v -0.3150 1.8042 -4.9225
v -0.3085 1.8042 -4.9263
v -0.3085 1.8042 -4.9338
v -0.3150 1.8042 -4.9375
v -0.3215 1.8042 -4.9338
v -0.3215 1.8042 -4.9263
v -0.3150 1.8042 -4.9225
v -0.3150 1.8084 -4.9247
v -0.3104 1.8084 -4.9273
v -0.3104 1.8084 -4.9327
v -0.3150 1.8084 -4.9353
v -0.3196 1.8084 -4.9327
v -0.3196 1.8084 -4.9273
v -0.3150 1.8084 -4.9247
v -0.3150 1.8102 -4.9300
v -0.3150 1.8102 -4.9300
v -0.3150 1.8102 -4.9300
v -0.3150 1.8102 -4.9300
v -0.3150 1.8102 -4.9300
v -0.3150 1.8102 -4.9300
v -0.3150 1.8102 -4.9300
v -0.0900 1.8379 -4.9300
v -0.0900 1.8379 -4.9300
v -0.0900 1.8379 -4.9300
v -0.0900 1.8379 -4.9300
v -0.0900 1.8379 -4.9300
v -0.0900 1.8379 -4.9300
v -0.0900 1.8379 -4.9300
v -0.0900 1.8379 -4.9300
v -0.0900 1.8379 -4.9300
v -0.0900 1.8395 -4.9236
v -0.0817 1.8395 -4.9255
v -0.0783 1.8395 -4.9300
v -0.0817 1.8395 -4.9345
v -0.0900 1.8395 -4.9364
v -0.0982 1.8395 -4.9345
v -0.1017 1.8395 -4.9300
v -0.0982 1.8395 -4.9255
v -0.0900 1.8395 -4.9236
v -0.0900 1.8433 -4.9210
v -0.0783 1.8433 -4.9236
v -0.0735 1.8433 -4.9300
v -0.0783 1.8433 -4.9364
v -0.0900 1.8433 -4.9390
v -0.1017 1.8433 -4.9364
v -0.1065 1.8433 -4.9300
v -0.1017 1.8433 -4.9236
v -0.0900 1.8433 -4.9210
v -0.0900 1.8471 -4.9236
v -0.0817 1.8471 -4.9255
v -0.0783 1.8471 -4.9300
v -0.0817 1.8471 -4.9345
v -0.0900 1.8471 -4.9364
v -0.0982 1.8471 -4.9345
v -0.1017 1.8471 -4.9300
v -0.0982 1.8471 -4.9255
v -0.0900 1.8471 -4.9236
v -0.0900 1.8487 -4.9300
v -0.0900 1.8487 -4.9300
v -0.0900 1.8487 -4.9300
v -0.0900 1.8487 -4.9300
v -0.0900 1.8487 -4.9300
v -0.0900 1.8487 -4.9300
v -0.0900 1.8487 -4.9300
v -0.0900 1.8487 -4.9300
v -0.0900 1.8487 -4.9300
v -0.1004 1.8379 -4.9157
v -0.1004 1.8379 -4.9157
v -0.1004 1.8379 -4.9157
v -0.1004 1.8379 -4.9157
v -0.1004 1.8379 -4.9157
v -0.1004 1.8379 -4.9157
v -0.1004 1.8379 -4.9157
v -0.1004 1.8379 -4.9157
v -0.1004 1.8379 -4.9157
v -0.1064 1.8395 -4.9138
v -0.1021 1.8395 -4.9065
v -0.0968 1.8395 -4.9046
v -0.0935 1.8395 -4.9093
v -0.0943 1.8395 -4.9177
v -0.0986 1.8395 -4.9250
v -0.1040 1.8395 -4.9268
v -0.1072 1.8395 -4.9222
v -0.1064 1.8395 -4.9138
v -0.1089 1.8433 -4.9130
v -0.1028 1.8433 -4.9027
v -0.0953 1.8433 -4.9000
v -0.0907 1.8433 -4.9066
v -0.0918 1.8433 -4.9185
v -0.0979 1.8433 -4.9288
v -0.1055 1.8433 -4.9314
v -0.1100 1.8433 -4.9249
v -0.1089 1.8433 -4.9130
v -0.1064 1.8471 -4.9138
v -0.1021 1.8471 -4.9065
v -0.0968 1.8471 -4.9046
v -0.0935 1.8471 -4.9093
v -0.0943 1.8471 -4.9177
v -0.0986 1.8471 -4.9250
v -0.1040 1.8471 -4.9268
v -0.1072 1.8471 -4.9222
v -0.1064 1.8471 -4.9138
v -0.1004 1.8487 -4.9157
v -0.1004 1.8487 -4.9157
v -0.1004 1.8487 -4.9157
v -0.1004 1.8487 -4.9157
v -0.1004 1.8487 -4.9157
v -0.1004 1.8487 -4.9157
v -0.1004 1.8487 -4.9157
v -0.1004 1.8487 -4.9157
v -0.1004 1.8487 -4.9157
v -0.1171 1.8379 -4.9212
v -0.1171 1.8379 -4.9212
v -0.1171 1.8379 -4.9212
v -0.1171 1.8379 -4.9212
v -0.1171 1.8379 -4.9212
v -0.1171 1.8379 -4.9212
v -0.1171 1.8379 -4.9212
v -0.1171 1.8379 -4.9212
v -0.1171 1.8379 -4.9212
v -0.1209 1.8395 -4.9263
v -0.1265 1.8395 -4.9200
v -0.1266 1.8395 -4.9143
v -0.1212 1.8395 -4.9127
v -0.1134 1.8395 -4.9160
v -0.1078 1.8395 -4.9224
v -0.1077 1.8395 -4.9280
v -0.1131 1.8395 -4.9297
v -0.1209 1.8395 -4.9263
v -0.1224 1.8433 -4.9285
v -0.1303 1.8433 -4.9195
v -0.1305 1.8433 -4.9115
v -0.1228 1.8433 -4.9092
v -0.1118 1.8433 -4.9139
v -0.1040 1.8433 -4.9229
v -0.1038 1.8433 -4.9309
v -0.1114 1.8433 -4.9332
v -0.1224 1.8433 -4.9285
v -0.1209 1.8471 -4.9263
v -0.1265 1.8471 -4.9200
v -0.1266 1.8471 -4.9143
v -0.1212 1.8471 -4.9127
v -0.1134 1.8471 -4.9160
v -0.1078 1.8471 -4.9224
v -0.1077 1.8471 -4.9280
v -0.1131 1.8471 -4.9297
v -0.1209 1.8471 -4.9263
v -0.1171 1.8487 -4.9212
v -0.1171 1.8487 -4.9212
v -0.1171 1.8487 -4.9212
v -0.1171 1.8487 -4.9212
v -0.1171 1.8487 -4.9212
v -0.1171 1.8487 -4.9212
v -0.1171 1.8487 -4.9212
v -0.1171 1.8487 -4.9212
v -0.1171 1.8487 -4.9212
v -0.1171 1.8379 -4.9388
v -0.1171 1.8379 -4.9388
v -0.1171 1.8379 -4.9388
v -0.1171 1.8379 -4.9388
v -0.1171 1.8379 -4.9388
v -0.1171 1.8379 -4.9388
v -0.1171 1.8379 -4.9388
v -0.1171 1.8379 -4.9388
v -0.1171 1.8379 -4.9388
v -0.1134 1.8395 -4.9440
v -0.1212 1.8395 -4.9473
v -0.1266 1.8395 -4.9457
v -0.1265 1.8395 -4.9400
v -0.1209 1.8395 -4.9337
v -0.1131 1.8395 -4.9303
v -0.1077 1.8395 -4.9320
v -0.1078 1.8395 -4.9376
v -0.1134 1.8395 -4.9440
v -0.1118 1.8433 -4.9461
v -0.1228 1.8433 -4.9508
v -0.1305 1.8433 -4.9485
v -0.1303 1.8433 -4.9405
v -0.1224 1.8433 -4.9315
v -0.1114 1.8433 -4.9268
v -0.1038 1.8433 -4.9291
v -0.1040 1.8433 -4.9371
v -0.1118 1.8433 -4.9461
v -0.1134 1.8471 -4.9440
v -0.1212 1.8471 -4.9473
v -0.1266 1.8471 -4.9457
v -0.1265 1.8471 -4.9400
v -0.1209 1.8471 -4.9337
v -0.1131 1.8471 -4.9303
v -0.1077 1.8471 -4.9320
v -0.1078 1.8471 -4.9376
v -0.1134 1.8471 -4.9440
v -0.1171 1.8487 -4.9388
v -0.1171 1.8487 -4.9388
v -0.1171 1.8487 -4.9388
v -0.1171 1.8487 -4.9388
v -0.1171 1.8487 -4.9388
v -0.1171 1.8487 -4.9388
v -0.1171 1.8487 -4.9388
v -0.1171 1.8487 -4.9388
v -0.1171 1.8487 -4.9388
v -0.1004 1.8379 -4.9443
v -0.1004 1.8379 -4.9443
v -0.1004 1.8379 -4.9443
v -0.1004 1.8379 -4.9443
v -0.1004 1.8379 -4.9443
v -0.1004 1.8379 -4.9443
v -0.1004 1.8379 -4.9443
v -0.1004 1.8379 -4.9443
v -0.1004 1.8379 -4.9443
v -0.0943 1.8395 -4.9423
v -0.0935 1.8395 -4.9507
v -0.0968 1.8395 -4.9554
v -0.1021 1.8395 -4.9535
v -0.1064 1.8395 -4.9462
v -0.1072 1.8395 -4.9378
v -0.1040 1.8395 -4.9332
v -0.0986 1.8395 -4.9350
v -0.0943 1.8395 -4.9423
v -0.0918 1.8433 -4.9415
v -0.0907 1.8433 -4.9534
v -0.0953 1.8433 -4.9600
v -0.1028 1.8433 -4.9573
v -0.1089 1.8433 -4.9470
v -0.1100 1.8433 -4.9351
v -0.1055 1.8433 -4.9286
v -0.0979 1.8433 -4.9312
v -0.0918 1.8433 -4.9415
v -0.0943 1.8471 -4.9423
v -0.0935 1.8471 -4.9507
v -0.0968 1.8471 -4.9554
v -0.1021 1.8471 -4.9535
v -0.1064 1.8471 -4.9462
v -0.1072 1.8471 -4.9378
v -0.1040 1.8471 -4.9332
v -0.0986 1.8471 -4.9350
v -0.0943 1.8471 -4.9423
v -0.1004 1.8487 -4.9443
v -0.1004 1.8487 -4.9443
v -0.1004 1.8487 -4.9443
v -0.1004 1.8487 -4.9443
v -0.1004 1.8487 -4.9443
v -0.1004 1.8487 -4.9443
v -0.1004 1.8487 -4.9443
v -0.1004 1.8487 -4.9443
v -0.1004 1.8487 -4.9443
v -0.1050 1.8373 -4.9300
v -0.1050 1.8373 -4.9300
v -0.1050 1.8373 -4.9300
v -0.1050 1.8373 -4.9300
v -0.1050 1.8373 -4.9300
v -0.1050 1.8373 -4.9300
v -0.1050 1.8373 -4.9300
v -0.1050 1.8391 -4.9247
v -0.1004 1.8391 -4.9273
v -0.1004 1.8391 -4.9327
v -0.1050 1.8391 -4.9353
v -0.1096 1.8391 -4.9327
v -0.1096 1.8391 -4.9273
v -0.1050 1.8391 -4.9247
v -0.1050 1.8433 -4.9225
v -0.0985 1.8433 -4.9263
v -0.0985 1.8433 -4.9338
v -0.1050 1.8433 -4.9375
v -0.1115 1.8433 -4.9338
v -0.1115 1.8433 -4.9263
v -0.1050 1.8433 -4.9225
v -0.1050 1.8476 -4.9247
v -0.1004 1.8476 -4.9273
v -0.1004 1.8476 -4.9327
v -0.1050 1.8476 -4.9353
v -0.1096 1.8476 -4.9327
v -0.1096 1.8476 -4.9273
v -0.1050 1.8476 -4.9247
v -0.1050 1.8493 -4.9300
v -0.1050 1.8493 -4.9300
v -0.1050 1.8493 -4.9300
v -0.1050 1.8493 -4.9300
v -0.1050 1.8493 -4.9300
v -0.1050 1.8493 -4.9300
v -0.1050 1.8493 -4.9300
v 0.1200 1.8379 -4.9300
v 0.1200 1.8379 -4.9300
v 0.1200 1.8379 -4.9300
v 0.1200 1.8379 -4.9300
v 0.1200 1.8379 -4.9300
v 0.1200 1.8379 -4.9300
v 0.1200 1.8379 -4.9300
v 0.1200 1.8379 -4.9300
v 0.1200 1.8379 -4.9300
v 0.1200 1.8395 -4.9236
v 0.1283 1.8395 -4.9255
v 0.1317 1.8395 -4.9300
v 0.1283 1.8395 -4.9345
v 0.1200 1.8395 -4.9364
v 0.1118 1.8395 -4.9345
v 0.1083 1.8395 -4.9300
v 0.1118 1.8395 -4.9255
v 0.1200 1.8395 -4.9236
v 0.1200 1.8433 -4.9210
v 0.1317 1.8433 -4.9236
v 0.1365 1.8433 -4.9300
v 0.1317 1.8433 -4.9364
v 0.1200 1.8433 -4.9390
v 0.1083 1.8433 -4.9364
v 0.1035 1.8433 -4.9300
v 0.1083 1.8433 -4.9236
v 0.1200 1.8433 -4.9210
v 0.1200 1.8471 -4.9236
v 0.1283 1.8471 -4.9255
v 0.1317 1.8471 -4.9300
v 0.1283 1.8471 -4.9345
v 0.1200 1.8471 -4.9364
v 0.1118 1.8471 -4.9345
v 0.1083 1.8471 -4.9300
v 0.1118 1.8471 -4.9255
v 0.1200 1.8471 -4.9236
v 0.1200 1.8487 -4.9300
v 0.1200 1.8487 -4.9300
v 0.1200 1.8487 -4.9300
v 0.1200 1.8487 -4.9300
v 0.1200 1.8487 -4.9300
v 0.1200 1.8487 -4.9300
v 0.1200 1.8487 -4.9300
v 0.1200 1.8487 -4.9300
v 0.1200 1.8487 -4.9300
v 0.1096 1.8379 -4.9157
v 0.1096 1.8379 -4.9157
v 0.1096 1.8379 -4.9157
v 0.1096 1.8379 -4.9157
v 0.1096 1.8379 -4.9157
v 0.1096 1.8379 -4.9157
v 0.1096 1.8379 -4.9157
v 0.1096 1.8379 -4.9157
v 0.1096 1.8379 -4.9157
v 0.1036 1.8395 -4.9138
v 0.1079 1.8395 -4.9065
v 0.1132 1.8395 -4.9046
v 0.1165 1.8395 -4.9093
v 0.1157 1.8395 -4.9177
v 0.1114 1.8395 -4.9250
v 0.1060 1.8395 -4.9268
v 0.1028 1.8395 -4.9222
v 0.1036 1.8395 -4.9138
v 0.1011 1.8433 -4.9130
v 0.1072 1.8433 -4.9027
v 0.1147 1.8433 -4.9000
v 0.1193 1.8433 -4.9066
v 0.1182 1.8433 -4.9185
v 0.1121 1.8433 -4.9288
v 0.1045 1.8433 -4.9314
v 0.1000 1.8433 -4.9249
v 0.1011 1.8433 -4.9130
v 0.1036 1.8471 -4.9138
v 0.1079 1.8471 -4.9065
v 0.1132 1.8471 -4.9046
v 0.1165 1.8471 -4.9093
v 0.1157 1.8471 -4.9177
v 0.1114 1.8471 -4.9250
v 0.1060 1.8471 -4.9268
v 0.1028 1.8471 -4.9222
v 0.1036 1.8471 -4.9138
v 0.1096 1.8487 -4.9157
v 0.1096 1.8487 -4.9157
v 0.1096 1.8487 -4.9157
v 0.1096 1.8487 -4.9157
v 0.1096 1.8487 -4.9157
v 0.1096 1.8487 -4.9157
v 0.1096 1.8487 -4.9157
v 0.1096 1.8487 -4.9157
v 0.1096 1.8487 -4.9157
v 0.0929 1.8379 -4.9212
v 0.0929 1.8379 -4.9212
v 0.0929 1.8379 -4.9212
v 0.0929 1.8379 -4.9212
v 0.0929 1.8379 -4.9212
v 0.0929 1.8379 -4.9212
v 0.0929 1.8379 -4.9212
v 0.0929 1.8379 -4.9212
v 0.0929 1.8379 -4.9212
v 0.0891 1.8395 -4.9263
v 0.0835 1.8395 -4.9200
v 0.0834 1.8395 -4.9143
v 0.0888 1.8395 -4.9127
v 0.0966 1.8395 -4.9160
v 0.1022 1.8395 -4.9224
v 0.1023 1.8395 -4.9280
v 0.0969 1.8395 -4.9297
v 0.0891 1.8395 -4.9263
v 0.0876 1.8433 -4.9285
v 0.0797 1.8433 -4.9195
v 0.0795 1.8433 -4.9115
v 0.0872 1.8433 -4.9092
v 0.0982 1.8433 -4.9139
v 0.1060 1.8433 -4.9229
v 0.1062 1.8433 -4.9309
v 0.0986 1.8433 -4.9332
v 0.0876 1.8433 -4.9285
v 0.0891 1.8471 -4.9263
v 0.0835 1.8471 -4.9200
v 0.0834 1.8471 -4.9143
v 0.0888 1.8471 -4.9127
v 0.0966 1.8471 -4.9160
v 0.1022 1.8471 -4.9224
v 0.1023 1.8471 -4.9280
v 0.0969 1.8471 -4.9297
v 0.0891 1.8471 -4.9263
v 0.0929 1.8487 -4.9212
v 0.0929 1.8487 -4.9212
v 0.0929 1.8487 -4.9212
v 0.0929 1.8487 -4.9212
v 0.0929 1.8487 -4.9212
v 0.0929 1.8487 -4.9212
v 0.0929 1.8487 -4.9212
v 0.0929 1.8487 -4.9212
v 0.0929 1.8487 -4.9212
v 0.0929 1.8379 -4.9388
v 0.0929 1.8379 -4.9388
v 0.0929 1.8379 -4.9388
v 0.0929 1.8379 -4.9388
v 0.0929 1.8379 -4.9388
v 0.0929 1.8379 -4.9388
v 0.0929 1.8379 -4.9388
v 0.0929 1.8379 -4.9388
v 0.0929 1.8379 -4.9388
v 0.0966 1.8395 -4.9440
v 0.0888 1.8395 -4.9473
v 0.0834 1.8395 -4.9457
v 0.0835 1.8395 -4.9400
v 0.0891 1.8395 -4.9337
v 0.0969 1.8395 -4.9303
v 0.1023 1.8395 -4.9320
v 0.1022 1.8395 -4.9376
v 0.0966 1.8395 -4.9440
v 0.0982 1.8433 -4.9461
v 0.0872 1.8433 -4.9508
v 0.0795 1.8433 -4.9485
v 0.0797 1.8433 -4.9405
v 0.0876 1.8433 -4.9315
v 0.0986 1.8433 -4.9268
v 0.1062 1.8433 -4.9291
v 0.1060 1.8433 -4.9371
v 0.0982 1.8433 -4.9461
v 0.0966 1.8471 -4.9440
v 0.0888 1.8471 -4.9473
v 0.0834 1.8471 -4.9457
v 0.0835 1.8471 -4.9400
v 0.0891 1.8471 -4.9337
v 0.0969 1.8471 -4.9303
v 0.1023 1.8471 -4.9320
v 0.1022 1.8471 -4.9376
v 0.0966 1.8471 -4.9440
v 0.0929 1.8487 -4.9388
v 0.0929 1.8487 -4.9388
v 0.0929 1.8487 -4.9388
v 0.0929 1.8487 -4.9388
v 0.0929 1.8487 -4.9388
v 0.0929 1.8487 -4.9388
v 0.0929 1.8487 -4.9388
v 0.0929 1.8487 -4.9388
v 0.0929 1.8487 -4.9388
v 0.1096 1.8379 -4.9443
v 0.1096 1.8379 -4.9443
v 0.1096 1.8379 -4.9443
v 0.1096 1.8379 -4.9443
v 0.1096 1.8379 -4.9443
v 0.1096 1.8379 -4.9443
v 0.1096 1.8379 -4.9443
v 0.1096 1.8379 -4.9443
v 0.1096 1.8379 -4.9443
v 0.1157 1.8395 -4.9423
v 0.1165 1.8395 -4.9507
v 0.1132 1.8395 -4.9554
v 0.1079 1.8395 -4.9535
v 0.1036 1.8395 -4.9462
v 0.1028 1.8395 -4.9378
v 0.1060 1.8395 -4.9332
v 0.1114 1.8395 -4.9350
v 0.1157 1.8395 -4.9423
v 0.1182 1.8433 -4.9415
v 0.1193 1.8433 -4.9534
v 0.1147 1.8433 -4.9600
v 0.1072 1.8433 -4.9573
v 0.1011 1.8433 -4.9470
v 0.1000 1.8433 -4.9351
v 0.1045 1.8433 -4.9286
v 0.1121 1.8433 -4.9312
v 0.1182 1.8433 -4.9415
v 0.1157 1.8471 -4.9423
v 0.1165 1.8471 -4.9507
v 0.1132 1.8471 -4.9554
v 0.1079 1.8471 -4.9535
v 0.1036 1.8471 -4.9462
v 0.1028 1.8471 -4.9378
v 0.1060 1.8471 -4.9332
v 0.1114 1.8471 -4.9350
v 0.1157 1.8471 -4.9423
v 0.1096 1.8487 -4.9443
v 0.1096 1.8487 -4.9443
v 0.1096 1.8487 -4.9443
v 0.1096 1.8487 -4.9443
v 0.1096 1.8487 -4.9443
v 0.1096 1.8487 -4.9443
v 0.1096 1.8487 -4.9443
v 0.1096 1.8487 -4.9443
v 0.1096 1.8487 -4.9443
v 0.1050 1.8373 -4.9300
v 0.1050 1.8373 -4.9300
v 0.1050 1.8373 -4.9300
v 0.1050 1.8373 -4.9300
v 0.1050 1.8373 -4.9300
v 0.1050 1.8373 -4.9300
v 0.1050 1.8373 -4.9300
v 0.1050 1.8391 -4.9247
v 0.1096 1.8391 -4.9273
v 0.1096 1.8391 -4.9327
v 0.1050 1.8391 -4.9353
v 0.1004 1.8391 -4.9327
v 0.1004 1.8391 -4.9273
v 0.1050 1.8391 -4.9247
v 0.1050 1.8433 -4.9225
v 0.1115 1.8433 -4.9263
v 0.1115 1.8433 -4.9338
v 0.1050 1.8433 -4.9375
v 0.0985 1.8433 -4.9338
v 0.0985 1.8433 -4.9263
v 0.1050 1.8433 -4.9225
v 0.1050 1.8476 -4.9247
v 0.1096 1.8476 -4.9273
v 0.1096 1.8476 -4.9327
v 0.1050 1.8476 -4.9353
v 0.1004 1.8476 -4.9327
v 0.1004 1.8476 -4.9273
v 0.1050 1.8476 -4.9247
v 0.1050 1.8493 -4.9300
v 0.1050 1.8493 -4.9300
v 0.1050 1.8493 -4.9300
v 0.1050 1.8493 -4.9300
v 0.1050 1.8493 -4.9300
v 0.1050 1.8493 -4.9300
v 0.1050 1.8493 -4.9300
v 0.3300 1.7988 -4.9300
v 0.3300 1.7988 -4.9300
v 0.3300 1.7988 -4.9300
v 0.3300 1.7988 -4.9300
v 0.3300 1.7988 -4.9300
v 0.3300 1.7988 -4.9300
v 0.3300 1.7988 -4.9300
v 0.3300 1.7988 -4.9300
v 0.3300 1.7988 -4.9300
v 0.3300 1.8004 -4.9236
v 0.3383 1.8004 -4.9255
v 0.3417 1.8004 -4.9300
v 0.3383 1.8004 -4.9345
v 0.3300 1.8004 -4.9364
v 0.3218 1.8004 -4.9345
v 0.3183 1.8004 -4.9300
v 0.3218 1.8004 -4.9255
v 0.3300 1.8004 -4.9236
v 0.3300 1.8042 -4.9210
v 0.3417 1.8042 -4.9236
v 0.3465 1.8042 -4.9300
v 0.3417 1.8042 -4.9364
v 0.3300 1.8042 -4.9390
v 0.3183 1.8042 -4.9364
v 0.3135 1.8042 -4.9300
v 0.3183 1.8042 -4.9236
v 0.3300 1.8042 -4.9210
v 0.3300 1.8080 -4.9236
v 0.3383 1.8080 -4.9255
v 0.3417 1.8080 -4.9300
v 0.3383 1.8080 -4.9345
v 0.3300 1.8080 -4.9364
v 0.3218 1.8080 -4.9345
v 0.3183 1.8080 -4.9300
v 0.3218 1.8080 -4.9255
v 0.3300 1.8080 -4.9236
v 0.3300 1.8096 -4.9300
v 0.3300 1.8096 -4.9300
v 0.3300 1.8096 -4.9300
v 0.3300 1.8096 -4.9300
v 0.3300 1.8096 -4.9300
v 0.3300 1.8096 -4.9300
v 0.3300 1.8096 -4.9300
v 0.3300 1.8096 -4.9300
v 0.3300 1.8096 -4.9300
v 0.3196 1.7988 -4.9157
v 0.3196 1.7988 -4.9157
v 0.3196 1.7988 -4.9157
v 0.3196 1.7988 -4.9157
v 0.3196 1.7988 -4.9157
v 0.3196 1.7988 -4.9157
v 0.3196 1.7988 -4.9157
v 0.3196 1.7988 -4.9157
v 0.3196 1.7988 -4.9157
v 0.3136 1.8004 -4.9138
v 0.3179 1.8004 -4.9065
v 0.3232 1.8004 -4.9046
v 0.3265 1.8004 -4.9093
v 0.3257 1.8004 -4.9177
v 0.3214 1.8004 -4.9250
v 0.3160 1.8004 -4.9268
v 0.3128 1.8004 -4.9222
v 0.3136 1.8004 -4.9138
v 0.3111 1.8042 -4.9130
v 0.3172 1.8042 -4.9027
v 0.3247 1.8042 -4.9000
v 0.3293 1.8042 -4.9066
v 0.3282 1.8042 -4.9185
v 0.3221 1.8042 -4.9288
v 0.3145 1.8042 -4.9314
v 0.3100 1.8042 -4.9249
v 0.3111 1.8042 -4.9130
v 0.3136 1.8080 -4.9138
v 0.3179 1.8080 -4.9065
v 0.3232 1.8080 -4.9046
v 0.3265 1.8080 -4.9093
v 0.3257 1.8080 -4.9177
v 0.3214 1.8080 -4.9250
v 0.3160 1.8080 -4.9268
v 0.3128 1.8080 -4.9222
v 0.3136 1.8080 -4.9138
v 0.3196 1.8096 -4.9157
v 0.3196 1.8096 -4.9157
v 0.3196 1.8096 -4.9157
v 0.3196 1.8096 -4.9157
v 0.3196 1.8096 -4.9157
v 0.3196 1.8096 -4.9157
v 0.3196 1.8096 -4.9157
v 0.3196 1.8096 -4.9157
v 0.3196 1.8096 -4.9157
v 0.3029 1.7988 -4.9212
v 0.3029 1.7988 -4.9212
v 0.3029 1.7988 -4.9212
v 0.3029 1.7988 -4.9212
v 0.3029 1.7988 -4.9212
v 0.3029 1.7988 -4.9212
v 0.3029 1.7988 -4.9212
v 0.3029 1.7988 -4.9212
v 0.3029 1.7988 -4.9212
v 0.2991 1.8004 -4.9263
v 0.2935 1.8004 -4.9200
v 0.2934 1.8004 -4.9143
v 0.2988 1.8004 -4.9127
v 0.3066 1.8004 -4.9160
v 0.3122 1.8004 -4.9224
v 0.3123 1.8004 -4.9280
v 0.3069 1.8004 -4.9297
v 0.2991 1.8004 -4.9263
v 0.2976 1.8042 -4.9285
v 0.2897 1.8042 -4.9195
v 0.2895 1.8042 -4.9115
v 0.2972 1.8042 -4.9092
v 0.3082 1.8042 -4.9139
v 0.3160 1.8042 -4.9229
v 0.3162 1.8042 -4.9309
v 0.3086 1.8042 -4.9332
v 0.2976 1.8042 -4.9285
v 0.2991 1.8080 -4.9263
v 0.2935 1.8080 -4.9200
v 0.2934 1.8080 -4.9143
v 0.2988 1.8080 -4.9127
v 0.3066 1.8080 -4.9160
v 0.3122 1.8080 -4.9224
v 0.3123 1.8080 -4.9280
v 0.3069 1.8080 -4.9297
v 0.2991 1.8080 -4.9263
v 0.3029 1.8096 -4.9212
v 0.3029 1.8096 -4.9212
v 0.3029 1.8096 -4.9212
v 0.3029 1.8096 -4.9212
v 0.3029 1.8096 -4.9212
v 0.3029 1.8096 -4.9212
v 0.3029 1.8096 -4.9212
v 0.3029 1.8096 -4.9212
v 0.3029 1.8096 -4.9212
v 0.3029 1.7988 -4.9388
v 0.3029 1.7988 -4.9388
v 0.3029 1.7988 -4.9388
v 0.3029 1.7988 -4.9388
v 0.3029 1.7988 -4.9388
v 0.3029 1.7988 -4.9388
v 0.3029 1.7988 -4.9388
v 0.3029 1.7988 -4.9388
v 0.3029 1.7988 -4.9388
v 0.3066 1.8004 -4.9440
v 0.2988 1.8004 -4.9473
v 0.2934 1.8004 -4.9457
v 0.2935 1.8004 -4.9400
v 0.2991 1.8004 -4.9337
v 0.3069 1.8004 -4.9303
v 0.3123 1.8004 -4.9320
v 0.3122 1.8004 -4.9376
v 0.3066 1.8004 -4.9440
v 0.3082 1.8042 -4.9461
v 0.2972 1.8042 -4.9508
v 0.2895 1.8042 -4.9485
v 0.2897 1.8042 -4.9405
v 0.2976 1.8042 -4.9315
v 0.3086 1.8042 -4.9268
v 0.3162 1.8042 -4.9291
v 0.3160 1.8042 -4.9371
v 0.3082 1.8042 -4.9461
v 0.3066 1.8080 -4.9440
v 0.2988 1.8080 -4.9473
v 0.2934 1.8080 -4.9457
v 0.2935 1.8080 -4.9400
v 0.2991 1.8080 -4.9337
v 0.3069 1.8080 -4.9303
v 0.3123 1.8080 -4.9320
v 0.3122 1.8080 -4.9376
v 0.3066 1.8080 -4.9440
v 0.3029 1.8096 -4.9388
v 0.3029 1.8096 -4.9388
v 0.3029 1.8096 -4.9388
v 0.3029 1.8096 -4.9388
v 0.3029 1.8096 -4.9388
v 0.3029 1.8096 -4.9388
v 0.3029 1.8096 -4.9388
v 0.3029 1.8096 -4.9388
v 0.3029 1.8096 -4.9388
v 0.3196 1.7988 -4.9443
v 0.3196 1.7988 -4.9443
v 0.3196 1.7988 -4.9443
v 0.3196 1.7988 -4.9443
v 0.3196 1.7988 -4.9443
v 0.3196 1.7988 -4.9443
v 0.3196 1.7988 -4.9443
v 0.3196 1.7988 -4.9443
v 0.3196 1.7988 -4.9443
v 0.3257 1.8004 -4.9423
v 0.3265 1.8004 -4.9507
v 0.3232 1.8004 -4.9554
v 0.3179 1.8004 -4.9535
v 0.3136 1.8004 -4.9462
v 0.3128 1.8004 -4.9378
v 0.3160 1.8004 -4.9332
v 0.3214 1.8004 -4.9350
v 0.3257 1.8004 -4.9423
v 0.3282 1.8042 -4.9415
v 0.3293 1.8042 -4.9534
v 0.3247 1.8042 -4.9600
v 0.3172 1.8042 -4.9573
v 0.3111 1.8042 -4.9470
v 0.3100 1.8042 -4.9351
v 0.3145 1.8042 -4.9286
v 0.3221 1.8042 -4.9312
v 0.3282 1.8042 -4.9415
v 0.3257 1.8080 -4.9423
v 0.3265 1.8080 -4.9507
v 0.3232 1.8080 -4.9554
v 0.3179 1.8080 -4.9535
v 0.3136 1.8080 -4.9462
v 0.3128 1.8080 -4.9378
v 0.3160 1.8080 -4.9332
v 0.3214 1.8080 -4.9350
v 0.3257 1.8080 -4.9423
v 0.3196 1.8096 -4.9443
v 0.3196 1.8096 -4.9443
v 0.3196 1.8096 -4.9443
v 0.3196 1.8096 -4.9443
v 0.3196 1.8096 -4.9443
v 0.3196 1.8096 -4.9443
v 0.3196 1.8096 -4.9443
v 0.3196 1.8096 -4.9443
v 0.3196 1.8096 -4.9443
v 0.3150 1.7982 -4.9300
v 0.3150 1.7982 -4.9300
v 0.3150 1.7982 -4.9300
v 0.3150 1.7982 -4.9300
v 0.3150 1.7982 -4.9300
v 0.3150 1.7982 -4.9300
v 0.3150 1.7982 -4.9300
v 0.3150 1.7999 -4.9247
v 0.3196 1.7999 -4.9273
v 0.3196 1.7999 -4.9327
v 0.3150 1.7999 -4.9353
v 0.3104 1.7999 -4.9327
v 0.3104 1.7999 -4.9273
v 0.3150 1.7999 -4.9247
v 0.3150 1.8042 -4.9225
v 0.3215 1.8042 -4.9263
v 0.3215 1.8042 -4.9338
v 0.3150 1.8042 -4.9375
v 0.3085 1.8042 -4.9338
v 0.3085 1.8042 -4.9263
v 0.3150 1.8042 -4.9225
v 0.3150 1.8084 -4.9247
v 0.3196 1.8084 -4.9273
v 0.3196 1.8084 -4.9327
v 0.3150 1.8084 -4.9353
v 0.3104 1.8084 -4.9327
v 0.3104 1.8084 -4.9273
v 0.3150 1.8084 -4.9247
v 0.3150 1.8102 -4.9300
v 0.3150 1.8102 -4.9300
v 0.3150 1.8102 -4.9300
v 0.3150 1.8102 -4.9300
v 0.3150 1.8102 -4.9300
v 0.3150 1.8102 -4.9300
v 0.3150 1.8102 -4.9300
v 0.5400 1.7746 -4.9300
v 0.5400 1.7746 -4.9300
v 0.5400 1.7746 -4.9300
v 0.5400 1.7746 -4.9300
v 0.5400 1.7746 -4.9300
v 0.5400 1.7746 -4.9300
v 0.5400 1.7746 -4.9300
v 0.5400 1.7746 -4.9300
v 0.5400 1.7746 -4.9300
v 0.5400 1.7762 -4.9236
v 0.5483 1.7762 -4.9255
v 0.5517 1.7762 -4.9300
v 0.5483 1.7762 -4.9345
v 0.5400 1.7762 -4.9364
v 0.5318 1.7762 -4.9345
v 0.5283 1.7762 -4.9300
v 0.5318 1.7762 -4.9255
v 0.5400 1.7762 -4.9236
v 0.5400 1.7800 -4.9210
v 0.5517 1.7800 -4.9236
v 0.5565 1.7800 -4.9300
v 0.5517 1.7800 -4.9364
v 0.5400 1.7800 -4.9390
v 0.5283 1.7800 -4.9364
v 0.5235 1.7800 -4.9300
v 0.5283 1.7800 -4.9236
v 0.5400 1.7800 -4.9210
v 0.5400 1.7838 -4.9236
v 0.5483 1.7838 -4.9255
v 0.5517 1.7838 -4.9300
v 0.5483 1.7838 -4.9345
v 0.5400 1.7838 -4.9364
v 0.5318 1.7838 -4.9345
v 0.5283 1.7838 -4.9300
v 0.5318 1.7838 -4.9255
v 0.5400 1.7838 -4.9236
v 0.5400 1.7854 -4.9300
v 0.5400 1.7854 -4.9300
v 0.5400 1.7854 -4.9300
v 0.5400 1.7854 -4.9300
v 0.5400 1.7854 -4.9300
v 0.5400 1.7854 -4.9300
v 0.5400 1.7854 -4.9300
v 0.5400 1.7854 -4.9300
v 0.5400 1.7854 -4.9300
v 0.5296 1.7746 -4.9157
v 0.5296 1.7746 -4.9157
v 0.5296 1.7746 -4.9157
v 0.5296 1.7746 -4.9157
v 0.5296 1.7746 -4.9157
v 0.5296 1.7746 -4.9157
v 0.5296 1.7746 -4.9157
v 0.5296 1.7746 -4.9157
v 0.5296 1.7746 -4.9157
v 0.5236 1.7762 -4.9138
v 0.5279 1.7762 -4.9065
v 0.5332 1.7762 -4.9046
v 0.5365 1.7762 -4.9093
v 0.5357 1.7762 -4.9177
v 0.5314 1.7762 -4.9250
v 0.5260 1.7762 -4.9268
v 0.5228 1.7762 -4.9222
v 0.5236 1.7762 -4.9138
v 0.5211 1.7800 -4.9130
v 0.5272 1.7800 -4.9027
v 0.5347 1.7800 -4.9000
v 0.5393 1.7800 -4.9066
v 0.5382 1.7800 -4.9185
v 0.5321 1.7800 -4.9288
v 0.5245 1.7800 -4.9314
v 0.5200 1.7800 -4.9249
v 0.5211 1.7800 -4.9130
v 0.5236 1.7838 -4.9138
v 0.5279 1.7838 -4.9065
v 0.5332 1.7838 -4.9046
v 0.5365 1.7838 -4.9093
v 0.5357 1.7838 -4.9177
v 0.5314 1.7838 -4.9250
v 0.5260 1.7838 -4.9268
v 0.5228 1.7838 -4.9222
v 0.5236 1.7838 -4.9138
v 0.5296 1.7854 -4.9157
v 0.5296 1.7854 -4.9157
v 0.5296 1.7854 -4.9157
v 0.5296 1.7854 -4.9157
v 0.5296 1.7854 -4.9157
v 0.5296 1.7854 -4.9157
v 0.5296 1.7854 -4.9157
v 0.5296 1.7854 -4.9157
v 0.5296 1.7854 -4.9157
v 0.5129 1.7746 -4.9212
v 0.5129 1.7746 -4.9212
v 0.5129 1.7746 -4.9212
v 0.5129 1.7746 -4.9212
v 0.5129 1.7746 -4.9212
v 0.5129 1.7746 -4.9212
v 0.5129 1.7746 -4.9212
v 0.5129 1.7746 -4.9212
v 0.5129 1.7746 -4.9212
v 0.5091 1.7762 -4.9263
v 0.5035 1.7762 -4.9200
v 0.5034 1.7762 -4.9143
v 0.5088 1.7762 -4.9127
v 0.5166 1.7762 -4.9160
v 0.5222 1.7762 -4.9224
v 0.5223 1.7762 -4.9280
v 0.5169 1.7762 -4.9297
v 0.5091 1.7762 -4.9263
v 0.5076 1.7800 -4.9285
v 0.4997 1.7800 -4.9195
v 0.4995 1.7800 -4.9115
v 0.5072 1.7800 -4.9092
v 0.5182 1.7800 -4.9139
v 0.5260 1.7800 -4.9229
v 0.5262 1.7800 -4.9309
v 0.5186 1.7800 -4.9332
v 0.5076 1.7800 -4.9285
v 0.5091 1.7838 -4.9263
v 0.5035 1.7838 -4.9200
v 0.5034 1.7838 -4.9143
v 0.5088 1.7838 -4.9127
v 0.5166 1.7838 -4.9160
v 0.5222 1.7838 -4.9224
v 0.5223 1.7838 -4.9280
v 0.5169 1.7838 -4.9297
v 0.5091 1.7838 -4.9263
v 0.5129 1.7854 -4.9212
v 0.5129 1.7854 -4.9212
v 0.5129 1.7854 -4.9212
v 0.5129 1.7854 -4.9212
v 0.5129 1.7854 -4.9212
v 0.5129 1.7854 -4.9212
v 0.5129 1.7854 -4.9212
v 0.5129 1.7854 -4.9212
v 0.5129 1.7854 -4.9212
v 0.5129 1.7746 -4.9388
v 0.5129 1.7746 -4.9388
v 0.5129 1.7746 -4.9388
v 0.5129 1.7746 -4.9388
v 0.5129 1.7746 -4.9388
v 0.5129 1.7746 -4.9388
v 0.5129 1.7746 -4.9388
v 0.5129 1.7746 -4.9388
v 0.5129 1.7746 -4.9388
v 0.5166 1.7762 -4.9440
v 0.5088 1.7762 -4.9473
v 0.5034 1.7762 -4.9457
v 0.5035 1.7762 -4.9400
v 0.5091 1.7762 -4.9337
v 0.5169 1.7762 -4.9303
v 0.5223 1.7762 -4.9320
v 0.5222 1.7762 -4.9376
v 0.5166 1.7762 -4.9440
v 0.5182 1.7800 -4.9461
v 0.5072 1.7800 -4.9508
v 0.4995 1.7800 -4.9485
v 0.4997 1.7800 -4.9405
v 0.5076 1.7800 -4.9315
v 0.5186 1.7800 -4.9268
v 0.5262 1.7800 -4.9291
v 0.5260 1.7800 -4.9371
v 0.5182 1.7800 -4.9461
v 0.5166 1.7838 -4.9440
v 0.5088 1.7838 -4.9473
v 0.5034 1.7838 -4.9457
v 0.5035 1.7838 -4.9400
v 0.5091 1.7838 -4.9337
v 0.5169 1.7838 -4.9303
v 0.5223 1.7838 -4.9320
v 0.5222 1.7838 -4.9376
v 0.5166 1.7838 -4.9440
v 0.5129 1.7854 -4.9388
v 0.5129 1.7854 -4.9388
v 0.5129 1.7854 -4.9388
v 0.5129 1.7854 -4.9388
v 0.5129 1.7854 -4.9388
v 0.5129 1.7854 -4.9388
v 0.5129 1.7854 -4.9388
v 0.5129 1.7854 -4.9388
v 0.5129 1.7854 -4.9388
v 0.5296 1.7746 -4.9443
v 0.5296 1.7746 -4.9443
v 0.5296 1.7746 -4.9443
v 0.5296 1.7746 -4.9443
v 0.5296 1.7746 -4.9443
v 0.5296 1.7746 -4.9443
v 0.5296 1.7746 -4.9443
v 0.5296 1.7746 -4.9443
v 0.5296 1.7746 -4.9443
v 0.5357 1.7762 -4.9423
v 0.5365 1.7762 -4.9507
v 0.5332 1.7762 -4.9554
v 0.5279 1.7762 -4.9535
v 0.5236 1.7762 -4.9462
v 0.5228 1.7762 -4.9378
v 0.5260 1.7762 -4.9332
v 0.5314 1.7762 -4.9350
v 0.5357 1.7762 -4.9423
v 0.5382 1.7800 -4.9415
v 0.5393 1.7800 -4.9534
v 0.5347 1.7800 -4.9600
v 0.5272 1.7800 -4.9573
v 0.5211 1.7800 -4.9470
v 0.5200 1.7800 -4.9351
v 0.5245 1.7800 -4.9286
v 0.5321 1.7800 -4.9312
v 0.5382 1.7800 -4.9415
v 0.5357 1.7838 -4.9423
v 0.5365 1.7838 -4.9507
v 0.5332 1.7838 -4.9554
v 0.5279 1.7838 -4.9535
v 0.5236 1.7838 -4.9462
v 0.5228 1.7838 -4.9378
v 0.5260 1.7838 -4.9332
v 0.5314 1.7838 -4.9350
v 0.5357 1.7838 -4.9423
v 0.5296 1.7854 -4.9443
v 0.5296 1.7854 -4.9443
v 0.5296 1.7854 -4.9443
v 0.5296 1.7854 -4.9443
v 0.5296 1.7854 -4.9443
v 0.5296 1.7854 -4.9443
v 0.5296 1.7854 -4.9443
v 0.5296 1.7854 -4.9443
v 0.5296 1.7854 -4.9443
v 0.5250 1.7740 -4.9300
v 0.5250 1.7740 -4.9300
v 0.5250 1.7740 -4.9300
v 0.5250 1.7740 -4.9300
v 0.5250 1.7740 -4.9300
v 0.5250 1.7740 -4.9300
v 0.5250 1.7740 -4.9300
v 0.5250 1.7758 -4.9247
v 0.5296 1.7758 -4.9273
v 0.5296 1.7758 -4.9327
v 0.5250 1.7758 -4.9353
v 0.5204 1.7758 -4.9327
v 0.5204 1.7758 -4.9273
v 0.5250 1.7758 -4.9247
v 0.5250 1.7800 -4.9225
v 0.5315 1.7800 -4.9263
v 0.5315 1.7800 -4.9338
v 0.5250 1.7800 -4.9375
v 0.5185 1.7800 -4.9338
v 0.5185 1.7800 -4.9263
v 0.5250 1.7800 -4.9225
v 0.5250 1.7842 -4.9247
v 0.5296 1.7842 -4.9273
v 0.5296 1.7842 -4.9327
v 0.5250 1.7842 -4.9353
v 0.5204 1.7842 -4.9327
v 0.5204 1.7842 -4.9273
v 0.5250 1.7842 -4.9247
v 0.5250 1.7860 -4.9300
v 0.5250 1.7860 -4.9300
v 0.5250 1.7860 -4.9300
v 0.5250 1.7860 -4.9300
v 0.5250 1.7860 -4.9300
v 0.5250 1.7860 -4.9300
v 0.5250 1.7860 -4.9300
v 0.7500 1.7988 -4.9300
v 0.7500 1.7988 -4.9300
v 0.7500 1.7988 -4.9300
v 0.7500 1.7988 -4.9300
v 0.7500 1.7988 -4.9300
v 0.7500 1.7988 -4.9300
v 0.7500 1.7988 -4.9300
v 0.7500 1.7988 -4.9300
v 0.7500 1.7988 -4.9300
v 0.7500 1.8004 -4.9236
v 0.7582 1.8004 -4.9255
v 0.7617 1.8004 -4.9300
v 0.7582 1.8004 -4.9345
v 0.7500 1.8004 -4.9364
v 0.7417 1.8004 -4.9345
v 0.7383 1.8004 -4.9300
v 0.7417 1.8004 -4.9255
v 0.7500 1.8004 -4.9236
v 0.7500 1.8042 -4.9210
v 0.7617 1.8042 -4.9236
v 0.7665 1.8042 -4.9300
v 0.7617 1.8042 -4.9364
v 0.7500 1.8042 -4.9390
v 0.7383 1.8042 -4.9364
v 0.7335 1.8042 -4.9300
v 0.7383 1.8042 -4.9236
v 0.7500 1.8042 -4.9210
v 0.7500 1.8080 -4.9236
v 0.7582 1.8080 -4.9255
v 0.7617 1.8080 -4.9300
v 0.7582 1.8080 -4.9345
v 0.7500 1.8080 -4.9364
v 0.7417 1.8080 -4.9345
v 0.7383 1.8080 -4.9300
v 0.7417 1.8080 -4.9255
v 0.7500 1.8080 -4.9236
v 0.7500 1.8096 -4.9300
v 0.7500 1.8096 -4.9300
v 0.7500 1.8096 -4.9300
v 0.7500 1.8096 -4.9300
v 0.7500 1.8096 -4.9300
v 0.7500 1.8096 -4.9300
v 0.7500 1.8096 -4.9300
v 0.7500 1.8096 -4.9300
v 0.7500 1.8096 -4.9300
v 0.7396 1.7988 -4.9157
v 0.7396 1.7988 -4.9157
v 0.7396 1.7988 -4.9157
v 0.7396 1.7988 -4.9157
v 0.7396 1.7988 -4.9157
v 0.7396 1.7988 -4.9157
v 0.7396 1.7988 -4.9157
v 0.7396 1.7988 -4.9157
v 0.7396 1.7988 -4.9157
v 0.7336 1.8004 -4.9138
v 0.7379 1.8004 -4.9065
v 0.7432 1.8004 -4.9046
v 0.7465 1.8004 -4.9093
v 0.7457 1.8004 -4.9177
v 0.7414 1.8004 -4.9250
v 0.7360 1.8004 -4.9268
v 0.7328 1.8004 -4.9222
v 0.7336 1.8004 -4.9138
v 0.7311 1.8042 -4.9130
v 0.7372 1.8042 -4.9027
v 0.7447 1.8042 -4.9000
v 0.7493 1.8042 -4.9066
v 0.7482 1.8042 -4.9185
v 0.7421 1.8042 -4.9288
v 0.7345 1.8042 -4.9314
v 0.7300 1.8042 -4.9249
v 0.7311 1.8042 -4.9130
v 0.7336 1.8080 -4.9138
v 0.7379 1.8080 -4.9065
v 0.7432 1.8080 -4.9046
v 0.7465 1.8080 -4.9093
v 0.7457 1.8080 -4.9177
v 0.7414 1.8080 -4.9250
v 0.7360 1.8080 -4.9268
v 0.7328 1.8080 -4.9222
v 0.7336 1.8080 -4.9138
v 0.7396 1.8096 -4.9157
v 0.7396 1.8096 -4.9157
v 0.7396 1.8096 -4.9157
v 0.7396 1.8096 -4.9157
v 0.7396 1.8096 -4.9157
v 0.7396 1.8096 -4.9157
v 0.7396 1.8096 -4.9157
v 0.7396 1.8096 -4.9157
v 0.7396 1.8096 -4.9157
v 0.7229 1.7988 -4.9212
v 0.7229 1.7988 -4.9212
v 0.7229 1.7988 -4.9212
v 0.7229 1.7988 -4.9212
v 0.7229 1.7988 -4.9212
v 0.7229 1.7988 -4.9212
v 0.7229 1.7988 -4.9212
v 0.7229 1.7988 -4.9212
v 0.7229 1.7988 -4.9212
v 0.7191 1.8004 -4.9263
v 0.7135 1.8004 -4.9200
v 0.7134 1.8004 -4.9143
v 0.7188 1.8004 -4.9127
v 0.7266 1.8004 -4.9160
v 0.7322 1.8004 -4.9224
v 0.7323 1.8004 -4.9280
v 0.7269 1.8004 -4.9297
v 0.7191 1.8004 -4.9263
v 0.7176 1.8042 -4.9285
v 0.7097 1.8042 -4.9195
v 0.7095 1.8042 -4.9115
v 0.7172 1.8042 -4.9092
v 0.7282 1.8042 -4.9139
v 0.7360 1.8042 -4.9229
v 0.7362 1.8042 -4.9309
v 0.7286 1.8042 -4.9332
v 0.7176 1.8042 -4.9285
v 0.7191 1.8080 -4.9263
v 0.7135 1.8080 -4.9200
v 0.7134 1.8080 -4.9143
v 0.7188 1.8080 -4.9127
v 0.7266 1.8080 -4.9160
v 0.7322 1.8080 -4.9224
v 0.7323 1.8080 -4.9280
v 0.7269 1.8080 -4.9297
v 0.7191 1.8080 -4.9263
v 0.7229 1.8096 -4.9212
v 0.7229 1.8096 -4.9212
v 0.7229 1.8096 -4.9212
v 0.7229 1.8096 -4.9212
v 0.7229 1.8096 -4.9212
v 0.7229 1.8096 -4.9212
v 0.7229 1.8096 -4.9212
v 0.7229 1.8096 -4.9212
v 0.7229 1.8096 -4.9212
v 0.7229 1.7988 -4.9388
v 0.7229 1.7988 -4.9388
v 0.7229 1.7988 -4.9388
v 0.7229 1.7988 -4.9388
v 0.7229 1.7988 -4.9388
v 0.7229 1.7988 -4.9388
v 0.7229 1.7988 -4.9388
v 0.7229 1.7988 -4.9388
v 0.7229 1.7988 -4.9388
v 0.7266 1.8004 -4.9440
v 0.7188 1.8004 -4.9473
v 0.7134 1.8004 -4.9457
v 0.7135 1.8004 -4.9400
v 0.7191 1.8004 -4.9337
v 0.7269 1.8004 -4.9303
v 0.7323 1.8004 -4.9320
v 0.7322 1.8004 -4.9376
v 0.7266 1.8004 -4.9440
v 0.7282 1.8042 -4.9461
v 0.7172 1.8042 -4.9508
v 0.7095 1.8042 -4.9485
v 0.7097 1.8042 -4.9405
v 0.7176 1.8042 -4.9315
v 0.7286 1.8042 -4.9268
v 0.7362 1.8042 -4.9291
v 0.7360 1.8042 -4.9371
v 0.7282 1.8042 -4.9461
v 0.7266 1.8080 -4.9440
v 0.7188 1.8080 -4.9473
v 0.7134 1.8080 -4.9457
v 0.7135 1.8080 -4.9400
v 0.7191 1.8080 -4.9337
v 0.7269 1.8080 -4.9303
v 0.7323 1.8080 -4.9320
v 0.7322 1.8080 -4.9376
v 0.7266 1.8080 -4.9440
v 0.7229 1.8096 -4.9388
v 0.7229 1.8096 -4.9388
v 0.7229 1.8096 -4.9388
v 0.7229 1.8096 -4.9388
v 0.7229 1.8096 -4.9388
v 0.7229 1.8096 -4.9388
v 0.7229 1.8096 -4.9388
v 0.7229 1.8096 -4.9388
v 0.7229 1.8096 -4.9388
v 0.7396 1.7988 -4.9443
v 0.7396 1.7988 -4.9443
v 0.7396 1.7988 -4.9443
v 0.7396 1.7988 -4.9443
v 0.7396 1.7988 -4.9443
v 0.7396 1.7988 -4.9443
v 0.7396 1.7988 -4.9443
v 0.7396 1.7988 -4.9443
v 0.7396 1.7988 -4.9443
v 0.7457 1.8004 -4.9423
v 0.7465 1.8004 -4.9507
v 0.7432 1.8004 -4.9554
v 0.7379 1.8004 -4.9535
v 0.7336 1.8004 -4.9462
v 0.7328 1.8004 -4.9378
v 0.7360 1.8004 -4.9332
v 0.7414 1.8004 -4.9350
v 0.7457 1.8004 -4.9423
v 0.7482 1.8042 -4.9415
v 0.7493 1.8042 -4.9534
v 0.7447 1.8042 -4.9600
v 0.7372 1.8042 -4.9573
v 0.7311 1.8042 -4.9470
v 0.7300 1.8042 -4.9351
v 0.7345 1.8042 -4.9286
v 0.7421 1.8042 -4.9312
v 0.7482 1.8042 -4.9415
v 0.7457 1.8080 -4.9423
v 0.7465 1.8080 -4.9507
v 0.7432 1.8080 -4.9554
v 0.7379 1.8080 -4.9535
v 0.7336 1.8080 -4.9462
v 0.7328 1.8080 -4.9378
v 0.7360 1.8080 -4.9332
v 0.7414 1.8080 -4.9350
v 0.7457 1.8080 -4.9423
v 0.7396 1.8096 -4.9443
v 0.7396 1.8096 -4.9443
v 0.7396 1.8096 -4.9443
v 0.7396 1.8096 -4.9443
v 0.7396 1.8096 -4.9443
v 0.7396 1.8096 -4.9443
v 0.7396 1.8096 -4.9443
v 0.7396 1.8096 -4.9443
v 0.7396 1.8096 -4.9443
v 0.7350 1.7982 -4.9300
v 0.7350 1.7982 -4.9300
v 0.7350 1.7982 -4.9300
v 0.7350 1.7982 -4.9300
v 0.7350 1.7982 -4.9300
v 0.7350 1.7982 -4.9300
v 0.7350 1.7982 -4.9300
v 0.7350 1.7999 -4.9247
v 0.7396 1.7999 -4.9273
v 0.7396 1.7999 -4.9327
v 0.7350 1.7999 -4.9353
v 0.7304 1.7999 -4.9327
v 0.7304 1.7999 -4.9273
v 0.7350 1.7999 -4.9247
v 0.7350 1.8042 -4.9225
v 0.7415 1.8042 -4.9263
v 0.7415 1.8042 -4.9338
v 0.7350 1.8042 -4.9375
v 0.7285 1.8042 -4.9338
v 0.7285 1.8042 -4.9263
v 0.7350 1.8042 -4.9225
v 0.7350 1.8084 -4.9247
v 0.7396 1.8084 -4.9273
v 0.7396 1.8084 -4.9327
v 0.7350 1.8084 -4.9353
v 0.7304 1.8084 -4.9327
v 0.7304 1.8084 -4.9273
v 0.7350 1.8084 -4.9247
v 0.7350 1.8102 -4.9300
v 0.7350 1.8102 -4.9300
v 0.7350 1.8102 -4.9300
v 0.7350 1.8102 -4.9300
v 0.7350 1.8102 -4.9300
v 0.7350 1.8102 -4.9300
v 0.7350 1.8102 -4.9300
v 0.9600 1.8379 -4.9300
v 0.9600 1.8379 -4.9300
v 0.9600 1.8379 -4.9300
v 0.9600 1.8379 -4.9300
v 0.9600 1.8379 -4.9300
v 0.9600 1.8379 -4.9300
v 0.9600 1.8379 -4.9300
v 0.9600 1.8379 -4.9300
v 0.9600 1.8379 -4.9300
v 0.9600 1.8395 -4.9236
v 0.9682 1.8395 -4.9255
v 0.9717 1.8395 -4.9300
v 0.9682 1.8395 -4.9345
v 0.9600 1.8395 -4.9364
v 0.9517 1.8395 -4.9345
v 0.9483 1.8395 -4.9300
v 0.9517 1.8395 -4.9255
v 0.9600 1.8395 -4.9236
v 0.9600 1.8433 -4.9210
v 0.9717 1.8433 -4.9236
v 0.9765 1.8433 -4.9300
v 0.9717 1.8433 -4.9364
v 0.9600 1.8433 -4.9390
v 0.9483 1.8433 -4.9364
v 0.9435 1.8433 -4.9300
v 0.9483 1.8433 -4.9236
v 0.9600 1.8433 -4.9210
v 0.9600 1.8471 -4.9236
v 0.9682 1.8471 -4.9255
v 0.9717 1.8471 -4.9300
v 0.9682 1.8471 -4.9345
v 0.9600 1.8471 -4.9364
v 0.9517 1.8471 -4.9345
v 0.9483 1.8471 -4.9300
v 0.9517 1.8471 -4.9255
v 0.9600 1.8471 -4.9236
v 0.9600 1.8487 -4.9300
v 0.9600 1.8487 -4.9300
v 0.9600 1.8487 -4.9300
v 0.9600 1.8487 -4.9300
v 0.9600 1.8487 -4.9300
v 0.9600 1.8487 -4.9300
v 0.9600 1.8487 -4.9300
v 0.9600 1.8487 -4.9300
v 0.9600 1.8487 -4.9300
v 0.9496 1.8379 -4.9157
v 0.9496 1.8379 -4.9157
v 0.9496 1.8379 -4.9157
v 0.9496 1.8379 -4.9157
v 0.9496 1.8379 -4.9157
v 0.9496 1.8379 -4.9157
v 0.9496 1.8379 -4.9157
v 0.9496 1.8379 -4.9157
v 0.9496 1.8379 -4.9157
v 0.9436 1.8395 -4.9138
v 0.9479 1.8395 -4.9065
v 0.9532 1.8395 -4.9046
v 0.9565 1.8395 -4.9093
v 0.9557 1.8395 -4.9177
v 0.9514 1.8395 -4.9250
v 0.9460 1.8395 -4.9268
v 0.9428 1.8395 -4.9222
v 0.9436 1.8395 -4.9138
v 0.9411 1.8433 -4.9130
v 0.9472 1.8433 -4.9027
v 0.9547 1.8433 -4.9000
v 0.9593 1.8433 -4.9066
v 0.9582 1.8433 -4.9185
v 0.9521 1.8433 -4.9288
v 0.9445 1.8433 -4.9314
v 0.9400 1.8433 -4.9249
v 0.9411 1.8433 -4.9130
v 0.9436 1.8471 -4.9138
v 0.9479 1.8471 -4.9065
v 0.9532 1.8471 -4.9046
v 0.9565 1.8471 -4.9093
v 0.9557 1.8471 -4.9177
v 0.9514 1.8471 -4.9250
v 0.9460 1.8471 -4.9268
v 0.9428 1.8471 -4.9222
v 0.9436 1.8471 -4.9138
v 0.9496 1.8487 -4.9157
v 0.9496 1.8487 -4.9157
v 0.9496 1.8487 -4.9157
v 0.9496 1.8487 -4.9157
v 0.9496 1.8487 -4.9157
v 0.9496 1.8487 -4.9157
v 0.9496 1.8487 -4.9157
v 0.9496 1.8487 -4.9157
v 0.9496 1.8487 -4.9157
v 0.9329 1.8379 -4.9212
v 0.9329 1.8379 -4.9212
v 0.9329 1.8379 -4.9212
v 0.9329 1.8379 -4.9212
v 0.9329 1.8379 -4.9212
v 0.9329 1.8379 -4.9212
v 0.9329 1.8379 -4.9212
v 0.9329 1.8379 -4.9212
v 0.9329 1.8379 -4.9212
v 0.9291 1.8395 -4.9263
v 0.9235 1.8395 -4.9200
v 0.9234 1.8395 -4.9143
v 0.9288 1.8395 -4.9127
v 0.9366 1.8395 -4.9160
v 0.9422 1.8395 -4.9224
v 0.9423 1.8395 -4.9280
v 0.9369 1.8395 -4.9297
v 0.9291 1.8395 -4.9263
v 0.9276 1.8433 -4.9285
v 0.9197 1.8433 -4.9195
v 0.9195 1.8433 -4.9115
v 0.9272 1.8433 -4.9092
v 0.9382 1.8433 -4.9139
v 0.9460 1.8433 -4.9229
v 0.9462 1.8433 -4.9309
v 0.9386 1.8433 -4.9332
v 0.9276 1.8433 -4.9285
v 0.9291 1.8471 -4.9263
v 0.9235 1.8471 -4.9200
v 0.9234 1.8471 -4.9143
v 0.9288 1.8471 -4.9127
v 0.9366 1.8471 -4.9160
v 0.9422 1.8471 -4.9224
v 0.9423 1.8471 -4.9280
v 0.9369 1.8471 -4.9297
v 0.9291 1.8471 -4.9263
v 0.9329 1.8487 -4.9212
v 0.9329 1.8487 -4.9212
v 0.9329 1.8487 -4.9212
v 0.9329 1.8487 -4.9212
v 0.9329 1.8487 -4.9212
v 0.9329 1.8487 -4.9212
v 0.9329 1.8487 -4.9212
v 0.9329 1.8487 -4.9212
v 0.9329 1.8487 -4.9212
v 0.9329 1.8379 -4.9388
v 0.9329 1.8379 -4.9388
v 0.9329 1.8379 -4.9388
v 0.9329 1.8379 -4.9388
v 0.9329 1.8379 -4.9388
v 0.9329 1.8379 -4.9388
v 0.9329 1.8379 -4.9388
v 0.9329 1.8379 -4.9388
v 0.9329 1.8379 -4.9388
v 0.9366 1.8395 -4.9440
v 0.9288 1.8395 -4.9473
v 0.9234 1.8395 -4.9457
v 0.9235 1.8395 -4.9400
v 0.9291 1.8395 -4.9337
v 0.9369 1.8395 -4.9303
v 0.9423 1.8395 -4.9320
v 0.9422 1.8395 -4.9376
v 0.9366 1.8395 -4.9440
v 0.9382 1.8433 -4.9461
v 0.9272 1.8433 -4.9508
v 0.9195 1.8433 -4.9485
v 0.9197 1.8433 -4.9405
v 0.9276 1.8433 -4.9315
v 0.9386 1.8433 -4.9268
v 0.9462 1.8433 -4.9291
v 0.9460 1.8433 -4.9371
v 0.9382 1.8433 -4.9461
v 0.9366 1.8471 -4.9440
v 0.9288 1.8471 -4.9473
v 0.9234 1.8471 -4.9457
v 0.9235 1.8471 -4.9400
v 0.9291 1.8471 -4.9337
v 0.9369 1.8471 -4.9303
v 0.9423 1.8471 -4.9320
v 0.9422 1.8471 -4.9376
v 0.9366 1.8471 -4.9440
v 0.9329 1.8487 -4.9388
v 0.9329 1.8487 -4.9388
v 0.9329 1.8487 -4.9388
v 0.9329 1.8487 -4.9388
v 0.9329 1.8487 -4.9388
v 0.9329 1.8487 -4.9388
v 0.9329 1.8487 -4.9388
v 0.9329 1.8487 -4.9388
v 0.9329 1.8487 -4.9388
v 0.9496 1.8379 -4.9443
v 0.9496 1.8379 -4.9443
v 0.9496 1.8379 -4.9443
v 0.9496 1.8379 -4.9443
v 0.9496 1.8379 -4.9443
v 0.9496 1.8379 -4.9443
v 0.9496 1.8379 -4.9443
v 0.9496 1.8379 -4.9443
v 0.9496 1.8379 -4.9443
v 0.9557 1.8395 -4.9423
v 0.9565 1.8395 -4.9507
v 0.9532 1.8395 -4.9554
v 0.9479 1.8395 -4.9535
v 0.9436 1.8395 -4.9462
v 0.9428 1.8395 -4.9378
v 0.9460 1.8395 -4.9332
v 0.9514 1.8395 -4.9350
v 0.9557 1.8395 -4.9423
v 0.9582 1.8433 -4.9415
v 0.9593 1.8433 -4.9534
v 0.9547 1.8433 -4.9600
v 0.9472 1.8433 -4.9573
v 0.9411 1.8433 -4.9470
v 0.9400 1.8433 -4.9351
v 0.9445 1.8433 -4.9286
v 0.9521 1.8433 -4.9312
v 0.9582 1.8433 -4.9415
v 0.9557 1.8471 -4.9423
v 0.9565 1.8471 -4.9507
v 0.9532 1.8471 -4.9554
v 0.9479 1.8471 -4.9535
v 0.9436 1.8471 -4.9462
v 0.9428 1.8471 -4.9378
v 0.9460 1.8471 -4.9332
v 0.9514 1.8471 -4.9350
v 0.9557 1.8471 -4.9423
v 0.9496 1.8487 -4.9443
v 0.9496 1.8487 -4.9443
v 0.9496 1.8487 -4.9443
v 0.9496 1.8487 -4.9443
v 0.9496 1.8487 -4.9443
v 0.9496 1.8487 -4.9443
v 0.9496 1.8487 -4.9443
v 0.9496 1.8487 -4.9443
v 0.9496 1.8487 -4.9443
v 0.9450 1.8373 -4.9300
v 0.9450 1.8373 -4.9300
v 0.9450 1.8373 -4.9300
v 0.9450 1.8373 -4.9300
v 0.9450 1.8373 -4.9300
v 0.9450 1.8373 -4.9300
v 0.9450 1.8373 -4.9300
v 0.9450 1.8391 -4.9247
v 0.9496 1.8391 -4.9273
v 0.9496 1.8391 -4.9327
v 0.9450 1.8391 -4.9353
v 0.9404 1.8391 -4.9327
v 0.9404 1.8391 -4.9273
v 0.9450 1.8391 -4.9247
v 0.9450 1.8433 -4.9225
v 0.9515 1.8433 -4.9263
v 0.9515 1.8433 -4.9338
v 0.9450 1.8433 -4.9375
v 0.9385 1.8433 -4.9338
v 0.9385 1.8433 -4.9263
v 0.9450 1.8433 -4.9225
v 0.9450 1.8476 -4.9247
v 0.9496 1.8476 -4.9273
v 0.9496 1.8476 -4.9327
v 0.9450 1.8476 -4.9353
v 0.9404 1.8476 -4.9327
v 0.9404 1.8476 -4.9273
v 0.9450 1.8476 -4.9247
v 0.9450 1.8493 -4.9300
v 0.9450 1.8493 -4.9300
v 0.9450 1.8493 -4.9300
v 0.9450 1.8493 -4.9300
v 0.9450 1.8493 -4.9300
v 0.9450 1.8493 -4.9300
v 0.9450 1.8493 -4.9300
vt 0.0000 0.0000
vt 0.0120 0.0000
vt 0.0200 0.0000
vt 0.0279 0.0000
vt 0.0399 0.0000
vt 0.0519 0.0000
vt 0.0599 0.0000
vt 0.0678 0.0000
vt 0.0798 0.0000
vt 0.0000 0.0066
vt 0.0120 0.0066
vt 0.0200 0.0066
vt 0.0279 0.0066
vt 0.0399 0.0066
vt 0.0519 0.0066
vt 0.0599 0.0066
vt 0.0678 0.0066
vt 0.0798 0.0066
vt 0.0000 0.0112
vt 0.0120 0.0112
vt 0.0200 0.0112
vt 0.0279 0.0112
vt 0.0399 0.0112
vt 0.0519 0.0112
vt 0.0599 0.0112
vt 0.0678 0.0112
vt 0.0798 0.0112
vt 0.0000 0.0158
vt 0.0120 0.0158
vt 0.0200 0.0158
vt 0.0279 0.0158
vt 0.0399 0.0158
vt 0.0519 0.0158
vt 0.0599 0.0158
vt 0.0678 0.0158
vt 0.0798 0.0158
vt 0.0000 0.0224
vt 0.0120 0.0224
vt 0.0200 0.0224
vt 0.0279 0.0224
vt 0.0399 0.0224
vt 0.0519 0.0224
vt 0.0599 0.0224
vt 0.0678 0.0224
vt 0.0798 0.0224
vt 0.0000 0.0000
vt 0.0120 0.0000
vt 0.0200 0.0000
vt 0.0279 0.0000
vt 0.0399 0.0000
vt 0.0519 0.0000
vt 0.0599 0.0000
vt 0.0678 0.0000
vt 0.0798 0.0000
vt 0.0000 0.0066
vt 0.0120 0.0066
vt 0.0200 0.0066
vt 0.0279 0.0066
vt 0.0399 0.0066
vt 0.0519 0.0066
vt 0.0599 0.0066
vt 0.0678 0.0066
vt 0.0798 0.0066
vt 0.0000 0.0112
vt 0.0120 0.0112
vt 0.0200 0.0112
vt 0.0279 0.0112
vt 0.0399 0.0112
vt 0.0519 0.0112
vt 0.0599 0.0112
vt 0.0678 0.0112
vt 0.0798 0.0112
vt 0.0000 0.0158
vt 0.0120 0.0158
vt 0.0200 0.0158
vt 0.0279 0.0158
vt 0.0399 0.0158
vt 0.0519 0.0158
vt 0.0599 0.0158
vt 0.0678 0.0158
vt 0.0798 0.0158
vt 0.0000 0.0224
vt 0.0120 0.0224
vt 0.0200 0.0224
vt 0.0279 0.0224
vt 0.0399 0.0224
vt 0.0519 0.0224
vt 0.0599 0.0224
vt 0.0678 0.0224
vt 0.0798 0.0224
vt 0.0000 0.0000
vt 0.0120 0.0000
vt 0.0200 0.0000
vt 0.0279 0.0000
vt 0.0399 0.0000
vt 0.0519 0.0000
vt 0.0599 0.0000
vt 0.0678 0.0000
vt 0.0798 0.0000
vt 0.0000 0.0066
vt 0.0120 0.0066
vt 0.0200 0.0066
vt 0.0279 0.0066
vt 0.0399 0.0066
vt 0.0519 0.0066
vt 0.0599 0.0066
vt 0.0678 0.0066
vt 0.0798 0.0066
vt 0.0000 0.0112
vt 0.0120 0.0112
vt 0.0200 0.0112
vt 0.0279 0.0112
vt 0.0399 0.0112
vt 0.0519 0.0112
vt 0.0599 0.0112
vt 0.0678 0.0112
vt 0.0798 0.0112
vt 0.0000 0.0158
vt 0.0120 0.0158
vt 0.0200 0.0158
vt 0.0279 0.0158
vt 0.0399 0.0158
vt 0.0519 0.0158
vt 0.0599 0.0158
vt 0.0678 0.0158
vt 0.0798 0.0158
vt 0.0000 0.0224
vt 0.0120 0.0224
vt 0.0200 0.0224
vt 0.0279 0.0224
vt 0.0399 0.0224
vt 0.0519 0.0224
vt 0.0599 0.0224
vt 0.0678 0.0224
vt 0.0798 0.0224
vt 0.0000 0.0000
vt 0.0120 0.0000
vt 0.0200 0.0000
vt 0.0279 0.0000
vt 0.0399 0.0000
vt 0.0519 0.0000
vt 0.0599 0.0000
vt 0.0678 0.0000
vt 0.0798 0.0000
vt 0.0000 0.0066
vt 0.0120 0.0066
vt 0.0200 0.0066
vt 0.0279 0.0066
vt 0.0399 0.0066
vt 0.0519 0.0066
vt 0.0599 0.0066
vt 0.0678 0.0066
vt 0.0798 0.0066
vt 0.0000 0.0112
vt 0.0120 0.0112
vt 0.0200 0.0112
vt 0.0279 0.0112
vt 0.0399 0.0112
vt 0.0519 0.0112
vt 0.0599 0.0112
vt 0.0678 0.0112
vt 0.0798 0.0112
vt 0.0000 0.0158
vt 0.0120 0.0158
vt 0.0200 0.0158
vt 0.0279 0.0158
vt 0.0399 0.0158
vt 0.0519 0.0158
vt 0.0599 0.0158
vt 0.0678 0.0158
vt 0.0798 0.0158
vt 0.0000 0.0224
vt 0.0120 0.0224
vt 0.0200 0.0224
vt 0.0279 0.0224
vt 0.0399 0.0224
vt 0.0519 0.0224
vt 0.0599 0.0224
vt 0.0678 0.0224
vt 0.0798 0.0224
vt 0.0000 0.0000
vt 0.0120 0.0000
vt 0.0200 0.0000
vt 0.0279 0.0000
vt 0.0399 0.0000
vt 0.0519 0.0000
vt 0.0599 0.0000
vt 0.0678 0.0000
vt 0.0798 0.0000
vt 0.0000 0.0066
vt 0.0120 0.0066
vt 0.0200 0.0066
vt 0.0279 0.0066
vt 0.0399 0.0066
vt 0.0519 0.0066
vt 0.0599 0.0066
vt 0.0678 0.0066
vt 0.0798 0.0066
vt 0.0000 0.0112
vt 0.0120 0.0112
vt 0.0200 0.0112
vt 0.0279 0.0112
vt 0.0399 0.0112
vt 0.0519 0.0112
vt 0.0599 0.0112
vt 0.0678 0.0112
vt 0.0798 0.0112
vt 0.0000 0.0158
vt 0.0120 0.0158
vt 0.0200 0.0158
vt 0.0279 0.0158
vt 0.0399 0.0158
vt 0.0519 0.0158
vt 0.0599 0.0158
vt 0.0678 0.0158
vt 0.0798 0.0158
vt 0.0000 0.0224
vt 0.0120 0.0224
vt 0.0200 0.0224
vt 0.0279 0.0224
vt 0.0399 0.0224
vt 0.0519 0.0224
vt 0.0599 0.0224
vt 0.0678 0.0224
vt 0.0798 0.0224
vt 0.0000 0.0000
vt 0.0075 0.0000
vt 0.0150 0.0000
vt 0.0225 0.0000
vt 0.0300 0.0000
vt 0.0375 0.0000
vt 0.0450 0.0000
vt 0.0000 0.0056
vt 0.0075 0.0056
vt 0.0150 0.0056
vt 0.0225 0.0056
vt 0.0300 0.0056
vt 0.0375 0.0056
vt 0.0450 0.0056
vt 0.0000 0.0104
vt 0.0075 0.0104
vt 0.0150 0.0104
vt 0.0225 0.0104
vt 0.0300 0.0104
vt 0.0375 0.0104
vt 0.0450 0.0104
vt 0.0000 0.0151
vt 0.0075 0.0151
vt 0.0150 0.0151
vt 0.0225 0.0151
vt 0.0300 0.0151
vt 0.0375 0.0151
vt 0.0450 0.0151
vt 0.0000 0.0207
vt 0.0075 0.0207
vt 0.0150 0.0207
vt 0.0225 0.0207
vt 0.0300 0.0207
vt 0.0375 0.0207
vt 0.0450 0.0207
vt 0.0000 0.0000
vt 0.0120 0.0000
vt 0.0200 0.0000
vt 0.0279 0.0000
vt 0.0399 0.0000
vt 0.0519 0.0000
vt 0.0599 0.0000
vt 0.0678 0.0000
vt 0.0798 0.0000
vt 0.0000 0.0066
vt 0.0120 0.0066
vt 0.0200 0.0066
vt 0.0279 0.0066
vt 0.0399 0.0066
vt 0.0519 0.0066
vt 0.0599 0.0066
vt 0.0678 0.0066
vt 0.0798 0.0066
vt 0.0000 0.0112
vt 0.0120 0.0112
vt 0.0200 0.0112
vt 0.0279 0.0112
vt 0.0399 0.0112
vt 0.0519 0.0112
vt 0.0599 0.0112
vt 0.0678 0.0112
vt 0.0798 0.0112
vt 0.0000 0.0158
vt 0.0120 0.0158
vt 0.0200 0.0158
vt 0.0279 0.0158
vt 0.0399 0.0158
vt 0.0519 0.0158
vt 0.0599 0.0158
vt 0.0678 0.0158
vt 0.0798 0.0158
vt 0.0000 0.0224
vt 0.0120 0.0224
vt 0.0200 0.0224
vt 0.0279 0.0224
vt 0.0399 0.0224
vt 0.0519 0.0224
vt 0.0599 0.0224
vt 0.0678 0.0224
vt 0.0798 0.0224
vt 0.0000 0.0000
vt 0.0120 0.0000
vt 0.0200 0.0000
vt 0.0279 0.0000
vt 0.0399 0.0000
vt 0.0519 0.0000
vt 0.0599 0.0000
vt 0.0678 0.0000
vt 0.0798 0.0000
vt 0.0000 0.0066
vt 0.0120 0.0066
vt 0.0200 0.0066
vt 0.0279 0.0066
vt 0.0399 0.0066
vt 0.0519 0.0066
vt 0.0599 0.0066
vt 0.0678 0.0066
vt 0.0798 0.0066
vt 0.0000 0.0112
vt 0.0120 0.0112
vt 0.0200 0.0112
vt 0.0279 0.0112
vt 0.0399 0.0112
vt 0.0519 0.0112
vt 0.0599 0.0112
vt 0.0678 0.0112
vt 0.0798 0.0112
vt 0.0000 0.0158
vt 0.0120 0.0158
vt 0.0200 0.0158
vt 0.0279 0.0158
vt 0.0399 0.0158
vt 0.0519 0.0158
vt 0.0599 0.0158
vt 0.0678 0.0158
vt 0.0798 0.0158
vt 0.0000 0.0224
vt 0.0120 0.0224
vt 0.0200 0.0224
vt 0.0279 0.0224
vt 0.0399 0.0224
vt 0.0519 0.0224
vt 0.0599 0.0224
vt 0.0678 0.0224
vt 0.0798 0.0224
vt 0.0000 0.0000
vt 0.0120 0.0000
vt 0.0200 0.0000
vt 0.0279 0.0000
vt 0.0399 0.0000
vt 0.0519 0.0000
vt 0.0599 0.0000
vt 0.0678 0.0000
vt 0.0798 0.0000
vt 0.0000 0.0066
vt 0.0120 0.0066
vt 0.0200 0.0066
vt 0.0279 0.0066
vt 0.0399 0.0066
vt 0.0519 0.0066
vt 0.0599 0.0066
vt 0.0678 0.0066
vt 0.0798 0.0066
vt 0.0000 0.0112
vt 0.0120 0.0112
vt 0.0200 0.0112
vt 0.0279 0.0112
vt 0.0399 0.0112
vt 0.0519 0.0112
vt 0.0599 0.0112
vt 0.0678 0.0112
vt 0.0798 0.0112
vt 0.0000 0.0158
vt 0.0120 0.0158
vt 0.0200 0.0158
vt 0.0279 0.0158
vt 0.0399 0.0158
vt 0.0519 0.0158
vt 0.0599 0.0158
vt 0.0678 0.0158
vt 0.0798 0.0158
vt 0.0000 0.0224
vt 0.0120 0.0224
vt 0.0200 0.0224
vt 0.0279 0.0224
vt 0.0399 0.0224
vt 0.0519 0.0224
vt 0.0599 0.0224
vt 0.0678 0.0224
vt 0.0798 0.0224
vt 0.0000 0.0000
vt 0.0120 0.0000
vt 0.0200 0.0000
vt 0.0279 0.0000
vt 0.0399 0.0000
vt 0.0519 0.0000
vt 0.0599 0.0000
vt 0.0678 0.0000
vt 0.0798 0.0000
vt 0.0000 0.0066
vt 0.0120 0.0066
vt 0.0200 0.0066
vt 0.0279 0.0066
vt 0.0399 0.0066
vt 0.0519 0.0066
vt 0.0599 0.0066
vt 0.0678 0.0066
vt 0.0798 0.0066
vt 0.0000 0.0112
vt 0.0120 0.0112
vt 0.0200 0.0112
vt 0.0279 0.0112
vt 0.0399 0.0112
vt 0.0519 0.0112
vt 0.0599 0.0112
vt 0.0678 0.0112
vt 0.0798 0.0112
vt 0.0000 0.0158
vt 0.0120 0.0158
vt 0.0200 0.0158
vt 0.0279 0.0158
vt 0.0399 0.0158
vt 0.0519 0.0158
vt 0.0599 0.0158
vt 0.0678 0.0158
vt 0.0798 0.0158
vt 0.0000 0.0224
vt 0.0120 0.0224
vt 0.0200 0.0224
vt 0.0279 0.0224
vt 0.0399 0.0224
vt 0.0519 0.0224
vt 0.0599 0.0224
vt 0.0678 0.0224
vt 0.0798 0.0224
vt 0.0000 0.0000
vt 0.0120 0.0000
vt 0.0200 0.0000
vt 0.0279 0.0000
vt 0.0399 0.0000
vt 0.0519 0.0000
vt 0.0599 0.0000
vt 0.0678 0.0000
vt 0.0798 0.0000
vt 0.0000 0.0066
vt 0.0120 0.0066
vt 0.0200 0.0066
vt 0.0279 0.0066
vt 0.0399 0.0066
vt 0.0519 0.0066
vt 0.0599 0.0066
vt 0.0678 0.0066
vt 0.0798 0.0066
vt 0.0000 0.0112
vt 0.0120 0.0112
vt 0.0200 0.0112
vt 0.0279 0.0112
vt 0.0399 0.0112
vt 0.0519 0.0112
vt 0.0599 0.0112
vt 0.0678 0.0112
vt 0.0798 0.0112
vt 0.0000 0.0158
vt 0.0120 0.0158
vt 0.0200 0.0158
vt 0.0279 0.0158
vt 0.0399 0.0158
vt 0.0519 0.0158
vt 0.0599 0.0158
vt 0.0678 0.0158
vt 0.0798 0.0158
vt 0.0000 0.0224
vt 0.0120 0.0224
vt 0.0200 0.0224
vt 0.0279 0.0224
vt 0.0399 0.0224
vt 0.0519 0.0224
vt 0.0599 0.0224
vt 0.0678 0.0224
vt 0.0798 0.0224
vt 0.0000 0.0000
vt 0.0075 0.0000
vt 0.0150 0.0000
vt 0.0225 0.0000
vt 0.0300 0.0000
vt 0.0375 0.0000
vt 0.0450 0.0000
vt 0.0000 0.0056
vt 0.0075 0.0056
vt 0.0150 0.0056
vt 0.0225 0.0056
vt 0.0300 0.0056
vt 0.0375 0.0056
vt 0.0450 0.0056
vt 0.0000 0.0104
vt 0.0075 0.0104
vt 0.0150 0.0104
vt 0.0225 0.0104
vt 0.0300 0.0104
vt 0.0375 0.0104
vt 0.0450 0.0104
vt 0.0000 0.0151
vt 0.0075 0.0151
vt 0.0150 0.0151
vt 0.0225 0.0151
vt 0.0300 0.0151
vt 0.0375 0.0151
vt 0.0450 0.0151
vt 0.0000 0.0207
vt 0.0075 0.0207
vt 0.0150 0.0207
vt 0.0225 0.0207
vt 0.0300 0.0207
vt 0.0375 0.0207
vt 0.0450 0.0207
vt 0.0000 0.0000
vt 0.0120 0.0000
vt 0.0200 0.0000
vt 0.0279 0.0000
vt 0.0399 0.0000
vt 0.0519 0.0000
vt 0.0599 0.0000
vt 0.0678 0.0000
vt 0.0798 0.0000
vt 0.0000 0.0066
vt 0.0120 0.0066
vt 0.0200 0.0066
vt 0.0279 0.0066
vt 0.0399 0.0066
vt 0.0519 0.0066
vt 0.0599 0.0066
vt 0.0678 0.0066
vt 0.0798 0.0066
vt 0.0000 0.0112
vt 0.0120 0.0112
vt 0.0200 0.0112
vt 0.0279 0.0112
vt 0.0399 0.0112
vt 0.0519 0.0112
vt 0.0599 0.0112
vt 0.0678 0.0112
vt 0.0798 0.0112
vt 0.0000 0.0158
vt 0.0120 0.0158
vt 0.0200 0.0158
vt 0.0279 0.0158
vt 0.0399 0.0158
vt 0.0519 0.0158
vt 0.0599 0.0158
vt 0.0678 0.0158
vt 0.0798 0.0158
vt 0.0000 0.0224
vt 0.0120 0.0224
vt 0.0200 0.0224
vt 0.0279 0.0224
vt 0.0399 0.0224
vt 0.0519 0.0224
vt 0.0599 0.0224
vt 0.0678 0.0224
vt 0.0798 0.0224
vt 0.0000 0.0000
vt 0.0120 0.0000
vt 0.0200 0.0000
vt 0.0279 0.0000
vt 0.0399 0.0000
vt 0.0519 0.0000
vt 0.0599 0.0000
vt 0.0678 0.0000
vt 0.0798 0.0000
vt 0.0000 0.0066
vt 0.0120 0.0066
vt 0.0200 0.0066
vt 0.0279 0.0066
vt 0.0399 0.0066
vt 0.0519 0.0066
vt 0.0599 0.0066
vt 0.0678 0.0066
vt 0.0798 0.0066
vt 0.0000 0.0112
vt 0.0120 0.0112
vt 0.0200 0.0112
vt 0.0279 0.0112
vt 0.0399 0.0112
vt 0.0519 0.0112
vt 0.0599 0.0112
vt 0.0678 0.0112
vt 0.0798 0.0112
vt 0.0000 0.0158
vt 0.0120 0.0158
vt 0.0200 0.0158
vt 0.0279 0.0158
vt 0.0399 0.0158
vt 0.0519 0.0158
vt 0.0599 0.0158
vt 0.0678 0.0158
vt 0.0798 0.0158
vt 0.0000 0.0224
vt 0.0120 0.0224
vt 0.0200 0.0224
vt 0.0279 0.0224
vt 0.0399 0.0224
vt 0.0519 0.0224
vt 0.0599 0.0224
vt 0.0678 0.0224
vt 0.0798 0.0224
vt 0.0000 0.0000
vt 0.0120 0.0000
vt 0.0200 0.0000
vt 0.0279 0.0000
vt 0.0399 0.0000
vt 0.0519 0.0000
vt 0.0599 0.0000
vt 0.0678 0.0000
vt 0.0798 0.0000
vt 0.0000 0.0066
vt 0.0120 0.0066
vt 0.0200 0.0066
vt 0.0279 0.0066
vt 0.0399 0.0066
vt 0.0519 0.0066
vt 0.0599 0.0066
vt 0.0678 0.0066
vt 0.0798 0.0066
vt 0.0000 0.0112
vt 0.0120 0.0112
vt 0.0200 0.0112
vt 0.0279 0.0112
vt 0.0399 0.0112
vt 0.0519 0.0112
vt 0.0599 0.0112
vt 0.0678 0.0112
vt 0.0798 0.0112
vt 0.0000 0.0158
vt 0.0120 0.0158
vt 0.0200 0.0158
vt 0.0279 0.0158
vt 0.0399 0.0158
vt 0.0519 0.0158
vt 0.0599 0.0158
vt 0.0678 0.0158
vt 0.0798 0.0158
vt 0.0000 0.0224
vt 0.0120 0.0224
vt 0.0200 0.0224
vt 0.0279 0.0224
vt 0.0399 0.0224
vt 0.0519 0.0224
vt 0.0599 0.0224
vt 0.0678 0.0224
vt 0.0798 0.0224
vt 0.0000 0.0000
vt 0.0120 0.0000
vt 0.0200 0.0000
vt 0.0279 0.0000
vt 0.0399 0.0000
vt 0.0519 0.0000
vt 0.0599 0.0000
vt 0.0678 0.0000
vt 0.0798 0.0000
vt 0.0000 0.0066
vt 0.0120 0.0066
vt 0.0200 0.0066
vt 0.0279 0.0066
vt 0.0399 0.0066
vt 0.0519 0.0066
vt 0.0599 0.0066
vt 0.0678 0.0066
vt 0.0798 0.0066
vt 0.0000 0.0112
vt 0.0120 0.0112
vt 0.0200 0.0112
vt 0.0279 0.0112
vt 0.0399 0.0112
vt 0.0519 0.0112
vt 0.0599 0.0112
vt 0.0678 0.0112
vt 0.0798 0.0112
vt 0.0000 0.0158
vt 0.0120 0.0158
vt 0.0200 0.0158
vt 0.0279 0.0158
vt 0.0399 0.0158
vt 0.0519 0.0158
vt 0.0599 0.0158
vt 0.0678 0.0158
vt 0.0798 0.0158
vt 0.0000 0.0224
vt 0.0120 0.0224
vt 0.0200 0.0224
vt 0.0279 0.0224
vt 0.0399 0.0224
vt 0.0519 0.0224
vt 0.0599 0.0224
vt 0.0678 0.0224
vt 0.0798 0.0224
vt 0.0000 0.0000
vt 0.0120 0.0000
vt 0.0200 0.0000
vt 0.0279 0.0000
vt 0.0399 0.0000
vt 0.0519 0.0000
vt 0.0599 0.0000
vt 0.0678 0.0000
vt 0.0798 0.0000
vt 0.0000 0.0066
vt 0.0120 0.0066
vt 0.0200 0.0066
vt 0.0279 0.0066
vt 0.0399 0.0066
vt 0.0519 0.0066
vt 0.0599 0.0066
vt 0.0678 0.0066
vt 0.0798 0.0066
vt 0.0000 0.0112
vt 0.0120 0.0112
vt 0.0200 0.0112
vt 0.0279 0.0112
vt 0.0399 0.0112
vt 0.0519 0.0112
vt 0.0599 0.0112
vt 0.0678 0.0112
vt 0.0798 0.0112
vt 0.0000 0.0158
vt 0.0120 0.0158
vt 0.0200 0.0158
vt 0.0279 0.0158
vt 0.0399 0.0158
vt 0.0519 0.0158
vt 0.0599 0.0158
vt 0.0678 0.0158
vt 0.0798 0.0158
vt 0.0000 0.0224
vt 0.0120 0.0224
vt 0.0200 0.0224
vt 0.0279 0.0224
vt 0.0399 0.0224
vt 0.0519 0.0224
vt 0.0599 0.0224
vt 0.0678 0.0224
vt 0.0798 0.0224
vt 0.0000 0.0000
vt 0.0075 0.0000
vt 0.0150 0.0000
vt 0.0225 0.0000
vt 0.0300 0.0000
vt 0.0375 0.0000
vt 0.0450 0.0000
vt 0.0000 0.0056
vt 0.0075 0.0056
vt 0.0150 0.0056
vt 0.0225 0.0056
vt 0.0300 0.0056
vt 0.0375 0.0056
vt 0.0450 0.0056
vt 0.0000 0.0104
vt 0.0075 0.0104
vt 0.0150 0.0104
vt 0.0225 0.0104
vt 0.0300 0.0104
vt 0.0375 0.0104
vt 0.0450 0.0104
vt 0.0000 0.0151
vt 0.0075 0.0151
vt 0.0150 0.0151
vt 0.0225 0.0151
vt 0.0300 0.0151
vt 0.0375 0.0151
vt 0.0450 0.0151
vt 0.0000 0.0207
vt 0.0075 0.0207
vt 0.0150 0.0207
vt 0.0225 0.0207
vt 0.0300 0.0207
vt 0.0375 0.0207
vt 0.0450 0.0207
vt 0.0000 0.0000
vt 0.0120 0.0000
vt 0.0200 0.0000
vt 0.0279 0.0000
vt 0.0399 0.0000
vt 0.0519 0.0000
vt 0.0599 0.0000
vt 0.0678 0.0000
vt 0.0798 0.0000
vt 0.0000 0.0066
vt 0.0120 0.0066
vt 0.0200 0.0066
vt 0.0279 0.0066
vt 0.0399 0.0066
vt 0.0519 0.0066
vt 0.0599 0.0066
vt 0.0678 0.0066
vt 0.0798 0.0066
vt 0.0000 0.0112
vt 0.0120 0.0112
vt 0.0200 0.0112
vt 0.0279 0.0112
vt 0.0399 0.0112
vt 0.0519 0.0112
vt 0.0599 0.0112
vt 0.0678 0.0112
vt 0.0798 0.0112
vt 0.0000 0.0158
vt 0.0120 0.0158
vt 0.0200 0.0158
vt 0.0279 0.0158
vt 0.0399 0.0158
vt 0.0519 0.0158
vt 0.0599 0.0158
vt 0.0678 0.0158
vt 0.0798 0.0158
vt 0.0000 0.0224
vt 0.0120 0.0224
vt 0.0200 0.0224
vt 0.0279 0.0224
vt 0.0399 0.0224
vt 0.0519 0.0224
vt 0.0599 0.0224
vt 0.0678 0.0224
vt 0.0798 0.0224
vt 0.0000 0.0000
vt 0.0120 0.0000
vt 0.0200 0.0000
vt 0.0279 0.0000
vt 0.0399 0.0000
vt 0.0519 0.0000
vt 0.0599 0.0000
vt 0.0678 0.0000
vt 0.0798 0.0000
vt 0.0000 0.0066
vt 0.0120 0.0066
vt 0.0200 0.0066
vt 0.0279 0.0066
vt 0.0399 0.0066
vt 0.0519 0.0066
vt 0.0599 0.0066
vt 0.0678 0.0066
vt 0.0798 0.0066
vt 0.0000 0.0112
vt 0.0120 0.0112
vt 0.0200 0.0112
vt 0.0279 0.0112
vt 0.0399 0.0112
vt 0.0519 0.0112
vt 0.0599 0.0112
vt 0.0678 0.0112
vt 0.0798 0.0112
vt 0.0000 0.0158
vt 0.0120 0.0158
vt 0.0200 0.0158
vt 0.0279 0.0158
vt 0.0399 0.0158
vt 0.0519 0.0158
vt 0.0599 0.0158
vt 0.0678 0.0158
vt 0.0798 0.0158
vt 0.0000 0.0224
vt 0.0120 0.0224
vt 0.0200 0.0224
vt 0.0279 0.0224
vt 0.0399 0.0224
vt 0.0519 0.0224
vt 0.0599 0.0224
vt 0.0678 0.0224
vt 0.0798 0.0224
vt 0.0000 0.0000
vt 0.0120 0.0000
vt 0.0200 0.0000
vt 0.0279 0.0000
vt 0.0399 0.0000
vt 0.0519 0.0000
vt 0.0599 0.0000
vt 0.0678 0.0000
vt 0.0798 0.0000
vt 0.0000 0.0066
vt 0.0120 0.0066
vt 0.0200 0.0066
vt 0.0279 0.0066
vt 0.0399 0.0066
vt 0.0519 0.0066
vt 0.0599 0.0066
vt 0.0678 0.0066
vt 0.0798 0.0066
vt 0.0000 0.0112
vt 0.0120 0.0112
vt 0.0200 0.0112
vt 0.0279 0.0112
vt 0.0399 0.0112
vt 0.0519 0.0112
vt 0.0599 0.0112
vt 0.0678 0.0112
vt 0.0798 0.0112
vt 0.0000 0.0158
vt 0.0120 0.0158
vt 0.0200 0.0158
vt 0.0279 0.0158
vt 0.0399 0.0158
vt 0.0519 0.0158
vt 0.0599 0.0158
vt 0.0678 0.0158
vt 0.0798 0.0158
vt 0.0000 0.0224
vt 0.0120 0.0224
vt 0.0200 0.0224
vt 0.0279 0.0224
vt 0.0399 0.0224
vt 0.0519 0.0224
vt 0.0599 0.0224
vt 0.0678 0.0224
vt 0.0798 0.0224
vt 0.0000 0.0000
vt 0.0120 0.0000
vt 0.0200 0.0000
vt 0.0279 0.0000
vt 0.0399 0.0000
vt 0.0519 0.0000
vt 0.0599 0.0000
vt 0.0678 0.0000
vt 0.0798 0.0000
vt 0.0000 0.0066
vt 0.0120 0.0066
vt 0.0200 0.0066
vt 0.0279 0.0066
vt 0.0399 0.0066
vt 0.0519 0.0066
vt 0.0599 0.0066
vt 0.0678 0.0066
vt 0.0798 0.0066
vt 0.0000 0.0112
vt 0.0120 0.0112
vt 0.0200 0.0112
vt 0.0279 0.0112
vt 0.0399 0.0112
vt 0.0519 0.0112
vt 0.0599 0.0112
vt 0.0678 0.0112
vt 0.0798 0.0112
vt 0.0000 0.0158
vt 0.0120 0.0158
vt 0.0200 0.0158
vt 0.0279 0.0158
vt 0.0399 0.0158
vt 0.0519 0.0158
vt 0.0599 0.0158
vt 0.0678 0.0158
vt 0.0798 0.0158
vt 0.0000 0.0224
vt 0.0120 0.0224
vt 0.0200 0.0224
vt 0.0279 0.0224
vt 0.0399 0.0224
vt 0.0519 0.0224
vt 0.0599 0.0224
vt 0.0678 0.0224
vt 0.0798 0.0224
vt 0.0000 0.0000
vt 0.0120 0.0000
vt 0.0200 0.0000
vt 0.0279 0.0000
vt 0.0399 0.0000
vt 0.0519 0.0000
vt 0.0599 0.0000
vt 0.0678 0.0000
vt 0.0798 0.0000
vt 0.0000 0.0066
vt 0.0120 0.0066
vt 0.0200 0.0066
vt 0.0279 0.0066
vt 0.0399 0.0066
vt 0.0519 0.0066
vt 0.0599 0.0066
vt 0.0678 0.0066
vt 0.0798 0.0066
vt 0.0000 0.0112
vt 0.0120 0.0112
vt 0.0200 0.0112
vt 0.0279 0.0112
vt 0.0399 0.0112
vt 0.0519 0.0112
vt 0.0599 0.0112
vt 0.0678 0.0112
vt 0.0798 0.0112
vt 0.0000 0.0158
vt 0.0120 0.0158
vt 0.0200 0.0158
vt 0.0279 0.0158
vt 0.0399 0.0158
vt 0.0519 0.0158
vt 0.0599 0.0158
vt 0.0678 0.0158
vt 0.0798 0.0158
vt 0.0000 0.0224
vt 0.0120 0.0224
vt 0.0200 0.0224
vt 0.0279 0.0224
vt 0.0399 0.0224
vt 0.0519 0.0224
vt 0.0599 0.0224
vt 0.0678 0.0224
vt 0.0798 0.0224
vt 0.0000 0.0000
vt 0.0075 0.0000
vt 0.0150 0.0000
vt 0.0225 0.0000
vt 0.0300 0.0000
vt 0.0375 0.0000
vt 0.0450 0.0000
vt 0.0000 0.0056
vt 0.0075 0.0056
vt 0.0150 0.0056
vt 0.0225 0.0056
vt 0.0300 0.0056
vt 0.0375 0.0056
vt 0.0450 0.0056
vt 0.0000 0.0104
vt 0.0075 0.0104
vt 0.0150 0.0104
vt 0.0225 0.0104
vt 0.0300 0.0104
vt 0.0375 0.0104
vt 0.0450 0.0104
vt 0.0000 0.0151
vt 0.0075 0.0151
vt 0.0150 0.0151
vt 0.0225 0.0151
vt 0.0300 0.0151
vt 0.0375 0.0151
vt 0.0450 0.0151
vt 0.0000 0.0207
vt 0.0075 0.0207
vt 0.0150 0.0207
vt 0.0225 0.0207
vt 0.0300 0.0207
vt 0.0375 0.0207
vt 0.0450 0.0207
vt 0.0000 0.0000
vt 0.0120 0.0000
vt 0.0200 0.0000
vt 0.0279 0.0000
vt 0.0399 0.0000
vt 0.0519 0.0000
vt 0.0599 0.0000
vt 0.0678 0.0000
vt 0.0798 0.0000
vt 0.0000 0.0066
vt 0.0120 0.0066
vt 0.0200 0.0066
vt 0.0279 0.0066
vt 0.0399 0.0066
vt 0.0519 0.0066
vt 0.0599 0.0066
vt 0.0678 0.0066
vt 0.0798 0.0066
vt 0.0000 0.0112
vt 0.0120 0.0112
vt 0.0200 0.0112
vt 0.0279 0.0112
vt 0.0399 0.0112
vt 0.0519 0.0112
vt 0.0599 0.0112
vt 0.0678 0.0112
vt 0.0798 0.0112
vt 0.0000 0.0158
vt 0.0120 0.0158
vt 0.0200 0.0158
vt 0.0279 0.0158
vt 0.0399 0.0158
vt 0.0519 0.0158
vt 0.0599 0.0158
vt 0.0678 0.0158
vt 0.0798 0.0158
vt 0.0000 0.0224
vt 0.0120 0.0224
vt 0.0200 0.0224
vt 0.0279 0.0224
vt 0.0399 0.0224
vt 0.0519 0.0224
vt 0.0599 0.0224
vt 0.0678 0.0224
vt 0.0798 0.0224
vt 0.0000 0.0000
vt 0.0120 0.0000
vt 0.0200 0.0000
vt 0.0279 0.0000
vt 0.0399 0.0000
vt 0.0519 0.0000
vt 0.0599 0.0000
vt 0.0678 0.0000
vt 0.0798 0.0000
vt 0.0000 0.0066
vt 0.0120 0.0066
vt 0.0200 0.0066
vt 0.0279 0.0066
vt 0.0399 0.0066
vt 0.0519 0.0066
vt 0.0599 0.0066
vt 0.0678 0.0066
vt 0.0798 0.0066
vt 0.0000 0.0112
vt 0.0120 0.0112
vt 0.0200 0.0112
vt 0.0279 0.0112
vt 0.0399 0.0112
vt 0.0519 0.0112
vt 0.0599 0.0112
vt 0.0678 0.0112
vt 0.0798 0.0112
vt 0.0000 0.0158
vt 0.0120 0.0158
vt 0.0200 0.0158
vt 0.0279 0.0158
vt 0.0399 0.0158
vt 0.0519 0.0158
vt 0.0599 0.0158
vt 0.0678 0.0158
vt 0.0798 0.0158
vt 0.0000 0.0224
vt 0.0120 0.0224
vt 0.0200 0.0224
vt 0.0279 0.0224
vt 0.0399 0.0224
vt 0.0519 0.0224
vt 0.0599 0.0224
vt 0.0678 0.0224
vt 0.0798 0.0224
vt 0.0000 0.0000
vt 0.0120 0.0000
vt 0.0200 0.0000
vt 0.0279 0.0000
vt 0.0399 0.0000
vt 0.0519 0.0000
vt 0.0599 0.0000
vt 0.0678 0.0000
vt 0.0798 0.0000
vt 0.0000 0.0066
vt 0.0120 0.0066
vt 0.0200 0.0066
vt 0.0279 0.0066
vt 0.0399 0.0066
vt 0.0519 0.0066
vt 0.0599 0.0066
vt 0.0678 0.0066
vt 0.0798 0.0066
vt 0.0000 0.0112
vt 0.0120 0.0112
vt 0.0200 0.0112
vt 0.0279 0.0112
vt 0.0399 0.0112
vt 0.0519 0.0112
vt 0.0599 0.0112
vt 0.0678 0.0112
vt 0.0798 0.0112
vt 0.0000 0.0158
vt 0.0120 0.0158
vt 0.0200 0.0158
vt 0.0279 0.0158
vt 0.0399 0.0158
vt 0.0519 0.0158
vt 0.0599 0.0158
vt 0.0678 0.0158
vt 0.0798 0.0158
vt 0.0000 0.0224
vt 0.0120 0.0224
vt 0.0200 0.0224
vt 0.0279 0.0224
vt 0.0399 0.0224
vt 0.0519 0.0224
vt 0.0599 0.0224
vt 0.0678 0.0224
vt 0.0798 0.0224
vt 0.0000 0.0000
vt 0.0120 0.0000
vt 0.0200 0.0000
vt 0.0279 0.0000
vt 0.0399 0.0000
vt 0.0519 0.0000
vt 0.0599 0.0000
vt 0.0678 0.0000
vt 0.0798 0.0000
vt 0.0000 0.0066
vt 0.0120 0.0066
vt 0.0200 0.0066
vt 0.0279 0.0066
vt 0.0399 0.0066
vt 0.0519 0.0066
vt 0.0599 0.0066
vt 0.0678 0.0066
vt 0.0798 0.0066
vt 0.0000 0.0112
vt 0.0120 0.0112
vt 0.0200 0.0112
vt 0.0279 0.0112
vt 0.0399 0.0112
vt 0.0519 0.0112
vt 0.0599 0.0112
vt 0.0678 0.0112
vt 0.0798 0.0112
vt 0.0000 0.0158
vt 0.0120 0.0158
vt 0.0200 0.0158
vt 0.0279 0.0158
vt 0.0399 0.0158
vt 0.0519 0.0158
vt 0.0599 0.0158
vt 0.0678 0.0158
vt 0.0798 0.0158
vt 0.0000 0.0224
vt 0.0120 0.0224
vt 0.0200 0.0224
vt 0.0279 0.0224
vt 0.0399 0.0224
vt 0.0519 0.0224
vt 0.0599 0.0224
vt 0.0678 0.0224
vt 0.0798 0.0224
vt 0.0000 0.0000
vt 0.0120 0.0000
vt 0.0200 0.0000
vt 0.0279 0.0000
vt 0.0399 0.0000
vt 0.0519 0.0000
vt 0.0599 0.0000
vt 0.0678 0.0000
vt 0.0798 0.0000
vt 0.0000 0.0066
vt 0.0120 0.0066
vt 0.0200 0.0066
vt 0.0279 0.0066
vt 0.0399 0.0066
vt 0.0519 0.0066
vt 0.0599 0.0066
vt 0.0678 0.0066
vt 0.0798 0.0066
vt 0.0000 0.0112
vt 0.0120 0.0112
vt 0.0200 0.0112
vt 0.0279 0.0112
vt 0.0399 0.0112
vt 0.0519 0.0112
vt 0.0599 0.0112
vt 0.0678 0.0112
vt 0.0798 0.0112
vt 0.0000 0.0158
vt 0.0120 0.0158
vt 0.0200 0.0158
vt 0.0279 0.0158
vt 0.0399 0.0158
vt 0.0519 0.0158
vt 0.0599 0.0158
vt 0.0678 0.0158
vt 0.0798 0.0158
vt 0.0000 0.0224
vt 0.0120 0.0224
vt 0.0200 0.0224
vt 0.0279 0.0224
vt 0.0399 0.0224
vt 0.0519 0.0224
vt 0.0599 0.0224
vt 0.0678 0.0224
vt 0.0798 0.0224
vt 0.0000 0.0000
vt 0.0075 0.0000
vt 0.0150 0.0000
vt 0.0225 0.0000
vt 0.0300 0.0000
vt 0.0375 0.0000
vt 0.0450 0.0000
vt 0.0000 0.0056
vt 0.0075 0.0056
vt 0.0150 0.0056
vt 0.0225 0.0056
vt 0.0300 0.0056
vt 0.0375 0.0056
vt 0.0450 0.0056
vt 0.0000 0.0104
vt 0.0075 0.0104
vt 0.0150 0.0104
vt 0.0225 0.0104
vt 0.0300 0.0104
vt 0.0375 0.0104
vt 0.0450 0.0104
vt 0.0000 0.0151
vt 0.0075 0.0151
vt 0.0150 0.0151
vt 0.0225 0.0151
vt 0.0300 0.0151
vt 0.0375 0.0151
vt 0.0450 0.0151
vt 0.0000 0.0207
vt 0.0075 0.0207
vt 0.0150 0.0207
vt 0.0225 0.0207
vt 0.0300 0.0207
vt 0.0375 0.0207
vt 0.0450 0.0207
vt 0.0000 0.0000
vt 0.0120 0.0000
vt 0.0200 0.0000
vt 0.0279 0.0000
vt 0.0399 0.0000
vt 0.0519 0.0000
vt 0.0599 0.0000
vt 0.0678 0.0000
vt 0.0798 0.0000
vt 0.0000 0.0066
vt 0.0120 0.0066
vt 0.0200 0.0066
vt 0.0279 0.0066
vt 0.0399 0.0066
vt 0.0519 0.0066
vt 0.0599 0.0066
vt 0.0678 0.0066
vt 0.0798 0.0066
vt 0.0000 0.0112
vt 0.0120 0.0112
vt 0.0200 0.0112
vt 0.0279 0.0112
vt 0.0399 0.0112
vt 0.0519 0.0112
vt 0.0599 0.0112
vt 0.0678 0.0112
vt 0.0798 0.0112
vt 0.0000 0.0158
vt 0.0120 0.0158
vt 0.0200 0.0158
vt 0.0279 0.0158
vt 0.0399 0.0158
vt 0.0519 0.0158
vt 0.0599 0.0158
vt 0.0678 0.0158
vt 0.0798 0.0158
vt 0.0000 0.0224
vt 0.0120 0.0224
vt 0.0200 0.0224
vt 0.0279 0.0224
vt 0.0399 0.0224
vt 0.0519 0.0224
vt 0.0599 0.0224
vt 0.0678 0.0224
vt 0.0798 0.0224
vt 0.0000 0.0000
vt 0.0120 0.0000
vt 0.0200 0.0000
vt 0.0279 0.0000
vt 0.0399 0.0000
vt 0.0519 0.0000
vt 0.0599 0.0000
vt 0.0678 0.0000
vt 0.0798 0.0000
vt 0.0000 0.0066
vt 0.0120 0.0066
vt 0.0200 0.0066
vt 0.0279 0.0066
vt 0.0399 0.0066
vt 0.0519 0.0066
vt 0.0599 0.0066
vt 0.0678 0.0066
vt 0.0798 0.0066
vt 0.0000 0.0112
vt 0.0120 0.0112
vt 0.0200 0.0112
vt 0.0279 0.0112
vt 0.0399 0.0112
vt 0.0519 0.0112
vt 0.0599 0.0112
vt 0.0678 0.0112
vt 0.0798 0.0112
vt 0.0000 0.0158
vt 0.0120 0.0158
vt 0.0200 0.0158
vt 0.0279 0.0158
vt 0.0399 0.0158
vt 0.0519 0.0158
vt 0.0599 0.0158
vt 0.0678 0.0158
vt 0.0798 0.0158
vt 0.0000 0.0224
vt 0.0120 0.0224
vt 0.0200 0.0224
vt 0.0279 0.0224
vt 0.0399 0.0224
vt 0.0519 0.0224
vt 0.0599 0.0224
vt 0.0678 0.0224
vt 0.0798 0.0224
vt 0.0000 0.0000
vt 0.0120 0.0000
vt 0.0200 0.0000
vt 0.0279 0.0000
vt 0.0399 0.0000
vt 0.0519 0.0000
vt 0.0599 0.0000
vt 0.0678 0.0000
vt 0.0798 0.0000
vt 0.0000 0.0066
vt 0.0120 0.0066
vt 0.0200 0.0066
vt 0.0279 0.0066
vt 0.0399 0.0066
vt 0.0519 0.0066
vt 0.0599 0.0066
vt 0.0678 0.0066
vt 0.0798 0.0066
vt 0.0000 0.0112
vt 0.0120 0.0112
vt 0.0200 0.0112
vt 0.0279 0.0112
vt 0.0399 0.0112
vt 0.0519 0.0112
vt 0.0599 0.0112
vt 0.0678 0.0112
vt 0.0798 0.0112
vt 0.0000 0.0158
vt 0.0120 0.0158
vt 0.0200 0.0158
vt 0.0279 0.0158
vt 0.0399 0.0158
vt 0.0519 0.0158
vt 0.0599 0.0158
vt 0.0678 0.0158
vt 0.0798 0.0158
vt 0.0000 0.0224
vt 0.0120 0.0224
vt 0.0200 0.0224
vt 0.0279 0.0224
vt 0.0399 0.0224
vt 0.0519 0.0224
vt 0.0599 0.0224
vt 0.0678 0.0224
vt 0.0798 0.0224
vt 0.0000 0.0000
vt 0.0120 0.0000
vt 0.0200 0.0000
vt 0.0279 0.0000
vt 0.0399 0.0000
vt 0.0519 0.0000
vt 0.0599 0.0000
vt 0.0678 0.0000
vt 0.0798 0.0000
vt 0.0000 0.0066
vt 0.0120 0.0066
vt 0.0200 0.0066
vt 0.0279 0.0066
vt 0.0399 0.0066
vt 0.0519 0.0066
vt 0.0599 0.0066
vt 0.0678 0.0066
vt 0.0798 0.0066
vt 0.0000 0.0112
vt 0.0120 0.0112
vt 0.0200 0.0112
vt 0.0279 0.0112
vt 0.0399 0.0112
vt 0.0519 0.0112
vt 0.0599 0.0112
vt 0.0678 0.0112
vt 0.0798 0.0112
vt 0.0000 0.0158
vt 0.0120 0.0158
vt 0.0200 0.0158
vt 0.0279 0.0158
vt 0.0399 0.0158
vt 0.0519 0.0158
vt 0.0599 0.0158
vt 0.0678 0.0158
vt 0.0798 0.0158
vt 0.0000 0.0224
vt 0.0120 0.0224
vt 0.0200 0.0224
vt 0.0279 0.0224
vt 0.0399 0.0224
vt 0.0519 0.0224
vt 0.0599 0.0224
vt 0.0678 0.0224
vt 0.0798 0.0224
vt 0.0000 0.0000
vt 0.0120 0.0000
vt 0.0200 0.0000
vt 0.0279 0.0000
vt 0.0399 0.0000
vt 0.0519 0.0000
vt 0.0599 0.0000
vt 0.0678 0.0000
vt 0.0798 0.0000
vt 0.0000 0.0066
vt 0.0120 0.0066
vt 0.0200 0.0066
vt 0.0279 0.0066
vt 0.0399 0.0066
vt 0.0519 0.0066
vt 0.0599 0.0066
vt 0.0678 0.0066
vt 0.0798 0.0066
vt 0.0000 0.0112
vt 0.0120 0.0112
vt 0.0200 0.0112
vt 0.0279 0.0112
vt 0.0399 0.0112
vt 0.0519 0.0112
vt 0.0599 0.0112
vt 0.0678 0.0112
vt 0.0798 0.0112
vt 0.0000 0.0158
vt 0.0120 0.0158
vt 0.0200 0.0158
vt 0.0279 0.0158
vt 0.0399 0.0158
vt 0.0519 0.0158
vt 0.0599 0.0158
vt 0.0678 0.0158
vt 0.0798 0.0158
vt 0.0000 0.0224
vt 0.0120 0.0224
vt 0.0200 0.0224
vt 0.0279 0.0224
vt 0.0399 0.0224
vt 0.0519 0.0224
vt 0.0599 0.0224
vt 0.0678 0.0224
vt 0.0798 0.0224
vt 0.0000 0.0000
vt 0.0075 0.0000
vt 0.0150 0.0000
vt 0.0225 0.0000
vt 0.0300 0.0000
vt 0.0375 0.0000
vt 0.0450 0.0000
vt 0.0000 0.0056
vt 0.0075 0.0056
vt 0.0150 0.0056
vt 0.0225 0.0056
vt 0.0300 0.0056
vt 0.0375 0.0056
vt 0.0450 0.0056
vt 0.0000 0.0104
vt 0.0075 0.0104
vt 0.0150 0.0104
vt 0.0225 0.0104
vt 0.0300 0.0104
vt 0.0375 0.0104
vt 0.0450 0.0104
vt 0.0000 0.0151
vt 0.0075 0.0151
vt 0.0150 0.0151
vt 0.0225 0.0151
vt 0.0300 0.0151
vt 0.0375 0.0151
vt 0.0450 0.0151
vt 0.0000 0.0207
vt 0.0075 0.0207
vt 0.0150 0.0207
vt 0.0225 0.0207
vt 0.0300 0.0207
vt 0.0375 0.0207
vt 0.0450 0.0207
vt 0.0000 0.0000
vt 0.0120 0.0000
vt 0.0200 0.0000
vt 0.0279 0.0000
vt 0.0399 0.0000
vt 0.0519 0.0000
vt 0.0599 0.0000
vt 0.0678 0.0000
vt 0.0798 0.0000
vt 0.0000 0.0066
vt 0.0120 0.0066
vt 0.0200 0.0066
vt 0.0279 0.0066
vt 0.0399 0.0066
vt 0.0519 0.0066
vt 0.0599 0.0066
vt 0.0678 0.0066
vt 0.0798 0.0066
vt 0.0000 0.0112
vt 0.0120 0.0112
vt 0.0200 0.0112
vt 0.0279 0.0112
vt 0.0399 0.0112
vt 0.0519 0.0112
vt 0.0599 0.0112
vt 0.0678 0.0112
vt 0.0798 0.0112
vt 0.0000 0.0158
vt 0.0120 0.0158
vt 0.0200 0.0158
vt 0.0279 0.0158
vt 0.0399 0.0158
vt 0.0519 0.0158
vt 0.0599 0.0158
vt 0.0678 0.0158
vt 0.0798 0.0158
vt 0.0000 0.0224
vt 0.0120 0.0224
vt 0.0200 0.0224
vt 0.0279 0.0224
vt 0.0399 0.0224
vt 0.0519 0.0224
vt 0.0599 0.0224
vt 0.0678 0.0224
vt 0.0798 0.0224
vt 0.0000 0.0000
vt 0.0120 0.0000
vt 0.0200 0.0000
vt 0.0279 0.0000
vt 0.0399 0.0000
vt 0.0519 0.0000
vt 0.0599 0.0000
vt 0.0678 0.0000
vt 0.0798 0.0000
vt 0.0000 0.0066
vt 0.0120 0.0066
vt 0.0200 0.0066
vt 0.0279 0.0066
vt 0.0399 0.0066
vt 0.0519 0.0066
vt 0.0599 0.0066
vt 0.0678 0.0066
vt 0.0798 0.0066
vt 0.0000 0.0112
vt 0.0120 0.0112
vt 0.0200 0.0112
vt 0.0279 0.0112
vt 0.0399 0.0112
vt 0.0519 0.0112
vt 0.0599 0.0112
vt 0.0678 0.0112
vt 0.0798 0.0112
vt 0.0000 0.0158
vt 0.0120 0.0158
vt 0.0200 0.0158
vt 0.0279 0.0158
vt 0.0399 0.0158
vt 0.0519 0.0158
vt 0.0599 0.0158
vt 0.0678 0.0158
vt 0.0798 0.0158
vt 0.0000 0.0224
vt 0.0120 0.0224
vt 0.0200 0.0224
vt 0.0279 0.0224
vt 0.0399 0.0224
vt 0.0519 0.0224
vt 0.0599 0.0224
vt 0.0678 0.0224
vt 0.0798 0.0224
vt 0.0000 0.0000
vt 0.0120 0.0000
vt 0.0200 0.0000
vt 0.0279 0.0000
vt 0.0399 0.0000
vt 0.0519 0.0000
vt 0.0599 0.0000
vt 0.0678 0.0000
vt 0.0798 0.0000
vt 0.0000 0.0066
vt 0.0120 0.0066
vt 0.0200 0.0066
vt 0.0279 0.0066
vt 0.0399 0.0066
vt 0.0519 0.0066
vt 0.0599 0.0066
vt 0.0678 0.0066
vt 0.0798 0.0066
vt 0.0000 0.0112
vt 0.0120 0.0112
vt 0.0200 0.0112
vt 0.0279 0.0112
vt 0.0399 0.0112
vt 0.0519 0.0112
vt 0.0599 0.0112
vt 0.0678 0.0112
vt 0.0798 0.0112
vt 0.0000 0.0158
vt 0.0120 0.0158
vt 0.0200 0.0158
vt 0.0279 0.0158
vt 0.0399 0.0158
vt 0.0519 0.0158
vt 0.0599 0.0158
vt 0.0678 0.0158
vt 0.0798 0.0158
vt 0.0000 0.0224
vt 0.0120 0.0224
vt 0.0200 0.0224
vt 0.0279 0.0224
vt 0.0399 0.0224
vt 0.0519 0.0224
vt 0.0599 0.0224
vt 0.0678 0.0224
vt 0.0798 0.0224
vt 0.0000 0.0000
vt 0.0120 0.0000
vt 0.0200 0.0000
vt 0.0279 0.0000
vt 0.0399 0.0000
vt 0.0519 0.0000
vt 0.0599 0.0000
vt 0.0678 0.0000
vt 0.0798 0.0000
vt 0.0000 0.0066
vt 0.0120 0.0066
vt 0.0200 0.0066
vt 0.0279 0.0066
vt 0.0399 0.0066
vt 0.0519 0.0066
vt 0.0599 0.0066
vt 0.0678 0.0066
vt 0.0798 0.0066
vt 0.0000 0.0112
vt 0.0120 0.0112
vt 0.0200 0.0112
vt 0.0279 0.0112
vt 0.0399 0.0112
vt 0.0519 0.0112
vt 0.0599 0.0112
vt 0.0678 0.0112
vt 0.0798 0.0112
vt 0.0000 0.0158
vt 0.0120 0.0158
vt 0.0200 0.0158
vt 0.0279 0.0158
vt 0.0399 0.0158
vt 0.0519 0.0158
vt 0.0599 0.0158
vt 0.0678 0.0158
vt 0.0798 0.0158
vt 0.0000 0.0224
vt 0.0120 0.0224
vt 0.0200 0.0224
vt 0.0279 0.0224
vt 0.0399 0.0224
vt 0.0519 0.0224
vt 0.0599 0.0224
vt 0.0678 0.0224
vt 0.0798 0.0224
vt 0.0000 0.0000
vt 0.0120 0.0000
vt 0.0200 0.0000
vt 0.0279 0.0000
vt 0.0399 0.0000
vt 0.0519 0.0000
vt 0.0599 0.0000
vt 0.0678 0.0000
vt 0.0798 0.0000
vt 0.0000 0.0066
vt 0.0120 0.0066
vt 0.0200 0.0066
vt 0.0279 0.0066
vt 0.0399 0.0066
vt 0.0519 0.0066
vt 0.0599 0.0066
vt 0.0678 0.0066
vt 0.0798 0.0066
vt 0.0000 0.0112
vt 0.0120 0.0112
vt 0.0200 0.0112
vt 0.0279 0.0112
vt 0.0399 0.0112
vt 0.0519 0.0112
vt 0.0599 0.0112
vt 0.0678 0.0112
vt 0.0798 0.0112
vt 0.0000 0.0158
vt 0.0120 0.0158
vt 0.0200 0.0158
vt 0.0279 0.0158
vt 0.0399 0.0158
vt 0.0519 0.0158
vt 0.0599 0.0158
vt 0.0678 0.0158
vt 0.0798 0.0158
vt 0.0000 0.0224
vt 0.0120 0.0224
vt 0.0200 0.0224
vt 0.0279 0.0224
vt 0.0399 0.0224
vt 0.0519 0.0224
vt 0.0599 0.0224
vt 0.0678 0.0224
vt 0.0798 0.0224
vt 0.0000 0.0000
vt 0.0075 0.0000
vt 0.0150 0.0000
vt 0.0225 0.0000
vt 0.0300 0.0000
vt 0.0375 0.0000
vt 0.0450 0.0000
vt 0.0000 0.0056
vt 0.0075 0.0056
vt 0.0150 0.0056
vt 0.0225 0.0056
vt 0.0300 0.0056
vt 0.0375 0.0056
vt 0.0450 0.0056
vt 0.0000 0.0104
vt 0.0075 0.0104
vt 0.0150 0.0104
vt 0.0225 0.0104
vt 0.0300 0.0104
vt 0.0375 0.0104
vt 0.0450 0.0104
vt 0.0000 0.0151
vt 0.0075 0.0151
vt 0.0150 0.0151
vt 0.0225 0.0151
vt 0.0300 0.0151
vt 0.0375 0.0151
vt 0.0450 0.0151
vt 0.0000 0.0207
vt 0.0075 0.0207
vt 0.0150 0.0207
vt 0.0225 0.0207
vt 0.0300 0.0207
vt 0.0375 0.0207
vt 0.0450 0.0207
vt 0.0000 0.0000
vt 0.0120 0.0000
vt 0.0200 0.0000
vt 0.0279 0.0000
vt 0.0399 0.0000
vt 0.0519 0.0000
vt 0.0599 0.0000
vt 0.0678 0.0000
vt 0.0798 0.0000
vt 0.0000 0.0066
vt 0.0120 0.0066
vt 0.0200 0.0066
vt 0.0279 0.0066
vt 0.0399 0.0066
vt 0.0519 0.0066
vt 0.0599 0.0066
vt 0.0678 0.0066
vt 0.0798 0.0066
vt 0.0000 0.0112
vt 0.0120 0.0112
vt 0.0200 0.0112
vt 0.0279 0.0112
vt 0.0399 0.0112
vt 0.0519 0.0112
vt 0.0599 0.0112
vt 0.0678 0.0112
vt 0.0798 0.0112
vt 0.0000 0.0158
vt 0.0120 0.0158
vt 0.0200 0.0158
vt 0.0279 0.0158
vt 0.0399 0.0158
vt 0.0519 0.0158
vt 0.0599 0.0158
vt 0.0678 0.0158
vt 0.0798 0.0158
vt 0.0000 0.0224
vt 0.0120 0.0224
vt 0.0200 0.0224
vt 0.0279 0.0224
vt 0.0399 0.0224
vt 0.0519 0.0224
vt 0.0599 0.0224
vt 0.0678 0.0224
vt 0.0798 0.0224
vt 0.0000 0.0000
vt 0.0120 0.0000
vt 0.0200 0.0000
vt 0.0279 0.0000
vt 0.0399 0.0000
vt 0.0519 0.0000
vt 0.0599 0.0000
vt 0.0678 0.0000
vt 0.0798 0.0000
vt 0.0000 0.0066
vt 0.0120 0.0066
vt 0.0200 0.0066
vt 0.0279 0.0066
vt 0.0399 0.0066
vt 0.0519 0.0066
vt 0.0599 0.0066
vt 0.0678 0.0066
vt 0.0798 0.0066
vt 0.0000 0.0112
vt 0.0120 0.0112
vt 0.0200 0.0112
vt 0.0279 0.0112
vt 0.0399 0.0112
vt 0.0519 0.0112
vt 0.0599 0.0112
vt 0.0678 0.0112
vt 0.0798 0.0112
vt 0.0000 0.0158
vt 0.0120 0.0158
vt 0.0200 0.0158
vt 0.0279 0.0158
vt 0.0399 0.0158
vt 0.0519 0.0158
vt 0.0599 0.0158
vt 0.0678 0.0158
vt 0.0798 0.0158
vt 0.0000 0.0224
vt 0.0120 0.0224
vt 0.0200 0.0224
vt 0.0279 0.0224
vt 0.0399 0.0224
vt 0.0519 0.0224
vt 0.0599 0.0224
vt 0.0678 0.0224
vt 0.0798 0.0224
vt 0.0000 0.0000
vt 0.0120 0.0000
vt 0.0200 0.0000
vt 0.0279 0.0000
vt 0.0399 0.0000
vt 0.0519 0.0000
vt 0.0599 0.0000
vt 0.0678 0.0000
vt 0.0798 0.0000
vt 0.0000 0.0066
vt 0.0120 0.0066
vt 0.0200 0.0066
vt 0.0279 0.0066
vt 0.0399 0.0066
vt 0.0519 0.0066
vt 0.0599 0.0066
vt 0.0678 0.0066
vt 0.0798 0.0066
vt 0.0000 0.0112
vt 0.0120 0.0112
vt 0.0200 0.0112
vt 0.0279 0.0112
vt 0.0399 0.0112
vt 0.0519 0.0112
vt 0.0599 0.0112
vt 0.0678 0.0112
vt 0.0798 0.0112
vt 0.0000 0.0158
vt 0.0120 0.0158
vt 0.0200 0.0158
vt 0.0279 0.0158
vt 0.0399 0.0158
vt 0.0519 0.0158
vt 0.0599 0.0158
vt 0.0678 0.0158
vt 0.0798 0.0158
vt 0.0000 0.0224
vt 0.0120 0.0224
vt 0.0200 0.0224
vt 0.0279 0.0224
vt 0.0399 0.0224
vt 0.0519 0.0224
vt 0.0599 0.0224
vt 0.0678 0.0224
vt 0.0798 0.0224
vt 0.0000 0.0000
vt 0.0120 0.0000
vt 0.0200 0.0000
vt 0.0279 0.0000
vt 0.0399 0.0000
vt 0.0519 0.0000
vt 0.0599 0.0000
vt 0.0678 0.0000
vt 0.0798 0.0000
vt 0.0000 0.0066
vt 0.0120 0.0066
vt 0.0200 0.0066
vt 0.0279 0.0066
vt 0.0399 0.0066
vt 0.0519 0.0066
vt 0.0599 0.0066
vt 0.0678 0.0066
vt 0.0798 0.0066
vt 0.0000 0.0112
vt 0.0120 0.0112
vt 0.0200 0.0112
vt 0.0279 0.0112
vt 0.0399 0.0112
vt 0.0519 0.0112
vt 0.0599 0.0112
vt 0.0678 0.0112
vt 0.0798 0.0112
vt 0.0000 0.0158
vt 0.0120 0.0158
vt 0.0200 0.0158
vt 0.0279 0.0158
vt 0.0399 0.0158
vt 0.0519 0.0158
vt 0.0599 0.0158
vt 0.0678 0.0158
vt 0.0798 0.0158
vt 0.0000 0.0224
vt 0.0120 0.0224
vt 0.0200 0.0224
vt 0.0279 0.0224
vt 0.0399 0.0224
vt 0.0519 0.0224
vt 0.0599 0.0224
vt 0.0678 0.0224
vt 0.0798 0.0224
vt 0.0000 0.0000
vt 0.0120 0.0000
vt 0.0200 0.0000
vt 0.0279 0.0000
vt 0.0399 0.0000
vt 0.0519 0.0000
vt 0.0599 0.0000
vt 0.0678 0.0000
vt 0.0798 0.0000
vt 0.0000 0.0066
vt 0.0120 0.0066
vt 0.0200 0.0066
vt 0.0279 0.0066
vt 0.0399 0.0066
vt 0.0519 0.0066
vt 0.0599 0.0066
vt 0.0678 0.0066
vt 0.0798 0.0066
vt 0.0000 0.0112
vt 0.0120 0.0112
vt 0.0200 0.0112
vt 0.0279 0.0112
vt 0.0399 0.0112
vt 0.0519 0.0112
vt 0.0599 0.0112
vt 0.0678 0.0112
vt 0.0798 0.0112
vt 0.0000 0.0158
vt 0.0120 0.0158
vt 0.0200 0.0158
vt 0.0279 0.0158
vt 0.0399 0.0158
vt 0.0519 0.0158
vt 0.0599 0.0158
vt 0.0678 0.0158
vt 0.0798 0.0158
vt 0.0000 0.0224
vt 0.0120 0.0224
vt 0.0200 0.0224
vt 0.0279 0.0224
vt 0.0399 0.0224
vt 0.0519 0.0224
vt 0.0599 0.0224
vt 0.0678 0.0224
vt 0.0798 0.0224
vt 0.0000 0.0000
vt 0.0075 0.0000
vt 0.0150 0.0000
vt 0.0225 0.0000
vt 0.0300 0.0000
vt 0.0375 0.0000
vt 0.0450 0.0000
vt 0.0000 0.0056
vt 0.0075 0.0056
vt 0.0150 0.0056
vt 0.0225 0.0056
vt 0.0300 0.0056
vt 0.0375 0.0056
vt 0.0450 0.0056
vt 0.0000 0.0104
vt 0.0075 0.0104
vt 0.0150 0.0104
vt 0.0225 0.0104
vt 0.0300 0.0104
vt 0.0375 0.0104
vt 0.0450 0.0104
vt 0.0000 0.0151
vt 0.0075 0.0151
vt 0.0150 0.0151
vt 0.0225 0.0151
vt 0.0300 0.0151
vt 0.0375 0.0151
vt 0.0450 0.0151
vt 0.0000 0.0207
vt 0.0075 0.0207
vt 0.0150 0.0207
vt 0.0225 0.0207
vt 0.0300 0.0207
vt 0.0375 0.0207
vt 0.0450 0.0207
vt 0.0000 0.0000
vt 0.0120 0.0000
vt 0.0200 0.0000
vt 0.0279 0.0000
vt 0.0399 0.0000
vt 0.0519 0.0000
vt 0.0599 0.0000
vt 0.0678 0.0000
vt 0.0798 0.0000
vt 0.0000 0.0066
vt 0.0120 0.0066
vt 0.0200 0.0066
vt 0.0279 0.0066
vt 0.0399 0.0066
vt 0.0519 0.0066
vt 0.0599 0.0066
vt 0.0678 0.0066
vt 0.0798 0.0066
vt 0.0000 0.0112
vt 0.0120 0.0112
vt 0.0200 0.0112
vt 0.0279 0.0112
vt 0.0399 0.0112
vt 0.0519 0.0112
vt 0.0599 0.0112
vt 0.0678 0.0112
vt 0.0798 0.0112
vt 0.0000 0.0158
vt 0.0120 0.0158
vt 0.0200 0.0158
vt 0.0279 0.0158
vt 0.0399 0.0158
vt 0.0519 0.0158
vt 0.0599 0.0158
vt 0.0678 0.0158
vt 0.0798 0.0158
vt 0.0000 0.0224
vt 0.0120 0.0224
vt 0.0200 0.0224
vt 0.0279 0.0224
vt 0.0399 0.0224
vt 0.0519 0.0224
vt 0.0599 0.0224
vt 0.0678 0.0224
vt 0.0798 0.0224
vt 0.0000 0.0000
vt 0.0120 0.0000
vt 0.0200 0.0000
vt 0.0279 0.0000
vt 0.0399 0.0000
vt 0.0519 0.0000
vt 0.0599 0.0000
vt 0.0678 0.0000
vt 0.0798 0.0000
vt 0.0000 0.0066
vt 0.0120 0.0066
vt 0.0200 0.0066
vt 0.0279 0.0066
vt 0.0399 0.0066
vt 0.0519 0.0066
vt 0.0599 0.0066
vt 0.0678 0.0066
vt 0.0798 0.0066
vt 0.0000 0.0112
vt 0.0120 0.0112
vt 0.0200 0.0112
vt 0.0279 0.0112
vt 0.0399 0.0112
vt 0.0519 0.0112
vt 0.0599 0.0112
vt 0.0678 0.0112
vt 0.0798 0.0112
vt 0.0000 0.0158
vt 0.0120 0.0158
vt 0.0200 0.0158
vt 0.0279 0.0158
vt 0.0399 0.0158
vt 0.0519 0.0158
vt 0.0599 0.0158
vt 0.0678 0.0158
vt 0.0798 0.0158
vt 0.0000 0.0224
vt 0.0120 0.0224
vt 0.0200 0.0224
vt 0.0279 0.0224
vt 0.0399 0.0224
vt 0.0519 0.0224
vt 0.0599 0.0224
vt 0.0678 0.0224
vt 0.0798 0.0224
vt 0.0000 0.0000
vt 0.0120 0.0000
vt 0.0200 0.0000
vt 0.0279 0.0000
vt 0.0399 0.0000
vt 0.0519 0.0000
vt 0.0599 0.0000
vt 0.0678 0.0000
vt 0.0798 0.0000
vt 0.0000 0.0066
vt 0.0120 0.0066
vt 0.0200 0.0066
vt 0.0279 0.0066
vt 0.0399 0.0066
vt 0.0519 0.0066
vt 0.0599 0.0066
vt 0.0678 0.0066
vt 0.0798 0.0066
vt 0.0000 0.0112
vt 0.0120 0.0112
vt 0.0200 0.0112
vt 0.0279 0.0112
vt 0.0399 0.0112
vt 0.0519 0.0112
vt 0.0599 0.0112
vt 0.0678 0.0112
vt 0.0798 0.0112
vt 0.0000 0.0158
vt 0.0120 0.0158
vt 0.0200 0.0158
vt 0.0279 0.0158
vt 0.0399 0.0158
vt 0.0519 0.0158
vt 0.0599 0.0158
vt 0.0678 0.0158
vt 0.0798 0.0158
vt 0.0000 0.0224
vt 0.0120 0.0224
vt 0.0200 0.0224
vt 0.0279 0.0224
vt 0.0399 0.0224
vt 0.0519 0.0224
vt 0.0599 0.0224
vt 0.0678 0.0224
vt 0.0798 0.0224
vt 0.0000 0.0000
vt 0.0120 0.0000
vt 0.0200 0.0000
vt 0.0279 0.0000
vt 0.0399 0.0000
vt 0.0519 0.0000
vt 0.0599 0.0000
vt 0.0678 0.0000
vt 0.0798 0.0000
vt 0.0000 0.0066
vt 0.0120 0.0066
vt 0.0200 0.0066
vt 0.0279 0.0066
vt 0.0399 0.0066
vt 0.0519 0.0066
vt 0.0599 0.0066
vt 0.0678 0.0066
vt 0.0798 0.0066
vt 0.0000 0.0112
vt 0.0120 0.0112
vt 0.0200 0.0112
vt 0.0279 0.0112
vt 0.0399 0.0112
vt 0.0519 0.0112
vt 0.0599 0.0112
vt 0.0678 0.0112
vt 0.0798 0.0112
vt 0.0000 0.0158
vt 0.0120 0.0158
vt 0.0200 0.0158
vt 0.0279 0.0158
vt 0.0399 0.0158
vt 0.0519 0.0158
vt 0.0599 0.0158
vt 0.0678 0.0158
vt 0.0798 0.0158
vt 0.0000 0.0224
vt 0.0120 0.0224
vt 0.0200 0.0224
vt 0.0279 0.0224
vt 0.0399 0.0224
vt 0.0519 0.0224
vt 0.0599 0.0224
vt 0.0678 0.0224
vt 0.0798 0.0224
vt 0.0000 0.0000
vt 0.0120 0.0000
vt 0.0200 0.0000
vt 0.0279 0.0000
vt 0.0399 0.0000
vt 0.0519 0.0000
vt 0.0599 0.0000
vt 0.0678 0.0000
vt 0.0798 0.0000
vt 0.0000 0.0066
vt 0.0120 0.0066
vt 0.0200 0.0066
vt 0.0279 0.0066
vt 0.0399 0.0066
vt 0.0519 0.0066
vt 0.0599 0.0066
vt 0.0678 0.0066
vt 0.0798 0.0066
vt 0.0000 0.0112
vt 0.0120 0.0112
vt 0.0200 0.0112
vt 0.0279 0.0112
vt 0.0399 0.0112
vt 0.0519 0.0112
vt 0.0599 0.0112
vt 0.0678 0.0112
vt 0.0798 0.0112
vt 0.0000 0.0158
vt 0.0120 0.0158
vt 0.0200 0.0158
vt 0.0279 0.0158
vt 0.0399 0.0158
vt 0.0519 0.0158
vt 0.0599 0.0158
vt 0.0678 0.0158
vt 0.0798 0.0158
vt 0.0000 0.0224
vt 0.0120 0.0224
vt 0.0200 0.0224
vt 0.0279 0.0224
vt 0.0399 0.0224
vt 0.0519 0.0224
vt 0.0599 0.0224
vt 0.0678 0.0224
vt 0.0798 0.0224
vt 0.0000 0.0000
vt 0.0075 0.0000
vt 0.0150 0.0000
vt 0.0225 0.0000
vt 0.0300 0.0000
vt 0.0375 0.0000
vt 0.0450 0.0000
vt 0.0000 0.0056
vt 0.0075 0.0056
vt 0.0150 0.0056
vt 0.0225 0.0056
vt 0.0300 0.0056
vt 0.0375 0.0056
vt 0.0450 0.0056
vt 0.0000 0.0104
vt 0.0075 0.0104
vt 0.0150 0.0104
vt 0.0225 0.0104
vt 0.0300 0.0104
vt 0.0375 0.0104
vt 0.0450 0.0104
vt 0.0000 0.0151
vt 0.0075 0.0151
vt 0.0150 0.0151
vt 0.0225 0.0151
vt 0.0300 0.0151
vt 0.0375 0.0151
vt 0.0450 0.0151
vt 0.0000 0.0207
vt 0.0075 0.0207
vt 0.0150 0.0207
vt 0.0225 0.0207
vt 0.0300 0.0207
vt 0.0375 0.0207
vt 0.0450 0.0207
vt 0.0000 0.0000
vt 0.0120 0.0000
vt 0.0200 0.0000
vt 0.0279 0.0000
vt 0.0399 0.0000
vt 0.0519 0.0000
vt 0.0599 0.0000
vt 0.0678 0.0000
vt 0.0798 0.0000
vt 0.0000 0.0066
vt 0.0120 0.0066
vt 0.0200 0.0066
vt 0.0279 0.0066
vt 0.0399 0.0066
vt 0.0519 0.0066
vt 0.0599 0.0066
vt 0.0678 0.0066
vt 0.0798 0.0066
vt 0.0000 0.0112
vt 0.0120 0.0112
vt 0.0200 0.0112
vt 0.0279 0.0112
vt 0.0399 0.0112
vt 0.0519 0.0112
vt 0.0599 0.0112
vt 0.0678 0.0112
vt 0.0798 0.0112
vt 0.0000 0.0158
vt 0.0120 0.0158
vt 0.0200 0.0158
vt 0.0279 0.0158
vt 0.0399 0.0158
vt 0.0519 0.0158
vt 0.0599 0.0158
vt 0.0678 0.0158
vt 0.0798 0.0158
vt 0.0000 0.0224
vt 0.0120 0.0224
vt 0.0200 0.0224
vt 0.0279 0.0224
vt 0.0399 0.0224
vt 0.0519 0.0224
vt 0.0599 0.0224
vt 0.0678 0.0224
vt 0.0798 0.0224
vt 0.0000 0.0000
vt 0.0120 0.0000
vt 0.0200 0.0000
vt 0.0279 0.0000
vt 0.0399 0.0000
vt 0.0519 0.0000
vt 0.0599 0.0000
vt 0.0678 0.0000
vt 0.0798 0.0000
vt 0.0000 0.0066
vt 0.0120 0.0066
vt 0.0200 0.0066
vt 0.0279 0.0066
vt 0.0399 0.0066
vt 0.0519 0.0066
vt 0.0599 0.0066
vt 0.0678 0.0066
vt 0.0798 0.0066
vt 0.0000 0.0112
vt 0.0120 0.0112
vt 0.0200 0.0112
vt 0.0279 0.0112
vt 0.0399 0.0112
vt 0.0519 0.0112
vt 0.0599 0.0112
vt 0.0678 0.0112
vt 0.0798 0.0112
vt 0.0000 0.0158
vt 0.0120 0.0158
vt 0.0200 0.0158
vt 0.0279 0.0158
vt 0.0399 0.0158
vt 0.0519 0.0158
vt 0.0599 0.0158
vt 0.0678 0.0158
vt 0.0798 0.0158
vt 0.0000 0.0224
vt 0.0120 0.0224
vt 0.0200 0.0224
vt 0.0279 0.0224
vt 0.0399 0.0224
vt 0.0519 0.0224
vt 0.0599 0.0224
vt 0.0678 0.0224
vt 0.0798 0.0224
vt 0.0000 0.0000
vt 0.0120 0.0000
vt 0.0200 0.0000
vt 0.0279 0.0000
vt 0.0399 0.0000
vt 0.0519 0.0000
vt 0.0599 0.0000
vt 0.0678 0.0000
vt 0.0798 0.0000
vt 0.0000 0.0066
vt 0.0120 0.0066
vt 0.0200 0.0066
vt 0.0279 0.0066
vt 0.0399 0.0066
vt 0.0519 0.0066
vt 0.0599 0.0066
vt 0.0678 0.0066
vt 0.0798 0.0066
vt 0.0000 0.0112
vt 0.0120 0.0112
vt 0.0200 0.0112
vt 0.0279 0.0112
vt 0.0399 0.0112
vt 0.0519 0.0112
vt 0.0599 0.0112
vt 0.0678 0.0112
vt 0.0798 0.0112
vt 0.0000 0.0158
vt 0.0120 0.0158
vt 0.0200 0.0158
vt 0.0279 0.0158
vt 0.0399 0.0158
vt 0.0519 0.0158
vt 0.0599 0.0158
vt 0.0678 0.0158
vt 0.0798 0.0158
vt 0.0000 0.0224
vt 0.0120 0.0224
vt 0.0200 0.0224
vt 0.0279 0.0224
vt 0.0399 0.0224
vt 0.0519 0.0224
vt 0.0599 0.0224
vt 0.0678 0.0224
vt 0.0798 0.0224
vt 0.0000 0.0000
vt 0.0120 0.0000
vt 0.0200 0.0000
vt 0.0279 0.0000
vt 0.0399 0.0000
vt 0.0519 0.0000
vt 0.0599 0.0000
vt 0.0678 0.0000
vt 0.0798 0.0000
vt 0.0000 0.0066
vt 0.0120 0.0066
vt 0.0200 0.0066
vt 0.0279 0.0066
vt 0.0399 0.0066
vt 0.0519 0.0066
vt 0.0599 0.0066
vt 0.0678 0.0066
vt 0.0798 0.0066
vt 0.0000 0.0112
vt 0.0120 0.0112
vt 0.0200 0.0112
vt 0.0279 0.0112
vt 0.0399 0.0112
vt 0.0519 0.0112
vt 0.0599 0.0112
vt 0.0678 0.0112
vt 0.0798 0.0112
vt 0.0000 0.0158
vt 0.0120 0.0158
vt 0.0200 0.0158
vt 0.0279 0.0158
vt 0.0399 0.0158
vt 0.0519 0.0158
vt 0.0599 0.0158
vt 0.0678 0.0158
vt 0.0798 0.0158
vt 0.0000 0.0224
vt 0.0120 0.0224
vt 0.0200 0.0224
vt 0.0279 0.0224
vt 0.0399 0.0224
vt 0.0519 0.0224
vt 0.0599 0.0224
vt 0.0678 0.0224
vt 0.0798 0.0224
vt 0.0000 0.0000
vt 0.0120 0.0000
vt 0.0200 0.0000
vt 0.0279 0.0000
vt 0.0399 0.0000
vt 0.0519 0.0000
vt 0.0599 0.0000
vt 0.0678 0.0000
vt 0.0798 0.0000
vt 0.0000 0.0066
vt 0.0120 0.0066
vt 0.0200 0.0066
vt 0.0279 0.0066
vt 0.0399 0.0066
vt 0.0519 0.0066
vt 0.0599 0.0066
vt 0.0678 0.0066
vt 0.0798 0.0066
vt 0.0000 0.0112
vt 0.0120 0.0112
vt 0.0200 0.0112
vt 0.0279 0.0112
vt 0.0399 0.0112
vt 0.0519 0.0112
vt 0.0599 0.0112
vt 0.0678 0.0112
vt 0.0798 0.0112
vt 0.0000 0.0158
vt 0.0120 0.0158
vt 0.0200 0.0158
vt 0.0279 0.0158
vt 0.0399 0.0158
vt 0.0519 0.0158
vt 0.0599 0.0158
vt 0.0678 0.0158
vt 0.0798 0.0158
vt 0.0000 0.0224
vt 0.0120 0.0224
vt 0.0200 0.0224
vt 0.0279 0.0224
vt 0.0399 0.0224
vt 0.0519 0.0224
vt 0.0599 0.0224
vt 0.0678 0.0224
vt 0.0798 0.0224
vt 0.0000 0.0000
vt 0.0075 0.0000
vt 0.0150 0.0000
vt 0.0225 0.0000
vt 0.0300 0.0000
vt 0.0375 0.0000
vt 0.0450 0.0000
vt 0.0000 0.0056
vt 0.0075 0.0056
vt 0.0150 0.0056
vt 0.0225 0.0056
vt 0.0300 0.0056
vt 0.0375 0.0056
vt 0.0450 0.0056
vt 0.0000 0.0104
vt 0.0075 0.0104
vt 0.0150 0.0104
vt 0.0225 0.0104
vt 0.0300 0.0104
vt 0.0375 0.0104
vt 0.0450 0.0104
vt 0.0000 0.0151
vt 0.0075 0.0151
vt 0.0150 0.0151
vt 0.0225 0.0151
vt 0.0300 0.0151
vt 0.0375 0.0151
vt 0.0450 0.0151
vt 0.0000 0.0207
vt 0.0075 0.0207
vt 0.0150 0.0207
vt 0.0225 0.0207
vt 0.0300 0.0207
vt 0.0375 0.0207
vt 0.0450 0.0207
vn -0.000 -0.857 0.514
vn 0.208 -0.900 0.382
vn 0.311 -0.950 0.000
vn 0.208 -0.900 -0.382
vn 0.000 -0.857 -0.514
vn -0.208 -0.900 -0.382
vn -0.311 -0.950 -0.000
vn -0.208 -0.900 0.382
vn -0.000 -0.857 0.514
vn -0.000 -0.857 0.514
vn 0.208 -0.900 0.382
vn 0.311 -0.950 0.000
vn 0.208 -0.900 -0.382
vn 0.000 -0.857 -0.514
vn -0.208 -0.900 -0.382
vn -0.311 -0.950 -0.000
vn -0.208 -0.900 0.382
vn -0.000 -0.857 0.514
vn -0.000 0.000 1.000
vn 0.479 0.000 0.878
vn 1.000 0.000 0.000
vn 0.479 0.000 -0.878
vn 0.000 0.000 -1.000
vn -0.479 0.000 -0.878
vn -1.000 0.000 -0.000
vn -0.479 0.000 0.878
vn -0.000 0.000 1.000
vn -0.000 0.857 0.514
vn 0.208 0.900 0.382
vn 0.311 0.950 0.000
vn 0.208 0.900 -0.382
vn 0.000 0.857 -0.514
vn -0.208 0.900 -0.382
vn -0.311 0.950 -0.000
vn -0.208 0.900 0.382
vn -0.000 0.857 0.514
vn -0.000 0.857 0.514
vn 0.208 0.900 0.382
vn 0.311 0.950 0.000
vn 0.208 0.900 -0.382
vn 0.000 0.857 -0.514
vn -0.208 0.900 -0.382
vn -0.311 0.950 -0.000
vn -0.208 0.900 0.382
vn -0.000 0.857 0.514
vn -0.489 -0.857 0.159
vn -0.299 -0.900 0.316
vn 0.096 -0.950 0.296
vn 0.428 -0.900 0.080
vn 0.489 -0.857 -0.159
vn 0.299 -0.900 -0.316
vn -0.096 -0.950 -0.296
vn -0.428 -0.900 -0.080
vn -0.489 -0.857 0.159
vn -0.489 -0.857 0.159
vn -0.299 -0.900 0.316
vn 0.096 -0.950 0.296
vn 0.428 -0.900 0.080
vn 0.489 -0.857 -0.159
vn 0.299 -0.900 -0.316
vn -0.096 -0.950 -0.296
vn -0.428 -0.900 -0.080
vn -0.489 -0.857 0.159
vn -0.951 0.000 0.309
vn -0.687 0.000 0.727
vn 0.309 0.000 0.951
vn 0.983 0.000 0.184
vn 0.951 0.000 -0.309
vn 0.687 0.000 -0.727
vn -0.309 0.000 -0.951
vn -0.983 0.000 -0.184
vn -0.951 0.000 0.309
vn -0.489 0.857 0.159
vn -0.299 0.900 0.316
vn 0.096 0.950 0.296
vn 0.428 0.900 0.080
vn 0.489 0.857 -0.159
vn 0.299 0.900 -0.316
vn -0.096 0.950 -0.296
vn -0.428 0.900 -0.080
vn -0.489 0.857 0.159
vn -0.489 0.857 0.159
vn -0.299 0.900 0.316
vn 0.096 0.950 0.296
vn 0.428 0.900 0.080
vn 0.489 0.857 -0.159
vn 0.299 0.900 -0.316
vn -0.096 0.950 -0.296
vn -0.428 0.900 -0.080
vn -0.489 0.857 0.159
vn -0.302 -0.857 -0.416
vn -0.393 -0.900 -0.187
vn -0.252 -0.950 0.183
vn 0.056 -0.900 0.432
vn 0.302 -0.857 0.416
vn 0.393 -0.900 0.187
vn 0.252 -0.950 -0.183
vn -0.056 -0.900 -0.432
vn -0.302 -0.857 -0.416
vn -0.302 -0.857 -0.416
vn -0.393 -0.900 -0.187
vn -0.252 -0.950 0.183
vn 0.056 -0.900 0.432
vn 0.302 -0.857 0.416
vn 0.393 -0.900 0.187
vn 0.252 -0.950 -0.183
vn -0.056 -0.900 -0.432
vn -0.302 -0.857 -0.416
vn -0.588 0.000 -0.809
vn -0.903 0.000 -0.429
vn -0.809 0.000 0.588
vn 0.129 0.000 0.992
vn 0.588 0.000 0.809
vn 0.903 0.000 0.429
vn 0.809 0.000 -0.588
vn -0.129 0.000 -0.992
vn -0.588 0.000 -0.809
vn -0.302 0.857 -0.416
vn -0.393 0.900 -0.187
vn -0.252 0.950 0.183
vn 0.056 0.900 0.432
vn 0.302 0.857 0.416
vn 0.393 0.900 0.187
vn 0.252 0.950 -0.183
vn -0.056 0.900 -0.432
vn -0.302 0.857 -0.416
vn -0.302 0.857 -0.416
vn -0.393 0.900 -0.187
vn -0.252 0.950 0.183
vn 0.056 0.900 0.432
vn 0.302 0.857 0.416
vn 0.393 0.900 0.187
vn 0.252 0.950 -0.183
vn -0.056 0.900 -0.432
vn -0.302 0.857 -0.416
vn 0.302 -0.857 -0.416
vn 0.056 -0.900 -0.432
vn -0.252 -0.950 -0.183
vn -0.393 -0.900 0.187
vn -0.302 -0.857 0.416
vn -0.056 -0.900 0.432
vn 0.252 -0.950 0.183
vn 0.393 -0.900 -0.187
vn 0.302 -0.857 -0.416
vn 0.302 -0.857 -0.416
vn 0.056 -0.900 -0.432
vn -0.252 -0.950 -0.183
vn -0.393 -0.900 0.187
vn -0.302 -0.857 0.416
vn -0.056 -0.900 0.432
vn 0.252 -0.950 0.183
vn 0.393 -0.900 -0.187
vn 0.302 -0.857 -0.416
vn 0.588 0.000 -0.809
vn 0.129 0.000 -0.992
vn -0.809 0.000 -0.588
vn -0.903 0.000 0.429
vn -0.588 0.000 0.809
vn -0.129 0.000 0.992
vn 0.809 0.000 0.588
vn 0.903 0.000 -0.429
vn 0.588 0.000 -0.809
vn 0.302 0.857 -0.416
vn 0.056 0.900 -0.432
vn -0.252 0.950 -0.183
vn -0.393 0.900 0.187
vn -0.302 0.857 0.416
vn -0.056 0.900 0.432
vn 0.252 0.950 0.183
vn 0.393 0.900 -0.187
vn 0.302 0.857 -0.416
vn 0.302 0.857 -0.416
vn 0.056 0.900 -0.432
vn -0.252 0.950 -0.183
vn -0.393 0.900 0.187
vn -0.302 0.857 0.416
vn -0.056 0.900 0.432
vn 0.252 0.950 0.183
vn 0.393 0.900 -0.187
vn 0.302 0.857 -0.416
vn 0.489 -0.857 0.159
vn 0.428 -0.900 -0.080
vn 0.096 -0.950 -0.296
vn -0.299 -0.900 -0.316
vn -0.489 -0.857 -0.159
vn -0.428 -0.900 0.080
vn -0.096 -0.950 0.296
vn 0.299 -0.900 0.316
vn 0.489 -0.857 0.159
vn 0.489 -0.857 0.159
vn 0.428 -0.900 -0.080
vn 0.096 -0.950 -0.296
vn -0.299 -0.900 -0.316
vn -0.489 -0.857 -0.159
vn -0.428 -0.900 0.080
vn -0.096 -0.950 0.296
vn 0.299 -0.900 0.316
vn 0.489 -0.857 0.159
vn 0.951 0.000 0.309
vn 0.983 0.000 -0.184
vn 0.309 0.000 -0.951
vn -0.687 0.000 -0.727
vn -0.951 0.000 -0.309
vn -0.983 0.000 0.184
vn -0.309 0.000 0.951
vn 0.687 0.000 0.727
vn 0.951 0.000 0.309
vn 0.489 0.857 0.159
vn 0.428 0.900 -0.080
vn 0.096 0.950 -0.296
vn -0.299 0.900 -0.316
vn -0.489 0.857 -0.159
vn -0.428 0.900 0.080
vn -0.096 0.950 0.296
vn 0.299 0.900 0.316
vn 0.489 0.857 0.159
vn 0.489 0.857 0.159
vn 0.428 0.900 -0.080
vn 0.096 0.950 -0.296
vn -0.299 0.900 -0.316
vn -0.489 0.857 -0.159
vn -0.428 0.900 0.080
vn -0.096 0.950 0.296
vn 0.299 0.900 0.316
vn 0.489 0.857 0.159
vn 0.000 -0.781 0.625
vn 0.541 -0.781 0.312
vn 0.541 -0.781 -0.312
vn 0.000 -0.781 -0.625
vn -0.541 -0.781 -0.312
vn -0.541 -0.781 0.312
vn 0.000 -0.781 0.625
vn 0.000 -0.781 0.625
vn 0.541 -0.781 0.312
vn 0.541 -0.781 -0.312
vn 0.000 -0.781 -0.625
vn -0.541 -0.781 -0.312
vn -0.541 -0.781 0.312
vn 0.000 -0.781 0.625
vn 0.000 0.000 1.000
vn 0.866 0.000 0.500
vn 0.866 0.000 -0.500
vn 0.000 0.000 -1.000
vn -0.866 0.000 -0.500
vn -0.866 0.000 0.500
vn 0.000 0.000 1.000
vn 0.000 0.781 0.625
vn 0.541 0.781 0.312
vn 0.541 0.781 -0.312
vn 0.000 0.781 -0.625
vn -0.541 0.781 -0.312
vn -0.541 0.781 0.312
vn 0.000 0.781 0.625
vn 0.000 0.781 0.625
vn 0.541 0.781 0.312
vn 0.541 0.781 -0.312
vn 0.000 0.781 -0.625
vn -0.541 0.781 -0.312
vn -0.541 0.781 0.312
vn 0.000 0.781 0.625
vn -0.000 -0.857 0.514
vn 0.208 -0.900 0.382
vn 0.311 -0.950 0.000
vn 0.208 -0.900 -0.382
vn 0.000 -0.857 -0.514
vn -0.208 -0.900 -0.382
vn -0.311 -0.950 -0.000
vn -0.208 -0.900 0.382
vn -0.000 -0.857 0.514
vn -0.000 -0.857 0.514
vn 0.208 -0.900 0.382
vn 0.311 -0.950 0.000
vn 0.208 -0.900 -0.382
vn 0.000 -0.857 -0.514
vn -0.208 -0.900 -0.382
vn -0.311 -0.950 -0.000
vn -0.208 -0.900 0.382
vn -0.000 -0.857 0.514
vn -0.000 0.000 1.000
vn 0.479 0.000 0.878
vn 1.000 0.000 0.000
vn 0.479 0.000 -0.878
vn 0.000 0.000 -1.000
vn -0.479 0.000 -0.878
vn -1.000 0.000 -0.000
vn -0.479 0.000 0.878
vn -0.000 0.000 1.000
vn -0.000 0.857 0.514
vn 0.208 0.900 0.382
vn 0.311 0.950 0.000
vn 0.208 0.900 -0.382
vn 0.000 0.857 -0.514
vn -0.208 0.900 -0.382
vn -0.311 0.950 -0.000
vn -0.208 0.900 0.382
vn -0.000 0.857 0.514
vn -0.000 0.857 0.514
vn 0.208 0.900 0.382
vn 0.311 0.950 0.000
vn 0.208 0.900 -0.382
vn 0.000 0.857 -0.514
vn -0.208 0.900 -0.382
vn -0.311 0.950 -0.000
vn -0.208 0.900 0.382
vn -0.000 0.857 0.514
vn -0.489 -0.857 0.159
vn -0.299 -0.900 0.316
vn 0.096 -0.950 0.296
vn 0.428 -0.900 0.080
vn 0.489 -0.857 -0.159
vn 0.299 -0.900 -0.316
vn -0.096 -0.950 -0.296
vn -0.428 -0.900 -0.080
vn -0.489 -0.857 0.159
vn -0.489 -0.857 0.159
vn -0.299 -0.900 0.316
vn 0.096 -0.950 0.296
vn 0.428 -0.900 0.080
vn 0.489 -0.857 -0.159
vn 0.299 -0.900 -0.316
vn -0.096 -0.950 -0.296
vn -0.428 -0.900 -0.080
vn -0.489 -0.857 0.159
vn -0.951 0.000 0.309
vn -0.687 0.000 0.727
vn 0.309 0.000 0.951
vn 0.983 0.000 0.184
vn 0.951 0.000 -0.309
vn 0.687 0.000 -0.727
vn -0.309 0.000 -0.951
vn -0.983 0.000 -0.184
vn -0.951 0.000 0.309
vn -0.489 0.857 0.159
vn -0.299 0.900 0.316
vn 0.096 0.950 0.296
vn 0.428 0.900 0.080
vn 0.489 0.857 -0.159
vn 0.299 0.900 -0.316
vn -0.096 0.950 -0.296
vn -0.428 0.900 -0.080
vn -0.489 0.857 0.159
vn -0.489 0.857 0.159
vn -0.299 0.900 0.316
vn 0.096 0.950 0.296
vn 0.428 0.900 0.080
vn 0.489 0.857 -0.159
vn 0.299 0.900 -0.316
vn -0.096 0.950 -0.296
vn -0.428 0.900 -0.080
vn -0.489 0.857 0.159
vn -0.302 -0.857 -0.416
vn -0.393 -0.900 -0.187
vn -0.252 -0.950 0.183
vn 0.056 -0.900 0.432
vn 0.302 -0.857 0.416
vn 0.393 -0.900 0.187
vn 0.252 -0.950 -0.183
vn -0.056 -0.900 -0.432
vn -0.302 -0.857 -0.416
vn -0.302 -0.857 -0.416
vn -0.393 -0.900 -0.187
vn -0.252 -0.950 0.183
vn 0.056 -0.900 0.432
vn 0.302 -0.857 0.416
vn 0.393 -0.900 0.187
vn 0.252 -0.950 -0.183
vn -0.056 -0.900 -0.432
vn -0.302 -0.857 -0.416
vn -0.588 0.000 -0.809
vn -0.903 0.000 -0.429
vn -0.809 0.000 0.588
vn 0.129 0.000 0.992
vn 0.588 0.000 0.809
vn 0.903 0.000 0.429
vn 0.809 0.000 -0.588
vn -0.129 0.000 -0.992
vn -0.588 0.000 -0.809
vn -0.302 0.857 -0.416
vn -0.393 0.900 -0.187
vn -0.252 0.950 0.183
vn 0.056 0.900 0.432
vn 0.302 0.857 0.416
vn 0.393 0.900 0.187
vn 0.252 0.950 -0.183
vn -0.056 0.900 -0.432
vn -0.302 0.857 -0.416
vn -0.302 0.857 -0.416
vn -0.393 0.900 -0.187
vn -0.252 0.950 0.183
vn 0.056 0.900 0.432
vn 0.302 0.857 0.416
vn 0.393 0.900 0.187
vn 0.252 0.950 -0.183
vn -0.056 0.900 -0.432
vn -0.302 0.857 -0.416
vn 0.302 -0.857 -0.416
vn 0.056 -0.900 -0.432
vn -0.252 -0.950 -0.183
vn -0.393 -0.900 0.187
vn -0.302 -0.857 0.416
vn -0.056 -0.900 0.432
vn 0.252 -0.950 0.183
vn 0.393 -0.900 -0.187
vn 0.302 -0.857 -0.416
vn 0.302 -0.857 -0.416
vn 0.056 -0.900 -0.432
vn -0.252 -0.950 -0.183
vn -0.393 -0.900 0.187
vn -0.302 -0.857 0.416
vn -0.056 -0.900 0.432
vn 0.252 -0.950 0.183
vn 0.393 -0.900 -0.187
vn 0.302 -0.857 -0.416
vn 0.588 0.000 -0.809
vn 0.129 0.000 -0.992
vn -0.809 0.000 -0.588
vn -0.903 0.000 0.429
vn -0.588 0.000 0.809
vn -0.129 0.000 0.992
vn 0.809 0.000 0.588
vn 0.903 0.000 -0.429
vn 0.588 0.000 -0.809
vn 0.302 0.857 -0.416
vn 0.056 0.900 -0.432
vn -0.252 0.950 -0.183
vn -0.393 0.900 0.187
vn -0.302 0.857 0.416
vn -0.056 0.900 0.432
vn 0.252 0.950 0.183
vn 0.393 0.900 -0.187
vn 0.302 0.857 -0.416
vn 0.302 0.857 -0.416
vn 0.056 0.900 -0.432
vn -0.252 0.950 -0.183
vn -0.393 0.900 0.187
vn -0.302 0.857 0.416
vn -0.056 0.900 0.432
vn 0.252 0.950 0.183
vn 0.393 0.900 -0.187
vn 0.302 0.857 -0.416
vn 0.489 -0.857 0.159
vn 0.428 -0.900 -0.080
vn 0.096 -0.950 -0.296
vn -0.299 -0.900 -0.316
vn -0.489 -0.857 -0.159
vn -0.428 -0.900 0.080
vn -0.096 -0.950 0.296
vn 0.299 -0.900 0.316
vn 0.489 -0.857 0.159
vn 0.489 -0.857 0.159
vn 0.428 -0.900 -0.080
vn 0.096 -0.950 -0.296
vn -0.299 -0.900 -0.316
vn -0.489 -0.857 -0.159
vn -0.428 -0.900 0.080
vn -0.096 -0.950 0.296
vn 0.299 -0.900 0.316
vn 0.489 -0.857 0.159
vn 0.951 0.000 0.309
vn 0.983 0.000 -0.184
vn 0.309 0.000 -0.951
vn -0.687 0.000 -0.727
vn -0.951 0.000 -0.309
vn -0.983 0.000 0.184
vn -0.309 0.000 0.951
vn 0.687 0.000 0.727
vn 0.951 0.000 0.309
vn 0.489 0.857 0.159
vn 0.428 0.900 -0.080
vn 0.096 0.950 -0.296
vn -0.299 0.900 -0.316
vn -0.489 0.857 -0.159
vn -0.428 0.900 0.080
vn -0.096 0.950 0.296
vn 0.299 0.900 0.316
vn 0.489 0.857 0.159
vn 0.489 0.857 0.159
vn 0.428 0.900 -0.080
vn 0.096 0.950 -0.296
vn -0.299 0.900 -0.316
vn -0.489 0.857 -0.159
vn -0.428 0.900 0.080
vn -0.096 0.950 0.296
vn 0.299 0.900 0.316
vn 0.489 0.857 0.159
vn 0.000 -0.781 0.625
vn 0.541 -0.781 0.312
vn 0.541 -0.781 -0.312
vn 0.000 -0.781 -0.625
vn -0.541 -0.781 -0.312
vn -0.541 -0.781 0.312
vn 0.000 -0.781 0.625
vn 0.000 -0.781 0.625
vn 0.541 -0.781 0.312
vn 0.541 -0.781 -0.312
vn 0.000 -0.781 -0.625
vn -0.541 -0.781 -0.312
vn -0.541 -0.781 0.312
vn 0.000 -0.781 0.625
vn 0.000 0.000 1.000
vn 0.866 0.000 0.500
vn 0.866 0.000 -0.500
vn 0.000 0.000 -1.000
vn -0.866 0.000 -0.500
vn -0.866 0.000 0.500
vn 0.000 0.000 1.000
vn 0.000 0.781 0.625
vn 0.541 0.781 0.312
vn 0.541 0.781 -0.312
vn 0.000 0.781 -0.625
vn -0.541 0.781 -0.312
vn -0.541 0.781 0.312
vn 0.000 0.781 0.625
vn 0.000 0.781 0.625
vn 0.541 0.781 0.312
vn 0.541 0.781 -0.312
vn 0.000 0.781 -0.625
vn -0.541 0.781 -0.312
vn -0.541 0.781 0.312
vn 0.000 0.781 0.625
vn -0.000 -0.857 0.514
vn 0.208 -0.900 0.382
vn 0.311 -0.950 0.000
vn 0.208 -0.900 -0.382
vn 0.000 -0.857 -0.514
vn -0.208 -0.900 -0.382
vn -0.311 -0.950 -0.000
vn -0.208 -0.900 0.382
vn -0.000 -0.857 0.514
vn -0.000 -0.857 0.514
vn 0.208 -0.900 0.382
vn 0.311 -0.950 0.000
vn 0.208 -0.900 -0.382
vn 0.000 -0.857 -0.514
vn -0.208 -0.900 -0.382
vn -0.311 -0.950 -0.000
vn -0.208 -0.900 0.382
vn -0.000 -0.857 0.514
vn -0.000 0.000 1.000
vn 0.479 0.000 0.878
vn 1.000 0.000 0.000
vn 0.479 0.000 -0.878
vn 0.000 0.000 -1.000
vn -0.479 0.000 -0.878
vn -1.000 0.000 -0.000
vn -0.479 0.000 0.878
vn -0.000 0.000 1.000
vn -0.000 0.857 0.514
vn 0.208 0.900 0.382
vn 0.311 0.950 0.000
vn 0.208 0.900 -0.382
vn 0.000 0.857 -0.514
vn -0.208 0.900 -0.382
vn -0.311 0.950 -0.000
vn -0.208 0.900 0.382
vn -0.000 0.857 0.514
vn -0.000 0.857 0.514
vn 0.208 0.900 0.382
vn 0.311 0.950 0.000
vn 0.208 0.900 -0.382
vn 0.000 0.857 -0.514
vn -0.208 0.900 -0.382
vn -0.311 0.950 -0.000
vn -0.208 0.900 0.382
vn -0.000 0.857 0.514
vn -0.489 -0.857 0.159
vn -0.299 -0.900 0.316
vn 0.096 -0.950 0.296
vn 0.428 -0.900 0.080
vn 0.489 -0.857 -0.159
vn 0.299 -0.900 -0.316
vn -0.096 -0.950 -0.296
vn -0.428 -0.900 -0.080
vn -0.489 -0.857 0.159
vn -0.489 -0.857 0.159
vn -0.299 -0.900 0.316
vn 0.096 -0.950 0.296
vn 0.428 -0.900 0.080
vn 0.489 -0.857 -0.159
vn 0.299 -0.900 -0.316
vn -0.096 -0.950 -0.296
vn -0.428 -0.900 -0.080
vn -0.489 -0.857 0.159
vn -0.951 0.000 0.309
vn -0.687 0.000 0.727
vn 0.309 0.000 0.951
vn 0.983 0.000 0.184
vn 0.951 0.000 -0.309
vn 0.687 0.000 -0.727
vn -0.309 0.000 -0.951
vn -0.983 0.000 -0.184
vn -0.951 0.000 0.309
vn -0.489 0.857 0.159
vn -0.299 0.900 0.316
vn 0.096 0.950 0.296
vn 0.428 0.900 0.080
vn 0.489 0.857 -0.159
vn 0.299 0.900 -0.316
vn -0.096 0.950 -0.296
vn -0.428 0.900 -0.080
vn -0.489 0.857 0.159
vn -0.489 0.857 0.159
vn -0.299 0.900 0.316
vn 0.096 0.950 0.296
vn 0.428 0.900 0.080
vn 0.489 0.857 -0.159
vn 0.299 0.900 -0.316
vn -0.096 0.950 -0.296
vn -0.428 0.900 -0.080
vn -0.489 0.857 0.159
vn -0.302 -0.857 -0.416
vn -0.393 -0.900 -0.187
vn -0.252 -0.950 0.183
vn 0.056 -0.900 0.432
vn 0.302 -0.857 0.416
vn 0.393 -0.900 0.187
vn 0.252 -0.950 -0.183
vn -0.056 -0.900 -0.432
vn -0.302 -0.857 -0.416
vn -0.302 -0.857 -0.416
vn -0.393 -0.900 -0.187
vn -0.252 -0.950 0.183
vn 0.056 -0.900 0.432
vn 0.302 -0.857 0.416
vn 0.393 -0.900 0.187
vn 0.252 -0.950 -0.183
vn -0.056 -0.900 -0.432
vn -0.302 -0.857 -0.416
vn -0.588 0.000 -0.809
vn -0.903 0.000 -0.429
vn -0.809 0.000 0.588
vn 0.129 0.000 0.992
vn 0.588 0.000 0.809
vn 0.903 0.000 0.429
vn 0.809 0.000 -0.588
vn -0.129 0.000 -0.992
vn -0.588 0.000 -0.809
vn -0.302 0.857 -0.416
vn -0.393 0.900 -0.187
vn -0.252 0.950 0.183
vn 0.056 0.900 0.432
vn 0.302 0.857 0.416
vn 0.393 0.900 0.187
vn 0.252 0.950 -0.183
vn -0.056 0.900 -0.432
vn -0.302 0.857 -0.416
vn -0.302 0.857 -0.416
vn -0.393 0.900 -0.187
vn -0.252 0.950 0.183
vn 0.056 0.900 0.432
vn 0.302 0.857 0.416
vn 0.393 0.900 0.187
vn 0.252 0.950 -0.183
vn -0.056 0.900 -0.432
vn -0.302 0.857 -0.416
vn 0.302 -0.857 -0.416
vn 0.056 -0.900 -0.432
vn -0.252 -0.950 -0.183
vn -0.393 -0.900 0.187
vn -0.302 -0.857 0.416
vn -0.056 -0.900 0.432
vn 0.252 -0.950 0.183
vn 0.393 -0.900 -0.187
vn 0.302 -0.857 -0.416
vn 0.302 -0.857 -0.416
vn 0.056 -0.900 -0.432
vn -0.252 -0.950 -0.183
vn -0.393 -0.900 0.187
vn -0.302 -0.857 0.416
vn -0.056 -0.900 0.432
vn 0.252 -0.950 0.183
vn 0.393 -0.900 -0.187
vn 0.302 -0.857 -0.416
vn 0.588 0.000 -0.809
vn 0.129 0.000 -0.992
vn -0.809 0.000 -0.588
vn -0.903 0.000 0.429
vn -0.588 0.000 0.809
vn -0.129 0.000 0.992
vn 0.809 0.000 0.588
vn 0.903 0.000 -0.429
vn 0.588 0.000 -0.809
vn 0.302 0.857 -0.416
vn 0.056 0.900 -0.432
vn -0.252 0.950 -0.183
vn -0.393 0.900 0.187
vn -0.302 0.857 0.416
vn -0.056 0.900 0.432
vn 0.252 0.950 0.183
vn 0.393 0.900 -0.187
vn 0.302 0.857 -0.416
vn 0.302 0.857 -0.416
vn 0.056 0.900 -0.432
vn -0.252 0.950 -0.183
vn -0.393 0.900 0.187
vn -0.302 0.857 0.416
vn -0.056 0.900 0.432
vn 0.252 0.950 0.183
vn 0.393 0.900 -0.187
vn 0.302 0.857 -0.416
vn 0.489 -0.857 0.159
vn 0.428 -0.900 -0.080
vn 0.096 -0.950 -0.296
vn -0.299 -0.900 -0.316
vn -0.489 -0.857 -0.159
vn -0.428 -0.900 0.080
vn -0.096 -0.950 0.296
vn 0.299 -0.900 0.316
vn 0.489 -0.857 0.159
vn 0.489 -0.857 0.159
vn 0.428 -0.900 -0.080
vn 0.096 -0.950 -0.296
vn -0.299 -0.900 -0.316
vn -0.489 -0.857 -0.159
vn -0.428 -0.900 0.080
vn -0.096 -0.950 0.296
vn 0.299 -0.900 0.316
vn 0.489 -0.857 0.159
vn 0.951 0.000 0.309
vn 0.983 0.000 -0.184
vn 0.309 0.000 -0.951
vn -0.687 0.000 -0.727
vn -0.951 0.000 -0.309
vn -0.983 0.000 0.184
vn -0.309 0.000 0.951
vn 0.687 0.000 0.727
vn 0.951 0.000 0.309
vn 0.489 0.857 0.159
vn 0.428 0.900 -0.080
vn 0.096 0.950 -0.296
vn -0.299 0.900 -0.316
vn -0.489 0.857 -0.159
vn -0.428 0.900 0.080
vn -0.096 0.950 0.296
vn 0.299 0.900 0.316
vn 0.489 0.857 0.159
vn 0.489 0.857 0.159
vn 0.428 0.900 -0.080
vn 0.096 0.950 -0.296
vn -0.299 0.900 -0.316
vn -0.489 0.857 -0.159
vn -0.428 0.900 0.080
vn -0.096 0.950 0.296
vn 0.299 0.900 0.316
vn 0.489 0.857 0.159
vn 0.000 -0.781 0.625
vn 0.541 -0.781 0.312
vn 0.541 -0.781 -0.312
vn 0.000 -0.781 -0.625
vn -0.541 -0.781 -0.312
vn -0.541 -0.781 0.312
vn 0.000 -0.781 0.625
vn 0.000 -0.781 0.625
vn 0.541 -0.781 0.312
vn 0.541 -0.781 -0.312
vn 0.000 -0.781 -0.625
vn -0.541 -0.781 -0.312
vn -0.541 -0.781 0.312
vn 0.000 -0.781 0.625
vn 0.000 0.000 1.000
vn 0.866 0.000 0.500
vn 0.866 0.000 -0.500
vn 0.000 0.000 -1.000
vn -0.866 0.000 -0.500
vn -0.866 0.000 0.500
vn 0.000 0.000 1.000
vn 0.000 0.781 0.625
vn 0.541 0.781 0.312
vn 0.541 0.781 -0.312
vn 0.000 0.781 -0.625
vn -0.541 0.781 -0.312
vn -0.541 0.781 0.312
vn 0.000 0.781 0.625
vn 0.000 0.781 0.625
vn 0.541 0.781 0.312
vn 0.541 0.781 -0.312
vn 0.000 0.781 -0.625
vn -0.541 0.781 -0.312
vn -0.541 0.781 0.312
vn 0.000 0.781 0.625
vn -0.000 -0.857 0.514
vn 0.208 -0.900 0.382
vn 0.311 -0.950 0.000
vn 0.208 -0.900 -0.382
vn 0.000 -0.857 -0.514
vn -0.208 -0.900 -0.382
vn -0.311 -0.950 -0.000
vn -0.208 -0.900 0.382
vn -0.000 -0.857 0.514
vn -0.000 -0.857 0.514
vn 0.208 -0.900 0.382
vn 0.311 -0.950 0.000
vn 0.208 -0.900 -0.382
vn 0.000 -0.857 -0.514
vn -0.208 -0.900 -0.382
vn -0.311 -0.950 -0.000
vn -0.208 -0.900 0.382
vn -0.000 -0.857 0.514
vn -0.000 0.000 1.000
vn 0.479 0.000 0.878
vn 1.000 0.000 0.000
vn 0.479 0.000 -0.878
vn 0.000 0.000 -1.000
vn -0.479 0.000 -0.878
vn -1.000 0.000 -0.000
vn -0.479 0.000 0.878
vn -0.000 0.000 1.000
vn -0.000 0.857 0.514
vn 0.208 0.900 0.382
vn 0.311 0.950 0.000
vn 0.208 0.900 -0.382
vn 0.000 0.857 -0.514
vn -0.208 0.900 -0.382
vn -0.311 0.950 -0.000
vn -0.208 0.900 0.382
vn -0.000 0.857 0.514
vn -0.000 0.857 0.514
vn 0.208 0.900 0.382
vn 0.311 0.950 0.000
vn 0.208 0.900 -0.382
vn 0.000 0.857 -0.514
vn -0.208 0.900 -0.382
vn -0.311 0.950 -0.000
vn -0.208 0.900 0.382
vn -0.000 0.857 0.514
vn -0.489 -0.857 0.159
vn -0.299 -0.900 0.316
vn 0.096 -0.950 0.296
vn 0.428 -0.900 0.080
vn 0.489 -0.857 -0.159
vn 0.299 -0.900 -0.316
vn -0.096 -0.950 -0.296
vn -0.428 -0.900 -0.080
vn -0.489 -0.857 0.159
vn -0.489 -0.857 0.159
vn -0.299 -0.900 0.316
vn 0.096 -0.950 0.296
vn 0.428 -0.900 0.080
vn 0.489 -0.857 -0.159
vn 0.299 -0.900 -0.316
vn -0.096 -0.950 -0.296
vn -0.428 -0.900 -0.080
vn -0.489 -0.857 0.159
vn -0.951 0.000 0.309
vn -0.687 0.000 0.727
vn 0.309 0.000 0.951
vn 0.983 0.000 0.184
vn 0.951 0.000 -0.309
vn 0.687 0.000 -0.727
vn -0.309 0.000 -0.951
vn -0.983 0.000 -0.184
vn -0.951 0.000 0.309
vn -0.489 0.857 0.159
vn -0.299 0.900 0.316
vn 0.096 0.950 0.296
vn 0.428 0.900 0.080
vn 0.489 0.857 -0.159
vn 0.299 0.900 -0.316
vn -0.096 0.950 -0.296
vn -0.428 0.900 -0.080
vn -0.489 0.857 0.159
vn -0.489 0.857 0.159
vn -0.299 0.900 0.316
vn 0.096 0.950 0.296
vn 0.428 0.900 0.080
vn 0.489 0.857 -0.159
vn 0.299 0.900 -0.316
vn -0.096 0.950 -0.296
vn -0.428 0.900 -0.080
vn -0.489 0.857 0.159
vn -0.302 -0.857 -0.416
vn -0.393 -0.900 -0.187
vn -0.252 -0.950 0.183
vn 0.056 -0.900 0.432
vn 0.302 -0.857 0.416
vn 0.393 -0.900 0.187
vn 0.252 -0.950 -0.183
vn -0.056 -0.900 -0.432
vn -0.302 -0.857 -0.416
vn -0.302 -0.857 -0.416
vn -0.393 -0.900 -0.187
vn -0.252 -0.950 0.183
vn 0.056 -0.900 0.432
vn 0.302 -0.857 0.416
vn 0.393 -0.900 0.187
vn 0.252 -0.950 -0.183
vn -0.056 -0.900 -0.432
vn -0.302 -0.857 -0.416
vn -0.588 0.000 -0.809
vn -0.903 0.000 -0.429
vn -0.809 0.000 0.588
vn 0.129 0.000 0.992
vn 0.588 0.000 0.809
vn 0.903 0.000 0.429
vn 0.809 0.000 -0.588
vn -0.129 0.000 -0.992
vn -0.588 0.000 -0.809
vn -0.302 0.857 -0.416
vn -0.393 0.900 -0.187
vn -0.252 0.950 0.183
vn 0.056 0.900 0.432
vn 0.302 0.857 0.416
vn 0.393 0.900 0.187
vn 0.252 0.950 -0.183
vn -0.056 0.900 -0.432
vn -0.302 0.857 -0.416
vn -0.302 0.857 -0.416
vn -0.393 0.900 -0.187
vn -0.252 0.950 0.183
vn 0.056 0.900 0.432
vn 0.302 0.857 0.416
vn 0.393 0.900 0.187
vn 0.252 0.950 -0.183
vn -0.056 0.900 -0.432
vn -0.302 0.857 -0.416
vn 0.302 -0.857 -0.416
vn 0.056 -0.900 -0.432
vn -0.252 -0.950 -0.183
vn -0.393 -0.900 0.187
vn -0.302 -0.857 0.416
vn -0.056 -0.900 0.432
vn 0.252 -0.950 0.183
vn 0.393 -0.900 -0.187
vn 0.302 -0.857 -0.416
vn 0.302 -0.857 -0.416
vn 0.056 -0.900 -0.432
vn -0.252 -0.950 -0.183
vn -0.393 -0.900 0.187
vn -0.302 -0.857 0.416
vn -0.056 -0.900 0.432
vn 0.252 -0.950 0.183
vn 0.393 -0.900 -0.187
vn 0.302 -0.857 -0.416
vn 0.588 0.000 -0.809
vn 0.129 0.000 -0.992
vn -0.809 0.000 -0.588
vn -0.903 0.000 0.429
vn -0.588 0.000 0.809
vn -0.129 0.000 0.992
vn 0.809 0.000 0.588
vn 0.903 0.000 -0.429
vn 0.588 0.000 -0.809
vn 0.302 0.857 -0.416
vn 0.056 0.900 -0.432
vn -0.252 0.950 -0.183
vn -0.393 0.900 0.187
vn -0.302 0.857 0.416
vn -0.056 0.900 0.432
vn 0.252 0.950 0.183
vn 0.393 0.900 -0.187
vn 0.302 0.857 -0.416
vn 0.302 0.857 -0.416
vn 0.056 0.900 -0.432
vn -0.252 0.950 -0.183
vn -0.393 0.900 0.187
vn -0.302 0.857 0.416
vn -0.056 0.900 0.432
vn 0.252 0.950 0.183
vn 0.393 0.900 -0.187
vn 0.302 0.857 -0.416
vn 0.489 -0.857 0.159
vn 0.428 -0.900 -0.080
vn 0.096 -0.950 -0.296
vn -0.299 -0.900 -0.316
vn -0.489 -0.857 -0.159
vn -0.428 -0.900 0.080
vn -0.096 -0.950 0.296
vn 0.299 -0.900 0.316
vn 0.489 -0.857 0.159
vn 0.489 -0.857 0.159
vn 0.428 -0.900 -0.080
vn 0.096 -0.950 -0.296
vn -0.299 -0.900 -0.316
vn -0.489 -0.857 -0.159
vn -0.428 -0.900 0.080
vn -0.096 -0.950 0.296
vn 0.299 -0.900 0.316
vn 0.489 -0.857 0.159
vn 0.951 0.000 0.309
vn 0.983 0.000 -0.184
vn 0.309 0.000 -0.951
vn -0.687 0.000 -0.727
vn -0.951 0.000 -0.309
vn -0.983 0.000 0.184
vn -0.309 0.000 0.951
vn 0.687 0.000 0.727
vn 0.951 0.000 0.309
vn 0.489 0.857 0.159
vn 0.428 0.900 -0.080
vn 0.096 0.950 -0.296
vn -0.299 0.900 -0.316
vn -0.489 0.857 -0.159
vn -0.428 0.900 0.080
vn -0.096 0.950 0.296
vn 0.299 0.900 0.316
vn 0.489 0.857 0.159
vn 0.489 0.857 0.159
vn 0.428 0.900 -0.080
vn 0.096 0.950 -0.296
vn -0.299 0.900 -0.316
vn -0.489 0.857 -0.159
vn -0.428 0.900 0.080
vn -0.096 0.950 0.296
vn 0.299 0.900 0.316
vn 0.489 0.857 0.159
vn 0.000 -0.781 0.625
vn 0.541 -0.781 0.312
vn 0.541 -0.781 -0.312
vn 0.000 -0.781 -0.625
vn -0.541 -0.781 -0.312
vn -0.541 -0.781 0.312
vn 0.000 -0.781 0.625
vn 0.000 -0.781 0.625
vn 0.541 -0.781 0.312
vn 0.541 -0.781 -0.312
vn 0.000 -0.781 -0.625
vn -0.541 -0.781 -0.312
vn -0.541 -0.781 0.312
vn 0.000 -0.781 0.625
vn 0.000 0.000 1.000
vn 0.866 0.000 0.500
vn 0.866 0.000 -0.500
vn 0.000 0.000 -1.000
vn -0.866 0.000 -0.500
vn -0.866 0.000 0.500
vn 0.000 0.000 1.000
vn 0.000 0.781 0.625
vn 0.541 0.781 0.312
vn 0.541 0.781 -0.312
vn 0.000 0.781 -0.625
vn -0.541 0.781 -0.312
vn -0.541 0.781 0.312
vn 0.000 0.781 0.625
vn 0.000 0.781 0.625
vn 0.541 0.781 0.312
vn 0.541 0.781 -0.312
vn 0.000 0.781 -0.625
vn -0.541 0.781 -0.312
vn -0.541 0.781 0.312
vn 0.000 0.781 0.625
vn -0.000 -0.857 0.514
vn 0.208 -0.900 0.382
vn 0.311 -0.950 0.000
vn 0.208 -0.900 -0.382
vn 0.000 -0.857 -0.514
vn -0.208 -0.900 -0.382
vn -0.311 -0.950 -0.000
vn -0.208 -0.900 0.382
vn -0.000 -0.857 0.514
vn -0.000 -0.857 0.514
vn 0.208 -0.900 0.382
vn 0.311 -0.950 0.000
vn 0.208 -0.900 -0.382
vn 0.000 -0.857 -0.514
vn -0.208 -0.900 -0.382
vn -0.311 -0.950 -0.000
vn -0.208 -0.900 0.382
vn -0.000 -0.857 0.514
vn -0.000 0.000 1.000
vn 0.479 0.000 0.878
vn 1.000 0.000 0.000
vn 0.479 0.000 -0.878
vn 0.000 0.000 -1.000
vn -0.479 0.000 -0.878
vn -1.000 0.000 -0.000
vn -0.479 0.000 0.878
vn -0.000 0.000 1.000
vn -0.000 0.857 0.514
vn 0.208 0.900 0.382
vn 0.311 0.950 0.000
vn 0.208 0.900 -0.382
vn 0.000 0.857 -0.514
vn -0.208 0.900 -0.382
vn -0.311 0.950 -0.000
vn -0.208 0.900 0.382
vn -0.000 0.857 0.514
vn -0.000 0.857 0.514
vn 0.208 0.900 0.382
vn 0.311 0.950 0.000
vn 0.208 0.900 -0.382
vn 0.000 0.857 -0.514
vn -0.208 0.900 -0.382
vn -0.311 0.950 -0.000
vn -0.208 0.900 0.382
vn -0.000 0.857 0.514
vn -0.489 -0.857 0.159
vn -0.299 -0.900 0.316
vn 0.096 -0.950 0.296
vn 0.428 -0.900 0.080
vn 0.489 -0.857 -0.159
vn 0.299 -0.900 -0.316
vn -0.096 -0.950 -0.296
vn -0.428 -0.900 -0.080
vn -0.489 -0.857 0.159
vn -0.489 -0.857 0.159
vn -0.299 -0.900 0.316
vn 0.096 -0.950 0.296
vn 0.428 -0.900 0.080
vn 0.489 -0.857 -0.159
vn 0.299 -0.900 -0.316
vn -0.096 -0.950 -0.296
vn -0.428 -0.900 -0.080
vn -0.489 -0.857 0.159
vn -0.951 0.000 0.309
vn -0.687 0.000 0.727
vn 0.309 0.000 0.951
vn 0.983 0.000 0.184
vn 0.951 0.000 -0.309
vn 0.687 0.000 -0.727
vn -0.309 0.000 -0.951
vn -0.983 0.000 -0.184
vn -0.951 0.000 0.309
vn -0.489 0.857 0.159
vn -0.299 0.900 0.316
vn 0.096 0.950 0.296
vn 0.428 0.900 0.080
vn 0.489 0.857 -0.159
vn 0.299 0.900 -0.316
vn -0.096 0.950 -0.296
vn -0.428 0.900 -0.080
vn -0.489 0.857 0.159
vn -0.489 0.857 0.159
vn -0.299 0.900 0.316
vn 0.096 0.950 0.296
vn 0.428 0.900 0.080
vn 0.489 0.857 -0.159
vn 0.299 0.900 -0.316
vn -0.096 0.950 -0.296
vn -0.428 0.900 -0.080
vn -0.489 0.857 0.159
vn -0.302 -0.857 -0.416
vn -0.393 -0.900 -0.187
vn -0.252 -0.950 0.183
vn 0.056 -0.900 0.432
vn 0.302 -0.857 0.416
vn 0.393 -0.900 0.187
vn 0.252 -0.950 -0.183
vn -0.056 -0.900 -0.432
vn -0.302 -0.857 -0.416
vn -0.302 -0.857 -0.416
vn -0.393 -0.900 -0.187
vn -0.252 -0.950 0.183
vn 0.056 -0.900 0.432
vn 0.302 -0.857 0.416
vn 0.393 -0.900 0.187
vn 0.252 -0.950 -0.183
vn -0.056 -0.900 -0.432
vn -0.302 -0.857 -0.416
vn -0.588 0.000 -0.809
vn -0.903 0.000 -0.429
vn -0.809 0.000 0.588
vn 0.129 0.000 0.992
vn 0.588 0.000 0.809
vn 0.903 0.000 0.429
vn 0.809 0.000 -0.588
vn -0.129 0.000 -0.992
vn -0.588 0.000 -0.809
vn -0.302 0.857 -0.416
vn -0.393 0.900 -0.187
vn -0.252 0.950 0.183
vn 0.056 0.900 0.432
vn 0.302 0.857 0.416
vn 0.393 0.900 0.187
vn 0.252 0.950 -0.183
vn -0.056 0.900 -0.432
vn -0.302 0.857 -0.416
vn -0.302 0.857 -0.416
vn -0.393 0.900 -0.187
vn -0.252 0.950 0.183
vn 0.056 0.900 0.432
vn 0.302 0.857 0.416
vn 0.393 0.900 0.187
vn 0.252 0.950 -0.183
vn -0.056 0.900 -0.432
vn -0.302 0.857 -0.416
vn 0.302 -0.857 -0.416
vn 0.056 -0.900 -0.432
vn -0.252 -0.950 -0.183
vn -0.393 -0.900 0.187
vn -0.302 -0.857 0.416
vn -0.056 -0.900 0.432
vn 0.252 -0.950 0.183
vn 0.393 -0.900 -0.187
vn 0.302 -0.857 -0.416
vn 0.302 -0.857 -0.416
vn 0.056 -0.900 -0.432
vn -0.252 -0.950 -0.183
vn -0.393 -0.900 0.187
vn -0.302 -0.857 0.416
vn -0.056 -0.900 0.432
vn 0.252 -0.950 0.183
vn 0.393 -0.900 -0.187
vn 0.302 -0.857 -0.416
vn 0.588 0.000 -0.809
vn 0.129 0.000 -0.992
vn -0.809 0.000 -0.588
vn -0.903 0.000 0.429
vn -0.588 0.000 0.809
vn -0.129 0.000 0.992
vn 0.809 0.000 0.588
vn 0.903 0.000 -0.429
vn 0.588 0.000 -0.809
vn 0.302 0.857 -0.416
vn 0.056 0.900 -0.432
vn -0.252 0.950 -0.183
vn -0.393 0.900 0.187
vn -0.302 0.857 0.416
vn -0.056 0.900 0.432
vn 0.252 0.950 0.183
vn 0.393 0.900 -0.187
vn 0.302 0.857 -0.416
vn 0.302 0.857 -0.416
vn 0.056 0.900 -0.432
vn -0.252 0.950 -0.183
vn -0.393 0.900 0.187
vn -0.302 0.857 0.416
vn -0.056 0.900 0.432
vn 0.252 0.950 0.183
vn 0.393 0.900 -0.187
vn 0.302 0.857 -0.416
vn 0.489 -0.857 0.159
vn 0.428 -0.900 -0.080
vn 0.096 -0.950 -0.296
vn -0.299 -0.900 -0.316
vn -0.489 -0.857 -0.159
vn -0.428 -0.900 0.080
vn -0.096 -0.950 0.296
vn 0.299 -0.900 0.316
vn 0.489 -0.857 0.159
vn 0.489 -0.857 0.159
vn 0.428 -0.900 -0.080
vn 0.096 -0.950 -0.296
vn -0.299 -0.900 -0.316
vn -0.489 -0.857 -0.159
vn -0.428 -0.900 0.080
vn -0.096 -0.950 0.296
vn 0.299 -0.900 0.316
vn 0.489 -0.857 0.159
vn 0.951 0.000 0.309
vn 0.983 0.000 -0.184
vn 0.309 0.000 -0.951
vn -0.687 0.000 -0.727
vn -0.951 0.000 -0.309
vn -0.983 0.000 0.184
vn -0.309 0.000 0.951
vn 0.687 0.000 0.727
vn 0.951 0.000 0.309
vn 0.489 0.857 0.159
vn 0.428 0.900 -0.080
vn 0.096 0.950 -0.296
vn -0.299 0.900 -0.316
vn -0.489 0.857 -0.159
vn -0.428 0.900 0.080
vn -0.096 0.950 0.296
vn 0.299 0.900 0.316
vn 0.489 0.857 0.159
vn 0.489 0.857 0.159
vn 0.428 0.900 -0.080
vn 0.096 0.950 -0.296
vn -0.299 0.900 -0.316
vn -0.489 0.857 -0.159
vn -0.428 0.900 0.080
vn -0.096 0.950 0.296
vn 0.299 0.900 0.316
vn 0.489 0.857 0.159
vn 0.000 -0.781 0.625
vn 0.541 -0.781 0.312
vn 0.541 -0.781 -0.312
vn 0.000 -0.781 -0.625
vn -0.541 -0.781 -0.312
vn -0.541 -0.781 0.312
vn 0.000 -0.781 0.625
vn 0.000 -0.781 0.625
vn 0.541 -0.781 0.312
vn 0.541 -0.781 -0.312
vn 0.000 -0.781 -0.625
vn -0.541 -0.781 -0.312
vn -0.541 -0.781 0.312
vn 0.000 -0.781 0.625
vn 0.000 0.000 1.000
vn 0.866 0.000 0.500
vn 0.866 0.000 -0.500
vn 0.000 0.000 -1.000
vn -0.866 0.000 -0.500
vn -0.866 0.000 0.500
vn 0.000 0.000 1.000
vn 0.000 0.781 0.625
vn 0.541 0.781 0.312
vn 0.541 0.781 -0.312
vn 0.000 0.781 -0.625
vn -0.541 0.781 -0.312
vn -0.541 0.781 0.312
vn 0.000 0.781 0.625
vn 0.000 0.781 0.625
vn 0.541 0.781 0.312
vn 0.541 0.781 -0.312
vn 0.000 0.781 -0.625
vn -0.541 0.781 -0.312
vn -0.541 0.781 0.312
vn 0.000 0.781 0.625
vn -0.000 -0.857 0.514
vn 0.208 -0.900 0.382
vn 0.311 -0.950 0.000
vn 0.208 -0.900 -0.382
vn 0.000 -0.857 -0.514
vn -0.208 -0.900 -0.382
vn -0.311 -0.950 -0.000
vn -0.208 -0.900 0.382
vn -0.000 -0.857 0.514
vn -0.000 -0.857 0.514
vn 0.208 -0.900 0.382
vn 0.311 -0.950 0.000
vn 0.208 -0.900 -0.382
vn 0.000 -0.857 -0.514
vn -0.208 -0.900 -0.382
vn -0.311 -0.950 -0.000
vn -0.208 -0.900 0.382
vn -0.000 -0.857 0.514
vn -0.000 0.000 1.000
vn 0.479 0.000 0.878
vn 1.000 0.000 0.000
vn 0.479 0.000 -0.878
vn 0.000 0.000 -1.000
vn -0.479 0.000 -0.878
vn -1.000 0.000 -0.000
vn -0.479 0.000 0.878
vn -0.000 0.000 1.000
vn -0.000 0.857 0.514
vn 0.208 0.900 0.382
vn 0.311 0.950 0.000
vn 0.208 0.900 -0.382
vn 0.000 0.857 -0.514
vn -0.208 0.900 -0.382
vn -0.311 0.950 -0.000
vn -0.208 0.900 0.382
vn -0.000 0.857 0.514
vn -0.000 0.857 0.514
vn 0.208 0.900 0.382
vn 0.311 0.950 0.000
vn 0.208 0.900 -0.382
vn 0.000 0.857 -0.514
vn -0.208 0.900 -0.382
vn -0.311 0.950 -0.000
vn -0.208 0.900 0.382
vn -0.000 0.857 0.514
vn -0.489 -0.857 0.159
vn -0.299 -0.900 0.316
vn 0.096 -0.950 0.296
vn 0.428 -0.900 0.080
vn 0.489 -0.857 -0.159
vn 0.299 -0.900 -0.316
vn -0.096 -0.950 -0.296
vn -0.428 -0.900 -0.080
vn -0.489 -0.857 0.159
vn -0.489 -0.857 0.159
vn -0.299 -0.900 0.316
vn 0.096 -0.950 0.296
vn 0.428 -0.900 0.080
vn 0.489 -0.857 -0.159
vn 0.299 -0.900 -0.316
vn -0.096 -0.950 -0.296
vn -0.428 -0.900 -0.080
vn -0.489 -0.857 0.159
vn -0.951 0.000 0.309
vn -0.687 0.000 0.727
vn 0.309 0.000 0.951
vn 0.983 0.000 0.184
vn 0.951 0.000 -0.309
vn 0.687 0.000 -0.727
vn -0.309 0.000 -0.951
vn -0.983 0.000 -0.184
vn -0.951 0.000 0.309
vn -0.489 0.857 0.159
vn -0.299 0.900 0.316
vn 0.096 0.950 0.296
vn 0.428 0.900 0.080
vn 0.489 0.857 -0.159
vn 0.299 0.900 -0.316
vn -0.096 0.950 -0.296
vn -0.428 0.900 -0.080
vn -0.489 0.857 0.159
vn -0.489 0.857 0.159
vn -0.299 0.900 0.316
vn 0.096 0.950 0.296
vn 0.428 0.900 0.080
vn 0.489 0.857 -0.159
vn 0.299 0.900 -0.316
vn -0.096 0.950 -0.296
vn -0.428 0.900 -0.080
vn -0.489 0.857 0.159
vn -0.302 -0.857 -0.416
vn -0.393 -0.900 -0.187
vn -0.252 -0.950 0.183
vn 0.056 -0.900 0.432
vn 0.302 -0.857 0.416
vn 0.393 -0.900 0.187
vn 0.252 -0.950 -0.183
vn -0.056 -0.900 -0.432
vn -0.302 -0.857 -0.416
vn -0.302 -0.857 -0.416
vn -0.393 -0.900 -0.187
vn -0.252 -0.950 0.183
vn 0.056 -0.900 0.432
vn 0.302 -0.857 0.416
vn 0.393 -0.900 0.187
vn 0.252 -0.950 -0.183
vn -0.056 -0.900 -0.432
vn -0.302 -0.857 -0.416
vn -0.588 0.000 -0.809
vn -0.903 0.000 -0.429
vn -0.809 0.000 0.588
vn 0.129 0.000 0.992
vn 0.588 0.000 0.809
vn 0.903 0.000 0.429
vn 0.809 0.000 -0.588
vn -0.129 0.000 -0.992
vn -0.588 0.000 -0.809
vn -0.302 0.857 -0.416
vn -0.393 0.900 -0.187
vn -0.252 0.950 0.183
vn 0.056 0.900 0.432
vn 0.302 0.857 0.416
vn 0.393 0.900 0.187
vn 0.252 0.950 -0.183
vn -0.056 0.900 -0.432
vn -0.302 0.857 -0.416
vn -0.302 0.857 -0.416
vn -0.393 0.900 -0.187
vn -0.252 0.950 0.183
vn 0.056 0.900 0.432
vn 0.302 0.857 0.416
vn 0.393 0.900 0.187
vn 0.252 0.950 -0.183
vn -0.056 0.900 -0.432
vn -0.302 0.857 -0.416
vn 0.302 -0.857 -0.416
vn 0.056 -0.900 -0.432
vn -0.252 -0.950 -0.183
vn -0.393 -0.900 0.187
vn -0.302 -0.857 0.416
vn -0.056 -0.900 0.432
vn 0.252 -0.950 0.183
vn 0.393 -0.900 -0.187
vn 0.302 -0.857 -0.416
vn 0.302 -0.857 -0.416
vn 0.056 -0.900 -0.432
vn -0.252 -0.950 -0.183
vn -0.393 -0.900 0.187
vn -0.302 -0.857 0.416
vn -0.056 -0.900 0.432
vn 0.252 -0.950 0.183
vn 0.393 -0.900 -0.187
vn 0.302 -0.857 -0.416
vn 0.588 0.000 -0.809
vn 0.129 0.000 -0.992
vn -0.809 0.000 -0.588
vn -0.903 0.000 0.429
vn -0.588 0.000 0.809
vn -0.129 0.000 0.992
vn 0.809 0.000 0.588
vn 0.903 0.000 -0.429
vn 0.588 0.000 -0.809
vn 0.302 0.857 -0.416
vn 0.056 0.900 -0.432
vn -0.252 0.950 -0.183
vn -0.393 0.900 0.187
vn -0.302 0.857 0.416
vn -0.056 0.900 0.432
vn 0.252 0.950 0.183
vn 0.393 0.900 -0.187
vn 0.302 0.857 -0.416
vn 0.302 0.857 -0.416
vn 0.056 0.900 -0.432
vn -0.252 0.950 -0.183
vn -0.393 0.900 0.187
vn -0.302 0.857 0.416
vn -0.056 0.900 0.432
vn 0.252 0.950 0.183
vn 0.393 0.900 -0.187
vn 0.302 0.857 -0.416
vn 0.489 -0.857 0.159
vn 0.428 -0.900 -0.080
vn 0.096 -0.950 -0.296
vn -0.299 -0.900 -0.316
vn -0.489 -0.857 -0.159
vn -0.428 -0.900 0.080
vn -0.096 -0.950 0.296
vn 0.299 -0.900 0.316
vn 0.489 -0.857 0.159
vn 0.489 -0.857 0.159
vn 0.428 -0.900 -0.080
vn 0.096 -0.950 -0.296
vn -0.299 -0.900 -0.316
vn -0.489 -0.857 -0.159
vn -0.428 -0.900 0.080
vn -0.096 -0.950 0.296
vn 0.299 -0.900 0.316
vn 0.489 -0.857 0.159
vn 0.951 0.000 0.309
vn 0.983 0.000 -0.184
vn 0.309 0.000 -0.951
vn -0.687 0.000 -0.727
vn -0.951 0.000 -0.309
vn -0.983 0.000 0.184
vn -0.309 0.000 0.951
vn 0.687 0.000 0.727
vn 0.951 0.000 0.309
vn 0.489 0.857 0.159
vn 0.428 0.900 -0.080
vn 0.096 0.950 -0.296
vn -0.299 0.900 -0.316
vn -0.489 0.857 -0.159
vn -0.428 0.900 0.080
vn -0.096 0.950 0.296
vn 0.299 0.900 0.316
vn 0.489 0.857 0.159
vn 0.489 0.857 0.159
vn 0.428 0.900 -0.080
vn 0.096 0.950 -0.296
vn -0.299 0.900 -0.316
vn -0.489 0.857 -0.159
vn -0.428 0.900 0.080
vn -0.096 0.950 0.296
vn 0.299 0.900 0.316
vn 0.489 0.857 0.159
vn 0.000 -0.781 0.625
vn 0.541 -0.781 0.312
vn 0.541 -0.781 -0.312
vn 0.000 -0.781 -0.625
vn -0.541 -0.781 -0.312
vn -0.541 -0.781 0.312
vn 0.000 -0.781 0.625
vn 0.000 -0.781 0.625
vn 0.541 -0.781 0.312
vn 0.541 -0.781 -0.312
vn 0.000 -0.781 -0.625
vn -0.541 -0.781 -0.312
vn -0.541 -0.781 0.312
vn 0.000 -0.781 0.625
vn 0.000 0.000 1.000
vn 0.866 0.000 0.500
vn 0.866 0.000 -0.500
vn 0.000 0.000 -1.000
vn -0.866 0.000 -0.500
vn -0.866 0.000 0.500
vn 0.000 0.000 1.000
vn 0.000 0.781 0.625
vn 0.541 0.781 0.312
vn 0.541 0.781 -0.312
vn 0.000 0.781 -0.625
vn -0.541 0.781 -0.312
vn -0.541 0.781 0.312
vn 0.000 0.781 0.625
vn 0.000 0.781 0.625
vn 0.541 0.781 0.312
vn 0.541 0.781 -0.312
vn 0.000 0.781 -0.625
vn -0.541 0.781 -0.312
vn -0.541 0.781 0.312
vn 0.000 0.781 0.625
vn -0.000 -0.857 0.514
vn 0.208 -0.900 0.382
vn 0.311 -0.950 0.000
vn 0.208 -0.900 -0.382
vn 0.000 -0.857 -0.514
vn -0.208 -0.900 -0.382
vn -0.311 -0.950 -0.000
vn -0.208 -0.900 0.382
vn -0.000 -0.857 0.514
vn -0.000 -0.857 0.514
vn 0.208 -0.900 0.382
vn 0.311 -0.950 0.000
vn 0.208 -0.900 -0.382
vn 0.000 -0.857 -0.514
vn -0.208 -0.900 -0.382
vn -0.311 -0.950 -0.000
vn -0.208 -0.900 0.382
vn -0.000 -0.857 0.514
vn -0.000 0.000 1.000
vn 0.479 0.000 0.878
vn 1.000 0.000 0.000
vn 0.479 0.000 -0.878
vn 0.000 0.000 -1.000
vn -0.479 0.000 -0.878
vn -1.000 0.000 -0.000
vn -0.479 0.000 0.878
vn -0.000 0.000 1.000
vn -0.000 0.857 0.514
vn 0.208 0.900 0.382
vn 0.311 0.950 0.000
vn 0.208 0.900 -0.382
vn 0.000 0.857 -0.514
vn -0.208 0.900 -0.382
vn -0.311 0.950 -0.000
vn -0.208 0.900 0.382
vn -0.000 0.857 0.514
vn -0.000 0.857 0.514
vn 0.208 0.900 0.382
vn 0.311 0.950 0.000
vn 0.208 0.900 -0.382
vn 0.000 0.857 -0.514
vn -0.208 0.900 -0.382
vn -0.311 0.950 -0.000
vn -0.208 0.900 0.382
vn -0.000 0.857 0.514
vn -0.489 -0.857 0.159
vn -0.299 -0.900 0.316
vn 0.096 -0.950 0.296
vn 0.428 -0.900 0.080
vn 0.489 -0.857 -0.159
vn 0.299 -0.900 -0.316
vn -0.096 -0.950 -0.296
vn -0.428 -0.900 -0.080
vn -0.489 -0.857 0.159
vn -0.489 -0.857 0.159
vn -0.299 -0.900 0.316
vn 0.096 -0.950 0.296
vn 0.428 -0.900 0.080
vn 0.489 -0.857 -0.159
vn 0.299 -0.900 -0.316
vn -0.096 -0.950 -0.296
vn -0.428 -0.900 -0.080
vn -0.489 -0.857 0.159
vn -0.951 0.000 0.309
vn -0.687 0.000 0.727
vn 0.309 0.000 0.951
vn 0.983 0.000 0.184
vn 0.951 0.000 -0.309
vn 0.687 0.000 -0.727
vn -0.309 0.000 -0.951
vn -0.983 0.000 -0.184
vn -0.951 0.000 0.309
vn -0.489 0.857 0.159
vn -0.299 0.900 0.316
vn 0.096 0.950 0.296
vn 0.428 0.900 0.080
vn 0.489 0.857 -0.159
vn 0.299 0.900 -0.316
vn -0.096 0.950 -0.296
vn -0.428 0.900 -0.080
vn -0.489 0.857 0.159
vn -0.489 0.857 0.159
vn -0.299 0.900 0.316
vn 0.096 0.950 0.296
vn 0.428 0.900 0.080
vn 0.489 0.857 -0.159
vn 0.299 0.900 -0.316
vn -0.096 0.950 -0.296
vn -0.428 0.900 -0.080
vn -0.489 0.857 0.159
vn -0.302 -0.857 -0.416
vn -0.393 -0.900 -0.187
vn -0.252 -0.950 0.183
vn 0.056 -0.900 0.432
vn 0.302 -0.857 0.416
vn 0.393 -0.900 0.187
vn 0.252 -0.950 -0.183
vn -0.056 -0.900 -0.432
vn -0.302 -0.857 -0.416
vn -0.302 -0.857 -0.416
vn -0.393 -0.900 -0.187
vn -0.252 -0.950 0.183
vn 0.056 -0.900 0.432
vn 0.302 -0.857 0.416
vn 0.393 -0.900 0.187
vn 0.252 -0.950 -0.183
vn -0.056 -0.900 -0.432
vn -0.302 -0.857 -0.416
vn -0.588 0.000 -0.809
vn -0.903 0.000 -0.429
vn -0.809 0.000 0.588
vn 0.129 0.000 0.992
vn 0.588 0.000 0.809
vn 0.903 0.000 0.429
vn 0.809 0.000 -0.588
vn -0.129 0.000 -0.992
vn -0.588 0.000 -0.809
vn -0.302 0.857 -0.416
vn -0.393 0.900 -0.187
vn -0.252 0.950 0.183
vn 0.056 0.900 0.432
vn 0.302 0.857 0.416
vn 0.393 0.900 0.187
vn 0.252 0.950 -0.183
vn -0.056 0.900 -0.432
vn -0.302 0.857 -0.416
vn -0.302 0.857 -0.416
vn -0.393 0.900 -0.187
vn -0.252 0.950 0.183
vn 0.056 0.900 0.432
vn 0.302 0.857 0.416
vn 0.393 0.900 0.187
vn 0.252 0.950 -0.183
vn -0.056 0.900 -0.432
vn -0.302 0.857 -0.416
vn 0.302 -0.857 -0.416
vn 0.056 -0.900 -0.432
vn -0.252 -0.950 -0.183
vn -0.393 -0.900 0.187
vn -0.302 -0.857 0.416
vn -0.056 -0.900 0.432
vn 0.252 -0.950 0.183
vn 0.393 -0.900 -0.187
vn 0.302 -0.857 -0.416
vn 0.302 -0.857 -0.416
vn 0.056 -0.900 -0.432
vn -0.252 -0.950 -0.183
vn -0.393 -0.900 0.187
vn -0.302 -0.857 0.416
vn -0.056 -0.900 0.432
vn 0.252 -0.950 0.183
vn 0.393 -0.900 -0.187
vn 0.302 -0.857 -0.416
vn 0.588 0.000 -0.809
vn 0.129 0.000 -0.992
vn -0.809 0.000 -0.588
vn -0.903 0.000 0.429
vn -0.588 0.000 0.809
vn -0.129 0.000 0.992
vn 0.809 0.000 0.588
vn 0.903 0.000 -0.429
vn 0.588 0.000 -0.809
vn 0.302 0.857 -0.416
vn 0.056 0.900 -0.432
vn -0.252 0.950 -0.183
vn -0.393 0.900 0.187
vn -0.302 0.857 0.416
vn -0.056 0.900 0.432
vn 0.252 0.950 0.183
vn 0.393 0.900 -0.187
vn 0.302 0.857 -0.416
vn 0.302 0.857 -0.416
vn 0.056 0.900 -0.432
vn -0.252 0.950 -0.183
vn -0.393 0.900 0.187
vn -0.302 0.857 0.416
vn -0.056 0.900 0.432
vn 0.252 0.950 0.183
vn 0.393 0.900 -0.187
vn 0.302 0.857 -0.416
vn 0.489 -0.857 0.159
vn 0.428 -0.900 -0.080
vn 0.096 -0.950 -0.296
vn -0.299 -0.900 -0.316
vn -0.489 -0.857 -0.159
vn -0.428 -0.900 0.080
vn -0.096 -0.950 0.296
vn 0.299 -0.900 0.316
vn 0.489 -0.857 0.159
vn 0.489 -0.857 0.159
vn 0.428 -0.900 -0.080
vn 0.096 -0.950 -0.296
vn -0.299 -0.900 -0.316
vn -0.489 -0.857 -0.159
vn -0.428 -0.900 0.080
vn -0.096 -0.950 0.296
vn 0.299 -0.900 0.316
vn 0.489 -0.857 0.159
vn 0.951 0.000 0.309
vn 0.983 0.000 -0.184
vn 0.309 0.000 -0.951
vn -0.687 0.000 -0.727
vn -0.951 0.000 -0.309
vn -0.983 0.000 0.184
vn -0.309 0.000 0.951
vn 0.687 0.000 0.727
vn 0.951 0.000 0.309
vn 0.489 0.857 0.159
vn 0.428 0.900 -0.080
vn 0.096 0.950 -0.296
vn -0.299 0.900 -0.316
vn -0.489 0.857 -0.159
vn -0.428 0.900 0.080
vn -0.096 0.950 0.296
vn 0.299 0.900 0.316
vn 0.489 0.857 0.159
vn 0.489 0.857 0.159
vn 0.428 0.900 -0.080
vn 0.096 0.950 -0.296
vn -0.299 0.900 -0.316
vn -0.489 0.857 -0.159
vn -0.428 0.900 0.080
vn -0.096 0.950 0.296
vn 0.299 0.900 0.316
vn 0.489 0.857 0.159
vn 0.000 -0.781 0.625
vn 0.541 -0.781 0.312
vn 0.541 -0.781 -0.312
vn 0.000 -0.781 -0.625
vn -0.541 -0.781 -0.312
vn -0.541 -0.781 0.312
vn 0.000 -0.781 0.625
vn 0.000 -0.781 0.625
vn 0.541 -0.781 0.312
vn 0.541 -0.781 -0.312
vn 0.000 -0.781 -0.625
vn -0.541 -0.781 -0.312
vn -0.541 -0.781 0.312
vn 0.000 -0.781 0.625
vn 0.000 0.000 1.000
vn 0.866 0.000 0.500
vn 0.866 0.000 -0.500
vn 0.000 0.000 -1.000
vn -0.866 0.000 -0.500
vn -0.866 0.000 0.500
vn 0.000 0.000 1.000
vn 0.000 0.781 0.625
vn 0.541 0.781 0.312
vn 0.541 0.781 -0.312
vn 0.000 0.781 -0.625
vn -0.541 0.781 -0.312
vn -0.541 0.781 0.312
vn 0.000 0.781 0.625
vn 0.000 0.781 0.625
vn 0.541 0.781 0.312
vn 0.541 0.781 -0.312
vn 0.000 0.781 -0.625
vn -0.541 0.781 -0.312
vn -0.541 0.781 0.312
vn 0.000 0.781 0.625
vn -0.000 -0.857 0.514
vn 0.208 -0.900 0.382
vn 0.311 -0.950 0.000
vn 0.208 -0.900 -0.382
vn 0.000 -0.857 -0.514
vn -0.208 -0.900 -0.382
vn -0.311 -0.950 -0.000
vn -0.208 -0.900 0.382
vn -0.000 -0.857 0.514
vn -0.000 -0.857 0.514
vn 0.208 -0.900 0.382
vn 0.311 -0.950 0.000
vn 0.208 -0.900 -0.382
vn 0.000 -0.857 -0.514
vn -0.208 -0.900 -0.382
vn -0.311 -0.950 -0.000
vn -0.208 -0.900 0.382
vn -0.000 -0.857 0.514
vn -0.000 0.000 1.000
vn 0.479 0.000 0.878
vn 1.000 0.000 0.000
vn 0.479 0.000 -0.878
vn 0.000 0.000 -1.000
vn -0.479 0.000 -0.878
vn -1.000 0.000 -0.000
vn -0.479 0.000 0.878
vn -0.000 0.000 1.000
vn -0.000 0.857 0.514
vn 0.208 0.900 0.382
vn 0.311 0.950 0.000
vn 0.208 0.900 -0.382
vn 0.000 0.857 -0.514
vn -0.208 0.900 -0.382
vn -0.311 0.950 -0.000
vn -0.208 0.900 0.382
vn -0.000 0.857 0.514
vn -0.000 0.857 0.514
vn 0.208 0.900 0.382
vn 0.311 0.950 0.000
vn 0.208 0.900 -0.382
vn 0.000 0.857 -0.514
vn -0.208 0.900 -0.382
vn -0.311 0.950 -0.000
vn -0.208 0.900 0.382
vn -0.000 0.857 0.514
vn -0.489 -0.857 0.159
vn -0.299 -0.900 0.316
vn 0.096 -0.950 0.296
vn 0.428 -0.900 0.080
vn 0.489 -0.857 -0.159
vn 0.299 -0.900 -0.316
vn -0.096 -0.950 -0.296
vn -0.428 -0.900 -0.080
vn -0.489 -0.857 0.159
vn -0.489 -0.857 0.159
vn -0.299 -0.900 0.316
vn 0.096 -0.950 0.296
vn 0.428 -0.900 0.080
vn 0.489 -0.857 -0.159
vn 0.299 -0.900 -0.316
vn -0.096 -0.950 -0.296
vn -0.428 -0.900 -0.080
vn -0.489 -0.857 0.159
vn -0.951 0.000 0.309
vn -0.687 0.000 0.727
vn 0.309 0.000 0.951
vn 0.983 0.000 0.184
vn 0.951 0.000 -0.309
vn 0.687 0.000 -0.727
vn -0.309 0.000 -0.951
vn -0.983 0.000 -0.184
vn -0.951 0.000 0.309
vn -0.489 0.857 0.159
vn -0.299 0.900 0.316
vn 0.096 0.950 0.296
vn 0.428 0.900 0.080
vn 0.489 0.857 -0.159
vn 0.299 0.900 -0.316
vn -0.096 0.950 -0.296
vn -0.428 0.900 -0.080
vn -0.489 0.857 0.159
vn -0.489 0.857 0.159
vn -0.299 0.900 0.316
vn 0.096 0.950 0.296
vn 0.428 0.900 0.080
vn 0.489 0.857 -0.159
vn 0.299 0.900 -0.316
vn -0.096 0.950 -0.296
vn -0.428 0.900 -0.080
vn -0.489 0.857 0.159
vn -0.302 -0.857 -0.416
vn -0.393 -0.900 -0.187
vn -0.252 -0.950 0.183
vn 0.056 -0.900 0.432
vn 0.302 -0.857 0.416
vn 0.393 -0.900 0.187
vn 0.252 -0.950 -0.183
vn -0.056 -0.900 -0.432
vn -0.302 -0.857 -0.416
vn -0.302 -0.857 -0.416
vn -0.393 -0.900 -0.187
vn -0.252 -0.950 0.183
vn 0.056 -0.900 0.432
vn 0.302 -0.857 0.416
vn 0.393 -0.900 0.187
vn 0.252 -0.950 -0.183
vn -0.056 -0.900 -0.432
vn -0.302 -0.857 -0.416
vn -0.588 0.000 -0.809
vn -0.903 0.000 -0.429
vn -0.809 0.000 0.588
vn 0.129 0.000 0.992
vn 0.588 0.000 0.809
vn 0.903 0.000 0.429
vn 0.809 0.000 -0.588
vn -0.129 0.000 -0.992
vn -0.588 0.000 -0.809
vn -0.302 0.857 -0.416
vn -0.393 0.900 -0.187
vn -0.252 0.950 0.183
vn 0.056 0.900 0.432
vn 0.302 0.857 0.416
vn 0.393 0.900 0.187
vn 0.252 0.950 -0.183
vn -0.056 0.900 -0.432
vn -0.302 0.857 -0.416
vn -0.302 0.857 -0.416
vn -0.393 0.900 -0.187
vn -0.252 0.950 0.183
vn 0.056 0.900 0.432
vn 0.302 0.857 0.416
vn 0.393 0.900 0.187
vn 0.252 0.950 -0.183
vn -0.056 0.900 -0.432
vn -0.302 0.857 -0.416
vn 0.302 -0.857 -0.416
vn 0.056 -0.900 -0.432
vn -0.252 -0.950 -0.183
vn -0.393 -0.900 0.187
vn -0.302 -0.857 0.416
vn -0.056 -0.900 0.432
vn 0.252 -0.950 0.183
vn 0.393 -0.900 -0.187
vn 0.302 -0.857 -0.416
vn 0.302 -0.857 -0.416
vn 0.056 -0.900 -0.432
vn -0.252 -0.950 -0.183
vn -0.393 -0.900 0.187
vn -0.302 -0.857 0.416
vn -0.056 -0.900 0.432
vn 0.252 -0.950 0.183
vn 0.393 -0.900 -0.187
vn 0.302 -0.857 -0.416
vn 0.588 0.000 -0.809
vn 0.129 0.000 -0.992
vn -0.809 0.000 -0.588
vn -0.903 0.000 0.429
vn -0.588 0.000 0.809
vn -0.129 0.000 0.992
vn 0.809 0.000 0.588
vn 0.903 0.000 -0.429
vn 0.588 0.000 -0.809
vn 0.302 0.857 -0.416
vn 0.056 0.900 -0.432
vn -0.252 0.950 -0.183
vn -0.393 0.900 0.187
vn -0.302 0.857 0.416
vn -0.056 0.900 0.432
vn 0.252 0.950 0.183
vn 0.393 0.900 -0.187
vn 0.302 0.857 -0.416
vn 0.302 0.857 -0.416
vn 0.056 0.900 -0.432
vn -0.252 0.950 -0.183
vn -0.393 0.900 0.187
vn -0.302 0.857 0.416
vn -0.056 0.900 0.432
vn 0.252 0.950 0.183
vn 0.393 0.900 -0.187
vn 0.302 0.857 -0.416
vn 0.489 -0.857 0.159
vn 0.428 -0.900 -0.080
vn 0.096 -0.950 -0.296
vn -0.299 -0.900 -0.316
vn -0.489 -0.857 -0.159
vn -0.428 -0.900 0.080
vn -0.096 -0.950 0.296
vn 0.299 -0.900 0.316
vn 0.489 -0.857 0.159
vn 0.489 -0.857 0.159
vn 0.428 -0.900 -0.080
vn 0.096 -0.950 -0.296
vn -0.299 -0.900 -0.316
vn -0.489 -0.857 -0.159
vn -0.428 -0.900 0.080
vn -0.096 -0.950 0.296
vn 0.299 -0.900 0.316
vn 0.489 -0.857 0.159
vn 0.951 0.000 0.309
vn 0.983 0.000 -0.184
vn 0.309 0.000 -0.951
vn -0.687 0.000 -0.727
vn -0.951 0.000 -0.309
vn -0.983 0.000 0.184
vn -0.309 0.000 0.951
vn 0.687 0.000 0.727
vn 0.951 0.000 0.309
vn 0.489 0.857 0.159
vn 0.428 0.900 -0.080
vn 0.096 0.950 -0.296
vn -0.299 0.900 -0.316
vn -0.489 0.857 -0.159
vn -0.428 0.900 0.080
vn -0.096 0.950 0.296
vn 0.299 0.900 0.316
vn 0.489 0.857 0.159
vn 0.489 0.857 0.159
vn 0.428 0.900 -0.080
vn 0.096 0.950 -0.296
vn -0.299 0.900 -0.316
vn -0.489 0.857 -0.159
vn -0.428 0.900 0.080
vn -0.096 0.950 0.296
vn 0.299 0.900 0.316
vn 0.489 0.857 0.159
vn 0.000 -0.781 0.625
vn 0.541 -0.781 0.312
vn 0.541 -0.781 -0.312
vn 0.000 -0.781 -0.625
vn -0.541 -0.781 -0.312
vn -0.541 -0.781 0.312
vn 0.000 -0.781 0.625
vn 0.000 -0.781 0.625
vn 0.541 -0.781 0.312
vn 0.541 -0.781 -0.312
vn 0.000 -0.781 -0.625
vn -0.541 -0.781 -0.312
vn -0.541 -0.781 0.312
vn 0.000 -0.781 0.625
vn 0.000 0.000 1.000
vn 0.866 0.000 0.500
vn 0.866 0.000 -0.500
vn 0.000 0.000 -1.000
vn -0.866 0.000 -0.500
vn -0.866 0.000 0.500
vn 0.000 0.000 1.000
vn 0.000 0.781 0.625
vn 0.541 0.781 0.312
vn 0.541 0.781 -0.312
vn 0.000 0.781 -0.625
vn -0.541 0.781 -0.312
vn -0.541 0.781 0.312
vn 0.000 0.781 0.625
vn 0.000 0.781 0.625
vn 0.541 0.781 0.312
vn 0.541 0.781 -0.312
vn 0.000 0.781 -0.625
vn -0.541 0.781 -0.312
vn -0.541 0.781 0.312
vn 0.000 0.781 0.625
vn -0.000 -0.857 0.514
vn 0.208 -0.900 0.382
vn 0.311 -0.950 0.000
vn 0.208 -0.900 -0.382
vn 0.000 -0.857 -0.514
vn -0.208 -0.900 -0.382
vn -0.311 -0.950 -0.000
vn -0.208 -0.900 0.382
vn -0.000 -0.857 0.514
vn -0.000 -0.857 0.514
vn 0.208 -0.900 0.382
vn 0.311 -0.950 0.000
vn 0.208 -0.900 -0.382
vn 0.000 -0.857 -0.514
vn -0.208 -0.900 -0.382
vn -0.311 -0.950 -0.000
vn -0.208 -0.900 0.382
vn -0.000 -0.857 0.514
vn -0.000 0.000 1.000
vn 0.479 0.000 0.878
vn 1.000 0.000 0.000
vn 0.479 0.000 -0.878
vn 0.000 0.000 -1.000
vn -0.479 0.000 -0.878
vn -1.000 0.000 -0.000
vn -0.479 0.000 0.878
vn -0.000 0.000 1.000
vn -0.000 0.857 0.514
vn 0.208 0.900 0.382
vn 0.311 0.950 0.000
vn 0.208 0.900 -0.382
vn 0.000 0.857 -0.514
vn -0.208 0.900 -0.382
vn -0.311 0.950 -0.000
vn -0.208 0.900 0.382
vn -0.000 0.857 0.514
vn -0.000 0.857 0.514
vn 0.208 0.900 0.382
vn 0.311 0.950 0.000
vn 0.208 0.900 -0.382
vn 0.000 0.857 -0.514
vn -0.208 0.900 -0.382
vn -0.311 0.950 -0.000
vn -0.208 0.900 0.382
vn -0.000 0.857 0.514
vn -0.489 -0.857 0.159
vn -0.299 -0.900 0.316
vn 0.096 -0.950 0.296
vn 0.428 -0.900 0.080
vn 0.489 -0.857 -0.159
vn 0.299 -0.900 -0.316
vn -0.096 -0.950 -0.296
vn -0.428 -0.900 -0.080
vn -0.489 -0.857 0.159
vn -0.489 -0.857 0.159
vn -0.299 -0.900 0.316
vn 0.096 -0.950 0.296
vn 0.428 -0.900 0.080
vn 0.489 -0.857 -0.159
vn 0.299 -0.900 -0.316
vn -0.096 -0.950 -0.296
vn -0.428 -0.900 -0.080
vn -0.489 -0.857 0.159
vn -0.951 0.000 0.309
vn -0.687 0.000 0.727
vn 0.309 0.000 0.951
vn 0.983 0.000 0.184
vn 0.951 0.000 -0.309
vn 0.687 0.000 -0.727
vn -0.309 0.000 -0.951
vn -0.983 0.000 -0.184
vn -0.951 0.000 0.309
vn -0.489 0.857 0.159
vn -0.299 0.900 0.316
vn 0.096 0.950 0.296
vn 0.428 0.900 0.080
vn 0.489 0.857 -0.159
vn 0.299 0.900 -0.316
vn -0.096 0.950 -0.296
vn -0.428 0.900 -0.080
vn -0.489 0.857 0.159
vn -0.489 0.857 0.159
vn -0.299 0.900 0.316
vn 0.096 0.950 0.296
vn 0.428 0.900 0.080
vn 0.489 0.857 -0.159
vn 0.299 0.900 -0.316
vn -0.096 0.950 -0.296
vn -0.428 0.900 -0.080
vn -0.489 0.857 0.159
vn -0.302 -0.857 -0.416
vn -0.393 -0.900 -0.187
vn -0.252 -0.950 0.183
vn 0.056 -0.900 0.432
vn 0.302 -0.857 0.416
vn 0.393 -0.900 0.187
vn 0.252 -0.950 -0.183
vn -0.056 -0.900 -0.432
vn -0.302 -0.857 -0.416
vn -0.302 -0.857 -0.416
vn -0.393 -0.900 -0.187
vn -0.252 -0.950 0.183
vn 0.056 -0.900 0.432
vn 0.302 -0.857 0.416
vn 0.393 -0.900 0.187
vn 0.252 -0.950 -0.183
vn -0.056 -0.900 -0.432
vn -0.302 -0.857 -0.416
vn -0.588 0.000 -0.809
vn -0.903 0.000 -0.429
vn -0.809 0.000 0.588
vn 0.129 0.000 0.992
vn 0.588 0.000 0.809
vn 0.903 0.000 0.429
vn 0.809 0.000 -0.588
vn -0.129 0.000 -0.992
vn -0.588 0.000 -0.809
vn -0.302 0.857 -0.416
vn -0.393 0.900 -0.187
vn -0.252 0.950 0.183
vn 0.056 0.900 0.432
vn 0.302 0.857 0.416
vn 0.393 0.900 0.187
vn 0.252 0.950 -0.183
vn -0.056 0.900 -0.432
vn -0.302 0.857 -0.416
vn -0.302 0.857 -0.416
vn -0.393 0.900 -0.187
vn -0.252 0.950 0.183
vn 0.056 0.900 0.432
vn 0.302 0.857 0.416
vn 0.393 0.900 0.187
vn 0.252 0.950 -0.183
vn -0.056 0.900 -0.432
vn -0.302 0.857 -0.416
vn 0.302 -0.857 -0.416
vn 0.056 -0.900 -0.432
vn -0.252 -0.950 -0.183
vn -0.393 -0.900 0.187
vn -0.302 -0.857 0.416
vn -0.056 -0.900 0.432
vn 0.252 -0.950 0.183
vn 0.393 -0.900 -0.187
vn 0.302 -0.857 -0.416
vn 0.302 -0.857 -0.416
vn 0.056 -0.900 -0.432
vn -0.252 -0.950 -0.183
vn -0.393 -0.900 0.187
vn -0.302 -0.857 0.416
vn -0.056 -0.900 0.432
vn 0.252 -0.950 0.183
vn 0.393 -0.900 -0.187
vn 0.302 -0.857 -0.416
vn 0.588 0.000 -0.809
vn 0.129 0.000 -0.992
vn -0.809 0.000 -0.588
vn -0.903 0.000 0.429
vn -0.588 0.000 0.809
vn -0.129 0.000 0.992
vn 0.809 0.000 0.588
vn 0.903 0.000 -0.429
vn 0.588 0.000 -0.809
vn 0.302 0.857 -0.416
vn 0.056 0.900 -0.432
vn -0.252 0.950 -0.183
vn -0.393 0.900 0.187
vn -0.302 0.857 0.416
vn -0.056 0.900 0.432
vn 0.252 0.950 0.183
vn 0.393 0.900 -0.187
vn 0.302 0.857 -0.416
vn 0.302 0.857 -0.416
vn 0.056 0.900 -0.432
vn -0.252 0.950 -0.183
vn -0.393 0.900 0.187
vn -0.302 0.857 0.416
vn -0.056 0.900 0.432
vn 0.252 0.950 0.183
vn 0.393 0.900 -0.187
vn 0.302 0.857 -0.416
vn 0.489 -0.857 0.159
vn 0.428 -0.900 -0.080
vn 0.096 -0.950 -0.296
vn -0.299 -0.900 -0.316
vn -0.489 -0.857 -0.159
vn -0.428 -0.900 0.080
vn -0.096 -0.950 0.296
vn 0.299 -0.900 0.316
vn 0.489 -0.857 0.159
vn 0.489 -0.857 0.159
vn 0.428 -0.900 -0.080
vn 0.096 -0.950 -0.296
vn -0.299 -0.900 -0.316
vn -0.489 -0.857 -0.159
vn -0.428 -0.900 0.080
vn -0.096 -0.950 0.296
vn 0.299 -0.900 0.316
vn 0.489 -0.857 0.159
vn 0.951 0.000 0.309
vn 0.983 0.000 -0.184
vn 0.309 0.000 -0.951
vn -0.687 0.000 -0.727
vn -0.951 0.000 -0.309
vn -0.983 0.000 0.184
vn -0.309 0.000 0.951
vn 0.687 0.000 0.727
vn 0.951 0.000 0.309
vn 0.489 0.857 0.159
vn 0.428 0.900 -0.080
vn 0.096 0.950 -0.296
vn -0.299 0.900 -0.316
vn -0.489 0.857 -0.159
vn -0.428 0.900 0.080
vn -0.096 0.950 0.296
vn 0.299 0.900 0.316
vn 0.489 0.857 0.159
vn 0.489 0.857 0.159
vn 0.428 0.900 -0.080
vn 0.096 0.950 -0.296
vn -0.299 0.900 -0.316
vn -0.489 0.857 -0.159
vn -0.428 0.900 0.080
vn -0.096 0.950 0.296
vn 0.299 0.900 0.316
vn 0.489 0.857 0.159
vn 0.000 -0.781 0.625
vn 0.541 -0.781 0.312
vn 0.541 -0.781 -0.312
vn 0.000 -0.781 -0.625
vn -0.541 -0.781 -0.312
vn -0.541 -0.781 0.312
vn 0.000 -0.781 0.625
vn 0.000 -0.781 0.625
vn 0.541 -0.781 0.312
vn 0.541 -0.781 -0.312
vn 0.000 -0.781 -0.625
vn -0.541 -0.781 -0.312
vn -0.541 -0.781 0.312
vn 0.000 -0.781 0.625
vn 0.000 0.000 1.000
vn 0.866 0.000 0.500
vn 0.866 0.000 -0.500
vn 0.000 0.000 -1.000
vn -0.866 0.000 -0.500
vn -0.866 0.000 0.500
vn 0.000 0.000 1.000
vn 0.000 0.781 0.625
vn 0.541 0.781 0.312
vn 0.541 0.781 -0.312
vn 0.000 0.781 -0.625
vn -0.541 0.781 -0.312
vn -0.541 0.781 0.312
vn 0.000 0.781 0.625
vn 0.000 0.781 0.625
vn 0.541 0.781 0.312
vn 0.541 0.781 -0.312
vn 0.000 0.781 -0.625
vn -0.541 0.781 -0.312
vn -0.541 0.781 0.312
vn 0.000 0.781 0.625
vn -0.000 -0.857 0.514
vn 0.208 -0.900 0.382
vn 0.311 -0.950 0.000
vn 0.208 -0.900 -0.382
vn 0.000 -0.857 -0.514
vn -0.208 -0.900 -0.382
vn -0.311 -0.950 -0.000
vn -0.208 -0.900 0.382
vn -0.000 -0.857 0.514
vn -0.000 -0.857 0.514
vn 0.208 -0.900 0.382
vn 0.311 -0.950 0.000
vn 0.208 -0.900 -0.382
vn 0.000 -0.857 -0.514
vn -0.208 -0.900 -0.382
vn -0.311 -0.950 -0.000
vn -0.208 -0.900 0.382
vn -0.000 -0.857 0.514
vn -0.000 0.000 1.000
vn 0.479 0.000 0.878
vn 1.000 0.000 0.000
vn 0.479 0.000 -0.878
vn 0.000 0.000 -1.000
vn -0.479 0.000 -0.878
vn -1.000 0.000 -0.000
vn -0.479 0.000 0.878
vn -0.000 0.000 1.000
vn -0.000 0.857 0.514
vn 0.208 0.900 0.382
vn 0.311 0.950 0.000
vn 0.208 0.900 -0.382
vn 0.000 0.857 -0.514
vn -0.208 0.900 -0.382
vn -0.311 0.950 -0.000
vn -0.208 0.900 0.382
vn -0.000 0.857 0.514
vn -0.000 0.857 0.514
vn 0.208 0.900 0.382
vn 0.311 0.950 0.000
vn 0.208 0.900 -0.382
vn 0.000 0.857 -0.514
vn -0.208 0.900 -0.382
vn -0.311 0.950 -0.000
vn -0.208 0.900 0.382
vn -0.000 0.857 0.514
vn -0.489 -0.857 0.159
vn -0.299 -0.900 0.316
vn 0.096 -0.950 0.296
vn 0.428 -0.900 0.080
vn 0.489 -0.857 -0.159
vn 0.299 -0.900 -0.316
vn -0.096 -0.950 -0.296
vn -0.428 -0.900 -0.080
vn -0.489 -0.857 0.159
vn -0.489 -0.857 0.159
vn -0.299 -0.900 0.316
vn 0.096 -0.950 0.296
vn 0.428 -0.900 0.080
vn 0.489 -0.857 -0.159
vn 0.299 -0.900 -0.316
vn -0.096 -0.950 -0.296
vn -0.428 -0.900 -0.080
vn -0.489 -0.857 0.159
vn -0.951 0.000 0.309
vn -0.687 0.000 0.727
vn 0.309 0.000 0.951
vn 0.983 0.000 0.184
vn 0.951 0.000 -0.309
vn 0.687 0.000 -0.727
vn -0.309 0.000 -0.951
vn -0.983 0.000 -0.184
vn -0.951 0.000 0.309
vn -0.489 0.857 0.159
vn -0.299 0.900 0.316
vn 0.096 0.950 0.296
vn 0.428 0.900 0.080
vn 0.489 0.857 -0.159
vn 0.299 0.900 -0.316
vn -0.096 0.950 -0.296
vn -0.428 0.900 -0.080
vn -0.489 0.857 0.159
vn -0.489 0.857 0.159
vn -0.299 0.900 0.316
vn 0.096 0.950 0.296
vn 0.428 0.900 0.080
vn 0.489 0.857 -0.159
vn 0.299 0.900 -0.316
vn -0.096 0.950 -0.296
vn -0.428 0.900 -0.080
vn -0.489 0.857 0.159
vn -0.302 -0.857 -0.416
vn -0.393 -0.900 -0.187
vn -0.252 -0.950 0.183
vn 0.056 -0.900 0.432
vn 0.302 -0.857 0.416
vn 0.393 -0.900 0.187
vn 0.252 -0.950 -0.183
vn -0.056 -0.900 -0.432
vn -0.302 -0.857 -0.416
vn -0.302 -0.857 -0.416
vn -0.393 -0.900 -0.187
vn -0.252 -0.950 0.183
vn 0.056 -0.900 0.432
vn 0.302 -0.857 0.416
vn 0.393 -0.900 0.187
vn 0.252 -0.950 -0.183
vn -0.056 -0.900 -0.432
vn -0.302 -0.857 -0.416
vn -0.588 0.000 -0.809
vn -0.903 0.000 -0.429
vn -0.809 0.000 0.588
vn 0.129 0.000 0.992
vn 0.588 0.000 0.809
vn 0.903 0.000 0.429
vn 0.809 0.000 -0.588
vn -0.129 0.000 -0.992
vn -0.588 0.000 -0.809
vn -0.302 0.857 -0.416
vn -0.393 0.900 -0.187
vn -0.252 0.950 0.183
vn 0.056 0.900 0.432
vn 0.302 0.857 0.416
vn 0.393 0.900 0.187
vn 0.252 0.950 -0.183
vn -0.056 0.900 -0.432
vn -0.302 0.857 -0.416
vn -0.302 0.857 -0.416
vn -0.393 0.900 -0.187
vn -0.252 0.950 0.183
vn 0.056 0.900 0.432
vn 0.302 0.857 0.416
vn 0.393 0.900 0.187
vn 0.252 0.950 -0.183
vn -0.056 0.900 -0.432
vn -0.302 0.857 -0.416
vn 0.302 -0.857 -0.416
vn 0.056 -0.900 -0.432
vn -0.252 -0.950 -0.183
vn -0.393 -0.900 0.187
vn -0.302 -0.857 0.416
vn -0.056 -0.900 0.432
vn 0.252 -0.950 0.183
vn 0.393 -0.900 -0.187
vn 0.302 -0.857 -0.416
vn 0.302 -0.857 -0.416
vn 0.056 -0.900 -0.432
vn -0.252 -0.950 -0.183
vn -0.393 -0.900 0.187
vn -0.302 -0.857 0.416
vn -0.056 -0.900 0.432
vn 0.252 -0.950 0.183
vn 0.393 -0.900 -0.187
vn 0.302 -0.857 -0.416
vn 0.588 0.000 -0.809
vn 0.129 0.000 -0.992
vn -0.809 0.000 -0.588
vn -0.903 0.000 0.429
vn -0.588 0.000 0.809
vn -0.129 0.000 0.992
vn 0.809 0.000 0.588
vn 0.903 0.000 -0.429
vn 0.588 0.000 -0.809
vn 0.302 0.857 -0.416
vn 0.056 0.900 -0.432
vn -0.252 0.950 -0.183
vn -0.393 0.900 0.187
vn -0.302 0.857 0.416
vn -0.056 0.900 0.432
vn 0.252 0.950 0.183
vn 0.393 0.900 -0.187
vn 0.302 0.857 -0.416
vn 0.302 0.857 -0.416
vn 0.056 0.900 -0.432
vn -0.252 0.950 -0.183
vn -0.393 0.900 0.187
vn -0.302 0.857 0.416
vn -0.056 0.900 0.432
vn 0.252 0.950 0.183
vn 0.393 0.900 -0.187
vn 0.302 0.857 -0.416
vn 0.489 -0.857 0.159
vn 0.428 -0.900 -0.080
vn 0.096 -0.950 -0.296
vn -0.299 -0.900 -0.316
vn -0.489 -0.857 -0.159
vn -0.428 -0.900 0.080
vn -0.096 -0.950 0.296
vn 0.299 -0.900 0.316
vn 0.489 -0.857 0.159
vn 0.489 -0.857 0.159
vn 0.428 -0.900 -0.080
vn 0.096 -0.950 -0.296
vn -0.299 -0.900 -0.316
vn -0.489 -0.857 -0.159
vn -0.428 -0.900 0.080
vn -0.096 -0.950 0.296
vn 0.299 -0.900 0.316
vn 0.489 -0.857 0.159
vn 0.951 0.000 0.309
vn 0.983 0.000 -0.184
vn 0.309 0.000 -0.951
vn -0.687 0.000 -0.727
vn -0.951 0.000 -0.309
vn -0.983 0.000 0.184
vn -0.309 0.000 0.951
vn 0.687 0.000 0.727
vn 0.951 0.000 0.309
vn 0.489 0.857 0.159
vn 0.428 0.900 -0.080
vn 0.096 0.950 -0.296
vn -0.299 0.900 -0.316
vn -0.489 0.857 -0.159
vn -0.428 0.900 0.080
vn -0.096 0.950 0.296
vn 0.299 0.900 0.316
vn 0.489 0.857 0.159
vn 0.489 0.857 0.159
vn 0.428 0.900 -0.080
vn 0.096 0.950 -0.296
vn -0.299 0.900 -0.316
vn -0.489 0.857 -0.159
vn -0.428 0.900 0.080
vn -0.096 0.950 0.296
vn 0.299 0.900 0.316
vn 0.489 0.857 0.159
vn 0.000 -0.781 0.625
vn 0.541 -0.781 0.312
vn 0.541 -0.781 -0.312
vn 0.000 -0.781 -0.625
vn -0.541 -0.781 -0.312
vn -0.541 -0.781 0.312
vn 0.000 -0.781 0.625
vn 0.000 -0.781 0.625
vn 0.541 -0.781 0.312
vn 0.541 -0.781 -0.312
vn 0.000 -0.781 -0.625
vn -0.541 -0.781 -0.312
vn -0.541 -0.781 0.312
vn 0.000 -0.781 0.625
vn 0.000 0.000 1.000
vn 0.866 0.000 0.500
vn 0.866 0.000 -0.500
vn 0.000 0.000 -1.000
vn -0.866 0.000 -0.500
vn -0.866 0.000 0.500
vn 0.000 0.000 1.000
vn 0.000 0.781 0.625
vn 0.541 0.781 0.312
vn 0.541 0.781 -0.312
vn 0.000 0.781 -0.625
vn -0.541 0.781 -0.312
vn -0.541 0.781 0.312
vn 0.000 0.781 0.625
vn 0.000 0.781 0.625
vn 0.541 0.781 0.312
vn 0.541 0.781 -0.312
vn 0.000 0.781 -0.625
vn -0.541 0.781 -0.312
vn -0.541 0.781 0.312
vn 0.000 0.781 0.625
v 0.1230 1.9000 -4.8300
v 0.1200 1.9000 -4.8270
v 0.1170 1.9000 -4.8300
v 0.1200 1.9000 -4.8330
v 0.1230 1.9000 -4.8300
v 0.1230 1.7200 -4.8300
v 0.1200 1.7200 -4.8270
v 0.1170 1.7200 -4.8300
v 0.1200 1.7200 -4.8330
v 0.1230 1.7200 -4.8300
v 0.1200 1.9000 -4.8300
v 0.1230 1.9000 -4.8300
v 0.1200 1.9000 -4.8270
v 0.1170 1.9000 -4.8300
v 0.1200 1.9000 -4.8330
v 0.1200 1.7200 -4.8300
v 0.1230 1.7200 -4.8300
v 0.1200 1.7200 -4.8270
v 0.1170 1.7200 -4.8300
v 0.1200 1.7200 -4.8330
v 0.1580 1.6900 -4.8256
v 0.1594 1.6900 -4.8299
v 0.1594 1.6900 -4.8301
v 0.1580 1.6900 -4.8344
v 0.1557 1.6937 -4.8247
v 0.1572 1.6952 -4.8299
v 0.1572 1.6952 -4.8301
v 0.1557 1.6937 -4.8353
v 0.1237 1.7257 -4.8247
v 0.1252 1.7272 -4.8299
v 0.1252 1.7272 -4.8301
v 0.1237 1.7257 -4.8353
v 0.1200 1.7280 -4.8256
v 0.1200 1.7294 -4.8299
v 0.1200 1.7294 -4.8301
v 0.1200 1.7280 -4.8344
v 0.1200 1.6520 -4.8344
v 0.1200 1.6506 -4.8301
v 0.1200 1.6506 -4.8299
v 0.1200 1.6520 -4.8256
v 0.1163 1.6543 -4.8353
v 0.1148 1.6528 -4.8301
v 0.1148 1.6528 -4.8299
v 0.1163 1.6543 -4.8247
v 0.0843 1.6863 -4.8353
v 0.0828 1.6848 -4.8301
v 0.0828 1.6848 -4.8299
v 0.0843 1.6863 -4.8247
v 0.0820 1.6900 -4.8344
v 0.0806 1.6900 -4.8301
v 0.0806 1.6900 -4.8299
v 0.0820 1.6900 -4.8256
v 0.0820 1.6900 -4.8256
v 0.0843 1.6937 -4.8247
v 0.1163 1.7257 -4.8247
v 0.1200 1.7280 -4.8256
v 0.0806 1.6900 -4.8299
v 0.0828 1.6952 -4.8299
v 0.1148 1.7272 -4.8299
v 0.1200 1.7294 -4.8299
v 0.0806 1.6900 -4.8301
v 0.0828 1.6952 -4.8301
v 0.1148 1.7272 -4.8301
v 0.1200 1.7294 -4.8301
v 0.0820 1.6900 -4.8344
v 0.0843 1.6937 -4.8353
v 0.1163 1.7257 -4.8353
v 0.1200 1.7280 -4.8344
v 0.1200 1.6520 -4.8344
v 0.1237 1.6543 -4.8353
v 0.1557 1.6863 -4.8353
v 0.1580 1.6900 -4.8344
v 0.1200 1.6506 -4.8301
v 0.1252 1.6528 -4.8301
v 0.1572 1.6848 -4.8301
v 0.1594 1.6900 -4.8301
v 0.1200 1.6506 -4.8299
v 0.1252 1.6528 -4.8299
v 0.1572 1.6848 -4.8299
v 0.1594 1.6900 -4.8299
v 0.1200 1.6520 -4.8256
v 0.1237 1.6543 -4.8247
v 0.1557 1.6863 -4.8247
v 0.1580 1.6900 -4.8256
v 0.1200 1.6520 -4.8256
v 0.1237 1.6543 -4.8247
v 0.1557 1.6863 -4.8247
v 0.1580 1.6900 -4.8256
v 0.1163 1.6543 -4.8247
v 0.1200 1.6580 -4.8225
v 0.1520 1.6900 -4.8225
v 0.1557 1.6937 -4.8247
v 0.0843 1.6863 -4.8247
v 0.0880 1.6900 -4.8225
v 0.1200 1.7220 -4.8225
v 0.1237 1.7257 -4.8247
v 0.0820 1.6900 -4.8256
v 0.0843 1.6937 -4.8247
v 0.1163 1.7257 -4.8247
v 0.1200 1.7280 -4.8256
v 0.1580 1.6900 -4.8344
v 0.1557 1.6863 -4.8353
v 0.1237 1.6543 -4.8353
v 0.1200 1.6520 -4.8344
v 0.1557 1.6937 -4.8353
v 0.1520 1.6900 -4.8375
v 0.1200 1.6580 -4.8375
v 0.1163 1.6543 -4.8353
v 0.1237 1.7257 -4.8353
v 0.1200 1.7220 -4.8375
v 0.0880 1.6900 -4.8375
v 0.0843 1.6863 -4.8353
v 0.1200 1.7280 -4.8344
v 0.1163 1.7257 -4.8353
v 0.0843 1.6937 -4.8353
v 0.0820 1.6900 -4.8344
v 0.1148 1.6498 -4.8300
v 0.1118 1.6500 -4.8283
v 0.1118 1.6502 -4.8317
v 0.1148 1.6498 -4.8300
v 0.1040 1.5198 -4.8354
v 0.1010 1.5200 -4.8337
v 0.1010 1.5202 -4.8371
v 0.1040 1.5198 -4.8354
v 0.1128 1.6500 -4.8300
v 0.1148 1.6498 -4.8300
v 0.1118 1.6500 -4.8283
v 0.1118 1.6502 -4.8317
v 0.1020 1.5200 -4.8354
v 0.1040 1.5198 -4.8354
v 0.1010 1.5200 -4.8337
v 0.1010 1.5202 -4.8371
v 0.1164 1.6499 -4.8300
v 0.1134 1.6500 -4.8283
v 0.1134 1.6501 -4.8317
v 0.1164 1.6499 -4.8300
v 0.1080 1.5199 -4.8342
v 0.1050 1.5200 -4.8325
v 0.1050 1.5201 -4.8359
v 0.1080 1.5199 -4.8342
v 0.1144 1.6500 -4.8300
v 0.1164 1.6499 -4.8300
v 0.1134 1.6500 -4.8283
v 0.1134 1.6501 -4.8317
v 0.1060 1.5200 -4.8342
v 0.1080 1.5199 -4.8342
v 0.1050 1.5200 -4.8325
v 0.1050 1.5201 -4.8359
v 0.1180 1.6499 -4.8300
v 0.1150 1.6500 -4.8283
v 0.1150 1.6501 -4.8317
v 0.1180 1.6499 -4.8300
v 0.1120 1.5199 -4.8330
v 0.1090 1.5200 -4.8313
v 0.1090 1.5201 -4.8347
v 0.1120 1.5199 -4.8330
v 0.1160 1.6500 -4.8300
v 0.1180 1.6499 -4.8300
v 0.1150 1.6500 -4.8283
v 0.1150 1.6501 -4.8317
v 0.1100 1.5200 -4.8330
v 0.1120 1.5199 -4.8330
v 0.1090 1.5200 -4.8313
v 0.1090 1.5201 -4.8347
v 0.1196 1.6499 -4.8300
v 0.1166 1.6500 -4.8283
v 0.1166 1.6501 -4.8317
v 0.1196 1.6499 -4.8300
v 0.1160 1.5199 -4.8318
v 0.1130 1.5200 -4.8301
v 0.1130 1.5201 -4.8335
v 0.1160 1.5199 -4.8318
v 0.1176 1.6500 -4.8300
v 0.1196 1.6499 -4.8300
v 0.1166 1.6500 -4.8283
v 0.1166 1.6501 -4.8317
v 0.1140 1.5200 -4.8318
v 0.1160 1.5199 -4.8318
v 0.1130 1.5200 -4.8301
v 0.1130 1.5201 -4.8335
v 0.1212 1.6500 -4.8300
v 0.1182 1.6500 -4.8283
v 0.1182 1.6500 -4.8317
v 0.1212 1.6500 -4.8300
v 0.1200 1.5200 -4.8306
v 0.1170 1.5200 -4.8289
v 0.1170 1.5200 -4.8323
v 0.1200 1.5200 -4.8306
v 0.1192 1.6500 -4.8300
v 0.1212 1.6500 -4.8300
v 0.1182 1.6500 -4.8283
v 0.1182 1.6500 -4.8317
v 0.1180 1.5200 -4.8306
v 0.1200 1.5200 -4.8306
v 0.1170 1.5200 -4.8289
v 0.1170 1.5200 -4.8323
v 0.1228 1.6500 -4.8300
v 0.1198 1.6500 -4.8283
v 0.1198 1.6500 -4.8317
v 0.1228 1.6500 -4.8300
v 0.1240 1.5200 -4.8294
v 0.1210 1.5200 -4.8277
v 0.1210 1.5200 -4.8311
v 0.1240 1.5200 -4.8294
v 0.1208 1.6500 -4.8300
v 0.1228 1.6500 -4.8300
v 0.1198 1.6500 -4.8283
v 0.1198 1.6500 -4.8317
v 0.1220 1.5200 -4.8294
v 0.1240 1.5200 -4.8294
v 0.1210 1.5200 -4.8277
v 0.1210 1.5200 -4.8311
v 0.1244 1.6501 -4.8300
v 0.1214 1.6500 -4.8283
v 0.1214 1.6499 -4.8317
v 0.1244 1.6501 -4.8300
v 0.1280 1.5201 -4.8282
v 0.1250 1.5200 -4.8265
v 0.1250 1.5199 -4.8299
v 0.1280 1.5201 -4.8282
v 0.1224 1.6500 -4.8300
v 0.1244 1.6501 -4.8300
v 0.1214 1.6500 -4.8283
v 0.1214 1.6499 -4.8317
v 0.1260 1.5200 -4.8282
v 0.1280 1.5201 -4.8282
v 0.1250 1.5200 -4.8265
v 0.1250 1.5199 -4.8299
v 0.1260 1.6501 -4.8300
v 0.1230 1.6500 -4.8283
v 0.1230 1.6499 -4.8317
v 0.1260 1.6501 -4.8300
v 0.1320 1.5201 -4.8270
v 0.1290 1.5200 -4.8253
v 0.1290 1.5199 -4.8287
v 0.1320 1.5201 -4.8270
v 0.1240 1.6500 -4.8300
v 0.1260 1.6501 -4.8300
v 0.1230 1.6500 -4.8283
v 0.1230 1.6499 -4.8317
v 0.1300 1.5200 -4.8270
v 0.1320 1.5201 -4.8270
v 0.1290 1.5200 -4.8253
v 0.1290 1.5199 -4.8287
v 0.1276 1.6501 -4.8300
v 0.1246 1.6500 -4.8283
v 0.1246 1.6499 -4.8317
v 0.1276 1.6501 -4.8300
v 0.1360 1.5201 -4.8258
v 0.1330 1.5200 -4.8241
v 0.1330 1.5199 -4.8275
v 0.1360 1.5201 -4.8258
v 0.1256 1.6500 -4.8300
v 0.1276 1.6501 -4.8300
v 0.1246 1.6500 -4.8283
v 0.1246 1.6499 -4.8317
v 0.1340 1.5200 -4.8258
v 0.1360 1.5201 -4.8258
v 0.1330 1.5200 -4.8241
v 0.1330 1.5199 -4.8275
v 0.1292 1.6502 -4.8300
v 0.1262 1.6500 -4.8283
v 0.1262 1.6498 -4.8317
v 0.1292 1.6502 -4.8300
v 0.1400 1.5202 -4.8246
v 0.1370 1.5200 -4.8229
v 0.1370 1.5198 -4.8263
v 0.1400 1.5202 -4.8246
v 0.1272 1.6500 -4.8300
v 0.1292 1.6502 -4.8300
v 0.1262 1.6500 -4.8283
v 0.1262 1.6498 -4.8317
v 0.1380 1.5200 -4.8246
v 0.1400 1.5202 -4.8246
v 0.1370 1.5200 -4.8229
v 0.1370 1.5198 -4.8263
vt 0.0000 0.0000
vt 0.0000 0.0047
vt 0.0000 0.0094
vt 0.0000 0.0141
vt 0.0000 0.0188
vt 0.1800 0.0000
vt 0.1800 0.0047
vt 0.1800 0.0094
vt 0.1800 0.0141
vt 0.1800 0.0188
vt 0.0000 0.0000
vt 0.0030 0.0000
vt 0.0000 0.0030
vt -0.0030 0.0000
vt -0.0000 -0.0030
vt 0.0000 0.0000
vt 0.0030 0.0000
vt 0.0000 0.0030
vt -0.0030 0.0000
vt -0.0000 -0.0030
vt 0.0000 0.0000
vt 0.0074 0.0000
vt 0.0076 0.0000
vt 0.0150 0.0000
vt 0.0000 0.0074
vt 0.0074 0.0074
vt 0.0076 0.0074
vt 0.0150 0.0074
vt 0.0000 0.0526
vt 0.0074 0.0526
vt 0.0076 0.0526
vt 0.0150 0.0526
vt 0.0000 0.0600
vt 0.0074 0.0600
vt 0.0076 0.0600
vt 0.0150 0.0600
vt 0.0000 0.0000
vt 0.0074 0.0000
vt 0.0076 0.0000
vt 0.0150 0.0000
vt 0.0000 0.0074
vt 0.0074 0.0074
vt 0.0076 0.0074
vt 0.0150 0.0074
vt 0.0000 0.0526
vt 0.0074 0.0526
vt 0.0076 0.0526
vt 0.0150 0.0526
vt 0.0000 0.0600
vt 0.0074 0.0600
vt 0.0076 0.0600
vt 0.0150 0.0600
vt 0.0000 0.0000
vt 0.0074 0.0000
vt 0.0526 0.0000
vt 0.0600 0.0000
vt 0.0000 0.0074
vt 0.0074 0.0074
vt 0.0526 0.0074
vt 0.0600 0.0074
vt 0.0000 0.0076
vt 0.0074 0.0076
vt 0.0526 0.0076
vt 0.0600 0.0076
vt 0.0000 0.0150
vt 0.0074 0.0150
vt 0.0526 0.0150
vt 0.0600 0.0150
vt 0.0000 0.0000
vt 0.0074 0.0000
vt 0.0526 0.0000
vt 0.0600 0.0000
vt 0.0000 0.0074
vt 0.0074 0.0074
vt 0.0526 0.0074
vt 0.0600 0.0074
vt 0.0000 0.0076
vt 0.0074 0.0076
vt 0.0526 0.0076
vt 0.0600 0.0076
vt 0.0000 0.0150
vt 0.0074 0.0150
vt 0.0526 0.0150
vt 0.0600 0.0150
vt 0.0000 0.0000
vt 0.0074 0.0000
vt 0.0526 0.0000
vt 0.0600 0.0000
vt 0.0000 0.0074
vt 0.0074 0.0074
vt 0.0526 0.0074
vt 0.0600 0.0074
vt 0.0000 0.0526
vt 0.0074 0.0526
vt 0.0526 0.0526
vt 0.0600 0.0526
vt 0.0000 0.0600
vt 0.0074 0.0600
vt 0.0526 0.0600
vt 0.0600 0.0600
vt 0.0000 0.0000
vt 0.0074 0.0000
vt 0.0526 0.0000
vt 0.0600 0.0000
vt 0.0000 0.0074
vt 0.0074 0.0074
vt 0.0526 0.0074
vt 0.0600 0.0074
vt 0.0000 0.0526
vt 0.0074 0.0526
vt 0.0526 0.0526
vt 0.0600 0.0526
vt 0.0000 0.0600
vt 0.0074 0.0600
vt 0.0526 0.0600
vt 0.0600 0.0600
vt 0.0000 0.0000
vt 0.0000 0.0042
vt 0.0000 0.0084
vt 0.0000 0.0126
vt 0.1306 0.0000
vt 0.1306 0.0042
vt 0.1306 0.0084
vt 0.1306 0.0126
vt 0.0000 0.0000
vt 0.0020 0.0000
vt -0.0010 0.0017
vt -0.0010 -0.0017
vt 0.0000 0.0000
vt 0.0020 0.0000
vt -0.0010 0.0017
vt -0.0010 -0.0017
vt 0.0000 0.0000
vt 0.0000 0.0042
vt 0.0000 0.0084
vt 0.0000 0.0126
vt 0.1303 0.0000
vt 0.1303 0.0042
vt 0.1303 0.0084
vt 0.1303 0.0126
vt 0.0000 0.0000
vt 0.0020 0.0000
vt -0.0010 0.0017
vt -0.0010 -0.0017
vt 0.0000 0.0000
vt 0.0020 0.0000
vt -0.0010 0.0017
vt -0.0010 -0.0017
vt 0.0000 0.0000
vt 0.0000 0.0042
vt 0.0000 0.0084
vt 0.0000 0.0126
vt 0.1302 0.0000
vt 0.1302 0.0042
vt 0.1302 0.0084
vt 0.1302 0.0126
vt 0.0000 0.0000
vt 0.0020 0.0000
vt -0.0010 0.0017
vt -0.0010 -0.0017
vt 0.0000 0.0000
vt 0.0020 0.0000
vt -0.0010 0.0017
vt -0.0010 -0.0017
vt 0.0000 0.0000
vt 0.0000 0.0042
vt 0.0000 0.0084
vt 0.0000 0.0126
vt 0.1301 0.0000
vt 0.1301 0.0042
vt 0.1301 0.0084
vt 0.1301 0.0126
vt 0.0000 0.0000
vt 0.0020 0.0000
vt -0.0010 0.0017
vt -0.0010 -0.0017
vt 0.0000 0.0000
vt 0.0020 0.0000
vt -0.0010 0.0017
vt -0.0010 -0.0017
vt 0.0000 0.0000
vt 0.0000 0.0042
vt 0.0000 0.0084
vt 0.0000 0.0126
vt 0.1300 0.0000
vt 0.1300 0.0042
vt 0.1300 0.0084
vt 0.1300 0.0126
vt 0.0000 0.0000
vt 0.0020 0.0000
vt -0.0010 0.0017
vt -0.0010 -0.0017
vt 0.0000 0.0000
vt 0.0020 0.0000
vt -0.0010 0.0017
vt -0.0010 -0.0017
vt 0.0000 0.0000
vt 0.0000 0.0042
vt 0.0000 0.0084
vt 0.0000 0.0126
vt 0.1300 0.0000
vt 0.1300 0.0042
vt 0.1300 0.0084
vt 0.1300 0.0126
vt 0.0000 0.0000
vt 0.0020 0.0000
vt -0.0010 0.0017
vt -0.0010 -0.0017
vt 0.0000 0.0000
vt 0.0020 0.0000
vt -0.0010 0.0017
vt -0.0010 -0.0017
vt 0.0000 0.0000
vt 0.0000 0.0042
vt 0.0000 0.0084
vt 0.0000 0.0126
vt 0.1301 0.0000
vt 0.1301 0.0042
vt 0.1301 0.0084
vt 0.1301 0.0126
vt 0.0000 0.0000
vt 0.0020 0.0000
vt -0.0010 0.0017
vt -0.0010 -0.0017
vt 0.0000 0.0000
vt 0.0020 0.0000
vt -0.0010 0.0017
vt -0.0010 -0.0017
vt 0.0000 0.0000
vt 0.0000 0.0042
vt 0.0000 0.0084
vt 0.0000 0.0126
vt 0.1302 0.0000
vt 0.1302 0.0042
vt 0.1302 0.0084
vt 0.1302 0.0126
vt 0.0000 0.0000
vt 0.0020 0.0000
vt -0.0010 0.0017
vt -0.0010 -0.0017
vt 0.0000 0.0000
vt 0.0020 0.0000
vt -0.0010 0.0017
vt -0.0010 -0.0017
vt 0.0000 0.0000
vt 0.0000 0.0042
vt 0.0000 0.0084
vt 0.0000 0.0126
vt 0.1303 0.0000
vt 0.1303 0.0042
vt 0.1303 0.0084
vt 0.1303 0.0126
vt 0.0000 0.0000
vt 0.0020 0.0000
vt -0.0010 0.0017
vt -0.0010 -0.0017
vt 0.0000 0.0000
vt 0.0020 0.0000
vt -0.0010 0.0017
vt -0.0010 -0.0017
vt 0.0000 0.0000
vt 0.0000 0.0042
vt 0.0000 0.0084
vt 0.0000 0.0126
vt 0.1306 0.0000
vt 0.1306 0.0042
vt 0.1306 0.0084
vt 0.1306 0.0126
vt 0.0000 0.0000
vt 0.0020 0.0000
vt -0.0010 0.0017
vt -0.0010 -0.0017
vt 0.0000 0.0000
vt 0.0020 0.0000
vt -0.0010 0.0017
vt -0.0010 -0.0017
vn 1.000 0.000 0.000
vn 0.000 0.000 1.000
vn -1.000 0.000 0.000
vn -0.000 -0.000 -1.000
vn 1.000 0.000 -0.000
vn 1.000 0.000 0.000
vn 0.000 0.000 1.000
vn -1.000 0.000 0.000
vn -0.000 -0.000 -1.000
vn 1.000 0.000 -0.000
vn -0.000 1.000 -0.000
vn -0.000 1.000 -0.000
vn -0.000 1.000 -0.000
vn -0.000 1.000 -0.000
vn -0.000 1.000 -0.000
vn 0.000 -1.000 0.000
vn 0.000 -1.000 0.000
vn 0.000 -1.000 0.000
vn 0.000 -1.000 0.000
vn 0.000 -1.000 0.000
vn 0.816 -0.000 0.577
vn 1.000 -0.000 0.000
vn 1.000 -0.000 0.000
vn 0.816 -0.000 -0.577
vn 0.500 0.500 0.707
vn 0.707 0.707 0.000
vn 0.707 0.707 0.000
vn 0.500 0.500 -0.707
vn 0.500 0.500 0.707
vn 0.707 0.707 0.000
vn 0.707 0.707 0.000
vn 0.500 0.500 -0.707
vn 0.000 0.816 0.577
vn 0.000 1.000 0.000
vn 0.000 1.000 0.000
vn 0.000 0.816 -0.577
vn -0.000 -0.816 -0.577
vn -0.000 -1.000 0.000
vn -0.000 -1.000 0.000
vn -0.000 -0.816 0.577
vn -0.500 -0.500 -0.707
vn -0.707 -0.707 0.000
vn -0.707 -0.707 0.000
vn -0.500 -0.500 0.707
vn -0.500 -0.500 -0.707
vn -0.707 -0.707 0.000
vn -0.707 -0.707 0.000
vn -0.500 -0.500 0.707
vn -0.816 0.000 -0.577
vn -1.000 0.000 0.000
vn -1.000 0.000 0.000
vn -0.816 0.000 0.577
vn -0.816 0.000 0.577
vn -0.500 0.500 0.707
vn -0.500 0.500 0.707
vn 0.000 0.816 0.577
vn -1.000 0.000 0.000
vn -0.707 0.707 0.000
vn -0.707 0.707 0.000
vn 0.000 1.000 0.000
vn -1.000 0.000 0.000
vn -0.707 0.707 0.000
vn -0.707 0.707 0.000
vn 0.000 1.000 0.000
vn -0.816 0.000 -0.577
vn -0.500 0.500 -0.707
vn -0.500 0.500 -0.707
vn 0.000 0.816 -0.577
vn -0.000 -0.816 -0.577
vn 0.500 -0.500 -0.707
vn 0.500 -0.500 -0.707
vn 0.816 -0.000 -0.577
vn -0.000 -1.000 0.000
vn 0.707 -0.707 0.000
vn 0.707 -0.707 0.000
vn 1.000 -0.000 0.000
vn -0.000 -1.000 0.000
vn 0.707 -0.707 0.000
vn 0.707 -0.707 0.000
vn 1.000 -0.000 0.000
vn -0.000 -0.816 0.577
vn 0.500 -0.500 0.707
vn 0.500 -0.500 0.707
vn 0.816 -0.000 0.577
vn -0.000 -0.816 0.577
vn 0.500 -0.500 0.707
vn 0.500 -0.500 0.707
vn 0.816 -0.000 0.577
vn -0.500 -0.500 0.707
vn 0.000 0.000 1.000
vn 0.000 0.000 1.000
vn 0.500 0.500 0.707
vn -0.500 -0.500 0.707
vn 0.000 0.000 1.000
vn 0.000 0.000 1.000
vn 0.500 0.500 0.707
vn -0.816 0.000 0.577
vn -0.500 0.500 0.707
vn -0.500 0.500 0.707
vn 0.000 0.816 0.577
vn 0.816 -0.000 -0.577
vn 0.500 -0.500 -0.707
vn 0.500 -0.500 -0.707
vn -0.000 -0.816 -0.577
vn 0.500 0.500 -0.707
vn 0.000 0.000 -1.000
vn 0.000 0.000 -1.000
vn -0.500 -0.500 -0.707
vn 0.500 0.500 -0.707
vn 0.000 0.000 -1.000
vn 0.000 0.000 -1.000
vn -0.500 -0.500 -0.707
vn 0.000 0.816 -0.577
vn -0.500 0.500 -0.707
vn -0.500 0.500 -0.707
vn -0.816 0.000 -0.577
vn 0.997 -0.083 -0.003
vn -0.498 0.005 0.867
vn -0.498 0.077 -0.864
vn 0.997 -0.083 -0.003
vn 0.997 -0.083 -0.003
vn -0.498 0.005 0.867
vn -0.498 0.077 -0.864
vn 0.997 -0.083 -0.003
vn 0.083 0.996 0.041
vn 0.083 0.996 0.041
vn 0.083 0.996 0.041
vn 0.083 0.996 0.041
vn -0.083 -0.996 -0.041
vn -0.083 -0.996 -0.041
vn -0.083 -0.996 -0.041
vn -0.083 -0.996 -0.041
vn 0.998 -0.064 -0.002
vn -0.499 0.004 0.867
vn -0.499 0.060 -0.865
vn 0.998 -0.064 -0.002
vn 0.998 -0.064 -0.002
vn -0.499 0.004 0.867
vn -0.499 0.060 -0.865
vn 0.998 -0.064 -0.002
vn 0.064 0.997 0.032
vn 0.064 0.997 0.032
vn 0.064 0.997 0.032
vn 0.064 0.997 0.032
vn -0.064 -0.997 -0.032
vn -0.064 -0.997 -0.032
vn -0.064 -0.997 -0.032
vn -0.064 -0.997 -0.032
vn 0.999 -0.046 -0.001
vn -0.499 0.003 0.866
vn -0.499 0.043 -0.865
vn 0.999 -0.046 -0.001
vn 0.999 -0.046 -0.001
vn -0.499 0.003 0.866
vn -0.499 0.043 -0.865
vn 0.999 -0.046 -0.001
vn 0.046 0.999 0.023
vn 0.046 0.999 0.023
vn 0.046 0.999 0.023
vn 0.046 0.999 0.023
vn -0.046 -0.999 -0.023
vn -0.046 -0.999 -0.023
vn -0.046 -0.999 -0.023
vn -0.046 -0.999 -0.023
vn 1.000 -0.028 -0.000
vn -0.500 0.002 0.866
vn -0.500 0.026 -0.866
vn 1.000 -0.028 -0.000
vn 1.000 -0.028 -0.000
vn -0.500 0.002 0.866
vn -0.500 0.026 -0.866
vn 1.000 -0.028 -0.000
vn 0.028 1.000 0.014
vn 0.028 1.000 0.014
vn 0.028 1.000 0.014
vn 0.028 1.000 0.014
vn -0.028 -1.000 -0.014
vn -0.028 -1.000 -0.014
vn -0.028 -1.000 -0.014
vn -0.028 -1.000 -0.014
vn 1.000 -0.009 -0.000
vn -0.500 0.001 0.866
vn -0.500 0.009 -0.866
vn 1.000 -0.009 -0.000
vn 1.000 -0.009 -0.000
vn -0.500 0.001 0.866
vn -0.500 0.009 -0.866
vn 1.000 -0.009 -0.000
vn 0.009 1.000 0.005
vn 0.009 1.000 0.005
vn 0.009 1.000 0.005
vn 0.009 1.000 0.005
vn -0.009 -1.000 -0.005
vn -0.009 -1.000 -0.005
vn -0.009 -1.000 -0.005
vn -0.009 -1.000 -0.005
vn 1.000 0.009 -0.000
vn -0.500 -0.001 0.866
vn -0.500 -0.009 -0.866
vn 1.000 0.009 -0.000
vn 1.000 0.009 -0.000
vn -0.500 -0.001 0.866
vn -0.500 -0.009 -0.866
vn 1.000 0.009 -0.000
vn -0.009 1.000 -0.005
vn -0.009 1.000 -0.005
vn -0.009 1.000 -0.005
vn -0.009 1.000 -0.005
vn 0.009 -1.000 0.005
vn 0.009 -1.000 0.005
vn 0.009 -1.000 0.005
vn 0.009 -1.000 0.005
vn 1.000 0.028 -0.000
vn -0.500 -0.002 0.866
vn -0.500 -0.026 -0.866
vn 1.000 0.028 -0.000
vn 1.000 0.028 -0.000
vn -0.500 -0.002 0.866
vn -0.500 -0.026 -0.866
vn 1.000 0.028 -0.000
vn -0.028 1.000 -0.014
vn -0.028 1.000 -0.014
vn -0.028 1.000 -0.014
vn -0.028 1.000 -0.014
vn 0.028 -1.000 0.014
vn 0.028 -1.000 0.014
vn 0.028 -1.000 0.014
vn 0.028 -1.000 0.014
vn 0.999 0.046 -0.001
vn -0.499 -0.003 0.866
vn -0.499 -0.043 -0.865
vn 0.999 0.046 -0.001
vn 0.999 0.046 -0.001
vn -0.499 -0.003 0.866
vn -0.499 -0.043 -0.865
vn 0.999 0.046 -0.001
vn -0.046 0.999 -0.023
vn -0.046 0.999 -0.023
vn -0.046 0.999 -0.023
vn -0.046 0.999 -0.023
vn 0.046 -0.999 0.023
vn 0.046 -0.999 0.023
vn 0.046 -0.999 0.023
vn 0.046 -0.999 0.023
vn 0.998 0.064 -0.002
vn -0.499 -0.004 0.867
vn -0.499 -0.060 -0.865
vn 0.998 0.064 -0.002
vn 0.998 0.064 -0.002
vn -0.499 -0.004 0.867
vn -0.499 -0.060 -0.865
vn 0.998 0.064 -0.002
vn -0.064 0.997 -0.032
vn -0.064 0.997 -0.032
vn -0.064 0.997 -0.032
vn -0.064 0.997 -0.032
vn 0.064 -0.997 0.032
vn 0.064 -0.997 0.032
vn 0.064 -0.997 0.032
vn 0.064 -0.997 0.032
vn 0.997 0.083 -0.003
vn -0.498 -0.005 0.867
vn -0.498 -0.077 -0.864
vn 0.997 0.083 -0.003
vn 0.997 0.083 -0.003
vn -0.498 -0.005 0.867
vn -0.498 -0.077 -0.864
vn 0.997 0.083 -0.003
vn -0.083 0.996 -0.041
vn -0.083 0.996 -0.041
vn -0.083 0.996 -0.041
vn -0.083 0.996 -0.041
vn 0.083 -0.996 0.041
vn 0.083 -0.996 0.041
vn 0.083 -0.996 0.041
vn 0.083 -0.996 0.041
v 0.1200 1.6200 -4.8300
v 0.1320 1.6240 -4.8300
v 0.1320 1.6500 -4.8300
v 0.1200 1.6540 -4.8300
v 0.1200 1.6200 -4.8300
v 0.1285 1.6240 -4.8385
v 0.1285 1.6500 -4.8385
v 0.1200 1.6540 -4.8300
v 0.1200 1.6200 -4.8300
v 0.1200 1.6240 -4.8420
v 0.1200 1.6500 -4.8420
v 0.1200 1.6540 -4.8300
v 0.1200 1.6200 -4.8300
v 0.1115 1.6240 -4.8385
v 0.1115 1.6500 -4.8385
v 0.1200 1.6540 -4.8300
v 0.1200 1.6200 -4.8300
v 0.1080 1.6240 -4.8300
v 0.1080 1.6500 -4.8300
v 0.1200 1.6540 -4.8300
v 0.1200 1.6200 -4.8300
v 0.1115 1.6240 -4.8215
v 0.1115 1.6500 -4.8215
v 0.1200 1.6540 -4.8300
v 0.1200 1.6200 -4.8300
v 0.1200 1.6240 -4.8180
v 0.1200 1.6500 -4.8180
v 0.1200 1.6540 -4.8300
v 0.1200 1.6200 -4.8300
v 0.1285 1.6240 -4.8215
v 0.1285 1.6500 -4.8215
v 0.1200 1.6540 -4.8300
v 0.1200 1.6200 -4.8300
v 0.1320 1.6240 -4.8300
v 0.1320 1.6500 -4.8300
v 0.1200 1.6540 -4.8300
vt 0.0000 0.0000
vt 0.0000 0.0126
vt 0.0000 0.0386
vt 0.0000 0.0513
vt 0.0094 0.0000
vt 0.0094 0.0126
vt 0.0094 0.0386
vt 0.0094 0.0513
vt 0.0188 0.0000
vt 0.0188 0.0126
vt 0.0188 0.0386
vt 0.0188 0.0513
vt 0.0283 0.0000
vt 0.0283 0.0126
vt 0.0283 0.0386
vt 0.0283 0.0513
vt 0.0377 0.0000
vt 0.0377 0.0126
vt 0.0377 0.0386
vt 0.0377 0.0513
vt 0.0471 0.0000
vt 0.0471 0.0126
vt 0.0471 0.0386
vt 0.0471 0.0513
vt 0.0565 0.0000
vt 0.0565 0.0126
vt 0.0565 0.0386
vt 0.0565 0.0513
vt 0.0660 0.0000
vt 0.0660 0.0126
vt 0.0660 0.0386
vt 0.0660 0.0513
vt 0.0754 0.0000
vt 0.0754 0.0126
vt 0.0754 0.0386
vt 0.0754 0.0513
vn 0.316 -0.949 0.000
vn 0.928 -0.371 0.000
vn 0.928 0.371 0.000
vn 0.316 0.949 0.000
vn 0.224 -0.949 -0.224
vn 0.657 -0.371 -0.657
vn 0.657 0.371 -0.657
vn 0.224 0.949 -0.224
vn 0.000 -0.949 -0.316
vn 0.000 -0.371 -0.928
vn 0.000 0.371 -0.928
vn 0.000 0.949 -0.316
vn -0.224 -0.949 -0.224
vn -0.657 -0.371 -0.657
vn -0.657 0.371 -0.657
vn -0.224 0.949 -0.224
vn -0.316 -0.949 -0.000
vn -0.928 -0.371 -0.000
vn -0.928 0.371 -0.000
vn -0.316 0.949 -0.000
vn -0.224 -0.949 0.224
vn -0.657 -0.371 0.657
vn -0.657 0.371 0.657
vn -0.224 0.949 0.224
vn -0.000 -0.949 0.316
vn -0.000 -0.371 0.928
vn -0.000 0.371 0.928
vn -0.000 0.949 0.316
vn 0.224 -0.949 0.224
vn 0.657 -0.371 0.657
vn 0.657 0.371 0.657
vn 0.224 0.949 0.224
vn 0.316 -0.949 0.000
vn 0.928 -0.371 0.000
vn 0.928 0.371 0.000
vn 0.316 0.949 0.000
usemtl leaf
f 1/1/1 2/2/2 8/8/8
f 1/1/1 8/8/8 7/7/7
f 2/2/2 3/3/3 9/9/9
f 2/2/2 9/9/9 8/8/8
f 3/3/3 4/4/4 10/10/10
f 3/3/3 10/10/10 9/9/9
f 4/4/4 5/5/5 11/11/11
f 4/4/4 11/11/11 10/10/10
f 5/5/5 6/6/6 12/12/12
f 5/5/5 12/12/12 11/11/11
f 7/7/7 8/8/8 14/14/14
f 7/7/7 14/14/14 13/13/13
f 8/8/8 9/9/9 15/15/15
f 8/8/8 15/15/15 14/14/14
f 9/9/9 10/10/10 16/16/16
f 9/9/9 16/16/16 15/15/15
f 10/10/10 11/11/11 17/17/17
f 10/10/10 17/17/17 16/16/16
f 11/11/11 12/12/12 18/18/18
f 11/11/11 18/18/18 17/17/17
f 13/13/13 14/14/14 20/20/20
f 13/13/13 20/20/20 19/19/19
f 14/14/14 15/15/15 21/21/21
f 14/14/14 21/21/21 20/20/20
f 15/15/15 16/16/16 22/22/22
f 15/15/15 22/22/22 21/21/21
f 16/16/16 17/17/17 23/23/23
f 16/16/16 23/23/23 22/22/22
f 17/17/17 18/18/18 24/24/24
f 17/17/17 24/24/24 23/23/23
f 19/19/19 20/20/20 26/26/26
f 19/19/19 26/26/26 25/25/25
f 20/20/20 21/21/21 27/27/27
f 20/20/20 27/27/27 26/26/26
f 21/21/21 22/22/22 28/28/28
f 21/21/21 28/28/28 27/27/27
f 22/22/22 23/23/23 29/29/29
f 22/22/22 29/29/29 28/28/28
f 23/23/23 24/24/24 30/30/30
f 23/23/23 30/30/30 29/29/29
f 25/25/25 26/26/26 32/32/32
f 25/25/25 32/32/32 31/31/31
f 26/26/26 27/27/27 33/33/33
f 26/26/26 33/33/33 32/32/32
f 27/27/27 28/28/28 34/34/34
f 27/27/27 34/34/34 33/33/33
f 28/28/28 29/29/29 35/35/35
f 28/28/28 35/35/35 34/34/34
f 29/29/29 30/30/30 36/36/36
f 29/29/29 36/36/36 35/35/35
f 31/31/31 32/32/32 38/38/38
f 31/31/31 38/38/38 37/37/37
f 32/32/32 33/33/33 39/39/39
f 32/32/32 39/39/39 38/38/38
f 33/33/33 34/34/34 40/40/40
f 33/33/33 40/40/40 39/39/39
f 34/34/34 35/35/35 41/41/41
f 34/34/34 41/41/41 40/40/40
f 35/35/35 36/36/36 42/42/42
f 35/35/35 42/42/42 41/41/41
f 37/37/37 38/38/38 44/44/44
f 37/37/37 44/44/44 43/43/43
f 38/38/38 39/39/39 45/45/45
f 38/38/38 45/45/45 44/44/44
f 39/39/39 40/40/40 46/46/46
f 39/39/39 46/46/46 45/45/45
f 40/40/40 41/41/41 47/47/47
f 40/40/40 47/47/47 46/46/46
f 41/41/41 42/42/42 48/48/48
f 41/41/41 48/48/48 47/47/47
f 43/43/43 44/44/44 50/50/50
f 43/43/43 50/50/50 49/49/49
f 44/44/44 45/45/45 51/51/51
f 44/44/44 51/51/51 50/50/50
f 45/45/45 46/46/46 52/52/52
f 45/45/45 52/52/52 51/51/51
f 46/46/46 47/47/47 53/53/53
f 46/46/46 53/53/53 52/52/52
f 47/47/47 48/48/48 54/54/54
f 47/47/47 54/54/54 53/53/53
f 49/49/49 50/50/50 56/56/56
f 49/49/49 56/56/56 55/55/55
f 50/50/50 51/51/51 57/57/57
f 50/50/50 57/57/57 56/56/56
f 51/51/51 52/52/52 58/58/58
f 51/51/51 58/58/58 57/57/57
f 52/52/52 53/53/53 59/59/59
f 52/52/52 59/59/59 58/58/58
f 53/53/53 54/54/54 60/60/60
f 53/53/53 60/60/60 59/59/59
f 55/55/55 56/56/56 62/62/62
f 55/55/55 62/62/62 61/61/61
f 56/56/56 57/57/57 63/63/63
f 56/56/56 63/63/63 62/62/62
f 57/57/57 58/58/58 64/64/64
f 57/57/57 64/64/64 63/63/63
f 58/58/58 59/59/59 65/65/65
f 58/58/58 65/65/65 64/64/64
f 59/59/59 60/60/60 66/66/66
f 59/59/59 66/66/66 65/65/65
f 61/61/61 62/62/62 68/68/68
f 61/61/61 68/68/68 67/67/67
f 62/62/62 63/63/63 69/69/69
f 62/62/62 69/69/69 68/68/68
f 63/63/63 64/64/64 70/70/70
f 63/63/63 70/70/70 69/69/69
f 64/64/64 65/65/65 71/71/71
f 64/64/64 71/71/71 70/70/70
f 65/65/65 66/66/66 72/72/72
f 65/65/65 72/72/72 71/71/71
f 67/67/67 68/68/68 74/74/74
f 67/67/67 74/74/74 73/73/73
f 68/68/68 69/69/69 75/75/75
f 68/68/68 75/75/75 74/74/74
f 69/69/69 70/70/70 76/76/76
f 69/69/69 76/76/76 75/75/75
f 70/70/70 71/71/71 77/77/77
f 70/70/70 77/77/77 76/76/76
f 71/71/71 72/72/72 78/78/78
f 71/71/71 78/78/78 77/77/77
f 73/73/73 74/74/74 80/80/80
f 73/73/73 80/80/80 79/79/79
f 74/74/74 75/75/75 81/81/81
f 74/74/74 81/81/81 80/80/80
f 75/75/75 76/76/76 82/82/82
f 75/75/75 82/82/82 81/81/81
f 76/76/76 77/77/77 83/83/83
f 76/76/76 83/83/83 82/82/82
f 77/77/77 78/78/78 84/84/84
f 77/77/77 84/84/84 83/83/83
f 79/79/79 80/80/80 86/86/86
f 79/79/79 86/86/86 85/85/85
f 80/80/80 81/81/81 87/87/87
f 80/80/80 87/87/87 86/86/86
f 81/81/81 82/82/82 88/88/88
f 81/81/81 88/88/88 87/87/87
f 82/82/82 83/83/83 89/89/89
f 82/82/82 89/89/89 88/88/88
f 83/83/83 84/84/84 90/90/90
f 83/83/83 90/90/90 89/89/89
f 85/85/85 86/86/86 92/92/92
f 85/85/85 92/92/92 91/91/91
f 86/86/86 87/87/87 93/93/93
f 86/86/86 93/93/93 92/92/92
f 87/87/87 88/88/88 94/94/94
f 87/87/87 94/94/94 93/93/93
f 88/88/88 89/89/89 95/95/95
f 88/88/88 95/95/95 94/94/94
f 89/89/89 90/90/90 96/96/96
f 89/89/89 96/96/96 95/95/95
f 91/91/91 92/92/92 98/98/98
f 91/91/91 98/98/98 97/97/97
f 92/92/92 93/93/93 99/99/99
f 92/92/92 99/99/99 98/98/98
f 93/93/93 94/94/94 100/100/100
f 93/93/93 100/100/100 99/99/99
f 94/94/94 95/95/95 101/101/101
f 94/94/94 101/101/101 100/100/100
f 95/95/95 96/96/96 102/102/102
f 95/95/95 102/102/102 101/101/101
f 97/97/97 98/98/98 104/104/104
f 97/97/97 104/104/104 103/103/103
f 98/98/98 99/99/99 105/105/105
f 98/98/98 105/105/105 104/104/104
f 99/99/99 100/100/100 106/106/106
f 99/99/99 106/106/106 105/105/105
f 100/100/100 101/101/101 107/107/107
f 100/100/100 107/107/107 106/106/106
f 101/101/101 102/102/102 108/108/108
f 101/101/101 108/108/108 107/107/107
f 103/103/103 104/104/104 110/110/110
f 103/103/103 110/110/110 109/109/109
f 104/104/104 105/105/105 111/111/111
f 104/104/104 111/111/111 110/110/110
f 105/105/105 106/106/106 112/112/112
f 105/105/105 112/112/112 111/111/111
f 106/106/106 107/107/107 113/113/113
f 106/106/106 113/113/113 112/112/112
f 107/107/107 108/108/108 114/114/114
f 107/107/107 114/114/114 113/113/113
f 109/109/109 110/110/110 116/116/116
f 109/109/109 116/116/116 115/115/115
f 110/110/110 111/111/111 117/117/117
f 110/110/110 117/117/117 116/116/116
f 111/111/111 112/112/112 118/118/118
f 111/111/111 118/118/118 117/117/117
f 112/112/112 113/113/113 119/119/119
f 112/112/112 119/119/119 118/118/118
f 113/113/113 114/114/114 120/120/120
f 113/113/113 120/120/120 119/119/119
f 115/115/115 116/116/116 122/122/122
f 115/115/115 122/122/122 121/121/121
f 116/116/116 117/117/117 123/123/123
f 116/116/116 123/123/123 122/122/122
f 117/117/117 118/118/118 124/124/124
f 117/117/117 124/124/124 123/123/123
f 118/118/118 119/119/119 125/125/125
f 118/118/118 125/125/125 124/124/124
f 119/119/119 120/120/120 126/126/126
f 119/119/119 126/126/126 125/125/125
f 121/121/121 122/122/122 128/128/128
f 121/121/121 128/128/128 127/127/127
f 122/122/122 123/123/123 129/129/129
f 122/122/122 129/129/129 128/128/128
f 123/123/123 124/124/124 130/130/130
f 123/123/123 130/130/130 129/129/129
f 124/124/124 125/125/125 131/131/131
f 124/124/124 131/131/131 130/130/130
f 125/125/125 126/126/126 132/132/132
f 125/125/125 132/132/132 131/131/131
f 127/127/127 128/128/128 134/134/134
f 127/127/127 134/134/134 133/133/133
f 128/128/128 129/129/129 135/135/135
f 128/128/128 135/135/135 134/134/134
f 129/129/129 130/130/130 136/136/136
f 129/129/129 136/136/136 135/135/135
f 130/130/130 131/131/131 137/137/137
f 130/130/130 137/137/137 136/136/136
f 131/131/131 132/132/132 138/138/138
f 131/131/131 138/138/138 137/137/137
f 133/133/133 134/134/134 140/140/140
f 133/133/133 140/140/140 139/139/139
f 134/134/134 135/135/135 141/141/141
f 134/134/134 141/141/141 140/140/140
f 135/135/135 136/136/136 142/142/142
f 135/135/135 142/142/142 141/141/141
f 136/136/136 137/137/137 143/143/143
f 136/136/136 143/143/143 142/142/142
f 137/137/137 138/138/138 144/144/144
f 137/137/137 144/144/144 143/143/143
f 139/139/139 140/140/140 146/146/146
f 139/139/139 146/146/146 145/145/145
f 140/140/140 141/141/141 147/147/147
f 140/140/140 147/147/147 146/146/146
f 141/141/141 142/142/142 148/148/148
f 141/141/141 148/148/148 147/147/147
f 142/142/142 143/143/143 149/149/149
f 142/142/142 149/149/149 148/148/148
f 143/143/143 144/144/144 150/150/150
f 143/143/143 150/150/150 149/149/149
f 145/145/145 146/146/146 152/152/152
f 145/145/145 152/152/152 151/151/151
f 146/146/146 147/147/147 153/153/153
f 146/146/146 153/153/153 152/152/152
f 147/147/147 148/148/148 154/154/154
f 147/147/147 154/154/154 153/153/153
f 148/148/148 149/149/149 155/155/155
f 148/148/148 155/155/155 154/154/154
f 149/149/149 150/150/150 156/156/156
f 149/149/149 156/156/156 155/155/155
f 151/151/151 152/152/152 158/158/158
f 151/151/151 158/158/158 157/157/157
f 152/152/152 153/153/153 159/159/159
f 152/152/152 159/159/159 158/158/158
f 153/153/153 154/154/154 160/160/160
f 153/153/153 160/160/160 159/159/159
f 154/154/154 155/155/155 161/161/161
f 154/154/154 161/161/161 160/160/160
f 155/155/155 156/156/156 162/162/162
f 155/155/155 162/162/162 161/161/161
f 157/157/157 158/158/158 164/164/164
f 157/157/157 164/164/164 163/163/163
f 158/158/158 159/159/159 165/165/165
f 158/158/158 165/165/165 164/164/164
f 159/159/159 160/160/160 166/166/166
f 159/159/159 166/166/166 165/165/165
f 160/160/160 161/161/161 167/167/167
f 160/160/160 167/167/167 166/166/166
f 161/161/161 162/162/162 168/168/168
f 161/161/161 168/168/168 167/167/167
f 163/163/163 164/164/164 170/170/170
f 163/163/163 170/170/170 169/169/169
f 164/164/164 165/165/165 171/171/171
f 164/164/164 171/171/171 170/170/170
f 165/165/165 166/166/166 172/172/172
f 165/165/165 172/172/172 171/171/171
f 166/166/166 167/167/167 173/173/173
f 166/166/166 173/173/173 172/172/172
f 167/167/167 168/168/168 174/174/174
f 167/167/167 174/174/174 173/173/173
f 169/169/169 170/170/170 176/176/176
f 169/169/169 176/176/176 175/175/175
f 170/170/170 171/171/171 177/177/177
f 170/170/170 177/177/177 176/176/176
f 171/171/171 172/172/172 178/178/178
f 171/171/171 178/178/178 177/177/177
f 172/172/172 173/173/173 179/179/179
f 172/172/172 179/179/179 178/178/178
f 173/173/173 174/174/174 180/180/180
f 173/173/173 180/180/180 179/179/179
f 175/175/175 176/176/176 182/182/182
f 175/175/175 182/182/182 181/181/181
f 176/176/176 177/177/177 183/183/183
f 176/176/176 183/183/183 182/182/182
f 177/177/177 178/178/178 184/184/184
f 177/177/177 184/184/184 183/183/183
f 178/178/178 179/179/179 185/185/185
f 178/178/178 185/185/185 184/184/184
f 179/179/179 180/180/180 186/186/186
f 179/179/179 186/186/186 185/185/185
f 181/181/181 182/182/182 188/188/188
f 181/181/181 188/188/188 187/187/187
f 182/182/182 183/183/183 189/189/189
f 182/182/182 189/189/189 188/188/188
f 183/183/183 184/184/184 190/190/190
f 183/183/183 190/190/190 189/189/189
f 184/184/184 185/185/185 191/191/191
f 184/184/184 191/191/191 190/190/190
f 185/185/185 186/186/186 192/192/192
f 185/185/185 192/192/192 191/191/191
f 187/187/187 188/188/188 194/194/194
f 187/187/187 194/194/194 193/193/193
f 188/188/188 189/189/189 195/195/195
f 188/188/188 195/195/195 194/194/194
f 189/189/189 190/190/190 196/196/196
f 189/189/189 196/196/196 195/195/195
f 190/190/190 191/191/191 197/197/197
f 190/190/190 197/197/197 196/196/196
f 191/191/191 192/192/192 198/198/198
f 191/191/191 198/198/198 197/197/197
f 193/193/193 194/194/194 200/200/200
f 193/193/193 200/200/200 199/199/199
f 194/194/194 195/195/195 201/201/201
f 194/194/194 201/201/201 200/200/200
f 195/195/195 196/196/196 202/202/202
f 195/195/195 202/202/202 201/201/201
f 196/196/196 197/197/197 203/203/203
f 196/196/196 203/203/203 202/202/202
f 197/197/197 198/198/198 204/204/204
f 197/197/197 204/204/204 203/203/203
f 199/199/199 200/200/200 206/206/206
f 199/199/199 206/206/206 205/205/205
f 200/200/200 201/201/201 207/207/207
f 200/200/200 207/207/207 206/206/206
f 201/201/201 202/202/202 208/208/208
f 201/201/201 208/208/208 207/207/207
f 202/202/202 203/203/203 209/209/209
f 202/202/202 209/209/209 208/208/208
f 203/203/203 204/204/204 210/210/210
f 203/203/203 210/210/210 209/209/209
f 205/205/205 206/206/206 212/212/212
f 205/205/205 212/212/212 211/211/211
f 206/206/206 207/207/207 213/213/213
f 206/206/206 213/213/213 212/212/212
f 207/207/207 208/208/208 214/214/214
f 207/207/207 214/214/214 213/213/213
f 208/208/208 209/209/209 215/215/215
f 208/208/208 215/215/215 214/214/214
f 209/209/209 210/210/210 216/216/216
f 209/209/209 216/216/216 215/215/215
f 211/211/211 212/212/212 218/218/218
f 211/211/211 218/218/218 217/217/217
f 212/212/212 213/213/213 219/219/219
f 212/212/212 219/219/219 218/218/218
f 213/213/213 214/214/214 220/220/220
f 213/213/213 220/220/220 219/219/219
f 214/214/214 215/215/215 221/221/221
f 214/214/214 221/221/221 220/220/220
f 215/215/215 216/216/216 222/222/222
f 215/215/215 222/222/222 221/221/221
f 217/217/217 218/218/218 224/224/224
f 217/217/217 224/224/224 223/223/223
f 218/218/218 219/219/219 225/225/225
f 218/218/218 225/225/225 224/224/224
f 219/219/219 220/220/220 226/226/226
f 219/219/219 226/226/226 225/225/225
f 220/220/220 221/221/221 227/227/227
f 220/220/220 227/227/227 226/226/226
f 221/221/221 222/222/222 228/228/228
f 221/221/221 228/228/228 227/227/227
f 223/223/223 224/224/224 230/230/230
f 223/223/223 230/230/230 229/229/229
f 224/224/224 225/225/225 231/231/231
f 224/224/224 231/231/231 230/230/230
f 225/225/225 226/226/226 232/232/232
f 225/225/225 232/232/232 231/231/231
f 226/226/226 227/227/227 233/233/233
f 226/226/226 233/233/233 232/232/232
f 227/227/227 228/228/228 234/234/234
f 227/227/227 234/234/234 233/233/233
f 229/229/229 230/230/230 236/236/236
f 229/229/229 236/236/236 235/235/235
f 230/230/230 231/231/231 237/237/237
f 230/230/230 237/237/237 236/236/236
f 231/231/231 232/232/232 238/238/238
f 231/231/231 238/238/238 237/237/237
f 232/232/232 233/233/233 239/239/239
f 232/232/232 239/239/239 238/238/238
f 233/233/233 234/234/234 240/240/240
f 233/233/233 240/240/240 239/239/239
f 235/235/235 236/236/236 242/242/242
f 235/235/235 242/242/242 241/241/241
f 236/236/236 237/237/237 243/243/243
f 236/236/236 243/243/243 242/242/242
f 237/237/237 238/238/238 244/244/244
f 237/237/237 244/244/244 243/243/243
f 238/238/238 239/239/239 245/245/245
f 238/238/238 245/245/245 244/244/244
f 239/239/239 240/240/240 246/246/246
f 239/239/239 246/246/246 245/245/245
f 247/247/247 249/249/249 248/248/248
f 247/247/247 250/250/250 249/249/249
f 247/247/247 251/251/251 250/250/250
f 247/247/247 252/252/252 251/251/251
f 247/247/247 248/248/248 252/252/252
f 253/253/253 254/254/254 255/255/255
f 253/253/253 255/255/255 256/256/256
f 253/253/253 256/256/256 257/257/257
f 253/253/253 257/257/257 258/258/258
f 253/253/253 258/258/258 254/254/254
f 259/259/259 260/260/260 267/267/267
f 259/259/259 267/267/267 266/266/266
f 260/260/260 261/261/261 268/268/268
f 260/260/260 268/268/268 267/267/267
f 261/261/261 262/262/262 269/269/269
f 261/261/261 269/269/269 268/268/268
f 262/262/262 263/263/263 270/270/270
f 262/262/262 270/270/270 269/269/269
f 263/263/263 264/264/264 271/271/271
f 263/263/263 271/271/271 270/270/270
f 264/264/264 265/265/265 272/272/272
f 264/264/264 272/272/272 271/271/271
f 266/266/266 267/267/267 274/274/274
f 266/266/266 274/274/274 273/273/273
f 267/267/267 268/268/268 275/275/275
f 267/267/267 275/275/275 274/274/274
f 268/268/268 269/269/269 276/276/276
f 268/268/268 276/276/276 275/275/275
f 269/269/269 270/270/270 277/277/277
f 269/269/269 277/277/277 276/276/276
f 270/270/270 271/271/271 278/278/278
f 270/270/270 278/278/278 277/277/277
f 271/271/271 272/272/272 279/279/279
f 271/271/271 279/279/279 278/278/278
f 273/273/273 274/274/274 281/281/281
f 273/273/273 281/281/281 280/280/280
f 274/274/274 275/275/275 282/282/282
f 274/274/274 282/282/282 281/281/281
f 275/275/275 276/276/276 283/283/283
f 275/275/275 283/283/283 282/282/282
f 276/276/276 277/277/277 284/284/284
f 276/276/276 284/284/284 283/283/283
f 277/277/277 278/278/278 285/285/285
f 277/277/277 285/285/285 284/284/284
f 278/278/278 279/279/279 286/286/286
f 278/278/278 286/286/286 285/285/285
f 280/280/280 281/281/281 288/288/288
f 280/280/280 288/288/288 287/287/287
f 281/281/281 282/282/282 289/289/289
f 281/281/281 289/289/289 288/288/288
f 282/282/282 283/283/283 290/290/290
f 282/282/282 290/290/290 289/289/289
f 283/283/283 284/284/284 291/291/291
f 283/283/283 291/291/291 290/290/290
f 284/284/284 285/285/285 292/292/292
f 284/284/284 292/292/292 291/291/291
f 285/285/285 286/286/286 293/293/293
f 285/285/285 293/293/293 292/292/292
f 294/294/294 295/295/295 302/302/302
f 294/294/294 302/302/302 301/301/301
f 295/295/295 296/296/296 303/303/303
f 295/295/295 303/303/303 302/302/302
f 296/296/296 297/297/297 304/304/304
f 296/296/296 304/304/304 303/303/303
f 297/297/297 298/298/298 305/305/305
f 297/297/297 305/305/305 304/304/304
f 298/298/298 299/299/299 306/306/306
f 298/298/298 306/306/306 305/305/305
f 299/299/299 300/300/300 307/307/307
f 299/299/299 307/307/307 306/306/306
f 301/301/301 302/302/302 309/309/309
f 301/301/301 309/309/309 308/308/308
f 302/302/302 303/303/303 310/310/310
f 302/302/302 310/310/310 309/309/309
f 303/303/303 304/304/304 311/311/311
f 303/303/303 311/311/311 310/310/310
f 304/304/304 305/305/305 312/312/312
f 304/304/304 312/312/312 311/311/311
f 305/305/305 306/306/306 313/313/313
f 305/305/305 313/313/313 312/312/312
f 306/306/306 307/307/307 314/314/314
f 306/306/306 314/314/314 313/313/313
f 308/308/308 309/309/309 316/316/316
f 308/308/308 316/316/316 315/315/315
f 309/309/309 310/310/310 317/317/317
f 309/309/309 317/317/317 316/316/316
f 310/310/310 311/311/311 318/318/318
f 310/310/310 318/318/318 317/317/317
f 311/311/311 312/312/312 319/319/319
f 311/311/311 319/319/319 318/318/318
f 312/312/312 313/313/313 320/320/320
f 312/312/312 320/320/320 319/319/319
f 313/313/313 314/314/314 321/321/321
f 313/313/313 321/321/321 320/320/320
f 315/315/315 316/316/316 323/323/323
f 315/315/315 323/323/323 322/322/322
f 316/316/316 317/317/317 324/324/324
f 316/316/316 324/324/324 323/323/323
f 317/317/317 318/318/318 325/325/325
f 317/317/317 325/325/325 324/324/324
f 318/318/318 319/319/319 326/326/326
f 318/318/318 326/326/326 325/325/325
f 319/319/319 320/320/320 327/327/327
f 319/319/319 327/327/327 326/326/326
f 320/320/320 321/321/321 328/328/328
f 320/320/320 328/328/328 327/327/327
f 329/329/329 330/330/330 337/337/337
f 329/329/329 337/337/337 336/336/336
f 330/330/330 331/331/331 338/338/338
f 330/330/330 338/338/338 337/337/337
f 331/331/331 332/332/332 339/339/339
f 331/331/331 339/339/339 338/338/338
f 332/332/332 333/333/333 340/340/340
f 332/332/332 340/340/340 339/339/339
f 333/333/333 334/334/334 341/341/341
f 333/333/333 341/341/341 340/340/340
f 334/334/334 335/335/335 342/342/342
f 334/334/334 342/342/342 341/341/341
f 336/336/336 337/337/337 344/344/344
f 336/336/336 344/344/344 343/343/343
f 337/337/337 338/338/338 345/345/345
f 337/337/337 345/345/345 344/344/344
f 338/338/338 339/339/339 346/346/346
f 338/338/338 346/346/346 345/345/345
f 339/339/339 340/340/340 347/347/347
f 339/339/339 347/347/347 346/346/346
f 340/340/340 341/341/341 348/348/348
f 340/340/340 348/348/348 347/347/347
f 341/341/341 342/342/342 349/349/349
f 341/341/341 349/349/349 348/348/348
f 343/343/343 344/344/344 351/351/351
f 343/343/343 351/351/351 350/350/350
f 344/344/344 345/345/345 352/352/352
f 344/344/344 352/352/352 351/351/351
f 345/345/345 346/346/346 353/353/353
f 345/345/345 353/353/353 352/352/352
f 346/346/346 347/347/347 354/354/354
f 346/346/346 354/354/354 353/353/353
f 347/347/347 348/348/348 355/355/355
f 347/347/347 355/355/355 354/354/354
f 348/348/348 349/349/349 356/356/356
f 348/348/348 356/356/356 355/355/355
f 350/350/350 351/351/351 358/358/358
f 350/350/350 358/358/358 357/357/357
f 351/351/351 352/352/352 359/359/359
f 351/351/351 359/359/359 358/358/358
f 352/352/352 353/353/353 360/360/360
f 352/352/352 360/360/360 359/359/359
f 353/353/353 354/354/354 361/361/361
f 353/353/353 361/361/361 360/360/360
f 354/354/354 355/355/355 362/362/362
f 354/354/354 362/362/362 361/361/361
f 355/355/355 356/356/356 363/363/363
f 355/355/355 363/363/363 362/362/362
f 364/364/364 365/365/365 372/372/372
f 364/364/364 372/372/372 371/371/371
f 365/365/365 366/366/366 373/373/373
f 365/365/365 373/373/373 372/372/372
f 366/366/366 367/367/367 374/374/374
f 366/366/366 374/374/374 373/373/373
f 367/367/367 368/368/368 375/375/375
f 367/367/367 375/375/375 374/374/374
f 368/368/368 369/369/369 376/376/376
f 368/368/368 376/376/376 375/375/375
f 369/369/369 370/370/370 377/377/377
f 369/369/369 377/377/377 376/376/376
f 371/371/371 372/372/372 379/379/379
f 371/371/371 379/379/379 378/378/378
f 372/372/372 373/373/373 380/380/380
f 372/372/372 380/380/380 379/379/379
f 373/373/373 374/374/374 381/381/381
f 373/373/373 381/381/381 380/380/380
f 374/374/374 375/375/375 382/382/382
f 374/374/374 382/382/382 381/381/381
f 375/375/375 376/376/376 383/383/383
f 375/375/375 383/383/383 382/382/382
f 376/376/376 377/377/377 384/384/384
f 376/376/376 384/384/384 383/383/383
f 378/378/378 379/379/379 386/386/386
f 378/378/378 386/386/386 385/385/385
f 379/379/379 380/380/380 387/387/387
f 379/379/379 387/387/387 386/386/386
f 380/380/380 381/381/381 388/388/388
f 380/380/380 388/388/388 387/387/387
f 381/381/381 382/382/382 389/389/389
f 381/381/381 389/389/389 388/388/388
f 382/382/382 383/383/383 390/390/390
f 382/382/382 390/390/390 389/389/389
f 383/383/383 384/384/384 391/391/391
f 383/383/383 391/391/391 390/390/390
f 385/385/385 386/386/386 393/393/393
f 385/385/385 393/393/393 392/392/392
f 386/386/386 387/387/387 394/394/394
f 386/386/386 394/394/394 393/393/393
f 387/387/387 388/388/388 395/395/395
f 387/387/387 395/395/395 394/394/394
f 388/388/388 389/389/389 396/396/396
f 388/388/388 396/396/396 395/395/395
f 389/389/389 390/390/390 397/397/397
f 389/389/389 397/397/397 396/396/396
f 390/390/390 391/391/391 398/398/398
f 390/390/390 398/398/398 397/397/397
f 399/399/399 400/400/400 407/407/407
f 399/399/399 407/407/407 406/406/406
f 400/400/400 401/401/401 408/408/408
f 400/400/400 408/408/408 407/407/407
f 401/401/401 402/402/402 409/409/409
f 401/401/401 409/409/409 408/408/408
f 402/402/402 403/403/403 410/410/410
f 402/402/402 410/410/410 409/409/409
f 403/403/403 404/404/404 411/411/411
f 403/403/403 411/411/411 410/410/410
f 404/404/404 405/405/405 412/412/412
f 404/404/404 412/412/412 411/411/411
f 406/406/406 407/407/407 414/414/414
f 406/406/406 414/414/414 413/413/413
f 407/407/407 408/408/408 415/415/415
f 407/407/407 415/415/415 414/414/414
f 408/408/408 409/409/409 416/416/416
f 408/408/408 416/416/416 415/415/415
f 409/409/409 410/410/410 417/417/417
f 409/409/409 417/417/417 416/416/416
f 410/410/410 411/411/411 418/418/418
f 410/410/410 418/418/418 417/417/417
f 411/411/411 412/412/412 419/419/419
f 411/411/411 419/419/419 418/418/418
f 413/413/413 414/414/414 421/421/421
f 413/413/413 421/421/421 420/420/420
f 414/414/414 415/415/415 422/422/422
f 414/414/414 422/422/422 421/421/421
f 415/415/415 416/416/416 423/423/423
f 415/415/415 423/423/423 422/422/422
f 416/416/416 417/417/417 424/424/424
f 416/416/416 424/424/424 423/423/423
f 417/417/417 418/418/418 425/425/425
f 417/417/417 425/425/425 424/424/424
f 418/418/418 419/419/419 426/426/426
f 418/418/418 426/426/426 425/425/425
f 420/420/420 421/421/421 428/428/428
f 420/420/420 428/428/428 427/427/427
f 421/421/421 422/422/422 429/429/429
f 421/421/421 429/429/429 428/428/428
f 422/422/422 423/423/423 430/430/430
f 422/422/422 430/430/430 429/429/429
f 423/423/423 424/424/424 431/431/431
f 423/423/423 431/431/431 430/430/430
f 424/424/424 425/425/425 432/432/432
f 424/424/424 432/432/432 431/431/431
f 425/425/425 426/426/426 433/433/433
f 425/425/425 433/433/433 432/432/432
f 434/434/434 435/435/435 442/442/442
f 434/434/434 442/442/442 441/441/441
f 435/435/435 436/436/436 443/443/443
f 435/435/435 443/443/443 442/442/442
f 436/436/436 437/437/437 444/444/444
f 436/436/436 444/444/444 443/443/443
f 437/437/437 438/438/438 445/445/445
f 437/437/437 445/445/445 444/444/444
f 438/438/438 439/439/439 446/446/446
f 438/438/438 446/446/446 445/445/445
f 439/439/439 440/440/440 447/447/447
f 439/439/439 447/447/447 446/446/446
f 441/441/441 442/442/442 449/449/449
f 441/441/441 449/449/449 448/448/448
f 442/442/442 443/443/443 450/450/450
f 442/442/442 450/450/450 449/449/449
f 443/443/443 444/444/444 451/451/451
f 443/443/443 451/451/451 450/450/450
f 444/444/444 445/445/445 452/452/452
f 444/444/444 452/452/452 451/451/451
f 445/445/445 446/446/446 453/453/453
f 445/445/445 453/453/453 452/452/452
f 446/446/446 447/447/447 454/454/454
f 446/446/446 454/454/454 453/453/453
f 448/448/448 449/449/449 456/456/456
f 448/448/448 456/456/456 455/455/455
f 449/449/449 450/450/450 457/457/457
f 449/449/449 457/457/457 456/456/456
f 450/450/450 451/451/451 458/458/458
f 450/450/450 458/458/458 457/457/457
f 451/451/451 452/452/452 459/459/459
f 451/451/451 459/459/459 458/458/458
f 452/452/452 453/453/453 460/460/460
f 452/452/452 460/460/460 459/459/459
f 453/453/453 454/454/454 461/461/461
f 453/453/453 461/461/461 460/460/460
f 455/455/455 456/456/456 463/463/463
f 455/455/455 463/463/463 462/462/462
f 456/456/456 457/457/457 464/464/464
f 456/456/456 464/464/464 463/463/463
f 457/457/457 458/458/458 465/465/465
f 457/457/457 465/465/465 464/464/464
f 458/458/458 459/459/459 466/466/466
f 458/458/458 466/466/466 465/465/465
f 459/459/459 460/460/460 467/467/467
f 459/459/459 467/467/467 466/466/466
f 460/460/460 461/461/461 468/468/468
f 460/460/460 468/468/468 467/467/467
f 469/469/469 470/470/470 477/477/477
f 469/469/469 477/477/477 476/476/476
f 470/470/470 471/471/471 478/478/478
f 470/470/470 478/478/478 477/477/477
f 471/471/471 472/472/472 479/479/479
f 471/471/471 479/479/479 478/478/478
f 472/472/472 473/473/473 480/480/480
f 472/472/472 480/480/480 479/479/479
f 473/473/473 474/474/474 481/481/481
f 473/473/473 481/481/481 480/480/480
f 474/474/474 475/475/475 482/482/482
f 474/474/474 482/482/482 481/481/481
f 476/476/476 477/477/477 484/484/484
f 476/476/476 484/484/484 483/483/483
f 477/477/477 478/478/478 485/485/485
f 477/477/477 485/485/485 484/484/484
f 478/478/478 479/479/479 486/486/486
f 478/478/478 486/486/486 485/485/485
f 479/479/479 480/480/480 487/487/487
f 479/479/479 487/487/487 486/486/486
f 480/480/480 481/481/481 488/488/488
f 480/480/480 488/488/488 487/487/487
f 481/481/481 482/482/482 489/489/489
f 481/481/481 489/489/489 488/488/488
f 483/483/483 484/484/484 491/491/491
f 483/483/483 491/491/491 490/490/490
f 484/484/484 485/485/485 492/492/492
f 484/484/484 492/492/492 491/491/491
f 485/485/485 486/486/486 493/493/493
f 485/485/485 493/493/493 492/492/492
f 486/486/486 487/487/487 494/494/494
f 486/486/486 494/494/494 493/493/493
f 487/487/487 488/488/488 495/495/495
f 487/487/487 495/495/495 494/494/494
f 488/488/488 489/489/489 496/496/496
f 488/488/488 496/496/496 495/495/495
f 490/490/490 491/491/491 498/498/498
f 490/490/490 498/498/498 497/497/497
f 491/491/491 492/492/492 499/499/499
f 491/491/491 499/499/499 498/498/498
f 492/492/492 493/493/493 500/500/500
f 492/492/492 500/500/500 499/499/499
f 493/493/493 494/494/494 501/501/501
f 493/493/493 501/501/501 500/500/500
f 494/494/494 495/495/495 502/502/502
f 494/494/494 502/502/502 501/501/501
f 495/495/495 496/496/496 503/503/503
f 495/495/495 503/503/503 502/502/502
f 504/504/504 505/505/505 512/512/512
f 504/504/504 512/512/512 511/511/511
f 505/505/505 506/506/506 513/513/513
f 505/505/505 513/513/513 512/512/512
f 506/506/506 507/507/507 514/514/514
f 506/506/506 514/514/514 513/513/513
f 507/507/507 508/508/508 515/515/515
f 507/507/507 515/515/515 514/514/514
f 508/508/508 509/509/509 516/516/516
f 508/508/508 516/516/516 515/515/515
f 509/509/509 510/510/510 517/517/517
f 509/509/509 517/517/517 516/516/516
f 511/511/511 512/512/512 519/519/519
f 511/511/511 519/519/519 518/518/518
f 512/512/512 513/513/513 520/520/520
f 512/512/512 520/520/520 519/519/519
f 513/513/513 514/514/514 521/521/521
f 513/513/513 521/521/521 520/520/520
f 514/514/514 515/515/515 522/522/522
f 514/514/514 522/522/522 521/521/521
f 515/515/515 516/516/516 523/523/523
f 515/515/515 523/523/523 522/522/522
f 516/516/516 517/517/517 524/524/524
f 516/516/516 524/524/524 523/523/523
f 518/518/518 519/519/519 526/526/526
f 518/518/518 526/526/526 525/525/525
f 519/519/519 520/520/520 527/527/527
f 519/519/519 527/527/527 526/526/526
f 520/520/520 521/521/521 528/528/528
f 520/520/520 528/528/528 527/527/527
f 521/521/521 522/522/522 529/529/529
f 521/521/521 529/529/529 528/528/528
f 522/522/522 523/523/523 530/530/530
f 522/522/522 530/530/530 529/529/529
f 523/523/523 524/524/524 531/531/531
f 523/523/523 531/531/531 530/530/530
f 525/525/525 526/526/526 533/533/533
f 525/525/525 533/533/533 532/532/532
f 526/526/526 527/527/527 534/534/534
f 526/526/526 534/534/534 533/533/533
f 527/527/527 528/528/528 535/535/535
f 527/527/527 535/535/535 534/534/534
f 528/528/528 529/529/529 536/536/536
f 528/528/528 536/536/536 535/535/535
f 529/529/529 530/530/530 537/537/537
f 529/529/529 537/537/537 536/536/536
f 530/530/530 531/531/531 538/538/538
f 530/530/530 538/538/538 537/537/537
f 539/539/539 540/540/540 547/547/547
f 539/539/539 547/547/547 546/546/546
f 540/540/540 541/541/541 548/548/548
f 540/540/540 548/548/548 547/547/547
f 541/541/541 542/542/542 549/549/549
f 541/541/541 549/549/549 548/548/548
f 542/542/542 543/543/543 550/550/550
f 542/542/542 550/550/550 549/549/549
f 543/543/543 544/544/544 551/551/551
f 543/543/543 551/551/551 550/550/550
f 544/544/544 545/545/545 552/552/552
f 544/544/544 552/552/552 551/551/551
f 546/546/546 547/547/547 554/554/554
f 546/546/546 554/554/554 553/553/553
f 547/547/547 548/548/548 555/555/555
f 547/547/547 555/555/555 554/554/554
f 548/548/548 549/549/549 556/556/556
f 548/548/548 556/556/556 555/555/555
f 549/549/549 550/550/550 557/557/557
f 549/549/549 557/557/557 556/556/556
f 550/550/550 551/551/551 558/558/558
f 550/550/550 558/558/558 557/557/557
f 551/551/551 552/552/552 559/559/559
f 551/551/551 559/559/559 558/558/558
f 553/553/553 554/554/554 561/561/561
f 553/553/553 561/561/561 560/560/560
f 554/554/554 555/555/555 562/562/562
f 554/554/554 562/562/562 561/561/561
f 555/555/555 556/556/556 563/563/563
f 555/555/555 563/563/563 562/562/562
f 556/556/556 557/557/557 564/564/564
f 556/556/556 564/564/564 563/563/563
f 557/557/557 558/558/558 565/565/565
f 557/557/557 565/565/565 564/564/564
f 558/558/558 559/559/559 566/566/566
f 558/558/558 566/566/566 565/565/565
f 560/560/560 561/561/561 568/568/568
f 560/560/560 568/568/568 567/567/567
f 561/561/561 562/562/562 569/569/569
f 561/561/561 569/569/569 568/568/568
f 562/562/562 563/563/563 570/570/570
f 562/562/562 570/570/570 569/569/569
f 563/563/563 564/564/564 571/571/571
f 563/563/563 571/571/571 570/570/570
f 564/564/564 565/565/565 572/572/572
f 564/564/564 572/572/572 571/571/571
f 565/565/565 566/566/566 573/573/573
f 565/565/565 573/573/573 572/572/572
f 574/574/574 575/575/575 582/582/582
f 574/574/574 582/582/582 581/581/581
f 575/575/575 576/576/576 583/583/583
f 575/575/575 583/583/583 582/582/582
f 576/576/576 577/577/577 584/584/584
f 576/576/576 584/584/584 583/583/583
f 577/577/577 578/578/578 585/585/585
f 577/577/577 585/585/585 584/584/584
f 578/578/578 579/579/579 586/586/586
f 578/578/578 586/586/586 585/585/585
f 579/579/579 580/580/580 587/587/587
f 579/579/579 587/587/587 586/586/586
f 581/581/581 582/582/582 589/589/589
f 581/581/581 589/589/589 588/588/588
f 582/582/582 583/583/583 590/590/590
f 582/582/582 590/590/590 589/589/589
f 583/583/583 584/584/584 591/591/591
f 583/583/583 591/591/591 590/590/590
f 584/584/584 585/585/585 592/592/592
f 584/584/584 592/592/592 591/591/591
f 585/585/585 586/586/586 593/593/593
f 585/585/585 593/593/593 592/592/592
f 586/586/586 587/587/587 594/594/594
f 586/586/586 594/594/594 593/593/593
f 588/588/588 589/589/589 596/596/596
f 588/588/588 596/596/596 595/595/595
f 589/589/589 590/590/590 597/597/597
f 589/589/589 597/597/597 596/596/596
f 590/590/590 591/591/591 598/598/598
f 590/590/590 598/598/598 597/597/597
f 591/591/591 592/592/592 599/599/599
f 591/591/591 599/599/599 598/598/598
f 592/592/592 593/593/593 600/600/600
f 592/592/592 600/600/600 599/599/599
f 593/593/593 594/594/594 601/601/601
f 593/593/593 601/601/601 600/600/600
f 595/595/595 596/596/596 603/603/603
f 595/595/595 603/603/603 602/602/602
f 596/596/596 597/597/597 604/604/604
f 596/596/596 604/604/604 603/603/603
f 597/597/597 598/598/598 605/605/605
f 597/597/597 605/605/605 604/604/604
f 598/598/598 599/599/599 606/606/606
f 598/598/598 606/606/606 605/605/605
f 599/599/599 600/600/600 607/607/607
f 599/599/599 607/607/607 606/606/606
f 600/600/600 601/601/601 608/608/608
f 600/600/600 608/608/608 607/607/607
usemtl flower2
f 609/609/609 610/610/610 619/619/619
f 609/609/609 619/619/619 618/618/618
f 610/610/610 611/611/611 620/620/620
f 610/610/610 620/620/620 619/619/619
f 611/611/611 612/612/612 621/621/621
f 611/611/611 621/621/621 620/620/620
f 612/612/612 613/613/613 622/622/622
f 612/612/612 622/622/622 621/621/621
f 613/613/613 614/614/614 623/623/623
f 613/613/613 623/623/623 622/622/622
f 614/614/614 615/615/615 624/624/624
f 614/614/614 624/624/624 623/623/623
f 615/615/615 616/616/616 625/625/625
f 615/615/615 625/625/625 624/624/624
f 616/616/616 617/617/617 626/626/626
f 616/616/616 626/626/626 625/625/625
f 618/618/618 619/619/619 628/628/628
f 618/618/618 628/628/628 627/627/627
f 619/619/619 620/620/620 629/629/629
f 619/619/619 629/629/629 628/628/628
f 620/620/620 621/621/621 630/630/630
f 620/620/620 630/630/630 629/629/629
f 621/621/621 622/622/622 631/631/631
f 621/621/621 631/631/631 630/630/630
f 622/622/622 623/623/623 632/632/632
f 622/622/622 632/632/632 631/631/631
f 623/623/623 624/624/624 633/633/633
f 623/623/623 633/633/633 632/632/632
f 624/624/624 625/625/625 634/634/634
f 624/624/624 634/634/634 633/633/633
f 625/625/625 626/626/626 635/635/635
f 625/625/625 635/635/635 634/634/634
f 627/627/627 628/628/628 637/637/637
f 627/627/627 637/637/637 636/636/636
f 628/628/628 629/629/629 638/638/638
f 628/628/628 638/638/638 637/637/637
f 629/629/629 630/630/630 639/639/639
f 629/629/629 639/639/639 638/638/638
f 630/630/630 631/631/631 640/640/640
f 630/630/630 640/640/640 639/639/639
f 631/631/631 632/632/632 641/641/641
f 631/631/631 641/641/641 640/640/640
f 632/632/632 633/633/633 642/642/642
f 632/632/632 642/642/642 641/641/641
f 633/633/633 634/634/634 643/643/643
f 633/633/633 643/643/643 642/642/642
f 634/634/634 635/635/635 644/644/644
f 634/634/634 644/644/644 643/643/643
f 636/636/636 637/637/637 646/646/646
f 636/636/636 646/646/646 645/645/645
f 637/637/637 638/638/638 647/647/647
f 637/637/637 647/647/647 646/646/646
f 638/638/638 639/639/639 648/648/648
f 638/638/638 648/648/648 647/647/647
f 639/639/639 640/640/640 649/649/649
f 639/639/639 649/649/649 648/648/648
f 640/640/640 641/641/641 650/650/650
f 640/640/640 650/650/650 649/649/649
f 641/641/641 642/642/642 651/651/651
f 641/641/641 651/651/651 650/650/650
f 642/642/642 643/643/643 652/652/652
f 642/642/642 652/652/652 651/651/651
f 643/643/643 644/644/644 653/653/653
f 643/643/643 653/653/653 652/652/652
f 654/654/654 655/655/655 664/664/664
f 654/654/654 664/664/664 663/663/663
f 655/655/655 656/656/656 665/665/665
f 655/655/655 665/665/665 664/664/664
f 656/656/656 657/657/657 666/666/666
f 656/656/656 666/666/666 665/665/665
f 657/657/657 658/658/658 667/667/667
f 657/657/657 667/667/667 666/666/666
f 658/658/658 659/659/659 668/668/668
f 658/658/658 668/668/668 667/667/667
f 659/659/659 660/660/660 669/669/669
f 659/659/659 669/669/669 668/668/668
f 660/660/660 661/661/661 670/670/670
f 660/660/660 670/670/670 669/669/669
f 661/661/661 662/662/662 671/671/671
f 661/661/661 671/671/671 670/670/670
f 663/663/663 664/664/664 673/673/673
f 663/663/663 673/673/673 672/672/672
f 664/664/664 665/665/665 674/674/674
f 664/664/664 674/674/674 673/673/673
f 665/665/665 666/666/666 675/675/675
f 665/665/665 675/675/675 674/674/674
f 666/666/666 667/667/667 676/676/676
f 666/666/666 676/676/676 675/675/675
f 667/667/667 668/668/668 677/677/677
f 667/667/667 677/677/677 676/676/676
f 668/668/668 669/669/669 678/678/678
f 668/668/668 678/678/678 677/677/677
f 669/669/669 670/670/670 679/679/679
f 669/669/669 679/679/679 678/678/678
f 670/670/670 671/671/671 680/680/680
f 670/670/670 680/680/680 679/679/679
f 672/672/672 673/673/673 682/682/682
f 672/672/672 682/682/682 681/681/681
f 673/673/673 674/674/674 683/683/683
f 673/673/673 683/683/683 682/682/682
f 674/674/674 675/675/675 684/684/684
f 674/674/674 684/684/684 683/683/683
f 675/675/675 676/676/676 685/685/685
f 675/675/675 685/685/685 684/684/684
f 676/676/676 677/677/677 686/686/686
f 676/676/676 686/686/686 685/685/685
f 677/677/677 678/678/678 687/687/687
f 677/677/677 687/687/687 686/686/686
f 678/678/678 679/679/679 688/688/688
f 678/678/678 688/688/688 687/687/687
f 679/679/679 680/680/680 689/689/689
f 679/679/679 689/689/689 688/688/688
f 681/681/681 682/682/682 691/691/691
f 681/681/681 691/691/691 690/690/690
f 682/682/682 683/683/683 692/692/692
f 682/682/682 692/692/692 691/691/691
f 683/683/683 684/684/684 693/693/693
f 683/683/683 693/693/693 692/692/692
f 684/684/684 685/685/685 694/694/694
f 684/684/684 694/694/694 693/693/693
f 685/685/685 686/686/686 695/695/695
f 685/685/685 695/695/695 694/694/694
f 686/686/686 687/687/687 696/696/696
f 686/686/686 696/696/696 695/695/695
f 687/687/687 688/688/688 697/697/697
f 687/687/687 697/697/697 696/696/696
f 688/688/688 689/689/689 698/698/698
f 688/688/688 698/698/698 697/697/697
f 699/699/699 700/700/700 709/709/709
f 699/699/699 709/709/709 708/708/708
f 700/700/700 701/701/701 710/710/710
f 700/700/700 710/710/710 709/709/709
f 701/701/701 702/702/702 711/711/711
f 701/701/701 711/711/711 710/710/710
f 702/702/702 703/703/703 712/712/712
f 702/702/702 712/712/712 711/711/711
f 703/703/703 704/704/704 713/713/713
f 703/703/703 713/713/713 712/712/712
f 704/704/704 705/705/705 714/714/714
f 704/704/704 714/714/714 713/713/713
f 705/705/705 706/706/706 715/715/715
f 705/705/705 715/715/715 714/714/714
f 706/706/706 707/707/707 716/716/716
f 706/706/706 716/716/716 715/715/715
f 708/708/708 709/709/709 718/718/718
f 708/708/708 718/718/718 717/717/717
f 709/709/709 710/710/710 719/719/719
f 709/709/709 719/719/719 718/718/718
f 710/710/710 711/711/711 720/720/720
f 710/710/710 720/720/720 719/719/719
f 711/711/711 712/712/712 721/721/721
f 711/711/711 721/721/721 720/720/720
f 712/712/712 713/713/713 722/722/722
f 712/712/712 722/722/722 721/721/721
f 713/713/713 714/714/714 723/723/723
f 713/713/713 723/723/723 722/722/722
f 714/714/714 715/715/715 724/724/724
f 714/714/714 724/724/724 723/723/723
f 715/715/715 716/716/716 725/725/725
f 715/715/715 725/725/725 724/724/724
f 717/717/717 718/718/718 727/727/727
f 717/717/717 727/727/727 726/726/726
f 718/718/718 719/719/719 728/728/728
f 718/718/718 728/728/728 727/727/727
f 719/719/719 720/720/720 729/729/729
f 719/719/719 729/729/729 728/728/728
f 720/720/720 721/721/721 730/730/730
f 720/720/720 730/730/730 729/729/729
f 721/721/721 722/722/722 731/731/731
f 721/721/721 731/731/731 730/730/730
f 722/722/722 723/723/723 732/732/732
f 722/722/722 732/732/732 731/731/731
f 723/723/723 724/724/724 733/733/733
f 723/723/723 733/733/733 732/732/732
f 724/724/724 725/725/725 734/734/734
f 724/724/724 734/734/734 733/733/733
f 726/726/726 727/727/727 736/736/736
f 726/726/726 736/736/736 735/735/735
f 727/727/727 728/728/728 737/737/737
f 727/727/727 737/737/737 736/736/736
f 728/728/728 729/729/729 738/738/738
f 728/728/728 738/738/738 737/737/737
f 729/729/729 730/730/730 739/739/739
f 729/729/729 739/739/739 738/738/738
f 730/730/730 731/731/731 740/740/740
f 730/730/730 740/740/740 739/739/739
f 731/731/731 732/732/732 741/741/741
f 731/731/731 741/741/741 740/740/740
f 732/732/732 733/733/733 742/742/742
f 732/732/732 742/742/742 741/741/741
f 733/733/733 734/734/734 743/743/743
f 733/733/733 743/743/743 742/742/742
f 744/744/744 745/745/745 754/754/754
f 744/744/744 754/754/754 753/753/753
f 745/745/745 746/746/746 755/755/755
f 745/745/745 755/755/755 754/754/754
f 746/746/746 747/747/747 756/756/756
f 746/746/746 756/756/756 755/755/755
f 747/747/747 748/748/748 757/757/757
f 747/747/747 757/757/757 756/756/756
f 748/748/748 749/749/749 758/758/758
f 748/748/748 758/758/758 757/757/757
f 749/749/749 750/750/750 759/759/759
f 749/749/749 759/759/759 758/758/758
f 750/750/750 751/751/751 760/760/760
f 750/750/750 760/760/760 759/759/759
f 751/751/751 752/752/752 761/761/761
f 751/751/751 761/761/761 760/760/760
f 753/753/753 754/754/754 763/763/763
f 753/753/753 763/763/763 762/762/762
f 754/754/754 755/755/755 764/764/764
f 754/754/754 764/764/764 763/763/763
f 755/755/755 756/756/756 765/765/765
f 755/755/755 765/765/765 764/764/764
f 756/756/756 757/757/757 766/766/766
f 756/756/756 766/766/766 765/765/765
f 757/757/757 758/758/758 767/767/767
f 757/757/757 767/767/767 766/766/766
f 758/758/758 759/759/759 768/768/768
f 758/758/758 768/768/768 767/767/767
f 759/759/759 760/760/760 769/769/769
f 759/759/759 769/769/769 768/768/768
f 760/760/760 761/761/761 770/770/770
f 760/760/760 770/770/770 769/769/769
f 762/762/762 763/763/763 772/772/772
f 762/762/762 772/772/772 771/771/771
f 763/763/763 764/764/764 773/773/773
f 763/763/763 773/773/773 772/772/772
f 764/764/764 765/765/765 774/774/774
f 764/764/764 774/774/774 773/773/773
f 765/765/765 766/766/766 775/775/775
f 765/765/765 775/775/775 774/774/774
f 766/766/766 767/767/767 776/776/776
f 766/766/766 776/776/776 775/775/775
f 767/767/767 768/768/768 777/777/777
f 767/767/767 777/777/777 776/776/776
f 768/768/768 769/769/769 778/778/778
f 768/768/768 778/778/778 777/777/777
f 769/769/769 770/770/770 779/779/779
f 769/769/769 779/779/779 778/778/778
f 771/771/771 772/772/772 781/781/781
f 771/771/771 781/781/781 780/780/780
f 772/772/772 773/773/773 782/782/782
f 772/772/772 782/782/782 781/781/781
f 773/773/773 774/774/774 783/783/783
f 773/773/773 783/783/783 782/782/782
f 774/774/774 775/775/775 784/784/784
f 774/774/774 784/784/784 783/783/783
f 775/775/775 776/776/776 785/785/785
f 775/775/775 785/785/785 784/784/784
f 776/776/776 777/777/777 786/786/786
f 776/776/776 786/786/786 785/785/785
f 777/777/777 778/778/778 787/787/787
f 777/777/777 787/787/787 786/786/786
f 778/778/778 779/779/779 788/788/788
f 778/778/778 788/788/788 787/787/787
f 789/789/789 790/790/790 799/799/799
f 789/789/789 799/799/799 798/798/798
f 790/790/790 791/791/791 800/800/800
f 790/790/790 800/800/800 799/799/799
f 791/791/791 792/792/792 801/801/801
f 791/791/791 801/801/801 800/800/800
f 792/792/792 793/793/793 802/802/802
f 792/792/792 802/802/802 801/801/801
f 793/793/793 794/794/794 803/803/803
f 793/793/793 803/803/803 802/802/802
f 794/794/794 795/795/795 804/804/804
f 794/794/794 804/804/804 803/803/803
f 795/795/795 796/796/796 805/805/805
f 795/795/795 805/805/805 804/804/804
f 796/796/796 797/797/797 806/806/806
f 796/796/796 806/806/806 805/805/805
f 798/798/798 799/799/799 808/808/808
f 798/798/798 808/808/808 807/807/807
f 799/799/799 800/800/800 809/809/809
f 799/799/799 809/809/809 808/808/808
f 800/800/800 801/801/801 810/810/810
f 800/800/800 810/810/810 809/809/809
f 801/801/801 802/802/802 811/811/811
f 801/801/801 811/811/811 810/810/810
f 802/802/802 803/803/803 812/812/812
f 802/802/802 812/812/812 811/811/811
f 803/803/803 804/804/804 813/813/813
f 803/803/803 813/813/813 812/812/812
f 804/804/804 805/805/805 814/814/814
f 804/804/804 814/814/814 813/813/813
f 805/805/805 806/806/806 815/815/815
f 805/805/805 815/815/815 814/814/814
f 807/807/807 808/808/808 817/817/817
f 807/807/807 817/817/817 816/816/816
f 808/808/808 809/809/809 818/818/818
f 808/808/808 818/818/818 817/817/817
f 809/809/809 810/810/810 819/819/819
f 809/809/809 819/819/819 818/818/818
f 810/810/810 811/811/811 820/820/820
f 810/810/810 820/820/820 819/819/819
f 811/811/811 812/812/812 821/821/821
f 811/811/811 821/821/821 820/820/820
f 812/812/812 813/813/813 822/822/822
f 812/812/812 822/822/822 821/821/821
f 813/813/813 814/814/814 823/823/823
f 813/813/813 823/823/823 822/822/822
f 814/814/814 815/815/815 824/824/824
f 814/814/814 824/824/824 823/823/823
f 816/816/816 817/817/817 826/826/826
f 816/816/816 826/826/826 825/825/825
f 817/817/817 818/818/818 827/827/827
f 817/817/817 827/827/827 826/826/826
f 818/818/818 819/819/819 828/828/828
f 818/818/818 828/828/828 827/827/827
f 819/819/819 820/820/820 829/829/829
f 819/819/819 829/829/829 828/828/828
f 820/820/820 821/821/821 830/830/830
f 820/820/820 830/830/830 829/829/829
f 821/821/821 822/822/822 831/831/831
f 821/821/821 831/831/831 830/830/830
f 822/822/822 823/823/823 832/832/832
f 822/822/822 832/832/832 831/831/831
f 823/823/823 824/824/824 833/833/833
f 823/823/823 833/833/833 832/832/832
f 834/834/834 835/835/835 842/842/842
f 834/834/834 842/842/842 841/841/841
f 835/835/835 836/836/836 843/843/843
f 835/835/835 843/843/843 842/842/842
f 836/836/836 837/837/837 844/844/844
f 836/836/836 844/844/844 843/843/843
f 837/837/837 838/838/838 845/845/845
f 837/837/837 845/845/845 844/844/844
f 838/838/838 839/839/839 846/846/846
f 838/838/838 846/846/846 845/845/845
f 839/839/839 840/840/840 847/847/847
f 839/839/839 847/847/847 846/846/846
f 841/841/841 842/842/842 849/849/849
f 841/841/841 849/849/849 848/848/848
f 842/842/842 843/843/843 850/850/850
f 842/842/842 850/850/850 849/849/849
f 843/843/843 844/844/844 851/851/851
f 843/843/843 851/851/851 850/850/850
f 844/844/844 845/845/845 852/852/852
f 844/844/844 852/852/852 851/851/851
f 845/845/845 846/846/846 853/853/853
f 845/845/845 853/853/853 852/852/852
f 846/846/846 847/847/847 854/854/854
f 846/846/846 854/854/854 853/853/853
f 848/848/848 849/849/849 856/856/856
f 848/848/848 856/856/856 855/855/855
f 849/849/849 850/850/850 857/857/857
f 849/849/849 857/857/857 856/856/856
f 850/850/850 851/851/851 858/858/858
f 850/850/850 858/858/858 857/857/857
f 851/851/851 852/852/852 859/859/859
f 851/851/851 859/859/859 858/858/858
f 852/852/852 853/853/853 860/860/860
f 852/852/852 860/860/860 859/859/859
f 853/853/853 854/854/854 861/861/861
f 853/853/853 861/861/861 860/860/860
f 855/855/855 856/856/856 863/863/863
f 855/855/855 863/863/863 862/862/862
f 856/856/856 857/857/857 864/864/864
f 856/856/856 864/864/864 863/863/863
f 857/857/857 858/858/858 865/865/865
f 857/857/857 865/865/865 864/864/864
f 858/858/858 859/859/859 866/866/866
f 858/858/858 866/866/866 865/865/865
f 859/859/859 860/860/860 867/867/867
f 859/859/859 867/867/867 866/866/866
f 860/860/860 861/861/861 868/868/868
f 860/860/860 868/868/868 867/867/867
f 869/869/869 870/870/870 879/879/879
f 869/869/869 879/879/879 878/878/878
f 870/870/870 871/871/871 880/880/880
f 870/870/870 880/880/880 879/879/879
f 871/871/871 872/872/872 881/881/881
f 871/871/871 881/881/881 880/880/880
f 872/872/872 873/873/873 882/882/882
f 872/872/872 882/882/882 881/881/881
f 873/873/873 874/874/874 883/883/883
f 873/873/873 883/883/883 882/882/882
f 874/874/874 875/875/875 884/884/884
f 874/874/874 884/884/884 883/883/883
f 875/875/875 876/876/876 885/885/885
f 875/875/875 885/885/885 884/884/884
f 876/876/876 877/877/877 886/886/886
f 876/876/876 886/886/886 885/885/885
f 878/878/878 879/879/879 888/888/888
f 878/878/878 888/888/888 887/887/887
f 879/879/879 880/880/880 889/889/889
f 879/879/879 889/889/889 888/888/888
f 880/880/880 881/881/881 890/890/890
f 880/880/880 890/890/890 889/889/889
f 881/881/881 882/882/882 891/891/891
f 881/881/881 891/891/891 890/890/890
f 882/882/882 883/883/883 892/892/892
f 882/882/882 892/892/892 891/891/891
f 883/883/883 884/884/884 893/893/893
f 883/883/883 893/893/893 892/892/892
f 884/884/884 885/885/885 894/894/894
f 884/884/884 894/894/894 893/893/893
f 885/885/885 886/886/886 895/895/895
f 885/885/885 895/895/895 894/894/894
f 887/887/887 888/888/888 897/897/897
f 887/887/887 897/897/897 896/896/896
f 888/888/888 889/889/889 898/898/898
f 888/888/888 898/898/898 897/897/897
f 889/889/889 890/890/890 899/899/899
f 889/889/889 899/899/899 898/898/898
f 890/890/890 891/891/891 900/900/900
f 890/890/890 900/900/900 899/899/899
f 891/891/891 892/892/892 901/901/901
f 891/891/891 901/901/901 900/900/900
f 892/892/892 893/893/893 902/902/902
f 892/892/892 902/902/902 901/901/901
f 893/893/893 894/894/894 903/903/903
f 893/893/893 903/903/903 902/902/902
f 894/894/894 895/895/895 904/904/904
f 894/894/894 904/904/904 903/903/903
f 896/896/896 897/897/897 906/906/906
f 896/896/896 906/906/906 905/905/905
f 897/897/897 898/898/898 907/907/907
f 897/897/897 907/907/907 906/906/906
f 898/898/898 899/899/899 908/908/908
f 898/898/898 908/908/908 907/907/907
f 899/899/899 900/900/900 909/909/909
f 899/899/899 909/909/909 908/908/908
f 900/900/900 901/901/901 910/910/910
f 900/900/900 910/910/910 909/909/909
f 901/901/901 902/902/902 911/911/911
f 901/901/901 911/911/911 910/910/910
f 902/902/902 903/903/903 912/912/912
f 902/902/902 912/912/912 911/911/911
f 903/903/903 904/904/904 913/913/913
f 903/903/903 913/913/913 912/912/912
f 914/914/914 915/915/915 924/924/924
f 914/914/914 924/924/924 923/923/923
f 915/915/915 916/916/916 925/925/925
f 915/915/915 925/925/925 924/924/924
f 916/916/916 917/917/917 926/926/926
f 916/916/916 926/926/926 925/925/925
f 917/917/917 918/918/918 927/927/927
f 917/917/917 927/927/927 926/926/926
f 918/918/918 919/919/919 928/928/928
f 918/918/918 928/928/928 927/927/927
f 919/919/919 920/920/920 929/929/929
f 919/919/919 929/929/929 928/928/928
f 920/920/920 921/921/921 930/930/930
f 920/920/920 930/930/930 929/929/929
f 921/921/921 922/922/922 931/931/931
f 921/921/921 931/931/931 930/930/930
f 923/923/923 924/924/924 933/933/933
f 923/923/923 933/933/933 932/932/932
f 924/924/924 925/925/925 934/934/934
f 924/924/924 934/934/934 933/933/933
f 925/925/925 926/926/926 935/935/935
f 925/925/925 935/935/935 934/934/934
f 926/926/926 927/927/927 936/936/936
f 926/926/926 936/936/936 935/935/935
f 927/927/927 928/928/928 937/937/937
f 927/927/927 937/937/937 936/936/936
f 928/928/928 929/929/929 938/938/938
f 928/928/928 938/938/938 937/937/937
f 929/929/929 930/930/930 939/939/939
f 929/929/929 939/939/939 938/938/938
f 930/930/930 931/931/931 940/940/940
f 930/930/930 940/940/940 939/939/939
f 932/932/932 933/933/933 942/942/942
f 932/932/932 942/942/942 941/941/941
f 933/933/933 934/934/934 943/943/943
f 933/933/933 943/943/943 942/942/942
f 934/934/934 935/935/935 944/944/944
f 934/934/934 944/944/944 943/943/943
f 935/935/935 936/936/936 945/945/945
f 935/935/935 945/945/945 944/944/944
f 936/936/936 937/937/937 946/946/946
f 936/936/936 946/946/946 945/945/945
f 937/937/937 938/938/938 947/947/947
f 937/937/937 947/947/947 946/946/946
f 938/938/938 939/939/939 948/948/948
f 938/938/938 948/948/948 947/947/947
f 939/939/939 940/940/940 949/949/949
f 939/939/939 949/949/949 948/948/948
f 941/941/941 942/942/942 951/951/951
f 941/941/941 951/951/951 950/950/950
f 942/942/942 943/943/943 952/952/952
f 942/942/942 952/952/952 951/951/951
f 943/943/943 944/944/944 953/953/953
f 943/943/943 953/953/953 952/952/952
f 944/944/944 945/945/945 954/954/954
f 944/944/944 954/954/954 953/953/953
f 945/945/945 946/946/946 955/955/955
f 945/945/945 955/955/955 954/954/954
f 946/946/946 947/947/947 956/956/956
f 946/946/946 956/956/956 955/955/955
f 947/947/947 948/948/948 957/957/957
f 947/947/947 957/957/957 956/956/956
f 948/948/948 949/949/949 958/958/958
f 948/948/948 958/958/958 957/957/957
f 959/959/959 960/960/960 969/969/969
f 959/959/959 969/969/969 968/968/968
f 960/960/960 961/961/961 970/970/970
f 960/960/960 970/970/970 969/969/969
f 961/961/961 962/962/962 971/971/971
f 961/961/961 971/971/971 970/970/970
f 962/962/962 963/963/963 972/972/972
f 962/962/962 972/972/972 971/971/971
f 963/963/963 964/964/964 973/973/973
f 963/963/963 973/973/973 972/972/972
f 964/964/964 965/965/965 974/974/974
f 964/964/964 974/974/974 973/973/973
f 965/965/965 966/966/966 975/975/975
f 965/965/965 975/975/975 974/974/974
f 966/966/966 967/967/967 976/976/976
f 966/966/966 976/976/976 975/975/975
f 968/968/968 969/969/969 978/978/978
f 968/968/968 978/978/978 977/977/977
f 969/969/969 970/970/970 979/979/979
f 969/969/969 979/979/979 978/978/978
f 970/970/970 971/971/971 980/980/980
f 970/970/970 980/980/980 979/979/979
f 971/971/971 972/972/972 981/981/981
f 971/971/971 981/981/981 980/980/980
f 972/972/972 973/973/973 982/982/982
f 972/972/972 982/982/982 981/981/981
f 973/973/973 974/974/974 983/983/983
f 973/973/973 983/983/983 982/982/982
f 974/974/974 975/975/975 984/984/984
f 974/974/974 984/984/984 983/983/983
f 975/975/975 976/976/976 985/985/985
f 975/975/975 985/985/985 984/984/984
f 977/977/977 978/978/978 987/987/987
f 977/977/977 987/987/987 986/986/986
f 978/978/978 979/979/979 988/988/988
f 978/978/978 988/988/988 987/987/987
f 979/979/979 980/980/980 989/989/989
f 979/979/979 989/989/989 988/988/988
f 980/980/980 981/981/981 990/990/990
f 980/980/980 990/990/990 989/989/989
f 981/981/981 982/982/982 991/991/991
f 981/981/981 991/991/991 990/990/990
f 982/982/982 983/983/983 992/992/992
f 982/982/982 992/992/992 991/991/991
f 983/983/983 984/984/984 993/993/993
f 983/983/983 993/993/993 992/992/992
f 984/984/984 985/985/985 994/994/994
f 984/984/984 994/994/994 993/993/993
f 986/986/986 987/987/987 996/996/996
f 986/986/986 996/996/996 995/995/995
f 987/987/987 988/988/988 997/997/997
f 987/987/987 997/997/997 996/996/996
f 988/988/988 989/989/989 998/998/998
f 988/988/988 998/998/998 997/997/997
f 989/989/989 990/990/990 999/999/999
f 989/989/989 999/999/999 998/998/998
f 990/990/990 991/991/991 1000/1000/1000
f 990/990/990 1000/1000/1000 999/999/999
f 991/991/991 992/992/992 1001/1001/1001
f 991/991/991 1001/1001/1001 1000/1000/1000
f 992/992/992 993/993/993 1002/1002/1002
f 992/992/992 1002/1002/1002 1001/1001/1001
f 993/993/993 994/994/994 1003/1003/1003
f 993/993/993 1003/1003/1003 1002/1002/1002
f 1004/1004/1004 1005/1005/1005 1014/1014/1014
f 1004/1004/1004 1014/1014/1014 1013/1013/1013
f 1005/1005/1005 1006/1006/1006 1015/1015/1015
f 1005/1005/1005 1015/1015/1015 1014/1014/1014
f 1006/1006/1006 1007/1007/1007 1016/1016/1016
f 1006/1006/1006 1016/1016/1016 1015/1015/1015
f 1007/1007/1007 1008/1008/1008 1017/1017/1017
f 1007/1007/1007 1017/1017/1017 1016/1016/1016
f 1008/1008/1008 1009/1009/1009 1018/1018/1018
f 1008/1008/1008 1018/1018/1018 1017/1017/1017
f 1009/1009/1009 1010/1010/1010 1019/1019/1019
f 1009/1009/1009 1019/1019/1019 1018/1018/1018
f 1010/1010/1010 1011/1011/1011 1020/1020/1020
f 1010/1010/1010 1020/1020/1020 1019/1019/1019
f 1011/1011/1011 1012/1012/1012 1021/1021/1021
f 1011/1011/1011 1021/1021/1021 1020/1020/1020
f 1013/1013/1013 1014/1014/1014 1023/1023/1023
f 1013/1013/1013 1023/1023/1023 1022/1022/1022
f 1014/1014/1014 1015/1015/1015 1024/1024/1024
f 1014/1014/1014 1024/1024/1024 1023/1023/1023
f 1015/1015/1015 1016/1016/1016 1025/1025/1025
f 1015/1015/1015 1025/1025/1025 1024/1024/1024
f 1016/1016/1016 1017/1017/1017 1026/1026/1026
f 1016/1016/1016 1026/1026/1026 1025/1025/1025
f 1017/1017/1017 1018/1018/1018 1027/1027/1027
f 1017/1017/1017 1027/1027/1027 1026/1026/1026
f 1018/1018/1018 1019/1019/1019 1028/1028/1028
f 1018/1018/1018 1028/1028/1028 1027/1027/1027
f 1019/1019/1019 1020/1020/1020 1029/1029/1029
f 1019/1019/1019 1029/1029/1029 1028/1028/1028
f 1020/1020/1020 1021/1021/1021 1030/1030/1030
f 1020/1020/1020 1030/1030/1030 1029/1029/1029
f 1022/1022/1022 1023/1023/1023 1032/1032/1032
f 1022/1022/1022 1032/1032/1032 1031/1031/1031
f 1023/1023/1023 1024/1024/1024 1033/1033/1033
f 1023/1023/1023 1033/1033/1033 1032/1032/1032
f 1024/1024/1024 1025/1025/1025 1034/1034/1034
f 1024/1024/1024 1034/1034/1034 1033/1033/1033
f 1025/1025/1025 1026/1026/1026 1035/1035/1035
f 1025/1025/1025 1035/1035/1035 1034/1034/1034
f 1026/1026/1026 1027/1027/1027 1036/1036/1036
f 1026/1026/1026 1036/1036/1036 1035/1035/1035
f 1027/1027/1027 1028/1028/1028 1037/1037/1037
f 1027/1027/1027 1037/1037/1037 1036/1036/1036
f 1028/1028/1028 1029/1029/1029 1038/1038/1038
f 1028/1028/1028 1038/1038/1038 1037/1037/1037
f 1029/1029/1029 1030/1030/1030 1039/1039/1039
f 1029/1029/1029 1039/1039/1039 1038/1038/1038
f 1031/1031/1031 1032/1032/1032 1041/1041/1041
f 1031/1031/1031 1041/1041/1041 1040/1040/1040
f 1032/1032/1032 1033/1033/1033 1042/1042/1042
f 1032/1032/1032 1042/1042/1042 1041/1041/1041
f 1033/1033/1033 1034/1034/1034 1043/1043/1043
f 1033/1033/1033 1043/1043/1043 1042/1042/1042
f 1034/1034/1034 1035/1035/1035 1044/1044/1044
f 1034/1034/1034 1044/1044/1044 1043/1043/1043
f 1035/1035/1035 1036/1036/1036 1045/1045/1045
f 1035/1035/1035 1045/1045/1045 1044/1044/1044
f 1036/1036/1036 1037/1037/1037 1046/1046/1046
f 1036/1036/1036 1046/1046/1046 1045/1045/1045
f 1037/1037/1037 1038/1038/1038 1047/1047/1047
f 1037/1037/1037 1047/1047/1047 1046/1046/1046
f 1038/1038/1038 1039/1039/1039 1048/1048/1048
f 1038/1038/1038 1048/1048/1048 1047/1047/1047
f 1049/1049/1049 1050/1050/1050 1059/1059/1059
f 1049/1049/1049 1059/1059/1059 1058/1058/1058
f 1050/1050/1050 1051/1051/1051 1060/1060/1060
f 1050/1050/1050 1060/1060/1060 1059/1059/1059
f 1051/1051/1051 1052/1052/1052 1061/1061/1061
f 1051/1051/1051 1061/1061/1061 1060/1060/1060
f 1052/1052/1052 1053/1053/1053 1062/1062/1062
f 1052/1052/1052 1062/1062/1062 1061/1061/1061
f 1053/1053/1053 1054/1054/1054 1063/1063/1063
f 1053/1053/1053 1063/1063/1063 1062/1062/1062
f 1054/1054/1054 1055/1055/1055 1064/1064/1064
f 1054/1054/1054 1064/1064/1064 1063/1063/1063
f 1055/1055/1055 1056/1056/1056 1065/1065/1065
f 1055/1055/1055 1065/1065/1065 1064/1064/1064
f 1056/1056/1056 1057/1057/1057 1066/1066/1066
f 1056/1056/1056 1066/1066/1066 1065/1065/1065
f 1058/1058/1058 1059/1059/1059 1068/1068/1068
f 1058/1058/1058 1068/1068/1068 1067/1067/1067
f 1059/1059/1059 1060/1060/1060 1069/1069/1069
f 1059/1059/1059 1069/1069/1069 1068/1068/1068
f 1060/1060/1060 1061/1061/1061 1070/1070/1070
f 1060/1060/1060 1070/1070/1070 1069/1069/1069
f 1061/1061/1061 1062/1062/1062 1071/1071/1071
f 1061/1061/1061 1071/1071/1071 1070/1070/1070
f 1062/1062/1062 1063/1063/1063 1072/1072/1072
f 1062/1062/1062 1072/1072/1072 1071/1071/1071
f 1063/1063/1063 1064/1064/1064 1073/1073/1073
f 1063/1063/1063 1073/1073/1073 1072/1072/1072
f 1064/1064/1064 1065/1065/1065 1074/1074/1074
f 1064/1064/1064 1074/1074/1074 1073/1073/1073
f 1065/1065/1065 1066/1066/1066 1075/1075/1075
f 1065/1065/1065 1075/1075/1075 1074/1074/1074
f 1067/1067/1067 1068/1068/1068 1077/1077/1077
f 1067/1067/1067 1077/1077/1077 1076/1076/1076
f 1068/1068/1068 1069/1069/1069 1078/1078/1078
f 1068/1068/1068 1078/1078/1078 1077/1077/1077
f 1069/1069/1069 1070/1070/1070 1079/1079/1079
f 1069/1069/1069 1079/1079/1079 1078/1078/1078
f 1070/1070/1070 1071/1071/1071 1080/1080/1080
f 1070/1070/1070 1080/1080/1080 1079/1079/1079
f 1071/1071/1071 1072/1072/1072 1081/1081/1081
f 1071/1071/1071 1081/1081/1081 1080/1080/1080
f 1072/1072/1072 1073/1073/1073 1082/1082/1082
f 1072/1072/1072 1082/1082/1082 1081/1081/1081
f 1073/1073/1073 1074/1074/1074 1083/1083/1083
f 1073/1073/1073 1083/1083/1083 1082/1082/1082
f 1074/1074/1074 1075/1075/1075 1084/1084/1084
f 1074/1074/1074 1084/1084/1084 1083/1083/1083
f 1076/1076/1076 1077/1077/1077 1086/1086/1086
f 1076/1076/1076 1086/1086/1086 1085/1085/1085
f 1077/1077/1077 1078/1078/1078 1087/1087/1087
f 1077/1077/1077 1087/1087/1087 1086/1086/1086
f 1078/1078/1078 1079/1079/1079 1088/1088/1088
f 1078/1078/1078 1088/1088/1088 1087/1087/1087
f 1079/1079/1079 1080/1080/1080 1089/1089/1089
f 1079/1079/1079 1089/1089/1089 1088/1088/1088
f 1080/1080/1080 1081/1081/1081 1090/1090/1090
f 1080/1080/1080 1090/1090/1090 1089/1089/1089
f 1081/1081/1081 1082/1082/1082 1091/1091/1091
f 1081/1081/1081 1091/1091/1091 1090/1090/1090
f 1082/1082/1082 1083/1083/1083 1092/1092/1092
f 1082/1082/1082 1092/1092/1092 1091/1091/1091
f 1083/1083/1083 1084/1084/1084 1093/1093/1093
f 1083/1083/1083 1093/1093/1093 1092/1092/1092
f 1094/1094/1094 1095/1095/1095 1102/1102/1102
f 1094/1094/1094 1102/1102/1102 1101/1101/1101
f 1095/1095/1095 1096/1096/1096 1103/1103/1103
f 1095/1095/1095 1103/1103/1103 1102/1102/1102
f 1096/1096/1096 1097/1097/1097 1104/1104/1104
f 1096/1096/1096 1104/1104/1104 1103/1103/1103
f 1097/1097/1097 1098/1098/1098 1105/1105/1105
f 1097/1097/1097 1105/1105/1105 1104/1104/1104
f 1098/1098/1098 1099/1099/1099 1106/1106/1106
f 1098/1098/1098 1106/1106/1106 1105/1105/1105
f 1099/1099/1099 1100/1100/1100 1107/1107/1107
f 1099/1099/1099 1107/1107/1107 1106/1106/1106
f 1101/1101/1101 1102/1102/1102 1109/1109/1109
f 1101/1101/1101 1109/1109/1109 1108/1108/1108
f 1102/1102/1102 1103/1103/1103 1110/1110/1110
f 1102/1102/1102 1110/1110/1110 1109/1109/1109
f 1103/1103/1103 1104/1104/1104 1111/1111/1111
f 1103/1103/1103 1111/1111/1111 1110/1110/1110
f 1104/1104/1104 1105/1105/1105 1112/1112/1112
f 1104/1104/1104 1112/1112/1112 1111/1111/1111
f 1105/1105/1105 1106/1106/1106 1113/1113/1113
f 1105/1105/1105 1113/1113/1113 1112/1112/1112
f 1106/1106/1106 1107/1107/1107 1114/1114/1114
f 1106/1106/1106 1114/1114/1114 1113/1113/1113
f 1108/1108/1108 1109/1109/1109 1116/1116/1116
f 1108/1108/1108 1116/1116/1116 1115/1115/1115
f 1109/1109/1109 1110/1110/1110 1117/1117/1117
f 1109/1109/1109 1117/1117/1117 1116/1116/1116
f 1110/1110/1110 1111/1111/1111 1118/1118/1118
f 1110/1110/1110 1118/1118/1118 1117/1117/1117
f 1111/1111/1111 1112/1112/1112 1119/1119/1119
f 1111/1111/1111 1119/1119/1119 1118/1118/1118
f 1112/1112/1112 1113/1113/1113 1120/1120/1120
f 1112/1112/1112 1120/1120/1120 1119/1119/1119
f 1113/1113/1113 1114/1114/1114 1121/1121/1121
f 1113/1113/1113 1121/1121/1121 1120/1120/1120
f 1115/1115/1115 1116/1116/1116 1123/1123/1123
f 1115/1115/1115 1123/1123/1123 1122/1122/1122
f 1116/1116/1116 1117/1117/1117 1124/1124/1124
f 1116/1116/1116 1124/1124/1124 1123/1123/1123
f 1117/1117/1117 1118/1118/1118 1125/1125/1125
f 1117/1117/1117 1125/1125/1125 1124/1124/1124
f 1118/1118/1118 1119/1119/1119 1126/1126/1126
f 1118/1118/1118 1126/1126/1126 1125/1125/1125
f 1119/1119/1119 1120/1120/1120 1127/1127/1127
f 1119/1119/1119 1127/1127/1127 1126/1126/1126
f 1120/1120/1120 1121/1121/1121 1128/1128/1128
f 1120/1120/1120 1128/1128/1128 1127/1127/1127
f 1129/1129/1129 1130/1130/1130 1139/1139/1139
f 1129/1129/1129 1139/1139/1139 1138/1138/1138
f 1130/1130/1130 1131/1131/1131 1140/1140/1140
f 1130/1130/1130 1140/1140/1140 1139/1139/1139
f 1131/1131/1131 1132/1132/1132 1141/1141/1141
f 1131/1131/1131 1141/1141/1141 1140/1140/1140
f 1132/1132/1132 1133/1133/1133 1142/1142/1142
f 1132/1132/1132 1142/1142/1142 1141/1141/1141
f 1133/1133/1133 1134/1134/1134 1143/1143/1143
f 1133/1133/1133 1143/1143/1143 1142/1142/1142
f 1134/1134/1134 1135/1135/1135 1144/1144/1144
f 1134/1134/1134 1144/1144/1144 1143/1143/1143
f 1135/1135/1135 1136/1136/1136 1145/1145/1145
f 1135/1135/1135 1145/1145/1145 1144/1144/1144
f 1136/1136/1136 1137/1137/1137 1146/1146/1146
f 1136/1136/1136 1146/1146/1146 1145/1145/1145
f 1138/1138/1138 1139/1139/1139 1148/1148/1148
f 1138/1138/1138 1148/1148/1148 1147/1147/1147
f 1139/1139/1139 1140/1140/1140 1149/1149/1149
f 1139/1139/1139 1149/1149/1149 1148/1148/1148
f 1140/1140/1140 1141/1141/1141 1150/1150/1150
f 1140/1140/1140 1150/1150/1150 1149/1149/1149
f 1141/1141/1141 1142/1142/1142 1151/1151/1151
f 1141/1141/1141 1151/1151/1151 1150/1150/1150
f 1142/1142/1142 1143/1143/1143 1152/1152/1152
f 1142/1142/1142 1152/1152/1152 1151/1151/1151
f 1143/1143/1143 1144/1144/1144 1153/1153/1153
f 1143/1143/1143 1153/1153/1153 1152/1152/1152
f 1144/1144/1144 1145/1145/1145 1154/1154/1154
f 1144/1144/1144 1154/1154/1154 1153/1153/1153
f 1145/1145/1145 1146/1146/1146 1155/1155/1155
f 1145/1145/1145 1155/1155/1155 1154/1154/1154
f 1147/1147/1147 1148/1148/1148 1157/1157/1157
f 1147/1147/1147 1157/1157/1157 1156/1156/1156
f 1148/1148/1148 1149/1149/1149 1158/1158/1158
f 1148/1148/1148 1158/1158/1158 1157/1157/1157
f 1149/1149/1149 1150/1150/1150 1159/1159/1159
f 1149/1149/1149 1159/1159/1159 1158/1158/1158
f 1150/1150/1150 1151/1151/1151 1160/1160/1160
f 1150/1150/1150 1160/1160/1160 1159/1159/1159
f 1151/1151/1151 1152/1152/1152 1161/1161/1161
f 1151/1151/1151 1161/1161/1161 1160/1160/1160
f 1152/1152/1152 1153/1153/1153 1162/1162/1162
f 1152/1152/1152 1162/1162/1162 1161/1161/1161
f 1153/1153/1153 1154/1154/1154 1163/1163/1163
f 1153/1153/1153 1163/1163/1163 1162/1162/1162
f 1154/1154/1154 1155/1155/1155 1164/1164/1164
f 1154/1154/1154 1164/1164/1164 1163/1163/1163
f 1156/1156/1156 1157/1157/1157 1166/1166/1166
f 1156/1156/1156 1166/1166/1166 1165/1165/1165
f 1157/1157/1157 1158/1158/1158 1167/1167/1167
f 1157/1157/1157 1167/1167/1167 1166/1166/1166
f 1158/1158/1158 1159/1159/1159 1168/1168/1168
f 1158/1158/1158 1168/1168/1168 1167/1167/1167
f 1159/1159/1159 1160/1160/1160 1169/1169/1169
f 1159/1159/1159 1169/1169/1169 1168/1168/1168
f 1160/1160/1160 1161/1161/1161 1170/1170/1170
f 1160/1160/1160 1170/1170/1170 1169/1169/1169
f 1161/1161/1161 1162/1162/1162 1171/1171/1171
f 1161/1161/1161 1171/1171/1171 1170/1170/1170
f 1162/1162/1162 1163/1163/1163 1172/1172/1172
f 1162/1162/1162 1172/1172/1172 1171/1171/1171
f 1163/1163/1163 1164/1164/1164 1173/1173/1173
f 1163/1163/1163 1173/1173/1173 1172/1172/1172
f 1174/1174/1174 1175/1175/1175 1184/1184/1184
f 1174/1174/1174 1184/1184/1184 1183/1183/1183
f 1175/1175/1175 1176/1176/1176 1185/1185/1185
f 1175/1175/1175 1185/1185/1185 1184/1184/1184
f 1176/1176/1176 1177/1177/1177 1186/1186/1186
f 1176/1176/1176 1186/1186/1186 1185/1185/1185
f 1177/1177/1177 1178/1178/1178 1187/1187/1187
f 1177/1177/1177 1187/1187/1187 1186/1186/1186
f 1178/1178/1178 1179/1179/1179 1188/1188/1188
f 1178/1178/1178 1188/1188/1188 1187/1187/1187
f 1179/1179/1179 1180/1180/1180 1189/1189/1189
f 1179/1179/1179 1189/1189/1189 1188/1188/1188
f 1180/1180/1180 1181/1181/1181 1190/1190/1190
f 1180/1180/1180 1190/1190/1190 1189/1189/1189
f 1181/1181/1181 1182/1182/1182 1191/1191/1191
f 1181/1181/1181 1191/1191/1191 1190/1190/1190
f 1183/1183/1183 1184/1184/1184 1193/1193/1193
f 1183/1183/1183 1193/1193/1193 1192/1192/1192
f 1184/1184/1184 1185/1185/1185 1194/1194/1194
f 1184/1184/1184 1194/1194/1194 1193/1193/1193
f 1185/1185/1185 1186/1186/1186 1195/1195/1195
f 1185/1185/1185 1195/1195/1195 1194/1194/1194
f 1186/1186/1186 1187/1187/1187 1196/1196/1196
f 1186/1186/1186 1196/1196/1196 1195/1195/1195
f 1187/1187/1187 1188/1188/1188 1197/1197/1197
f 1187/1187/1187 1197/1197/1197 1196/1196/1196
f 1188/1188/1188 1189/1189/1189 1198/1198/1198
f 1188/1188/1188 1198/1198/1198 1197/1197/1197
f 1189/1189/1189 1190/1190/1190 1199/1199/1199
f 1189/1189/1189 1199/1199/1199 1198/1198/1198
f 1190/1190/1190 1191/1191/1191 1200/1200/1200
f 1190/1190/1190 1200/1200/1200 1199/1199/1199
f 1192/1192/1192 1193/1193/1193 1202/1202/1202
f 1192/1192/1192 1202/1202/1202 1201/1201/1201
f 1193/1193/1193 1194/1194/1194 1203/1203/1203
f 1193/1193/1193 1203/1203/1203 1202/1202/1202
f 1194/1194/1194 1195/1195/1195 1204/1204/1204
f 1194/1194/1194 1204/1204/1204 1203/1203/1203
f 1195/1195/1195 1196/1196/1196 1205/1205/1205
f 1195/1195/1195 1205/1205/1205 1204/1204/1204
f 1196/1196/1196 1197/1197/1197 1206/1206/1206
f 1196/1196/1196 1206/1206/1206 1205/1205/1205
f 1197/1197/1197 1198/1198/1198 1207/1207/1207
f 1197/1197/1197 1207/1207/1207 1206/1206/1206
f 1198/1198/1198 1199/1199/1199 1208/1208/1208
f 1198/1198/1198 1208/1208/1208 1207/1207/1207
f 1199/1199/1199 1200/1200/1200 1209/1209/1209
f 1199/1199/1199 1209/1209/1209 1208/1208/1208
f 1201/1201/1201 1202/1202/1202 1211/1211/1211
f 1201/1201/1201 1211/1211/1211 1210/1210/1210
f 1202/1202/1202 1203/1203/1203 1212/1212/1212
f 1202/1202/1202 1212/1212/1212 1211/1211/1211
f 1203/1203/1203 1204/1204/1204 1213/1213/1213
f 1203/1203/1203 1213/1213/1213 1212/1212/1212
f 1204/1204/1204 1205/1205/1205 1214/1214/1214
f 1204/1204/1204 1214/1214/1214 1213/1213/1213
f 1205/1205/1205 1206/1206/1206 1215/1215/1215
f 1205/1205/1205 1215/1215/1215 1214/1214/1214
f 1206/1206/1206 1207/1207/1207 1216/1216/1216
f 1206/1206/1206 1216/1216/1216 1215/1215/1215
f 1207/1207/1207 1208/1208/1208 1217/1217/1217
f 1207/1207/1207 1217/1217/1217 1216/1216/1216
f 1208/1208/1208 1209/1209/1209 1218/1218/1218
f 1208/1208/1208 1218/1218/1218 1217/1217/1217
f 1219/1219/1219 1220/1220/1220 1229/1229/1229
f 1219/1219/1219 1229/1229/1229 1228/1228/1228
f 1220/1220/1220 1221/1221/1221 1230/1230/1230
f 1220/1220/1220 1230/1230/1230 1229/1229/1229
f 1221/1221/1221 1222/1222/1222 1231/1231/1231
f 1221/1221/1221 1231/1231/1231 1230/1230/1230
f 1222/1222/1222 1223/1223/1223 1232/1232/1232
f 1222/1222/1222 1232/1232/1232 1231/1231/1231
f 1223/1223/1223 1224/1224/1224 1233/1233/1233
f 1223/1223/1223 1233/1233/1233 1232/1232/1232
f 1224/1224/1224 1225/1225/1225 1234/1234/1234
f 1224/1224/1224 1234/1234/1234 1233/1233/1233
f 1225/1225/1225 1226/1226/1226 1235/1235/1235
f 1225/1225/1225 1235/1235/1235 1234/1234/1234
f 1226/1226/1226 1227/1227/1227 1236/1236/1236
f 1226/1226/1226 1236/1236/1236 1235/1235/1235
f 1228/1228/1228 1229/1229/1229 1238/1238/1238
f 1228/1228/1228 1238/1238/1238 1237/1237/1237
f 1229/1229/1229 1230/1230/1230 1239/1239/1239
f 1229/1229/1229 1239/1239/1239 1238/1238/1238
f 1230/1230/1230 1231/1231/1231 1240/1240/1240
f 1230/1230/1230 1240/1240/1240 1239/1239/1239
f 1231/1231/1231 1232/1232/1232 1241/1241/1241
f 1231/1231/1231 1241/1241/1241 1240/1240/1240
f 1232/1232/1232 1233/1233/1233 1242/1242/1242
f 1232/1232/1232 1242/1242/1242 1241/1241/1241
f 1233/1233/1233 1234/1234/1234 1243/1243/1243
f 1233/1233/1233 1243/1243/1243 1242/1242/1242
f 1234/1234/1234 1235/1235/1235 1244/1244/1244
f 1234/1234/1234 1244/1244/1244 1243/1243/1243
f 1235/1235/1235 1236/1236/1236 1245/1245/1245
f 1235/1235/1235 1245/1245/1245 1244/1244/1244
f 1237/1237/1237 1238/1238/1238 1247/1247/1247
f 1237/1237/1237 1247/1247/1247 1246/1246/1246
f 1238/1238/1238 1239/1239/1239 1248/1248/1248
f 1238/1238/1238 1248/1248/1248 1247/1247/1247
f 1239/1239/1239 1240/1240/1240 1249/1249/1249
f 1239/1239/1239 1249/1249/1249 1248/1248/1248
f 1240/1240/1240 1241/1241/1241 1250/1250/1250
f 1240/1240/1240 1250/1250/1250 1249/1249/1249
f 1241/1241/1241 1242/1242/1242 1251/1251/1251
f 1241/1241/1241 1251/1251/1251 1250/1250/1250
f 1242/1242/1242 1243/1243/1243 1252/1252/1252
f 1242/1242/1242 1252/1252/1252 1251/1251/1251
f 1243/1243/1243 1244/1244/1244 1253/1253/1253
f 1243/1243/1243 1253/1253/1253 1252/1252/1252
f 1244/1244/1244 1245/1245/1245 1254/1254/1254
f 1244/1244/1244 1254/1254/1254 1253/1253/1253
f 1246/1246/1246 1247/1247/1247 1256/1256/1256
f 1246/1246/1246 1256/1256/1256 1255/1255/1255
f 1247/1247/1247 1248/1248/1248 1257/1257/1257
f 1247/1247/1247 1257/1257/1257 1256/1256/1256
f 1248/1248/1248 1249/1249/1249 1258/1258/1258
f 1248/1248/1248 1258/1258/1258 1257/1257/1257
f 1249/1249/1249 1250/1250/1250 1259/1259/1259
f 1249/1249/1249 1259/1259/1259 1258/1258/1258
f 1250/1250/1250 1251/1251/1251 1260/1260/1260
f 1250/1250/1250 1260/1260/1260 1259/1259/1259
f 1251/1251/1251 1252/1252/1252 1261/1261/1261
f 1251/1251/1251 1261/1261/1261 1260/1260/1260
f 1252/1252/1252 1253/1253/1253 1262/1262/1262
f 1252/1252/1252 1262/1262/1262 1261/1261/1261
f 1253/1253/1253 1254/1254/1254 1263/1263/1263
f 1253/1253/1253 1263/1263/1263 1262/1262/1262
f 1264/1264/1264 1265/1265/1265 1274/1274/1274
f 1264/1264/1264 1274/1274/1274 1273/1273/1273
f 1265/1265/1265 1266/1266/1266 1275/1275/1275
f 1265/1265/1265 1275/1275/1275 1274/1274/1274
f 1266/1266/1266 1267/1267/1267 1276/1276/1276
f 1266/1266/1266 1276/1276/1276 1275/1275/1275
f 1267/1267/1267 1268/1268/1268 1277/1277/1277
f 1267/1267/1267 1277/1277/1277 1276/1276/1276
f 1268/1268/1268 1269/1269/1269 1278/1278/1278
f 1268/1268/1268 1278/1278/1278 1277/1277/1277
f 1269/1269/1269 1270/1270/1270 1279/1279/1279
f 1269/1269/1269 1279/1279/1279 1278/1278/1278
f 1270/1270/1270 1271/1271/1271 1280/1280/1280
f 1270/1270/1270 1280/1280/1280 1279/1279/1279
f 1271/1271/1271 1272/1272/1272 1281/1281/1281
f 1271/1271/1271 1281/1281/1281 1280/1280/1280
f 1273/1273/1273 1274/1274/1274 1283/1283/1283
f 1273/1273/1273 1283/1283/1283 1282/1282/1282
f 1274/1274/1274 1275/1275/1275 1284/1284/1284
f 1274/1274/1274 1284/1284/1284 1283/1283/1283
f 1275/1275/1275 1276/1276/1276 1285/1285/1285
f 1275/1275/1275 1285/1285/1285 1284/1284/1284
f 1276/1276/1276 1277/1277/1277 1286/1286/1286
f 1276/1276/1276 1286/1286/1286 1285/1285/1285
f 1277/1277/1277 1278/1278/1278 1287/1287/1287
f 1277/1277/1277 1287/1287/1287 1286/1286/1286
f 1278/1278/1278 1279/1279/1279 1288/1288/1288
f 1278/1278/1278 1288/1288/1288 1287/1287/1287
f 1279/1279/1279 1280/1280/1280 1289/1289/1289
f 1279/1279/1279 1289/1289/1289 1288/1288/1288
f 1280/1280/1280 1281/1281/1281 1290/1290/1290
f 1280/1280/1280 1290/1290/1290 1289/1289/1289
f 1282/1282/1282 1283/1283/1283 1292/1292/1292
f 1282/1282/1282 1292/1292/1292 1291/1291/1291
f 1283/1283/1283 1284/1284/1284 1293/1293/1293
f 1283/1283/1283 1293/1293/1293 1292/1292/1292
f 1284/1284/1284 1285/1285/1285 1294/1294/1294
f 1284/1284/1284 1294/1294/1294 1293/1293/1293
f 1285/1285/1285 1286/1286/1286 1295/1295/1295
f 1285/1285/1285 1295/1295/1295 1294/1294/1294
f 1286/1286/1286 1287/1287/1287 1296/1296/1296
f 1286/1286/1286 1296/1296/1296 1295/1295/1295
f 1287/1287/1287 1288/1288/1288 1297/1297/1297
f 1287/1287/1287 1297/1297/1297 1296/1296/1296
f 1288/1288/1288 1289/1289/1289 1298/1298/1298
f 1288/1288/1288 1298/1298/1298 1297/1297/1297
f 1289/1289/1289 1290/1290/1290 1299/1299/1299
f 1289/1289/1289 1299/1299/1299 1298/1298/1298
f 1291/1291/1291 1292/1292/1292 1301/1301/1301
f 1291/1291/1291 1301/1301/1301 1300/1300/1300
f 1292/1292/1292 1293/1293/1293 1302/1302/1302
f 1292/1292/1292 1302/1302/1302 1301/1301/1301
f 1293/1293/1293 1294/1294/1294 1303/1303/1303
f 1293/1293/1293 1303/1303/1303 1302/1302/1302
f 1294/1294/1294 1295/1295/1295 1304/1304/1304
f 1294/1294/1294 1304/1304/1304 1303/1303/1303
f 1295/1295/1295 1296/1296/1296 1305/1305/1305
f 1295/1295/1295 1305/1305/1305 1304/1304/1304
f 1296/1296/1296 1297/1297/1297 1306/1306/1306
f 1296/1296/1296 1306/1306/1306 1305/1305/1305
f 1297/1297/1297 1298/1298/1298 1307/1307/1307
f 1297/1297/1297 1307/1307/1307 1306/1306/1306
f 1298/1298/1298 1299/1299/1299 1308/1308/1308
f 1298/1298/1298 1308/1308/1308 1307/1307/1307
f 1309/1309/1309 1310/1310/1310 1319/1319/1319
f 1309/1309/1309 1319/1319/1319 1318/1318/1318
f 1310/1310/1310 1311/1311/1311 1320/1320/1320
f 1310/1310/1310 1320/1320/1320 1319/1319/1319
f 1311/1311/1311 1312/1312/1312 1321/1321/1321
f 1311/1311/1311 1321/1321/1321 1320/1320/1320
f 1312/1312/1312 1313/1313/1313 1322/1322/1322
f 1312/1312/1312 1322/1322/1322 1321/1321/1321
f 1313/1313/1313 1314/1314/1314 1323/1323/1323
f 1313/1313/1313 1323/1323/1323 1322/1322/1322
f 1314/1314/1314 1315/1315/1315 1324/1324/1324
f 1314/1314/1314 1324/1324/1324 1323/1323/1323
f 1315/1315/1315 1316/1316/1316 1325/1325/1325
f 1315/1315/1315 1325/1325/1325 1324/1324/1324
f 1316/1316/1316 1317/1317/1317 1326/1326/1326
f 1316/1316/1316 1326/1326/1326 1325/1325/1325
f 1318/1318/1318 1319/1319/1319 1328/1328/1328
f 1318/1318/1318 1328/1328/1328 1327/1327/1327
f 1319/1319/1319 1320/1320/1320 1329/1329/1329
f 1319/1319/1319 1329/1329/1329 1328/1328/1328
f 1320/1320/1320 1321/1321/1321 1330/1330/1330
f 1320/1320/1320 1330/1330/1330 1329/1329/1329
f 1321/1321/1321 1322/1322/1322 1331/1331/1331
f 1321/1321/1321 1331/1331/1331 1330/1330/1330
f 1322/1322/1322 1323/1323/1323 1332/1332/1332
f 1322/1322/1322 1332/1332/1332 1331/1331/1331
f 1323/1323/1323 1324/1324/1324 1333/1333/1333
f 1323/1323/1323 1333/1333/1333 1332/1332/1332
f 1324/1324/1324 1325/1325/1325 1334/1334/1334
f 1324/1324/1324 1334/1334/1334 1333/1333/1333
f 1325/1325/1325 1326/1326/1326 1335/1335/1335
f 1325/1325/1325 1335/1335/1335 1334/1334/1334
f 1327/1327/1327 1328/1328/1328 1337/1337/1337
f 1327/1327/1327 1337/1337/1337 1336/1336/1336
f 1328/1328/1328 1329/1329/1329 1338/1338/1338
f 1328/1328/1328 1338/1338/1338 1337/1337/1337
f 1329/1329/1329 1330/1330/1330 1339/1339/1339
f 1329/1329/1329 1339/1339/1339 1338/1338/1338
f 1330/1330/1330 1331/1331/1331 1340/1340/1340
f 1330/1330/1330 1340/1340/1340 1339/1339/1339
f 1331/1331/1331 1332/1332/1332 1341/1341/1341
f 1331/1331/1331 1341/1341/1341 1340/1340/1340
f 1332/1332/1332 1333/1333/1333 1342/1342/1342
f 1332/1332/1332 1342/1342/1342 1341/1341/1341
f 1333/1333/1333 1334/1334/1334 1343/1343/1343
f 1333/1333/1333 1343/1343/1343 1342/1342/1342
f 1334/1334/1334 1335/1335/1335 1344/1344/1344
f 1334/1334/1334 1344/1344/1344 1343/1343/1343
f 1336/1336/1336 1337/1337/1337 1346/1346/1346
f 1336/1336/1336 1346/1346/1346 1345/1345/1345
f 1337/1337/1337 1338/1338/1338 1347/1347/1347
f 1337/1337/1337 1347/1347/1347 1346/1346/1346
f 1338/1338/1338 1339/1339/1339 1348/1348/1348
f 1338/1338/1338 1348/1348/1348 1347/1347/1347
f 1339/1339/1339 1340/1340/1340 1349/1349/1349
f 1339/1339/1339 1349/1349/1349 1348/1348/1348
f 1340/1340/1340 1341/1341/1341 1350/1350/1350
f 1340/1340/1340 1350/1350/1350 1349/1349/1349
f 1341/1341/1341 1342/1342/1342 1351/1351/1351
f 1341/1341/1341 1351/1351/1351 1350/1350/1350
f 1342/1342/1342 1343/1343/1343 1352/1352/1352
f 1342/1342/1342 1352/1352/1352 1351/1351/1351
f 1343/1343/1343 1344/1344/1344 1353/1353/1353
f 1343/1343/1343 1353/1353/1353 1352/1352/1352
f 1354/1354/1354 1355/1355/1355 1362/1362/1362
f 1354/1354/1354 1362/1362/1362 1361/1361/1361
f 1355/1355/1355 1356/1356/1356 1363/1363/1363
f 1355/1355/1355 1363/1363/1363 1362/1362/1362
f 1356/1356/1356 1357/1357/1357 1364/1364/1364
f 1356/1356/1356 1364/1364/1364 1363/1363/1363
f 1357/1357/1357 1358/1358/1358 1365/1365/1365
f 1357/1357/1357 1365/1365/1365 1364/1364/1364
f 1358/1358/1358 1359/1359/1359 1366/1366/1366
f 1358/1358/1358 1366/1366/1366 1365/1365/1365
f 1359/1359/1359 1360/1360/1360 1367/1367/1367
f 1359/1359/1359 1367/1367/1367 1366/1366/1366
f 1361/1361/1361 1362/1362/1362 1369/1369/1369
f 1361/1361/1361 1369/1369/1369 1368/1368/1368
f 1362/1362/1362 1363/1363/1363 1370/1370/1370
f 1362/1362/1362 1370/1370/1370 1369/1369/1369
f 1363/1363/1363 1364/1364/1364 1371/1371/1371
f 1363/1363/1363 1371/1371/1371 1370/1370/1370
f 1364/1364/1364 1365/1365/1365 1372/1372/1372
f 1364/1364/1364 1372/1372/1372 1371/1371/1371
f 1365/1365/1365 1366/1366/1366 1373/1373/1373
f 1365/1365/1365 1373/1373/1373 1372/1372/1372
f 1366/1366/1366 1367/1367/1367 1374/1374/1374
f 1366/1366/1366 1374/1374/1374 1373/1373/1373
f 1368/1368/1368 1369/1369/1369 1376/1376/1376
f 1368/1368/1368 1376/1376/1376 1375/1375/1375
f 1369/1369/1369 1370/1370/1370 1377/1377/1377
f 1369/1369/1369 1377/1377/1377 1376/1376/1376
f 1370/1370/1370 1371/1371/1371 1378/1378/1378
f 1370/1370/1370 1378/1378/1378 1377/1377/1377
f 1371/1371/1371 1372/1372/1372 1379/1379/1379
f 1371/1371/1371 1379/1379/1379 1378/1378/1378
f 1372/1372/1372 1373/1373/1373 1380/1380/1380
f 1372/1372/1372 1380/1380/1380 1379/1379/1379
f 1373/1373/1373 1374/1374/1374 1381/1381/1381
f 1373/1373/1373 1381/1381/1381 1380/1380/1380
f 1375/1375/1375 1376/1376/1376 1383/1383/1383
f 1375/1375/1375 1383/1383/1383 1382/1382/1382
f 1376/1376/1376 1377/1377/1377 1384/1384/1384
f 1376/1376/1376 1384/1384/1384 1383/1383/1383
f 1377/1377/1377 1378/1378/1378 1385/1385/1385
f 1377/1377/1377 1385/1385/1385 1384/1384/1384
f 1378/1378/1378 1379/1379/1379 1386/1386/1386
f 1378/1378/1378 1386/1386/1386 1385/1385/1385
f 1379/1379/1379 1380/1380/1380 1387/1387/1387
f 1379/1379/1379 1387/1387/1387 1386/1386/1386
f 1380/1380/1380 1381/1381/1381 1388/1388/1388
f 1380/1380/1380 1388/1388/1388 1387/1387/1387
f 1389/1389/1389 1390/1390/1390 1399/1399/1399
f 1389/1389/1389 1399/1399/1399 1398/1398/1398
f 1390/1390/1390 1391/1391/1391 1400/1400/1400
f 1390/1390/1390 1400/1400/1400 1399/1399/1399
f 1391/1391/1391 1392/1392/1392 1401/1401/1401
f 1391/1391/1391 1401/1401/1401 1400/1400/1400
f 1392/1392/1392 1393/1393/1393 1402/1402/1402
f 1392/1392/1392 1402/1402/1402 1401/1401/1401
f 1393/1393/1393 1394/1394/1394 1403/1403/1403
f 1393/1393/1393 1403/1403/1403 1402/1402/1402
f 1394/1394/1394 1395/1395/1395 1404/1404/1404
f 1394/1394/1394 1404/1404/1404 1403/1403/1403
f 1395/1395/1395 1396/1396/1396 1405/1405/1405
f 1395/1395/1395 1405/1405/1405 1404/1404/1404
f 1396/1396/1396 1397/1397/1397 1406/1406/1406
f 1396/1396/1396 1406/1406/1406 1405/1405/1405
f 1398/1398/1398 1399/1399/1399 1408/1408/1408
f 1398/1398/1398 1408/1408/1408 1407/1407/1407
f 1399/1399/1399 1400/1400/1400 1409/1409/1409
f 1399/1399/1399 1409/1409/1409 1408/1408/1408
f 1400/1400/1400 1401/1401/1401 1410/1410/1410
f 1400/1400/1400 1410/1410/1410 1409/1409/1409
f 1401/1401/1401 1402/1402/1402 1411/1411/1411
f 1401/1401/1401 1411/1411/1411 1410/1410/1410
f 1402/1402/1402 1403/1403/1403 1412/1412/1412
f 1402/1402/1402 1412/1412/1412 1411/1411/1411
f 1403/1403/1403 1404/1404/1404 1413/1413/1413
f 1403/1403/1403 1413/1413/1413 1412/1412/1412
f 1404/1404/1404 1405/1405/1405 1414/1414/1414
f 1404/1404/1404 1414/1414/1414 1413/1413/1413
f 1405/1405/1405 1406/1406/1406 1415/1415/1415
f 1405/1405/1405 1415/1415/1415 1414/1414/1414
f 1407/1407/1407 1408/1408/1408 1417/1417/1417
f 1407/1407/1407 1417/1417/1417 1416/1416/1416
f 1408/1408/1408 1409/1409/1409 1418/1418/1418
f 1408/1408/1408 1418/1418/1418 1417/1417/1417
f 1409/1409/1409 1410/1410/1410 1419/1419/1419
f 1409/1409/1409 1419/1419/1419 1418/1418/1418
f 1410/1410/1410 1411/1411/1411 1420/1420/1420
f 1410/1410/1410 1420/1420/1420 1419/1419/1419
f 1411/1411/1411 1412/1412/1412 1421/1421/1421
f 1411/1411/1411 1421/1421/1421 1420/1420/1420
f 1412/1412/1412 1413/1413/1413 1422/1422/1422
f 1412/1412/1412 1422/1422/1422 1421/1421/1421
f 1413/1413/1413 1414/1414/1414 1423/1423/1423
f 1413/1413/1413 1423/1423/1423 1422/1422/1422
f 1414/1414/1414 1415/1415/1415 1424/1424/1424
f 1414/1414/1414 1424/1424/1424 1423/1423/1423
f 1416/1416/1416 1417/1417/1417 1426/1426/1426
f 1416/1416/1416 1426/1426/1426 1425/1425/1425
f 1417/1417/1417 1418/1418/1418 1427/1427/1427
f 1417/1417/1417 1427/1427/1427 1426/1426/1426
f 1418/1418/1418 1419/1419/1419 1428/1428/1428
f 1418/1418/1418 1428/1428/1428 1427/1427/1427
f 1419/1419/1419 1420/1420/1420 1429/1429/1429
f 1419/1419/1419 1429/1429/1429 1428/1428/1428
f 1420/1420/1420 1421/1421/1421 1430/1430/1430
f 1420/1420/1420 1430/1430/1430 1429/1429/1429
f 1421/1421/1421 1422/1422/1422 1431/1431/1431
f 1421/1421/1421 1431/1431/1431 1430/1430/1430
f 1422/1422/1422 1423/1423/1423 1432/1432/1432
f 1422/1422/1422 1432/1432/1432 1431/1431/1431
f 1423/1423/1423 1424/1424/1424 1433/1433/1433
f 1423/1423/1423 1433/1433/1433 1432/1432/1432
f 1434/1434/1434 1435/1435/1435 1444/1444/1444
f 1434/1434/1434 1444/1444/1444 1443/1443/1443
f 1435/1435/1435 1436/1436/1436 1445/1445/1445
f 1435/1435/1435 1445/1445/1445 1444/1444/1444
f 1436/1436/1436 1437/1437/1437 1446/1446/1446
f 1436/1436/1436 1446/1446/1446 1445/1445/1445
f 1437/1437/1437 1438/1438/1438 1447/1447/1447
f 1437/1437/1437 1447/1447/1447 1446/1446/1446
f 1438/1438/1438 1439/1439/1439 1448/1448/1448
f 1438/1438/1438 1448/1448/1448 1447/1447/1447
f 1439/1439/1439 1440/1440/1440 1449/1449/1449
f 1439/1439/1439 1449/1449/1449 1448/1448/1448
f 1440/1440/1440 1441/1441/1441 1450/1450/1450
f 1440/1440/1440 1450/1450/1450 1449/1449/1449
f 1441/1441/1441 1442/1442/1442 1451/1451/1451
f 1441/1441/1441 1451/1451/1451 1450/1450/1450
f 1443/1443/1443 1444/1444/1444 1453/1453/1453
f 1443/1443/1443 1453/1453/1453 1452/1452/1452
f 1444/1444/1444 1445/1445/1445 1454/1454/1454
f 1444/1444/1444 1454/1454/1454 1453/1453/1453
f 1445/1445/1445 1446/1446/1446 1455/1455/1455
f 1445/1445/1445 1455/1455/1455 1454/1454/1454
f 1446/1446/1446 1447/1447/1447 1456/1456/1456
f 1446/1446/1446 1456/1456/1456 1455/1455/1455
f 1447/1447/1447 1448/1448/1448 1457/1457/1457
f 1447/1447/1447 1457/1457/1457 1456/1456/1456
f 1448/1448/1448 1449/1449/1449 1458/1458/1458
f 1448/1448/1448 1458/1458/1458 1457/1457/1457
f 1449/1449/1449 1450/1450/1450 1459/1459/1459
f 1449/1449/1449 1459/1459/1459 1458/1458/1458
f 1450/1450/1450 1451/1451/1451 1460/1460/1460
f 1450/1450/1450 1460/1460/1460 1459/1459/1459
f 1452/1452/1452 1453/1453/1453 1462/1462/1462
f 1452/1452/1452 1462/1462/1462 1461/1461/1461
f 1453/1453/1453 1454/1454/1454 1463/1463/1463
f 1453/1453/1453 1463/1463/1463 1462/1462/1462
f 1454/1454/1454 1455/1455/1455 1464/1464/1464
f 1454/1454/1454 1464/1464/1464 1463/1463/1463
f 1455/1455/1455 1456/1456/1456 1465/1465/1465
f 1455/1455/1455 1465/1465/1465 1464/1464/1464
f 1456/1456/1456 1457/1457/1457 1466/1466/1466
f 1456/1456/1456 1466/1466/1466 1465/1465/1465
f 1457/1457/1457 1458/1458/1458 1467/1467/1467
f 1457/1457/1457 1467/1467/1467 1466/1466/1466
f 1458/1458/1458 1459/1459/1459 1468/1468/1468
f 1458/1458/1458 1468/1468/1468 1467/1467/1467
f 1459/1459/1459 1460/1460/1460 1469/1469/1469
f 1459/1459/1459 1469/1469/1469 1468/1468/1468
f 1461/1461/1461 1462/1462/1462 1471/1471/1471
f 1461/1461/1461 1471/1471/1471 1470/1470/1470
f 1462/1462/1462 1463/1463/1463 1472/1472/1472
f 1462/1462/1462 1472/1472/1472 1471/1471/1471
f 1463/1463/1463 1464/1464/1464 1473/1473/1473
f 1463/1463/1463 1473/1473/1473 1472/1472/1472
f 1464/1464/1464 1465/1465/1465 1474/1474/1474
f 1464/1464/1464 1474/1474/1474 1473/1473/1473
f 1465/1465/1465 1466/1466/1466 1475/1475/1475
f 1465/1465/1465 1475/1475/1475 1474/1474/1474
f 1466/1466/1466 1467/1467/1467 1476/1476/1476
f 1466/1466/1466 1476/1476/1476 1475/1475/1475
f 1467/1467/1467 1468/1468/1468 1477/1477/1477
f 1467/1467/1467 1477/1477/1477 1476/1476/1476
f 1468/1468/1468 1469/1469/1469 1478/1478/1478
f 1468/1468/1468 1478/1478/1478 1477/1477/1477
f 1479/1479/1479 1480/1480/1480 1489/1489/1489
f 1479/1479/1479 1489/1489/1489 1488/1488/1488
f 1480/1480/1480 1481/1481/1481 1490/1490/1490
f 1480/1480/1480 1490/1490/1490 1489/1489/1489
f 1481/1481/1481 1482/1482/1482 1491/1491/1491
f 1481/1481/1481 1491/1491/1491 1490/1490/1490
f 1482/1482/1482 1483/1483/1483 1492/1492/1492
f 1482/1482/1482 1492/1492/1492 1491/1491/1491
f 1483/1483/1483 1484/1484/1484 1493/1493/1493
f 1483/1483/1483 1493/1493/1493 1492/1492/1492
f 1484/1484/1484 1485/1485/1485 1494/1494/1494
f 1484/1484/1484 1494/1494/1494 1493/1493/1493
f 1485/1485/1485 1486/1486/1486 1495/1495/1495
f 1485/1485/1485 1495/1495/1495 1494/1494/1494
f 1486/1486/1486 1487/1487/1487 1496/1496/1496
f 1486/1486/1486 1496/1496/1496 1495/1495/1495
f 1488/1488/1488 1489/1489/1489 1498/1498/1498
f 1488/1488/1488 1498/1498/1498 1497/1497/1497
f 1489/1489/1489 1490/1490/1490 1499/1499/1499
f 1489/1489/1489 1499/1499/1499 1498/1498/1498
f 1490/1490/1490 1491/1491/1491 1500/1500/1500
f 1490/1490/1490 1500/1500/1500 1499/1499/1499
f 1491/1491/1491 1492/1492/1492 1501/1501/1501
f 1491/1491/1491 1501/1501/1501 1500/1500/1500
f 1492/1492/1492 1493/1493/1493 1502/1502/1502
f 1492/1492/1492 1502/1502/1502 1501/1501/1501
f 1493/1493/1493 1494/1494/1494 1503/1503/1503
f 1493/1493/1493 1503/1503/1503 1502/1502/1502
f 1494/1494/1494 1495/1495/1495 1504/1504/1504
f 1494/1494/1494 1504/1504/1504 1503/1503/1503
f 1495/1495/1495 1496/1496/1496 1505/1505/1505
f 1495/1495/1495 1505/1505/1505 1504/1504/1504
f 1497/1497/1497 1498/1498/1498 1507/1507/1507
f 1497/1497/1497 1507/1507/1507 1506/1506/1506
f 1498/1498/1498 1499/1499/1499 1508/1508/1508
f 1498/1498/1498 1508/1508/1508 1507/1507/1507
f 1499/1499/1499 1500/1500/1500 1509/1509/1509
f 1499/1499/1499 1509/1509/1509 1508/1508/1508
f 1500/1500/1500 1501/1501/1501 1510/1510/1510
f 1500/1500/1500 1510/1510/1510 1509/1509/1509
f 1501/1501/1501 1502/1502/1502 1511/1511/1511
f 1501/1501/1501 1511/1511/1511 1510/1510/1510
f 1502/1502/1502 1503/1503/1503 1512/1512/1512
f 1502/1502/1502 1512/1512/1512 1511/1511/1511
f 1503/1503/1503 1504/1504/1504 1513/1513/1513
f 1503/1503/1503 1513/1513/1513 1512/1512/1512
f 1504/1504/1504 1505/1505/1505 1514/1514/1514
f 1504/1504/1504 1514/1514/1514 1513/1513/1513
f 1506/1506/1506 1507/1507/1507 1516/1516/1516
f 1506/1506/1506 1516/1516/1516 1515/1515/1515
f 1507/1507/1507 1508/1508/1508 1517/1517/1517
f 1507/1507/1507 1517/1517/1517 1516/1516/1516
f 1508/1508/1508 1509/1509/1509 1518/1518/1518
f 1508/1508/1508 1518/1518/1518 1517/1517/1517
f 1509/1509/1509 1510/1510/1510 1519/1519/1519
f 1509/1509/1509 1519/1519/1519 1518/1518/1518
f 1510/1510/1510 1511/1511/1511 1520/1520/1520
f 1510/1510/1510 1520/1520/1520 1519/1519/1519
f 1511/1511/1511 1512/1512/1512 1521/1521/1521
f 1511/1511/1511 1521/1521/1521 1520/1520/1520
f 1512/1512/1512 1513/1513/1513 1522/1522/1522
f 1512/1512/1512 1522/1522/1522 1521/1521/1521
f 1513/1513/1513 1514/1514/1514 1523/1523/1523
f 1513/1513/1513 1523/1523/1523 1522/1522/1522
f 1524/1524/1524 1525/1525/1525 1534/1534/1534
f 1524/1524/1524 1534/1534/1534 1533/1533/1533
f 1525/1525/1525 1526/1526/1526 1535/1535/1535
f 1525/1525/1525 1535/1535/1535 1534/1534/1534
f 1526/1526/1526 1527/1527/1527 1536/1536/1536
f 1526/1526/1526 1536/1536/1536 1535/1535/1535
f 1527/1527/1527 1528/1528/1528 1537/1537/1537
f 1527/1527/1527 1537/1537/1537 1536/1536/1536
f 1528/1528/1528 1529/1529/1529 1538/1538/1538
f 1528/1528/1528 1538/1538/1538 1537/1537/1537
f 1529/1529/1529 1530/1530/1530 1539/1539/1539
f 1529/1529/1529 1539/1539/1539 1538/1538/1538
f 1530/1530/1530 1531/1531/1531 1540/1540/1540
f 1530/1530/1530 1540/1540/1540 1539/1539/1539
f 1531/1531/1531 1532/1532/1532 1541/1541/1541
f 1531/1531/1531 1541/1541/1541 1540/1540/1540
f 1533/1533/1533 1534/1534/1534 1543/1543/1543
f 1533/1533/1533 1543/1543/1543 1542/1542/1542
f 1534/1534/1534 1535/1535/1535 1544/1544/1544
f 1534/1534/1534 1544/1544/1544 1543/1543/1543
f 1535/1535/1535 1536/1536/1536 1545/1545/1545
f 1535/1535/1535 1545/1545/1545 1544/1544/1544
f 1536/1536/1536 1537/1537/1537 1546/1546/1546
f 1536/1536/1536 1546/1546/1546 1545/1545/1545
f 1537/1537/1537 1538/1538/1538 1547/1547/1547
f 1537/1537/1537 1547/1547/1547 1546/1546/1546
f 1538/1538/1538 1539/1539/1539 1548/1548/1548
f 1538/1538/1538 1548/1548/1548 1547/1547/1547
f 1539/1539/1539 1540/1540/1540 1549/1549/1549
f 1539/1539/1539 1549/1549/1549 1548/1548/1548
f 1540/1540/1540 1541/1541/1541 1550/1550/1550
f 1540/1540/1540 1550/1550/1550 1549/1549/1549
f 1542/1542/1542 1543/1543/1543 1552/1552/1552
f 1542/1542/1542 1552/1552/1552 1551/1551/1551
f 1543/1543/1543 1544/1544/1544 1553/1553/1553
f 1543/1543/1543 1553/1553/1553 1552/1552/1552
f 1544/1544/1544 1545/1545/1545 1554/1554/1554
f 1544/1544/1544 1554/1554/1554 1553/1553/1553
f 1545/1545/1545 1546/1546/1546 1555/1555/1555
f 1545/1545/1545 1555/1555/1555 1554/1554/1554
f 1546/1546/1546 1547/1547/1547 1556/1556/1556
f 1546/1546/1546 1556/1556/1556 1555/1555/1555
f 1547/1547/1547 1548/1548/1548 1557/1557/1557
f 1547/1547/1547 1557/1557/1557 1556/1556/1556
f 1548/1548/1548 1549/1549/1549 1558/1558/1558
f 1548/1548/1548 1558/1558/1558 1557/1557/1557
f 1549/1549/1549 1550/1550/1550 1559/1559/1559
f 1549/1549/1549 1559/1559/1559 1558/1558/1558
f 1551/1551/1551 1552/1552/1552 1561/1561/1561
f 1551/1551/1551 1561/1561/1561 1560/1560/1560
f 1552/1552/1552 1553/1553/1553 1562/1562/1562
f 1552/1552/1552 1562/1562/1562 1561/1561/1561
f 1553/1553/1553 1554/1554/1554 1563/1563/1563
f 1553/1553/1553 1563/1563/1563 1562/1562/1562
f 1554/1554/1554 1555/1555/1555 1564/1564/1564
f 1554/1554/1554 1564/1564/1564 1563/1563/1563
f 1555/1555/1555 1556/1556/1556 1565/1565/1565
f 1555/1555/1555 1565/1565/1565 1564/1564/1564
f 1556/1556/1556 1557/1557/1557 1566/1566/1566
f 1556/1556/1556 1566/1566/1566 1565/1565/1565
f 1557/1557/1557 1558/1558/1558 1567/1567/1567
f 1557/1557/1557 1567/1567/1567 1566/1566/1566
f 1558/1558/1558 1559/1559/1559 1568/1568/1568
f 1558/1558/1558 1568/1568/1568 1567/1567/1567
f 1569/1569/1569 1570/1570/1570 1579/1579/1579
f 1569/1569/1569 1579/1579/1579 1578/1578/1578
f 1570/1570/1570 1571/1571/1571 1580/1580/1580
f 1570/1570/1570 1580/1580/1580 1579/1579/1579
f 1571/1571/1571 1572/1572/1572 1581/1581/1581
f 1571/1571/1571 1581/1581/1581 1580/1580/1580
f 1572/1572/1572 1573/1573/1573 1582/1582/1582
f 1572/1572/1572 1582/1582/1582 1581/1581/1581
f 1573/1573/1573 1574/1574/1574 1583/1583/1583
f 1573/1573/1573 1583/1583/1583 1582/1582/1582
f 1574/1574/1574 1575/1575/1575 1584/1584/1584
f 1574/1574/1574 1584/1584/1584 1583/1583/1583
f 1575/1575/1575 1576/1576/1576 1585/1585/1585
f 1575/1575/1575 1585/1585/1585 1584/1584/1584
f 1576/1576/1576 1577/1577/1577 1586/1586/1586
f 1576/1576/1576 1586/1586/1586 1585/1585/1585
f 1578/1578/1578 1579/1579/1579 1588/1588/1588
f 1578/1578/1578 1588/1588/1588 1587/1587/1587
f 1579/1579/1579 1580/1580/1580 1589/1589/1589
f 1579/1579/1579 1589/1589/1589 1588/1588/1588
f 1580/1580/1580 1581/1581/1581 1590/1590/1590
f 1580/1580/1580 1590/1590/1590 1589/1589/1589
f 1581/1581/1581 1582/1582/1582 1591/1591/1591
f 1581/1581/1581 1591/1591/1591 1590/1590/1590
f 1582/1582/1582 1583/1583/1583 1592/1592/1592
f 1582/1582/1582 1592/1592/1592 1591/1591/1591
f 1583/1583/1583 1584/1584/1584 1593/1593/1593
f 1583/1583/1583 1593/1593/1593 1592/1592/1592
f 1584/1584/1584 1585/1585/1585 1594/1594/1594
f 1584/1584/1584 1594/1594/1594 1593/1593/1593
f 1585/1585/1585 1586/1586/1586 1595/1595/1595
f 1585/1585/1585 1595/1595/1595 1594/1594/1594
f 1587/1587/1587 1588/1588/1588 1597/1597/1597
f 1587/1587/1587 1597/1597/1597 1596/1596/1596
f 1588/1588/1588 1589/1589/1589 1598/1598/1598
f 1588/1588/1588 1598/1598/1598 1597/1597/1597
f 1589/1589/1589 1590/1590/1590 1599/1599/1599
f 1589/1589/1589 1599/1599/1599 1598/1598/1598
f 1590/1590/1590 1591/1591/1591 1600/1600/1600
f 1590/1590/1590 1600/1600/1600 1599/1599/1599
f 1591/1591/1591 1592/1592/1592 1601/1601/1601
f 1591/1591/1591 1601/1601/1601 1600/1600/1600
f 1592/1592/1592 1593/1593/1593 1602/1602/1602
f 1592/1592/1592 1602/1602/1602 1601/1601/1601
f 1593/1593/1593 1594/1594/1594 1603/1603/1603
f 1593/1593/1593 1603/1603/1603 1602/1602/1602
f 1594/1594/1594 1595/1595/1595 1604/1604/1604
f 1594/1594/1594 1604/1604/1604 1603/1603/1603
f 1596/1596/1596 1597/1597/1597 1606/1606/1606
f 1596/1596/1596 1606/1606/1606 1605/1605/1605
f 1597/1597/1597 1598/1598/1598 1607/1607/1607
f 1597/1597/1597 1607/1607/1607 1606/1606/1606
f 1598/1598/1598 1599/1599/1599 1608/1608/1608
f 1598/1598/1598 1608/1608/1608 1607/1607/1607
f 1599/1599/1599 1600/1600/1600 1609/1609/1609
f 1599/1599/1599 1609/1609/1609 1608/1608/1608
f 1600/1600/1600 1601/1601/1601 1610/1610/1610
f 1600/1600/1600 1610/1610/1610 1609/1609/1609
f 1601/1601/1601 1602/1602/1602 1611/1611/1611
f 1601/1601/1601 1611/1611/1611 1610/1610/1610
f 1602/1602/1602 1603/1603/1603 1612/1612/1612
f 1602/1602/1602 1612/1612/1612 1611/1611/1611
f 1603/1603/1603 1604/1604/1604 1613/1613/1613
f 1603/1603/1603 1613/1613/1613 1612/1612/1612
f 1614/1614/1614 1615/1615/1615 1622/1622/1622
f 1614/1614/1614 1622/1622/1622 1621/1621/1621
f 1615/1615/1615 1616/1616/1616 1623/1623/1623
f 1615/1615/1615 1623/1623/1623 1622/1622/1622
f 1616/1616/1616 1617/1617/1617 1624/1624/1624
f 1616/1616/1616 1624/1624/1624 1623/1623/1623
f 1617/1617/1617 1618/1618/1618 1625/1625/1625
f 1617/1617/1617 1625/1625/1625 1624/1624/1624
f 1618/1618/1618 1619/1619/1619 1626/1626/1626
f 1618/1618/1618 1626/1626/1626 1625/1625/1625
f 1619/1619/1619 1620/1620/1620 1627/1627/1627
f 1619/1619/1619 1627/1627/1627 1626/1626/1626
f 1621/1621/1621 1622/1622/1622 1629/1629/1629
f 1621/1621/1621 1629/1629/1629 1628/1628/1628
f 1622/1622/1622 1623/1623/1623 1630/1630/1630
f 1622/1622/1622 1630/1630/1630 1629/1629/1629
f 1623/1623/1623 1624/1624/1624 1631/1631/1631
f 1623/1623/1623 1631/1631/1631 1630/1630/1630
f 1624/1624/1624 1625/1625/1625 1632/1632/1632
f 1624/1624/1624 1632/1632/1632 1631/1631/1631
f 1625/1625/1625 1626/1626/1626 1633/1633/1633
f 1625/1625/1625 1633/1633/1633 1632/1632/1632
f 1626/1626/1626 1627/1627/1627 1634/1634/1634
f 1626/1626/1626 1634/1634/1634 1633/1633/1633
f 1628/1628/1628 1629/1629/1629 1636/1636/1636
f 1628/1628/1628 1636/1636/1636 1635/1635/1635
f 1629/1629/1629 1630/1630/1630 1637/1637/1637
f 1629/1629/1629 1637/1637/1637 1636/1636/1636
f 1630/1630/1630 1631/1631/1631 1638/1638/1638
f 1630/1630/1630 1638/1638/1638 1637/1637/1637
f 1631/1631/1631 1632/1632/1632 1639/1639/1639
f 1631/1631/1631 1639/1639/1639 1638/1638/1638
f 1632/1632/1632 1633/1633/1633 1640/1640/1640
f 1632/1632/1632 1640/1640/1640 1639/1639/1639
f 1633/1633/1633 1634/1634/1634 1641/1641/1641
f 1633/1633/1633 1641/1641/1641 1640/1640/1640
f 1635/1635/1635 1636/1636/1636 1643/1643/1643
f 1635/1635/1635 1643/1643/1643 1642/1642/1642
f 1636/1636/1636 1637/1637/1637 1644/1644/1644
f 1636/1636/1636 1644/1644/1644 1643/1643/1643
f 1637/1637/1637 1638/1638/1638 1645/1645/1645
f 1637/1637/1637 1645/1645/1645 1644/1644/1644
f 1638/1638/1638 1639/1639/1639 1646/1646/1646
f 1638/1638/1638 1646/1646/1646 1645/1645/1645
f 1639/1639/1639 1640/1640/1640 1647/1647/1647
f 1639/1639/1639 1647/1647/1647 1646/1646/1646
f 1640/1640/1640 1641/1641/1641 1648/1648/1648
f 1640/1640/1640 1648/1648/1648 1647/1647/1647
f 1649/1649/1649 1650/1650/1650 1659/1659/1659
f 1649/1649/1649 1659/1659/1659 1658/1658/1658
f 1650/1650/1650 1651/1651/1651 1660/1660/1660
f 1650/1650/1650 1660/1660/1660 1659/1659/1659
f 1651/1651/1651 1652/1652/1652 1661/1661/1661
f 1651/1651/1651 1661/1661/1661 1660/1660/1660
f 1652/1652/1652 1653/1653/1653 1662/1662/1662
f 1652/1652/1652 1662/1662/1662 1661/1661/1661
f 1653/1653/1653 1654/1654/1654 1663/1663/1663
f 1653/1653/1653 1663/1663/1663 1662/1662/1662
f 1654/1654/1654 1655/1655/1655 1664/1664/1664
f 1654/1654/1654 1664/1664/1664 1663/1663/1663
f 1655/1655/1655 1656/1656/1656 1665/1665/1665
f 1655/1655/1655 1665/1665/1665 1664/1664/1664
f 1656/1656/1656 1657/1657/1657 1666/1666/1666
f 1656/1656/1656 1666/1666/1666 1665/1665/1665
f 1658/1658/1658 1659/1659/1659 1668/1668/1668
f 1658/1658/1658 1668/1668/1668 1667/1667/1667
f 1659/1659/1659 1660/1660/1660 1669/1669/1669
f 1659/1659/1659 1669/1669/1669 1668/1668/1668
f 1660/1660/1660 1661/1661/1661 1670/1670/1670
f 1660/1660/1660 1670/1670/1670 1669/1669/1669
f 1661/1661/1661 1662/1662/1662 1671/1671/1671
f 1661/1661/1661 1671/1671/1671 1670/1670/1670
f 1662/1662/1662 1663/1663/1663 1672/1672/1672
f 1662/1662/1662 1672/1672/1672 1671/1671/1671
f 1663/1663/1663 1664/1664/1664 1673/1673/1673
f 1663/1663/1663 1673/1673/1673 1672/1672/1672
f 1664/1664/1664 1665/1665/1665 1674/1674/1674
f 1664/1664/1664 1674/1674/1674 1673/1673/1673
f 1665/1665/1665 1666/1666/1666 1675/1675/1675
f 1665/1665/1665 1675/1675/1675 1674/1674/1674
f 1667/1667/1667 1668/1668/1668 1677/1677/1677
f 1667/1667/1667 1677/1677/1677 1676/1676/1676
f 1668/1668/1668 1669/1669/1669 1678/1678/1678
f 1668/1668/1668 1678/1678/1678 1677/1677/1677
f 1669/1669/1669 1670/1670/1670 1679/1679/1679
f 1669/1669/1669 1679/1679/1679 1678/1678/1678
f 1670/1670/1670 1671/1671/1671 1680/1680/1680
f 1670/1670/1670 1680/1680/1680 1679/1679/1679
f 1671/1671/1671 1672/1672/1672 1681/1681/1681
f 1671/1671/1671 1681/1681/1681 1680/1680/1680
f 1672/1672/1672 1673/1673/1673 1682/1682/1682
f 1672/1672/1672 1682/1682/1682 1681/1681/1681
f 1673/1673/1673 1674/1674/1674 1683/1683/1683
f 1673/1673/1673 1683/1683/1683 1682/1682/1682
f 1674/1674/1674 1675/1675/1675 1684/1684/1684
f 1674/1674/1674 1684/1684/1684 1683/1683/1683
f 1676/1676/1676 1677/1677/1677 1686/1686/1686
f 1676/1676/1676 1686/1686/1686 1685/1685/1685
f 1677/1677/1677 1678/1678/1678 1687/1687/1687
f 1677/1677/1677 1687/1687/1687 1686/1686/1686
f 1678/1678/1678 1679/1679/1679 1688/1688/1688
f 1678/1678/1678 1688/1688/1688 1687/1687/1687
f 1679/1679/1679 1680/1680/1680 1689/1689/1689
f 1679/1679/1679 1689/1689/1689 1688/1688/1688
f 1680/1680/1680 1681/1681/1681 1690/1690/1690
f 1680/1680/1680 1690/1690/1690 1689/1689/1689
f 1681/1681/1681 1682/1682/1682 1691/1691/1691
f 1681/1681/1681 1691/1691/1691 1690/1690/1690
f 1682/1682/1682 1683/1683/1683 1692/1692/1692
f 1682/1682/1682 1692/1692/1692 1691/1691/1691
f 1683/1683/1683 1684/1684/1684 1693/1693/1693
f 1683/1683/1683 1693/1693/1693 1692/1692/1692
f 1694/1694/1694 1695/1695/1695 1704/1704/1704
f 1694/1694/1694 1704/1704/1704 1703/1703/1703
f 1695/1695/1695 1696/1696/1696 1705/1705/1705
f 1695/1695/1695 1705/1705/1705 1704/1704/1704
f 1696/1696/1696 1697/1697/1697 1706/1706/1706
f 1696/1696/1696 1706/1706/1706 1705/1705/1705
f 1697/1697/1697 1698/1698/1698 1707/1707/1707
f 1697/1697/1697 1707/1707/1707 1706/1706/1706
f 1698/1698/1698 1699/1699/1699 1708/1708/1708
f 1698/1698/1698 1708/1708/1708 1707/1707/1707
f 1699/1699/1699 1700/1700/1700 1709/1709/1709
f 1699/1699/1699 1709/1709/1709 1708/1708/1708
f 1700/1700/1700 1701/1701/1701 1710/1710/1710
f 1700/1700/1700 1710/1710/1710 1709/1709/1709
f 1701/1701/1701 1702/1702/1702 1711/1711/1711
f 1701/1701/1701 1711/1711/1711 1710/1710/1710
f 1703/1703/1703 1704/1704/1704 1713/1713/1713
f 1703/1703/1703 1713/1713/1713 1712/1712/1712
f 1704/1704/1704 1705/1705/1705 1714/1714/1714
f 1704/1704/1704 1714/1714/1714 1713/1713/1713
f 1705/1705/1705 1706/1706/1706 1715/1715/1715
f 1705/1705/1705 1715/1715/1715 1714/1714/1714
f 1706/1706/1706 1707/1707/1707 1716/1716/1716
f 1706/1706/1706 1716/1716/1716 1715/1715/1715
f 1707/1707/1707 1708/1708/1708 1717/1717/1717
f 1707/1707/1707 1717/1717/1717 1716/1716/1716
f 1708/1708/1708 1709/1709/1709 1718/1718/1718
f 1708/1708/1708 1718/1718/1718 1717/1717/1717
f 1709/1709/1709 1710/1710/1710 1719/1719/1719
f 1709/1709/1709 1719/1719/1719 1718/1718/1718
f 1710/1710/1710 1711/1711/1711 1720/1720/1720
f 1710/1710/1710 1720/1720/1720 1719/1719/1719
f 1712/1712/1712 1713/1713/1713 1722/1722/1722
f 1712/1712/1712 1722/1722/1722 1721/1721/1721
f 1713/1713/1713 1714/1714/1714 1723/1723/1723
f 1713/1713/1713 1723/1723/1723 1722/1722/1722
f 1714/1714/1714 1715/1715/1715 1724/1724/1724
f 1714/1714/1714 1724/1724/1724 1723/1723/1723
f 1715/1715/1715 1716/1716/1716 1725/1725/1725
f 1715/1715/1715 1725/1725/1725 1724/1724/1724
f 1716/1716/1716 1717/1717/1717 1726/1726/1726
f 1716/1716/1716 1726/1726/1726 1725/1725/1725
f 1717/1717/1717 1718/1718/1718 1727/1727/1727
f 1717/1717/1717 1727/1727/1727 1726/1726/1726
f 1718/1718/1718 1719/1719/1719 1728/1728/1728
f 1718/1718/1718 1728/1728/1728 1727/1727/1727
f 1719/1719/1719 1720/1720/1720 1729/1729/1729
f 1719/1719/1719 1729/1729/1729 1728/1728/1728
f 1721/1721/1721 1722/1722/1722 1731/1731/1731
f 1721/1721/1721 1731/1731/1731 1730/1730/1730
f 1722/1722/1722 1723/1723/1723 1732/1732/1732
f 1722/1722/1722 1732/1732/1732 1731/1731/1731
f 1723/1723/1723 1724/1724/1724 1733/1733/1733
f 1723/1723/1723 1733/1733/1733 1732/1732/1732
f 1724/1724/1724 1725/1725/1725 1734/1734/1734
f 1724/1724/1724 1734/1734/1734 1733/1733/1733
f 1725/1725/1725 1726/1726/1726 1735/1735/1735
f 1725/1725/1725 1735/1735/1735 1734/1734/1734
f 1726/1726/1726 1727/1727/1727 1736/1736/1736
f 1726/1726/1726 1736/1736/1736 1735/1735/1735
f 1727/1727/1727 1728/1728/1728 1737/1737/1737
f 1727/1727/1727 1737/1737/1737 1736/1736/1736
f 1728/1728/1728 1729/1729/1729 1738/1738/1738
f 1728/1728/1728 1738/1738/1738 1737/1737/1737
f 1739/1739/1739 1740/1740/1740 1749/1749/1749
f 1739/1739/1739 1749/1749/1749 1748/1748/1748
f 1740/1740/1740 1741/1741/1741 1750/1750/1750
f 1740/1740/1740 1750/1750/1750 1749/1749/1749
f 1741/1741/1741 1742/1742/1742 1751/1751/1751
f 1741/1741/1741 1751/1751/1751 1750/1750/1750
f 1742/1742/1742 1743/1743/1743 1752/1752/1752
f 1742/1742/1742 1752/1752/1752 1751/1751/1751
f 1743/1743/1743 1744/1744/1744 1753/1753/1753
f 1743/1743/1743 1753/1753/1753 1752/1752/1752
f 1744/1744/1744 1745/1745/1745 1754/1754/1754
f 1744/1744/1744 1754/1754/1754 1753/1753/1753
f 1745/1745/1745 1746/1746/1746 1755/1755/1755
f 1745/1745/1745 1755/1755/1755 1754/1754/1754
f 1746/1746/1746 1747/1747/1747 1756/1756/1756
f 1746/1746/1746 1756/1756/1756 1755/1755/1755
f 1748/1748/1748 1749/1749/1749 1758/1758/1758
f 1748/1748/1748 1758/1758/1758 1757/1757/1757
f 1749/1749/1749 1750/1750/1750 1759/1759/1759
f 1749/1749/1749 1759/1759/1759 1758/1758/1758
f 1750/1750/1750 1751/1751/1751 1760/1760/1760
f 1750/1750/1750 1760/1760/1760 1759/1759/1759
f 1751/1751/1751 1752/1752/1752 1761/1761/1761
f 1751/1751/1751 1761/1761/1761 1760/1760/1760
f 1752/1752/1752 1753/1753/1753 1762/1762/1762
f 1752/1752/1752 1762/1762/1762 1761/1761/1761
f 1753/1753/1753 1754/1754/1754 1763/1763/1763
f 1753/1753/1753 1763/1763/1763 1762/1762/1762
f 1754/1754/1754 1755/1755/1755 1764/1764/1764
f 1754/1754/1754 1764/1764/1764 1763/1763/1763
f 1755/1755/1755 1756/1756/1756 1765/1765/1765
f 1755/1755/1755 1765/1765/1765 1764/1764/1764
f 1757/1757/1757 1758/1758/1758 1767/1767/1767
f 1757/1757/1757 1767/1767/1767 1766/1766/1766
f 1758/1758/1758 1759/1759/1759 1768/1768/1768
f 1758/1758/1758 1768/1768/1768 1767/1767/1767
f 1759/1759/1759 1760/1760/1760 1769/1769/1769
f 1759/1759/1759 1769/1769/1769 1768/1768/1768
f 1760/1760/1760 1761/1761/1761 1770/1770/1770
f 1760/1760/1760 1770/1770/1770 1769/1769/1769
f 1761/1761/1761 1762/1762/1762 1771/1771/1771
f 1761/1761/1761 1771/1771/1771 1770/1770/1770
f 1762/1762/1762 1763/1763/1763 1772/1772/1772
f 1762/1762/1762 1772/1772/1772 1771/1771/1771
f 1763/1763/1763 1764/1764/1764 1773/1773/1773
f 1763/1763/1763 1773/1773/1773 1772/1772/1772
f 1764/1764/1764 1765/1765/1765 1774/1774/1774
f 1764/1764/1764 1774/1774/1774 1773/1773/1773
f 1766/1766/1766 1767/1767/1767 1776/1776/1776
f 1766/1766/1766 1776/1776/1776 1775/1775/1775
f 1767/1767/1767 1768/1768/1768 1777/1777/1777
f 1767/1767/1767 1777/1777/1777 1776/1776/1776
f 1768/1768/1768 1769/1769/1769 1778/1778/1778
f 1768/1768/1768 1778/1778/1778 1777/1777/1777
f 1769/1769/1769 1770/1770/1770 1779/1779/1779
f 1769/1769/1769 1779/1779/1779 1778/1778/1778
f 1770/1770/1770 1771/1771/1771 1780/1780/1780
f 1770/1770/1770 1780/1780/1780 1779/1779/1779
f 1771/1771/1771 1772/1772/1772 1781/1781/1781
f 1771/1771/1771 1781/1781/1781 1780/1780/1780
f 1772/1772/1772 1773/1773/1773 1782/1782/1782
f 1772/1772/1772 1782/1782/1782 1781/1781/1781
f 1773/1773/1773 1774/1774/1774 1783/1783/1783
f 1773/1773/1773 1783/1783/1783 1782/1782/1782
f 1784/1784/1784 1785/1785/1785 1794/1794/1794
f 1784/1784/1784 1794/1794/1794 1793/1793/1793
f 1785/1785/1785 1786/1786/1786 1795/1795/1795
f 1785/1785/1785 1795/1795/1795 1794/1794/1794
f 1786/1786/1786 1787/1787/1787 1796/1796/1796
f 1786/1786/1786 1796/1796/1796 1795/1795/1795
f 1787/1787/1787 1788/1788/1788 1797/1797/1797
f 1787/1787/1787 1797/1797/1797 1796/1796/1796
f 1788/1788/1788 1789/1789/1789 1798/1798/1798
f 1788/1788/1788 1798/1798/1798 1797/1797/1797
f 1789/1789/1789 1790/1790/1790 1799/1799/1799
f 1789/1789/1789 1799/1799/1799 1798/1798/1798
f 1790/1790/1790 1791/1791/1791 1800/1800/1800
f 1790/1790/1790 1800/1800/1800 1799/1799/1799
f 1791/1791/1791 1792/1792/1792 1801/1801/1801
f 1791/1791/1791 1801/1801/1801 1800/1800/1800
f 1793/1793/1793 1794/1794/1794 1803/1803/1803
f 1793/1793/1793 1803/1803/1803 1802/1802/1802
f 1794/1794/1794 1795/1795/1795 1804/1804/1804
f 1794/1794/1794 1804/1804/1804 1803/1803/1803
f 1795/1795/1795 1796/1796/1796 1805/1805/1805
f 1795/1795/1795 1805/1805/1805 1804/1804/1804
f 1796/1796/1796 1797/1797/1797 1806/1806/1806
f 1796/1796/1796 1806/1806/1806 1805/1805/1805
f 1797/1797/1797 1798/1798/1798 1807/1807/1807
f 1797/1797/1797 1807/1807/1807 1806/1806/1806
f 1798/1798/1798 1799/1799/1799 1808/1808/1808
f 1798/1798/1798 1808/1808/1808 1807/1807/1807
f 1799/1799/1799 1800/1800/1800 1809/1809/1809
f 1799/1799/1799 1809/1809/1809 1808/1808/1808
f 1800/1800/1800 1801/1801/1801 1810/1810/1810
f 1800/1800/1800 1810/1810/1810 1809/1809/1809
f 1802/1802/1802 1803/1803/1803 1812/1812/1812
f 1802/1802/1802 1812/1812/1812 1811/1811/1811
f 1803/1803/1803 1804/1804/1804 1813/1813/1813
f 1803/1803/1803 1813/1813/1813 1812/1812/1812
f 1804/1804/1804 1805/1805/1805 1814/1814/1814
f 1804/1804/1804 1814/1814/1814 1813/1813/1813
f 1805/1805/1805 1806/1806/1806 1815/1815/1815
f 1805/1805/1805 1815/1815/1815 1814/1814/1814
f 1806/1806/1806 1807/1807/1807 1816/1816/1816
f 1806/1806/1806 1816/1816/1816 1815/1815/1815
f 1807/1807/1807 1808/1808/1808 1817/1817/1817
f 1807/1807/1807 1817/1817/1817 1816/1816/1816
f 1808/1808/1808 1809/1809/1809 1818/1818/1818
f 1808/1808/1808 1818/1818/1818 1817/1817/1817
f 1809/1809/1809 1810/1810/1810 1819/1819/1819
f 1809/1809/1809 1819/1819/1819 1818/1818/1818
f 1811/1811/1811 1812/1812/1812 1821/1821/1821
f 1811/1811/1811 1821/1821/1821 1820/1820/1820
f 1812/1812/1812 1813/1813/1813 1822/1822/1822
f 1812/1812/1812 1822/1822/1822 1821/1821/1821
f 1813/1813/1813 1814/1814/1814 1823/1823/1823
f 1813/1813/1813 1823/1823/1823 1822/1822/1822
f 1814/1814/1814 1815/1815/1815 1824/1824/1824
f 1814/1814/1814 1824/1824/1824 1823/1823/1823
f 1815/1815/1815 1816/1816/1816 1825/1825/1825
f 1815/1815/1815 1825/1825/1825 1824/1824/1824
f 1816/1816/1816 1817/1817/1817 1826/1826/1826
f 1816/1816/1816 1826/1826/1826 1825/1825/1825
f 1817/1817/1817 1818/1818/1818 1827/1827/1827
f 1817/1817/1817 1827/1827/1827 1826/1826/1826
f 1818/1818/1818 1819/1819/1819 1828/1828/1828
f 1818/1818/1818 1828/1828/1828 1827/1827/1827
f 1829/1829/1829 1830/1830/1830 1839/1839/1839
f 1829/1829/1829 1839/1839/1839 1838/1838/1838
f 1830/1830/1830 1831/1831/1831 1840/1840/1840
f 1830/1830/1830 1840/1840/1840 1839/1839/1839
f 1831/1831/1831 1832/1832/1832 1841/1841/1841
f 1831/1831/1831 1841/1841/1841 1840/1840/1840
f 1832/1832/1832 1833/1833/1833 1842/1842/1842
f 1832/1832/1832 1842/1842/1842 1841/1841/1841
f 1833/1833/1833 1834/1834/1834 1843/1843/1843
f 1833/1833/1833 1843/1843/1843 1842/1842/1842
f 1834/1834/1834 1835/1835/1835 1844/1844/1844
f 1834/1834/1834 1844/1844/1844 1843/1843/1843
f 1835/1835/1835 1836/1836/1836 1845/1845/1845
f 1835/1835/1835 1845/1845/1845 1844/1844/1844
f 1836/1836/1836 1837/1837/1837 1846/1846/1846
f 1836/1836/1836 1846/1846/1846 1845/1845/1845
f 1838/1838/1838 1839/1839/1839 1848/1848/1848
f 1838/1838/1838 1848/1848/1848 1847/1847/1847
f 1839/1839/1839 1840/1840/1840 1849/1849/1849
f 1839/1839/1839 1849/1849/1849 1848/1848/1848
f 1840/1840/1840 1841/1841/1841 1850/1850/1850
f 1840/1840/1840 1850/1850/1850 1849/1849/1849
f 1841/1841/1841 1842/1842/1842 1851/1851/1851
f 1841/1841/1841 1851/1851/1851 1850/1850/1850
f 1842/1842/1842 1843/1843/1843 1852/1852/1852
f 1842/1842/1842 1852/1852/1852 1851/1851/1851
f 1843/1843/1843 1844/1844/1844 1853/1853/1853
f 1843/1843/1843 1853/1853/1853 1852/1852/1852
f 1844/1844/1844 1845/1845/1845 1854/1854/1854
f 1844/1844/1844 1854/1854/1854 1853/1853/1853
f 1845/1845/1845 1846/1846/1846 1855/1855/1855
f 1845/1845/1845 1855/1855/1855 1854/1854/1854
f 1847/1847/1847 1848/1848/1848 1857/1857/1857
f 1847/1847/1847 1857/1857/1857 1856/1856/1856
f 1848/1848/1848 1849/1849/1849 1858/1858/1858
f 1848/1848/1848 1858/1858/1858 1857/1857/1857
f 1849/1849/1849 1850/1850/1850 1859/1859/1859
f 1849/1849/1849 1859/1859/1859 1858/1858/1858
f 1850/1850/1850 1851/1851/1851 1860/1860/1860
f 1850/1850/1850 1860/1860/1860 1859/1859/1859
f 1851/1851/1851 1852/1852/1852 1861/1861/1861
f 1851/1851/1851 1861/1861/1861 1860/1860/1860
f 1852/1852/1852 1853/1853/1853 1862/1862/1862
f 1852/1852/1852 1862/1862/1862 1861/1861/1861
f 1853/1853/1853 1854/1854/1854 1863/1863/1863
f 1853/1853/1853 1863/1863/1863 1862/1862/1862
f 1854/1854/1854 1855/1855/1855 1864/1864/1864
f 1854/1854/1854 1864/1864/1864 1863/1863/1863
f 1856/1856/1856 1857/1857/1857 1866/1866/1866
f 1856/1856/1856 1866/1866/1866 1865/1865/1865
f 1857/1857/1857 1858/1858/1858 1867/1867/1867
f 1857/1857/1857 1867/1867/1867 1866/1866/1866
f 1858/1858/1858 1859/1859/1859 1868/1868/1868
f 1858/1858/1858 1868/1868/1868 1867/1867/1867
f 1859/1859/1859 1860/1860/1860 1869/1869/1869
f 1859/1859/1859 1869/1869/1869 1868/1868/1868
f 1860/1860/1860 1861/1861/1861 1870/1870/1870
f 1860/1860/1860 1870/1870/1870 1869/1869/1869
f 1861/1861/1861 1862/1862/1862 1871/1871/1871
f 1861/1861/1861 1871/1871/1871 1870/1870/1870
f 1862/1862/1862 1863/1863/1863 1872/1872/1872
f 1862/1862/1862 1872/1872/1872 1871/1871/1871
f 1863/1863/1863 1864/1864/1864 1873/1873/1873
f 1863/1863/1863 1873/1873/1873 1872/1872/1872
f 1874/1874/1874 1875/1875/1875 1882/1882/1882
f 1874/1874/1874 1882/1882/1882 1881/1881/1881
f 1875/1875/1875 1876/1876/1876 1883/1883/1883
f 1875/1875/1875 1883/1883/1883 1882/1882/1882
f 1876/1876/1876 1877/1877/1877 1884/1884/1884
f 1876/1876/1876 1884/1884/1884 1883/1883/1883
f 1877/1877/1877 1878/1878/1878 1885/1885/1885
f 1877/1877/1877 1885/1885/1885 1884/1884/1884
f 1878/1878/1878 1879/1879/1879 1886/1886/1886
f 1878/1878/1878 1886/1886/1886 1885/1885/1885
f 1879/1879/1879 1880/1880/1880 1887/1887/1887
f 1879/1879/1879 1887/1887/1887 1886/1886/1886
f 1881/1881/1881 1882/1882/1882 1889/1889/1889
f 1881/1881/1881 1889/1889/1889 1888/1888/1888
f 1882/1882/1882 1883/1883/1883 1890/1890/1890
f 1882/1882/1882 1890/1890/1890 1889/1889/1889
f 1883/1883/1883 1884/1884/1884 1891/1891/1891
f 1883/1883/1883 1891/1891/1891 1890/1890/1890
f 1884/1884/1884 1885/1885/1885 1892/1892/1892
f 1884/1884/1884 1892/1892/1892 1891/1891/1891
f 1885/1885/1885 1886/1886/1886 1893/1893/1893
f 1885/1885/1885 1893/1893/1893 1892/1892/1892
f 1886/1886/1886 1887/1887/1887 1894/1894/1894
f 1886/1886/1886 1894/1894/1894 1893/1893/1893
f 1888/1888/1888 1889/1889/1889 1896/1896/1896
f 1888/1888/1888 1896/1896/1896 1895/1895/1895
f 1889/1889/1889 1890/1890/1890 1897/1897/1897
f 1889/1889/1889 1897/1897/1897 1896/1896/1896
f 1890/1890/1890 1891/1891/1891 1898/1898/1898
f 1890/1890/1890 1898/1898/1898 1897/1897/1897
f 1891/1891/1891 1892/1892/1892 1899/1899/1899
f 1891/1891/1891 1899/1899/1899 1898/1898/1898
f 1892/1892/1892 1893/1893/1893 1900/1900/1900
f 1892/1892/1892 1900/1900/1900 1899/1899/1899
f 1893/1893/1893 1894/1894/1894 1901/1901/1901
f 1893/1893/1893 1901/1901/1901 1900/1900/1900
f 1895/1895/1895 1896/1896/1896 1903/1903/1903
f 1895/1895/1895 1903/1903/1903 1902/1902/1902
f 1896/1896/1896 1897/1897/1897 1904/1904/1904
f 1896/1896/1896 1904/1904/1904 1903/1903/1903
f 1897/1897/1897 1898/1898/1898 1905/1905/1905
f 1897/1897/1897 1905/1905/1905 1904/1904/1904
f 1898/1898/1898 1899/1899/1899 1906/1906/1906
f 1898/1898/1898 1906/1906/1906 1905/1905/1905
f 1899/1899/1899 1900/1900/1900 1907/1907/1907
f 1899/1899/1899 1907/1907/1907 1906/1906/1906
f 1900/1900/1900 1901/1901/1901 1908/1908/1908
f 1900/1900/1900 1908/1908/1908 1907/1907/1907
f 1909/1909/1909 1910/1910/1910 1919/1919/1919
f 1909/1909/1909 1919/1919/1919 1918/1918/1918
f 1910/1910/1910 1911/1911/1911 1920/1920/1920
f 1910/1910/1910 1920/1920/1920 1919/1919/1919
f 1911/1911/1911 1912/1912/1912 1921/1921/1921
f 1911/1911/1911 1921/1921/1921 1920/1920/1920
f 1912/1912/1912 1913/1913/1913 1922/1922/1922
f 1912/1912/1912 1922/1922/1922 1921/1921/1921
f 1913/1913/1913 1914/1914/1914 1923/1923/1923
f 1913/1913/1913 1923/1923/1923 1922/1922/1922
f 1914/1914/1914 1915/1915/1915 1924/1924/1924
f 1914/1914/1914 1924/1924/1924 1923/1923/1923
f 1915/1915/1915 1916/1916/1916 1925/1925/1925
f 1915/1915/1915 1925/1925/1925 1924/1924/1924
f 1916/1916/1916 1917/1917/1917 1926/1926/1926
f 1916/1916/1916 1926/1926/1926 1925/1925/1925
f 1918/1918/1918 1919/1919/1919 1928/1928/1928
f 1918/1918/1918 1928/1928/1928 1927/1927/1927
f 1919/1919/1919 1920/1920/1920 1929/1929/1929
f 1919/1919/1919 1929/1929/1929 1928/1928/1928
f 1920/1920/1920 1921/1921/1921 1930/1930/1930
f 1920/1920/1920 1930/1930/1930 1929/1929/1929
f 1921/1921/1921 1922/1922/1922 1931/1931/1931
f 1921/1921/1921 1931/1931/1931 1930/1930/1930
f 1922/1922/1922 1923/1923/1923 1932/1932/1932
f 1922/1922/1922 1932/1932/1932 1931/1931/1931
f 1923/1923/1923 1924/1924/1924 1933/1933/1933
f 1923/1923/1923 1933/1933/1933 1932/1932/1932
f 1924/1924/1924 1925/1925/1925 1934/1934/1934
f 1924/1924/1924 1934/1934/1934 1933/1933/1933
f 1925/1925/1925 1926/1926/1926 1935/1935/1935
f 1925/1925/1925 1935/1935/1935 1934/1934/1934
f 1927/1927/1927 1928/1928/1928 1937/1937/1937
f 1927/1927/1927 1937/1937/1937 1936/1936/1936
f 1928/1928/1928 1929/1929/1929 1938/1938/1938
f 1928/1928/1928 1938/1938/1938 1937/1937/1937
f 1929/1929/1929 1930/1930/1930 1939/1939/1939
f 1929/1929/1929 1939/1939/1939 1938/1938/1938
f 1930/1930/1930 1931/1931/1931 1940/1940/1940
f 1930/1930/1930 1940/1940/1940 1939/1939/1939
f 1931/1931/1931 1932/1932/1932 1941/1941/1941
f 1931/1931/1931 1941/1941/1941 1940/1940/1940
f 1932/1932/1932 1933/1933/1933 1942/1942/1942
f 1932/1932/1932 1942/1942/1942 1941/1941/1941
f 1933/1933/1933 1934/1934/1934 1943/1943/1943
f 1933/1933/1933 1943/1943/1943 1942/1942/1942
f 1934/1934/1934 1935/1935/1935 1944/1944/1944
f 1934/1934/1934 1944/1944/1944 1943/1943/1943
f 1936/1936/1936 1937/1937/1937 1946/1946/1946
f 1936/1936/1936 1946/1946/1946 1945/1945/1945
f 1937/1937/1937 1938/1938/1938 1947/1947/1947
f 1937/1937/1937 1947/1947/1947 1946/1946/1946
f 1938/1938/1938 1939/1939/1939 1948/1948/1948
f 1938/1938/1938 1948/1948/1948 1947/1947/1947
f 1939/1939/1939 1940/1940/1940 1949/1949/1949
f 1939/1939/1939 1949/1949/1949 1948/1948/1948
f 1940/1940/1940 1941/1941/1941 1950/1950/1950
f 1940/1940/1940 1950/1950/1950 1949/1949/1949
f 1941/1941/1941 1942/1942/1942 1951/1951/1951
f 1941/1941/1941 1951/1951/1951 1950/1950/1950
f 1942/1942/1942 1943/1943/1943 1952/1952/1952
f 1942/1942/1942 1952/1952/1952 1951/1951/1951
f 1943/1943/1943 1944/1944/1944 1953/1953/1953
f 1943/1943/1943 1953/1953/1953 1952/1952/1952
f 1954/1954/1954 1955/1955/1955 1964/1964/1964
f 1954/1954/1954 1964/1964/1964 1963/1963/1963
f 1955/1955/1955 1956/1956/1956 1965/1965/1965
f 1955/1955/1955 1965/1965/1965 1964/1964/1964
f 1956/1956/1956 1957/1957/1957 1966/1966/1966
f 1956/1956/1956 1966/1966/1966 1965/1965/1965
f 1957/1957/1957 1958/1958/1958 1967/1967/1967
f 1957/1957/1957 1967/1967/1967 1966/1966/1966
f 1958/1958/1958 1959/1959/1959 1968/1968/1968
f 1958/1958/1958 1968/1968/1968 1967/1967/1967
f 1959/1959/1959 1960/1960/1960 1969/1969/1969
f 1959/1959/1959 1969/1969/1969 1968/1968/1968
f 1960/1960/1960 1961/1961/1961 1970/1970/1970
f 1960/1960/1960 1970/1970/1970 1969/1969/1969
f 1961/1961/1961 1962/1962/1962 1971/1971/1971
f 1961/1961/1961 1971/1971/1971 1970/1970/1970
f 1963/1963/1963 1964/1964/1964 1973/1973/1973
f 1963/1963/1963 1973/1973/1973 1972/1972/1972
f 1964/1964/1964 1965/1965/1965 1974/1974/1974
f 1964/1964/1964 1974/1974/1974 1973/1973/1973
f 1965/1965/1965 1966/1966/1966 1975/1975/1975
f 1965/1965/1965 1975/1975/1975 1974/1974/1974
f 1966/1966/1966 1967/1967/1967 1976/1976/1976
f 1966/1966/1966 1976/1976/1976 1975/1975/1975
f 1967/1967/1967 1968/1968/1968 1977/1977/1977
f 1967/1967/1967 1977/1977/1977 1976/1976/1976
f 1968/1968/1968 1969/1969/1969 1978/1978/1978
f 1968/1968/1968 1978/1978/1978 1977/1977/1977
f 1969/1969/1969 1970/1970/1970 1979/1979/1979
f 1969/1969/1969 1979/1979/1979 1978/1978/1978
f 1970/1970/1970 1971/1971/1971 1980/1980/1980
f 1970/1970/1970 1980/1980/1980 1979/1979/1979
f 1972/1972/1972 1973/1973/1973 1982/1982/1982
f 1972/1972/1972 1982/1982/1982 1981/1981/1981
f 1973/1973/1973 1974/1974/1974 1983/1983/1983
f 1973/1973/1973 1983/1983/1983 1982/1982/1982
f 1974/1974/1974 1975/1975/1975 1984/1984/1984
f 1974/1974/1974 1984/1984/1984 1983/1983/1983
f 1975/1975/1975 1976/1976/1976 1985/1985/1985
f 1975/1975/1975 1985/1985/1985 1984/1984/1984
f 1976/1976/1976 1977/1977/1977 1986/1986/1986
f 1976/1976/1976 1986/1986/1986 1985/1985/1985
f 1977/1977/1977 1978/1978/1978 1987/1987/1987
f 1977/1977/1977 1987/1987/1987 1986/1986/1986
f 1978/1978/1978 1979/1979/1979 1988/1988/1988
f 1978/1978/1978 1988/1988/1988 1987/1987/1987
f 1979/1979/1979 1980/1980/1980 1989/1989/1989
f 1979/1979/1979 1989/1989/1989 1988/1988/1988
f 1981/1981/1981 1982/1982/1982 1991/1991/1991
f 1981/1981/1981 1991/1991/1991 1990/1990/1990
f 1982/1982/1982 1983/1983/1983 1992/1992/1992
f 1982/1982/1982 1992/1992/1992 1991/1991/1991
f 1983/1983/1983 1984/1984/1984 1993/1993/1993
f 1983/1983/1983 1993/1993/1993 1992/1992/1992
f 1984/1984/1984 1985/1985/1985 1994/1994/1994
f 1984/1984/1984 1994/1994/1994 1993/1993/1993
f 1985/1985/1985 1986/1986/1986 1995/1995/1995
f 1985/1985/1985 1995/1995/1995 1994/1994/1994
f 1986/1986/1986 1987/1987/1987 1996/1996/1996
f 1986/1986/1986 1996/1996/1996 1995/1995/1995
f 1987/1987/1987 1988/1988/1988 1997/1997/1997
f 1987/1987/1987 1997/1997/1997 1996/1996/1996
f 1988/1988/1988 1989/1989/1989 1998/1998/1998
f 1988/1988/1988 1998/1998/1998 1997/1997/1997
f 1999/1999/1999 2000/2000/2000 2009/2009/2009
f 1999/1999/1999 2009/2009/2009 2008/2008/2008
f 2000/2000/2000 2001/2001/2001 2010/2010/2010
f 2000/2000/2000 2010/2010/2010 2009/2009/2009
f 2001/2001/2001 2002/2002/2002 2011/2011/2011
f 2001/2001/2001 2011/2011/2011 2010/2010/2010
f 2002/2002/2002 2003/2003/2003 2012/2012/2012
f 2002/2002/2002 2012/2012/2012 2011/2011/2011
f 2003/2003/2003 2004/2004/2004 2013/2013/2013
f 2003/2003/2003 2013/2013/2013 2012/2012/2012
f 2004/2004/2004 2005/2005/2005 2014/2014/2014
f 2004/2004/2004 2014/2014/2014 2013/2013/2013
f 2005/2005/2005 2006/2006/2006 2015/2015/2015
f 2005/2005/2005 2015/2015/2015 2014/2014/2014
f 2006/2006/2006 2007/2007/2007 2016/2016/2016
f 2006/2006/2006 2016/2016/2016 2015/2015/2015
f 2008/2008/2008 2009/2009/2009 2018/2018/2018
f 2008/2008/2008 2018/2018/2018 2017/2017/2017
f 2009/2009/2009 2010/2010/2010 2019/2019/2019
f 2009/2009/2009 2019/2019/2019 2018/2018/2018
f 2010/2010/2010 2011/2011/2011 2020/2020/2020
f 2010/2010/2010 2020/2020/2020 2019/2019/2019
f 2011/2011/2011 2012/2012/2012 2021/2021/2021
f 2011/2011/2011 2021/2021/2021 2020/2020/2020
f 2012/2012/2012 2013/2013/2013 2022/2022/2022
f 2012/2012/2012 2022/2022/2022 2021/2021/2021
f 2013/2013/2013 2014/2014/2014 2023/2023/2023
f 2013/2013/2013 2023/2023/2023 2022/2022/2022
f 2014/2014/2014 2015/2015/2015 2024/2024/2024
f 2014/2014/2014 2024/2024/2024 2023/2023/2023
f 2015/2015/2015 2016/2016/2016 2025/2025/2025
f 2015/2015/2015 2025/2025/2025 2024/2024/2024
f 2017/2017/2017 2018/2018/2018 2027/2027/2027
f 2017/2017/2017 2027/2027/2027 2026/2026/2026
f 2018/2018/2018 2019/2019/2019 2028/2028/2028
f 2018/2018/2018 2028/2028/2028 2027/2027/2027
f 2019/2019/2019 2020/2020/2020 2029/2029/2029
f 2019/2019/2019 2029/2029/2029 2028/2028/2028
f 2020/2020/2020 2021/2021/2021 2030/2030/2030
f 2020/2020/2020 2030/2030/2030 2029/2029/2029
f 2021/2021/2021 2022/2022/2022 2031/2031/2031
f 2021/2021/2021 2031/2031/2031 2030/2030/2030
f 2022/2022/2022 2023/2023/2023 2032/2032/2032
f 2022/2022/2022 2032/2032/2032 2031/2031/2031
f 2023/2023/2023 2024/2024/2024 2033/2033/2033
f 2023/2023/2023 2033/2033/2033 2032/2032/2032
f 2024/2024/2024 2025/2025/2025 2034/2034/2034
f 2024/2024/2024 2034/2034/2034 2033/2033/2033
f 2026/2026/2026 2027/2027/2027 2036/2036/2036
f 2026/2026/2026 2036/2036/2036 2035/2035/2035
f 2027/2027/2027 2028/2028/2028 2037/2037/2037
f 2027/2027/2027 2037/2037/2037 2036/2036/2036
f 2028/2028/2028 2029/2029/2029 2038/2038/2038
f 2028/2028/2028 2038/2038/2038 2037/2037/2037
f 2029/2029/2029 2030/2030/2030 2039/2039/2039
f 2029/2029/2029 2039/2039/2039 2038/2038/2038
f 2030/2030/2030 2031/2031/2031 2040/2040/2040
f 2030/2030/2030 2040/2040/2040 2039/2039/2039
f 2031/2031/2031 2032/2032/2032 2041/2041/2041
f 2031/2031/2031 2041/2041/2041 2040/2040/2040
f 2032/2032/2032 2033/2033/2033 2042/2042/2042
f 2032/2032/2032 2042/2042/2042 2041/2041/2041
f 2033/2033/2033 2034/2034/2034 2043/2043/2043
f 2033/2033/2033 2043/2043/2043 2042/2042/2042
f 2044/2044/2044 2045/2045/2045 2054/2054/2054
f 2044/2044/2044 2054/2054/2054 2053/2053/2053
f 2045/2045/2045 2046/2046/2046 2055/2055/2055
f 2045/2045/2045 2055/2055/2055 2054/2054/2054
f 2046/2046/2046 2047/2047/2047 2056/2056/2056
f 2046/2046/2046 2056/2056/2056 2055/2055/2055
f 2047/2047/2047 2048/2048/2048 2057/2057/2057
f 2047/2047/2047 2057/2057/2057 2056/2056/2056
f 2048/2048/2048 2049/2049/2049 2058/2058/2058
f 2048/2048/2048 2058/2058/2058 2057/2057/2057
f 2049/2049/2049 2050/2050/2050 2059/2059/2059
f 2049/2049/2049 2059/2059/2059 2058/2058/2058
f 2050/2050/2050 2051/2051/2051 2060/2060/2060
f 2050/2050/2050 2060/2060/2060 2059/2059/2059
f 2051/2051/2051 2052/2052/2052 2061/2061/2061
f 2051/2051/2051 2061/2061/2061 2060/2060/2060
f 2053/2053/2053 2054/2054/2054 2063/2063/2063
f 2053/2053/2053 2063/2063/2063 2062/2062/2062
f 2054/2054/2054 2055/2055/2055 2064/2064/2064
f 2054/2054/2054 2064/2064/2064 2063/2063/2063
f 2055/2055/2055 2056/2056/2056 2065/2065/2065
f 2055/2055/2055 2065/2065/2065 2064/2064/2064
f 2056/2056/2056 2057/2057/2057 2066/2066/2066
f 2056/2056/2056 2066/2066/2066 2065/2065/2065
f 2057/2057/2057 2058/2058/2058 2067/2067/2067
f 2057/2057/2057 2067/2067/2067 2066/2066/2066
f 2058/2058/2058 2059/2059/2059 2068/2068/2068
f 2058/2058/2058 2068/2068/2068 2067/2067/2067
f 2059/2059/2059 2060/2060/2060 2069/2069/2069
f 2059/2059/2059 2069/2069/2069 2068/2068/2068
f 2060/2060/2060 2061/2061/2061 2070/2070/2070
f 2060/2060/2060 2070/2070/2070 2069/2069/2069
f 2062/2062/2062 2063/2063/2063 2072/2072/2072
f 2062/2062/2062 2072/2072/2072 2071/2071/2071
f 2063/2063/2063 2064/2064/2064 2073/2073/2073
f 2063/2063/2063 2073/2073/2073 2072/2072/2072
f 2064/2064/2064 2065/2065/2065 2074/2074/2074
f 2064/2064/2064 2074/2074/2074 2073/2073/2073
f 2065/2065/2065 2066/2066/2066 2075/2075/2075
f 2065/2065/2065 2075/2075/2075 2074/2074/2074
f 2066/2066/2066 2067/2067/2067 2076/2076/2076
f 2066/2066/2066 2076/2076/2076 2075/2075/2075
f 2067/2067/2067 2068/2068/2068 2077/2077/2077
f 2067/2067/2067 2077/2077/2077 2076/2076/2076
f 2068/2068/2068 2069/2069/2069 2078/2078/2078
f 2068/2068/2068 2078/2078/2078 2077/2077/2077
f 2069/2069/2069 2070/2070/2070 2079/2079/2079
f 2069/2069/2069 2079/2079/2079 2078/2078/2078
f 2071/2071/2071 2072/2072/2072 2081/2081/2081
f 2071/2071/2071 2081/2081/2081 2080/2080/2080
f 2072/2072/2072 2073/2073/2073 2082/2082/2082
f 2072/2072/2072 2082/2082/2082 2081/2081/2081
f 2073/2073/2073 2074/2074/2074 2083/2083/2083
f 2073/2073/2073 2083/2083/2083 2082/2082/2082
f 2074/2074/2074 2075/2075/2075 2084/2084/2084
f 2074/2074/2074 2084/2084/2084 2083/2083/2083
f 2075/2075/2075 2076/2076/2076 2085/2085/2085
f 2075/2075/2075 2085/2085/2085 2084/2084/2084
f 2076/2076/2076 2077/2077/2077 2086/2086/2086
f 2076/2076/2076 2086/2086/2086 2085/2085/2085
f 2077/2077/2077 2078/2078/2078 2087/2087/2087
f 2077/2077/2077 2087/2087/2087 2086/2086/2086
f 2078/2078/2078 2079/2079/2079 2088/2088/2088
f 2078/2078/2078 2088/2088/2088 2087/2087/2087
f 2089/2089/2089 2090/2090/2090 2099/2099/2099
f 2089/2089/2089 2099/2099/2099 2098/2098/2098
f 2090/2090/2090 2091/2091/2091 2100/2100/2100
f 2090/2090/2090 2100/2100/2100 2099/2099/2099
f 2091/2091/2091 2092/2092/2092 2101/2101/2101
f 2091/2091/2091 2101/2101/2101 2100/2100/2100
f 2092/2092/2092 2093/2093/2093 2102/2102/2102
f 2092/2092/2092 2102/2102/2102 2101/2101/2101
f 2093/2093/2093 2094/2094/2094 2103/2103/2103
f 2093/2093/2093 2103/2103/2103 2102/2102/2102
f 2094/2094/2094 2095/2095/2095 2104/2104/2104
f 2094/2094/2094 2104/2104/2104 2103/2103/2103
f 2095/2095/2095 2096/2096/2096 2105/2105/2105
f 2095/2095/2095 2105/2105/2105 2104/2104/2104
f 2096/2096/2096 2097/2097/2097 2106/2106/2106
f 2096/2096/2096 2106/2106/2106 2105/2105/2105
f 2098/2098/2098 2099/2099/2099 2108/2108/2108
f 2098/2098/2098 2108/2108/2108 2107/2107/2107
f 2099/2099/2099 2100/2100/2100 2109/2109/2109
f 2099/2099/2099 2109/2109/2109 2108/2108/2108
f 2100/2100/2100 2101/2101/2101 2110/2110/2110
f 2100/2100/2100 2110/2110/2110 2109/2109/2109
f 2101/2101/2101 2102/2102/2102 2111/2111/2111
f 2101/2101/2101 2111/2111/2111 2110/2110/2110
f 2102/2102/2102 2103/2103/2103 2112/2112/2112
f 2102/2102/2102 2112/2112/2112 2111/2111/2111
f 2103/2103/2103 2104/2104/2104 2113/2113/2113
f 2103/2103/2103 2113/2113/2113 2112/2112/2112
f 2104/2104/2104 2105/2105/2105 2114/2114/2114
f 2104/2104/2104 2114/2114/2114 2113/2113/2113
f 2105/2105/2105 2106/2106/2106 2115/2115/2115
f 2105/2105/2105 2115/2115/2115 2114/2114/2114
f 2107/2107/2107 2108/2108/2108 2117/2117/2117
f 2107/2107/2107 2117/2117/2117 2116/2116/2116
f 2108/2108/2108 2109/2109/2109 2118/2118/2118
f 2108/2108/2108 2118/2118/2118 2117/2117/2117
f 2109/2109/2109 2110/2110/2110 2119/2119/2119
f 2109/2109/2109 2119/2119/2119 2118/2118/2118
f 2110/2110/2110 2111/2111/2111 2120/2120/2120
f 2110/2110/2110 2120/2120/2120 2119/2119/2119
f 2111/2111/2111 2112/2112/2112 2121/2121/2121
f 2111/2111/2111 2121/2121/2121 2120/2120/2120
f 2112/2112/2112 2113/2113/2113 2122/2122/2122
f 2112/2112/2112 2122/2122/2122 2121/2121/2121
f 2113/2113/2113 2114/2114/2114 2123/2123/2123
f 2113/2113/2113 2123/2123/2123 2122/2122/2122
f 2114/2114/2114 2115/2115/2115 2124/2124/2124
f 2114/2114/2114 2124/2124/2124 2123/2123/2123
f 2116/2116/2116 2117/2117/2117 2126/2126/2126
f 2116/2116/2116 2126/2126/2126 2125/2125/2125
f 2117/2117/2117 2118/2118/2118 2127/2127/2127
f 2117/2117/2117 2127/2127/2127 2126/2126/2126
f 2118/2118/2118 2119/2119/2119 2128/2128/2128
f 2118/2118/2118 2128/2128/2128 2127/2127/2127
f 2119/2119/2119 2120/2120/2120 2129/2129/2129
f 2119/2119/2119 2129/2129/2129 2128/2128/2128
f 2120/2120/2120 2121/2121/2121 2130/2130/2130
f 2120/2120/2120 2130/2130/2130 2129/2129/2129
f 2121/2121/2121 2122/2122/2122 2131/2131/2131
f 2121/2121/2121 2131/2131/2131 2130/2130/2130
f 2122/2122/2122 2123/2123/2123 2132/2132/2132
f 2122/2122/2122 2132/2132/2132 2131/2131/2131
f 2123/2123/2123 2124/2124/2124 2133/2133/2133
f 2123/2123/2123 2133/2133/2133 2132/2132/2132
f 2134/2134/2134 2135/2135/2135 2142/2142/2142
f 2134/2134/2134 2142/2142/2142 2141/2141/2141
f 2135/2135/2135 2136/2136/2136 2143/2143/2143
f 2135/2135/2135 2143/2143/2143 2142/2142/2142
f 2136/2136/2136 2137/2137/2137 2144/2144/2144
f 2136/2136/2136 2144/2144/2144 2143/2143/2143
f 2137/2137/2137 2138/2138/2138 2145/2145/2145
f 2137/2137/2137 2145/2145/2145 2144/2144/2144
f 2138/2138/2138 2139/2139/2139 2146/2146/2146
f 2138/2138/2138 2146/2146/2146 2145/2145/2145
f 2139/2139/2139 2140/2140/2140 2147/2147/2147
f 2139/2139/2139 2147/2147/2147 2146/2146/2146
f 2141/2141/2141 2142/2142/2142 2149/2149/2149
f 2141/2141/2141 2149/2149/2149 2148/2148/2148
f 2142/2142/2142 2143/2143/2143 2150/2150/2150
f 2142/2142/2142 2150/2150/2150 2149/2149/2149
f 2143/2143/2143 2144/2144/2144 2151/2151/2151
f 2143/2143/2143 2151/2151/2151 2150/2150/2150
f 2144/2144/2144 2145/2145/2145 2152/2152/2152
f 2144/2144/2144 2152/2152/2152 2151/2151/2151
f 2145/2145/2145 2146/2146/2146 2153/2153/2153
f 2145/2145/2145 2153/2153/2153 2152/2152/2152
f 2146/2146/2146 2147/2147/2147 2154/2154/2154
f 2146/2146/2146 2154/2154/2154 2153/2153/2153
f 2148/2148/2148 2149/2149/2149 2156/2156/2156
f 2148/2148/2148 2156/2156/2156 2155/2155/2155
f 2149/2149/2149 2150/2150/2150 2157/2157/2157
f 2149/2149/2149 2157/2157/2157 2156/2156/2156
f 2150/2150/2150 2151/2151/2151 2158/2158/2158
f 2150/2150/2150 2158/2158/2158 2157/2157/2157
f 2151/2151/2151 2152/2152/2152 2159/2159/2159
f 2151/2151/2151 2159/2159/2159 2158/2158/2158
f 2152/2152/2152 2153/2153/2153 2160/2160/2160
f 2152/2152/2152 2160/2160/2160 2159/2159/2159
f 2153/2153/2153 2154/2154/2154 2161/2161/2161
f 2153/2153/2153 2161/2161/2161 2160/2160/2160
f 2155/2155/2155 2156/2156/2156 2163/2163/2163
f 2155/2155/2155 2163/2163/2163 2162/2162/2162
f 2156/2156/2156 2157/2157/2157 2164/2164/2164
f 2156/2156/2156 2164/2164/2164 2163/2163/2163
f 2157/2157/2157 2158/2158/2158 2165/2165/2165
f 2157/2157/2157 2165/2165/2165 2164/2164/2164
f 2158/2158/2158 2159/2159/2159 2166/2166/2166
f 2158/2158/2158 2166/2166/2166 2165/2165/2165
f 2159/2159/2159 2160/2160/2160 2167/2167/2167
f 2159/2159/2159 2167/2167/2167 2166/2166/2166
f 2160/2160/2160 2161/2161/2161 2168/2168/2168
f 2160/2160/2160 2168/2168/2168 2167/2167/2167
f 2169/2169/2169 2170/2170/2170 2179/2179/2179
f 2169/2169/2169 2179/2179/2179 2178/2178/2178
f 2170/2170/2170 2171/2171/2171 2180/2180/2180
f 2170/2170/2170 2180/2180/2180 2179/2179/2179
f 2171/2171/2171 2172/2172/2172 2181/2181/2181
f 2171/2171/2171 2181/2181/2181 2180/2180/2180
f 2172/2172/2172 2173/2173/2173 2182/2182/2182
f 2172/2172/2172 2182/2182/2182 2181/2181/2181
f 2173/2173/2173 2174/2174/2174 2183/2183/2183
f 2173/2173/2173 2183/2183/2183 2182/2182/2182
f 2174/2174/2174 2175/2175/2175 2184/2184/2184
f 2174/2174/2174 2184/2184/2184 2183/2183/2183
f 2175/2175/2175 2176/2176/2176 2185/2185/2185
f 2175/2175/2175 2185/2185/2185 2184/2184/2184
f 2176/2176/2176 2177/2177/2177 2186/2186/2186
f 2176/2176/2176 2186/2186/2186 2185/2185/2185
f 2178/2178/2178 2179/2179/2179 2188/2188/2188
f 2178/2178/2178 2188/2188/2188 2187/2187/2187
f 2179/2179/2179 2180/2180/2180 2189/2189/2189
f 2179/2179/2179 2189/2189/2189 2188/2188/2188
f 2180/2180/2180 2181/2181/2181 2190/2190/2190
f 2180/2180/2180 2190/2190/2190 2189/2189/2189
f 2181/2181/2181 2182/2182/2182 2191/2191/2191
f 2181/2181/2181 2191/2191/2191 2190/2190/2190
f 2182/2182/2182 2183/2183/2183 2192/2192/2192
f 2182/2182/2182 2192/2192/2192 2191/2191/2191
f 2183/2183/2183 2184/2184/2184 2193/2193/2193
f 2183/2183/2183 2193/2193/2193 2192/2192/2192
f 2184/2184/2184 2185/2185/2185 2194/2194/2194
f 2184/2184/2184 2194/2194/2194 2193/2193/2193
f 2185/2185/2185 2186/2186/2186 2195/2195/2195
f 2185/2185/2185 2195/2195/2195 2194/2194/2194
f 2187/2187/2187 2188/2188/2188 2197/2197/2197
f 2187/2187/2187 2197/2197/2197 2196/2196/2196
f 2188/2188/2188 2189/2189/2189 2198/2198/2198
f 2188/2188/2188 2198/2198/2198 2197/2197/2197
f 2189/2189/2189 2190/2190/2190 2199/2199/2199
f 2189/2189/2189 2199/2199/2199 2198/2198/2198
f 2190/2190/2190 2191/2191/2191 2200/2200/2200
f 2190/2190/2190 2200/2200/2200 2199/2199/2199
f 2191/2191/2191 2192/2192/2192 2201/2201/2201
f 2191/2191/2191 2201/2201/2201 2200/2200/2200
f 2192/2192/2192 2193/2193/2193 2202/2202/2202
f 2192/2192/2192 2202/2202/2202 2201/2201/2201
f 2193/2193/2193 2194/2194/2194 2203/2203/2203
f 2193/2193/2193 2203/2203/2203 2202/2202/2202
f 2194/2194/2194 2195/2195/2195 2204/2204/2204
f 2194/2194/2194 2204/2204/2204 2203/2203/2203
f 2196/2196/2196 2197/2197/2197 2206/2206/2206
f 2196/2196/2196 2206/2206/2206 2205/2205/2205
f 2197/2197/2197 2198/2198/2198 2207/2207/2207
f 2197/2197/2197 2207/2207/2207 2206/2206/2206
f 2198/2198/2198 2199/2199/2199 2208/2208/2208
f 2198/2198/2198 2208/2208/2208 2207/2207/2207
f 2199/2199/2199 2200/2200/2200 2209/2209/2209
f 2199/2199/2199 2209/2209/2209 2208/2208/2208
f 2200/2200/2200 2201/2201/2201 2210/2210/2210
f 2200/2200/2200 2210/2210/2210 2209/2209/2209
f 2201/2201/2201 2202/2202/2202 2211/2211/2211
f 2201/2201/2201 2211/2211/2211 2210/2210/2210
f 2202/2202/2202 2203/2203/2203 2212/2212/2212
f 2202/2202/2202 2212/2212/2212 2211/2211/2211
f 2203/2203/2203 2204/2204/2204 2213/2213/2213
f 2203/2203/2203 2213/2213/2213 2212/2212/2212
f 2214/2214/2214 2215/2215/2215 2224/2224/2224
f 2214/2214/2214 2224/2224/2224 2223/2223/2223
f 2215/2215/2215 2216/2216/2216 2225/2225/2225
f 2215/2215/2215 2225/2225/2225 2224/2224/2224
f 2216/2216/2216 2217/2217/2217 2226/2226/2226
f 2216/2216/2216 2226/2226/2226 2225/2225/2225
f 2217/2217/2217 2218/2218/2218 2227/2227/2227
f 2217/2217/2217 2227/2227/2227 2226/2226/2226
f 2218/2218/2218 2219/2219/2219 2228/2228/2228
f 2218/2218/2218 2228/2228/2228 2227/2227/2227
f 2219/2219/2219 2220/2220/2220 2229/2229/2229
f 2219/2219/2219 2229/2229/2229 2228/2228/2228
f 2220/2220/2220 2221/2221/2221 2230/2230/2230
f 2220/2220/2220 2230/2230/2230 2229/2229/2229
f 2221/2221/2221 2222/2222/2222 2231/2231/2231
f 2221/2221/2221 2231/2231/2231 2230/2230/2230
f 2223/2223/2223 2224/2224/2224 2233/2233/2233
f 2223/2223/2223 2233/2233/2233 2232/2232/2232
f 2224/2224/2224 2225/2225/2225 2234/2234/2234
f 2224/2224/2224 2234/2234/2234 2233/2233/2233
f 2225/2225/2225 2226/2226/2226 2235/2235/2235
f 2225/2225/2225 2235/2235/2235 2234/2234/2234
f 2226/2226/2226 2227/2227/2227 2236/2236/2236
f 2226/2226/2226 2236/2236/2236 2235/2235/2235
f 2227/2227/2227 2228/2228/2228 2237/2237/2237
f 2227/2227/2227 2237/2237/2237 2236/2236/2236
f 2228/2228/2228 2229/2229/2229 2238/2238/2238
f 2228/2228/2228 2238/2238/2238 2237/2237/2237
f 2229/2229/2229 2230/2230/2230 2239/2239/2239
f 2229/2229/2229 2239/2239/2239 2238/2238/2238
f 2230/2230/2230 2231/2231/2231 2240/2240/2240
f 2230/2230/2230 2240/2240/2240 2239/2239/2239
f 2232/2232/2232 2233/2233/2233 2242/2242/2242
f 2232/2232/2232 2242/2242/2242 2241/2241/2241
f 2233/2233/2233 2234/2234/2234 2243/2243/2243
f 2233/2233/2233 2243/2243/2243 2242/2242/2242
f 2234/2234/2234 2235/2235/2235 2244/2244/2244
f 2234/2234/2234 2244/2244/2244 2243/2243/2243
f 2235/2235/2235 2236/2236/2236 2245/2245/2245
f 2235/2235/2235 2245/2245/2245 2244/2244/2244
f 2236/2236/2236 2237/2237/2237 2246/2246/2246
f 2236/2236/2236 2246/2246/2246 2245/2245/2245
f 2237/2237/2237 2238/2238/2238 2247/2247/2247
f 2237/2237/2237 2247/2247/2247 2246/2246/2246
f 2238/2238/2238 2239/2239/2239 2248/2248/2248
f 2238/2238/2238 2248/2248/2248 2247/2247/2247
f 2239/2239/2239 2240/2240/2240 2249/2249/2249
f 2239/2239/2239 2249/2249/2249 2248/2248/2248
f 2241/2241/2241 2242/2242/2242 2251/2251/2251
f 2241/2241/2241 2251/2251/2251 2250/2250/2250
f 2242/2242/2242 2243/2243/2243 2252/2252/2252
f 2242/2242/2242 2252/2252/2252 2251/2251/2251
f 2243/2243/2243 2244/2244/2244 2253/2253/2253
f 2243/2243/2243 2253/2253/2253 2252/2252/2252
f 2244/2244/2244 2245/2245/2245 2254/2254/2254
f 2244/2244/2244 2254/2254/2254 2253/2253/2253
f 2245/2245/2245 2246/2246/2246 2255/2255/2255
f 2245/2245/2245 2255/2255/2255 2254/2254/2254
f 2246/2246/2246 2247/2247/2247 2256/2256/2256
f 2246/2246/2246 2256/2256/2256 2255/2255/2255
f 2247/2247/2247 2248/2248/2248 2257/2257/2257
f 2247/2247/2247 2257/2257/2257 2256/2256/2256
f 2248/2248/2248 2249/2249/2249 2258/2258/2258
f 2248/2248/2248 2258/2258/2258 2257/2257/2257
f 2259/2259/2259 2260/2260/2260 2269/2269/2269
f 2259/2259/2259 2269/2269/2269 2268/2268/2268
f 2260/2260/2260 2261/2261/2261 2270/2270/2270
f 2260/2260/2260 2270/2270/2270 2269/2269/2269
f 2261/2261/2261 2262/2262/2262 2271/2271/2271
f 2261/2261/2261 2271/2271/2271 2270/2270/2270
f 2262/2262/2262 2263/2263/2263 2272/2272/2272
f 2262/2262/2262 2272/2272/2272 2271/2271/2271
f 2263/2263/2263 2264/2264/2264 2273/2273/2273
f 2263/2263/2263 2273/2273/2273 2272/2272/2272
f 2264/2264/2264 2265/2265/2265 2274/2274/2274
f 2264/2264/2264 2274/2274/2274 2273/2273/2273
f 2265/2265/2265 2266/2266/2266 2275/2275/2275
f 2265/2265/2265 2275/2275/2275 2274/2274/2274
f 2266/2266/2266 2267/2267/2267 2276/2276/2276
f 2266/2266/2266 2276/2276/2276 2275/2275/2275
f 2268/2268/2268 2269/2269/2269 2278/2278/2278
f 2268/2268/2268 2278/2278/2278 2277/2277/2277
f 2269/2269/2269 2270/2270/2270 2279/2279/2279
f 2269/2269/2269 2279/2279/2279 2278/2278/2278
f 2270/2270/2270 2271/2271/2271 2280/2280/2280
f 2270/2270/2270 2280/2280/2280 2279/2279/2279
f 2271/2271/2271 2272/2272/2272 2281/2281/2281
f 2271/2271/2271 2281/2281/2281 2280/2280/2280
f 2272/2272/2272 2273/2273/2273 2282/2282/2282
f 2272/2272/2272 2282/2282/2282 2281/2281/2281
f 2273/2273/2273 2274/2274/2274 2283/2283/2283
f 2273/2273/2273 2283/2283/2283 2282/2282/2282
f 2274/2274/2274 2275/2275/2275 2284/2284/2284
f 2274/2274/2274 2284/2284/2284 2283/2283/2283
f 2275/2275/2275 2276/2276/2276 2285/2285/2285
f 2275/2275/2275 2285/2285/2285 2284/2284/2284
f 2277/2277/2277 2278/2278/2278 2287/2287/2287
f 2277/2277/2277 2287/2287/2287 2286/2286/2286
f 2278/2278/2278 2279/2279/2279 2288/2288/2288
f 2278/2278/2278 2288/2288/2288 2287/2287/2287
f 2279/2279/2279 2280/2280/2280 2289/2289/2289
f 2279/2279/2279 2289/2289/2289 2288/2288/2288
f 2280/2280/2280 2281/2281/2281 2290/2290/2290
f 2280/2280/2280 2290/2290/2290 2289/2289/2289
f 2281/2281/2281 2282/2282/2282 2291/2291/2291
f 2281/2281/2281 2291/2291/2291 2290/2290/2290
f 2282/2282/2282 2283/2283/2283 2292/2292/2292
f 2282/2282/2282 2292/2292/2292 2291/2291/2291
f 2283/2283/2283 2284/2284/2284 2293/2293/2293
f 2283/2283/2283 2293/2293/2293 2292/2292/2292
f 2284/2284/2284 2285/2285/2285 2294/2294/2294
f 2284/2284/2284 2294/2294/2294 2293/2293/2293
f 2286/2286/2286 2287/2287/2287 2296/2296/2296
f 2286/2286/2286 2296/2296/2296 2295/2295/2295
f 2287/2287/2287 2288/2288/2288 2297/2297/2297
f 2287/2287/2287 2297/2297/2297 2296/2296/2296
f 2288/2288/2288 2289/2289/2289 2298/2298/2298
f 2288/2288/2288 2298/2298/2298 2297/2297/2297
f 2289/2289/2289 2290/2290/2290 2299/2299/2299
f 2289/2289/2289 2299/2299/2299 2298/2298/2298
f 2290/2290/2290 2291/2291/2291 2300/2300/2300
f 2290/2290/2290 2300/2300/2300 2299/2299/2299
f 2291/2291/2291 2292/2292/2292 2301/2301/2301
f 2291/2291/2291 2301/2301/2301 2300/2300/2300
f 2292/2292/2292 2293/2293/2293 2302/2302/2302
f 2292/2292/2292 2302/2302/2302 2301/2301/2301
f 2293/2293/2293 2294/2294/2294 2303/2303/2303
f 2293/2293/2293 2303/2303/2303 2302/2302/2302
f 2304/2304/2304 2305/2305/2305 2314/2314/2314
f 2304/2304/2304 2314/2314/2314 2313/2313/2313
f 2305/2305/2305 2306/2306/2306 2315/2315/2315
f 2305/2305/2305 2315/2315/2315 2314/2314/2314
f 2306/2306/2306 2307/2307/2307 2316/2316/2316
f 2306/2306/2306 2316/2316/2316 2315/2315/2315
f 2307/2307/2307 2308/2308/2308 2317/2317/2317
f 2307/2307/2307 2317/2317/2317 2316/2316/2316
f 2308/2308/2308 2309/2309/2309 2318/2318/2318
f 2308/2308/2308 2318/2318/2318 2317/2317/2317
f 2309/2309/2309 2310/2310/2310 2319/2319/2319
f 2309/2309/2309 2319/2319/2319 2318/2318/2318
f 2310/2310/2310 2311/2311/2311 2320/2320/2320
f 2310/2310/2310 2320/2320/2320 2319/2319/2319
f 2311/2311/2311 2312/2312/2312 2321/2321/2321
f 2311/2311/2311 2321/2321/2321 2320/2320/2320
f 2313/2313/2313 2314/2314/2314 2323/2323/2323
f 2313/2313/2313 2323/2323/2323 2322/2322/2322
f 2314/2314/2314 2315/2315/2315 2324/2324/2324
f 2314/2314/2314 2324/2324/2324 2323/2323/2323
f 2315/2315/2315 2316/2316/2316 2325/2325/2325
f 2315/2315/2315 2325/2325/2325 2324/2324/2324
f 2316/2316/2316 2317/2317/2317 2326/2326/2326
f 2316/2316/2316 2326/2326/2326 2325/2325/2325
f 2317/2317/2317 2318/2318/2318 2327/2327/2327
f 2317/2317/2317 2327/2327/2327 2326/2326/2326
f 2318/2318/2318 2319/2319/2319 2328/2328/2328
f 2318/2318/2318 2328/2328/2328 2327/2327/2327
f 2319/2319/2319 2320/2320/2320 2329/2329/2329
f 2319/2319/2319 2329/2329/2329 2328/2328/2328
f 2320/2320/2320 2321/2321/2321 2330/2330/2330
f 2320/2320/2320 2330/2330/2330 2329/2329/2329
f 2322/2322/2322 2323/2323/2323 2332/2332/2332
f 2322/2322/2322 2332/2332/2332 2331/2331/2331
f 2323/2323/2323 2324/2324/2324 2333/2333/2333
f 2323/2323/2323 2333/2333/2333 2332/2332/2332
f 2324/2324/2324 2325/2325/2325 2334/2334/2334
f 2324/2324/2324 2334/2334/2334 2333/2333/2333
f 2325/2325/2325 2326/2326/2326 2335/2335/2335
f 2325/2325/2325 2335/2335/2335 2334/2334/2334
f 2326/2326/2326 2327/2327/2327 2336/2336/2336
f 2326/2326/2326 2336/2336/2336 2335/2335/2335
f 2327/2327/2327 2328/2328/2328 2337/2337/2337
f 2327/2327/2327 2337/2337/2337 2336/2336/2336
f 2328/2328/2328 2329/2329/2329 2338/2338/2338
f 2328/2328/2328 2338/2338/2338 2337/2337/2337
f 2329/2329/2329 2330/2330/2330 2339/2339/2339
f 2329/2329/2329 2339/2339/2339 2338/2338/2338
f 2331/2331/2331 2332/2332/2332 2341/2341/2341
f 2331/2331/2331 2341/2341/2341 2340/2340/2340
f 2332/2332/2332 2333/2333/2333 2342/2342/2342
f 2332/2332/2332 2342/2342/2342 2341/2341/2341
f 2333/2333/2333 2334/2334/2334 2343/2343/2343
f 2333/2333/2333 2343/2343/2343 2342/2342/2342
f 2334/2334/2334 2335/2335/2335 2344/2344/2344
f 2334/2334/2334 2344/2344/2344 2343/2343/2343
f 2335/2335/2335 2336/2336/2336 2345/2345/2345
f 2335/2335/2335 2345/2345/2345 2344/2344/2344
f 2336/2336/2336 2337/2337/2337 2346/2346/2346
f 2336/2336/2336 2346/2346/2346 2345/2345/2345
f 2337/2337/2337 2338/2338/2338 2347/2347/2347
f 2337/2337/2337 2347/2347/2347 2346/2346/2346
f 2338/2338/2338 2339/2339/2339 2348/2348/2348
f 2338/2338/2338 2348/2348/2348 2347/2347/2347
f 2349/2349/2349 2350/2350/2350 2359/2359/2359
f 2349/2349/2349 2359/2359/2359 2358/2358/2358
f 2350/2350/2350 2351/2351/2351 2360/2360/2360
f 2350/2350/2350 2360/2360/2360 2359/2359/2359
f 2351/2351/2351 2352/2352/2352 2361/2361/2361
f 2351/2351/2351 2361/2361/2361 2360/2360/2360
f 2352/2352/2352 2353/2353/2353 2362/2362/2362
f 2352/2352/2352 2362/2362/2362 2361/2361/2361
f 2353/2353/2353 2354/2354/2354 2363/2363/2363
f 2353/2353/2353 2363/2363/2363 2362/2362/2362
f 2354/2354/2354 2355/2355/2355 2364/2364/2364
f 2354/2354/2354 2364/2364/2364 2363/2363/2363
f 2355/2355/2355 2356/2356/2356 2365/2365/2365
f 2355/2355/2355 2365/2365/2365 2364/2364/2364
f 2356/2356/2356 2357/2357/2357 2366/2366/2366
f 2356/2356/2356 2366/2366/2366 2365/2365/2365
f 2358/2358/2358 2359/2359/2359 2368/2368/2368
f 2358/2358/2358 2368/2368/2368 2367/2367/2367
f 2359/2359/2359 2360/2360/2360 2369/2369/2369
f 2359/2359/2359 2369/2369/2369 2368/2368/2368
f 2360/2360/2360 2361/2361/2361 2370/2370/2370
f 2360/2360/2360 2370/2370/2370 2369/2369/2369
f 2361/2361/2361 2362/2362/2362 2371/2371/2371
f 2361/2361/2361 2371/2371/2371 2370/2370/2370
f 2362/2362/2362 2363/2363/2363 2372/2372/2372
f 2362/2362/2362 2372/2372/2372 2371/2371/2371
f 2363/2363/2363 2364/2364/2364 2373/2373/2373
f 2363/2363/2363 2373/2373/2373 2372/2372/2372
f 2364/2364/2364 2365/2365/2365 2374/2374/2374
f 2364/2364/2364 2374/2374/2374 2373/2373/2373
f 2365/2365/2365 2366/2366/2366 2375/2375/2375
f 2365/2365/2365 2375/2375/2375 2374/2374/2374
f 2367/2367/2367 2368/2368/2368 2377/2377/2377
f 2367/2367/2367 2377/2377/2377 2376/2376/2376
f 2368/2368/2368 2369/2369/2369 2378/2378/2378
f 2368/2368/2368 2378/2378/2378 2377/2377/2377
f 2369/2369/2369 2370/2370/2370 2379/2379/2379
f 2369/2369/2369 2379/2379/2379 2378/2378/2378
f 2370/2370/2370 2371/2371/2371 2380/2380/2380
f 2370/2370/2370 2380/2380/2380 2379/2379/2379
f 2371/2371/2371 2372/2372/2372 2381/2381/2381
f 2371/2371/2371 2381/2381/2381 2380/2380/2380
f 2372/2372/2372 2373/2373/2373 2382/2382/2382
f 2372/2372/2372 2382/2382/2382 2381/2381/2381
f 2373/2373/2373 2374/2374/2374 2383/2383/2383
f 2373/2373/2373 2383/2383/2383 2382/2382/2382
f 2374/2374/2374 2375/2375/2375 2384/2384/2384
f 2374/2374/2374 2384/2384/2384 2383/2383/2383
f 2376/2376/2376 2377/2377/2377 2386/2386/2386
f 2376/2376/2376 2386/2386/2386 2385/2385/2385
f 2377/2377/2377 2378/2378/2378 2387/2387/2387
f 2377/2377/2377 2387/2387/2387 2386/2386/2386
f 2378/2378/2378 2379/2379/2379 2388/2388/2388
f 2378/2378/2378 2388/2388/2388 2387/2387/2387
f 2379/2379/2379 2380/2380/2380 2389/2389/2389
f 2379/2379/2379 2389/2389/2389 2388/2388/2388
f 2380/2380/2380 2381/2381/2381 2390/2390/2390
f 2380/2380/2380 2390/2390/2390 2389/2389/2389
f 2381/2381/2381 2382/2382/2382 2391/2391/2391
f 2381/2381/2381 2391/2391/2391 2390/2390/2390
f 2382/2382/2382 2383/2383/2383 2392/2392/2392
f 2382/2382/2382 2392/2392/2392 2391/2391/2391
f 2383/2383/2383 2384/2384/2384 2393/2393/2393
f 2383/2383/2383 2393/2393/2393 2392/2392/2392
f 2394/2394/2394 2395/2395/2395 2402/2402/2402
f 2394/2394/2394 2402/2402/2402 2401/2401/2401
f 2395/2395/2395 2396/2396/2396 2403/2403/2403
f 2395/2395/2395 2403/2403/2403 2402/2402/2402
f 2396/2396/2396 2397/2397/2397 2404/2404/2404
f 2396/2396/2396 2404/2404/2404 2403/2403/2403
f 2397/2397/2397 2398/2398/2398 2405/2405/2405
f 2397/2397/2397 2405/2405/2405 2404/2404/2404
f 2398/2398/2398 2399/2399/2399 2406/2406/2406
f 2398/2398/2398 2406/2406/2406 2405/2405/2405
f 2399/2399/2399 2400/2400/2400 2407/2407/2407
f 2399/2399/2399 2407/2407/2407 2406/2406/2406
f 2401/2401/2401 2402/2402/2402 2409/2409/2409
f 2401/2401/2401 2409/2409/2409 2408/2408/2408
f 2402/2402/2402 2403/2403/2403 2410/2410/2410
f 2402/2402/2402 2410/2410/2410 2409/2409/2409
f 2403/2403/2403 2404/2404/2404 2411/2411/2411
f 2403/2403/2403 2411/2411/2411 2410/2410/2410
f 2404/2404/2404 2405/2405/2405 2412/2412/2412
f 2404/2404/2404 2412/2412/2412 2411/2411/2411
f 2405/2405/2405 2406/2406/2406 2413/2413/2413
f 2405/2405/2405 2413/2413/2413 2412/2412/2412
f 2406/2406/2406 2407/2407/2407 2414/2414/2414
f 2406/2406/2406 2414/2414/2414 2413/2413/2413
f 2408/2408/2408 2409/2409/2409 2416/2416/2416
f 2408/2408/2408 2416/2416/2416 2415/2415/2415
f 2409/2409/2409 2410/2410/2410 2417/2417/2417
f 2409/2409/2409 2417/2417/2417 2416/2416/2416
f 2410/2410/2410 2411/2411/2411 2418/2418/2418
f 2410/2410/2410 2418/2418/2418 2417/2417/2417
f 2411/2411/2411 2412/2412/2412 2419/2419/2419
f 2411/2411/2411 2419/2419/2419 2418/2418/2418
f 2412/2412/2412 2413/2413/2413 2420/2420/2420
f 2412/2412/2412 2420/2420/2420 2419/2419/2419
f 2413/2413/2413 2414/2414/2414 2421/2421/2421
f 2413/2413/2413 2421/2421/2421 2420/2420/2420
f 2415/2415/2415 2416/2416/2416 2423/2423/2423
f 2415/2415/2415 2423/2423/2423 2422/2422/2422
f 2416/2416/2416 2417/2417/2417 2424/2424/2424
f 2416/2416/2416 2424/2424/2424 2423/2423/2423
f 2417/2417/2417 2418/2418/2418 2425/2425/2425
f 2417/2417/2417 2425/2425/2425 2424/2424/2424
f 2418/2418/2418 2419/2419/2419 2426/2426/2426
f 2418/2418/2418 2426/2426/2426 2425/2425/2425
f 2419/2419/2419 2420/2420/2420 2427/2427/2427
f 2419/2419/2419 2427/2427/2427 2426/2426/2426
f 2420/2420/2420 2421/2421/2421 2428/2428/2428
f 2420/2420/2420 2428/2428/2428 2427/2427/2427
f 2429/2429/2429 2430/2430/2430 2439/2439/2439
f 2429/2429/2429 2439/2439/2439 2438/2438/2438
f 2430/2430/2430 2431/2431/2431 2440/2440/2440
f 2430/2430/2430 2440/2440/2440 2439/2439/2439
f 2431/2431/2431 2432/2432/2432 2441/2441/2441
f 2431/2431/2431 2441/2441/2441 2440/2440/2440
f 2432/2432/2432 2433/2433/2433 2442/2442/2442
f 2432/2432/2432 2442/2442/2442 2441/2441/2441
f 2433/2433/2433 2434/2434/2434 2443/2443/2443
f 2433/2433/2433 2443/2443/2443 2442/2442/2442
f 2434/2434/2434 2435/2435/2435 2444/2444/2444
f 2434/2434/2434 2444/2444/2444 2443/2443/2443
f 2435/2435/2435 2436/2436/2436 2445/2445/2445
f 2435/2435/2435 2445/2445/2445 2444/2444/2444
f 2436/2436/2436 2437/2437/2437 2446/2446/2446
f 2436/2436/2436 2446/2446/2446 2445/2445/2445
f 2438/2438/2438 2439/2439/2439 2448/2448/2448
f 2438/2438/2438 2448/2448/2448 2447/2447/2447
f 2439/2439/2439 2440/2440/2440 2449/2449/2449
f 2439/2439/2439 2449/2449/2449 2448/2448/2448
f 2440/2440/2440 2441/2441/2441 2450/2450/2450
f 2440/2440/2440 2450/2450/2450 2449/2449/2449
f 2441/2441/2441 2442/2442/2442 2451/2451/2451
f 2441/2441/2441 2451/2451/2451 2450/2450/2450
f 2442/2442/2442 2443/2443/2443 2452/2452/2452
f 2442/2442/2442 2452/2452/2452 2451/2451/2451
f 2443/2443/2443 2444/2444/2444 2453/2453/2453
f 2443/2443/2443 2453/2453/2453 2452/2452/2452
f 2444/2444/2444 2445/2445/2445 2454/2454/2454
f 2444/2444/2444 2454/2454/2454 2453/2453/2453
f 2445/2445/2445 2446/2446/2446 2455/2455/2455
f 2445/2445/2445 2455/2455/2455 2454/2454/2454
f 2447/2447/2447 2448/2448/2448 2457/2457/2457
f 2447/2447/2447 2457/2457/2457 2456/2456/2456
f 2448/2448/2448 2449/2449/2449 2458/2458/2458
f 2448/2448/2448 2458/2458/2458 2457/2457/2457
f 2449/2449/2449 2450/2450/2450 2459/2459/2459
f 2449/2449/2449 2459/2459/2459 2458/2458/2458
f 2450/2450/2450 2451/2451/2451 2460/2460/2460
f 2450/2450/2450 2460/2460/2460 2459/2459/2459
f 2451/2451/2451 2452/2452/2452 2461/2461/2461
f 2451/2451/2451 2461/2461/2461 2460/2460/2460
f 2452/2452/2452 2453/2453/2453 2462/2462/2462
f 2452/2452/2452 2462/2462/2462 2461/2461/2461
f 2453/2453/2453 2454/2454/2454 2463/2463/2463
f 2453/2453/2453 2463/2463/2463 2462/2462/2462
f 2454/2454/2454 2455/2455/2455 2464/2464/2464
f 2454/2454/2454 2464/2464/2464 2463/2463/2463
f 2456/2456/2456 2457/2457/2457 2466/2466/2466
f 2456/2456/2456 2466/2466/2466 2465/2465/2465
f 2457/2457/2457 2458/2458/2458 2467/2467/2467
f 2457/2457/2457 2467/2467/2467 2466/2466/2466
f 2458/2458/2458 2459/2459/2459 2468/2468/2468
f 2458/2458/2458 2468/2468/2468 2467/2467/2467
f 2459/2459/2459 2460/2460/2460 2469/2469/2469
f 2459/2459/2459 2469/2469/2469 2468/2468/2468
f 2460/2460/2460 2461/2461/2461 2470/2470/2470
f 2460/2460/2460 2470/2470/2470 2469/2469/2469
f 2461/2461/2461 2462/2462/2462 2471/2471/2471
f 2461/2461/2461 2471/2471/2471 2470/2470/2470
f 2462/2462/2462 2463/2463/2463 2472/2472/2472
f 2462/2462/2462 2472/2472/2472 2471/2471/2471
f 2463/2463/2463 2464/2464/2464 2473/2473/2473
f 2463/2463/2463 2473/2473/2473 2472/2472/2472
f 2474/2474/2474 2475/2475/2475 2484/2484/2484
f 2474/2474/2474 2484/2484/2484 2483/2483/2483
f 2475/2475/2475 2476/2476/2476 2485/2485/2485
f 2475/2475/2475 2485/2485/2485 2484/2484/2484
f 2476/2476/2476 2477/2477/2477 2486/2486/2486
f 2476/2476/2476 2486/2486/2486 2485/2485/2485
f 2477/2477/2477 2478/2478/2478 2487/2487/2487
f 2477/2477/2477 2487/2487/2487 2486/2486/2486
f 2478/2478/2478 2479/2479/2479 2488/2488/2488
f 2478/2478/2478 2488/2488/2488 2487/2487/2487
f 2479/2479/2479 2480/2480/2480 2489/2489/2489
f 2479/2479/2479 2489/2489/2489 2488/2488/2488
f 2480/2480/2480 2481/2481/2481 2490/2490/2490
f 2480/2480/2480 2490/2490/2490 2489/2489/2489
f 2481/2481/2481 2482/2482/2482 2491/2491/2491
f 2481/2481/2481 2491/2491/2491 2490/2490/2490
f 2483/2483/2483 2484/2484/2484 2493/2493/2493
f 2483/2483/2483 2493/2493/2493 2492/2492/2492
f 2484/2484/2484 2485/2485/2485 2494/2494/2494
f 2484/2484/2484 2494/2494/2494 2493/2493/2493
f 2485/2485/2485 2486/2486/2486 2495/2495/2495
f 2485/2485/2485 2495/2495/2495 2494/2494/2494
f 2486/2486/2486 2487/2487/2487 2496/2496/2496
f 2486/2486/2486 2496/2496/2496 2495/2495/2495
f 2487/2487/2487 2488/2488/2488 2497/2497/2497
f 2487/2487/2487 2497/2497/2497 2496/2496/2496
f 2488/2488/2488 2489/2489/2489 2498/2498/2498
f 2488/2488/2488 2498/2498/2498 2497/2497/2497
f 2489/2489/2489 2490/2490/2490 2499/2499/2499
f 2489/2489/2489 2499/2499/2499 2498/2498/2498
f 2490/2490/2490 2491/2491/2491 2500/2500/2500
f 2490/2490/2490 2500/2500/2500 2499/2499/2499
f 2492/2492/2492 2493/2493/2493 2502/2502/2502
f 2492/2492/2492 2502/2502/2502 2501/2501/2501
f 2493/2493/2493 2494/2494/2494 2503/2503/2503
f 2493/2493/2493 2503/2503/2503 2502/2502/2502
f 2494/2494/2494 2495/2495/2495 2504/2504/2504
f 2494/2494/2494 2504/2504/2504 2503/2503/2503
f 2495/2495/2495 2496/2496/2496 2505/2505/2505
f 2495/2495/2495 2505/2505/2505 2504/2504/2504
f 2496/2496/2496 2497/2497/2497 2506/2506/2506
f 2496/2496/2496 2506/2506/2506 2505/2505/2505
f 2497/2497/2497 2498/2498/2498 2507/2507/2507
f 2497/2497/2497 2507/2507/2507 2506/2506/2506
f 2498/2498/2498 2499/2499/2499 2508/2508/2508
f 2498/2498/2498 2508/2508/2508 2507/2507/2507
f 2499/2499/2499 2500/2500/2500 2509/2509/2509
f 2499/2499/2499 2509/2509/2509 2508/2508/2508
f 2501/2501/2501 2502/2502/2502 2511/2511/2511
f 2501/2501/2501 2511/2511/2511 2510/2510/2510
f 2502/2502/2502 2503/2503/2503 2512/2512/2512
f 2502/2502/2502 2512/2512/2512 2511/2511/2511
f 2503/2503/2503 2504/2504/2504 2513/2513/2513
f 2503/2503/2503 2513/2513/2513 2512/2512/2512
f 2504/2504/2504 2505/2505/2505 2514/2514/2514
f 2504/2504/2504 2514/2514/2514 2513/2513/2513
f 2505/2505/2505 2506/2506/2506 2515/2515/2515
f 2505/2505/2505 2515/2515/2515 2514/2514/2514
f 2506/2506/2506 2507/2507/2507 2516/2516/2516
f 2506/2506/2506 2516/2516/2516 2515/2515/2515
f 2507/2507/2507 2508/2508/2508 2517/2517/2517
f 2507/2507/2507 2517/2517/2517 2516/2516/2516
f 2508/2508/2508 2509/2509/2509 2518/2518/2518
f 2508/2508/2508 2518/2518/2518 2517/2517/2517
f 2519/2519/2519 2520/2520/2520 2529/2529/2529
f 2519/2519/2519 2529/2529/2529 2528/2528/2528
f 2520/2520/2520 2521/2521/2521 2530/2530/2530
f 2520/2520/2520 2530/2530/2530 2529/2529/2529
f 2521/2521/2521 2522/2522/2522 2531/2531/2531
f 2521/2521/2521 2531/2531/2531 2530/2530/2530
f 2522/2522/2522 2523/2523/2523 2532/2532/2532
f 2522/2522/2522 2532/2532/2532 2531/2531/2531
f 2523/2523/2523 2524/2524/2524 2533/2533/2533
f 2523/2523/2523 2533/2533/2533 2532/2532/2532
f 2524/2524/2524 2525/2525/2525 2534/2534/2534
f 2524/2524/2524 2534/2534/2534 2533/2533/2533
f 2525/2525/2525 2526/2526/2526 2535/2535/2535
f 2525/2525/2525 2535/2535/2535 2534/2534/2534
f 2526/2526/2526 2527/2527/2527 2536/2536/2536
f 2526/2526/2526 2536/2536/2536 2535/2535/2535
f 2528/2528/2528 2529/2529/2529 2538/2538/2538
f 2528/2528/2528 2538/2538/2538 2537/2537/2537
f 2529/2529/2529 2530/2530/2530 2539/2539/2539
f 2529/2529/2529 2539/2539/2539 2538/2538/2538
f 2530/2530/2530 2531/2531/2531 2540/2540/2540
f 2530/2530/2530 2540/2540/2540 2539/2539/2539
f 2531/2531/2531 2532/2532/2532 2541/2541/2541
f 2531/2531/2531 2541/2541/2541 2540/2540/2540
f 2532/2532/2532 2533/2533/2533 2542/2542/2542
f 2532/2532/2532 2542/2542/2542 2541/2541/2541
f 2533/2533/2533 2534/2534/2534 2543/2543/2543
f 2533/2533/2533 2543/2543/2543 2542/2542/2542
f 2534/2534/2534 2535/2535/2535 2544/2544/2544
f 2534/2534/2534 2544/2544/2544 2543/2543/2543
f 2535/2535/2535 2536/2536/2536 2545/2545/2545
f 2535/2535/2535 2545/2545/2545 2544/2544/2544
f 2537/2537/2537 2538/2538/2538 2547/2547/2547
f 2537/2537/2537 2547/2547/2547 2546/2546/2546
f 2538/2538/2538 2539/2539/2539 2548/2548/2548
f 2538/2538/2538 2548/2548/2548 2547/2547/2547
f 2539/2539/2539 2540/2540/2540 2549/2549/2549
f 2539/2539/2539 2549/2549/2549 2548/2548/2548
f 2540/2540/2540 2541/2541/2541 2550/2550/2550
f 2540/2540/2540 2550/2550/2550 2549/2549/2549
f 2541/2541/2541 2542/2542/2542 2551/2551/2551
f 2541/2541/2541 2551/2551/2551 2550/2550/2550
f 2542/2542/2542 2543/2543/2543 2552/2552/2552
f 2542/2542/2542 2552/2552/2552 2551/2551/2551
f 2543/2543/2543 2544/2544/2544 2553/2553/2553
f 2543/2543/2543 2553/2553/2553 2552/2552/2552
f 2544/2544/2544 2545/2545/2545 2554/2554/2554
f 2544/2544/2544 2554/2554/2554 2553/2553/2553
f 2546/2546/2546 2547/2547/2547 2556/2556/2556
f 2546/2546/2546 2556/2556/2556 2555/2555/2555
f 2547/2547/2547 2548/2548/2548 2557/2557/2557
f 2547/2547/2547 2557/2557/2557 2556/2556/2556
f 2548/2548/2548 2549/2549/2549 2558/2558/2558
f 2548/2548/2548 2558/2558/2558 2557/2557/2557
f 2549/2549/2549 2550/2550/2550 2559/2559/2559
f 2549/2549/2549 2559/2559/2559 2558/2558/2558
f 2550/2550/2550 2551/2551/2551 2560/2560/2560
f 2550/2550/2550 2560/2560/2560 2559/2559/2559
f 2551/2551/2551 2552/2552/2552 2561/2561/2561
f 2551/2551/2551 2561/2561/2561 2560/2560/2560
f 2552/2552/2552 2553/2553/2553 2562/2562/2562
f 2552/2552/2552 2562/2562/2562 2561/2561/2561
f 2553/2553/2553 2554/2554/2554 2563/2563/2563
f 2553/2553/2553 2563/2563/2563 2562/2562/2562
f 2564/2564/2564 2565/2565/2565 2574/2574/2574
f 2564/2564/2564 2574/2574/2574 2573/2573/2573
f 2565/2565/2565 2566/2566/2566 2575/2575/2575
f 2565/2565/2565 2575/2575/2575 2574/2574/2574
f 2566/2566/2566 2567/2567/2567 2576/2576/2576
f 2566/2566/2566 2576/2576/2576 2575/2575/2575
f 2567/2567/2567 2568/2568/2568 2577/2577/2577
f 2567/2567/2567 2577/2577/2577 2576/2576/2576
f 2568/2568/2568 2569/2569/2569 2578/2578/2578
f 2568/2568/2568 2578/2578/2578 2577/2577/2577
f 2569/2569/2569 2570/2570/2570 2579/2579/2579
f 2569/2569/2569 2579/2579/2579 2578/2578/2578
f 2570/2570/2570 2571/2571/2571 2580/2580/2580
f 2570/2570/2570 2580/2580/2580 2579/2579/2579
f 2571/2571/2571 2572/2572/2572 2581/2581/2581
f 2571/2571/2571 2581/2581/2581 2580/2580/2580
f 2573/2573/2573 2574/2574/2574 2583/2583/2583
f 2573/2573/2573 2583/2583/2583 2582/2582/2582
f 2574/2574/2574 2575/2575/2575 2584/2584/2584
f 2574/2574/2574 2584/2584/2584 2583/2583/2583
f 2575/2575/2575 2576/2576/2576 2585/2585/2585
f 2575/2575/2575 2585/2585/2585 2584/2584/2584
f 2576/2576/2576 2577/2577/2577 2586/2586/2586
f 2576/2576/2576 2586/2586/2586 2585/2585/2585
f 2577/2577/2577 2578/2578/2578 2587/2587/2587
f 2577/2577/2577 2587/2587/2587 2586/2586/2586
f 2578/2578/2578 2579/2579/2579 2588/2588/2588
f 2578/2578/2578 2588/2588/2588 2587/2587/2587
f 2579/2579/2579 2580/2580/2580 2589/2589/2589
f 2579/2579/2579 2589/2589/2589 2588/2588/2588
f 2580/2580/2580 2581/2581/2581 2590/2590/2590
f 2580/2580/2580 2590/2590/2590 2589/2589/2589
f 2582/2582/2582 2583/2583/2583 2592/2592/2592
f 2582/2582/2582 2592/2592/2592 2591/2591/2591
f 2583/2583/2583 2584/2584/2584 2593/2593/2593
f 2583/2583/2583 2593/2593/2593 2592/2592/2592
f 2584/2584/2584 2585/2585/2585 2594/2594/2594
f 2584/2584/2584 2594/2594/2594 2593/2593/2593
f 2585/2585/2585 2586/2586/2586 2595/2595/2595
f 2585/2585/2585 2595/2595/2595 2594/2594/2594
f 2586/2586/2586 2587/2587/2587 2596/2596/2596
f 2586/2586/2586 2596/2596/2596 2595/2595/2595
f 2587/2587/2587 2588/2588/2588 2597/2597/2597
f 2587/2587/2587 2597/2597/2597 2596/2596/2596
f 2588/2588/2588 2589/2589/2589 2598/2598/2598
f 2588/2588/2588 2598/2598/2598 2597/2597/2597
f 2589/2589/2589 2590/2590/2590 2599/2599/2599
f 2589/2589/2589 2599/2599/2599 2598/2598/2598
f 2591/2591/2591 2592/2592/2592 2601/2601/2601
f 2591/2591/2591 2601/2601/2601 2600/2600/2600
f 2592/2592/2592 2593/2593/2593 2602/2602/2602
f 2592/2592/2592 2602/2602/2602 2601/2601/2601
f 2593/2593/2593 2594/2594/2594 2603/2603/2603
f 2593/2593/2593 2603/2603/2603 2602/2602/2602
f 2594/2594/2594 2595/2595/2595 2604/2604/2604
f 2594/2594/2594 2604/2604/2604 2603/2603/2603
f 2595/2595/2595 2596/2596/2596 2605/2605/2605
f 2595/2595/2595 2605/2605/2605 2604/2604/2604
f 2596/2596/2596 2597/2597/2597 2606/2606/2606
f 2596/2596/2596 2606/2606/2606 2605/2605/2605
f 2597/2597/2597 2598/2598/2598 2607/2607/2607
f 2597/2597/2597 2607/2607/2607 2606/2606/2606
f 2598/2598/2598 2599/2599/2599 2608/2608/2608
f 2598/2598/2598 2608/2608/2608 2607/2607/2607
f 2609/2609/2609 2610/2610/2610 2619/2619/2619
f 2609/2609/2609 2619/2619/2619 2618/2618/2618
f 2610/2610/2610 2611/2611/2611 2620/2620/2620
f 2610/2610/2610 2620/2620/2620 2619/2619/2619
f 2611/2611/2611 2612/2612/2612 2621/2621/2621
f 2611/2611/2611 2621/2621/2621 2620/2620/2620
f 2612/2612/2612 2613/2613/2613 2622/2622/2622
f 2612/2612/2612 2622/2622/2622 2621/2621/2621
f 2613/2613/2613 2614/2614/2614 2623/2623/2623
f 2613/2613/2613 2623/2623/2623 2622/2622/2622
f 2614/2614/2614 2615/2615/2615 2624/2624/2624
f 2614/2614/2614 2624/2624/2624 2623/2623/2623
f 2615/2615/2615 2616/2616/2616 2625/2625/2625
f 2615/2615/2615 2625/2625/2625 2624/2624/2624
f 2616/2616/2616 2617/2617/2617 2626/2626/2626
f 2616/2616/2616 2626/2626/2626 2625/2625/2625
f 2618/2618/2618 2619/2619/2619 2628/2628/2628
f 2618/2618/2618 2628/2628/2628 2627/2627/2627
f 2619/2619/2619 2620/2620/2620 2629/2629/2629
f 2619/2619/2619 2629/2629/2629 2628/2628/2628
f 2620/2620/2620 2621/2621/2621 2630/2630/2630
f 2620/2620/2620 2630/2630/2630 2629/2629/2629
f 2621/2621/2621 2622/2622/2622 2631/2631/2631
f 2621/2621/2621 2631/2631/2631 2630/2630/2630
f 2622/2622/2622 2623/2623/2623 2632/2632/2632
f 2622/2622/2622 2632/2632/2632 2631/2631/2631
f 2623/2623/2623 2624/2624/2624 2633/2633/2633
f 2623/2623/2623 2633/2633/2633 2632/2632/2632
f 2624/2624/2624 2625/2625/2625 2634/2634/2634
f 2624/2624/2624 2634/2634/2634 2633/2633/2633
f 2625/2625/2625 2626/2626/2626 2635/2635/2635
f 2625/2625/2625 2635/2635/2635 2634/2634/2634
f 2627/2627/2627 2628/2628/2628 2637/2637/2637
f 2627/2627/2627 2637/2637/2637 2636/2636/2636
f 2628/2628/2628 2629/2629/2629 2638/2638/2638
f 2628/2628/2628 2638/2638/2638 2637/2637/2637
f 2629/2629/2629 2630/2630/2630 2639/2639/2639
f 2629/2629/2629 2639/2639/2639 2638/2638/2638
f 2630/2630/2630 2631/2631/2631 2640/2640/2640
f 2630/2630/2630 2640/2640/2640 2639/2639/2639
f 2631/2631/2631 2632/2632/2632 2641/2641/2641
f 2631/2631/2631 2641/2641/2641 2640/2640/2640
f 2632/2632/2632 2633/2633/2633 2642/2642/2642
f 2632/2632/2632 2642/2642/2642 2641/2641/2641
f 2633/2633/2633 2634/2634/2634 2643/2643/2643
f 2633/2633/2633 2643/2643/2643 2642/2642/2642
f 2634/2634/2634 2635/2635/2635 2644/2644/2644
f 2634/2634/2634 2644/2644/2644 2643/2643/2643
f 2636/2636/2636 2637/2637/2637 2646/2646/2646
f 2636/2636/2636 2646/2646/2646 2645/2645/2645
f 2637/2637/2637 2638/2638/2638 2647/2647/2647
f 2637/2637/2637 2647/2647/2647 2646/2646/2646
f 2638/2638/2638 2639/2639/2639 2648/2648/2648
f 2638/2638/2638 2648/2648/2648 2647/2647/2647
f 2639/2639/2639 2640/2640/2640 2649/2649/2649
f 2639/2639/2639 2649/2649/2649 2648/2648/2648
f 2640/2640/2640 2641/2641/2641 2650/2650/2650
f 2640/2640/2640 2650/2650/2650 2649/2649/2649
f 2641/2641/2641 2642/2642/2642 2651/2651/2651
f 2641/2641/2641 2651/2651/2651 2650/2650/2650
f 2642/2642/2642 2643/2643/2643 2652/2652/2652
f 2642/2642/2642 2652/2652/2652 2651/2651/2651
f 2643/2643/2643 2644/2644/2644 2653/2653/2653
f 2643/2643/2643 2653/2653/2653 2652/2652/2652
f 2654/2654/2654 2655/2655/2655 2662/2662/2662
f 2654/2654/2654 2662/2662/2662 2661/2661/2661
f 2655/2655/2655 2656/2656/2656 2663/2663/2663
f 2655/2655/2655 2663/2663/2663 2662/2662/2662
f 2656/2656/2656 2657/2657/2657 2664/2664/2664
f 2656/2656/2656 2664/2664/2664 2663/2663/2663
f 2657/2657/2657 2658/2658/2658 2665/2665/2665
f 2657/2657/2657 2665/2665/2665 2664/2664/2664
f 2658/2658/2658 2659/2659/2659 2666/2666/2666
f 2658/2658/2658 2666/2666/2666 2665/2665/2665
f 2659/2659/2659 2660/2660/2660 2667/2667/2667
f 2659/2659/2659 2667/2667/2667 2666/2666/2666
f 2661/2661/2661 2662/2662/2662 2669/2669/2669
f 2661/2661/2661 2669/2669/2669 2668/2668/2668
f 2662/2662/2662 2663/2663/2663 2670/2670/2670
f 2662/2662/2662 2670/2670/2670 2669/2669/2669
f 2663/2663/2663 2664/2664/2664 2671/2671/2671
f 2663/2663/2663 2671/2671/2671 2670/2670/2670
f 2664/2664/2664 2665/2665/2665 2672/2672/2672
f 2664/2664/2664 2672/2672/2672 2671/2671/2671
f 2665/2665/2665 2666/2666/2666 2673/2673/2673
f 2665/2665/2665 2673/2673/2673 2672/2672/2672
f 2666/2666/2666 2667/2667/2667 2674/2674/2674
f 2666/2666/2666 2674/2674/2674 2673/2673/2673
f 2668/2668/2668 2669/2669/2669 2676/2676/2676
f 2668/2668/2668 2676/2676/2676 2675/2675/2675
f 2669/2669/2669 2670/2670/2670 2677/2677/2677
f 2669/2669/2669 2677/2677/2677 2676/2676/2676
f 2670/2670/2670 2671/2671/2671 2678/2678/2678
f 2670/2670/2670 2678/2678/2678 2677/2677/2677
f 2671/2671/2671 2672/2672/2672 2679/2679/2679
f 2671/2671/2671 2679/2679/2679 2678/2678/2678
f 2672/2672/2672 2673/2673/2673 2680/2680/2680
f 2672/2672/2672 2680/2680/2680 2679/2679/2679
f 2673/2673/2673 2674/2674/2674 2681/2681/2681
f 2673/2673/2673 2681/2681/2681 2680/2680/2680
f 2675/2675/2675 2676/2676/2676 2683/2683/2683
f 2675/2675/2675 2683/2683/2683 2682/2682/2682
f 2676/2676/2676 2677/2677/2677 2684/2684/2684
f 2676/2676/2676 2684/2684/2684 2683/2683/2683
f 2677/2677/2677 2678/2678/2678 2685/2685/2685
f 2677/2677/2677 2685/2685/2685 2684/2684/2684
f 2678/2678/2678 2679/2679/2679 2686/2686/2686
f 2678/2678/2678 2686/2686/2686 2685/2685/2685
f 2679/2679/2679 2680/2680/2680 2687/2687/2687
f 2679/2679/2679 2687/2687/2687 2686/2686/2686
f 2680/2680/2680 2681/2681/2681 2688/2688/2688
f 2680/2680/2680 2688/2688/2688 2687/2687/2687
f 2689/2689/2689 2690/2690/2690 2699/2699/2699
f 2689/2689/2689 2699/2699/2699 2698/2698/2698
f 2690/2690/2690 2691/2691/2691 2700/2700/2700
f 2690/2690/2690 2700/2700/2700 2699/2699/2699
f 2691/2691/2691 2692/2692/2692 2701/2701/2701
f 2691/2691/2691 2701/2701/2701 2700/2700/2700
f 2692/2692/2692 2693/2693/2693 2702/2702/2702
f 2692/2692/2692 2702/2702/2702 2701/2701/2701
f 2693/2693/2693 2694/2694/2694 2703/2703/2703
f 2693/2693/2693 2703/2703/2703 2702/2702/2702
f 2694/2694/2694 2695/2695/2695 2704/2704/2704
f 2694/2694/2694 2704/2704/2704 2703/2703/2703
f 2695/2695/2695 2696/2696/2696 2705/2705/2705
f 2695/2695/2695 2705/2705/2705 2704/2704/2704
f 2696/2696/2696 2697/2697/2697 2706/2706/2706
f 2696/2696/2696 2706/2706/2706 2705/2705/2705
f 2698/2698/2698 2699/2699/2699 2708/2708/2708
f 2698/2698/2698 2708/2708/2708 2707/2707/2707
f 2699/2699/2699 2700/2700/2700 2709/2709/2709
f 2699/2699/2699 2709/2709/2709 2708/2708/2708
f 2700/2700/2700 2701/2701/2701 2710/2710/2710
f 2700/2700/2700 2710/2710/2710 2709/2709/2709
f 2701/2701/2701 2702/2702/2702 2711/2711/2711
f 2701/2701/2701 2711/2711/2711 2710/2710/2710
f 2702/2702/2702 2703/2703/2703 2712/2712/2712
f 2702/2702/2702 2712/2712/2712 2711/2711/2711
f 2703/2703/2703 2704/2704/2704 2713/2713/2713
f 2703/2703/2703 2713/2713/2713 2712/2712/2712
f 2704/2704/2704 2705/2705/2705 2714/2714/2714
f 2704/2704/2704 2714/2714/2714 2713/2713/2713
f 2705/2705/2705 2706/2706/2706 2715/2715/2715
f 2705/2705/2705 2715/2715/2715 2714/2714/2714
f 2707/2707/2707 2708/2708/2708 2717/2717/2717
f 2707/2707/2707 2717/2717/2717 2716/2716/2716
f 2708/2708/2708 2709/2709/2709 2718/2718/2718
f 2708/2708/2708 2718/2718/2718 2717/2717/2717
f 2709/2709/2709 2710/2710/2710 2719/2719/2719
f 2709/2709/2709 2719/2719/2719 2718/2718/2718
f 2710/2710/2710 2711/2711/2711 2720/2720/2720
f 2710/2710/2710 2720/2720/2720 2719/2719/2719
f 2711/2711/2711 2712/2712/2712 2721/2721/2721
f 2711/2711/2711 2721/2721/2721 2720/2720/2720
f 2712/2712/2712 2713/2713/2713 2722/2722/2722
f 2712/2712/2712 2722/2722/2722 2721/2721/2721
f 2713/2713/2713 2714/2714/2714 2723/2723/2723
f 2713/2713/2713 2723/2723/2723 2722/2722/2722
f 2714/2714/2714 2715/2715/2715 2724/2724/2724
f 2714/2714/2714 2724/2724/2724 2723/2723/2723
f 2716/2716/2716 2717/2717/2717 2726/2726/2726
f 2716/2716/2716 2726/2726/2726 2725/2725/2725
f 2717/2717/2717 2718/2718/2718 2727/2727/2727
f 2717/2717/2717 2727/2727/2727 2726/2726/2726
f 2718/2718/2718 2719/2719/2719 2728/2728/2728
f 2718/2718/2718 2728/2728/2728 2727/2727/2727
f 2719/2719/2719 2720/2720/2720 2729/2729/2729
f 2719/2719/2719 2729/2729/2729 2728/2728/2728
f 2720/2720/2720 2721/2721/2721 2730/2730/2730
f 2720/2720/2720 2730/2730/2730 2729/2729/2729
f 2721/2721/2721 2722/2722/2722 2731/2731/2731
f 2721/2721/2721 2731/2731/2731 2730/2730/2730
f 2722/2722/2722 2723/2723/2723 2732/2732/2732
f 2722/2722/2722 2732/2732/2732 2731/2731/2731
f 2723/2723/2723 2724/2724/2724 2733/2733/2733
f 2723/2723/2723 2733/2733/2733 2732/2732/2732
f 2734/2734/2734 2735/2735/2735 2744/2744/2744
f 2734/2734/2734 2744/2744/2744 2743/2743/2743
f 2735/2735/2735 2736/2736/2736 2745/2745/2745
f 2735/2735/2735 2745/2745/2745 2744/2744/2744
f 2736/2736/2736 2737/2737/2737 2746/2746/2746
f 2736/2736/2736 2746/2746/2746 2745/2745/2745
f 2737/2737/2737 2738/2738/2738 2747/2747/2747
f 2737/2737/2737 2747/2747/2747 2746/2746/2746
f 2738/2738/2738 2739/2739/2739 2748/2748/2748
f 2738/2738/2738 2748/2748/2748 2747/2747/2747
f 2739/2739/2739 2740/2740/2740 2749/2749/2749
f 2739/2739/2739 2749/2749/2749 2748/2748/2748
f 2740/2740/2740 2741/2741/2741 2750/2750/2750
f 2740/2740/2740 2750/2750/2750 2749/2749/2749
f 2741/2741/2741 2742/2742/2742 2751/2751/2751
f 2741/2741/2741 2751/2751/2751 2750/2750/2750
f 2743/2743/2743 2744/2744/2744 2753/2753/2753
f 2743/2743/2743 2753/2753/2753 2752/2752/2752
f 2744/2744/2744 2745/2745/2745 2754/2754/2754
f 2744/2744/2744 2754/2754/2754 2753/2753/2753
f 2745/2745/2745 2746/2746/2746 2755/2755/2755
f 2745/2745/2745 2755/2755/2755 2754/2754/2754
f 2746/2746/2746 2747/2747/2747 2756/2756/2756
f 2746/2746/2746 2756/2756/2756 2755/2755/2755
f 2747/2747/2747 2748/2748/2748 2757/2757/2757
f 2747/2747/2747 2757/2757/2757 2756/2756/2756
f 2748/2748/2748 2749/2749/2749 2758/2758/2758
f 2748/2748/2748 2758/2758/2758 2757/2757/2757
f 2749/2749/2749 2750/2750/2750 2759/2759/2759
f 2749/2749/2749 2759/2759/2759 2758/2758/2758
f 2750/2750/2750 2751/2751/2751 2760/2760/2760
f 2750/2750/2750 2760/2760/2760 2759/2759/2759
f 2752/2752/2752 2753/2753/2753 2762/2762/2762
f 2752/2752/2752 2762/2762/2762 2761/2761/2761
f 2753/2753/2753 2754/2754/2754 2763/2763/2763
f 2753/2753/2753 2763/2763/2763 2762/2762/2762
f 2754/2754/2754 2755/2755/2755 2764/2764/2764
f 2754/2754/2754 2764/2764/2764 2763/2763/2763
f 2755/2755/2755 2756/2756/2756 2765/2765/2765
f 2755/2755/2755 2765/2765/2765 2764/2764/2764
f 2756/2756/2756 2757/2757/2757 2766/2766/2766
f 2756/2756/2756 2766/2766/2766 2765/2765/2765
f 2757/2757/2757 2758/2758/2758 2767/2767/2767
f 2757/2757/2757 2767/2767/2767 2766/2766/2766
f 2758/2758/2758 2759/2759/2759 2768/2768/2768
f 2758/2758/2758 2768/2768/2768 2767/2767/2767
f 2759/2759/2759 2760/2760/2760 2769/2769/2769
f 2759/2759/2759 2769/2769/2769 2768/2768/2768
f 2761/2761/2761 2762/2762/2762 2771/2771/2771
f 2761/2761/2761 2771/2771/2771 2770/2770/2770
f 2762/2762/2762 2763/2763/2763 2772/2772/2772
f 2762/2762/2762 2772/2772/2772 2771/2771/2771
f 2763/2763/2763 2764/2764/2764 2773/2773/2773
f 2763/2763/2763 2773/2773/2773 2772/2772/2772
f 2764/2764/2764 2765/2765/2765 2774/2774/2774
f 2764/2764/2764 2774/2774/2774 2773/2773/2773
f 2765/2765/2765 2766/2766/2766 2775/2775/2775
f 2765/2765/2765 2775/2775/2775 2774/2774/2774
f 2766/2766/2766 2767/2767/2767 2776/2776/2776
f 2766/2766/2766 2776/2776/2776 2775/2775/2775
f 2767/2767/2767 2768/2768/2768 2777/2777/2777
f 2767/2767/2767 2777/2777/2777 2776/2776/2776
f 2768/2768/2768 2769/2769/2769 2778/2778/2778
f 2768/2768/2768 2778/2778/2778 2777/2777/2777
f 2779/2779/2779 2780/2780/2780 2789/2789/2789
f 2779/2779/2779 2789/2789/2789 2788/2788/2788
f 2780/2780/2780 2781/2781/2781 2790/2790/2790
f 2780/2780/2780 2790/2790/2790 2789/2789/2789
f 2781/2781/2781 2782/2782/2782 2791/2791/2791
f 2781/2781/2781 2791/2791/2791 2790/2790/2790
f 2782/2782/2782 2783/2783/2783 2792/2792/2792
f 2782/2782/2782 2792/2792/2792 2791/2791/2791
f 2783/2783/2783 2784/2784/2784 2793/2793/2793
f 2783/2783/2783 2793/2793/2793 2792/2792/2792
f 2784/2784/2784 2785/2785/2785 2794/2794/2794
f 2784/2784/2784 2794/2794/2794 2793/2793/2793
f 2785/2785/2785 2786/2786/2786 2795/2795/2795
f 2785/2785/2785 2795/2795/2795 2794/2794/2794
f 2786/2786/2786 2787/2787/2787 2796/2796/2796
f 2786/2786/2786 2796/2796/2796 2795/2795/2795
f 2788/2788/2788 2789/2789/2789 2798/2798/2798
f 2788/2788/2788 2798/2798/2798 2797/2797/2797
f 2789/2789/2789 2790/2790/2790 2799/2799/2799
f 2789/2789/2789 2799/2799/2799 2798/2798/2798
f 2790/2790/2790 2791/2791/2791 2800/2800/2800
f 2790/2790/2790 2800/2800/2800 2799/2799/2799
f 2791/2791/2791 2792/2792/2792 2801/2801/2801
f 2791/2791/2791 2801/2801/2801 2800/2800/2800
f 2792/2792/2792 2793/2793/2793 2802/2802/2802
f 2792/2792/2792 2802/2802/2802 2801/2801/2801
f 2793/2793/2793 2794/2794/2794 2803/2803/2803
f 2793/2793/2793 2803/2803/2803 2802/2802/2802
f 2794/2794/2794 2795/2795/2795 2804/2804/2804
f 2794/2794/2794 2804/2804/2804 2803/2803/2803
f 2795/2795/2795 2796/2796/2796 2805/2805/2805
f 2795/2795/2795 2805/2805/2805 2804/2804/2804
f 2797/2797/2797 2798/2798/2798 2807/2807/2807
f 2797/2797/2797 2807/2807/2807 2806/2806/2806
f 2798/2798/2798 2799/2799/2799 2808/2808/2808
f 2798/2798/2798 2808/2808/2808 2807/2807/2807
f 2799/2799/2799 2800/2800/2800 2809/2809/2809
f 2799/2799/2799 2809/2809/2809 2808/2808/2808
f 2800/2800/2800 2801/2801/2801 2810/2810/2810
f 2800/2800/2800 2810/2810/2810 2809/2809/2809
f 2801/2801/2801 2802/2802/2802 2811/2811/2811
f 2801/2801/2801 2811/2811/2811 2810/2810/2810
f 2802/2802/2802 2803/2803/2803 2812/2812/2812
f 2802/2802/2802 2812/2812/2812 2811/2811/2811
f 2803/2803/2803 2804/2804/2804 2813/2813/2813
f 2803/2803/2803 2813/2813/2813 2812/2812/2812
f 2804/2804/2804 2805/2805/2805 2814/2814/2814
f 2804/2804/2804 2814/2814/2814 2813/2813/2813
f 2806/2806/2806 2807/2807/2807 2816/2816/2816
f 2806/2806/2806 2816/2816/2816 2815/2815/2815
f 2807/2807/2807 2808/2808/2808 2817/2817/2817
f 2807/2807/2807 2817/2817/2817 2816/2816/2816
f 2808/2808/2808 2809/2809/2809 2818/2818/2818
f 2808/2808/2808 2818/2818/2818 2817/2817/2817
f 2809/2809/2809 2810/2810/2810 2819/2819/2819
f 2809/2809/2809 2819/2819/2819 2818/2818/2818
f 2810/2810/2810 2811/2811/2811 2820/2820/2820
f 2810/2810/2810 2820/2820/2820 2819/2819/2819
f 2811/2811/2811 2812/2812/2812 2821/2821/2821
f 2811/2811/2811 2821/2821/2821 2820/2820/2820
f 2812/2812/2812 2813/2813/2813 2822/2822/2822
f 2812/2812/2812 2822/2822/2822 2821/2821/2821
f 2813/2813/2813 2814/2814/2814 2823/2823/2823
f 2813/2813/2813 2823/2823/2823 2822/2822/2822
f 2824/2824/2824 2825/2825/2825 2834/2834/2834
f 2824/2824/2824 2834/2834/2834 2833/2833/2833
f 2825/2825/2825 2826/2826/2826 2835/2835/2835
f 2825/2825/2825 2835/2835/2835 2834/2834/2834
f 2826/2826/2826 2827/2827/2827 2836/2836/2836
f 2826/2826/2826 2836/2836/2836 2835/2835/2835
f 2827/2827/2827 2828/2828/2828 2837/2837/2837
f 2827/2827/2827 2837/2837/2837 2836/2836/2836
f 2828/2828/2828 2829/2829/2829 2838/2838/2838
f 2828/2828/2828 2838/2838/2838 2837/2837/2837
f 2829/2829/2829 2830/2830/2830 2839/2839/2839
f 2829/2829/2829 2839/2839/2839 2838/2838/2838
f 2830/2830/2830 2831/2831/2831 2840/2840/2840
f 2830/2830/2830 2840/2840/2840 2839/2839/2839
f 2831/2831/2831 2832/2832/2832 2841/2841/2841
f 2831/2831/2831 2841/2841/2841 2840/2840/2840
f 2833/2833/2833 2834/2834/2834 2843/2843/2843
f 2833/2833/2833 2843/2843/2843 2842/2842/2842
f 2834/2834/2834 2835/2835/2835 2844/2844/2844
f 2834/2834/2834 2844/2844/2844 2843/2843/2843
f 2835/2835/2835 2836/2836/2836 2845/2845/2845
f 2835/2835/2835 2845/2845/2845 2844/2844/2844
f 2836/2836/2836 2837/2837/2837 2846/2846/2846
f 2836/2836/2836 2846/2846/2846 2845/2845/2845
f 2837/2837/2837 2838/2838/2838 2847/2847/2847
f 2837/2837/2837 2847/2847/2847 2846/2846/2846
f 2838/2838/2838 2839/2839/2839 2848/2848/2848
f 2838/2838/2838 2848/2848/2848 2847/2847/2847
f 2839/2839/2839 2840/2840/2840 2849/2849/2849
f 2839/2839/2839 2849/2849/2849 2848/2848/2848
f 2840/2840/2840 2841/2841/2841 2850/2850/2850
f 2840/2840/2840 2850/2850/2850 2849/2849/2849
f 2842/2842/2842 2843/2843/2843 2852/2852/2852
f 2842/2842/2842 2852/2852/2852 2851/2851/2851
f 2843/2843/2843 2844/2844/2844 2853/2853/2853
f 2843/2843/2843 2853/2853/2853 2852/2852/2852
f 2844/2844/2844 2845/2845/2845 2854/2854/2854
f 2844/2844/2844 2854/2854/2854 2853/2853/2853
f 2845/2845/2845 2846/2846/2846 2855/2855/2855
f 2845/2845/2845 2855/2855/2855 2854/2854/2854
f 2846/2846/2846 2847/2847/2847 2856/2856/2856
f 2846/2846/2846 2856/2856/2856 2855/2855/2855
f 2847/2847/2847 2848/2848/2848 2857/2857/2857
f 2847/2847/2847 2857/2857/2857 2856/2856/2856
f 2848/2848/2848 2849/2849/2849 2858/2858/2858
f 2848/2848/2848 2858/2858/2858 2857/2857/2857
f 2849/2849/2849 2850/2850/2850 2859/2859/2859
f 2849/2849/2849 2859/2859/2859 2858/2858/2858
f 2851/2851/2851 2852/2852/2852 2861/2861/2861
f 2851/2851/2851 2861/2861/2861 2860/2860/2860
f 2852/2852/2852 2853/2853/2853 2862/2862/2862
f 2852/2852/2852 2862/2862/2862 2861/2861/2861
f 2853/2853/2853 2854/2854/2854 2863/2863/2863
f 2853/2853/2853 2863/2863/2863 2862/2862/2862
f 2854/2854/2854 2855/2855/2855 2864/2864/2864
f 2854/2854/2854 2864/2864/2864 2863/2863/2863
f 2855/2855/2855 2856/2856/2856 2865/2865/2865
f 2855/2855/2855 2865/2865/2865 2864/2864/2864
f 2856/2856/2856 2857/2857/2857 2866/2866/2866
f 2856/2856/2856 2866/2866/2866 2865/2865/2865
f 2857/2857/2857 2858/2858/2858 2867/2867/2867
f 2857/2857/2857 2867/2867/2867 2866/2866/2866
f 2858/2858/2858 2859/2859/2859 2868/2868/2868
f 2858/2858/2858 2868/2868/2868 2867/2867/2867
f 2869/2869/2869 2870/2870/2870 2879/2879/2879
f 2869/2869/2869 2879/2879/2879 2878/2878/2878
f 2870/2870/2870 2871/2871/2871 2880/2880/2880
f 2870/2870/2870 2880/2880/2880 2879/2879/2879
f 2871/2871/2871 2872/2872/2872 2881/2881/2881
f 2871/2871/2871 2881/2881/2881 2880/2880/2880
f 2872/2872/2872 2873/2873/2873 2882/2882/2882
f 2872/2872/2872 2882/2882/2882 2881/2881/2881
f 2873/2873/2873 2874/2874/2874 2883/2883/2883
f 2873/2873/2873 2883/2883/2883 2882/2882/2882
f 2874/2874/2874 2875/2875/2875 2884/2884/2884
f 2874/2874/2874 2884/2884/2884 2883/2883/2883
f 2875/2875/2875 2876/2876/2876 2885/2885/2885
f 2875/2875/2875 2885/2885/2885 2884/2884/2884
f 2876/2876/2876 2877/2877/2877 2886/2886/2886
f 2876/2876/2876 2886/2886/2886 2885/2885/2885
f 2878/2878/2878 2879/2879/2879 2888/2888/2888
f 2878/2878/2878 2888/2888/2888 2887/2887/2887
f 2879/2879/2879 2880/2880/2880 2889/2889/2889
f 2879/2879/2879 2889/2889/2889 2888/2888/2888
f 2880/2880/2880 2881/2881/2881 2890/2890/2890
f 2880/2880/2880 2890/2890/2890 2889/2889/2889
f 2881/2881/2881 2882/2882/2882 2891/2891/2891
f 2881/2881/2881 2891/2891/2891 2890/2890/2890
f 2882/2882/2882 2883/2883/2883 2892/2892/2892
f 2882/2882/2882 2892/2892/2892 2891/2891/2891
f 2883/2883/2883 2884/2884/2884 2893/2893/2893
f 2883/2883/2883 2893/2893/2893 2892/2892/2892
f 2884/2884/2884 2885/2885/2885 2894/2894/2894
f 2884/2884/2884 2894/2894/2894 2893/2893/2893
f 2885/2885/2885 2886/2886/2886 2895/2895/2895
f 2885/2885/2885 2895/2895/2895 2894/2894/2894
f 2887/2887/2887 2888/2888/2888 2897/2897/2897
f 2887/2887/2887 2897/2897/2897 2896/2896/2896
f 2888/2888/2888 2889/2889/2889 2898/2898/2898
f 2888/2888/2888 2898/2898/2898 2897/2897/2897
f 2889/2889/2889 2890/2890/2890 2899/2899/2899
f 2889/2889/2889 2899/2899/2899 2898/2898/2898
f 2890/2890/2890 2891/2891/2891 2900/2900/2900
f 2890/2890/2890 2900/2900/2900 2899/2899/2899
f 2891/2891/2891 2892/2892/2892 2901/2901/2901
f 2891/2891/2891 2901/2901/2901 2900/2900/2900
f 2892/2892/2892 2893/2893/2893 2902/2902/2902
f 2892/2892/2892 2902/2902/2902 2901/2901/2901
f 2893/2893/2893 2894/2894/2894 2903/2903/2903
f 2893/2893/2893 2903/2903/2903 2902/2902/2902
f 2894/2894/2894 2895/2895/2895 2904/2904/2904
f 2894/2894/2894 2904/2904/2904 2903/2903/2903
f 2896/2896/2896 2897/2897/2897 2906/2906/2906
f 2896/2896/2896 2906/2906/2906 2905/2905/2905
f 2897/2897/2897 2898/2898/2898 2907/2907/2907
f 2897/2897/2897 2907/2907/2907 2906/2906/2906
f 2898/2898/2898 2899/2899/2899 2908/2908/2908
f 2898/2898/2898 2908/2908/2908 2907/2907/2907
f 2899/2899/2899 2900/2900/2900 2909/2909/2909
f 2899/2899/2899 2909/2909/2909 2908/2908/2908
f 2900/2900/2900 2901/2901/2901 2910/2910/2910
f 2900/2900/2900 2910/2910/2910 2909/2909/2909
f 2901/2901/2901 2902/2902/2902 2911/2911/2911
f 2901/2901/2901 2911/2911/2911 2910/2910/2910
f 2902/2902/2902 2903/2903/2903 2912/2912/2912
f 2902/2902/2902 2912/2912/2912 2911/2911/2911
f 2903/2903/2903 2904/2904/2904 2913/2913/2913
f 2903/2903/2903 2913/2913/2913 2912/2912/2912
f 2914/2914/2914 2915/2915/2915 2922/2922/2922
f 2914/2914/2914 2922/2922/2922 2921/2921/2921
f 2915/2915/2915 2916/2916/2916 2923/2923/2923
f 2915/2915/2915 2923/2923/2923 2922/2922/2922
f 2916/2916/2916 2917/2917/2917 2924/2924/2924
f 2916/2916/2916 2924/2924/2924 2923/2923/2923
f 2917/2917/2917 2918/2918/2918 2925/2925/2925
f 2917/2917/2917 2925/2925/2925 2924/2924/2924
f 2918/2918/2918 2919/2919/2919 2926/2926/2926
f 2918/2918/2918 2926/2926/2926 2925/2925/2925
f 2919/2919/2919 2920/2920/2920 2927/2927/2927
f 2919/2919/2919 2927/2927/2927 2926/2926/2926
f 2921/2921/2921 2922/2922/2922 2929/2929/2929
f 2921/2921/2921 2929/2929/2929 2928/2928/2928
f 2922/2922/2922 2923/2923/2923 2930/2930/2930
f 2922/2922/2922 2930/2930/2930 2929/2929/2929
f 2923/2923/2923 2924/2924/2924 2931/2931/2931
f 2923/2923/2923 2931/2931/2931 2930/2930/2930
f 2924/2924/2924 2925/2925/2925 2932/2932/2932
f 2924/2924/2924 2932/2932/2932 2931/2931/2931
f 2925/2925/2925 2926/2926/2926 2933/2933/2933
f 2925/2925/2925 2933/2933/2933 2932/2932/2932
f 2926/2926/2926 2927/2927/2927 2934/2934/2934
f 2926/2926/2926 2934/2934/2934 2933/2933/2933
f 2928/2928/2928 2929/2929/2929 2936/2936/2936
f 2928/2928/2928 2936/2936/2936 2935/2935/2935
f 2929/2929/2929 2930/2930/2930 2937/2937/2937
f 2929/2929/2929 2937/2937/2937 2936/2936/2936
f 2930/2930/2930 2931/2931/2931 2938/2938/2938
f 2930/2930/2930 2938/2938/2938 2937/2937/2937
f 2931/2931/2931 2932/2932/2932 2939/2939/2939
f 2931/2931/2931 2939/2939/2939 2938/2938/2938
f 2932/2932/2932 2933/2933/2933 2940/2940/2940
f 2932/2932/2932 2940/2940/2940 2939/2939/2939
f 2933/2933/2933 2934/2934/2934 2941/2941/2941
f 2933/2933/2933 2941/2941/2941 2940/2940/2940
f 2935/2935/2935 2936/2936/2936 2943/2943/2943
f 2935/2935/2935 2943/2943/2943 2942/2942/2942
f 2936/2936/2936 2937/2937/2937 2944/2944/2944
f 2936/2936/2936 2944/2944/2944 2943/2943/2943
f 2937/2937/2937 2938/2938/2938 2945/2945/2945
f 2937/2937/2937 2945/2945/2945 2944/2944/2944
f 2938/2938/2938 2939/2939/2939 2946/2946/2946
f 2938/2938/2938 2946/2946/2946 2945/2945/2945
f 2939/2939/2939 2940/2940/2940 2947/2947/2947
f 2939/2939/2939 2947/2947/2947 2946/2946/2946
f 2940/2940/2940 2941/2941/2941 2948/2948/2948
f 2940/2940/2940 2948/2948/2948 2947/2947/2947
f 2949/2949/2949 2950/2950/2950 2959/2959/2959
f 2949/2949/2949 2959/2959/2959 2958/2958/2958
f 2950/2950/2950 2951/2951/2951 2960/2960/2960
f 2950/2950/2950 2960/2960/2960 2959/2959/2959
f 2951/2951/2951 2952/2952/2952 2961/2961/2961
f 2951/2951/2951 2961/2961/2961 2960/2960/2960
f 2952/2952/2952 2953/2953/2953 2962/2962/2962
f 2952/2952/2952 2962/2962/2962 2961/2961/2961
f 2953/2953/2953 2954/2954/2954 2963/2963/2963
f 2953/2953/2953 2963/2963/2963 2962/2962/2962
f 2954/2954/2954 2955/2955/2955 2964/2964/2964
f 2954/2954/2954 2964/2964/2964 2963/2963/2963
f 2955/2955/2955 2956/2956/2956 2965/2965/2965
f 2955/2955/2955 2965/2965/2965 2964/2964/2964
f 2956/2956/2956 2957/2957/2957 2966/2966/2966
f 2956/2956/2956 2966/2966/2966 2965/2965/2965
f 2958/2958/2958 2959/2959/2959 2968/2968/2968
f 2958/2958/2958 2968/2968/2968 2967/2967/2967
f 2959/2959/2959 2960/2960/2960 2969/2969/2969
f 2959/2959/2959 2969/2969/2969 2968/2968/2968
f 2960/2960/2960 2961/2961/2961 2970/2970/2970
f 2960/2960/2960 2970/2970/2970 2969/2969/2969
f 2961/2961/2961 2962/2962/2962 2971/2971/2971
f 2961/2961/2961 2971/2971/2971 2970/2970/2970
f 2962/2962/2962 2963/2963/2963 2972/2972/2972
f 2962/2962/2962 2972/2972/2972 2971/2971/2971
f 2963/2963/2963 2964/2964/2964 2973/2973/2973
f 2963/2963/2963 2973/2973/2973 2972/2972/2972
f 2964/2964/2964 2965/2965/2965 2974/2974/2974
f 2964/2964/2964 2974/2974/2974 2973/2973/2973
f 2965/2965/2965 2966/2966/2966 2975/2975/2975
f 2965/2965/2965 2975/2975/2975 2974/2974/2974
f 2967/2967/2967 2968/2968/2968 2977/2977/2977
f 2967/2967/2967 2977/2977/2977 2976/2976/2976
f 2968/2968/2968 2969/2969/2969 2978/2978/2978
f 2968/2968/2968 2978/2978/2978 2977/2977/2977
f 2969/2969/2969 2970/2970/2970 2979/2979/2979
f 2969/2969/2969 2979/2979/2979 2978/2978/2978
f 2970/2970/2970 2971/2971/2971 2980/2980/2980
f 2970/2970/2970 2980/2980/2980 2979/2979/2979
f 2971/2971/2971 2972/2972/2972 2981/2981/2981
f 2971/2971/2971 2981/2981/2981 2980/2980/2980
f 2972/2972/2972 2973/2973/2973 2982/2982/2982
f 2972/2972/2972 2982/2982/2982 2981/2981/2981
f 2973/2973/2973 2974/2974/2974 2983/2983/2983
f 2973/2973/2973 2983/2983/2983 2982/2982/2982
f 2974/2974/2974 2975/2975/2975 2984/2984/2984
f 2974/2974/2974 2984/2984/2984 2983/2983/2983
f 2976/2976/2976 2977/2977/2977 2986/2986/2986
f 2976/2976/2976 2986/2986/2986 2985/2985/2985
f 2977/2977/2977 2978/2978/2978 2987/2987/2987
f 2977/2977/2977 2987/2987/2987 2986/2986/2986
f 2978/2978/2978 2979/2979/2979 2988/2988/2988
f 2978/2978/2978 2988/2988/2988 2987/2987/2987
f 2979/2979/2979 2980/2980/2980 2989/2989/2989
f 2979/2979/2979 2989/2989/2989 2988/2988/2988
f 2980/2980/2980 2981/2981/2981 2990/2990/2990
f 2980/2980/2980 2990/2990/2990 2989/2989/2989
f 2981/2981/2981 2982/2982/2982 2991/2991/2991
f 2981/2981/2981 2991/2991/2991 2990/2990/2990
f 2982/2982/2982 2983/2983/2983 2992/2992/2992
f 2982/2982/2982 2992/2992/2992 2991/2991/2991
f 2983/2983/2983 2984/2984/2984 2993/2993/2993
f 2983/2983/2983 2993/2993/2993 2992/2992/2992
f 2994/2994/2994 2995/2995/2995 3004/3004/3004
f 2994/2994/2994 3004/3004/3004 3003/3003/3003
f 2995/2995/2995 2996/2996/2996 3005/3005/3005
f 2995/2995/2995 3005/3005/3005 3004/3004/3004
f 2996/2996/2996 2997/2997/2997 3006/3006/3006
f 2996/2996/2996 3006/3006/3006 3005/3005/3005
f 2997/2997/2997 2998/2998/2998 3007/3007/3007
f 2997/2997/2997 3007/3007/3007 3006/3006/3006
f 2998/2998/2998 2999/2999/2999 3008/3008/3008
f 2998/2998/2998 3008/3008/3008 3007/3007/3007
f 2999/2999/2999 3000/3000/3000 3009/3009/3009
f 2999/2999/2999 3009/3009/3009 3008/3008/3008
f 3000/3000/3000 3001/3001/3001 3010/3010/3010
f 3000/3000/3000 3010/3010/3010 3009/3009/3009
f 3001/3001/3001 3002/3002/3002 3011/3011/3011
f 3001/3001/3001 3011/3011/3011 3010/3010/3010
f 3003/3003/3003 3004/3004/3004 3013/3013/3013
f 3003/3003/3003 3013/3013/3013 3012/3012/3012
f 3004/3004/3004 3005/3005/3005 3014/3014/3014
f 3004/3004/3004 3014/3014/3014 3013/3013/3013
f 3005/3005/3005 3006/3006/3006 3015/3015/3015
f 3005/3005/3005 3015/3015/3015 3014/3014/3014
f 3006/3006/3006 3007/3007/3007 3016/3016/3016
f 3006/3006/3006 3016/3016/3016 3015/3015/3015
f 3007/3007/3007 3008/3008/3008 3017/3017/3017
f 3007/3007/3007 3017/3017/3017 3016/3016/3016
f 3008/3008/3008 3009/3009/3009 3018/3018/3018
f 3008/3008/3008 3018/3018/3018 3017/3017/3017
f 3009/3009/3009 3010/3010/3010 3019/3019/3019
f 3009/3009/3009 3019/3019/3019 3018/3018/3018
f 3010/3010/3010 3011/3011/3011 3020/3020/3020
f 3010/3010/3010 3020/3020/3020 3019/3019/3019
f 3012/3012/3012 3013/3013/3013 3022/3022/3022
f 3012/3012/3012 3022/3022/3022 3021/3021/3021
f 3013/3013/3013 3014/3014/3014 3023/3023/3023
f 3013/3013/3013 3023/3023/3023 3022/3022/3022
f 3014/3014/3014 3015/3015/3015 3024/3024/3024
f 3014/3014/3014 3024/3024/3024 3023/3023/3023
f 3015/3015/3015 3016/3016/3016 3025/3025/3025
f 3015/3015/3015 3025/3025/3025 3024/3024/3024
f 3016/3016/3016 3017/3017/3017 3026/3026/3026
f 3016/3016/3016 3026/3026/3026 3025/3025/3025
f 3017/3017/3017 3018/3018/3018 3027/3027/3027
f 3017/3017/3017 3027/3027/3027 3026/3026/3026
f 3018/3018/3018 3019/3019/3019 3028/3028/3028
f 3018/3018/3018 3028/3028/3028 3027/3027/3027
f 3019/3019/3019 3020/3020/3020 3029/3029/3029
f 3019/3019/3019 3029/3029/3029 3028/3028/3028
f 3021/3021/3021 3022/3022/3022 3031/3031/3031
f 3021/3021/3021 3031/3031/3031 3030/3030/3030
f 3022/3022/3022 3023/3023/3023 3032/3032/3032
f 3022/3022/3022 3032/3032/3032 3031/3031/3031
f 3023/3023/3023 3024/3024/3024 3033/3033/3033
f 3023/3023/3023 3033/3033/3033 3032/3032/3032
f 3024/3024/3024 3025/3025/3025 3034/3034/3034
f 3024/3024/3024 3034/3034/3034 3033/3033/3033
f 3025/3025/3025 3026/3026/3026 3035/3035/3035
f 3025/3025/3025 3035/3035/3035 3034/3034/3034
f 3026/3026/3026 3027/3027/3027 3036/3036/3036
f 3026/3026/3026 3036/3036/3036 3035/3035/3035
f 3027/3027/3027 3028/3028/3028 3037/3037/3037
f 3027/3027/3027 3037/3037/3037 3036/3036/3036
f 3028/3028/3028 3029/3029/3029 3038/3038/3038
f 3028/3028/3028 3038/3038/3038 3037/3037/3037
f 3039/3039/3039 3040/3040/3040 3049/3049/3049
f 3039/3039/3039 3049/3049/3049 3048/3048/3048
f 3040/3040/3040 3041/3041/3041 3050/3050/3050
f 3040/3040/3040 3050/3050/3050 3049/3049/3049
f 3041/3041/3041 3042/3042/3042 3051/3051/3051
f 3041/3041/3041 3051/3051/3051 3050/3050/3050
f 3042/3042/3042 3043/3043/3043 3052/3052/3052
f 3042/3042/3042 3052/3052/3052 3051/3051/3051
f 3043/3043/3043 3044/3044/3044 3053/3053/3053
f 3043/3043/3043 3053/3053/3053 3052/3052/3052
f 3044/3044/3044 3045/3045/3045 3054/3054/3054
f 3044/3044/3044 3054/3054/3054 3053/3053/3053
f 3045/3045/3045 3046/3046/3046 3055/3055/3055
f 3045/3045/3045 3055/3055/3055 3054/3054/3054
f 3046/3046/3046 3047/3047/3047 3056/3056/3056
f 3046/3046/3046 3056/3056/3056 3055/3055/3055
f 3048/3048/3048 3049/3049/3049 3058/3058/3058
f 3048/3048/3048 3058/3058/3058 3057/3057/3057
f 3049/3049/3049 3050/3050/3050 3059/3059/3059
f 3049/3049/3049 3059/3059/3059 3058/3058/3058
f 3050/3050/3050 3051/3051/3051 3060/3060/3060
f 3050/3050/3050 3060/3060/3060 3059/3059/3059
f 3051/3051/3051 3052/3052/3052 3061/3061/3061
f 3051/3051/3051 3061/3061/3061 3060/3060/3060
f 3052/3052/3052 3053/3053/3053 3062/3062/3062
f 3052/3052/3052 3062/3062/3062 3061/3061/3061
f 3053/3053/3053 3054/3054/3054 3063/3063/3063
f 3053/3053/3053 3063/3063/3063 3062/3062/3062
f 3054/3054/3054 3055/3055/3055 3064/3064/3064
f 3054/3054/3054 3064/3064/3064 3063/3063/3063
f 3055/3055/3055 3056/3056/3056 3065/3065/3065
f 3055/3055/3055 3065/3065/3065 3064/3064/3064
f 3057/3057/3057 3058/3058/3058 3067/3067/3067
f 3057/3057/3057 3067/3067/3067 3066/3066/3066
f 3058/3058/3058 3059/3059/3059 3068/3068/3068
f 3058/3058/3058 3068/3068/3068 3067/3067/3067
f 3059/3059/3059 3060/3060/3060 3069/3069/3069
f 3059/3059/3059 3069/3069/3069 3068/3068/3068
f 3060/3060/3060 3061/3061/3061 3070/3070/3070
f 3060/3060/3060 3070/3070/3070 3069/3069/3069
f 3061/3061/3061 3062/3062/3062 3071/3071/3071
f 3061/3061/3061 3071/3071/3071 3070/3070/3070
f 3062/3062/3062 3063/3063/3063 3072/3072/3072
f 3062/3062/3062 3072/3072/3072 3071/3071/3071
f 3063/3063/3063 3064/3064/3064 3073/3073/3073
f 3063/3063/3063 3073/3073/3073 3072/3072/3072
f 3064/3064/3064 3065/3065/3065 3074/3074/3074
f 3064/3064/3064 3074/3074/3074 3073/3073/3073
f 3066/3066/3066 3067/3067/3067 3076/3076/3076
f 3066/3066/3066 3076/3076/3076 3075/3075/3075
f 3067/3067/3067 3068/3068/3068 3077/3077/3077
f 3067/3067/3067 3077/3077/3077 3076/3076/3076
f 3068/3068/3068 3069/3069/3069 3078/3078/3078
f 3068/3068/3068 3078/3078/3078 3077/3077/3077
f 3069/3069/3069 3070/3070/3070 3079/3079/3079
f 3069/3069/3069 3079/3079/3079 3078/3078/3078
f 3070/3070/3070 3071/3071/3071 3080/3080/3080
f 3070/3070/3070 3080/3080/3080 3079/3079/3079
f 3071/3071/3071 3072/3072/3072 3081/3081/3081
f 3071/3071/3071 3081/3081/3081 3080/3080/3080
f 3072/3072/3072 3073/3073/3073 3082/3082/3082
f 3072/3072/3072 3082/3082/3082 3081/3081/3081
f 3073/3073/3073 3074/3074/3074 3083/3083/3083
f 3073/3073/3073 3083/3083/3083 3082/3082/3082
f 3084/3084/3084 3085/3085/3085 3094/3094/3094
f 3084/3084/3084 3094/3094/3094 3093/3093/3093
f 3085/3085/3085 3086/3086/3086 3095/3095/3095
f 3085/3085/3085 3095/3095/3095 3094/3094/3094
f 3086/3086/3086 3087/3087/3087 3096/3096/3096
f 3086/3086/3086 3096/3096/3096 3095/3095/3095
f 3087/3087/3087 3088/3088/3088 3097/3097/3097
f 3087/3087/3087 3097/3097/3097 3096/3096/3096
f 3088/3088/3088 3089/3089/3089 3098/3098/3098
f 3088/3088/3088 3098/3098/3098 3097/3097/3097
f 3089/3089/3089 3090/3090/3090 3099/3099/3099
f 3089/3089/3089 3099/3099/3099 3098/3098/3098
f 3090/3090/3090 3091/3091/3091 3100/3100/3100
f 3090/3090/3090 3100/3100/3100 3099/3099/3099
f 3091/3091/3091 3092/3092/3092 3101/3101/3101
f 3091/3091/3091 3101/3101/3101 3100/3100/3100
f 3093/3093/3093 3094/3094/3094 3103/3103/3103
f 3093/3093/3093 3103/3103/3103 3102/3102/3102
f 3094/3094/3094 3095/3095/3095 3104/3104/3104
f 3094/3094/3094 3104/3104/3104 3103/3103/3103
f 3095/3095/3095 3096/3096/3096 3105/3105/3105
f 3095/3095/3095 3105/3105/3105 3104/3104/3104
f 3096/3096/3096 3097/3097/3097 3106/3106/3106
f 3096/3096/3096 3106/3106/3106 3105/3105/3105
f 3097/3097/3097 3098/3098/3098 3107/3107/3107
f 3097/3097/3097 3107/3107/3107 3106/3106/3106
f 3098/3098/3098 3099/3099/3099 3108/3108/3108
f 3098/3098/3098 3108/3108/3108 3107/3107/3107
f 3099/3099/3099 3100/3100/3100 3109/3109/3109
f 3099/3099/3099 3109/3109/3109 3108/3108/3108
f 3100/3100/3100 3101/3101/3101 3110/3110/3110
f 3100/3100/3100 3110/3110/3110 3109/3109/3109
f 3102/3102/3102 3103/3103/3103 3112/3112/3112
f 3102/3102/3102 3112/3112/3112 3111/3111/3111
f 3103/3103/3103 3104/3104/3104 3113/3113/3113
f 3103/3103/3103 3113/3113/3113 3112/3112/3112
f 3104/3104/3104 3105/3105/3105 3114/3114/3114
f 3104/3104/3104 3114/3114/3114 3113/3113/3113
f 3105/3105/3105 3106/3106/3106 3115/3115/3115
f 3105/3105/3105 3115/3115/3115 3114/3114/3114
f 3106/3106/3106 3107/3107/3107 3116/3116/3116
f 3106/3106/3106 3116/3116/3116 3115/3115/3115
f 3107/3107/3107 3108/3108/3108 3117/3117/3117
f 3107/3107/3107 3117/3117/3117 3116/3116/3116
f 3108/3108/3108 3109/3109/3109 3118/3118/3118
f 3108/3108/3108 3118/3118/3118 3117/3117/3117
f 3109/3109/3109 3110/3110/3110 3119/3119/3119
f 3109/3109/3109 3119/3119/3119 3118/3118/3118
f 3111/3111/3111 3112/3112/3112 3121/3121/3121
f 3111/3111/3111 3121/3121/3121 3120/3120/3120
f 3112/3112/3112 3113/3113/3113 3122/3122/3122
f 3112/3112/3112 3122/3122/3122 3121/3121/3121
f 3113/3113/3113 3114/3114/3114 3123/3123/3123
f 3113/3113/3113 3123/3123/3123 3122/3122/3122
f 3114/3114/3114 3115/3115/3115 3124/3124/3124
f 3114/3114/3114 3124/3124/3124 3123/3123/3123
f 3115/3115/3115 3116/3116/3116 3125/3125/3125
f 3115/3115/3115 3125/3125/3125 3124/3124/3124
f 3116/3116/3116 3117/3117/3117 3126/3126/3126
f 3116/3116/3116 3126/3126/3126 3125/3125/3125
f 3117/3117/3117 3118/3118/3118 3127/3127/3127
f 3117/3117/3117 3127/3127/3127 3126/3126/3126
f 3118/3118/3118 3119/3119/3119 3128/3128/3128
f 3118/3118/3118 3128/3128/3128 3127/3127/3127
f 3129/3129/3129 3130/3130/3130 3139/3139/3139
f 3129/3129/3129 3139/3139/3139 3138/3138/3138
f 3130/3130/3130 3131/3131/3131 3140/3140/3140
f 3130/3130/3130 3140/3140/3140 3139/3139/3139
f 3131/3131/3131 3132/3132/3132 3141/3141/3141
f 3131/3131/3131 3141/3141/3141 3140/3140/3140
f 3132/3132/3132 3133/3133/3133 3142/3142/3142
f 3132/3132/3132 3142/3142/3142 3141/3141/3141
f 3133/3133/3133 3134/3134/3134 3143/3143/3143
f 3133/3133/3133 3143/3143/3143 3142/3142/3142
f 3134/3134/3134 3135/3135/3135 3144/3144/3144
f 3134/3134/3134 3144/3144/3144 3143/3143/3143
f 3135/3135/3135 3136/3136/3136 3145/3145/3145
f 3135/3135/3135 3145/3145/3145 3144/3144/3144
f 3136/3136/3136 3137/3137/3137 3146/3146/3146
f 3136/3136/3136 3146/3146/3146 3145/3145/3145
f 3138/3138/3138 3139/3139/3139 3148/3148/3148
f 3138/3138/3138 3148/3148/3148 3147/3147/3147
f 3139/3139/3139 3140/3140/3140 3149/3149/3149
f 3139/3139/3139 3149/3149/3149 3148/3148/3148
f 3140/3140/3140 3141/3141/3141 3150/3150/3150
f 3140/3140/3140 3150/3150/3150 3149/3149/3149
f 3141/3141/3141 3142/3142/3142 3151/3151/3151
f 3141/3141/3141 3151/3151/3151 3150/3150/3150
f 3142/3142/3142 3143/3143/3143 3152/3152/3152
f 3142/3142/3142 3152/3152/3152 3151/3151/3151
f 3143/3143/3143 3144/3144/3144 3153/3153/3153
f 3143/3143/3143 3153/3153/3153 3152/3152/3152
f 3144/3144/3144 3145/3145/3145 3154/3154/3154
f 3144/3144/3144 3154/3154/3154 3153/3153/3153
f 3145/3145/3145 3146/3146/3146 3155/3155/3155
f 3145/3145/3145 3155/3155/3155 3154/3154/3154
f 3147/3147/3147 3148/3148/3148 3157/3157/3157
f 3147/3147/3147 3157/3157/3157 3156/3156/3156
f 3148/3148/3148 3149/3149/3149 3158/3158/3158
f 3148/3148/3148 3158/3158/3158 3157/3157/3157
f 3149/3149/3149 3150/3150/3150 3159/3159/3159
f 3149/3149/3149 3159/3159/3159 3158/3158/3158
f 3150/3150/3150 3151/3151/3151 3160/3160/3160
f 3150/3150/3150 3160/3160/3160 3159/3159/3159
f 3151/3151/3151 3152/3152/3152 3161/3161/3161
f 3151/3151/3151 3161/3161/3161 3160/3160/3160
f 3152/3152/3152 3153/3153/3153 3162/3162/3162
f 3152/3152/3152 3162/3162/3162 3161/3161/3161
f 3153/3153/3153 3154/3154/3154 3163/3163/3163
f 3153/3153/3153 3163/3163/3163 3162/3162/3162
f 3154/3154/3154 3155/3155/3155 3164/3164/3164
f 3154/3154/3154 3164/3164/3164 3163/3163/3163
f 3156/3156/3156 3157/3157/3157 3166/3166/3166
f 3156/3156/3156 3166/3166/3166 3165/3165/3165
f 3157/3157/3157 3158/3158/3158 3167/3167/3167
f 3157/3157/3157 3167/3167/3167 3166/3166/3166
f 3158/3158/3158 3159/3159/3159 3168/3168/3168
f 3158/3158/3158 3168/3168/3168 3167/3167/3167
f 3159/3159/3159 3160/3160/3160 3169/3169/3169
f 3159/3159/3159 3169/3169/3169 3168/3168/3168
f 3160/3160/3160 3161/3161/3161 3170/3170/3170
f 3160/3160/3160 3170/3170/3170 3169/3169/3169
f 3161/3161/3161 3162/3162/3162 3171/3171/3171
f 3161/3161/3161 3171/3171/3171 3170/3170/3170
f 3162/3162/3162 3163/3163/3163 3172/3172/3172
f 3162/3162/3162 3172/3172/3172 3171/3171/3171
f 3163/3163/3163 3164/3164/3164 3173/3173/3173
f 3163/3163/3163 3173/3173/3173 3172/3172/3172
f 3174/3174/3174 3175/3175/3175 3182/3182/3182
f 3174/3174/3174 3182/3182/3182 3181/3181/3181
f 3175/3175/3175 3176/3176/3176 3183/3183/3183
f 3175/3175/3175 3183/3183/3183 3182/3182/3182
f 3176/3176/3176 3177/3177/3177 3184/3184/3184
f 3176/3176/3176 3184/3184/3184 3183/3183/3183
f 3177/3177/3177 3178/3178/3178 3185/3185/3185
f 3177/3177/3177 3185/3185/3185 3184/3184/3184
f 3178/3178/3178 3179/3179/3179 3186/3186/3186
f 3178/3178/3178 3186/3186/3186 3185/3185/3185
f 3179/3179/3179 3180/3180/3180 3187/3187/3187
f 3179/3179/3179 3187/3187/3187 3186/3186/3186
f 3181/3181/3181 3182/3182/3182 3189/3189/3189
f 3181/3181/3181 3189/3189/3189 3188/3188/3188
f 3182/3182/3182 3183/3183/3183 3190/3190/3190
f 3182/3182/3182 3190/3190/3190 3189/3189/3189
f 3183/3183/3183 3184/3184/3184 3191/3191/3191
f 3183/3183/3183 3191/3191/3191 3190/3190/3190
f 3184/3184/3184 3185/3185/3185 3192/3192/3192
f 3184/3184/3184 3192/3192/3192 3191/3191/3191
f 3185/3185/3185 3186/3186/3186 3193/3193/3193
f 3185/3185/3185 3193/3193/3193 3192/3192/3192
f 3186/3186/3186 3187/3187/3187 3194/3194/3194
f 3186/3186/3186 3194/3194/3194 3193/3193/3193
f 3188/3188/3188 3189/3189/3189 3196/3196/3196
f 3188/3188/3188 3196/3196/3196 3195/3195/3195
f 3189/3189/3189 3190/3190/3190 3197/3197/3197
f 3189/3189/3189 3197/3197/3197 3196/3196/3196
f 3190/3190/3190 3191/3191/3191 3198/3198/3198
f 3190/3190/3190 3198/3198/3198 3197/3197/3197
f 3191/3191/3191 3192/3192/3192 3199/3199/3199
f 3191/3191/3191 3199/3199/3199 3198/3198/3198
f 3192/3192/3192 3193/3193/3193 3200/3200/3200
f 3192/3192/3192 3200/3200/3200 3199/3199/3199
f 3193/3193/3193 3194/3194/3194 3201/3201/3201
f 3193/3193/3193 3201/3201/3201 3200/3200/3200
f 3195/3195/3195 3196/3196/3196 3203/3203/3203
f 3195/3195/3195 3203/3203/3203 3202/3202/3202
f 3196/3196/3196 3197/3197/3197 3204/3204/3204
f 3196/3196/3196 3204/3204/3204 3203/3203/3203
f 3197/3197/3197 3198/3198/3198 3205/3205/3205
f 3197/3197/3197 3205/3205/3205 3204/3204/3204
f 3198/3198/3198 3199/3199/3199 3206/3206/3206
f 3198/3198/3198 3206/3206/3206 3205/3205/3205
f 3199/3199/3199 3200/3200/3200 3207/3207/3207
f 3199/3199/3199 3207/3207/3207 3206/3206/3206
f 3200/3200/3200 3201/3201/3201 3208/3208/3208
f 3200/3200/3200 3208/3208/3208 3207/3207/3207
f 3209/3209/3209 3210/3210/3210 3219/3219/3219
f 3209/3209/3209 3219/3219/3219 3218/3218/3218
f 3210/3210/3210 3211/3211/3211 3220/3220/3220
f 3210/3210/3210 3220/3220/3220 3219/3219/3219
f 3211/3211/3211 3212/3212/3212 3221/3221/3221
f 3211/3211/3211 3221/3221/3221 3220/3220/3220
f 3212/3212/3212 3213/3213/3213 3222/3222/3222
f 3212/3212/3212 3222/3222/3222 3221/3221/3221
f 3213/3213/3213 3214/3214/3214 3223/3223/3223
f 3213/3213/3213 3223/3223/3223 3222/3222/3222
f 3214/3214/3214 3215/3215/3215 3224/3224/3224
f 3214/3214/3214 3224/3224/3224 3223/3223/3223
f 3215/3215/3215 3216/3216/3216 3225/3225/3225
f 3215/3215/3215 3225/3225/3225 3224/3224/3224
f 3216/3216/3216 3217/3217/3217 3226/3226/3226
f 3216/3216/3216 3226/3226/3226 3225/3225/3225
f 3218/3218/3218 3219/3219/3219 3228/3228/3228
f 3218/3218/3218 3228/3228/3228 3227/3227/3227
f 3219/3219/3219 3220/3220/3220 3229/3229/3229
f 3219/3219/3219 3229/3229/3229 3228/3228/3228
f 3220/3220/3220 3221/3221/3221 3230/3230/3230
f 3220/3220/3220 3230/3230/3230 3229/3229/3229
f 3221/3221/3221 3222/3222/3222 3231/3231/3231
f 3221/3221/3221 3231/3231/3231 3230/3230/3230
f 3222/3222/3222 3223/3223/3223 3232/3232/3232
f 3222/3222/3222 3232/3232/3232 3231/3231/3231
f 3223/3223/3223 3224/3224/3224 3233/3233/3233
f 3223/3223/3223 3233/3233/3233 3232/3232/3232
f 3224/3224/3224 3225/3225/3225 3234/3234/3234
f 3224/3224/3224 3234/3234/3234 3233/3233/3233
f 3225/3225/3225 3226/3226/3226 3235/3235/3235
f 3225/3225/3225 3235/3235/3235 3234/3234/3234
f 3227/3227/3227 3228/3228/3228 3237/3237/3237
f 3227/3227/3227 3237/3237/3237 3236/3236/3236
f 3228/3228/3228 3229/3229/3229 3238/3238/3238
f 3228/3228/3228 3238/3238/3238 3237/3237/3237
f 3229/3229/3229 3230/3230/3230 3239/3239/3239
f 3229/3229/3229 3239/3239/3239 3238/3238/3238
f 3230/3230/3230 3231/3231/3231 3240/3240/3240
f 3230/3230/3230 3240/3240/3240 3239/3239/3239
f 3231/3231/3231 3232/3232/3232 3241/3241/3241
f 3231/3231/3231 3241/3241/3241 3240/3240/3240
f 3232/3232/3232 3233/3233/3233 3242/3242/3242
f 3232/3232/3232 3242/3242/3242 3241/3241/3241
f 3233/3233/3233 3234/3234/3234 3243/3243/3243
f 3233/3233/3233 3243/3243/3243 3242/3242/3242
f 3234/3234/3234 3235/3235/3235 3244/3244/3244
f 3234/3234/3234 3244/3244/3244 3243/3243/3243
f 3236/3236/3236 3237/3237/3237 3246/3246/3246
f 3236/3236/3236 3246/3246/3246 3245/3245/3245
f 3237/3237/3237 3238/3238/3238 3247/3247/3247
f 3237/3237/3237 3247/3247/3247 3246/3246/3246
f 3238/3238/3238 3239/3239/3239 3248/3248/3248
f 3238/3238/3238 3248/3248/3248 3247/3247/3247
f 3239/3239/3239 3240/3240/3240 3249/3249/3249
f 3239/3239/3239 3249/3249/3249 3248/3248/3248
f 3240/3240/3240 3241/3241/3241 3250/3250/3250
f 3240/3240/3240 3250/3250/3250 3249/3249/3249
f 3241/3241/3241 3242/3242/3242 3251/3251/3251
f 3241/3241/3241 3251/3251/3251 3250/3250/3250
f 3242/3242/3242 3243/3243/3243 3252/3252/3252
f 3242/3242/3242 3252/3252/3252 3251/3251/3251
f 3243/3243/3243 3244/3244/3244 3253/3253/3253
f 3243/3243/3243 3253/3253/3253 3252/3252/3252
f 3254/3254/3254 3255/3255/3255 3264/3264/3264
f 3254/3254/3254 3264/3264/3264 3263/3263/3263
f 3255/3255/3255 3256/3256/3256 3265/3265/3265
f 3255/3255/3255 3265/3265/3265 3264/3264/3264
f 3256/3256/3256 3257/3257/3257 3266/3266/3266
f 3256/3256/3256 3266/3266/3266 3265/3265/3265
f 3257/3257/3257 3258/3258/3258 3267/3267/3267
f 3257/3257/3257 3267/3267/3267 3266/3266/3266
f 3258/3258/3258 3259/3259/3259 3268/3268/3268
f 3258/3258/3258 3268/3268/3268 3267/3267/3267
f 3259/3259/3259 3260/3260/3260 3269/3269/3269
f 3259/3259/3259 3269/3269/3269 3268/3268/3268
f 3260/3260/3260 3261/3261/3261 3270/3270/3270
f 3260/3260/3260 3270/3270/3270 3269/3269/3269
f 3261/3261/3261 3262/3262/3262 3271/3271/3271
f 3261/3261/3261 3271/3271/3271 3270/3270/3270
f 3263/3263/3263 3264/3264/3264 3273/3273/3273
f 3263/3263/3263 3273/3273/3273 3272/3272/3272
f 3264/3264/3264 3265/3265/3265 3274/3274/3274
f 3264/3264/3264 3274/3274/3274 3273/3273/3273
f 3265/3265/3265 3266/3266/3266 3275/3275/3275
f 3265/3265/3265 3275/3275/3275 3274/3274/3274
f 3266/3266/3266 3267/3267/3267 3276/3276/3276
f 3266/3266/3266 3276/3276/3276 3275/3275/3275
f 3267/3267/3267 3268/3268/3268 3277/3277/3277
f 3267/3267/3267 3277/3277/3277 3276/3276/3276
f 3268/3268/3268 3269/3269/3269 3278/3278/3278
f 3268/3268/3268 3278/3278/3278 3277/3277/3277
f 3269/3269/3269 3270/3270/3270 3279/3279/3279
f 3269/3269/3269 3279/3279/3279 3278/3278/3278
f 3270/3270/3270 3271/3271/3271 3280/3280/3280
f 3270/3270/3270 3280/3280/3280 3279/3279/3279
f 3272/3272/3272 3273/3273/3273 3282/3282/3282
f 3272/3272/3272 3282/3282/3282 3281/3281/3281
f 3273/3273/3273 3274/3274/3274 3283/3283/3283
f 3273/3273/3273 3283/3283/3283 3282/3282/3282
f 3274/3274/3274 3275/3275/3275 3284/3284/3284
f 3274/3274/3274 3284/3284/3284 3283/3283/3283
f 3275/3275/3275 3276/3276/3276 3285/3285/3285
f 3275/3275/3275 3285/3285/3285 3284/3284/3284
f 3276/3276/3276 3277/3277/3277 3286/3286/3286
f 3276/3276/3276 3286/3286/3286 3285/3285/3285
f 3277/3277/3277 3278/3278/3278 3287/3287/3287
f 3277/3277/3277 3287/3287/3287 3286/3286/3286
f 3278/3278/3278 3279/3279/3279 3288/3288/3288
f 3278/3278/3278 3288/3288/3288 3287/3287/3287
f 3279/3279/3279 3280/3280/3280 3289/3289/3289
f 3279/3279/3279 3289/3289/3289 3288/3288/3288
f 3281/3281/3281 3282/3282/3282 3291/3291/3291
f 3281/3281/3281 3291/3291/3291 3290/3290/3290
f 3282/3282/3282 3283/3283/3283 3292/3292/3292
f 3282/3282/3282 3292/3292/3292 3291/3291/3291
f 3283/3283/3283 3284/3284/3284 3293/3293/3293
f 3283/3283/3283 3293/3293/3293 3292/3292/3292
f 3284/3284/3284 3285/3285/3285 3294/3294/3294
f 3284/3284/3284 3294/3294/3294 3293/3293/3293
f 3285/3285/3285 3286/3286/3286 3295/3295/3295
f 3285/3285/3285 3295/3295/3295 3294/3294/3294
f 3286/3286/3286 3287/3287/3287 3296/3296/3296
f 3286/3286/3286 3296/3296/3296 3295/3295/3295
f 3287/3287/3287 3288/3288/3288 3297/3297/3297
f 3287/3287/3287 3297/3297/3297 3296/3296/3296
f 3288/3288/3288 3289/3289/3289 3298/3298/3298
f 3288/3288/3288 3298/3298/3298 3297/3297/3297
f 3299/3299/3299 3300/3300/3300 3309/3309/3309
f 3299/3299/3299 3309/3309/3309 3308/3308/3308
f 3300/3300/3300 3301/3301/3301 3310/3310/3310
f 3300/3300/3300 3310/3310/3310 3309/3309/3309
f 3301/3301/3301 3302/3302/3302 3311/3311/3311
f 3301/3301/3301 3311/3311/3311 3310/3310/3310
f 3302/3302/3302 3303/3303/3303 3312/3312/3312
f 3302/3302/3302 3312/3312/3312 3311/3311/3311
f 3303/3303/3303 3304/3304/3304 3313/3313/3313
f 3303/3303/3303 3313/3313/3313 3312/3312/3312
f 3304/3304/3304 3305/3305/3305 3314/3314/3314
f 3304/3304/3304 3314/3314/3314 3313/3313/3313
f 3305/3305/3305 3306/3306/3306 3315/3315/3315
f 3305/3305/3305 3315/3315/3315 3314/3314/3314
f 3306/3306/3306 3307/3307/3307 3316/3316/3316
f 3306/3306/3306 3316/3316/3316 3315/3315/3315
f 3308/3308/3308 3309/3309/3309 3318/3318/3318
f 3308/3308/3308 3318/3318/3318 3317/3317/3317
f 3309/3309/3309 3310/3310/3310 3319/3319/3319
f 3309/3309/3309 3319/3319/3319 3318/3318/3318
f 3310/3310/3310 3311/3311/3311 3320/3320/3320
f 3310/3310/3310 3320/3320/3320 3319/3319/3319
f 3311/3311/3311 3312/3312/3312 3321/3321/3321
f 3311/3311/3311 3321/3321/3321 3320/3320/3320
f 3312/3312/3312 3313/3313/3313 3322/3322/3322
f 3312/3312/3312 3322/3322/3322 3321/3321/3321
f 3313/3313/3313 3314/3314/3314 3323/3323/3323
f 3313/3313/3313 3323/3323/3323 3322/3322/3322
f 3314/3314/3314 3315/3315/3315 3324/3324/3324
f 3314/3314/3314 3324/3324/3324 3323/3323/3323
f 3315/3315/3315 3316/3316/3316 3325/3325/3325
f 3315/3315/3315 3325/3325/3325 3324/3324/3324
f 3317/3317/3317 3318/3318/3318 3327/3327/3327
f 3317/3317/3317 3327/3327/3327 3326/3326/3326
f 3318/3318/3318 3319/3319/3319 3328/3328/3328
f 3318/3318/3318 3328/3328/3328 3327/3327/3327
f 3319/3319/3319 3320/3320/3320 3329/3329/3329
f 3319/3319/3319 3329/3329/3329 3328/3328/3328
f 3320/3320/3320 3321/3321/3321 3330/3330/3330
f 3320/3320/3320 3330/3330/3330 3329/3329/3329
f 3321/3321/3321 3322/3322/3322 3331/3331/3331
f 3321/3321/3321 3331/3331/3331 3330/3330/3330
f 3322/3322/3322 3323/3323/3323 3332/3332/3332
f 3322/3322/3322 3332/3332/3332 3331/3331/3331
f 3323/3323/3323 3324/3324/3324 3333/3333/3333
f 3323/3323/3323 3333/3333/3333 3332/3332/3332
f 3324/3324/3324 3325/3325/3325 3334/3334/3334
f 3324/3324/3324 3334/3334/3334 3333/3333/3333
f 3326/3326/3326 3327/3327/3327 3336/3336/3336
f 3326/3326/3326 3336/3336/3336 3335/3335/3335
f 3327/3327/3327 3328/3328/3328 3337/3337/3337
f 3327/3327/3327 3337/3337/3337 3336/3336/3336
f 3328/3328/3328 3329/3329/3329 3338/3338/3338
f 3328/3328/3328 3338/3338/3338 3337/3337/3337
f 3329/3329/3329 3330/3330/3330 3339/3339/3339
f 3329/3329/3329 3339/3339/3339 3338/3338/3338
f 3330/3330/3330 3331/3331/3331 3340/3340/3340
f 3330/3330/3330 3340/3340/3340 3339/3339/3339
f 3331/3331/3331 3332/3332/3332 3341/3341/3341
f 3331/3331/3331 3341/3341/3341 3340/3340/3340
f 3332/3332/3332 3333/3333/3333 3342/3342/3342
f 3332/3332/3332 3342/3342/3342 3341/3341/3341
f 3333/3333/3333 3334/3334/3334 3343/3343/3343
f 3333/3333/3333 3343/3343/3343 3342/3342/3342
f 3344/3344/3344 3345/3345/3345 3354/3354/3354
f 3344/3344/3344 3354/3354/3354 3353/3353/3353
f 3345/3345/3345 3346/3346/3346 3355/3355/3355
f 3345/3345/3345 3355/3355/3355 3354/3354/3354
f 3346/3346/3346 3347/3347/3347 3356/3356/3356
f 3346/3346/3346 3356/3356/3356 3355/3355/3355
f 3347/3347/3347 3348/3348/3348 3357/3357/3357
f 3347/3347/3347 3357/3357/3357 3356/3356/3356
f 3348/3348/3348 3349/3349/3349 3358/3358/3358
f 3348/3348/3348 3358/3358/3358 3357/3357/3357
f 3349/3349/3349 3350/3350/3350 3359/3359/3359
f 3349/3349/3349 3359/3359/3359 3358/3358/3358
f 3350/3350/3350 3351/3351/3351 3360/3360/3360
f 3350/3350/3350 3360/3360/3360 3359/3359/3359
f 3351/3351/3351 3352/3352/3352 3361/3361/3361
f 3351/3351/3351 3361/3361/3361 3360/3360/3360
f 3353/3353/3353 3354/3354/3354 3363/3363/3363
f 3353/3353/3353 3363/3363/3363 3362/3362/3362
f 3354/3354/3354 3355/3355/3355 3364/3364/3364
f 3354/3354/3354 3364/3364/3364 3363/3363/3363
f 3355/3355/3355 3356/3356/3356 3365/3365/3365
f 3355/3355/3355 3365/3365/3365 3364/3364/3364
f 3356/3356/3356 3357/3357/3357 3366/3366/3366
f 3356/3356/3356 3366/3366/3366 3365/3365/3365
f 3357/3357/3357 3358/3358/3358 3367/3367/3367
f 3357/3357/3357 3367/3367/3367 3366/3366/3366
f 3358/3358/3358 3359/3359/3359 3368/3368/3368
f 3358/3358/3358 3368/3368/3368 3367/3367/3367
f 3359/3359/3359 3360/3360/3360 3369/3369/3369
f 3359/3359/3359 3369/3369/3369 3368/3368/3368
f 3360/3360/3360 3361/3361/3361 3370/3370/3370
f 3360/3360/3360 3370/3370/3370 3369/3369/3369
f 3362/3362/3362 3363/3363/3363 3372/3372/3372
f 3362/3362/3362 3372/3372/3372 3371/3371/3371
f 3363/3363/3363 3364/3364/3364 3373/3373/3373
f 3363/3363/3363 3373/3373/3373 3372/3372/3372
f 3364/3364/3364 3365/3365/3365 3374/3374/3374
f 3364/3364/3364 3374/3374/3374 3373/3373/3373
f 3365/3365/3365 3366/3366/3366 3375/3375/3375
f 3365/3365/3365 3375/3375/3375 3374/3374/3374
f 3366/3366/3366 3367/3367/3367 3376/3376/3376
f 3366/3366/3366 3376/3376/3376 3375/3375/3375
f 3367/3367/3367 3368/3368/3368 3377/3377/3377
f 3367/3367/3367 3377/3377/3377 3376/3376/3376
f 3368/3368/3368 3369/3369/3369 3378/3378/3378
f 3368/3368/3368 3378/3378/3378 3377/3377/3377
f 3369/3369/3369 3370/3370/3370 3379/3379/3379
f 3369/3369/3369 3379/3379/3379 3378/3378/3378
f 3371/3371/3371 3372/3372/3372 3381/3381/3381
f 3371/3371/3371 3381/3381/3381 3380/3380/3380
f 3372/3372/3372 3373/3373/3373 3382/3382/3382
f 3372/3372/3372 3382/3382/3382 3381/3381/3381
f 3373/3373/3373 3374/3374/3374 3383/3383/3383
f 3373/3373/3373 3383/3383/3383 3382/3382/3382
f 3374/3374/3374 3375/3375/3375 3384/3384/3384
f 3374/3374/3374 3384/3384/3384 3383/3383/3383
f 3375/3375/3375 3376/3376/3376 3385/3385/3385
f 3375/3375/3375 3385/3385/3385 3384/3384/3384
f 3376/3376/3376 3377/3377/3377 3386/3386/3386
f 3376/3376/3376 3386/3386/3386 3385/3385/3385
f 3377/3377/3377 3378/3378/3378 3387/3387/3387
f 3377/3377/3377 3387/3387/3387 3386/3386/3386
f 3378/3378/3378 3379/3379/3379 3388/3388/3388
f 3378/3378/3378 3388/3388/3388 3387/3387/3387
f 3389/3389/3389 3390/3390/3390 3399/3399/3399
f 3389/3389/3389 3399/3399/3399 3398/3398/3398
f 3390/3390/3390 3391/3391/3391 3400/3400/3400
f 3390/3390/3390 3400/3400/3400 3399/3399/3399
f 3391/3391/3391 3392/3392/3392 3401/3401/3401
f 3391/3391/3391 3401/3401/3401 3400/3400/3400
f 3392/3392/3392 3393/3393/3393 3402/3402/3402
f 3392/3392/3392 3402/3402/3402 3401/3401/3401
f 3393/3393/3393 3394/3394/3394 3403/3403/3403
f 3393/3393/3393 3403/3403/3403 3402/3402/3402
f 3394/3394/3394 3395/3395/3395 3404/3404/3404
f 3394/3394/3394 3404/3404/3404 3403/3403/3403
f 3395/3395/3395 3396/3396/3396 3405/3405/3405
f 3395/3395/3395 3405/3405/3405 3404/3404/3404
f 3396/3396/3396 3397/3397/3397 3406/3406/3406
f 3396/3396/3396 3406/3406/3406 3405/3405/3405
f 3398/3398/3398 3399/3399/3399 3408/3408/3408
f 3398/3398/3398 3408/3408/3408 3407/3407/3407
f 3399/3399/3399 3400/3400/3400 3409/3409/3409
f 3399/3399/3399 3409/3409/3409 3408/3408/3408
f 3400/3400/3400 3401/3401/3401 3410/3410/3410
f 3400/3400/3400 3410/3410/3410 3409/3409/3409
f 3401/3401/3401 3402/3402/3402 3411/3411/3411
f 3401/3401/3401 3411/3411/3411 3410/3410/3410
f 3402/3402/3402 3403/3403/3403 3412/3412/3412
f 3402/3402/3402 3412/3412/3412 3411/3411/3411
f 3403/3403/3403 3404/3404/3404 3413/3413/3413
f 3403/3403/3403 3413/3413/3413 3412/3412/3412
f 3404/3404/3404 3405/3405/3405 3414/3414/3414
f 3404/3404/3404 3414/3414/3414 3413/3413/3413
f 3405/3405/3405 3406/3406/3406 3415/3415/3415
f 3405/3405/3405 3415/3415/3415 3414/3414/3414
f 3407/3407/3407 3408/3408/3408 3417/3417/3417
f 3407/3407/3407 3417/3417/3417 3416/3416/3416
f 3408/3408/3408 3409/3409/3409 3418/3418/3418
f 3408/3408/3408 3418/3418/3418 3417/3417/3417
f 3409/3409/3409 3410/3410/3410 3419/3419/3419
f 3409/3409/3409 3419/3419/3419 3418/3418/3418
f 3410/3410/3410 3411/3411/3411 3420/3420/3420
f 3410/3410/3410 3420/3420/3420 3419/3419/3419
f 3411/3411/3411 3412/3412/3412 3421/3421/3421
f 3411/3411/3411 3421/3421/3421 3420/3420/3420
f 3412/3412/3412 3413/3413/3413 3422/3422/3422
f 3412/3412/3412 3422/3422/3422 3421/3421/3421
f 3413/3413/3413 3414/3414/3414 3423/3423/3423
f 3413/3413/3413 3423/3423/3423 3422/3422/3422
f 3414/3414/3414 3415/3415/3415 3424/3424/3424
f 3414/3414/3414 3424/3424/3424 3423/3423/3423
f 3416/3416/3416 3417/3417/3417 3426/3426/3426
f 3416/3416/3416 3426/3426/3426 3425/3425/3425
f 3417/3417/3417 3418/3418/3418 3427/3427/3427
f 3417/3417/3417 3427/3427/3427 3426/3426/3426
f 3418/3418/3418 3419/3419/3419 3428/3428/3428
f 3418/3418/3418 3428/3428/3428 3427/3427/3427
f 3419/3419/3419 3420/3420/3420 3429/3429/3429
f 3419/3419/3419 3429/3429/3429 3428/3428/3428
f 3420/3420/3420 3421/3421/3421 3430/3430/3430
f 3420/3420/3420 3430/3430/3430 3429/3429/3429
f 3421/3421/3421 3422/3422/3422 3431/3431/3431
f 3421/3421/3421 3431/3431/3431 3430/3430/3430
f 3422/3422/3422 3423/3423/3423 3432/3432/3432
f 3422/3422/3422 3432/3432/3432 3431/3431/3431
f 3423/3423/3423 3424/3424/3424 3433/3433/3433
f 3423/3423/3423 3433/3433/3433 3432/3432/3432
f 3434/3434/3434 3435/3435/3435 3442/3442/3442
f 3434/3434/3434 3442/3442/3442 3441/3441/3441
f 3435/3435/3435 3436/3436/3436 3443/3443/3443
f 3435/3435/3435 3443/3443/3443 3442/3442/3442
f 3436/3436/3436 3437/3437/3437 3444/3444/3444
f 3436/3436/3436 3444/3444/3444 3443/3443/3443
f 3437/3437/3437 3438/3438/3438 3445/3445/3445
f 3437/3437/3437 3445/3445/3445 3444/3444/3444
f 3438/3438/3438 3439/3439/3439 3446/3446/3446
f 3438/3438/3438 3446/3446/3446 3445/3445/3445
f 3439/3439/3439 3440/3440/3440 3447/3447/3447
f 3439/3439/3439 3447/3447/3447 3446/3446/3446
f 3441/3441/3441 3442/3442/3442 3449/3449/3449
f 3441/3441/3441 3449/3449/3449 3448/3448/3448
f 3442/3442/3442 3443/3443/3443 3450/3450/3450
f 3442/3442/3442 3450/3450/3450 3449/3449/3449
f 3443/3443/3443 3444/3444/3444 3451/3451/3451
f 3443/3443/3443 3451/3451/3451 3450/3450/3450
f 3444/3444/3444 3445/3445/3445 3452/3452/3452
f 3444/3444/3444 3452/3452/3452 3451/3451/3451
f 3445/3445/3445 3446/3446/3446 3453/3453/3453
f 3445/3445/3445 3453/3453/3453 3452/3452/3452
f 3446/3446/3446 3447/3447/3447 3454/3454/3454
f 3446/3446/3446 3454/3454/3454 3453/3453/3453
f 3448/3448/3448 3449/3449/3449 3456/3456/3456
f 3448/3448/3448 3456/3456/3456 3455/3455/3455
f 3449/3449/3449 3450/3450/3450 3457/3457/3457
f 3449/3449/3449 3457/3457/3457 3456/3456/3456
f 3450/3450/3450 3451/3451/3451 3458/3458/3458
f 3450/3450/3450 3458/3458/3458 3457/3457/3457
f 3451/3451/3451 3452/3452/3452 3459/3459/3459
f 3451/3451/3451 3459/3459/3459 3458/3458/3458
f 3452/3452/3452 3453/3453/3453 3460/3460/3460
f 3452/3452/3452 3460/3460/3460 3459/3459/3459
f 3453/3453/3453 3454/3454/3454 3461/3461/3461
f 3453/3453/3453 3461/3461/3461 3460/3460/3460
f 3455/3455/3455 3456/3456/3456 3463/3463/3463
f 3455/3455/3455 3463/3463/3463 3462/3462/3462
f 3456/3456/3456 3457/3457/3457 3464/3464/3464
f 3456/3456/3456 3464/3464/3464 3463/3463/3463
f 3457/3457/3457 3458/3458/3458 3465/3465/3465
f 3457/3457/3457 3465/3465/3465 3464/3464/3464
f 3458/3458/3458 3459/3459/3459 3466/3466/3466
f 3458/3458/3458 3466/3466/3466 3465/3465/3465
f 3459/3459/3459 3460/3460/3460 3467/3467/3467
f 3459/3459/3459 3467/3467/3467 3466/3466/3466
f 3460/3460/3460 3461/3461/3461 3468/3468/3468
f 3460/3460/3460 3468/3468/3468 3467/3467/3467
usemtl flower
f 3469/3469/3469 3470/3470/3470 3479/3479/3479
f 3469/3469/3469 3479/3479/3479 3478/3478/3478
f 3470/3470/3470 3471/3471/3471 3480/3480/3480
f 3470/3470/3470 3480/3480/3480 3479/3479/3479
f 3471/3471/3471 3472/3472/3472 3481/3481/3481
f 3471/3471/3471 3481/3481/3481 3480/3480/3480
f 3472/3472/3472 3473/3473/3473 3482/3482/3482
f 3472/3472/3472 3482/3482/3482 3481/3481/3481
f 3473/3473/3473 3474/3474/3474 3483/3483/3483
f 3473/3473/3473 3483/3483/3483 3482/3482/3482
f 3474/3474/3474 3475/3475/3475 3484/3484/3484
f 3474/3474/3474 3484/3484/3484 3483/3483/3483
f 3475/3475/3475 3476/3476/3476 3485/3485/3485
f 3475/3475/3475 3485/3485/3485 3484/3484/3484
f 3476/3476/3476 3477/3477/3477 3486/3486/3486
f 3476/3476/3476 3486/3486/3486 3485/3485/3485
f 3478/3478/3478 3479/3479/3479 3488/3488/3488
f 3478/3478/3478 3488/3488/3488 3487/3487/3487
f 3479/3479/3479 3480/3480/3480 3489/3489/3489
f 3479/3479/3479 3489/3489/3489 3488/3488/3488
f 3480/3480/3480 3481/3481/3481 3490/3490/3490
f 3480/3480/3480 3490/3490/3490 3489/3489/3489
f 3481/3481/3481 3482/3482/3482 3491/3491/3491
f 3481/3481/3481 3491/3491/3491 3490/3490/3490
f 3482/3482/3482 3483/3483/3483 3492/3492/3492
f 3482/3482/3482 3492/3492/3492 3491/3491/3491
f 3483/3483/3483 3484/3484/3484 3493/3493/3493
f 3483/3483/3483 3493/3493/3493 3492/3492/3492
f 3484/3484/3484 3485/3485/3485 3494/3494/3494
f 3484/3484/3484 3494/3494/3494 3493/3493/3493
f 3485/3485/3485 3486/3486/3486 3495/3495/3495
f 3485/3485/3485 3495/3495/3495 3494/3494/3494
f 3487/3487/3487 3488/3488/3488 3497/3497/3497
f 3487/3487/3487 3497/3497/3497 3496/3496/3496
f 3488/3488/3488 3489/3489/3489 3498/3498/3498
f 3488/3488/3488 3498/3498/3498 3497/3497/3497
f 3489/3489/3489 3490/3490/3490 3499/3499/3499
f 3489/3489/3489 3499/3499/3499 3498/3498/3498
f 3490/3490/3490 3491/3491/3491 3500/3500/3500
f 3490/3490/3490 3500/3500/3500 3499/3499/3499
f 3491/3491/3491 3492/3492/3492 3501/3501/3501
f 3491/3491/3491 3501/3501/3501 3500/3500/3500
f 3492/3492/3492 3493/3493/3493 3502/3502/3502
f 3492/3492/3492 3502/3502/3502 3501/3501/3501
f 3493/3493/3493 3494/3494/3494 3503/3503/3503
f 3493/3493/3493 3503/3503/3503 3502/3502/3502
f 3494/3494/3494 3495/3495/3495 3504/3504/3504
f 3494/3494/3494 3504/3504/3504 3503/3503/3503
f 3496/3496/3496 3497/3497/3497 3506/3506/3506
f 3496/3496/3496 3506/3506/3506 3505/3505/3505
f 3497/3497/3497 3498/3498/3498 3507/3507/3507
f 3497/3497/3497 3507/3507/3507 3506/3506/3506
f 3498/3498/3498 3499/3499/3499 3508/3508/3508
f 3498/3498/3498 3508/3508/3508 3507/3507/3507
f 3499/3499/3499 3500/3500/3500 3509/3509/3509
f 3499/3499/3499 3509/3509/3509 3508/3508/3508
f 3500/3500/3500 3501/3501/3501 3510/3510/3510
f 3500/3500/3500 3510/3510/3510 3509/3509/3509
f 3501/3501/3501 3502/3502/3502 3511/3511/3511
f 3501/3501/3501 3511/3511/3511 3510/3510/3510
f 3502/3502/3502 3503/3503/3503 3512/3512/3512
f 3502/3502/3502 3512/3512/3512 3511/3511/3511
f 3503/3503/3503 3504/3504/3504 3513/3513/3513
f 3503/3503/3503 3513/3513/3513 3512/3512/3512
f 3514/3514/3514 3515/3515/3515 3524/3524/3524
f 3514/3514/3514 3524/3524/3524 3523/3523/3523
f 3515/3515/3515 3516/3516/3516 3525/3525/3525
f 3515/3515/3515 3525/3525/3525 3524/3524/3524
f 3516/3516/3516 3517/3517/3517 3526/3526/3526
f 3516/3516/3516 3526/3526/3526 3525/3525/3525
f 3517/3517/3517 3518/3518/3518 3527/3527/3527
f 3517/3517/3517 3527/3527/3527 3526/3526/3526
f 3518/3518/3518 3519/3519/3519 3528/3528/3528
f 3518/3518/3518 3528/3528/3528 3527/3527/3527
f 3519/3519/3519 3520/3520/3520 3529/3529/3529
f 3519/3519/3519 3529/3529/3529 3528/3528/3528
f 3520/3520/3520 3521/3521/3521 3530/3530/3530
f 3520/3520/3520 3530/3530/3530 3529/3529/3529
f 3521/3521/3521 3522/3522/3522 3531/3531/3531
f 3521/3521/3521 3531/3531/3531 3530/3530/3530
f 3523/3523/3523 3524/3524/3524 3533/3533/3533
f 3523/3523/3523 3533/3533/3533 3532/3532/3532
f 3524/3524/3524 3525/3525/3525 3534/3534/3534
f 3524/3524/3524 3534/3534/3534 3533/3533/3533
f 3525/3525/3525 3526/3526/3526 3535/3535/3535
f 3525/3525/3525 3535/3535/3535 3534/3534/3534
f 3526/3526/3526 3527/3527/3527 3536/3536/3536
f 3526/3526/3526 3536/3536/3536 3535/3535/3535
f 3527/3527/3527 3528/3528/3528 3537/3537/3537
f 3527/3527/3527 3537/3537/3537 3536/3536/3536
f 3528/3528/3528 3529/3529/3529 3538/3538/3538
f 3528/3528/3528 3538/3538/3538 3537/3537/3537
f 3529/3529/3529 3530/3530/3530 3539/3539/3539
f 3529/3529/3529 3539/3539/3539 3538/3538/3538
f 3530/3530/3530 3531/3531/3531 3540/3540/3540
f 3530/3530/3530 3540/3540/3540 3539/3539/3539
f 3532/3532/3532 3533/3533/3533 3542/3542/3542
f 3532/3532/3532 3542/3542/3542 3541/3541/3541
f 3533/3533/3533 3534/3534/3534 3543/3543/3543
f 3533/3533/3533 3543/3543/3543 3542/3542/3542
f 3534/3534/3534 3535/3535/3535 3544/3544/3544
f 3534/3534/3534 3544/3544/3544 3543/3543/3543
f 3535/3535/3535 3536/3536/3536 3545/3545/3545
f 3535/3535/3535 3545/3545/3545 3544/3544/3544
f 3536/3536/3536 3537/3537/3537 3546/3546/3546
f 3536/3536/3536 3546/3546/3546 3545/3545/3545
f 3537/3537/3537 3538/3538/3538 3547/3547/3547
f 3537/3537/3537 3547/3547/3547 3546/3546/3546
f 3538/3538/3538 3539/3539/3539 3548/3548/3548
f 3538/3538/3538 3548/3548/3548 3547/3547/3547
f 3539/3539/3539 3540/3540/3540 3549/3549/3549
f 3539/3539/3539 3549/3549/3549 3548/3548/3548
f 3541/3541/3541 3542/3542/3542 3551/3551/3551
f 3541/3541/3541 3551/3551/3551 3550/3550/3550
f 3542/3542/3542 3543/3543/3543 3552/3552/3552
f 3542/3542/3542 3552/3552/3552 3551/3551/3551
f 3543/3543/3543 3544/3544/3544 3553/3553/3553
f 3543/3543/3543 3553/3553/3553 3552/3552/3552
f 3544/3544/3544 3545/3545/3545 3554/3554/3554
f 3544/3544/3544 3554/3554/3554 3553/3553/3553
f 3545/3545/3545 3546/3546/3546 3555/3555/3555
f 3545/3545/3545 3555/3555/3555 3554/3554/3554
f 3546/3546/3546 3547/3547/3547 3556/3556/3556
f 3546/3546/3546 3556/3556/3556 3555/3555/3555
f 3547/3547/3547 3548/3548/3548 3557/3557/3557
f 3547/3547/3547 3557/3557/3557 3556/3556/3556
f 3548/3548/3548 3549/3549/3549 3558/3558/3558
f 3548/3548/3548 3558/3558/3558 3557/3557/3557
f 3559/3559/3559 3560/3560/3560 3569/3569/3569
f 3559/3559/3559 3569/3569/3569 3568/3568/3568
f 3560/3560/3560 3561/3561/3561 3570/3570/3570
f 3560/3560/3560 3570/3570/3570 3569/3569/3569
f 3561/3561/3561 3562/3562/3562 3571/3571/3571
f 3561/3561/3561 3571/3571/3571 3570/3570/3570
f 3562/3562/3562 3563/3563/3563 3572/3572/3572
f 3562/3562/3562 3572/3572/3572 3571/3571/3571
f 3563/3563/3563 3564/3564/3564 3573/3573/3573
f 3563/3563/3563 3573/3573/3573 3572/3572/3572
f 3564/3564/3564 3565/3565/3565 3574/3574/3574
f 3564/3564/3564 3574/3574/3574 3573/3573/3573
f 3565/3565/3565 3566/3566/3566 3575/3575/3575
f 3565/3565/3565 3575/3575/3575 3574/3574/3574
f 3566/3566/3566 3567/3567/3567 3576/3576/3576
f 3566/3566/3566 3576/3576/3576 3575/3575/3575
f 3568/3568/3568 3569/3569/3569 3578/3578/3578
f 3568/3568/3568 3578/3578/3578 3577/3577/3577
f 3569/3569/3569 3570/3570/3570 3579/3579/3579
f 3569/3569/3569 3579/3579/3579 3578/3578/3578
f 3570/3570/3570 3571/3571/3571 3580/3580/3580
f 3570/3570/3570 3580/3580/3580 3579/3579/3579
f 3571/3571/3571 3572/3572/3572 3581/3581/3581
f 3571/3571/3571 3581/3581/3581 3580/3580/3580
f 3572/3572/3572 3573/3573/3573 3582/3582/3582
f 3572/3572/3572 3582/3582/3582 3581/3581/3581
f 3573/3573/3573 3574/3574/3574 3583/3583/3583
f 3573/3573/3573 3583/3583/3583 3582/3582/3582
f 3574/3574/3574 3575/3575/3575 3584/3584/3584
f 3574/3574/3574 3584/3584/3584 3583/3583/3583
f 3575/3575/3575 3576/3576/3576 3585/3585/3585
f 3575/3575/3575 3585/3585/3585 3584/3584/3584
f 3577/3577/3577 3578/3578/3578 3587/3587/3587
f 3577/3577/3577 3587/3587/3587 3586/3586/3586
f 3578/3578/3578 3579/3579/3579 3588/3588/3588
f 3578/3578/3578 3588/3588/3588 3587/3587/3587
f 3579/3579/3579 3580/3580/3580 3589/3589/3589
f 3579/3579/3579 3589/3589/3589 3588/3588/3588
f 3580/3580/3580 3581/3581/3581 3590/3590/3590
f 3580/3580/3580 3590/3590/3590 3589/3589/3589
f 3581/3581/3581 3582/3582/3582 3591/3591/3591
f 3581/3581/3581 3591/3591/3591 3590/3590/3590
f 3582/3582/3582 3583/3583/3583 3592/3592/3592
f 3582/3582/3582 3592/3592/3592 3591/3591/3591
f 3583/3583/3583 3584/3584/3584 3593/3593/3593
f 3583/3583/3583 3593/3593/3593 3592/3592/3592
f 3584/3584/3584 3585/3585/3585 3594/3594/3594
f 3584/3584/3584 3594/3594/3594 3593/3593/3593
f 3586/3586/3586 3587/3587/3587 3596/3596/3596
f 3586/3586/3586 3596/3596/3596 3595/3595/3595
f 3587/3587/3587 3588/3588/3588 3597/3597/3597
f 3587/3587/3587 3597/3597/3597 3596/3596/3596
f 3588/3588/3588 3589/3589/3589 3598/3598/3598
f 3588/3588/3588 3598/3598/3598 3597/3597/3597
f 3589/3589/3589 3590/3590/3590 3599/3599/3599
f 3589/3589/3589 3599/3599/3599 3598/3598/3598
f 3590/3590/3590 3591/3591/3591 3600/3600/3600
f 3590/3590/3590 3600/3600/3600 3599/3599/3599
f 3591/3591/3591 3592/3592/3592 3601/3601/3601
f 3591/3591/3591 3601/3601/3601 3600/3600/3600
f 3592/3592/3592 3593/3593/3593 3602/3602/3602
f 3592/3592/3592 3602/3602/3602 3601/3601/3601
f 3593/3593/3593 3594/3594/3594 3603/3603/3603
f 3593/3593/3593 3603/3603/3603 3602/3602/3602
f 3604/3604/3604 3605/3605/3605 3614/3614/3614
f 3604/3604/3604 3614/3614/3614 3613/3613/3613
f 3605/3605/3605 3606/3606/3606 3615/3615/3615
f 3605/3605/3605 3615/3615/3615 3614/3614/3614
f 3606/3606/3606 3607/3607/3607 3616/3616/3616
f 3606/3606/3606 3616/3616/3616 3615/3615/3615
f 3607/3607/3607 3608/3608/3608 3617/3617/3617
f 3607/3607/3607 3617/3617/3617 3616/3616/3616
f 3608/3608/3608 3609/3609/3609 3618/3618/3618
f 3608/3608/3608 3618/3618/3618 3617/3617/3617
f 3609/3609/3609 3610/3610/3610 3619/3619/3619
f 3609/3609/3609 3619/3619/3619 3618/3618/3618
f 3610/3610/3610 3611/3611/3611 3620/3620/3620
f 3610/3610/3610 3620/3620/3620 3619/3619/3619
f 3611/3611/3611 3612/3612/3612 3621/3621/3621
f 3611/3611/3611 3621/3621/3621 3620/3620/3620
f 3613/3613/3613 3614/3614/3614 3623/3623/3623
f 3613/3613/3613 3623/3623/3623 3622/3622/3622
f 3614/3614/3614 3615/3615/3615 3624/3624/3624
f 3614/3614/3614 3624/3624/3624 3623/3623/3623
f 3615/3615/3615 3616/3616/3616 3625/3625/3625
f 3615/3615/3615 3625/3625/3625 3624/3624/3624
f 3616/3616/3616 3617/3617/3617 3626/3626/3626
f 3616/3616/3616 3626/3626/3626 3625/3625/3625
f 3617/3617/3617 3618/3618/3618 3627/3627/3627
f 3617/3617/3617 3627/3627/3627 3626/3626/3626
f 3618/3618/3618 3619/3619/3619 3628/3628/3628
f 3618/3618/3618 3628/3628/3628 3627/3627/3627
f 3619/3619/3619 3620/3620/3620 3629/3629/3629
f 3619/3619/3619 3629/3629/3629 3628/3628/3628
f 3620/3620/3620 3621/3621/3621 3630/3630/3630
f 3620/3620/3620 3630/3630/3630 3629/3629/3629
f 3622/3622/3622 3623/3623/3623 3632/3632/3632
f 3622/3622/3622 3632/3632/3632 3631/3631/3631
f 3623/3623/3623 3624/3624/3624 3633/3633/3633
f 3623/3623/3623 3633/3633/3633 3632/3632/3632
f 3624/3624/3624 3625/3625/3625 3634/3634/3634
f 3624/3624/3624 3634/3634/3634 3633/3633/3633
f 3625/3625/3625 3626/3626/3626 3635/3635/3635
f 3625/3625/3625 3635/3635/3635 3634/3634/3634
f 3626/3626/3626 3627/3627/3627 3636/3636/3636
f 3626/3626/3626 3636/3636/3636 3635/3635/3635
f 3627/3627/3627 3628/3628/3628 3637/3637/3637
f 3627/3627/3627 3637/3637/3637 3636/3636/3636
f 3628/3628/3628 3629/3629/3629 3638/3638/3638
f 3628/3628/3628 3638/3638/3638 3637/3637/3637
f 3629/3629/3629 3630/3630/3630 3639/3639/3639
f 3629/3629/3629 3639/3639/3639 3638/3638/3638
f 3631/3631/3631 3632/3632/3632 3641/3641/3641
f 3631/3631/3631 3641/3641/3641 3640/3640/3640
f 3632/3632/3632 3633/3633/3633 3642/3642/3642
f 3632/3632/3632 3642/3642/3642 3641/3641/3641
f 3633/3633/3633 3634/3634/3634 3643/3643/3643
f 3633/3633/3633 3643/3643/3643 3642/3642/3642
f 3634/3634/3634 3635/3635/3635 3644/3644/3644
f 3634/3634/3634 3644/3644/3644 3643/3643/3643
f 3635/3635/3635 3636/3636/3636 3645/3645/3645
f 3635/3635/3635 3645/3645/3645 3644/3644/3644
f 3636/3636/3636 3637/3637/3637 3646/3646/3646
f 3636/3636/3636 3646/3646/3646 3645/3645/3645
f 3637/3637/3637 3638/3638/3638 3647/3647/3647
f 3637/3637/3637 3647/3647/3647 3646/3646/3646
f 3638/3638/3638 3639/3639/3639 3648/3648/3648
f 3638/3638/3638 3648/3648/3648 3647/3647/3647
f 3649/3649/3649 3650/3650/3650 3659/3659/3659
f 3649/3649/3649 3659/3659/3659 3658/3658/3658
f 3650/3650/3650 3651/3651/3651 3660/3660/3660
f 3650/3650/3650 3660/3660/3660 3659/3659/3659
f 3651/3651/3651 3652/3652/3652 3661/3661/3661
f 3651/3651/3651 3661/3661/3661 3660/3660/3660
f 3652/3652/3652 3653/3653/3653 3662/3662/3662
f 3652/3652/3652 3662/3662/3662 3661/3661/3661
f 3653/3653/3653 3654/3654/3654 3663/3663/3663
f 3653/3653/3653 3663/3663/3663 3662/3662/3662
f 3654/3654/3654 3655/3655/3655 3664/3664/3664
f 3654/3654/3654 3664/3664/3664 3663/3663/3663
f 3655/3655/3655 3656/3656/3656 3665/3665/3665
f 3655/3655/3655 3665/3665/3665 3664/3664/3664
f 3656/3656/3656 3657/3657/3657 3666/3666/3666
f 3656/3656/3656 3666/3666/3666 3665/3665/3665
f 3658/3658/3658 3659/3659/3659 3668/3668/3668
f 3658/3658/3658 3668/3668/3668 3667/3667/3667
f 3659/3659/3659 3660/3660/3660 3669/3669/3669
f 3659/3659/3659 3669/3669/3669 3668/3668/3668
f 3660/3660/3660 3661/3661/3661 3670/3670/3670
f 3660/3660/3660 3670/3670/3670 3669/3669/3669
f 3661/3661/3661 3662/3662/3662 3671/3671/3671
f 3661/3661/3661 3671/3671/3671 3670/3670/3670
f 3662/3662/3662 3663/3663/3663 3672/3672/3672
f 3662/3662/3662 3672/3672/3672 3671/3671/3671
f 3663/3663/3663 3664/3664/3664 3673/3673/3673
f 3663/3663/3663 3673/3673/3673 3672/3672/3672
f 3664/3664/3664 3665/3665/3665 3674/3674/3674
f 3664/3664/3664 3674/3674/3674 3673/3673/3673
f 3665/3665/3665 3666/3666/3666 3675/3675/3675
f 3665/3665/3665 3675/3675/3675 3674/3674/3674
f 3667/3667/3667 3668/3668/3668 3677/3677/3677
f 3667/3667/3667 3677/3677/3677 3676/3676/3676
f 3668/3668/3668 3669/3669/3669 3678/3678/3678
f 3668/3668/3668 3678/3678/3678 3677/3677/3677
f 3669/3669/3669 3670/3670/3670 3679/3679/3679
f 3669/3669/3669 3679/3679/3679 3678/3678/3678
f 3670/3670/3670 3671/3671/3671 3680/3680/3680
f 3670/3670/3670 3680/3680/3680 3679/3679/3679
f 3671/3671/3671 3672/3672/3672 3681/3681/3681
f 3671/3671/3671 3681/3681/3681 3680/3680/3680
f 3672/3672/3672 3673/3673/3673 3682/3682/3682
f 3672/3672/3672 3682/3682/3682 3681/3681/3681
f 3673/3673/3673 3674/3674/3674 3683/3683/3683
f 3673/3673/3673 3683/3683/3683 3682/3682/3682
f 3674/3674/3674 3675/3675/3675 3684/3684/3684
f 3674/3674/3674 3684/3684/3684 3683/3683/3683
f 3676/3676/3676 3677/3677/3677 3686/3686/3686
f 3676/3676/3676 3686/3686/3686 3685/3685/3685
f 3677/3677/3677 3678/3678/3678 3687/3687/3687
f 3677/3677/3677 3687/3687/3687 3686/3686/3686
f 3678/3678/3678 3679/3679/3679 3688/3688/3688
f 3678/3678/3678 3688/3688/3688 3687/3687/3687
f 3679/3679/3679 3680/3680/3680 3689/3689/3689
f 3679/3679/3679 3689/3689/3689 3688/3688/3688
f 3680/3680/3680 3681/3681/3681 3690/3690/3690
f 3680/3680/3680 3690/3690/3690 3689/3689/3689
f 3681/3681/3681 3682/3682/3682 3691/3691/3691
f 3681/3681/3681 3691/3691/3691 3690/3690/3690
f 3682/3682/3682 3683/3683/3683 3692/3692/3692
f 3682/3682/3682 3692/3692/3692 3691/3691/3691
f 3683/3683/3683 3684/3684/3684 3693/3693/3693
f 3683/3683/3683 3693/3693/3693 3692/3692/3692
f 3694/3694/3694 3695/3695/3695 3702/3702/3702
f 3694/3694/3694 3702/3702/3702 3701/3701/3701
f 3695/3695/3695 3696/3696/3696 3703/3703/3703
f 3695/3695/3695 3703/3703/3703 3702/3702/3702
f 3696/3696/3696 3697/3697/3697 3704/3704/3704
f 3696/3696/3696 3704/3704/3704 3703/3703/3703
f 3697/3697/3697 3698/3698/3698 3705/3705/3705
f 3697/3697/3697 3705/3705/3705 3704/3704/3704
f 3698/3698/3698 3699/3699/3699 3706/3706/3706
f 3698/3698/3698 3706/3706/3706 3705/3705/3705
f 3699/3699/3699 3700/3700/3700 3707/3707/3707
f 3699/3699/3699 3707/3707/3707 3706/3706/3706
f 3701/3701/3701 3702/3702/3702 3709/3709/3709
f 3701/3701/3701 3709/3709/3709 3708/3708/3708
f 3702/3702/3702 3703/3703/3703 3710/3710/3710
f 3702/3702/3702 3710/3710/3710 3709/3709/3709
f 3703/3703/3703 3704/3704/3704 3711/3711/3711
f 3703/3703/3703 3711/3711/3711 3710/3710/3710
f 3704/3704/3704 3705/3705/3705 3712/3712/3712
f 3704/3704/3704 3712/3712/3712 3711/3711/3711
f 3705/3705/3705 3706/3706/3706 3713/3713/3713
f 3705/3705/3705 3713/3713/3713 3712/3712/3712
f 3706/3706/3706 3707/3707/3707 3714/3714/3714
f 3706/3706/3706 3714/3714/3714 3713/3713/3713
f 3708/3708/3708 3709/3709/3709 3716/3716/3716
f 3708/3708/3708 3716/3716/3716 3715/3715/3715
f 3709/3709/3709 3710/3710/3710 3717/3717/3717
f 3709/3709/3709 3717/3717/3717 3716/3716/3716
f 3710/3710/3710 3711/3711/3711 3718/3718/3718
f 3710/3710/3710 3718/3718/3718 3717/3717/3717
f 3711/3711/3711 3712/3712/3712 3719/3719/3719
f 3711/3711/3711 3719/3719/3719 3718/3718/3718
f 3712/3712/3712 3713/3713/3713 3720/3720/3720
f 3712/3712/3712 3720/3720/3720 3719/3719/3719
f 3713/3713/3713 3714/3714/3714 3721/3721/3721
f 3713/3713/3713 3721/3721/3721 3720/3720/3720
f 3715/3715/3715 3716/3716/3716 3723/3723/3723
f 3715/3715/3715 3723/3723/3723 3722/3722/3722
f 3716/3716/3716 3717/3717/3717 3724/3724/3724
f 3716/3716/3716 3724/3724/3724 3723/3723/3723
f 3717/3717/3717 3718/3718/3718 3725/3725/3725
f 3717/3717/3717 3725/3725/3725 3724/3724/3724
f 3718/3718/3718 3719/3719/3719 3726/3726/3726
f 3718/3718/3718 3726/3726/3726 3725/3725/3725
f 3719/3719/3719 3720/3720/3720 3727/3727/3727
f 3719/3719/3719 3727/3727/3727 3726/3726/3726
f 3720/3720/3720 3721/3721/3721 3728/3728/3728
f 3720/3720/3720 3728/3728/3728 3727/3727/3727
f 3729/3729/3729 3730/3730/3730 3739/3739/3739
f 3729/3729/3729 3739/3739/3739 3738/3738/3738
f 3730/3730/3730 3731/3731/3731 3740/3740/3740
f 3730/3730/3730 3740/3740/3740 3739/3739/3739
f 3731/3731/3731 3732/3732/3732 3741/3741/3741
f 3731/3731/3731 3741/3741/3741 3740/3740/3740
f 3732/3732/3732 3733/3733/3733 3742/3742/3742
f 3732/3732/3732 3742/3742/3742 3741/3741/3741
f 3733/3733/3733 3734/3734/3734 3743/3743/3743
f 3733/3733/3733 3743/3743/3743 3742/3742/3742
f 3734/3734/3734 3735/3735/3735 3744/3744/3744
f 3734/3734/3734 3744/3744/3744 3743/3743/3743
f 3735/3735/3735 3736/3736/3736 3745/3745/3745
f 3735/3735/3735 3745/3745/3745 3744/3744/3744
f 3736/3736/3736 3737/3737/3737 3746/3746/3746
f 3736/3736/3736 3746/3746/3746 3745/3745/3745
f 3738/3738/3738 3739/3739/3739 3748/3748/3748
f 3738/3738/3738 3748/3748/3748 3747/3747/3747
f 3739/3739/3739 3740/3740/3740 3749/3749/3749
f 3739/3739/3739 3749/3749/3749 3748/3748/3748
f 3740/3740/3740 3741/3741/3741 3750/3750/3750
f 3740/3740/3740 3750/3750/3750 3749/3749/3749
f 3741/3741/3741 3742/3742/3742 3751/3751/3751
f 3741/3741/3741 3751/3751/3751 3750/3750/3750
f 3742/3742/3742 3743/3743/3743 3752/3752/3752
f 3742/3742/3742 3752/3752/3752 3751/3751/3751
f 3743/3743/3743 3744/3744/3744 3753/3753/3753
f 3743/3743/3743 3753/3753/3753 3752/3752/3752
f 3744/3744/3744 3745/3745/3745 3754/3754/3754
f 3744/3744/3744 3754/3754/3754 3753/3753/3753
f 3745/3745/3745 3746/3746/3746 3755/3755/3755
f 3745/3745/3745 3755/3755/3755 3754/3754/3754
f 3747/3747/3747 3748/3748/3748 3757/3757/3757
f 3747/3747/3747 3757/3757/3757 3756/3756/3756
f 3748/3748/3748 3749/3749/3749 3758/3758/3758
f 3748/3748/3748 3758/3758/3758 3757/3757/3757
f 3749/3749/3749 3750/3750/3750 3759/3759/3759
f 3749/3749/3749 3759/3759/3759 3758/3758/3758
f 3750/3750/3750 3751/3751/3751 3760/3760/3760
f 3750/3750/3750 3760/3760/3760 3759/3759/3759
f 3751/3751/3751 3752/3752/3752 3761/3761/3761
f 3751/3751/3751 3761/3761/3761 3760/3760/3760
f 3752/3752/3752 3753/3753/3753 3762/3762/3762
f 3752/3752/3752 3762/3762/3762 3761/3761/3761
f 3753/3753/3753 3754/3754/3754 3763/3763/3763
f 3753/3753/3753 3763/3763/3763 3762/3762/3762
f 3754/3754/3754 3755/3755/3755 3764/3764/3764
f 3754/3754/3754 3764/3764/3764 3763/3763/3763
f 3756/3756/3756 3757/3757/3757 3766/3766/3766
f 3756/3756/3756 3766/3766/3766 3765/3765/3765
f 3757/3757/3757 3758/3758/3758 3767/3767/3767
f 3757/3757/3757 3767/3767/3767 3766/3766/3766
f 3758/3758/3758 3759/3759/3759 3768/3768/3768
f 3758/3758/3758 3768/3768/3768 3767/3767/3767
f 3759/3759/3759 3760/3760/3760 3769/3769/3769
f 3759/3759/3759 3769/3769/3769 3768/3768/3768
f 3760/3760/3760 3761/3761/3761 3770/3770/3770
f 3760/3760/3760 3770/3770/3770 3769/3769/3769
f 3761/3761/3761 3762/3762/3762 3771/3771/3771
f 3761/3761/3761 3771/3771/3771 3770/3770/3770
f 3762/3762/3762 3763/3763/3763 3772/3772/3772
f 3762/3762/3762 3772/3772/3772 3771/3771/3771
f 3763/3763/3763 3764/3764/3764 3773/3773/3773
f 3763/3763/3763 3773/3773/3773 3772/3772/3772
f 3774/3774/3774 3775/3775/3775 3784/3784/3784
f 3774/3774/3774 3784/3784/3784 3783/3783/3783
f 3775/3775/3775 3776/3776/3776 3785/3785/3785
f 3775/3775/3775 3785/3785/3785 3784/3784/3784
f 3776/3776/3776 3777/3777/3777 3786/3786/3786
f 3776/3776/3776 3786/3786/3786 3785/3785/3785
f 3777/3777/3777 3778/3778/3778 3787/3787/3787
f 3777/3777/3777 3787/3787/3787 3786/3786/3786
f 3778/3778/3778 3779/3779/3779 3788/3788/3788
f 3778/3778/3778 3788/3788/3788 3787/3787/3787
f 3779/3779/3779 3780/3780/3780 3789/3789/3789
f 3779/3779/3779 3789/3789/3789 3788/3788/3788
f 3780/3780/3780 3781/3781/3781 3790/3790/3790
f 3780/3780/3780 3790/3790/3790 3789/3789/3789
f 3781/3781/3781 3782/3782/3782 3791/3791/3791
f 3781/3781/3781 3791/3791/3791 3790/3790/3790
f 3783/3783/3783 3784/3784/3784 3793/3793/3793
f 3783/3783/3783 3793/3793/3793 3792/3792/3792
f 3784/3784/3784 3785/3785/3785 3794/3794/3794
f 3784/3784/3784 3794/3794/3794 3793/3793/3793
f 3785/3785/3785 3786/3786/3786 3795/3795/3795
f 3785/3785/3785 3795/3795/3795 3794/3794/3794
f 3786/3786/3786 3787/3787/3787 3796/3796/3796
f 3786/3786/3786 3796/3796/3796 3795/3795/3795
f 3787/3787/3787 3788/3788/3788 3797/3797/3797
f 3787/3787/3787 3797/3797/3797 3796/3796/3796
f 3788/3788/3788 3789/3789/3789 3798/3798/3798
f 3788/3788/3788 3798/3798/3798 3797/3797/3797
f 3789/3789/3789 3790/3790/3790 3799/3799/3799
f 3789/3789/3789 3799/3799/3799 3798/3798/3798
f 3790/3790/3790 3791/3791/3791 3800/3800/3800
f 3790/3790/3790 3800/3800/3800 3799/3799/3799
f 3792/3792/3792 3793/3793/3793 3802/3802/3802
f 3792/3792/3792 3802/3802/3802 3801/3801/3801
f 3793/3793/3793 3794/3794/3794 3803/3803/3803
f 3793/3793/3793 3803/3803/3803 3802/3802/3802
f 3794/3794/3794 3795/3795/3795 3804/3804/3804
f 3794/3794/3794 3804/3804/3804 3803/3803/3803
f 3795/3795/3795 3796/3796/3796 3805/3805/3805
f 3795/3795/3795 3805/3805/3805 3804/3804/3804
f 3796/3796/3796 3797/3797/3797 3806/3806/3806
f 3796/3796/3796 3806/3806/3806 3805/3805/3805
f 3797/3797/3797 3798/3798/3798 3807/3807/3807
f 3797/3797/3797 3807/3807/3807 3806/3806/3806
f 3798/3798/3798 3799/3799/3799 3808/3808/3808
f 3798/3798/3798 3808/3808/3808 3807/3807/3807
f 3799/3799/3799 3800/3800/3800 3809/3809/3809
f 3799/3799/3799 3809/3809/3809 3808/3808/3808
f 3801/3801/3801 3802/3802/3802 3811/3811/3811
f 3801/3801/3801 3811/3811/3811 3810/3810/3810
f 3802/3802/3802 3803/3803/3803 3812/3812/3812
f 3802/3802/3802 3812/3812/3812 3811/3811/3811
f 3803/3803/3803 3804/3804/3804 3813/3813/3813
f 3803/3803/3803 3813/3813/3813 3812/3812/3812
f 3804/3804/3804 3805/3805/3805 3814/3814/3814
f 3804/3804/3804 3814/3814/3814 3813/3813/3813
f 3805/3805/3805 3806/3806/3806 3815/3815/3815
f 3805/3805/3805 3815/3815/3815 3814/3814/3814
f 3806/3806/3806 3807/3807/3807 3816/3816/3816
f 3806/3806/3806 3816/3816/3816 3815/3815/3815
f 3807/3807/3807 3808/3808/3808 3817/3817/3817
f 3807/3807/3807 3817/3817/3817 3816/3816/3816
f 3808/3808/3808 3809/3809/3809 3818/3818/3818
f 3808/3808/3808 3818/3818/3818 3817/3817/3817
f 3819/3819/3819 3820/3820/3820 3829/3829/3829
f 3819/3819/3819 3829/3829/3829 3828/3828/3828
f 3820/3820/3820 3821/3821/3821 3830/3830/3830
f 3820/3820/3820 3830/3830/3830 3829/3829/3829
f 3821/3821/3821 3822/3822/3822 3831/3831/3831
f 3821/3821/3821 3831/3831/3831 3830/3830/3830
f 3822/3822/3822 3823/3823/3823 3832/3832/3832
f 3822/3822/3822 3832/3832/3832 3831/3831/3831
f 3823/3823/3823 3824/3824/3824 3833/3833/3833
f 3823/3823/3823 3833/3833/3833 3832/3832/3832
f 3824/3824/3824 3825/3825/3825 3834/3834/3834
f 3824/3824/3824 3834/3834/3834 3833/3833/3833
f 3825/3825/3825 3826/3826/3826 3835/3835/3835
f 3825/3825/3825 3835/3835/3835 3834/3834/3834
f 3826/3826/3826 3827/3827/3827 3836/3836/3836
f 3826/3826/3826 3836/3836/3836 3835/3835/3835
f 3828/3828/3828 3829/3829/3829 3838/3838/3838
f 3828/3828/3828 3838/3838/3838 3837/3837/3837
f 3829/3829/3829 3830/3830/3830 3839/3839/3839
f 3829/3829/3829 3839/3839/3839 3838/3838/3838
f 3830/3830/3830 3831/3831/3831 3840/3840/3840
f 3830/3830/3830 3840/3840/3840 3839/3839/3839
f 3831/3831/3831 3832/3832/3832 3841/3841/3841
f 3831/3831/3831 3841/3841/3841 3840/3840/3840
f 3832/3832/3832 3833/3833/3833 3842/3842/3842
f 3832/3832/3832 3842/3842/3842 3841/3841/3841
f 3833/3833/3833 3834/3834/3834 3843/3843/3843
f 3833/3833/3833 3843/3843/3843 3842/3842/3842
f 3834/3834/3834 3835/3835/3835 3844/3844/3844
f 3834/3834/3834 3844/3844/3844 3843/3843/3843
f 3835/3835/3835 3836/3836/3836 3845/3845/3845
f 3835/3835/3835 3845/3845/3845 3844/3844/3844
f 3837/3837/3837 3838/3838/3838 3847/3847/3847
f 3837/3837/3837 3847/3847/3847 3846/3846/3846
f 3838/3838/3838 3839/3839/3839 3848/3848/3848
f 3838/3838/3838 3848/3848/3848 3847/3847/3847
f 3839/3839/3839 3840/3840/3840 3849/3849/3849
f 3839/3839/3839 3849/3849/3849 3848/3848/3848
f 3840/3840/3840 3841/3841/3841 3850/3850/3850
f 3840/3840/3840 3850/3850/3850 3849/3849/3849
f 3841/3841/3841 3842/3842/3842 3851/3851/3851
f 3841/3841/3841 3851/3851/3851 3850/3850/3850
f 3842/3842/3842 3843/3843/3843 3852/3852/3852
f 3842/3842/3842 3852/3852/3852 3851/3851/3851
f 3843/3843/3843 3844/3844/3844 3853/3853/3853
f 3843/3843/3843 3853/3853/3853 3852/3852/3852
f 3844/3844/3844 3845/3845/3845 3854/3854/3854
f 3844/3844/3844 3854/3854/3854 3853/3853/3853
f 3846/3846/3846 3847/3847/3847 3856/3856/3856
f 3846/3846/3846 3856/3856/3856 3855/3855/3855
f 3847/3847/3847 3848/3848/3848 3857/3857/3857
f 3847/3847/3847 3857/3857/3857 3856/3856/3856
f 3848/3848/3848 3849/3849/3849 3858/3858/3858
f 3848/3848/3848 3858/3858/3858 3857/3857/3857
f 3849/3849/3849 3850/3850/3850 3859/3859/3859
f 3849/3849/3849 3859/3859/3859 3858/3858/3858
f 3850/3850/3850 3851/3851/3851 3860/3860/3860
f 3850/3850/3850 3860/3860/3860 3859/3859/3859
f 3851/3851/3851 3852/3852/3852 3861/3861/3861
f 3851/3851/3851 3861/3861/3861 3860/3860/3860
f 3852/3852/3852 3853/3853/3853 3862/3862/3862
f 3852/3852/3852 3862/3862/3862 3861/3861/3861
f 3853/3853/3853 3854/3854/3854 3863/3863/3863
f 3853/3853/3853 3863/3863/3863 3862/3862/3862
f 3864/3864/3864 3865/3865/3865 3874/3874/3874
f 3864/3864/3864 3874/3874/3874 3873/3873/3873
f 3865/3865/3865 3866/3866/3866 3875/3875/3875
f 3865/3865/3865 3875/3875/3875 3874/3874/3874
f 3866/3866/3866 3867/3867/3867 3876/3876/3876
f 3866/3866/3866 3876/3876/3876 3875/3875/3875
f 3867/3867/3867 3868/3868/3868 3877/3877/3877
f 3867/3867/3867 3877/3877/3877 3876/3876/3876
f 3868/3868/3868 3869/3869/3869 3878/3878/3878
f 3868/3868/3868 3878/3878/3878 3877/3877/3877
f 3869/3869/3869 3870/3870/3870 3879/3879/3879
f 3869/3869/3869 3879/3879/3879 3878/3878/3878
f 3870/3870/3870 3871/3871/3871 3880/3880/3880
f 3870/3870/3870 3880/3880/3880 3879/3879/3879
f 3871/3871/3871 3872/3872/3872 3881/3881/3881
f 3871/3871/3871 3881/3881/3881 3880/3880/3880
f 3873/3873/3873 3874/3874/3874 3883/3883/3883
f 3873/3873/3873 3883/3883/3883 3882/3882/3882
f 3874/3874/3874 3875/3875/3875 3884/3884/3884
f 3874/3874/3874 3884/3884/3884 3883/3883/3883
f 3875/3875/3875 3876/3876/3876 3885/3885/3885
f 3875/3875/3875 3885/3885/3885 3884/3884/3884
f 3876/3876/3876 3877/3877/3877 3886/3886/3886
f 3876/3876/3876 3886/3886/3886 3885/3885/3885
f 3877/3877/3877 3878/3878/3878 3887/3887/3887
f 3877/3877/3877 3887/3887/3887 3886/3886/3886
f 3878/3878/3878 3879/3879/3879 3888/3888/3888
f 3878/3878/3878 3888/3888/3888 3887/3887/3887
f 3879/3879/3879 3880/3880/3880 3889/3889/3889
f 3879/3879/3879 3889/3889/3889 3888/3888/3888
f 3880/3880/3880 3881/3881/3881 3890/3890/3890
f 3880/3880/3880 3890/3890/3890 3889/3889/3889
f 3882/3882/3882 3883/3883/3883 3892/3892/3892
f 3882/3882/3882 3892/3892/3892 3891/3891/3891
f 3883/3883/3883 3884/3884/3884 3893/3893/3893
f 3883/3883/3883 3893/3893/3893 3892/3892/3892
f 3884/3884/3884 3885/3885/3885 3894/3894/3894
f 3884/3884/3884 3894/3894/3894 3893/3893/3893
f 3885/3885/3885 3886/3886/3886 3895/3895/3895
f 3885/3885/3885 3895/3895/3895 3894/3894/3894
f 3886/3886/3886 3887/3887/3887 3896/3896/3896
f 3886/3886/3886 3896/3896/3896 3895/3895/3895
f 3887/3887/3887 3888/3888/3888 3897/3897/3897
f 3887/3887/3887 3897/3897/3897 3896/3896/3896
f 3888/3888/3888 3889/3889/3889 3898/3898/3898
f 3888/3888/3888 3898/3898/3898 3897/3897/3897
f 3889/3889/3889 3890/3890/3890 3899/3899/3899
f 3889/3889/3889 3899/3899/3899 3898/3898/3898
f 3891/3891/3891 3892/3892/3892 3901/3901/3901
f 3891/3891/3891 3901/3901/3901 3900/3900/3900
f 3892/3892/3892 3893/3893/3893 3902/3902/3902
f 3892/3892/3892 3902/3902/3902 3901/3901/3901
f 3893/3893/3893 3894/3894/3894 3903/3903/3903
f 3893/3893/3893 3903/3903/3903 3902/3902/3902
f 3894/3894/3894 3895/3895/3895 3904/3904/3904
f 3894/3894/3894 3904/3904/3904 3903/3903/3903
f 3895/3895/3895 3896/3896/3896 3905/3905/3905
f 3895/3895/3895 3905/3905/3905 3904/3904/3904
f 3896/3896/3896 3897/3897/3897 3906/3906/3906
f 3896/3896/3896 3906/3906/3906 3905/3905/3905
f 3897/3897/3897 3898/3898/3898 3907/3907/3907
f 3897/3897/3897 3907/3907/3907 3906/3906/3906
f 3898/3898/3898 3899/3899/3899 3908/3908/3908
f 3898/3898/3898 3908/3908/3908 3907/3907/3907
f 3909/3909/3909 3910/3910/3910 3919/3919/3919
f 3909/3909/3909 3919/3919/3919 3918/3918/3918
f 3910/3910/3910 3911/3911/3911 3920/3920/3920
f 3910/3910/3910 3920/3920/3920 3919/3919/3919
f 3911/3911/3911 3912/3912/3912 3921/3921/3921
f 3911/3911/3911 3921/3921/3921 3920/3920/3920
f 3912/3912/3912 3913/3913/3913 3922/3922/3922
f 3912/3912/3912 3922/3922/3922 3921/3921/3921
f 3913/3913/3913 3914/3914/3914 3923/3923/3923
f 3913/3913/3913 3923/3923/3923 3922/3922/3922
f 3914/3914/3914 3915/3915/3915 3924/3924/3924
f 3914/3914/3914 3924/3924/3924 3923/3923/3923
f 3915/3915/3915 3916/3916/3916 3925/3925/3925
f 3915/3915/3915 3925/3925/3925 3924/3924/3924
f 3916/3916/3916 3917/3917/3917 3926/3926/3926
f 3916/3916/3916 3926/3926/3926 3925/3925/3925
f 3918/3918/3918 3919/3919/3919 3928/3928/3928
f 3918/3918/3918 3928/3928/3928 3927/3927/3927
f 3919/3919/3919 3920/3920/3920 3929/3929/3929
f 3919/3919/3919 3929/3929/3929 3928/3928/3928
f 3920/3920/3920 3921/3921/3921 3930/3930/3930
f 3920/3920/3920 3930/3930/3930 3929/3929/3929
f 3921/3921/3921 3922/3922/3922 3931/3931/3931
f 3921/3921/3921 3931/3931/3931 3930/3930/3930
f 3922/3922/3922 3923/3923/3923 3932/3932/3932
f 3922/3922/3922 3932/3932/3932 3931/3931/3931
f 3923/3923/3923 3924/3924/3924 3933/3933/3933
f 3923/3923/3923 3933/3933/3933 3932/3932/3932
f 3924/3924/3924 3925/3925/3925 3934/3934/3934
f 3924/3924/3924 3934/3934/3934 3933/3933/3933
f 3925/3925/3925 3926/3926/3926 3935/3935/3935
f 3925/3925/3925 3935/3935/3935 3934/3934/3934
f 3927/3927/3927 3928/3928/3928 3937/3937/3937
f 3927/3927/3927 3937/3937/3937 3936/3936/3936
f 3928/3928/3928 3929/3929/3929 3938/3938/3938
f 3928/3928/3928 3938/3938/3938 3937/3937/3937
f 3929/3929/3929 3930/3930/3930 3939/3939/3939
f 3929/3929/3929 3939/3939/3939 3938/3938/3938
f 3930/3930/3930 3931/3931/3931 3940/3940/3940
f 3930/3930/3930 3940/3940/3940 3939/3939/3939
f 3931/3931/3931 3932/3932/3932 3941/3941/3941
f 3931/3931/3931 3941/3941/3941 3940/3940/3940
f 3932/3932/3932 3933/3933/3933 3942/3942/3942
f 3932/3932/3932 3942/3942/3942 3941/3941/3941
f 3933/3933/3933 3934/3934/3934 3943/3943/3943
f 3933/3933/3933 3943/3943/3943 3942/3942/3942
f 3934/3934/3934 3935/3935/3935 3944/3944/3944
f 3934/3934/3934 3944/3944/3944 3943/3943/3943
f 3936/3936/3936 3937/3937/3937 3946/3946/3946
f 3936/3936/3936 3946/3946/3946 3945/3945/3945
f 3937/3937/3937 3938/3938/3938 3947/3947/3947
f 3937/3937/3937 3947/3947/3947 3946/3946/3946
f 3938/3938/3938 3939/3939/3939 3948/3948/3948
f 3938/3938/3938 3948/3948/3948 3947/3947/3947
f 3939/3939/3939 3940/3940/3940 3949/3949/3949
f 3939/3939/3939 3949/3949/3949 3948/3948/3948
f 3940/3940/3940 3941/3941/3941 3950/3950/3950
f 3940/3940/3940 3950/3950/3950 3949/3949/3949
f 3941/3941/3941 3942/3942/3942 3951/3951/3951
f 3941/3941/3941 3951/3951/3951 3950/3950/3950
f 3942/3942/3942 3943/3943/3943 3952/3952/3952
f 3942/3942/3942 3952/3952/3952 3951/3951/3951
f 3943/3943/3943 3944/3944/3944 3953/3953/3953
f 3943/3943/3943 3953/3953/3953 3952/3952/3952
f 3954/3954/3954 3955/3955/3955 3962/3962/3962
f 3954/3954/3954 3962/3962/3962 3961/3961/3961
f 3955/3955/3955 3956/3956/3956 3963/3963/3963
f 3955/3955/3955 3963/3963/3963 3962/3962/3962
f 3956/3956/3956 3957/3957/3957 3964/3964/3964
f 3956/3956/3956 3964/3964/3964 3963/3963/3963
f 3957/3957/3957 3958/3958/3958 3965/3965/3965
f 3957/3957/3957 3965/3965/3965 3964/3964/3964
f 3958/3958/3958 3959/3959/3959 3966/3966/3966
f 3958/3958/3958 3966/3966/3966 3965/3965/3965
f 3959/3959/3959 3960/3960/3960 3967/3967/3967
f 3959/3959/3959 3967/3967/3967 3966/3966/3966
f 3961/3961/3961 3962/3962/3962 3969/3969/3969
f 3961/3961/3961 3969/3969/3969 3968/3968/3968
f 3962/3962/3962 3963/3963/3963 3970/3970/3970
f 3962/3962/3962 3970/3970/3970 3969/3969/3969
f 3963/3963/3963 3964/3964/3964 3971/3971/3971
f 3963/3963/3963 3971/3971/3971 3970/3970/3970
f 3964/3964/3964 3965/3965/3965 3972/3972/3972
f 3964/3964/3964 3972/3972/3972 3971/3971/3971
f 3965/3965/3965 3966/3966/3966 3973/3973/3973
f 3965/3965/3965 3973/3973/3973 3972/3972/3972
f 3966/3966/3966 3967/3967/3967 3974/3974/3974
f 3966/3966/3966 3974/3974/3974 3973/3973/3973
f 3968/3968/3968 3969/3969/3969 3976/3976/3976
f 3968/3968/3968 3976/3976/3976 3975/3975/3975
f 3969/3969/3969 3970/3970/3970 3977/3977/3977
f 3969/3969/3969 3977/3977/3977 3976/3976/3976
f 3970/3970/3970 3971/3971/3971 3978/3978/3978
f 3970/3970/3970 3978/3978/3978 3977/3977/3977
f 3971/3971/3971 3972/3972/3972 3979/3979/3979
f 3971/3971/3971 3979/3979/3979 3978/3978/3978
f 3972/3972/3972 3973/3973/3973 3980/3980/3980
f 3972/3972/3972 3980/3980/3980 3979/3979/3979
f 3973/3973/3973 3974/3974/3974 3981/3981/3981
f 3973/3973/3973 3981/3981/3981 3980/3980/3980
f 3975/3975/3975 3976/3976/3976 3983/3983/3983
f 3975/3975/3975 3983/3983/3983 3982/3982/3982
f 3976/3976/3976 3977/3977/3977 3984/3984/3984
f 3976/3976/3976 3984/3984/3984 3983/3983/3983
f 3977/3977/3977 3978/3978/3978 3985/3985/3985
f 3977/3977/3977 3985/3985/3985 3984/3984/3984
f 3978/3978/3978 3979/3979/3979 3986/3986/3986
f 3978/3978/3978 3986/3986/3986 3985/3985/3985
f 3979/3979/3979 3980/3980/3980 3987/3987/3987
f 3979/3979/3979 3987/3987/3987 3986/3986/3986
f 3980/3980/3980 3981/3981/3981 3988/3988/3988
f 3980/3980/3980 3988/3988/3988 3987/3987/3987
f 3989/3989/3989 3990/3990/3990 3999/3999/3999
f 3989/3989/3989 3999/3999/3999 3998/3998/3998
f 3990/3990/3990 3991/3991/3991 4000/4000/4000
f 3990/3990/3990 4000/4000/4000 3999/3999/3999
f 3991/3991/3991 3992/3992/3992 4001/4001/4001
f 3991/3991/3991 4001/4001/4001 4000/4000/4000
f 3992/3992/3992 3993/3993/3993 4002/4002/4002
f 3992/3992/3992 4002/4002/4002 4001/4001/4001
f 3993/3993/3993 3994/3994/3994 4003/4003/4003
f 3993/3993/3993 4003/4003/4003 4002/4002/4002
f 3994/3994/3994 3995/3995/3995 4004/4004/4004
f 3994/3994/3994 4004/4004/4004 4003/4003/4003
f 3995/3995/3995 3996/3996/3996 4005/4005/4005
f 3995/3995/3995 4005/4005/4005 4004/4004/4004
f 3996/3996/3996 3997/3997/3997 4006/4006/4006
f 3996/3996/3996 4006/4006/4006 4005/4005/4005
f 3998/3998/3998 3999/3999/3999 4008/4008/4008
f 3998/3998/3998 4008/4008/4008 4007/4007/4007
f 3999/3999/3999 4000/4000/4000 4009/4009/4009
f 3999/3999/3999 4009/4009/4009 4008/4008/4008
f 4000/4000/4000 4001/4001/4001 4010/4010/4010
f 4000/4000/4000 4010/4010/4010 4009/4009/4009
f 4001/4001/4001 4002/4002/4002 4011/4011/4011
f 4001/4001/4001 4011/4011/4011 4010/4010/4010
f 4002/4002/4002 4003/4003/4003 4012/4012/4012
f 4002/4002/4002 4012/4012/4012 4011/4011/4011
f 4003/4003/4003 4004/4004/4004 4013/4013/4013
f 4003/4003/4003 4013/4013/4013 4012/4012/4012
f 4004/4004/4004 4005/4005/4005 4014/4014/4014
f 4004/4004/4004 4014/4014/4014 4013/4013/4013
f 4005/4005/4005 4006/4006/4006 4015/4015/4015
f 4005/4005/4005 4015/4015/4015 4014/4014/4014
f 4007/4007/4007 4008/4008/4008 4017/4017/4017
f 4007/4007/4007 4017/4017/4017 4016/4016/4016
f 4008/4008/4008 4009/4009/4009 4018/4018/4018
f 4008/4008/4008 4018/4018/4018 4017/4017/4017
f 4009/4009/4009 4010/4010/4010 4019/4019/4019
f 4009/4009/4009 4019/4019/4019 4018/4018/4018
f 4010/4010/4010 4011/4011/4011 4020/4020/4020
f 4010/4010/4010 4020/4020/4020 4019/4019/4019
f 4011/4011/4011 4012/4012/4012 4021/4021/4021
f 4011/4011/4011 4021/4021/4021 4020/4020/4020
f 4012/4012/4012 4013/4013/4013 4022/4022/4022
f 4012/4012/4012 4022/4022/4022 4021/4021/4021
f 4013/4013/4013 4014/4014/4014 4023/4023/4023
f 4013/4013/4013 4023/4023/4023 4022/4022/4022
f 4014/4014/4014 4015/4015/4015 4024/4024/4024
f 4014/4014/4014 4024/4024/4024 4023/4023/4023
f 4016/4016/4016 4017/4017/4017 4026/4026/4026
f 4016/4016/4016 4026/4026/4026 4025/4025/4025
f 4017/4017/4017 4018/4018/4018 4027/4027/4027
f 4017/4017/4017 4027/4027/4027 4026/4026/4026
f 4018/4018/4018 4019/4019/4019 4028/4028/4028
f 4018/4018/4018 4028/4028/4028 4027/4027/4027
f 4019/4019/4019 4020/4020/4020 4029/4029/4029
f 4019/4019/4019 4029/4029/4029 4028/4028/4028
f 4020/4020/4020 4021/4021/4021 4030/4030/4030
f 4020/4020/4020 4030/4030/4030 4029/4029/4029
f 4021/4021/4021 4022/4022/4022 4031/4031/4031
f 4021/4021/4021 4031/4031/4031 4030/4030/4030
f 4022/4022/4022 4023/4023/4023 4032/4032/4032
f 4022/4022/4022 4032/4032/4032 4031/4031/4031
f 4023/4023/4023 4024/4024/4024 4033/4033/4033
f 4023/4023/4023 4033/4033/4033 4032/4032/4032
f 4034/4034/4034 4035/4035/4035 4044/4044/4044
f 4034/4034/4034 4044/4044/4044 4043/4043/4043
f 4035/4035/4035 4036/4036/4036 4045/4045/4045
f 4035/4035/4035 4045/4045/4045 4044/4044/4044
f 4036/4036/4036 4037/4037/4037 4046/4046/4046
f 4036/4036/4036 4046/4046/4046 4045/4045/4045
f 4037/4037/4037 4038/4038/4038 4047/4047/4047
f 4037/4037/4037 4047/4047/4047 4046/4046/4046
f 4038/4038/4038 4039/4039/4039 4048/4048/4048
f 4038/4038/4038 4048/4048/4048 4047/4047/4047
f 4039/4039/4039 4040/4040/4040 4049/4049/4049
f 4039/4039/4039 4049/4049/4049 4048/4048/4048
f 4040/4040/4040 4041/4041/4041 4050/4050/4050
f 4040/4040/4040 4050/4050/4050 4049/4049/4049
f 4041/4041/4041 4042/4042/4042 4051/4051/4051
f 4041/4041/4041 4051/4051/4051 4050/4050/4050
f 4043/4043/4043 4044/4044/4044 4053/4053/4053
f 4043/4043/4043 4053/4053/4053 4052/4052/4052
f 4044/4044/4044 4045/4045/4045 4054/4054/4054
f 4044/4044/4044 4054/4054/4054 4053/4053/4053
f 4045/4045/4045 4046/4046/4046 4055/4055/4055
f 4045/4045/4045 4055/4055/4055 4054/4054/4054
f 4046/4046/4046 4047/4047/4047 4056/4056/4056
f 4046/4046/4046 4056/4056/4056 4055/4055/4055
f 4047/4047/4047 4048/4048/4048 4057/4057/4057
f 4047/4047/4047 4057/4057/4057 4056/4056/4056
f 4048/4048/4048 4049/4049/4049 4058/4058/4058
f 4048/4048/4048 4058/4058/4058 4057/4057/4057
f 4049/4049/4049 4050/4050/4050 4059/4059/4059
f 4049/4049/4049 4059/4059/4059 4058/4058/4058
f 4050/4050/4050 4051/4051/4051 4060/4060/4060
f 4050/4050/4050 4060/4060/4060 4059/4059/4059
f 4052/4052/4052 4053/4053/4053 4062/4062/4062
f 4052/4052/4052 4062/4062/4062 4061/4061/4061
f 4053/4053/4053 4054/4054/4054 4063/4063/4063
f 4053/4053/4053 4063/4063/4063 4062/4062/4062
f 4054/4054/4054 4055/4055/4055 4064/4064/4064
f 4054/4054/4054 4064/4064/4064 4063/4063/4063
f 4055/4055/4055 4056/4056/4056 4065/4065/4065
f 4055/4055/4055 4065/4065/4065 4064/4064/4064
f 4056/4056/4056 4057/4057/4057 4066/4066/4066
f 4056/4056/4056 4066/4066/4066 4065/4065/4065
f 4057/4057/4057 4058/4058/4058 4067/4067/4067
f 4057/4057/4057 4067/4067/4067 4066/4066/4066
f 4058/4058/4058 4059/4059/4059 4068/4068/4068
f 4058/4058/4058 4068/4068/4068 4067/4067/4067
f 4059/4059/4059 4060/4060/4060 4069/4069/4069
f 4059/4059/4059 4069/4069/4069 4068/4068/4068
f 4061/4061/4061 4062/4062/4062 4071/4071/4071
f 4061/4061/4061 4071/4071/4071 4070/4070/4070
f 4062/4062/4062 4063/4063/4063 4072/4072/4072
f 4062/4062/4062 4072/4072/4072 4071/4071/4071
f 4063/4063/4063 4064/4064/4064 4073/4073/4073
f 4063/4063/4063 4073/4073/4073 4072/4072/4072
f 4064/4064/4064 4065/4065/4065 4074/4074/4074
f 4064/4064/4064 4074/4074/4074 4073/4073/4073
f 4065/4065/4065 4066/4066/4066 4075/4075/4075
f 4065/4065/4065 4075/4075/4075 4074/4074/4074
f 4066/4066/4066 4067/4067/4067 4076/4076/4076
f 4066/4066/4066 4076/4076/4076 4075/4075/4075
f 4067/4067/4067 4068/4068/4068 4077/4077/4077
f 4067/4067/4067 4077/4077/4077 4076/4076/4076
f 4068/4068/4068 4069/4069/4069 4078/4078/4078
f 4068/4068/4068 4078/4078/4078 4077/4077/4077
f 4079/4079/4079 4080/4080/4080 4089/4089/4089
f 4079/4079/4079 4089/4089/4089 4088/4088/4088
f 4080/4080/4080 4081/4081/4081 4090/4090/4090
f 4080/4080/4080 4090/4090/4090 4089/4089/4089
f 4081/4081/4081 4082/4082/4082 4091/4091/4091
f 4081/4081/4081 4091/4091/4091 4090/4090/4090
f 4082/4082/4082 4083/4083/4083 4092/4092/4092
f 4082/4082/4082 4092/4092/4092 4091/4091/4091
f 4083/4083/4083 4084/4084/4084 4093/4093/4093
f 4083/4083/4083 4093/4093/4093 4092/4092/4092
f 4084/4084/4084 4085/4085/4085 4094/4094/4094
f 4084/4084/4084 4094/4094/4094 4093/4093/4093
f 4085/4085/4085 4086/4086/4086 4095/4095/4095
f 4085/4085/4085 4095/4095/4095 4094/4094/4094
f 4086/4086/4086 4087/4087/4087 4096/4096/4096
f 4086/4086/4086 4096/4096/4096 4095/4095/4095
f 4088/4088/4088 4089/4089/4089 4098/4098/4098
f 4088/4088/4088 4098/4098/4098 4097/4097/4097
f 4089/4089/4089 4090/4090/4090 4099/4099/4099
f 4089/4089/4089 4099/4099/4099 4098/4098/4098
f 4090/4090/4090 4091/4091/4091 4100/4100/4100
f 4090/4090/4090 4100/4100/4100 4099/4099/4099
f 4091/4091/4091 4092/4092/4092 4101/4101/4101
f 4091/4091/4091 4101/4101/4101 4100/4100/4100
f 4092/4092/4092 4093/4093/4093 4102/4102/4102
f 4092/4092/4092 4102/4102/4102 4101/4101/4101
f 4093/4093/4093 4094/4094/4094 4103/4103/4103
f 4093/4093/4093 4103/4103/4103 4102/4102/4102
f 4094/4094/4094 4095/4095/4095 4104/4104/4104
f 4094/4094/4094 4104/4104/4104 4103/4103/4103
f 4095/4095/4095 4096/4096/4096 4105/4105/4105
f 4095/4095/4095 4105/4105/4105 4104/4104/4104
f 4097/4097/4097 4098/4098/4098 4107/4107/4107
f 4097/4097/4097 4107/4107/4107 4106/4106/4106
f 4098/4098/4098 4099/4099/4099 4108/4108/4108
f 4098/4098/4098 4108/4108/4108 4107/4107/4107
f 4099/4099/4099 4100/4100/4100 4109/4109/4109
f 4099/4099/4099 4109/4109/4109 4108/4108/4108
f 4100/4100/4100 4101/4101/4101 4110/4110/4110
f 4100/4100/4100 4110/4110/4110 4109/4109/4109
f 4101/4101/4101 4102/4102/4102 4111/4111/4111
f 4101/4101/4101 4111/4111/4111 4110/4110/4110
f 4102/4102/4102 4103/4103/4103 4112/4112/4112
f 4102/4102/4102 4112/4112/4112 4111/4111/4111
f 4103/4103/4103 4104/4104/4104 4113/4113/4113
f 4103/4103/4103 4113/4113/4113 4112/4112/4112
f 4104/4104/4104 4105/4105/4105 4114/4114/4114
f 4104/4104/4104 4114/4114/4114 4113/4113/4113
f 4106/4106/4106 4107/4107/4107 4116/4116/4116
f 4106/4106/4106 4116/4116/4116 4115/4115/4115
f 4107/4107/4107 4108/4108/4108 4117/4117/4117
f 4107/4107/4107 4117/4117/4117 4116/4116/4116
f 4108/4108/4108 4109/4109/4109 4118/4118/4118
f 4108/4108/4108 4118/4118/4118 4117/4117/4117
f 4109/4109/4109 4110/4110/4110 4119/4119/4119
f 4109/4109/4109 4119/4119/4119 4118/4118/4118
f 4110/4110/4110 4111/4111/4111 4120/4120/4120
f 4110/4110/4110 4120/4120/4120 4119/4119/4119
f 4111/4111/4111 4112/4112/4112 4121/4121/4121
f 4111/4111/4111 4121/4121/4121 4120/4120/4120
f 4112/4112/4112 4113/4113/4113 4122/4122/4122
f 4112/4112/4112 4122/4122/4122 4121/4121/4121
f 4113/4113/4113 4114/4114/4114 4123/4123/4123
f 4113/4113/4113 4123/4123/4123 4122/4122/4122
f 4124/4124/4124 4125/4125/4125 4134/4134/4134
f 4124/4124/4124 4134/4134/4134 4133/4133/4133
f 4125/4125/4125 4126/4126/4126 4135/4135/4135
f 4125/4125/4125 4135/4135/4135 4134/4134/4134
f 4126/4126/4126 4127/4127/4127 4136/4136/4136
f 4126/4126/4126 4136/4136/4136 4135/4135/4135
f 4127/4127/4127 4128/4128/4128 4137/4137/4137
f 4127/4127/4127 4137/4137/4137 4136/4136/4136
f 4128/4128/4128 4129/4129/4129 4138/4138/4138
f 4128/4128/4128 4138/4138/4138 4137/4137/4137
f 4129/4129/4129 4130/4130/4130 4139/4139/4139
f 4129/4129/4129 4139/4139/4139 4138/4138/4138
f 4130/4130/4130 4131/4131/4131 4140/4140/4140
f 4130/4130/4130 4140/4140/4140 4139/4139/4139
f 4131/4131/4131 4132/4132/4132 4141/4141/4141
f 4131/4131/4131 4141/4141/4141 4140/4140/4140
f 4133/4133/4133 4134/4134/4134 4143/4143/4143
f 4133/4133/4133 4143/4143/4143 4142/4142/4142
f 4134/4134/4134 4135/4135/4135 4144/4144/4144
f 4134/4134/4134 4144/4144/4144 4143/4143/4143
f 4135/4135/4135 4136/4136/4136 4145/4145/4145
f 4135/4135/4135 4145/4145/4145 4144/4144/4144
f 4136/4136/4136 4137/4137/4137 4146/4146/4146
f 4136/4136/4136 4146/4146/4146 4145/4145/4145
f 4137/4137/4137 4138/4138/4138 4147/4147/4147
f 4137/4137/4137 4147/4147/4147 4146/4146/4146
f 4138/4138/4138 4139/4139/4139 4148/4148/4148
f 4138/4138/4138 4148/4148/4148 4147/4147/4147
f 4139/4139/4139 4140/4140/4140 4149/4149/4149
f 4139/4139/4139 4149/4149/4149 4148/4148/4148
f 4140/4140/4140 4141/4141/4141 4150/4150/4150
f 4140/4140/4140 4150/4150/4150 4149/4149/4149
f 4142/4142/4142 4143/4143/4143 4152/4152/4152
f 4142/4142/4142 4152/4152/4152 4151/4151/4151
f 4143/4143/4143 4144/4144/4144 4153/4153/4153
f 4143/4143/4143 4153/4153/4153 4152/4152/4152
f 4144/4144/4144 4145/4145/4145 4154/4154/4154
f 4144/4144/4144 4154/4154/4154 4153/4153/4153
f 4145/4145/4145 4146/4146/4146 4155/4155/4155
f 4145/4145/4145 4155/4155/4155 4154/4154/4154
f 4146/4146/4146 4147/4147/4147 4156/4156/4156
f 4146/4146/4146 4156/4156/4156 4155/4155/4155
f 4147/4147/4147 4148/4148/4148 4157/4157/4157
f 4147/4147/4147 4157/4157/4157 4156/4156/4156
f 4148/4148/4148 4149/4149/4149 4158/4158/4158
f 4148/4148/4148 4158/4158/4158 4157/4157/4157
f 4149/4149/4149 4150/4150/4150 4159/4159/4159
f 4149/4149/4149 4159/4159/4159 4158/4158/4158
f 4151/4151/4151 4152/4152/4152 4161/4161/4161
f 4151/4151/4151 4161/4161/4161 4160/4160/4160
f 4152/4152/4152 4153/4153/4153 4162/4162/4162
f 4152/4152/4152 4162/4162/4162 4161/4161/4161
f 4153/4153/4153 4154/4154/4154 4163/4163/4163
f 4153/4153/4153 4163/4163/4163 4162/4162/4162
f 4154/4154/4154 4155/4155/4155 4164/4164/4164
f 4154/4154/4154 4164/4164/4164 4163/4163/4163
f 4155/4155/4155 4156/4156/4156 4165/4165/4165
f 4155/4155/4155 4165/4165/4165 4164/4164/4164
f 4156/4156/4156 4157/4157/4157 4166/4166/4166
f 4156/4156/4156 4166/4166/4166 4165/4165/4165
f 4157/4157/4157 4158/4158/4158 4167/4167/4167
f 4157/4157/4157 4167/4167/4167 4166/4166/4166
f 4158/4158/4158 4159/4159/4159 4168/4168/4168
f 4158/4158/4158 4168/4168/4168 4167/4167/4167
f 4169/4169/4169 4170/4170/4170 4179/4179/4179
f 4169/4169/4169 4179/4179/4179 4178/4178/4178
f 4170/4170/4170 4171/4171/4171 4180/4180/4180
f 4170/4170/4170 4180/4180/4180 4179/4179/4179
f 4171/4171/4171 4172/4172/4172 4181/4181/4181
f 4171/4171/4171 4181/4181/4181 4180/4180/4180
f 4172/4172/4172 4173/4173/4173 4182/4182/4182
f 4172/4172/4172 4182/4182/4182 4181/4181/4181
f 4173/4173/4173 4174/4174/4174 4183/4183/4183
f 4173/4173/4173 4183/4183/4183 4182/4182/4182
f 4174/4174/4174 4175/4175/4175 4184/4184/4184
f 4174/4174/4174 4184/4184/4184 4183/4183/4183
f 4175/4175/4175 4176/4176/4176 4185/4185/4185
f 4175/4175/4175 4185/4185/4185 4184/4184/4184
f 4176/4176/4176 4177/4177/4177 4186/4186/4186
f 4176/4176/4176 4186/4186/4186 4185/4185/4185
f 4178/4178/4178 4179/4179/4179 4188/4188/4188
f 4178/4178/4178 4188/4188/4188 4187/4187/4187
f 4179/4179/4179 4180/4180/4180 4189/4189/4189
f 4179/4179/4179 4189/4189/4189 4188/4188/4188
f 4180/4180/4180 4181/4181/4181 4190/4190/4190
f 4180/4180/4180 4190/4190/4190 4189/4189/4189
f 4181/4181/4181 4182/4182/4182 4191/4191/4191
f 4181/4181/4181 4191/4191/4191 4190/4190/4190
f 4182/4182/4182 4183/4183/4183 4192/4192/4192
f 4182/4182/4182 4192/4192/4192 4191/4191/4191
f 4183/4183/4183 4184/4184/4184 4193/4193/4193
f 4183/4183/4183 4193/4193/4193 4192/4192/4192
f 4184/4184/4184 4185/4185/4185 4194/4194/4194
f 4184/4184/4184 4194/4194/4194 4193/4193/4193
f 4185/4185/4185 4186/4186/4186 4195/4195/4195
f 4185/4185/4185 4195/4195/4195 4194/4194/4194
f 4187/4187/4187 4188/4188/4188 4197/4197/4197
f 4187/4187/4187 4197/4197/4197 4196/4196/4196
f 4188/4188/4188 4189/4189/4189 4198/4198/4198
f 4188/4188/4188 4198/4198/4198 4197/4197/4197
f 4189/4189/4189 4190/4190/4190 4199/4199/4199
f 4189/4189/4189 4199/4199/4199 4198/4198/4198
f 4190/4190/4190 4191/4191/4191 4200/4200/4200
f 4190/4190/4190 4200/4200/4200 4199/4199/4199
f 4191/4191/4191 4192/4192/4192 4201/4201/4201
f 4191/4191/4191 4201/4201/4201 4200/4200/4200
f 4192/4192/4192 4193/4193/4193 4202/4202/4202
f 4192/4192/4192 4202/4202/4202 4201/4201/4201
f 4193/4193/4193 4194/4194/4194 4203/4203/4203
f 4193/4193/4193 4203/4203/4203 4202/4202/4202
f 4194/4194/4194 4195/4195/4195 4204/4204/4204
f 4194/4194/4194 4204/4204/4204 4203/4203/4203
f 4196/4196/4196 4197/4197/4197 4206/4206/4206
f 4196/4196/4196 4206/4206/4206 4205/4205/4205
f 4197/4197/4197 4198/4198/4198 4207/4207/4207
f 4197/4197/4197 4207/4207/4207 4206/4206/4206
f 4198/4198/4198 4199/4199/4199 4208/4208/4208
f 4198/4198/4198 4208/4208/4208 4207/4207/4207
f 4199/4199/4199 4200/4200/4200 4209/4209/4209
f 4199/4199/4199 4209/4209/4209 4208/4208/4208
f 4200/4200/4200 4201/4201/4201 4210/4210/4210
f 4200/4200/4200 4210/4210/4210 4209/4209/4209
f 4201/4201/4201 4202/4202/4202 4211/4211/4211
f 4201/4201/4201 4211/4211/4211 4210/4210/4210
f 4202/4202/4202 4203/4203/4203 4212/4212/4212
f 4202/4202/4202 4212/4212/4212 4211/4211/4211
f 4203/4203/4203 4204/4204/4204 4213/4213/4213
f 4203/4203/4203 4213/4213/4213 4212/4212/4212
f 4214/4214/4214 4215/4215/4215 4222/4222/4222
f 4214/4214/4214 4222/4222/4222 4221/4221/4221
f 4215/4215/4215 4216/4216/4216 4223/4223/4223
f 4215/4215/4215 4223/4223/4223 4222/4222/4222
f 4216/4216/4216 4217/4217/4217 4224/4224/4224
f 4216/4216/4216 4224/4224/4224 4223/4223/4223
f 4217/4217/4217 4218/4218/4218 4225/4225/4225
f 4217/4217/4217 4225/4225/4225 4224/4224/4224
f 4218/4218/4218 4219/4219/4219 4226/4226/4226
f 4218/4218/4218 4226/4226/4226 4225/4225/4225
f 4219/4219/4219 4220/4220/4220 4227/4227/4227
f 4219/4219/4219 4227/4227/4227 4226/4226/4226
f 4221/4221/4221 4222/4222/4222 4229/4229/4229
f 4221/4221/4221 4229/4229/4229 4228/4228/4228
f 4222/4222/4222 4223/4223/4223 4230/4230/4230
f 4222/4222/4222 4230/4230/4230 4229/4229/4229
f 4223/4223/4223 4224/4224/4224 4231/4231/4231
f 4223/4223/4223 4231/4231/4231 4230/4230/4230
f 4224/4224/4224 4225/4225/4225 4232/4232/4232
f 4224/4224/4224 4232/4232/4232 4231/4231/4231
f 4225/4225/4225 4226/4226/4226 4233/4233/4233
f 4225/4225/4225 4233/4233/4233 4232/4232/4232
f 4226/4226/4226 4227/4227/4227 4234/4234/4234
f 4226/4226/4226 4234/4234/4234 4233/4233/4233
f 4228/4228/4228 4229/4229/4229 4236/4236/4236
f 4228/4228/4228 4236/4236/4236 4235/4235/4235
f 4229/4229/4229 4230/4230/4230 4237/4237/4237
f 4229/4229/4229 4237/4237/4237 4236/4236/4236
f 4230/4230/4230 4231/4231/4231 4238/4238/4238
f 4230/4230/4230 4238/4238/4238 4237/4237/4237
f 4231/4231/4231 4232/4232/4232 4239/4239/4239
f 4231/4231/4231 4239/4239/4239 4238/4238/4238
f 4232/4232/4232 4233/4233/4233 4240/4240/4240
f 4232/4232/4232 4240/4240/4240 4239/4239/4239
f 4233/4233/4233 4234/4234/4234 4241/4241/4241
f 4233/4233/4233 4241/4241/4241 4240/4240/4240
f 4235/4235/4235 4236/4236/4236 4243/4243/4243
f 4235/4235/4235 4243/4243/4243 4242/4242/4242
f 4236/4236/4236 4237/4237/4237 4244/4244/4244
f 4236/4236/4236 4244/4244/4244 4243/4243/4243
f 4237/4237/4237 4238/4238/4238 4245/4245/4245
f 4237/4237/4237 4245/4245/4245 4244/4244/4244
f 4238/4238/4238 4239/4239/4239 4246/4246/4246
f 4238/4238/4238 4246/4246/4246 4245/4245/4245
f 4239/4239/4239 4240/4240/4240 4247/4247/4247
f 4239/4239/4239 4247/4247/4247 4246/4246/4246
f 4240/4240/4240 4241/4241/4241 4248/4248/4248
f 4240/4240/4240 4248/4248/4248 4247/4247/4247
f 4249/4249/4249 4250/4250/4250 4259/4259/4259
f 4249/4249/4249 4259/4259/4259 4258/4258/4258
f 4250/4250/4250 4251/4251/4251 4260/4260/4260
f 4250/4250/4250 4260/4260/4260 4259/4259/4259
f 4251/4251/4251 4252/4252/4252 4261/4261/4261
f 4251/4251/4251 4261/4261/4261 4260/4260/4260
f 4252/4252/4252 4253/4253/4253 4262/4262/4262
f 4252/4252/4252 4262/4262/4262 4261/4261/4261
f 4253/4253/4253 4254/4254/4254 4263/4263/4263
f 4253/4253/4253 4263/4263/4263 4262/4262/4262
f 4254/4254/4254 4255/4255/4255 4264/4264/4264
f 4254/4254/4254 4264/4264/4264 4263/4263/4263
f 4255/4255/4255 4256/4256/4256 4265/4265/4265
f 4255/4255/4255 4265/4265/4265 4264/4264/4264
f 4256/4256/4256 4257/4257/4257 4266/4266/4266
f 4256/4256/4256 4266/4266/4266 4265/4265/4265
f 4258/4258/4258 4259/4259/4259 4268/4268/4268
f 4258/4258/4258 4268/4268/4268 4267/4267/4267
f 4259/4259/4259 4260/4260/4260 4269/4269/4269
f 4259/4259/4259 4269/4269/4269 4268/4268/4268
f 4260/4260/4260 4261/4261/4261 4270/4270/4270
f 4260/4260/4260 4270/4270/4270 4269/4269/4269
f 4261/4261/4261 4262/4262/4262 4271/4271/4271
f 4261/4261/4261 4271/4271/4271 4270/4270/4270
f 4262/4262/4262 4263/4263/4263 4272/4272/4272
f 4262/4262/4262 4272/4272/4272 4271/4271/4271
f 4263/4263/4263 4264/4264/4264 4273/4273/4273
f 4263/4263/4263 4273/4273/4273 4272/4272/4272
f 4264/4264/4264 4265/4265/4265 4274/4274/4274
f 4264/4264/4264 4274/4274/4274 4273/4273/4273
f 4265/4265/4265 4266/4266/4266 4275/4275/4275
f 4265/4265/4265 4275/4275/4275 4274/4274/4274
f 4267/4267/4267 4268/4268/4268 4277/4277/4277
f 4267/4267/4267 4277/4277/4277 4276/4276/4276
f 4268/4268/4268 4269/4269/4269 4278/4278/4278
f 4268/4268/4268 4278/4278/4278 4277/4277/4277
f 4269/4269/4269 4270/4270/4270 4279/4279/4279
f 4269/4269/4269 4279/4279/4279 4278/4278/4278
f 4270/4270/4270 4271/4271/4271 4280/4280/4280
f 4270/4270/4270 4280/4280/4280 4279/4279/4279
f 4271/4271/4271 4272/4272/4272 4281/4281/4281
f 4271/4271/4271 4281/4281/4281 4280/4280/4280
f 4272/4272/4272 4273/4273/4273 4282/4282/4282
f 4272/4272/4272 4282/4282/4282 4281/4281/4281
f 4273/4273/4273 4274/4274/4274 4283/4283/4283
f 4273/4273/4273 4283/4283/4283 4282/4282/4282
f 4274/4274/4274 4275/4275/4275 4284/4284/4284
f 4274/4274/4274 4284/4284/4284 4283/4283/4283
f 4276/4276/4276 4277/4277/4277 4286/4286/4286
f 4276/4276/4276 4286/4286/4286 4285/4285/4285
f 4277/4277/4277 4278/4278/4278 4287/4287/4287
f 4277/4277/4277 4287/4287/4287 4286/4286/4286
f 4278/4278/4278 4279/4279/4279 4288/4288/4288
f 4278/4278/4278 4288/4288/4288 4287/4287/4287
f 4279/4279/4279 4280/4280/4280 4289/4289/4289
f 4279/4279/4279 4289/4289/4289 4288/4288/4288
f 4280/4280/4280 4281/4281/4281 4290/4290/4290
f 4280/4280/4280 4290/4290/4290 4289/4289/4289
f 4281/4281/4281 4282/4282/4282 4291/4291/4291
f 4281/4281/4281 4291/4291/4291 4290/4290/4290
f 4282/4282/4282 4283/4283/4283 4292/4292/4292
f 4282/4282/4282 4292/4292/4292 4291/4291/4291
f 4283/4283/4283 4284/4284/4284 4293/4293/4293
f 4283/4283/4283 4293/4293/4293 4292/4292/4292
f 4294/4294/4294 4295/4295/4295 4304/4304/4304
f 4294/4294/4294 4304/4304/4304 4303/4303/4303
f 4295/4295/4295 4296/4296/4296 4305/4305/4305
f 4295/4295/4295 4305/4305/4305 4304/4304/4304
f 4296/4296/4296 4297/4297/4297 4306/4306/4306
f 4296/4296/4296 4306/4306/4306 4305/4305/4305
f 4297/4297/4297 4298/4298/4298 4307/4307/4307
f 4297/4297/4297 4307/4307/4307 4306/4306/4306
f 4298/4298/4298 4299/4299/4299 4308/4308/4308
f 4298/4298/4298 4308/4308/4308 4307/4307/4307
f 4299/4299/4299 4300/4300/4300 4309/4309/4309
f 4299/4299/4299 4309/4309/4309 4308/4308/4308
f 4300/4300/4300 4301/4301/4301 4310/4310/4310
f 4300/4300/4300 4310/4310/4310 4309/4309/4309
f 4301/4301/4301 4302/4302/4302 4311/4311/4311
f 4301/4301/4301 4311/4311/4311 4310/4310/4310
f 4303/4303/4303 4304/4304/4304 4313/4313/4313
f 4303/4303/4303 4313/4313/4313 4312/4312/4312
f 4304/4304/4304 4305/4305/4305 4314/4314/4314
f 4304/4304/4304 4314/4314/4314 4313/4313/4313
f 4305/4305/4305 4306/4306/4306 4315/4315/4315
f 4305/4305/4305 4315/4315/4315 4314/4314/4314
f 4306/4306/4306 4307/4307/4307 4316/4316/4316
f 4306/4306/4306 4316/4316/4316 4315/4315/4315
f 4307/4307/4307 4308/4308/4308 4317/4317/4317
f 4307/4307/4307 4317/4317/4317 4316/4316/4316
f 4308/4308/4308 4309/4309/4309 4318/4318/4318
f 4308/4308/4308 4318/4318/4318 4317/4317/4317
f 4309/4309/4309 4310/4310/4310 4319/4319/4319
f 4309/4309/4309 4319/4319/4319 4318/4318/4318
f 4310/4310/4310 4311/4311/4311 4320/4320/4320
f 4310/4310/4310 4320/4320/4320 4319/4319/4319
f 4312/4312/4312 4313/4313/4313 4322/4322/4322
f 4312/4312/4312 4322/4322/4322 4321/4321/4321
f 4313/4313/4313 4314/4314/4314 4323/4323/4323
f 4313/4313/4313 4323/4323/4323 4322/4322/4322
f 4314/4314/4314 4315/4315/4315 4324/4324/4324
f 4314/4314/4314 4324/4324/4324 4323/4323/4323
f 4315/4315/4315 4316/4316/4316 4325/4325/4325
f 4315/4315/4315 4325/4325/4325 4324/4324/4324
f 4316/4316/4316 4317/4317/4317 4326/4326/4326
f 4316/4316/4316 4326/4326/4326 4325/4325/4325
f 4317/4317/4317 4318/4318/4318 4327/4327/4327
f 4317/4317/4317 4327/4327/4327 4326/4326/4326
f 4318/4318/4318 4319/4319/4319 4328/4328/4328
f 4318/4318/4318 4328/4328/4328 4327/4327/4327
f 4319/4319/4319 4320/4320/4320 4329/4329/4329
f 4319/4319/4319 4329/4329/4329 4328/4328/4328
f 4321/4321/4321 4322/4322/4322 4331/4331/4331
f 4321/4321/4321 4331/4331/4331 4330/4330/4330
f 4322/4322/4322 4323/4323/4323 4332/4332/4332
f 4322/4322/4322 4332/4332/4332 4331/4331/4331
f 4323/4323/4323 4324/4324/4324 4333/4333/4333
f 4323/4323/4323 4333/4333/4333 4332/4332/4332
f 4324/4324/4324 4325/4325/4325 4334/4334/4334
f 4324/4324/4324 4334/4334/4334 4333/4333/4333
f 4325/4325/4325 4326/4326/4326 4335/4335/4335
f 4325/4325/4325 4335/4335/4335 4334/4334/4334
f 4326/4326/4326 4327/4327/4327 4336/4336/4336
f 4326/4326/4326 4336/4336/4336 4335/4335/4335
f 4327/4327/4327 4328/4328/4328 4337/4337/4337
f 4327/4327/4327 4337/4337/4337 4336/4336/4336
f 4328/4328/4328 4329/4329/4329 4338/4338/4338
f 4328/4328/4328 4338/4338/4338 4337/4337/4337
f 4339/4339/4339 4340/4340/4340 4349/4349/4349
f 4339/4339/4339 4349/4349/4349 4348/4348/4348
f 4340/4340/4340 4341/4341/4341 4350/4350/4350
f 4340/4340/4340 4350/4350/4350 4349/4349/4349
f 4341/4341/4341 4342/4342/4342 4351/4351/4351
f 4341/4341/4341 4351/4351/4351 4350/4350/4350
f 4342/4342/4342 4343/4343/4343 4352/4352/4352
f 4342/4342/4342 4352/4352/4352 4351/4351/4351
f 4343/4343/4343 4344/4344/4344 4353/4353/4353
f 4343/4343/4343 4353/4353/4353 4352/4352/4352
f 4344/4344/4344 4345/4345/4345 4354/4354/4354
f 4344/4344/4344 4354/4354/4354 4353/4353/4353
f 4345/4345/4345 4346/4346/4346 4355/4355/4355
f 4345/4345/4345 4355/4355/4355 4354/4354/4354
f 4346/4346/4346 4347/4347/4347 4356/4356/4356
f 4346/4346/4346 4356/4356/4356 4355/4355/4355
f 4348/4348/4348 4349/4349/4349 4358/4358/4358
f 4348/4348/4348 4358/4358/4358 4357/4357/4357
f 4349/4349/4349 4350/4350/4350 4359/4359/4359
f 4349/4349/4349 4359/4359/4359 4358/4358/4358
f 4350/4350/4350 4351/4351/4351 4360/4360/4360
f 4350/4350/4350 4360/4360/4360 4359/4359/4359
f 4351/4351/4351 4352/4352/4352 4361/4361/4361
f 4351/4351/4351 4361/4361/4361 4360/4360/4360
f 4352/4352/4352 4353/4353/4353 4362/4362/4362
f 4352/4352/4352 4362/4362/4362 4361/4361/4361
f 4353/4353/4353 4354/4354/4354 4363/4363/4363
f 4353/4353/4353 4363/4363/4363 4362/4362/4362
f 4354/4354/4354 4355/4355/4355 4364/4364/4364
f 4354/4354/4354 4364/4364/4364 4363/4363/4363
f 4355/4355/4355 4356/4356/4356 4365/4365/4365
f 4355/4355/4355 4365/4365/4365 4364/4364/4364
f 4357/4357/4357 4358/4358/4358 4367/4367/4367
f 4357/4357/4357 4367/4367/4367 4366/4366/4366
f 4358/4358/4358 4359/4359/4359 4368/4368/4368
f 4358/4358/4358 4368/4368/4368 4367/4367/4367
f 4359/4359/4359 4360/4360/4360 4369/4369/4369
f 4359/4359/4359 4369/4369/4369 4368/4368/4368
f 4360/4360/4360 4361/4361/4361 4370/4370/4370
f 4360/4360/4360 4370/4370/4370 4369/4369/4369
f 4361/4361/4361 4362/4362/4362 4371/4371/4371
f 4361/4361/4361 4371/4371/4371 4370/4370/4370
f 4362/4362/4362 4363/4363/4363 4372/4372/4372
f 4362/4362/4362 4372/4372/4372 4371/4371/4371
f 4363/4363/4363 4364/4364/4364 4373/4373/4373
f 4363/4363/4363 4373/4373/4373 4372/4372/4372
f 4364/4364/4364 4365/4365/4365 4374/4374/4374
f 4364/4364/4364 4374/4374/4374 4373/4373/4373
f 4366/4366/4366 4367/4367/4367 4376/4376/4376
f 4366/4366/4366 4376/4376/4376 4375/4375/4375
f 4367/4367/4367 4368/4368/4368 4377/4377/4377
f 4367/4367/4367 4377/4377/4377 4376/4376/4376
f 4368/4368/4368 4369/4369/4369 4378/4378/4378
f 4368/4368/4368 4378/4378/4378 4377/4377/4377
f 4369/4369/4369 4370/4370/4370 4379/4379/4379
f 4369/4369/4369 4379/4379/4379 4378/4378/4378
f 4370/4370/4370 4371/4371/4371 4380/4380/4380
f 4370/4370/4370 4380/4380/4380 4379/4379/4379
f 4371/4371/4371 4372/4372/4372 4381/4381/4381
f 4371/4371/4371 4381/4381/4381 4380/4380/4380
f 4372/4372/4372 4373/4373/4373 4382/4382/4382
f 4372/4372/4372 4382/4382/4382 4381/4381/4381
f 4373/4373/4373 4374/4374/4374 4383/4383/4383
f 4373/4373/4373 4383/4383/4383 4382/4382/4382
f 4384/4384/4384 4385/4385/4385 4394/4394/4394
f 4384/4384/4384 4394/4394/4394 4393/4393/4393
f 4385/4385/4385 4386/4386/4386 4395/4395/4395
f 4385/4385/4385 4395/4395/4395 4394/4394/4394
f 4386/4386/4386 4387/4387/4387 4396/4396/4396
f 4386/4386/4386 4396/4396/4396 4395/4395/4395
f 4387/4387/4387 4388/4388/4388 4397/4397/4397
f 4387/4387/4387 4397/4397/4397 4396/4396/4396
f 4388/4388/4388 4389/4389/4389 4398/4398/4398
f 4388/4388/4388 4398/4398/4398 4397/4397/4397
f 4389/4389/4389 4390/4390/4390 4399/4399/4399
f 4389/4389/4389 4399/4399/4399 4398/4398/4398
f 4390/4390/4390 4391/4391/4391 4400/4400/4400
f 4390/4390/4390 4400/4400/4400 4399/4399/4399
f 4391/4391/4391 4392/4392/4392 4401/4401/4401
f 4391/4391/4391 4401/4401/4401 4400/4400/4400
f 4393/4393/4393 4394/4394/4394 4403/4403/4403
f 4393/4393/4393 4403/4403/4403 4402/4402/4402
f 4394/4394/4394 4395/4395/4395 4404/4404/4404
f 4394/4394/4394 4404/4404/4404 4403/4403/4403
f 4395/4395/4395 4396/4396/4396 4405/4405/4405
f 4395/4395/4395 4405/4405/4405 4404/4404/4404
f 4396/4396/4396 4397/4397/4397 4406/4406/4406
f 4396/4396/4396 4406/4406/4406 4405/4405/4405
f 4397/4397/4397 4398/4398/4398 4407/4407/4407
f 4397/4397/4397 4407/4407/4407 4406/4406/4406
f 4398/4398/4398 4399/4399/4399 4408/4408/4408
f 4398/4398/4398 4408/4408/4408 4407/4407/4407
f 4399/4399/4399 4400/4400/4400 4409/4409/4409
f 4399/4399/4399 4409/4409/4409 4408/4408/4408
f 4400/4400/4400 4401/4401/4401 4410/4410/4410
f 4400/4400/4400 4410/4410/4410 4409/4409/4409
f 4402/4402/4402 4403/4403/4403 4412/4412/4412
f 4402/4402/4402 4412/4412/4412 4411/4411/4411
f 4403/4403/4403 4404/4404/4404 4413/4413/4413
f 4403/4403/4403 4413/4413/4413 4412/4412/4412
f 4404/4404/4404 4405/4405/4405 4414/4414/4414
f 4404/4404/4404 4414/4414/4414 4413/4413/4413
f 4405/4405/4405 4406/4406/4406 4415/4415/4415
f 4405/4405/4405 4415/4415/4415 4414/4414/4414
f 4406/4406/4406 4407/4407/4407 4416/4416/4416
f 4406/4406/4406 4416/4416/4416 4415/4415/4415
f 4407/4407/4407 4408/4408/4408 4417/4417/4417
f 4407/4407/4407 4417/4417/4417 4416/4416/4416
f 4408/4408/4408 4409/4409/4409 4418/4418/4418
f 4408/4408/4408 4418/4418/4418 4417/4417/4417
f 4409/4409/4409 4410/4410/4410 4419/4419/4419
f 4409/4409/4409 4419/4419/4419 4418/4418/4418
f 4411/4411/4411 4412/4412/4412 4421/4421/4421
f 4411/4411/4411 4421/4421/4421 4420/4420/4420
f 4412/4412/4412 4413/4413/4413 4422/4422/4422
f 4412/4412/4412 4422/4422/4422 4421/4421/4421
f 4413/4413/4413 4414/4414/4414 4423/4423/4423
f 4413/4413/4413 4423/4423/4423 4422/4422/4422
f 4414/4414/4414 4415/4415/4415 4424/4424/4424
f 4414/4414/4414 4424/4424/4424 4423/4423/4423
f 4415/4415/4415 4416/4416/4416 4425/4425/4425
f 4415/4415/4415 4425/4425/4425 4424/4424/4424
f 4416/4416/4416 4417/4417/4417 4426/4426/4426
f 4416/4416/4416 4426/4426/4426 4425/4425/4425
f 4417/4417/4417 4418/4418/4418 4427/4427/4427
f 4417/4417/4417 4427/4427/4427 4426/4426/4426
f 4418/4418/4418 4419/4419/4419 4428/4428/4428
f 4418/4418/4418 4428/4428/4428 4427/4427/4427
f 4429/4429/4429 4430/4430/4430 4439/4439/4439
f 4429/4429/4429 4439/4439/4439 4438/4438/4438
f 4430/4430/4430 4431/4431/4431 4440/4440/4440
f 4430/4430/4430 4440/4440/4440 4439/4439/4439
f 4431/4431/4431 4432/4432/4432 4441/4441/4441
f 4431/4431/4431 4441/4441/4441 4440/4440/4440
f 4432/4432/4432 4433/4433/4433 4442/4442/4442
f 4432/4432/4432 4442/4442/4442 4441/4441/4441
f 4433/4433/4433 4434/4434/4434 4443/4443/4443
f 4433/4433/4433 4443/4443/4443 4442/4442/4442
f 4434/4434/4434 4435/4435/4435 4444/4444/4444
f 4434/4434/4434 4444/4444/4444 4443/4443/4443
f 4435/4435/4435 4436/4436/4436 4445/4445/4445
f 4435/4435/4435 4445/4445/4445 4444/4444/4444
f 4436/4436/4436 4437/4437/4437 4446/4446/4446
f 4436/4436/4436 4446/4446/4446 4445/4445/4445
f 4438/4438/4438 4439/4439/4439 4448/4448/4448
f 4438/4438/4438 4448/4448/4448 4447/4447/4447
f 4439/4439/4439 4440/4440/4440 4449/4449/4449
f 4439/4439/4439 4449/4449/4449 4448/4448/4448
f 4440/4440/4440 4441/4441/4441 4450/4450/4450
f 4440/4440/4440 4450/4450/4450 4449/4449/4449
f 4441/4441/4441 4442/4442/4442 4451/4451/4451
f 4441/4441/4441 4451/4451/4451 4450/4450/4450
f 4442/4442/4442 4443/4443/4443 4452/4452/4452
f 4442/4442/4442 4452/4452/4452 4451/4451/4451
f 4443/4443/4443 4444/4444/4444 4453/4453/4453
f 4443/4443/4443 4453/4453/4453 4452/4452/4452
f 4444/4444/4444 4445/4445/4445 4454/4454/4454
f 4444/4444/4444 4454/4454/4454 4453/4453/4453
f 4445/4445/4445 4446/4446/4446 4455/4455/4455
f 4445/4445/4445 4455/4455/4455 4454/4454/4454
f 4447/4447/4447 4448/4448/4448 4457/4457/4457
f 4447/4447/4447 4457/4457/4457 4456/4456/4456
f 4448/4448/4448 4449/4449/4449 4458/4458/4458
f 4448/4448/4448 4458/4458/4458 4457/4457/4457
f 4449/4449/4449 4450/4450/4450 4459/4459/4459
f 4449/4449/4449 4459/4459/4459 4458/4458/4458
f 4450/4450/4450 4451/4451/4451 4460/4460/4460
f 4450/4450/4450 4460/4460/4460 4459/4459/4459
f 4451/4451/4451 4452/4452/4452 4461/4461/4461
f 4451/4451/4451 4461/4461/4461 4460/4460/4460
f 4452/4452/4452 4453/4453/4453 4462/4462/4462
f 4452/4452/4452 4462/4462/4462 4461/4461/4461
f 4453/4453/4453 4454/4454/4454 4463/4463/4463
f 4453/4453/4453 4463/4463/4463 4462/4462/4462
f 4454/4454/4454 4455/4455/4455 4464/4464/4464
f 4454/4454/4454 4464/4464/4464 4463/4463/4463
f 4456/4456/4456 4457/4457/4457 4466/4466/4466
f 4456/4456/4456 4466/4466/4466 4465/4465/4465
f 4457/4457/4457 4458/4458/4458 4467/4467/4467
f 4457/4457/4457 4467/4467/4467 4466/4466/4466
f 4458/4458/4458 4459/4459/4459 4468/4468/4468
f 4458/4458/4458 4468/4468/4468 4467/4467/4467
f 4459/4459/4459 4460/4460/4460 4469/4469/4469
f 4459/4459/4459 4469/4469/4469 4468/4468/4468
f 4460/4460/4460 4461/4461/4461 4470/4470/4470
f 4460/4460/4460 4470/4470/4470 4469/4469/4469
f 4461/4461/4461 4462/4462/4462 4471/4471/4471
f 4461/4461/4461 4471/4471/4471 4470/4470/4470
f 4462/4462/4462 4463/4463/4463 4472/4472/4472
f 4462/4462/4462 4472/4472/4472 4471/4471/4471
f 4463/4463/4463 4464/4464/4464 4473/4473/4473
f 4463/4463/4463 4473/4473/4473 4472/4472/4472
f 4474/4474/4474 4475/4475/4475 4482/4482/4482
f 4474/4474/4474 4482/4482/4482 4481/4481/4481
f 4475/4475/4475 4476/4476/4476 4483/4483/4483
f 4475/4475/4475 4483/4483/4483 4482/4482/4482
f 4476/4476/4476 4477/4477/4477 4484/4484/4484
f 4476/4476/4476 4484/4484/4484 4483/4483/4483
f 4477/4477/4477 4478/4478/4478 4485/4485/4485
f 4477/4477/4477 4485/4485/4485 4484/4484/4484
f 4478/4478/4478 4479/4479/4479 4486/4486/4486
f 4478/4478/4478 4486/4486/4486 4485/4485/4485
f 4479/4479/4479 4480/4480/4480 4487/4487/4487
f 4479/4479/4479 4487/4487/4487 4486/4486/4486
f 4481/4481/4481 4482/4482/4482 4489/4489/4489
f 4481/4481/4481 4489/4489/4489 4488/4488/4488
f 4482/4482/4482 4483/4483/4483 4490/4490/4490
f 4482/4482/4482 4490/4490/4490 4489/4489/4489
f 4483/4483/4483 4484/4484/4484 4491/4491/4491
f 4483/4483/4483 4491/4491/4491 4490/4490/4490
f 4484/4484/4484 4485/4485/4485 4492/4492/4492
f 4484/4484/4484 4492/4492/4492 4491/4491/4491
f 4485/4485/4485 4486/4486/4486 4493/4493/4493
f 4485/4485/4485 4493/4493/4493 4492/4492/4492
f 4486/4486/4486 4487/4487/4487 4494/4494/4494
f 4486/4486/4486 4494/4494/4494 4493/4493/4493
f 4488/4488/4488 4489/4489/4489 4496/4496/4496
f 4488/4488/4488 4496/4496/4496 4495/4495/4495
f 4489/4489/4489 4490/4490/4490 4497/4497/4497
f 4489/4489/4489 4497/4497/4497 4496/4496/4496
f 4490/4490/4490 4491/4491/4491 4498/4498/4498
f 4490/4490/4490 4498/4498/4498 4497/4497/4497
f 4491/4491/4491 4492/4492/4492 4499/4499/4499
f 4491/4491/4491 4499/4499/4499 4498/4498/4498
f 4492/4492/4492 4493/4493/4493 4500/4500/4500
f 4492/4492/4492 4500/4500/4500 4499/4499/4499
f 4493/4493/4493 4494/4494/4494 4501/4501/4501
f 4493/4493/4493 4501/4501/4501 4500/4500/4500
f 4495/4495/4495 4496/4496/4496 4503/4503/4503
f 4495/4495/4495 4503/4503/4503 4502/4502/4502
f 4496/4496/4496 4497/4497/4497 4504/4504/4504
f 4496/4496/4496 4504/4504/4504 4503/4503/4503
f 4497/4497/4497 4498/4498/4498 4505/4505/4505
f 4497/4497/4497 4505/4505/4505 4504/4504/4504
f 4498/4498/4498 4499/4499/4499 4506/4506/4506
f 4498/4498/4498 4506/4506/4506 4505/4505/4505
f 4499/4499/4499 4500/4500/4500 4507/4507/4507
f 4499/4499/4499 4507/4507/4507 4506/4506/4506
f 4500/4500/4500 4501/4501/4501 4508/4508/4508
f 4500/4500/4500 4508/4508/4508 4507/4507/4507
f 4509/4509/4509 4510/4510/4510 4519/4519/4519
f 4509/4509/4509 4519/4519/4519 4518/4518/4518
f 4510/4510/4510 4511/4511/4511 4520/4520/4520
f 4510/4510/4510 4520/4520/4520 4519/4519/4519
f 4511/4511/4511 4512/4512/4512 4521/4521/4521
f 4511/4511/4511 4521/4521/4521 4520/4520/4520
f 4512/4512/4512 4513/4513/4513 4522/4522/4522
f 4512/4512/4512 4522/4522/4522 4521/4521/4521
f 4513/4513/4513 4514/4514/4514 4523/4523/4523
f 4513/4513/4513 4523/4523/4523 4522/4522/4522
f 4514/4514/4514 4515/4515/4515 4524/4524/4524
f 4514/4514/4514 4524/4524/4524 4523/4523/4523
f 4515/4515/4515 4516/4516/4516 4525/4525/4525
f 4515/4515/4515 4525/4525/4525 4524/4524/4524
f 4516/4516/4516 4517/4517/4517 4526/4526/4526
f 4516/4516/4516 4526/4526/4526 4525/4525/4525
f 4518/4518/4518 4519/4519/4519 4528/4528/4528
f 4518/4518/4518 4528/4528/4528 4527/4527/4527
f 4519/4519/4519 4520/4520/4520 4529/4529/4529
f 4519/4519/4519 4529/4529/4529 4528/4528/4528
f 4520/4520/4520 4521/4521/4521 4530/4530/4530
f 4520/4520/4520 4530/4530/4530 4529/4529/4529
f 4521/4521/4521 4522/4522/4522 4531/4531/4531
f 4521/4521/4521 4531/4531/4531 4530/4530/4530
f 4522/4522/4522 4523/4523/4523 4532/4532/4532
f 4522/4522/4522 4532/4532/4532 4531/4531/4531
f 4523/4523/4523 4524/4524/4524 4533/4533/4533
f 4523/4523/4523 4533/4533/4533 4532/4532/4532
f 4524/4524/4524 4525/4525/4525 4534/4534/4534
f 4524/4524/4524 4534/4534/4534 4533/4533/4533
f 4525/4525/4525 4526/4526/4526 4535/4535/4535
f 4525/4525/4525 4535/4535/4535 4534/4534/4534
f 4527/4527/4527 4528/4528/4528 4537/4537/4537
f 4527/4527/4527 4537/4537/4537 4536/4536/4536
f 4528/4528/4528 4529/4529/4529 4538/4538/4538
f 4528/4528/4528 4538/4538/4538 4537/4537/4537
f 4529/4529/4529 4530/4530/4530 4539/4539/4539
f 4529/4529/4529 4539/4539/4539 4538/4538/4538
f 4530/4530/4530 4531/4531/4531 4540/4540/4540
f 4530/4530/4530 4540/4540/4540 4539/4539/4539
f 4531/4531/4531 4532/4532/4532 4541/4541/4541
f 4531/4531/4531 4541/4541/4541 4540/4540/4540
f 4532/4532/4532 4533/4533/4533 4542/4542/4542
f 4532/4532/4532 4542/4542/4542 4541/4541/4541
f 4533/4533/4533 4534/4534/4534 4543/4543/4543
f 4533/4533/4533 4543/4543/4543 4542/4542/4542
f 4534/4534/4534 4535/4535/4535 4544/4544/4544
f 4534/4534/4534 4544/4544/4544 4543/4543/4543
f 4536/4536/4536 4537/4537/4537 4546/4546/4546
f 4536/4536/4536 4546/4546/4546 4545/4545/4545
f 4537/4537/4537 4538/4538/4538 4547/4547/4547
f 4537/4537/4537 4547/4547/4547 4546/4546/4546
f 4538/4538/4538 4539/4539/4539 4548/4548/4548
f 4538/4538/4538 4548/4548/4548 4547/4547/4547
f 4539/4539/4539 4540/4540/4540 4549/4549/4549
f 4539/4539/4539 4549/4549/4549 4548/4548/4548
f 4540/4540/4540 4541/4541/4541 4550/4550/4550
f 4540/4540/4540 4550/4550/4550 4549/4549/4549
f 4541/4541/4541 4542/4542/4542 4551/4551/4551
f 4541/4541/4541 4551/4551/4551 4550/4550/4550
f 4542/4542/4542 4543/4543/4543 4552/4552/4552
f 4542/4542/4542 4552/4552/4552 4551/4551/4551
f 4543/4543/4543 4544/4544/4544 4553/4553/4553
f 4543/4543/4543 4553/4553/4553 4552/4552/4552
f 4554/4554/4554 4555/4555/4555 4564/4564/4564
f 4554/4554/4554 4564/4564/4564 4563/4563/4563
f 4555/4555/4555 4556/4556/4556 4565/4565/4565
f 4555/4555/4555 4565/4565/4565 4564/4564/4564
f 4556/4556/4556 4557/4557/4557 4566/4566/4566
f 4556/4556/4556 4566/4566/4566 4565/4565/4565
f 4557/4557/4557 4558/4558/4558 4567/4567/4567
f 4557/4557/4557 4567/4567/4567 4566/4566/4566
f 4558/4558/4558 4559/4559/4559 4568/4568/4568
f 4558/4558/4558 4568/4568/4568 4567/4567/4567
f 4559/4559/4559 4560/4560/4560 4569/4569/4569
f 4559/4559/4559 4569/4569/4569 4568/4568/4568
f 4560/4560/4560 4561/4561/4561 4570/4570/4570
f 4560/4560/4560 4570/4570/4570 4569/4569/4569
f 4561/4561/4561 4562/4562/4562 4571/4571/4571
f 4561/4561/4561 4571/4571/4571 4570/4570/4570
f 4563/4563/4563 4564/4564/4564 4573/4573/4573
f 4563/4563/4563 4573/4573/4573 4572/4572/4572
f 4564/4564/4564 4565/4565/4565 4574/4574/4574
f 4564/4564/4564 4574/4574/4574 4573/4573/4573
f 4565/4565/4565 4566/4566/4566 4575/4575/4575
f 4565/4565/4565 4575/4575/4575 4574/4574/4574
f 4566/4566/4566 4567/4567/4567 4576/4576/4576
f 4566/4566/4566 4576/4576/4576 4575/4575/4575
f 4567/4567/4567 4568/4568/4568 4577/4577/4577
f 4567/4567/4567 4577/4577/4577 4576/4576/4576
f 4568/4568/4568 4569/4569/4569 4578/4578/4578
f 4568/4568/4568 4578/4578/4578 4577/4577/4577
f 4569/4569/4569 4570/4570/4570 4579/4579/4579
f 4569/4569/4569 4579/4579/4579 4578/4578/4578
f 4570/4570/4570 4571/4571/4571 4580/4580/4580
f 4570/4570/4570 4580/4580/4580 4579/4579/4579
f 4572/4572/4572 4573/4573/4573 4582/4582/4582
f 4572/4572/4572 4582/4582/4582 4581/4581/4581
f 4573/4573/4573 4574/4574/4574 4583/4583/4583
f 4573/4573/4573 4583/4583/4583 4582/4582/4582
f 4574/4574/4574 4575/4575/4575 4584/4584/4584
f 4574/4574/4574 4584/4584/4584 4583/4583/4583
f 4575/4575/4575 4576/4576/4576 4585/4585/4585
f 4575/4575/4575 4585/4585/4585 4584/4584/4584
f 4576/4576/4576 4577/4577/4577 4586/4586/4586
f 4576/4576/4576 4586/4586/4586 4585/4585/4585
f 4577/4577/4577 4578/4578/4578 4587/4587/4587
f 4577/4577/4577 4587/4587/4587 4586/4586/4586
f 4578/4578/4578 4579/4579/4579 4588/4588/4588
f 4578/4578/4578 4588/4588/4588 4587/4587/4587
f 4579/4579/4579 4580/4580/4580 4589/4589/4589
f 4579/4579/4579 4589/4589/4589 4588/4588/4588
f 4581/4581/4581 4582/4582/4582 4591/4591/4591
f 4581/4581/4581 4591/4591/4591 4590/4590/4590
f 4582/4582/4582 4583/4583/4583 4592/4592/4592
f 4582/4582/4582 4592/4592/4592 4591/4591/4591
f 4583/4583/4583 4584/4584/4584 4593/4593/4593
f 4583/4583/4583 4593/4593/4593 4592/4592/4592
f 4584/4584/4584 4585/4585/4585 4594/4594/4594
f 4584/4584/4584 4594/4594/4594 4593/4593/4593
f 4585/4585/4585 4586/4586/4586 4595/4595/4595
f 4585/4585/4585 4595/4595/4595 4594/4594/4594
f 4586/4586/4586 4587/4587/4587 4596/4596/4596
f 4586/4586/4586 4596/4596/4596 4595/4595/4595
f 4587/4587/4587 4588/4588/4588 4597/4597/4597
f 4587/4587/4587 4597/4597/4597 4596/4596/4596
f 4588/4588/4588 4589/4589/4589 4598/4598/4598
f 4588/4588/4588 4598/4598/4598 4597/4597/4597
f 4599/4599/4599 4600/4600/4600 4609/4609/4609
f 4599/4599/4599 4609/4609/4609 4608/4608/4608
f 4600/4600/4600 4601/4601/4601 4610/4610/4610
f 4600/4600/4600 4610/4610/4610 4609/4609/4609
f 4601/4601/4601 4602/4602/4602 4611/4611/4611
f 4601/4601/4601 4611/4611/4611 4610/4610/4610
f 4602/4602/4602 4603/4603/4603 4612/4612/4612
f 4602/4602/4602 4612/4612/4612 4611/4611/4611
f 4603/4603/4603 4604/4604/4604 4613/4613/4613
f 4603/4603/4603 4613/4613/4613 4612/4612/4612
f 4604/4604/4604 4605/4605/4605 4614/4614/4614
f 4604/4604/4604 4614/4614/4614 4613/4613/4613
f 4605/4605/4605 4606/4606/4606 4615/4615/4615
f 4605/4605/4605 4615/4615/4615 4614/4614/4614
f 4606/4606/4606 4607/4607/4607 4616/4616/4616
f 4606/4606/4606 4616/4616/4616 4615/4615/4615
f 4608/4608/4608 4609/4609/4609 4618/4618/4618
f 4608/4608/4608 4618/4618/4618 4617/4617/4617
f 4609/4609/4609 4610/4610/4610 4619/4619/4619
f 4609/4609/4609 4619/4619/4619 4618/4618/4618
f 4610/4610/4610 4611/4611/4611 4620/4620/4620
f 4610/4610/4610 4620/4620/4620 4619/4619/4619
f 4611/4611/4611 4612/4612/4612 4621/4621/4621
f 4611/4611/4611 4621/4621/4621 4620/4620/4620
f 4612/4612/4612 4613/4613/4613 4622/4622/4622
f 4612/4612/4612 4622/4622/4622 4621/4621/4621
f 4613/4613/4613 4614/4614/4614 4623/4623/4623
f 4613/4613/4613 4623/4623/4623 4622/4622/4622
f 4614/4614/4614 4615/4615/4615 4624/4624/4624
f 4614/4614/4614 4624/4624/4624 4623/4623/4623
f 4615/4615/4615 4616/4616/4616 4625/4625/4625
f 4615/4615/4615 4625/4625/4625 4624/4624/4624
f 4617/4617/4617 4618/4618/4618 4627/4627/4627
f 4617/4617/4617 4627/4627/4627 4626/4626/4626
f 4618/4618/4618 4619/4619/4619 4628/4628/4628
f 4618/4618/4618 4628/4628/4628 4627/4627/4627
f 4619/4619/4619 4620/4620/4620 4629/4629/4629
f 4619/4619/4619 4629/4629/4629 4628/4628/4628
f 4620/4620/4620 4621/4621/4621 4630/4630/4630
f 4620/4620/4620 4630/4630/4630 4629/4629/4629
f 4621/4621/4621 4622/4622/4622 4631/4631/4631
f 4621/4621/4621 4631/4631/4631 4630/4630/4630
f 4622/4622/4622 4623/4623/4623 4632/4632/4632
f 4622/4622/4622 4632/4632/4632 4631/4631/4631
f 4623/4623/4623 4624/4624/4624 4633/4633/4633
f 4623/4623/4623 4633/4633/4633 4632/4632/4632
f 4624/4624/4624 4625/4625/4625 4634/4634/4634
f 4624/4624/4624 4634/4634/4634 4633/4633/4633
f 4626/4626/4626 4627/4627/4627 4636/4636/4636
f 4626/4626/4626 4636/4636/4636 4635/4635/4635
f 4627/4627/4627 4628/4628/4628 4637/4637/4637
f 4627/4627/4627 4637/4637/4637 4636/4636/4636
f 4628/4628/4628 4629/4629/4629 4638/4638/4638
f 4628/4628/4628 4638/4638/4638 4637/4637/4637
f 4629/4629/4629 4630/4630/4630 4639/4639/4639
f 4629/4629/4629 4639/4639/4639 4638/4638/4638
f 4630/4630/4630 4631/4631/4631 4640/4640/4640
f 4630/4630/4630 4640/4640/4640 4639/4639/4639
f 4631/4631/4631 4632/4632/4632 4641/4641/4641
f 4631/4631/4631 4641/4641/4641 4640/4640/4640
f 4632/4632/4632 4633/4633/4633 4642/4642/4642
f 4632/4632/4632 4642/4642/4642 4641/4641/4641
f 4633/4633/4633 4634/4634/4634 4643/4643/4643
f 4633/4633/4633 4643/4643/4643 4642/4642/4642
f 4644/4644/4644 4645/4645/4645 4654/4654/4654
f 4644/4644/4644 4654/4654/4654 4653/4653/4653
f 4645/4645/4645 4646/4646/4646 4655/4655/4655
f 4645/4645/4645 4655/4655/4655 4654/4654/4654
f 4646/4646/4646 4647/4647/4647 4656/4656/4656
f 4646/4646/4646 4656/4656/4656 4655/4655/4655
f 4647/4647/4647 4648/4648/4648 4657/4657/4657
f 4647/4647/4647 4657/4657/4657 4656/4656/4656
f 4648/4648/4648 4649/4649/4649 4658/4658/4658
f 4648/4648/4648 4658/4658/4658 4657/4657/4657
f 4649/4649/4649 4650/4650/4650 4659/4659/4659
f 4649/4649/4649 4659/4659/4659 4658/4658/4658
f 4650/4650/4650 4651/4651/4651 4660/4660/4660
f 4650/4650/4650 4660/4660/4660 4659/4659/4659
f 4651/4651/4651 4652/4652/4652 4661/4661/4661
f 4651/4651/4651 4661/4661/4661 4660/4660/4660
f 4653/4653/4653 4654/4654/4654 4663/4663/4663
f 4653/4653/4653 4663/4663/4663 4662/4662/4662
f 4654/4654/4654 4655/4655/4655 4664/4664/4664
f 4654/4654/4654 4664/4664/4664 4663/4663/4663
f 4655/4655/4655 4656/4656/4656 4665/4665/4665
f 4655/4655/4655 4665/4665/4665 4664/4664/4664
f 4656/4656/4656 4657/4657/4657 4666/4666/4666
f 4656/4656/4656 4666/4666/4666 4665/4665/4665
f 4657/4657/4657 4658/4658/4658 4667/4667/4667
f 4657/4657/4657 4667/4667/4667 4666/4666/4666
f 4658/4658/4658 4659/4659/4659 4668/4668/4668
f 4658/4658/4658 4668/4668/4668 4667/4667/4667
f 4659/4659/4659 4660/4660/4660 4669/4669/4669
f 4659/4659/4659 4669/4669/4669 4668/4668/4668
f 4660/4660/4660 4661/4661/4661 4670/4670/4670
f 4660/4660/4660 4670/4670/4670 4669/4669/4669
f 4662/4662/4662 4663/4663/4663 4672/4672/4672
f 4662/4662/4662 4672/4672/4672 4671/4671/4671
f 4663/4663/4663 4664/4664/4664 4673/4673/4673
f 4663/4663/4663 4673/4673/4673 4672/4672/4672
f 4664/4664/4664 4665/4665/4665 4674/4674/4674
f 4664/4664/4664 4674/4674/4674 4673/4673/4673
f 4665/4665/4665 4666/4666/4666 4675/4675/4675
f 4665/4665/4665 4675/4675/4675 4674/4674/4674
f 4666/4666/4666 4667/4667/4667 4676/4676/4676
f 4666/4666/4666 4676/4676/4676 4675/4675/4675
f 4667/4667/4667 4668/4668/4668 4677/4677/4677
f 4667/4667/4667 4677/4677/4677 4676/4676/4676
f 4668/4668/4668 4669/4669/4669 4678/4678/4678
f 4668/4668/4668 4678/4678/4678 4677/4677/4677
f 4669/4669/4669 4670/4670/4670 4679/4679/4679
f 4669/4669/4669 4679/4679/4679 4678/4678/4678
f 4671/4671/4671 4672/4672/4672 4681/4681/4681
f 4671/4671/4671 4681/4681/4681 4680/4680/4680
f 4672/4672/4672 4673/4673/4673 4682/4682/4682
f 4672/4672/4672 4682/4682/4682 4681/4681/4681
f 4673/4673/4673 4674/4674/4674 4683/4683/4683
f 4673/4673/4673 4683/4683/4683 4682/4682/4682
f 4674/4674/4674 4675/4675/4675 4684/4684/4684
f 4674/4674/4674 4684/4684/4684 4683/4683/4683
f 4675/4675/4675 4676/4676/4676 4685/4685/4685
f 4675/4675/4675 4685/4685/4685 4684/4684/4684
f 4676/4676/4676 4677/4677/4677 4686/4686/4686
f 4676/4676/4676 4686/4686/4686 4685/4685/4685
f 4677/4677/4677 4678/4678/4678 4687/4687/4687
f 4677/4677/4677 4687/4687/4687 4686/4686/4686
f 4678/4678/4678 4679/4679/4679 4688/4688/4688
f 4678/4678/4678 4688/4688/4688 4687/4687/4687
f 4689/4689/4689 4690/4690/4690 4699/4699/4699
f 4689/4689/4689 4699/4699/4699 4698/4698/4698
f 4690/4690/4690 4691/4691/4691 4700/4700/4700
f 4690/4690/4690 4700/4700/4700 4699/4699/4699
f 4691/4691/4691 4692/4692/4692 4701/4701/4701
f 4691/4691/4691 4701/4701/4701 4700/4700/4700
f 4692/4692/4692 4693/4693/4693 4702/4702/4702
f 4692/4692/4692 4702/4702/4702 4701/4701/4701
f 4693/4693/4693 4694/4694/4694 4703/4703/4703
f 4693/4693/4693 4703/4703/4703 4702/4702/4702
f 4694/4694/4694 4695/4695/4695 4704/4704/4704
f 4694/4694/4694 4704/4704/4704 4703/4703/4703
f 4695/4695/4695 4696/4696/4696 4705/4705/4705
f 4695/4695/4695 4705/4705/4705 4704/4704/4704
f 4696/4696/4696 4697/4697/4697 4706/4706/4706
f 4696/4696/4696 4706/4706/4706 4705/4705/4705
f 4698/4698/4698 4699/4699/4699 4708/4708/4708
f 4698/4698/4698 4708/4708/4708 4707/4707/4707
f 4699/4699/4699 4700/4700/4700 4709/4709/4709
f 4699/4699/4699 4709/4709/4709 4708/4708/4708
f 4700/4700/4700 4701/4701/4701 4710/4710/4710
f 4700/4700/4700 4710/4710/4710 4709/4709/4709
f 4701/4701/4701 4702/4702/4702 4711/4711/4711
f 4701/4701/4701 4711/4711/4711 4710/4710/4710
f 4702/4702/4702 4703/4703/4703 4712/4712/4712
f 4702/4702/4702 4712/4712/4712 4711/4711/4711
f 4703/4703/4703 4704/4704/4704 4713/4713/4713
f 4703/4703/4703 4713/4713/4713 4712/4712/4712
f 4704/4704/4704 4705/4705/4705 4714/4714/4714
f 4704/4704/4704 4714/4714/4714 4713/4713/4713
f 4705/4705/4705 4706/4706/4706 4715/4715/4715
f 4705/4705/4705 4715/4715/4715 4714/4714/4714
f 4707/4707/4707 4708/4708/4708 4717/4717/4717
f 4707/4707/4707 4717/4717/4717 4716/4716/4716
f 4708/4708/4708 4709/4709/4709 4718/4718/4718
f 4708/4708/4708 4718/4718/4718 4717/4717/4717
f 4709/4709/4709 4710/4710/4710 4719/4719/4719
f 4709/4709/4709 4719/4719/4719 4718/4718/4718
f 4710/4710/4710 4711/4711/4711 4720/4720/4720
f 4710/4710/4710 4720/4720/4720 4719/4719/4719
f 4711/4711/4711 4712/4712/4712 4721/4721/4721
f 4711/4711/4711 4721/4721/4721 4720/4720/4720
f 4712/4712/4712 4713/4713/4713 4722/4722/4722
f 4712/4712/4712 4722/4722/4722 4721/4721/4721
f 4713/4713/4713 4714/4714/4714 4723/4723/4723
f 4713/4713/4713 4723/4723/4723 4722/4722/4722
f 4714/4714/4714 4715/4715/4715 4724/4724/4724
f 4714/4714/4714 4724/4724/4724 4723/4723/4723
f 4716/4716/4716 4717/4717/4717 4726/4726/4726
f 4716/4716/4716 4726/4726/4726 4725/4725/4725
f 4717/4717/4717 4718/4718/4718 4727/4727/4727
f 4717/4717/4717 4727/4727/4727 4726/4726/4726
f 4718/4718/4718 4719/4719/4719 4728/4728/4728
f 4718/4718/4718 4728/4728/4728 4727/4727/4727
f 4719/4719/4719 4720/4720/4720 4729/4729/4729
f 4719/4719/4719 4729/4729/4729 4728/4728/4728
f 4720/4720/4720 4721/4721/4721 4730/4730/4730
f 4720/4720/4720 4730/4730/4730 4729/4729/4729
f 4721/4721/4721 4722/4722/4722 4731/4731/4731
f 4721/4721/4721 4731/4731/4731 4730/4730/4730
f 4722/4722/4722 4723/4723/4723 4732/4732/4732
f 4722/4722/4722 4732/4732/4732 4731/4731/4731
f 4723/4723/4723 4724/4724/4724 4733/4733/4733
f 4723/4723/4723 4733/4733/4733 4732/4732/4732
f 4734/4734/4734 4735/4735/4735 4742/4742/4742
f 4734/4734/4734 4742/4742/4742 4741/4741/4741
f 4735/4735/4735 4736/4736/4736 4743/4743/4743
f 4735/4735/4735 4743/4743/4743 4742/4742/4742
f 4736/4736/4736 4737/4737/4737 4744/4744/4744
f 4736/4736/4736 4744/4744/4744 4743/4743/4743
f 4737/4737/4737 4738/4738/4738 4745/4745/4745
f 4737/4737/4737 4745/4745/4745 4744/4744/4744
f 4738/4738/4738 4739/4739/4739 4746/4746/4746
f 4738/4738/4738 4746/4746/4746 4745/4745/4745
f 4739/4739/4739 4740/4740/4740 4747/4747/4747
f 4739/4739/4739 4747/4747/4747 4746/4746/4746
f 4741/4741/4741 4742/4742/4742 4749/4749/4749
f 4741/4741/4741 4749/4749/4749 4748/4748/4748
f 4742/4742/4742 4743/4743/4743 4750/4750/4750
f 4742/4742/4742 4750/4750/4750 4749/4749/4749
f 4743/4743/4743 4744/4744/4744 4751/4751/4751
f 4743/4743/4743 4751/4751/4751 4750/4750/4750
f 4744/4744/4744 4745/4745/4745 4752/4752/4752
f 4744/4744/4744 4752/4752/4752 4751/4751/4751
f 4745/4745/4745 4746/4746/4746 4753/4753/4753
f 4745/4745/4745 4753/4753/4753 4752/4752/4752
f 4746/4746/4746 4747/4747/4747 4754/4754/4754
f 4746/4746/4746 4754/4754/4754 4753/4753/4753
f 4748/4748/4748 4749/4749/4749 4756/4756/4756
f 4748/4748/4748 4756/4756/4756 4755/4755/4755
f 4749/4749/4749 4750/4750/4750 4757/4757/4757
f 4749/4749/4749 4757/4757/4757 4756/4756/4756
f 4750/4750/4750 4751/4751/4751 4758/4758/4758
f 4750/4750/4750 4758/4758/4758 4757/4757/4757
f 4751/4751/4751 4752/4752/4752 4759/4759/4759
f 4751/4751/4751 4759/4759/4759 4758/4758/4758
f 4752/4752/4752 4753/4753/4753 4760/4760/4760
f 4752/4752/4752 4760/4760/4760 4759/4759/4759
f 4753/4753/4753 4754/4754/4754 4761/4761/4761
f 4753/4753/4753 4761/4761/4761 4760/4760/4760
f 4755/4755/4755 4756/4756/4756 4763/4763/4763
f 4755/4755/4755 4763/4763/4763 4762/4762/4762
f 4756/4756/4756 4757/4757/4757 4764/4764/4764
f 4756/4756/4756 4764/4764/4764 4763/4763/4763
f 4757/4757/4757 4758/4758/4758 4765/4765/4765
f 4757/4757/4757 4765/4765/4765 4764/4764/4764
f 4758/4758/4758 4759/4759/4759 4766/4766/4766
f 4758/4758/4758 4766/4766/4766 4765/4765/4765
f 4759/4759/4759 4760/4760/4760 4767/4767/4767
f 4759/4759/4759 4767/4767/4767 4766/4766/4766
f 4760/4760/4760 4761/4761/4761 4768/4768/4768
f 4760/4760/4760 4768/4768/4768 4767/4767/4767
f 4769/4769/4769 4770/4770/4770 4779/4779/4779
f 4769/4769/4769 4779/4779/4779 4778/4778/4778
f 4770/4770/4770 4771/4771/4771 4780/4780/4780
f 4770/4770/4770 4780/4780/4780 4779/4779/4779
f 4771/4771/4771 4772/4772/4772 4781/4781/4781
f 4771/4771/4771 4781/4781/4781 4780/4780/4780
f 4772/4772/4772 4773/4773/4773 4782/4782/4782
f 4772/4772/4772 4782/4782/4782 4781/4781/4781
f 4773/4773/4773 4774/4774/4774 4783/4783/4783
f 4773/4773/4773 4783/4783/4783 4782/4782/4782
f 4774/4774/4774 4775/4775/4775 4784/4784/4784
f 4774/4774/4774 4784/4784/4784 4783/4783/4783
f 4775/4775/4775 4776/4776/4776 4785/4785/4785
f 4775/4775/4775 4785/4785/4785 4784/4784/4784
f 4776/4776/4776 4777/4777/4777 4786/4786/4786
f 4776/4776/4776 4786/4786/4786 4785/4785/4785
f 4778/4778/4778 4779/4779/4779 4788/4788/4788
f 4778/4778/4778 4788/4788/4788 4787/4787/4787
f 4779/4779/4779 4780/4780/4780 4789/4789/4789
f 4779/4779/4779 4789/4789/4789 4788/4788/4788
f 4780/4780/4780 4781/4781/4781 4790/4790/4790
f 4780/4780/4780 4790/4790/4790 4789/4789/4789
f 4781/4781/4781 4782/4782/4782 4791/4791/4791
f 4781/4781/4781 4791/4791/4791 4790/4790/4790
f 4782/4782/4782 4783/4783/4783 4792/4792/4792
f 4782/4782/4782 4792/4792/4792 4791/4791/4791
f 4783/4783/4783 4784/4784/4784 4793/4793/4793
f 4783/4783/4783 4793/4793/4793 4792/4792/4792
f 4784/4784/4784 4785/4785/4785 4794/4794/4794
f 4784/4784/4784 4794/4794/4794 4793/4793/4793
f 4785/4785/4785 4786/4786/4786 4795/4795/4795
f 4785/4785/4785 4795/4795/4795 4794/4794/4794
f 4787/4787/4787 4788/4788/4788 4797/4797/4797
f 4787/4787/4787 4797/4797/4797 4796/4796/4796
f 4788/4788/4788 4789/4789/4789 4798/4798/4798
f 4788/4788/4788 4798/4798/4798 4797/4797/4797
f 4789/4789/4789 4790/4790/4790 4799/4799/4799
f 4789/4789/4789 4799/4799/4799 4798/4798/4798
f 4790/4790/4790 4791/4791/4791 4800/4800/4800
f 4790/4790/4790 4800/4800/4800 4799/4799/4799
f 4791/4791/4791 4792/4792/4792 4801/4801/4801
f 4791/4791/4791 4801/4801/4801 4800/4800/4800
f 4792/4792/4792 4793/4793/4793 4802/4802/4802
f 4792/4792/4792 4802/4802/4802 4801/4801/4801
f 4793/4793/4793 4794/4794/4794 4803/4803/4803
f 4793/4793/4793 4803/4803/4803 4802/4802/4802
f 4794/4794/4794 4795/4795/4795 4804/4804/4804
f 4794/4794/4794 4804/4804/4804 4803/4803/4803
f 4796/4796/4796 4797/4797/4797 4806/4806/4806
f 4796/4796/4796 4806/4806/4806 4805/4805/4805
f 4797/4797/4797 4798/4798/4798 4807/4807/4807
f 4797/4797/4797 4807/4807/4807 4806/4806/4806
f 4798/4798/4798 4799/4799/4799 4808/4808/4808
f 4798/4798/4798 4808/4808/4808 4807/4807/4807
f 4799/4799/4799 4800/4800/4800 4809/4809/4809
f 4799/4799/4799 4809/4809/4809 4808/4808/4808
f 4800/4800/4800 4801/4801/4801 4810/4810/4810
f 4800/4800/4800 4810/4810/4810 4809/4809/4809
f 4801/4801/4801 4802/4802/4802 4811/4811/4811
f 4801/4801/4801 4811/4811/4811 4810/4810/4810
f 4802/4802/4802 4803/4803/4803 4812/4812/4812
f 4802/4802/4802 4812/4812/4812 4811/4811/4811
f 4803/4803/4803 4804/4804/4804 4813/4813/4813
f 4803/4803/4803 4813/4813/4813 4812/4812/4812
f 4814/4814/4814 4815/4815/4815 4824/4824/4824
f 4814/4814/4814 4824/4824/4824 4823/4823/4823
f 4815/4815/4815 4816/4816/4816 4825/4825/4825
f 4815/4815/4815 4825/4825/4825 4824/4824/4824
f 4816/4816/4816 4817/4817/4817 4826/4826/4826
f 4816/4816/4816 4826/4826/4826 4825/4825/4825
f 4817/4817/4817 4818/4818/4818 4827/4827/4827
f 4817/4817/4817 4827/4827/4827 4826/4826/4826
f 4818/4818/4818 4819/4819/4819 4828/4828/4828
f 4818/4818/4818 4828/4828/4828 4827/4827/4827
f 4819/4819/4819 4820/4820/4820 4829/4829/4829
f 4819/4819/4819 4829/4829/4829 4828/4828/4828
f 4820/4820/4820 4821/4821/4821 4830/4830/4830
f 4820/4820/4820 4830/4830/4830 4829/4829/4829
f 4821/4821/4821 4822/4822/4822 4831/4831/4831
f 4821/4821/4821 4831/4831/4831 4830/4830/4830
f 4823/4823/4823 4824/4824/4824 4833/4833/4833
f 4823/4823/4823 4833/4833/4833 4832/4832/4832
f 4824/4824/4824 4825/4825/4825 4834/4834/4834
f 4824/4824/4824 4834/4834/4834 4833/4833/4833
f 4825/4825/4825 4826/4826/4826 4835/4835/4835
f 4825/4825/4825 4835/4835/4835 4834/4834/4834
f 4826/4826/4826 4827/4827/4827 4836/4836/4836
f 4826/4826/4826 4836/4836/4836 4835/4835/4835
f 4827/4827/4827 4828/4828/4828 4837/4837/4837
f 4827/4827/4827 4837/4837/4837 4836/4836/4836
f 4828/4828/4828 4829/4829/4829 4838/4838/4838
f 4828/4828/4828 4838/4838/4838 4837/4837/4837
f 4829/4829/4829 4830/4830/4830 4839/4839/4839
f 4829/4829/4829 4839/4839/4839 4838/4838/4838
f 4830/4830/4830 4831/4831/4831 4840/4840/4840
f 4830/4830/4830 4840/4840/4840 4839/4839/4839
f 4832/4832/4832 4833/4833/4833 4842/4842/4842
f 4832/4832/4832 4842/4842/4842 4841/4841/4841
f 4833/4833/4833 4834/4834/4834 4843/4843/4843
f 4833/4833/4833 4843/4843/4843 4842/4842/4842
f 4834/4834/4834 4835/4835/4835 4844/4844/4844
f 4834/4834/4834 4844/4844/4844 4843/4843/4843
f 4835/4835/4835 4836/4836/4836 4845/4845/4845
f 4835/4835/4835 4845/4845/4845 4844/4844/4844
f 4836/4836/4836 4837/4837/4837 4846/4846/4846
f 4836/4836/4836 4846/4846/4846 4845/4845/4845
f 4837/4837/4837 4838/4838/4838 4847/4847/4847
f 4837/4837/4837 4847/4847/4847 4846/4846/4846
f 4838/4838/4838 4839/4839/4839 4848/4848/4848
f 4838/4838/4838 4848/4848/4848 4847/4847/4847
f 4839/4839/4839 4840/4840/4840 4849/4849/4849
f 4839/4839/4839 4849/4849/4849 4848/4848/4848
f 4841/4841/4841 4842/4842/4842 4851/4851/4851
f 4841/4841/4841 4851/4851/4851 4850/4850/4850
f 4842/4842/4842 4843/4843/4843 4852/4852/4852
f 4842/4842/4842 4852/4852/4852 4851/4851/4851
f 4843/4843/4843 4844/4844/4844 4853/4853/4853
f 4843/4843/4843 4853/4853/4853 4852/4852/4852
f 4844/4844/4844 4845/4845/4845 4854/4854/4854
f 4844/4844/4844 4854/4854/4854 4853/4853/4853
f 4845/4845/4845 4846/4846/4846 4855/4855/4855
f 4845/4845/4845 4855/4855/4855 4854/4854/4854
f 4846/4846/4846 4847/4847/4847 4856/4856/4856
f 4846/4846/4846 4856/4856/4856 4855/4855/4855
f 4847/4847/4847 4848/4848/4848 4857/4857/4857
f 4847/4847/4847 4857/4857/4857 4856/4856/4856
f 4848/4848/4848 4849/4849/4849 4858/4858/4858
f 4848/4848/4848 4858/4858/4858 4857/4857/4857
f 4859/4859/4859 4860/4860/4860 4869/4869/4869
f 4859/4859/4859 4869/4869/4869 4868/4868/4868
f 4860/4860/4860 4861/4861/4861 4870/4870/4870
f 4860/4860/4860 4870/4870/4870 4869/4869/4869
f 4861/4861/4861 4862/4862/4862 4871/4871/4871
f 4861/4861/4861 4871/4871/4871 4870/4870/4870
f 4862/4862/4862 4863/4863/4863 4872/4872/4872
f 4862/4862/4862 4872/4872/4872 4871/4871/4871
f 4863/4863/4863 4864/4864/4864 4873/4873/4873
f 4863/4863/4863 4873/4873/4873 4872/4872/4872
f 4864/4864/4864 4865/4865/4865 4874/4874/4874
f 4864/4864/4864 4874/4874/4874 4873/4873/4873
f 4865/4865/4865 4866/4866/4866 4875/4875/4875
f 4865/4865/4865 4875/4875/4875 4874/4874/4874
f 4866/4866/4866 4867/4867/4867 4876/4876/4876
f 4866/4866/4866 4876/4876/4876 4875/4875/4875
f 4868/4868/4868 4869/4869/4869 4878/4878/4878
f 4868/4868/4868 4878/4878/4878 4877/4877/4877
f 4869/4869/4869 4870/4870/4870 4879/4879/4879
f 4869/4869/4869 4879/4879/4879 4878/4878/4878
f 4870/4870/4870 4871/4871/4871 4880/4880/4880
f 4870/4870/4870 4880/4880/4880 4879/4879/4879
f 4871/4871/4871 4872/4872/4872 4881/4881/4881
f 4871/4871/4871 4881/4881/4881 4880/4880/4880
f 4872/4872/4872 4873/4873/4873 4882/4882/4882
f 4872/4872/4872 4882/4882/4882 4881/4881/4881
f 4873/4873/4873 4874/4874/4874 4883/4883/4883
f 4873/4873/4873 4883/4883/4883 4882/4882/4882
f 4874/4874/4874 4875/4875/4875 4884/4884/4884
f 4874/4874/4874 4884/4884/4884 4883/4883/4883
f 4875/4875/4875 4876/4876/4876 4885/4885/4885
f 4875/4875/4875 4885/4885/4885 4884/4884/4884
f 4877/4877/4877 4878/4878/4878 4887/4887/4887
f 4877/4877/4877 4887/4887/4887 4886/4886/4886
f 4878/4878/4878 4879/4879/4879 4888/4888/4888
f 4878/4878/4878 4888/4888/4888 4887/4887/4887
f 4879/4879/4879 4880/4880/4880 4889/4889/4889
f 4879/4879/4879 4889/4889/4889 4888/4888/4888
f 4880/4880/4880 4881/4881/4881 4890/4890/4890
f 4880/4880/4880 4890/4890/4890 4889/4889/4889
f 4881/4881/4881 4882/4882/4882 4891/4891/4891
f 4881/4881/4881 4891/4891/4891 4890/4890/4890
f 4882/4882/4882 4883/4883/4883 4892/4892/4892
f 4882/4882/4882 4892/4892/4892 4891/4891/4891
f 4883/4883/4883 4884/4884/4884 4893/4893/4893
f 4883/4883/4883 4893/4893/4893 4892/4892/4892
f 4884/4884/4884 4885/4885/4885 4894/4894/4894
f 4884/4884/4884 4894/4894/4894 4893/4893/4893
f 4886/4886/4886 4887/4887/4887 4896/4896/4896
f 4886/4886/4886 4896/4896/4896 4895/4895/4895
f 4887/4887/4887 4888/4888/4888 4897/4897/4897
f 4887/4887/4887 4897/4897/4897 4896/4896/4896
f 4888/4888/4888 4889/4889/4889 4898/4898/4898
f 4888/4888/4888 4898/4898/4898 4897/4897/4897
f 4889/4889/4889 4890/4890/4890 4899/4899/4899
f 4889/4889/4889 4899/4899/4899 4898/4898/4898
f 4890/4890/4890 4891/4891/4891 4900/4900/4900
f 4890/4890/4890 4900/4900/4900 4899/4899/4899
f 4891/4891/4891 4892/4892/4892 4901/4901/4901
f 4891/4891/4891 4901/4901/4901 4900/4900/4900
f 4892/4892/4892 4893/4893/4893 4902/4902/4902
f 4892/4892/4892 4902/4902/4902 4901/4901/4901
f 4893/4893/4893 4894/4894/4894 4903/4903/4903
f 4893/4893/4893 4903/4903/4903 4902/4902/4902
f 4904/4904/4904 4905/4905/4905 4914/4914/4914
f 4904/4904/4904 4914/4914/4914 4913/4913/4913
f 4905/4905/4905 4906/4906/4906 4915/4915/4915
f 4905/4905/4905 4915/4915/4915 4914/4914/4914
f 4906/4906/4906 4907/4907/4907 4916/4916/4916
f 4906/4906/4906 4916/4916/4916 4915/4915/4915
f 4907/4907/4907 4908/4908/4908 4917/4917/4917
f 4907/4907/4907 4917/4917/4917 4916/4916/4916
f 4908/4908/4908 4909/4909/4909 4918/4918/4918
f 4908/4908/4908 4918/4918/4918 4917/4917/4917
f 4909/4909/4909 4910/4910/4910 4919/4919/4919
f 4909/4909/4909 4919/4919/4919 4918/4918/4918
f 4910/4910/4910 4911/4911/4911 4920/4920/4920
f 4910/4910/4910 4920/4920/4920 4919/4919/4919
f 4911/4911/4911 4912/4912/4912 4921/4921/4921
f 4911/4911/4911 4921/4921/4921 4920/4920/4920
f 4913/4913/4913 4914/4914/4914 4923/4923/4923
f 4913/4913/4913 4923/4923/4923 4922/4922/4922
f 4914/4914/4914 4915/4915/4915 4924/4924/4924
f 4914/4914/4914 4924/4924/4924 4923/4923/4923
f 4915/4915/4915 4916/4916/4916 4925/4925/4925
f 4915/4915/4915 4925/4925/4925 4924/4924/4924
f 4916/4916/4916 4917/4917/4917 4926/4926/4926
f 4916/4916/4916 4926/4926/4926 4925/4925/4925
f 4917/4917/4917 4918/4918/4918 4927/4927/4927
f 4917/4917/4917 4927/4927/4927 4926/4926/4926
f 4918/4918/4918 4919/4919/4919 4928/4928/4928
f 4918/4918/4918 4928/4928/4928 4927/4927/4927
f 4919/4919/4919 4920/4920/4920 4929/4929/4929
f 4919/4919/4919 4929/4929/4929 4928/4928/4928
f 4920/4920/4920 4921/4921/4921 4930/4930/4930
f 4920/4920/4920 4930/4930/4930 4929/4929/4929
f 4922/4922/4922 4923/4923/4923 4932/4932/4932
f 4922/4922/4922 4932/4932/4932 4931/4931/4931
f 4923/4923/4923 4924/4924/4924 4933/4933/4933
f 4923/4923/4923 4933/4933/4933 4932/4932/4932
f 4924/4924/4924 4925/4925/4925 4934/4934/4934
f 4924/4924/4924 4934/4934/4934 4933/4933/4933
f 4925/4925/4925 4926/4926/4926 4935/4935/4935
f 4925/4925/4925 4935/4935/4935 4934/4934/4934
f 4926/4926/4926 4927/4927/4927 4936/4936/4936
f 4926/4926/4926 4936/4936/4936 4935/4935/4935
f 4927/4927/4927 4928/4928/4928 4937/4937/4937
f 4927/4927/4927 4937/4937/4937 4936/4936/4936
f 4928/4928/4928 4929/4929/4929 4938/4938/4938
f 4928/4928/4928 4938/4938/4938 4937/4937/4937
f 4929/4929/4929 4930/4930/4930 4939/4939/4939
f 4929/4929/4929 4939/4939/4939 4938/4938/4938
f 4931/4931/4931 4932/4932/4932 4941/4941/4941
f 4931/4931/4931 4941/4941/4941 4940/4940/4940
f 4932/4932/4932 4933/4933/4933 4942/4942/4942
f 4932/4932/4932 4942/4942/4942 4941/4941/4941
f 4933/4933/4933 4934/4934/4934 4943/4943/4943
f 4933/4933/4933 4943/4943/4943 4942/4942/4942
f 4934/4934/4934 4935/4935/4935 4944/4944/4944
f 4934/4934/4934 4944/4944/4944 4943/4943/4943
f 4935/4935/4935 4936/4936/4936 4945/4945/4945
f 4935/4935/4935 4945/4945/4945 4944/4944/4944
f 4936/4936/4936 4937/4937/4937 4946/4946/4946
f 4936/4936/4936 4946/4946/4946 4945/4945/4945
f 4937/4937/4937 4938/4938/4938 4947/4947/4947
f 4937/4937/4937 4947/4947/4947 4946/4946/4946
f 4938/4938/4938 4939/4939/4939 4948/4948/4948
f 4938/4938/4938 4948/4948/4948 4947/4947/4947
f 4949/4949/4949 4950/4950/4950 4959/4959/4959
f 4949/4949/4949 4959/4959/4959 4958/4958/4958
f 4950/4950/4950 4951/4951/4951 4960/4960/4960
f 4950/4950/4950 4960/4960/4960 4959/4959/4959
f 4951/4951/4951 4952/4952/4952 4961/4961/4961
f 4951/4951/4951 4961/4961/4961 4960/4960/4960
f 4952/4952/4952 4953/4953/4953 4962/4962/4962
f 4952/4952/4952 4962/4962/4962 4961/4961/4961
f 4953/4953/4953 4954/4954/4954 4963/4963/4963
f 4953/4953/4953 4963/4963/4963 4962/4962/4962
f 4954/4954/4954 4955/4955/4955 4964/4964/4964
f 4954/4954/4954 4964/4964/4964 4963/4963/4963
f 4955/4955/4955 4956/4956/4956 4965/4965/4965
f 4955/4955/4955 4965/4965/4965 4964/4964/4964
f 4956/4956/4956 4957/4957/4957 4966/4966/4966
f 4956/4956/4956 4966/4966/4966 4965/4965/4965
f 4958/4958/4958 4959/4959/4959 4968/4968/4968
f 4958/4958/4958 4968/4968/4968 4967/4967/4967
f 4959/4959/4959 4960/4960/4960 4969/4969/4969
f 4959/4959/4959 4969/4969/4969 4968/4968/4968
f 4960/4960/4960 4961/4961/4961 4970/4970/4970
f 4960/4960/4960 4970/4970/4970 4969/4969/4969
f 4961/4961/4961 4962/4962/4962 4971/4971/4971
f 4961/4961/4961 4971/4971/4971 4970/4970/4970
f 4962/4962/4962 4963/4963/4963 4972/4972/4972
f 4962/4962/4962 4972/4972/4972 4971/4971/4971
f 4963/4963/4963 4964/4964/4964 4973/4973/4973
f 4963/4963/4963 4973/4973/4973 4972/4972/4972
f 4964/4964/4964 4965/4965/4965 4974/4974/4974
f 4964/4964/4964 4974/4974/4974 4973/4973/4973
f 4965/4965/4965 4966/4966/4966 4975/4975/4975
f 4965/4965/4965 4975/4975/4975 4974/4974/4974
f 4967/4967/4967 4968/4968/4968 4977/4977/4977
f 4967/4967/4967 4977/4977/4977 4976/4976/4976
f 4968/4968/4968 4969/4969/4969 4978/4978/4978
f 4968/4968/4968 4978/4978/4978 4977/4977/4977
f 4969/4969/4969 4970/4970/4970 4979/4979/4979
f 4969/4969/4969 4979/4979/4979 4978/4978/4978
f 4970/4970/4970 4971/4971/4971 4980/4980/4980
f 4970/4970/4970 4980/4980/4980 4979/4979/4979
f 4971/4971/4971 4972/4972/4972 4981/4981/4981
f 4971/4971/4971 4981/4981/4981 4980/4980/4980
f 4972/4972/4972 4973/4973/4973 4982/4982/4982
f 4972/4972/4972 4982/4982/4982 4981/4981/4981
f 4973/4973/4973 4974/4974/4974 4983/4983/4983
f 4973/4973/4973 4983/4983/4983 4982/4982/4982
f 4974/4974/4974 4975/4975/4975 4984/4984/4984
f 4974/4974/4974 4984/4984/4984 4983/4983/4983
f 4976/4976/4976 4977/4977/4977 4986/4986/4986
f 4976/4976/4976 4986/4986/4986 4985/4985/4985
f 4977/4977/4977 4978/4978/4978 4987/4987/4987
f 4977/4977/4977 4987/4987/4987 4986/4986/4986
f 4978/4978/4978 4979/4979/4979 4988/4988/4988
f 4978/4978/4978 4988/4988/4988 4987/4987/4987
f 4979/4979/4979 4980/4980/4980 4989/4989/4989
f 4979/4979/4979 4989/4989/4989 4988/4988/4988
f 4980/4980/4980 4981/4981/4981 4990/4990/4990
f 4980/4980/4980 4990/4990/4990 4989/4989/4989
f 4981/4981/4981 4982/4982/4982 4991/4991/4991
f 4981/4981/4981 4991/4991/4991 4990/4990/4990
f 4982/4982/4982 4983/4983/4983 4992/4992/4992
f 4982/4982/4982 4992/4992/4992 4991/4991/4991
f 4983/4983/4983 4984/4984/4984 4993/4993/4993
f 4983/4983/4983 4993/4993/4993 4992/4992/4992
f 4994/4994/4994 4995/4995/4995 5002/5002/5002
f 4994/4994/4994 5002/5002/5002 5001/5001/5001
f 4995/4995/4995 4996/4996/4996 5003/5003/5003
f 4995/4995/4995 5003/5003/5003 5002/5002/5002
f 4996/4996/4996 4997/4997/4997 5004/5004/5004
f 4996/4996/4996 5004/5004/5004 5003/5003/5003
f 4997/4997/4997 4998/4998/4998 5005/5005/5005
f 4997/4997/4997 5005/5005/5005 5004/5004/5004
f 4998/4998/4998 4999/4999/4999 5006/5006/5006
f 4998/4998/4998 5006/5006/5006 5005/5005/5005
f 4999/4999/4999 5000/5000/5000 5007/5007/5007
f 4999/4999/4999 5007/5007/5007 5006/5006/5006
f 5001/5001/5001 5002/5002/5002 5009/5009/5009
f 5001/5001/5001 5009/5009/5009 5008/5008/5008
f 5002/5002/5002 5003/5003/5003 5010/5010/5010
f 5002/5002/5002 5010/5010/5010 5009/5009/5009
f 5003/5003/5003 5004/5004/5004 5011/5011/5011
f 5003/5003/5003 5011/5011/5011 5010/5010/5010
f 5004/5004/5004 5005/5005/5005 5012/5012/5012
f 5004/5004/5004 5012/5012/5012 5011/5011/5011
f 5005/5005/5005 5006/5006/5006 5013/5013/5013
f 5005/5005/5005 5013/5013/5013 5012/5012/5012
f 5006/5006/5006 5007/5007/5007 5014/5014/5014
f 5006/5006/5006 5014/5014/5014 5013/5013/5013
f 5008/5008/5008 5009/5009/5009 5016/5016/5016
f 5008/5008/5008 5016/5016/5016 5015/5015/5015
f 5009/5009/5009 5010/5010/5010 5017/5017/5017
f 5009/5009/5009 5017/5017/5017 5016/5016/5016
f 5010/5010/5010 5011/5011/5011 5018/5018/5018
f 5010/5010/5010 5018/5018/5018 5017/5017/5017
f 5011/5011/5011 5012/5012/5012 5019/5019/5019
f 5011/5011/5011 5019/5019/5019 5018/5018/5018
f 5012/5012/5012 5013/5013/5013 5020/5020/5020
f 5012/5012/5012 5020/5020/5020 5019/5019/5019
f 5013/5013/5013 5014/5014/5014 5021/5021/5021
f 5013/5013/5013 5021/5021/5021 5020/5020/5020
f 5015/5015/5015 5016/5016/5016 5023/5023/5023
f 5015/5015/5015 5023/5023/5023 5022/5022/5022
f 5016/5016/5016 5017/5017/5017 5024/5024/5024
f 5016/5016/5016 5024/5024/5024 5023/5023/5023
f 5017/5017/5017 5018/5018/5018 5025/5025/5025
f 5017/5017/5017 5025/5025/5025 5024/5024/5024
f 5018/5018/5018 5019/5019/5019 5026/5026/5026
f 5018/5018/5018 5026/5026/5026 5025/5025/5025
f 5019/5019/5019 5020/5020/5020 5027/5027/5027
f 5019/5019/5019 5027/5027/5027 5026/5026/5026
f 5020/5020/5020 5021/5021/5021 5028/5028/5028
f 5020/5020/5020 5028/5028/5028 5027/5027/5027
f 5029/5029/5029 5030/5030/5030 5039/5039/5039
f 5029/5029/5029 5039/5039/5039 5038/5038/5038
f 5030/5030/5030 5031/5031/5031 5040/5040/5040
f 5030/5030/5030 5040/5040/5040 5039/5039/5039
f 5031/5031/5031 5032/5032/5032 5041/5041/5041
f 5031/5031/5031 5041/5041/5041 5040/5040/5040
f 5032/5032/5032 5033/5033/5033 5042/5042/5042
f 5032/5032/5032 5042/5042/5042 5041/5041/5041
f 5033/5033/5033 5034/5034/5034 5043/5043/5043
f 5033/5033/5033 5043/5043/5043 5042/5042/5042
f 5034/5034/5034 5035/5035/5035 5044/5044/5044
f 5034/5034/5034 5044/5044/5044 5043/5043/5043
f 5035/5035/5035 5036/5036/5036 5045/5045/5045
f 5035/5035/5035 5045/5045/5045 5044/5044/5044
f 5036/5036/5036 5037/5037/5037 5046/5046/5046
f 5036/5036/5036 5046/5046/5046 5045/5045/5045
f 5038/5038/5038 5039/5039/5039 5048/5048/5048
f 5038/5038/5038 5048/5048/5048 5047/5047/5047
f 5039/5039/5039 5040/5040/5040 5049/5049/5049
f 5039/5039/5039 5049/5049/5049 5048/5048/5048
f 5040/5040/5040 5041/5041/5041 5050/5050/5050
f 5040/5040/5040 5050/5050/5050 5049/5049/5049
f 5041/5041/5041 5042/5042/5042 5051/5051/5051
f 5041/5041/5041 5051/5051/5051 5050/5050/5050
f 5042/5042/5042 5043/5043/5043 5052/5052/5052
f 5042/5042/5042 5052/5052/5052 5051/5051/5051
f 5043/5043/5043 5044/5044/5044 5053/5053/5053
f 5043/5043/5043 5053/5053/5053 5052/5052/5052
f 5044/5044/5044 5045/5045/5045 5054/5054/5054
f 5044/5044/5044 5054/5054/5054 5053/5053/5053
f 5045/5045/5045 5046/5046/5046 5055/5055/5055
f 5045/5045/5045 5055/5055/5055 5054/5054/5054
f 5047/5047/5047 5048/5048/5048 5057/5057/5057
f 5047/5047/5047 5057/5057/5057 5056/5056/5056
f 5048/5048/5048 5049/5049/5049 5058/5058/5058
f 5048/5048/5048 5058/5058/5058 5057/5057/5057
f 5049/5049/5049 5050/5050/5050 5059/5059/5059
f 5049/5049/5049 5059/5059/5059 5058/5058/5058
f 5050/5050/5050 5051/5051/5051 5060/5060/5060
f 5050/5050/5050 5060/5060/5060 5059/5059/5059
f 5051/5051/5051 5052/5052/5052 5061/5061/5061
f 5051/5051/5051 5061/5061/5061 5060/5060/5060
f 5052/5052/5052 5053/5053/5053 5062/5062/5062
f 5052/5052/5052 5062/5062/5062 5061/5061/5061
f 5053/5053/5053 5054/5054/5054 5063/5063/5063
f 5053/5053/5053 5063/5063/5063 5062/5062/5062
f 5054/5054/5054 5055/5055/5055 5064/5064/5064
f 5054/5054/5054 5064/5064/5064 5063/5063/5063
f 5056/5056/5056 5057/5057/5057 5066/5066/5066
f 5056/5056/5056 5066/5066/5066 5065/5065/5065
f 5057/5057/5057 5058/5058/5058 5067/5067/5067
f 5057/5057/5057 5067/5067/5067 5066/5066/5066
f 5058/5058/5058 5059/5059/5059 5068/5068/5068
f 5058/5058/5058 5068/5068/5068 5067/5067/5067
f 5059/5059/5059 5060/5060/5060 5069/5069/5069
f 5059/5059/5059 5069/5069/5069 5068/5068/5068
f 5060/5060/5060 5061/5061/5061 5070/5070/5070
f 5060/5060/5060 5070/5070/5070 5069/5069/5069
f 5061/5061/5061 5062/5062/5062 5071/5071/5071
f 5061/5061/5061 5071/5071/5071 5070/5070/5070
f 5062/5062/5062 5063/5063/5063 5072/5072/5072
f 5062/5062/5062 5072/5072/5072 5071/5071/5071
f 5063/5063/5063 5064/5064/5064 5073/5073/5073
f 5063/5063/5063 5073/5073/5073 5072/5072/5072
f 5074/5074/5074 5075/5075/5075 5084/5084/5084
f 5074/5074/5074 5084/5084/5084 5083/5083/5083
f 5075/5075/5075 5076/5076/5076 5085/5085/5085
f 5075/5075/5075 5085/5085/5085 5084/5084/5084
f 5076/5076/5076 5077/5077/5077 5086/5086/5086
f 5076/5076/5076 5086/5086/5086 5085/5085/5085
f 5077/5077/5077 5078/5078/5078 5087/5087/5087
f 5077/5077/5077 5087/5087/5087 5086/5086/5086
f 5078/5078/5078 5079/5079/5079 5088/5088/5088
f 5078/5078/5078 5088/5088/5088 5087/5087/5087
f 5079/5079/5079 5080/5080/5080 5089/5089/5089
f 5079/5079/5079 5089/5089/5089 5088/5088/5088
f 5080/5080/5080 5081/5081/5081 5090/5090/5090
f 5080/5080/5080 5090/5090/5090 5089/5089/5089
f 5081/5081/5081 5082/5082/5082 5091/5091/5091
f 5081/5081/5081 5091/5091/5091 5090/5090/5090
f 5083/5083/5083 5084/5084/5084 5093/5093/5093
f 5083/5083/5083 5093/5093/5093 5092/5092/5092
f 5084/5084/5084 5085/5085/5085 5094/5094/5094
f 5084/5084/5084 5094/5094/5094 5093/5093/5093
f 5085/5085/5085 5086/5086/5086 5095/5095/5095
f 5085/5085/5085 5095/5095/5095 5094/5094/5094
f 5086/5086/5086 5087/5087/5087 5096/5096/5096
f 5086/5086/5086 5096/5096/5096 5095/5095/5095
f 5087/5087/5087 5088/5088/5088 5097/5097/5097
f 5087/5087/5087 5097/5097/5097 5096/5096/5096
f 5088/5088/5088 5089/5089/5089 5098/5098/5098
f 5088/5088/5088 5098/5098/5098 5097/5097/5097
f 5089/5089/5089 5090/5090/5090 5099/5099/5099
f 5089/5089/5089 5099/5099/5099 5098/5098/5098
f 5090/5090/5090 5091/5091/5091 5100/5100/5100
f 5090/5090/5090 5100/5100/5100 5099/5099/5099
f 5092/5092/5092 5093/5093/5093 5102/5102/5102
f 5092/5092/5092 5102/5102/5102 5101/5101/5101
f 5093/5093/5093 5094/5094/5094 5103/5103/5103
f 5093/5093/5093 5103/5103/5103 5102/5102/5102
f 5094/5094/5094 5095/5095/5095 5104/5104/5104
f 5094/5094/5094 5104/5104/5104 5103/5103/5103
f 5095/5095/5095 5096/5096/5096 5105/5105/5105
f 5095/5095/5095 5105/5105/5105 5104/5104/5104
f 5096/5096/5096 5097/5097/5097 5106/5106/5106
f 5096/5096/5096 5106/5106/5106 5105/5105/5105
f 5097/5097/5097 5098/5098/5098 5107/5107/5107
f 5097/5097/5097 5107/5107/5107 5106/5106/5106
f 5098/5098/5098 5099/5099/5099 5108/5108/5108
f 5098/5098/5098 5108/5108/5108 5107/5107/5107
f 5099/5099/5099 5100/5100/5100 5109/5109/5109
f 5099/5099/5099 5109/5109/5109 5108/5108/5108
f 5101/5101/5101 5102/5102/5102 5111/5111/5111
f 5101/5101/5101 5111/5111/5111 5110/5110/5110
f 5102/5102/5102 5103/5103/5103 5112/5112/5112
f 5102/5102/5102 5112/5112/5112 5111/5111/5111
f 5103/5103/5103 5104/5104/5104 5113/5113/5113
f 5103/5103/5103 5113/5113/5113 5112/5112/5112
f 5104/5104/5104 5105/5105/5105 5114/5114/5114
f 5104/5104/5104 5114/5114/5114 5113/5113/5113
f 5105/5105/5105 5106/5106/5106 5115/5115/5115
f 5105/5105/5105 5115/5115/5115 5114/5114/5114
f 5106/5106/5106 5107/5107/5107 5116/5116/5116
f 5106/5106/5106 5116/5116/5116 5115/5115/5115
f 5107/5107/5107 5108/5108/5108 5117/5117/5117
f 5107/5107/5107 5117/5117/5117 5116/5116/5116
f 5108/5108/5108 5109/5109/5109 5118/5118/5118
f 5108/5108/5108 5118/5118/5118 5117/5117/5117
f 5119/5119/5119 5120/5120/5120 5129/5129/5129
f 5119/5119/5119 5129/5129/5129 5128/5128/5128
f 5120/5120/5120 5121/5121/5121 5130/5130/5130
f 5120/5120/5120 5130/5130/5130 5129/5129/5129
f 5121/5121/5121 5122/5122/5122 5131/5131/5131
f 5121/5121/5121 5131/5131/5131 5130/5130/5130
f 5122/5122/5122 5123/5123/5123 5132/5132/5132
f 5122/5122/5122 5132/5132/5132 5131/5131/5131
f 5123/5123/5123 5124/5124/5124 5133/5133/5133
f 5123/5123/5123 5133/5133/5133 5132/5132/5132
f 5124/5124/5124 5125/5125/5125 5134/5134/5134
f 5124/5124/5124 5134/5134/5134 5133/5133/5133
f 5125/5125/5125 5126/5126/5126 5135/5135/5135
f 5125/5125/5125 5135/5135/5135 5134/5134/5134
f 5126/5126/5126 5127/5127/5127 5136/5136/5136
f 5126/5126/5126 5136/5136/5136 5135/5135/5135
f 5128/5128/5128 5129/5129/5129 5138/5138/5138
f 5128/5128/5128 5138/5138/5138 5137/5137/5137
f 5129/5129/5129 5130/5130/5130 5139/5139/5139
f 5129/5129/5129 5139/5139/5139 5138/5138/5138
f 5130/5130/5130 5131/5131/5131 5140/5140/5140
f 5130/5130/5130 5140/5140/5140 5139/5139/5139
f 5131/5131/5131 5132/5132/5132 5141/5141/5141
f 5131/5131/5131 5141/5141/5141 5140/5140/5140
f 5132/5132/5132 5133/5133/5133 5142/5142/5142
f 5132/5132/5132 5142/5142/5142 5141/5141/5141
f 5133/5133/5133 5134/5134/5134 5143/5143/5143
f 5133/5133/5133 5143/5143/5143 5142/5142/5142
f 5134/5134/5134 5135/5135/5135 5144/5144/5144
f 5134/5134/5134 5144/5144/5144 5143/5143/5143
f 5135/5135/5135 5136/5136/5136 5145/5145/5145
f 5135/5135/5135 5145/5145/5145 5144/5144/5144
f 5137/5137/5137 5138/5138/5138 5147/5147/5147
f 5137/5137/5137 5147/5147/5147 5146/5146/5146
f 5138/5138/5138 5139/5139/5139 5148/5148/5148
f 5138/5138/5138 5148/5148/5148 5147/5147/5147
f 5139/5139/5139 5140/5140/5140 5149/5149/5149
f 5139/5139/5139 5149/5149/5149 5148/5148/5148
f 5140/5140/5140 5141/5141/5141 5150/5150/5150
f 5140/5140/5140 5150/5150/5150 5149/5149/5149
f 5141/5141/5141 5142/5142/5142 5151/5151/5151
f 5141/5141/5141 5151/5151/5151 5150/5150/5150
f 5142/5142/5142 5143/5143/5143 5152/5152/5152
f 5142/5142/5142 5152/5152/5152 5151/5151/5151
f 5143/5143/5143 5144/5144/5144 5153/5153/5153
f 5143/5143/5143 5153/5153/5153 5152/5152/5152
f 5144/5144/5144 5145/5145/5145 5154/5154/5154
f 5144/5144/5144 5154/5154/5154 5153/5153/5153
f 5146/5146/5146 5147/5147/5147 5156/5156/5156
f 5146/5146/5146 5156/5156/5156 5155/5155/5155
f 5147/5147/5147 5148/5148/5148 5157/5157/5157
f 5147/5147/5147 5157/5157/5157 5156/5156/5156
f 5148/5148/5148 5149/5149/5149 5158/5158/5158
f 5148/5148/5148 5158/5158/5158 5157/5157/5157
f 5149/5149/5149 5150/5150/5150 5159/5159/5159
f 5149/5149/5149 5159/5159/5159 5158/5158/5158
f 5150/5150/5150 5151/5151/5151 5160/5160/5160
f 5150/5150/5150 5160/5160/5160 5159/5159/5159
f 5151/5151/5151 5152/5152/5152 5161/5161/5161
f 5151/5151/5151 5161/5161/5161 5160/5160/5160
f 5152/5152/5152 5153/5153/5153 5162/5162/5162
f 5152/5152/5152 5162/5162/5162 5161/5161/5161
f 5153/5153/5153 5154/5154/5154 5163/5163/5163
f 5153/5153/5153 5163/5163/5163 5162/5162/5162
f 5164/5164/5164 5165/5165/5165 5174/5174/5174
f 5164/5164/5164 5174/5174/5174 5173/5173/5173
f 5165/5165/5165 5166/5166/5166 5175/5175/5175
f 5165/5165/5165 5175/5175/5175 5174/5174/5174
f 5166/5166/5166 5167/5167/5167 5176/5176/5176
f 5166/5166/5166 5176/5176/5176 5175/5175/5175
f 5167/5167/5167 5168/5168/5168 5177/5177/5177
f 5167/5167/5167 5177/5177/5177 5176/5176/5176
f 5168/5168/5168 5169/5169/5169 5178/5178/5178
f 5168/5168/5168 5178/5178/5178 5177/5177/5177
f 5169/5169/5169 5170/5170/5170 5179/5179/5179
f 5169/5169/5169 5179/5179/5179 5178/5178/5178
f 5170/5170/5170 5171/5171/5171 5180/5180/5180
f 5170/5170/5170 5180/5180/5180 5179/5179/5179
f 5171/5171/5171 5172/5172/5172 5181/5181/5181
f 5171/5171/5171 5181/5181/5181 5180/5180/5180
f 5173/5173/5173 5174/5174/5174 5183/5183/5183
f 5173/5173/5173 5183/5183/5183 5182/5182/5182
f 5174/5174/5174 5175/5175/5175 5184/5184/5184
f 5174/5174/5174 5184/5184/5184 5183/5183/5183
f 5175/5175/5175 5176/5176/5176 5185/5185/5185
f 5175/5175/5175 5185/5185/5185 5184/5184/5184
f 5176/5176/5176 5177/5177/5177 5186/5186/5186
f 5176/5176/5176 5186/5186/5186 5185/5185/5185
f 5177/5177/5177 5178/5178/5178 5187/5187/5187
f 5177/5177/5177 5187/5187/5187 5186/5186/5186
f 5178/5178/5178 5179/5179/5179 5188/5188/5188
f 5178/5178/5178 5188/5188/5188 5187/5187/5187
f 5179/5179/5179 5180/5180/5180 5189/5189/5189
f 5179/5179/5179 5189/5189/5189 5188/5188/5188
f 5180/5180/5180 5181/5181/5181 5190/5190/5190
f 5180/5180/5180 5190/5190/5190 5189/5189/5189
f 5182/5182/5182 5183/5183/5183 5192/5192/5192
f 5182/5182/5182 5192/5192/5192 5191/5191/5191
f 5183/5183/5183 5184/5184/5184 5193/5193/5193
f 5183/5183/5183 5193/5193/5193 5192/5192/5192
f 5184/5184/5184 5185/5185/5185 5194/5194/5194
f 5184/5184/5184 5194/5194/5194 5193/5193/5193
f 5185/5185/5185 5186/5186/5186 5195/5195/5195
f 5185/5185/5185 5195/5195/5195 5194/5194/5194
f 5186/5186/5186 5187/5187/5187 5196/5196/5196
f 5186/5186/5186 5196/5196/5196 5195/5195/5195
f 5187/5187/5187 5188/5188/5188 5197/5197/5197
f 5187/5187/5187 5197/5197/5197 5196/5196/5196
f 5188/5188/5188 5189/5189/5189 5198/5198/5198
f 5188/5188/5188 5198/5198/5198 5197/5197/5197
f 5189/5189/5189 5190/5190/5190 5199/5199/5199
f 5189/5189/5189 5199/5199/5199 5198/5198/5198
f 5191/5191/5191 5192/5192/5192 5201/5201/5201
f 5191/5191/5191 5201/5201/5201 5200/5200/5200
f 5192/5192/5192 5193/5193/5193 5202/5202/5202
f 5192/5192/5192 5202/5202/5202 5201/5201/5201
f 5193/5193/5193 5194/5194/5194 5203/5203/5203
f 5193/5193/5193 5203/5203/5203 5202/5202/5202
f 5194/5194/5194 5195/5195/5195 5204/5204/5204
f 5194/5194/5194 5204/5204/5204 5203/5203/5203
f 5195/5195/5195 5196/5196/5196 5205/5205/5205
f 5195/5195/5195 5205/5205/5205 5204/5204/5204
f 5196/5196/5196 5197/5197/5197 5206/5206/5206
f 5196/5196/5196 5206/5206/5206 5205/5205/5205
f 5197/5197/5197 5198/5198/5198 5207/5207/5207
f 5197/5197/5197 5207/5207/5207 5206/5206/5206
f 5198/5198/5198 5199/5199/5199 5208/5208/5208
f 5198/5198/5198 5208/5208/5208 5207/5207/5207
f 5209/5209/5209 5210/5210/5210 5219/5219/5219
f 5209/5209/5209 5219/5219/5219 5218/5218/5218
f 5210/5210/5210 5211/5211/5211 5220/5220/5220
f 5210/5210/5210 5220/5220/5220 5219/5219/5219
f 5211/5211/5211 5212/5212/5212 5221/5221/5221
f 5211/5211/5211 5221/5221/5221 5220/5220/5220
f 5212/5212/5212 5213/5213/5213 5222/5222/5222
f 5212/5212/5212 5222/5222/5222 5221/5221/5221
f 5213/5213/5213 5214/5214/5214 5223/5223/5223
f 5213/5213/5213 5223/5223/5223 5222/5222/5222
f 5214/5214/5214 5215/5215/5215 5224/5224/5224
f 5214/5214/5214 5224/5224/5224 5223/5223/5223
f 5215/5215/5215 5216/5216/5216 5225/5225/5225
f 5215/5215/5215 5225/5225/5225 5224/5224/5224
f 5216/5216/5216 5217/5217/5217 5226/5226/5226
f 5216/5216/5216 5226/5226/5226 5225/5225/5225
f 5218/5218/5218 5219/5219/5219 5228/5228/5228
f 5218/5218/5218 5228/5228/5228 5227/5227/5227
f 5219/5219/5219 5220/5220/5220 5229/5229/5229
f 5219/5219/5219 5229/5229/5229 5228/5228/5228
f 5220/5220/5220 5221/5221/5221 5230/5230/5230
f 5220/5220/5220 5230/5230/5230 5229/5229/5229
f 5221/5221/5221 5222/5222/5222 5231/5231/5231
f 5221/5221/5221 5231/5231/5231 5230/5230/5230
f 5222/5222/5222 5223/5223/5223 5232/5232/5232
f 5222/5222/5222 5232/5232/5232 5231/5231/5231
f 5223/5223/5223 5224/5224/5224 5233/5233/5233
f 5223/5223/5223 5233/5233/5233 5232/5232/5232
f 5224/5224/5224 5225/5225/5225 5234/5234/5234
f 5224/5224/5224 5234/5234/5234 5233/5233/5233
f 5225/5225/5225 5226/5226/5226 5235/5235/5235
f 5225/5225/5225 5235/5235/5235 5234/5234/5234
f 5227/5227/5227 5228/5228/5228 5237/5237/5237
f 5227/5227/5227 5237/5237/5237 5236/5236/5236
f 5228/5228/5228 5229/5229/5229 5238/5238/5238
f 5228/5228/5228 5238/5238/5238 5237/5237/5237
f 5229/5229/5229 5230/5230/5230 5239/5239/5239
f 5229/5229/5229 5239/5239/5239 5238/5238/5238
f 5230/5230/5230 5231/5231/5231 5240/5240/5240
f 5230/5230/5230 5240/5240/5240 5239/5239/5239
f 5231/5231/5231 5232/5232/5232 5241/5241/5241
f 5231/5231/5231 5241/5241/5241 5240/5240/5240
f 5232/5232/5232 5233/5233/5233 5242/5242/5242
f 5232/5232/5232 5242/5242/5242 5241/5241/5241
f 5233/5233/5233 5234/5234/5234 5243/5243/5243
f 5233/5233/5233 5243/5243/5243 5242/5242/5242
f 5234/5234/5234 5235/5235/5235 5244/5244/5244
f 5234/5234/5234 5244/5244/5244 5243/5243/5243
f 5236/5236/5236 5237/5237/5237 5246/5246/5246
f 5236/5236/5236 5246/5246/5246 5245/5245/5245
f 5237/5237/5237 5238/5238/5238 5247/5247/5247
f 5237/5237/5237 5247/5247/5247 5246/5246/5246
f 5238/5238/5238 5239/5239/5239 5248/5248/5248
f 5238/5238/5238 5248/5248/5248 5247/5247/5247
f 5239/5239/5239 5240/5240/5240 5249/5249/5249
f 5239/5239/5239 5249/5249/5249 5248/5248/5248
f 5240/5240/5240 5241/5241/5241 5250/5250/5250
f 5240/5240/5240 5250/5250/5250 5249/5249/5249
f 5241/5241/5241 5242/5242/5242 5251/5251/5251
f 5241/5241/5241 5251/5251/5251 5250/5250/5250
f 5242/5242/5242 5243/5243/5243 5252/5252/5252
f 5242/5242/5242 5252/5252/5252 5251/5251/5251
f 5243/5243/5243 5244/5244/5244 5253/5253/5253
f 5243/5243/5243 5253/5253/5253 5252/5252/5252
f 5254/5254/5254 5255/5255/5255 5262/5262/5262
f 5254/5254/5254 5262/5262/5262 5261/5261/5261
f 5255/5255/5255 5256/5256/5256 5263/5263/5263
f 5255/5255/5255 5263/5263/5263 5262/5262/5262
f 5256/5256/5256 5257/5257/5257 5264/5264/5264
f 5256/5256/5256 5264/5264/5264 5263/5263/5263
f 5257/5257/5257 5258/5258/5258 5265/5265/5265
f 5257/5257/5257 5265/5265/5265 5264/5264/5264
f 5258/5258/5258 5259/5259/5259 5266/5266/5266
f 5258/5258/5258 5266/5266/5266 5265/5265/5265
f 5259/5259/5259 5260/5260/5260 5267/5267/5267
f 5259/5259/5259 5267/5267/5267 5266/5266/5266
f 5261/5261/5261 5262/5262/5262 5269/5269/5269
f 5261/5261/5261 5269/5269/5269 5268/5268/5268
f 5262/5262/5262 5263/5263/5263 5270/5270/5270
f 5262/5262/5262 5270/5270/5270 5269/5269/5269
f 5263/5263/5263 5264/5264/5264 5271/5271/5271
f 5263/5263/5263 5271/5271/5271 5270/5270/5270
f 5264/5264/5264 5265/5265/5265 5272/5272/5272
f 5264/5264/5264 5272/5272/5272 5271/5271/5271
f 5265/5265/5265 5266/5266/5266 5273/5273/5273
f 5265/5265/5265 5273/5273/5273 5272/5272/5272
f 5266/5266/5266 5267/5267/5267 5274/5274/5274
f 5266/5266/5266 5274/5274/5274 5273/5273/5273
f 5268/5268/5268 5269/5269/5269 5276/5276/5276
f 5268/5268/5268 5276/5276/5276 5275/5275/5275
f 5269/5269/5269 5270/5270/5270 5277/5277/5277
f 5269/5269/5269 5277/5277/5277 5276/5276/5276
f 5270/5270/5270 5271/5271/5271 5278/5278/5278
f 5270/5270/5270 5278/5278/5278 5277/5277/5277
f 5271/5271/5271 5272/5272/5272 5279/5279/5279
f 5271/5271/5271 5279/5279/5279 5278/5278/5278
f 5272/5272/5272 5273/5273/5273 5280/5280/5280
f 5272/5272/5272 5280/5280/5280 5279/5279/5279
f 5273/5273/5273 5274/5274/5274 5281/5281/5281
f 5273/5273/5273 5281/5281/5281 5280/5280/5280
f 5275/5275/5275 5276/5276/5276 5283/5283/5283
f 5275/5275/5275 5283/5283/5283 5282/5282/5282
f 5276/5276/5276 5277/5277/5277 5284/5284/5284
f 5276/5276/5276 5284/5284/5284 5283/5283/5283
f 5277/5277/5277 5278/5278/5278 5285/5285/5285
f 5277/5277/5277 5285/5285/5285 5284/5284/5284
f 5278/5278/5278 5279/5279/5279 5286/5286/5286
f 5278/5278/5278 5286/5286/5286 5285/5285/5285
f 5279/5279/5279 5280/5280/5280 5287/5287/5287
f 5279/5279/5279 5287/5287/5287 5286/5286/5286
f 5280/5280/5280 5281/5281/5281 5288/5288/5288
f 5280/5280/5280 5288/5288/5288 5287/5287/5287
f 5289/5289/5289 5290/5290/5290 5299/5299/5299
f 5289/5289/5289 5299/5299/5299 5298/5298/5298
f 5290/5290/5290 5291/5291/5291 5300/5300/5300
f 5290/5290/5290 5300/5300/5300 5299/5299/5299
f 5291/5291/5291 5292/5292/5292 5301/5301/5301
f 5291/5291/5291 5301/5301/5301 5300/5300/5300
f 5292/5292/5292 5293/5293/5293 5302/5302/5302
f 5292/5292/5292 5302/5302/5302 5301/5301/5301
f 5293/5293/5293 5294/5294/5294 5303/5303/5303
f 5293/5293/5293 5303/5303/5303 5302/5302/5302
f 5294/5294/5294 5295/5295/5295 5304/5304/5304
f 5294/5294/5294 5304/5304/5304 5303/5303/5303
f 5295/5295/5295 5296/5296/5296 5305/5305/5305
f 5295/5295/5295 5305/5305/5305 5304/5304/5304
f 5296/5296/5296 5297/5297/5297 5306/5306/5306
f 5296/5296/5296 5306/5306/5306 5305/5305/5305
f 5298/5298/5298 5299/5299/5299 5308/5308/5308
f 5298/5298/5298 5308/5308/5308 5307/5307/5307
f 5299/5299/5299 5300/5300/5300 5309/5309/5309
f 5299/5299/5299 5309/5309/5309 5308/5308/5308
f 5300/5300/5300 5301/5301/5301 5310/5310/5310
f 5300/5300/5300 5310/5310/5310 5309/5309/5309
f 5301/5301/5301 5302/5302/5302 5311/5311/5311
f 5301/5301/5301 5311/5311/5311 5310/5310/5310
f 5302/5302/5302 5303/5303/5303 5312/5312/5312
f 5302/5302/5302 5312/5312/5312 5311/5311/5311
f 5303/5303/5303 5304/5304/5304 5313/5313/5313
f 5303/5303/5303 5313/5313/5313 5312/5312/5312
f 5304/5304/5304 5305/5305/5305 5314/5314/5314
f 5304/5304/5304 5314/5314/5314 5313/5313/5313
f 5305/5305/5305 5306/5306/5306 5315/5315/5315
f 5305/5305/5305 5315/5315/5315 5314/5314/5314
f 5307/5307/5307 5308/5308/5308 5317/5317/5317
f 5307/5307/5307 5317/5317/5317 5316/5316/5316
f 5308/5308/5308 5309/5309/5309 5318/5318/5318
f 5308/5308/5308 5318/5318/5318 5317/5317/5317
f 5309/5309/5309 5310/5310/5310 5319/5319/5319
f 5309/5309/5309 5319/5319/5319 5318/5318/5318
f 5310/5310/5310 5311/5311/5311 5320/5320/5320
f 5310/5310/5310 5320/5320/5320 5319/5319/5319
f 5311/5311/5311 5312/5312/5312 5321/5321/5321
f 5311/5311/5311 5321/5321/5321 5320/5320/5320
f 5312/5312/5312 5313/5313/5313 5322/5322/5322
f 5312/5312/5312 5322/5322/5322 5321/5321/5321
f 5313/5313/5313 5314/5314/5314 5323/5323/5323
f 5313/5313/5313 5323/5323/5323 5322/5322/5322
f 5314/5314/5314 5315/5315/5315 5324/5324/5324
f 5314/5314/5314 5324/5324/5324 5323/5323/5323
f 5316/5316/5316 5317/5317/5317 5326/5326/5326
f 5316/5316/5316 5326/5326/5326 5325/5325/5325
f 5317/5317/5317 5318/5318/5318 5327/5327/5327
f 5317/5317/5317 5327/5327/5327 5326/5326/5326
f 5318/5318/5318 5319/5319/5319 5328/5328/5328
f 5318/5318/5318 5328/5328/5328 5327/5327/5327
f 5319/5319/5319 5320/5320/5320 5329/5329/5329
f 5319/5319/5319 5329/5329/5329 5328/5328/5328
f 5320/5320/5320 5321/5321/5321 5330/5330/5330
f 5320/5320/5320 5330/5330/5330 5329/5329/5329
f 5321/5321/5321 5322/5322/5322 5331/5331/5331
f 5321/5321/5321 5331/5331/5331 5330/5330/5330
f 5322/5322/5322 5323/5323/5323 5332/5332/5332
f 5322/5322/5322 5332/5332/5332 5331/5331/5331
f 5323/5323/5323 5324/5324/5324 5333/5333/5333
f 5323/5323/5323 5333/5333/5333 5332/5332/5332
f 5334/5334/5334 5335/5335/5335 5344/5344/5344
f 5334/5334/5334 5344/5344/5344 5343/5343/5343
f 5335/5335/5335 5336/5336/5336 5345/5345/5345
f 5335/5335/5335 5345/5345/5345 5344/5344/5344
f 5336/5336/5336 5337/5337/5337 5346/5346/5346
f 5336/5336/5336 5346/5346/5346 5345/5345/5345
f 5337/5337/5337 5338/5338/5338 5347/5347/5347
f 5337/5337/5337 5347/5347/5347 5346/5346/5346
f 5338/5338/5338 5339/5339/5339 5348/5348/5348
f 5338/5338/5338 5348/5348/5348 5347/5347/5347
f 5339/5339/5339 5340/5340/5340 5349/5349/5349
f 5339/5339/5339 5349/5349/5349 5348/5348/5348
f 5340/5340/5340 5341/5341/5341 5350/5350/5350
f 5340/5340/5340 5350/5350/5350 5349/5349/5349
f 5341/5341/5341 5342/5342/5342 5351/5351/5351
f 5341/5341/5341 5351/5351/5351 5350/5350/5350
f 5343/5343/5343 5344/5344/5344 5353/5353/5353
f 5343/5343/5343 5353/5353/5353 5352/5352/5352
f 5344/5344/5344 5345/5345/5345 5354/5354/5354
f 5344/5344/5344 5354/5354/5354 5353/5353/5353
f 5345/5345/5345 5346/5346/5346 5355/5355/5355
f 5345/5345/5345 5355/5355/5355 5354/5354/5354
f 5346/5346/5346 5347/5347/5347 5356/5356/5356
f 5346/5346/5346 5356/5356/5356 5355/5355/5355
f 5347/5347/5347 5348/5348/5348 5357/5357/5357
f 5347/5347/5347 5357/5357/5357 5356/5356/5356
f 5348/5348/5348 5349/5349/5349 5358/5358/5358
f 5348/5348/5348 5358/5358/5358 5357/5357/5357
f 5349/5349/5349 5350/5350/5350 5359/5359/5359
f 5349/5349/5349 5359/5359/5359 5358/5358/5358
f 5350/5350/5350 5351/5351/5351 5360/5360/5360
f 5350/5350/5350 5360/5360/5360 5359/5359/5359
f 5352/5352/5352 5353/5353/5353 5362/5362/5362
f 5352/5352/5352 5362/5362/5362 5361/5361/5361
f 5353/5353/5353 5354/5354/5354 5363/5363/5363
f 5353/5353/5353 5363/5363/5363 5362/5362/5362
f 5354/5354/5354 5355/5355/5355 5364/5364/5364
f 5354/5354/5354 5364/5364/5364 5363/5363/5363
f 5355/5355/5355 5356/5356/5356 5365/5365/5365
f 5355/5355/5355 5365/5365/5365 5364/5364/5364
f 5356/5356/5356 5357/5357/5357 5366/5366/5366
f 5356/5356/5356 5366/5366/5366 5365/5365/5365
f 5357/5357/5357 5358/5358/5358 5367/5367/5367
f 5357/5357/5357 5367/5367/5367 5366/5366/5366
f 5358/5358/5358 5359/5359/5359 5368/5368/5368
f 5358/5358/5358 5368/5368/5368 5367/5367/5367
f 5359/5359/5359 5360/5360/5360 5369/5369/5369
f 5359/5359/5359 5369/5369/5369 5368/5368/5368
f 5361/5361/5361 5362/5362/5362 5371/5371/5371
f 5361/5361/5361 5371/5371/5371 5370/5370/5370
f 5362/5362/5362 5363/5363/5363 5372/5372/5372
f 5362/5362/5362 5372/5372/5372 5371/5371/5371
f 5363/5363/5363 5364/5364/5364 5373/5373/5373
f 5363/5363/5363 5373/5373/5373 5372/5372/5372
f 5364/5364/5364 5365/5365/5365 5374/5374/5374
f 5364/5364/5364 5374/5374/5374 5373/5373/5373
f 5365/5365/5365 5366/5366/5366 5375/5375/5375
f 5365/5365/5365 5375/5375/5375 5374/5374/5374
f 5366/5366/5366 5367/5367/5367 5376/5376/5376
f 5366/5366/5366 5376/5376/5376 5375/5375/5375
f 5367/5367/5367 5368/5368/5368 5377/5377/5377
f 5367/5367/5367 5377/5377/5377 5376/5376/5376
f 5368/5368/5368 5369/5369/5369 5378/5378/5378
f 5368/5368/5368 5378/5378/5378 5377/5377/5377
f 5379/5379/5379 5380/5380/5380 5389/5389/5389
f 5379/5379/5379 5389/5389/5389 5388/5388/5388
f 5380/5380/5380 5381/5381/5381 5390/5390/5390
f 5380/5380/5380 5390/5390/5390 5389/5389/5389
f 5381/5381/5381 5382/5382/5382 5391/5391/5391
f 5381/5381/5381 5391/5391/5391 5390/5390/5390
f 5382/5382/5382 5383/5383/5383 5392/5392/5392
f 5382/5382/5382 5392/5392/5392 5391/5391/5391
f 5383/5383/5383 5384/5384/5384 5393/5393/5393
f 5383/5383/5383 5393/5393/5393 5392/5392/5392
f 5384/5384/5384 5385/5385/5385 5394/5394/5394
f 5384/5384/5384 5394/5394/5394 5393/5393/5393
f 5385/5385/5385 5386/5386/5386 5395/5395/5395
f 5385/5385/5385 5395/5395/5395 5394/5394/5394
f 5386/5386/5386 5387/5387/5387 5396/5396/5396
f 5386/5386/5386 5396/5396/5396 5395/5395/5395
f 5388/5388/5388 5389/5389/5389 5398/5398/5398
f 5388/5388/5388 5398/5398/5398 5397/5397/5397
f 5389/5389/5389 5390/5390/5390 5399/5399/5399
f 5389/5389/5389 5399/5399/5399 5398/5398/5398
f 5390/5390/5390 5391/5391/5391 5400/5400/5400
f 5390/5390/5390 5400/5400/5400 5399/5399/5399
f 5391/5391/5391 5392/5392/5392 5401/5401/5401
f 5391/5391/5391 5401/5401/5401 5400/5400/5400
f 5392/5392/5392 5393/5393/5393 5402/5402/5402
f 5392/5392/5392 5402/5402/5402 5401/5401/5401
f 5393/5393/5393 5394/5394/5394 5403/5403/5403
f 5393/5393/5393 5403/5403/5403 5402/5402/5402
f 5394/5394/5394 5395/5395/5395 5404/5404/5404
f 5394/5394/5394 5404/5404/5404 5403/5403/5403
f 5395/5395/5395 5396/5396/5396 5405/5405/5405
f 5395/5395/5395 5405/5405/5405 5404/5404/5404
f 5397/5397/5397 5398/5398/5398 5407/5407/5407
f 5397/5397/5397 5407/5407/5407 5406/5406/5406
f 5398/5398/5398 5399/5399/5399 5408/5408/5408
f 5398/5398/5398 5408/5408/5408 5407/5407/5407
f 5399/5399/5399 5400/5400/5400 5409/5409/5409
f 5399/5399/5399 5409/5409/5409 5408/5408/5408
f 5400/5400/5400 5401/5401/5401 5410/5410/5410
f 5400/5400/5400 5410/5410/5410 5409/5409/5409
f 5401/5401/5401 5402/5402/5402 5411/5411/5411
f 5401/5401/5401 5411/5411/5411 5410/5410/5410
f 5402/5402/5402 5403/5403/5403 5412/5412/5412
f 5402/5402/5402 5412/5412/5412 5411/5411/5411
f 5403/5403/5403 5404/5404/5404 5413/5413/5413
f 5403/5403/5403 5413/5413/5413 5412/5412/5412
f 5404/5404/5404 5405/5405/5405 5414/5414/5414
f 5404/5404/5404 5414/5414/5414 5413/5413/5413
f 5406/5406/5406 5407/5407/5407 5416/5416/5416
f 5406/5406/5406 5416/5416/5416 5415/5415/5415
f 5407/5407/5407 5408/5408/5408 5417/5417/5417
f 5407/5407/5407 5417/5417/5417 5416/5416/5416
f 5408/5408/5408 5409/5409/5409 5418/5418/5418
f 5408/5408/5408 5418/5418/5418 5417/5417/5417
f 5409/5409/5409 5410/5410/5410 5419/5419/5419
f 5409/5409/5409 5419/5419/5419 5418/5418/5418
f 5410/5410/5410 5411/5411/5411 5420/5420/5420
f 5410/5410/5410 5420/5420/5420 5419/5419/5419
f 5411/5411/5411 5412/5412/5412 5421/5421/5421
f 5411/5411/5411 5421/5421/5421 5420/5420/5420
f 5412/5412/5412 5413/5413/5413 5422/5422/5422
f 5412/5412/5412 5422/5422/5422 5421/5421/5421
f 5413/5413/5413 5414/5414/5414 5423/5423/5423
f 5413/5413/5413 5423/5423/5423 5422/5422/5422
f 5424/5424/5424 5425/5425/5425 5434/5434/5434
f 5424/5424/5424 5434/5434/5434 5433/5433/5433
f 5425/5425/5425 5426/5426/5426 5435/5435/5435
f 5425/5425/5425 5435/5435/5435 5434/5434/5434
f 5426/5426/5426 5427/5427/5427 5436/5436/5436
f 5426/5426/5426 5436/5436/5436 5435/5435/5435
f 5427/5427/5427 5428/5428/5428 5437/5437/5437
f 5427/5427/5427 5437/5437/5437 5436/5436/5436
f 5428/5428/5428 5429/5429/5429 5438/5438/5438
f 5428/5428/5428 5438/5438/5438 5437/5437/5437
f 5429/5429/5429 5430/5430/5430 5439/5439/5439
f 5429/5429/5429 5439/5439/5439 5438/5438/5438
f 5430/5430/5430 5431/5431/5431 5440/5440/5440
f 5430/5430/5430 5440/5440/5440 5439/5439/5439
f 5431/5431/5431 5432/5432/5432 5441/5441/5441
f 5431/5431/5431 5441/5441/5441 5440/5440/5440
f 5433/5433/5433 5434/5434/5434 5443/5443/5443
f 5433/5433/5433 5443/5443/5443 5442/5442/5442
f 5434/5434/5434 5435/5435/5435 5444/5444/5444
f 5434/5434/5434 5444/5444/5444 5443/5443/5443
f 5435/5435/5435 5436/5436/5436 5445/5445/5445
f 5435/5435/5435 5445/5445/5445 5444/5444/5444
f 5436/5436/5436 5437/5437/5437 5446/5446/5446
f 5436/5436/5436 5446/5446/5446 5445/5445/5445
f 5437/5437/5437 5438/5438/5438 5447/5447/5447
f 5437/5437/5437 5447/5447/5447 5446/5446/5446
f 5438/5438/5438 5439/5439/5439 5448/5448/5448
f 5438/5438/5438 5448/5448/5448 5447/5447/5447
f 5439/5439/5439 5440/5440/5440 5449/5449/5449
f 5439/5439/5439 5449/5449/5449 5448/5448/5448
f 5440/5440/5440 5441/5441/5441 5450/5450/5450
f 5440/5440/5440 5450/5450/5450 5449/5449/5449
f 5442/5442/5442 5443/5443/5443 5452/5452/5452
f 5442/5442/5442 5452/5452/5452 5451/5451/5451
f 5443/5443/5443 5444/5444/5444 5453/5453/5453
f 5443/5443/5443 5453/5453/5453 5452/5452/5452
f 5444/5444/5444 5445/5445/5445 5454/5454/5454
f 5444/5444/5444 5454/5454/5454 5453/5453/5453
f 5445/5445/5445 5446/5446/5446 5455/5455/5455
f 5445/5445/5445 5455/5455/5455 5454/5454/5454
f 5446/5446/5446 5447/5447/5447 5456/5456/5456
f 5446/5446/5446 5456/5456/5456 5455/5455/5455
f 5447/5447/5447 5448/5448/5448 5457/5457/5457
f 5447/5447/5447 5457/5457/5457 5456/5456/5456
f 5448/5448/5448 5449/5449/5449 5458/5458/5458
f 5448/5448/5448 5458/5458/5458 5457/5457/5457
f 5449/5449/5449 5450/5450/5450 5459/5459/5459
f 5449/5449/5449 5459/5459/5459 5458/5458/5458
f 5451/5451/5451 5452/5452/5452 5461/5461/5461
f 5451/5451/5451 5461/5461/5461 5460/5460/5460
f 5452/5452/5452 5453/5453/5453 5462/5462/5462
f 5452/5452/5452 5462/5462/5462 5461/5461/5461
f 5453/5453/5453 5454/5454/5454 5463/5463/5463
f 5453/5453/5453 5463/5463/5463 5462/5462/5462
f 5454/5454/5454 5455/5455/5455 5464/5464/5464
f 5454/5454/5454 5464/5464/5464 5463/5463/5463
f 5455/5455/5455 5456/5456/5456 5465/5465/5465
f 5455/5455/5455 5465/5465/5465 5464/5464/5464
f 5456/5456/5456 5457/5457/5457 5466/5466/5466
f 5456/5456/5456 5466/5466/5466 5465/5465/5465
f 5457/5457/5457 5458/5458/5458 5467/5467/5467
f 5457/5457/5457 5467/5467/5467 5466/5466/5466
f 5458/5458/5458 5459/5459/5459 5468/5468/5468
f 5458/5458/5458 5468/5468/5468 5467/5467/5467
f 5469/5469/5469 5470/5470/5470 5479/5479/5479
f 5469/5469/5469 5479/5479/5479 5478/5478/5478
f 5470/5470/5470 5471/5471/5471 5480/5480/5480
f 5470/5470/5470 5480/5480/5480 5479/5479/5479
f 5471/5471/5471 5472/5472/5472 5481/5481/5481
f 5471/5471/5471 5481/5481/5481 5480/5480/5480
f 5472/5472/5472 5473/5473/5473 5482/5482/5482
f 5472/5472/5472 5482/5482/5482 5481/5481/5481
f 5473/5473/5473 5474/5474/5474 5483/5483/5483
f 5473/5473/5473 5483/5483/5483 5482/5482/5482
f 5474/5474/5474 5475/5475/5475 5484/5484/5484
f 5474/5474/5474 5484/5484/5484 5483/5483/5483
f 5475/5475/5475 5476/5476/5476 5485/5485/5485
f 5475/5475/5475 5485/5485/5485 5484/5484/5484
f 5476/5476/5476 5477/5477/5477 5486/5486/5486
f 5476/5476/5476 5486/5486/5486 5485/5485/5485
f 5478/5478/5478 5479/5479/5479 5488/5488/5488
f 5478/5478/5478 5488/5488/5488 5487/5487/5487
f 5479/5479/5479 5480/5480/5480 5489/5489/5489
f 5479/5479/5479 5489/5489/5489 5488/5488/5488
f 5480/5480/5480 5481/5481/5481 5490/5490/5490
f 5480/5480/5480 5490/5490/5490 5489/5489/5489
f 5481/5481/5481 5482/5482/5482 5491/5491/5491
f 5481/5481/5481 5491/5491/5491 5490/5490/5490
f 5482/5482/5482 5483/5483/5483 5492/5492/5492
f 5482/5482/5482 5492/5492/5492 5491/5491/5491
f 5483/5483/5483 5484/5484/5484 5493/5493/5493
f 5483/5483/5483 5493/5493/5493 5492/5492/5492
f 5484/5484/5484 5485/5485/5485 5494/5494/5494
f 5484/5484/5484 5494/5494/5494 5493/5493/5493
f 5485/5485/5485 5486/5486/5486 5495/5495/5495
f 5485/5485/5485 5495/5495/5495 5494/5494/5494
f 5487/5487/5487 5488/5488/5488 5497/5497/5497
f 5487/5487/5487 5497/5497/5497 5496/5496/5496
f 5488/5488/5488 5489/5489/5489 5498/5498/5498
f 5488/5488/5488 5498/5498/5498 5497/5497/5497
f 5489/5489/5489 5490/5490/5490 5499/5499/5499
f 5489/5489/5489 5499/5499/5499 5498/5498/5498
f 5490/5490/5490 5491/5491/5491 5500/5500/5500
f 5490/5490/5490 5500/5500/5500 5499/5499/5499
f 5491/5491/5491 5492/5492/5492 5501/5501/5501
f 5491/5491/5491 5501/5501/5501 5500/5500/5500
f 5492/5492/5492 5493/5493/5493 5502/5502/5502
f 5492/5492/5492 5502/5502/5502 5501/5501/5501
f 5493/5493/5493 5494/5494/5494 5503/5503/5503
f 5493/5493/5493 5503/5503/5503 5502/5502/5502
f 5494/5494/5494 5495/5495/5495 5504/5504/5504
f 5494/5494/5494 5504/5504/5504 5503/5503/5503
f 5496/5496/5496 5497/5497/5497 5506/5506/5506
f 5496/5496/5496 5506/5506/5506 5505/5505/5505
f 5497/5497/5497 5498/5498/5498 5507/5507/5507
f 5497/5497/5497 5507/5507/5507 5506/5506/5506
f 5498/5498/5498 5499/5499/5499 5508/5508/5508
f 5498/5498/5498 5508/5508/5508 5507/5507/5507
f 5499/5499/5499 5500/5500/5500 5509/5509/5509
f 5499/5499/5499 5509/5509/5509 5508/5508/5508
f 5500/5500/5500 5501/5501/5501 5510/5510/5510
f 5500/5500/5500 5510/5510/5510 5509/5509/5509
f 5501/5501/5501 5502/5502/5502 5511/5511/5511
f 5501/5501/5501 5511/5511/5511 5510/5510/5510
f 5502/5502/5502 5503/5503/5503 5512/5512/5512
f 5502/5502/5502 5512/5512/5512 5511/5511/5511
f 5503/5503/5503 5504/5504/5504 5513/5513/5513
f 5503/5503/5503 5513/5513/5513 5512/5512/5512
f 5514/5514/5514 5515/5515/5515 5522/5522/5522
f 5514/5514/5514 5522/5522/5522 5521/5521/5521
f 5515/5515/5515 5516/5516/5516 5523/5523/5523
f 5515/5515/5515 5523/5523/5523 5522/5522/5522
f 5516/5516/5516 5517/5517/5517 5524/5524/5524
f 5516/5516/5516 5524/5524/5524 5523/5523/5523
f 5517/5517/5517 5518/5518/5518 5525/5525/5525
f 5517/5517/5517 5525/5525/5525 5524/5524/5524
f 5518/5518/5518 5519/5519/5519 5526/5526/5526
f 5518/5518/5518 5526/5526/5526 5525/5525/5525
f 5519/5519/5519 5520/5520/5520 5527/5527/5527
f 5519/5519/5519 5527/5527/5527 5526/5526/5526
f 5521/5521/5521 5522/5522/5522 5529/5529/5529
f 5521/5521/5521 5529/5529/5529 5528/5528/5528
f 5522/5522/5522 5523/5523/5523 5530/5530/5530
f 5522/5522/5522 5530/5530/5530 5529/5529/5529
f 5523/5523/5523 5524/5524/5524 5531/5531/5531
f 5523/5523/5523 5531/5531/5531 5530/5530/5530
f 5524/5524/5524 5525/5525/5525 5532/5532/5532
f 5524/5524/5524 5532/5532/5532 5531/5531/5531
f 5525/5525/5525 5526/5526/5526 5533/5533/5533
f 5525/5525/5525 5533/5533/5533 5532/5532/5532
f 5526/5526/5526 5527/5527/5527 5534/5534/5534
f 5526/5526/5526 5534/5534/5534 5533/5533/5533
f 5528/5528/5528 5529/5529/5529 5536/5536/5536
f 5528/5528/5528 5536/5536/5536 5535/5535/5535
f 5529/5529/5529 5530/5530/5530 5537/5537/5537
f 5529/5529/5529 5537/5537/5537 5536/5536/5536
f 5530/5530/5530 5531/5531/5531 5538/5538/5538
f 5530/5530/5530 5538/5538/5538 5537/5537/5537
f 5531/5531/5531 5532/5532/5532 5539/5539/5539
f 5531/5531/5531 5539/5539/5539 5538/5538/5538
f 5532/5532/5532 5533/5533/5533 5540/5540/5540
f 5532/5532/5532 5540/5540/5540 5539/5539/5539
f 5533/5533/5533 5534/5534/5534 5541/5541/5541
f 5533/5533/5533 5541/5541/5541 5540/5540/5540
f 5535/5535/5535 5536/5536/5536 5543/5543/5543
f 5535/5535/5535 5543/5543/5543 5542/5542/5542
f 5536/5536/5536 5537/5537/5537 5544/5544/5544
f 5536/5536/5536 5544/5544/5544 5543/5543/5543
f 5537/5537/5537 5538/5538/5538 5545/5545/5545
f 5537/5537/5537 5545/5545/5545 5544/5544/5544
f 5538/5538/5538 5539/5539/5539 5546/5546/5546
f 5538/5538/5538 5546/5546/5546 5545/5545/5545
f 5539/5539/5539 5540/5540/5540 5547/5547/5547
f 5539/5539/5539 5547/5547/5547 5546/5546/5546
f 5540/5540/5540 5541/5541/5541 5548/5548/5548
f 5540/5540/5540 5548/5548/5548 5547/5547/5547
f 5549/5549/5549 5550/5550/5550 5559/5559/5559
f 5549/5549/5549 5559/5559/5559 5558/5558/5558
f 5550/5550/5550 5551/5551/5551 5560/5560/5560
f 5550/5550/5550 5560/5560/5560 5559/5559/5559
f 5551/5551/5551 5552/5552/5552 5561/5561/5561
f 5551/5551/5551 5561/5561/5561 5560/5560/5560
f 5552/5552/5552 5553/5553/5553 5562/5562/5562
f 5552/5552/5552 5562/5562/5562 5561/5561/5561
f 5553/5553/5553 5554/5554/5554 5563/5563/5563
f 5553/5553/5553 5563/5563/5563 5562/5562/5562
f 5554/5554/5554 5555/5555/5555 5564/5564/5564
f 5554/5554/5554 5564/5564/5564 5563/5563/5563
f 5555/5555/5555 5556/5556/5556 5565/5565/5565
f 5555/5555/5555 5565/5565/5565 5564/5564/5564
f 5556/5556/5556 5557/5557/5557 5566/5566/5566
f 5556/5556/5556 5566/5566/5566 5565/5565/5565
f 5558/5558/5558 5559/5559/5559 5568/5568/5568
f 5558/5558/5558 5568/5568/5568 5567/5567/5567
f 5559/5559/5559 5560/5560/5560 5569/5569/5569
f 5559/5559/5559 5569/5569/5569 5568/5568/5568
f 5560/5560/5560 5561/5561/5561 5570/5570/5570
f 5560/5560/5560 5570/5570/5570 5569/5569/5569
f 5561/5561/5561 5562/5562/5562 5571/5571/5571
f 5561/5561/5561 5571/5571/5571 5570/5570/5570
f 5562/5562/5562 5563/5563/5563 5572/5572/5572
f 5562/5562/5562 5572/5572/5572 5571/5571/5571
f 5563/5563/5563 5564/5564/5564 5573/5573/5573
f 5563/5563/5563 5573/5573/5573 5572/5572/5572
f 5564/5564/5564 5565/5565/5565 5574/5574/5574
f 5564/5564/5564 5574/5574/5574 5573/5573/5573
f 5565/5565/5565 5566/5566/5566 5575/5575/5575
f 5565/5565/5565 5575/5575/5575 5574/5574/5574
f 5567/5567/5567 5568/5568/5568 5577/5577/5577
f 5567/5567/5567 5577/5577/5577 5576/5576/5576
f 5568/5568/5568 5569/5569/5569 5578/5578/5578
f 5568/5568/5568 5578/5578/5578 5577/5577/5577
f 5569/5569/5569 5570/5570/5570 5579/5579/5579
f 5569/5569/5569 5579/5579/5579 5578/5578/5578
f 5570/5570/5570 5571/5571/5571 5580/5580/5580
f 5570/5570/5570 5580/5580/5580 5579/5579/5579
f 5571/5571/5571 5572/5572/5572 5581/5581/5581
f 5571/5571/5571 5581/5581/5581 5580/5580/5580
f 5572/5572/5572 5573/5573/5573 5582/5582/5582
f 5572/5572/5572 5582/5582/5582 5581/5581/5581
f 5573/5573/5573 5574/5574/5574 5583/5583/5583
f 5573/5573/5573 5583/5583/5583 5582/5582/5582
f 5574/5574/5574 5575/5575/5575 5584/5584/5584
f 5574/5574/5574 5584/5584/5584 5583/5583/5583
f 5576/5576/5576 5577/5577/5577 5586/5586/5586
f 5576/5576/5576 5586/5586/5586 5585/5585/5585
f 5577/5577/5577 5578/5578/5578 5587/5587/5587
f 5577/5577/5577 5587/5587/5587 5586/5586/5586
f 5578/5578/5578 5579/5579/5579 5588/5588/5588
f 5578/5578/5578 5588/5588/5588 5587/5587/5587
f 5579/5579/5579 5580/5580/5580 5589/5589/5589
f 5579/5579/5579 5589/5589/5589 5588/5588/5588
f 5580/5580/5580 5581/5581/5581 5590/5590/5590
f 5580/5580/5580 5590/5590/5590 5589/5589/5589
f 5581/5581/5581 5582/5582/5582 5591/5591/5591
f 5581/5581/5581 5591/5591/5591 5590/5590/5590
f 5582/5582/5582 5583/5583/5583 5592/5592/5592
f 5582/5582/5582 5592/5592/5592 5591/5591/5591
f 5583/5583/5583 5584/5584/5584 5593/5593/5593
f 5583/5583/5583 5593/5593/5593 5592/5592/5592
f 5594/5594/5594 5595/5595/5595 5604/5604/5604
f 5594/5594/5594 5604/5604/5604 5603/5603/5603
f 5595/5595/5595 5596/5596/5596 5605/5605/5605
f 5595/5595/5595 5605/5605/5605 5604/5604/5604
f 5596/5596/5596 5597/5597/5597 5606/5606/5606
f 5596/5596/5596 5606/5606/5606 5605/5605/5605
f 5597/5597/5597 5598/5598/5598 5607/5607/5607
f 5597/5597/5597 5607/5607/5607 5606/5606/5606
f 5598/5598/5598 5599/5599/5599 5608/5608/5608
f 5598/5598/5598 5608/5608/5608 5607/5607/5607
f 5599/5599/5599 5600/5600/5600 5609/5609/5609
f 5599/5599/5599 5609/5609/5609 5608/5608/5608
f 5600/5600/5600 5601/5601/5601 5610/5610/5610
f 5600/5600/5600 5610/5610/5610 5609/5609/5609
f 5601/5601/5601 5602/5602/5602 5611/5611/5611
f 5601/5601/5601 5611/5611/5611 5610/5610/5610
f 5603/5603/5603 5604/5604/5604 5613/5613/5613
f 5603/5603/5603 5613/5613/5613 5612/5612/5612
f 5604/5604/5604 5605/5605/5605 5614/5614/5614
f 5604/5604/5604 5614/5614/5614 5613/5613/5613
f 5605/5605/5605 5606/5606/5606 5615/5615/5615
f 5605/5605/5605 5615/5615/5615 5614/5614/5614
f 5606/5606/5606 5607/5607/5607 5616/5616/5616
f 5606/5606/5606 5616/5616/5616 5615/5615/5615
f 5607/5607/5607 5608/5608/5608 5617/5617/5617
f 5607/5607/5607 5617/5617/5617 5616/5616/5616
f 5608/5608/5608 5609/5609/5609 5618/5618/5618
f 5608/5608/5608 5618/5618/5618 5617/5617/5617
f 5609/5609/5609 5610/5610/5610 5619/5619/5619
f 5609/5609/5609 5619/5619/5619 5618/5618/5618
f 5610/5610/5610 5611/5611/5611 5620/5620/5620
f 5610/5610/5610 5620/5620/5620 5619/5619/5619
f 5612/5612/5612 5613/5613/5613 5622/5622/5622
f 5612/5612/5612 5622/5622/5622 5621/5621/5621
f 5613/5613/5613 5614/5614/5614 5623/5623/5623
f 5613/5613/5613 5623/5623/5623 5622/5622/5622
f 5614/5614/5614 5615/5615/5615 5624/5624/5624
f 5614/5614/5614 5624/5624/5624 5623/5623/5623
f 5615/5615/5615 5616/5616/5616 5625/5625/5625
f 5615/5615/5615 5625/5625/5625 5624/5624/5624
f 5616/5616/5616 5617/5617/5617 5626/5626/5626
f 5616/5616/5616 5626/5626/5626 5625/5625/5625
f 5617/5617/5617 5618/5618/5618 5627/5627/5627
f 5617/5617/5617 5627/5627/5627 5626/5626/5626
f 5618/5618/5618 5619/5619/5619 5628/5628/5628
f 5618/5618/5618 5628/5628/5628 5627/5627/5627
f 5619/5619/5619 5620/5620/5620 5629/5629/5629
f 5619/5619/5619 5629/5629/5629 5628/5628/5628
f 5621/5621/5621 5622/5622/5622 5631/5631/5631
f 5621/5621/5621 5631/5631/5631 5630/5630/5630
f 5622/5622/5622 5623/5623/5623 5632/5632/5632
f 5622/5622/5622 5632/5632/5632 5631/5631/5631
f 5623/5623/5623 5624/5624/5624 5633/5633/5633
f 5623/5623/5623 5633/5633/5633 5632/5632/5632
f 5624/5624/5624 5625/5625/5625 5634/5634/5634
f 5624/5624/5624 5634/5634/5634 5633/5633/5633
f 5625/5625/5625 5626/5626/5626 5635/5635/5635
f 5625/5625/5625 5635/5635/5635 5634/5634/5634
f 5626/5626/5626 5627/5627/5627 5636/5636/5636
f 5626/5626/5626 5636/5636/5636 5635/5635/5635
f 5627/5627/5627 5628/5628/5628 5637/5637/5637
f 5627/5627/5627 5637/5637/5637 5636/5636/5636
f 5628/5628/5628 5629/5629/5629 5638/5638/5638
f 5628/5628/5628 5638/5638/5638 5637/5637/5637
f 5639/5639/5639 5640/5640/5640 5649/5649/5649
f 5639/5639/5639 5649/5649/5649 5648/5648/5648
f 5640/5640/5640 5641/5641/5641 5650/5650/5650
f 5640/5640/5640 5650/5650/5650 5649/5649/5649
f 5641/5641/5641 5642/5642/5642 5651/5651/5651
f 5641/5641/5641 5651/5651/5651 5650/5650/5650
f 5642/5642/5642 5643/5643/5643 5652/5652/5652
f 5642/5642/5642 5652/5652/5652 5651/5651/5651
f 5643/5643/5643 5644/5644/5644 5653/5653/5653
f 5643/5643/5643 5653/5653/5653 5652/5652/5652
f 5644/5644/5644 5645/5645/5645 5654/5654/5654
f 5644/5644/5644 5654/5654/5654 5653/5653/5653
f 5645/5645/5645 5646/5646/5646 5655/5655/5655
f 5645/5645/5645 5655/5655/5655 5654/5654/5654
f 5646/5646/5646 5647/5647/5647 5656/5656/5656
f 5646/5646/5646 5656/5656/5656 5655/5655/5655
f 5648/5648/5648 5649/5649/5649 5658/5658/5658
f 5648/5648/5648 5658/5658/5658 5657/5657/5657
f 5649/5649/5649 5650/5650/5650 5659/5659/5659
f 5649/5649/5649 5659/5659/5659 5658/5658/5658
f 5650/5650/5650 5651/5651/5651 5660/5660/5660
f 5650/5650/5650 5660/5660/5660 5659/5659/5659
f 5651/5651/5651 5652/5652/5652 5661/5661/5661
f 5651/5651/5651 5661/5661/5661 5660/5660/5660
f 5652/5652/5652 5653/5653/5653 5662/5662/5662
f 5652/5652/5652 5662/5662/5662 5661/5661/5661
f 5653/5653/5653 5654/5654/5654 5663/5663/5663
f 5653/5653/5653 5663/5663/5663 5662/5662/5662
f 5654/5654/5654 5655/5655/5655 5664/5664/5664
f 5654/5654/5654 5664/5664/5664 5663/5663/5663
f 5655/5655/5655 5656/5656/5656 5665/5665/5665
f 5655/5655/5655 5665/5665/5665 5664/5664/5664
f 5657/5657/5657 5658/5658/5658 5667/5667/5667
f 5657/5657/5657 5667/5667/5667 5666/5666/5666
f 5658/5658/5658 5659/5659/5659 5668/5668/5668
f 5658/5658/5658 5668/5668/5668 5667/5667/5667
f 5659/5659/5659 5660/5660/5660 5669/5669/5669
f 5659/5659/5659 5669/5669/5669 5668/5668/5668
f 5660/5660/5660 5661/5661/5661 5670/5670/5670
f 5660/5660/5660 5670/5670/5670 5669/5669/5669
f 5661/5661/5661 5662/5662/5662 5671/5671/5671
f 5661/5661/5661 5671/5671/5671 5670/5670/5670
f 5662/5662/5662 5663/5663/5663 5672/5672/5672
f 5662/5662/5662 5672/5672/5672 5671/5671/5671
f 5663/5663/5663 5664/5664/5664 5673/5673/5673
f 5663/5663/5663 5673/5673/5673 5672/5672/5672
f 5664/5664/5664 5665/5665/5665 5674/5674/5674
f 5664/5664/5664 5674/5674/5674 5673/5673/5673
f 5666/5666/5666 5667/5667/5667 5676/5676/5676
f 5666/5666/5666 5676/5676/5676 5675/5675/5675
f 5667/5667/5667 5668/5668/5668 5677/5677/5677
f 5667/5667/5667 5677/5677/5677 5676/5676/5676
f 5668/5668/5668 5669/5669/5669 5678/5678/5678
f 5668/5668/5668 5678/5678/5678 5677/5677/5677
f 5669/5669/5669 5670/5670/5670 5679/5679/5679
f 5669/5669/5669 5679/5679/5679 5678/5678/5678
f 5670/5670/5670 5671/5671/5671 5680/5680/5680
f 5670/5670/5670 5680/5680/5680 5679/5679/5679
f 5671/5671/5671 5672/5672/5672 5681/5681/5681
f 5671/5671/5671 5681/5681/5681 5680/5680/5680
f 5672/5672/5672 5673/5673/5673 5682/5682/5682
f 5672/5672/5672 5682/5682/5682 5681/5681/5681
f 5673/5673/5673 5674/5674/5674 5683/5683/5683
f 5673/5673/5673 5683/5683/5683 5682/5682/5682
f 5684/5684/5684 5685/5685/5685 5694/5694/5694
f 5684/5684/5684 5694/5694/5694 5693/5693/5693
f 5685/5685/5685 5686/5686/5686 5695/5695/5695
f 5685/5685/5685 5695/5695/5695 5694/5694/5694
f 5686/5686/5686 5687/5687/5687 5696/5696/5696
f 5686/5686/5686 5696/5696/5696 5695/5695/5695
f 5687/5687/5687 5688/5688/5688 5697/5697/5697
f 5687/5687/5687 5697/5697/5697 5696/5696/5696
f 5688/5688/5688 5689/5689/5689 5698/5698/5698
f 5688/5688/5688 5698/5698/5698 5697/5697/5697
f 5689/5689/5689 5690/5690/5690 5699/5699/5699
f 5689/5689/5689 5699/5699/5699 5698/5698/5698
f 5690/5690/5690 5691/5691/5691 5700/5700/5700
f 5690/5690/5690 5700/5700/5700 5699/5699/5699
f 5691/5691/5691 5692/5692/5692 5701/5701/5701
f 5691/5691/5691 5701/5701/5701 5700/5700/5700
f 5693/5693/5693 5694/5694/5694 5703/5703/5703
f 5693/5693/5693 5703/5703/5703 5702/5702/5702
f 5694/5694/5694 5695/5695/5695 5704/5704/5704
f 5694/5694/5694 5704/5704/5704 5703/5703/5703
f 5695/5695/5695 5696/5696/5696 5705/5705/5705
f 5695/5695/5695 5705/5705/5705 5704/5704/5704
f 5696/5696/5696 5697/5697/5697 5706/5706/5706
f 5696/5696/5696 5706/5706/5706 5705/5705/5705
f 5697/5697/5697 5698/5698/5698 5707/5707/5707
f 5697/5697/5697 5707/5707/5707 5706/5706/5706
f 5698/5698/5698 5699/5699/5699 5708/5708/5708
f 5698/5698/5698 5708/5708/5708 5707/5707/5707
f 5699/5699/5699 5700/5700/5700 5709/5709/5709
f 5699/5699/5699 5709/5709/5709 5708/5708/5708
f 5700/5700/5700 5701/5701/5701 5710/5710/5710
f 5700/5700/5700 5710/5710/5710 5709/5709/5709
f 5702/5702/5702 5703/5703/5703 5712/5712/5712
f 5702/5702/5702 5712/5712/5712 5711/5711/5711
f 5703/5703/5703 5704/5704/5704 5713/5713/5713
f 5703/5703/5703 5713/5713/5713 5712/5712/5712
f 5704/5704/5704 5705/5705/5705 5714/5714/5714
f 5704/5704/5704 5714/5714/5714 5713/5713/5713
f 5705/5705/5705 5706/5706/5706 5715/5715/5715
f 5705/5705/5705 5715/5715/5715 5714/5714/5714
f 5706/5706/5706 5707/5707/5707 5716/5716/5716
f 5706/5706/5706 5716/5716/5716 5715/5715/5715
f 5707/5707/5707 5708/5708/5708 5717/5717/5717
f 5707/5707/5707 5717/5717/5717 5716/5716/5716
f 5708/5708/5708 5709/5709/5709 5718/5718/5718
f 5708/5708/5708 5718/5718/5718 5717/5717/5717
f 5709/5709/5709 5710/5710/5710 5719/5719/5719
f 5709/5709/5709 5719/5719/5719 5718/5718/5718
f 5711/5711/5711 5712/5712/5712 5721/5721/5721
f 5711/5711/5711 5721/5721/5721 5720/5720/5720
f 5712/5712/5712 5713/5713/5713 5722/5722/5722
f 5712/5712/5712 5722/5722/5722 5721/5721/5721
f 5713/5713/5713 5714/5714/5714 5723/5723/5723
f 5713/5713/5713 5723/5723/5723 5722/5722/5722
f 5714/5714/5714 5715/5715/5715 5724/5724/5724
f 5714/5714/5714 5724/5724/5724 5723/5723/5723
f 5715/5715/5715 5716/5716/5716 5725/5725/5725
f 5715/5715/5715 5725/5725/5725 5724/5724/5724
f 5716/5716/5716 5717/5717/5717 5726/5726/5726
f 5716/5716/5716 5726/5726/5726 5725/5725/5725
f 5717/5717/5717 5718/5718/5718 5727/5727/5727
f 5717/5717/5717 5727/5727/5727 5726/5726/5726
f 5718/5718/5718 5719/5719/5719 5728/5728/5728
f 5718/5718/5718 5728/5728/5728 5727/5727/5727
f 5729/5729/5729 5730/5730/5730 5739/5739/5739
f 5729/5729/5729 5739/5739/5739 5738/5738/5738
f 5730/5730/5730 5731/5731/5731 5740/5740/5740
f 5730/5730/5730 5740/5740/5740 5739/5739/5739
f 5731/5731/5731 5732/5732/5732 5741/5741/5741
f 5731/5731/5731 5741/5741/5741 5740/5740/5740
f 5732/5732/5732 5733/5733/5733 5742/5742/5742
f 5732/5732/5732 5742/5742/5742 5741/5741/5741
f 5733/5733/5733 5734/5734/5734 5743/5743/5743
f 5733/5733/5733 5743/5743/5743 5742/5742/5742
f 5734/5734/5734 5735/5735/5735 5744/5744/5744
f 5734/5734/5734 5744/5744/5744 5743/5743/5743
f 5735/5735/5735 5736/5736/5736 5745/5745/5745
f 5735/5735/5735 5745/5745/5745 5744/5744/5744
f 5736/5736/5736 5737/5737/5737 5746/5746/5746
f 5736/5736/5736 5746/5746/5746 5745/5745/5745
f 5738/5738/5738 5739/5739/5739 5748/5748/5748
f 5738/5738/5738 5748/5748/5748 5747/5747/5747
f 5739/5739/5739 5740/5740/5740 5749/5749/5749
f 5739/5739/5739 5749/5749/5749 5748/5748/5748
f 5740/5740/5740 5741/5741/5741 5750/5750/5750
f 5740/5740/5740 5750/5750/5750 5749/5749/5749
f 5741/5741/5741 5742/5742/5742 5751/5751/5751
f 5741/5741/5741 5751/5751/5751 5750/5750/5750
f 5742/5742/5742 5743/5743/5743 5752/5752/5752
f 5742/5742/5742 5752/5752/5752 5751/5751/5751
f 5743/5743/5743 5744/5744/5744 5753/5753/5753
f 5743/5743/5743 5753/5753/5753 5752/5752/5752
f 5744/5744/5744 5745/5745/5745 5754/5754/5754
f 5744/5744/5744 5754/5754/5754 5753/5753/5753
f 5745/5745/5745 5746/5746/5746 5755/5755/5755
f 5745/5745/5745 5755/5755/5755 5754/5754/5754
f 5747/5747/5747 5748/5748/5748 5757/5757/5757
f 5747/5747/5747 5757/5757/5757 5756/5756/5756
f 5748/5748/5748 5749/5749/5749 5758/5758/5758
f 5748/5748/5748 5758/5758/5758 5757/5757/5757
f 5749/5749/5749 5750/5750/5750 5759/5759/5759
f 5749/5749/5749 5759/5759/5759 5758/5758/5758
f 5750/5750/5750 5751/5751/5751 5760/5760/5760
f 5750/5750/5750 5760/5760/5760 5759/5759/5759
f 5751/5751/5751 5752/5752/5752 5761/5761/5761
f 5751/5751/5751 5761/5761/5761 5760/5760/5760
f 5752/5752/5752 5753/5753/5753 5762/5762/5762
f 5752/5752/5752 5762/5762/5762 5761/5761/5761
f 5753/5753/5753 5754/5754/5754 5763/5763/5763
f 5753/5753/5753 5763/5763/5763 5762/5762/5762
f 5754/5754/5754 5755/5755/5755 5764/5764/5764
f 5754/5754/5754 5764/5764/5764 5763/5763/5763
f 5756/5756/5756 5757/5757/5757 5766/5766/5766
f 5756/5756/5756 5766/5766/5766 5765/5765/5765
f 5757/5757/5757 5758/5758/5758 5767/5767/5767
f 5757/5757/5757 5767/5767/5767 5766/5766/5766
f 5758/5758/5758 5759/5759/5759 5768/5768/5768
f 5758/5758/5758 5768/5768/5768 5767/5767/5767
f 5759/5759/5759 5760/5760/5760 5769/5769/5769
f 5759/5759/5759 5769/5769/5769 5768/5768/5768
f 5760/5760/5760 5761/5761/5761 5770/5770/5770
f 5760/5760/5760 5770/5770/5770 5769/5769/5769
f 5761/5761/5761 5762/5762/5762 5771/5771/5771
f 5761/5761/5761 5771/5771/5771 5770/5770/5770
f 5762/5762/5762 5763/5763/5763 5772/5772/5772
f 5762/5762/5762 5772/5772/5772 5771/5771/5771
f 5763/5763/5763 5764/5764/5764 5773/5773/5773
f 5763/5763/5763 5773/5773/5773 5772/5772/5772
f 5774/5774/5774 5775/5775/5775 5782/5782/5782
f 5774/5774/5774 5782/5782/5782 5781/5781/5781
f 5775/5775/5775 5776/5776/5776 5783/5783/5783
f 5775/5775/5775 5783/5783/5783 5782/5782/5782
f 5776/5776/5776 5777/5777/5777 5784/5784/5784
f 5776/5776/5776 5784/5784/5784 5783/5783/5783
f 5777/5777/5777 5778/5778/5778 5785/5785/5785
f 5777/5777/5777 5785/5785/5785 5784/5784/5784
f 5778/5778/5778 5779/5779/5779 5786/5786/5786
f 5778/5778/5778 5786/5786/5786 5785/5785/5785
f 5779/5779/5779 5780/5780/5780 5787/5787/5787
f 5779/5779/5779 5787/5787/5787 5786/5786/5786
f 5781/5781/5781 5782/5782/5782 5789/5789/5789
f 5781/5781/5781 5789/5789/5789 5788/5788/5788
f 5782/5782/5782 5783/5783/5783 5790/5790/5790
f 5782/5782/5782 5790/5790/5790 5789/5789/5789
f 5783/5783/5783 5784/5784/5784 5791/5791/5791
f 5783/5783/5783 5791/5791/5791 5790/5790/5790
f 5784/5784/5784 5785/5785/5785 5792/5792/5792
f 5784/5784/5784 5792/5792/5792 5791/5791/5791
f 5785/5785/5785 5786/5786/5786 5793/5793/5793
f 5785/5785/5785 5793/5793/5793 5792/5792/5792
f 5786/5786/5786 5787/5787/5787 5794/5794/5794
f 5786/5786/5786 5794/5794/5794 5793/5793/5793
f 5788/5788/5788 5789/5789/5789 5796/5796/5796
f 5788/5788/5788 5796/5796/5796 5795/5795/5795
f 5789/5789/5789 5790/5790/5790 5797/5797/5797
f 5789/5789/5789 5797/5797/5797 5796/5796/5796
f 5790/5790/5790 5791/5791/5791 5798/5798/5798
f 5790/5790/5790 5798/5798/5798 5797/5797/5797
f 5791/5791/5791 5792/5792/5792 5799/5799/5799
f 5791/5791/5791 5799/5799/5799 5798/5798/5798
f 5792/5792/5792 5793/5793/5793 5800/5800/5800
f 5792/5792/5792 5800/5800/5800 5799/5799/5799
f 5793/5793/5793 5794/5794/5794 5801/5801/5801
f 5793/5793/5793 5801/5801/5801 5800/5800/5800
f 5795/5795/5795 5796/5796/5796 5803/5803/5803
f 5795/5795/5795 5803/5803/5803 5802/5802/5802
f 5796/5796/5796 5797/5797/5797 5804/5804/5804
f 5796/5796/5796 5804/5804/5804 5803/5803/5803
f 5797/5797/5797 5798/5798/5798 5805/5805/5805
f 5797/5797/5797 5805/5805/5805 5804/5804/5804
f 5798/5798/5798 5799/5799/5799 5806/5806/5806
f 5798/5798/5798 5806/5806/5806 5805/5805/5805
f 5799/5799/5799 5800/5800/5800 5807/5807/5807
f 5799/5799/5799 5807/5807/5807 5806/5806/5806
f 5800/5800/5800 5801/5801/5801 5808/5808/5808
f 5800/5800/5800 5808/5808/5808 5807/5807/5807
f 5809/5809/5809 5810/5810/5810 5819/5819/5819
f 5809/5809/5809 5819/5819/5819 5818/5818/5818
f 5810/5810/5810 5811/5811/5811 5820/5820/5820
f 5810/5810/5810 5820/5820/5820 5819/5819/5819
f 5811/5811/5811 5812/5812/5812 5821/5821/5821
f 5811/5811/5811 5821/5821/5821 5820/5820/5820
f 5812/5812/5812 5813/5813/5813 5822/5822/5822
f 5812/5812/5812 5822/5822/5822 5821/5821/5821
f 5813/5813/5813 5814/5814/5814 5823/5823/5823
f 5813/5813/5813 5823/5823/5823 5822/5822/5822
f 5814/5814/5814 5815/5815/5815 5824/5824/5824
f 5814/5814/5814 5824/5824/5824 5823/5823/5823
f 5815/5815/5815 5816/5816/5816 5825/5825/5825
f 5815/5815/5815 5825/5825/5825 5824/5824/5824
f 5816/5816/5816 5817/5817/5817 5826/5826/5826
f 5816/5816/5816 5826/5826/5826 5825/5825/5825
f 5818/5818/5818 5819/5819/5819 5828/5828/5828
f 5818/5818/5818 5828/5828/5828 5827/5827/5827
f 5819/5819/5819 5820/5820/5820 5829/5829/5829
f 5819/5819/5819 5829/5829/5829 5828/5828/5828
f 5820/5820/5820 5821/5821/5821 5830/5830/5830
f 5820/5820/5820 5830/5830/5830 5829/5829/5829
f 5821/5821/5821 5822/5822/5822 5831/5831/5831
f 5821/5821/5821 5831/5831/5831 5830/5830/5830
f 5822/5822/5822 5823/5823/5823 5832/5832/5832
f 5822/5822/5822 5832/5832/5832 5831/5831/5831
f 5823/5823/5823 5824/5824/5824 5833/5833/5833
f 5823/5823/5823 5833/5833/5833 5832/5832/5832
f 5824/5824/5824 5825/5825/5825 5834/5834/5834
f 5824/5824/5824 5834/5834/5834 5833/5833/5833
f 5825/5825/5825 5826/5826/5826 5835/5835/5835
f 5825/5825/5825 5835/5835/5835 5834/5834/5834
f 5827/5827/5827 5828/5828/5828 5837/5837/5837
f 5827/5827/5827 5837/5837/5837 5836/5836/5836
f 5828/5828/5828 5829/5829/5829 5838/5838/5838
f 5828/5828/5828 5838/5838/5838 5837/5837/5837
f 5829/5829/5829 5830/5830/5830 5839/5839/5839
f 5829/5829/5829 5839/5839/5839 5838/5838/5838
f 5830/5830/5830 5831/5831/5831 5840/5840/5840
f 5830/5830/5830 5840/5840/5840 5839/5839/5839
f 5831/5831/5831 5832/5832/5832 5841/5841/5841
f 5831/5831/5831 5841/5841/5841 5840/5840/5840
f 5832/5832/5832 5833/5833/5833 5842/5842/5842
f 5832/5832/5832 5842/5842/5842 5841/5841/5841
f 5833/5833/5833 5834/5834/5834 5843/5843/5843
f 5833/5833/5833 5843/5843/5843 5842/5842/5842
f 5834/5834/5834 5835/5835/5835 5844/5844/5844
f 5834/5834/5834 5844/5844/5844 5843/5843/5843
f 5836/5836/5836 5837/5837/5837 5846/5846/5846
f 5836/5836/5836 5846/5846/5846 5845/5845/5845
f 5837/5837/5837 5838/5838/5838 5847/5847/5847
f 5837/5837/5837 5847/5847/5847 5846/5846/5846
f 5838/5838/5838 5839/5839/5839 5848/5848/5848
f 5838/5838/5838 5848/5848/5848 5847/5847/5847
f 5839/5839/5839 5840/5840/5840 5849/5849/5849
f 5839/5839/5839 5849/5849/5849 5848/5848/5848
f 5840/5840/5840 5841/5841/5841 5850/5850/5850
f 5840/5840/5840 5850/5850/5850 5849/5849/5849
f 5841/5841/5841 5842/5842/5842 5851/5851/5851
f 5841/5841/5841 5851/5851/5851 5850/5850/5850
f 5842/5842/5842 5843/5843/5843 5852/5852/5852
f 5842/5842/5842 5852/5852/5852 5851/5851/5851
f 5843/5843/5843 5844/5844/5844 5853/5853/5853
f 5843/5843/5843 5853/5853/5853 5852/5852/5852
f 5854/5854/5854 5855/5855/5855 5864/5864/5864
f 5854/5854/5854 5864/5864/5864 5863/5863/5863
f 5855/5855/5855 5856/5856/5856 5865/5865/5865
f 5855/5855/5855 5865/5865/5865 5864/5864/5864
f 5856/5856/5856 5857/5857/5857 5866/5866/5866
f 5856/5856/5856 5866/5866/5866 5865/5865/5865
f 5857/5857/5857 5858/5858/5858 5867/5867/5867
f 5857/5857/5857 5867/5867/5867 5866/5866/5866
f 5858/5858/5858 5859/5859/5859 5868/5868/5868
f 5858/5858/5858 5868/5868/5868 5867/5867/5867
f 5859/5859/5859 5860/5860/5860 5869/5869/5869
f 5859/5859/5859 5869/5869/5869 5868/5868/5868
f 5860/5860/5860 5861/5861/5861 5870/5870/5870
f 5860/5860/5860 5870/5870/5870 5869/5869/5869
f 5861/5861/5861 5862/5862/5862 5871/5871/5871
f 5861/5861/5861 5871/5871/5871 5870/5870/5870
f 5863/5863/5863 5864/5864/5864 5873/5873/5873
f 5863/5863/5863 5873/5873/5873 5872/5872/5872
f 5864/5864/5864 5865/5865/5865 5874/5874/5874
f 5864/5864/5864 5874/5874/5874 5873/5873/5873
f 5865/5865/5865 5866/5866/5866 5875/5875/5875
f 5865/5865/5865 5875/5875/5875 5874/5874/5874
f 5866/5866/5866 5867/5867/5867 5876/5876/5876
f 5866/5866/5866 5876/5876/5876 5875/5875/5875
f 5867/5867/5867 5868/5868/5868 5877/5877/5877
f 5867/5867/5867 5877/5877/5877 5876/5876/5876
f 5868/5868/5868 5869/5869/5869 5878/5878/5878
f 5868/5868/5868 5878/5878/5878 5877/5877/5877
f 5869/5869/5869 5870/5870/5870 5879/5879/5879
f 5869/5869/5869 5879/5879/5879 5878/5878/5878
f 5870/5870/5870 5871/5871/5871 5880/5880/5880
f 5870/5870/5870 5880/5880/5880 5879/5879/5879
f 5872/5872/5872 5873/5873/5873 5882/5882/5882
f 5872/5872/5872 5882/5882/5882 5881/5881/5881
f 5873/5873/5873 5874/5874/5874 5883/5883/5883
f 5873/5873/5873 5883/5883/5883 5882/5882/5882
f 5874/5874/5874 5875/5875/5875 5884/5884/5884
f 5874/5874/5874 5884/5884/5884 5883/5883/5883
f 5875/5875/5875 5876/5876/5876 5885/5885/5885
f 5875/5875/5875 5885/5885/5885 5884/5884/5884
f 5876/5876/5876 5877/5877/5877 5886/5886/5886
f 5876/5876/5876 5886/5886/5886 5885/5885/5885
f 5877/5877/5877 5878/5878/5878 5887/5887/5887
f 5877/5877/5877 5887/5887/5887 5886/5886/5886
f 5878/5878/5878 5879/5879/5879 5888/5888/5888
f 5878/5878/5878 5888/5888/5888 5887/5887/5887
f 5879/5879/5879 5880/5880/5880 5889/5889/5889
f 5879/5879/5879 5889/5889/5889 5888/5888/5888
f 5881/5881/5881 5882/5882/5882 5891/5891/5891
f 5881/5881/5881 5891/5891/5891 5890/5890/5890
f 5882/5882/5882 5883/5883/5883 5892/5892/5892
f 5882/5882/5882 5892/5892/5892 5891/5891/5891
f 5883/5883/5883 5884/5884/5884 5893/5893/5893
f 5883/5883/5883 5893/5893/5893 5892/5892/5892
f 5884/5884/5884 5885/5885/5885 5894/5894/5894
f 5884/5884/5884 5894/5894/5894 5893/5893/5893
f 5885/5885/5885 5886/5886/5886 5895/5895/5895
f 5885/5885/5885 5895/5895/5895 5894/5894/5894
f 5886/5886/5886 5887/5887/5887 5896/5896/5896
f 5886/5886/5886 5896/5896/5896 5895/5895/5895
f 5887/5887/5887 5888/5888/5888 5897/5897/5897
f 5887/5887/5887 5897/5897/5897 5896/5896/5896
f 5888/5888/5888 5889/5889/5889 5898/5898/5898
f 5888/5888/5888 5898/5898/5898 5897/5897/5897
f 5899/5899/5899 5900/5900/5900 5909/5909/5909
f 5899/5899/5899 5909/5909/5909 5908/5908/5908
f 5900/5900/5900 5901/5901/5901 5910/5910/5910
f 5900/5900/5900 5910/5910/5910 5909/5909/5909
f 5901/5901/5901 5902/5902/5902 5911/5911/5911
f 5901/5901/5901 5911/5911/5911 5910/5910/5910
f 5902/5902/5902 5903/5903/5903 5912/5912/5912
f 5902/5902/5902 5912/5912/5912 5911/5911/5911
f 5903/5903/5903 5904/5904/5904 5913/5913/5913
f 5903/5903/5903 5913/5913/5913 5912/5912/5912
f 5904/5904/5904 5905/5905/5905 5914/5914/5914
f 5904/5904/5904 5914/5914/5914 5913/5913/5913
f 5905/5905/5905 5906/5906/5906 5915/5915/5915
f 5905/5905/5905 5915/5915/5915 5914/5914/5914
f 5906/5906/5906 5907/5907/5907 5916/5916/5916
f 5906/5906/5906 5916/5916/5916 5915/5915/5915
f 5908/5908/5908 5909/5909/5909 5918/5918/5918
f 5908/5908/5908 5918/5918/5918 5917/5917/5917
f 5909/5909/5909 5910/5910/5910 5919/5919/5919
f 5909/5909/5909 5919/5919/5919 5918/5918/5918
f 5910/5910/5910 5911/5911/5911 5920/5920/5920
f 5910/5910/5910 5920/5920/5920 5919/5919/5919
f 5911/5911/5911 5912/5912/5912 5921/5921/5921
f 5911/5911/5911 5921/5921/5921 5920/5920/5920
f 5912/5912/5912 5913/5913/5913 5922/5922/5922
f 5912/5912/5912 5922/5922/5922 5921/5921/5921
f 5913/5913/5913 5914/5914/5914 5923/5923/5923
f 5913/5913/5913 5923/5923/5923 5922/5922/5922
f 5914/5914/5914 5915/5915/5915 5924/5924/5924
f 5914/5914/5914 5924/5924/5924 5923/5923/5923
f 5915/5915/5915 5916/5916/5916 5925/5925/5925
f 5915/5915/5915 5925/5925/5925 5924/5924/5924
f 5917/5917/5917 5918/5918/5918 5927/5927/5927
f 5917/5917/5917 5927/5927/5927 5926/5926/5926
f 5918/5918/5918 5919/5919/5919 5928/5928/5928
f 5918/5918/5918 5928/5928/5928 5927/5927/5927
f 5919/5919/5919 5920/5920/5920 5929/5929/5929
f 5919/5919/5919 5929/5929/5929 5928/5928/5928
f 5920/5920/5920 5921/5921/5921 5930/5930/5930
f 5920/5920/5920 5930/5930/5930 5929/5929/5929
f 5921/5921/5921 5922/5922/5922 5931/5931/5931
f 5921/5921/5921 5931/5931/5931 5930/5930/5930
f 5922/5922/5922 5923/5923/5923 5932/5932/5932
f 5922/5922/5922 5932/5932/5932 5931/5931/5931
f 5923/5923/5923 5924/5924/5924 5933/5933/5933
f 5923/5923/5923 5933/5933/5933 5932/5932/5932
f 5924/5924/5924 5925/5925/5925 5934/5934/5934
f 5924/5924/5924 5934/5934/5934 5933/5933/5933
f 5926/5926/5926 5927/5927/5927 5936/5936/5936
f 5926/5926/5926 5936/5936/5936 5935/5935/5935
f 5927/5927/5927 5928/5928/5928 5937/5937/5937
f 5927/5927/5927 5937/5937/5937 5936/5936/5936
f 5928/5928/5928 5929/5929/5929 5938/5938/5938
f 5928/5928/5928 5938/5938/5938 5937/5937/5937
f 5929/5929/5929 5930/5930/5930 5939/5939/5939
f 5929/5929/5929 5939/5939/5939 5938/5938/5938
f 5930/5930/5930 5931/5931/5931 5940/5940/5940
f 5930/5930/5930 5940/5940/5940 5939/5939/5939
f 5931/5931/5931 5932/5932/5932 5941/5941/5941
f 5931/5931/5931 5941/5941/5941 5940/5940/5940
f 5932/5932/5932 5933/5933/5933 5942/5942/5942
f 5932/5932/5932 5942/5942/5942 5941/5941/5941
f 5933/5933/5933 5934/5934/5934 5943/5943/5943
f 5933/5933/5933 5943/5943/5943 5942/5942/5942
f 5944/5944/5944 5945/5945/5945 5954/5954/5954
f 5944/5944/5944 5954/5954/5954 5953/5953/5953
f 5945/5945/5945 5946/5946/5946 5955/5955/5955
f 5945/5945/5945 5955/5955/5955 5954/5954/5954
f 5946/5946/5946 5947/5947/5947 5956/5956/5956
f 5946/5946/5946 5956/5956/5956 5955/5955/5955
f 5947/5947/5947 5948/5948/5948 5957/5957/5957
f 5947/5947/5947 5957/5957/5957 5956/5956/5956
f 5948/5948/5948 5949/5949/5949 5958/5958/5958
f 5948/5948/5948 5958/5958/5958 5957/5957/5957
f 5949/5949/5949 5950/5950/5950 5959/5959/5959
f 5949/5949/5949 5959/5959/5959 5958/5958/5958
f 5950/5950/5950 5951/5951/5951 5960/5960/5960
f 5950/5950/5950 5960/5960/5960 5959/5959/5959
f 5951/5951/5951 5952/5952/5952 5961/5961/5961
f 5951/5951/5951 5961/5961/5961 5960/5960/5960
f 5953/5953/5953 5954/5954/5954 5963/5963/5963
f 5953/5953/5953 5963/5963/5963 5962/5962/5962
f 5954/5954/5954 5955/5955/5955 5964/5964/5964
f 5954/5954/5954 5964/5964/5964 5963/5963/5963
f 5955/5955/5955 5956/5956/5956 5965/5965/5965
f 5955/5955/5955 5965/5965/5965 5964/5964/5964
f 5956/5956/5956 5957/5957/5957 5966/5966/5966
f 5956/5956/5956 5966/5966/5966 5965/5965/5965
f 5957/5957/5957 5958/5958/5958 5967/5967/5967
f 5957/5957/5957 5967/5967/5967 5966/5966/5966
f 5958/5958/5958 5959/5959/5959 5968/5968/5968
f 5958/5958/5958 5968/5968/5968 5967/5967/5967
f 5959/5959/5959 5960/5960/5960 5969/5969/5969
f 5959/5959/5959 5969/5969/5969 5968/5968/5968
f 5960/5960/5960 5961/5961/5961 5970/5970/5970
f 5960/5960/5960 5970/5970/5970 5969/5969/5969
f 5962/5962/5962 5963/5963/5963 5972/5972/5972
f 5962/5962/5962 5972/5972/5972 5971/5971/5971
f 5963/5963/5963 5964/5964/5964 5973/5973/5973
f 5963/5963/5963 5973/5973/5973 5972/5972/5972
f 5964/5964/5964 5965/5965/5965 5974/5974/5974
f 5964/5964/5964 5974/5974/5974 5973/5973/5973
f 5965/5965/5965 5966/5966/5966 5975/5975/5975
f 5965/5965/5965 5975/5975/5975 5974/5974/5974
f 5966/5966/5966 5967/5967/5967 5976/5976/5976
f 5966/5966/5966 5976/5976/5976 5975/5975/5975
f 5967/5967/5967 5968/5968/5968 5977/5977/5977
f 5967/5967/5967 5977/5977/5977 5976/5976/5976
f 5968/5968/5968 5969/5969/5969 5978/5978/5978
f 5968/5968/5968 5978/5978/5978 5977/5977/5977
f 5969/5969/5969 5970/5970/5970 5979/5979/5979
f 5969/5969/5969 5979/5979/5979 5978/5978/5978
f 5971/5971/5971 5972/5972/5972 5981/5981/5981
f 5971/5971/5971 5981/5981/5981 5980/5980/5980
f 5972/5972/5972 5973/5973/5973 5982/5982/5982
f 5972/5972/5972 5982/5982/5982 5981/5981/5981
f 5973/5973/5973 5974/5974/5974 5983/5983/5983
f 5973/5973/5973 5983/5983/5983 5982/5982/5982
f 5974/5974/5974 5975/5975/5975 5984/5984/5984
f 5974/5974/5974 5984/5984/5984 5983/5983/5983
f 5975/5975/5975 5976/5976/5976 5985/5985/5985
f 5975/5975/5975 5985/5985/5985 5984/5984/5984
f 5976/5976/5976 5977/5977/5977 5986/5986/5986
f 5976/5976/5976 5986/5986/5986 5985/5985/5985
f 5977/5977/5977 5978/5978/5978 5987/5987/5987
f 5977/5977/5977 5987/5987/5987 5986/5986/5986
f 5978/5978/5978 5979/5979/5979 5988/5988/5988
f 5978/5978/5978 5988/5988/5988 5987/5987/5987
f 5989/5989/5989 5990/5990/5990 5999/5999/5999
f 5989/5989/5989 5999/5999/5999 5998/5998/5998
f 5990/5990/5990 5991/5991/5991 6000/6000/6000
f 5990/5990/5990 6000/6000/6000 5999/5999/5999
f 5991/5991/5991 5992/5992/5992 6001/6001/6001
f 5991/5991/5991 6001/6001/6001 6000/6000/6000
f 5992/5992/5992 5993/5993/5993 6002/6002/6002
f 5992/5992/5992 6002/6002/6002 6001/6001/6001
f 5993/5993/5993 5994/5994/5994 6003/6003/6003
f 5993/5993/5993 6003/6003/6003 6002/6002/6002
f 5994/5994/5994 5995/5995/5995 6004/6004/6004
f 5994/5994/5994 6004/6004/6004 6003/6003/6003
f 5995/5995/5995 5996/5996/5996 6005/6005/6005
f 5995/5995/5995 6005/6005/6005 6004/6004/6004
f 5996/5996/5996 5997/5997/5997 6006/6006/6006
f 5996/5996/5996 6006/6006/6006 6005/6005/6005
f 5998/5998/5998 5999/5999/5999 6008/6008/6008
f 5998/5998/5998 6008/6008/6008 6007/6007/6007
f 5999/5999/5999 6000/6000/6000 6009/6009/6009
f 5999/5999/5999 6009/6009/6009 6008/6008/6008
f 6000/6000/6000 6001/6001/6001 6010/6010/6010
f 6000/6000/6000 6010/6010/6010 6009/6009/6009
f 6001/6001/6001 6002/6002/6002 6011/6011/6011
f 6001/6001/6001 6011/6011/6011 6010/6010/6010
f 6002/6002/6002 6003/6003/6003 6012/6012/6012
f 6002/6002/6002 6012/6012/6012 6011/6011/6011
f 6003/6003/6003 6004/6004/6004 6013/6013/6013
f 6003/6003/6003 6013/6013/6013 6012/6012/6012
f 6004/6004/6004 6005/6005/6005 6014/6014/6014
f 6004/6004/6004 6014/6014/6014 6013/6013/6013
f 6005/6005/6005 6006/6006/6006 6015/6015/6015
f 6005/6005/6005 6015/6015/6015 6014/6014/6014
f 6007/6007/6007 6008/6008/6008 6017/6017/6017
f 6007/6007/6007 6017/6017/6017 6016/6016/6016
f 6008/6008/6008 6009/6009/6009 6018/6018/6018
f 6008/6008/6008 6018/6018/6018 6017/6017/6017
f 6009/6009/6009 6010/6010/6010 6019/6019/6019
f 6009/6009/6009 6019/6019/6019 6018/6018/6018
f 6010/6010/6010 6011/6011/6011 6020/6020/6020
f 6010/6010/6010 6020/6020/6020 6019/6019/6019
f 6011/6011/6011 6012/6012/6012 6021/6021/6021
f 6011/6011/6011 6021/6021/6021 6020/6020/6020
f 6012/6012/6012 6013/6013/6013 6022/6022/6022
f 6012/6012/6012 6022/6022/6022 6021/6021/6021
f 6013/6013/6013 6014/6014/6014 6023/6023/6023
f 6013/6013/6013 6023/6023/6023 6022/6022/6022
f 6014/6014/6014 6015/6015/6015 6024/6024/6024
f 6014/6014/6014 6024/6024/6024 6023/6023/6023
f 6016/6016/6016 6017/6017/6017 6026/6026/6026
f 6016/6016/6016 6026/6026/6026 6025/6025/6025
f 6017/6017/6017 6018/6018/6018 6027/6027/6027
f 6017/6017/6017 6027/6027/6027 6026/6026/6026
f 6018/6018/6018 6019/6019/6019 6028/6028/6028
f 6018/6018/6018 6028/6028/6028 6027/6027/6027
f 6019/6019/6019 6020/6020/6020 6029/6029/6029
f 6019/6019/6019 6029/6029/6029 6028/6028/6028
f 6020/6020/6020 6021/6021/6021 6030/6030/6030
f 6020/6020/6020 6030/6030/6030 6029/6029/6029
f 6021/6021/6021 6022/6022/6022 6031/6031/6031
f 6021/6021/6021 6031/6031/6031 6030/6030/6030
f 6022/6022/6022 6023/6023/6023 6032/6032/6032
f 6022/6022/6022 6032/6032/6032 6031/6031/6031
f 6023/6023/6023 6024/6024/6024 6033/6033/6033
f 6023/6023/6023 6033/6033/6033 6032/6032/6032
f 6034/6034/6034 6035/6035/6035 6042/6042/6042
f 6034/6034/6034 6042/6042/6042 6041/6041/6041
f 6035/6035/6035 6036/6036/6036 6043/6043/6043
f 6035/6035/6035 6043/6043/6043 6042/6042/6042
f 6036/6036/6036 6037/6037/6037 6044/6044/6044
f 6036/6036/6036 6044/6044/6044 6043/6043/6043
f 6037/6037/6037 6038/6038/6038 6045/6045/6045
f 6037/6037/6037 6045/6045/6045 6044/6044/6044
f 6038/6038/6038 6039/6039/6039 6046/6046/6046
f 6038/6038/6038 6046/6046/6046 6045/6045/6045
f 6039/6039/6039 6040/6040/6040 6047/6047/6047
f 6039/6039/6039 6047/6047/6047 6046/6046/6046
f 6041/6041/6041 6042/6042/6042 6049/6049/6049
f 6041/6041/6041 6049/6049/6049 6048/6048/6048
f 6042/6042/6042 6043/6043/6043 6050/6050/6050
f 6042/6042/6042 6050/6050/6050 6049/6049/6049
f 6043/6043/6043 6044/6044/6044 6051/6051/6051
f 6043/6043/6043 6051/6051/6051 6050/6050/6050
f 6044/6044/6044 6045/6045/6045 6052/6052/6052
f 6044/6044/6044 6052/6052/6052 6051/6051/6051
f 6045/6045/6045 6046/6046/6046 6053/6053/6053
f 6045/6045/6045 6053/6053/6053 6052/6052/6052
f 6046/6046/6046 6047/6047/6047 6054/6054/6054
f 6046/6046/6046 6054/6054/6054 6053/6053/6053
f 6048/6048/6048 6049/6049/6049 6056/6056/6056
f 6048/6048/6048 6056/6056/6056 6055/6055/6055
f 6049/6049/6049 6050/6050/6050 6057/6057/6057
f 6049/6049/6049 6057/6057/6057 6056/6056/6056
f 6050/6050/6050 6051/6051/6051 6058/6058/6058
f 6050/6050/6050 6058/6058/6058 6057/6057/6057
f 6051/6051/6051 6052/6052/6052 6059/6059/6059
f 6051/6051/6051 6059/6059/6059 6058/6058/6058
f 6052/6052/6052 6053/6053/6053 6060/6060/6060
f 6052/6052/6052 6060/6060/6060 6059/6059/6059
f 6053/6053/6053 6054/6054/6054 6061/6061/6061
f 6053/6053/6053 6061/6061/6061 6060/6060/6060
f 6055/6055/6055 6056/6056/6056 6063/6063/6063
f 6055/6055/6055 6063/6063/6063 6062/6062/6062
f 6056/6056/6056 6057/6057/6057 6064/6064/6064
f 6056/6056/6056 6064/6064/6064 6063/6063/6063
f 6057/6057/6057 6058/6058/6058 6065/6065/6065
f 6057/6057/6057 6065/6065/6065 6064/6064/6064
f 6058/6058/6058 6059/6059/6059 6066/6066/6066
f 6058/6058/6058 6066/6066/6066 6065/6065/6065
f 6059/6059/6059 6060/6060/6060 6067/6067/6067
f 6059/6059/6059 6067/6067/6067 6066/6066/6066
f 6060/6060/6060 6061/6061/6061 6068/6068/6068
f 6060/6060/6060 6068/6068/6068 6067/6067/6067
usemtl tassel
f 6069/6069/6069 6070/6070/6070 6075/6075/6075
f 6069/6069/6069 6075/6075/6075 6074/6074/6074
f 6070/6070/6070 6071/6071/6071 6076/6076/6076
f 6070/6070/6070 6076/6076/6076 6075/6075/6075
f 6071/6071/6071 6072/6072/6072 6077/6077/6077
f 6071/6071/6071 6077/6077/6077 6076/6076/6076
f 6072/6072/6072 6073/6073/6073 6078/6078/6078
f 6072/6072/6072 6078/6078/6078 6077/6077/6077
f 6079/6079/6079 6081/6081/6081 6080/6080/6080
f 6079/6079/6079 6082/6082/6082 6081/6081/6081
f 6079/6079/6079 6083/6083/6083 6082/6082/6082
f 6079/6079/6079 6080/6080/6080 6083/6083/6083
f 6084/6084/6084 6085/6085/6085 6086/6086/6086
f 6084/6084/6084 6086/6086/6086 6087/6087/6087
f 6084/6084/6084 6087/6087/6087 6088/6088/6088
f 6084/6084/6084 6088/6088/6088 6085/6085/6085
f 6089/6089/6089 6090/6090/6090 6094/6094/6094
f 6089/6089/6089 6094/6094/6094 6093/6093/6093
f 6090/6090/6090 6091/6091/6091 6095/6095/6095
f 6090/6090/6090 6095/6095/6095 6094/6094/6094
f 6091/6091/6091 6092/6092/6092 6096/6096/6096
f 6091/6091/6091 6096/6096/6096 6095/6095/6095
f 6093/6093/6093 6094/6094/6094 6098/6098/6098
f 6093/6093/6093 6098/6098/6098 6097/6097/6097
f 6094/6094/6094 6095/6095/6095 6099/6099/6099
f 6094/6094/6094 6099/6099/6099 6098/6098/6098
f 6095/6095/6095 6096/6096/6096 6100/6100/6100
f 6095/6095/6095 6100/6100/6100 6099/6099/6099
f 6097/6097/6097 6098/6098/6098 6102/6102/6102
f 6097/6097/6097 6102/6102/6102 6101/6101/6101
f 6098/6098/6098 6099/6099/6099 6103/6103/6103
f 6098/6098/6098 6103/6103/6103 6102/6102/6102
f 6099/6099/6099 6100/6100/6100 6104/6104/6104
f 6099/6099/6099 6104/6104/6104 6103/6103/6103
f 6105/6105/6105 6106/6106/6106 6110/6110/6110
f 6105/6105/6105 6110/6110/6110 6109/6109/6109
f 6106/6106/6106 6107/6107/6107 6111/6111/6111
f 6106/6106/6106 6111/6111/6111 6110/6110/6110
f 6107/6107/6107 6108/6108/6108 6112/6112/6112
f 6107/6107/6107 6112/6112/6112 6111/6111/6111
f 6109/6109/6109 6110/6110/6110 6114/6114/6114
f 6109/6109/6109 6114/6114/6114 6113/6113/6113
f 6110/6110/6110 6111/6111/6111 6115/6115/6115
f 6110/6110/6110 6115/6115/6115 6114/6114/6114
f 6111/6111/6111 6112/6112/6112 6116/6116/6116
f 6111/6111/6111 6116/6116/6116 6115/6115/6115
f 6113/6113/6113 6114/6114/6114 6118/6118/6118
f 6113/6113/6113 6118/6118/6118 6117/6117/6117
f 6114/6114/6114 6115/6115/6115 6119/6119/6119
f 6114/6114/6114 6119/6119/6119 6118/6118/6118
f 6115/6115/6115 6116/6116/6116 6120/6120/6120
f 6115/6115/6115 6120/6120/6120 6119/6119/6119
f 6121/6121/6121 6122/6122/6122 6126/6126/6126
f 6121/6121/6121 6126/6126/6126 6125/6125/6125
f 6122/6122/6122 6123/6123/6123 6127/6127/6127
f 6122/6122/6122 6127/6127/6127 6126/6126/6126
f 6123/6123/6123 6124/6124/6124 6128/6128/6128
f 6123/6123/6123 6128/6128/6128 6127/6127/6127
f 6125/6125/6125 6126/6126/6126 6130/6130/6130
f 6125/6125/6125 6130/6130/6130 6129/6129/6129
f 6126/6126/6126 6127/6127/6127 6131/6131/6131
f 6126/6126/6126 6131/6131/6131 6130/6130/6130
f 6127/6127/6127 6128/6128/6128 6132/6132/6132
f 6127/6127/6127 6132/6132/6132 6131/6131/6131
f 6129/6129/6129 6130/6130/6130 6134/6134/6134
f 6129/6129/6129 6134/6134/6134 6133/6133/6133
f 6130/6130/6130 6131/6131/6131 6135/6135/6135
f 6130/6130/6130 6135/6135/6135 6134/6134/6134
f 6131/6131/6131 6132/6132/6132 6136/6136/6136
f 6131/6131/6131 6136/6136/6136 6135/6135/6135
f 6137/6137/6137 6138/6138/6138 6142/6142/6142
f 6137/6137/6137 6142/6142/6142 6141/6141/6141
f 6138/6138/6138 6139/6139/6139 6143/6143/6143
f 6138/6138/6138 6143/6143/6143 6142/6142/6142
f 6139/6139/6139 6140/6140/6140 6144/6144/6144
f 6139/6139/6139 6144/6144/6144 6143/6143/6143
f 6141/6141/6141 6142/6142/6142 6146/6146/6146
f 6141/6141/6141 6146/6146/6146 6145/6145/6145
f 6142/6142/6142 6143/6143/6143 6147/6147/6147
f 6142/6142/6142 6147/6147/6147 6146/6146/6146
f 6143/6143/6143 6144/6144/6144 6148/6148/6148
f 6143/6143/6143 6148/6148/6148 6147/6147/6147
f 6145/6145/6145 6146/6146/6146 6150/6150/6150
f 6145/6145/6145 6150/6150/6150 6149/6149/6149
f 6146/6146/6146 6147/6147/6147 6151/6151/6151
f 6146/6146/6146 6151/6151/6151 6150/6150/6150
f 6147/6147/6147 6148/6148/6148 6152/6152/6152
f 6147/6147/6147 6152/6152/6152 6151/6151/6151
f 6153/6153/6153 6154/6154/6154 6158/6158/6158
f 6153/6153/6153 6158/6158/6158 6157/6157/6157
f 6154/6154/6154 6155/6155/6155 6159/6159/6159
f 6154/6154/6154 6159/6159/6159 6158/6158/6158
f 6155/6155/6155 6156/6156/6156 6160/6160/6160
f 6155/6155/6155 6160/6160/6160 6159/6159/6159
f 6157/6157/6157 6158/6158/6158 6162/6162/6162
f 6157/6157/6157 6162/6162/6162 6161/6161/6161
f 6158/6158/6158 6159/6159/6159 6163/6163/6163
f 6158/6158/6158 6163/6163/6163 6162/6162/6162
f 6159/6159/6159 6160/6160/6160 6164/6164/6164
f 6159/6159/6159 6164/6164/6164 6163/6163/6163
f 6161/6161/6161 6162/6162/6162 6166/6166/6166
f 6161/6161/6161 6166/6166/6166 6165/6165/6165
f 6162/6162/6162 6163/6163/6163 6167/6167/6167
f 6162/6162/6162 6167/6167/6167 6166/6166/6166
f 6163/6163/6163 6164/6164/6164 6168/6168/6168
f 6163/6163/6163 6168/6168/6168 6167/6167/6167
f 6169/6169/6169 6170/6170/6170 6174/6174/6174
f 6169/6169/6169 6174/6174/6174 6173/6173/6173
f 6170/6170/6170 6171/6171/6171 6175/6175/6175
f 6170/6170/6170 6175/6175/6175 6174/6174/6174
f 6171/6171/6171 6172/6172/6172 6176/6176/6176
f 6171/6171/6171 6176/6176/6176 6175/6175/6175
f 6173/6173/6173 6174/6174/6174 6178/6178/6178
f 6173/6173/6173 6178/6178/6178 6177/6177/6177
f 6174/6174/6174 6175/6175/6175 6179/6179/6179
f 6174/6174/6174 6179/6179/6179 6178/6178/6178
f 6175/6175/6175 6176/6176/6176 6180/6180/6180
f 6175/6175/6175 6180/6180/6180 6179/6179/6179
f 6177/6177/6177 6178/6178/6178 6182/6182/6182
f 6177/6177/6177 6182/6182/6182 6181/6181/6181
f 6178/6178/6178 6179/6179/6179 6183/6183/6183
f 6178/6178/6178 6183/6183/6183 6182/6182/6182
f 6179/6179/6179 6180/6180/6180 6184/6184/6184
f 6179/6179/6179 6184/6184/6184 6183/6183/6183
f 6185/6185/6185 6186/6186/6186 6190/6190/6190
f 6185/6185/6185 6190/6190/6190 6189/6189/6189
f 6186/6186/6186 6187/6187/6187 6191/6191/6191
f 6186/6186/6186 6191/6191/6191 6190/6190/6190
f 6187/6187/6187 6188/6188/6188 6192/6192/6192
f 6187/6187/6187 6192/6192/6192 6191/6191/6191
f 6193/6193/6193 6195/6195/6195 6194/6194/6194
f 6193/6193/6193 6196/6196/6196 6195/6195/6195
f 6193/6193/6193 6194/6194/6194 6196/6196/6196
f 6197/6197/6197 6198/6198/6198 6199/6199/6199
f 6197/6197/6197 6199/6199/6199 6200/6200/6200
f 6197/6197/6197 6200/6200/6200 6198/6198/6198
f 6201/6201/6201 6202/6202/6202 6206/6206/6206
f 6201/6201/6201 6206/6206/6206 6205/6205/6205
f 6202/6202/6202 6203/6203/6203 6207/6207/6207
f 6202/6202/6202 6207/6207/6207 6206/6206/6206
f 6203/6203/6203 6204/6204/6204 6208/6208/6208
f 6203/6203/6203 6208/6208/6208 6207/6207/6207
f 6209/6209/6209 6211/6211/6211 6210/6210/6210
f 6209/6209/6209 6212/6212/6212 6211/6211/6211
f 6209/6209/6209 6210/6210/6210 6212/6212/6212
f 6213/6213/6213 6214/6214/6214 6215/6215/6215
f 6213/6213/6213 6215/6215/6215 6216/6216/6216
f 6213/6213/6213 6216/6216/6216 6214/6214/6214
f 6217/6217/6217 6218/6218/6218 6222/6222/6222
f 6217/6217/6217 6222/6222/6222 6221/6221/6221
f 6218/6218/6218 6219/6219/6219 6223/6223/6223
f 6218/6218/6218 6223/6223/6223 6222/6222/6222
f 6219/6219/6219 6220/6220/6220 6224/6224/6224
f 6219/6219/6219 6224/6224/6224 6223/6223/6223
f 6225/6225/6225 6227/6227/6227 6226/6226/6226
f 6225/6225/6225 6228/6228/6228 6227/6227/6227
f 6225/6225/6225 6226/6226/6226 6228/6228/6228
f 6229/6229/6229 6230/6230/6230 6231/6231/6231
f 6229/6229/6229 6231/6231/6231 6232/6232/6232
f 6229/6229/6229 6232/6232/6232 6230/6230/6230
f 6233/6233/6233 6234/6234/6234 6238/6238/6238
f 6233/6233/6233 6238/6238/6238 6237/6237/6237
f 6234/6234/6234 6235/6235/6235 6239/6239/6239
f 6234/6234/6234 6239/6239/6239 6238/6238/6238
f 6235/6235/6235 6236/6236/6236 6240/6240/6240
f 6235/6235/6235 6240/6240/6240 6239/6239/6239
f 6241/6241/6241 6243/6243/6243 6242/6242/6242
f 6241/6241/6241 6244/6244/6244 6243/6243/6243
f 6241/6241/6241 6242/6242/6242 6244/6244/6244
f 6245/6245/6245 6246/6246/6246 6247/6247/6247
f 6245/6245/6245 6247/6247/6247 6248/6248/6248
f 6245/6245/6245 6248/6248/6248 6246/6246/6246
f 6249/6249/6249 6250/6250/6250 6254/6254/6254
f 6249/6249/6249 6254/6254/6254 6253/6253/6253
f 6250/6250/6250 6251/6251/6251 6255/6255/6255
f 6250/6250/6250 6255/6255/6255 6254/6254/6254
f 6251/6251/6251 6252/6252/6252 6256/6256/6256
f 6251/6251/6251 6256/6256/6256 6255/6255/6255
f 6257/6257/6257 6259/6259/6259 6258/6258/6258
f 6257/6257/6257 6260/6260/6260 6259/6259/6259
f 6257/6257/6257 6258/6258/6258 6260/6260/6260
f 6261/6261/6261 6262/6262/6262 6263/6263/6263
f 6261/6261/6261 6263/6263/6263 6264/6264/6264
f 6261/6261/6261 6264/6264/6264 6262/6262/6262
f 6265/6265/6265 6266/6266/6266 6270/6270/6270
f 6265/6265/6265 6270/6270/6270 6269/6269/6269
f 6266/6266/6266 6267/6267/6267 6271/6271/6271
f 6266/6266/6266 6271/6271/6271 6270/6270/6270
f 6267/6267/6267 6268/6268/6268 6272/6272/6272
f 6267/6267/6267 6272/6272/6272 6271/6271/6271
f 6273/6273/6273 6275/6275/6275 6274/6274/6274
f 6273/6273/6273 6276/6276/6276 6275/6275/6275
f 6273/6273/6273 6274/6274/6274 6276/6276/6276
f 6277/6277/6277 6278/6278/6278 6279/6279/6279
f 6277/6277/6277 6279/6279/6279 6280/6280/6280
f 6277/6277/6277 6280/6280/6280 6278/6278/6278
f 6281/6281/6281 6282/6282/6282 6286/6286/6286
f 6281/6281/6281 6286/6286/6286 6285/6285/6285
f 6282/6282/6282 6283/6283/6283 6287/6287/6287
f 6282/6282/6282 6287/6287/6287 6286/6286/6286
f 6283/6283/6283 6284/6284/6284 6288/6288/6288
f 6283/6283/6283 6288/6288/6288 6287/6287/6287
f 6289/6289/6289 6291/6291/6291 6290/6290/6290
f 6289/6289/6289 6292/6292/6292 6291/6291/6291
f 6289/6289/6289 6290/6290/6290 6292/6292/6292
f 6293/6293/6293 6294/6294/6294 6295/6295/6295
f 6293/6293/6293 6295/6295/6295 6296/6296/6296
f 6293/6293/6293 6296/6296/6296 6294/6294/6294
f 6297/6297/6297 6298/6298/6298 6302/6302/6302
f 6297/6297/6297 6302/6302/6302 6301/6301/6301
f 6298/6298/6298 6299/6299/6299 6303/6303/6303
f 6298/6298/6298 6303/6303/6303 6302/6302/6302
f 6299/6299/6299 6300/6300/6300 6304/6304/6304
f 6299/6299/6299 6304/6304/6304 6303/6303/6303
f 6305/6305/6305 6307/6307/6307 6306/6306/6306
f 6305/6305/6305 6308/6308/6308 6307/6307/6307
f 6305/6305/6305 6306/6306/6306 6308/6308/6308
f 6309/6309/6309 6310/6310/6310 6311/6311/6311
f 6309/6309/6309 6311/6311/6311 6312/6312/6312
f 6309/6309/6309 6312/6312/6312 6310/6310/6310
f 6313/6313/6313 6314/6314/6314 6318/6318/6318
f 6313/6313/6313 6318/6318/6318 6317/6317/6317
f 6314/6314/6314 6315/6315/6315 6319/6319/6319
f 6314/6314/6314 6319/6319/6319 6318/6318/6318
f 6315/6315/6315 6316/6316/6316 6320/6320/6320
f 6315/6315/6315 6320/6320/6320 6319/6319/6319
f 6321/6321/6321 6323/6323/6323 6322/6322/6322
f 6321/6321/6321 6324/6324/6324 6323/6323/6323
f 6321/6321/6321 6322/6322/6322 6324/6324/6324
f 6325/6325/6325 6326/6326/6326 6327/6327/6327
f 6325/6325/6325 6327/6327/6327 6328/6328/6328
f 6325/6325/6325 6328/6328/6328 6326/6326/6326
f 6329/6329/6329 6330/6330/6330 6334/6334/6334
f 6329/6329/6329 6334/6334/6334 6333/6333/6333
f 6330/6330/6330 6331/6331/6331 6335/6335/6335
f 6330/6330/6330 6335/6335/6335 6334/6334/6334
f 6331/6331/6331 6332/6332/6332 6336/6336/6336
f 6331/6331/6331 6336/6336/6336 6335/6335/6335
f 6337/6337/6337 6339/6339/6339 6338/6338/6338
f 6337/6337/6337 6340/6340/6340 6339/6339/6339
f 6337/6337/6337 6338/6338/6338 6340/6340/6340
f 6341/6341/6341 6342/6342/6342 6343/6343/6343
f 6341/6341/6341 6343/6343/6343 6344/6344/6344
f 6341/6341/6341 6344/6344/6344 6342/6342/6342
usemtl gold
f 6345/6345/6345 6349/6349/6349 6350/6350/6350
f 6345/6345/6345 6350/6350/6350 6346/6346/6346
f 6346/6346/6346 6350/6350/6350 6351/6351/6351
f 6346/6346/6346 6351/6351/6351 6347/6347/6347
f 6347/6347/6347 6351/6351/6351 6352/6352/6352
f 6347/6347/6347 6352/6352/6352 6348/6348/6348
f 6349/6349/6349 6353/6353/6353 6354/6354/6354
f 6349/6349/6349 6354/6354/6354 6350/6350/6350
f 6350/6350/6350 6354/6354/6354 6355/6355/6355
f 6350/6350/6350 6355/6355/6355 6351/6351/6351
f 6351/6351/6351 6355/6355/6355 6356/6356/6356
f 6351/6351/6351 6356/6356/6356 6352/6352/6352
f 6353/6353/6353 6357/6357/6357 6358/6358/6358
f 6353/6353/6353 6358/6358/6358 6354/6354/6354
f 6354/6354/6354 6358/6358/6358 6359/6359/6359
f 6354/6354/6354 6359/6359/6359 6355/6355/6355
f 6355/6355/6355 6359/6359/6359 6360/6360/6360
f 6355/6355/6355 6360/6360/6360 6356/6356/6356
f 6357/6357/6357 6361/6361/6361 6362/6362/6362
f 6357/6357/6357 6362/6362/6362 6358/6358/6358
f 6358/6358/6358 6362/6362/6362 6363/6363/6363
f 6358/6358/6358 6363/6363/6363 6359/6359/6359
f 6359/6359/6359 6363/6363/6363 6364/6364/6364
f 6359/6359/6359 6364/6364/6364 6360/6360/6360
f 6361/6361/6361 6365/6365/6365 6366/6366/6366
f 6361/6361/6361 6366/6366/6366 6362/6362/6362
f 6362/6362/6362 6366/6366/6366 6367/6367/6367
f 6362/6362/6362 6367/6367/6367 6363/6363/6363
f 6363/6363/6363 6367/6367/6367 6368/6368/6368
f 6363/6363/6363 6368/6368/6368 6364/6364/6364
f 6365/6365/6365 6369/6369/6369 6370/6370/6370
f 6365/6365/6365 6370/6370/6370 6366/6366/6366
f 6366/6366/6366 6370/6370/6370 6371/6371/6371
f 6366/6366/6366 6371/6371/6371 6367/6367/6367
f 6367/6367/6367 6371/6371/6371 6372/6372/6372
f 6367/6367/6367 6372/6372/6372 6368/6368/6368
f 6369/6369/6369 6373/6373/6373 6374/6374/6374
f 6369/6369/6369 6374/6374/6374 6370/6370/6370
f 6370/6370/6370 6374/6374/6374 6375/6375/6375
f 6370/6370/6370 6375/6375/6375 6371/6371/6371
f 6371/6371/6371 6375/6375/6375 6376/6376/6376
f 6371/6371/6371 6376/6376/6376 6372/6372/6372
f 6373/6373/6373 6377/6377/6377 6378/6378/6378
f 6373/6373/6373 6378/6378/6378 6374/6374/6374
f 6374/6374/6374 6378/6378/6378 6379/6379/6379
f 6374/6374/6374 6379/6379/6379 6375/6375/6375
f 6375/6375/6375 6379/6379/6379 6380/6380/6380
f 6375/6375/6375 6380/6380/6380 6376/6376/6376
