# Sinh tự động bởi tools/mesh_kit.py - đừng sửa tay
o seat_cushion_L
v 0.0229 0.4269 0.1831
v 0.0219 0.4259 0.1809
v 0.0193 0.4233 0.1733
v 0.0177 0.4217 0.1600
v 0.0177 0.4217 0.1033
v 0.0177 0.4217 0.0467
v 0.0177 0.4217 -0.0100
v 0.0177 0.4217 -0.0667
v 0.0177 0.4217 -0.1233
v 0.0177 0.4137 -0.1800
v 0.0193 0.4153 -0.1933
v 0.0219 0.4179 -0.2009
v 0.0229 0.4189 -0.2031
v 0.0219 0.4291 0.1841
v 0.0207 0.4281 0.1819
v 0.0177 0.4255 0.1741
v 0.0158 0.4238 0.1600
v 0.0158 0.4238 0.1033
v 0.0158 0.4238 0.0467
v 0.0158 0.4238 -0.0100
v 0.0158 0.4238 -0.0667
v 0.0158 0.4238 -0.1233
v 0.0158 0.4158 -0.1800
v 0.0177 0.4175 -0.1941
v 0.0207 0.4201 -0.2019
v 0.0219 0.4211 -0.2041
v 0.0193 0.4367 0.1867
v 0.0177 0.4359 0.1845
v 0.0133 0.4337 0.1763
v 0.0102 0.4321 0.1600
v 0.0102 0.4321 0.1033
v 0.0102 0.4321 0.0467
v 0.0102 0.4321 -0.0100
v 0.0102 0.4321 -0.0667
v 0.0102 0.4321 -0.1233
v 0.0102 0.4241 -0.1800
v 0.0133 0.4257 -0.1963
v 0.0177 0.4279 -0.2045
v 0.0193 0.4287 -0.2067
v 0.0177 0.4500 0.1883
v 0.0158 0.4500 0.1862
v 0.0102 0.4500 0.1779
v 0.0060 0.4500 0.1600
v 0.0060 0.4500 0.1033
v 0.0060 0.4500 0.0467
v 0.0060 0.4500 -0.0100
v 0.0060 0.4500 -0.0667
v 0.0060 0.4500 -0.1233
v 0.0060 0.4420 -0.1800
v 0.0102 0.4420 -0.1979
v 0.0158 0.4420 -0.2062
v 0.0177 0.4420 -0.2083
v 0.0177 0.4550 0.1883
v 0.0158 0.4550 0.1862
v 0.0102 0.4550 0.1779
v 0.0060 0.4550 0.1600
v 0.0060 0.4550 0.1033
v 0.0060 0.4550 0.0467
v 0.0060 0.4550 -0.0100
v 0.0060 0.4550 -0.0667
v 0.0060 0.4550 -0.1233
v 0.0060 0.4470 -0.1800
v 0.0102 0.4470 -0.1979
v 0.0158 0.4470 -0.2062
v 0.0177 0.4470 -0.2083
v 0.0177 0.4600 0.1883
v 0.0158 0.4600 0.1862
v 0.0102 0.4600 0.1779
v 0.0060 0.4600 0.1600
v 0.0060 0.4600 0.1033
v 0.0060 0.4600 0.0467
v 0.0060 0.4600 -0.0100
v 0.0060 0.4600 -0.0667
v 0.0060 0.4600 -0.1233
v 0.0060 0.4520 -0.1800
v 0.0102 0.4520 -0.1979
v 0.0158 0.4520 -0.2062
v 0.0177 0.4520 -0.2083
v 0.0177 0.4650 0.1883
v 0.0158 0.4650 0.1862
v 0.0102 0.4650 0.1779
v 0.0060 0.4650 0.1600
v 0.0060 0.4650 0.1033
v 0.0060 0.4650 0.0467
v 0.0060 0.4650 -0.0100
v 0.0060 0.4650 -0.0667
v 0.0060 0.4650 -0.1233
v 0.0060 0.4570 -0.1800
v 0.0102 0.4570 -0.1979
v 0.0158 0.4570 -0.2062
v 0.0177 0.4570 -0.2083
v 0.0177 0.4702 0.1883
v 0.0158 0.4702 0.1862
v 0.0102 0.4701 0.1779
v 0.0060 0.4700 0.1600
v 0.0060 0.4700 0.1033
v 0.0060 0.4700 0.0467
v 0.0060 0.4700 -0.0100
v 0.0060 0.4700 -0.0667
v 0.0060 0.4700 -0.1233
v 0.0060 0.4620 -0.1800
v 0.0102 0.4621 -0.1979
v 0.0158 0.4622 -0.2062
v 0.0177 0.4622 -0.2083
v 0.0177 0.4752 0.1883
v 0.0158 0.4752 0.1862
v 0.0102 0.4751 0.1779
v 0.0060 0.4750 0.1600
v 0.0060 0.4750 0.1033
v 0.0060 0.4750 0.0467
v 0.0060 0.4750 -0.0100
v 0.0060 0.4750 -0.0667
v 0.0060 0.4750 -0.1233
v 0.0060 0.4670 -0.1800
v 0.0102 0.4671 -0.1979
v 0.0158 0.4672 -0.2062
v 0.0177 0.4672 -0.2083
v 0.0177 0.4802 0.1883
v 0.0158 0.4802 0.1862
v 0.0102 0.4801 0.1779
v 0.0060 0.4800 0.1600
v 0.0060 0.4800 0.1033
v 0.0060 0.4800 0.0467
v 0.0060 0.4800 -0.0100
v 0.0060 0.4800 -0.0667
v 0.0060 0.4800 -0.1233
v 0.0060 0.4720 -0.1800
v 0.0102 0.4721 -0.1979
v 0.0158 0.4722 -0.2062
v 0.0177 0.4722 -0.2083
v 0.0193 0.4936 0.1867
v 0.0177 0.4944 0.1845
v 0.0133 0.4965 0.1763
v 0.0102 0.4981 0.1600
v 0.0102 0.4983 0.1033
v 0.0102 0.4984 0.0467
v 0.0102 0.4985 -0.0100
v 0.0102 0.4984 -0.0667
v 0.0102 0.4983 -0.1233
v 0.0102 0.4901 -0.1800
v 0.0133 0.4885 -0.1963
v 0.0177 0.4864 -0.2045
v 0.0193 0.4856 -0.2067
v 0.0219 0.5012 0.1841
v 0.0207 0.5022 0.1819
v 0.0177 0.5049 0.1741
v 0.0158 0.5066 0.1600
v 0.0158 0.5071 0.1033
v 0.0158 0.5074 0.0467
v 0.0158 0.5075 -0.0100
v 0.0158 0.5074 -0.0667
v 0.0158 0.5071 -0.1233
v 0.0158 0.4986 -0.1800
v 0.0177 0.4969 -0.1941
v 0.0207 0.4942 -0.2019
v 0.0219 0.4932 -0.2041
v 0.0229 0.5034 0.1831
v 0.0219 0.5045 0.1809
v 0.0193 0.5071 0.1733
v 0.0177 0.5088 0.1600
v 0.0177 0.5094 0.1033
v 0.0177 0.5097 0.0467
v 0.0177 0.5098 -0.0100
v 0.0177 0.5097 -0.0667
v 0.0177 0.5094 -0.1233
v 0.0177 0.5008 -0.1800
v 0.0193 0.4991 -0.1933
v 0.0219 0.4965 -0.2009
v 0.0229 0.4954 -0.2031
v 0.3971 0.4189 -0.2031
v 0.3981 0.4179 -0.2009
v 0.4007 0.4153 -0.1933
v 0.4023 0.4137 -0.1800
v 0.4023 0.4217 -0.1233
v 0.4023 0.4217 -0.0667
v 0.4023 0.4217 -0.0100
v 0.4023 0.4217 0.0467
v 0.4023 0.4217 0.1033
v 0.4023 0.4217 0.1600
v 0.4007 0.4233 0.1733
v 0.3981 0.4259 0.1809
v 0.3971 0.4269 0.1831
v 0.3981 0.4211 -0.2041
v 0.3993 0.4201 -0.2019
v 0.4023 0.4175 -0.1941
v 0.4042 0.4158 -0.1800
v 0.4042 0.4238 -0.1233
v 0.4042 0.4238 -0.0667
v 0.4042 0.4238 -0.0100
v 0.4042 0.4238 0.0467
v 0.4042 0.4238 0.1033
v 0.4042 0.4238 0.1600
v 0.4023 0.4255 0.1741
v 0.3993 0.4281 0.1819
v 0.3981 0.4291 0.1841
v 0.4007 0.4287 -0.2067
v 0.4023 0.4279 -0.2045
v 0.4067 0.4257 -0.1963
v 0.4098 0.4241 -0.1800
v 0.4098 0.4321 -0.1233
v 0.4098 0.4321 -0.0667
v 0.4098 0.4321 -0.0100
v 0.4098 0.4321 0.0467
v 0.4098 0.4321 0.1033
v 0.4098 0.4321 0.1600
v 0.4067 0.4337 0.1763
v 0.4023 0.4359 0.1845
v 0.4007 0.4367 0.1867
v 0.4023 0.4420 -0.2083
v 0.4042 0.4420 -0.2062
v 0.4098 0.4420 -0.1979
v 0.4140 0.4420 -0.1800
v 0.4140 0.4500 -0.1233
v 0.4140 0.4500 -0.0667
v 0.4140 0.4500 -0.0100
v 0.4140 0.4500 0.0467
v 0.4140 0.4500 0.1033
v 0.4140 0.4500 0.1600
v 0.4098 0.4500 0.1779
v 0.4042 0.4500 0.1862
v 0.4023 0.4500 0.1883
v 0.4023 0.4470 -0.2083
v 0.4042 0.4470 -0.2062
v 0.4098 0.4470 -0.1979
v 0.4140 0.4470 -0.1800
v 0.4140 0.4550 -0.1233
v 0.4140 0.4550 -0.0667
v 0.4140 0.4550 -0.0100
v 0.4140 0.4550 0.0467
v 0.4140 0.4550 0.1033
v 0.4140 0.4550 0.1600
v 0.4098 0.4550 0.1779
v 0.4042 0.4550 0.1862
v 0.4023 0.4550 0.1883
v 0.4023 0.4520 -0.2083
v 0.4042 0.4520 -0.2062
v 0.4098 0.4520 -0.1979
v 0.4140 0.4520 -0.1800
v 0.4140 0.4600 -0.1233
v 0.4140 0.4600 -0.0667
v 0.4140 0.4600 -0.0100
v 0.4140 0.4600 0.0467
v 0.4140 0.4600 0.1033
v 0.4140 0.4600 0.1600
v 0.4098 0.4600 0.1779
v 0.4042 0.4600 0.1862
v 0.4023 0.4600 0.1883
v 0.4023 0.4570 -0.2083
v 0.4042 0.4570 -0.2062
v 0.4098 0.4570 -0.1979
v 0.4140 0.4570 -0.1800
v 0.4140 0.4650 -0.1233
v 0.4140 0.4650 -0.0667
v 0.4140 0.4650 -0.0100
v 0.4140 0.4650 0.0467
v 0.4140 0.4650 0.1033
v 0.4140 0.4650 0.1600
v 0.4098 0.4650 0.1779
v 0.4042 0.4650 0.1862
v 0.4023 0.4650 0.1883
v 0.4023 0.4622 -0.2083
v 0.4042 0.4622 -0.2062
v 0.4098 0.4621 -0.1979
v 0.4140 0.4620 -0.1800
v 0.4140 0.4700 -0.1233
v 0.4140 0.4700 -0.0667
v 0.4140 0.4700 -0.0100
v 0.4140 0.4700 0.0467
v 0.4140 0.4700 0.1033
v 0.4140 0.4700 0.1600
v 0.4098 0.4701 0.1779
v 0.4042 0.4702 0.1862
v 0.4023 0.4702 0.1883
v 0.4023 0.4672 -0.2083
v 0.4042 0.4672 -0.2062
v 0.4098 0.4671 -0.1979
v 0.4140 0.4670 -0.1800
v 0.4140 0.4750 -0.1233
v 0.4140 0.4750 -0.0667
v 0.4140 0.4750 -0.0100
v 0.4140 0.4750 0.0467
v 0.4140 0.4750 0.1033
v 0.4140 0.4750 0.1600
v 0.4098 0.4751 0.1779
v 0.4042 0.4752 0.1862
v 0.4023 0.4752 0.1883
v 0.4023 0.4722 -0.2083
v 0.4042 0.4722 -0.2062
v 0.4098 0.4721 -0.1979
v 0.4140 0.4720 -0.1800
v 0.4140 0.4800 -0.1233
v 0.4140 0.4800 -0.0667
v 0.4140 0.4800 -0.0100
v 0.4140 0.4800 0.0467
v 0.4140 0.4800 0.1033
v 0.4140 0.4800 0.1600
v 0.4098 0.4801 0.1779
v 0.4042 0.4802 0.1862
v 0.4023 0.4802 0.1883
v 0.4007 0.4856 -0.2067
v 0.4023 0.4864 -0.2045
v 0.4067 0.4885 -0.1963
v 0.4098 0.4901 -0.1800
v 0.4098 0.4983 -0.1233
v 0.4098 0.4984 -0.0667
v 0.4098 0.4985 -0.0100
v 0.4098 0.4984 0.0467
v 0.4098 0.4983 0.1033
v 0.4098 0.4981 0.1600
v 0.4067 0.4965 0.1763
v 0.4023 0.4944 0.1845
v 0.4007 0.4936 0.1867
v 0.3981 0.4932 -0.2041
v 0.3993 0.4942 -0.2019
v 0.4023 0.4969 -0.1941
v 0.4042 0.4986 -0.1800
v 0.4042 0.5071 -0.1233
v 0.4042 0.5074 -0.0667
v 0.4042 0.5075 -0.0100
v 0.4042 0.5074 0.0467
v 0.4042 0.5071 0.1033
v 0.4042 0.5066 0.1600
v 0.4023 0.5049 0.1741
v 0.3993 0.5022 0.1819
v 0.3981 0.5012 0.1841
v 0.3971 0.4954 -0.2031
v 0.3981 0.4965 -0.2009
v 0.4007 0.4991 -0.1933
v 0.4023 0.5008 -0.1800
v 0.4023 0.5094 -0.1233
v 0.4023 0.5097 -0.0667
v 0.4023 0.5098 -0.0100
v 0.4023 0.5097 0.0467
v 0.4023 0.5094 0.1033
v 0.4023 0.5088 0.1600
v 0.4007 0.5071 0.1733
v 0.3981 0.5045 0.1809
v 0.3971 0.5034 0.1831
v 0.3971 0.5034 0.1831
v 0.3949 0.5045 0.1841
v 0.3873 0.5071 0.1867
v 0.3740 0.5088 0.1883
v 0.3193 0.5094 0.1883
v 0.2647 0.5097 0.1883
v 0.2100 0.5098 0.1883
v 0.1553 0.5097 0.1883
v 0.1007 0.5094 0.1883
v 0.0460 0.5088 0.1883
v 0.0327 0.5071 0.1867
v 0.0251 0.5045 0.1841
v 0.0229 0.5034 0.1831
v 0.3981 0.5045 0.1809
v 0.3959 0.5057 0.1819
v 0.3881 0.5088 0.1845
v 0.3740 0.5109 0.1862
v 0.3193 0.5115 0.1862
v 0.2647 0.5119 0.1862
v 0.2100 0.5120 0.1862
v 0.1553 0.5119 0.1862
v 0.1007 0.5115 0.1862
v 0.0460 0.5109 0.1862
v 0.0319 0.5088 0.1845
v 0.0241 0.5057 0.1819
v 0.0219 0.5045 0.1809
v 0.4007 0.5071 0.1733
v 0.3985 0.5088 0.1741
v 0.3903 0.5133 0.1763
v 0.3740 0.5168 0.1779
v 0.3193 0.5178 0.1779
v 0.2647 0.5184 0.1779
v 0.2100 0.5186 0.1779
v 0.1553 0.5184 0.1779
v 0.1007 0.5178 0.1779
v 0.0460 0.5168 0.1779
v 0.0297 0.5133 0.1763
v 0.0215 0.5088 0.1741
v 0.0193 0.5071 0.1733
v 0.4023 0.5088 0.1600
v 0.4002 0.5109 0.1600
v 0.3919 0.5168 0.1600
v 0.3740 0.5217 0.1600
v 0.3193 0.5234 0.1600
v 0.2647 0.5245 0.1600
v 0.2100 0.5248 0.1600
v 0.1553 0.5245 0.1600
v 0.1007 0.5234 0.1600
v 0.0460 0.5217 0.1600
v 0.0281 0.5168 0.1600
v 0.0198 0.5109 0.1600
v 0.0177 0.5088 0.1600
v 0.4023 0.5094 0.1033
v 0.4002 0.5115 0.1033
v 0.3919 0.5178 0.1033
v 0.3740 0.5235 0.1033
v 0.3193 0.5271 0.1033
v 0.2647 0.5292 0.1033
v 0.2100 0.5299 0.1033
v 0.1553 0.5292 0.1033
v 0.1007 0.5271 0.1033
v 0.0460 0.5235 0.1033
v 0.0281 0.5178 0.1033
v 0.0198 0.5115 0.1033
v 0.0177 0.5094 0.1033
v 0.4023 0.5097 0.0467
v 0.4002 0.5119 0.0467
v 0.3919 0.5184 0.0467
v 0.3740 0.5246 0.0467
v 0.3193 0.5293 0.0467
v 0.2647 0.5320 0.0467
v 0.2100 0.5330 0.0467
v 0.1553 0.5320 0.0467
v 0.1007 0.5293 0.0467
v 0.0460 0.5246 0.0467
v 0.0281 0.5184 0.0467
v 0.0198 0.5119 0.0467
v 0.0177 0.5097 0.0467
v 0.4023 0.5098 -0.0100
v 0.4002 0.5121 -0.0100
v 0.3919 0.5186 -0.0100
v 0.3740 0.5250 -0.0100
v 0.3193 0.5300 -0.0100
v 0.2647 0.5330 -0.0100
v 0.2100 0.5340 -0.0100
v 0.1553 0.5330 -0.0100
v 0.1007 0.5300 -0.0100
v 0.0460 0.5250 -0.0100
v 0.0281 0.5186 -0.0100
v 0.0198 0.5121 -0.0100
v 0.0177 0.5098 -0.0100
v 0.4023 0.5097 -0.0667
v 0.4002 0.5119 -0.0667
v 0.3919 0.5184 -0.0667
v 0.3740 0.5246 -0.0667
v 0.3193 0.5293 -0.0667
v 0.2647 0.5320 -0.0667
v 0.2100 0.5330 -0.0667
v 0.1553 0.5320 -0.0667
v 0.1007 0.5293 -0.0667
v 0.0460 0.5246 -0.0667
v 0.0281 0.5184 -0.0667
v 0.0198 0.5119 -0.0667
v 0.0177 0.5097 -0.0667
v 0.4023 0.5094 -0.1233
v 0.4002 0.5115 -0.1233
v 0.3919 0.5178 -0.1233
v 0.3740 0.5235 -0.1233
v 0.3193 0.5271 -0.1233
v 0.2647 0.5292 -0.1233
v 0.2100 0.5299 -0.1233
v 0.1553 0.5292 -0.1233
v 0.1007 0.5271 -0.1233
v 0.0460 0.5235 -0.1233
v 0.0281 0.5178 -0.1233
v 0.0198 0.5115 -0.1233
v 0.0177 0.5094 -0.1233
v 0.4023 0.5008 -0.1800
v 0.4002 0.5029 -0.1800
v 0.3919 0.5088 -0.1800
v 0.3740 0.5137 -0.1800
v 0.3193 0.5154 -0.1800
v 0.2647 0.5165 -0.1800
v 0.2100 0.5168 -0.1800
v 0.1553 0.5165 -0.1800
v 0.1007 0.5154 -0.1800
v 0.0460 0.5137 -0.1800
v 0.0281 0.5088 -0.1800
v 0.0198 0.5029 -0.1800
v 0.0177 0.5008 -0.1800
v 0.4007 0.4991 -0.1933
v 0.3985 0.5008 -0.1941
v 0.3903 0.5053 -0.1963
v 0.3740 0.5088 -0.1979
v 0.3193 0.5098 -0.1979
v 0.2647 0.5104 -0.1979
v 0.2100 0.5106 -0.1979
v 0.1553 0.5104 -0.1979
v 0.1007 0.5098 -0.1979
v 0.0460 0.5088 -0.1979
v 0.0297 0.5053 -0.1963
v 0.0215 0.5008 -0.1941
v 0.0193 0.4991 -0.1933
v 0.3981 0.4965 -0.2009
v 0.3959 0.4977 -0.2019
v 0.3881 0.5008 -0.2045
v 0.3740 0.5029 -0.2062
v 0.3193 0.5035 -0.2062
v 0.2647 0.5039 -0.2062
v 0.2100 0.5040 -0.2062
v 0.1553 0.5039 -0.2062
v 0.1007 0.5035 -0.2062
v 0.0460 0.5029 -0.2062
v 0.0319 0.5008 -0.2045
v 0.0241 0.4977 -0.2019
v 0.0219 0.4965 -0.2009
v 0.3971 0.4954 -0.2031
v 0.3949 0.4965 -0.2041
v 0.3873 0.4991 -0.2067
v 0.3740 0.5008 -0.2083
v 0.3193 0.5014 -0.2083
v 0.2647 0.5017 -0.2083
v 0.2100 0.5018 -0.2083
v 0.1553 0.5017 -0.2083
v 0.1007 0.5014 -0.2083
v 0.0460 0.5008 -0.2083
v 0.0327 0.4991 -0.2067
v 0.0251 0.4965 -0.2041
v 0.0229 0.4954 -0.2031
v 0.3971 0.4189 -0.2031
v 0.3949 0.4179 -0.2041
v 0.3873 0.4153 -0.2067
v 0.3740 0.4137 -0.2083
v 0.3193 0.4137 -0.2083
v 0.2647 0.4137 -0.2083
v 0.2100 0.4137 -0.2083
v 0.1553 0.4137 -0.2083
v 0.1007 0.4137 -0.2083
v 0.0460 0.4137 -0.2083
v 0.0327 0.4153 -0.2067
v 0.0251 0.4179 -0.2041
v 0.0229 0.4189 -0.2031
v 0.3981 0.4179 -0.2009
v 0.3959 0.4167 -0.2019
v 0.3881 0.4137 -0.2045
v 0.3740 0.4118 -0.2062
v 0.3193 0.4118 -0.2062
v 0.2647 0.4118 -0.2062
v 0.2100 0.4118 -0.2062
v 0.1553 0.4118 -0.2062
v 0.1007 0.4118 -0.2062
v 0.0460 0.4118 -0.2062
v 0.0319 0.4137 -0.2045
v 0.0241 0.4167 -0.2019
v 0.0219 0.4179 -0.2009
v 0.4007 0.4153 -0.1933
v 0.3985 0.4137 -0.1941
v 0.3903 0.4093 -0.1963
v 0.3740 0.4062 -0.1979
v 0.3193 0.4062 -0.1979
v 0.2647 0.4062 -0.1979
v 0.2100 0.4062 -0.1979
v 0.1553 0.4062 -0.1979
v 0.1007 0.4062 -0.1979
v 0.0460 0.4062 -0.1979
v 0.0297 0.4093 -0.1963
v 0.0215 0.4137 -0.1941
v 0.0193 0.4153 -0.1933
v 0.4023 0.4137 -0.1800
v 0.4002 0.4118 -0.1800
v 0.3919 0.4062 -0.1800
v 0.3740 0.4020 -0.1800
v 0.3193 0.4020 -0.1800
v 0.2647 0.4020 -0.1800
v 0.2100 0.4020 -0.1800
v 0.1553 0.4020 -0.1800
v 0.1007 0.4020 -0.1800
v 0.0460 0.4020 -0.1800
v 0.0281 0.4062 -0.1800
v 0.0198 0.4118 -0.1800
v 0.0177 0.4137 -0.1800
v 0.4023 0.4217 -0.1233
v 0.4002 0.4198 -0.1233
v 0.3919 0.4142 -0.1233
v 0.3740 0.4100 -0.1233
v 0.3193 0.4100 -0.1233
v 0.2647 0.4100 -0.1233
v 0.2100 0.4100 -0.1233
v 0.1553 0.4100 -0.1233
v 0.1007 0.4100 -0.1233
v 0.0460 0.4100 -0.1233
v 0.0281 0.4142 -0.1233
v 0.0198 0.4198 -0.1233
v 0.0177 0.4217 -0.1233
v 0.4023 0.4217 -0.0667
v 0.4002 0.4198 -0.0667
v 0.3919 0.4142 -0.0667
v 0.3740 0.4100 -0.0667
v 0.3193 0.4100 -0.0667
v 0.2647 0.4100 -0.0667
v 0.2100 0.4100 -0.0667
v 0.1553 0.4100 -0.0667
v 0.1007 0.4100 -0.0667
v 0.0460 0.4100 -0.0667
v 0.0281 0.4142 -0.0667
v 0.0198 0.4198 -0.0667
v 0.0177 0.4217 -0.0667
v 0.4023 0.4217 -0.0100
v 0.4002 0.4198 -0.0100
v 0.3919 0.4142 -0.0100
v 0.3740 0.4100 -0.0100
v 0.3193 0.4100 -0.0100
v 0.2647 0.4100 -0.0100
v 0.2100 0.4100 -0.0100
v 0.1553 0.4100 -0.0100
v 0.1007 0.4100 -0.0100
v 0.0460 0.4100 -0.0100
v 0.0281 0.4142 -0.0100
v 0.0198 0.4198 -0.0100
v 0.0177 0.4217 -0.0100
v 0.4023 0.4217 0.0467
v 0.4002 0.4198 0.0467
v 0.3919 0.4142 0.0467
v 0.3740 0.4100 0.0467
v 0.3193 0.4100 0.0467
v 0.2647 0.4100 0.0467
v 0.2100 0.4100 0.0467
v 0.1553 0.4100 0.0467
v 0.1007 0.4100 0.0467
v 0.0460 0.4100 0.0467
v 0.0281 0.4142 0.0467
v 0.0198 0.4198 0.0467
v 0.0177 0.4217 0.0467
v 0.4023 0.4217 0.1033
v 0.4002 0.4198 0.1033
v 0.3919 0.4142 0.1033
v 0.3740 0.4100 0.1033
v 0.3193 0.4100 0.1033
v 0.2647 0.4100 0.1033
v 0.2100 0.4100 0.1033
v 0.1553 0.4100 0.1033
v 0.1007 0.4100 0.1033
v 0.0460 0.4100 0.1033
v 0.0281 0.4142 0.1033
v 0.0198 0.4198 0.1033
v 0.0177 0.4217 0.1033
v 0.4023 0.4217 0.1600
v 0.4002 0.4198 0.1600
v 0.3919 0.4142 0.1600
v 0.3740 0.4100 0.1600
v 0.3193 0.4100 0.1600
v 0.2647 0.4100 0.1600
v 0.2100 0.4100 0.1600
v 0.1553 0.4100 0.1600
v 0.1007 0.4100 0.1600
v 0.0460 0.4100 0.1600
v 0.0281 0.4142 0.1600
v 0.0198 0.4198 0.1600
v 0.0177 0.4217 0.1600
v 0.4007 0.4233 0.1733
v 0.3985 0.4217 0.1741
v 0.3903 0.4173 0.1763
v 0.3740 0.4142 0.1779
v 0.3193 0.4142 0.1779
v 0.2647 0.4142 0.1779
v 0.2100 0.4142 0.1779
v 0.1553 0.4142 0.1779
v 0.1007 0.4142 0.1779
v 0.0460 0.4142 0.1779
v 0.0297 0.4173 0.1763
v 0.0215 0.4217 0.1741
v 0.0193 0.4233 0.1733
v 0.3981 0.4259 0.1809
v 0.3959 0.4247 0.1819
v 0.3881 0.4217 0.1845
v 0.3740 0.4198 0.1862
v 0.3193 0.4198 0.1862
v 0.2647 0.4198 0.1862
v 0.2100 0.4198 0.1862
v 0.1553 0.4198 0.1862
v 0.1007 0.4198 0.1862
v 0.0460 0.4198 0.1862
v 0.0319 0.4217 0.1845
v 0.0241 0.4247 0.1819
v 0.0219 0.4259 0.1809
v 0.3971 0.4269 0.1831
v 0.3949 0.4259 0.1841
v 0.3873 0.4233 0.1867
v 0.3740 0.4217 0.1883
v 0.3193 0.4217 0.1883
v 0.2647 0.4217 0.1883
v 0.2100 0.4217 0.1883
v 0.1553 0.4217 0.1883
v 0.1007 0.4217 0.1883
v 0.0460 0.4217 0.1883
v 0.0327 0.4233 0.1867
v 0.0251 0.4259 0.1841
v 0.0229 0.4269 0.1831
v 0.3971 0.4269 0.1831
v 0.3949 0.4259 0.1841
v 0.3873 0.4233 0.1867
v 0.3740 0.4217 0.1883
v 0.3193 0.4217 0.1883
v 0.2647 0.4217 0.1883
v 0.2100 0.4217 0.1883
v 0.1553 0.4217 0.1883
v 0.1007 0.4217 0.1883
v 0.0460 0.4217 0.1883
v 0.0327 0.4233 0.1867
v 0.0251 0.4259 0.1841
v 0.0229 0.4269 0.1831
v 0.3981 0.4291 0.1841
v 0.3959 0.4281 0.1853
v 0.3881 0.4255 0.1883
v 0.3740 0.4238 0.1902
v 0.3193 0.4238 0.1902
v 0.2647 0.4238 0.1902
v 0.2100 0.4238 0.1902
v 0.1553 0.4238 0.1902
v 0.1007 0.4238 0.1902
v 0.0460 0.4238 0.1902
v 0.0319 0.4255 0.1883
v 0.0241 0.4281 0.1853
v 0.0219 0.4291 0.1841
v 0.4007 0.4367 0.1867
v 0.3985 0.4359 0.1883
v 0.3903 0.4337 0.1927
v 0.3740 0.4321 0.1958
v 0.3193 0.4321 0.1958
v 0.2647 0.4321 0.1958
v 0.2100 0.4321 0.1958
v 0.1553 0.4321 0.1958
v 0.1007 0.4321 0.1958
v 0.0460 0.4321 0.1958
v 0.0297 0.4337 0.1927
v 0.0215 0.4359 0.1883
v 0.0193 0.4367 0.1867
v 0.4023 0.4500 0.1883
v 0.4002 0.4500 0.1902
v 0.3919 0.4500 0.1958
v 0.3740 0.4500 0.2000
v 0.3193 0.4500 0.2000
v 0.2647 0.4500 0.2000
v 0.2100 0.4500 0.2000
v 0.1553 0.4500 0.2000
v 0.1007 0.4500 0.2000
v 0.0460 0.4500 0.2000
v 0.0281 0.4500 0.1958
v 0.0198 0.4500 0.1902
v 0.0177 0.4500 0.1883
v 0.4023 0.4550 0.1883
v 0.4002 0.4550 0.1902
v 0.3919 0.4550 0.1958
v 0.3740 0.4550 0.2000
v 0.3193 0.4550 0.2000
v 0.2647 0.4550 0.2000
v 0.2100 0.4550 0.2000
v 0.1553 0.4550 0.2000
v 0.1007 0.4550 0.2000
v 0.0460 0.4550 0.2000
v 0.0281 0.4550 0.1958
v 0.0198 0.4550 0.1902
v 0.0177 0.4550 0.1883
v 0.4023 0.4600 0.1883
v 0.4002 0.4600 0.1902
v 0.3919 0.4600 0.1958
v 0.3740 0.4600 0.2000
v 0.3193 0.4600 0.2000
v 0.2647 0.4600 0.2000
v 0.2100 0.4600 0.2000
v 0.1553 0.4600 0.2000
v 0.1007 0.4600 0.2000
v 0.0460 0.4600 0.2000
v 0.0281 0.4600 0.1958
v 0.0198 0.4600 0.1902
v 0.0177 0.4600 0.1883
v 0.4023 0.4650 0.1883
v 0.4002 0.4650 0.1902
v 0.3919 0.4650 0.1958
v 0.3740 0.4650 0.2000
v 0.3193 0.4650 0.2000
v 0.2647 0.4650 0.2000
v 0.2100 0.4650 0.2000
v 0.1553 0.4650 0.2000
v 0.1007 0.4650 0.2000
v 0.0460 0.4650 0.2000
v 0.0281 0.4650 0.1958
v 0.0198 0.4650 0.1902
v 0.0177 0.4650 0.1883
v 0.4023 0.4702 0.1883
v 0.4002 0.4702 0.1902
v 0.3919 0.4701 0.1958
v 0.3740 0.4700 0.2000
v 0.3193 0.4700 0.2000
v 0.2647 0.4700 0.2000
v 0.2100 0.4700 0.2000
v 0.1553 0.4700 0.2000
v 0.1007 0.4700 0.2000
v 0.0460 0.4700 0.2000
v 0.0281 0.4701 0.1958
v 0.0198 0.4702 0.1902
v 0.0177 0.4702 0.1883
v 0.4023 0.4752 0.1883
v 0.4002 0.4752 0.1902
v 0.3919 0.4751 0.1958
v 0.3740 0.4750 0.2000
v 0.3193 0.4750 0.2000
v 0.2647 0.4750 0.2000
v 0.2100 0.4750 0.2000
v 0.1553 0.4750 0.2000
v 0.1007 0.4750 0.2000
v 0.0460 0.4750 0.2000
v 0.0281 0.4751 0.1958
v 0.0198 0.4752 0.1902
v 0.0177 0.4752 0.1883
v 0.4023 0.4802 0.1883
v 0.4002 0.4802 0.1902
v 0.3919 0.4801 0.1958
v 0.3740 0.4800 0.2000
v 0.3193 0.4800 0.2000
v 0.2647 0.4800 0.2000
v 0.2100 0.4800 0.2000
v 0.1553 0.4800 0.2000
v 0.1007 0.4800 0.2000
v 0.0460 0.4800 0.2000
v 0.0281 0.4801 0.1958
v 0.0198 0.4802 0.1902
v 0.0177 0.4802 0.1883
v 0.4007 0.4936 0.1867
v 0.3985 0.4944 0.1883
v 0.3903 0.4965 0.1927
v 0.3740 0.4981 0.1958
v 0.3193 0.4983 0.1958
v 0.2647 0.4984 0.1958
v 0.2100 0.4984 0.1958
v 0.1553 0.4984 0.1958
v 0.1007 0.4983 0.1958
v 0.0460 0.4981 0.1958
v 0.0297 0.4965 0.1927
v 0.0215 0.4944 0.1883
v 0.0193 0.4936 0.1867
v 0.3981 0.5012 0.1841
v 0.3959 0.5022 0.1853
v 0.3881 0.5049 0.1883
v 0.3740 0.5066 0.1902
v 0.3193 0.5071 0.1902
v 0.2647 0.5074 0.1902
v 0.2100 0.5075 0.1902
v 0.1553 0.5074 0.1902
v 0.1007 0.5071 0.1902
v 0.0460 0.5066 0.1902
v 0.0319 0.5049 0.1883
v 0.0241 0.5022 0.1853
v 0.0219 0.5012 0.1841
v 0.3971 0.5034 0.1831
v 0.3949 0.5045 0.1841
v 0.3873 0.5071 0.1867
v 0.3740 0.5088 0.1883
v 0.3193 0.5094 0.1883
v 0.2647 0.5097 0.1883
v 0.2100 0.5098 0.1883
v 0.1553 0.5097 0.1883
v 0.1007 0.5094 0.1883
v 0.0460 0.5088 0.1883
v 0.0327 0.5071 0.1867
v 0.0251 0.5045 0.1841
v 0.0229 0.5034 0.1831
v 0.0229 0.4189 -0.2031
v 0.0251 0.4179 -0.2041
v 0.0327 0.4153 -0.2067
v 0.0460 0.4137 -0.2083
v 0.1007 0.4137 -0.2083
v 0.1553 0.4137 -0.2083
v 0.2100 0.4137 -0.2083
v 0.2647 0.4137 -0.2083
v 0.3193 0.4137 -0.2083
v 0.3740 0.4137 -0.2083
v 0.3873 0.4153 -0.2067
v 0.3949 0.4179 -0.2041
v 0.3971 0.4189 -0.2031
v 0.0219 0.4211 -0.2041
v 0.0241 0.4201 -0.2053
v 0.0319 0.4175 -0.2083
v 0.0460 0.4158 -0.2102
v 0.1007 0.4158 -0.2102
v 0.1553 0.4158 -0.2102
v 0.2100 0.4158 -0.2102
v 0.2647 0.4158 -0.2102
v 0.3193 0.4158 -0.2102
v 0.3740 0.4158 -0.2102
v 0.3881 0.4175 -0.2083
v 0.3959 0.4201 -0.2053
v 0.3981 0.4211 -0.2041
v 0.0193 0.4287 -0.2067
v 0.0215 0.4279 -0.2083
v 0.0297 0.4257 -0.2127
v 0.0460 0.4241 -0.2158
v 0.1007 0.4241 -0.2158
v 0.1553 0.4241 -0.2158
v 0.2100 0.4241 -0.2158
v 0.2647 0.4241 -0.2158
v 0.3193 0.4241 -0.2158
v 0.3740 0.4241 -0.2158
v 0.3903 0.4257 -0.2127
v 0.3985 0.4279 -0.2083
v 0.4007 0.4287 -0.2067
v 0.0177 0.4420 -0.2083
v 0.0198 0.4420 -0.2102
v 0.0281 0.4420 -0.2158
v 0.0460 0.4420 -0.2200
v 0.1007 0.4420 -0.2200
v 0.1553 0.4420 -0.2200
v 0.2100 0.4420 -0.2200
v 0.2647 0.4420 -0.2200
v 0.3193 0.4420 -0.2200
v 0.3740 0.4420 -0.2200
v 0.3919 0.4420 -0.2158
v 0.4002 0.4420 -0.2102
v 0.4023 0.4420 -0.2083
v 0.0177 0.4470 -0.2083
v 0.0198 0.4470 -0.2102
v 0.0281 0.4470 -0.2158
v 0.0460 0.4470 -0.2200
v 0.1007 0.4470 -0.2200
v 0.1553 0.4470 -0.2200
v 0.2100 0.4470 -0.2200
v 0.2647 0.4470 -0.2200
v 0.3193 0.4470 -0.2200
v 0.3740 0.4470 -0.2200
v 0.3919 0.4470 -0.2158
v 0.4002 0.4470 -0.2102
v 0.4023 0.4470 -0.2083
v 0.0177 0.4520 -0.2083
v 0.0198 0.4520 -0.2102
v 0.0281 0.4520 -0.2158
v 0.0460 0.4520 -0.2200
v 0.1007 0.4520 -0.2200
v 0.1553 0.4520 -0.2200
v 0.2100 0.4520 -0.2200
v 0.2647 0.4520 -0.2200
v 0.3193 0.4520 -0.2200
v 0.3740 0.4520 -0.2200
v 0.3919 0.4520 -0.2158
v 0.4002 0.4520 -0.2102
v 0.4023 0.4520 -0.2083
v 0.0177 0.4570 -0.2083
v 0.0198 0.4570 -0.2102
v 0.0281 0.4570 -0.2158
v 0.0460 0.4570 -0.2200
v 0.1007 0.4570 -0.2200
v 0.1553 0.4570 -0.2200
v 0.2100 0.4570 -0.2200
v 0.2647 0.4570 -0.2200
v 0.3193 0.4570 -0.2200
v 0.3740 0.4570 -0.2200
v 0.3919 0.4570 -0.2158
v 0.4002 0.4570 -0.2102
v 0.4023 0.4570 -0.2083
v 0.0177 0.4622 -0.2083
v 0.0198 0.4622 -0.2102
v 0.0281 0.4621 -0.2158
v 0.0460 0.4620 -0.2200
v 0.1007 0.4620 -0.2200
v 0.1553 0.4620 -0.2200
v 0.2100 0.4620 -0.2200
v 0.2647 0.4620 -0.2200
v 0.3193 0.4620 -0.2200
v 0.3740 0.4620 -0.2200
v 0.3919 0.4621 -0.2158
v 0.4002 0.4622 -0.2102
v 0.4023 0.4622 -0.2083
v 0.0177 0.4672 -0.2083
v 0.0198 0.4672 -0.2102
v 0.0281 0.4671 -0.2158
v 0.0460 0.4670 -0.2200
v 0.1007 0.4670 -0.2200
v 0.1553 0.4670 -0.2200
v 0.2100 0.4670 -0.2200
v 0.2647 0.4670 -0.2200
v 0.3193 0.4670 -0.2200
v 0.3740 0.4670 -0.2200
v 0.3919 0.4671 -0.2158
v 0.4002 0.4672 -0.2102
v 0.4023 0.4672 -0.2083
v 0.0177 0.4722 -0.2083
v 0.0198 0.4722 -0.2102
v 0.0281 0.4721 -0.2158
v 0.0460 0.4720 -0.2200
v 0.1007 0.4720 -0.2200
v 0.1553 0.4720 -0.2200
v 0.2100 0.4720 -0.2200
v 0.2647 0.4720 -0.2200
v 0.3193 0.4720 -0.2200
v 0.3740 0.4720 -0.2200
v 0.3919 0.4721 -0.2158
v 0.4002 0.4722 -0.2102
v 0.4023 0.4722 -0.2083
v 0.0193 0.4856 -0.2067
v 0.0215 0.4864 -0.2083
v 0.0297 0.4885 -0.2127
v 0.0460 0.4901 -0.2158
v 0.1007 0.4903 -0.2158
v 0.1553 0.4904 -0.2158
v 0.2100 0.4904 -0.2158
v 0.2647 0.4904 -0.2158
v 0.3193 0.4903 -0.2158
v 0.3740 0.4901 -0.2158
v 0.3903 0.4885 -0.2127
v 0.3985 0.4864 -0.2083
v 0.4007 0.4856 -0.2067
v 0.0219 0.4932 -0.2041
v 0.0241 0.4942 -0.2053
v 0.0319 0.4969 -0.2083
v 0.0460 0.4986 -0.2102
v 0.1007 0.4991 -0.2102
v 0.1553 0.4994 -0.2102
v 0.2100 0.4995 -0.2102
v 0.2647 0.4994 -0.2102
v 0.3193 0.4991 -0.2102
v 0.3740 0.4986 -0.2102
v 0.3881 0.4969 -0.2083
v 0.3959 0.4942 -0.2053
v 0.3981 0.4932 -0.2041
v 0.0229 0.4954 -0.2031
v 0.0251 0.4965 -0.2041
v 0.0327 0.4991 -0.2067
v 0.0460 0.5008 -0.2083
v 0.1007 0.5014 -0.2083
v 0.1553 0.5017 -0.2083
v 0.2100 0.5018 -0.2083
v 0.2647 0.5017 -0.2083
v 0.3193 0.5014 -0.2083
v 0.3740 0.5008 -0.2083
v 0.3873 0.4991 -0.2067
v 0.3949 0.4965 -0.2041
v 0.3971 0.4954 -0.2031
v -0.3971 0.4269 0.1831
v -0.3981 0.4259 0.1809
v -0.4007 0.4233 0.1733
v -0.4023 0.4217 0.1600
v -0.4023 0.4217 0.1033
v -0.4023 0.4217 0.0467
v -0.4023 0.4217 -0.0100
v -0.4023 0.4217 -0.0667
v -0.4023 0.4217 -0.1233
v -0.4023 0.4137 -0.1800
v -0.4007 0.4153 -0.1933
v -0.3981 0.4179 -0.2009
v -0.3971 0.4189 -0.2031
v -0.3981 0.4291 0.1841
v -0.3993 0.4281 0.1819
v -0.4023 0.4255 0.1741
v -0.4042 0.4238 0.1600
v -0.4042 0.4238 0.1033
v -0.4042 0.4238 0.0467
v -0.4042 0.4238 -0.0100
v -0.4042 0.4238 -0.0667
v -0.4042 0.4238 -0.1233
v -0.4042 0.4158 -0.1800
v -0.4023 0.4175 -0.1941
v -0.3993 0.4201 -0.2019
v -0.3981 0.4211 -0.2041
v -0.4007 0.4367 0.1867
v -0.4023 0.4359 0.1845
v -0.4067 0.4337 0.1763
v -0.4098 0.4321 0.1600
v -0.4098 0.4321 0.1033
v -0.4098 0.4321 0.0467
v -0.4098 0.4321 -0.0100
v -0.4098 0.4321 -0.0667
v -0.4098 0.4321 -0.1233
v -0.4098 0.4241 -0.1800
v -0.4067 0.4257 -0.1963
v -0.4023 0.4279 -0.2045
v -0.4007 0.4287 -0.2067
v -0.4023 0.4500 0.1883
v -0.4042 0.4500 0.1862
v -0.4098 0.4500 0.1779
v -0.4140 0.4500 0.1600
v -0.4140 0.4500 0.1033
v -0.4140 0.4500 0.0467
v -0.4140 0.4500 -0.0100
v -0.4140 0.4500 -0.0667
v -0.4140 0.4500 -0.1233
v -0.4140 0.4420 -0.1800
v -0.4098 0.4420 -0.1979
v -0.4042 0.4420 -0.2062
v -0.4023 0.4420 -0.2083
v -0.4023 0.4550 0.1883
v -0.4042 0.4550 0.1862
v -0.4098 0.4550 0.1779
v -0.4140 0.4550 0.1600
v -0.4140 0.4550 0.1033
v -0.4140 0.4550 0.0467
v -0.4140 0.4550 -0.0100
v -0.4140 0.4550 -0.0667
v -0.4140 0.4550 -0.1233
v -0.4140 0.4470 -0.1800
v -0.4098 0.4470 -0.1979
v -0.4042 0.4470 -0.2062
v -0.4023 0.4470 -0.2083
v -0.4023 0.4600 0.1883
v -0.4042 0.4600 0.1862
v -0.4098 0.4600 0.1779
v -0.4140 0.4600 0.1600
v -0.4140 0.4600 0.1033
v -0.4140 0.4600 0.0467
v -0.4140 0.4600 -0.0100
v -0.4140 0.4600 -0.0667
v -0.4140 0.4600 -0.1233
v -0.4140 0.4520 -0.1800
v -0.4098 0.4520 -0.1979
v -0.4042 0.4520 -0.2062
v -0.4023 0.4520 -0.2083
v -0.4023 0.4650 0.1883
v -0.4042 0.4650 0.1862
v -0.4098 0.4650 0.1779
v -0.4140 0.4650 0.1600
v -0.4140 0.4650 0.1033
v -0.4140 0.4650 0.0467
v -0.4140 0.4650 -0.0100
v -0.4140 0.4650 -0.0667
v -0.4140 0.4650 -0.1233
v -0.4140 0.4570 -0.1800
v -0.4098 0.4570 -0.1979
v -0.4042 0.4570 -0.2062
v -0.4023 0.4570 -0.2083
v -0.4023 0.4702 0.1883
v -0.4042 0.4702 0.1862
v -0.4098 0.4701 0.1779
v -0.4140 0.4700 0.1600
v -0.4140 0.4700 0.1033
v -0.4140 0.4700 0.0467
v -0.4140 0.4700 -0.0100
v -0.4140 0.4700 -0.0667
v -0.4140 0.4700 -0.1233
v -0.4140 0.4620 -0.1800
v -0.4098 0.4621 -0.1979
v -0.4042 0.4622 -0.2062
v -0.4023 0.4622 -0.2083
v -0.4023 0.4752 0.1883
v -0.4042 0.4752 0.1862
v -0.4098 0.4751 0.1779
v -0.4140 0.4750 0.1600
v -0.4140 0.4750 0.1033
v -0.4140 0.4750 0.0467
v -0.4140 0.4750 -0.0100
v -0.4140 0.4750 -0.0667
v -0.4140 0.4750 -0.1233
v -0.4140 0.4670 -0.1800
v -0.4098 0.4671 -0.1979
v -0.4042 0.4672 -0.2062
v -0.4023 0.4672 -0.2083
v -0.4023 0.4802 0.1883
v -0.4042 0.4802 0.1862
v -0.4098 0.4801 0.1779
v -0.4140 0.4800 0.1600
v -0.4140 0.4800 0.1033
v -0.4140 0.4800 0.0467
v -0.4140 0.4800 -0.0100
v -0.4140 0.4800 -0.0667
v -0.4140 0.4800 -0.1233
v -0.4140 0.4720 -0.1800
v -0.4098 0.4721 -0.1979
v -0.4042 0.4722 -0.2062
v -0.4023 0.4722 -0.2083
v -0.4007 0.4936 0.1867
v -0.4023 0.4944 0.1845
v -0.4067 0.4965 0.1763
v -0.4098 0.4981 0.1600
v -0.4098 0.4983 0.1033
v -0.4098 0.4984 0.0467
v -0.4098 0.4985 -0.0100
v -0.4098 0.4984 -0.0667
v -0.4098 0.4983 -0.1233
v -0.4098 0.4901 -0.1800
v -0.4067 0.4885 -0.1963
v -0.4023 0.4864 -0.2045
v -0.4007 0.4856 -0.2067
v -0.3981 0.5012 0.1841
v -0.3993 0.5022 0.1819
v -0.4023 0.5049 0.1741
v -0.4042 0.5066 0.1600
v -0.4042 0.5071 0.1033
v -0.4042 0.5074 0.0467
v -0.4042 0.5075 -0.0100
v -0.4042 0.5074 -0.0667
v -0.4042 0.5071 -0.1233
v -0.4042 0.4986 -0.1800
v -0.4023 0.4969 -0.1941
v -0.3993 0.4942 -0.2019
v -0.3981 0.4932 -0.2041
v -0.3971 0.5034 0.1831
v -0.3981 0.5045 0.1809
v -0.4007 0.5071 0.1733
v -0.4023 0.5088 0.1600
v -0.4023 0.5094 0.1033
v -0.4023 0.5097 0.0467
v -0.4023 0.5098 -0.0100
v -0.4023 0.5097 -0.0667
v -0.4023 0.5094 -0.1233
v -0.4023 0.5008 -0.1800
v -0.4007 0.4991 -0.1933
v -0.3981 0.4965 -0.2009
v -0.3971 0.4954 -0.2031
v -0.0229 0.4189 -0.2031
v -0.0219 0.4179 -0.2009
v -0.0193 0.4153 -0.1933
v -0.0177 0.4137 -0.1800
v -0.0177 0.4217 -0.1233
v -0.0177 0.4217 -0.0667
v -0.0177 0.4217 -0.0100
v -0.0177 0.4217 0.0467
v -0.0177 0.4217 0.1033
v -0.0177 0.4217 0.1600
v -0.0193 0.4233 0.1733
v -0.0219 0.4259 0.1809
v -0.0229 0.4269 0.1831
v -0.0219 0.4211 -0.2041
v -0.0207 0.4201 -0.2019
v -0.0177 0.4175 -0.1941
v -0.0158 0.4158 -0.1800
v -0.0158 0.4238 -0.1233
v -0.0158 0.4238 -0.0667
v -0.0158 0.4238 -0.0100
v -0.0158 0.4238 0.0467
v -0.0158 0.4238 0.1033
v -0.0158 0.4238 0.1600
v -0.0177 0.4255 0.1741
v -0.0207 0.4281 0.1819
v -0.0219 0.4291 0.1841
v -0.0193 0.4287 -0.2067
v -0.0177 0.4279 -0.2045
v -0.0133 0.4257 -0.1963
v -0.0102 0.4241 -0.1800
v -0.0102 0.4321 -0.1233
v -0.0102 0.4321 -0.0667
v -0.0102 0.4321 -0.0100
v -0.0102 0.4321 0.0467
v -0.0102 0.4321 0.1033
v -0.0102 0.4321 0.1600
v -0.0133 0.4337 0.1763
v -0.0177 0.4359 0.1845
v -0.0193 0.4367 0.1867
v -0.0177 0.4420 -0.2083
v -0.0158 0.4420 -0.2062
v -0.0102 0.4420 -0.1979
v -0.0060 0.4420 -0.1800
v -0.0060 0.4500 -0.1233
v -0.0060 0.4500 -0.0667
v -0.0060 0.4500 -0.0100
v -0.0060 0.4500 0.0467
v -0.0060 0.4500 0.1033
v -0.0060 0.4500 0.1600
v -0.0102 0.4500 0.1779
v -0.0158 0.4500 0.1862
v -0.0177 0.4500 0.1883
v -0.0177 0.4470 -0.2083
v -0.0158 0.4470 -0.2062
v -0.0102 0.4470 -0.1979
v -0.0060 0.4470 -0.1800
v -0.0060 0.4550 -0.1233
v -0.0060 0.4550 -0.0667
v -0.0060 0.4550 -0.0100
v -0.0060 0.4550 0.0467
v -0.0060 0.4550 0.1033
v -0.0060 0.4550 0.1600
v -0.0102 0.4550 0.1779
v -0.0158 0.4550 0.1862
v -0.0177 0.4550 0.1883
v -0.0177 0.4520 -0.2083
v -0.0158 0.4520 -0.2062
v -0.0102 0.4520 -0.1979
v -0.0060 0.4520 -0.1800
v -0.0060 0.4600 -0.1233
v -0.0060 0.4600 -0.0667
v -0.0060 0.4600 -0.0100
v -0.0060 0.4600 0.0467
v -0.0060 0.4600 0.1033
v -0.0060 0.4600 0.1600
v -0.0102 0.4600 0.1779
v -0.0158 0.4600 0.1862
v -0.0177 0.4600 0.1883
v -0.0177 0.4570 -0.2083
v -0.0158 0.4570 -0.2062
v -0.0102 0.4570 -0.1979
v -0.0060 0.4570 -0.1800
v -0.0060 0.4650 -0.1233
v -0.0060 0.4650 -0.0667
v -0.0060 0.4650 -0.0100
v -0.0060 0.4650 0.0467
v -0.0060 0.4650 0.1033
v -0.0060 0.4650 0.1600
v -0.0102 0.4650 0.1779
v -0.0158 0.4650 0.1862
v -0.0177 0.4650 0.1883
v -0.0177 0.4622 -0.2083
v -0.0158 0.4622 -0.2062
v -0.0102 0.4621 -0.1979
v -0.0060 0.4620 -0.1800
v -0.0060 0.4700 -0.1233
v -0.0060 0.4700 -0.0667
v -0.0060 0.4700 -0.0100
v -0.0060 0.4700 0.0467
v -0.0060 0.4700 0.1033
v -0.0060 0.4700 0.1600
v -0.0102 0.4701 0.1779
v -0.0158 0.4702 0.1862
v -0.0177 0.4702 0.1883
v -0.0177 0.4672 -0.2083
v -0.0158 0.4672 -0.2062
v -0.0102 0.4671 -0.1979
v -0.0060 0.4670 -0.1800
v -0.0060 0.4750 -0.1233
v -0.0060 0.4750 -0.0667
v -0.0060 0.4750 -0.0100
v -0.0060 0.4750 0.0467
v -0.0060 0.4750 0.1033
v -0.0060 0.4750 0.1600
v -0.0102 0.4751 0.1779
v -0.0158 0.4752 0.1862
v -0.0177 0.4752 0.1883
v -0.0177 0.4722 -0.2083
v -0.0158 0.4722 -0.2062
v -0.0102 0.4721 -0.1979
v -0.0060 0.4720 -0.1800
v -0.0060 0.4800 -0.1233
v -0.0060 0.4800 -0.0667
v -0.0060 0.4800 -0.0100
v -0.0060 0.4800 0.0467
v -0.0060 0.4800 0.1033
v -0.0060 0.4800 0.1600
v -0.0102 0.4801 0.1779
v -0.0158 0.4802 0.1862
v -0.0177 0.4802 0.1883
v -0.0193 0.4856 -0.2067
v -0.0177 0.4864 -0.2045
v -0.0133 0.4885 -0.1963
v -0.0102 0.4901 -0.1800
v -0.0102 0.4983 -0.1233
v -0.0102 0.4984 -0.0667
v -0.0102 0.4985 -0.0100
v -0.0102 0.4984 0.0467
v -0.0102 0.4983 0.1033
v -0.0102 0.4981 0.1600
v -0.0133 0.4965 0.1763
v -0.0177 0.4944 0.1845
v -0.0193 0.4936 0.1867
v -0.0219 0.4932 -0.2041
v -0.0207 0.4942 -0.2019
v -0.0177 0.4969 -0.1941
v -0.0158 0.4986 -0.1800
v -0.0158 0.5071 -0.1233
v -0.0158 0.5074 -0.0667
v -0.0158 0.5075 -0.0100
v -0.0158 0.5074 0.0467
v -0.0158 0.5071 0.1033
v -0.0158 0.5066 0.1600
v -0.0177 0.5049 0.1741
v -0.0207 0.5022 0.1819
v -0.0219 0.5012 0.1841
v -0.0229 0.4954 -0.2031
v -0.0219 0.4965 -0.2009
v -0.0193 0.4991 -0.1933
v -0.0177 0.5008 -0.1800
v -0.0177 0.5094 -0.1233
v -0.0177 0.5097 -0.0667
v -0.0177 0.5098 -0.0100
v -0.0177 0.5097 0.0467
v -0.0177 0.5094 0.1033
v -0.0177 0.5088 0.1600
v -0.0193 0.5071 0.1733
v -0.0219 0.5045 0.1809
v -0.0229 0.5034 0.1831
v -0.0229 0.5034 0.1831
v -0.0251 0.5045 0.1841
v -0.0327 0.5071 0.1867
v -0.0460 0.5088 0.1883
v -0.1007 0.5094 0.1883
v -0.1553 0.5097 0.1883
v -0.2100 0.5098 0.1883
v -0.2647 0.5097 0.1883
v -0.3193 0.5094 0.1883
v -0.3740 0.5088 0.1883
v -0.3873 0.5071 0.1867
v -0.3949 0.5045 0.1841
v -0.3971 0.5034 0.1831
v -0.0219 0.5045 0.1809
v -0.0241 0.5057 0.1819
v -0.0319 0.5088 0.1845
v -0.0460 0.5109 0.1862
v -0.1007 0.5115 0.1862
v -0.1553 0.5119 0.1862
v -0.2100 0.5120 0.1862
v -0.2647 0.5119 0.1862
v -0.3193 0.5115 0.1862
v -0.3740 0.5109 0.1862
v -0.3881 0.5088 0.1845
v -0.3959 0.5057 0.1819
v -0.3981 0.5045 0.1809
v -0.0193 0.5071 0.1733
v -0.0215 0.5088 0.1741
v -0.0297 0.5133 0.1763
v -0.0460 0.5168 0.1779
v -0.1007 0.5178 0.1779
v -0.1553 0.5184 0.1779
v -0.2100 0.5186 0.1779
v -0.2647 0.5184 0.1779
v -0.3193 0.5178 0.1779
v -0.3740 0.5168 0.1779
v -0.3903 0.5133 0.1763
v -0.3985 0.5088 0.1741
v -0.4007 0.5071 0.1733
v -0.0177 0.5088 0.1600
v -0.0198 0.5109 0.1600
v -0.0281 0.5168 0.1600
v -0.0460 0.5217 0.1600
v -0.1007 0.5234 0.1600
v -0.1553 0.5245 0.1600
v -0.2100 0.5248 0.1600
v -0.2647 0.5245 0.1600
v -0.3193 0.5234 0.1600
v -0.3740 0.5217 0.1600
v -0.3919 0.5168 0.1600
v -0.4002 0.5109 0.1600
v -0.4023 0.5088 0.1600
v -0.0177 0.5094 0.1033
v -0.0198 0.5115 0.1033
v -0.0281 0.5178 0.1033
v -0.0460 0.5235 0.1033
v -0.1007 0.5271 0.1033
v -0.1553 0.5292 0.1033
v -0.2100 0.5299 0.1033
v -0.2647 0.5292 0.1033
v -0.3193 0.5271 0.1033
v -0.3740 0.5235 0.1033
v -0.3919 0.5178 0.1033
v -0.4002 0.5115 0.1033
v -0.4023 0.5094 0.1033
v -0.0177 0.5097 0.0467
v -0.0198 0.5119 0.0467
v -0.0281 0.5184 0.0467
v -0.0460 0.5246 0.0467
v -0.1007 0.5293 0.0467
v -0.1553 0.5320 0.0467
v -0.2100 0.5330 0.0467
v -0.2647 0.5320 0.0467
v -0.3193 0.5293 0.0467
v -0.3740 0.5246 0.0467
v -0.3919 0.5184 0.0467
v -0.4002 0.5119 0.0467
v -0.4023 0.5097 0.0467
v -0.0177 0.5098 -0.0100
v -0.0198 0.5121 -0.0100
v -0.0281 0.5186 -0.0100
v -0.0460 0.5250 -0.0100
v -0.1007 0.5300 -0.0100
v -0.1553 0.5330 -0.0100
v -0.2100 0.5340 -0.0100
v -0.2647 0.5330 -0.0100
v -0.3193 0.5300 -0.0100
v -0.3740 0.5250 -0.0100
v -0.3919 0.5186 -0.0100
v -0.4002 0.5121 -0.0100
v -0.4023 0.5098 -0.0100
v -0.0177 0.5097 -0.0667
v -0.0198 0.5119 -0.0667
v -0.0281 0.5184 -0.0667
v -0.0460 0.5246 -0.0667
v -0.1007 0.5293 -0.0667
v -0.1553 0.5320 -0.0667
v -0.2100 0.5330 -0.0667
v -0.2647 0.5320 -0.0667
v -0.3193 0.5293 -0.0667
v -0.3740 0.5246 -0.0667
v -0.3919 0.5184 -0.0667
v -0.4002 0.5119 -0.0667
v -0.4023 0.5097 -0.0667
v -0.0177 0.5094 -0.1233
v -0.0198 0.5115 -0.1233
v -0.0281 0.5178 -0.1233
v -0.0460 0.5235 -0.1233
v -0.1007 0.5271 -0.1233
v -0.1553 0.5292 -0.1233
v -0.2100 0.5299 -0.1233
v -0.2647 0.5292 -0.1233
v -0.3193 0.5271 -0.1233
v -0.3740 0.5235 -0.1233
v -0.3919 0.5178 -0.1233
v -0.4002 0.5115 -0.1233
v -0.4023 0.5094 -0.1233
v -0.0177 0.5008 -0.1800
v -0.0198 0.5029 -0.1800
v -0.0281 0.5088 -0.1800
v -0.0460 0.5137 -0.1800
v -0.1007 0.5154 -0.1800
v -0.1553 0.5165 -0.1800
v -0.2100 0.5168 -0.1800
v -0.2647 0.5165 -0.1800
v -0.3193 0.5154 -0.1800
v -0.3740 0.5137 -0.1800
v -0.3919 0.5088 -0.1800
v -0.4002 0.5029 -0.1800
v -0.4023 0.5008 -0.1800
v -0.0193 0.4991 -0.1933
v -0.0215 0.5008 -0.1941
v -0.0297 0.5053 -0.1963
v -0.0460 0.5088 -0.1979
v -0.1007 0.5098 -0.1979
v -0.1553 0.5104 -0.1979
v -0.2100 0.5106 -0.1979
v -0.2647 0.5104 -0.1979
v -0.3193 0.5098 -0.1979
v -0.3740 0.5088 -0.1979
v -0.3903 0.5053 -0.1963
v -0.3985 0.5008 -0.1941
v -0.4007 0.4991 -0.1933
v -0.0219 0.4965 -0.2009
v -0.0241 0.4977 -0.2019
v -0.0319 0.5008 -0.2045
v -0.0460 0.5029 -0.2062
v -0.1007 0.5035 -0.2062
v -0.1553 0.5039 -0.2062
v -0.2100 0.5040 -0.2062
v -0.2647 0.5039 -0.2062
v -0.3193 0.5035 -0.2062
v -0.3740 0.5029 -0.2062
v -0.3881 0.5008 -0.2045
v -0.3959 0.4977 -0.2019
v -0.3981 0.4965 -0.2009
v -0.0229 0.4954 -0.2031
v -0.0251 0.4965 -0.2041
v -0.0327 0.4991 -0.2067
v -0.0460 0.5008 -0.2083
v -0.1007 0.5014 -0.2083
v -0.1553 0.5017 -0.2083
v -0.2100 0.5018 -0.2083
v -0.2647 0.5017 -0.2083
v -0.3193 0.5014 -0.2083
v -0.3740 0.5008 -0.2083
v -0.3873 0.4991 -0.2067
v -0.3949 0.4965 -0.2041
v -0.3971 0.4954 -0.2031
v -0.0229 0.4189 -0.2031
v -0.0251 0.4179 -0.2041
v -0.0327 0.4153 -0.2067
v -0.0460 0.4137 -0.2083
v -0.1007 0.4137 -0.2083
v -0.1553 0.4137 -0.2083
v -0.2100 0.4137 -0.2083
v -0.2647 0.4137 -0.2083
v -0.3193 0.4137 -0.2083
v -0.3740 0.4137 -0.2083
v -0.3873 0.4153 -0.2067
v -0.3949 0.4179 -0.2041
v -0.3971 0.4189 -0.2031
v -0.0219 0.4179 -0.2009
v -0.0241 0.4167 -0.2019
v -0.0319 0.4137 -0.2045
v -0.0460 0.4118 -0.2062
v -0.1007 0.4118 -0.2062
v -0.1553 0.4118 -0.2062
v -0.2100 0.4118 -0.2062
v -0.2647 0.4118 -0.2062
v -0.3193 0.4118 -0.2062
v -0.3740 0.4118 -0.2062
v -0.3881 0.4137 -0.2045
v -0.3959 0.4167 -0.2019
v -0.3981 0.4179 -0.2009
v -0.0193 0.4153 -0.1933
v -0.0215 0.4137 -0.1941
v -0.0297 0.4093 -0.1963
v -0.0460 0.4062 -0.1979
v -0.1007 0.4062 -0.1979
v -0.1553 0.4062 -0.1979
v -0.2100 0.4062 -0.1979
v -0.2647 0.4062 -0.1979
v -0.3193 0.4062 -0.1979
v -0.3740 0.4062 -0.1979
v -0.3903 0.4093 -0.1963
v -0.3985 0.4137 -0.1941
v -0.4007 0.4153 -0.1933
v -0.0177 0.4137 -0.1800
v -0.0198 0.4118 -0.1800
v -0.0281 0.4062 -0.1800
v -0.0460 0.4020 -0.1800
v -0.1007 0.4020 -0.1800
v -0.1553 0.4020 -0.1800
v -0.2100 0.4020 -0.1800
v -0.2647 0.4020 -0.1800
v -0.3193 0.4020 -0.1800
v -0.3740 0.4020 -0.1800
v -0.3919 0.4062 -0.1800
v -0.4002 0.4118 -0.1800
v -0.4023 0.4137 -0.1800
v -0.0177 0.4217 -0.1233
v -0.0198 0.4198 -0.1233
v -0.0281 0.4142 -0.1233
v -0.0460 0.4100 -0.1233
v -0.1007 0.4100 -0.1233
v -0.1553 0.4100 -0.1233
v -0.2100 0.4100 -0.1233
v -0.2647 0.4100 -0.1233
v -0.3193 0.4100 -0.1233
v -0.3740 0.4100 -0.1233
v -0.3919 0.4142 -0.1233
v -0.4002 0.4198 -0.1233
v -0.4023 0.4217 -0.1233
v -0.0177 0.4217 -0.0667
v -0.0198 0.4198 -0.0667
v -0.0281 0.4142 -0.0667
v -0.0460 0.4100 -0.0667
v -0.1007 0.4100 -0.0667
v -0.1553 0.4100 -0.0667
v -0.2100 0.4100 -0.0667
v -0.2647 0.4100 -0.0667
v -0.3193 0.4100 -0.0667
v -0.3740 0.4100 -0.0667
v -0.3919 0.4142 -0.0667
v -0.4002 0.4198 -0.0667
v -0.4023 0.4217 -0.0667
v -0.0177 0.4217 -0.0100
v -0.0198 0.4198 -0.0100
v -0.0281 0.4142 -0.0100
v -0.0460 0.4100 -0.0100
v -0.1007 0.4100 -0.0100
v -0.1553 0.4100 -0.0100
v -0.2100 0.4100 -0.0100
v -0.2647 0.4100 -0.0100
v -0.3193 0.4100 -0.0100
v -0.3740 0.4100 -0.0100
v -0.3919 0.4142 -0.0100
v -0.4002 0.4198 -0.0100
v -0.4023 0.4217 -0.0100
v -0.0177 0.4217 0.0467
v -0.0198 0.4198 0.0467
v -0.0281 0.4142 0.0467
v -0.0460 0.4100 0.0467
v -0.1007 0.4100 0.0467
v -0.1553 0.4100 0.0467
v -0.2100 0.4100 0.0467
v -0.2647 0.4100 0.0467
v -0.3193 0.4100 0.0467
v -0.3740 0.4100 0.0467
v -0.3919 0.4142 0.0467
v -0.4002 0.4198 0.0467
v -0.4023 0.4217 0.0467
v -0.0177 0.4217 0.1033
v -0.0198 0.4198 0.1033
v -0.0281 0.4142 0.1033
v -0.0460 0.4100 0.1033
v -0.1007 0.4100 0.1033
v -0.1553 0.4100 0.1033
v -0.2100 0.4100 0.1033
v -0.2647 0.4100 0.1033
v -0.3193 0.4100 0.1033
v -0.3740 0.4100 0.1033
v -0.3919 0.4142 0.1033
v -0.4002 0.4198 0.1033
v -0.4023 0.4217 0.1033
v -0.0177 0.4217 0.1600
v -0.0198 0.4198 0.1600
v -0.0281 0.4142 0.1600
v -0.0460 0.4100 0.1600
v -0.1007 0.4100 0.1600
v -0.1553 0.4100 0.1600
v -0.2100 0.4100 0.1600
v -0.2647 0.4100 0.1600
v -0.3193 0.4100 0.1600
v -0.3740 0.4100 0.1600
v -0.3919 0.4142 0.1600
v -0.4002 0.4198 0.1600
v -0.4023 0.4217 0.1600
v -0.0193 0.4233 0.1733
v -0.0215 0.4217 0.1741
v -0.0297 0.4173 0.1763
v -0.0460 0.4142 0.1779
v -0.1007 0.4142 0.1779
v -0.1553 0.4142 0.1779
v -0.2100 0.4142 0.1779
v -0.2647 0.4142 0.1779
v -0.3193 0.4142 0.1779
v -0.3740 0.4142 0.1779
v -0.3903 0.4173 0.1763
v -0.3985 0.4217 0.1741
v -0.4007 0.4233 0.1733
v -0.0219 0.4259 0.1809
v -0.0241 0.4247 0.1819
v -0.0319 0.4217 0.1845
v -0.0460 0.4198 0.1862
v -0.1007 0.4198 0.1862
v -0.1553 0.4198 0.1862
v -0.2100 0.4198 0.1862
v -0.2647 0.4198 0.1862
v -0.3193 0.4198 0.1862
v -0.3740 0.4198 0.1862
v -0.3881 0.4217 0.1845
v -0.3959 0.4247 0.1819
v -0.3981 0.4259 0.1809
v -0.0229 0.4269 0.1831
v -0.0251 0.4259 0.1841
v -0.0327 0.4233 0.1867
v -0.0460 0.4217 0.1883
v -0.1007 0.4217 0.1883
v -0.1553 0.4217 0.1883
v -0.2100 0.4217 0.1883
v -0.2647 0.4217 0.1883
v -0.3193 0.4217 0.1883
v -0.3740 0.4217 0.1883
v -0.3873 0.4233 0.1867
v -0.3949 0.4259 0.1841
v -0.3971 0.4269 0.1831
v -0.0229 0.4269 0.1831
v -0.0251 0.4259 0.1841
v -0.0327 0.4233 0.1867
v -0.0460 0.4217 0.1883
v -0.1007 0.4217 0.1883
v -0.1553 0.4217 0.1883
v -0.2100 0.4217 0.1883
v -0.2647 0.4217 0.1883
v -0.3193 0.4217 0.1883
v -0.3740 0.4217 0.1883
v -0.3873 0.4233 0.1867
v -0.3949 0.4259 0.1841
v -0.3971 0.4269 0.1831
v -0.0219 0.4291 0.1841
v -0.0241 0.4281 0.1853
v -0.0319 0.4255 0.1883
v -0.0460 0.4238 0.1902
v -0.1007 0.4238 0.1902
v -0.1553 0.4238 0.1902
v -0.2100 0.4238 0.1902
v -0.2647 0.4238 0.1902
v -0.3193 0.4238 0.1902
v -0.3740 0.4238 0.1902
v -0.3881 0.4255 0.1883
v -0.3959 0.4281 0.1853
v -0.3981 0.4291 0.1841
v -0.0193 0.4367 0.1867
v -0.0215 0.4359 0.1883
v -0.0297 0.4337 0.1927
v -0.0460 0.4321 0.1958
v -0.1007 0.4321 0.1958
v -0.1553 0.4321 0.1958
v -0.2100 0.4321 0.1958
v -0.2647 0.4321 0.1958
v -0.3193 0.4321 0.1958
v -0.3740 0.4321 0.1958
v -0.3903 0.4337 0.1927
v -0.3985 0.4359 0.1883
v -0.4007 0.4367 0.1867
v -0.0177 0.4500 0.1883
v -0.0198 0.4500 0.1902
v -0.0281 0.4500 0.1958
v -0.0460 0.4500 0.2000
v -0.1007 0.4500 0.2000
v -0.1553 0.4500 0.2000
v -0.2100 0.4500 0.2000
v -0.2647 0.4500 0.2000
v -0.3193 0.4500 0.2000
v -0.3740 0.4500 0.2000
v -0.3919 0.4500 0.1958
v -0.4002 0.4500 0.1902
v -0.4023 0.4500 0.1883
v -0.0177 0.4550 0.1883
v -0.0198 0.4550 0.1902
v -0.0281 0.4550 0.1958
v -0.0460 0.4550 0.2000
v -0.1007 0.4550 0.2000
v -0.1553 0.4550 0.2000
v -0.2100 0.4550 0.2000
v -0.2647 0.4550 0.2000
v -0.3193 0.4550 0.2000
v -0.3740 0.4550 0.2000
v -0.3919 0.4550 0.1958
v -0.4002 0.4550 0.1902
v -0.4023 0.4550 0.1883
v -0.0177 0.4600 0.1883
v -0.0198 0.4600 0.1902
v -0.0281 0.4600 0.1958
v -0.0460 0.4600 0.2000
v -0.1007 0.4600 0.2000
v -0.1553 0.4600 0.2000
v -0.2100 0.4600 0.2000
v -0.2647 0.4600 0.2000
v -0.3193 0.4600 0.2000
v -0.3740 0.4600 0.2000
v -0.3919 0.4600 0.1958
v -0.4002 0.4600 0.1902
v -0.4023 0.4600 0.1883
v -0.0177 0.4650 0.1883
v -0.0198 0.4650 0.1902
v -0.0281 0.4650 0.1958
v -0.0460 0.4650 0.2000
v -0.1007 0.4650 0.2000
v -0.1553 0.4650 0.2000
v -0.2100 0.4650 0.2000
v -0.2647 0.4650 0.2000
v -0.3193 0.4650 0.2000
v -0.3740 0.4650 0.2000
v -0.3919 0.4650 0.1958
v -0.4002 0.4650 0.1902
v -0.4023 0.4650 0.1883
v -0.0177 0.4702 0.1883
v -0.0198 0.4702 0.1902
v -0.0281 0.4701 0.1958
v -0.0460 0.4700 0.2000
v -0.1007 0.4700 0.2000
v -0.1553 0.4700 0.2000
v -0.2100 0.4700 0.2000
v -0.2647 0.4700 0.2000
v -0.3193 0.4700 0.2000
v -0.3740 0.4700 0.2000
v -0.3919 0.4701 0.1958
v -0.4002 0.4702 0.1902
v -0.4023 0.4702 0.1883
v -0.0177 0.4752 0.1883
v -0.0198 0.4752 0.1902
v -0.0281 0.4751 0.1958
v -0.0460 0.4750 0.2000
v -0.1007 0.4750 0.2000
v -0.1553 0.4750 0.2000
v -0.2100 0.4750 0.2000
v -0.2647 0.4750 0.2000
v -0.3193 0.4750 0.2000
v -0.3740 0.4750 0.2000
v -0.3919 0.4751 0.1958
v -0.4002 0.4752 0.1902
v -0.4023 0.4752 0.1883
v -0.0177 0.4802 0.1883
v -0.0198 0.4802 0.1902
v -0.0281 0.4801 0.1958
v -0.0460 0.4800 0.2000
v -0.1007 0.4800 0.2000
v -0.1553 0.4800 0.2000
v -0.2100 0.4800 0.2000
v -0.2647 0.4800 0.2000
v -0.3193 0.4800 0.2000
v -0.3740 0.4800 0.2000
v -0.3919 0.4801 0.1958
v -0.4002 0.4802 0.1902
v -0.4023 0.4802 0.1883
v -0.0193 0.4936 0.1867
v -0.0215 0.4944 0.1883
v -0.0297 0.4965 0.1927
v -0.0460 0.4981 0.1958
v -0.1007 0.4983 0.1958
v -0.1553 0.4984 0.1958
v -0.2100 0.4984 0.1958
v -0.2647 0.4984 0.1958
v -0.3193 0.4983 0.1958
v -0.3740 0.4981 0.1958
v -0.3903 0.4965 0.1927
v -0.3985 0.4944 0.1883
v -0.4007 0.4936 0.1867
v -0.0219 0.5012 0.1841
v -0.0241 0.5022 0.1853
v -0.0319 0.5049 0.1883
v -0.0460 0.5066 0.1902
v -0.1007 0.5071 0.1902
v -0.1553 0.5074 0.1902
v -0.2100 0.5075 0.1902
v -0.2647 0.5074 0.1902
v -0.3193 0.5071 0.1902
v -0.3740 0.5066 0.1902
v -0.3881 0.5049 0.1883
v -0.3959 0.5022 0.1853
v -0.3981 0.5012 0.1841
v -0.0229 0.5034 0.1831
v -0.0251 0.5045 0.1841
v -0.0327 0.5071 0.1867
v -0.0460 0.5088 0.1883
v -0.1007 0.5094 0.1883
v -0.1553 0.5097 0.1883
v -0.2100 0.5098 0.1883
v -0.2647 0.5097 0.1883
v -0.3193 0.5094 0.1883
v -0.3740 0.5088 0.1883
v -0.3873 0.5071 0.1867
v -0.3949 0.5045 0.1841
v -0.3971 0.5034 0.1831
v -0.3971 0.4189 -0.2031
v -0.3949 0.4179 -0.2041
v -0.3873 0.4153 -0.2067
v -0.3740 0.4137 -0.2083
v -0.3193 0.4137 -0.2083
v -0.2647 0.4137 -0.2083
v -0.2100 0.4137 -0.2083
v -0.1553 0.4137 -0.2083
v -0.1007 0.4137 -0.2083
v -0.0460 0.4137 -0.2083
v -0.0327 0.4153 -0.2067
v -0.0251 0.4179 -0.2041
v -0.0229 0.4189 -0.2031
v -0.3981 0.4211 -0.2041
v -0.3959 0.4201 -0.2053
v -0.3881 0.4175 -0.2083
v -0.3740 0.4158 -0.2102
v -0.3193 0.4158 -0.2102
v -0.2647 0.4158 -0.2102
v -0.2100 0.4158 -0.2102
v -0.1553 0.4158 -0.2102
v -0.1007 0.4158 -0.2102
v -0.0460 0.4158 -0.2102
v -0.0319 0.4175 -0.2083
v -0.0241 0.4201 -0.2053
v -0.0219 0.4211 -0.2041
v -0.4007 0.4287 -0.2067
v -0.3985 0.4279 -0.2083
v -0.3903 0.4257 -0.2127
v -0.3740 0.4241 -0.2158
v -0.3193 0.4241 -0.2158
v -0.2647 0.4241 -0.2158
v -0.2100 0.4241 -0.2158
v -0.1553 0.4241 -0.2158
v -0.1007 0.4241 -0.2158
v -0.0460 0.4241 -0.2158
v -0.0297 0.4257 -0.2127
v -0.0215 0.4279 -0.2083
v -0.0193 0.4287 -0.2067
v -0.4023 0.4420 -0.2083
v -0.4002 0.4420 -0.2102
v -0.3919 0.4420 -0.2158
v -0.3740 0.4420 -0.2200
v -0.3193 0.4420 -0.2200
v -0.2647 0.4420 -0.2200
v -0.2100 0.4420 -0.2200
v -0.1553 0.4420 -0.2200
v -0.1007 0.4420 -0.2200
v -0.0460 0.4420 -0.2200
v -0.0281 0.4420 -0.2158
v -0.0198 0.4420 -0.2102
v -0.0177 0.4420 -0.2083
v -0.4023 0.4470 -0.2083
v -0.4002 0.4470 -0.2102
v -0.3919 0.4470 -0.2158
v -0.3740 0.4470 -0.2200
v -0.3193 0.4470 -0.2200
v -0.2647 0.4470 -0.2200
v -0.2100 0.4470 -0.2200
v -0.1553 0.4470 -0.2200
v -0.1007 0.4470 -0.2200
v -0.0460 0.4470 -0.2200
v -0.0281 0.4470 -0.2158
v -0.0198 0.4470 -0.2102
v -0.0177 0.4470 -0.2083
v -0.4023 0.4520 -0.2083
v -0.4002 0.4520 -0.2102
v -0.3919 0.4520 -0.2158
v -0.3740 0.4520 -0.2200
v -0.3193 0.4520 -0.2200
v -0.2647 0.4520 -0.2200
v -0.2100 0.4520 -0.2200
v -0.1553 0.4520 -0.2200
v -0.1007 0.4520 -0.2200
v -0.0460 0.4520 -0.2200
v -0.0281 0.4520 -0.2158
v -0.0198 0.4520 -0.2102
v -0.0177 0.4520 -0.2083
v -0.4023 0.4570 -0.2083
v -0.4002 0.4570 -0.2102
v -0.3919 0.4570 -0.2158
v -0.3740 0.4570 -0.2200
v -0.3193 0.4570 -0.2200
v -0.2647 0.4570 -0.2200
v -0.2100 0.4570 -0.2200
v -0.1553 0.4570 -0.2200
v -0.1007 0.4570 -0.2200
v -0.0460 0.4570 -0.2200
v -0.0281 0.4570 -0.2158
v -0.0198 0.4570 -0.2102
v -0.0177 0.4570 -0.2083
v -0.4023 0.4622 -0.2083
v -0.4002 0.4622 -0.2102
v -0.3919 0.4621 -0.2158
v -0.3740 0.4620 -0.2200
v -0.3193 0.4620 -0.2200
v -0.2647 0.4620 -0.2200
v -0.2100 0.4620 -0.2200
v -0.1553 0.4620 -0.2200
v -0.1007 0.4620 -0.2200
v -0.0460 0.4620 -0.2200
v -0.0281 0.4621 -0.2158
v -0.0198 0.4622 -0.2102
v -0.0177 0.4622 -0.2083
v -0.4023 0.4672 -0.2083
v -0.4002 0.4672 -0.2102
v -0.3919 0.4671 -0.2158
v -0.3740 0.4670 -0.2200
v -0.3193 0.4670 -0.2200
v -0.2647 0.4670 -0.2200
v -0.2100 0.4670 -0.2200
v -0.1553 0.4670 -0.2200
v -0.1007 0.4670 -0.2200
v -0.0460 0.4670 -0.2200
v -0.0281 0.4671 -0.2158
v -0.0198 0.4672 -0.2102
v -0.0177 0.4672 -0.2083
v -0.4023 0.4722 -0.2083
v -0.4002 0.4722 -0.2102
v -0.3919 0.4721 -0.2158
v -0.3740 0.4720 -0.2200
v -0.3193 0.4720 -0.2200
v -0.2647 0.4720 -0.2200
v -0.2100 0.4720 -0.2200
v -0.1553 0.4720 -0.2200
v -0.1007 0.4720 -0.2200
v -0.0460 0.4720 -0.2200
v -0.0281 0.4721 -0.2158
v -0.0198 0.4722 -0.2102
v -0.0177 0.4722 -0.2083
v -0.4007 0.4856 -0.2067
v -0.3985 0.4864 -0.2083
v -0.3903 0.4885 -0.2127
v -0.3740 0.4901 -0.2158
v -0.3193 0.4903 -0.2158
v -0.2647 0.4904 -0.2158
v -0.2100 0.4904 -0.2158
v -0.1553 0.4904 -0.2158
v -0.1007 0.4903 -0.2158
v -0.0460 0.4901 -0.2158
v -0.0297 0.4885 -0.2127
v -0.0215 0.4864 -0.2083
v -0.0193 0.4856 -0.2067
v -0.3981 0.4932 -0.2041
v -0.3959 0.4942 -0.2053
v -0.3881 0.4969 -0.2083
v -0.3740 0.4986 -0.2102
v -0.3193 0.4991 -0.2102
v -0.2647 0.4994 -0.2102
v -0.2100 0.4995 -0.2102
v -0.1553 0.4994 -0.2102
v -0.1007 0.4991 -0.2102
v -0.0460 0.4986 -0.2102
v -0.0319 0.4969 -0.2083
v -0.0241 0.4942 -0.2053
v -0.0219 0.4932 -0.2041
v -0.3971 0.4954 -0.2031
v -0.3949 0.4965 -0.2041
v -0.3873 0.4991 -0.2067
v -0.3740 0.5008 -0.2083
v -0.3193 0.5014 -0.2083
v -0.2647 0.5017 -0.2083
v -0.2100 0.5018 -0.2083
v -0.1553 0.5017 -0.2083
v -0.1007 0.5014 -0.2083
v -0.0460 0.5008 -0.2083
v -0.0327 0.4991 -0.2067
v -0.0251 0.4965 -0.2041
v -0.0229 0.4954 -0.2031
vt 0.0000 0.0000
vt 0.0054 0.0000
vt 0.0200 0.0000
vt 0.0400 0.0000
vt 0.0967 0.0000
vt 0.1533 0.0000
vt 0.2100 0.0000
vt 0.2667 0.0000
vt 0.3233 0.0000
vt 0.3800 0.0000
vt 0.4000 0.0000
vt 0.4146 0.0000
vt 0.4200 0.0000
vt 0.0000 0.0054
vt 0.0054 0.0054
vt 0.0200 0.0054
vt 0.0400 0.0054
vt 0.0967 0.0054
vt 0.1533 0.0054
vt 0.2100 0.0054
vt 0.2667 0.0054
vt 0.3233 0.0054
vt 0.3800 0.0054
vt 0.4000 0.0054
vt 0.4146 0.0054
vt 0.4200 0.0054
vt 0.0000 0.0200
vt 0.0054 0.0200
vt 0.0200 0.0200
vt 0.0400 0.0200
vt 0.0967 0.0200
vt 0.1533 0.0200
vt 0.2100 0.0200
vt 0.2667 0.0200
vt 0.3233 0.0200
vt 0.3800 0.0200
vt 0.4000 0.0200
vt 0.4146 0.0200
vt 0.4200 0.0200
vt 0.0000 0.0400
vt 0.0054 0.0400
vt 0.0200 0.0400
vt 0.0400 0.0400
vt 0.0967 0.0400
vt 0.1533 0.0400
vt 0.2100 0.0400
vt 0.2667 0.0400
vt 0.3233 0.0400
vt 0.3800 0.0400
vt 0.4000 0.0400
vt 0.4146 0.0400
vt 0.4200 0.0400
vt 0.0000 0.0450
vt 0.0054 0.0450
vt 0.0200 0.0450
vt 0.0400 0.0450
vt 0.0967 0.0450
vt 0.1533 0.0450
vt 0.2100 0.0450
vt 0.2667 0.0450
vt 0.3233 0.0450
vt 0.3800 0.0450
vt 0.4000 0.0450
vt 0.4146 0.0450
vt 0.4200 0.0450
vt 0.0000 0.0500
vt 0.0054 0.0500
vt 0.0200 0.0500
vt 0.0400 0.0500
vt 0.0967 0.0500
vt 0.1533 0.0500
vt 0.2100 0.0500
vt 0.2667 0.0500
vt 0.3233 0.0500
vt 0.3800 0.0500
vt 0.4000 0.0500
vt 0.4146 0.0500
vt 0.4200 0.0500
vt 0.0000 0.0550
vt 0.0054 0.0550
vt 0.0200 0.0550
vt 0.0400 0.0550
vt 0.0967 0.0550
vt 0.1533 0.0550
vt 0.2100 0.0550
vt 0.2667 0.0550
vt 0.3233 0.0550
vt 0.3800 0.0550
vt 0.4000 0.0550
vt 0.4146 0.0550
vt 0.4200 0.0550
vt 0.0000 0.0600
vt 0.0054 0.0600
vt 0.0200 0.0600
vt 0.0400 0.0600
vt 0.0967 0.0600
vt 0.1533 0.0600
vt 0.2100 0.0600
vt 0.2667 0.0600
vt 0.3233 0.0600
vt 0.3800 0.0600
vt 0.4000 0.0600
vt 0.4146 0.0600
vt 0.4200 0.0600
vt 0.0000 0.0650
vt 0.0054 0.0650
vt 0.0200 0.0650
vt 0.0400 0.0650
vt 0.0967 0.0650
vt 0.1533 0.0650
vt 0.2100 0.0650
vt 0.2667 0.0650
vt 0.3233 0.0650
vt 0.3800 0.0650
vt 0.4000 0.0650
vt 0.4146 0.0650
vt 0.4200 0.0650
vt 0.0000 0.0700
vt 0.0054 0.0700
vt 0.0200 0.0700
vt 0.0400 0.0700
vt 0.0967 0.0700
vt 0.1533 0.0700
vt 0.2100 0.0700
vt 0.2667 0.0700
vt 0.3233 0.0700
vt 0.3800 0.0700
vt 0.4000 0.0700
vt 0.4146 0.0700
vt 0.4200 0.0700
vt 0.0000 0.0900
vt 0.0054 0.0900
vt 0.0200 0.0900
vt 0.0400 0.0900
vt 0.0967 0.0900
vt 0.1533 0.0900
vt 0.2100 0.0900
vt 0.2667 0.0900
vt 0.3233 0.0900
vt 0.3800 0.0900
vt 0.4000 0.0900
vt 0.4146 0.0900
vt 0.4200 0.0900
vt 0.0000 0.1046
vt 0.0054 0.1046
vt 0.0200 0.1046
vt 0.0400 0.1046
vt 0.0967 0.1046
vt 0.1533 0.1046
vt 0.2100 0.1046
vt 0.2667 0.1046
vt 0.3233 0.1046
vt 0.3800 0.1046
vt 0.4000 0.1046
vt 0.4146 0.1046
vt 0.4200 0.1046
vt 0.0000 0.1100
vt 0.0054 0.1100
vt 0.0200 0.1100
vt 0.0400 0.1100
vt 0.0967 0.1100
vt 0.1533 0.1100
vt 0.2100 0.1100
vt 0.2667 0.1100
vt 0.3233 0.1100
vt 0.3800 0.1100
vt 0.4000 0.1100
vt 0.4146 0.1100
vt 0.4200 0.1100
vt 0.0000 0.0000
vt 0.0054 0.0000
vt 0.0200 0.0000
vt 0.0400 0.0000
vt 0.0967 0.0000
vt 0.1533 0.0000
vt 0.2100 0.0000
vt 0.2667 0.0000
vt 0.3233 0.0000
vt 0.3800 0.0000
vt 0.4000 0.0000
vt 0.4146 0.0000
vt 0.4200 0.0000
vt 0.0000 0.0054
vt 0.0054 0.0054
vt 0.0200 0.0054
vt 0.0400 0.0054
vt 0.0967 0.0054
vt 0.1533 0.0054
vt 0.2100 0.0054
vt 0.2667 0.0054
vt 0.3233 0.0054
vt 0.3800 0.0054
vt 0.4000 0.0054
vt 0.4146 0.0054
vt 0.4200 0.0054
vt 0.0000 0.0200
vt 0.0054 0.0200
vt 0.0200 0.0200
vt 0.0400 0.0200
vt 0.0967 0.0200
vt 0.1533 0.0200
vt 0.2100 0.0200
vt 0.2667 0.0200
vt 0.3233 0.0200
vt 0.3800 0.0200
vt 0.4000 0.0200
vt 0.4146 0.0200
vt 0.4200 0.0200
vt 0.0000 0.0400
vt 0.0054 0.0400
vt 0.0200 0.0400
vt 0.0400 0.0400
vt 0.0967 0.0400
vt 0.1533 0.0400
vt 0.2100 0.0400
vt 0.2667 0.0400
vt 0.3233 0.0400
vt 0.3800 0.0400
vt 0.4000 0.0400
vt 0.4146 0.0400
vt 0.4200 0.0400
vt 0.0000 0.0450
vt 0.0054 0.0450
vt 0.0200 0.0450
vt 0.0400 0.0450
vt 0.0967 0.0450
vt 0.1533 0.0450
vt 0.2100 0.0450
vt 0.2667 0.0450
vt 0.3233 0.0450
vt 0.3800 0.0450
vt 0.4000 0.0450
vt 0.4146 0.0450
vt 0.4200 0.0450
vt 0.0000 0.0500
vt 0.0054 0.0500
vt 0.0200 0.0500
vt 0.0400 0.0500
vt 0.0967 0.0500
vt 0.1533 0.0500
vt 0.2100 0.0500
vt 0.2667 0.0500
vt 0.3233 0.0500
vt 0.3800 0.0500
vt 0.4000 0.0500
vt 0.4146 0.0500
vt 0.4200 0.0500
vt 0.0000 0.0550
vt 0.0054 0.0550
vt 0.0200 0.0550
vt 0.0400 0.0550
vt 0.0967 0.0550
vt 0.1533 0.0550
vt 0.2100 0.0550
vt 0.2667 0.0550
vt 0.3233 0.0550
vt 0.3800 0.0550
vt 0.4000 0.0550
vt 0.4146 0.0550
vt 0.4200 0.0550
vt 0.0000 0.0600
vt 0.0054 0.0600
vt 0.0200 0.0600
vt 0.0400 0.0600
vt 0.0967 0.0600
vt 0.1533 0.0600
vt 0.2100 0.0600
vt 0.2667 0.0600
vt 0.3233 0.0600
vt 0.3800 0.0600
vt 0.4000 0.0600
vt 0.4146 0.0600
vt 0.4200 0.0600
vt 0.0000 0.0650
vt 0.0054 0.0650
vt 0.0200 0.0650
vt 0.0400 0.0650
vt 0.0967 0.0650
vt 0.1533 0.0650
vt 0.2100 0.0650
vt 0.2667 0.0650
vt 0.3233 0.0650
vt 0.3800 0.0650
vt 0.4000 0.0650
vt 0.4146 0.0650
vt 0.4200 0.0650
vt 0.0000 0.0700
vt 0.0054 0.0700
vt 0.0200 0.0700
vt 0.0400 0.0700
vt 0.0967 0.0700
vt 0.1533 0.0700
vt 0.2100 0.0700
vt 0.2667 0.0700
vt 0.3233 0.0700
vt 0.3800 0.0700
vt 0.4000 0.0700
vt 0.4146 0.0700
vt 0.4200 0.0700
vt 0.0000 0.0900
vt 0.0054 0.0900
vt 0.0200 0.0900
vt 0.0400 0.0900
vt 0.0967 0.0900
vt 0.1533 0.0900
vt 0.2100 0.0900
vt 0.2667 0.0900
vt 0.3233 0.0900
vt 0.3800 0.0900
vt 0.4000 0.0900
vt 0.4146 0.0900
vt 0.4200 0.0900
vt 0.0000 0.1046
vt 0.0054 0.1046
vt 0.0200 0.1046
vt 0.0400 0.1046
vt 0.0967 0.1046
vt 0.1533 0.1046
vt 0.2100 0.1046
vt 0.2667 0.1046
vt 0.3233 0.1046
vt 0.3800 0.1046
vt 0.4000 0.1046
vt 0.4146 0.1046
vt 0.4200 0.1046
vt 0.0000 0.1100
vt 0.0054 0.1100
vt 0.0200 0.1100
vt 0.0400 0.1100
vt 0.0967 0.1100
vt 0.1533 0.1100
vt 0.2100 0.1100
vt 0.2667 0.1100
vt 0.3233 0.1100
vt 0.3800 0.1100
vt 0.4000 0.1100
vt 0.4146 0.1100
vt 0.4200 0.1100
vt 0.0000 0.0000
vt 0.0054 0.0000
vt 0.0200 0.0000
vt 0.0400 0.0000
vt 0.0947 0.0000
vt 0.1493 0.0000
vt 0.2040 0.0000
vt 0.2587 0.0000
vt 0.3133 0.0000
vt 0.3680 0.0000
vt 0.3880 0.0000
vt 0.4026 0.0000
vt 0.4080 0.0000
vt 0.0000 0.0054
vt 0.0054 0.0054
vt 0.0200 0.0054
vt 0.0400 0.0054
vt 0.0947 0.0054
vt 0.1493 0.0054
vt 0.2040 0.0054
vt 0.2587 0.0054
vt 0.3133 0.0054
vt 0.3680 0.0054
vt 0.3880 0.0054
vt 0.4026 0.0054
vt 0.4080 0.0054
vt 0.0000 0.0200
vt 0.0054 0.0200
vt 0.0200 0.0200
vt 0.0400 0.0200
vt 0.0947 0.0200
vt 0.1493 0.0200
vt 0.2040 0.0200
vt 0.2587 0.0200
vt 0.3133 0.0200
vt 0.3680 0.0200
vt 0.3880 0.0200
vt 0.4026 0.0200
vt 0.4080 0.0200
vt 0.0000 0.0400
vt 0.0054 0.0400
vt 0.0200 0.0400
vt 0.0400 0.0400
vt 0.0947 0.0400
vt 0.1493 0.0400
vt 0.2040 0.0400
vt 0.2587 0.0400
vt 0.3133 0.0400
vt 0.3680 0.0400
vt 0.3880 0.0400
vt 0.4026 0.0400
vt 0.4080 0.0400
vt 0.0000 0.0967
vt 0.0054 0.0967
vt 0.0200 0.0967
vt 0.0400 0.0967
vt 0.0947 0.0967
vt 0.1493 0.0967
vt 0.2040 0.0967
vt 0.2587 0.0967
vt 0.3133 0.0967
vt 0.3680 0.0967
vt 0.3880 0.0967
vt 0.4026 0.0967
vt 0.4080 0.0967
vt 0.0000 0.1533
vt 0.0054 0.1533
vt 0.0200 0.1533
vt 0.0400 0.1533
vt 0.0947 0.1533
vt 0.1493 0.1533
vt 0.2040 0.1533
vt 0.2587 0.1533
vt 0.3133 0.1533
vt 0.3680 0.1533
vt 0.3880 0.1533
vt 0.4026 0.1533
vt 0.4080 0.1533
vt 0.0000 0.2100
vt 0.0054 0.2100
vt 0.0200 0.2100
vt 0.0400 0.2100
vt 0.0947 0.2100
vt 0.1493 0.2100
vt 0.2040 0.2100
vt 0.2587 0.2100
vt 0.3133 0.2100
vt 0.3680 0.2100
vt 0.3880 0.2100
vt 0.4026 0.2100
vt 0.4080 0.2100
vt 0.0000 0.2667
vt 0.0054 0.2667
vt 0.0200 0.2667
vt 0.0400 0.2667
vt 0.0947 0.2667
vt 0.1493 0.2667
vt 0.2040 0.2667
vt 0.2587 0.2667
vt 0.3133 0.2667
vt 0.3680 0.2667
vt 0.3880 0.2667
vt 0.4026 0.2667
vt 0.4080 0.2667
vt 0.0000 0.3233
vt 0.0054 0.3233
vt 0.0200 0.3233
vt 0.0400 0.3233
vt 0.0947 0.3233
vt 0.1493 0.3233
vt 0.2040 0.3233
vt 0.2587 0.3233
vt 0.3133 0.3233
vt 0.3680 0.3233
vt 0.3880 0.3233
vt 0.4026 0.3233
vt 0.4080 0.3233
vt 0.0000 0.3800
vt 0.0054 0.3800
vt 0.0200 0.3800
vt 0.0400 0.3800
vt 0.0947 0.3800
vt 0.1493 0.3800
vt 0.2040 0.3800
vt 0.2587 0.3800
vt 0.3133 0.3800
vt 0.3680 0.3800
vt 0.3880 0.3800
vt 0.4026 0.3800
vt 0.4080 0.3800
vt 0.0000 0.4000
vt 0.0054 0.4000
vt 0.0200 0.4000
vt 0.0400 0.4000
vt 0.0947 0.4000
vt 0.1493 0.4000
vt 0.2040 0.4000
vt 0.2587 0.4000
vt 0.3133 0.4000
vt 0.3680 0.4000
vt 0.3880 0.4000
vt 0.4026 0.4000
vt 0.4080 0.4000
vt 0.0000 0.4146
vt 0.0054 0.4146
vt 0.0200 0.4146
vt 0.0400 0.4146
vt 0.0947 0.4146
vt 0.1493 0.4146
vt 0.2040 0.4146
vt 0.2587 0.4146
vt 0.3133 0.4146
vt 0.3680 0.4146
vt 0.3880 0.4146
vt 0.4026 0.4146
vt 0.4080 0.4146
vt 0.0000 0.4200
vt 0.0054 0.4200
vt 0.0200 0.4200
vt 0.0400 0.4200
vt 0.0947 0.4200
vt 0.1493 0.4200
vt 0.2040 0.4200
vt 0.2587 0.4200
vt 0.3133 0.4200
vt 0.3680 0.4200
vt 0.3880 0.4200
vt 0.4026 0.4200
vt 0.4080 0.4200
vt 0.0000 0.0000
vt 0.0054 0.0000
vt 0.0200 0.0000
vt 0.0400 0.0000
vt 0.0947 0.0000
vt 0.1493 0.0000
vt 0.2040 0.0000
vt 0.2587 0.0000
vt 0.3133 0.0000
vt 0.3680 0.0000
vt 0.3880 0.0000
vt 0.4026 0.0000
vt 0.4080 0.0000
vt 0.0000 0.0054
vt 0.0054 0.0054
vt 0.0200 0.0054
vt 0.0400 0.0054
vt 0.0947 0.0054
vt 0.1493 0.0054
vt 0.2040 0.0054
vt 0.2587 0.0054
vt 0.3133 0.0054
vt 0.3680 0.0054
vt 0.3880 0.0054
vt 0.4026 0.0054
vt 0.4080 0.0054
vt 0.0000 0.0200
vt 0.0054 0.0200
vt 0.0200 0.0200
vt 0.0400 0.0200
vt 0.0947 0.0200
vt 0.1493 0.0200
vt 0.2040 0.0200
vt 0.2587 0.0200
vt 0.3133 0.0200
vt 0.3680 0.0200
vt 0.3880 0.0200
vt 0.4026 0.0200
vt 0.4080 0.0200
vt 0.0000 0.0400
vt 0.0054 0.0400
vt 0.0200 0.0400
vt 0.0400 0.0400
vt 0.0947 0.0400
vt 0.1493 0.0400
vt 0.2040 0.0400
vt 0.2587 0.0400
vt 0.3133 0.0400
vt 0.3680 0.0400
vt 0.3880 0.0400
vt 0.4026 0.0400
vt 0.4080 0.0400
vt 0.0000 0.0967
vt 0.0054 0.0967
vt 0.0200 0.0967
vt 0.0400 0.0967
vt 0.0947 0.0967
vt 0.1493 0.0967
vt 0.2040 0.0967
vt 0.2587 0.0967
vt 0.3133 0.0967
vt 0.3680 0.0967
vt 0.3880 0.0967
vt 0.4026 0.0967
vt 0.4080 0.0967
vt 0.0000 0.1533
vt 0.0054 0.1533
vt 0.0200 0.1533
vt 0.0400 0.1533
vt 0.0947 0.1533
vt 0.1493 0.1533
vt 0.2040 0.1533
vt 0.2587 0.1533
vt 0.3133 0.1533
vt 0.3680 0.1533
vt 0.3880 0.1533
vt 0.4026 0.1533
vt 0.4080 0.1533
vt 0.0000 0.2100
vt 0.0054 0.2100
vt 0.0200 0.2100
vt 0.0400 0.2100
vt 0.0947 0.2100
vt 0.1493 0.2100
vt 0.2040 0.2100
vt 0.2587 0.2100
vt 0.3133 0.2100
vt 0.3680 0.2100
vt 0.3880 0.2100
vt 0.4026 0.2100
vt 0.4080 0.2100
vt 0.0000 0.2667
vt 0.0054 0.2667
vt 0.0200 0.2667
vt 0.0400 0.2667
vt 0.0947 0.2667
vt 0.1493 0.2667
vt 0.2040 0.2667
vt 0.2587 0.2667
vt 0.3133 0.2667
vt 0.3680 0.2667
vt 0.3880 0.2667
vt 0.4026 0.2667
vt 0.4080 0.2667
vt 0.0000 0.3233
vt 0.0054 0.3233
vt 0.0200 0.3233
vt 0.0400 0.3233
vt 0.0947 0.3233
vt 0.1493 0.3233
vt 0.2040 0.3233
vt 0.2587 0.3233
vt 0.3133 0.3233
vt 0.3680 0.3233
vt 0.3880 0.3233
vt 0.4026 0.3233
vt 0.4080 0.3233
vt 0.0000 0.3800
vt 0.0054 0.3800
vt 0.0200 0.3800
vt 0.0400 0.3800
vt 0.0947 0.3800
vt 0.1493 0.3800
vt 0.2040 0.3800
vt 0.2587 0.3800
vt 0.3133 0.3800
vt 0.3680 0.3800
vt 0.3880 0.3800
vt 0.4026 0.3800
vt 0.4080 0.3800
vt 0.0000 0.4000
vt 0.0054 0.4000
vt 0.0200 0.4000
vt 0.0400 0.4000
vt 0.0947 0.4000
vt 0.1493 0.4000
vt 0.2040 0.4000
vt 0.2587 0.4000
vt 0.3133 0.4000
vt 0.3680 0.4000
vt 0.3880 0.4000
vt 0.4026 0.4000
vt 0.4080 0.4000
vt 0.0000 0.4146
vt 0.0054 0.4146
vt 0.0200 0.4146
vt 0.0400 0.4146
vt 0.0947 0.4146
vt 0.1493 0.4146
vt 0.2040 0.4146
vt 0.2587 0.4146
vt 0.3133 0.4146
vt 0.3680 0.4146
vt 0.3880 0.4146
vt 0.4026 0.4146
vt 0.4080 0.4146
vt 0.0000 0.4200
vt 0.0054 0.4200
vt 0.0200 0.4200
vt 0.0400 0.4200
vt 0.0947 0.4200
vt 0.1493 0.4200
vt 0.2040 0.4200
vt 0.2587 0.4200
vt 0.3133 0.4200
vt 0.3680 0.4200
vt 0.3880 0.4200
vt 0.4026 0.4200
vt 0.4080 0.4200
vt 0.0000 0.0000
vt 0.0054 0.0000
vt 0.0200 0.0000
vt 0.0400 0.0000
vt 0.0947 0.0000
vt 0.1493 0.0000
vt 0.2040 0.0000
vt 0.2587 0.0000
vt 0.3133 0.0000
vt 0.3680 0.0000
vt 0.3880 0.0000
vt 0.4026 0.0000
vt 0.4080 0.0000
vt 0.0000 0.0054
vt 0.0054 0.0054
vt 0.0200 0.0054
vt 0.0400 0.0054
vt 0.0947 0.0054
vt 0.1493 0.0054
vt 0.2040 0.0054
vt 0.2587 0.0054
vt 0.3133 0.0054
vt 0.3680 0.0054
vt 0.3880 0.0054
vt 0.4026 0.0054
vt 0.4080 0.0054
vt 0.0000 0.0200
vt 0.0054 0.0200
vt 0.0200 0.0200
vt 0.0400 0.0200
vt 0.0947 0.0200
vt 0.1493 0.0200
vt 0.2040 0.0200
vt 0.2587 0.0200
vt 0.3133 0.0200
vt 0.3680 0.0200
vt 0.3880 0.0200
vt 0.4026 0.0200
vt 0.4080 0.0200
vt 0.0000 0.0400
vt 0.0054 0.0400
vt 0.0200 0.0400
vt 0.0400 0.0400
vt 0.0947 0.0400
vt 0.1493 0.0400
vt 0.2040 0.0400
vt 0.2587 0.0400
vt 0.3133 0.0400
vt 0.3680 0.0400
vt 0.3880 0.0400
vt 0.4026 0.0400
vt 0.4080 0.0400
vt 0.0000 0.0450
vt 0.0054 0.0450
vt 0.0200 0.0450
vt 0.0400 0.0450
vt 0.0947 0.0450
vt 0.1493 0.0450
vt 0.2040 0.0450
vt 0.2587 0.0450
vt 0.3133 0.0450
vt 0.3680 0.0450
vt 0.3880 0.0450
vt 0.4026 0.0450
vt 0.4080 0.0450
vt 0.0000 0.0500
vt 0.0054 0.0500
vt 0.0200 0.0500
vt 0.0400 0.0500
vt 0.0947 0.0500
vt 0.1493 0.0500
vt 0.2040 0.0500
vt 0.2587 0.0500
vt 0.3133 0.0500
vt 0.3680 0.0500
vt 0.3880 0.0500
vt 0.4026 0.0500
vt 0.4080 0.0500
vt 0.0000 0.0550
vt 0.0054 0.0550
vt 0.0200 0.0550
vt 0.0400 0.0550
vt 0.0947 0.0550
vt 0.1493 0.0550
vt 0.2040 0.0550
vt 0.2587 0.0550
vt 0.3133 0.0550
vt 0.3680 0.0550
vt 0.3880 0.0550
vt 0.4026 0.0550
vt 0.4080 0.0550
vt 0.0000 0.0600
vt 0.0054 0.0600
vt 0.0200 0.0600
vt 0.0400 0.0600
vt 0.0947 0.0600
vt 0.1493 0.0600
vt 0.2040 0.0600
vt 0.2587 0.0600
vt 0.3133 0.0600
vt 0.3680 0.0600
vt 0.3880 0.0600
vt 0.4026 0.0600
vt 0.4080 0.0600
vt 0.0000 0.0650
vt 0.0054 0.0650
vt 0.0200 0.0650
vt 0.0400 0.0650
vt 0.0947 0.0650
vt 0.1493 0.0650
vt 0.2040 0.0650
vt 0.2587 0.0650
vt 0.3133 0.0650
vt 0.3680 0.0650
vt 0.3880 0.0650
vt 0.4026 0.0650
vt 0.4080 0.0650
vt 0.0000 0.0700
vt 0.0054 0.0700
vt 0.0200 0.0700
vt 0.0400 0.0700
vt 0.0947 0.0700
vt 0.1493 0.0700
vt 0.2040 0.0700
vt 0.2587 0.0700
vt 0.3133 0.0700
vt 0.3680 0.0700
vt 0.3880 0.0700
vt 0.4026 0.0700
vt 0.4080 0.0700
vt 0.0000 0.0900
vt 0.0054 0.0900
vt 0.0200 0.0900
vt 0.0400 0.0900
vt 0.0947 0.0900
vt 0.1493 0.0900
vt 0.2040 0.0900
vt 0.2587 0.0900
vt 0.3133 0.0900
vt 0.3680 0.0900
vt 0.3880 0.0900
vt 0.4026 0.0900
vt 0.4080 0.0900
vt 0.0000 0.1046
vt 0.0054 0.1046
vt 0.0200 0.1046
vt 0.0400 0.1046
vt 0.0947 0.1046
vt 0.1493 0.1046
vt 0.2040 0.1046
vt 0.2587 0.1046
vt 0.3133 0.1046
vt 0.3680 0.1046
vt 0.3880 0.1046
vt 0.4026 0.1046
vt 0.4080 0.1046
vt 0.0000 0.1100
vt 0.0054 0.1100
vt 0.0200 0.1100
vt 0.0400 0.1100
vt 0.0947 0.1100
vt 0.1493 0.1100
vt 0.2040 0.1100
vt 0.2587 0.1100
vt 0.3133 0.1100
vt 0.3680 0.1100
vt 0.3880 0.1100
vt 0.4026 0.1100
vt 0.4080 0.1100
vt 0.0000 0.0000
vt 0.0054 0.0000
vt 0.0200 0.0000
vt 0.0400 0.0000
vt 0.0947 0.0000
vt 0.1493 0.0000
vt 0.2040 0.0000
vt 0.2587 0.0000
vt 0.3133 0.0000
vt 0.3680 0.0000
vt 0.3880 0.0000
vt 0.4026 0.0000
vt 0.4080 0.0000
vt 0.0000 0.0054
vt 0.0054 0.0054
vt 0.0200 0.0054
vt 0.0400 0.0054
vt 0.0947 0.0054
vt 0.1493 0.0054
vt 0.2040 0.0054
vt 0.2587 0.0054
vt 0.3133 0.0054
vt 0.3680 0.0054
vt 0.3880 0.0054
vt 0.4026 0.0054
vt 0.4080 0.0054
vt 0.0000 0.0200
vt 0.0054 0.0200
vt 0.0200 0.0200
vt 0.0400 0.0200
vt 0.0947 0.0200
vt 0.1493 0.0200
vt 0.2040 0.0200
vt 0.2587 0.0200
vt 0.3133 0.0200
vt 0.3680 0.0200
vt 0.3880 0.0200
vt 0.4026 0.0200
vt 0.4080 0.0200
vt 0.0000 0.0400
vt 0.0054 0.0400
vt 0.0200 0.0400
vt 0.0400 0.0400
vt 0.0947 0.0400
vt 0.1493 0.0400
vt 0.2040 0.0400
vt 0.2587 0.0400
vt 0.3133 0.0400
vt 0.3680 0.0400
vt 0.3880 0.0400
vt 0.4026 0.0400
vt 0.4080 0.0400
vt 0.0000 0.0450
vt 0.0054 0.0450
vt 0.0200 0.0450
vt 0.0400 0.0450
vt 0.0947 0.0450
vt 0.1493 0.0450
vt 0.2040 0.0450
vt 0.2587 0.0450
vt 0.3133 0.0450
vt 0.3680 0.0450
vt 0.3880 0.0450
vt 0.4026 0.0450
vt 0.4080 0.0450
vt 0.0000 0.0500
vt 0.0054 0.0500
vt 0.0200 0.0500
vt 0.0400 0.0500
vt 0.0947 0.0500
vt 0.1493 0.0500
vt 0.2040 0.0500
vt 0.2587 0.0500
vt 0.3133 0.0500
vt 0.3680 0.0500
vt 0.3880 0.0500
vt 0.4026 0.0500
vt 0.4080 0.0500
vt 0.0000 0.0550
vt 0.0054 0.0550
vt 0.0200 0.0550
vt 0.0400 0.0550
vt 0.0947 0.0550
vt 0.1493 0.0550
vt 0.2040 0.0550
vt 0.2587 0.0550
vt 0.3133 0.0550
vt 0.3680 0.0550
vt 0.3880 0.0550
vt 0.4026 0.0550
vt 0.4080 0.0550
vt 0.0000 0.0600
vt 0.0054 0.0600
vt 0.0200 0.0600
vt 0.0400 0.0600
vt 0.0947 0.0600
vt 0.1493 0.0600
vt 0.2040 0.0600
vt 0.2587 0.0600
vt 0.3133 0.0600
vt 0.3680 0.0600
vt 0.3880 0.0600
vt 0.4026 0.0600
vt 0.4080 0.0600
vt 0.0000 0.0650
vt 0.0054 0.0650
vt 0.0200 0.0650
vt 0.0400 0.0650
vt 0.0947 0.0650
vt 0.1493 0.0650
vt 0.2040 0.0650
vt 0.2587 0.0650
vt 0.3133 0.0650
vt 0.3680 0.0650
vt 0.3880 0.0650
vt 0.4026 0.0650
vt 0.4080 0.0650
vt 0.0000 0.0700
vt 0.0054 0.0700
vt 0.0200 0.0700
vt 0.0400 0.0700
vt 0.0947 0.0700
vt 0.1493 0.0700
vt 0.2040 0.0700
vt 0.2587 0.0700
vt 0.3133 0.0700
vt 0.3680 0.0700
vt 0.3880 0.0700
vt 0.4026 0.0700
vt 0.4080 0.0700
vt 0.0000 0.0900
vt 0.0054 0.0900
vt 0.0200 0.0900
vt 0.0400 0.0900
vt 0.0947 0.0900
vt 0.1493 0.0900
vt 0.2040 0.0900
vt 0.2587 0.0900
vt 0.3133 0.0900
vt 0.3680 0.0900
vt 0.3880 0.0900
vt 0.4026 0.0900
vt 0.4080 0.0900
vt 0.0000 0.1046
vt 0.0054 0.1046
vt 0.0200 0.1046
vt 0.0400 0.1046
vt 0.0947 0.1046
vt 0.1493 0.1046
vt 0.2040 0.1046
vt 0.2587 0.1046
vt 0.3133 0.1046
vt 0.3680 0.1046
vt 0.3880 0.1046
vt 0.4026 0.1046
vt 0.4080 0.1046
vt 0.0000 0.1100
vt 0.0054 0.1100
vt 0.0200 0.1100
vt 0.0400 0.1100
vt 0.0947 0.1100
vt 0.1493 0.1100
vt 0.2040 0.1100
vt 0.2587 0.1100
vt 0.3133 0.1100
vt 0.3680 0.1100
vt 0.3880 0.1100
vt 0.4026 0.1100
vt 0.4080 0.1100
vt 0.0000 0.0000
vt 0.0054 0.0000
vt 0.0200 0.0000
vt 0.0400 0.0000
vt 0.0967 0.0000
vt 0.1533 0.0000
vt 0.2100 0.0000
vt 0.2667 0.0000
vt 0.3233 0.0000
vt 0.3800 0.0000
vt 0.4000 0.0000
vt 0.4146 0.0000
vt 0.4200 0.0000
vt 0.0000 0.0054
vt 0.0054 0.0054
vt 0.0200 0.0054
vt 0.0400 0.0054
vt 0.0967 0.0054
vt 0.1533 0.0054
vt 0.2100 0.0054
vt 0.2667 0.0054
vt 0.3233 0.0054
vt 0.3800 0.0054
vt 0.4000 0.0054
vt 0.4146 0.0054
vt 0.4200 0.0054
vt 0.0000 0.0200
vt 0.0054 0.0200
vt 0.0200 0.0200
vt 0.0400 0.0200
vt 0.0967 0.0200
vt 0.1533 0.0200
vt 0.2100 0.0200
vt 0.2667 0.0200
vt 0.3233 0.0200
vt 0.3800 0.0200
vt 0.4000 0.0200
vt 0.4146 0.0200
vt 0.4200 0.0200
vt 0.0000 0.0400
vt 0.0054 0.0400
vt 0.0200 0.0400
vt 0.0400 0.0400
vt 0.0967 0.0400
vt 0.1533 0.0400
vt 0.2100 0.0400
vt 0.2667 0.0400
vt 0.3233 0.0400
vt 0.3800 0.0400
vt 0.4000 0.0400
vt 0.4146 0.0400
vt 0.4200 0.0400
vt 0.0000 0.0450
vt 0.0054 0.0450
vt 0.0200 0.0450
vt 0.0400 0.0450
vt 0.0967 0.0450
vt 0.1533 0.0450
vt 0.2100 0.0450
vt 0.2667 0.0450
vt 0.3233 0.0450
vt 0.3800 0.0450
vt 0.4000 0.0450
vt 0.4146 0.0450
vt 0.4200 0.0450
vt 0.0000 0.0500
vt 0.0054 0.0500
vt 0.0200 0.0500
vt 0.0400 0.0500
vt 0.0967 0.0500
vt 0.1533 0.0500
vt 0.2100 0.0500
vt 0.2667 0.0500
vt 0.3233 0.0500
vt 0.3800 0.0500
vt 0.4000 0.0500
vt 0.4146 0.0500
vt 0.4200 0.0500
vt 0.0000 0.0550
vt 0.0054 0.0550
vt 0.0200 0.0550
vt 0.0400 0.0550
vt 0.0967 0.0550
vt 0.1533 0.0550
vt 0.2100 0.0550
vt 0.2667 0.0550
vt 0.3233 0.0550
vt 0.3800 0.0550
vt 0.4000 0.0550
vt 0.4146 0.0550
vt 0.4200 0.0550
vt 0.0000 0.0600
vt 0.0054 0.0600
vt 0.0200 0.0600
vt 0.0400 0.0600
vt 0.0967 0.0600
vt 0.1533 0.0600
vt 0.2100 0.0600
vt 0.2667 0.0600
vt 0.3233 0.0600
vt 0.3800 0.0600
vt 0.4000 0.0600
vt 0.4146 0.0600
vt 0.4200 0.0600
vt 0.0000 0.0650
vt 0.0054 0.0650
vt 0.0200 0.0650
vt 0.0400 0.0650
vt 0.0967 0.0650
vt 0.1533 0.0650
vt 0.2100 0.0650
vt 0.2667 0.0650
vt 0.3233 0.0650
vt 0.3800 0.0650
vt 0.4000 0.0650
vt 0.4146 0.0650
vt 0.4200 0.0650
vt 0.0000 0.0700
vt 0.0054 0.0700
vt 0.0200 0.0700
vt 0.0400 0.0700
vt 0.0967 0.0700
vt 0.1533 0.0700
vt 0.2100 0.0700
vt 0.2667 0.0700
vt 0.3233 0.0700
vt 0.3800 0.0700
vt 0.4000 0.0700
vt 0.4146 0.0700
vt 0.4200 0.0700
vt 0.0000 0.0900
vt 0.0054 0.0900
vt 0.0200 0.0900
vt 0.0400 0.0900
vt 0.0967 0.0900
vt 0.1533 0.0900
vt 0.2100 0.0900
vt 0.2667 0.0900
vt 0.3233 0.0900
vt 0.3800 0.0900
vt 0.4000 0.0900
vt 0.4146 0.0900
vt 0.4200 0.0900
vt 0.0000 0.1046
vt 0.0054 0.1046
vt 0.0200 0.1046
vt 0.0400 0.1046
vt 0.0967 0.1046
vt 0.1533 0.1046
vt 0.2100 0.1046
vt 0.2667 0.1046
vt 0.3233 0.1046
vt 0.3800 0.1046
vt 0.4000 0.1046
vt 0.4146 0.1046
vt 0.4200 0.1046
vt 0.0000 0.1100
vt 0.0054 0.1100
vt 0.0200 0.1100
vt 0.0400 0.1100
vt 0.0967 0.1100
vt 0.1533 0.1100
vt 0.2100 0.1100
vt 0.2667 0.1100
vt 0.3233 0.1100
vt 0.3800 0.1100
vt 0.4000 0.1100
vt 0.4146 0.1100
vt 0.4200 0.1100
vt 0.0000 0.0000
vt 0.0054 0.0000
vt 0.0200 0.0000
vt 0.0400 0.0000
vt 0.0967 0.0000
vt 0.1533 0.0000
vt 0.2100 0.0000
vt 0.2667 0.0000
vt 0.3233 0.0000
vt 0.3800 0.0000
vt 0.4000 0.0000
vt 0.4146 0.0000
vt 0.4200 0.0000
vt 0.0000 0.0054
vt 0.0054 0.0054
vt 0.0200 0.0054
vt 0.0400 0.0054
vt 0.0967 0.0054
vt 0.1533 0.0054
vt 0.2100 0.0054
vt 0.2667 0.0054
vt 0.3233 0.0054
vt 0.3800 0.0054
vt 0.4000 0.0054
vt 0.4146 0.0054
vt 0.4200 0.0054
vt 0.0000 0.0200
vt 0.0054 0.0200
vt 0.0200 0.0200
vt 0.0400 0.0200
vt 0.0967 0.0200
vt 0.1533 0.0200
vt 0.2100 0.0200
vt 0.2667 0.0200
vt 0.3233 0.0200
vt 0.3800 0.0200
vt 0.4000 0.0200
vt 0.4146 0.0200
vt 0.4200 0.0200
vt 0.0000 0.0400
vt 0.0054 0.0400
vt 0.0200 0.0400
vt 0.0400 0.0400
vt 0.0967 0.0400
vt 0.1533 0.0400
vt 0.2100 0.0400
vt 0.2667 0.0400
vt 0.3233 0.0400
vt 0.3800 0.0400
vt 0.4000 0.0400
vt 0.4146 0.0400
vt 0.4200 0.0400
vt 0.0000 0.0450
vt 0.0054 0.0450
vt 0.0200 0.0450
vt 0.0400 0.0450
vt 0.0967 0.0450
vt 0.1533 0.0450
vt 0.2100 0.0450
vt 0.2667 0.0450
vt 0.3233 0.0450
vt 0.3800 0.0450
vt 0.4000 0.0450
vt 0.4146 0.0450
vt 0.4200 0.0450
vt 0.0000 0.0500
vt 0.0054 0.0500
vt 0.0200 0.0500
vt 0.0400 0.0500
vt 0.0967 0.0500
vt 0.1533 0.0500
vt 0.2100 0.0500
vt 0.2667 0.0500
vt 0.3233 0.0500
vt 0.3800 0.0500
vt 0.4000 0.0500
vt 0.4146 0.0500
vt 0.4200 0.0500
vt 0.0000 0.0550
vt 0.0054 0.0550
vt 0.0200 0.0550
vt 0.0400 0.0550
vt 0.0967 0.0550
vt 0.1533 0.0550
vt 0.2100 0.0550
vt 0.2667 0.0550
vt 0.3233 0.0550
vt 0.3800 0.0550
vt 0.4000 0.0550
vt 0.4146 0.0550
vt 0.4200 0.0550
vt 0.0000 0.0600
vt 0.0054 0.0600
vt 0.0200 0.0600
vt 0.0400 0.0600
vt 0.0967 0.0600
vt 0.1533 0.0600
vt 0.2100 0.0600
vt 0.2667 0.0600
vt 0.3233 0.0600
vt 0.3800 0.0600
vt 0.4000 0.0600
vt 0.4146 0.0600
vt 0.4200 0.0600
vt 0.0000 0.0650
vt 0.0054 0.0650
vt 0.0200 0.0650
vt 0.0400 0.0650
vt 0.0967 0.0650
vt 0.1533 0.0650
vt 0.2100 0.0650
vt 0.2667 0.0650
vt 0.3233 0.0650
vt 0.3800 0.0650
vt 0.4000 0.0650
vt 0.4146 0.0650
vt 0.4200 0.0650
vt 0.0000 0.0700
vt 0.0054 0.0700
vt 0.0200 0.0700
vt 0.0400 0.0700
vt 0.0967 0.0700
vt 0.1533 0.0700
vt 0.2100 0.0700
vt 0.2667 0.0700
vt 0.3233 0.0700
vt 0.3800 0.0700
vt 0.4000 0.0700
vt 0.4146 0.0700
vt 0.4200 0.0700
vt 0.0000 0.0900
vt 0.0054 0.0900
vt 0.0200 0.0900
vt 0.0400 0.0900
vt 0.0967 0.0900
vt 0.1533 0.0900
vt 0.2100 0.0900
vt 0.2667 0.0900
vt 0.3233 0.0900
vt 0.3800 0.0900
vt 0.4000 0.0900
vt 0.4146 0.0900
vt 0.4200 0.0900
vt 0.0000 0.1046
vt 0.0054 0.1046
vt 0.0200 0.1046
vt 0.0400 0.1046
vt 0.0967 0.1046
vt 0.1533 0.1046
vt 0.2100 0.1046
vt 0.2667 0.1046
vt 0.3233 0.1046
vt 0.3800 0.1046
vt 0.4000 0.1046
vt 0.4146 0.1046
vt 0.4200 0.1046
vt 0.0000 0.1100
vt 0.0054 0.1100
vt 0.0200 0.1100
vt 0.0400 0.1100
vt 0.0967 0.1100
vt 0.1533 0.1100
vt 0.2100 0.1100
vt 0.2667 0.1100
vt 0.3233 0.1100
vt 0.3800 0.1100
vt 0.4000 0.1100
vt 0.4146 0.1100
vt 0.4200 0.1100
vt 0.0000 0.0000
vt 0.0054 0.0000
vt 0.0200 0.0000
vt 0.0400 0.0000
vt 0.0947 0.0000
vt 0.1493 0.0000
vt 0.2040 0.0000
vt 0.2587 0.0000
vt 0.3133 0.0000
vt 0.3680 0.0000
vt 0.3880 0.0000
vt 0.4026 0.0000
vt 0.4080 0.0000
vt 0.0000 0.0054
vt 0.0054 0.0054
vt 0.0200 0.0054
vt 0.0400 0.0054
vt 0.0947 0.0054
vt 0.1493 0.0054
vt 0.2040 0.0054
vt 0.2587 0.0054
vt 0.3133 0.0054
vt 0.3680 0.0054
vt 0.3880 0.0054
vt 0.4026 0.0054
vt 0.4080 0.0054
vt 0.0000 0.0200
vt 0.0054 0.0200
vt 0.0200 0.0200
vt 0.0400 0.0200
vt 0.0947 0.0200
vt 0.1493 0.0200
vt 0.2040 0.0200
vt 0.2587 0.0200
vt 0.3133 0.0200
vt 0.3680 0.0200
vt 0.3880 0.0200
vt 0.4026 0.0200
vt 0.4080 0.0200
vt 0.0000 0.0400
vt 0.0054 0.0400
vt 0.0200 0.0400
vt 0.0400 0.0400
vt 0.0947 0.0400
vt 0.1493 0.0400
vt 0.2040 0.0400
vt 0.2587 0.0400
vt 0.3133 0.0400
vt 0.3680 0.0400
vt 0.3880 0.0400
vt 0.4026 0.0400
vt 0.4080 0.0400
vt 0.0000 0.0967
vt 0.0054 0.0967
vt 0.0200 0.0967
vt 0.0400 0.0967
vt 0.0947 0.0967
vt 0.1493 0.0967
vt 0.2040 0.0967
vt 0.2587 0.0967
vt 0.3133 0.0967
vt 0.3680 0.0967
vt 0.3880 0.0967
vt 0.4026 0.0967
vt 0.4080 0.0967
vt 0.0000 0.1533
vt 0.0054 0.1533
vt 0.0200 0.1533
vt 0.0400 0.1533
vt 0.0947 0.1533
vt 0.1493 0.1533
vt 0.2040 0.1533
vt 0.2587 0.1533
vt 0.3133 0.1533
vt 0.3680 0.1533
vt 0.3880 0.1533
vt 0.4026 0.1533
vt 0.4080 0.1533
vt 0.0000 0.2100
vt 0.0054 0.2100
vt 0.0200 0.2100
vt 0.0400 0.2100
vt 0.0947 0.2100
vt 0.1493 0.2100
vt 0.2040 0.2100
vt 0.2587 0.2100
vt 0.3133 0.2100
vt 0.3680 0.2100
vt 0.3880 0.2100
vt 0.4026 0.2100
vt 0.4080 0.2100
vt 0.0000 0.2667
vt 0.0054 0.2667
vt 0.0200 0.2667
vt 0.0400 0.2667
vt 0.0947 0.2667
vt 0.1493 0.2667
vt 0.2040 0.2667
vt 0.2587 0.2667
vt 0.3133 0.2667
vt 0.3680 0.2667
vt 0.3880 0.2667
vt 0.4026 0.2667
vt 0.4080 0.2667
vt 0.0000 0.3233
vt 0.0054 0.3233
vt 0.0200 0.3233
vt 0.0400 0.3233
vt 0.0947 0.3233
vt 0.1493 0.3233
vt 0.2040 0.3233
vt 0.2587 0.3233
vt 0.3133 0.3233
vt 0.3680 0.3233
vt 0.3880 0.3233
vt 0.4026 0.3233
vt 0.4080 0.3233
vt 0.0000 0.3800
vt 0.0054 0.3800
vt 0.0200 0.3800
vt 0.0400 0.3800
vt 0.0947 0.3800
vt 0.1493 0.3800
vt 0.2040 0.3800
vt 0.2587 0.3800
vt 0.3133 0.3800
vt 0.3680 0.3800
vt 0.3880 0.3800
vt 0.4026 0.3800
vt 0.4080 0.3800
vt 0.0000 0.4000
vt 0.0054 0.4000
vt 0.0200 0.4000
vt 0.0400 0.4000
vt 0.0947 0.4000
vt 0.1493 0.4000
vt 0.2040 0.4000
vt 0.2587 0.4000
vt 0.3133 0.4000
vt 0.3680 0.4000
vt 0.3880 0.4000
vt 0.4026 0.4000
vt 0.4080 0.4000
vt 0.0000 0.4146
vt 0.0054 0.4146
vt 0.0200 0.4146
vt 0.0400 0.4146
vt 0.0947 0.4146
vt 0.1493 0.4146
vt 0.2040 0.4146
vt 0.2587 0.4146
vt 0.3133 0.4146
vt 0.3680 0.4146
vt 0.3880 0.4146
vt 0.4026 0.4146
vt 0.4080 0.4146
vt 0.0000 0.4200
vt 0.0054 0.4200
vt 0.0200 0.4200
vt 0.0400 0.4200
vt 0.0947 0.4200
vt 0.1493 0.4200
vt 0.2040 0.4200
vt 0.2587 0.4200
vt 0.3133 0.4200
vt 0.3680 0.4200
vt 0.3880 0.4200
vt 0.4026 0.4200
vt 0.4080 0.4200
vt 0.0000 0.0000
vt 0.0054 0.0000
vt 0.0200 0.0000
vt 0.0400 0.0000
vt 0.0947 0.0000
vt 0.1493 0.0000
vt 0.2040 0.0000
vt 0.2587 0.0000
vt 0.3133 0.0000
vt 0.3680 0.0000
vt 0.3880 0.0000
vt 0.4026 0.0000
vt 0.4080 0.0000
vt 0.0000 0.0054
vt 0.0054 0.0054
vt 0.0200 0.0054
vt 0.0400 0.0054
vt 0.0947 0.0054
vt 0.1493 0.0054
vt 0.2040 0.0054
vt 0.2587 0.0054
vt 0.3133 0.0054
vt 0.3680 0.0054
vt 0.3880 0.0054
vt 0.4026 0.0054
vt 0.4080 0.0054
vt 0.0000 0.0200
vt 0.0054 0.0200
vt 0.0200 0.0200
vt 0.0400 0.0200
vt 0.0947 0.0200
vt 0.1493 0.0200
vt 0.2040 0.0200
vt 0.2587 0.0200
vt 0.3133 0.0200
vt 0.3680 0.0200
vt 0.3880 0.0200
vt 0.4026 0.0200
vt 0.4080 0.0200
vt 0.0000 0.0400
vt 0.0054 0.0400
vt 0.0200 0.0400
vt 0.0400 0.0400
vt 0.0947 0.0400
vt 0.1493 0.0400
vt 0.2040 0.0400
vt 0.2587 0.0400
vt 0.3133 0.0400
vt 0.3680 0.0400
vt 0.3880 0.0400
vt 0.4026 0.0400
vt 0.4080 0.0400
vt 0.0000 0.0967
vt 0.0054 0.0967
vt 0.0200 0.0967
vt 0.0400 0.0967
vt 0.0947 0.0967
vt 0.1493 0.0967
vt 0.2040 0.0967
vt 0.2587 0.0967
vt 0.3133 0.0967
vt 0.3680 0.0967
vt 0.3880 0.0967
vt 0.4026 0.0967
vt 0.4080 0.0967
vt 0.0000 0.1533
vt 0.0054 0.1533
vt 0.0200 0.1533
vt 0.0400 0.1533
vt 0.0947 0.1533
vt 0.1493 0.1533
vt 0.2040 0.1533
vt 0.2587 0.1533
vt 0.3133 0.1533
vt 0.3680 0.1533
vt 0.3880 0.1533
vt 0.4026 0.1533
vt 0.4080 0.1533
vt 0.0000 0.2100
vt 0.0054 0.2100
vt 0.0200 0.2100
vt 0.0400 0.2100
vt 0.0947 0.2100
vt 0.1493 0.2100
vt 0.2040 0.2100
vt 0.2587 0.2100
vt 0.3133 0.2100
vt 0.3680 0.2100
vt 0.3880 0.2100
vt 0.4026 0.2100
vt 0.4080 0.2100
vt 0.0000 0.2667
vt 0.0054 0.2667
vt 0.0200 0.2667
vt 0.0400 0.2667
vt 0.0947 0.2667
vt 0.1493 0.2667
vt 0.2040 0.2667
vt 0.2587 0.2667
vt 0.3133 0.2667
vt 0.3680 0.2667
vt 0.3880 0.2667
vt 0.4026 0.2667
vt 0.4080 0.2667
vt 0.0000 0.3233
vt 0.0054 0.3233
vt 0.0200 0.3233
vt 0.0400 0.3233
vt 0.0947 0.3233
vt 0.1493 0.3233
vt 0.2040 0.3233
vt 0.2587 0.3233
vt 0.3133 0.3233
vt 0.3680 0.3233
vt 0.3880 0.3233
vt 0.4026 0.3233
vt 0.4080 0.3233
vt 0.0000 0.3800
vt 0.0054 0.3800
vt 0.0200 0.3800
vt 0.0400 0.3800
vt 0.0947 0.3800
vt 0.1493 0.3800
vt 0.2040 0.3800
vt 0.2587 0.3800
vt 0.3133 0.3800
vt 0.3680 0.3800
vt 0.3880 0.3800
vt 0.4026 0.3800
vt 0.4080 0.3800
vt 0.0000 0.4000
vt 0.0054 0.4000
vt 0.0200 0.4000
vt 0.0400 0.4000
vt 0.0947 0.4000
vt 0.1493 0.4000
vt 0.2040 0.4000
vt 0.2587 0.4000
vt 0.3133 0.4000
vt 0.3680 0.4000
vt 0.3880 0.4000
vt 0.4026 0.4000
vt 0.4080 0.4000
vt 0.0000 0.4146
vt 0.0054 0.4146
vt 0.0200 0.4146
vt 0.0400 0.4146
vt 0.0947 0.4146
vt 0.1493 0.4146
vt 0.2040 0.4146
vt 0.2587 0.4146
vt 0.3133 0.4146
vt 0.3680 0.4146
vt 0.3880 0.4146
vt 0.4026 0.4146
vt 0.4080 0.4146
vt 0.0000 0.4200
vt 0.0054 0.4200
vt 0.0200 0.4200
vt 0.0400 0.4200
vt 0.0947 0.4200
vt 0.1493 0.4200
vt 0.2040 0.4200
vt 0.2587 0.4200
vt 0.3133 0.4200
vt 0.3680 0.4200
vt 0.3880 0.4200
vt 0.4026 0.4200
vt 0.4080 0.4200
vt 0.0000 0.0000
vt 0.0054 0.0000
vt 0.0200 0.0000
vt 0.0400 0.0000
vt 0.0947 0.0000
vt 0.1493 0.0000
vt 0.2040 0.0000
vt 0.2587 0.0000
vt 0.3133 0.0000
vt 0.3680 0.0000
vt 0.3880 0.0000
vt 0.4026 0.0000
vt 0.4080 0.0000
vt 0.0000 0.0054
vt 0.0054 0.0054
vt 0.0200 0.0054
vt 0.0400 0.0054
vt 0.0947 0.0054
vt 0.1493 0.0054
vt 0.2040 0.0054
vt 0.2587 0.0054
vt 0.3133 0.0054
vt 0.3680 0.0054
vt 0.3880 0.0054
vt 0.4026 0.0054
vt 0.4080 0.0054
vt 0.0000 0.0200
vt 0.0054 0.0200
vt 0.0200 0.0200
vt 0.0400 0.0200
vt 0.0947 0.0200
vt 0.1493 0.0200
vt 0.2040 0.0200
vt 0.2587 0.0200
vt 0.3133 0.0200
vt 0.3680 0.0200
vt 0.3880 0.0200
vt 0.4026 0.0200
vt 0.4080 0.0200
vt 0.0000 0.0400
vt 0.0054 0.0400
vt 0.0200 0.0400
vt 0.0400 0.0400
vt 0.0947 0.0400
vt 0.1493 0.0400
vt 0.2040 0.0400
vt 0.2587 0.0400
vt 0.3133 0.0400
vt 0.3680 0.0400
vt 0.3880 0.0400
vt 0.4026 0.0400
vt 0.4080 0.0400
vt 0.0000 0.0450
vt 0.0054 0.0450
vt 0.0200 0.0450
vt 0.0400 0.0450
vt 0.0947 0.0450
vt 0.1493 0.0450
vt 0.2040 0.0450
vt 0.2587 0.0450
vt 0.3133 0.0450
vt 0.3680 0.0450
vt 0.3880 0.0450
vt 0.4026 0.0450
vt 0.4080 0.0450
vt 0.0000 0.0500
vt 0.0054 0.0500
vt 0.0200 0.0500
vt 0.0400 0.0500
vt 0.0947 0.0500
vt 0.1493 0.0500
vt 0.2040 0.0500
vt 0.2587 0.0500
vt 0.3133 0.0500
vt 0.3680 0.0500
vt 0.3880 0.0500
vt 0.4026 0.0500
vt 0.4080 0.0500
vt 0.0000 0.0550
vt 0.0054 0.0550
vt 0.0200 0.0550
vt 0.0400 0.0550
vt 0.0947 0.0550
vt 0.1493 0.0550
vt 0.2040 0.0550
vt 0.2587 0.0550
vt 0.3133 0.0550
vt 0.3680 0.0550
vt 0.3880 0.0550
vt 0.4026 0.0550
vt 0.4080 0.0550
vt 0.0000 0.0600
vt 0.0054 0.0600
vt 0.0200 0.0600
vt 0.0400 0.0600
vt 0.0947 0.0600
vt 0.1493 0.0600
vt 0.2040 0.0600
vt 0.2587 0.0600
vt 0.3133 0.0600
vt 0.3680 0.0600
vt 0.3880 0.0600
vt 0.4026 0.0600
vt 0.4080 0.0600
vt 0.0000 0.0650
vt 0.0054 0.0650
vt 0.0200 0.0650
vt 0.0400 0.0650
vt 0.0947 0.0650
vt 0.1493 0.0650
vt 0.2040 0.0650
vt 0.2587 0.0650
vt 0.3133 0.0650
vt 0.3680 0.0650
vt 0.3880 0.0650
vt 0.4026 0.0650
vt 0.4080 0.0650
vt 0.0000 0.0700
vt 0.0054 0.0700
vt 0.0200 0.0700
vt 0.0400 0.0700
vt 0.0947 0.0700
vt 0.1493 0.0700
vt 0.2040 0.0700
vt 0.2587 0.0700
vt 0.3133 0.0700
vt 0.3680 0.0700
vt 0.3880 0.0700
vt 0.4026 0.0700
vt 0.4080 0.0700
vt 0.0000 0.0900
vt 0.0054 0.0900
vt 0.0200 0.0900
vt 0.0400 0.0900
vt 0.0947 0.0900
vt 0.1493 0.0900
vt 0.2040 0.0900
vt 0.2587 0.0900
vt 0.3133 0.0900
vt 0.3680 0.0900
vt 0.3880 0.0900
vt 0.4026 0.0900
vt 0.4080 0.0900
vt 0.0000 0.1046
vt 0.0054 0.1046
vt 0.0200 0.1046
vt 0.0400 0.1046
vt 0.0947 0.1046
vt 0.1493 0.1046
vt 0.2040 0.1046
vt 0.2587 0.1046
vt 0.3133 0.1046
vt 0.3680 0.1046
vt 0.3880 0.1046
vt 0.4026 0.1046
vt 0.4080 0.1046
vt 0.0000 0.1100
vt 0.0054 0.1100
vt 0.0200 0.1100
vt 0.0400 0.1100
vt 0.0947 0.1100
vt 0.1493 0.1100
vt 0.2040 0.1100
vt 0.2587 0.1100
vt 0.3133 0.1100
vt 0.3680 0.1100
vt 0.3880 0.1100
vt 0.4026 0.1100
vt 0.4080 0.1100
vt 0.0000 0.0000
vt 0.0054 0.0000
vt 0.0200 0.0000
vt 0.0400 0.0000
vt 0.0947 0.0000
vt 0.1493 0.0000
vt 0.2040 0.0000
vt 0.2587 0.0000
vt 0.3133 0.0000
vt 0.3680 0.0000
vt 0.3880 0.0000
vt 0.4026 0.0000
vt 0.4080 0.0000
vt 0.0000 0.0054
vt 0.0054 0.0054
vt 0.0200 0.0054
vt 0.0400 0.0054
vt 0.0947 0.0054
vt 0.1493 0.0054
vt 0.2040 0.0054
vt 0.2587 0.0054
vt 0.3133 0.0054
vt 0.3680 0.0054
vt 0.3880 0.0054
vt 0.4026 0.0054
vt 0.4080 0.0054
vt 0.0000 0.0200
vt 0.0054 0.0200
vt 0.0200 0.0200
vt 0.0400 0.0200
vt 0.0947 0.0200
vt 0.1493 0.0200
vt 0.2040 0.0200
vt 0.2587 0.0200
vt 0.3133 0.0200
vt 0.3680 0.0200
vt 0.3880 0.0200
vt 0.4026 0.0200
vt 0.4080 0.0200
vt 0.0000 0.0400
vt 0.0054 0.0400
vt 0.0200 0.0400
vt 0.0400 0.0400
vt 0.0947 0.0400
vt 0.1493 0.0400
vt 0.2040 0.0400
vt 0.2587 0.0400
vt 0.3133 0.0400
vt 0.3680 0.0400
vt 0.3880 0.0400
vt 0.4026 0.0400
vt 0.4080 0.0400
vt 0.0000 0.0450
vt 0.0054 0.0450
vt 0.0200 0.0450
vt 0.0400 0.0450
vt 0.0947 0.0450
vt 0.1493 0.0450
vt 0.2040 0.0450
vt 0.2587 0.0450
vt 0.3133 0.0450
vt 0.3680 0.0450
vt 0.3880 0.0450
vt 0.4026 0.0450
vt 0.4080 0.0450
vt 0.0000 0.0500
vt 0.0054 0.0500
vt 0.0200 0.0500
vt 0.0400 0.0500
vt 0.0947 0.0500
vt 0.1493 0.0500
vt 0.2040 0.0500
vt 0.2587 0.0500
vt 0.3133 0.0500
vt 0.3680 0.0500
vt 0.3880 0.0500
vt 0.4026 0.0500
vt 0.4080 0.0500
vt 0.0000 0.0550
vt 0.0054 0.0550
vt 0.0200 0.0550
vt 0.0400 0.0550
vt 0.0947 0.0550
vt 0.1493 0.0550
vt 0.2040 0.0550
vt 0.2587 0.0550
vt 0.3133 0.0550
vt 0.3680 0.0550
vt 0.3880 0.0550
vt 0.4026 0.0550
vt 0.4080 0.0550
vt 0.0000 0.0600
vt 0.0054 0.0600
vt 0.0200 0.0600
vt 0.0400 0.0600
vt 0.0947 0.0600
vt 0.1493 0.0600
vt 0.2040 0.0600
vt 0.2587 0.0600
vt 0.3133 0.0600
vt 0.3680 0.0600
vt 0.3880 0.0600
vt 0.4026 0.0600
vt 0.4080 0.0600
vt 0.0000 0.0650
vt 0.0054 0.0650
vt 0.0200 0.0650
vt 0.0400 0.0650
vt 0.0947 0.0650
vt 0.1493 0.0650
vt 0.2040 0.0650
vt 0.2587 0.0650
vt 0.3133 0.0650
vt 0.3680 0.0650
vt 0.3880 0.0650
vt 0.4026 0.0650
vt 0.4080 0.0650
vt 0.0000 0.0700
vt 0.0054 0.0700
vt 0.0200 0.0700
vt 0.0400 0.0700
vt 0.0947 0.0700
vt 0.1493 0.0700
vt 0.2040 0.0700
vt 0.2587 0.0700
vt 0.3133 0.0700
vt 0.3680 0.0700
vt 0.3880 0.0700
vt 0.4026 0.0700
vt 0.4080 0.0700
vt 0.0000 0.0900
vt 0.0054 0.0900
vt 0.0200 0.0900
vt 0.0400 0.0900
vt 0.0947 0.0900
vt 0.1493 0.0900
vt 0.2040 0.0900
vt 0.2587 0.0900
vt 0.3133 0.0900
vt 0.3680 0.0900
vt 0.3880 0.0900
vt 0.4026 0.0900
vt 0.4080 0.0900
vt 0.0000 0.1046
vt 0.0054 0.1046
vt 0.0200 0.1046
vt 0.0400 0.1046
vt 0.0947 0.1046
vt 0.1493 0.1046
vt 0.2040 0.1046
vt 0.2587 0.1046
vt 0.3133 0.1046
vt 0.3680 0.1046
vt 0.3880 0.1046
vt 0.4026 0.1046
vt 0.4080 0.1046
vt 0.0000 0.1100
vt 0.0054 0.1100
vt 0.0200 0.1100
vt 0.0400 0.1100
vt 0.0947 0.1100
vt 0.1493 0.1100
vt 0.2040 0.1100
vt 0.2587 0.1100
vt 0.3133 0.1100
vt 0.3680 0.1100
vt 0.3880 0.1100
vt 0.4026 0.1100
vt 0.4080 0.1100
vn -0.577 -0.577 0.577
vn -0.603 -0.603 0.522
vn -0.667 -0.667 0.333
vn -0.707 -0.707 0.000
vn -0.707 -0.707 0.000
vn -0.707 -0.707 0.000
vn -0.707 -0.707 0.000
vn -0.707 -0.707 0.000
vn -0.707 -0.707 0.000
vn -0.707 -0.707 -0.000
vn -0.667 -0.667 -0.333
vn -0.603 -0.603 -0.522
vn -0.577 -0.577 -0.577
vn -0.603 -0.522 0.603
vn -0.632 -0.548 0.548
vn -0.707 -0.612 0.354
vn -0.756 -0.655 0.000
vn -0.756 -0.655 0.000
vn -0.756 -0.655 0.000
vn -0.756 -0.655 0.000
vn -0.756 -0.655 0.000
vn -0.756 -0.655 0.000
vn -0.756 -0.655 -0.000
vn -0.707 -0.612 -0.354
vn -0.632 -0.548 -0.548
vn -0.603 -0.522 -0.603
vn -0.667 -0.333 0.667
vn -0.707 -0.354 0.612
vn -0.816 -0.408 0.408
vn -0.894 -0.447 0.000
vn -0.894 -0.447 0.000
vn -0.894 -0.447 0.000
vn -0.894 -0.447 0.000
vn -0.894 -0.447 0.000
vn -0.894 -0.447 0.000
vn -0.894 -0.447 -0.000
vn -0.816 -0.408 -0.408
vn -0.707 -0.354 -0.612
vn -0.667 -0.333 -0.667
vn -0.707 0.000 0.707
vn -0.756 0.000 0.655
vn -0.894 0.000 0.447
vn -1.000 0.000 0.000
vn -1.000 0.000 0.000
vn -1.000 0.000 0.000
vn -1.000 0.000 0.000
vn -1.000 0.000 0.000
vn -1.000 0.000 0.000
vn -1.000 0.000 -0.000
vn -0.894 0.000 -0.447
vn -0.756 0.000 -0.655
vn -0.707 0.000 -0.707
vn -0.707 0.000 0.707
vn -0.756 0.000 0.655
vn -0.894 0.000 0.447
vn -1.000 0.000 0.000
vn -1.000 0.000 0.000
vn -1.000 0.000 0.000
vn -1.000 0.000 0.000
vn -1.000 0.000 0.000
vn -1.000 0.000 0.000
vn -1.000 0.000 -0.000
vn -0.894 0.000 -0.447
vn -0.756 0.000 -0.655
vn -0.707 0.000 -0.707
vn -0.707 0.000 0.707
vn -0.756 0.000 0.655
vn -0.894 0.000 0.447
vn -1.000 0.000 0.000
vn -1.000 0.000 0.000
vn -1.000 0.000 0.000
vn -1.000 0.000 0.000
vn -1.000 0.000 0.000
vn -1.000 0.000 0.000
vn -1.000 0.000 -0.000
vn -0.894 0.000 -0.447
vn -0.756 0.000 -0.655
vn -0.707 0.000 -0.707
vn -0.707 0.000 0.707
vn -0.756 0.000 0.655
vn -0.894 0.000 0.447
vn -1.000 0.000 0.000
vn -1.000 0.000 0.000
vn -1.000 0.000 0.000
vn -1.000 0.000 0.000
vn -1.000 0.000 0.000
vn -1.000 0.000 0.000
vn -1.000 0.000 -0.000
vn -0.894 0.000 -0.447
vn -0.756 0.000 -0.655
vn -0.707 0.000 -0.707
vn -0.707 0.000 0.707
vn -0.756 0.000 0.655
vn -0.894 0.000 0.447
vn -1.000 0.000 0.000
vn -1.000 0.000 0.000
vn -1.000 0.000 0.000
vn -1.000 0.000 0.000
vn -1.000 0.000 0.000
vn -1.000 0.000 0.000
vn -1.000 0.000 -0.000
vn -0.894 0.000 -0.447
vn -0.756 0.000 -0.655
vn -0.707 0.000 -0.707
vn -0.707 0.000 0.707
vn -0.756 0.000 0.655
vn -0.894 0.000 0.447
vn -1.000 0.000 0.000
vn -1.000 0.000 0.000
vn -1.000 0.000 0.000
vn -1.000 0.000 0.000
vn -1.000 0.000 0.000
vn -1.000 0.000 0.000
vn -1.000 0.000 -0.000
vn -0.894 0.000 -0.447
vn -0.756 0.000 -0.655
vn -0.707 0.000 -0.707
vn -0.707 0.000 0.707
vn -0.756 0.000 0.655
vn -0.894 0.000 0.447
vn -1.000 0.000 0.000
vn -1.000 0.000 0.000
vn -1.000 0.000 0.000
vn -1.000 0.000 0.000
vn -1.000 0.000 0.000
vn -1.000 0.000 0.000
vn -1.000 0.000 -0.000
vn -0.894 0.000 -0.447
vn -0.756 0.000 -0.655
vn -0.707 0.000 -0.707
vn -0.667 0.333 0.667
vn -0.707 0.354 0.612
vn -0.816 0.408 0.408
vn -0.894 0.447 0.000
vn -0.894 0.447 0.000
vn -0.894 0.447 0.000
vn -0.894 0.447 0.000
vn -0.894 0.447 0.000
vn -0.894 0.447 0.000
vn -0.894 0.447 -0.000
vn -0.816 0.408 -0.408
vn -0.707 0.354 -0.612
vn -0.667 0.333 -0.667
vn -0.603 0.522 0.603
vn -0.632 0.548 0.548
vn -0.707 0.612 0.354
vn -0.756 0.655 0.000
vn -0.756 0.655 0.000
vn -0.756 0.655 0.000
vn -0.756 0.655 0.000
vn -0.756 0.655 0.000
vn -0.756 0.655 0.000
vn -0.756 0.655 -0.000
vn -0.707 0.612 -0.354
vn -0.632 0.548 -0.548
vn -0.603 0.522 -0.603
vn -0.577 0.577 0.577
vn -0.603 0.603 0.522
vn -0.667 0.667 0.333
vn -0.707 0.707 0.000
vn -0.707 0.707 0.000
vn -0.707 0.707 0.000
vn -0.707 0.707 0.000
vn -0.707 0.707 0.000
vn -0.707 0.707 0.000
vn -0.707 0.707 -0.000
vn -0.667 0.667 -0.333
vn -0.603 0.603 -0.522
vn -0.577 0.577 -0.577
vn 0.577 -0.577 -0.577
vn 0.603 -0.603 -0.522
vn 0.667 -0.667 -0.333
vn 0.707 -0.707 0.000
vn 0.707 -0.707 0.000
vn 0.707 -0.707 0.000
vn 0.707 -0.707 0.000
vn 0.707 -0.707 0.000
vn 0.707 -0.707 0.000
vn 0.707 -0.707 0.000
vn 0.667 -0.667 0.333
vn 0.603 -0.603 0.522
vn 0.577 -0.577 0.577
vn 0.603 -0.522 -0.603
vn 0.632 -0.548 -0.548
vn 0.707 -0.612 -0.354
vn 0.756 -0.655 0.000
vn 0.756 -0.655 0.000
vn 0.756 -0.655 0.000
vn 0.756 -0.655 0.000
vn 0.756 -0.655 0.000
vn 0.756 -0.655 0.000
vn 0.756 -0.655 0.000
vn 0.707 -0.612 0.354
vn 0.632 -0.548 0.548
vn 0.603 -0.522 0.603
vn 0.667 -0.333 -0.667
vn 0.707 -0.354 -0.612
vn 0.816 -0.408 -0.408
vn 0.894 -0.447 0.000
vn 0.894 -0.447 0.000
vn 0.894 -0.447 0.000
vn 0.894 -0.447 0.000
vn 0.894 -0.447 0.000
vn 0.894 -0.447 0.000
vn 0.894 -0.447 0.000
vn 0.816 -0.408 0.408
vn 0.707 -0.354 0.612
vn 0.667 -0.333 0.667
vn 0.707 0.000 -0.707
vn 0.756 0.000 -0.655
vn 0.894 0.000 -0.447
vn 1.000 0.000 0.000
vn 1.000 0.000 0.000
vn 1.000 0.000 0.000
vn 1.000 0.000 0.000
vn 1.000 0.000 0.000
vn 1.000 0.000 0.000
vn 1.000 0.000 0.000
vn 0.894 0.000 0.447
vn 0.756 0.000 0.655
vn 0.707 0.000 0.707
vn 0.707 0.000 -0.707
vn 0.756 0.000 -0.655
vn 0.894 0.000 -0.447
vn 1.000 0.000 0.000
vn 1.000 0.000 0.000
vn 1.000 0.000 0.000
vn 1.000 0.000 0.000
vn 1.000 0.000 0.000
vn 1.000 0.000 0.000
vn 1.000 0.000 0.000
vn 0.894 0.000 0.447
vn 0.756 0.000 0.655
vn 0.707 0.000 0.707
vn 0.707 0.000 -0.707
vn 0.756 0.000 -0.655
vn 0.894 0.000 -0.447
vn 1.000 0.000 0.000
vn 1.000 0.000 0.000
vn 1.000 0.000 0.000
vn 1.000 0.000 0.000
vn 1.000 0.000 0.000
vn 1.000 0.000 0.000
vn 1.000 0.000 0.000
vn 0.894 0.000 0.447
vn 0.756 0.000 0.655
vn 0.707 0.000 0.707
vn 0.707 0.000 -0.707
vn 0.756 0.000 -0.655
vn 0.894 0.000 -0.447
vn 1.000 0.000 0.000
vn 1.000 0.000 0.000
vn 1.000 0.000 0.000
vn 1.000 0.000 0.000
vn 1.000 0.000 0.000
vn 1.000 0.000 0.000
vn 1.000 0.000 0.000
vn 0.894 0.000 0.447
vn 0.756 0.000 0.655
vn 0.707 0.000 0.707
vn 0.707 0.000 -0.707
vn 0.756 0.000 -0.655
vn 0.894 0.000 -0.447
vn 1.000 0.000 0.000
vn 1.000 0.000 0.000
vn 1.000 0.000 0.000
vn 1.000 0.000 0.000
vn 1.000 0.000 0.000
vn 1.000 0.000 0.000
vn 1.000 0.000 0.000
vn 0.894 0.000 0.447
vn 0.756 0.000 0.655
vn 0.707 0.000 0.707
vn 0.707 0.000 -0.707
vn 0.756 0.000 -0.655
vn 0.894 0.000 -0.447
vn 1.000 0.000 0.000
vn 1.000 0.000 0.000
vn 1.000 0.000 0.000
vn 1.000 0.000 0.000
vn 1.000 0.000 0.000
vn 1.000 0.000 0.000
vn 1.000 0.000 0.000
vn 0.894 0.000 0.447
vn 0.756 0.000 0.655
vn 0.707 0.000 0.707
vn 0.707 0.000 -0.707
vn 0.756 0.000 -0.655
vn 0.894 0.000 -0.447
vn 1.000 0.000 0.000
vn 1.000 0.000 0.000
vn 1.000 0.000 0.000
vn 1.000 0.000 0.000
vn 1.000 0.000 0.000
vn 1.000 0.000 0.000
vn 1.000 0.000 0.000
vn 0.894 0.000 0.447
vn 0.756 0.000 0.655
vn 0.707 0.000 0.707
vn 0.667 0.333 -0.667
vn 0.707 0.354 -0.612
vn 0.816 0.408 -0.408
vn 0.894 0.447 0.000
vn 0.894 0.447 0.000
vn 0.894 0.447 0.000
vn 0.894 0.447 0.000
vn 0.894 0.447 0.000
vn 0.894 0.447 0.000
vn 0.894 0.447 0.000
vn 0.816 0.408 0.408
vn 0.707 0.354 0.612
vn 0.667 0.333 0.667
vn 0.603 0.522 -0.603
vn 0.632 0.548 -0.548
vn 0.707 0.612 -0.354
vn 0.756 0.655 0.000
vn 0.756 0.655 0.000
vn 0.756 0.655 0.000
vn 0.756 0.655 0.000
vn 0.756 0.655 0.000
vn 0.756 0.655 0.000
vn 0.756 0.655 0.000
vn 0.707 0.612 0.354
vn 0.632 0.548 0.548
vn 0.603 0.522 0.603
vn 0.577 0.577 -0.577
vn 0.603 0.603 -0.522
vn 0.667 0.667 -0.333
vn 0.707 0.707 0.000
vn 0.707 0.707 0.000
vn 0.707 0.707 0.000
vn 0.707 0.707 0.000
vn 0.707 0.707 0.000
vn 0.707 0.707 0.000
vn 0.707 0.707 0.000
vn 0.667 0.667 0.333
vn 0.603 0.603 0.522
vn 0.577 0.577 0.577
vn 0.577 0.577 0.577
vn 0.522 0.603 0.603
vn 0.333 0.667 0.667
vn -0.000 0.707 0.707
vn -0.000 0.707 0.707
vn -0.000 0.707 0.707
vn -0.000 0.707 0.707
vn -0.000 0.707 0.707
vn -0.000 0.707 0.707
vn -0.000 0.707 0.707
vn -0.333 0.667 0.667
vn -0.522 0.603 0.603
vn -0.577 0.577 0.577
vn 0.603 0.603 0.522
vn 0.548 0.632 0.548
vn 0.354 0.707 0.612
vn -0.000 0.756 0.655
vn -0.000 0.756 0.655
vn -0.000 0.756 0.655
vn -0.000 0.756 0.655
vn -0.000 0.756 0.655
vn -0.000 0.756 0.655
vn -0.000 0.756 0.655
vn -0.354 0.707 0.612
vn -0.548 0.632 0.548
vn -0.603 0.603 0.522
vn 0.667 0.667 0.333
vn 0.612 0.707 0.354
vn 0.408 0.816 0.408
vn -0.000 0.894 0.447
vn -0.000 0.894 0.447
vn -0.000 0.894 0.447
vn -0.000 0.894 0.447
vn -0.000 0.894 0.447
vn -0.000 0.894 0.447
vn -0.000 0.894 0.447
vn -0.408 0.816 0.408
vn -0.612 0.707 0.354
vn -0.667 0.667 0.333
vn 0.707 0.707 0.000
vn 0.655 0.756 0.000
vn 0.447 0.894 0.000
vn -0.000 1.000 0.000
vn -0.000 1.000 0.000
vn -0.000 1.000 0.000
vn -0.000 1.000 0.000
vn -0.000 1.000 0.000
vn -0.000 1.000 0.000
vn -0.000 1.000 0.000
vn -0.447 0.894 0.000
vn -0.655 0.756 0.000
vn -0.707 0.707 0.000
vn 0.707 0.707 0.000
vn 0.655 0.756 0.000
vn 0.447 0.894 0.000
vn -0.000 1.000 0.000
vn -0.000 1.000 0.000
vn -0.000 1.000 0.000
vn -0.000 1.000 0.000
vn -0.000 1.000 0.000
vn -0.000 1.000 0.000
vn -0.000 1.000 0.000
vn -0.447 0.894 0.000
vn -0.655 0.756 0.000
vn -0.707 0.707 0.000
vn 0.707 0.707 0.000
vn 0.655 0.756 0.000
vn 0.447 0.894 0.000
vn -0.000 1.000 0.000
vn -0.000 1.000 0.000
vn -0.000 1.000 0.000
vn -0.000 1.000 0.000
vn -0.000 1.000 0.000
vn -0.000 1.000 0.000
vn -0.000 1.000 0.000
vn -0.447 0.894 0.000
vn -0.655 0.756 0.000
vn -0.707 0.707 0.000
vn 0.707 0.707 0.000
vn 0.655 0.756 0.000
vn 0.447 0.894 0.000
vn -0.000 1.000 0.000
vn -0.000 1.000 0.000
vn -0.000 1.000 0.000
vn -0.000 1.000 0.000
vn -0.000 1.000 0.000
vn -0.000 1.000 0.000
vn -0.000 1.000 0.000
vn -0.447 0.894 0.000
vn -0.655 0.756 0.000
vn -0.707 0.707 0.000
vn 0.707 0.707 0.000
vn 0.655 0.756 0.000
vn 0.447 0.894 0.000
vn -0.000 1.000 0.000
vn -0.000 1.000 0.000
vn -0.000 1.000 0.000
vn -0.000 1.000 0.000
vn -0.000 1.000 0.000
vn -0.000 1.000 0.000
vn -0.000 1.000 0.000
vn -0.447 0.894 0.000
vn -0.655 0.756 0.000
vn -0.707 0.707 0.000
vn 0.707 0.707 0.000
vn 0.655 0.756 0.000
vn 0.447 0.894 0.000
vn -0.000 1.000 0.000
vn -0.000 1.000 0.000
vn -0.000 1.000 0.000
vn -0.000 1.000 0.000
vn -0.000 1.000 0.000
vn -0.000 1.000 0.000
vn -0.000 1.000 0.000
vn -0.447 0.894 0.000
vn -0.655 0.756 0.000
vn -0.707 0.707 0.000
vn 0.707 0.707 -0.000
vn 0.655 0.756 -0.000
vn 0.447 0.894 -0.000
vn -0.000 1.000 -0.000
vn -0.000 1.000 -0.000
vn -0.000 1.000 -0.000
vn -0.000 1.000 -0.000
vn -0.000 1.000 -0.000
vn -0.000 1.000 -0.000
vn -0.000 1.000 -0.000
vn -0.447 0.894 -0.000
vn -0.655 0.756 -0.000
vn -0.707 0.707 -0.000
vn 0.667 0.667 -0.333
vn 0.612 0.707 -0.354
vn 0.408 0.816 -0.408
vn -0.000 0.894 -0.447
vn -0.000 0.894 -0.447
vn -0.000 0.894 -0.447
vn -0.000 0.894 -0.447
vn -0.000 0.894 -0.447
vn -0.000 0.894 -0.447
vn -0.000 0.894 -0.447
vn -0.408 0.816 -0.408
vn -0.612 0.707 -0.354
vn -0.667 0.667 -0.333
vn 0.603 0.603 -0.522
vn 0.548 0.632 -0.548
vn 0.354 0.707 -0.612
vn -0.000 0.756 -0.655
vn -0.000 0.756 -0.655
vn -0.000 0.756 -0.655
vn -0.000 0.756 -0.655
vn -0.000 0.756 -0.655
vn -0.000 0.756 -0.655
vn -0.000 0.756 -0.655
vn -0.354 0.707 -0.612
vn -0.548 0.632 -0.548
vn -0.603 0.603 -0.522
vn 0.577 0.577 -0.577
vn 0.522 0.603 -0.603
vn 0.333 0.667 -0.667
vn -0.000 0.707 -0.707
vn -0.000 0.707 -0.707
vn -0.000 0.707 -0.707
vn -0.000 0.707 -0.707
vn -0.000 0.707 -0.707
vn -0.000 0.707 -0.707
vn -0.000 0.707 -0.707
vn -0.333 0.667 -0.667
vn -0.522 0.603 -0.603
vn -0.577 0.577 -0.577
vn 0.577 -0.577 -0.577
vn 0.522 -0.603 -0.603
vn 0.333 -0.667 -0.667
vn -0.000 -0.707 -0.707
vn -0.000 -0.707 -0.707
vn -0.000 -0.707 -0.707
vn -0.000 -0.707 -0.707
vn -0.000 -0.707 -0.707
vn -0.000 -0.707 -0.707
vn -0.000 -0.707 -0.707
vn -0.333 -0.667 -0.667
vn -0.522 -0.603 -0.603
vn -0.577 -0.577 -0.577
vn 0.603 -0.603 -0.522
vn 0.548 -0.632 -0.548
vn 0.354 -0.707 -0.612
vn -0.000 -0.756 -0.655
vn -0.000 -0.756 -0.655
vn -0.000 -0.756 -0.655
vn -0.000 -0.756 -0.655
vn -0.000 -0.756 -0.655
vn -0.000 -0.756 -0.655
vn -0.000 -0.756 -0.655
vn -0.354 -0.707 -0.612
vn -0.548 -0.632 -0.548
vn -0.603 -0.603 -0.522
vn 0.667 -0.667 -0.333
vn 0.612 -0.707 -0.354
vn 0.408 -0.816 -0.408
vn -0.000 -0.894 -0.447
vn -0.000 -0.894 -0.447
vn -0.000 -0.894 -0.447
vn -0.000 -0.894 -0.447
vn -0.000 -0.894 -0.447
vn -0.000 -0.894 -0.447
vn -0.000 -0.894 -0.447
vn -0.408 -0.816 -0.408
vn -0.612 -0.707 -0.354
vn -0.667 -0.667 -0.333
vn 0.707 -0.707 0.000
vn 0.655 -0.756 0.000
vn 0.447 -0.894 0.000
vn -0.000 -1.000 0.000
vn -0.000 -1.000 0.000
vn -0.000 -1.000 0.000
vn -0.000 -1.000 0.000
vn -0.000 -1.000 0.000
vn -0.000 -1.000 0.000
vn -0.000 -1.000 0.000
vn -0.447 -0.894 0.000
vn -0.655 -0.756 0.000
vn -0.707 -0.707 0.000
vn 0.707 -0.707 0.000
vn 0.655 -0.756 0.000
vn 0.447 -0.894 0.000
vn -0.000 -1.000 0.000
vn -0.000 -1.000 0.000
vn -0.000 -1.000 0.000
vn -0.000 -1.000 0.000
vn -0.000 -1.000 0.000
vn -0.000 -1.000 0.000
vn -0.000 -1.000 0.000
vn -0.447 -0.894 0.000
vn -0.655 -0.756 0.000
vn -0.707 -0.707 0.000
vn 0.707 -0.707 0.000
vn 0.655 -0.756 0.000
vn 0.447 -0.894 0.000
vn -0.000 -1.000 0.000
vn -0.000 -1.000 0.000
vn -0.000 -1.000 0.000
vn -0.000 -1.000 0.000
vn -0.000 -1.000 0.000
vn -0.000 -1.000 0.000
vn -0.000 -1.000 0.000
vn -0.447 -0.894 0.000
vn -0.655 -0.756 0.000
vn -0.707 -0.707 0.000
vn 0.707 -0.707 0.000
vn 0.655 -0.756 0.000
vn 0.447 -0.894 0.000
vn -0.000 -1.000 0.000
vn -0.000 -1.000 0.000
vn -0.000 -1.000 0.000
vn -0.000 -1.000 0.000
vn -0.000 -1.000 0.000
vn -0.000 -1.000 0.000
vn -0.000 -1.000 0.000
vn -0.447 -0.894 0.000
vn -0.655 -0.756 0.000
vn -0.707 -0.707 0.000
vn 0.707 -0.707 0.000
vn 0.655 -0.756 0.000
vn 0.447 -0.894 0.000
vn -0.000 -1.000 0.000
vn -0.000 -1.000 0.000
vn -0.000 -1.000 0.000
vn -0.000 -1.000 0.000
vn -0.000 -1.000 0.000
vn -0.000 -1.000 0.000
vn -0.000 -1.000 0.000
vn -0.447 -0.894 0.000
vn -0.655 -0.756 0.000
vn -0.707 -0.707 0.000
vn 0.707 -0.707 0.000
vn 0.655 -0.756 0.000
vn 0.447 -0.894 0.000
vn -0.000 -1.000 0.000
vn -0.000 -1.000 0.000
vn -0.000 -1.000 0.000
vn -0.000 -1.000 0.000
vn -0.000 -1.000 0.000
vn -0.000 -1.000 0.000
vn -0.000 -1.000 0.000
vn -0.447 -0.894 0.000
vn -0.655 -0.756 0.000
vn -0.707 -0.707 0.000
vn 0.707 -0.707 0.000
vn 0.655 -0.756 0.000
vn 0.447 -0.894 0.000
vn -0.000 -1.000 0.000
vn -0.000 -1.000 0.000
vn -0.000 -1.000 0.000
vn -0.000 -1.000 0.000
vn -0.000 -1.000 0.000
vn -0.000 -1.000 0.000
vn -0.000 -1.000 0.000
vn -0.447 -0.894 0.000
vn -0.655 -0.756 0.000
vn -0.707 -0.707 0.000
vn 0.667 -0.667 0.333
vn 0.612 -0.707 0.354
vn 0.408 -0.816 0.408
vn -0.000 -0.894 0.447
vn -0.000 -0.894 0.447
vn -0.000 -0.894 0.447
vn -0.000 -0.894 0.447
vn -0.000 -0.894 0.447
vn -0.000 -0.894 0.447
vn -0.000 -0.894 0.447
vn -0.408 -0.816 0.408
vn -0.612 -0.707 0.354
vn -0.667 -0.667 0.333
vn 0.603 -0.603 0.522
vn 0.548 -0.632 0.548
vn 0.354 -0.707 0.612
vn -0.000 -0.756 0.655
vn -0.000 -0.756 0.655
vn -0.000 -0.756 0.655
vn -0.000 -0.756 0.655
vn -0.000 -0.756 0.655
vn -0.000 -0.756 0.655
vn -0.000 -0.756 0.655
vn -0.354 -0.707 0.612
vn -0.548 -0.632 0.548
vn -0.603 -0.603 0.522
vn 0.577 -0.577 0.577
vn 0.522 -0.603 0.603
vn 0.333 -0.667 0.667
vn -0.000 -0.707 0.707
vn -0.000 -0.707 0.707
vn -0.000 -0.707 0.707
vn -0.000 -0.707 0.707
vn -0.000 -0.707 0.707
vn -0.000 -0.707 0.707
vn -0.000 -0.707 0.707
vn -0.333 -0.667 0.667
vn -0.522 -0.603 0.603
vn -0.577 -0.577 0.577
vn 0.577 -0.577 0.577
vn 0.522 -0.603 0.603
vn 0.333 -0.667 0.667
vn -0.000 -0.707 0.707
vn -0.000 -0.707 0.707
vn -0.000 -0.707 0.707
vn -0.000 -0.707 0.707
vn -0.000 -0.707 0.707
vn -0.000 -0.707 0.707
vn -0.000 -0.707 0.707
vn -0.333 -0.667 0.667
vn -0.522 -0.603 0.603
vn -0.577 -0.577 0.577
vn 0.603 -0.522 0.603
vn 0.548 -0.548 0.632
vn 0.354 -0.612 0.707
vn -0.000 -0.655 0.756
vn -0.000 -0.655 0.756
vn -0.000 -0.655 0.756
vn -0.000 -0.655 0.756
vn -0.000 -0.655 0.756
vn -0.000 -0.655 0.756
vn -0.000 -0.655 0.756
vn -0.354 -0.612 0.707
vn -0.548 -0.548 0.632
vn -0.603 -0.522 0.603
vn 0.667 -0.333 0.667
vn 0.612 -0.354 0.707
vn 0.408 -0.408 0.816
vn -0.000 -0.447 0.894
vn -0.000 -0.447 0.894
vn -0.000 -0.447 0.894
vn -0.000 -0.447 0.894
vn -0.000 -0.447 0.894
vn -0.000 -0.447 0.894
vn -0.000 -0.447 0.894
vn -0.408 -0.408 0.816
vn -0.612 -0.354 0.707
vn -0.667 -0.333 0.667
vn 0.707 0.000 0.707
vn 0.655 0.000 0.756
vn 0.447 0.000 0.894
vn -0.000 0.000 1.000
vn -0.000 0.000 1.000
vn -0.000 0.000 1.000
vn -0.000 0.000 1.000
vn -0.000 0.000 1.000
vn -0.000 0.000 1.000
vn -0.000 0.000 1.000
vn -0.447 0.000 0.894
vn -0.655 0.000 0.756
vn -0.707 0.000 0.707
vn 0.707 0.000 0.707
vn 0.655 0.000 0.756
vn 0.447 0.000 0.894
vn -0.000 0.000 1.000
vn -0.000 0.000 1.000
vn -0.000 0.000 1.000
vn -0.000 0.000 1.000
vn -0.000 0.000 1.000
vn -0.000 0.000 1.000
vn -0.000 0.000 1.000
vn -0.447 0.000 0.894
vn -0.655 0.000 0.756
vn -0.707 0.000 0.707
vn 0.707 0.000 0.707
vn 0.655 0.000 0.756
vn 0.447 0.000 0.894
vn -0.000 0.000 1.000
vn -0.000 0.000 1.000
vn -0.000 0.000 1.000
vn -0.000 0.000 1.000
vn -0.000 0.000 1.000
vn -0.000 0.000 1.000
vn -0.000 0.000 1.000
vn -0.447 0.000 0.894
vn -0.655 0.000 0.756
vn -0.707 0.000 0.707
vn 0.707 0.000 0.707
vn 0.655 0.000 0.756
vn 0.447 0.000 0.894
vn -0.000 0.000 1.000
vn -0.000 0.000 1.000
vn -0.000 0.000 1.000
vn -0.000 0.000 1.000
vn -0.000 0.000 1.000
vn -0.000 0.000 1.000
vn -0.000 0.000 1.000
vn -0.447 0.000 0.894
vn -0.655 0.000 0.756
vn -0.707 0.000 0.707
vn 0.707 0.000 0.707
vn 0.655 0.000 0.756
vn 0.447 0.000 0.894
vn -0.000 0.000 1.000
vn -0.000 0.000 1.000
vn -0.000 0.000 1.000
vn -0.000 0.000 1.000
vn -0.000 0.000 1.000
vn -0.000 0.000 1.000
vn -0.000 0.000 1.000
vn -0.447 0.000 0.894
vn -0.655 0.000 0.756
vn -0.707 0.000 0.707
vn 0.707 0.000 0.707
vn 0.655 0.000 0.756
vn 0.447 0.000 0.894
vn -0.000 0.000 1.000
vn -0.000 0.000 1.000
vn -0.000 0.000 1.000
vn -0.000 0.000 1.000
vn -0.000 0.000 1.000
vn -0.000 0.000 1.000
vn -0.000 0.000 1.000
vn -0.447 0.000 0.894
vn -0.655 0.000 0.756
vn -0.707 0.000 0.707
vn 0.707 0.000 0.707
vn 0.655 0.000 0.756
vn 0.447 0.000 0.894
vn -0.000 0.000 1.000
vn -0.000 0.000 1.000
vn -0.000 0.000 1.000
vn -0.000 0.000 1.000
vn -0.000 0.000 1.000
vn -0.000 0.000 1.000
vn -0.000 0.000 1.000
vn -0.447 0.000 0.894
vn -0.655 0.000 0.756
vn -0.707 0.000 0.707
vn 0.667 0.333 0.667
vn 0.612 0.354 0.707
vn 0.408 0.408 0.816
vn -0.000 0.447 0.894
vn -0.000 0.447 0.894
vn -0.000 0.447 0.894
vn -0.000 0.447 0.894
vn -0.000 0.447 0.894
vn -0.000 0.447 0.894
vn -0.000 0.447 0.894
vn -0.408 0.408 0.816
vn -0.612 0.354 0.707
vn -0.667 0.333 0.667
vn 0.603 0.522 0.603
vn 0.548 0.548 0.632
vn 0.354 0.612 0.707
vn -0.000 0.655 0.756
vn -0.000 0.655 0.756
vn -0.000 0.655 0.756
vn -0.000 0.655 0.756
vn -0.000 0.655 0.756
vn -0.000 0.655 0.756
vn -0.000 0.655 0.756
vn -0.354 0.612 0.707
vn -0.548 0.548 0.632
vn -0.603 0.522 0.603
vn 0.577 0.577 0.577
vn 0.522 0.603 0.603
vn 0.333 0.667 0.667
vn -0.000 0.707 0.707
vn -0.000 0.707 0.707
vn -0.000 0.707 0.707
vn -0.000 0.707 0.707
vn -0.000 0.707 0.707
vn -0.000 0.707 0.707
vn -0.000 0.707 0.707
vn -0.333 0.667 0.667
vn -0.522 0.603 0.603
vn -0.577 0.577 0.577
vn -0.577 -0.577 -0.577
vn -0.522 -0.603 -0.603
vn -0.333 -0.667 -0.667
vn -0.000 -0.707 -0.707
vn -0.000 -0.707 -0.707
vn -0.000 -0.707 -0.707
vn -0.000 -0.707 -0.707
vn -0.000 -0.707 -0.707
vn -0.000 -0.707 -0.707
vn -0.000 -0.707 -0.707
vn 0.333 -0.667 -0.667
vn 0.522 -0.603 -0.603
vn 0.577 -0.577 -0.577
vn -0.603 -0.522 -0.603
vn -0.548 -0.548 -0.632
vn -0.354 -0.612 -0.707
vn -0.000 -0.655 -0.756
vn -0.000 -0.655 -0.756
vn -0.000 -0.655 -0.756
vn -0.000 -0.655 -0.756
vn -0.000 -0.655 -0.756
vn -0.000 -0.655 -0.756
vn -0.000 -0.655 -0.756
vn 0.354 -0.612 -0.707
vn 0.548 -0.548 -0.632
vn 0.603 -0.522 -0.603
vn -0.667 -0.333 -0.667
vn -0.612 -0.354 -0.707
vn -0.408 -0.408 -0.816
vn -0.000 -0.447 -0.894
vn -0.000 -0.447 -0.894
vn -0.000 -0.447 -0.894
vn -0.000 -0.447 -0.894
vn -0.000 -0.447 -0.894
vn -0.000 -0.447 -0.894
vn -0.000 -0.447 -0.894
vn 0.408 -0.408 -0.816
vn 0.612 -0.354 -0.707
vn 0.667 -0.333 -0.667
vn -0.707 0.000 -0.707
vn -0.655 0.000 -0.756
vn -0.447 0.000 -0.894
vn -0.000 0.000 -1.000
vn -0.000 0.000 -1.000
vn -0.000 0.000 -1.000
vn -0.000 0.000 -1.000
vn -0.000 0.000 -1.000
vn -0.000 0.000 -1.000
vn -0.000 0.000 -1.000
vn 0.447 0.000 -0.894
vn 0.655 0.000 -0.756
vn 0.707 0.000 -0.707
vn -0.707 0.000 -0.707
vn -0.655 0.000 -0.756
vn -0.447 0.000 -0.894
vn -0.000 0.000 -1.000
vn -0.000 0.000 -1.000
vn -0.000 0.000 -1.000
vn -0.000 0.000 -1.000
vn -0.000 0.000 -1.000
vn -0.000 0.000 -1.000
vn -0.000 0.000 -1.000
vn 0.447 0.000 -0.894
vn 0.655 0.000 -0.756
vn 0.707 0.000 -0.707
vn -0.707 0.000 -0.707
vn -0.655 0.000 -0.756
vn -0.447 0.000 -0.894
vn -0.000 0.000 -1.000
vn -0.000 0.000 -1.000
vn -0.000 0.000 -1.000
vn -0.000 0.000 -1.000
vn -0.000 0.000 -1.000
vn -0.000 0.000 -1.000
vn -0.000 0.000 -1.000
vn 0.447 0.000 -0.894
vn 0.655 0.000 -0.756
vn 0.707 0.000 -0.707
vn -0.707 0.000 -0.707
vn -0.655 0.000 -0.756
vn -0.447 0.000 -0.894
vn -0.000 0.000 -1.000
vn -0.000 0.000 -1.000
vn -0.000 0.000 -1.000
vn -0.000 0.000 -1.000
vn -0.000 0.000 -1.000
vn -0.000 0.000 -1.000
vn -0.000 0.000 -1.000
vn 0.447 0.000 -0.894
vn 0.655 0.000 -0.756
vn 0.707 0.000 -0.707
vn -0.707 0.000 -0.707
vn -0.655 0.000 -0.756
vn -0.447 0.000 -0.894
vn -0.000 0.000 -1.000
vn -0.000 0.000 -1.000
vn -0.000 0.000 -1.000
vn -0.000 0.000 -1.000
vn -0.000 0.000 -1.000
vn -0.000 0.000 -1.000
vn -0.000 0.000 -1.000
vn 0.447 0.000 -0.894
vn 0.655 0.000 -0.756
vn 0.707 0.000 -0.707
vn -0.707 0.000 -0.707
vn -0.655 0.000 -0.756
vn -0.447 0.000 -0.894
vn -0.000 0.000 -1.000
vn -0.000 0.000 -1.000
vn -0.000 0.000 -1.000
vn -0.000 0.000 -1.000
vn -0.000 0.000 -1.000
vn -0.000 0.000 -1.000
vn -0.000 0.000 -1.000
vn 0.447 0.000 -0.894
vn 0.655 0.000 -0.756
vn 0.707 0.000 -0.707
vn -0.707 0.000 -0.707
vn -0.655 0.000 -0.756
vn -0.447 0.000 -0.894
vn -0.000 0.000 -1.000
vn -0.000 0.000 -1.000
vn -0.000 0.000 -1.000
vn -0.000 0.000 -1.000
vn -0.000 0.000 -1.000
vn -0.000 0.000 -1.000
vn -0.000 0.000 -1.000
vn 0.447 0.000 -0.894
vn 0.655 0.000 -0.756
vn 0.707 0.000 -0.707
vn -0.667 0.333 -0.667
vn -0.612 0.354 -0.707
vn -0.408 0.408 -0.816
vn -0.000 0.447 -0.894
vn -0.000 0.447 -0.894
vn -0.000 0.447 -0.894
vn -0.000 0.447 -0.894
vn -0.000 0.447 -0.894
vn -0.000 0.447 -0.894
vn -0.000 0.447 -0.894
vn 0.408 0.408 -0.816
vn 0.612 0.354 -0.707
vn 0.667 0.333 -0.667
vn -0.603 0.522 -0.603
vn -0.548 0.548 -0.632
vn -0.354 0.612 -0.707
vn -0.000 0.655 -0.756
vn -0.000 0.655 -0.756
vn -0.000 0.655 -0.756
vn -0.000 0.655 -0.756
vn -0.000 0.655 -0.756
vn -0.000 0.655 -0.756
vn -0.000 0.655 -0.756
vn 0.354 0.612 -0.707
vn 0.548 0.548 -0.632
vn 0.603 0.522 -0.603
vn -0.577 0.577 -0.577
vn -0.522 0.603 -0.603
vn -0.333 0.667 -0.667
vn -0.000 0.707 -0.707
vn -0.000 0.707 -0.707
vn -0.000 0.707 -0.707
vn -0.000 0.707 -0.707
vn -0.000 0.707 -0.707
vn -0.000 0.707 -0.707
vn -0.000 0.707 -0.707
vn 0.333 0.667 -0.667
vn 0.522 0.603 -0.603
vn 0.577 0.577 -0.577
vn -0.577 -0.577 0.577
vn -0.603 -0.603 0.522
vn -0.667 -0.667 0.333
vn -0.707 -0.707 0.000
vn -0.707 -0.707 0.000
vn -0.707 -0.707 0.000
vn -0.707 -0.707 0.000
vn -0.707 -0.707 0.000
vn -0.707 -0.707 0.000
vn -0.707 -0.707 -0.000
vn -0.667 -0.667 -0.333
vn -0.603 -0.603 -0.522
vn -0.577 -0.577 -0.577
vn -0.603 -0.522 0.603
vn -0.632 -0.548 0.548
vn -0.707 -0.612 0.354
vn -0.756 -0.655 0.000
vn -0.756 -0.655 0.000
vn -0.756 -0.655 0.000
vn -0.756 -0.655 0.000
vn -0.756 -0.655 0.000
vn -0.756 -0.655 0.000
vn -0.756 -0.655 -0.000
vn -0.707 -0.612 -0.354
vn -0.632 -0.548 -0.548
vn -0.603 -0.522 -0.603
vn -0.667 -0.333 0.667
vn -0.707 -0.354 0.612
vn -0.816 -0.408 0.408
vn -0.894 -0.447 0.000
vn -0.894 -0.447 0.000
vn -0.894 -0.447 0.000
vn -0.894 -0.447 0.000
vn -0.894 -0.447 0.000
vn -0.894 -0.447 0.000
vn -0.894 -0.447 -0.000
vn -0.816 -0.408 -0.408
vn -0.707 -0.354 -0.612
vn -0.667 -0.333 -0.667
vn -0.707 0.000 0.707
vn -0.756 0.000 0.655
vn -0.894 0.000 0.447
vn -1.000 0.000 0.000
vn -1.000 0.000 0.000
vn -1.000 0.000 0.000
vn -1.000 0.000 0.000
vn -1.000 0.000 0.000
vn -1.000 0.000 0.000
vn -1.000 0.000 -0.000
vn -0.894 0.000 -0.447
vn -0.756 0.000 -0.655
vn -0.707 0.000 -0.707
vn -0.707 0.000 0.707
vn -0.756 0.000 0.655
vn -0.894 0.000 0.447
vn -1.000 0.000 0.000
vn -1.000 0.000 0.000
vn -1.000 0.000 0.000
vn -1.000 0.000 0.000
vn -1.000 0.000 0.000
vn -1.000 0.000 0.000
vn -1.000 0.000 -0.000
vn -0.894 0.000 -0.447
vn -0.756 0.000 -0.655
vn -0.707 0.000 -0.707
vn -0.707 0.000 0.707
vn -0.756 0.000 0.655
vn -0.894 0.000 0.447
vn -1.000 0.000 0.000
vn -1.000 0.000 0.000
vn -1.000 0.000 0.000
vn -1.000 0.000 0.000
vn -1.000 0.000 0.000
vn -1.000 0.000 0.000
vn -1.000 0.000 -0.000
vn -0.894 0.000 -0.447
vn -0.756 0.000 -0.655
vn -0.707 0.000 -0.707
vn -0.707 0.000 0.707
vn -0.756 0.000 0.655
vn -0.894 0.000 0.447
vn -1.000 0.000 0.000
vn -1.000 0.000 0.000
vn -1.000 0.000 0.000
vn -1.000 0.000 0.000
vn -1.000 0.000 0.000
vn -1.000 0.000 0.000
vn -1.000 0.000 -0.000
vn -0.894 0.000 -0.447
vn -0.756 0.000 -0.655
vn -0.707 0.000 -0.707
vn -0.707 0.000 0.707
vn -0.756 0.000 0.655
vn -0.894 0.000 0.447
vn -1.000 0.000 0.000
vn -1.000 0.000 0.000
vn -1.000 0.000 0.000
vn -1.000 0.000 0.000
vn -1.000 0.000 0.000
vn -1.000 0.000 0.000
vn -1.000 0.000 -0.000
vn -0.894 0.000 -0.447
vn -0.756 0.000 -0.655
vn -0.707 0.000 -0.707
vn -0.707 0.000 0.707
vn -0.756 0.000 0.655
vn -0.894 0.000 0.447
vn -1.000 0.000 0.000
vn -1.000 0.000 0.000
vn -1.000 0.000 0.000
vn -1.000 0.000 0.000
vn -1.000 0.000 0.000
vn -1.000 0.000 0.000
vn -1.000 0.000 -0.000
vn -0.894 0.000 -0.447
vn -0.756 0.000 -0.655
vn -0.707 0.000 -0.707
vn -0.707 0.000 0.707
vn -0.756 0.000 0.655
vn -0.894 0.000 0.447
vn -1.000 0.000 0.000
vn -1.000 0.000 0.000
vn -1.000 0.000 0.000
vn -1.000 0.000 0.000
vn -1.000 0.000 0.000
vn -1.000 0.000 0.000
vn -1.000 0.000 -0.000
vn -0.894 0.000 -0.447
vn -0.756 0.000 -0.655
vn -0.707 0.000 -0.707
vn -0.667 0.333 0.667
vn -0.707 0.354 0.612
vn -0.816 0.408 0.408
vn -0.894 0.447 0.000
vn -0.894 0.447 0.000
vn -0.894 0.447 0.000
vn -0.894 0.447 0.000
vn -0.894 0.447 0.000
vn -0.894 0.447 0.000
vn -0.894 0.447 -0.000
vn -0.816 0.408 -0.408
vn -0.707 0.354 -0.612
vn -0.667 0.333 -0.667
vn -0.603 0.522 0.603
vn -0.632 0.548 0.548
vn -0.707 0.612 0.354
vn -0.756 0.655 0.000
vn -0.756 0.655 0.000
vn -0.756 0.655 0.000
vn -0.756 0.655 0.000
vn -0.756 0.655 0.000
vn -0.756 0.655 0.000
vn -0.756 0.655 -0.000
vn -0.707 0.612 -0.354
vn -0.632 0.548 -0.548
vn -0.603 0.522 -0.603
vn -0.577 0.577 0.577
vn -0.603 0.603 0.522
vn -0.667 0.667 0.333
vn -0.707 0.707 0.000
vn -0.707 0.707 0.000
vn -0.707 0.707 0.000
vn -0.707 0.707 0.000
vn -0.707 0.707 0.000
vn -0.707 0.707 0.000
vn -0.707 0.707 -0.000
vn -0.667 0.667 -0.333
vn -0.603 0.603 -0.522
vn -0.577 0.577 -0.577
vn 0.577 -0.577 -0.577
vn 0.603 -0.603 -0.522
vn 0.667 -0.667 -0.333
vn 0.707 -0.707 0.000
vn 0.707 -0.707 0.000
vn 0.707 -0.707 0.000
vn 0.707 -0.707 0.000
vn 0.707 -0.707 0.000
vn 0.707 -0.707 0.000
vn 0.707 -0.707 0.000
vn 0.667 -0.667 0.333
vn 0.603 -0.603 0.522
vn 0.577 -0.577 0.577
vn 0.603 -0.522 -0.603
vn 0.632 -0.548 -0.548
vn 0.707 -0.612 -0.354
vn 0.756 -0.655 0.000
vn 0.756 -0.655 0.000
vn 0.756 -0.655 0.000
vn 0.756 -0.655 0.000
vn 0.756 -0.655 0.000
vn 0.756 -0.655 0.000
vn 0.756 -0.655 0.000
vn 0.707 -0.612 0.354
vn 0.632 -0.548 0.548
vn 0.603 -0.522 0.603
vn 0.667 -0.333 -0.667
vn 0.707 -0.354 -0.612
vn 0.816 -0.408 -0.408
vn 0.894 -0.447 0.000
vn 0.894 -0.447 0.000
vn 0.894 -0.447 0.000
vn 0.894 -0.447 0.000
vn 0.894 -0.447 0.000
vn 0.894 -0.447 0.000
vn 0.894 -0.447 0.000
vn 0.816 -0.408 0.408
vn 0.707 -0.354 0.612
vn 0.667 -0.333 0.667
vn 0.707 0.000 -0.707
vn 0.756 0.000 -0.655
vn 0.894 0.000 -0.447
vn 1.000 0.000 0.000
vn 1.000 0.000 0.000
vn 1.000 0.000 0.000
vn 1.000 0.000 0.000
vn 1.000 0.000 0.000
vn 1.000 0.000 0.000
vn 1.000 0.000 0.000
vn 0.894 0.000 0.447
vn 0.756 0.000 0.655
vn 0.707 0.000 0.707
vn 0.707 0.000 -0.707
vn 0.756 0.000 -0.655
vn 0.894 0.000 -0.447
vn 1.000 0.000 0.000
vn 1.000 0.000 0.000
vn 1.000 0.000 0.000
vn 1.000 0.000 0.000
vn 1.000 0.000 0.000
vn 1.000 0.000 0.000
vn 1.000 0.000 0.000
vn 0.894 0.000 0.447
vn 0.756 0.000 0.655
vn 0.707 0.000 0.707
vn 0.707 0.000 -0.707
vn 0.756 0.000 -0.655
vn 0.894 0.000 -0.447
vn 1.000 0.000 0.000
vn 1.000 0.000 0.000
vn 1.000 0.000 0.000
vn 1.000 0.000 0.000
vn 1.000 0.000 0.000
vn 1.000 0.000 0.000
vn 1.000 0.000 0.000
vn 0.894 0.000 0.447
vn 0.756 0.000 0.655
vn 0.707 0.000 0.707
vn 0.707 0.000 -0.707
vn 0.756 0.000 -0.655
vn 0.894 0.000 -0.447
vn 1.000 0.000 0.000
vn 1.000 0.000 0.000
vn 1.000 0.000 0.000
vn 1.000 0.000 0.000
vn 1.000 0.000 0.000
vn 1.000 0.000 0.000
vn 1.000 0.000 0.000
vn 0.894 0.000 0.447
vn 0.756 0.000 0.655
vn 0.707 0.000 0.707
vn 0.707 0.000 -0.707
vn 0.756 0.000 -0.655
vn 0.894 0.000 -0.447
vn 1.000 0.000 0.000
vn 1.000 0.000 0.000
vn 1.000 0.000 0.000
vn 1.000 0.000 0.000
vn 1.000 0.000 0.000
vn 1.000 0.000 0.000
vn 1.000 0.000 0.000
vn 0.894 0.000 0.447
vn 0.756 0.000 0.655
vn 0.707 0.000 0.707
vn 0.707 0.000 -0.707
vn 0.756 0.000 -0.655
vn 0.894 0.000 -0.447
vn 1.000 0.000 0.000
vn 1.000 0.000 0.000
vn 1.000 0.000 0.000
vn 1.000 0.000 0.000
vn 1.000 0.000 0.000
vn 1.000 0.000 0.000
vn 1.000 0.000 0.000
vn 0.894 0.000 0.447
vn 0.756 0.000 0.655
vn 0.707 0.000 0.707
vn 0.707 0.000 -0.707
vn 0.756 0.000 -0.655
vn 0.894 0.000 -0.447
vn 1.000 0.000 0.000
vn 1.000 0.000 0.000
vn 1.000 0.000 0.000
vn 1.000 0.000 0.000
vn 1.000 0.000 0.000
vn 1.000 0.000 0.000
vn 1.000 0.000 0.000
vn 0.894 0.000 0.447
vn 0.756 0.000 0.655
vn 0.707 0.000 0.707
vn 0.667 0.333 -0.667
vn 0.707 0.354 -0.612
vn 0.816 0.408 -0.408
vn 0.894 0.447 0.000
vn 0.894 0.447 0.000
vn 0.894 0.447 0.000
vn 0.894 0.447 0.000
vn 0.894 0.447 0.000
vn 0.894 0.447 0.000
vn 0.894 0.447 0.000
vn 0.816 0.408 0.408
vn 0.707 0.354 0.612
vn 0.667 0.333 0.667
vn 0.603 0.522 -0.603
vn 0.632 0.548 -0.548
vn 0.707 0.612 -0.354
vn 0.756 0.655 0.000
vn 0.756 0.655 0.000
vn 0.756 0.655 0.000
vn 0.756 0.655 0.000
vn 0.756 0.655 0.000
vn 0.756 0.655 0.000
vn 0.756 0.655 0.000
vn 0.707 0.612 0.354
vn 0.632 0.548 0.548
vn 0.603 0.522 0.603
vn 0.577 0.577 -0.577
vn 0.603 0.603 -0.522
vn 0.667 0.667 -0.333
vn 0.707 0.707 0.000
vn 0.707 0.707 0.000
vn 0.707 0.707 0.000
vn 0.707 0.707 0.000
vn 0.707 0.707 0.000
vn 0.707 0.707 0.000
vn 0.707 0.707 0.000
vn 0.667 0.667 0.333
vn 0.603 0.603 0.522
vn 0.577 0.577 0.577
vn 0.577 0.577 0.577
vn 0.522 0.603 0.603
vn 0.333 0.667 0.667
vn -0.000 0.707 0.707
vn -0.000 0.707 0.707
vn -0.000 0.707 0.707
vn -0.000 0.707 0.707
vn -0.000 0.707 0.707
vn -0.000 0.707 0.707
vn -0.000 0.707 0.707
vn -0.333 0.667 0.667
vn -0.522 0.603 0.603
vn -0.577 0.577 0.577
vn 0.603 0.603 0.522
vn 0.548 0.632 0.548
vn 0.354 0.707 0.612
vn -0.000 0.756 0.655
vn -0.000 0.756 0.655
vn -0.000 0.756 0.655
vn -0.000 0.756 0.655
vn -0.000 0.756 0.655
vn -0.000 0.756 0.655
vn -0.000 0.756 0.655
vn -0.354 0.707 0.612
vn -0.548 0.632 0.548
vn -0.603 0.603 0.522
vn 0.667 0.667 0.333
vn 0.612 0.707 0.354
vn 0.408 0.816 0.408
vn -0.000 0.894 0.447
vn -0.000 0.894 0.447
vn -0.000 0.894 0.447
vn -0.000 0.894 0.447
vn -0.000 0.894 0.447
vn -0.000 0.894 0.447
vn -0.000 0.894 0.447
vn -0.408 0.816 0.408
vn -0.612 0.707 0.354
vn -0.667 0.667 0.333
vn 0.707 0.707 0.000
vn 0.655 0.756 0.000
vn 0.447 0.894 0.000
vn -0.000 1.000 0.000
vn -0.000 1.000 0.000
vn -0.000 1.000 0.000
vn -0.000 1.000 0.000
vn -0.000 1.000 0.000
vn -0.000 1.000 0.000
vn -0.000 1.000 0.000
vn -0.447 0.894 0.000
vn -0.655 0.756 0.000
vn -0.707 0.707 0.000
vn 0.707 0.707 0.000
vn 0.655 0.756 0.000
vn 0.447 0.894 0.000
vn -0.000 1.000 0.000
vn -0.000 1.000 0.000
vn -0.000 1.000 0.000
vn -0.000 1.000 0.000
vn -0.000 1.000 0.000
vn -0.000 1.000 0.000
vn -0.000 1.000 0.000
vn -0.447 0.894 0.000
vn -0.655 0.756 0.000
vn -0.707 0.707 0.000
vn 0.707 0.707 0.000
vn 0.655 0.756 0.000
vn 0.447 0.894 0.000
vn -0.000 1.000 0.000
vn -0.000 1.000 0.000
vn -0.000 1.000 0.000
vn -0.000 1.000 0.000
vn -0.000 1.000 0.000
vn -0.000 1.000 0.000
vn -0.000 1.000 0.000
vn -0.447 0.894 0.000
vn -0.655 0.756 0.000
vn -0.707 0.707 0.000
vn 0.707 0.707 0.000
vn 0.655 0.756 0.000
vn 0.447 0.894 0.000
vn -0.000 1.000 0.000
vn -0.000 1.000 0.000
vn -0.000 1.000 0.000
vn -0.000 1.000 0.000
vn -0.000 1.000 0.000
vn -0.000 1.000 0.000
vn -0.000 1.000 0.000
vn -0.447 0.894 0.000
vn -0.655 0.756 0.000
vn -0.707 0.707 0.000
vn 0.707 0.707 0.000
vn 0.655 0.756 0.000
vn 0.447 0.894 0.000
vn -0.000 1.000 0.000
vn -0.000 1.000 0.000
vn -0.000 1.000 0.000
vn -0.000 1.000 0.000
vn -0.000 1.000 0.000
vn -0.000 1.000 0.000
vn -0.000 1.000 0.000
vn -0.447 0.894 0.000
vn -0.655 0.756 0.000
vn -0.707 0.707 0.000
vn 0.707 0.707 0.000
vn 0.655 0.756 0.000
vn 0.447 0.894 0.000
vn -0.000 1.000 0.000
vn -0.000 1.000 0.000
vn -0.000 1.000 0.000
vn -0.000 1.000 0.000
vn -0.000 1.000 0.000
vn -0.000 1.000 0.000
vn -0.000 1.000 0.000
vn -0.447 0.894 0.000
vn -0.655 0.756 0.000
vn -0.707 0.707 0.000
vn 0.707 0.707 -0.000
vn 0.655 0.756 -0.000
vn 0.447 0.894 -0.000
vn -0.000 1.000 -0.000
vn -0.000 1.000 -0.000
vn -0.000 1.000 -0.000
vn -0.000 1.000 -0.000
vn -0.000 1.000 -0.000
vn -0.000 1.000 -0.000
vn -0.000 1.000 -0.000
vn -0.447 0.894 -0.000
vn -0.655 0.756 -0.000
vn -0.707 0.707 -0.000
vn 0.667 0.667 -0.333
vn 0.612 0.707 -0.354
vn 0.408 0.816 -0.408
vn -0.000 0.894 -0.447
vn -0.000 0.894 -0.447
vn -0.000 0.894 -0.447
vn -0.000 0.894 -0.447
vn -0.000 0.894 -0.447
vn -0.000 0.894 -0.447
vn -0.000 0.894 -0.447
vn -0.408 0.816 -0.408
vn -0.612 0.707 -0.354
vn -0.667 0.667 -0.333
vn 0.603 0.603 -0.522
vn 0.548 0.632 -0.548
vn 0.354 0.707 -0.612
vn -0.000 0.756 -0.655
vn -0.000 0.756 -0.655
vn -0.000 0.756 -0.655
vn -0.000 0.756 -0.655
vn -0.000 0.756 -0.655
vn -0.000 0.756 -0.655
vn -0.000 0.756 -0.655
vn -0.354 0.707 -0.612
vn -0.548 0.632 -0.548
vn -0.603 0.603 -0.522
vn 0.577 0.577 -0.577
vn 0.522 0.603 -0.603
vn 0.333 0.667 -0.667
vn -0.000 0.707 -0.707
vn -0.000 0.707 -0.707
vn -0.000 0.707 -0.707
vn -0.000 0.707 -0.707
vn -0.000 0.707 -0.707
vn -0.000 0.707 -0.707
vn -0.000 0.707 -0.707
vn -0.333 0.667 -0.667
vn -0.522 0.603 -0.603
vn -0.577 0.577 -0.577
vn 0.577 -0.577 -0.577
vn 0.522 -0.603 -0.603
vn 0.333 -0.667 -0.667
vn -0.000 -0.707 -0.707
vn -0.000 -0.707 -0.707
vn -0.000 -0.707 -0.707
vn -0.000 -0.707 -0.707
vn -0.000 -0.707 -0.707
vn -0.000 -0.707 -0.707
vn -0.000 -0.707 -0.707
vn -0.333 -0.667 -0.667
vn -0.522 -0.603 -0.603
vn -0.577 -0.577 -0.577
vn 0.603 -0.603 -0.522
vn 0.548 -0.632 -0.548
vn 0.354 -0.707 -0.612
vn -0.000 -0.756 -0.655
vn -0.000 -0.756 -0.655
vn -0.000 -0.756 -0.655
vn -0.000 -0.756 -0.655
vn -0.000 -0.756 -0.655
vn -0.000 -0.756 -0.655
vn -0.000 -0.756 -0.655
vn -0.354 -0.707 -0.612
vn -0.548 -0.632 -0.548
vn -0.603 -0.603 -0.522
vn 0.667 -0.667 -0.333
vn 0.612 -0.707 -0.354
vn 0.408 -0.816 -0.408
vn -0.000 -0.894 -0.447
vn -0.000 -0.894 -0.447
vn -0.000 -0.894 -0.447
vn -0.000 -0.894 -0.447
vn -0.000 -0.894 -0.447
vn -0.000 -0.894 -0.447
vn -0.000 -0.894 -0.447
vn -0.408 -0.816 -0.408
vn -0.612 -0.707 -0.354
vn -0.667 -0.667 -0.333
vn 0.707 -0.707 0.000
vn 0.655 -0.756 0.000
vn 0.447 -0.894 0.000
vn -0.000 -1.000 0.000
vn -0.000 -1.000 0.000
vn -0.000 -1.000 0.000
vn -0.000 -1.000 0.000
vn -0.000 -1.000 0.000
vn -0.000 -1.000 0.000
vn -0.000 -1.000 0.000
vn -0.447 -0.894 0.000
vn -0.655 -0.756 0.000
vn -0.707 -0.707 0.000
vn 0.707 -0.707 0.000
vn 0.655 -0.756 0.000
vn 0.447 -0.894 0.000
vn -0.000 -1.000 0.000
vn -0.000 -1.000 0.000
vn -0.000 -1.000 0.000
vn -0.000 -1.000 0.000
vn -0.000 -1.000 0.000
vn -0.000 -1.000 0.000
vn -0.000 -1.000 0.000
vn -0.447 -0.894 0.000
vn -0.655 -0.756 0.000
vn -0.707 -0.707 0.000
vn 0.707 -0.707 0.000
vn 0.655 -0.756 0.000
vn 0.447 -0.894 0.000
vn -0.000 -1.000 0.000
vn -0.000 -1.000 0.000
vn -0.000 -1.000 0.000
vn -0.000 -1.000 0.000
vn -0.000 -1.000 0.000
vn -0.000 -1.000 0.000
vn -0.000 -1.000 0.000
vn -0.447 -0.894 0.000
vn -0.655 -0.756 0.000
vn -0.707 -0.707 0.000
vn 0.707 -0.707 0.000
vn 0.655 -0.756 0.000
vn 0.447 -0.894 0.000
vn -0.000 -1.000 0.000
vn -0.000 -1.000 0.000
vn -0.000 -1.000 0.000
vn -0.000 -1.000 0.000
vn -0.000 -1.000 0.000
vn -0.000 -1.000 0.000
vn -0.000 -1.000 0.000
vn -0.447 -0.894 0.000
vn -0.655 -0.756 0.000
vn -0.707 -0.707 0.000
vn 0.707 -0.707 0.000
vn 0.655 -0.756 0.000
vn 0.447 -0.894 0.000
vn -0.000 -1.000 0.000
vn -0.000 -1.000 0.000
vn -0.000 -1.000 0.000
vn -0.000 -1.000 0.000
vn -0.000 -1.000 0.000
vn -0.000 -1.000 0.000
vn -0.000 -1.000 0.000
vn -0.447 -0.894 0.000
vn -0.655 -0.756 0.000
vn -0.707 -0.707 0.000
vn 0.707 -0.707 0.000
vn 0.655 -0.756 0.000
vn 0.447 -0.894 0.000
vn -0.000 -1.000 0.000
vn -0.000 -1.000 0.000
vn -0.000 -1.000 0.000
vn -0.000 -1.000 0.000
vn -0.000 -1.000 0.000
vn -0.000 -1.000 0.000
vn -0.000 -1.000 0.000
vn -0.447 -0.894 0.000
vn -0.655 -0.756 0.000
vn -0.707 -0.707 0.000
vn 0.707 -0.707 0.000
vn 0.655 -0.756 0.000
vn 0.447 -0.894 0.000
vn -0.000 -1.000 0.000
vn -0.000 -1.000 0.000
vn -0.000 -1.000 0.000
vn -0.000 -1.000 0.000
vn -0.000 -1.000 0.000
vn -0.000 -1.000 0.000
vn -0.000 -1.000 0.000
vn -0.447 -0.894 0.000
vn -0.655 -0.756 0.000
vn -0.707 -0.707 0.000
vn 0.667 -0.667 0.333
vn 0.612 -0.707 0.354
vn 0.408 -0.816 0.408
vn -0.000 -0.894 0.447
vn -0.000 -0.894 0.447
vn -0.000 -0.894 0.447
vn -0.000 -0.894 0.447
vn -0.000 -0.894 0.447
vn -0.000 -0.894 0.447
vn -0.000 -0.894 0.447
vn -0.408 -0.816 0.408
vn -0.612 -0.707 0.354
vn -0.667 -0.667 0.333
vn 0.603 -0.603 0.522
vn 0.548 -0.632 0.548
vn 0.354 -0.707 0.612
vn -0.000 -0.756 0.655
vn -0.000 -0.756 0.655
vn -0.000 -0.756 0.655
vn -0.000 -0.756 0.655
vn -0.000 -0.756 0.655
vn -0.000 -0.756 0.655
vn -0.000 -0.756 0.655
vn -0.354 -0.707 0.612
vn -0.548 -0.632 0.548
vn -0.603 -0.603 0.522
vn 0.577 -0.577 0.577
vn 0.522 -0.603 0.603
vn 0.333 -0.667 0.667
vn -0.000 -0.707 0.707
vn -0.000 -0.707 0.707
vn -0.000 -0.707 0.707
vn -0.000 -0.707 0.707
vn -0.000 -0.707 0.707
vn -0.000 -0.707 0.707
vn -0.000 -0.707 0.707
vn -0.333 -0.667 0.667
vn -0.522 -0.603 0.603
vn -0.577 -0.577 0.577
vn 0.577 -0.577 0.577
vn 0.522 -0.603 0.603
vn 0.333 -0.667 0.667
vn -0.000 -0.707 0.707
vn -0.000 -0.707 0.707
vn -0.000 -0.707 0.707
vn -0.000 -0.707 0.707
vn -0.000 -0.707 0.707
vn -0.000 -0.707 0.707
vn -0.000 -0.707 0.707
vn -0.333 -0.667 0.667
vn -0.522 -0.603 0.603
vn -0.577 -0.577 0.577
vn 0.603 -0.522 0.603
vn 0.548 -0.548 0.632
vn 0.354 -0.612 0.707
vn -0.000 -0.655 0.756
vn -0.000 -0.655 0.756
vn -0.000 -0.655 0.756
vn -0.000 -0.655 0.756
vn -0.000 -0.655 0.756
vn -0.000 -0.655 0.756
vn -0.000 -0.655 0.756
vn -0.354 -0.612 0.707
vn -0.548 -0.548 0.632
vn -0.603 -0.522 0.603
vn 0.667 -0.333 0.667
vn 0.612 -0.354 0.707
vn 0.408 -0.408 0.816
vn -0.000 -0.447 0.894
vn -0.000 -0.447 0.894
vn -0.000 -0.447 0.894
vn -0.000 -0.447 0.894
vn -0.000 -0.447 0.894
vn -0.000 -0.447 0.894
vn -0.000 -0.447 0.894
vn -0.408 -0.408 0.816
vn -0.612 -0.354 0.707
vn -0.667 -0.333 0.667
vn 0.707 0.000 0.707
vn 0.655 0.000 0.756
vn 0.447 0.000 0.894
vn -0.000 0.000 1.000
vn -0.000 0.000 1.000
vn -0.000 0.000 1.000
vn -0.000 0.000 1.000
vn -0.000 0.000 1.000
vn -0.000 0.000 1.000
vn -0.000 0.000 1.000
vn -0.447 0.000 0.894
vn -0.655 0.000 0.756
vn -0.707 0.000 0.707
vn 0.707 0.000 0.707
vn 0.655 0.000 0.756
vn 0.447 0.000 0.894
vn -0.000 0.000 1.000
vn -0.000 0.000 1.000
vn -0.000 0.000 1.000
vn -0.000 0.000 1.000
vn -0.000 0.000 1.000
vn -0.000 0.000 1.000
vn -0.000 0.000 1.000
vn -0.447 0.000 0.894
vn -0.655 0.000 0.756
vn -0.707 0.000 0.707
vn 0.707 0.000 0.707
vn 0.655 0.000 0.756
vn 0.447 0.000 0.894
vn -0.000 0.000 1.000
vn -0.000 0.000 1.000
vn -0.000 0.000 1.000
vn -0.000 0.000 1.000
vn -0.000 0.000 1.000
vn -0.000 0.000 1.000
vn -0.000 0.000 1.000
vn -0.447 0.000 0.894
vn -0.655 0.000 0.756
vn -0.707 0.000 0.707
vn 0.707 0.000 0.707
vn 0.655 0.000 0.756
vn 0.447 0.000 0.894
vn -0.000 0.000 1.000
vn -0.000 0.000 1.000
vn -0.000 0.000 1.000
vn -0.000 0.000 1.000
vn -0.000 0.000 1.000
vn -0.000 0.000 1.000
vn -0.000 0.000 1.000
vn -0.447 0.000 0.894
vn -0.655 0.000 0.756
vn -0.707 0.000 0.707
vn 0.707 0.000 0.707
vn 0.655 0.000 0.756
vn 0.447 0.000 0.894
vn -0.000 0.000 1.000
vn -0.000 0.000 1.000
vn -0.000 0.000 1.000
vn -0.000 0.000 1.000
vn -0.000 0.000 1.000
vn -0.000 0.000 1.000
vn -0.000 0.000 1.000
vn -0.447 0.000 0.894
vn -0.655 0.000 0.756
vn -0.707 0.000 0.707
vn 0.707 0.000 0.707
vn 0.655 0.000 0.756
vn 0.447 0.000 0.894
vn -0.000 0.000 1.000
vn -0.000 0.000 1.000
vn -0.000 0.000 1.000
vn -0.000 0.000 1.000
vn -0.000 0.000 1.000
vn -0.000 0.000 1.000
vn -0.000 0.000 1.000
vn -0.447 0.000 0.894
vn -0.655 0.000 0.756
vn -0.707 0.000 0.707
vn 0.707 0.000 0.707
vn 0.655 0.000 0.756
vn 0.447 0.000 0.894
vn -0.000 0.000 1.000
vn -0.000 0.000 1.000
vn -0.000 0.000 1.000
vn -0.000 0.000 1.000
vn -0.000 0.000 1.000
vn -0.000 0.000 1.000
vn -0.000 0.000 1.000
vn -0.447 0.000 0.894
vn -0.655 0.000 0.756
vn -0.707 0.000 0.707
vn 0.667 0.333 0.667
vn 0.612 0.354 0.707
vn 0.408 0.408 0.816
vn -0.000 0.447 0.894
vn -0.000 0.447 0.894
vn -0.000 0.447 0.894
vn -0.000 0.447 0.894
vn -0.000 0.447 0.894
vn -0.000 0.447 0.894
vn -0.000 0.447 0.894
vn -0.408 0.408 0.816
vn -0.612 0.354 0.707
vn -0.667 0.333 0.667
vn 0.603 0.522 0.603
vn 0.548 0.548 0.632
vn 0.354 0.612 0.707
vn -0.000 0.655 0.756
vn -0.000 0.655 0.756
vn -0.000 0.655 0.756
vn -0.000 0.655 0.756
vn -0.000 0.655 0.756
vn -0.000 0.655 0.756
vn -0.000 0.655 0.756
vn -0.354 0.612 0.707
vn -0.548 0.548 0.632
vn -0.603 0.522 0.603
vn 0.577 0.577 0.577
vn 0.522 0.603 0.603
vn 0.333 0.667 0.667
vn -0.000 0.707 0.707
vn -0.000 0.707 0.707
vn -0.000 0.707 0.707
vn -0.000 0.707 0.707
vn -0.000 0.707 0.707
vn -0.000 0.707 0.707
vn -0.000 0.707 0.707
vn -0.333 0.667 0.667
vn -0.522 0.603 0.603
vn -0.577 0.577 0.577
vn -0.577 -0.577 -0.577
vn -0.522 -0.603 -0.603
vn -0.333 -0.667 -0.667
vn -0.000 -0.707 -0.707
vn -0.000 -0.707 -0.707
vn -0.000 -0.707 -0.707
vn -0.000 -0.707 -0.707
vn -0.000 -0.707 -0.707
vn -0.000 -0.707 -0.707
vn -0.000 -0.707 -0.707
vn 0.333 -0.667 -0.667
vn 0.522 -0.603 -0.603
vn 0.577 -0.577 -0.577
vn -0.603 -0.522 -0.603
vn -0.548 -0.548 -0.632
vn -0.354 -0.612 -0.707
vn -0.000 -0.655 -0.756
vn -0.000 -0.655 -0.756
vn -0.000 -0.655 -0.756
vn -0.000 -0.655 -0.756
vn -0.000 -0.655 -0.756
vn -0.000 -0.655 -0.756
vn -0.000 -0.655 -0.756
vn 0.354 -0.612 -0.707
vn 0.548 -0.548 -0.632
vn 0.603 -0.522 -0.603
vn -0.667 -0.333 -0.667
vn -0.612 -0.354 -0.707
vn -0.408 -0.408 -0.816
vn -0.000 -0.447 -0.894
vn -0.000 -0.447 -0.894
vn -0.000 -0.447 -0.894
vn -0.000 -0.447 -0.894
vn -0.000 -0.447 -0.894
vn -0.000 -0.447 -0.894
vn -0.000 -0.447 -0.894
vn 0.408 -0.408 -0.816
vn 0.612 -0.354 -0.707
vn 0.667 -0.333 -0.667
vn -0.707 0.000 -0.707
vn -0.655 0.000 -0.756
vn -0.447 0.000 -0.894
vn -0.000 0.000 -1.000
vn -0.000 0.000 -1.000
vn -0.000 0.000 -1.000
vn -0.000 0.000 -1.000
vn -0.000 0.000 -1.000
vn -0.000 0.000 -1.000
vn -0.000 0.000 -1.000
vn 0.447 0.000 -0.894
vn 0.655 0.000 -0.756
vn 0.707 0.000 -0.707
vn -0.707 0.000 -0.707
vn -0.655 0.000 -0.756
vn -0.447 0.000 -0.894
vn -0.000 0.000 -1.000
vn -0.000 0.000 -1.000
vn -0.000 0.000 -1.000
vn -0.000 0.000 -1.000
vn -0.000 0.000 -1.000
vn -0.000 0.000 -1.000
vn -0.000 0.000 -1.000
vn 0.447 0.000 -0.894
vn 0.655 0.000 -0.756
vn 0.707 0.000 -0.707
vn -0.707 0.000 -0.707
vn -0.655 0.000 -0.756
vn -0.447 0.000 -0.894
vn -0.000 0.000 -1.000
vn -0.000 0.000 -1.000
vn -0.000 0.000 -1.000
vn -0.000 0.000 -1.000
vn -0.000 0.000 -1.000
vn -0.000 0.000 -1.000
vn -0.000 0.000 -1.000
vn 0.447 0.000 -0.894
vn 0.655 0.000 -0.756
vn 0.707 0.000 -0.707
vn -0.707 0.000 -0.707
vn -0.655 0.000 -0.756
vn -0.447 0.000 -0.894
vn -0.000 0.000 -1.000
vn -0.000 0.000 -1.000
vn -0.000 0.000 -1.000
vn -0.000 0.000 -1.000
vn -0.000 0.000 -1.000
vn -0.000 0.000 -1.000
vn -0.000 0.000 -1.000
vn 0.447 0.000 -0.894
vn 0.655 0.000 -0.756
vn 0.707 0.000 -0.707
vn -0.707 0.000 -0.707
vn -0.655 0.000 -0.756
vn -0.447 0.000 -0.894
vn -0.000 0.000 -1.000
vn -0.000 0.000 -1.000
vn -0.000 0.000 -1.000
vn -0.000 0.000 -1.000
vn -0.000 0.000 -1.000
vn -0.000 0.000 -1.000
vn -0.000 0.000 -1.000
vn 0.447 0.000 -0.894
vn 0.655 0.000 -0.756
vn 0.707 0.000 -0.707
vn -0.707 0.000 -0.707
vn -0.655 0.000 -0.756
vn -0.447 0.000 -0.894
vn -0.000 0.000 -1.000
vn -0.000 0.000 -1.000
vn -0.000 0.000 -1.000
vn -0.000 0.000 -1.000
vn -0.000 0.000 -1.000
vn -0.000 0.000 -1.000
vn -0.000 0.000 -1.000
vn 0.447 0.000 -0.894
vn 0.655 0.000 -0.756
vn 0.707 0.000 -0.707
vn -0.707 0.000 -0.707
vn -0.655 0.000 -0.756
vn -0.447 0.000 -0.894
vn -0.000 0.000 -1.000
vn -0.000 0.000 -1.000
vn -0.000 0.000 -1.000
vn -0.000 0.000 -1.000
vn -0.000 0.000 -1.000
vn -0.000 0.000 -1.000
vn -0.000 0.000 -1.000
vn 0.447 0.000 -0.894
vn 0.655 0.000 -0.756
vn 0.707 0.000 -0.707
vn -0.667 0.333 -0.667
vn -0.612 0.354 -0.707
vn -0.408 0.408 -0.816
vn -0.000 0.447 -0.894
vn -0.000 0.447 -0.894
vn -0.000 0.447 -0.894
vn -0.000 0.447 -0.894
vn -0.000 0.447 -0.894
vn -0.000 0.447 -0.894
vn -0.000 0.447 -0.894
vn 0.408 0.408 -0.816
vn 0.612 0.354 -0.707
vn 0.667 0.333 -0.667
vn -0.603 0.522 -0.603
vn -0.548 0.548 -0.632
vn -0.354 0.612 -0.707
vn -0.000 0.655 -0.756
vn -0.000 0.655 -0.756
vn -0.000 0.655 -0.756
vn -0.000 0.655 -0.756
vn -0.000 0.655 -0.756
vn -0.000 0.655 -0.756
vn -0.000 0.655 -0.756
vn 0.354 0.612 -0.707
vn 0.548 0.548 -0.632
vn 0.603 0.522 -0.603
vn -0.577 0.577 -0.577
vn -0.522 0.603 -0.603
vn -0.333 0.667 -0.667
vn -0.000 0.707 -0.707
vn -0.000 0.707 -0.707
vn -0.000 0.707 -0.707
vn -0.000 0.707 -0.707
vn -0.000 0.707 -0.707
vn -0.000 0.707 -0.707
vn -0.000 0.707 -0.707
vn 0.333 0.667 -0.667
vn 0.522 0.603 -0.603
vn 0.577 0.577 -0.577
usemtl vinyl
f 1/1/1 15/15/15 2/2/2
f 1/1/1 14/14/14 15/15/15
f 2/2/2 16/16/16 3/3/3
f 2/2/2 15/15/15 16/16/16
f 3/3/3 17/17/17 4/4/4
f 3/3/3 16/16/16 17/17/17
f 4/4/4 18/18/18 5/5/5
f 4/4/4 17/17/17 18/18/18
f 5/5/5 19/19/19 6/6/6
f 5/5/5 18/18/18 19/19/19
f 6/6/6 20/20/20 7/7/7
f 6/6/6 19/19/19 20/20/20
f 7/7/7 21/21/21 8/8/8
f 7/7/7 20/20/20 21/21/21
f 8/8/8 22/22/22 9/9/9
f 8/8/8 21/21/21 22/22/22
f 9/9/9 23/23/23 10/10/10
f 9/9/9 22/22/22 23/23/23
f 10/10/10 24/24/24 11/11/11
f 10/10/10 23/23/23 24/24/24
f 11/11/11 25/25/25 12/12/12
f 11/11/11 24/24/24 25/25/25
f 12/12/12 26/26/26 13/13/13
f 12/12/12 25/25/25 26/26/26
f 14/14/14 28/28/28 15/15/15
f 14/14/14 27/27/27 28/28/28
f 15/15/15 29/29/29 16/16/16
f 15/15/15 28/28/28 29/29/29
f 16/16/16 30/30/30 17/17/17
f 16/16/16 29/29/29 30/30/30
f 17/17/17 31/31/31 18/18/18
f 17/17/17 30/30/30 31/31/31
f 18/18/18 32/32/32 19/19/19
f 18/18/18 31/31/31 32/32/32
f 19/19/19 33/33/33 20/20/20
f 19/19/19 32/32/32 33/33/33
f 20/20/20 34/34/34 21/21/21
f 20/20/20 33/33/33 34/34/34
f 21/21/21 35/35/35 22/22/22
f 21/21/21 34/34/34 35/35/35
f 22/22/22 36/36/36 23/23/23
f 22/22/22 35/35/35 36/36/36
f 23/23/23 37/37/37 24/24/24
f 23/23/23 36/36/36 37/37/37
f 24/24/24 38/38/38 25/25/25
f 24/24/24 37/37/37 38/38/38
f 25/25/25 39/39/39 26/26/26
f 25/25/25 38/38/38 39/39/39
f 27/27/27 41/41/41 28/28/28
f 27/27/27 40/40/40 41/41/41
f 28/28/28 42/42/42 29/29/29
f 28/28/28 41/41/41 42/42/42
f 29/29/29 43/43/43 30/30/30
f 29/29/29 42/42/42 43/43/43
f 30/30/30 44/44/44 31/31/31
f 30/30/30 43/43/43 44/44/44
f 31/31/31 45/45/45 32/32/32
f 31/31/31 44/44/44 45/45/45
f 32/32/32 46/46/46 33/33/33
f 32/32/32 45/45/45 46/46/46
f 33/33/33 47/47/47 34/34/34
f 33/33/33 46/46/46 47/47/47
f 34/34/34 48/48/48 35/35/35
f 34/34/34 47/47/47 48/48/48
f 35/35/35 49/49/49 36/36/36
f 35/35/35 48/48/48 49/49/49
f 36/36/36 50/50/50 37/37/37
f 36/36/36 49/49/49 50/50/50
f 37/37/37 51/51/51 38/38/38
f 37/37/37 50/50/50 51/51/51
f 38/38/38 52/52/52 39/39/39
f 38/38/38 51/51/51 52/52/52
f 40/40/40 54/54/54 41/41/41
f 40/40/40 53/53/53 54/54/54
f 41/41/41 55/55/55 42/42/42
f 41/41/41 54/54/54 55/55/55
f 42/42/42 56/56/56 43/43/43
f 42/42/42 55/55/55 56/56/56
f 43/43/43 57/57/57 44/44/44
f 43/43/43 56/56/56 57/57/57
f 44/44/44 58/58/58 45/45/45
f 44/44/44 57/57/57 58/58/58
f 45/45/45 59/59/59 46/46/46
f 45/45/45 58/58/58 59/59/59
f 46/46/46 60/60/60 47/47/47
f 46/46/46 59/59/59 60/60/60
f 47/47/47 61/61/61 48/48/48
f 47/47/47 60/60/60 61/61/61
f 48/48/48 62/62/62 49/49/49
f 48/48/48 61/61/61 62/62/62
f 49/49/49 63/63/63 50/50/50
f 49/49/49 62/62/62 63/63/63
f 50/50/50 64/64/64 51/51/51
f 50/50/50 63/63/63 64/64/64
f 51/51/51 65/65/65 52/52/52
f 51/51/51 64/64/64 65/65/65
f 53/53/53 67/67/67 54/54/54
f 53/53/53 66/66/66 67/67/67
f 54/54/54 68/68/68 55/55/55
f 54/54/54 67/67/67 68/68/68
f 55/55/55 69/69/69 56/56/56
f 55/55/55 68/68/68 69/69/69
f 56/56/56 70/70/70 57/57/57
f 56/56/56 69/69/69 70/70/70
f 57/57/57 71/71/71 58/58/58
f 57/57/57 70/70/70 71/71/71
f 58/58/58 72/72/72 59/59/59
f 58/58/58 71/71/71 72/72/72
f 59/59/59 73/73/73 60/60/60
f 59/59/59 72/72/72 73/73/73
f 60/60/60 74/74/74 61/61/61
f 60/60/60 73/73/73 74/74/74
f 61/61/61 75/75/75 62/62/62
f 61/61/61 74/74/74 75/75/75
f 62/62/62 76/76/76 63/63/63
f 62/62/62 75/75/75 76/76/76
f 63/63/63 77/77/77 64/64/64
f 63/63/63 76/76/76 77/77/77
f 64/64/64 78/78/78 65/65/65
f 64/64/64 77/77/77 78/78/78
f 66/66/66 80/80/80 67/67/67
f 66/66/66 79/79/79 80/80/80
f 67/67/67 81/81/81 68/68/68
f 67/67/67 80/80/80 81/81/81
f 68/68/68 82/82/82 69/69/69
f 68/68/68 81/81/81 82/82/82
f 69/69/69 83/83/83 70/70/70
f 69/69/69 82/82/82 83/83/83
f 70/70/70 84/84/84 71/71/71
f 70/70/70 83/83/83 84/84/84
f 71/71/71 85/85/85 72/72/72
f 71/71/71 84/84/84 85/85/85
f 72/72/72 86/86/86 73/73/73
f 72/72/72 85/85/85 86/86/86
f 73/73/73 87/87/87 74/74/74
f 73/73/73 86/86/86 87/87/87
f 74/74/74 88/88/88 75/75/75
f 74/74/74 87/87/87 88/88/88
f 75/75/75 89/89/89 76/76/76
f 75/75/75 88/88/88 89/89/89
f 76/76/76 90/90/90 77/77/77
f 76/76/76 89/89/89 90/90/90
f 77/77/77 91/91/91 78/78/78
f 77/77/77 90/90/90 91/91/91
f 79/79/79 93/93/93 80/80/80
f 79/79/79 92/92/92 93/93/93
f 80/80/80 94/94/94 81/81/81
f 80/80/80 93/93/93 94/94/94
f 81/81/81 95/95/95 82/82/82
f 81/81/81 94/94/94 95/95/95
f 82/82/82 96/96/96 83/83/83
f 82/82/82 95/95/95 96/96/96
f 83/83/83 97/97/97 84/84/84
f 83/83/83 96/96/96 97/97/97
f 84/84/84 98/98/98 85/85/85
f 84/84/84 97/97/97 98/98/98
f 85/85/85 99/99/99 86/86/86
f 85/85/85 98/98/98 99/99/99
f 86/86/86 100/100/100 87/87/87
f 86/86/86 99/99/99 100/100/100
f 87/87/87 101/101/101 88/88/88
f 87/87/87 100/100/100 101/101/101
f 88/88/88 102/102/102 89/89/89
f 88/88/88 101/101/101 102/102/102
f 89/89/89 103/103/103 90/90/90
f 89/89/89 102/102/102 103/103/103
f 90/90/90 104/104/104 91/91/91
f 90/90/90 103/103/103 104/104/104
f 92/92/92 106/106/106 93/93/93
f 92/92/92 105/105/105 106/106/106
f 93/93/93 107/107/107 94/94/94
f 93/93/93 106/106/106 107/107/107
f 94/94/94 108/108/108 95/95/95
f 94/94/94 107/107/107 108/108/108
f 95/95/95 109/109/109 96/96/96
f 95/95/95 108/108/108 109/109/109
f 96/96/96 110/110/110 97/97/97
f 96/96/96 109/109/109 110/110/110
f 97/97/97 111/111/111 98/98/98
f 97/97/97 110/110/110 111/111/111
f 98/98/98 112/112/112 99/99/99
f 98/98/98 111/111/111 112/112/112
f 99/99/99 113/113/113 100/100/100
f 99/99/99 112/112/112 113/113/113
f 100/100/100 114/114/114 101/101/101
f 100/100/100 113/113/113 114/114/114
f 101/101/101 115/115/115 102/102/102
f 101/101/101 114/114/114 115/115/115
f 102/102/102 116/116/116 103/103/103
f 102/102/102 115/115/115 116/116/116
f 103/103/103 117/117/117 104/104/104
f 103/103/103 116/116/116 117/117/117
f 105/105/105 119/119/119 106/106/106
f 105/105/105 118/118/118 119/119/119
f 106/106/106 120/120/120 107/107/107
f 106/106/106 119/119/119 120/120/120
f 107/107/107 121/121/121 108/108/108
f 107/107/107 120/120/120 121/121/121
f 108/108/108 122/122/122 109/109/109
f 108/108/108 121/121/121 122/122/122
f 109/109/109 123/123/123 110/110/110
f 109/109/109 122/122/122 123/123/123
f 110/110/110 124/124/124 111/111/111
f 110/110/110 123/123/123 124/124/124
f 111/111/111 125/125/125 112/112/112
f 111/111/111 124/124/124 125/125/125
f 112/112/112 126/126/126 113/113/113
f 112/112/112 125/125/125 126/126/126
f 113/113/113 127/127/127 114/114/114
f 113/113/113 126/126/126 127/127/127
f 114/114/114 128/128/128 115/115/115
f 114/114/114 127/127/127 128/128/128
f 115/115/115 129/129/129 116/116/116
f 115/115/115 128/128/128 129/129/129
f 116/116/116 130/130/130 117/117/117
f 116/116/116 129/129/129 130/130/130
f 118/118/118 132/132/132 119/119/119
f 118/118/118 131/131/131 132/132/132
f 119/119/119 133/133/133 120/120/120
f 119/119/119 132/132/132 133/133/133
f 120/120/120 134/134/134 121/121/121
f 120/120/120 133/133/133 134/134/134
f 121/121/121 135/135/135 122/122/122
f 121/121/121 134/134/134 135/135/135
f 122/122/122 136/136/136 123/123/123
f 122/122/122 135/135/135 136/136/136
f 123/123/123 137/137/137 124/124/124
f 123/123/123 136/136/136 137/137/137
f 124/124/124 138/138/138 125/125/125
f 124/124/124 137/137/137 138/138/138
f 125/125/125 139/139/139 126/126/126
f 125/125/125 138/138/138 139/139/139
f 126/126/126 140/140/140 127/127/127
f 126/126/126 139/139/139 140/140/140
f 127/127/127 141/141/141 128/128/128
f 127/127/127 140/140/140 141/141/141
f 128/128/128 142/142/142 129/129/129
f 128/128/128 141/141/141 142/142/142
f 129/129/129 143/143/143 130/130/130
f 129/129/129 142/142/142 143/143/143
f 131/131/131 145/145/145 132/132/132
f 131/131/131 144/144/144 145/145/145
f 132/132/132 146/146/146 133/133/133
f 132/132/132 145/145/145 146/146/146
f 133/133/133 147/147/147 134/134/134
f 133/133/133 146/146/146 147/147/147
f 134/134/134 148/148/148 135/135/135
f 134/134/134 147/147/147 148/148/148
f 135/135/135 149/149/149 136/136/136
f 135/135/135 148/148/148 149/149/149
f 136/136/136 150/150/150 137/137/137
f 136/136/136 149/149/149 150/150/150
f 137/137/137 151/151/151 138/138/138
f 137/137/137 150/150/150 151/151/151
f 138/138/138 152/152/152 139/139/139
f 138/138/138 151/151/151 152/152/152
f 139/139/139 153/153/153 140/140/140
f 139/139/139 152/152/152 153/153/153
f 140/140/140 154/154/154 141/141/141
f 140/140/140 153/153/153 154/154/154
f 141/141/141 155/155/155 142/142/142
f 141/141/141 154/154/154 155/155/155
f 142/142/142 156/156/156 143/143/143
f 142/142/142 155/155/155 156/156/156
f 144/144/144 158/158/158 145/145/145
f 144/144/144 157/157/157 158/158/158
f 145/145/145 159/159/159 146/146/146
f 145/145/145 158/158/158 159/159/159
f 146/146/146 160/160/160 147/147/147
f 146/146/146 159/159/159 160/160/160
f 147/147/147 161/161/161 148/148/148
f 147/147/147 160/160/160 161/161/161
f 148/148/148 162/162/162 149/149/149
f 148/148/148 161/161/161 162/162/162
f 149/149/149 163/163/163 150/150/150
f 149/149/149 162/162/162 163/163/163
f 150/150/150 164/164/164 151/151/151
f 150/150/150 163/163/163 164/164/164
f 151/151/151 165/165/165 152/152/152
f 151/151/151 164/164/164 165/165/165
f 152/152/152 166/166/166 153/153/153
f 152/152/152 165/165/165 166/166/166
f 153/153/153 167/167/167 154/154/154
f 153/153/153 166/166/166 167/167/167
f 154/154/154 168/168/168 155/155/155
f 154/154/154 167/167/167 168/168/168
f 155/155/155 169/169/169 156/156/156
f 155/155/155 168/168/168 169/169/169
f 170/170/170 184/184/184 171/171/171
f 170/170/170 183/183/183 184/184/184
f 171/171/171 185/185/185 172/172/172
f 171/171/171 184/184/184 185/185/185
f 172/172/172 186/186/186 173/173/173
f 172/172/172 185/185/185 186/186/186
f 173/173/173 187/187/187 174/174/174
f 173/173/173 186/186/186 187/187/187
f 174/174/174 188/188/188 175/175/175
f 174/174/174 187/187/187 188/188/188
f 175/175/175 189/189/189 176/176/176
f 175/175/175 188/188/188 189/189/189
f 176/176/176 190/190/190 177/177/177
f 176/176/176 189/189/189 190/190/190
f 177/177/177 191/191/191 178/178/178
f 177/177/177 190/190/190 191/191/191
f 178/178/178 192/192/192 179/179/179
f 178/178/178 191/191/191 192/192/192
f 179/179/179 193/193/193 180/180/180
f 179/179/179 192/192/192 193/193/193
f 180/180/180 194/194/194 181/181/181
f 180/180/180 193/193/193 194/194/194
f 181/181/181 195/195/195 182/182/182
f 181/181/181 194/194/194 195/195/195
f 183/183/183 197/197/197 184/184/184
f 183/183/183 196/196/196 197/197/197
f 184/184/184 198/198/198 185/185/185
f 184/184/184 197/197/197 198/198/198
f 185/185/185 199/199/199 186/186/186
f 185/185/185 198/198/198 199/199/199
f 186/186/186 200/200/200 187/187/187
f 186/186/186 199/199/199 200/200/200
f 187/187/187 201/201/201 188/188/188
f 187/187/187 200/200/200 201/201/201
f 188/188/188 202/202/202 189/189/189
f 188/188/188 201/201/201 202/202/202
f 189/189/189 203/203/203 190/190/190
f 189/189/189 202/202/202 203/203/203
f 190/190/190 204/204/204 191/191/191
f 190/190/190 203/203/203 204/204/204
f 191/191/191 205/205/205 192/192/192
f 191/191/191 204/204/204 205/205/205
f 192/192/192 206/206/206 193/193/193
f 192/192/192 205/205/205 206/206/206
f 193/193/193 207/207/207 194/194/194
f 193/193/193 206/206/206 207/207/207
f 194/194/194 208/208/208 195/195/195
f 194/194/194 207/207/207 208/208/208
f 196/196/196 210/210/210 197/197/197
f 196/196/196 209/209/209 210/210/210
f 197/197/197 211/211/211 198/198/198
f 197/197/197 210/210/210 211/211/211
f 198/198/198 212/212/212 199/199/199
f 198/198/198 211/211/211 212/212/212
f 199/199/199 213/213/213 200/200/200
f 199/199/199 212/212/212 213/213/213
f 200/200/200 214/214/214 201/201/201
f 200/200/200 213/213/213 214/214/214
f 201/201/201 215/215/215 202/202/202
f 201/201/201 214/214/214 215/215/215
f 202/202/202 216/216/216 203/203/203
f 202/202/202 215/215/215 216/216/216
f 203/203/203 217/217/217 204/204/204
f 203/203/203 216/216/216 217/217/217
f 204/204/204 218/218/218 205/205/205
f 204/204/204 217/217/217 218/218/218
f 205/205/205 219/219/219 206/206/206
f 205/205/205 218/218/218 219/219/219
f 206/206/206 220/220/220 207/207/207
f 206/206/206 219/219/219 220/220/220
f 207/207/207 221/221/221 208/208/208
f 207/207/207 220/220/220 221/221/221
f 209/209/209 223/223/223 210/210/210
f 209/209/209 222/222/222 223/223/223
f 210/210/210 224/224/224 211/211/211
f 210/210/210 223/223/223 224/224/224
f 211/211/211 225/225/225 212/212/212
f 211/211/211 224/224/224 225/225/225
f 212/212/212 226/226/226 213/213/213
f 212/212/212 225/225/225 226/226/226
f 213/213/213 227/227/227 214/214/214
f 213/213/213 226/226/226 227/227/227
f 214/214/214 228/228/228 215/215/215
f 214/214/214 227/227/227 228/228/228
f 215/215/215 229/229/229 216/216/216
f 215/215/215 228/228/228 229/229/229
f 216/216/216 230/230/230 217/217/217
f 216/216/216 229/229/229 230/230/230
f 217/217/217 231/231/231 218/218/218
f 217/217/217 230/230/230 231/231/231
f 218/218/218 232/232/232 219/219/219
f 218/218/218 231/231/231 232/232/232
f 219/219/219 233/233/233 220/220/220
f 219/219/219 232/232/232 233/233/233
f 220/220/220 234/234/234 221/221/221
f 220/220/220 233/233/233 234/234/234
f 222/222/222 236/236/236 223/223/223
f 222/222/222 235/235/235 236/236/236
f 223/223/223 237/237/237 224/224/224
f 223/223/223 236/236/236 237/237/237
f 224/224/224 238/238/238 225/225/225
f 224/224/224 237/237/237 238/238/238
f 225/225/225 239/239/239 226/226/226
f 225/225/225 238/238/238 239/239/239
f 226/226/226 240/240/240 227/227/227
f 226/226/226 239/239/239 240/240/240
f 227/227/227 241/241/241 228/228/228
f 227/227/227 240/240/240 241/241/241
f 228/228/228 242/242/242 229/229/229
f 228/228/228 241/241/241 242/242/242
f 229/229/229 243/243/243 230/230/230
f 229/229/229 242/242/242 243/243/243
f 230/230/230 244/244/244 231/231/231
f 230/230/230 243/243/243 244/244/244
f 231/231/231 245/245/245 232/232/232
f 231/231/231 244/244/244 245/245/245
f 232/232/232 246/246/246 233/233/233
f 232/232/232 245/245/245 246/246/246
f 233/233/233 247/247/247 234/234/234
f 233/233/233 246/246/246 247/247/247
f 235/235/235 249/249/249 236/236/236
f 235/235/235 248/248/248 249/249/249
f 236/236/236 250/250/250 237/237/237
f 236/236/236 249/249/249 250/250/250
f 237/237/237 251/251/251 238/238/238
f 237/237/237 250/250/250 251/251/251
f 238/238/238 252/252/252 239/239/239
f 238/238/238 251/251/251 252/252/252
f 239/239/239 253/253/253 240/240/240
f 239/239/239 252/252/252 253/253/253
f 240/240/240 254/254/254 241/241/241
f 240/240/240 253/253/253 254/254/254
f 241/241/241 255/255/255 242/242/242
f 241/241/241 254/254/254 255/255/255
f 242/242/242 256/256/256 243/243/243
f 242/242/242 255/255/255 256/256/256
f 243/243/243 257/257/257 244/244/244
f 243/243/243 256/256/256 257/257/257
f 244/244/244 258/258/258 245/245/245
f 244/244/244 257/257/257 258/258/258
f 245/245/245 259/259/259 246/246/246
f 245/245/245 258/258/258 259/259/259
f 246/246/246 260/260/260 247/247/247
f 246/246/246 259/259/259 260/260/260
f 248/248/248 262/262/262 249/249/249
f 248/248/248 261/261/261 262/262/262
f 249/249/249 263/263/263 250/250/250
f 249/249/249 262/262/262 263/263/263
f 250/250/250 264/264/264 251/251/251
f 250/250/250 263/263/263 264/264/264
f 251/251/251 265/265/265 252/252/252
f 251/251/251 264/264/264 265/265/265
f 252/252/252 266/266/266 253/253/253
f 252/252/252 265/265/265 266/266/266
f 253/253/253 267/267/267 254/254/254
f 253/253/253 266/266/266 267/267/267
f 254/254/254 268/268/268 255/255/255
f 254/254/254 267/267/267 268/268/268
f 255/255/255 269/269/269 256/256/256
f 255/255/255 268/268/268 269/269/269
f 256/256/256 270/270/270 257/257/257
f 256/256/256 269/269/269 270/270/270
f 257/257/257 271/271/271 258/258/258
f 257/257/257 270/270/270 271/271/271
f 258/258/258 272/272/272 259/259/259
f 258/258/258 271/271/271 272/272/272
f 259/259/259 273/273/273 260/260/260
f 259/259/259 272/272/272 273/273/273
f 261/261/261 275/275/275 262/262/262
f 261/261/261 274/274/274 275/275/275
f 262/262/262 276/276/276 263/263/263
f 262/262/262 275/275/275 276/276/276
f 263/263/263 277/277/277 264/264/264
f 263/263/263 276/276/276 277/277/277
f 264/264/264 278/278/278 265/265/265
f 264/264/264 277/277/277 278/278/278
f 265/265/265 279/279/279 266/266/266
f 265/265/265 278/278/278 279/279/279
f 266/266/266 280/280/280 267/267/267
f 266/266/266 279/279/279 280/280/280
f 267/267/267 281/281/281 268/268/268
f 267/267/267 280/280/280 281/281/281
f 268/268/268 282/282/282 269/269/269
f 268/268/268 281/281/281 282/282/282
f 269/269/269 283/283/283 270/270/270
f 269/269/269 282/282/282 283/283/283
f 270/270/270 284/284/284 271/271/271
f 270/270/270 283/283/283 284/284/284
f 271/271/271 285/285/285 272/272/272
f 271/271/271 284/284/284 285/285/285
f 272/272/272 286/286/286 273/273/273
f 272/272/272 285/285/285 286/286/286
f 274/274/274 288/288/288 275/275/275
f 274/274/274 287/287/287 288/288/288
f 275/275/275 289/289/289 276/276/276
f 275/275/275 288/288/288 289/289/289
f 276/276/276 290/290/290 277/277/277
f 276/276/276 289/289/289 290/290/290
f 277/277/277 291/291/291 278/278/278
f 277/277/277 290/290/290 291/291/291
f 278/278/278 292/292/292 279/279/279
f 278/278/278 291/291/291 292/292/292
f 279/279/279 293/293/293 280/280/280
f 279/279/279 292/292/292 293/293/293
f 280/280/280 294/294/294 281/281/281
f 280/280/280 293/293/293 294/294/294
f 281/281/281 295/295/295 282/282/282
f 281/281/281 294/294/294 295/295/295
f 282/282/282 296/296/296 283/283/283
f 282/282/282 295/295/295 296/296/296
f 283/283/283 297/297/297 284/284/284
f 283/283/283 296/296/296 297/297/297
f 284/284/284 298/298/298 285/285/285
f 284/284/284 297/297/297 298/298/298
f 285/285/285 299/299/299 286/286/286
f 285/285/285 298/298/298 299/299/299
f 287/287/287 301/301/301 288/288/288
f 287/287/287 300/300/300 301/301/301
f 288/288/288 302/302/302 289/289/289
f 288/288/288 301/301/301 302/302/302
f 289/289/289 303/303/303 290/290/290
f 289/289/289 302/302/302 303/303/303
f 290/290/290 304/304/304 291/291/291
f 290/290/290 303/303/303 304/304/304
f 291/291/291 305/305/305 292/292/292
f 291/291/291 304/304/304 305/305/305
f 292/292/292 306/306/306 293/293/293
f 292/292/292 305/305/305 306/306/306
f 293/293/293 307/307/307 294/294/294
f 293/293/293 306/306/306 307/307/307
f 294/294/294 308/308/308 295/295/295
f 294/294/294 307/307/307 308/308/308
f 295/295/295 309/309/309 296/296/296
f 295/295/295 308/308/308 309/309/309
f 296/296/296 310/310/310 297/297/297
f 296/296/296 309/309/309 310/310/310
f 297/297/297 311/311/311 298/298/298
f 297/297/297 310/310/310 311/311/311
f 298/298/298 312/312/312 299/299/299
f 298/298/298 311/311/311 312/312/312
f 300/300/300 314/314/314 301/301/301
f 300/300/300 313/313/313 314/314/314
f 301/301/301 315/315/315 302/302/302
f 301/301/301 314/314/314 315/315/315
f 302/302/302 316/316/316 303/303/303
f 302/302/302 315/315/315 316/316/316
f 303/303/303 317/317/317 304/304/304
f 303/303/303 316/316/316 317/317/317
f 304/304/304 318/318/318 305/305/305
f 304/304/304 317/317/317 318/318/318
f 305/305/305 319/319/319 306/306/306
f 305/305/305 318/318/318 319/319/319
f 306/306/306 320/320/320 307/307/307
f 306/306/306 319/319/319 320/320/320
f 307/307/307 321/321/321 308/308/308
f 307/307/307 320/320/320 321/321/321
f 308/308/308 322/322/322 309/309/309
f 308/308/308 321/321/321 322/322/322
f 309/309/309 323/323/323 310/310/310
f 309/309/309 322/322/322 323/323/323
f 310/310/310 324/324/324 311/311/311
f 310/310/310 323/323/323 324/324/324
f 311/311/311 325/325/325 312/312/312
f 311/311/311 324/324/324 325/325/325
f 313/313/313 327/327/327 314/314/314
f 313/313/313 326/326/326 327/327/327
f 314/314/314 328/328/328 315/315/315
f 314/314/314 327/327/327 328/328/328
f 315/315/315 329/329/329 316/316/316
f 315/315/315 328/328/328 329/329/329
f 316/316/316 330/330/330 317/317/317
f 316/316/316 329/329/329 330/330/330
f 317/317/317 331/331/331 318/318/318
f 317/317/317 330/330/330 331/331/331
f 318/318/318 332/332/332 319/319/319
f 318/318/318 331/331/331 332/332/332
f 319/319/319 333/333/333 320/320/320
f 319/319/319 332/332/332 333/333/333
f 320/320/320 334/334/334 321/321/321
f 320/320/320 333/333/333 334/334/334
f 321/321/321 335/335/335 322/322/322
f 321/321/321 334/334/334 335/335/335
f 322/322/322 336/336/336 323/323/323
f 322/322/322 335/335/335 336/336/336
f 323/323/323 337/337/337 324/324/324
f 323/323/323 336/336/336 337/337/337
f 324/324/324 338/338/338 325/325/325
f 324/324/324 337/337/337 338/338/338
f 339/339/339 353/353/353 340/340/340
f 339/339/339 352/352/352 353/353/353
f 340/340/340 354/354/354 341/341/341
f 340/340/340 353/353/353 354/354/354
f 341/341/341 355/355/355 342/342/342
f 341/341/341 354/354/354 355/355/355
f 342/342/342 356/356/356 343/343/343
f 342/342/342 355/355/355 356/356/356
f 343/343/343 357/357/357 344/344/344
f 343/343/343 356/356/356 357/357/357
f 344/344/344 358/358/358 345/345/345
f 344/344/344 357/357/357 358/358/358
f 345/345/345 359/359/359 346/346/346
f 345/345/345 358/358/358 359/359/359
f 346/346/346 360/360/360 347/347/347
f 346/346/346 359/359/359 360/360/360
f 347/347/347 361/361/361 348/348/348
f 347/347/347 360/360/360 361/361/361
f 348/348/348 362/362/362 349/349/349
f 348/348/348 361/361/361 362/362/362
f 349/349/349 363/363/363 350/350/350
f 349/349/349 362/362/362 363/363/363
f 350/350/350 364/364/364 351/351/351
f 350/350/350 363/363/363 364/364/364
f 352/352/352 366/366/366 353/353/353
f 352/352/352 365/365/365 366/366/366
f 353/353/353 367/367/367 354/354/354
f 353/353/353 366/366/366 367/367/367
f 354/354/354 368/368/368 355/355/355
f 354/354/354 367/367/367 368/368/368
f 355/355/355 369/369/369 356/356/356
f 355/355/355 368/368/368 369/369/369
f 356/356/356 370/370/370 357/357/357
f 356/356/356 369/369/369 370/370/370
f 357/357/357 371/371/371 358/358/358
f 357/357/357 370/370/370 371/371/371
f 358/358/358 372/372/372 359/359/359
f 358/358/358 371/371/371 372/372/372
f 359/359/359 373/373/373 360/360/360
f 359/359/359 372/372/372 373/373/373
f 360/360/360 374/374/374 361/361/361
f 360/360/360 373/373/373 374/374/374
f 361/361/361 375/375/375 362/362/362
f 361/361/361 374/374/374 375/375/375
f 362/362/362 376/376/376 363/363/363
f 362/362/362 375/375/375 376/376/376
f 363/363/363 377/377/377 364/364/364
f 363/363/363 376/376/376 377/377/377
f 365/365/365 379/379/379 366/366/366
f 365/365/365 378/378/378 379/379/379
f 366/366/366 380/380/380 367/367/367
f 366/366/366 379/379/379 380/380/380
f 367/367/367 381/381/381 368/368/368
f 367/367/367 380/380/380 381/381/381
f 368/368/368 382/382/382 369/369/369
f 368/368/368 381/381/381 382/382/382
f 369/369/369 383/383/383 370/370/370
f 369/369/369 382/382/382 383/383/383
f 370/370/370 384/384/384 371/371/371
f 370/370/370 383/383/383 384/384/384
f 371/371/371 385/385/385 372/372/372
f 371/371/371 384/384/384 385/385/385
f 372/372/372 386/386/386 373/373/373
f 372/372/372 385/385/385 386/386/386
f 373/373/373 387/387/387 374/374/374
f 373/373/373 386/386/386 387/387/387
f 374/374/374 388/388/388 375/375/375
f 374/374/374 387/387/387 388/388/388
f 375/375/375 389/389/389 376/376/376
f 375/375/375 388/388/388 389/389/389
f 376/376/376 390/390/390 377/377/377
f 376/376/376 389/389/389 390/390/390
f 378/378/378 392/392/392 379/379/379
f 378/378/378 391/391/391 392/392/392
f 379/379/379 393/393/393 380/380/380
f 379/379/379 392/392/392 393/393/393
f 380/380/380 394/394/394 381/381/381
f 380/380/380 393/393/393 394/394/394
f 381/381/381 395/395/395 382/382/382
f 381/381/381 394/394/394 395/395/395
f 382/382/382 396/396/396 383/383/383
f 382/382/382 395/395/395 396/396/396
f 383/383/383 397/397/397 384/384/384
f 383/383/383 396/396/396 397/397/397
f 384/384/384 398/398/398 385/385/385
f 384/384/384 397/397/397 398/398/398
f 385/385/385 399/399/399 386/386/386
f 385/385/385 398/398/398 399/399/399
f 386/386/386 400/400/400 387/387/387
f 386/386/386 399/399/399 400/400/400
f 387/387/387 401/401/401 388/388/388
f 387/387/387 400/400/400 401/401/401
f 388/388/388 402/402/402 389/389/389
f 388/388/388 401/401/401 402/402/402
f 389/389/389 403/403/403 390/390/390
f 389/389/389 402/402/402 403/403/403
f 391/391/391 405/405/405 392/392/392
f 391/391/391 404/404/404 405/405/405
f 392/392/392 406/406/406 393/393/393
f 392/392/392 405/405/405 406/406/406
f 393/393/393 407/407/407 394/394/394
f 393/393/393 406/406/406 407/407/407
f 394/394/394 408/408/408 395/395/395
f 394/394/394 407/407/407 408/408/408
f 395/395/395 409/409/409 396/396/396
f 395/395/395 408/408/408 409/409/409
f 396/396/396 410/410/410 397/397/397
f 396/396/396 409/409/409 410/410/410
f 397/397/397 411/411/411 398/398/398
f 397/397/397 410/410/410 411/411/411
f 398/398/398 412/412/412 399/399/399
f 398/398/398 411/411/411 412/412/412
f 399/399/399 413/413/413 400/400/400
f 399/399/399 412/412/412 413/413/413
f 400/400/400 414/414/414 401/401/401
f 400/400/400 413/413/413 414/414/414
f 401/401/401 415/415/415 402/402/402
f 401/401/401 414/414/414 415/415/415
f 402/402/402 416/416/416 403/403/403
f 402/402/402 415/415/415 416/416/416
f 404/404/404 418/418/418 405/405/405
f 404/404/404 417/417/417 418/418/418
f 405/405/405 419/419/419 406/406/406
f 405/405/405 418/418/418 419/419/419
f 406/406/406 420/420/420 407/407/407
f 406/406/406 419/419/419 420/420/420
f 407/407/407 421/421/421 408/408/408
f 407/407/407 420/420/420 421/421/421
f 408/408/408 422/422/422 409/409/409
f 408/408/408 421/421/421 422/422/422
f 409/409/409 423/423/423 410/410/410
f 409/409/409 422/422/422 423/423/423
f 410/410/410 424/424/424 411/411/411
f 410/410/410 423/423/423 424/424/424
f 411/411/411 425/425/425 412/412/412
f 411/411/411 424/424/424 425/425/425
f 412/412/412 426/426/426 413/413/413
f 412/412/412 425/425/425 426/426/426
f 413/413/413 427/427/427 414/414/414
f 413/413/413 426/426/426 427/427/427
f 414/414/414 428/428/428 415/415/415
f 414/414/414 427/427/427 428/428/428
f 415/415/415 429/429/429 416/416/416
f 415/415/415 428/428/428 429/429/429
f 417/417/417 431/431/431 418/418/418
f 417/417/417 430/430/430 431/431/431
f 418/418/418 432/432/432 419/419/419
f 418/418/418 431/431/431 432/432/432
f 419/419/419 433/433/433 420/420/420
f 419/419/419 432/432/432 433/433/433
f 420/420/420 434/434/434 421/421/421
f 420/420/420 433/433/433 434/434/434
f 421/421/421 435/435/435 422/422/422
f 421/421/421 434/434/434 435/435/435
f 422/422/422 436/436/436 423/423/423
f 422/422/422 435/435/435 436/436/436
f 423/423/423 437/437/437 424/424/424
f 423/423/423 436/436/436 437/437/437
f 424/424/424 438/438/438 425/425/425
f 424/424/424 437/437/437 438/438/438
f 425/425/425 439/439/439 426/426/426
f 425/425/425 438/438/438 439/439/439
f 426/426/426 440/440/440 427/427/427
f 426/426/426 439/439/439 440/440/440
f 427/427/427 441/441/441 428/428/428
f 427/427/427 440/440/440 441/441/441
f 428/428/428 442/442/442 429/429/429
f 428/428/428 441/441/441 442/442/442
f 430/430/430 444/444/444 431/431/431
f 430/430/430 443/443/443 444/444/444
f 431/431/431 445/445/445 432/432/432
f 431/431/431 444/444/444 445/445/445
f 432/432/432 446/446/446 433/433/433
f 432/432/432 445/445/445 446/446/446
f 433/433/433 447/447/447 434/434/434
f 433/433/433 446/446/446 447/447/447
f 434/434/434 448/448/448 435/435/435
f 434/434/434 447/447/447 448/448/448
f 435/435/435 449/449/449 436/436/436
f 435/435/435 448/448/448 449/449/449
f 436/436/436 450/450/450 437/437/437
f 436/436/436 449/449/449 450/450/450
f 437/437/437 451/451/451 438/438/438
f 437/437/437 450/450/450 451/451/451
f 438/438/438 452/452/452 439/439/439
f 438/438/438 451/451/451 452/452/452
f 439/439/439 453/453/453 440/440/440
f 439/439/439 452/452/452 453/453/453
f 440/440/440 454/454/454 441/441/441
f 440/440/440 453/453/453 454/454/454
f 441/441/441 455/455/455 442/442/442
f 441/441/441 454/454/454 455/455/455
f 443/443/443 457/457/457 444/444/444
f 443/443/443 456/456/456 457/457/457
f 444/444/444 458/458/458 445/445/445
f 444/444/444 457/457/457 458/458/458
f 445/445/445 459/459/459 446/446/446
f 445/445/445 458/458/458 459/459/459
f 446/446/446 460/460/460 447/447/447
f 446/446/446 459/459/459 460/460/460
f 447/447/447 461/461/461 448/448/448
f 447/447/447 460/460/460 461/461/461
f 448/448/448 462/462/462 449/449/449
f 448/448/448 461/461/461 462/462/462
f 449/449/449 463/463/463 450/450/450
f 449/449/449 462/462/462 463/463/463
f 450/450/450 464/464/464 451/451/451
f 450/450/450 463/463/463 464/464/464
f 451/451/451 465/465/465 452/452/452
f 451/451/451 464/464/464 465/465/465
f 452/452/452 466/466/466 453/453/453
f 452/452/452 465/465/465 466/466/466
f 453/453/453 467/467/467 454/454/454
f 453/453/453 466/466/466 467/467/467
f 454/454/454 468/468/468 455/455/455
f 454/454/454 467/467/467 468/468/468
f 456/456/456 470/470/470 457/457/457
f 456/456/456 469/469/469 470/470/470
f 457/457/457 471/471/471 458/458/458
f 457/457/457 470/470/470 471/471/471
f 458/458/458 472/472/472 459/459/459
f 458/458/458 471/471/471 472/472/472
f 459/459/459 473/473/473 460/460/460
f 459/459/459 472/472/472 473/473/473
f 460/460/460 474/474/474 461/461/461
f 460/460/460 473/473/473 474/474/474
f 461/461/461 475/475/475 462/462/462
f 461/461/461 474/474/474 475/475/475
f 462/462/462 476/476/476 463/463/463
f 462/462/462 475/475/475 476/476/476
f 463/463/463 477/477/477 464/464/464
f 463/463/463 476/476/476 477/477/477
f 464/464/464 478/478/478 465/465/465
f 464/464/464 477/477/477 478/478/478
f 465/465/465 479/479/479 466/466/466
f 465/465/465 478/478/478 479/479/479
f 466/466/466 480/480/480 467/467/467
f 466/466/466 479/479/479 480/480/480
f 467/467/467 481/481/481 468/468/468
f 467/467/467 480/480/480 481/481/481
f 469/469/469 483/483/483 470/470/470
f 469/469/469 482/482/482 483/483/483
f 470/470/470 484/484/484 471/471/471
f 470/470/470 483/483/483 484/484/484
f 471/471/471 485/485/485 472/472/472
f 471/471/471 484/484/484 485/485/485
f 472/472/472 486/486/486 473/473/473
f 472/472/472 485/485/485 486/486/486
f 473/473/473 487/487/487 474/474/474
f 473/473/473 486/486/486 487/487/487
f 474/474/474 488/488/488 475/475/475
f 474/474/474 487/487/487 488/488/488
f 475/475/475 489/489/489 476/476/476
f 475/475/475 488/488/488 489/489/489
f 476/476/476 490/490/490 477/477/477
f 476/476/476 489/489/489 490/490/490
f 477/477/477 491/491/491 478/478/478
f 477/477/477 490/490/490 491/491/491
f 478/478/478 492/492/492 479/479/479
f 478/478/478 491/491/491 492/492/492
f 479/479/479 493/493/493 480/480/480
f 479/479/479 492/492/492 493/493/493
f 480/480/480 494/494/494 481/481/481
f 480/480/480 493/493/493 494/494/494
f 482/482/482 496/496/496 483/483/483
f 482/482/482 495/495/495 496/496/496
f 483/483/483 497/497/497 484/484/484
f 483/483/483 496/496/496 497/497/497
f 484/484/484 498/498/498 485/485/485
f 484/484/484 497/497/497 498/498/498
f 485/485/485 499/499/499 486/486/486
f 485/485/485 498/498/498 499/499/499
f 486/486/486 500/500/500 487/487/487
f 486/486/486 499/499/499 500/500/500
f 487/487/487 501/501/501 488/488/488
f 487/487/487 500/500/500 501/501/501
f 488/488/488 502/502/502 489/489/489
f 488/488/488 501/501/501 502/502/502
f 489/489/489 503/503/503 490/490/490
f 489/489/489 502/502/502 503/503/503
f 490/490/490 504/504/504 491/491/491
f 490/490/490 503/503/503 504/504/504
f 491/491/491 505/505/505 492/492/492
f 491/491/491 504/504/504 505/505/505
f 492/492/492 506/506/506 493/493/493
f 492/492/492 505/505/505 506/506/506
f 493/493/493 507/507/507 494/494/494
f 493/493/493 506/506/506 507/507/507
f 508/508/508 522/522/522 509/509/509
f 508/508/508 521/521/521 522/522/522
f 509/509/509 523/523/523 510/510/510
f 509/509/509 522/522/522 523/523/523
f 510/510/510 524/524/524 511/511/511
f 510/510/510 523/523/523 524/524/524
f 511/511/511 525/525/525 512/512/512
f 511/511/511 524/524/524 525/525/525
f 512/512/512 526/526/526 513/513/513
f 512/512/512 525/525/525 526/526/526
f 513/513/513 527/527/527 514/514/514
f 513/513/513 526/526/526 527/527/527
f 514/514/514 528/528/528 515/515/515
f 514/514/514 527/527/527 528/528/528
f 515/515/515 529/529/529 516/516/516
f 515/515/515 528/528/528 529/529/529
f 516/516/516 530/530/530 517/517/517
f 516/516/516 529/529/529 530/530/530
f 517/517/517 531/531/531 518/518/518
f 517/517/517 530/530/530 531/531/531
f 518/518/518 532/532/532 519/519/519
f 518/518/518 531/531/531 532/532/532
f 519/519/519 533/533/533 520/520/520
f 519/519/519 532/532/532 533/533/533
f 521/521/521 535/535/535 522/522/522
f 521/521/521 534/534/534 535/535/535
f 522/522/522 536/536/536 523/523/523
f 522/522/522 535/535/535 536/536/536
f 523/523/523 537/537/537 524/524/524
f 523/523/523 536/536/536 537/537/537
f 524/524/524 538/538/538 525/525/525
f 524/524/524 537/537/537 538/538/538
f 525/525/525 539/539/539 526/526/526
f 525/525/525 538/538/538 539/539/539
f 526/526/526 540/540/540 527/527/527
f 526/526/526 539/539/539 540/540/540
f 527/527/527 541/541/541 528/528/528
f 527/527/527 540/540/540 541/541/541
f 528/528/528 542/542/542 529/529/529
f 528/528/528 541/541/541 542/542/542
f 529/529/529 543/543/543 530/530/530
f 529/529/529 542/542/542 543/543/543
f 530/530/530 544/544/544 531/531/531
f 530/530/530 543/543/543 544/544/544
f 531/531/531 545/545/545 532/532/532
f 531/531/531 544/544/544 545/545/545
f 532/532/532 546/546/546 533/533/533
f 532/532/532 545/545/545 546/546/546
f 534/534/534 548/548/548 535/535/535
f 534/534/534 547/547/547 548/548/548
f 535/535/535 549/549/549 536/536/536
f 535/535/535 548/548/548 549/549/549
f 536/536/536 550/550/550 537/537/537
f 536/536/536 549/549/549 550/550/550
f 537/537/537 551/551/551 538/538/538
f 537/537/537 550/550/550 551/551/551
f 538/538/538 552/552/552 539/539/539
f 538/538/538 551/551/551 552/552/552
f 539/539/539 553/553/553 540/540/540
f 539/539/539 552/552/552 553/553/553
f 540/540/540 554/554/554 541/541/541
f 540/540/540 553/553/553 554/554/554
f 541/541/541 555/555/555 542/542/542
f 541/541/541 554/554/554 555/555/555
f 542/542/542 556/556/556 543/543/543
f 542/542/542 555/555/555 556/556/556
f 543/543/543 557/557/557 544/544/544
f 543/543/543 556/556/556 557/557/557
f 544/544/544 558/558/558 545/545/545
f 544/544/544 557/557/557 558/558/558
f 545/545/545 559/559/559 546/546/546
f 545/545/545 558/558/558 559/559/559
f 547/547/547 561/561/561 548/548/548
f 547/547/547 560/560/560 561/561/561
f 548/548/548 562/562/562 549/549/549
f 548/548/548 561/561/561 562/562/562
f 549/549/549 563/563/563 550/550/550
f 549/549/549 562/562/562 563/563/563
f 550/550/550 564/564/564 551/551/551
f 550/550/550 563/563/563 564/564/564
f 551/551/551 565/565/565 552/552/552
f 551/551/551 564/564/564 565/565/565
f 552/552/552 566/566/566 553/553/553
f 552/552/552 565/565/565 566/566/566
f 553/553/553 567/567/567 554/554/554
f 553/553/553 566/566/566 567/567/567
f 554/554/554 568/568/568 555/555/555
f 554/554/554 567/567/567 568/568/568
f 555/555/555 569/569/569 556/556/556
f 555/555/555 568/568/568 569/569/569
f 556/556/556 570/570/570 557/557/557
f 556/556/556 569/569/569 570/570/570
f 557/557/557 571/571/571 558/558/558
f 557/557/557 570/570/570 571/571/571
f 558/558/558 572/572/572 559/559/559
f 558/558/558 571/571/571 572/572/572
f 560/560/560 574/574/574 561/561/561
f 560/560/560 573/573/573 574/574/574
f 561/561/561 575/575/575 562/562/562
f 561/561/561 574/574/574 575/575/575
f 562/562/562 576/576/576 563/563/563
f 562/562/562 575/575/575 576/576/576
f 563/563/563 577/577/577 564/564/564
f 563/563/563 576/576/576 577/577/577
f 564/564/564 578/578/578 565/565/565
f 564/564/564 577/577/577 578/578/578
f 565/565/565 579/579/579 566/566/566
f 565/565/565 578/578/578 579/579/579
f 566/566/566 580/580/580 567/567/567
f 566/566/566 579/579/579 580/580/580
f 567/567/567 581/581/581 568/568/568
f 567/567/567 580/580/580 581/581/581
f 568/568/568 582/582/582 569/569/569
f 568/568/568 581/581/581 582/582/582
f 569/569/569 583/583/583 570/570/570
f 569/569/569 582/582/582 583/583/583
f 570/570/570 584/584/584 571/571/571
f 570/570/570 583/583/583 584/584/584
f 571/571/571 585/585/585 572/572/572
f 571/571/571 584/584/584 585/585/585
f 573/573/573 587/587/587 574/574/574
f 573/573/573 586/586/586 587/587/587
f 574/574/574 588/588/588 575/575/575
f 574/574/574 587/587/587 588/588/588
f 575/575/575 589/589/589 576/576/576
f 575/575/575 588/588/588 589/589/589
f 576/576/576 590/590/590 577/577/577
f 576/576/576 589/589/589 590/590/590
f 577/577/577 591/591/591 578/578/578
f 577/577/577 590/590/590 591/591/591
f 578/578/578 592/592/592 579/579/579
f 578/578/578 591/591/591 592/592/592
f 579/579/579 593/593/593 580/580/580
f 579/579/579 592/592/592 593/593/593
f 580/580/580 594/594/594 581/581/581
f 580/580/580 593/593/593 594/594/594
f 581/581/581 595/595/595 582/582/582
f 581/581/581 594/594/594 595/595/595
f 582/582/582 596/596/596 583/583/583
f 582/582/582 595/595/595 596/596/596
f 583/583/583 597/597/597 584/584/584
f 583/583/583 596/596/596 597/597/597
f 584/584/584 598/598/598 585/585/585
f 584/584/584 597/597/597 598/598/598
f 586/586/586 600/600/600 587/587/587
f 586/586/586 599/599/599 600/600/600
f 587/587/587 601/601/601 588/588/588
f 587/587/587 600/600/600 601/601/601
f 588/588/588 602/602/602 589/589/589
f 588/588/588 601/601/601 602/602/602
f 589/589/589 603/603/603 590/590/590
f 589/589/589 602/602/602 603/603/603
f 590/590/590 604/604/604 591/591/591
f 590/590/590 603/603/603 604/604/604
f 591/591/591 605/605/605 592/592/592
f 591/591/591 604/604/604 605/605/605
f 592/592/592 606/606/606 593/593/593
f 592/592/592 605/605/605 606/606/606
f 593/593/593 607/607/607 594/594/594
f 593/593/593 606/606/606 607/607/607
f 594/594/594 608/608/608 595/595/595
f 594/594/594 607/607/607 608/608/608
f 595/595/595 609/609/609 596/596/596
f 595/595/595 608/608/608 609/609/609
f 596/596/596 610/610/610 597/597/597
f 596/596/596 609/609/609 610/610/610
f 597/597/597 611/611/611 598/598/598
f 597/597/597 610/610/610 611/611/611
f 599/599/599 613/613/613 600/600/600
f 599/599/599 612/612/612 613/613/613
f 600/600/600 614/614/614 601/601/601
f 600/600/600 613/613/613 614/614/614
f 601/601/601 615/615/615 602/602/602
f 601/601/601 614/614/614 615/615/615
f 602/602/602 616/616/616 603/603/603
f 602/602/602 615/615/615 616/616/616
f 603/603/603 617/617/617 604/604/604
f 603/603/603 616/616/616 617/617/617
f 604/604/604 618/618/618 605/605/605
f 604/604/604 617/617/617 618/618/618
f 605/605/605 619/619/619 606/606/606
f 605/605/605 618/618/618 619/619/619
f 606/606/606 620/620/620 607/607/607
f 606/606/606 619/619/619 620/620/620
f 607/607/607 621/621/621 608/608/608
f 607/607/607 620/620/620 621/621/621
f 608/608/608 622/622/622 609/609/609
f 608/608/608 621/621/621 622/622/622
f 609/609/609 623/623/623 610/610/610
f 609/609/609 622/622/622 623/623/623
f 610/610/610 624/624/624 611/611/611
f 610/610/610 623/623/623 624/624/624
f 612/612/612 626/626/626 613/613/613
f 612/612/612 625/625/625 626/626/626
f 613/613/613 627/627/627 614/614/614
f 613/613/613 626/626/626 627/627/627
f 614/614/614 628/628/628 615/615/615
f 614/614/614 627/627/627 628/628/628
f 615/615/615 629/629/629 616/616/616
f 615/615/615 628/628/628 629/629/629
f 616/616/616 630/630/630 617/617/617
f 616/616/616 629/629/629 630/630/630
f 617/617/617 631/631/631 618/618/618
f 617/617/617 630/630/630 631/631/631
f 618/618/618 632/632/632 619/619/619
f 618/618/618 631/631/631 632/632/632
f 619/619/619 633/633/633 620/620/620
f 619/619/619 632/632/632 633/633/633
f 620/620/620 634/634/634 621/621/621
f 620/620/620 633/633/633 634/634/634
f 621/621/621 635/635/635 622/622/622
f 621/621/621 634/634/634 635/635/635
f 622/622/622 636/636/636 623/623/623
f 622/622/622 635/635/635 636/636/636
f 623/623/623 637/637/637 624/624/624
f 623/623/623 636/636/636 637/637/637
f 625/625/625 639/639/639 626/626/626
f 625/625/625 638/638/638 639/639/639
f 626/626/626 640/640/640 627/627/627
f 626/626/626 639/639/639 640/640/640
f 627/627/627 641/641/641 628/628/628
f 627/627/627 640/640/640 641/641/641
f 628/628/628 642/642/642 629/629/629
f 628/628/628 641/641/641 642/642/642
f 629/629/629 643/643/643 630/630/630
f 629/629/629 642/642/642 643/643/643
f 630/630/630 644/644/644 631/631/631
f 630/630/630 643/643/643 644/644/644
f 631/631/631 645/645/645 632/632/632
f 631/631/631 644/644/644 645/645/645
f 632/632/632 646/646/646 633/633/633
f 632/632/632 645/645/645 646/646/646
f 633/633/633 647/647/647 634/634/634
f 633/633/633 646/646/646 647/647/647
f 634/634/634 648/648/648 635/635/635
f 634/634/634 647/647/647 648/648/648
f 635/635/635 649/649/649 636/636/636
f 635/635/635 648/648/648 649/649/649
f 636/636/636 650/650/650 637/637/637
f 636/636/636 649/649/649 650/650/650
f 638/638/638 652/652/652 639/639/639
f 638/638/638 651/651/651 652/652/652
f 639/639/639 653/653/653 640/640/640
f 639/639/639 652/652/652 653/653/653
f 640/640/640 654/654/654 641/641/641
f 640/640/640 653/653/653 654/654/654
f 641/641/641 655/655/655 642/642/642
f 641/641/641 654/654/654 655/655/655
f 642/642/642 656/656/656 643/643/643
f 642/642/642 655/655/655 656/656/656
f 643/643/643 657/657/657 644/644/644
f 643/643/643 656/656/656 657/657/657
f 644/644/644 658/658/658 645/645/645
f 644/644/644 657/657/657 658/658/658
f 645/645/645 659/659/659 646/646/646
f 645/645/645 658/658/658 659/659/659
f 646/646/646 660/660/660 647/647/647
f 646/646/646 659/659/659 660/660/660
f 647/647/647 661/661/661 648/648/648
f 647/647/647 660/660/660 661/661/661
f 648/648/648 662/662/662 649/649/649
f 648/648/648 661/661/661 662/662/662
f 649/649/649 663/663/663 650/650/650
f 649/649/649 662/662/662 663/663/663
f 651/651/651 665/665/665 652/652/652
f 651/651/651 664/664/664 665/665/665
f 652/652/652 666/666/666 653/653/653
f 652/652/652 665/665/665 666/666/666
f 653/653/653 667/667/667 654/654/654
f 653/653/653 666/666/666 667/667/667
f 654/654/654 668/668/668 655/655/655
f 654/654/654 667/667/667 668/668/668
f 655/655/655 669/669/669 656/656/656
f 655/655/655 668/668/668 669/669/669
f 656/656/656 670/670/670 657/657/657
f 656/656/656 669/669/669 670/670/670
f 657/657/657 671/671/671 658/658/658
f 657/657/657 670/670/670 671/671/671
f 658/658/658 672/672/672 659/659/659
f 658/658/658 671/671/671 672/672/672
f 659/659/659 673/673/673 660/660/660
f 659/659/659 672/672/672 673/673/673
f 660/660/660 674/674/674 661/661/661
f 660/660/660 673/673/673 674/674/674
f 661/661/661 675/675/675 662/662/662
f 661/661/661 674/674/674 675/675/675
f 662/662/662 676/676/676 663/663/663
f 662/662/662 675/675/675 676/676/676
f 677/677/677 691/691/691 678/678/678
f 677/677/677 690/690/690 691/691/691
f 678/678/678 692/692/692 679/679/679
f 678/678/678 691/691/691 692/692/692
f 679/679/679 693/693/693 680/680/680
f 679/679/679 692/692/692 693/693/693
f 680/680/680 694/694/694 681/681/681
f 680/680/680 693/693/693 694/694/694
f 681/681/681 695/695/695 682/682/682
f 681/681/681 694/694/694 695/695/695
f 682/682/682 696/696/696 683/683/683
f 682/682/682 695/695/695 696/696/696
f 683/683/683 697/697/697 684/684/684
f 683/683/683 696/696/696 697/697/697
f 684/684/684 698/698/698 685/685/685
f 684/684/684 697/697/697 698/698/698
f 685/685/685 699/699/699 686/686/686
f 685/685/685 698/698/698 699/699/699
f 686/686/686 700/700/700 687/687/687
f 686/686/686 699/699/699 700/700/700
f 687/687/687 701/701/701 688/688/688
f 687/687/687 700/700/700 701/701/701
f 688/688/688 702/702/702 689/689/689
f 688/688/688 701/701/701 702/702/702
f 690/690/690 704/704/704 691/691/691
f 690/690/690 703/703/703 704/704/704
f 691/691/691 705/705/705 692/692/692
f 691/691/691 704/704/704 705/705/705
f 692/692/692 706/706/706 693/693/693
f 692/692/692 705/705/705 706/706/706
f 693/693/693 707/707/707 694/694/694
f 693/693/693 706/706/706 707/707/707
f 694/694/694 708/708/708 695/695/695
f 694/694/694 707/707/707 708/708/708
f 695/695/695 709/709/709 696/696/696
f 695/695/695 708/708/708 709/709/709
f 696/696/696 710/710/710 697/697/697
f 696/696/696 709/709/709 710/710/710
f 697/697/697 711/711/711 698/698/698
f 697/697/697 710/710/710 711/711/711
f 698/698/698 712/712/712 699/699/699
f 698/698/698 711/711/711 712/712/712
f 699/699/699 713/713/713 700/700/700
f 699/699/699 712/712/712 713/713/713
f 700/700/700 714/714/714 701/701/701
f 700/700/700 713/713/713 714/714/714
f 701/701/701 715/715/715 702/702/702
f 701/701/701 714/714/714 715/715/715
f 703/703/703 717/717/717 704/704/704
f 703/703/703 716/716/716 717/717/717
f 704/704/704 718/718/718 705/705/705
f 704/704/704 717/717/717 718/718/718
f 705/705/705 719/719/719 706/706/706
f 705/705/705 718/718/718 719/719/719
f 706/706/706 720/720/720 707/707/707
f 706/706/706 719/719/719 720/720/720
f 707/707/707 721/721/721 708/708/708
f 707/707/707 720/720/720 721/721/721
f 708/708/708 722/722/722 709/709/709
f 708/708/708 721/721/721 722/722/722
f 709/709/709 723/723/723 710/710/710
f 709/709/709 722/722/722 723/723/723
f 710/710/710 724/724/724 711/711/711
f 710/710/710 723/723/723 724/724/724
f 711/711/711 725/725/725 712/712/712
f 711/711/711 724/724/724 725/725/725
f 712/712/712 726/726/726 713/713/713
f 712/712/712 725/725/725 726/726/726
f 713/713/713 727/727/727 714/714/714
f 713/713/713 726/726/726 727/727/727
f 714/714/714 728/728/728 715/715/715
f 714/714/714 727/727/727 728/728/728
f 716/716/716 730/730/730 717/717/717
f 716/716/716 729/729/729 730/730/730
f 717/717/717 731/731/731 718/718/718
f 717/717/717 730/730/730 731/731/731
f 718/718/718 732/732/732 719/719/719
f 718/718/718 731/731/731 732/732/732
f 719/719/719 733/733/733 720/720/720
f 719/719/719 732/732/732 733/733/733
f 720/720/720 734/734/734 721/721/721
f 720/720/720 733/733/733 734/734/734
f 721/721/721 735/735/735 722/722/722
f 721/721/721 734/734/734 735/735/735
f 722/722/722 736/736/736 723/723/723
f 722/722/722 735/735/735 736/736/736
f 723/723/723 737/737/737 724/724/724
f 723/723/723 736/736/736 737/737/737
f 724/724/724 738/738/738 725/725/725
f 724/724/724 737/737/737 738/738/738
f 725/725/725 739/739/739 726/726/726
f 725/725/725 738/738/738 739/739/739
f 726/726/726 740/740/740 727/727/727
f 726/726/726 739/739/739 740/740/740
f 727/727/727 741/741/741 728/728/728
f 727/727/727 740/740/740 741/741/741
f 729/729/729 743/743/743 730/730/730
f 729/729/729 742/742/742 743/743/743
f 730/730/730 744/744/744 731/731/731
f 730/730/730 743/743/743 744/744/744
f 731/731/731 745/745/745 732/732/732
f 731/731/731 744/744/744 745/745/745
f 732/732/732 746/746/746 733/733/733
f 732/732/732 745/745/745 746/746/746
f 733/733/733 747/747/747 734/734/734
f 733/733/733 746/746/746 747/747/747
f 734/734/734 748/748/748 735/735/735
f 734/734/734 747/747/747 748/748/748
f 735/735/735 749/749/749 736/736/736
f 735/735/735 748/748/748 749/749/749
f 736/736/736 750/750/750 737/737/737
f 736/736/736 749/749/749 750/750/750
f 737/737/737 751/751/751 738/738/738
f 737/737/737 750/750/750 751/751/751
f 738/738/738 752/752/752 739/739/739
f 738/738/738 751/751/751 752/752/752
f 739/739/739 753/753/753 740/740/740
f 739/739/739 752/752/752 753/753/753
f 740/740/740 754/754/754 741/741/741
f 740/740/740 753/753/753 754/754/754
f 742/742/742 756/756/756 743/743/743
f 742/742/742 755/755/755 756/756/756
f 743/743/743 757/757/757 744/744/744
f 743/743/743 756/756/756 757/757/757
f 744/744/744 758/758/758 745/745/745
f 744/744/744 757/757/757 758/758/758
f 745/745/745 759/759/759 746/746/746
f 745/745/745 758/758/758 759/759/759
f 746/746/746 760/760/760 747/747/747
f 746/746/746 759/759/759 760/760/760
f 747/747/747 761/761/761 748/748/748
f 747/747/747 760/760/760 761/761/761
f 748/748/748 762/762/762 749/749/749
f 748/748/748 761/761/761 762/762/762
f 749/749/749 763/763/763 750/750/750
f 749/749/749 762/762/762 763/763/763
f 750/750/750 764/764/764 751/751/751
f 750/750/750 763/763/763 764/764/764
f 751/751/751 765/765/765 752/752/752
f 751/751/751 764/764/764 765/765/765
f 752/752/752 766/766/766 753/753/753
f 752/752/752 765/765/765 766/766/766
f 753/753/753 767/767/767 754/754/754
f 753/753/753 766/766/766 767/767/767
f 755/755/755 769/769/769 756/756/756
f 755/755/755 768/768/768 769/769/769
f 756/756/756 770/770/770 757/757/757
f 756/756/756 769/769/769 770/770/770
f 757/757/757 771/771/771 758/758/758
f 757/757/757 770/770/770 771/771/771
f 758/758/758 772/772/772 759/759/759
f 758/758/758 771/771/771 772/772/772
f 759/759/759 773/773/773 760/760/760
f 759/759/759 772/772/772 773/773/773
f 760/760/760 774/774/774 761/761/761
f 760/760/760 773/773/773 774/774/774
f 761/761/761 775/775/775 762/762/762
f 761/761/761 774/774/774 775/775/775
f 762/762/762 776/776/776 763/763/763
f 762/762/762 775/775/775 776/776/776
f 763/763/763 777/777/777 764/764/764
f 763/763/763 776/776/776 777/777/777
f 764/764/764 778/778/778 765/765/765
f 764/764/764 777/777/777 778/778/778
f 765/765/765 779/779/779 766/766/766
f 765/765/765 778/778/778 779/779/779
f 766/766/766 780/780/780 767/767/767
f 766/766/766 779/779/779 780/780/780
f 768/768/768 782/782/782 769/769/769
f 768/768/768 781/781/781 782/782/782
f 769/769/769 783/783/783 770/770/770
f 769/769/769 782/782/782 783/783/783
f 770/770/770 784/784/784 771/771/771
f 770/770/770 783/783/783 784/784/784
f 771/771/771 785/785/785 772/772/772
f 771/771/771 784/784/784 785/785/785
f 772/772/772 786/786/786 773/773/773
f 772/772/772 785/785/785 786/786/786
f 773/773/773 787/787/787 774/774/774
f 773/773/773 786/786/786 787/787/787
f 774/774/774 788/788/788 775/775/775
f 774/774/774 787/787/787 788/788/788
f 775/775/775 789/789/789 776/776/776
f 775/775/775 788/788/788 789/789/789
f 776/776/776 790/790/790 777/777/777
f 776/776/776 789/789/789 790/790/790
f 777/777/777 791/791/791 778/778/778
f 777/777/777 790/790/790 791/791/791
f 778/778/778 792/792/792 779/779/779
f 778/778/778 791/791/791 792/792/792
f 779/779/779 793/793/793 780/780/780
f 779/779/779 792/792/792 793/793/793
f 781/781/781 795/795/795 782/782/782
f 781/781/781 794/794/794 795/795/795
f 782/782/782 796/796/796 783/783/783
f 782/782/782 795/795/795 796/796/796
f 783/783/783 797/797/797 784/784/784
f 783/783/783 796/796/796 797/797/797
f 784/784/784 798/798/798 785/785/785
f 784/784/784 797/797/797 798/798/798
f 785/785/785 799/799/799 786/786/786
f 785/785/785 798/798/798 799/799/799
f 786/786/786 800/800/800 787/787/787
f 786/786/786 799/799/799 800/800/800
f 787/787/787 801/801/801 788/788/788
f 787/787/787 800/800/800 801/801/801
f 788/788/788 802/802/802 789/789/789
f 788/788/788 801/801/801 802/802/802
f 789/789/789 803/803/803 790/790/790
f 789/789/789 802/802/802 803/803/803
f 790/790/790 804/804/804 791/791/791
f 790/790/790 803/803/803 804/804/804
f 791/791/791 805/805/805 792/792/792
f 791/791/791 804/804/804 805/805/805
f 792/792/792 806/806/806 793/793/793
f 792/792/792 805/805/805 806/806/806
f 794/794/794 808/808/808 795/795/795
f 794/794/794 807/807/807 808/808/808
f 795/795/795 809/809/809 796/796/796
f 795/795/795 808/808/808 809/809/809
f 796/796/796 810/810/810 797/797/797
f 796/796/796 809/809/809 810/810/810
f 797/797/797 811/811/811 798/798/798
f 797/797/797 810/810/810 811/811/811
f 798/798/798 812/812/812 799/799/799
f 798/798/798 811/811/811 812/812/812
f 799/799/799 813/813/813 800/800/800
f 799/799/799 812/812/812 813/813/813
f 800/800/800 814/814/814 801/801/801
f 800/800/800 813/813/813 814/814/814
f 801/801/801 815/815/815 802/802/802
f 801/801/801 814/814/814 815/815/815
f 802/802/802 816/816/816 803/803/803
f 802/802/802 815/815/815 816/816/816
f 803/803/803 817/817/817 804/804/804
f 803/803/803 816/816/816 817/817/817
f 804/804/804 818/818/818 805/805/805
f 804/804/804 817/817/817 818/818/818
f 805/805/805 819/819/819 806/806/806
f 805/805/805 818/818/818 819/819/819
f 807/807/807 821/821/821 808/808/808
f 807/807/807 820/820/820 821/821/821
f 808/808/808 822/822/822 809/809/809
f 808/808/808 821/821/821 822/822/822
f 809/809/809 823/823/823 810/810/810
f 809/809/809 822/822/822 823/823/823
f 810/810/810 824/824/824 811/811/811
f 810/810/810 823/823/823 824/824/824
f 811/811/811 825/825/825 812/812/812
f 811/811/811 824/824/824 825/825/825
f 812/812/812 826/826/826 813/813/813
f 812/812/812 825/825/825 826/826/826
f 813/813/813 827/827/827 814/814/814
f 813/813/813 826/826/826 827/827/827
f 814/814/814 828/828/828 815/815/815
f 814/814/814 827/827/827 828/828/828
f 815/815/815 829/829/829 816/816/816
f 815/815/815 828/828/828 829/829/829
f 816/816/816 830/830/830 817/817/817
f 816/816/816 829/829/829 830/830/830
f 817/817/817 831/831/831 818/818/818
f 817/817/817 830/830/830 831/831/831
f 818/818/818 832/832/832 819/819/819
f 818/818/818 831/831/831 832/832/832
f 820/820/820 834/834/834 821/821/821
f 820/820/820 833/833/833 834/834/834
f 821/821/821 835/835/835 822/822/822
f 821/821/821 834/834/834 835/835/835
f 822/822/822 836/836/836 823/823/823
f 822/822/822 835/835/835 836/836/836
f 823/823/823 837/837/837 824/824/824
f 823/823/823 836/836/836 837/837/837
f 824/824/824 838/838/838 825/825/825
f 824/824/824 837/837/837 838/838/838
f 825/825/825 839/839/839 826/826/826
f 825/825/825 838/838/838 839/839/839
f 826/826/826 840/840/840 827/827/827
f 826/826/826 839/839/839 840/840/840
f 827/827/827 841/841/841 828/828/828
f 827/827/827 840/840/840 841/841/841
f 828/828/828 842/842/842 829/829/829
f 828/828/828 841/841/841 842/842/842
f 829/829/829 843/843/843 830/830/830
f 829/829/829 842/842/842 843/843/843
f 830/830/830 844/844/844 831/831/831
f 830/830/830 843/843/843 844/844/844
f 831/831/831 845/845/845 832/832/832
f 831/831/831 844/844/844 845/845/845
f 846/846/846 860/860/860 847/847/847
f 846/846/846 859/859/859 860/860/860
f 847/847/847 861/861/861 848/848/848
f 847/847/847 860/860/860 861/861/861
f 848/848/848 862/862/862 849/849/849
f 848/848/848 861/861/861 862/862/862
f 849/849/849 863/863/863 850/850/850
f 849/849/849 862/862/862 863/863/863
f 850/850/850 864/864/864 851/851/851
f 850/850/850 863/863/863 864/864/864
f 851/851/851 865/865/865 852/852/852
f 851/851/851 864/864/864 865/865/865
f 852/852/852 866/866/866 853/853/853
f 852/852/852 865/865/865 866/866/866
f 853/853/853 867/867/867 854/854/854
f 853/853/853 866/866/866 867/867/867
f 854/854/854 868/868/868 855/855/855
f 854/854/854 867/867/867 868/868/868
f 855/855/855 869/869/869 856/856/856
f 855/855/855 868/868/868 869/869/869
f 856/856/856 870/870/870 857/857/857
f 856/856/856 869/869/869 870/870/870
f 857/857/857 871/871/871 858/858/858
f 857/857/857 870/870/870 871/871/871
f 859/859/859 873/873/873 860/860/860
f 859/859/859 872/872/872 873/873/873
f 860/860/860 874/874/874 861/861/861
f 860/860/860 873/873/873 874/874/874
f 861/861/861 875/875/875 862/862/862
f 861/861/861 874/874/874 875/875/875
f 862/862/862 876/876/876 863/863/863
f 862/862/862 875/875/875 876/876/876
f 863/863/863 877/877/877 864/864/864
f 863/863/863 876/876/876 877/877/877
f 864/864/864 878/878/878 865/865/865
f 864/864/864 877/877/877 878/878/878
f 865/865/865 879/879/879 866/866/866
f 865/865/865 878/878/878 879/879/879
f 866/866/866 880/880/880 867/867/867
f 866/866/866 879/879/879 880/880/880
f 867/867/867 881/881/881 868/868/868
f 867/867/867 880/880/880 881/881/881
f 868/868/868 882/882/882 869/869/869
f 868/868/868 881/881/881 882/882/882
f 869/869/869 883/883/883 870/870/870
f 869/869/869 882/882/882 883/883/883
f 870/870/870 884/884/884 871/871/871
f 870/870/870 883/883/883 884/884/884
f 872/872/872 886/886/886 873/873/873
f 872/872/872 885/885/885 886/886/886
f 873/873/873 887/887/887 874/874/874
f 873/873/873 886/886/886 887/887/887
f 874/874/874 888/888/888 875/875/875
f 874/874/874 887/887/887 888/888/888
f 875/875/875 889/889/889 876/876/876
f 875/875/875 888/888/888 889/889/889
f 876/876/876 890/890/890 877/877/877
f 876/876/876 889/889/889 890/890/890
f 877/877/877 891/891/891 878/878/878
f 877/877/877 890/890/890 891/891/891
f 878/878/878 892/892/892 879/879/879
f 878/878/878 891/891/891 892/892/892
f 879/879/879 893/893/893 880/880/880
f 879/879/879 892/892/892 893/893/893
f 880/880/880 894/894/894 881/881/881
f 880/880/880 893/893/893 894/894/894
f 881/881/881 895/895/895 882/882/882
f 881/881/881 894/894/894 895/895/895
f 882/882/882 896/896/896 883/883/883
f 882/882/882 895/895/895 896/896/896
f 883/883/883 897/897/897 884/884/884
f 883/883/883 896/896/896 897/897/897
f 885/885/885 899/899/899 886/886/886
f 885/885/885 898/898/898 899/899/899
f 886/886/886 900/900/900 887/887/887
f 886/886/886 899/899/899 900/900/900
f 887/887/887 901/901/901 888/888/888
f 887/887/887 900/900/900 901/901/901
f 888/888/888 902/902/902 889/889/889
f 888/888/888 901/901/901 902/902/902
f 889/889/889 903/903/903 890/890/890
f 889/889/889 902/902/902 903/903/903
f 890/890/890 904/904/904 891/891/891
f 890/890/890 903/903/903 904/904/904
f 891/891/891 905/905/905 892/892/892
f 891/891/891 904/904/904 905/905/905
f 892/892/892 906/906/906 893/893/893
f 892/892/892 905/905/905 906/906/906
f 893/893/893 907/907/907 894/894/894
f 893/893/893 906/906/906 907/907/907
f 894/894/894 908/908/908 895/895/895
f 894/894/894 907/907/907 908/908/908
f 895/895/895 909/909/909 896/896/896
f 895/895/895 908/908/908 909/909/909
f 896/896/896 910/910/910 897/897/897
f 896/896/896 909/909/909 910/910/910
f 898/898/898 912/912/912 899/899/899
f 898/898/898 911/911/911 912/912/912
f 899/899/899 913/913/913 900/900/900
f 899/899/899 912/912/912 913/913/913
f 900/900/900 914/914/914 901/901/901
f 900/900/900 913/913/913 914/914/914
f 901/901/901 915/915/915 902/902/902
f 901/901/901 914/914/914 915/915/915
f 902/902/902 916/916/916 903/903/903
f 902/902/902 915/915/915 916/916/916
f 903/903/903 917/917/917 904/904/904
f 903/903/903 916/916/916 917/917/917
f 904/904/904 918/918/918 905/905/905
f 904/904/904 917/917/917 918/918/918
f 905/905/905 919/919/919 906/906/906
f 905/905/905 918/918/918 919/919/919
f 906/906/906 920/920/920 907/907/907
f 906/906/906 919/919/919 920/920/920
f 907/907/907 921/921/921 908/908/908
f 907/907/907 920/920/920 921/921/921
f 908/908/908 922/922/922 909/909/909
f 908/908/908 921/921/921 922/922/922
f 909/909/909 923/923/923 910/910/910
f 909/909/909 922/922/922 923/923/923
f 911/911/911 925/925/925 912/912/912
f 911/911/911 924/924/924 925/925/925
f 912/912/912 926/926/926 913/913/913
f 912/912/912 925/925/925 926/926/926
f 913/913/913 927/927/927 914/914/914
f 913/913/913 926/926/926 927/927/927
f 914/914/914 928/928/928 915/915/915
f 914/914/914 927/927/927 928/928/928
f 915/915/915 929/929/929 916/916/916
f 915/915/915 928/928/928 929/929/929
f 916/916/916 930/930/930 917/917/917
f 916/916/916 929/929/929 930/930/930
f 917/917/917 931/931/931 918/918/918
f 917/917/917 930/930/930 931/931/931
f 918/918/918 932/932/932 919/919/919
f 918/918/918 931/931/931 932/932/932
f 919/919/919 933/933/933 920/920/920
f 919/919/919 932/932/932 933/933/933
f 920/920/920 934/934/934 921/921/921
f 920/920/920 933/933/933 934/934/934
f 921/921/921 935/935/935 922/922/922
f 921/921/921 934/934/934 935/935/935
f 922/922/922 936/936/936 923/923/923
f 922/922/922 935/935/935 936/936/936
f 924/924/924 938/938/938 925/925/925
f 924/924/924 937/937/937 938/938/938
f 925/925/925 939/939/939 926/926/926
f 925/925/925 938/938/938 939/939/939
f 926/926/926 940/940/940 927/927/927
f 926/926/926 939/939/939 940/940/940
f 927/927/927 941/941/941 928/928/928
f 927/927/927 940/940/940 941/941/941
f 928/928/928 942/942/942 929/929/929
f 928/928/928 941/941/941 942/942/942
f 929/929/929 943/943/943 930/930/930
f 929/929/929 942/942/942 943/943/943
f 930/930/930 944/944/944 931/931/931
f 930/930/930 943/943/943 944/944/944
f 931/931/931 945/945/945 932/932/932
f 931/931/931 944/944/944 945/945/945
f 932/932/932 946/946/946 933/933/933
f 932/932/932 945/945/945 946/946/946
f 933/933/933 947/947/947 934/934/934
f 933/933/933 946/946/946 947/947/947
f 934/934/934 948/948/948 935/935/935
f 934/934/934 947/947/947 948/948/948
f 935/935/935 949/949/949 936/936/936
f 935/935/935 948/948/948 949/949/949
f 937/937/937 951/951/951 938/938/938
f 937/937/937 950/950/950 951/951/951
f 938/938/938 952/952/952 939/939/939
f 938/938/938 951/951/951 952/952/952
f 939/939/939 953/953/953 940/940/940
f 939/939/939 952/952/952 953/953/953
f 940/940/940 954/954/954 941/941/941
f 940/940/940 953/953/953 954/954/954
f 941/941/941 955/955/955 942/942/942
f 941/941/941 954/954/954 955/955/955
f 942/942/942 956/956/956 943/943/943
f 942/942/942 955/955/955 956/956/956
f 943/943/943 957/957/957 944/944/944
f 943/943/943 956/956/956 957/957/957
f 944/944/944 958/958/958 945/945/945
f 944/944/944 957/957/957 958/958/958
f 945/945/945 959/959/959 946/946/946
f 945/945/945 958/958/958 959/959/959
f 946/946/946 960/960/960 947/947/947
f 946/946/946 959/959/959 960/960/960
f 947/947/947 961/961/961 948/948/948
f 947/947/947 960/960/960 961/961/961
f 948/948/948 962/962/962 949/949/949
f 948/948/948 961/961/961 962/962/962
f 950/950/950 964/964/964 951/951/951
f 950/950/950 963/963/963 964/964/964
f 951/951/951 965/965/965 952/952/952
f 951/951/951 964/964/964 965/965/965
f 952/952/952 966/966/966 953/953/953
f 952/952/952 965/965/965 966/966/966
f 953/953/953 967/967/967 954/954/954
f 953/953/953 966/966/966 967/967/967
f 954/954/954 968/968/968 955/955/955
f 954/954/954 967/967/967 968/968/968
f 955/955/955 969/969/969 956/956/956
f 955/955/955 968/968/968 969/969/969
f 956/956/956 970/970/970 957/957/957
f 956/956/956 969/969/969 970/970/970
f 957/957/957 971/971/971 958/958/958
f 957/957/957 970/970/970 971/971/971
f 958/958/958 972/972/972 959/959/959
f 958/958/958 971/971/971 972/972/972
f 959/959/959 973/973/973 960/960/960
f 959/959/959 972/972/972 973/973/973
f 960/960/960 974/974/974 961/961/961
f 960/960/960 973/973/973 974/974/974
f 961/961/961 975/975/975 962/962/962
f 961/961/961 974/974/974 975/975/975
f 963/963/963 977/977/977 964/964/964
f 963/963/963 976/976/976 977/977/977
f 964/964/964 978/978/978 965/965/965
f 964/964/964 977/977/977 978/978/978
f 965/965/965 979/979/979 966/966/966
f 965/965/965 978/978/978 979/979/979
f 966/966/966 980/980/980 967/967/967
f 966/966/966 979/979/979 980/980/980
f 967/967/967 981/981/981 968/968/968
f 967/967/967 980/980/980 981/981/981
f 968/968/968 982/982/982 969/969/969
f 968/968/968 981/981/981 982/982/982
f 969/969/969 983/983/983 970/970/970
f 969/969/969 982/982/982 983/983/983
f 970/970/970 984/984/984 971/971/971
f 970/970/970 983/983/983 984/984/984
f 971/971/971 985/985/985 972/972/972
f 971/971/971 984/984/984 985/985/985
f 972/972/972 986/986/986 973/973/973
f 972/972/972 985/985/985 986/986/986
f 973/973/973 987/987/987 974/974/974
f 973/973/973 986/986/986 987/987/987
f 974/974/974 988/988/988 975/975/975
f 974/974/974 987/987/987 988/988/988
f 976/976/976 990/990/990 977/977/977
f 976/976/976 989/989/989 990/990/990
f 977/977/977 991/991/991 978/978/978
f 977/977/977 990/990/990 991/991/991
f 978/978/978 992/992/992 979/979/979
f 978/978/978 991/991/991 992/992/992
f 979/979/979 993/993/993 980/980/980
f 979/979/979 992/992/992 993/993/993
f 980/980/980 994/994/994 981/981/981
f 980/980/980 993/993/993 994/994/994
f 981/981/981 995/995/995 982/982/982
f 981/981/981 994/994/994 995/995/995
f 982/982/982 996/996/996 983/983/983
f 982/982/982 995/995/995 996/996/996
f 983/983/983 997/997/997 984/984/984
f 983/983/983 996/996/996 997/997/997
f 984/984/984 998/998/998 985/985/985
f 984/984/984 997/997/997 998/998/998
f 985/985/985 999/999/999 986/986/986
f 985/985/985 998/998/998 999/999/999
f 986/986/986 1000/1000/1000 987/987/987
f 986/986/986 999/999/999 1000/1000/1000
f 987/987/987 1001/1001/1001 988/988/988
f 987/987/987 1000/1000/1000 1001/1001/1001
f 989/989/989 1003/1003/1003 990/990/990
f 989/989/989 1002/1002/1002 1003/1003/1003
f 990/990/990 1004/1004/1004 991/991/991
f 990/990/990 1003/1003/1003 1004/1004/1004
f 991/991/991 1005/1005/1005 992/992/992
f 991/991/991 1004/1004/1004 1005/1005/1005
f 992/992/992 1006/1006/1006 993/993/993
f 992/992/992 1005/1005/1005 1006/1006/1006
f 993/993/993 1007/1007/1007 994/994/994
f 993/993/993 1006/1006/1006 1007/1007/1007
f 994/994/994 1008/1008/1008 995/995/995
f 994/994/994 1007/1007/1007 1008/1008/1008
f 995/995/995 1009/1009/1009 996/996/996
f 995/995/995 1008/1008/1008 1009/1009/1009
f 996/996/996 1010/1010/1010 997/997/997
f 996/996/996 1009/1009/1009 1010/1010/1010
f 997/997/997 1011/1011/1011 998/998/998
f 997/997/997 1010/1010/1010 1011/1011/1011
f 998/998/998 1012/1012/1012 999/999/999
f 998/998/998 1011/1011/1011 1012/1012/1012
f 999/999/999 1013/1013/1013 1000/1000/1000
f 999/999/999 1012/1012/1012 1013/1013/1013
f 1000/1000/1000 1014/1014/1014 1001/1001/1001
f 1000/1000/1000 1013/1013/1013 1014/1014/1014
f 1015/1015/1015 1029/1029/1029 1016/1016/1016
f 1015/1015/1015 1028/1028/1028 1029/1029/1029
f 1016/1016/1016 1030/1030/1030 1017/1017/1017
f 1016/1016/1016 1029/1029/1029 1030/1030/1030
f 1017/1017/1017 1031/1031/1031 1018/1018/1018
f 1017/1017/1017 1030/1030/1030 1031/1031/1031
f 1018/1018/1018 1032/1032/1032 1019/1019/1019
f 1018/1018/1018 1031/1031/1031 1032/1032/1032
f 1019/1019/1019 1033/1033/1033 1020/1020/1020
f 1019/1019/1019 1032/1032/1032 1033/1033/1033
f 1020/1020/1020 1034/1034/1034 1021/1021/1021
f 1020/1020/1020 1033/1033/1033 1034/1034/1034
f 1021/1021/1021 1035/1035/1035 1022/1022/1022
f 1021/1021/1021 1034/1034/1034 1035/1035/1035
f 1022/1022/1022 1036/1036/1036 1023/1023/1023
f 1022/1022/1022 1035/1035/1035 1036/1036/1036
f 1023/1023/1023 1037/1037/1037 1024/1024/1024
f 1023/1023/1023 1036/1036/1036 1037/1037/1037
f 1024/1024/1024 1038/1038/1038 1025/1025/1025
f 1024/1024/1024 1037/1037/1037 1038/1038/1038
f 1025/1025/1025 1039/1039/1039 1026/1026/1026
f 1025/1025/1025 1038/1038/1038 1039/1039/1039
f 1026/1026/1026 1040/1040/1040 1027/1027/1027
f 1026/1026/1026 1039/1039/1039 1040/1040/1040
f 1028/1028/1028 1042/1042/1042 1029/1029/1029
f 1028/1028/1028 1041/1041/1041 1042/1042/1042
f 1029/1029/1029 1043/1043/1043 1030/1030/1030
f 1029/1029/1029 1042/1042/1042 1043/1043/1043
f 1030/1030/1030 1044/1044/1044 1031/1031/1031
f 1030/1030/1030 1043/1043/1043 1044/1044/1044
f 1031/1031/1031 1045/1045/1045 1032/1032/1032
f 1031/1031/1031 1044/1044/1044 1045/1045/1045
f 1032/1032/1032 1046/1046/1046 1033/1033/1033
f 1032/1032/1032 1045/1045/1045 1046/1046/1046
f 1033/1033/1033 1047/1047/1047 1034/1034/1034
f 1033/1033/1033 1046/1046/1046 1047/1047/1047
f 1034/1034/1034 1048/1048/1048 1035/1035/1035
f 1034/1034/1034 1047/1047/1047 1048/1048/1048
f 1035/1035/1035 1049/1049/1049 1036/1036/1036
f 1035/1035/1035 1048/1048/1048 1049/1049/1049
f 1036/1036/1036 1050/1050/1050 1037/1037/1037
f 1036/1036/1036 1049/1049/1049 1050/1050/1050
f 1037/1037/1037 1051/1051/1051 1038/1038/1038
f 1037/1037/1037 1050/1050/1050 1051/1051/1051
f 1038/1038/1038 1052/1052/1052 1039/1039/1039
f 1038/1038/1038 1051/1051/1051 1052/1052/1052
f 1039/1039/1039 1053/1053/1053 1040/1040/1040
f 1039/1039/1039 1052/1052/1052 1053/1053/1053
f 1041/1041/1041 1055/1055/1055 1042/1042/1042
f 1041/1041/1041 1054/1054/1054 1055/1055/1055
f 1042/1042/1042 1056/1056/1056 1043/1043/1043
f 1042/1042/1042 1055/1055/1055 1056/1056/1056
f 1043/1043/1043 1057/1057/1057 1044/1044/1044
f 1043/1043/1043 1056/1056/1056 1057/1057/1057
f 1044/1044/1044 1058/1058/1058 1045/1045/1045
f 1044/1044/1044 1057/1057/1057 1058/1058/1058
f 1045/1045/1045 1059/1059/1059 1046/1046/1046
f 1045/1045/1045 1058/1058/1058 1059/1059/1059
f 1046/1046/1046 1060/1060/1060 1047/1047/1047
f 1046/1046/1046 1059/1059/1059 1060/1060/1060
f 1047/1047/1047 1061/1061/1061 1048/1048/1048
f 1047/1047/1047 1060/1060/1060 1061/1061/1061
f 1048/1048/1048 1062/1062/1062 1049/1049/1049
f 1048/1048/1048 1061/1061/1061 1062/1062/1062
f 1049/1049/1049 1063/1063/1063 1050/1050/1050
f 1049/1049/1049 1062/1062/1062 1063/1063/1063
f 1050/1050/1050 1064/1064/1064 1051/1051/1051
f 1050/1050/1050 1063/1063/1063 1064/1064/1064
f 1051/1051/1051 1065/1065/1065 1052/1052/1052
f 1051/1051/1051 1064/1064/1064 1065/1065/1065
f 1052/1052/1052 1066/1066/1066 1053/1053/1053
f 1052/1052/1052 1065/1065/1065 1066/1066/1066
f 1054/1054/1054 1068/1068/1068 1055/1055/1055
f 1054/1054/1054 1067/1067/1067 1068/1068/1068
f 1055/1055/1055 1069/1069/1069 1056/1056/1056
f 1055/1055/1055 1068/1068/1068 1069/1069/1069
f 1056/1056/1056 1070/1070/1070 1057/1057/1057
f 1056/1056/1056 1069/1069/1069 1070/1070/1070
f 1057/1057/1057 1071/1071/1071 1058/1058/1058
f 1057/1057/1057 1070/1070/1070 1071/1071/1071
f 1058/1058/1058 1072/1072/1072 1059/1059/1059
f 1058/1058/1058 1071/1071/1071 1072/1072/1072
f 1059/1059/1059 1073/1073/1073 1060/1060/1060
f 1059/1059/1059 1072/1072/1072 1073/1073/1073
f 1060/1060/1060 1074/1074/1074 1061/1061/1061
f 1060/1060/1060 1073/1073/1073 1074/1074/1074
f 1061/1061/1061 1075/1075/1075 1062/1062/1062
f 1061/1061/1061 1074/1074/1074 1075/1075/1075
f 1062/1062/1062 1076/1076/1076 1063/1063/1063
f 1062/1062/1062 1075/1075/1075 1076/1076/1076
f 1063/1063/1063 1077/1077/1077 1064/1064/1064
f 1063/1063/1063 1076/1076/1076 1077/1077/1077
f 1064/1064/1064 1078/1078/1078 1065/1065/1065
f 1064/1064/1064 1077/1077/1077 1078/1078/1078
f 1065/1065/1065 1079/1079/1079 1066/1066/1066
f 1065/1065/1065 1078/1078/1078 1079/1079/1079
f 1067/1067/1067 1081/1081/1081 1068/1068/1068
f 1067/1067/1067 1080/1080/1080 1081/1081/1081
f 1068/1068/1068 1082/1082/1082 1069/1069/1069
f 1068/1068/1068 1081/1081/1081 1082/1082/1082
f 1069/1069/1069 1083/1083/1083 1070/1070/1070
f 1069/1069/1069 1082/1082/1082 1083/1083/1083
f 1070/1070/1070 1084/1084/1084 1071/1071/1071
f 1070/1070/1070 1083/1083/1083 1084/1084/1084
f 1071/1071/1071 1085/1085/1085 1072/1072/1072
f 1071/1071/1071 1084/1084/1084 1085/1085/1085
f 1072/1072/1072 1086/1086/1086 1073/1073/1073
f 1072/1072/1072 1085/1085/1085 1086/1086/1086
f 1073/1073/1073 1087/1087/1087 1074/1074/1074
f 1073/1073/1073 1086/1086/1086 1087/1087/1087
f 1074/1074/1074 1088/1088/1088 1075/1075/1075
f 1074/1074/1074 1087/1087/1087 1088/1088/1088
f 1075/1075/1075 1089/1089/1089 1076/1076/1076
f 1075/1075/1075 1088/1088/1088 1089/1089/1089
f 1076/1076/1076 1090/1090/1090 1077/1077/1077
f 1076/1076/1076 1089/1089/1089 1090/1090/1090
f 1077/1077/1077 1091/1091/1091 1078/1078/1078
f 1077/1077/1077 1090/1090/1090 1091/1091/1091
f 1078/1078/1078 1092/1092/1092 1079/1079/1079
f 1078/1078/1078 1091/1091/1091 1092/1092/1092
f 1080/1080/1080 1094/1094/1094 1081/1081/1081
f 1080/1080/1080 1093/1093/1093 1094/1094/1094
f 1081/1081/1081 1095/1095/1095 1082/1082/1082
f 1081/1081/1081 1094/1094/1094 1095/1095/1095
f 1082/1082/1082 1096/1096/1096 1083/1083/1083
f 1082/1082/1082 1095/1095/1095 1096/1096/1096
f 1083/1083/1083 1097/1097/1097 1084/1084/1084
f 1083/1083/1083 1096/1096/1096 1097/1097/1097
f 1084/1084/1084 1098/1098/1098 1085/1085/1085
f 1084/1084/1084 1097/1097/1097 1098/1098/1098
f 1085/1085/1085 1099/1099/1099 1086/1086/1086
f 1085/1085/1085 1098/1098/1098 1099/1099/1099
f 1086/1086/1086 1100/1100/1100 1087/1087/1087
f 1086/1086/1086 1099/1099/1099 1100/1100/1100
f 1087/1087/1087 1101/1101/1101 1088/1088/1088
f 1087/1087/1087 1100/1100/1100 1101/1101/1101
f 1088/1088/1088 1102/1102/1102 1089/1089/1089
f 1088/1088/1088 1101/1101/1101 1102/1102/1102
f 1089/1089/1089 1103/1103/1103 1090/1090/1090
f 1089/1089/1089 1102/1102/1102 1103/1103/1103
f 1090/1090/1090 1104/1104/1104 1091/1091/1091
f 1090/1090/1090 1103/1103/1103 1104/1104/1104
f 1091/1091/1091 1105/1105/1105 1092/1092/1092
f 1091/1091/1091 1104/1104/1104 1105/1105/1105
f 1093/1093/1093 1107/1107/1107 1094/1094/1094
f 1093/1093/1093 1106/1106/1106 1107/1107/1107
f 1094/1094/1094 1108/1108/1108 1095/1095/1095
f 1094/1094/1094 1107/1107/1107 1108/1108/1108
f 1095/1095/1095 1109/1109/1109 1096/1096/1096
f 1095/1095/1095 1108/1108/1108 1109/1109/1109
f 1096/1096/1096 1110/1110/1110 1097/1097/1097
f 1096/1096/1096 1109/1109/1109 1110/1110/1110
f 1097/1097/1097 1111/1111/1111 1098/1098/1098
f 1097/1097/1097 1110/1110/1110 1111/1111/1111
f 1098/1098/1098 1112/1112/1112 1099/1099/1099
f 1098/1098/1098 1111/1111/1111 1112/1112/1112
f 1099/1099/1099 1113/1113/1113 1100/1100/1100
f 1099/1099/1099 1112/1112/1112 1113/1113/1113
f 1100/1100/1100 1114/1114/1114 1101/1101/1101
f 1100/1100/1100 1113/1113/1113 1114/1114/1114
f 1101/1101/1101 1115/1115/1115 1102/1102/1102
f 1101/1101/1101 1114/1114/1114 1115/1115/1115
f 1102/1102/1102 1116/1116/1116 1103/1103/1103
f 1102/1102/1102 1115/1115/1115 1116/1116/1116
f 1103/1103/1103 1117/1117/1117 1104/1104/1104
f 1103/1103/1103 1116/1116/1116 1117/1117/1117
f 1104/1104/1104 1118/1118/1118 1105/1105/1105
f 1104/1104/1104 1117/1117/1117 1118/1118/1118
f 1106/1106/1106 1120/1120/1120 1107/1107/1107
f 1106/1106/1106 1119/1119/1119 1120/1120/1120
f 1107/1107/1107 1121/1121/1121 1108/1108/1108
f 1107/1107/1107 1120/1120/1120 1121/1121/1121
f 1108/1108/1108 1122/1122/1122 1109/1109/1109
f 1108/1108/1108 1121/1121/1121 1122/1122/1122
f 1109/1109/1109 1123/1123/1123 1110/1110/1110
f 1109/1109/1109 1122/1122/1122 1123/1123/1123
f 1110/1110/1110 1124/1124/1124 1111/1111/1111
f 1110/1110/1110 1123/1123/1123 1124/1124/1124
f 1111/1111/1111 1125/1125/1125 1112/1112/1112
f 1111/1111/1111 1124/1124/1124 1125/1125/1125
f 1112/1112/1112 1126/1126/1126 1113/1113/1113
f 1112/1112/1112 1125/1125/1125 1126/1126/1126
f 1113/1113/1113 1127/1127/1127 1114/1114/1114
f 1113/1113/1113 1126/1126/1126 1127/1127/1127
f 1114/1114/1114 1128/1128/1128 1115/1115/1115
f 1114/1114/1114 1127/1127/1127 1128/1128/1128
f 1115/1115/1115 1129/1129/1129 1116/1116/1116
f 1115/1115/1115 1128/1128/1128 1129/1129/1129
f 1116/1116/1116 1130/1130/1130 1117/1117/1117
f 1116/1116/1116 1129/1129/1129 1130/1130/1130
f 1117/1117/1117 1131/1131/1131 1118/1118/1118
f 1117/1117/1117 1130/1130/1130 1131/1131/1131
f 1119/1119/1119 1133/1133/1133 1120/1120/1120
f 1119/1119/1119 1132/1132/1132 1133/1133/1133
f 1120/1120/1120 1134/1134/1134 1121/1121/1121
f 1120/1120/1120 1133/1133/1133 1134/1134/1134
f 1121/1121/1121 1135/1135/1135 1122/1122/1122
f 1121/1121/1121 1134/1134/1134 1135/1135/1135
f 1122/1122/1122 1136/1136/1136 1123/1123/1123
f 1122/1122/1122 1135/1135/1135 1136/1136/1136
f 1123/1123/1123 1137/1137/1137 1124/1124/1124
f 1123/1123/1123 1136/1136/1136 1137/1137/1137
f 1124/1124/1124 1138/1138/1138 1125/1125/1125
f 1124/1124/1124 1137/1137/1137 1138/1138/1138
f 1125/1125/1125 1139/1139/1139 1126/1126/1126
f 1125/1125/1125 1138/1138/1138 1139/1139/1139
f 1126/1126/1126 1140/1140/1140 1127/1127/1127
f 1126/1126/1126 1139/1139/1139 1140/1140/1140
f 1127/1127/1127 1141/1141/1141 1128/1128/1128
f 1127/1127/1127 1140/1140/1140 1141/1141/1141
f 1128/1128/1128 1142/1142/1142 1129/1129/1129
f 1128/1128/1128 1141/1141/1141 1142/1142/1142
f 1129/1129/1129 1143/1143/1143 1130/1130/1130
f 1129/1129/1129 1142/1142/1142 1143/1143/1143
f 1130/1130/1130 1144/1144/1144 1131/1131/1131
f 1130/1130/1130 1143/1143/1143 1144/1144/1144
f 1132/1132/1132 1146/1146/1146 1133/1133/1133
f 1132/1132/1132 1145/1145/1145 1146/1146/1146
f 1133/1133/1133 1147/1147/1147 1134/1134/1134
f 1133/1133/1133 1146/1146/1146 1147/1147/1147
f 1134/1134/1134 1148/1148/1148 1135/1135/1135
f 1134/1134/1134 1147/1147/1147 1148/1148/1148
f 1135/1135/1135 1149/1149/1149 1136/1136/1136
f 1135/1135/1135 1148/1148/1148 1149/1149/1149
f 1136/1136/1136 1150/1150/1150 1137/1137/1137
f 1136/1136/1136 1149/1149/1149 1150/1150/1150
f 1137/1137/1137 1151/1151/1151 1138/1138/1138
f 1137/1137/1137 1150/1150/1150 1151/1151/1151
f 1138/1138/1138 1152/1152/1152 1139/1139/1139
f 1138/1138/1138 1151/1151/1151 1152/1152/1152
f 1139/1139/1139 1153/1153/1153 1140/1140/1140
f 1139/1139/1139 1152/1152/1152 1153/1153/1153
f 1140/1140/1140 1154/1154/1154 1141/1141/1141
f 1140/1140/1140 1153/1153/1153 1154/1154/1154
f 1141/1141/1141 1155/1155/1155 1142/1142/1142
f 1141/1141/1141 1154/1154/1154 1155/1155/1155
f 1142/1142/1142 1156/1156/1156 1143/1143/1143
f 1142/1142/1142 1155/1155/1155 1156/1156/1156
f 1143/1143/1143 1157/1157/1157 1144/1144/1144
f 1143/1143/1143 1156/1156/1156 1157/1157/1157
f 1145/1145/1145 1159/1159/1159 1146/1146/1146
f 1145/1145/1145 1158/1158/1158 1159/1159/1159
f 1146/1146/1146 1160/1160/1160 1147/1147/1147
f 1146/1146/1146 1159/1159/1159 1160/1160/1160
f 1147/1147/1147 1161/1161/1161 1148/1148/1148
f 1147/1147/1147 1160/1160/1160 1161/1161/1161
f 1148/1148/1148 1162/1162/1162 1149/1149/1149
f 1148/1148/1148 1161/1161/1161 1162/1162/1162
f 1149/1149/1149 1163/1163/1163 1150/1150/1150
f 1149/1149/1149 1162/1162/1162 1163/1163/1163
f 1150/1150/1150 1164/1164/1164 1151/1151/1151
f 1150/1150/1150 1163/1163/1163 1164/1164/1164
f 1151/1151/1151 1165/1165/1165 1152/1152/1152
f 1151/1151/1151 1164/1164/1164 1165/1165/1165
f 1152/1152/1152 1166/1166/1166 1153/1153/1153
f 1152/1152/1152 1165/1165/1165 1166/1166/1166
f 1153/1153/1153 1167/1167/1167 1154/1154/1154
f 1153/1153/1153 1166/1166/1166 1167/1167/1167
f 1154/1154/1154 1168/1168/1168 1155/1155/1155
f 1154/1154/1154 1167/1167/1167 1168/1168/1168
f 1155/1155/1155 1169/1169/1169 1156/1156/1156
f 1155/1155/1155 1168/1168/1168 1169/1169/1169
f 1156/1156/1156 1170/1170/1170 1157/1157/1157
f 1156/1156/1156 1169/1169/1169 1170/1170/1170
f 1158/1158/1158 1172/1172/1172 1159/1159/1159
f 1158/1158/1158 1171/1171/1171 1172/1172/1172
f 1159/1159/1159 1173/1173/1173 1160/1160/1160
f 1159/1159/1159 1172/1172/1172 1173/1173/1173
f 1160/1160/1160 1174/1174/1174 1161/1161/1161
f 1160/1160/1160 1173/1173/1173 1174/1174/1174
f 1161/1161/1161 1175/1175/1175 1162/1162/1162
f 1161/1161/1161 1174/1174/1174 1175/1175/1175
f 1162/1162/1162 1176/1176/1176 1163/1163/1163
f 1162/1162/1162 1175/1175/1175 1176/1176/1176
f 1163/1163/1163 1177/1177/1177 1164/1164/1164
f 1163/1163/1163 1176/1176/1176 1177/1177/1177
f 1164/1164/1164 1178/1178/1178 1165/1165/1165
f 1164/1164/1164 1177/1177/1177 1178/1178/1178
f 1165/1165/1165 1179/1179/1179 1166/1166/1166
f 1165/1165/1165 1178/1178/1178 1179/1179/1179
f 1166/1166/1166 1180/1180/1180 1167/1167/1167
f 1166/1166/1166 1179/1179/1179 1180/1180/1180
f 1167/1167/1167 1181/1181/1181 1168/1168/1168
f 1167/1167/1167 1180/1180/1180 1181/1181/1181
f 1168/1168/1168 1182/1182/1182 1169/1169/1169
f 1168/1168/1168 1181/1181/1181 1182/1182/1182
f 1169/1169/1169 1183/1183/1183 1170/1170/1170
f 1169/1169/1169 1182/1182/1182 1183/1183/1183
f 1184/1184/1184 1198/1198/1198 1185/1185/1185
f 1184/1184/1184 1197/1197/1197 1198/1198/1198
f 1185/1185/1185 1199/1199/1199 1186/1186/1186
f 1185/1185/1185 1198/1198/1198 1199/1199/1199
f 1186/1186/1186 1200/1200/1200 1187/1187/1187
f 1186/1186/1186 1199/1199/1199 1200/1200/1200
f 1187/1187/1187 1201/1201/1201 1188/1188/1188
f 1187/1187/1187 1200/1200/1200 1201/1201/1201
f 1188/1188/1188 1202/1202/1202 1189/1189/1189
f 1188/1188/1188 1201/1201/1201 1202/1202/1202
f 1189/1189/1189 1203/1203/1203 1190/1190/1190
f 1189/1189/1189 1202/1202/1202 1203/1203/1203
f 1190/1190/1190 1204/1204/1204 1191/1191/1191
f 1190/1190/1190 1203/1203/1203 1204/1204/1204
f 1191/1191/1191 1205/1205/1205 1192/1192/1192
f 1191/1191/1191 1204/1204/1204 1205/1205/1205
f 1192/1192/1192 1206/1206/1206 1193/1193/1193
f 1192/1192/1192 1205/1205/1205 1206/1206/1206
f 1193/1193/1193 1207/1207/1207 1194/1194/1194
f 1193/1193/1193 1206/1206/1206 1207/1207/1207
f 1194/1194/1194 1208/1208/1208 1195/1195/1195
f 1194/1194/1194 1207/1207/1207 1208/1208/1208
f 1195/1195/1195 1209/1209/1209 1196/1196/1196
f 1195/1195/1195 1208/1208/1208 1209/1209/1209
f 1197/1197/1197 1211/1211/1211 1198/1198/1198
f 1197/1197/1197 1210/1210/1210 1211/1211/1211
f 1198/1198/1198 1212/1212/1212 1199/1199/1199
f 1198/1198/1198 1211/1211/1211 1212/1212/1212
f 1199/1199/1199 1213/1213/1213 1200/1200/1200
f 1199/1199/1199 1212/1212/1212 1213/1213/1213
f 1200/1200/1200 1214/1214/1214 1201/1201/1201
f 1200/1200/1200 1213/1213/1213 1214/1214/1214
f 1201/1201/1201 1215/1215/1215 1202/1202/1202
f 1201/1201/1201 1214/1214/1214 1215/1215/1215
f 1202/1202/1202 1216/1216/1216 1203/1203/1203
f 1202/1202/1202 1215/1215/1215 1216/1216/1216
f 1203/1203/1203 1217/1217/1217 1204/1204/1204
f 1203/1203/1203 1216/1216/1216 1217/1217/1217
f 1204/1204/1204 1218/1218/1218 1205/1205/1205
f 1204/1204/1204 1217/1217/1217 1218/1218/1218
f 1205/1205/1205 1219/1219/1219 1206/1206/1206
f 1205/1205/1205 1218/1218/1218 1219/1219/1219
f 1206/1206/1206 1220/1220/1220 1207/1207/1207
f 1206/1206/1206 1219/1219/1219 1220/1220/1220
f 1207/1207/1207 1221/1221/1221 1208/1208/1208
f 1207/1207/1207 1220/1220/1220 1221/1221/1221
f 1208/1208/1208 1222/1222/1222 1209/1209/1209
f 1208/1208/1208 1221/1221/1221 1222/1222/1222
f 1210/1210/1210 1224/1224/1224 1211/1211/1211
f 1210/1210/1210 1223/1223/1223 1224/1224/1224
f 1211/1211/1211 1225/1225/1225 1212/1212/1212
f 1211/1211/1211 1224/1224/1224 1225/1225/1225
f 1212/1212/1212 1226/1226/1226 1213/1213/1213
f 1212/1212/1212 1225/1225/1225 1226/1226/1226
f 1213/1213/1213 1227/1227/1227 1214/1214/1214
f 1213/1213/1213 1226/1226/1226 1227/1227/1227
f 1214/1214/1214 1228/1228/1228 1215/1215/1215
f 1214/1214/1214 1227/1227/1227 1228/1228/1228
f 1215/1215/1215 1229/1229/1229 1216/1216/1216
f 1215/1215/1215 1228/1228/1228 1229/1229/1229
f 1216/1216/1216 1230/1230/1230 1217/1217/1217
f 1216/1216/1216 1229/1229/1229 1230/1230/1230
f 1217/1217/1217 1231/1231/1231 1218/1218/1218
f 1217/1217/1217 1230/1230/1230 1231/1231/1231
f 1218/1218/1218 1232/1232/1232 1219/1219/1219
f 1218/1218/1218 1231/1231/1231 1232/1232/1232
f 1219/1219/1219 1233/1233/1233 1220/1220/1220
f 1219/1219/1219 1232/1232/1232 1233/1233/1233
f 1220/1220/1220 1234/1234/1234 1221/1221/1221
f 1220/1220/1220 1233/1233/1233 1234/1234/1234
f 1221/1221/1221 1235/1235/1235 1222/1222/1222
f 1221/1221/1221 1234/1234/1234 1235/1235/1235
f 1223/1223/1223 1237/1237/1237 1224/1224/1224
f 1223/1223/1223 1236/1236/1236 1237/1237/1237
f 1224/1224/1224 1238/1238/1238 1225/1225/1225
f 1224/1224/1224 1237/1237/1237 1238/1238/1238
f 1225/1225/1225 1239/1239/1239 1226/1226/1226
f 1225/1225/1225 1238/1238/1238 1239/1239/1239
f 1226/1226/1226 1240/1240/1240 1227/1227/1227
f 1226/1226/1226 1239/1239/1239 1240/1240/1240
f 1227/1227/1227 1241/1241/1241 1228/1228/1228
f 1227/1227/1227 1240/1240/1240 1241/1241/1241
f 1228/1228/1228 1242/1242/1242 1229/1229/1229
f 1228/1228/1228 1241/1241/1241 1242/1242/1242
f 1229/1229/1229 1243/1243/1243 1230/1230/1230
f 1229/1229/1229 1242/1242/1242 1243/1243/1243
f 1230/1230/1230 1244/1244/1244 1231/1231/1231
f 1230/1230/1230 1243/1243/1243 1244/1244/1244
f 1231/1231/1231 1245/1245/1245 1232/1232/1232
f 1231/1231/1231 1244/1244/1244 1245/1245/1245
f 1232/1232/1232 1246/1246/1246 1233/1233/1233
f 1232/1232/1232 1245/1245/1245 1246/1246/1246
f 1233/1233/1233 1247/1247/1247 1234/1234/1234
f 1233/1233/1233 1246/1246/1246 1247/1247/1247
f 1234/1234/1234 1248/1248/1248 1235/1235/1235
f 1234/1234/1234 1247/1247/1247 1248/1248/1248
f 1236/1236/1236 1250/1250/1250 1237/1237/1237
f 1236/1236/1236 1249/1249/1249 1250/1250/1250
f 1237/1237/1237 1251/1251/1251 1238/1238/1238
f 1237/1237/1237 1250/1250/1250 1251/1251/1251
f 1238/1238/1238 1252/1252/1252 1239/1239/1239
f 1238/1238/1238 1251/1251/1251 1252/1252/1252
f 1239/1239/1239 1253/1253/1253 1240/1240/1240
f 1239/1239/1239 1252/1252/1252 1253/1253/1253
f 1240/1240/1240 1254/1254/1254 1241/1241/1241
f 1240/1240/1240 1253/1253/1253 1254/1254/1254
f 1241/1241/1241 1255/1255/1255 1242/1242/1242
f 1241/1241/1241 1254/1254/1254 1255/1255/1255
f 1242/1242/1242 1256/1256/1256 1243/1243/1243
f 1242/1242/1242 1255/1255/1255 1256/1256/1256
f 1243/1243/1243 1257/1257/1257 1244/1244/1244
f 1243/1243/1243 1256/1256/1256 1257/1257/1257
f 1244/1244/1244 1258/1258/1258 1245/1245/1245
f 1244/1244/1244 1257/1257/1257 1258/1258/1258
f 1245/1245/1245 1259/1259/1259 1246/1246/1246
f 1245/1245/1245 1258/1258/1258 1259/1259/1259
f 1246/1246/1246 1260/1260/1260 1247/1247/1247
f 1246/1246/1246 1259/1259/1259 1260/1260/1260
f 1247/1247/1247 1261/1261/1261 1248/1248/1248
f 1247/1247/1247 1260/1260/1260 1261/1261/1261
f 1249/1249/1249 1263/1263/1263 1250/1250/1250
f 1249/1249/1249 1262/1262/1262 1263/1263/1263
f 1250/1250/1250 1264/1264/1264 1251/1251/1251
f 1250/1250/1250 1263/1263/1263 1264/1264/1264
f 1251/1251/1251 1265/1265/1265 1252/1252/1252
f 1251/1251/1251 1264/1264/1264 1265/1265/1265
f 1252/1252/1252 1266/1266/1266 1253/1253/1253
f 1252/1252/1252 1265/1265/1265 1266/1266/1266
f 1253/1253/1253 1267/1267/1267 1254/1254/1254
f 1253/1253/1253 1266/1266/1266 1267/1267/1267
f 1254/1254/1254 1268/1268/1268 1255/1255/1255
f 1254/1254/1254 1267/1267/1267 1268/1268/1268
f 1255/1255/1255 1269/1269/1269 1256/1256/1256
f 1255/1255/1255 1268/1268/1268 1269/1269/1269
f 1256/1256/1256 1270/1270/1270 1257/1257/1257
f 1256/1256/1256 1269/1269/1269 1270/1270/1270
f 1257/1257/1257 1271/1271/1271 1258/1258/1258
f 1257/1257/1257 1270/1270/1270 1271/1271/1271
f 1258/1258/1258 1272/1272/1272 1259/1259/1259
f 1258/1258/1258 1271/1271/1271 1272/1272/1272
f 1259/1259/1259 1273/1273/1273 1260/1260/1260
f 1259/1259/1259 1272/1272/1272 1273/1273/1273
f 1260/1260/1260 1274/1274/1274 1261/1261/1261
f 1260/1260/1260 1273/1273/1273 1274/1274/1274
f 1262/1262/1262 1276/1276/1276 1263/1263/1263
f 1262/1262/1262 1275/1275/1275 1276/1276/1276
f 1263/1263/1263 1277/1277/1277 1264/1264/1264
f 1263/1263/1263 1276/1276/1276 1277/1277/1277
f 1264/1264/1264 1278/1278/1278 1265/1265/1265
f 1264/1264/1264 1277/1277/1277 1278/1278/1278
f 1265/1265/1265 1279/1279/1279 1266/1266/1266
f 1265/1265/1265 1278/1278/1278 1279/1279/1279
f 1266/1266/1266 1280/1280/1280 1267/1267/1267
f 1266/1266/1266 1279/1279/1279 1280/1280/1280
f 1267/1267/1267 1281/1281/1281 1268/1268/1268
f 1267/1267/1267 1280/1280/1280 1281/1281/1281
f 1268/1268/1268 1282/1282/1282 1269/1269/1269
f 1268/1268/1268 1281/1281/1281 1282/1282/1282
f 1269/1269/1269 1283/1283/1283 1270/1270/1270
f 1269/1269/1269 1282/1282/1282 1283/1283/1283
f 1270/1270/1270 1284/1284/1284 1271/1271/1271
f 1270/1270/1270 1283/1283/1283 1284/1284/1284
f 1271/1271/1271 1285/1285/1285 1272/1272/1272
f 1271/1271/1271 1284/1284/1284 1285/1285/1285
f 1272/1272/1272 1286/1286/1286 1273/1273/1273
f 1272/1272/1272 1285/1285/1285 1286/1286/1286
f 1273/1273/1273 1287/1287/1287 1274/1274/1274
f 1273/1273/1273 1286/1286/1286 1287/1287/1287
f 1275/1275/1275 1289/1289/1289 1276/1276/1276
f 1275/1275/1275 1288/1288/1288 1289/1289/1289
f 1276/1276/1276 1290/1290/1290 1277/1277/1277
f 1276/1276/1276 1289/1289/1289 1290/1290/1290
f 1277/1277/1277 1291/1291/1291 1278/1278/1278
f 1277/1277/1277 1290/1290/1290 1291/1291/1291
f 1278/1278/1278 1292/1292/1292 1279/1279/1279
f 1278/1278/1278 1291/1291/1291 1292/1292/1292
f 1279/1279/1279 1293/1293/1293 1280/1280/1280
f 1279/1279/1279 1292/1292/1292 1293/1293/1293
f 1280/1280/1280 1294/1294/1294 1281/1281/1281
f 1280/1280/1280 1293/1293/1293 1294/1294/1294
f 1281/1281/1281 1295/1295/1295 1282/1282/1282
f 1281/1281/1281 1294/1294/1294 1295/1295/1295
f 1282/1282/1282 1296/1296/1296 1283/1283/1283
f 1282/1282/1282 1295/1295/1295 1296/1296/1296
f 1283/1283/1283 1297/1297/1297 1284/1284/1284
f 1283/1283/1283 1296/1296/1296 1297/1297/1297
f 1284/1284/1284 1298/1298/1298 1285/1285/1285
f 1284/1284/1284 1297/1297/1297 1298/1298/1298
f 1285/1285/1285 1299/1299/1299 1286/1286/1286
f 1285/1285/1285 1298/1298/1298 1299/1299/1299
f 1286/1286/1286 1300/1300/1300 1287/1287/1287
f 1286/1286/1286 1299/1299/1299 1300/1300/1300
f 1288/1288/1288 1302/1302/1302 1289/1289/1289
f 1288/1288/1288 1301/1301/1301 1302/1302/1302
f 1289/1289/1289 1303/1303/1303 1290/1290/1290
f 1289/1289/1289 1302/1302/1302 1303/1303/1303
f 1290/1290/1290 1304/1304/1304 1291/1291/1291
f 1290/1290/1290 1303/1303/1303 1304/1304/1304
f 1291/1291/1291 1305/1305/1305 1292/1292/1292
f 1291/1291/1291 1304/1304/1304 1305/1305/1305
f 1292/1292/1292 1306/1306/1306 1293/1293/1293
f 1292/1292/1292 1305/1305/1305 1306/1306/1306
f 1293/1293/1293 1307/1307/1307 1294/1294/1294
f 1293/1293/1293 1306/1306/1306 1307/1307/1307
f 1294/1294/1294 1308/1308/1308 1295/1295/1295
f 1294/1294/1294 1307/1307/1307 1308/1308/1308
f 1295/1295/1295 1309/1309/1309 1296/1296/1296
f 1295/1295/1295 1308/1308/1308 1309/1309/1309
f 1296/1296/1296 1310/1310/1310 1297/1297/1297
f 1296/1296/1296 1309/1309/1309 1310/1310/1310
f 1297/1297/1297 1311/1311/1311 1298/1298/1298
f 1297/1297/1297 1310/1310/1310 1311/1311/1311
f 1298/1298/1298 1312/1312/1312 1299/1299/1299
f 1298/1298/1298 1311/1311/1311 1312/1312/1312
f 1299/1299/1299 1313/1313/1313 1300/1300/1300
f 1299/1299/1299 1312/1312/1312 1313/1313/1313
f 1301/1301/1301 1315/1315/1315 1302/1302/1302
f 1301/1301/1301 1314/1314/1314 1315/1315/1315
f 1302/1302/1302 1316/1316/1316 1303/1303/1303
f 1302/1302/1302 1315/1315/1315 1316/1316/1316
f 1303/1303/1303 1317/1317/1317 1304/1304/1304
f 1303/1303/1303 1316/1316/1316 1317/1317/1317
f 1304/1304/1304 1318/1318/1318 1305/1305/1305
f 1304/1304/1304 1317/1317/1317 1318/1318/1318
f 1305/1305/1305 1319/1319/1319 1306/1306/1306
f 1305/1305/1305 1318/1318/1318 1319/1319/1319
f 1306/1306/1306 1320/1320/1320 1307/1307/1307
f 1306/1306/1306 1319/1319/1319 1320/1320/1320
f 1307/1307/1307 1321/1321/1321 1308/1308/1308
f 1307/1307/1307 1320/1320/1320 1321/1321/1321
f 1308/1308/1308 1322/1322/1322 1309/1309/1309
f 1308/1308/1308 1321/1321/1321 1322/1322/1322
f 1309/1309/1309 1323/1323/1323 1310/1310/1310
f 1309/1309/1309 1322/1322/1322 1323/1323/1323
f 1310/1310/1310 1324/1324/1324 1311/1311/1311
f 1310/1310/1310 1323/1323/1323 1324/1324/1324
f 1311/1311/1311 1325/1325/1325 1312/1312/1312
f 1311/1311/1311 1324/1324/1324 1325/1325/1325
f 1312/1312/1312 1326/1326/1326 1313/1313/1313
f 1312/1312/1312 1325/1325/1325 1326/1326/1326
f 1314/1314/1314 1328/1328/1328 1315/1315/1315
f 1314/1314/1314 1327/1327/1327 1328/1328/1328
f 1315/1315/1315 1329/1329/1329 1316/1316/1316
f 1315/1315/1315 1328/1328/1328 1329/1329/1329
f 1316/1316/1316 1330/1330/1330 1317/1317/1317
f 1316/1316/1316 1329/1329/1329 1330/1330/1330
f 1317/1317/1317 1331/1331/1331 1318/1318/1318
f 1317/1317/1317 1330/1330/1330 1331/1331/1331
f 1318/1318/1318 1332/1332/1332 1319/1319/1319
f 1318/1318/1318 1331/1331/1331 1332/1332/1332
f 1319/1319/1319 1333/1333/1333 1320/1320/1320
f 1319/1319/1319 1332/1332/1332 1333/1333/1333
f 1320/1320/1320 1334/1334/1334 1321/1321/1321
f 1320/1320/1320 1333/1333/1333 1334/1334/1334
f 1321/1321/1321 1335/1335/1335 1322/1322/1322
f 1321/1321/1321 1334/1334/1334 1335/1335/1335
f 1322/1322/1322 1336/1336/1336 1323/1323/1323
f 1322/1322/1322 1335/1335/1335 1336/1336/1336
f 1323/1323/1323 1337/1337/1337 1324/1324/1324
f 1323/1323/1323 1336/1336/1336 1337/1337/1337
f 1324/1324/1324 1338/1338/1338 1325/1325/1325
f 1324/1324/1324 1337/1337/1337 1338/1338/1338
f 1325/1325/1325 1339/1339/1339 1326/1326/1326
f 1325/1325/1325 1338/1338/1338 1339/1339/1339
f 1327/1327/1327 1341/1341/1341 1328/1328/1328
f 1327/1327/1327 1340/1340/1340 1341/1341/1341
f 1328/1328/1328 1342/1342/1342 1329/1329/1329
f 1328/1328/1328 1341/1341/1341 1342/1342/1342
f 1329/1329/1329 1343/1343/1343 1330/1330/1330
f 1329/1329/1329 1342/1342/1342 1343/1343/1343
f 1330/1330/1330 1344/1344/1344 1331/1331/1331
f 1330/1330/1330 1343/1343/1343 1344/1344/1344
f 1331/1331/1331 1345/1345/1345 1332/1332/1332
f 1331/1331/1331 1344/1344/1344 1345/1345/1345
f 1332/1332/1332 1346/1346/1346 1333/1333/1333
f 1332/1332/1332 1345/1345/1345 1346/1346/1346
f 1333/1333/1333 1347/1347/1347 1334/1334/1334
f 1333/1333/1333 1346/1346/1346 1347/1347/1347
f 1334/1334/1334 1348/1348/1348 1335/1335/1335
f 1334/1334/1334 1347/1347/1347 1348/1348/1348
f 1335/1335/1335 1349/1349/1349 1336/1336/1336
f 1335/1335/1335 1348/1348/1348 1349/1349/1349
f 1336/1336/1336 1350/1350/1350 1337/1337/1337
f 1336/1336/1336 1349/1349/1349 1350/1350/1350
f 1337/1337/1337 1351/1351/1351 1338/1338/1338
f 1337/1337/1337 1350/1350/1350 1351/1351/1351
f 1338/1338/1338 1352/1352/1352 1339/1339/1339
f 1338/1338/1338 1351/1351/1351 1352/1352/1352
f 1353/1353/1353 1367/1367/1367 1354/1354/1354
f 1353/1353/1353 1366/1366/1366 1367/1367/1367
f 1354/1354/1354 1368/1368/1368 1355/1355/1355
f 1354/1354/1354 1367/1367/1367 1368/1368/1368
f 1355/1355/1355 1369/1369/1369 1356/1356/1356
f 1355/1355/1355 1368/1368/1368 1369/1369/1369
f 1356/1356/1356 1370/1370/1370 1357/1357/1357
f 1356/1356/1356 1369/1369/1369 1370/1370/1370
f 1357/1357/1357 1371/1371/1371 1358/1358/1358
f 1357/1357/1357 1370/1370/1370 1371/1371/1371
f 1358/1358/1358 1372/1372/1372 1359/1359/1359
f 1358/1358/1358 1371/1371/1371 1372/1372/1372
f 1359/1359/1359 1373/1373/1373 1360/1360/1360
f 1359/1359/1359 1372/1372/1372 1373/1373/1373
f 1360/1360/1360 1374/1374/1374 1361/1361/1361
f 1360/1360/1360 1373/1373/1373 1374/1374/1374
f 1361/1361/1361 1375/1375/1375 1362/1362/1362
f 1361/1361/1361 1374/1374/1374 1375/1375/1375
f 1362/1362/1362 1376/1376/1376 1363/1363/1363
f 1362/1362/1362 1375/1375/1375 1376/1376/1376
f 1363/1363/1363 1377/1377/1377 1364/1364/1364
f 1363/1363/1363 1376/1376/1376 1377/1377/1377
f 1364/1364/1364 1378/1378/1378 1365/1365/1365
f 1364/1364/1364 1377/1377/1377 1378/1378/1378
f 1366/1366/1366 1380/1380/1380 1367/1367/1367
f 1366/1366/1366 1379/1379/1379 1380/1380/1380
f 1367/1367/1367 1381/1381/1381 1368/1368/1368
f 1367/1367/1367 1380/1380/1380 1381/1381/1381
f 1368/1368/1368 1382/1382/1382 1369/1369/1369
f 1368/1368/1368 1381/1381/1381 1382/1382/1382
f 1369/1369/1369 1383/1383/1383 1370/1370/1370
f 1369/1369/1369 1382/1382/1382 1383/1383/1383
f 1370/1370/1370 1384/1384/1384 1371/1371/1371
f 1370/1370/1370 1383/1383/1383 1384/1384/1384
f 1371/1371/1371 1385/1385/1385 1372/1372/1372
f 1371/1371/1371 1384/1384/1384 1385/1385/1385
f 1372/1372/1372 1386/1386/1386 1373/1373/1373
f 1372/1372/1372 1385/1385/1385 1386/1386/1386
f 1373/1373/1373 1387/1387/1387 1374/1374/1374
f 1373/1373/1373 1386/1386/1386 1387/1387/1387
f 1374/1374/1374 1388/1388/1388 1375/1375/1375
f 1374/1374/1374 1387/1387/1387 1388/1388/1388
f 1375/1375/1375 1389/1389/1389 1376/1376/1376
f 1375/1375/1375 1388/1388/1388 1389/1389/1389
f 1376/1376/1376 1390/1390/1390 1377/1377/1377
f 1376/1376/1376 1389/1389/1389 1390/1390/1390
f 1377/1377/1377 1391/1391/1391 1378/1378/1378
f 1377/1377/1377 1390/1390/1390 1391/1391/1391
f 1379/1379/1379 1393/1393/1393 1380/1380/1380
f 1379/1379/1379 1392/1392/1392 1393/1393/1393
f 1380/1380/1380 1394/1394/1394 1381/1381/1381
f 1380/1380/1380 1393/1393/1393 1394/1394/1394
f 1381/1381/1381 1395/1395/1395 1382/1382/1382
f 1381/1381/1381 1394/1394/1394 1395/1395/1395
f 1382/1382/1382 1396/1396/1396 1383/1383/1383
f 1382/1382/1382 1395/1395/1395 1396/1396/1396
f 1383/1383/1383 1397/1397/1397 1384/1384/1384
f 1383/1383/1383 1396/1396/1396 1397/1397/1397
f 1384/1384/1384 1398/1398/1398 1385/1385/1385
f 1384/1384/1384 1397/1397/1397 1398/1398/1398
f 1385/1385/1385 1399/1399/1399 1386/1386/1386
f 1385/1385/1385 1398/1398/1398 1399/1399/1399
f 1386/1386/1386 1400/1400/1400 1387/1387/1387
f 1386/1386/1386 1399/1399/1399 1400/1400/1400
f 1387/1387/1387 1401/1401/1401 1388/1388/1388
f 1387/1387/1387 1400/1400/1400 1401/1401/1401
f 1388/1388/1388 1402/1402/1402 1389/1389/1389
f 1388/1388/1388 1401/1401/1401 1402/1402/1402
f 1389/1389/1389 1403/1403/1403 1390/1390/1390
f 1389/1389/1389 1402/1402/1402 1403/1403/1403
f 1390/1390/1390 1404/1404/1404 1391/1391/1391
f 1390/1390/1390 1403/1403/1403 1404/1404/1404
f 1392/1392/1392 1406/1406/1406 1393/1393/1393
f 1392/1392/1392 1405/1405/1405 1406/1406/1406
f 1393/1393/1393 1407/1407/1407 1394/1394/1394
f 1393/1393/1393 1406/1406/1406 1407/1407/1407
f 1394/1394/1394 1408/1408/1408 1395/1395/1395
f 1394/1394/1394 1407/1407/1407 1408/1408/1408
f 1395/1395/1395 1409/1409/1409 1396/1396/1396
f 1395/1395/1395 1408/1408/1408 1409/1409/1409
f 1396/1396/1396 1410/1410/1410 1397/1397/1397
f 1396/1396/1396 1409/1409/1409 1410/1410/1410
f 1397/1397/1397 1411/1411/1411 1398/1398/1398
f 1397/1397/1397 1410/1410/1410 1411/1411/1411
f 1398/1398/1398 1412/1412/1412 1399/1399/1399
f 1398/1398/1398 1411/1411/1411 1412/1412/1412
f 1399/1399/1399 1413/1413/1413 1400/1400/1400
f 1399/1399/1399 1412/1412/1412 1413/1413/1413
f 1400/1400/1400 1414/1414/1414 1401/1401/1401
f 1400/1400/1400 1413/1413/1413 1414/1414/1414
f 1401/1401/1401 1415/1415/1415 1402/1402/1402
f 1401/1401/1401 1414/1414/1414 1415/1415/1415
f 1402/1402/1402 1416/1416/1416 1403/1403/1403
f 1402/1402/1402 1415/1415/1415 1416/1416/1416
f 1403/1403/1403 1417/1417/1417 1404/1404/1404
f 1403/1403/1403 1416/1416/1416 1417/1417/1417
f 1405/1405/1405 1419/1419/1419 1406/1406/1406
f 1405/1405/1405 1418/1418/1418 1419/1419/1419
f 1406/1406/1406 1420/1420/1420 1407/1407/1407
f 1406/1406/1406 1419/1419/1419 1420/1420/1420
f 1407/1407/1407 1421/1421/1421 1408/1408/1408
f 1407/1407/1407 1420/1420/1420 1421/1421/1421
f 1408/1408/1408 1422/1422/1422 1409/1409/1409
f 1408/1408/1408 1421/1421/1421 1422/1422/1422
f 1409/1409/1409 1423/1423/1423 1410/1410/1410
f 1409/1409/1409 1422/1422/1422 1423/1423/1423
f 1410/1410/1410 1424/1424/1424 1411/1411/1411
f 1410/1410/1410 1423/1423/1423 1424/1424/1424
f 1411/1411/1411 1425/1425/1425 1412/1412/1412
f 1411/1411/1411 1424/1424/1424 1425/1425/1425
f 1412/1412/1412 1426/1426/1426 1413/1413/1413
f 1412/1412/1412 1425/1425/1425 1426/1426/1426
f 1413/1413/1413 1427/1427/1427 1414/1414/1414
f 1413/1413/1413 1426/1426/1426 1427/1427/1427
f 1414/1414/1414 1428/1428/1428 1415/1415/1415
f 1414/1414/1414 1427/1427/1427 1428/1428/1428
f 1415/1415/1415 1429/1429/1429 1416/1416/1416
f 1415/1415/1415 1428/1428/1428 1429/1429/1429
f 1416/1416/1416 1430/1430/1430 1417/1417/1417
f 1416/1416/1416 1429/1429/1429 1430/1430/1430
f 1418/1418/1418 1432/1432/1432 1419/1419/1419
f 1418/1418/1418 1431/1431/1431 1432/1432/1432
f 1419/1419/1419 1433/1433/1433 1420/1420/1420
f 1419/1419/1419 1432/1432/1432 1433/1433/1433
f 1420/1420/1420 1434/1434/1434 1421/1421/1421
f 1420/1420/1420 1433/1433/1433 1434/1434/1434
f 1421/1421/1421 1435/1435/1435 1422/1422/1422
f 1421/1421/1421 1434/1434/1434 1435/1435/1435
f 1422/1422/1422 1436/1436/1436 1423/1423/1423
f 1422/1422/1422 1435/1435/1435 1436/1436/1436
f 1423/1423/1423 1437/1437/1437 1424/1424/1424
f 1423/1423/1423 1436/1436/1436 1437/1437/1437
f 1424/1424/1424 1438/1438/1438 1425/1425/1425
f 1424/1424/1424 1437/1437/1437 1438/1438/1438
f 1425/1425/1425 1439/1439/1439 1426/1426/1426
f 1425/1425/1425 1438/1438/1438 1439/1439/1439
f 1426/1426/1426 1440/1440/1440 1427/1427/1427
f 1426/1426/1426 1439/1439/1439 1440/1440/1440
f 1427/1427/1427 1441/1441/1441 1428/1428/1428
f 1427/1427/1427 1440/1440/1440 1441/1441/1441
f 1428/1428/1428 1442/1442/1442 1429/1429/1429
f 1428/1428/1428 1441/1441/1441 1442/1442/1442
f 1429/1429/1429 1443/1443/1443 1430/1430/1430
f 1429/1429/1429 1442/1442/1442 1443/1443/1443
f 1431/1431/1431 1445/1445/1445 1432/1432/1432
f 1431/1431/1431 1444/1444/1444 1445/1445/1445
f 1432/1432/1432 1446/1446/1446 1433/1433/1433
f 1432/1432/1432 1445/1445/1445 1446/1446/1446
f 1433/1433/1433 1447/1447/1447 1434/1434/1434
f 1433/1433/1433 1446/1446/1446 1447/1447/1447
f 1434/1434/1434 1448/1448/1448 1435/1435/1435
f 1434/1434/1434 1447/1447/1447 1448/1448/1448
f 1435/1435/1435 1449/1449/1449 1436/1436/1436
f 1435/1435/1435 1448/1448/1448 1449/1449/1449
f 1436/1436/1436 1450/1450/1450 1437/1437/1437
f 1436/1436/1436 1449/1449/1449 1450/1450/1450
f 1437/1437/1437 1451/1451/1451 1438/1438/1438
f 1437/1437/1437 1450/1450/1450 1451/1451/1451
f 1438/1438/1438 1452/1452/1452 1439/1439/1439
f 1438/1438/1438 1451/1451/1451 1452/1452/1452
f 1439/1439/1439 1453/1453/1453 1440/1440/1440
f 1439/1439/1439 1452/1452/1452 1453/1453/1453
f 1440/1440/1440 1454/1454/1454 1441/1441/1441
f 1440/1440/1440 1453/1453/1453 1454/1454/1454
f 1441/1441/1441 1455/1455/1455 1442/1442/1442
f 1441/1441/1441 1454/1454/1454 1455/1455/1455
f 1442/1442/1442 1456/1456/1456 1443/1443/1443
f 1442/1442/1442 1455/1455/1455 1456/1456/1456
f 1444/1444/1444 1458/1458/1458 1445/1445/1445
f 1444/1444/1444 1457/1457/1457 1458/1458/1458
f 1445/1445/1445 1459/1459/1459 1446/1446/1446
f 1445/1445/1445 1458/1458/1458 1459/1459/1459
f 1446/1446/1446 1460/1460/1460 1447/1447/1447
f 1446/1446/1446 1459/1459/1459 1460/1460/1460
f 1447/1447/1447 1461/1461/1461 1448/1448/1448
f 1447/1447/1447 1460/1460/1460 1461/1461/1461
f 1448/1448/1448 1462/1462/1462 1449/1449/1449
f 1448/1448/1448 1461/1461/1461 1462/1462/1462
f 1449/1449/1449 1463/1463/1463 1450/1450/1450
f 1449/1449/1449 1462/1462/1462 1463/1463/1463
f 1450/1450/1450 1464/1464/1464 1451/1451/1451
f 1450/1450/1450 1463/1463/1463 1464/1464/1464
f 1451/1451/1451 1465/1465/1465 1452/1452/1452
f 1451/1451/1451 1464/1464/1464 1465/1465/1465
f 1452/1452/1452 1466/1466/1466 1453/1453/1453
f 1452/1452/1452 1465/1465/1465 1466/1466/1466
f 1453/1453/1453 1467/1467/1467 1454/1454/1454
f 1453/1453/1453 1466/1466/1466 1467/1467/1467
f 1454/1454/1454 1468/1468/1468 1455/1455/1455
f 1454/1454/1454 1467/1467/1467 1468/1468/1468
f 1455/1455/1455 1469/1469/1469 1456/1456/1456
f 1455/1455/1455 1468/1468/1468 1469/1469/1469
f 1457/1457/1457 1471/1471/1471 1458/1458/1458
f 1457/1457/1457 1470/1470/1470 1471/1471/1471
f 1458/1458/1458 1472/1472/1472 1459/1459/1459
f 1458/1458/1458 1471/1471/1471 1472/1472/1472
f 1459/1459/1459 1473/1473/1473 1460/1460/1460
f 1459/1459/1459 1472/1472/1472 1473/1473/1473
f 1460/1460/1460 1474/1474/1474 1461/1461/1461
f 1460/1460/1460 1473/1473/1473 1474/1474/1474
f 1461/1461/1461 1475/1475/1475 1462/1462/1462
f 1461/1461/1461 1474/1474/1474 1475/1475/1475
f 1462/1462/1462 1476/1476/1476 1463/1463/1463
f 1462/1462/1462 1475/1475/1475 1476/1476/1476
f 1463/1463/1463 1477/1477/1477 1464/1464/1464
f 1463/1463/1463 1476/1476/1476 1477/1477/1477
f 1464/1464/1464 1478/1478/1478 1465/1465/1465
f 1464/1464/1464 1477/1477/1477 1478/1478/1478
f 1465/1465/1465 1479/1479/1479 1466/1466/1466
f 1465/1465/1465 1478/1478/1478 1479/1479/1479
f 1466/1466/1466 1480/1480/1480 1467/1467/1467
f 1466/1466/1466 1479/1479/1479 1480/1480/1480
f 1467/1467/1467 1481/1481/1481 1468/1468/1468
f 1467/1467/1467 1480/1480/1480 1481/1481/1481
f 1468/1468/1468 1482/1482/1482 1469/1469/1469
f 1468/1468/1468 1481/1481/1481 1482/1482/1482
f 1470/1470/1470 1484/1484/1484 1471/1471/1471
f 1470/1470/1470 1483/1483/1483 1484/1484/1484
f 1471/1471/1471 1485/1485/1485 1472/1472/1472
f 1471/1471/1471 1484/1484/1484 1485/1485/1485
f 1472/1472/1472 1486/1486/1486 1473/1473/1473
f 1472/1472/1472 1485/1485/1485 1486/1486/1486
f 1473/1473/1473 1487/1487/1487 1474/1474/1474
f 1473/1473/1473 1486/1486/1486 1487/1487/1487
f 1474/1474/1474 1488/1488/1488 1475/1475/1475
f 1474/1474/1474 1487/1487/1487 1488/1488/1488
f 1475/1475/1475 1489/1489/1489 1476/1476/1476
f 1475/1475/1475 1488/1488/1488 1489/1489/1489
f 1476/1476/1476 1490/1490/1490 1477/1477/1477
f 1476/1476/1476 1489/1489/1489 1490/1490/1490
f 1477/1477/1477 1491/1491/1491 1478/1478/1478
f 1477/1477/1477 1490/1490/1490 1491/1491/1491
f 1478/1478/1478 1492/1492/1492 1479/1479/1479
f 1478/1478/1478 1491/1491/1491 1492/1492/1492
f 1479/1479/1479 1493/1493/1493 1480/1480/1480
f 1479/1479/1479 1492/1492/1492 1493/1493/1493
f 1480/1480/1480 1494/1494/1494 1481/1481/1481
f 1480/1480/1480 1493/1493/1493 1494/1494/1494
f 1481/1481/1481 1495/1495/1495 1482/1482/1482
f 1481/1481/1481 1494/1494/1494 1495/1495/1495
f 1483/1483/1483 1497/1497/1497 1484/1484/1484
f 1483/1483/1483 1496/1496/1496 1497/1497/1497
f 1484/1484/1484 1498/1498/1498 1485/1485/1485
f 1484/1484/1484 1497/1497/1497 1498/1498/1498
f 1485/1485/1485 1499/1499/1499 1486/1486/1486
f 1485/1485/1485 1498/1498/1498 1499/1499/1499
f 1486/1486/1486 1500/1500/1500 1487/1487/1487
f 1486/1486/1486 1499/1499/1499 1500/1500/1500
f 1487/1487/1487 1501/1501/1501 1488/1488/1488
f 1487/1487/1487 1500/1500/1500 1501/1501/1501
f 1488/1488/1488 1502/1502/1502 1489/1489/1489
f 1488/1488/1488 1501/1501/1501 1502/1502/1502
f 1489/1489/1489 1503/1503/1503 1490/1490/1490
f 1489/1489/1489 1502/1502/1502 1503/1503/1503
f 1490/1490/1490 1504/1504/1504 1491/1491/1491
f 1490/1490/1490 1503/1503/1503 1504/1504/1504
f 1491/1491/1491 1505/1505/1505 1492/1492/1492
f 1491/1491/1491 1504/1504/1504 1505/1505/1505
f 1492/1492/1492 1506/1506/1506 1493/1493/1493
f 1492/1492/1492 1505/1505/1505 1506/1506/1506
f 1493/1493/1493 1507/1507/1507 1494/1494/1494
f 1493/1493/1493 1506/1506/1506 1507/1507/1507
f 1494/1494/1494 1508/1508/1508 1495/1495/1495
f 1494/1494/1494 1507/1507/1507 1508/1508/1508
f 1496/1496/1496 1510/1510/1510 1497/1497/1497
f 1496/1496/1496 1509/1509/1509 1510/1510/1510
f 1497/1497/1497 1511/1511/1511 1498/1498/1498
f 1497/1497/1497 1510/1510/1510 1511/1511/1511
f 1498/1498/1498 1512/1512/1512 1499/1499/1499
f 1498/1498/1498 1511/1511/1511 1512/1512/1512
f 1499/1499/1499 1513/1513/1513 1500/1500/1500
f 1499/1499/1499 1512/1512/1512 1513/1513/1513
f 1500/1500/1500 1514/1514/1514 1501/1501/1501
f 1500/1500/1500 1513/1513/1513 1514/1514/1514
f 1501/1501/1501 1515/1515/1515 1502/1502/1502
f 1501/1501/1501 1514/1514/1514 1515/1515/1515
f 1502/1502/1502 1516/1516/1516 1503/1503/1503
f 1502/1502/1502 1515/1515/1515 1516/1516/1516
f 1503/1503/1503 1517/1517/1517 1504/1504/1504
f 1503/1503/1503 1516/1516/1516 1517/1517/1517
f 1504/1504/1504 1518/1518/1518 1505/1505/1505
f 1504/1504/1504 1517/1517/1517 1518/1518/1518
f 1505/1505/1505 1519/1519/1519 1506/1506/1506
f 1505/1505/1505 1518/1518/1518 1519/1519/1519
f 1506/1506/1506 1520/1520/1520 1507/1507/1507
f 1506/1506/1506 1519/1519/1519 1520/1520/1520
f 1507/1507/1507 1521/1521/1521 1508/1508/1508
f 1507/1507/1507 1520/1520/1520 1521/1521/1521
f 1522/1522/1522 1536/1536/1536 1523/1523/1523
f 1522/1522/1522 1535/1535/1535 1536/1536/1536
f 1523/1523/1523 1537/1537/1537 1524/1524/1524
f 1523/1523/1523 1536/1536/1536 1537/1537/1537
f 1524/1524/1524 1538/1538/1538 1525/1525/1525
f 1524/1524/1524 1537/1537/1537 1538/1538/1538
f 1525/1525/1525 1539/1539/1539 1526/1526/1526
f 1525/1525/1525 1538/1538/1538 1539/1539/1539
f 1526/1526/1526 1540/1540/1540 1527/1527/1527
f 1526/1526/1526 1539/1539/1539 1540/1540/1540
f 1527/1527/1527 1541/1541/1541 1528/1528/1528
f 1527/1527/1527 1540/1540/1540 1541/1541/1541
f 1528/1528/1528 1542/1542/1542 1529/1529/1529
f 1528/1528/1528 1541/1541/1541 1542/1542/1542
f 1529/1529/1529 1543/1543/1543 1530/1530/1530
f 1529/1529/1529 1542/1542/1542 1543/1543/1543
f 1530/1530/1530 1544/1544/1544 1531/1531/1531
f 1530/1530/1530 1543/1543/1543 1544/1544/1544
f 1531/1531/1531 1545/1545/1545 1532/1532/1532
f 1531/1531/1531 1544/1544/1544 1545/1545/1545
f 1532/1532/1532 1546/1546/1546 1533/1533/1533
f 1532/1532/1532 1545/1545/1545 1546/1546/1546
f 1533/1533/1533 1547/1547/1547 1534/1534/1534
f 1533/1533/1533 1546/1546/1546 1547/1547/1547
f 1535/1535/1535 1549/1549/1549 1536/1536/1536
f 1535/1535/1535 1548/1548/1548 1549/1549/1549
f 1536/1536/1536 1550/1550/1550 1537/1537/1537
f 1536/1536/1536 1549/1549/1549 1550/1550/1550
f 1537/1537/1537 1551/1551/1551 1538/1538/1538
f 1537/1537/1537 1550/1550/1550 1551/1551/1551
f 1538/1538/1538 1552/1552/1552 1539/1539/1539
f 1538/1538/1538 1551/1551/1551 1552/1552/1552
f 1539/1539/1539 1553/1553/1553 1540/1540/1540
f 1539/1539/1539 1552/1552/1552 1553/1553/1553
f 1540/1540/1540 1554/1554/1554 1541/1541/1541
f 1540/1540/1540 1553/1553/1553 1554/1554/1554
f 1541/1541/1541 1555/1555/1555 1542/1542/1542
f 1541/1541/1541 1554/1554/1554 1555/1555/1555
f 1542/1542/1542 1556/1556/1556 1543/1543/1543
f 1542/1542/1542 1555/1555/1555 1556/1556/1556
f 1543/1543/1543 1557/1557/1557 1544/1544/1544
f 1543/1543/1543 1556/1556/1556 1557/1557/1557
f 1544/1544/1544 1558/1558/1558 1545/1545/1545
f 1544/1544/1544 1557/1557/1557 1558/1558/1558
f 1545/1545/1545 1559/1559/1559 1546/1546/1546
f 1545/1545/1545 1558/1558/1558 1559/1559/1559
f 1546/1546/1546 1560/1560/1560 1547/1547/1547
f 1546/1546/1546 1559/1559/1559 1560/1560/1560
f 1548/1548/1548 1562/1562/1562 1549/1549/1549
f 1548/1548/1548 1561/1561/1561 1562/1562/1562
f 1549/1549/1549 1563/1563/1563 1550/1550/1550
f 1549/1549/1549 1562/1562/1562 1563/1563/1563
f 1550/1550/1550 1564/1564/1564 1551/1551/1551
f 1550/1550/1550 1563/1563/1563 1564/1564/1564
f 1551/1551/1551 1565/1565/1565 1552/1552/1552
f 1551/1551/1551 1564/1564/1564 1565/1565/1565
f 1552/1552/1552 1566/1566/1566 1553/1553/1553
f 1552/1552/1552 1565/1565/1565 1566/1566/1566
f 1553/1553/1553 1567/1567/1567 1554/1554/1554
f 1553/1553/1553 1566/1566/1566 1567/1567/1567
f 1554/1554/1554 1568/1568/1568 1555/1555/1555
f 1554/1554/1554 1567/1567/1567 1568/1568/1568
f 1555/1555/1555 1569/1569/1569 1556/1556/1556
f 1555/1555/1555 1568/1568/1568 1569/1569/1569
f 1556/1556/1556 1570/1570/1570 1557/1557/1557
f 1556/1556/1556 1569/1569/1569 1570/1570/1570
f 1557/1557/1557 1571/1571/1571 1558/1558/1558
f 1557/1557/1557 1570/1570/1570 1571/1571/1571
f 1558/1558/1558 1572/1572/1572 1559/1559/1559
f 1558/1558/1558 1571/1571/1571 1572/1572/1572
f 1559/1559/1559 1573/1573/1573 1560/1560/1560
f 1559/1559/1559 1572/1572/1572 1573/1573/1573
f 1561/1561/1561 1575/1575/1575 1562/1562/1562
f 1561/1561/1561 1574/1574/1574 1575/1575/1575
f 1562/1562/1562 1576/1576/1576 1563/1563/1563
f 1562/1562/1562 1575/1575/1575 1576/1576/1576
f 1563/1563/1563 1577/1577/1577 1564/1564/1564
f 1563/1563/1563 1576/1576/1576 1577/1577/1577
f 1564/1564/1564 1578/1578/1578 1565/1565/1565
f 1564/1564/1564 1577/1577/1577 1578/1578/1578
f 1565/1565/1565 1579/1579/1579 1566/1566/1566
f 1565/1565/1565 1578/1578/1578 1579/1579/1579
f 1566/1566/1566 1580/1580/1580 1567/1567/1567
f 1566/1566/1566 1579/1579/1579 1580/1580/1580
f 1567/1567/1567 1581/1581/1581 1568/1568/1568
f 1567/1567/1567 1580/1580/1580 1581/1581/1581
f 1568/1568/1568 1582/1582/1582 1569/1569/1569
f 1568/1568/1568 1581/1581/1581 1582/1582/1582
f 1569/1569/1569 1583/1583/1583 1570/1570/1570
f 1569/1569/1569 1582/1582/1582 1583/1583/1583
f 1570/1570/1570 1584/1584/1584 1571/1571/1571
f 1570/1570/1570 1583/1583/1583 1584/1584/1584
f 1571/1571/1571 1585/1585/1585 1572/1572/1572
f 1571/1571/1571 1584/1584/1584 1585/1585/1585
f 1572/1572/1572 1586/1586/1586 1573/1573/1573
f 1572/1572/1572 1585/1585/1585 1586/1586/1586
f 1574/1574/1574 1588/1588/1588 1575/1575/1575
f 1574/1574/1574 1587/1587/1587 1588/1588/1588
f 1575/1575/1575 1589/1589/1589 1576/1576/1576
f 1575/1575/1575 1588/1588/1588 1589/1589/1589
f 1576/1576/1576 1590/1590/1590 1577/1577/1577
f 1576/1576/1576 1589/1589/1589 1590/1590/1590
f 1577/1577/1577 1591/1591/1591 1578/1578/1578
f 1577/1577/1577 1590/1590/1590 1591/1591/1591
f 1578/1578/1578 1592/1592/1592 1579/1579/1579
f 1578/1578/1578 1591/1591/1591 1592/1592/1592
f 1579/1579/1579 1593/1593/1593 1580/1580/1580
f 1579/1579/1579 1592/1592/1592 1593/1593/1593
f 1580/1580/1580 1594/1594/1594 1581/1581/1581
f 1580/1580/1580 1593/1593/1593 1594/1594/1594
f 1581/1581/1581 1595/1595/1595 1582/1582/1582
f 1581/1581/1581 1594/1594/1594 1595/1595/1595
f 1582/1582/1582 1596/1596/1596 1583/1583/1583
f 1582/1582/1582 1595/1595/1595 1596/1596/1596
f 1583/1583/1583 1597/1597/1597 1584/1584/1584
f 1583/1583/1583 1596/1596/1596 1597/1597/1597
f 1584/1584/1584 1598/1598/1598 1585/1585/1585
f 1584/1584/1584 1597/1597/1597 1598/1598/1598
f 1585/1585/1585 1599/1599/1599 1586/1586/1586
f 1585/1585/1585 1598/1598/1598 1599/1599/1599
f 1587/1587/1587 1601/1601/1601 1588/1588/1588
f 1587/1587/1587 1600/1600/1600 1601/1601/1601
f 1588/1588/1588 1602/1602/1602 1589/1589/1589
f 1588/1588/1588 1601/1601/1601 1602/1602/1602
f 1589/1589/1589 1603/1603/1603 1590/1590/1590
f 1589/1589/1589 1602/1602/1602 1603/1603/1603
f 1590/1590/1590 1604/1604/1604 1591/1591/1591
f 1590/1590/1590 1603/1603/1603 1604/1604/1604
f 1591/1591/1591 1605/1605/1605 1592/1592/1592
f 1591/1591/1591 1604/1604/1604 1605/1605/1605
f 1592/1592/1592 1606/1606/1606 1593/1593/1593
f 1592/1592/1592 1605/1605/1605 1606/1606/1606
f 1593/1593/1593 1607/1607/1607 1594/1594/1594
f 1593/1593/1593 1606/1606/1606 1607/1607/1607
f 1594/1594/1594 1608/1608/1608 1595/1595/1595
f 1594/1594/1594 1607/1607/1607 1608/1608/1608
f 1595/1595/1595 1609/1609/1609 1596/1596/1596
f 1595/1595/1595 1608/1608/1608 1609/1609/1609
f 1596/1596/1596 1610/1610/1610 1597/1597/1597
f 1596/1596/1596 1609/1609/1609 1610/1610/1610
f 1597/1597/1597 1611/1611/1611 1598/1598/1598
f 1597/1597/1597 1610/1610/1610 1611/1611/1611
f 1598/1598/1598 1612/1612/1612 1599/1599/1599
f 1598/1598/1598 1611/1611/1611 1612/1612/1612
f 1600/1600/1600 1614/1614/1614 1601/1601/1601
f 1600/1600/1600 1613/1613/1613 1614/1614/1614
f 1601/1601/1601 1615/1615/1615 1602/1602/1602
f 1601/1601/1601 1614/1614/1614 1615/1615/1615
f 1602/1602/1602 1616/1616/1616 1603/1603/1603
f 1602/1602/1602 1615/1615/1615 1616/1616/1616
f 1603/1603/1603 1617/1617/1617 1604/1604/1604
f 1603/1603/1603 1616/1616/1616 1617/1617/1617
f 1604/1604/1604 1618/1618/1618 1605/1605/1605
f 1604/1604/1604 1617/1617/1617 1618/1618/1618
f 1605/1605/1605 1619/1619/1619 1606/1606/1606
f 1605/1605/1605 1618/1618/1618 1619/1619/1619
f 1606/1606/1606 1620/1620/1620 1607/1607/1607
f 1606/1606/1606 1619/1619/1619 1620/1620/1620
f 1607/1607/1607 1621/1621/1621 1608/1608/1608
f 1607/1607/1607 1620/1620/1620 1621/1621/1621
f 1608/1608/1608 1622/1622/1622 1609/1609/1609
f 1608/1608/1608 1621/1621/1621 1622/1622/1622
f 1609/1609/1609 1623/1623/1623 1610/1610/1610
f 1609/1609/1609 1622/1622/1622 1623/1623/1623
f 1610/1610/1610 1624/1624/1624 1611/1611/1611
f 1610/1610/1610 1623/1623/1623 1624/1624/1624
f 1611/1611/1611 1625/1625/1625 1612/1612/1612
f 1611/1611/1611 1624/1624/1624 1625/1625/1625
f 1613/1613/1613 1627/1627/1627 1614/1614/1614
f 1613/1613/1613 1626/1626/1626 1627/1627/1627
f 1614/1614/1614 1628/1628/1628 1615/1615/1615
f 1614/1614/1614 1627/1627/1627 1628/1628/1628
f 1615/1615/1615 1629/1629/1629 1616/1616/1616
f 1615/1615/1615 1628/1628/1628 1629/1629/1629
f 1616/1616/1616 1630/1630/1630 1617/1617/1617
f 1616/1616/1616 1629/1629/1629 1630/1630/1630
f 1617/1617/1617 1631/1631/1631 1618/1618/1618
f 1617/1617/1617 1630/1630/1630 1631/1631/1631
f 1618/1618/1618 1632/1632/1632 1619/1619/1619
f 1618/1618/1618 1631/1631/1631 1632/1632/1632
f 1619/1619/1619 1633/1633/1633 1620/1620/1620
f 1619/1619/1619 1632/1632/1632 1633/1633/1633
f 1620/1620/1620 1634/1634/1634 1621/1621/1621
f 1620/1620/1620 1633/1633/1633 1634/1634/1634
f 1621/1621/1621 1635/1635/1635 1622/1622/1622
f 1621/1621/1621 1634/1634/1634 1635/1635/1635
f 1622/1622/1622 1636/1636/1636 1623/1623/1623
f 1622/1622/1622 1635/1635/1635 1636/1636/1636
f 1623/1623/1623 1637/1637/1637 1624/1624/1624
f 1623/1623/1623 1636/1636/1636 1637/1637/1637
f 1624/1624/1624 1638/1638/1638 1625/1625/1625
f 1624/1624/1624 1637/1637/1637 1638/1638/1638
f 1626/1626/1626 1640/1640/1640 1627/1627/1627
f 1626/1626/1626 1639/1639/1639 1640/1640/1640
f 1627/1627/1627 1641/1641/1641 1628/1628/1628
f 1627/1627/1627 1640/1640/1640 1641/1641/1641
f 1628/1628/1628 1642/1642/1642 1629/1629/1629
f 1628/1628/1628 1641/1641/1641 1642/1642/1642
f 1629/1629/1629 1643/1643/1643 1630/1630/1630
f 1629/1629/1629 1642/1642/1642 1643/1643/1643
f 1630/1630/1630 1644/1644/1644 1631/1631/1631
f 1630/1630/1630 1643/1643/1643 1644/1644/1644
f 1631/1631/1631 1645/1645/1645 1632/1632/1632
f 1631/1631/1631 1644/1644/1644 1645/1645/1645
f 1632/1632/1632 1646/1646/1646 1633/1633/1633
f 1632/1632/1632 1645/1645/1645 1646/1646/1646
f 1633/1633/1633 1647/1647/1647 1634/1634/1634
f 1633/1633/1633 1646/1646/1646 1647/1647/1647
f 1634/1634/1634 1648/1648/1648 1635/1635/1635
f 1634/1634/1634 1647/1647/1647 1648/1648/1648
f 1635/1635/1635 1649/1649/1649 1636/1636/1636
f 1635/1635/1635 1648/1648/1648 1649/1649/1649
f 1636/1636/1636 1650/1650/1650 1637/1637/1637
f 1636/1636/1636 1649/1649/1649 1650/1650/1650
f 1637/1637/1637 1651/1651/1651 1638/1638/1638
f 1637/1637/1637 1650/1650/1650 1651/1651/1651
f 1639/1639/1639 1653/1653/1653 1640/1640/1640
f 1639/1639/1639 1652/1652/1652 1653/1653/1653
f 1640/1640/1640 1654/1654/1654 1641/1641/1641
f 1640/1640/1640 1653/1653/1653 1654/1654/1654
f 1641/1641/1641 1655/1655/1655 1642/1642/1642
f 1641/1641/1641 1654/1654/1654 1655/1655/1655
f 1642/1642/1642 1656/1656/1656 1643/1643/1643
f 1642/1642/1642 1655/1655/1655 1656/1656/1656
f 1643/1643/1643 1657/1657/1657 1644/1644/1644
f 1643/1643/1643 1656/1656/1656 1657/1657/1657
f 1644/1644/1644 1658/1658/1658 1645/1645/1645
f 1644/1644/1644 1657/1657/1657 1658/1658/1658
f 1645/1645/1645 1659/1659/1659 1646/1646/1646
f 1645/1645/1645 1658/1658/1658 1659/1659/1659
f 1646/1646/1646 1660/1660/1660 1647/1647/1647
f 1646/1646/1646 1659/1659/1659 1660/1660/1660
f 1647/1647/1647 1661/1661/1661 1648/1648/1648
f 1647/1647/1647 1660/1660/1660 1661/1661/1661
f 1648/1648/1648 1662/1662/1662 1649/1649/1649
f 1648/1648/1648 1661/1661/1661 1662/1662/1662
f 1649/1649/1649 1663/1663/1663 1650/1650/1650
f 1649/1649/1649 1662/1662/1662 1663/1663/1663
f 1650/1650/1650 1664/1664/1664 1651/1651/1651
f 1650/1650/1650 1663/1663/1663 1664/1664/1664
f 1652/1652/1652 1666/1666/1666 1653/1653/1653
f 1652/1652/1652 1665/1665/1665 1666/1666/1666
f 1653/1653/1653 1667/1667/1667 1654/1654/1654
f 1653/1653/1653 1666/1666/1666 1667/1667/1667
f 1654/1654/1654 1668/1668/1668 1655/1655/1655
f 1654/1654/1654 1667/1667/1667 1668/1668/1668
f 1655/1655/1655 1669/1669/1669 1656/1656/1656
f 1655/1655/1655 1668/1668/1668 1669/1669/1669
f 1656/1656/1656 1670/1670/1670 1657/1657/1657
f 1656/1656/1656 1669/1669/1669 1670/1670/1670
f 1657/1657/1657 1671/1671/1671 1658/1658/1658
f 1657/1657/1657 1670/1670/1670 1671/1671/1671
f 1658/1658/1658 1672/1672/1672 1659/1659/1659
f 1658/1658/1658 1671/1671/1671 1672/1672/1672
f 1659/1659/1659 1673/1673/1673 1660/1660/1660
f 1659/1659/1659 1672/1672/1672 1673/1673/1673
f 1660/1660/1660 1674/1674/1674 1661/1661/1661
f 1660/1660/1660 1673/1673/1673 1674/1674/1674
f 1661/1661/1661 1675/1675/1675 1662/1662/1662
f 1661/1661/1661 1674/1674/1674 1675/1675/1675
f 1662/1662/1662 1676/1676/1676 1663/1663/1663
f 1662/1662/1662 1675/1675/1675 1676/1676/1676
f 1663/1663/1663 1677/1677/1677 1664/1664/1664
f 1663/1663/1663 1676/1676/1676 1677/1677/1677
f 1665/1665/1665 1679/1679/1679 1666/1666/1666
f 1665/1665/1665 1678/1678/1678 1679/1679/1679
f 1666/1666/1666 1680/1680/1680 1667/1667/1667
f 1666/1666/1666 1679/1679/1679 1680/1680/1680
f 1667/1667/1667 1681/1681/1681 1668/1668/1668
f 1667/1667/1667 1680/1680/1680 1681/1681/1681
f 1668/1668/1668 1682/1682/1682 1669/1669/1669
f 1668/1668/1668 1681/1681/1681 1682/1682/1682
f 1669/1669/1669 1683/1683/1683 1670/1670/1670
f 1669/1669/1669 1682/1682/1682 1683/1683/1683
f 1670/1670/1670 1684/1684/1684 1671/1671/1671
f 1670/1670/1670 1683/1683/1683 1684/1684/1684
f 1671/1671/1671 1685/1685/1685 1672/1672/1672
f 1671/1671/1671 1684/1684/1684 1685/1685/1685
f 1672/1672/1672 1686/1686/1686 1673/1673/1673
f 1672/1672/1672 1685/1685/1685 1686/1686/1686
f 1673/1673/1673 1687/1687/1687 1674/1674/1674
f 1673/1673/1673 1686/1686/1686 1687/1687/1687
f 1674/1674/1674 1688/1688/1688 1675/1675/1675
f 1674/1674/1674 1687/1687/1687 1688/1688/1688
f 1675/1675/1675 1689/1689/1689 1676/1676/1676
f 1675/1675/1675 1688/1688/1688 1689/1689/1689
f 1676/1676/1676 1690/1690/1690 1677/1677/1677
f 1676/1676/1676 1689/1689/1689 1690/1690/1690
f 1691/1691/1691 1705/1705/1705 1692/1692/1692
f 1691/1691/1691 1704/1704/1704 1705/1705/1705
f 1692/1692/1692 1706/1706/1706 1693/1693/1693
f 1692/1692/1692 1705/1705/1705 1706/1706/1706
f 1693/1693/1693 1707/1707/1707 1694/1694/1694
f 1693/1693/1693 1706/1706/1706 1707/1707/1707
f 1694/1694/1694 1708/1708/1708 1695/1695/1695
f 1694/1694/1694 1707/1707/1707 1708/1708/1708
f 1695/1695/1695 1709/1709/1709 1696/1696/1696
f 1695/1695/1695 1708/1708/1708 1709/1709/1709
f 1696/1696/1696 1710/1710/1710 1697/1697/1697
f 1696/1696/1696 1709/1709/1709 1710/1710/1710
f 1697/1697/1697 1711/1711/1711 1698/1698/1698
f 1697/1697/1697 1710/1710/1710 1711/1711/1711
f 1698/1698/1698 1712/1712/1712 1699/1699/1699
f 1698/1698/1698 1711/1711/1711 1712/1712/1712
f 1699/1699/1699 1713/1713/1713 1700/1700/1700
f 1699/1699/1699 1712/1712/1712 1713/1713/1713
f 1700/1700/1700 1714/1714/1714 1701/1701/1701
f 1700/1700/1700 1713/1713/1713 1714/1714/1714
f 1701/1701/1701 1715/1715/1715 1702/1702/1702
f 1701/1701/1701 1714/1714/1714 1715/1715/1715
f 1702/1702/1702 1716/1716/1716 1703/1703/1703
f 1702/1702/1702 1715/1715/1715 1716/1716/1716
f 1704/1704/1704 1718/1718/1718 1705/1705/1705
f 1704/1704/1704 1717/1717/1717 1718/1718/1718
f 1705/1705/1705 1719/1719/1719 1706/1706/1706
f 1705/1705/1705 1718/1718/1718 1719/1719/1719
f 1706/1706/1706 1720/1720/1720 1707/1707/1707
f 1706/1706/1706 1719/1719/1719 1720/1720/1720
f 1707/1707/1707 1721/1721/1721 1708/1708/1708
f 1707/1707/1707 1720/1720/1720 1721/1721/1721
f 1708/1708/1708 1722/1722/1722 1709/1709/1709
f 1708/1708/1708 1721/1721/1721 1722/1722/1722
f 1709/1709/1709 1723/1723/1723 1710/1710/1710
f 1709/1709/1709 1722/1722/1722 1723/1723/1723
f 1710/1710/1710 1724/1724/1724 1711/1711/1711
f 1710/1710/1710 1723/1723/1723 1724/1724/1724
f 1711/1711/1711 1725/1725/1725 1712/1712/1712
f 1711/1711/1711 1724/1724/1724 1725/1725/1725
f 1712/1712/1712 1726/1726/1726 1713/1713/1713
f 1712/1712/1712 1725/1725/1725 1726/1726/1726
f 1713/1713/1713 1727/1727/1727 1714/1714/1714
f 1713/1713/1713 1726/1726/1726 1727/1727/1727
f 1714/1714/1714 1728/1728/1728 1715/1715/1715
f 1714/1714/1714 1727/1727/1727 1728/1728/1728
f 1715/1715/1715 1729/1729/1729 1716/1716/1716
f 1715/1715/1715 1728/1728/1728 1729/1729/1729
f 1717/1717/1717 1731/1731/1731 1718/1718/1718
f 1717/1717/1717 1730/1730/1730 1731/1731/1731
f 1718/1718/1718 1732/1732/1732 1719/1719/1719
f 1718/1718/1718 1731/1731/1731 1732/1732/1732
f 1719/1719/1719 1733/1733/1733 1720/1720/1720
f 1719/1719/1719 1732/1732/1732 1733/1733/1733
f 1720/1720/1720 1734/1734/1734 1721/1721/1721
f 1720/1720/1720 1733/1733/1733 1734/1734/1734
f 1721/1721/1721 1735/1735/1735 1722/1722/1722
f 1721/1721/1721 1734/1734/1734 1735/1735/1735
f 1722/1722/1722 1736/1736/1736 1723/1723/1723
f 1722/1722/1722 1735/1735/1735 1736/1736/1736
f 1723/1723/1723 1737/1737/1737 1724/1724/1724
f 1723/1723/1723 1736/1736/1736 1737/1737/1737
f 1724/1724/1724 1738/1738/1738 1725/1725/1725
f 1724/1724/1724 1737/1737/1737 1738/1738/1738
f 1725/1725/1725 1739/1739/1739 1726/1726/1726
f 1725/1725/1725 1738/1738/1738 1739/1739/1739
f 1726/1726/1726 1740/1740/1740 1727/1727/1727
f 1726/1726/1726 1739/1739/1739 1740/1740/1740
f 1727/1727/1727 1741/1741/1741 1728/1728/1728
f 1727/1727/1727 1740/1740/1740 1741/1741/1741
f 1728/1728/1728 1742/1742/1742 1729/1729/1729
f 1728/1728/1728 1741/1741/1741 1742/1742/1742
f 1730/1730/1730 1744/1744/1744 1731/1731/1731
f 1730/1730/1730 1743/1743/1743 1744/1744/1744
f 1731/1731/1731 1745/1745/1745 1732/1732/1732
f 1731/1731/1731 1744/1744/1744 1745/1745/1745
f 1732/1732/1732 1746/1746/1746 1733/1733/1733
f 1732/1732/1732 1745/1745/1745 1746/1746/1746
f 1733/1733/1733 1747/1747/1747 1734/1734/1734
f 1733/1733/1733 1746/1746/1746 1747/1747/1747
f 1734/1734/1734 1748/1748/1748 1735/1735/1735
f 1734/1734/1734 1747/1747/1747 1748/1748/1748
f 1735/1735/1735 1749/1749/1749 1736/1736/1736
f 1735/1735/1735 1748/1748/1748 1749/1749/1749
f 1736/1736/1736 1750/1750/1750 1737/1737/1737
f 1736/1736/1736 1749/1749/1749 1750/1750/1750
f 1737/1737/1737 1751/1751/1751 1738/1738/1738
f 1737/1737/1737 1750/1750/1750 1751/1751/1751
f 1738/1738/1738 1752/1752/1752 1739/1739/1739
f 1738/1738/1738 1751/1751/1751 1752/1752/1752
f 1739/1739/1739 1753/1753/1753 1740/1740/1740
f 1739/1739/1739 1752/1752/1752 1753/1753/1753
f 1740/1740/1740 1754/1754/1754 1741/1741/1741
f 1740/1740/1740 1753/1753/1753 1754/1754/1754
f 1741/1741/1741 1755/1755/1755 1742/1742/1742
f 1741/1741/1741 1754/1754/1754 1755/1755/1755
f 1743/1743/1743 1757/1757/1757 1744/1744/1744
f 1743/1743/1743 1756/1756/1756 1757/1757/1757
f 1744/1744/1744 1758/1758/1758 1745/1745/1745
f 1744/1744/1744 1757/1757/1757 1758/1758/1758
f 1745/1745/1745 1759/1759/1759 1746/1746/1746
f 1745/1745/1745 1758/1758/1758 1759/1759/1759
f 1746/1746/1746 1760/1760/1760 1747/1747/1747
f 1746/1746/1746 1759/1759/1759 1760/1760/1760
f 1747/1747/1747 1761/1761/1761 1748/1748/1748
f 1747/1747/1747 1760/1760/1760 1761/1761/1761
f 1748/1748/1748 1762/1762/1762 1749/1749/1749
f 1748/1748/1748 1761/1761/1761 1762/1762/1762
f 1749/1749/1749 1763/1763/1763 1750/1750/1750
f 1749/1749/1749 1762/1762/1762 1763/1763/1763
f 1750/1750/1750 1764/1764/1764 1751/1751/1751
f 1750/1750/1750 1763/1763/1763 1764/1764/1764
f 1751/1751/1751 1765/1765/1765 1752/1752/1752
f 1751/1751/1751 1764/1764/1764 1765/1765/1765
f 1752/1752/1752 1766/1766/1766 1753/1753/1753
f 1752/1752/1752 1765/1765/1765 1766/1766/1766
f 1753/1753/1753 1767/1767/1767 1754/1754/1754
f 1753/1753/1753 1766/1766/1766 1767/1767/1767
f 1754/1754/1754 1768/1768/1768 1755/1755/1755
f 1754/1754/1754 1767/1767/1767 1768/1768/1768
f 1756/1756/1756 1770/1770/1770 1757/1757/1757
f 1756/1756/1756 1769/1769/1769 1770/1770/1770
f 1757/1757/1757 1771/1771/1771 1758/1758/1758
f 1757/1757/1757 1770/1770/1770 1771/1771/1771
f 1758/1758/1758 1772/1772/1772 1759/1759/1759
f 1758/1758/1758 1771/1771/1771 1772/1772/1772
f 1759/1759/1759 1773/1773/1773 1760/1760/1760
f 1759/1759/1759 1772/1772/1772 1773/1773/1773
f 1760/1760/1760 1774/1774/1774 1761/1761/1761
f 1760/1760/1760 1773/1773/1773 1774/1774/1774
f 1761/1761/1761 1775/1775/1775 1762/1762/1762
f 1761/1761/1761 1774/1774/1774 1775/1775/1775
f 1762/1762/1762 1776/1776/1776 1763/1763/1763
f 1762/1762/1762 1775/1775/1775 1776/1776/1776
f 1763/1763/1763 1777/1777/1777 1764/1764/1764
f 1763/1763/1763 1776/1776/1776 1777/1777/1777
f 1764/1764/1764 1778/1778/1778 1765/1765/1765
f 1764/1764/1764 1777/1777/1777 1778/1778/1778
f 1765/1765/1765 1779/1779/1779 1766/1766/1766
f 1765/1765/1765 1778/1778/1778 1779/1779/1779
f 1766/1766/1766 1780/1780/1780 1767/1767/1767
f 1766/1766/1766 1779/1779/1779 1780/1780/1780
f 1767/1767/1767 1781/1781/1781 1768/1768/1768
f 1767/1767/1767 1780/1780/1780 1781/1781/1781
f 1769/1769/1769 1783/1783/1783 1770/1770/1770
f 1769/1769/1769 1782/1782/1782 1783/1783/1783
f 1770/1770/1770 1784/1784/1784 1771/1771/1771
f 1770/1770/1770 1783/1783/1783 1784/1784/1784
f 1771/1771/1771 1785/1785/1785 1772/1772/1772
f 1771/1771/1771 1784/1784/1784 1785/1785/1785
f 1772/1772/1772 1786/1786/1786 1773/1773/1773
f 1772/1772/1772 1785/1785/1785 1786/1786/1786
f 1773/1773/1773 1787/1787/1787 1774/1774/1774
f 1773/1773/1773 1786/1786/1786 1787/1787/1787
f 1774/1774/1774 1788/1788/1788 1775/1775/1775
f 1774/1774/1774 1787/1787/1787 1788/1788/1788
f 1775/1775/1775 1789/1789/1789 1776/1776/1776
f 1775/1775/1775 1788/1788/1788 1789/1789/1789
f 1776/1776/1776 1790/1790/1790 1777/1777/1777
f 1776/1776/1776 1789/1789/1789 1790/1790/1790
f 1777/1777/1777 1791/1791/1791 1778/1778/1778
f 1777/1777/1777 1790/1790/1790 1791/1791/1791
f 1778/1778/1778 1792/1792/1792 1779/1779/1779
f 1778/1778/1778 1791/1791/1791 1792/1792/1792
f 1779/1779/1779 1793/1793/1793 1780/1780/1780
f 1779/1779/1779 1792/1792/1792 1793/1793/1793
f 1780/1780/1780 1794/1794/1794 1781/1781/1781
f 1780/1780/1780 1793/1793/1793 1794/1794/1794
f 1782/1782/1782 1796/1796/1796 1783/1783/1783
f 1782/1782/1782 1795/1795/1795 1796/1796/1796
f 1783/1783/1783 1797/1797/1797 1784/1784/1784
f 1783/1783/1783 1796/1796/1796 1797/1797/1797
f 1784/1784/1784 1798/1798/1798 1785/1785/1785
f 1784/1784/1784 1797/1797/1797 1798/1798/1798
f 1785/1785/1785 1799/1799/1799 1786/1786/1786
f 1785/1785/1785 1798/1798/1798 1799/1799/1799
f 1786/1786/1786 1800/1800/1800 1787/1787/1787
f 1786/1786/1786 1799/1799/1799 1800/1800/1800
f 1787/1787/1787 1801/1801/1801 1788/1788/1788
f 1787/1787/1787 1800/1800/1800 1801/1801/1801
f 1788/1788/1788 1802/1802/1802 1789/1789/1789
f 1788/1788/1788 1801/1801/1801 1802/1802/1802
f 1789/1789/1789 1803/1803/1803 1790/1790/1790
f 1789/1789/1789 1802/1802/1802 1803/1803/1803
f 1790/1790/1790 1804/1804/1804 1791/1791/1791
f 1790/1790/1790 1803/1803/1803 1804/1804/1804
f 1791/1791/1791 1805/1805/1805 1792/1792/1792
f 1791/1791/1791 1804/1804/1804 1805/1805/1805
f 1792/1792/1792 1806/1806/1806 1793/1793/1793
f 1792/1792/1792 1805/1805/1805 1806/1806/1806
f 1793/1793/1793 1807/1807/1807 1794/1794/1794
f 1793/1793/1793 1806/1806/1806 1807/1807/1807
f 1795/1795/1795 1809/1809/1809 1796/1796/1796
f 1795/1795/1795 1808/1808/1808 1809/1809/1809
f 1796/1796/1796 1810/1810/1810 1797/1797/1797
f 1796/1796/1796 1809/1809/1809 1810/1810/1810
f 1797/1797/1797 1811/1811/1811 1798/1798/1798
f 1797/1797/1797 1810/1810/1810 1811/1811/1811
f 1798/1798/1798 1812/1812/1812 1799/1799/1799
f 1798/1798/1798 1811/1811/1811 1812/1812/1812
f 1799/1799/1799 1813/1813/1813 1800/1800/1800
f 1799/1799/1799 1812/1812/1812 1813/1813/1813
f 1800/1800/1800 1814/1814/1814 1801/1801/1801
f 1800/1800/1800 1813/1813/1813 1814/1814/1814
f 1801/1801/1801 1815/1815/1815 1802/1802/1802
f 1801/1801/1801 1814/1814/1814 1815/1815/1815
f 1802/1802/1802 1816/1816/1816 1803/1803/1803
f 1802/1802/1802 1815/1815/1815 1816/1816/1816
f 1803/1803/1803 1817/1817/1817 1804/1804/1804
f 1803/1803/1803 1816/1816/1816 1817/1817/1817
f 1804/1804/1804 1818/1818/1818 1805/1805/1805
f 1804/1804/1804 1817/1817/1817 1818/1818/1818
f 1805/1805/1805 1819/1819/1819 1806/1806/1806
f 1805/1805/1805 1818/1818/1818 1819/1819/1819
f 1806/1806/1806 1820/1820/1820 1807/1807/1807
f 1806/1806/1806 1819/1819/1819 1820/1820/1820
f 1808/1808/1808 1822/1822/1822 1809/1809/1809
f 1808/1808/1808 1821/1821/1821 1822/1822/1822
f 1809/1809/1809 1823/1823/1823 1810/1810/1810
f 1809/1809/1809 1822/1822/1822 1823/1823/1823
f 1810/1810/1810 1824/1824/1824 1811/1811/1811
f 1810/1810/1810 1823/1823/1823 1824/1824/1824
f 1811/1811/1811 1825/1825/1825 1812/1812/1812
f 1811/1811/1811 1824/1824/1824 1825/1825/1825
f 1812/1812/1812 1826/1826/1826 1813/1813/1813
f 1812/1812/1812 1825/1825/1825 1826/1826/1826
f 1813/1813/1813 1827/1827/1827 1814/1814/1814
f 1813/1813/1813 1826/1826/1826 1827/1827/1827
f 1814/1814/1814 1828/1828/1828 1815/1815/1815
f 1814/1814/1814 1827/1827/1827 1828/1828/1828
f 1815/1815/1815 1829/1829/1829 1816/1816/1816
f 1815/1815/1815 1828/1828/1828 1829/1829/1829
f 1816/1816/1816 1830/1830/1830 1817/1817/1817
f 1816/1816/1816 1829/1829/1829 1830/1830/1830
f 1817/1817/1817 1831/1831/1831 1818/1818/1818
f 1817/1817/1817 1830/1830/1830 1831/1831/1831
f 1818/1818/1818 1832/1832/1832 1819/1819/1819
f 1818/1818/1818 1831/1831/1831 1832/1832/1832
f 1819/1819/1819 1833/1833/1833 1820/1820/1820
f 1819/1819/1819 1832/1832/1832 1833/1833/1833
f 1821/1821/1821 1835/1835/1835 1822/1822/1822
f 1821/1821/1821 1834/1834/1834 1835/1835/1835
f 1822/1822/1822 1836/1836/1836 1823/1823/1823
f 1822/1822/1822 1835/1835/1835 1836/1836/1836
f 1823/1823/1823 1837/1837/1837 1824/1824/1824
f 1823/1823/1823 1836/1836/1836 1837/1837/1837
f 1824/1824/1824 1838/1838/1838 1825/1825/1825
f 1824/1824/1824 1837/1837/1837 1838/1838/1838
f 1825/1825/1825 1839/1839/1839 1826/1826/1826
f 1825/1825/1825 1838/1838/1838 1839/1839/1839
f 1826/1826/1826 1840/1840/1840 1827/1827/1827
f 1826/1826/1826 1839/1839/1839 1840/1840/1840
f 1827/1827/1827 1841/1841/1841 1828/1828/1828
f 1827/1827/1827 1840/1840/1840 1841/1841/1841
f 1828/1828/1828 1842/1842/1842 1829/1829/1829
f 1828/1828/1828 1841/1841/1841 1842/1842/1842
f 1829/1829/1829 1843/1843/1843 1830/1830/1830
f 1829/1829/1829 1842/1842/1842 1843/1843/1843
f 1830/1830/1830 1844/1844/1844 1831/1831/1831
f 1830/1830/1830 1843/1843/1843 1844/1844/1844
f 1831/1831/1831 1845/1845/1845 1832/1832/1832
f 1831/1831/1831 1844/1844/1844 1845/1845/1845
f 1832/1832/1832 1846/1846/1846 1833/1833/1833
f 1832/1832/1832 1845/1845/1845 1846/1846/1846
f 1834/1834/1834 1848/1848/1848 1835/1835/1835
f 1834/1834/1834 1847/1847/1847 1848/1848/1848
f 1835/1835/1835 1849/1849/1849 1836/1836/1836
f 1835/1835/1835 1848/1848/1848 1849/1849/1849
f 1836/1836/1836 1850/1850/1850 1837/1837/1837
f 1836/1836/1836 1849/1849/1849 1850/1850/1850
f 1837/1837/1837 1851/1851/1851 1838/1838/1838
f 1837/1837/1837 1850/1850/1850 1851/1851/1851
f 1838/1838/1838 1852/1852/1852 1839/1839/1839
f 1838/1838/1838 1851/1851/1851 1852/1852/1852
f 1839/1839/1839 1853/1853/1853 1840/1840/1840
f 1839/1839/1839 1852/1852/1852 1853/1853/1853
f 1840/1840/1840 1854/1854/1854 1841/1841/1841
f 1840/1840/1840 1853/1853/1853 1854/1854/1854
f 1841/1841/1841 1855/1855/1855 1842/1842/1842
f 1841/1841/1841 1854/1854/1854 1855/1855/1855
f 1842/1842/1842 1856/1856/1856 1843/1843/1843
f 1842/1842/1842 1855/1855/1855 1856/1856/1856
f 1843/1843/1843 1857/1857/1857 1844/1844/1844
f 1843/1843/1843 1856/1856/1856 1857/1857/1857
f 1844/1844/1844 1858/1858/1858 1845/1845/1845
f 1844/1844/1844 1857/1857/1857 1858/1858/1858
f 1845/1845/1845 1859/1859/1859 1846/1846/1846
f 1845/1845/1845 1858/1858/1858 1859/1859/1859
f 1860/1860/1860 1874/1874/1874 1861/1861/1861
f 1860/1860/1860 1873/1873/1873 1874/1874/1874
f 1861/1861/1861 1875/1875/1875 1862/1862/1862
f 1861/1861/1861 1874/1874/1874 1875/1875/1875
f 1862/1862/1862 1876/1876/1876 1863/1863/1863
f 1862/1862/1862 1875/1875/1875 1876/1876/1876
f 1863/1863/1863 1877/1877/1877 1864/1864/1864
f 1863/1863/1863 1876/1876/1876 1877/1877/1877
f 1864/1864/1864 1878/1878/1878 1865/1865/1865
f 1864/1864/1864 1877/1877/1877 1878/1878/1878
f 1865/1865/1865 1879/1879/1879 1866/1866/1866
f 1865/1865/1865 1878/1878/1878 1879/1879/1879
f 1866/1866/1866 1880/1880/1880 1867/1867/1867
f 1866/1866/1866 1879/1879/1879 1880/1880/1880
f 1867/1867/1867 1881/1881/1881 1868/1868/1868
f 1867/1867/1867 1880/1880/1880 1881/1881/1881
f 1868/1868/1868 1882/1882/1882 1869/1869/1869
f 1868/1868/1868 1881/1881/1881 1882/1882/1882
f 1869/1869/1869 1883/1883/1883 1870/1870/1870
f 1869/1869/1869 1882/1882/1882 1883/1883/1883
f 1870/1870/1870 1884/1884/1884 1871/1871/1871
f 1870/1870/1870 1883/1883/1883 1884/1884/1884
f 1871/1871/1871 1885/1885/1885 1872/1872/1872
f 1871/1871/1871 1884/1884/1884 1885/1885/1885
f 1873/1873/1873 1887/1887/1887 1874/1874/1874
f 1873/1873/1873 1886/1886/1886 1887/1887/1887
f 1874/1874/1874 1888/1888/1888 1875/1875/1875
f 1874/1874/1874 1887/1887/1887 1888/1888/1888
f 1875/1875/1875 1889/1889/1889 1876/1876/1876
f 1875/1875/1875 1888/1888/1888 1889/1889/1889
f 1876/1876/1876 1890/1890/1890 1877/1877/1877
f 1876/1876/1876 1889/1889/1889 1890/1890/1890
f 1877/1877/1877 1891/1891/1891 1878/1878/1878
f 1877/1877/1877 1890/1890/1890 1891/1891/1891
f 1878/1878/1878 1892/1892/1892 1879/1879/1879
f 1878/1878/1878 1891/1891/1891 1892/1892/1892
f 1879/1879/1879 1893/1893/1893 1880/1880/1880
f 1879/1879/1879 1892/1892/1892 1893/1893/1893
f 1880/1880/1880 1894/1894/1894 1881/1881/1881
f 1880/1880/1880 1893/1893/1893 1894/1894/1894
f 1881/1881/1881 1895/1895/1895 1882/1882/1882
f 1881/1881/1881 1894/1894/1894 1895/1895/1895
f 1882/1882/1882 1896/1896/1896 1883/1883/1883
f 1882/1882/1882 1895/1895/1895 1896/1896/1896
f 1883/1883/1883 1897/1897/1897 1884/1884/1884
f 1883/1883/1883 1896/1896/1896 1897/1897/1897
f 1884/1884/1884 1898/1898/1898 1885/1885/1885
f 1884/1884/1884 1897/1897/1897 1898/1898/1898
f 1886/1886/1886 1900/1900/1900 1887/1887/1887
f 1886/1886/1886 1899/1899/1899 1900/1900/1900
f 1887/1887/1887 1901/1901/1901 1888/1888/1888
f 1887/1887/1887 1900/1900/1900 1901/1901/1901
f 1888/1888/1888 1902/1902/1902 1889/1889/1889
f 1888/1888/1888 1901/1901/1901 1902/1902/1902
f 1889/1889/1889 1903/1903/1903 1890/1890/1890
f 1889/1889/1889 1902/1902/1902 1903/1903/1903
f 1890/1890/1890 1904/1904/1904 1891/1891/1891
f 1890/1890/1890 1903/1903/1903 1904/1904/1904
f 1891/1891/1891 1905/1905/1905 1892/1892/1892
f 1891/1891/1891 1904/1904/1904 1905/1905/1905
f 1892/1892/1892 1906/1906/1906 1893/1893/1893
f 1892/1892/1892 1905/1905/1905 1906/1906/1906
f 1893/1893/1893 1907/1907/1907 1894/1894/1894
f 1893/1893/1893 1906/1906/1906 1907/1907/1907
f 1894/1894/1894 1908/1908/1908 1895/1895/1895
f 1894/1894/1894 1907/1907/1907 1908/1908/1908
f 1895/1895/1895 1909/1909/1909 1896/1896/1896
f 1895/1895/1895 1908/1908/1908 1909/1909/1909
f 1896/1896/1896 1910/1910/1910 1897/1897/1897
f 1896/1896/1896 1909/1909/1909 1910/1910/1910
f 1897/1897/1897 1911/1911/1911 1898/1898/1898
f 1897/1897/1897 1910/1910/1910 1911/1911/1911
f 1899/1899/1899 1913/1913/1913 1900/1900/1900
f 1899/1899/1899 1912/1912/1912 1913/1913/1913
f 1900/1900/1900 1914/1914/1914 1901/1901/1901
f 1900/1900/1900 1913/1913/1913 1914/1914/1914
f 1901/1901/1901 1915/1915/1915 1902/1902/1902
f 1901/1901/1901 1914/1914/1914 1915/1915/1915
f 1902/1902/1902 1916/1916/1916 1903/1903/1903
f 1902/1902/1902 1915/1915/1915 1916/1916/1916
f 1903/1903/1903 1917/1917/1917 1904/1904/1904
f 1903/1903/1903 1916/1916/1916 1917/1917/1917
f 1904/1904/1904 1918/1918/1918 1905/1905/1905
f 1904/1904/1904 1917/1917/1917 1918/1918/1918
f 1905/1905/1905 1919/1919/1919 1906/1906/1906
f 1905/1905/1905 1918/1918/1918 1919/1919/1919
f 1906/1906/1906 1920/1920/1920 1907/1907/1907
f 1906/1906/1906 1919/1919/1919 1920/1920/1920
f 1907/1907/1907 1921/1921/1921 1908/1908/1908
f 1907/1907/1907 1920/1920/1920 1921/1921/1921
f 1908/1908/1908 1922/1922/1922 1909/1909/1909
f 1908/1908/1908 1921/1921/1921 1922/1922/1922
f 1909/1909/1909 1923/1923/1923 1910/1910/1910
f 1909/1909/1909 1922/1922/1922 1923/1923/1923
f 1910/1910/1910 1924/1924/1924 1911/1911/1911
f 1910/1910/1910 1923/1923/1923 1924/1924/1924
f 1912/1912/1912 1926/1926/1926 1913/1913/1913
f 1912/1912/1912 1925/1925/1925 1926/1926/1926
f 1913/1913/1913 1927/1927/1927 1914/1914/1914
f 1913/1913/1913 1926/1926/1926 1927/1927/1927
f 1914/1914/1914 1928/1928/1928 1915/1915/1915
f 1914/1914/1914 1927/1927/1927 1928/1928/1928
f 1915/1915/1915 1929/1929/1929 1916/1916/1916
f 1915/1915/1915 1928/1928/1928 1929/1929/1929
f 1916/1916/1916 1930/1930/1930 1917/1917/1917
f 1916/1916/1916 1929/1929/1929 1930/1930/1930
f 1917/1917/1917 1931/1931/1931 1918/1918/1918
f 1917/1917/1917 1930/1930/1930 1931/1931/1931
f 1918/1918/1918 1932/1932/1932 1919/1919/1919
f 1918/1918/1918 1931/1931/1931 1932/1932/1932
f 1919/1919/1919 1933/1933/1933 1920/1920/1920
f 1919/1919/1919 1932/1932/1932 1933/1933/1933
f 1920/1920/1920 1934/1934/1934 1921/1921/1921
f 1920/1920/1920 1933/1933/1933 1934/1934/1934
f 1921/1921/1921 1935/1935/1935 1922/1922/1922
f 1921/1921/1921 1934/1934/1934 1935/1935/1935
f 1922/1922/1922 1936/1936/1936 1923/1923/1923
f 1922/1922/1922 1935/1935/1935 1936/1936/1936
f 1923/1923/1923 1937/1937/1937 1924/1924/1924
f 1923/1923/1923 1936/1936/1936 1937/1937/1937
f 1925/1925/1925 1939/1939/1939 1926/1926/1926
f 1925/1925/1925 1938/1938/1938 1939/1939/1939
f 1926/1926/1926 1940/1940/1940 1927/1927/1927
f 1926/1926/1926 1939/1939/1939 1940/1940/1940
f 1927/1927/1927 1941/1941/1941 1928/1928/1928
f 1927/1927/1927 1940/1940/1940 1941/1941/1941
f 1928/1928/1928 1942/1942/1942 1929/1929/1929
f 1928/1928/1928 1941/1941/1941 1942/1942/1942
f 1929/1929/1929 1943/1943/1943 1930/1930/1930
f 1929/1929/1929 1942/1942/1942 1943/1943/1943
f 1930/1930/1930 1944/1944/1944 1931/1931/1931
f 1930/1930/1930 1943/1943/1943 1944/1944/1944
f 1931/1931/1931 1945/1945/1945 1932/1932/1932
f 1931/1931/1931 1944/1944/1944 1945/1945/1945
f 1932/1932/1932 1946/1946/1946 1933/1933/1933
f 1932/1932/1932 1945/1945/1945 1946/1946/1946
f 1933/1933/1933 1947/1947/1947 1934/1934/1934
f 1933/1933/1933 1946/1946/1946 1947/1947/1947
f 1934/1934/1934 1948/1948/1948 1935/1935/1935
f 1934/1934/1934 1947/1947/1947 1948/1948/1948
f 1935/1935/1935 1949/1949/1949 1936/1936/1936
f 1935/1935/1935 1948/1948/1948 1949/1949/1949
f 1936/1936/1936 1950/1950/1950 1937/1937/1937
f 1936/1936/1936 1949/1949/1949 1950/1950/1950
f 1938/1938/1938 1952/1952/1952 1939/1939/1939
f 1938/1938/1938 1951/1951/1951 1952/1952/1952
f 1939/1939/1939 1953/1953/1953 1940/1940/1940
f 1939/1939/1939 1952/1952/1952 1953/1953/1953
f 1940/1940/1940 1954/1954/1954 1941/1941/1941
f 1940/1940/1940 1953/1953/1953 1954/1954/1954
f 1941/1941/1941 1955/1955/1955 1942/1942/1942
f 1941/1941/1941 1954/1954/1954 1955/1955/1955
f 1942/1942/1942 1956/1956/1956 1943/1943/1943
f 1942/1942/1942 1955/1955/1955 1956/1956/1956
f 1943/1943/1943 1957/1957/1957 1944/1944/1944
f 1943/1943/1943 1956/1956/1956 1957/1957/1957
f 1944/1944/1944 1958/1958/1958 1945/1945/1945
f 1944/1944/1944 1957/1957/1957 1958/1958/1958
f 1945/1945/1945 1959/1959/1959 1946/1946/1946
f 1945/1945/1945 1958/1958/1958 1959/1959/1959
f 1946/1946/1946 1960/1960/1960 1947/1947/1947
f 1946/1946/1946 1959/1959/1959 1960/1960/1960
f 1947/1947/1947 1961/1961/1961 1948/1948/1948
f 1947/1947/1947 1960/1960/1960 1961/1961/1961
f 1948/1948/1948 1962/1962/1962 1949/1949/1949
f 1948/1948/1948 1961/1961/1961 1962/1962/1962
f 1949/1949/1949 1963/1963/1963 1950/1950/1950
f 1949/1949/1949 1962/1962/1962 1963/1963/1963
f 1951/1951/1951 1965/1965/1965 1952/1952/1952
f 1951/1951/1951 1964/1964/1964 1965/1965/1965
f 1952/1952/1952 1966/1966/1966 1953/1953/1953
f 1952/1952/1952 1965/1965/1965 1966/1966/1966
f 1953/1953/1953 1967/1967/1967 1954/1954/1954
f 1953/1953/1953 1966/1966/1966 1967/1967/1967
f 1954/1954/1954 1968/1968/1968 1955/1955/1955
f 1954/1954/1954 1967/1967/1967 1968/1968/1968
f 1955/1955/1955 1969/1969/1969 1956/1956/1956
f 1955/1955/1955 1968/1968/1968 1969/1969/1969
f 1956/1956/1956 1970/1970/1970 1957/1957/1957
f 1956/1956/1956 1969/1969/1969 1970/1970/1970
f 1957/1957/1957 1971/1971/1971 1958/1958/1958
f 1957/1957/1957 1970/1970/1970 1971/1971/1971
f 1958/1958/1958 1972/1972/1972 1959/1959/1959
f 1958/1958/1958 1971/1971/1971 1972/1972/1972
f 1959/1959/1959 1973/1973/1973 1960/1960/1960
f 1959/1959/1959 1972/1972/1972 1973/1973/1973
f 1960/1960/1960 1974/1974/1974 1961/1961/1961
f 1960/1960/1960 1973/1973/1973 1974/1974/1974
f 1961/1961/1961 1975/1975/1975 1962/1962/1962
f 1961/1961/1961 1974/1974/1974 1975/1975/1975
f 1962/1962/1962 1976/1976/1976 1963/1963/1963
f 1962/1962/1962 1975/1975/1975 1976/1976/1976
f 1964/1964/1964 1978/1978/1978 1965/1965/1965
f 1964/1964/1964 1977/1977/1977 1978/1978/1978
f 1965/1965/1965 1979/1979/1979 1966/1966/1966
f 1965/1965/1965 1978/1978/1978 1979/1979/1979
f 1966/1966/1966 1980/1980/1980 1967/1967/1967
f 1966/1966/1966 1979/1979/1979 1980/1980/1980
f 1967/1967/1967 1981/1981/1981 1968/1968/1968
f 1967/1967/1967 1980/1980/1980 1981/1981/1981
f 1968/1968/1968 1982/1982/1982 1969/1969/1969
f 1968/1968/1968 1981/1981/1981 1982/1982/1982
f 1969/1969/1969 1983/1983/1983 1970/1970/1970
f 1969/1969/1969 1982/1982/1982 1983/1983/1983
f 1970/1970/1970 1984/1984/1984 1971/1971/1971
f 1970/1970/1970 1983/1983/1983 1984/1984/1984
f 1971/1971/1971 1985/1985/1985 1972/1972/1972
f 1971/1971/1971 1984/1984/1984 1985/1985/1985
f 1972/1972/1972 1986/1986/1986 1973/1973/1973
f 1972/1972/1972 1985/1985/1985 1986/1986/1986
f 1973/1973/1973 1987/1987/1987 1974/1974/1974
f 1973/1973/1973 1986/1986/1986 1987/1987/1987
f 1974/1974/1974 1988/1988/1988 1975/1975/1975
f 1974/1974/1974 1987/1987/1987 1988/1988/1988
f 1975/1975/1975 1989/1989/1989 1976/1976/1976
f 1975/1975/1975 1988/1988/1988 1989/1989/1989
f 1977/1977/1977 1991/1991/1991 1978/1978/1978
f 1977/1977/1977 1990/1990/1990 1991/1991/1991
f 1978/1978/1978 1992/1992/1992 1979/1979/1979
f 1978/1978/1978 1991/1991/1991 1992/1992/1992
f 1979/1979/1979 1993/1993/1993 1980/1980/1980
f 1979/1979/1979 1992/1992/1992 1993/1993/1993
f 1980/1980/1980 1994/1994/1994 1981/1981/1981
f 1980/1980/1980 1993/1993/1993 1994/1994/1994
f 1981/1981/1981 1995/1995/1995 1982/1982/1982
f 1981/1981/1981 1994/1994/1994 1995/1995/1995
f 1982/1982/1982 1996/1996/1996 1983/1983/1983
f 1982/1982/1982 1995/1995/1995 1996/1996/1996
f 1983/1983/1983 1997/1997/1997 1984/1984/1984
f 1983/1983/1983 1996/1996/1996 1997/1997/1997
f 1984/1984/1984 1998/1998/1998 1985/1985/1985
f 1984/1984/1984 1997/1997/1997 1998/1998/1998
f 1985/1985/1985 1999/1999/1999 1986/1986/1986
f 1985/1985/1985 1998/1998/1998 1999/1999/1999
f 1986/1986/1986 2000/2000/2000 1987/1987/1987
f 1986/1986/1986 1999/1999/1999 2000/2000/2000
f 1987/1987/1987 2001/2001/2001 1988/1988/1988
f 1987/1987/1987 2000/2000/2000 2001/2001/2001
f 1988/1988/1988 2002/2002/2002 1989/1989/1989
f 1988/1988/1988 2001/2001/2001 2002/2002/2002
f 1990/1990/1990 2004/2004/2004 1991/1991/1991
f 1990/1990/1990 2003/2003/2003 2004/2004/2004
f 1991/1991/1991 2005/2005/2005 1992/1992/1992
f 1991/1991/1991 2004/2004/2004 2005/2005/2005
f 1992/1992/1992 2006/2006/2006 1993/1993/1993
f 1992/1992/1992 2005/2005/2005 2006/2006/2006
f 1993/1993/1993 2007/2007/2007 1994/1994/1994
f 1993/1993/1993 2006/2006/2006 2007/2007/2007
f 1994/1994/1994 2008/2008/2008 1995/1995/1995
f 1994/1994/1994 2007/2007/2007 2008/2008/2008
f 1995/1995/1995 2009/2009/2009 1996/1996/1996
f 1995/1995/1995 2008/2008/2008 2009/2009/2009
f 1996/1996/1996 2010/2010/2010 1997/1997/1997
f 1996/1996/1996 2009/2009/2009 2010/2010/2010
f 1997/1997/1997 2011/2011/2011 1998/1998/1998
f 1997/1997/1997 2010/2010/2010 2011/2011/2011
f 1998/1998/1998 2012/2012/2012 1999/1999/1999
f 1998/1998/1998 2011/2011/2011 2012/2012/2012
f 1999/1999/1999 2013/2013/2013 2000/2000/2000
f 1999/1999/1999 2012/2012/2012 2013/2013/2013
f 2000/2000/2000 2014/2014/2014 2001/2001/2001
f 2000/2000/2000 2013/2013/2013 2014/2014/2014
f 2001/2001/2001 2015/2015/2015 2002/2002/2002
f 2001/2001/2001 2014/2014/2014 2015/2015/2015
f 2003/2003/2003 2017/2017/2017 2004/2004/2004
f 2003/2003/2003 2016/2016/2016 2017/2017/2017
f 2004/2004/2004 2018/2018/2018 2005/2005/2005
f 2004/2004/2004 2017/2017/2017 2018/2018/2018
f 2005/2005/2005 2019/2019/2019 2006/2006/2006
f 2005/2005/2005 2018/2018/2018 2019/2019/2019
f 2006/2006/2006 2020/2020/2020 2007/2007/2007
f 2006/2006/2006 2019/2019/2019 2020/2020/2020
f 2007/2007/2007 2021/2021/2021 2008/2008/2008
f 2007/2007/2007 2020/2020/2020 2021/2021/2021
f 2008/2008/2008 2022/2022/2022 2009/2009/2009
f 2008/2008/2008 2021/2021/2021 2022/2022/2022
f 2009/2009/2009 2023/2023/2023 2010/2010/2010
f 2009/2009/2009 2022/2022/2022 2023/2023/2023
f 2010/2010/2010 2024/2024/2024 2011/2011/2011
f 2010/2010/2010 2023/2023/2023 2024/2024/2024
f 2011/2011/2011 2025/2025/2025 2012/2012/2012
f 2011/2011/2011 2024/2024/2024 2025/2025/2025
f 2012/2012/2012 2026/2026/2026 2013/2013/2013
f 2012/2012/2012 2025/2025/2025 2026/2026/2026
f 2013/2013/2013 2027/2027/2027 2014/2014/2014
f 2013/2013/2013 2026/2026/2026 2027/2027/2027
f 2014/2014/2014 2028/2028/2028 2015/2015/2015
f 2014/2014/2014 2027/2027/2027 2028/2028/2028
