# Sinh tự động bởi tools/mesh_kit.py - đừng sửa tay
o seat_back_R
v -0.0208 0.5054 0.2245
v -0.0199 0.5049 0.2224
v -0.0177 0.5038 0.2155
v -0.0163 0.5045 0.2038
v -0.0163 0.5049 0.2013
v -0.0163 0.5053 0.1989
v -0.0177 0.5087 0.1876
v -0.0199 0.5121 0.1815
v -0.0208 0.5133 0.1798
v -0.0199 0.5072 0.2257
v -0.0189 0.5066 0.2236
v -0.0163 0.5056 0.2165
v -0.0145 0.5063 0.2041
v -0.0145 0.5067 0.2016
v -0.0145 0.5071 0.1992
v -0.0163 0.5107 0.1873
v -0.0189 0.5141 0.1810
v -0.0199 0.5154 0.1792
v -0.0177 0.5133 0.2290
v -0.0163 0.5129 0.2270
v -0.0124 0.5123 0.2197
v -0.0097 0.5134 0.2054
v -0.0097 0.5138 0.2029
v -0.0097 0.5143 0.2004
v -0.0124 0.5181 0.1866
v -0.0163 0.5212 0.1799
v -0.0177 0.5223 0.1782
v -0.0163 0.5245 0.2325
v -0.0145 0.5248 0.2306
v -0.0097 0.5261 0.2235
v -0.0060 0.5288 0.2081
v -0.0060 0.5293 0.2056
v -0.0060 0.5297 0.2032
v -0.0097 0.5324 0.1877
v -0.0145 0.5337 0.1806
v -0.0163 0.5340 0.1788
v -0.0163 0.8249 0.2854
v -0.0145 0.8252 0.2836
v -0.0097 0.8265 0.2765
v -0.0060 0.8292 0.2610
v -0.0060 0.8296 0.2586
v -0.0060 0.8301 0.2561
v -0.0097 0.8328 0.2407
v -0.0145 0.8340 0.2336
v -0.0163 0.8344 0.2317
v -0.0163 1.1253 0.3384
v -0.0145 1.1256 0.3366
v -0.0097 1.1268 0.3294
v -0.0060 1.1296 0.3140
v -0.0060 1.1300 0.3115
v -0.0060 1.1304 0.3091
v -0.0097 1.1331 0.2937
v -0.0145 1.1344 0.2865
v -0.0163 1.1347 0.2847
v -0.0177 1.1370 0.3390
v -0.0163 1.1380 0.3373
v -0.0124 1.1411 0.3306
v -0.0097 1.1450 0.3167
v -0.0097 1.1454 0.3143
v -0.0097 1.1458 0.3118
v -0.0124 1.1470 0.2975
v -0.0163 1.1463 0.2901
v -0.0177 1.1460 0.2881
v -0.0199 1.1439 0.3380
v -0.0189 1.1451 0.3362
v -0.0163 1.1485 0.3299
v -0.0145 1.1521 0.3180
v -0.0145 1.1526 0.3155
v -0.0145 1.1530 0.3131
v -0.0163 1.1537 0.3006
v -0.0189 1.1526 0.2935
v -0.0199 1.1521 0.2915
v -0.0208 1.1459 0.3374
v -0.0199 1.1472 0.3357
v -0.0177 1.1505 0.3296
v -0.0163 1.1539 0.3183
v -0.0163 1.1544 0.3158
v -0.0163 1.1548 0.3134
v -0.0177 1.1554 0.3016
v -0.0199 1.1544 0.2947
v -0.0208 1.1538 0.2927
v -0.3992 0.5133 0.1798
v -0.4001 0.5121 0.1815
v -0.4023 0.5087 0.1876
v -0.4037 0.5053 0.1989
v -0.4037 0.5049 0.2013
v -0.4037 0.5045 0.2038
v -0.4023 0.5038 0.2155
v -0.4001 0.5049 0.2224
v -0.3992 0.5054 0.2245
v -0.4001 0.5154 0.1792
v -0.4011 0.5141 0.1810
v -0.4037 0.5107 0.1873
v -0.4055 0.5071 0.1992
v -0.4055 0.5067 0.2016
v -0.4055 0.5063 0.2041
v -0.4037 0.5056 0.2165
v -0.4011 0.5066 0.2236
v -0.4001 0.5072 0.2257
v -0.4023 0.5223 0.1782
v -0.4037 0.5212 0.1799
v -0.4076 0.5181 0.1866
v -0.4103 0.5143 0.2004
v -0.4103 0.5138 0.2029
v -0.4103 0.5134 0.2054
v -0.4076 0.5123 0.2197
v -0.4037 0.5129 0.2270
v -0.4023 0.5133 0.2290
v -0.4037 0.5340 0.1788
v -0.4055 0.5337 0.1806
v -0.4103 0.5324 0.1877
v -0.4140 0.5297 0.2032
v -0.4140 0.5293 0.2056
v -0.4140 0.5288 0.2081
v -0.4103 0.5261 0.2235
v -0.4055 0.5248 0.2306
v -0.4037 0.5245 0.2325
v -0.4037 0.8344 0.2317
v -0.4055 0.8340 0.2336
v -0.4103 0.8328 0.2407
v -0.4140 0.8301 0.2561
v -0.4140 0.8296 0.2586
v -0.4140 0.8292 0.2610
v -0.4103 0.8265 0.2765
v -0.4055 0.8252 0.2836
v -0.4037 0.8249 0.2854
v -0.4037 1.1347 0.2847
v -0.4055 1.1344 0.2865
v -0.4103 1.1331 0.2937
v -0.4140 1.1304 0.3091
v -0.4140 1.1300 0.3115
v -0.4140 1.1296 0.3140
v -0.4103 1.1268 0.3294
v -0.4055 1.1256 0.3366
v -0.4037 1.1253 0.3384
v -0.4023 1.1460 0.2881
v -0.4037 1.1463 0.2901
v -0.4076 1.1470 0.2975
v -0.4103 1.1458 0.3118
v -0.4103 1.1454 0.3143
v -0.4103 1.1450 0.3167
v -0.4076 1.1411 0.3306
v -0.4037 1.1380 0.3373
v -0.4023 1.1370 0.3390
v -0.4001 1.1521 0.2915
v -0.4011 1.1526 0.2935
v -0.4037 1.1537 0.3006
v -0.4055 1.1530 0.3131
v -0.4055 1.1526 0.3155
v -0.4055 1.1521 0.3180
v -0.4037 1.1485 0.3299
v -0.4011 1.1451 0.3362
v -0.4001 1.1439 0.3380
v -0.3992 1.1538 0.2927
v -0.4001 1.1544 0.2947
v -0.4023 1.1554 0.3016
v -0.4037 1.1548 0.3134
v -0.4037 1.1544 0.3158
v -0.4037 1.1539 0.3183
v -0.4023 1.1505 0.3296
v -0.4001 1.1472 0.3357
v -0.3992 1.1459 0.3374
v -0.3992 1.1459 0.3374
v -0.3973 1.1467 0.3385
v -0.3907 1.1485 0.3410
v -0.3790 1.1496 0.3427
v -0.2100 1.1496 0.3427
v -0.0410 1.1496 0.3427
v -0.0293 1.1485 0.3410
v -0.0227 1.1467 0.3385
v -0.0208 1.1459 0.3374
v -0.4001 1.1472 0.3357
v -0.3982 1.1480 0.3367
v -0.3914 1.1502 0.3394
v -0.3790 1.1516 0.3412
v -0.2100 1.1516 0.3412
v -0.0410 1.1516 0.3412
v -0.0286 1.1502 0.3394
v -0.0218 1.1480 0.3367
v -0.0199 1.1472 0.3357
v -0.4023 1.1505 0.3296
v -0.4004 1.1518 0.3305
v -0.3933 1.1552 0.3330
v -0.3790 1.1577 0.3349
v -0.2100 1.1577 0.3349
v -0.0410 1.1577 0.3349
v -0.0267 1.1552 0.3330
v -0.0196 1.1518 0.3305
v -0.0177 1.1505 0.3296
v -0.4037 1.1539 0.3183
v -0.4019 1.1556 0.3186
v -0.3947 1.1604 0.3194
v -0.3790 1.1640 0.3201
v -0.2100 1.1640 0.3201
v -0.0410 1.1640 0.3201
v -0.0253 1.1604 0.3194
v -0.0181 1.1556 0.3186
v -0.0163 1.1539 0.3183
v -0.4037 1.1544 0.3158
v -0.4019 1.1560 0.3161
v -0.3947 1.1608 0.3170
v -0.3790 1.1645 0.3176
v -0.2100 1.1645 0.3176
v -0.0410 1.1645 0.3176
v -0.0253 1.1608 0.3170
v -0.0181 1.1560 0.3161
v -0.0163 1.1544 0.3158
v -0.4037 1.1548 0.3134
v -0.4019 1.1565 0.3137
v -0.3947 1.1613 0.3145
v -0.3790 1.1649 0.3152
v -0.2100 1.1649 0.3152
v -0.0410 1.1649 0.3152
v -0.0253 1.1613 0.3145
v -0.0181 1.1565 0.3137
v -0.0163 1.1548 0.3134
v -0.4023 1.1554 0.3016
v -0.4004 1.1569 0.3012
v -0.3933 1.1611 0.3000
v -0.3790 1.1640 0.2991
v -0.2100 1.1640 0.2991
v -0.0410 1.1640 0.2991
v -0.0267 1.1611 0.3000
v -0.0196 1.1569 0.3012
v -0.0177 1.1554 0.3016
v -0.4001 1.1544 0.2947
v -0.3982 1.1556 0.2941
v -0.3914 1.1585 0.2923
v -0.3790 1.1605 0.2911
v -0.2100 1.1605 0.2911
v -0.0410 1.1605 0.2911
v -0.0286 1.1585 0.2923
v -0.0218 1.1556 0.2941
v -0.0199 1.1544 0.2947
v -0.3992 1.1538 0.2927
v -0.3973 1.1549 0.2920
v -0.3907 1.1575 0.2902
v -0.3790 1.1591 0.2890
v -0.2100 1.1591 0.2890
v -0.0410 1.1591 0.2890
v -0.0293 1.1575 0.2902
v -0.0227 1.1549 0.2920
v -0.0208 1.1538 0.2927
v -0.3992 0.5133 0.1798
v -0.3973 0.5126 0.1787
v -0.3907 0.5108 0.1761
v -0.3790 0.5096 0.1745
v -0.2100 0.5096 0.1745
v -0.0410 0.5096 0.1745
v -0.0293 0.5108 0.1761
v -0.0227 0.5126 0.1787
v -0.0208 0.5133 0.1798
v -0.4001 0.5121 0.1815
v -0.3982 0.5112 0.1804
v -0.3914 0.5090 0.1778
v -0.3790 0.5076 0.1760
v -0.2100 0.5076 0.1760
v -0.0410 0.5076 0.1760
v -0.0286 0.5090 0.1778
v -0.0218 0.5112 0.1804
v -0.0199 0.5121 0.1815
v -0.4023 0.5087 0.1876
v -0.4004 0.5075 0.1867
v -0.3933 0.5040 0.1841
v -0.3790 0.5016 0.1823
v -0.2100 0.5016 0.1823
v -0.0410 0.5016 0.1823
v -0.0267 0.5040 0.1841
v -0.0196 0.5075 0.1867
v -0.0177 0.5087 0.1876
v -0.4037 0.5053 0.1989
v -0.4019 0.5036 0.1986
v -0.3947 0.4989 0.1977
v -0.3790 0.4952 0.1971
v -0.2100 0.4952 0.1971
v -0.0410 0.4952 0.1971
v -0.0253 0.4989 0.1977
v -0.0181 0.5036 0.1986
v -0.0163 0.5053 0.1989
v -0.4037 0.5049 0.2013
v -0.4019 0.5032 0.2010
v -0.3947 0.4984 0.2002
v -0.3790 0.4948 0.1995
v -0.2100 0.4948 0.1995
v -0.0410 0.4948 0.1995
v -0.0253 0.4984 0.2002
v -0.0181 0.5032 0.2010
v -0.0163 0.5049 0.2013
v -0.4037 0.5045 0.2038
v -0.4019 0.5028 0.2035
v -0.3947 0.4980 0.2026
v -0.3790 0.4944 0.2020
v -0.2100 0.4944 0.2020
v -0.0410 0.4944 0.2020
v -0.0253 0.4980 0.2026
v -0.0181 0.5028 0.2035
v -0.0163 0.5045 0.2038
v -0.4023 0.5038 0.2155
v -0.4004 0.5023 0.2160
v -0.3933 0.4982 0.2172
v -0.3790 0.4953 0.2181
v -0.2100 0.4953 0.2181
v -0.0410 0.4953 0.2181
v -0.0267 0.4982 0.2172
v -0.0196 0.5023 0.2160
v -0.0177 0.5038 0.2155
v -0.4001 0.5049 0.2224
v -0.3982 0.5037 0.2231
v -0.3914 0.5007 0.2249
v -0.3790 0.4988 0.2261
v -0.2100 0.4988 0.2261
v -0.0410 0.4988 0.2261
v -0.0286 0.5007 0.2249
v -0.0218 0.5037 0.2231
v -0.0199 0.5049 0.2224
v -0.3992 0.5054 0.2245
v -0.3973 0.5044 0.2252
v -0.3907 0.5018 0.2270
v -0.3790 0.5002 0.2282
v -0.2100 0.5002 0.2282
v -0.0410 0.5002 0.2282
v -0.0293 0.5018 0.2270
v -0.0227 0.5044 0.2252
v -0.0208 0.5054 0.2245
v -0.0208 0.5133 0.1798
v -0.0227 0.5126 0.1787
v -0.0293 0.5108 0.1761
v -0.0410 0.5096 0.1745
v -0.2100 0.5096 0.1745
v -0.3790 0.5096 0.1745
v -0.3907 0.5108 0.1761
v -0.3973 0.5126 0.1787
v -0.3992 0.5133 0.1798
v -0.0199 0.5154 0.1792
v -0.0218 0.5147 0.1780
v -0.0286 0.5129 0.1751
v -0.0410 0.5117 0.1731
v -0.2100 0.5117 0.1731
v -0.3790 0.5117 0.1731
v -0.3914 0.5129 0.1751
v -0.3982 0.5147 0.1780
v -0.4001 0.5154 0.1792
v -0.0177 0.5223 0.1782
v -0.0196 0.5218 0.1766
v -0.0267 0.5206 0.1725
v -0.0410 0.5197 0.1696
v -0.2100 0.5197 0.1696
v -0.3790 0.5197 0.1696
v -0.3933 0.5206 0.1725
v -0.4004 0.5218 0.1766
v -0.4023 0.5223 0.1782
v -0.0163 0.5340 0.1788
v -0.0181 0.5343 0.1771
v -0.0253 0.5351 0.1723
v -0.0410 0.5358 0.1687
v -0.2100 0.5358 0.1687
v -0.3790 0.5358 0.1687
v -0.3947 0.5351 0.1723
v -0.4019 0.5343 0.1771
v -0.4037 0.5340 0.1788
v -0.0163 0.8344 0.2317
v -0.0181 0.8347 0.2301
v -0.0253 0.8355 0.2253
v -0.0410 0.8361 0.2217
v -0.2100 0.8361 0.2217
v -0.3790 0.8361 0.2217
v -0.3947 0.8355 0.2253
v -0.4019 0.8347 0.2301
v -0.4037 0.8344 0.2317
v -0.0163 1.1347 0.2847
v -0.0181 1.1350 0.2830
v -0.0253 1.1359 0.2783
v -0.0410 1.1365 0.2746
v -0.2100 1.1365 0.2746
v -0.3790 1.1365 0.2746
v -0.3947 1.1359 0.2783
v -0.4019 1.1350 0.2830
v -0.4037 1.1347 0.2847
v -0.0177 1.1460 0.2881
v -0.0196 1.1469 0.2869
v -0.0267 1.1495 0.2834
v -0.0410 1.1513 0.2810
v -0.2100 1.1513 0.2810
v -0.3790 1.1513 0.2810
v -0.3933 1.1495 0.2834
v -0.4004 1.1469 0.2869
v -0.4023 1.1460 0.2881
v -0.0199 1.1521 0.2915
v -0.0218 1.1531 0.2906
v -0.0286 1.1558 0.2884
v -0.0410 1.1576 0.2870
v -0.2100 1.1576 0.2870
v -0.3790 1.1576 0.2870
v -0.3914 1.1558 0.2884
v -0.3982 1.1531 0.2906
v -0.4001 1.1521 0.2915
v -0.0208 1.1538 0.2927
v -0.0227 1.1549 0.2920
v -0.0293 1.1575 0.2902
v -0.0410 1.1591 0.2890
v -0.2100 1.1591 0.2890
v -0.3790 1.1591 0.2890
v -0.3907 1.1575 0.2902
v -0.3973 1.1549 0.2920
v -0.3992 1.1538 0.2927
v -0.3890 0.5403 0.1715
v -0.3741 0.5405 0.1706
v -0.3592 0.5409 0.1684
v -0.3443 0.5414 0.1653
v -0.3293 0.5409 0.1682
v -0.3144 0.5406 0.1703
v -0.2995 0.5404 0.1710
v -0.2846 0.5406 0.1702
v -0.2697 0.5410 0.1679
v -0.2548 0.5415 0.1649
v -0.2398 0.5410 0.1679
v -0.2249 0.5406 0.1700
v -0.2100 0.5405 0.1708
v -0.1951 0.5406 0.1700
v -0.1802 0.5410 0.1679
v -0.1652 0.5415 0.1649
v -0.1503 0.5410 0.1679
v -0.1354 0.5406 0.1702
v -0.1205 0.5404 0.1710
v -0.1056 0.5406 0.1703
v -0.0907 0.5409 0.1682
v -0.0757 0.5414 0.1653
v -0.0608 0.5409 0.1684
v -0.0459 0.5405 0.1706
v -0.0310 0.5403 0.1715
v -0.3890 0.5818 0.1788
v -0.3741 0.5826 0.1747
v -0.3592 0.5833 0.1707
v -0.3443 0.5841 0.1663
v -0.3293 0.5838 0.1680
v -0.3144 0.5836 0.1690
v -0.2995 0.5836 0.1689
v -0.2846 0.5839 0.1673
v -0.2697 0.5844 0.1645
v -0.2548 0.5850 0.1610
v -0.2398 0.5845 0.1636
v -0.2249 0.5842 0.1656
v -0.2100 0.5841 0.1663
v -0.1951 0.5842 0.1656
v -0.1802 0.5845 0.1636
v -0.1652 0.5850 0.1610
v -0.1503 0.5844 0.1645
v -0.1354 0.5839 0.1673
v -0.1205 0.5836 0.1689
v -0.1056 0.5836 0.1690
v -0.0907 0.5838 0.1680
v -0.0757 0.5841 0.1663
v -0.0608 0.5833 0.1707
v -0.0459 0.5826 0.1747
v -0.0310 0.5818 0.1788
v -0.3890 0.6234 0.1862
v -0.3741 0.6244 0.1804
v -0.3592 0.6252 0.1754
v -0.3443 0.6262 0.1701
v -0.3293 0.6260 0.1710
v -0.3144 0.6260 0.1714
v -0.2995 0.6261 0.1707
v -0.2846 0.6265 0.1686
v -0.2697 0.6270 0.1653
v -0.2548 0.6277 0.1616
v -0.2398 0.6273 0.1639
v -0.2249 0.6270 0.1657
v -0.2100 0.6268 0.1664
v -0.1951 0.6270 0.1657
v -0.1802 0.6273 0.1639
v -0.1652 0.6277 0.1616
v -0.1503 0.6270 0.1653
v -0.1354 0.6265 0.1686
v -0.1205 0.6261 0.1707
v -0.1056 0.6260 0.1714
v -0.0907 0.6260 0.1710
v -0.0757 0.6262 0.1701
v -0.0608 0.6252 0.1754
v -0.0459 0.6244 0.1804
v -0.0310 0.6234 0.1862
v -0.3890 0.6649 0.1935
v -0.3741 0.6661 0.1864
v -0.3592 0.6671 0.1805
v -0.3443 0.6682 0.1744
v -0.3293 0.6682 0.1745
v -0.3144 0.6682 0.1743
v -0.2995 0.6685 0.1729
v -0.2846 0.6689 0.1703
v -0.2697 0.6696 0.1667
v -0.2548 0.6703 0.1626
v -0.2398 0.6699 0.1647
v -0.2249 0.6696 0.1663
v -0.2100 0.6695 0.1670
v -0.1951 0.6696 0.1663
v -0.1802 0.6699 0.1647
v -0.1652 0.6703 0.1626
v -0.1503 0.6696 0.1667
v -0.1354 0.6689 0.1703
v -0.1205 0.6685 0.1729
v -0.1056 0.6682 0.1743
v -0.0907 0.6682 0.1745
v -0.0757 0.6682 0.1744
v -0.0608 0.6671 0.1805
v -0.0459 0.6661 0.1864
v -0.0310 0.6649 0.1935
v -0.3890 0.7064 0.2008
v -0.3741 0.7078 0.1928
v -0.3592 0.7089 0.1863
v -0.3443 0.7101 0.1796
v -0.3293 0.7101 0.1793
v -0.3144 0.7103 0.1786
v -0.2995 0.7106 0.1769
v -0.2846 0.7111 0.1740
v -0.2697 0.7118 0.1701
v -0.2548 0.7125 0.1658
v -0.2398 0.7122 0.1677
v -0.2249 0.7119 0.1693
v -0.2100 0.7118 0.1699
v -0.1951 0.7119 0.1693
v -0.1802 0.7122 0.1677
v -0.1652 0.7125 0.1658
v -0.1503 0.7118 0.1701
v -0.1354 0.7111 0.1740
v -0.1205 0.7106 0.1769
v -0.1056 0.7103 0.1786
v -0.0907 0.7101 0.1793
v -0.0757 0.7101 0.1796
v -0.0608 0.7089 0.1863
v -0.0459 0.7078 0.1928
v -0.0310 0.7064 0.2008
v -0.3890 0.7479 0.2081
v -0.3741 0.7493 0.1999
v -0.3592 0.7505 0.1933
v -0.3443 0.7517 0.1866
v -0.3293 0.7517 0.1863
v -0.3144 0.7518 0.1856
v -0.2995 0.7521 0.1839
v -0.2846 0.7527 0.1810
v -0.2697 0.7533 0.1770
v -0.2548 0.7541 0.1727
v -0.2398 0.7538 0.1747
v -0.2249 0.7535 0.1763
v -0.2100 0.7534 0.1769
v -0.1951 0.7535 0.1763
v -0.1802 0.7538 0.1747
v -0.1652 0.7541 0.1727
v -0.1503 0.7533 0.1770
v -0.1354 0.7527 0.1810
v -0.1205 0.7521 0.1839
v -0.1056 0.7518 0.1856
v -0.0907 0.7517 0.1863
v -0.0757 0.7517 0.1866
v -0.0608 0.7505 0.1933
v -0.0459 0.7493 0.1999
v -0.0310 0.7479 0.2081
v -0.3890 0.7894 0.2154
v -0.3741 0.7908 0.2074
v -0.3592 0.7919 0.2011
v -0.3443 0.7930 0.1948
v -0.3293 0.7930 0.1948
v -0.3144 0.7931 0.1944
v -0.2995 0.7933 0.1930
v -0.2846 0.7938 0.1904
v -0.2697 0.7944 0.1867
v -0.2548 0.7952 0.1826
v -0.2398 0.7948 0.1847
v -0.2249 0.7945 0.1863
v -0.2100 0.7944 0.1870
v -0.1951 0.7945 0.1863
v -0.1802 0.7948 0.1847
v -0.1652 0.7952 0.1826
v -0.1503 0.7944 0.1867
v -0.1354 0.7938 0.1904
v -0.1205 0.7933 0.1930
v -0.1056 0.7931 0.1944
v -0.0907 0.7930 0.1948
v -0.0757 0.7930 0.1948
v -0.0608 0.7919 0.2011
v -0.0459 0.7908 0.2074
v -0.0310 0.7894 0.2154
v -0.3890 0.8309 0.2228
v -0.3741 0.8322 0.2151
v -0.3592 0.8332 0.2093
v -0.3443 0.8343 0.2034
v -0.3293 0.8342 0.2038
v -0.3144 0.8342 0.2038
v -0.2995 0.8344 0.2027
v -0.2846 0.8348 0.2004
v -0.2697 0.8354 0.1969
v -0.2548 0.8361 0.1930
v -0.2398 0.8357 0.1953
v -0.2249 0.8354 0.1970
v -0.2100 0.8353 0.1977
v -0.1951 0.8354 0.1970
v -0.1802 0.8357 0.1953
v -0.1652 0.8361 0.1930
v -0.1503 0.8354 0.1969
v -0.1354 0.8348 0.2004
v -0.1205 0.8344 0.2027
v -0.1056 0.8342 0.2038
v -0.0907 0.8342 0.2038
v -0.0757 0.8343 0.2034
v -0.0608 0.8332 0.2093
v -0.0459 0.8322 0.2151
v -0.0310 0.8309 0.2228
v -0.3890 0.8724 0.2301
v -0.3741 0.8736 0.2228
v -0.3592 0.8746 0.2173
v -0.3443 0.8756 0.2117
v -0.3293 0.8755 0.2124
v -0.3144 0.8754 0.2127
v -0.2995 0.8756 0.2118
v -0.2846 0.8760 0.2097
v -0.2697 0.8765 0.2064
v -0.2548 0.8772 0.2026
v -0.2398 0.8768 0.2050
v -0.2249 0.8765 0.2068
v -0.2100 0.8764 0.2075
v -0.1951 0.8765 0.2068
v -0.1802 0.8768 0.2050
v -0.1652 0.8772 0.2026
v -0.1503 0.8765 0.2064
v -0.1354 0.8760 0.2097
v -0.1205 0.8756 0.2118
v -0.1056 0.8754 0.2127
v -0.0907 0.8755 0.2124
v -0.0757 0.8756 0.2117
v -0.0608 0.8746 0.2173
v -0.0459 0.8736 0.2228
v -0.0310 0.8724 0.2301
v -0.3890 0.9139 0.2374
v -0.3741 0.9151 0.2305
v -0.3592 0.9160 0.2252
v -0.3443 0.9170 0.2198
v -0.3293 0.9168 0.2207
v -0.3144 0.9167 0.2211
v -0.2995 0.9169 0.2205
v -0.2846 0.9172 0.2185
v -0.2697 0.9178 0.2153
v -0.2548 0.9184 0.2116
v -0.2398 0.9180 0.2140
v -0.2249 0.9177 0.2158
v -0.2100 0.9176 0.2165
v -0.1951 0.9177 0.2158
v -0.1802 0.9180 0.2140
v -0.1652 0.9184 0.2116
v -0.1503 0.9178 0.2153
v -0.1354 0.9172 0.2185
v -0.1205 0.9169 0.2205
v -0.1056 0.9167 0.2211
v -0.0907 0.9168 0.2207
v -0.0757 0.9170 0.2198
v -0.0608 0.9160 0.2252
v -0.0459 0.9151 0.2305
v -0.0310 0.9139 0.2374
v -0.3890 0.9554 0.2447
v -0.3741 0.9565 0.2383
v -0.3592 0.9574 0.2332
v -0.3443 0.9583 0.2280
v -0.3293 0.9581 0.2291
v -0.3144 0.9580 0.2297
v -0.2995 0.9581 0.2291
v -0.2846 0.9585 0.2272
v -0.2697 0.9590 0.2241
v -0.2548 0.9596 0.2205
v -0.2398 0.9592 0.2229
v -0.2249 0.9589 0.2248
v -0.2100 0.9588 0.2255
v -0.1951 0.9589 0.2248
v -0.1802 0.9592 0.2229
v -0.1652 0.9596 0.2205
v -0.1503 0.9590 0.2241
v -0.1354 0.9585 0.2272
v -0.1205 0.9581 0.2291
v -0.1056 0.9580 0.2297
v -0.0907 0.9581 0.2291
v -0.0757 0.9583 0.2280
v -0.0608 0.9574 0.2332
v -0.0459 0.9565 0.2383
v -0.0310 0.9554 0.2447
v -0.3890 0.9969 0.2520
v -0.3741 0.9979 0.2462
v -0.3592 0.9987 0.2415
v -0.3443 0.9996 0.2365
v -0.3293 0.9994 0.2378
v -0.3144 0.9993 0.2385
v -0.2995 0.9993 0.2381
v -0.2846 0.9996 0.2363
v -0.2697 1.0002 0.2334
v -0.2548 1.0008 0.2298
v -0.2398 1.0004 0.2323
v -0.2249 1.0000 0.2342
v -0.2100 0.9999 0.2349
v -0.1951 1.0000 0.2342
v -0.1802 1.0004 0.2323
v -0.1652 1.0008 0.2298
v -0.1503 1.0002 0.2334
v -0.1354 0.9996 0.2363
v -0.1205 0.9993 0.2381
v -0.1056 0.9993 0.2385
v -0.0907 0.9994 0.2378
v -0.0757 0.9996 0.2365
v -0.0608 0.9987 0.2415
v -0.0459 0.9979 0.2462
v -0.0310 0.9969 0.2520
v -0.3890 1.0384 0.2593
v -0.3741 1.0393 0.2543
v -0.3592 1.0400 0.2500
v -0.3443 1.0408 0.2454
v -0.3293 1.0406 0.2470
v -0.3144 1.0404 0.2480
v -0.2995 1.0404 0.2478
v -0.2846 1.0407 0.2461
v -0.2697 1.0412 0.2433
v -0.2548 1.0418 0.2398
v -0.2398 1.0414 0.2424
v -0.2249 1.0410 0.2444
v -0.2100 1.0409 0.2451
v -0.1951 1.0410 0.2444
v -0.1802 1.0414 0.2424
v -0.1652 1.0418 0.2398
v -0.1503 1.0412 0.2433
v -0.1354 1.0407 0.2461
v -0.1205 1.0404 0.2478
v -0.1056 1.0404 0.2480
v -0.0907 1.0406 0.2470
v -0.0757 1.0408 0.2454
v -0.0608 1.0400 0.2500
v -0.0459 1.0393 0.2543
v -0.0310 1.0384 0.2593
v -0.3890 1.0799 0.2667
v -0.3741 1.0806 0.2629
v -0.3592 1.0812 0.2592
v -0.3443 1.0819 0.2550
v -0.3293 1.0816 0.2570
v -0.3144 1.0814 0.2583
v -0.2995 1.0813 0.2584
v -0.2846 1.0816 0.2570
v -0.2697 1.0821 0.2543
v -0.2548 1.0826 0.2510
v -0.2398 1.0822 0.2537
v -0.2249 1.0818 0.2557
v -0.2100 1.0817 0.2564
v -0.1951 1.0818 0.2557
v -0.1802 1.0822 0.2537
v -0.1652 1.0826 0.2510
v -0.1503 1.0821 0.2543
v -0.1354 1.0816 0.2570
v -0.1205 1.0813 0.2584
v -0.1056 1.0814 0.2583
v -0.0907 1.0816 0.2570
v -0.0757 1.0819 0.2550
v -0.0608 1.0812 0.2592
v -0.0459 1.0806 0.2629
v -0.0310 1.0799 0.2667
v -0.3890 1.1214 0.2740
v -0.3741 1.1215 0.2732
v -0.3592 1.1219 0.2710
v -0.3443 1.1224 0.2681
v -0.3293 1.1219 0.2710
v -0.3144 1.1215 0.2732
v -0.2995 1.1214 0.2740
v -0.2846 1.1215 0.2732
v -0.2697 1.1219 0.2710
v -0.2548 1.1224 0.2681
v -0.2398 1.1219 0.2710
v -0.2249 1.1215 0.2732
v -0.2100 1.1214 0.2740
v -0.1951 1.1215 0.2732
v -0.1802 1.1219 0.2710
v -0.1652 1.1224 0.2681
v -0.1503 1.1219 0.2710
v -0.1354 1.1215 0.2732
v -0.1205 1.1214 0.2740
v -0.1056 1.1215 0.2732
v -0.0907 1.1219 0.2710
v -0.0757 1.1224 0.2681
v -0.0608 1.1219 0.2710
v -0.0459 1.1215 0.2732
v -0.0310 1.1214 0.2740
v 0.3992 0.5054 0.2245
v 0.4001 0.5049 0.2224
v 0.4023 0.5038 0.2155
v 0.4037 0.5045 0.2038
v 0.4037 0.5049 0.2013
v 0.4037 0.5053 0.1989
v 0.4023 0.5087 0.1876
v 0.4001 0.5121 0.1815
v 0.3992 0.5133 0.1798
v 0.4001 0.5072 0.2257
v 0.4011 0.5066 0.2236
v 0.4037 0.5056 0.2165
v 0.4055 0.5063 0.2041
v 0.4055 0.5067 0.2016
v 0.4055 0.5071 0.1992
v 0.4037 0.5107 0.1873
v 0.4011 0.5141 0.1810
v 0.4001 0.5154 0.1792
v 0.4023 0.5133 0.2290
v 0.4037 0.5129 0.2270
v 0.4076 0.5123 0.2197
v 0.4103 0.5134 0.2054
v 0.4103 0.5138 0.2029
v 0.4103 0.5143 0.2004
v 0.4076 0.5181 0.1866
v 0.4037 0.5212 0.1799
v 0.4023 0.5223 0.1782
v 0.4037 0.5245 0.2325
v 0.4055 0.5248 0.2306
v 0.4103 0.5261 0.2235
v 0.4140 0.5288 0.2081
v 0.4140 0.5293 0.2056
v 0.4140 0.5297 0.2032
v 0.4103 0.5324 0.1877
v 0.4055 0.5337 0.1806
v 0.4037 0.5340 0.1788
v 0.4037 0.8249 0.2854
v 0.4055 0.8252 0.2836
v 0.4103 0.8265 0.2765
v 0.4140 0.8292 0.2610
v 0.4140 0.8296 0.2586
v 0.4140 0.8301 0.2561
v 0.4103 0.8328 0.2407
v 0.4055 0.8340 0.2336
v 0.4037 0.8344 0.2317
v 0.4037 1.1253 0.3384
v 0.4055 1.1256 0.3366
v 0.4103 1.1268 0.3294
v 0.4140 1.1296 0.3140
v 0.4140 1.1300 0.3115
v 0.4140 1.1304 0.3091
v 0.4103 1.1331 0.2937
v 0.4055 1.1344 0.2865
v 0.4037 1.1347 0.2847
v 0.4023 1.1370 0.3390
v 0.4037 1.1380 0.3373
v 0.4076 1.1411 0.3306
v 0.4103 1.1450 0.3167
v 0.4103 1.1454 0.3143
v 0.4103 1.1458 0.3118
v 0.4076 1.1470 0.2975
v 0.4037 1.1463 0.2901
v 0.4023 1.1460 0.2881
v 0.4001 1.1439 0.3380
v 0.4011 1.1451 0.3362
v 0.4037 1.1485 0.3299
v 0.4055 1.1521 0.3180
v 0.4055 1.1526 0.3155
v 0.4055 1.1530 0.3131
v 0.4037 1.1537 0.3006
v 0.4011 1.1526 0.2935
v 0.4001 1.1521 0.2915
v 0.3992 1.1459 0.3374
v 0.4001 1.1472 0.3357
v 0.4023 1.1505 0.3296
v 0.4037 1.1539 0.3183
v 0.4037 1.1544 0.3158
v 0.4037 1.1548 0.3134
v 0.4023 1.1554 0.3016
v 0.4001 1.1544 0.2947
v 0.3992 1.1538 0.2927
v 0.0208 0.5133 0.1798
v 0.0199 0.5121 0.1815
v 0.0177 0.5087 0.1876
v 0.0163 0.5053 0.1989
v 0.0163 0.5049 0.2013
v 0.0163 0.5045 0.2038
v 0.0177 0.5038 0.2155
v 0.0199 0.5049 0.2224
v 0.0208 0.5054 0.2245
v 0.0199 0.5154 0.1792
v 0.0189 0.5141 0.1810
v 0.0163 0.5107 0.1873
v 0.0145 0.5071 0.1992
v 0.0145 0.5067 0.2016
v 0.0145 0.5063 0.2041
v 0.0163 0.5056 0.2165
v 0.0189 0.5066 0.2236
v 0.0199 0.5072 0.2257
v 0.0177 0.5223 0.1782
v 0.0163 0.5212 0.1799
v 0.0124 0.5181 0.1866
v 0.0097 0.5143 0.2004
v 0.0097 0.5138 0.2029
v 0.0097 0.5134 0.2054
v 0.0124 0.5123 0.2197
v 0.0163 0.5129 0.2270
v 0.0177 0.5133 0.2290
v 0.0163 0.5340 0.1788
v 0.0145 0.5337 0.1806
v 0.0097 0.5324 0.1877
v 0.0060 0.5297 0.2032
v 0.0060 0.5293 0.2056
v 0.0060 0.5288 0.2081
v 0.0097 0.5261 0.2235
v 0.0145 0.5248 0.2306
v 0.0163 0.5245 0.2325
v 0.0163 0.8344 0.2317
v 0.0145 0.8340 0.2336
v 0.0097 0.8328 0.2407
v 0.0060 0.8301 0.2561
v 0.0060 0.8296 0.2586
v 0.0060 0.8292 0.2610
v 0.0097 0.8265 0.2765
v 0.0145 0.8252 0.2836
v 0.0163 0.8249 0.2854
v 0.0163 1.1347 0.2847
v 0.0145 1.1344 0.2865
v 0.0097 1.1331 0.2937
v 0.0060 1.1304 0.3091
v 0.0060 1.1300 0.3115
v 0.0060 1.1296 0.3140
v 0.0097 1.1268 0.3294
v 0.0145 1.1256 0.3366
v 0.0163 1.1253 0.3384
v 0.0177 1.1460 0.2881
v 0.0163 1.1463 0.2901
v 0.0124 1.1470 0.2975
v 0.0097 1.1458 0.3118
v 0.0097 1.1454 0.3143
v 0.0097 1.1450 0.3167
v 0.0124 1.1411 0.3306
v 0.0163 1.1380 0.3373
v 0.0177 1.1370 0.3390
v 0.0199 1.1521 0.2915
v 0.0189 1.1526 0.2935
v 0.0163 1.1537 0.3006
v 0.0145 1.1530 0.3131
v 0.0145 1.1526 0.3155
v 0.0145 1.1521 0.3180
v 0.0163 1.1485 0.3299
v 0.0189 1.1451 0.3362
v 0.0199 1.1439 0.3380
v 0.0208 1.1538 0.2927
v 0.0199 1.1544 0.2947
v 0.0177 1.1554 0.3016
v 0.0163 1.1548 0.3134
v 0.0163 1.1544 0.3158
v 0.0163 1.1539 0.3183
v 0.0177 1.1505 0.3296
v 0.0199 1.1472 0.3357
v 0.0208 1.1459 0.3374
v 0.0208 1.1459 0.3374
v 0.0227 1.1467 0.3385
v 0.0293 1.1485 0.3410
v 0.0410 1.1496 0.3427
v 0.2100 1.1496 0.3427
v 0.3790 1.1496 0.3427
v 0.3907 1.1485 0.3410
v 0.3973 1.1467 0.3385
v 0.3992 1.1459 0.3374
v 0.0199 1.1472 0.3357
v 0.0218 1.1480 0.3367
v 0.0286 1.1502 0.3394
v 0.0410 1.1516 0.3412
v 0.2100 1.1516 0.3412
v 0.3790 1.1516 0.3412
v 0.3914 1.1502 0.3394
v 0.3982 1.1480 0.3367
v 0.4001 1.1472 0.3357
v 0.0177 1.1505 0.3296
v 0.0196 1.1518 0.3305
v 0.0267 1.1552 0.3330
v 0.0410 1.1577 0.3349
v 0.2100 1.1577 0.3349
v 0.3790 1.1577 0.3349
v 0.3933 1.1552 0.3330
v 0.4004 1.1518 0.3305
v 0.4023 1.1505 0.3296
v 0.0163 1.1539 0.3183
v 0.0181 1.1556 0.3186
v 0.0253 1.1604 0.3194
v 0.0410 1.1640 0.3201
v 0.2100 1.1640 0.3201
v 0.3790 1.1640 0.3201
v 0.3947 1.1604 0.3194
v 0.4019 1.1556 0.3186
v 0.4037 1.1539 0.3183
v 0.0163 1.1544 0.3158
v 0.0181 1.1560 0.3161
v 0.0253 1.1608 0.3170
v 0.0410 1.1645 0.3176
v 0.2100 1.1645 0.3176
v 0.3790 1.1645 0.3176
v 0.3947 1.1608 0.3170
v 0.4019 1.1560 0.3161
v 0.4037 1.1544 0.3158
v 0.0163 1.1548 0.3134
v 0.0181 1.1565 0.3137
v 0.0253 1.1613 0.3145
v 0.0410 1.1649 0.3152
v 0.2100 1.1649 0.3152
v 0.3790 1.1649 0.3152
v 0.3947 1.1613 0.3145
v 0.4019 1.1565 0.3137
v 0.4037 1.1548 0.3134
v 0.0177 1.1554 0.3016
v 0.0196 1.1569 0.3012
v 0.0267 1.1611 0.3000
v 0.0410 1.1640 0.2991
v 0.2100 1.1640 0.2991
v 0.3790 1.1640 0.2991
v 0.3933 1.1611 0.3000
v 0.4004 1.1569 0.3012
v 0.4023 1.1554 0.3016
v 0.0199 1.1544 0.2947
v 0.0218 1.1556 0.2941
v 0.0286 1.1585 0.2923
v 0.0410 1.1605 0.2911
v 0.2100 1.1605 0.2911
v 0.3790 1.1605 0.2911
v 0.3914 1.1585 0.2923
v 0.3982 1.1556 0.2941
v 0.4001 1.1544 0.2947
v 0.0208 1.1538 0.2927
v 0.0227 1.1549 0.2920
v 0.0293 1.1575 0.2902
v 0.0410 1.1591 0.2890
v 0.2100 1.1591 0.2890
v 0.3790 1.1591 0.2890
v 0.3907 1.1575 0.2902
v 0.3973 1.1549 0.2920
v 0.3992 1.1538 0.2927
v 0.0208 0.5133 0.1798
v 0.0227 0.5126 0.1787
v 0.0293 0.5108 0.1761
v 0.0410 0.5096 0.1745
v 0.2100 0.5096 0.1745
v 0.3790 0.5096 0.1745
v 0.3907 0.5108 0.1761
v 0.3973 0.5126 0.1787
v 0.3992 0.5133 0.1798
v 0.0199 0.5121 0.1815
v 0.0218 0.5112 0.1804
v 0.0286 0.5090 0.1778
v 0.0410 0.5076 0.1760
v 0.2100 0.5076 0.1760
v 0.3790 0.5076 0.1760
v 0.3914 0.5090 0.1778
v 0.3982 0.5112 0.1804
v 0.4001 0.5121 0.1815
v 0.0177 0.5087 0.1876
v 0.0196 0.5075 0.1867
v 0.0267 0.5040 0.1841
v 0.0410 0.5016 0.1823
v 0.2100 0.5016 0.1823
v 0.3790 0.5016 0.1823
v 0.3933 0.5040 0.1841
v 0.4004 0.5075 0.1867
v 0.4023 0.5087 0.1876
v 0.0163 0.5053 0.1989
v 0.0181 0.5036 0.1986
v 0.0253 0.4989 0.1977
v 0.0410 0.4952 0.1971
v 0.2100 0.4952 0.1971
v 0.3790 0.4952 0.1971
v 0.3947 0.4989 0.1977
v 0.4019 0.5036 0.1986
v 0.4037 0.5053 0.1989
v 0.0163 0.5049 0.2013
v 0.0181 0.5032 0.2010
v 0.0253 0.4984 0.2002
v 0.0410 0.4948 0.1995
v 0.2100 0.4948 0.1995
v 0.3790 0.4948 0.1995
v 0.3947 0.4984 0.2002
v 0.4019 0.5032 0.2010
v 0.4037 0.5049 0.2013
v 0.0163 0.5045 0.2038
v 0.0181 0.5028 0.2035
v 0.0253 0.4980 0.2026
v 0.0410 0.4944 0.2020
v 0.2100 0.4944 0.2020
v 0.3790 0.4944 0.2020
v 0.3947 0.4980 0.2026
v 0.4019 0.5028 0.2035
v 0.4037 0.5045 0.2038
v 0.0177 0.5038 0.2155
v 0.0196 0.5023 0.2160
v 0.0267 0.4982 0.2172
v 0.0410 0.4953 0.2181
v 0.2100 0.4953 0.2181
v 0.3790 0.4953 0.2181
v 0.3933 0.4982 0.2172
v 0.4004 0.5023 0.2160
v 0.4023 0.5038 0.2155
v 0.0199 0.5049 0.2224
v 0.0218 0.5037 0.2231
v 0.0286 0.5007 0.2249
v 0.0410 0.4988 0.2261
v 0.2100 0.4988 0.2261
v 0.3790 0.4988 0.2261
v 0.3914 0.5007 0.2249
v 0.3982 0.5037 0.2231
v 0.4001 0.5049 0.2224
v 0.0208 0.5054 0.2245
v 0.0227 0.5044 0.2252
v 0.0293 0.5018 0.2270
v 0.0410 0.5002 0.2282
v 0.2100 0.5002 0.2282
v 0.3790 0.5002 0.2282
v 0.3907 0.5018 0.2270
v 0.3973 0.5044 0.2252
v 0.3992 0.5054 0.2245
v 0.3992 0.5133 0.1798
v 0.3973 0.5126 0.1787
v 0.3907 0.5108 0.1761
v 0.3790 0.5096 0.1745
v 0.2100 0.5096 0.1745
v 0.0410 0.5096 0.1745
v 0.0293 0.5108 0.1761
v 0.0227 0.5126 0.1787
v 0.0208 0.5133 0.1798
v 0.4001 0.5154 0.1792
v 0.3982 0.5147 0.1780
v 0.3914 0.5129 0.1751
v 0.3790 0.5117 0.1731
v 0.2100 0.5117 0.1731
v 0.0410 0.5117 0.1731
v 0.0286 0.5129 0.1751
v 0.0218 0.5147 0.1780
v 0.0199 0.5154 0.1792
v 0.4023 0.5223 0.1782
v 0.4004 0.5218 0.1766
v 0.3933 0.5206 0.1725
v 0.3790 0.5197 0.1696
v 0.2100 0.5197 0.1696
v 0.0410 0.5197 0.1696
v 0.0267 0.5206 0.1725
v 0.0196 0.5218 0.1766
v 0.0177 0.5223 0.1782
v 0.4037 0.5340 0.1788
v 0.4019 0.5343 0.1771
v 0.3947 0.5351 0.1723
v 0.3790 0.5358 0.1687
v 0.2100 0.5358 0.1687
v 0.0410 0.5358 0.1687
v 0.0253 0.5351 0.1723
v 0.0181 0.5343 0.1771
v 0.0163 0.5340 0.1788
v 0.4037 0.8344 0.2317
v 0.4019 0.8347 0.2301
v 0.3947 0.8355 0.2253
v 0.3790 0.8361 0.2217
v 0.2100 0.8361 0.2217
v 0.0410 0.8361 0.2217
v 0.0253 0.8355 0.2253
v 0.0181 0.8347 0.2301
v 0.0163 0.8344 0.2317
v 0.4037 1.1347 0.2847
v 0.4019 1.1350 0.2830
v 0.3947 1.1359 0.2783
v 0.3790 1.1365 0.2746
v 0.2100 1.1365 0.2746
v 0.0410 1.1365 0.2746
v 0.0253 1.1359 0.2783
v 0.0181 1.1350 0.2830
v 0.0163 1.1347 0.2847
v 0.4023 1.1460 0.2881
v 0.4004 1.1469 0.2869
v 0.3933 1.1495 0.2834
v 0.3790 1.1513 0.2810
v 0.2100 1.1513 0.2810
v 0.0410 1.1513 0.2810
v 0.0267 1.1495 0.2834
v 0.0196 1.1469 0.2869
v 0.0177 1.1460 0.2881
v 0.4001 1.1521 0.2915
v 0.3982 1.1531 0.2906
v 0.3914 1.1558 0.2884
v 0.3790 1.1576 0.2870
v 0.2100 1.1576 0.2870
v 0.0410 1.1576 0.2870
v 0.0286 1.1558 0.2884
v 0.0218 1.1531 0.2906
v 0.0199 1.1521 0.2915
v 0.3992 1.1538 0.2927
v 0.3973 1.1549 0.2920
v 0.3907 1.1575 0.2902
v 0.3790 1.1591 0.2890
v 0.2100 1.1591 0.2890
v 0.0410 1.1591 0.2890
v 0.0293 1.1575 0.2902
v 0.0227 1.1549 0.2920
v 0.0208 1.1538 0.2927
v 0.0310 0.5403 0.1715
v 0.0459 0.5405 0.1706
v 0.0608 0.5409 0.1684
v 0.0758 0.5414 0.1653
v 0.0907 0.5409 0.1682
v 0.1056 0.5406 0.1703
v 0.1205 0.5404 0.1710
v 0.1354 0.5406 0.1702
v 0.1503 0.5410 0.1679
v 0.1653 0.5415 0.1649
v 0.1802 0.5410 0.1679
v 0.1951 0.5406 0.1700
v 0.2100 0.5405 0.1708
v 0.2249 0.5406 0.1700
v 0.2398 0.5410 0.1679
v 0.2548 0.5415 0.1649
v 0.2697 0.5410 0.1679
v 0.2846 0.5406 0.1702
v 0.2995 0.5404 0.1710
v 0.3144 0.5406 0.1703
v 0.3293 0.5409 0.1682
v 0.3443 0.5414 0.1653
v 0.3592 0.5409 0.1684
v 0.3741 0.5405 0.1706
v 0.3890 0.5403 0.1715
v 0.0310 0.5818 0.1788
v 0.0459 0.5826 0.1747
v 0.0608 0.5833 0.1707
v 0.0758 0.5841 0.1663
v 0.0907 0.5838 0.1680
v 0.1056 0.5836 0.1690
v 0.1205 0.5836 0.1689
v 0.1354 0.5839 0.1673
v 0.1503 0.5844 0.1645
v 0.1653 0.5850 0.1610
v 0.1802 0.5845 0.1636
v 0.1951 0.5842 0.1656
v 0.2100 0.5841 0.1663
v 0.2249 0.5842 0.1656
v 0.2398 0.5845 0.1636
v 0.2548 0.5850 0.1610
v 0.2697 0.5844 0.1645
v 0.2846 0.5839 0.1673
v 0.2995 0.5836 0.1689
v 0.3144 0.5836 0.1690
v 0.3293 0.5838 0.1680
v 0.3443 0.5841 0.1663
v 0.3592 0.5833 0.1707
v 0.3741 0.5826 0.1747
v 0.3890 0.5818 0.1788
v 0.0310 0.6234 0.1862
v 0.0459 0.6244 0.1804
v 0.0608 0.6252 0.1754
v 0.0758 0.6262 0.1701
v 0.0907 0.6260 0.1710
v 0.1056 0.6260 0.1714
v 0.1205 0.6261 0.1707
v 0.1354 0.6265 0.1686
v 0.1503 0.6270 0.1653
v 0.1653 0.6277 0.1616
v 0.1802 0.6273 0.1639
v 0.1951 0.6270 0.1657
v 0.2100 0.6268 0.1664
v 0.2249 0.6270 0.1657
v 0.2398 0.6273 0.1639
v 0.2548 0.6277 0.1616
v 0.2697 0.6270 0.1653
v 0.2846 0.6265 0.1686
v 0.2995 0.6261 0.1707
v 0.3144 0.6260 0.1714
v 0.3293 0.6260 0.1710
v 0.3443 0.6262 0.1701
v 0.3592 0.6252 0.1754
v 0.3741 0.6244 0.1804
v 0.3890 0.6234 0.1862
v 0.0310 0.6649 0.1935
v 0.0459 0.6661 0.1864
v 0.0608 0.6671 0.1805
v 0.0758 0.6682 0.1744
v 0.0907 0.6682 0.1745
v 0.1056 0.6682 0.1743
v 0.1205 0.6685 0.1729
v 0.1354 0.6689 0.1703
v 0.1503 0.6696 0.1667
v 0.1653 0.6703 0.1626
v 0.1802 0.6699 0.1647
v 0.1951 0.6696 0.1663
v 0.2100 0.6695 0.1670
v 0.2249 0.6696 0.1663
v 0.2398 0.6699 0.1647
v 0.2548 0.6703 0.1626
v 0.2697 0.6696 0.1667
v 0.2846 0.6689 0.1703
v 0.2995 0.6685 0.1729
v 0.3144 0.6682 0.1743
v 0.3293 0.6682 0.1745
v 0.3443 0.6682 0.1744
v 0.3592 0.6671 0.1805
v 0.3741 0.6661 0.1864
v 0.3890 0.6649 0.1935
v 0.0310 0.7064 0.2008
v 0.0459 0.7078 0.1928
v 0.0608 0.7089 0.1863
v 0.0758 0.7101 0.1796
v 0.0907 0.7101 0.1793
v 0.1056 0.7103 0.1786
v 0.1205 0.7106 0.1769
v 0.1354 0.7111 0.1740
v 0.1503 0.7118 0.1701
v 0.1653 0.7125 0.1658
v 0.1802 0.7122 0.1677
v 0.1951 0.7119 0.1693
v 0.2100 0.7118 0.1699
v 0.2249 0.7119 0.1693
v 0.2398 0.7122 0.1677
v 0.2548 0.7125 0.1658
v 0.2697 0.7118 0.1701
v 0.2846 0.7111 0.1740
v 0.2995 0.7106 0.1769
v 0.3144 0.7103 0.1786
v 0.3293 0.7101 0.1793
v 0.3443 0.7101 0.1796
v 0.3592 0.7089 0.1863
v 0.3741 0.7078 0.1928
v 0.3890 0.7064 0.2008
v 0.0310 0.7479 0.2081
v 0.0459 0.7493 0.1999
v 0.0608 0.7505 0.1933
v 0.0758 0.7517 0.1866
v 0.0907 0.7517 0.1863
v 0.1056 0.7518 0.1856
v 0.1205 0.7521 0.1839
v 0.1354 0.7527 0.1810
v 0.1503 0.7533 0.1770
v 0.1653 0.7541 0.1727
v 0.1802 0.7538 0.1747
v 0.1951 0.7535 0.1763
v 0.2100 0.7534 0.1769
v 0.2249 0.7535 0.1763
v 0.2398 0.7538 0.1747
v 0.2548 0.7541 0.1727
v 0.2697 0.7533 0.1770
v 0.2846 0.7527 0.1810
v 0.2995 0.7521 0.1839
v 0.3144 0.7518 0.1856
v 0.3293 0.7517 0.1863
v 0.3443 0.7517 0.1866
v 0.3592 0.7505 0.1933
v 0.3741 0.7493 0.1999
v 0.3890 0.7479 0.2081
v 0.0310 0.7894 0.2154
v 0.0459 0.7908 0.2074
v 0.0608 0.7919 0.2011
v 0.0758 0.7930 0.1948
v 0.0907 0.7930 0.1948
v 0.1056 0.7931 0.1944
v 0.1205 0.7933 0.1930
v 0.1354 0.7938 0.1904
v 0.1503 0.7944 0.1867
v 0.1653 0.7952 0.1826
v 0.1802 0.7948 0.1847
v 0.1951 0.7945 0.1863
v 0.2100 0.7944 0.1870
v 0.2249 0.7945 0.1863
v 0.2398 0.7948 0.1847
v 0.2548 0.7952 0.1826
v 0.2697 0.7944 0.1867
v 0.2846 0.7938 0.1904
v 0.2995 0.7933 0.1930
v 0.3144 0.7931 0.1944
v 0.3293 0.7930 0.1948
v 0.3443 0.7930 0.1948
v 0.3592 0.7919 0.2011
v 0.3741 0.7908 0.2074
v 0.3890 0.7894 0.2154
v 0.0310 0.8309 0.2228
v 0.0459 0.8322 0.2151
v 0.0608 0.8332 0.2093
v 0.0758 0.8343 0.2034
v 0.0907 0.8342 0.2038
v 0.1056 0.8342 0.2038
v 0.1205 0.8344 0.2027
v 0.1354 0.8348 0.2004
v 0.1503 0.8354 0.1969
v 0.1653 0.8361 0.1930
v 0.1802 0.8357 0.1953
v 0.1951 0.8354 0.1970
v 0.2100 0.8353 0.1977
v 0.2249 0.8354 0.1970
v 0.2398 0.8357 0.1953
v 0.2548 0.8361 0.1930
v 0.2697 0.8354 0.1969
v 0.2846 0.8348 0.2004
v 0.2995 0.8344 0.2027
v 0.3144 0.8342 0.2038
v 0.3293 0.8342 0.2038
v 0.3443 0.8343 0.2034
v 0.3592 0.8332 0.2093
v 0.3741 0.8322 0.2151
v 0.3890 0.8309 0.2228
v 0.0310 0.8724 0.2301
v 0.0459 0.8736 0.2228
v 0.0608 0.8746 0.2173
v 0.0758 0.8756 0.2117
v 0.0907 0.8755 0.2124
v 0.1056 0.8754 0.2127
v 0.1205 0.8756 0.2118
v 0.1354 0.8760 0.2097
v 0.1503 0.8765 0.2064
v 0.1653 0.8772 0.2026
v 0.1802 0.8768 0.2050
v 0.1951 0.8765 0.2068
v 0.2100 0.8764 0.2075
v 0.2249 0.8765 0.2068
v 0.2398 0.8768 0.2050
v 0.2548 0.8772 0.2026
v 0.2697 0.8765 0.2064
v 0.2846 0.8760 0.2097
v 0.2995 0.8756 0.2118
v 0.3144 0.8754 0.2127
v 0.3293 0.8755 0.2124
v 0.3443 0.8756 0.2117
v 0.3592 0.8746 0.2173
v 0.3741 0.8736 0.2228
v 0.3890 0.8724 0.2301
v 0.0310 0.9139 0.2374
v 0.0459 0.9151 0.2305
v 0.0608 0.9160 0.2252
v 0.0758 0.9170 0.2198
v 0.0907 0.9168 0.2207
v 0.1056 0.9167 0.2211
v 0.1205 0.9169 0.2205
v 0.1354 0.9172 0.2185
v 0.1503 0.9178 0.2153
v 0.1653 0.9184 0.2116
v 0.1802 0.9180 0.2140
v 0.1951 0.9177 0.2158
v 0.2100 0.9176 0.2165
v 0.2249 0.9177 0.2158
v 0.2398 0.9180 0.2140
v 0.2548 0.9184 0.2116
v 0.2697 0.9178 0.2153
v 0.2846 0.9172 0.2185
v 0.2995 0.9169 0.2205
v 0.3144 0.9167 0.2211
v 0.3293 0.9168 0.2207
v 0.3443 0.9170 0.2198
v 0.3592 0.9160 0.2252
v 0.3741 0.9151 0.2305
v 0.3890 0.9139 0.2374
v 0.0310 0.9554 0.2447
v 0.0459 0.9565 0.2383
v 0.0608 0.9574 0.2332
v 0.0758 0.9583 0.2280
v 0.0907 0.9581 0.2291
v 0.1056 0.9580 0.2297
v 0.1205 0.9581 0.2291
v 0.1354 0.9585 0.2272
v 0.1503 0.9590 0.2241
v 0.1653 0.9596 0.2205
v 0.1802 0.9592 0.2229
v 0.1951 0.9589 0.2248
v 0.2100 0.9588 0.2255
v 0.2249 0.9589 0.2248
v 0.2398 0.9592 0.2229
v 0.2548 0.9596 0.2205
v 0.2697 0.9590 0.2241
v 0.2846 0.9585 0.2272
v 0.2995 0.9581 0.2291
v 0.3144 0.9580 0.2297
v 0.3293 0.9581 0.2291
v 0.3443 0.9583 0.2280
v 0.3592 0.9574 0.2332
v 0.3741 0.9565 0.2383
v 0.3890 0.9554 0.2447
v 0.0310 0.9969 0.2520
v 0.0459 0.9979 0.2462
v 0.0608 0.9987 0.2415
v 0.0758 0.9996 0.2365
v 0.0907 0.9994 0.2378
v 0.1056 0.9993 0.2385
v 0.1205 0.9993 0.2381
v 0.1354 0.9996 0.2363
v 0.1503 1.0002 0.2334
v 0.1653 1.0008 0.2298
v 0.1802 1.0004 0.2323
v 0.1951 1.0000 0.2342
v 0.2100 0.9999 0.2349
v 0.2249 1.0000 0.2342
v 0.2398 1.0004 0.2323
v 0.2548 1.0008 0.2298
v 0.2697 1.0002 0.2334
v 0.2846 0.9996 0.2363
v 0.2995 0.9993 0.2381
v 0.3144 0.9993 0.2385
v 0.3293 0.9994 0.2378
v 0.3443 0.9996 0.2365
v 0.3592 0.9987 0.2415
v 0.3741 0.9979 0.2462
v 0.3890 0.9969 0.2520
v 0.0310 1.0384 0.2593
v 0.0459 1.0393 0.2543
v 0.0608 1.0400 0.2500
v 0.0758 1.0408 0.2454
v 0.0907 1.0406 0.2470
v 0.1056 1.0404 0.2480
v 0.1205 1.0404 0.2478
v 0.1354 1.0407 0.2461
v 0.1503 1.0412 0.2433
v 0.1653 1.0418 0.2398
v 0.1802 1.0414 0.2424
v 0.1951 1.0410 0.2444
v 0.2100 1.0409 0.2451
v 0.2249 1.0410 0.2444
v 0.2398 1.0414 0.2424
v 0.2548 1.0418 0.2398
v 0.2697 1.0412 0.2433
v 0.2846 1.0407 0.2461
v 0.2995 1.0404 0.2478
v 0.3144 1.0404 0.2480
v 0.3293 1.0406 0.2470
v 0.3443 1.0408 0.2454
v 0.3592 1.0400 0.2500
v 0.3741 1.0393 0.2543
v 0.3890 1.0384 0.2593
v 0.0310 1.0799 0.2667
v 0.0459 1.0806 0.2629
v 0.0608 1.0812 0.2592
v 0.0758 1.0819 0.2550
v 0.0907 1.0816 0.2570
v 0.1056 1.0814 0.2583
v 0.1205 1.0813 0.2584
v 0.1354 1.0816 0.2570
v 0.1503 1.0821 0.2543
v 0.1653 1.0826 0.2510
v 0.1802 1.0822 0.2537
v 0.1951 1.0818 0.2557
v 0.2100 1.0817 0.2564
v 0.2249 1.0818 0.2557
v 0.2398 1.0822 0.2537
v 0.2548 1.0826 0.2510
v 0.2697 1.0821 0.2543
v 0.2846 1.0816 0.2570
v 0.2995 1.0813 0.2584
v 0.3144 1.0814 0.2583
v 0.3293 1.0816 0.2570
v 0.3443 1.0819 0.2550
v 0.3592 1.0812 0.2592
v 0.3741 1.0806 0.2629
v 0.3890 1.0799 0.2667
v 0.0310 1.1214 0.2740
v 0.0459 1.1215 0.2732
v 0.0608 1.1219 0.2710
v 0.0758 1.1224 0.2681
v 0.0907 1.1219 0.2710
v 0.1056 1.1215 0.2732
v 0.1205 1.1214 0.2740
v 0.1354 1.1215 0.2732
v 0.1503 1.1219 0.2710
v 0.1653 1.1224 0.2681
v 0.1802 1.1219 0.2710
v 0.1951 1.1215 0.2732
v 0.2100 1.1214 0.2740
v 0.2249 1.1215 0.2732
v 0.2398 1.1219 0.2710
v 0.2548 1.1224 0.2681
v 0.2697 1.1219 0.2710
v 0.2846 1.1215 0.2732
v 0.2995 1.1214 0.2740
v 0.3144 1.1215 0.2732
v 0.3293 1.1219 0.2710
v 0.3443 1.1224 0.2681
v 0.3592 1.1219 0.2710
v 0.3741 1.1215 0.2732
v 0.3890 1.1214 0.2740
vt 0.0000 0.0000
vt 0.0047 0.0000
vt 0.0175 0.0000
vt 0.0350 0.0000
vt 0.0375 0.0000
vt 0.0400 0.0000
vt 0.0575 0.0000
vt 0.0703 0.0000
vt 0.0750 0.0000
vt 0.0000 0.0047
vt 0.0047 0.0047
vt 0.0175 0.0047
vt 0.0350 0.0047
vt 0.0375 0.0047
vt 0.0400 0.0047
vt 0.0575 0.0047
vt 0.0703 0.0047
vt 0.0750 0.0047
vt 0.0000 0.0175
vt 0.0047 0.0175
vt 0.0175 0.0175
vt 0.0350 0.0175
vt 0.0375 0.0175
vt 0.0400 0.0175
vt 0.0575 0.0175
vt 0.0703 0.0175
vt 0.0750 0.0175
vt 0.0000 0.0350
vt 0.0047 0.0350
vt 0.0175 0.0350
vt 0.0350 0.0350
vt 0.0375 0.0350
vt 0.0400 0.0350
vt 0.0575 0.0350
vt 0.0703 0.0350
vt 0.0750 0.0350
vt 0.0000 0.3400
vt 0.0047 0.3400
vt 0.0175 0.3400
vt 0.0350 0.3400
vt 0.0375 0.3400
vt 0.0400 0.3400
vt 0.0575 0.3400
vt 0.0703 0.3400
vt 0.0750 0.3400
vt 0.0000 0.6450
vt 0.0047 0.6450
vt 0.0175 0.6450
vt 0.0350 0.6450
vt 0.0375 0.6450
vt 0.0400 0.6450
vt 0.0575 0.6450
vt 0.0703 0.6450
vt 0.0750 0.6450
vt 0.0000 0.6625
vt 0.0047 0.6625
vt 0.0175 0.6625
vt 0.0350 0.6625
vt 0.0375 0.6625
vt 0.0400 0.6625
vt 0.0575 0.6625
vt 0.0703 0.6625
vt 0.0750 0.6625
vt 0.0000 0.6753
vt 0.0047 0.6753
vt 0.0175 0.6753
vt 0.0350 0.6753
vt 0.0375 0.6753
vt 0.0400 0.6753
vt 0.0575 0.6753
vt 0.0703 0.6753
vt 0.0750 0.6753
vt 0.0000 0.6800
vt 0.0047 0.6800
vt 0.0175 0.6800
vt 0.0350 0.6800
vt 0.0375 0.6800
vt 0.0400 0.6800
vt 0.0575 0.6800
vt 0.0703 0.6800
vt 0.0750 0.6800
vt 0.0000 0.0000
vt 0.0047 0.0000
vt 0.0175 0.0000
vt 0.0350 0.0000
vt 0.0375 0.0000
vt 0.0400 0.0000
vt 0.0575 0.0000
vt 0.0703 0.0000
vt 0.0750 0.0000
vt 0.0000 0.0047
vt 0.0047 0.0047
vt 0.0175 0.0047
vt 0.0350 0.0047
vt 0.0375 0.0047
vt 0.0400 0.0047
vt 0.0575 0.0047
vt 0.0703 0.0047
vt 0.0750 0.0047
vt 0.0000 0.0175
vt 0.0047 0.0175
vt 0.0175 0.0175
vt 0.0350 0.0175
vt 0.0375 0.0175
vt 0.0400 0.0175
vt 0.0575 0.0175
vt 0.0703 0.0175
vt 0.0750 0.0175
vt 0.0000 0.0350
vt 0.0047 0.0350
vt 0.0175 0.0350
vt 0.0350 0.0350
vt 0.0375 0.0350
vt 0.0400 0.0350
vt 0.0575 0.0350
vt 0.0703 0.0350
vt 0.0750 0.0350
vt 0.0000 0.3400
vt 0.0047 0.3400
vt 0.0175 0.3400
vt 0.0350 0.3400
vt 0.0375 0.3400
vt 0.0400 0.3400
vt 0.0575 0.3400
vt 0.0703 0.3400
vt 0.0750 0.3400
vt 0.0000 0.6450
vt 0.0047 0.6450
vt 0.0175 0.6450
vt 0.0350 0.6450
vt 0.0375 0.6450
vt 0.0400 0.6450
vt 0.0575 0.6450
vt 0.0703 0.6450
vt 0.0750 0.6450
vt 0.0000 0.6625
vt 0.0047 0.6625
vt 0.0175 0.6625
vt 0.0350 0.6625
vt 0.0375 0.6625
vt 0.0400 0.6625
vt 0.0575 0.6625
vt 0.0703 0.6625
vt 0.0750 0.6625
vt 0.0000 0.6753
vt 0.0047 0.6753
vt 0.0175 0.6753
vt 0.0350 0.6753
vt 0.0375 0.6753
vt 0.0400 0.6753
vt 0.0575 0.6753
vt 0.0703 0.6753
vt 0.0750 0.6753
vt 0.0000 0.6800
vt 0.0047 0.6800
vt 0.0175 0.6800
vt 0.0350 0.6800
vt 0.0375 0.6800
vt 0.0400 0.6800
vt 0.0575 0.6800
vt 0.0703 0.6800
vt 0.0750 0.6800
vt 0.0000 0.0000
vt 0.0047 0.0000
vt 0.0175 0.0000
vt 0.0350 0.0000
vt 0.2040 0.0000
vt 0.3730 0.0000
vt 0.3905 0.0000
vt 0.4033 0.0000
vt 0.4080 0.0000
vt 0.0000 0.0047
vt 0.0047 0.0047
vt 0.0175 0.0047
vt 0.0350 0.0047
vt 0.2040 0.0047
vt 0.3730 0.0047
vt 0.3905 0.0047
vt 0.4033 0.0047
vt 0.4080 0.0047
vt 0.0000 0.0175
vt 0.0047 0.0175
vt 0.0175 0.0175
vt 0.0350 0.0175
vt 0.2040 0.0175
vt 0.3730 0.0175
vt 0.3905 0.0175
vt 0.4033 0.0175
vt 0.4080 0.0175
vt 0.0000 0.0350
vt 0.0047 0.0350
vt 0.0175 0.0350
vt 0.0350 0.0350
vt 0.2040 0.0350
vt 0.3730 0.0350
vt 0.3905 0.0350
vt 0.4033 0.0350
vt 0.4080 0.0350
vt 0.0000 0.0375
vt 0.0047 0.0375
vt 0.0175 0.0375
vt 0.0350 0.0375
vt 0.2040 0.0375
vt 0.3730 0.0375
vt 0.3905 0.0375
vt 0.4033 0.0375
vt 0.4080 0.0375
vt 0.0000 0.0400
vt 0.0047 0.0400
vt 0.0175 0.0400
vt 0.0350 0.0400
vt 0.2040 0.0400
vt 0.3730 0.0400
vt 0.3905 0.0400
vt 0.4033 0.0400
vt 0.4080 0.0400
vt 0.0000 0.0575
vt 0.0047 0.0575
vt 0.0175 0.0575
vt 0.0350 0.0575
vt 0.2040 0.0575
vt 0.3730 0.0575
vt 0.3905 0.0575
vt 0.4033 0.0575
vt 0.4080 0.0575
vt 0.0000 0.0703
vt 0.0047 0.0703
vt 0.0175 0.0703
vt 0.0350 0.0703
vt 0.2040 0.0703
vt 0.3730 0.0703
vt 0.3905 0.0703
vt 0.4033 0.0703
vt 0.4080 0.0703
vt 0.0000 0.0750
vt 0.0047 0.0750
vt 0.0175 0.0750
vt 0.0350 0.0750
vt 0.2040 0.0750
vt 0.3730 0.0750
vt 0.3905 0.0750
vt 0.4033 0.0750
vt 0.4080 0.0750
vt 0.0000 0.0000
vt 0.0047 0.0000
vt 0.0175 0.0000
vt 0.0350 0.0000
vt 0.2040 0.0000
vt 0.3730 0.0000
vt 0.3905 0.0000
vt 0.4033 0.0000
vt 0.4080 0.0000
vt 0.0000 0.0047
vt 0.0047 0.0047
vt 0.0175 0.0047
vt 0.0350 0.0047
vt 0.2040 0.0047
vt 0.3730 0.0047
vt 0.3905 0.0047
vt 0.4033 0.0047
vt 0.4080 0.0047
vt 0.0000 0.0175
vt 0.0047 0.0175
vt 0.0175 0.0175
vt 0.0350 0.0175
vt 0.2040 0.0175
vt 0.3730 0.0175
vt 0.3905 0.0175
vt 0.4033 0.0175
vt 0.4080 0.0175
vt 0.0000 0.0350
vt 0.0047 0.0350
vt 0.0175 0.0350
vt 0.0350 0.0350
vt 0.2040 0.0350
vt 0.3730 0.0350
vt 0.3905 0.0350
vt 0.4033 0.0350
vt 0.4080 0.0350
vt 0.0000 0.0375
vt 0.0047 0.0375
vt 0.0175 0.0375
vt 0.0350 0.0375
vt 0.2040 0.0375
vt 0.3730 0.0375
vt 0.3905 0.0375
vt 0.4033 0.0375
vt 0.4080 0.0375
vt 0.0000 0.0400
vt 0.0047 0.0400
vt 0.0175 0.0400
vt 0.0350 0.0400
vt 0.2040 0.0400
vt 0.3730 0.0400
vt 0.3905 0.0400
vt 0.4033 0.0400
vt 0.4080 0.0400
vt 0.0000 0.0575
vt 0.0047 0.0575
vt 0.0175 0.0575
vt 0.0350 0.0575
vt 0.2040 0.0575
vt 0.3730 0.0575
vt 0.3905 0.0575
vt 0.4033 0.0575
vt 0.4080 0.0575
vt 0.0000 0.0703
vt 0.0047 0.0703
vt 0.0175 0.0703
vt 0.0350 0.0703
vt 0.2040 0.0703
vt 0.3730 0.0703
vt 0.3905 0.0703
vt 0.4033 0.0703
vt 0.4080 0.0703
vt 0.0000 0.0750
vt 0.0047 0.0750
vt 0.0175 0.0750
vt 0.0350 0.0750
vt 0.2040 0.0750
vt 0.3730 0.0750
vt 0.3905 0.0750
vt 0.4033 0.0750
vt 0.4080 0.0750
vt 0.0000 0.0000
vt 0.0047 0.0000
vt 0.0175 0.0000
vt 0.0350 0.0000
vt 0.2040 0.0000
vt 0.3730 0.0000
vt 0.3905 0.0000
vt 0.4033 0.0000
vt 0.4080 0.0000
vt 0.0000 0.0047
vt 0.0047 0.0047
vt 0.0175 0.0047
vt 0.0350 0.0047
vt 0.2040 0.0047
vt 0.3730 0.0047
vt 0.3905 0.0047
vt 0.4033 0.0047
vt 0.4080 0.0047
vt 0.0000 0.0175
vt 0.0047 0.0175
vt 0.0175 0.0175
vt 0.0350 0.0175
vt 0.2040 0.0175
vt 0.3730 0.0175
vt 0.3905 0.0175
vt 0.4033 0.0175
vt 0.4080 0.0175
vt 0.0000 0.0350
vt 0.0047 0.0350
vt 0.0175 0.0350
vt 0.0350 0.0350
vt 0.2040 0.0350
vt 0.3730 0.0350
vt 0.3905 0.0350
vt 0.4033 0.0350
vt 0.4080 0.0350
vt 0.0000 0.3400
vt 0.0047 0.3400
vt 0.0175 0.3400
vt 0.0350 0.3400
vt 0.2040 0.3400
vt 0.3730 0.3400
vt 0.3905 0.3400
vt 0.4033 0.3400
vt 0.4080 0.3400
vt 0.0000 0.6450
vt 0.0047 0.6450
vt 0.0175 0.6450
vt 0.0350 0.6450
vt 0.2040 0.6450
vt 0.3730 0.6450
vt 0.3905 0.6450
vt 0.4033 0.6450
vt 0.4080 0.6450
vt 0.0000 0.6625
vt 0.0047 0.6625
vt 0.0175 0.6625
vt 0.0350 0.6625
vt 0.2040 0.6625
vt 0.3730 0.6625
vt 0.3905 0.6625
vt 0.4033 0.6625
vt 0.4080 0.6625
vt 0.0000 0.6753
vt 0.0047 0.6753
vt 0.0175 0.6753
vt 0.0350 0.6753
vt 0.2040 0.6753
vt 0.3730 0.6753
vt 0.3905 0.6753
vt 0.4033 0.6753
vt 0.4080 0.6753
vt 0.0000 0.6800
vt 0.0047 0.6800
vt 0.0175 0.6800
vt 0.0350 0.6800
vt 0.2040 0.6800
vt 0.3730 0.6800
vt 0.3905 0.6800
vt 0.4033 0.6800
vt 0.4080 0.6800
vt 0.0000 0.0000
vt 0.0168 0.0000
vt 0.0329 0.0000
vt 0.0489 0.0000
vt 0.0639 0.0000
vt 0.0788 0.0000
vt 0.0937 0.0000
vt 0.1088 0.0000
vt 0.1242 0.0000
vt 0.1396 0.0000
vt 0.1547 0.0000
vt 0.1697 0.0000
vt 0.1847 0.0000
vt 0.1996 0.0000
vt 0.2146 0.0000
vt 0.2297 0.0000
vt 0.2451 0.0000
vt 0.2605 0.0000
vt 0.2756 0.0000
vt 0.2905 0.0000
vt 0.3054 0.0000
vt 0.3204 0.0000
vt 0.3364 0.0000
vt 0.3525 0.0000
vt 0.3693 0.0000
vt 0.0000 0.0438
vt 0.0168 0.0438
vt 0.0329 0.0438
vt 0.0489 0.0438
vt 0.0639 0.0438
vt 0.0788 0.0438
vt 0.0937 0.0438
vt 0.1088 0.0438
vt 0.1242 0.0438
vt 0.1396 0.0438
vt 0.1547 0.0438
vt 0.1697 0.0438
vt 0.1847 0.0438
vt 0.1996 0.0438
vt 0.2146 0.0438
vt 0.2297 0.0438
vt 0.2451 0.0438
vt 0.2605 0.0438
vt 0.2756 0.0438
vt 0.2905 0.0438
vt 0.3054 0.0438
vt 0.3204 0.0438
vt 0.3364 0.0438
vt 0.3525 0.0438
vt 0.3693 0.0438
vt 0.0000 0.0866
vt 0.0168 0.0866
vt 0.0329 0.0866
vt 0.0489 0.0866
vt 0.0639 0.0866
vt 0.0788 0.0866
vt 0.0937 0.0866
vt 0.1088 0.0866
vt 0.1242 0.0866
vt 0.1396 0.0866
vt 0.1547 0.0866
vt 0.1697 0.0866
vt 0.1847 0.0866
vt 0.1996 0.0866
vt 0.2146 0.0866
vt 0.2297 0.0866
vt 0.2451 0.0866
vt 0.2605 0.0866
vt 0.2756 0.0866
vt 0.2905 0.0866
vt 0.3054 0.0866
vt 0.3204 0.0866
vt 0.3364 0.0866
vt 0.3525 0.0866
vt 0.3693 0.0866
vt 0.0000 0.1293
vt 0.0168 0.1293
vt 0.0329 0.1293
vt 0.0489 0.1293
vt 0.0639 0.1293
vt 0.0788 0.1293
vt 0.0937 0.1293
vt 0.1088 0.1293
vt 0.1242 0.1293
vt 0.1396 0.1293
vt 0.1547 0.1293
vt 0.1697 0.1293
vt 0.1847 0.1293
vt 0.1996 0.1293
vt 0.2146 0.1293
vt 0.2297 0.1293
vt 0.2451 0.1293
vt 0.2605 0.1293
vt 0.2756 0.1293
vt 0.2905 0.1293
vt 0.3054 0.1293
vt 0.3204 0.1293
vt 0.3364 0.1293
vt 0.3525 0.1293
vt 0.3693 0.1293
vt 0.0000 0.1717
vt 0.0168 0.1717
vt 0.0329 0.1717
vt 0.0489 0.1717
vt 0.0639 0.1717
vt 0.0788 0.1717
vt 0.0937 0.1717
vt 0.1088 0.1717
vt 0.1242 0.1717
vt 0.1396 0.1717
vt 0.1547 0.1717
vt 0.1697 0.1717
vt 0.1847 0.1717
vt 0.1996 0.1717
vt 0.2146 0.1717
vt 0.2297 0.1717
vt 0.2451 0.1717
vt 0.2605 0.1717
vt 0.2756 0.1717
vt 0.2905 0.1717
vt 0.3054 0.1717
vt 0.3204 0.1717
vt 0.3364 0.1717
vt 0.3525 0.1717
vt 0.3693 0.1717
vt 0.0000 0.2138
vt 0.0168 0.2138
vt 0.0329 0.2138
vt 0.0489 0.2138
vt 0.0639 0.2138
vt 0.0788 0.2138
vt 0.0937 0.2138
vt 0.1088 0.2138
vt 0.1242 0.2138
vt 0.1396 0.2138
vt 0.1547 0.2138
vt 0.1697 0.2138
vt 0.1847 0.2138
vt 0.1996 0.2138
vt 0.2146 0.2138
vt 0.2297 0.2138
vt 0.2451 0.2138
vt 0.2605 0.2138
vt 0.2756 0.2138
vt 0.2905 0.2138
vt 0.3054 0.2138
vt 0.3204 0.2138
vt 0.3364 0.2138
vt 0.3525 0.2138
vt 0.3693 0.2138
vt 0.0000 0.2561
vt 0.0168 0.2561
vt 0.0329 0.2561
vt 0.0489 0.2561
vt 0.0639 0.2561
vt 0.0788 0.2561
vt 0.0937 0.2561
vt 0.1088 0.2561
vt 0.1242 0.2561
vt 0.1396 0.2561
vt 0.1547 0.2561
vt 0.1697 0.2561
vt 0.1847 0.2561
vt 0.1996 0.2561
vt 0.2146 0.2561
vt 0.2297 0.2561
vt 0.2451 0.2561
vt 0.2605 0.2561
vt 0.2756 0.2561
vt 0.2905 0.2561
vt 0.3054 0.2561
vt 0.3204 0.2561
vt 0.3364 0.2561
vt 0.3525 0.2561
vt 0.3693 0.2561
vt 0.0000 0.2983
vt 0.0168 0.2983
vt 0.0329 0.2983
vt 0.0489 0.2983
vt 0.0639 0.2983
vt 0.0788 0.2983
vt 0.0937 0.2983
vt 0.1088 0.2983
vt 0.1242 0.2983
vt 0.1396 0.2983
vt 0.1547 0.2983
vt 0.1697 0.2983
vt 0.1847 0.2983
vt 0.1996 0.2983
vt 0.2146 0.2983
vt 0.2297 0.2983
vt 0.2451 0.2983
vt 0.2605 0.2983
vt 0.2756 0.2983
vt 0.2905 0.2983
vt 0.3054 0.2983
vt 0.3204 0.2983
vt 0.3364 0.2983
vt 0.3525 0.2983
vt 0.3693 0.2983
vt 0.0000 0.3406
vt 0.0168 0.3406
vt 0.0329 0.3406
vt 0.0489 0.3406
vt 0.0639 0.3406
vt 0.0788 0.3406
vt 0.0937 0.3406
vt 0.1088 0.3406
vt 0.1242 0.3406
vt 0.1396 0.3406
vt 0.1547 0.3406
vt 0.1697 0.3406
vt 0.1847 0.3406
vt 0.1996 0.3406
vt 0.2146 0.3406
vt 0.2297 0.3406
vt 0.2451 0.3406
vt 0.2605 0.3406
vt 0.2756 0.3406
vt 0.2905 0.3406
vt 0.3054 0.3406
vt 0.3204 0.3406
vt 0.3364 0.3406
vt 0.3525 0.3406
vt 0.3693 0.3406
vt 0.0000 0.3827
vt 0.0168 0.3827
vt 0.0329 0.3827
vt 0.0489 0.3827
vt 0.0639 0.3827
vt 0.0788 0.3827
vt 0.0937 0.3827
vt 0.1088 0.3827
vt 0.1242 0.3827
vt 0.1396 0.3827
vt 0.1547 0.3827
vt 0.1697 0.3827
vt 0.1847 0.3827
vt 0.1996 0.3827
vt 0.2146 0.3827
vt 0.2297 0.3827
vt 0.2451 0.3827
vt 0.2605 0.3827
vt 0.2756 0.3827
vt 0.2905 0.3827
vt 0.3054 0.3827
vt 0.3204 0.3827
vt 0.3364 0.3827
vt 0.3525 0.3827
vt 0.3693 0.3827
vt 0.0000 0.4249
vt 0.0168 0.4249
vt 0.0329 0.4249
vt 0.0489 0.4249
vt 0.0639 0.4249
vt 0.0788 0.4249
vt 0.0937 0.4249
vt 0.1088 0.4249
vt 0.1242 0.4249
vt 0.1396 0.4249
vt 0.1547 0.4249
vt 0.1697 0.4249
vt 0.1847 0.4249
vt 0.1996 0.4249
vt 0.2146 0.4249
vt 0.2297 0.4249
vt 0.2451 0.4249
vt 0.2605 0.4249
vt 0.2756 0.4249
vt 0.2905 0.4249
vt 0.3054 0.4249
vt 0.3204 0.4249
vt 0.3364 0.4249
vt 0.3525 0.4249
vt 0.3693 0.4249
vt 0.0000 0.4671
vt 0.0168 0.4671
vt 0.0329 0.4671
vt 0.0489 0.4671
vt 0.0639 0.4671
vt 0.0788 0.4671
vt 0.0937 0.4671
vt 0.1088 0.4671
vt 0.1242 0.4671
vt 0.1396 0.4671
vt 0.1547 0.4671
vt 0.1697 0.4671
vt 0.1847 0.4671
vt 0.1996 0.4671
vt 0.2146 0.4671
vt 0.2297 0.4671
vt 0.2451 0.4671
vt 0.2605 0.4671
vt 0.2756 0.4671
vt 0.2905 0.4671
vt 0.3054 0.4671
vt 0.3204 0.4671
vt 0.3364 0.4671
vt 0.3525 0.4671
vt 0.3693 0.4671
vt 0.0000 0.5093
vt 0.0168 0.5093
vt 0.0329 0.5093
vt 0.0489 0.5093
vt 0.0639 0.5093
vt 0.0788 0.5093
vt 0.0937 0.5093
vt 0.1088 0.5093
vt 0.1242 0.5093
vt 0.1396 0.5093
vt 0.1547 0.5093
vt 0.1697 0.5093
vt 0.1847 0.5093
vt 0.1996 0.5093
vt 0.2146 0.5093
vt 0.2297 0.5093
vt 0.2451 0.5093
vt 0.2605 0.5093
vt 0.2756 0.5093
vt 0.2905 0.5093
vt 0.3054 0.5093
vt 0.3204 0.5093
vt 0.3364 0.5093
vt 0.3525 0.5093
vt 0.3693 0.5093
vt 0.0000 0.5517
vt 0.0168 0.5517
vt 0.0329 0.5517
vt 0.0489 0.5517
vt 0.0639 0.5517
vt 0.0788 0.5517
vt 0.0937 0.5517
vt 0.1088 0.5517
vt 0.1242 0.5517
vt 0.1396 0.5517
vt 0.1547 0.5517
vt 0.1697 0.5517
vt 0.1847 0.5517
vt 0.1996 0.5517
vt 0.2146 0.5517
vt 0.2297 0.5517
vt 0.2451 0.5517
vt 0.2605 0.5517
vt 0.2756 0.5517
vt 0.2905 0.5517
vt 0.3054 0.5517
vt 0.3204 0.5517
vt 0.3364 0.5517
vt 0.3525 0.5517
vt 0.3693 0.5517
vt 0.0000 0.5951
vt 0.0168 0.5951
vt 0.0329 0.5951
vt 0.0489 0.5951
vt 0.0639 0.5951
vt 0.0788 0.5951
vt 0.0937 0.5951
vt 0.1088 0.5951
vt 0.1242 0.5951
vt 0.1396 0.5951
vt 0.1547 0.5951
vt 0.1697 0.5951
vt 0.1847 0.5951
vt 0.1996 0.5951
vt 0.2146 0.5951
vt 0.2297 0.5951
vt 0.2451 0.5951
vt 0.2605 0.5951
vt 0.2756 0.5951
vt 0.2905 0.5951
vt 0.3054 0.5951
vt 0.3204 0.5951
vt 0.3364 0.5951
vt 0.3525 0.5951
vt 0.3693 0.5951
vt 0.0000 0.0000
vt 0.0047 0.0000
vt 0.0175 0.0000
vt 0.0350 0.0000
vt 0.0375 0.0000
vt 0.0400 0.0000
vt 0.0575 0.0000
vt 0.0703 0.0000
vt 0.0750 0.0000
vt 0.0000 0.0047
vt 0.0047 0.0047
vt 0.0175 0.0047
vt 0.0350 0.0047
vt 0.0375 0.0047
vt 0.0400 0.0047
vt 0.0575 0.0047
vt 0.0703 0.0047
vt 0.0750 0.0047
vt 0.0000 0.0175
vt 0.0047 0.0175
vt 0.0175 0.0175
vt 0.0350 0.0175
vt 0.0375 0.0175
vt 0.0400 0.0175
vt 0.0575 0.0175
vt 0.0703 0.0175
vt 0.0750 0.0175
vt 0.0000 0.0350
vt 0.0047 0.0350
vt 0.0175 0.0350
vt 0.0350 0.0350
vt 0.0375 0.0350
vt 0.0400 0.0350
vt 0.0575 0.0350
vt 0.0703 0.0350
vt 0.0750 0.0350
vt 0.0000 0.3400
vt 0.0047 0.3400
vt 0.0175 0.3400
vt 0.0350 0.3400
vt 0.0375 0.3400
vt 0.0400 0.3400
vt 0.0575 0.3400
vt 0.0703 0.3400
vt 0.0750 0.3400
vt 0.0000 0.6450
vt 0.0047 0.6450
vt 0.0175 0.6450
vt 0.0350 0.6450
vt 0.0375 0.6450
vt 0.0400 0.6450
vt 0.0575 0.6450
vt 0.0703 0.6450
vt 0.0750 0.6450
vt 0.0000 0.6625
vt 0.0047 0.6625
vt 0.0175 0.6625
vt 0.0350 0.6625
vt 0.0375 0.6625
vt 0.0400 0.6625
vt 0.0575 0.6625
vt 0.0703 0.6625
vt 0.0750 0.6625
vt 0.0000 0.6753
vt 0.0047 0.6753
vt 0.0175 0.6753
vt 0.0350 0.6753
vt 0.0375 0.6753
vt 0.0400 0.6753
vt 0.0575 0.6753
vt 0.0703 0.6753
vt 0.0750 0.6753
vt 0.0000 0.6800
vt 0.0047 0.6800
vt 0.0175 0.6800
vt 0.0350 0.6800
vt 0.0375 0.6800
vt 0.0400 0.6800
vt 0.0575 0.6800
vt 0.0703 0.6800
vt 0.0750 0.6800
vt 0.0000 0.0000
vt 0.0047 0.0000
vt 0.0175 0.0000
vt 0.0350 0.0000
vt 0.0375 0.0000
vt 0.0400 0.0000
vt 0.0575 0.0000
vt 0.0703 0.0000
vt 0.0750 0.0000
vt 0.0000 0.0047
vt 0.0047 0.0047
vt 0.0175 0.0047
vt 0.0350 0.0047
vt 0.0375 0.0047
vt 0.0400 0.0047
vt 0.0575 0.0047
vt 0.0703 0.0047
vt 0.0750 0.0047
vt 0.0000 0.0175
vt 0.0047 0.0175
vt 0.0175 0.0175
vt 0.0350 0.0175
vt 0.0375 0.0175
vt 0.0400 0.0175
vt 0.0575 0.0175
vt 0.0703 0.0175
vt 0.0750 0.0175
vt 0.0000 0.0350
vt 0.0047 0.0350
vt 0.0175 0.0350
vt 0.0350 0.0350
vt 0.0375 0.0350
vt 0.0400 0.0350
vt 0.0575 0.0350
vt 0.0703 0.0350
vt 0.0750 0.0350
vt 0.0000 0.3400
vt 0.0047 0.3400
vt 0.0175 0.3400
vt 0.0350 0.3400
vt 0.0375 0.3400
vt 0.0400 0.3400
vt 0.0575 0.3400
vt 0.0703 0.3400
vt 0.0750 0.3400
vt 0.0000 0.6450
vt 0.0047 0.6450
vt 0.0175 0.6450
vt 0.0350 0.6450
vt 0.0375 0.6450
vt 0.0400 0.6450
vt 0.0575 0.6450
vt 0.0703 0.6450
vt 0.0750 0.6450
vt 0.0000 0.6625
vt 0.0047 0.6625
vt 0.0175 0.6625
vt 0.0350 0.6625
vt 0.0375 0.6625
vt 0.0400 0.6625
vt 0.0575 0.6625
vt 0.0703 0.6625
vt 0.0750 0.6625
vt 0.0000 0.6753
vt 0.0047 0.6753
vt 0.0175 0.6753
vt 0.0350 0.6753
vt 0.0375 0.6753
vt 0.0400 0.6753
vt 0.0575 0.6753
vt 0.0703 0.6753
vt 0.0750 0.6753
vt 0.0000 0.6800
vt 0.0047 0.6800
vt 0.0175 0.6800
vt 0.0350 0.6800
vt 0.0375 0.6800
vt 0.0400 0.6800
vt 0.0575 0.6800
vt 0.0703 0.6800
vt 0.0750 0.6800
vt 0.0000 0.0000
vt 0.0047 0.0000
vt 0.0175 0.0000
vt 0.0350 0.0000
vt 0.2040 0.0000
vt 0.3730 0.0000
vt 0.3905 0.0000
vt 0.4033 0.0000
vt 0.4080 0.0000
vt 0.0000 0.0047
vt 0.0047 0.0047
vt 0.0175 0.0047
vt 0.0350 0.0047
vt 0.2040 0.0047
vt 0.3730 0.0047
vt 0.3905 0.0047
vt 0.4033 0.0047
vt 0.4080 0.0047
vt 0.0000 0.0175
vt 0.0047 0.0175
vt 0.0175 0.0175
vt 0.0350 0.0175
vt 0.2040 0.0175
vt 0.3730 0.0175
vt 0.3905 0.0175
vt 0.4033 0.0175
vt 0.4080 0.0175
vt 0.0000 0.0350
vt 0.0047 0.0350
vt 0.0175 0.0350
vt 0.0350 0.0350
vt 0.2040 0.0350
vt 0.3730 0.0350
vt 0.3905 0.0350
vt 0.4033 0.0350
vt 0.4080 0.0350
vt 0.0000 0.0375
vt 0.0047 0.0375
vt 0.0175 0.0375
vt 0.0350 0.0375
vt 0.2040 0.0375
vt 0.3730 0.0375
vt 0.3905 0.0375
vt 0.4033 0.0375
vt 0.4080 0.0375
vt 0.0000 0.0400
vt 0.0047 0.0400
vt 0.0175 0.0400
vt 0.0350 0.0400
vt 0.2040 0.0400
vt 0.3730 0.0400
vt 0.3905 0.0400
vt 0.4033 0.0400
vt 0.4080 0.0400
vt 0.0000 0.0575
vt 0.0047 0.0575
vt 0.0175 0.0575
vt 0.0350 0.0575
vt 0.2040 0.0575
vt 0.3730 0.0575
vt 0.3905 0.0575
vt 0.4033 0.0575
vt 0.4080 0.0575
vt 0.0000 0.0703
vt 0.0047 0.0703
vt 0.0175 0.0703
vt 0.0350 0.0703
vt 0.2040 0.0703
vt 0.3730 0.0703
vt 0.3905 0.0703
vt 0.4033 0.0703
vt 0.4080 0.0703
vt 0.0000 0.0750
vt 0.0047 0.0750
vt 0.0175 0.0750
vt 0.0350 0.0750
vt 0.2040 0.0750
vt 0.3730 0.0750
vt 0.3905 0.0750
vt 0.4033 0.0750
vt 0.4080 0.0750
vt 0.0000 0.0000
vt 0.0047 0.0000
vt 0.0175 0.0000
vt 0.0350 0.0000
vt 0.2040 0.0000
vt 0.3730 0.0000
vt 0.3905 0.0000
vt 0.4033 0.0000
vt 0.4080 0.0000
vt 0.0000 0.0047
vt 0.0047 0.0047
vt 0.0175 0.0047
vt 0.0350 0.0047
vt 0.2040 0.0047
vt 0.3730 0.0047
vt 0.3905 0.0047
vt 0.4033 0.0047
vt 0.4080 0.0047
vt 0.0000 0.0175
vt 0.0047 0.0175
vt 0.0175 0.0175
vt 0.0350 0.0175
vt 0.2040 0.0175
vt 0.3730 0.0175
vt 0.3905 0.0175
vt 0.4033 0.0175
vt 0.4080 0.0175
vt 0.0000 0.0350
vt 0.0047 0.0350
vt 0.0175 0.0350
vt 0.0350 0.0350
vt 0.2040 0.0350
vt 0.3730 0.0350
vt 0.3905 0.0350
vt 0.4033 0.0350
vt 0.4080 0.0350
vt 0.0000 0.0375
vt 0.0047 0.0375
vt 0.0175 0.0375
vt 0.0350 0.0375
vt 0.2040 0.0375
vt 0.3730 0.0375
vt 0.3905 0.0375
vt 0.4033 0.0375
vt 0.4080 0.0375
vt 0.0000 0.0400
vt 0.0047 0.0400
vt 0.0175 0.0400
vt 0.0350 0.0400
vt 0.2040 0.0400
vt 0.3730 0.0400
vt 0.3905 0.0400
vt 0.4033 0.0400
vt 0.4080 0.0400
vt 0.0000 0.0575
vt 0.0047 0.0575
vt 0.0175 0.0575
vt 0.0350 0.0575
vt 0.2040 0.0575
vt 0.3730 0.0575
vt 0.3905 0.0575
vt 0.4033 0.0575
vt 0.4080 0.0575
vt 0.0000 0.0703
vt 0.0047 0.0703
vt 0.0175 0.0703
vt 0.0350 0.0703
vt 0.2040 0.0703
vt 0.3730 0.0703
vt 0.3905 0.0703
vt 0.4033 0.0703
vt 0.4080 0.0703
vt 0.0000 0.0750
vt 0.0047 0.0750
vt 0.0175 0.0750
vt 0.0350 0.0750
vt 0.2040 0.0750
vt 0.3730 0.0750
vt 0.3905 0.0750
vt 0.4033 0.0750
vt 0.4080 0.0750
vt 0.0000 0.0000
vt 0.0047 0.0000
vt 0.0175 0.0000
vt 0.0350 0.0000
vt 0.2040 0.0000
vt 0.3730 0.0000
vt 0.3905 0.0000
vt 0.4033 0.0000
vt 0.4080 0.0000
vt 0.0000 0.0047
vt 0.0047 0.0047
vt 0.0175 0.0047
vt 0.0350 0.0047
vt 0.2040 0.0047
vt 0.3730 0.0047
vt 0.3905 0.0047
vt 0.4033 0.0047
vt 0.4080 0.0047
vt 0.0000 0.0175
vt 0.0047 0.0175
vt 0.0175 0.0175
vt 0.0350 0.0175
vt 0.2040 0.0175
vt 0.3730 0.0175
vt 0.3905 0.0175
vt 0.4033 0.0175
vt 0.4080 0.0175
vt 0.0000 0.0350
vt 0.0047 0.0350
vt 0.0175 0.0350
vt 0.0350 0.0350
vt 0.2040 0.0350
vt 0.3730 0.0350
vt 0.3905 0.0350
vt 0.4033 0.0350
vt 0.4080 0.0350
vt 0.0000 0.3400
vt 0.0047 0.3400
vt 0.0175 0.3400
vt 0.0350 0.3400
vt 0.2040 0.3400
vt 0.3730 0.3400
vt 0.3905 0.3400
vt 0.4033 0.3400
vt 0.4080 0.3400
vt 0.0000 0.6450
vt 0.0047 0.6450
vt 0.0175 0.6450
vt 0.0350 0.6450
vt 0.2040 0.6450
vt 0.3730 0.6450
vt 0.3905 0.6450
vt 0.4033 0.6450
vt 0.4080 0.6450
vt 0.0000 0.6625
vt 0.0047 0.6625
vt 0.0175 0.6625
vt 0.0350 0.6625
vt 0.2040 0.6625
vt 0.3730 0.6625
vt 0.3905 0.6625
vt 0.4033 0.6625
vt 0.4080 0.6625
vt 0.0000 0.6753
vt 0.0047 0.6753
vt 0.0175 0.6753
vt 0.0350 0.6753
vt 0.2040 0.6753
vt 0.3730 0.6753
vt 0.3905 0.6753
vt 0.4033 0.6753
vt 0.4080 0.6753
vt 0.0000 0.6800
vt 0.0047 0.6800
vt 0.0175 0.6800
vt 0.0350 0.6800
vt 0.2040 0.6800
vt 0.3730 0.6800
vt 0.3905 0.6800
vt 0.4033 0.6800
vt 0.4080 0.6800
vt 0.0000 0.0000
vt 0.0168 0.0000
vt 0.0329 0.0000
vt 0.0489 0.0000
vt 0.0639 0.0000
vt 0.0788 0.0000
vt 0.0937 0.0000
vt 0.1088 0.0000
vt 0.1242 0.0000
vt 0.1396 0.0000
vt 0.1547 0.0000
vt 0.1697 0.0000
vt 0.1847 0.0000
vt 0.1996 0.0000
vt 0.2146 0.0000
vt 0.2297 0.0000
vt 0.2451 0.0000
vt 0.2605 0.0000
vt 0.2756 0.0000
vt 0.2905 0.0000
vt 0.3054 0.0000
vt 0.3204 0.0000
vt 0.3364 0.0000
vt 0.3525 0.0000
vt 0.3693 0.0000
vt 0.0000 0.0438
vt 0.0168 0.0438
vt 0.0329 0.0438
vt 0.0489 0.0438
vt 0.0639 0.0438
vt 0.0788 0.0438
vt 0.0937 0.0438
vt 0.1088 0.0438
vt 0.1242 0.0438
vt 0.1396 0.0438
vt 0.1547 0.0438
vt 0.1697 0.0438
vt 0.1847 0.0438
vt 0.1996 0.0438
vt 0.2146 0.0438
vt 0.2297 0.0438
vt 0.2451 0.0438
vt 0.2605 0.0438
vt 0.2756 0.0438
vt 0.2905 0.0438
vt 0.3054 0.0438
vt 0.3204 0.0438
vt 0.3364 0.0438
vt 0.3525 0.0438
vt 0.3693 0.0438
vt 0.0000 0.0866
vt 0.0168 0.0866
vt 0.0329 0.0866
vt 0.0489 0.0866
vt 0.0639 0.0866
vt 0.0788 0.0866
vt 0.0937 0.0866
vt 0.1088 0.0866
vt 0.1242 0.0866
vt 0.1396 0.0866
vt 0.1547 0.0866
vt 0.1697 0.0866
vt 0.1847 0.0866
vt 0.1996 0.0866
vt 0.2146 0.0866
vt 0.2297 0.0866
vt 0.2451 0.0866
vt 0.2605 0.0866
vt 0.2756 0.0866
vt 0.2905 0.0866
vt 0.3054 0.0866
vt 0.3204 0.0866
vt 0.3364 0.0866
vt 0.3525 0.0866
vt 0.3693 0.0866
vt 0.0000 0.1293
vt 0.0168 0.1293
vt 0.0329 0.1293
vt 0.0489 0.1293
vt 0.0639 0.1293
vt 0.0788 0.1293
vt 0.0937 0.1293
vt 0.1088 0.1293
vt 0.1242 0.1293
vt 0.1396 0.1293
vt 0.1547 0.1293
vt 0.1697 0.1293
vt 0.1847 0.1293
vt 0.1996 0.1293
vt 0.2146 0.1293
vt 0.2297 0.1293
vt 0.2451 0.1293
vt 0.2605 0.1293
vt 0.2756 0.1293
vt 0.2905 0.1293
vt 0.3054 0.1293
vt 0.3204 0.1293
vt 0.3364 0.1293
vt 0.3525 0.1293
vt 0.3693 0.1293
vt 0.0000 0.1717
vt 0.0168 0.1717
vt 0.0329 0.1717
vt 0.0489 0.1717
vt 0.0639 0.1717
vt 0.0788 0.1717
vt 0.0937 0.1717
vt 0.1088 0.1717
vt 0.1242 0.1717
vt 0.1396 0.1717
vt 0.1547 0.1717
vt 0.1697 0.1717
vt 0.1847 0.1717
vt 0.1996 0.1717
vt 0.2146 0.1717
vt 0.2297 0.1717
vt 0.2451 0.1717
vt 0.2605 0.1717
vt 0.2756 0.1717
vt 0.2905 0.1717
vt 0.3054 0.1717
vt 0.3204 0.1717
vt 0.3364 0.1717
vt 0.3525 0.1717
vt 0.3693 0.1717
vt 0.0000 0.2138
vt 0.0168 0.2138
vt 0.0329 0.2138
vt 0.0489 0.2138
vt 0.0639 0.2138
vt 0.0788 0.2138
vt 0.0937 0.2138
vt 0.1088 0.2138
vt 0.1242 0.2138
vt 0.1396 0.2138
vt 0.1547 0.2138
vt 0.1697 0.2138
vt 0.1847 0.2138
vt 0.1996 0.2138
vt 0.2146 0.2138
vt 0.2297 0.2138
vt 0.2451 0.2138
vt 0.2605 0.2138
vt 0.2756 0.2138
vt 0.2905 0.2138
vt 0.3054 0.2138
vt 0.3204 0.2138
vt 0.3364 0.2138
vt 0.3525 0.2138
vt 0.3693 0.2138
vt 0.0000 0.2561
vt 0.0168 0.2561
vt 0.0329 0.2561
vt 0.0489 0.2561
vt 0.0639 0.2561
vt 0.0788 0.2561
vt 0.0937 0.2561
vt 0.1088 0.2561
vt 0.1242 0.2561
vt 0.1396 0.2561
vt 0.1547 0.2561
vt 0.1697 0.2561
vt 0.1847 0.2561
vt 0.1996 0.2561
vt 0.2146 0.2561
vt 0.2297 0.2561
vt 0.2451 0.2561
vt 0.2605 0.2561
vt 0.2756 0.2561
vt 0.2905 0.2561
vt 0.3054 0.2561
vt 0.3204 0.2561
vt 0.3364 0.2561
vt 0.3525 0.2561
vt 0.3693 0.2561
vt 0.0000 0.2983
vt 0.0168 0.2983
vt 0.0329 0.2983
vt 0.0489 0.2983
vt 0.0639 0.2983
vt 0.0788 0.2983
vt 0.0937 0.2983
vt 0.1088 0.2983
vt 0.1242 0.2983
vt 0.1396 0.2983
vt 0.1547 0.2983
vt 0.1697 0.2983
vt 0.1847 0.2983
vt 0.1996 0.2983
vt 0.2146 0.2983
vt 0.2297 0.2983
vt 0.2451 0.2983
vt 0.2605 0.2983
vt 0.2756 0.2983
vt 0.2905 0.2983
vt 0.3054 0.2983
vt 0.3204 0.2983
vt 0.3364 0.2983
vt 0.3525 0.2983
vt 0.3693 0.2983
vt 0.0000 0.3406
vt 0.0168 0.3406
vt 0.0329 0.3406
vt 0.0489 0.3406
vt 0.0639 0.3406
vt 0.0788 0.3406
vt 0.0937 0.3406
vt 0.1088 0.3406
vt 0.1242 0.3406
vt 0.1396 0.3406
vt 0.1547 0.3406
vt 0.1697 0.3406
vt 0.1847 0.3406
vt 0.1996 0.3406
vt 0.2146 0.3406
vt 0.2297 0.3406
vt 0.2451 0.3406
vt 0.2605 0.3406
vt 0.2756 0.3406
vt 0.2905 0.3406
vt 0.3054 0.3406
vt 0.3204 0.3406
vt 0.3364 0.3406
vt 0.3525 0.3406
vt 0.3693 0.3406
vt 0.0000 0.3827
vt 0.0168 0.3827
vt 0.0329 0.3827
vt 0.0489 0.3827
vt 0.0639 0.3827
vt 0.0788 0.3827
vt 0.0937 0.3827
vt 0.1088 0.3827
vt 0.1242 0.3827
vt 0.1396 0.3827
vt 0.1547 0.3827
vt 0.1697 0.3827
vt 0.1847 0.3827
vt 0.1996 0.3827
vt 0.2146 0.3827
vt 0.2297 0.3827
vt 0.2451 0.3827
vt 0.2605 0.3827
vt 0.2756 0.3827
vt 0.2905 0.3827
vt 0.3054 0.3827
vt 0.3204 0.3827
vt 0.3364 0.3827
vt 0.3525 0.3827
vt 0.3693 0.3827
vt 0.0000 0.4249
vt 0.0168 0.4249
vt 0.0329 0.4249
vt 0.0489 0.4249
vt 0.0639 0.4249
vt 0.0788 0.4249
vt 0.0937 0.4249
vt 0.1088 0.4249
vt 0.1242 0.4249
vt 0.1396 0.4249
vt 0.1547 0.4249
vt 0.1697 0.4249
vt 0.1847 0.4249
vt 0.1996 0.4249
vt 0.2146 0.4249
vt 0.2297 0.4249
vt 0.2451 0.4249
vt 0.2605 0.4249
vt 0.2756 0.4249
vt 0.2905 0.4249
vt 0.3054 0.4249
vt 0.3204 0.4249
vt 0.3364 0.4249
vt 0.3525 0.4249
vt 0.3693 0.4249
vt 0.0000 0.4671
vt 0.0168 0.4671
vt 0.0329 0.4671
vt 0.0489 0.4671
vt 0.0639 0.4671
vt 0.0788 0.4671
vt 0.0937 0.4671
vt 0.1088 0.4671
vt 0.1242 0.4671
vt 0.1396 0.4671
vt 0.1547 0.4671
vt 0.1697 0.4671
vt 0.1847 0.4671
vt 0.1996 0.4671
vt 0.2146 0.4671
vt 0.2297 0.4671
vt 0.2451 0.4671
vt 0.2605 0.4671
vt 0.2756 0.4671
vt 0.2905 0.4671
vt 0.3054 0.4671
vt 0.3204 0.4671
vt 0.3364 0.4671
vt 0.3525 0.4671
vt 0.3693 0.4671
vt 0.0000 0.5093
vt 0.0168 0.5093
vt 0.0329 0.5093
vt 0.0489 0.5093
vt 0.0639 0.5093
vt 0.0788 0.5093
vt 0.0937 0.5093
vt 0.1088 0.5093
vt 0.1242 0.5093
vt 0.1396 0.5093
vt 0.1547 0.5093
vt 0.1697 0.5093
vt 0.1847 0.5093
vt 0.1996 0.5093
vt 0.2146 0.5093
vt 0.2297 0.5093
vt 0.2451 0.5093
vt 0.2605 0.5093
vt 0.2756 0.5093
vt 0.2905 0.5093
vt 0.3054 0.5093
vt 0.3204 0.5093
vt 0.3364 0.5093
vt 0.3525 0.5093
vt 0.3693 0.5093
vt 0.0000 0.5517
vt 0.0168 0.5517
vt 0.0329 0.5517
vt 0.0489 0.5517
vt 0.0639 0.5517
vt 0.0788 0.5517
vt 0.0937 0.5517
vt 0.1088 0.5517
vt 0.1242 0.5517
vt 0.1396 0.5517
vt 0.1547 0.5517
vt 0.1697 0.5517
vt 0.1847 0.5517
vt 0.1996 0.5517
vt 0.2146 0.5517
vt 0.2297 0.5517
vt 0.2451 0.5517
vt 0.2605 0.5517
vt 0.2756 0.5517
vt 0.2905 0.5517
vt 0.3054 0.5517
vt 0.3204 0.5517
vt 0.3364 0.5517
vt 0.3525 0.5517
vt 0.3693 0.5517
vt 0.0000 0.5951
vt 0.0168 0.5951
vt 0.0329 0.5951
vt 0.0489 0.5951
vt 0.0639 0.5951
vt 0.0788 0.5951
vt 0.0937 0.5951
vt 0.1088 0.5951
vt 0.1242 0.5951
vt 0.1396 0.5951
vt 0.1547 0.5951
vt 0.1697 0.5951
vt 0.1847 0.5951
vt 0.1996 0.5951
vt 0.2146 0.5951
vt 0.2297 0.5951
vt 0.2451 0.5951
vt 0.2605 0.5951
vt 0.2756 0.5951
vt 0.2905 0.5951
vt 0.3054 0.5951
vt 0.3204 0.5951
vt 0.3364 0.5951
vt 0.3525 0.5951
vt 0.3693 0.5951
vn 0.577 -0.669 0.468
vn 0.603 -0.685 0.410
vn 0.667 -0.714 0.213
vn 0.707 -0.696 -0.123
vn 0.707 -0.696 -0.123
vn 0.707 -0.696 -0.123
vn 0.667 -0.599 -0.444
vn 0.603 -0.503 -0.619
vn 0.577 -0.468 -0.669
vn 0.603 -0.619 0.503
vn 0.632 -0.635 0.444
vn 0.707 -0.664 0.242
vn 0.756 -0.645 -0.114
vn 0.756 -0.645 -0.114
vn 0.756 -0.645 -0.114
vn 0.707 -0.542 -0.455
vn 0.632 -0.444 -0.635
vn 0.603 -0.410 -0.685
vn 0.667 -0.444 0.599
vn 0.707 -0.455 0.542
vn 0.816 -0.473 0.331
vn 0.894 -0.440 -0.078
vn 0.894 -0.440 -0.078
vn 0.894 -0.440 -0.078
vn 0.816 -0.331 -0.473
vn 0.707 -0.242 -0.664
vn 0.667 -0.213 -0.714
vn 0.707 -0.123 0.696
vn 0.756 -0.114 0.645
vn 0.894 -0.078 0.440
vn 1.000 0.000 0.000
vn 1.000 0.000 0.000
vn 1.000 0.000 0.000
vn 0.894 0.078 -0.440
vn 0.756 0.114 -0.645
vn 0.707 0.123 -0.696
vn 0.707 -0.123 0.696
vn 0.756 -0.114 0.645
vn 0.894 -0.078 0.440
vn 1.000 0.000 0.000
vn 1.000 0.000 0.000
vn 1.000 0.000 0.000
vn 0.894 0.078 -0.440
vn 0.756 0.114 -0.645
vn 0.707 0.123 -0.696
vn 0.707 -0.123 0.696
vn 0.756 -0.114 0.645
vn 0.894 -0.078 0.440
vn 1.000 0.000 0.000
vn 1.000 0.000 0.000
vn 1.000 0.000 0.000
vn 0.894 0.078 -0.440
vn 0.756 0.114 -0.645
vn 0.707 0.123 -0.696
vn 0.667 0.213 0.714
vn 0.707 0.242 0.664
vn 0.816 0.331 0.473
vn 0.894 0.440 0.078
vn 0.894 0.440 0.078
vn 0.894 0.440 0.078
vn 0.816 0.473 -0.331
vn 0.707 0.455 -0.542
vn 0.667 0.444 -0.599
vn 0.603 0.410 0.685
vn 0.632 0.444 0.635
vn 0.707 0.542 0.455
vn 0.756 0.645 0.114
vn 0.756 0.645 0.114
vn 0.756 0.645 0.114
vn 0.707 0.664 -0.242
vn 0.632 0.635 -0.444
vn 0.603 0.619 -0.503
vn 0.577 0.468 0.669
vn 0.603 0.503 0.619
vn 0.667 0.599 0.444
vn 0.707 0.696 0.123
vn 0.707 0.696 0.123
vn 0.707 0.696 0.123
vn 0.667 0.714 -0.213
vn 0.603 0.685 -0.410
vn 0.577 0.669 -0.468
vn -0.577 -0.468 -0.669
vn -0.603 -0.503 -0.619
vn -0.667 -0.599 -0.444
vn -0.707 -0.696 -0.123
vn -0.707 -0.696 -0.123
vn -0.707 -0.696 -0.123
vn -0.667 -0.714 0.213
vn -0.603 -0.685 0.410
vn -0.577 -0.669 0.468
vn -0.603 -0.410 -0.685
vn -0.632 -0.444 -0.635
vn -0.707 -0.542 -0.455
vn -0.756 -0.645 -0.114
vn -0.756 -0.645 -0.114
vn -0.756 -0.645 -0.114
vn -0.707 -0.664 0.242
vn -0.632 -0.635 0.444
vn -0.603 -0.619 0.503
vn -0.667 -0.213 -0.714
vn -0.707 -0.242 -0.664
vn -0.816 -0.331 -0.473
vn -0.894 -0.440 -0.078
vn -0.894 -0.440 -0.078
vn -0.894 -0.440 -0.078
vn -0.816 -0.473 0.331
vn -0.707 -0.455 0.542
vn -0.667 -0.444 0.599
vn -0.707 0.123 -0.696
vn -0.756 0.114 -0.645
vn -0.894 0.078 -0.440
vn -1.000 0.000 0.000
vn -1.000 0.000 0.000
vn -1.000 0.000 0.000
vn -0.894 -0.078 0.440
vn -0.756 -0.114 0.645
vn -0.707 -0.123 0.696
vn -0.707 0.123 -0.696
vn -0.756 0.114 -0.645
vn -0.894 0.078 -0.440
vn -1.000 0.000 0.000
vn -1.000 0.000 0.000
vn -1.000 0.000 0.000
vn -0.894 -0.078 0.440
vn -0.756 -0.114 0.645
vn -0.707 -0.123 0.696
vn -0.707 0.123 -0.696
vn -0.756 0.114 -0.645
vn -0.894 0.078 -0.440
vn -1.000 0.000 0.000
vn -1.000 0.000 0.000
vn -1.000 0.000 0.000
vn -0.894 -0.078 0.440
vn -0.756 -0.114 0.645
vn -0.707 -0.123 0.696
vn -0.667 0.444 -0.599
vn -0.707 0.455 -0.542
vn -0.816 0.473 -0.331
vn -0.894 0.440 0.078
vn -0.894 0.440 0.078
vn -0.894 0.440 0.078
vn -0.816 0.331 0.473
vn -0.707 0.242 0.664
vn -0.667 0.213 0.714
vn -0.603 0.619 -0.503
vn -0.632 0.635 -0.444
vn -0.707 0.664 -0.242
vn -0.756 0.645 0.114
vn -0.756 0.645 0.114
vn -0.756 0.645 0.114
vn -0.707 0.542 0.455
vn -0.632 0.444 0.635
vn -0.603 0.410 0.685
vn -0.577 0.669 -0.468
vn -0.603 0.685 -0.410
vn -0.667 0.714 -0.213
vn -0.707 0.696 0.123
vn -0.707 0.696 0.123
vn -0.707 0.696 0.123
vn -0.667 0.599 0.444
vn -0.603 0.503 0.619
vn -0.577 0.468 0.669
vn -0.577 0.468 0.669
vn -0.522 0.489 0.699
vn -0.333 0.541 0.772
vn 0.000 0.574 0.819
vn 0.000 0.574 0.819
vn 0.000 0.574 0.819
vn 0.333 0.541 0.772
vn 0.522 0.489 0.699
vn 0.577 0.468 0.669
vn -0.603 0.503 0.619
vn -0.548 0.528 0.649
vn -0.354 0.590 0.726
vn 0.000 0.631 0.776
vn 0.000 0.631 0.776
vn 0.000 0.631 0.776
vn 0.354 0.590 0.726
vn 0.548 0.528 0.649
vn 0.603 0.503 0.619
vn -0.667 0.599 0.444
vn -0.612 0.635 0.471
vn -0.408 0.733 0.544
vn 0.000 0.803 0.596
vn 0.000 0.803 0.596
vn 0.000 0.803 0.596
vn 0.408 0.733 0.544
vn 0.612 0.635 0.471
vn 0.667 0.599 0.444
vn -0.707 0.696 0.123
vn -0.655 0.744 0.131
vn -0.447 0.881 0.155
vn 0.000 0.985 0.174
vn 0.000 0.985 0.174
vn 0.000 0.985 0.174
vn 0.447 0.881 0.155
vn 0.655 0.744 0.131
vn 0.707 0.696 0.123
vn -0.707 0.696 0.123
vn -0.655 0.744 0.131
vn -0.447 0.881 0.155
vn 0.000 0.985 0.174
vn 0.000 0.985 0.174
vn 0.000 0.985 0.174
vn 0.447 0.881 0.155
vn 0.655 0.744 0.131
vn 0.707 0.696 0.123
vn -0.707 0.696 0.123
vn -0.655 0.744 0.131
vn -0.447 0.881 0.155
vn 0.000 0.985 0.174
vn 0.000 0.985 0.174
vn 0.000 0.985 0.174
vn 0.447 0.881 0.155
vn 0.655 0.744 0.131
vn 0.707 0.696 0.123
vn -0.667 0.714 -0.213
vn -0.612 0.758 -0.225
vn -0.408 0.875 -0.260
vn 0.000 0.958 -0.285
vn 0.000 0.958 -0.285
vn 0.000 0.958 -0.285
vn 0.408 0.875 -0.260
vn 0.612 0.758 -0.225
vn 0.667 0.714 -0.213
vn -0.603 0.685 -0.410
vn -0.548 0.718 -0.430
vn -0.354 0.803 -0.480
vn 0.000 0.858 -0.513
vn 0.000 0.858 -0.513
vn 0.000 0.858 -0.513
vn 0.354 0.803 -0.480
vn 0.548 0.718 -0.430
vn 0.603 0.685 -0.410
vn -0.577 0.669 -0.468
vn -0.522 0.699 -0.489
vn -0.333 0.772 -0.541
vn 0.000 0.819 -0.574
vn 0.000 0.819 -0.574
vn 0.000 0.819 -0.574
vn 0.333 0.772 -0.541
vn 0.522 0.699 -0.489
vn 0.577 0.669 -0.468
vn -0.577 -0.468 -0.669
vn -0.522 -0.489 -0.699
vn -0.333 -0.541 -0.772
vn 0.000 -0.574 -0.819
vn 0.000 -0.574 -0.819
vn 0.000 -0.574 -0.819
vn 0.333 -0.541 -0.772
vn 0.522 -0.489 -0.699
vn 0.577 -0.468 -0.669
vn -0.603 -0.503 -0.619
vn -0.548 -0.528 -0.649
vn -0.354 -0.590 -0.726
vn 0.000 -0.631 -0.776
vn 0.000 -0.631 -0.776
vn 0.000 -0.631 -0.776
vn 0.354 -0.590 -0.726
vn 0.548 -0.528 -0.649
vn 0.603 -0.503 -0.619
vn -0.667 -0.599 -0.444
vn -0.612 -0.635 -0.471
vn -0.408 -0.733 -0.544
vn 0.000 -0.803 -0.596
vn 0.000 -0.803 -0.596
vn 0.000 -0.803 -0.596
vn 0.408 -0.733 -0.544
vn 0.612 -0.635 -0.471
vn 0.667 -0.599 -0.444
vn -0.707 -0.696 -0.123
vn -0.655 -0.744 -0.131
vn -0.447 -0.881 -0.155
vn 0.000 -0.985 -0.174
vn 0.000 -0.985 -0.174
vn 0.000 -0.985 -0.174
vn 0.447 -0.881 -0.155
vn 0.655 -0.744 -0.131
vn 0.707 -0.696 -0.123
vn -0.707 -0.696 -0.123
vn -0.655 -0.744 -0.131
vn -0.447 -0.881 -0.155
vn 0.000 -0.985 -0.174
vn 0.000 -0.985 -0.174
vn 0.000 -0.985 -0.174
vn 0.447 -0.881 -0.155
vn 0.655 -0.744 -0.131
vn 0.707 -0.696 -0.123
vn -0.707 -0.696 -0.123
vn -0.655 -0.744 -0.131
vn -0.447 -0.881 -0.155
vn 0.000 -0.985 -0.174
vn 0.000 -0.985 -0.174
vn 0.000 -0.985 -0.174
vn 0.447 -0.881 -0.155
vn 0.655 -0.744 -0.131
vn 0.707 -0.696 -0.123
vn -0.667 -0.714 0.213
vn -0.612 -0.758 0.225
vn -0.408 -0.875 0.260
vn 0.000 -0.958 0.285
vn 0.000 -0.958 0.285
vn 0.000 -0.958 0.285
vn 0.408 -0.875 0.260
vn 0.612 -0.758 0.225
vn 0.667 -0.714 0.213
vn -0.603 -0.685 0.410
vn -0.548 -0.718 0.430
vn -0.354 -0.803 0.480
vn 0.000 -0.858 0.513
vn 0.000 -0.858 0.513
vn 0.000 -0.858 0.513
vn 0.354 -0.803 0.480
vn 0.548 -0.718 0.430
vn 0.603 -0.685 0.410
vn -0.577 -0.669 0.468
vn -0.522 -0.699 0.489
vn -0.333 -0.772 0.541
vn 0.000 -0.819 0.574
vn 0.000 -0.819 0.574
vn 0.000 -0.819 0.574
vn 0.333 -0.772 0.541
vn 0.522 -0.699 0.489
vn 0.577 -0.669 0.468
vn 0.577 -0.468 -0.669
vn 0.522 -0.489 -0.699
vn 0.333 -0.541 -0.772
vn 0.000 -0.574 -0.819
vn 0.000 -0.574 -0.819
vn 0.000 -0.574 -0.819
vn -0.333 -0.541 -0.772
vn -0.522 -0.489 -0.699
vn -0.577 -0.468 -0.669
vn 0.603 -0.410 -0.685
vn 0.548 -0.430 -0.718
vn 0.354 -0.480 -0.803
vn 0.000 -0.513 -0.858
vn 0.000 -0.513 -0.858
vn 0.000 -0.513 -0.858
vn -0.354 -0.480 -0.803
vn -0.548 -0.430 -0.718
vn -0.603 -0.410 -0.685
vn 0.667 -0.213 -0.714
vn 0.612 -0.225 -0.758
vn 0.408 -0.260 -0.875
vn 0.000 -0.285 -0.958
vn 0.000 -0.285 -0.958
vn 0.000 -0.285 -0.958
vn -0.408 -0.260 -0.875
vn -0.612 -0.225 -0.758
vn -0.667 -0.213 -0.714
vn 0.707 0.123 -0.696
vn 0.655 0.131 -0.744
vn 0.447 0.155 -0.881
vn 0.000 0.174 -0.985
vn 0.000 0.174 -0.985
vn 0.000 0.174 -0.985
vn -0.447 0.155 -0.881
vn -0.655 0.131 -0.744
vn -0.707 0.123 -0.696
vn 0.707 0.123 -0.696
vn 0.655 0.131 -0.744
vn 0.447 0.155 -0.881
vn 0.000 0.174 -0.985
vn 0.000 0.174 -0.985
vn 0.000 0.174 -0.985
vn -0.447 0.155 -0.881
vn -0.655 0.131 -0.744
vn -0.707 0.123 -0.696
vn 0.707 0.123 -0.696
vn 0.655 0.131 -0.744
vn 0.447 0.155 -0.881
vn 0.000 0.174 -0.985
vn 0.000 0.174 -0.985
vn 0.000 0.174 -0.985
vn -0.447 0.155 -0.881
vn -0.655 0.131 -0.744
vn -0.707 0.123 -0.696
vn 0.667 0.444 -0.599
vn 0.612 0.471 -0.635
vn 0.408 0.544 -0.733
vn 0.000 0.596 -0.803
vn 0.000 0.596 -0.803
vn 0.000 0.596 -0.803
vn -0.408 0.544 -0.733
vn -0.612 0.471 -0.635
vn -0.667 0.444 -0.599
vn 0.603 0.619 -0.503
vn 0.548 0.649 -0.528
vn 0.354 0.726 -0.590
vn 0.000 0.776 -0.631
vn 0.000 0.776 -0.631
vn 0.000 0.776 -0.631
vn -0.354 0.726 -0.590
vn -0.548 0.649 -0.528
vn -0.603 0.619 -0.503
vn 0.577 0.669 -0.468
vn 0.522 0.699 -0.489
vn 0.333 0.772 -0.541
vn 0.000 0.819 -0.574
vn 0.000 0.819 -0.574
vn 0.000 0.819 -0.574
vn -0.333 0.772 -0.541
vn -0.522 0.699 -0.489
vn -0.577 0.669 -0.468
vn -0.060 0.173 -0.983
vn -0.106 0.096 -0.990
vn -0.176 0.055 -0.983
vn -0.006 0.022 -1.000
vn 0.164 -0.005 -0.987
vn 0.093 -0.029 -0.995
vn -0.005 -0.049 -0.999
vn -0.101 -0.066 -0.993
vn -0.169 -0.078 -0.982
vn -0.002 -0.090 -0.996
vn 0.164 -0.096 -0.982
vn 0.095 -0.101 -0.990
vn -0.000 -0.103 -0.995
vn -0.095 -0.101 -0.990
vn -0.164 -0.096 -0.982
vn 0.002 -0.090 -0.996
vn 0.169 -0.078 -0.982
vn 0.101 -0.066 -0.993
vn 0.005 -0.049 -0.999
vn -0.093 -0.029 -0.995
vn -0.164 -0.005 -0.987
vn 0.006 0.022 -1.000
vn 0.176 0.055 -0.983
vn 0.106 0.096 -0.990
vn 0.060 0.173 -0.983
vn -0.270 0.167 -0.948
vn -0.266 0.112 -0.958
vn -0.275 0.080 -0.958
vn -0.093 0.056 -0.994
vn 0.092 0.033 -0.995
vn 0.030 0.013 -0.999
vn -0.058 -0.004 -0.998
vn -0.146 -0.018 -0.989
vn -0.205 -0.030 -0.978
vn -0.029 -0.039 -0.999
vn 0.149 -0.045 -0.988
vn 0.088 -0.050 -0.995
vn -0.000 -0.051 -0.999
vn -0.088 -0.050 -0.995
vn -0.149 -0.045 -0.988
vn 0.029 -0.039 -0.999
vn 0.205 -0.030 -0.978
vn 0.146 -0.018 -0.989
vn 0.058 -0.004 -0.998
vn -0.030 0.013 -0.999
vn -0.092 0.033 -0.995
vn 0.093 0.056 -0.994
vn 0.275 0.080 -0.958
vn 0.266 0.112 -0.958
vn 0.270 0.167 -0.948
vn -0.363 0.162 -0.918
vn -0.343 0.130 -0.930
vn -0.331 0.109 -0.937
vn -0.148 0.094 -0.985
vn 0.044 0.077 -0.996
vn -0.012 0.062 -0.998
vn -0.096 0.047 -0.994
vn -0.177 0.035 -0.984
vn -0.230 0.025 -0.973
vn -0.048 0.018 -0.999
vn 0.138 0.012 -0.990
vn 0.083 0.009 -0.997
vn -0.000 0.008 -1.000
vn -0.083 0.009 -0.997
vn -0.138 0.012 -0.990
vn 0.048 0.018 -0.999
vn 0.230 0.025 -0.973
vn 0.177 0.035 -0.984
vn 0.096 0.047 -0.994
vn 0.012 0.062 -0.998
vn -0.044 0.077 -0.996
vn 0.148 0.094 -0.985
vn 0.331 0.109 -0.937
vn 0.343 0.130 -0.930
vn 0.363 0.162 -0.918
vn -0.433 0.156 -0.888
vn -0.404 0.134 -0.905
vn -0.380 0.119 -0.918
vn -0.198 0.110 -0.974
vn -0.003 0.098 -0.995
vn -0.054 0.085 -0.995
vn -0.132 0.073 -0.989
vn -0.207 0.063 -0.976
vn -0.254 0.054 -0.966
vn -0.068 0.050 -0.996
vn 0.126 0.045 -0.991
vn 0.077 0.042 -0.996
vn -0.000 0.041 -0.999
vn -0.077 0.042 -0.996
vn -0.126 0.045 -0.991
vn 0.068 0.050 -0.996
vn 0.254 0.054 -0.966
vn 0.207 0.063 -0.976
vn 0.132 0.073 -0.989
vn 0.054 0.085 -0.995
vn 0.003 0.098 -0.995
vn 0.198 0.110 -0.974
vn 0.380 0.119 -0.918
vn 0.404 0.134 -0.905
vn 0.433 0.156 -0.888
vn -0.477 0.153 -0.866
vn -0.443 0.143 -0.885
vn -0.410 0.138 -0.902
vn -0.230 0.141 -0.963
vn -0.034 0.139 -0.990
vn -0.081 0.134 -0.988
vn -0.155 0.128 -0.980
vn -0.226 0.123 -0.966
vn -0.270 0.118 -0.956
vn -0.080 0.120 -0.990
vn 0.119 0.118 -0.986
vn 0.073 0.117 -0.990
vn -0.000 0.117 -0.993
vn -0.073 0.117 -0.990
vn -0.119 0.118 -0.986
vn 0.080 0.120 -0.990
vn 0.270 0.118 -0.956
vn 0.226 0.123 -0.966
vn 0.155 0.128 -0.980
vn 0.081 0.134 -0.988
vn 0.034 0.139 -0.990
vn 0.230 0.141 -0.963
vn 0.410 0.138 -0.902
vn 0.443 0.143 -0.885
vn 0.477 0.153 -0.866
vn -0.490 0.151 -0.859
vn -0.451 0.154 -0.879
vn -0.413 0.160 -0.897
vn -0.232 0.175 -0.957
vn -0.034 0.184 -0.982
vn -0.081 0.187 -0.979
vn -0.155 0.189 -0.970
vn -0.226 0.189 -0.956
vn -0.270 0.190 -0.944
vn -0.080 0.199 -0.977
vn 0.120 0.199 -0.973
vn 0.074 0.201 -0.977
vn -0.000 0.202 -0.979
vn -0.074 0.201 -0.977
vn -0.120 0.199 -0.973
vn 0.080 0.199 -0.977
vn 0.270 0.190 -0.944
vn 0.226 0.189 -0.956
vn 0.155 0.189 -0.970
vn 0.081 0.187 -0.979
vn 0.034 0.184 -0.982
vn 0.232 0.175 -0.957
vn 0.413 0.160 -0.897
vn 0.451 0.154 -0.879
vn 0.490 0.151 -0.859
vn -0.479 0.152 -0.864
vn -0.438 0.163 -0.884
vn -0.395 0.175 -0.902
vn -0.210 0.195 -0.958
vn -0.012 0.208 -0.978
vn -0.060 0.216 -0.975
vn -0.136 0.221 -0.966
vn -0.210 0.225 -0.951
vn -0.257 0.228 -0.939
vn -0.069 0.239 -0.968
vn 0.126 0.241 -0.962
vn 0.077 0.245 -0.967
vn -0.000 0.246 -0.969
vn -0.077 0.245 -0.967
vn -0.126 0.241 -0.962
vn 0.069 0.239 -0.968
vn 0.257 0.228 -0.939
vn 0.210 0.225 -0.951
vn 0.136 0.221 -0.966
vn 0.060 0.216 -0.975
vn 0.012 0.208 -0.978
vn 0.210 0.195 -0.958
vn 0.395 0.175 -0.902
vn 0.438 0.163 -0.884
vn 0.479 0.152 -0.864
vn -0.461 0.154 -0.874
vn -0.417 0.166 -0.894
vn -0.372 0.178 -0.911
vn -0.184 0.197 -0.963
vn 0.015 0.208 -0.978
vn -0.036 0.216 -0.976
vn -0.115 0.221 -0.968
vn -0.193 0.224 -0.955
vn -0.243 0.227 -0.943
vn -0.057 0.237 -0.970
vn 0.134 0.238 -0.962
vn 0.081 0.241 -0.967
vn -0.000 0.243 -0.970
vn -0.081 0.241 -0.967
vn -0.134 0.238 -0.962
vn 0.057 0.237 -0.970
vn 0.243 0.227 -0.943
vn 0.193 0.224 -0.955
vn 0.115 0.221 -0.968
vn 0.036 0.216 -0.976
vn -0.015 0.208 -0.978
vn 0.184 0.197 -0.963
vn 0.372 0.178 -0.911
vn 0.417 0.166 -0.894
vn 0.461 0.154 -0.874
vn -0.443 0.156 -0.883
vn -0.399 0.167 -0.902
vn -0.355 0.177 -0.918
vn -0.164 0.192 -0.967
vn 0.033 0.201 -0.979
vn -0.019 0.206 -0.978
vn -0.100 0.209 -0.973
vn -0.180 0.211 -0.961
vn -0.233 0.212 -0.949
vn -0.049 0.220 -0.974
vn 0.140 0.220 -0.965
vn 0.084 0.222 -0.971
vn -0.000 0.223 -0.975
vn -0.084 0.222 -0.971
vn -0.140 0.220 -0.965
vn 0.049 0.220 -0.974
vn 0.233 0.212 -0.949
vn 0.180 0.211 -0.961
vn 0.100 0.209 -0.973
vn 0.019 0.206 -0.978
vn -0.033 0.201 -0.979
vn 0.164 0.192 -0.967
vn 0.355 0.177 -0.918
vn 0.399 0.167 -0.902
vn 0.443 0.156 -0.883
vn -0.425 0.157 -0.892
vn -0.383 0.169 -0.908
vn -0.342 0.178 -0.923
vn -0.151 0.192 -0.970
vn 0.045 0.198 -0.979
vn -0.008 0.202 -0.979
vn -0.091 0.204 -0.975
vn -0.173 0.204 -0.963
vn -0.228 0.204 -0.952
vn -0.044 0.211 -0.976
vn 0.143 0.211 -0.967
vn 0.085 0.213 -0.973
vn -0.000 0.214 -0.977
vn -0.085 0.213 -0.973
vn -0.143 0.211 -0.967
vn 0.044 0.211 -0.976
vn 0.228 0.204 -0.952
vn 0.173 0.204 -0.963
vn 0.091 0.204 -0.975
vn 0.008 0.202 -0.979
vn -0.045 0.198 -0.979
vn 0.151 0.192 -0.970
vn 0.342 0.178 -0.923
vn 0.383 0.169 -0.908
vn 0.425 0.157 -0.892
vn -0.402 0.159 -0.902
vn -0.364 0.173 -0.915
vn -0.329 0.182 -0.926
vn -0.139 0.196 -0.971
vn 0.056 0.202 -0.978
vn 0.001 0.206 -0.979
vn -0.083 0.209 -0.974
vn -0.167 0.209 -0.964
vn -0.223 0.209 -0.952
vn -0.041 0.216 -0.976
vn 0.145 0.215 -0.966
vn 0.087 0.217 -0.972
vn -0.000 0.218 -0.976
vn -0.087 0.217 -0.972
vn -0.145 0.215 -0.966
vn 0.041 0.216 -0.976
vn 0.223 0.209 -0.952
vn 0.167 0.209 -0.964
vn 0.083 0.209 -0.974
vn -0.001 0.206 -0.979
vn -0.056 0.202 -0.978
vn 0.139 0.196 -0.971
vn 0.329 0.182 -0.926
vn 0.364 0.173 -0.915
vn 0.402 0.159 -0.902
vn -0.369 0.161 -0.915
vn -0.338 0.180 -0.924
vn -0.313 0.189 -0.931
vn -0.124 0.205 -0.971
vn 0.069 0.212 -0.975
vn 0.012 0.217 -0.976
vn -0.074 0.220 -0.973
vn -0.159 0.221 -0.962
vn -0.217 0.222 -0.951
vn -0.036 0.229 -0.973
vn 0.148 0.228 -0.962
vn 0.088 0.231 -0.969
vn -0.000 0.232 -0.973
vn -0.088 0.231 -0.969
vn -0.148 0.228 -0.962
vn 0.036 0.229 -0.973
vn 0.217 0.222 -0.951
vn 0.159 0.221 -0.962
vn 0.074 0.220 -0.973
vn -0.012 0.217 -0.976
vn -0.069 0.212 -0.975
vn 0.124 0.205 -0.971
vn 0.313 0.189 -0.931
vn 0.338 0.180 -0.924
vn 0.369 0.161 -0.915
vn -0.322 0.164 -0.932
vn -0.302 0.188 -0.935
vn -0.291 0.201 -0.936
vn -0.104 0.218 -0.970
vn 0.086 0.226 -0.970
vn 0.026 0.234 -0.972
vn -0.062 0.239 -0.969
vn -0.150 0.241 -0.959
vn -0.209 0.242 -0.947
vn -0.030 0.251 -0.968
vn 0.152 0.250 -0.956
vn 0.090 0.253 -0.963
vn -0.000 0.255 -0.967
vn -0.090 0.253 -0.963
vn -0.152 0.250 -0.956
vn 0.030 0.251 -0.968
vn 0.209 0.242 -0.947
vn 0.150 0.241 -0.959
vn 0.062 0.239 -0.969
vn -0.026 0.234 -0.972
vn -0.086 0.226 -0.970
vn 0.104 0.218 -0.970
vn 0.291 0.201 -0.936
vn 0.302 0.188 -0.935
vn 0.322 0.164 -0.932
vn -0.251 0.168 -0.953
vn -0.247 0.216 -0.945
vn -0.257 0.240 -0.936
vn -0.074 0.267 -0.961
vn 0.110 0.282 -0.953
vn 0.047 0.297 -0.954
vn -0.044 0.308 -0.950
vn -0.134 0.315 -0.940
vn -0.197 0.319 -0.927
vn -0.021 0.331 -0.944
vn 0.156 0.331 -0.931
vn 0.092 0.336 -0.937
vn -0.000 0.338 -0.941
vn -0.092 0.336 -0.937
vn -0.156 0.331 -0.931
vn 0.021 0.331 -0.944
vn 0.197 0.319 -0.927
vn 0.134 0.315 -0.940
vn 0.044 0.308 -0.950
vn -0.047 0.297 -0.954
vn -0.110 0.282 -0.953
vn 0.074 0.267 -0.961
vn 0.257 0.240 -0.936
vn 0.247 0.216 -0.945
vn 0.251 0.168 -0.953
vn -0.054 0.173 -0.983
vn -0.100 0.243 -0.965
vn -0.171 0.276 -0.946
vn -0.000 0.307 -0.952
vn 0.169 0.325 -0.931
vn 0.098 0.346 -0.933
vn -0.000 0.363 -0.932
vn -0.098 0.374 -0.922
vn -0.167 0.381 -0.909
vn -0.000 0.394 -0.919
vn 0.167 0.394 -0.904
vn 0.097 0.401 -0.911
vn -0.000 0.404 -0.915
vn -0.097 0.401 -0.911
vn -0.167 0.394 -0.904
vn 0.000 0.394 -0.919
vn 0.167 0.381 -0.909
vn 0.098 0.374 -0.922
vn 0.000 0.363 -0.932
vn -0.098 0.346 -0.933
vn -0.169 0.325 -0.931
vn 0.000 0.307 -0.952
vn 0.171 0.276 -0.946
vn 0.100 0.243 -0.965
vn 0.054 0.173 -0.983
vn 0.577 -0.669 0.468
vn 0.603 -0.685 0.410
vn 0.667 -0.714 0.213
vn 0.707 -0.696 -0.123
vn 0.707 -0.696 -0.123
vn 0.707 -0.696 -0.123
vn 0.667 -0.599 -0.444
vn 0.603 -0.503 -0.619
vn 0.577 -0.468 -0.669
vn 0.603 -0.619 0.503
vn 0.632 -0.635 0.444
vn 0.707 -0.664 0.242
vn 0.756 -0.645 -0.114
vn 0.756 -0.645 -0.114
vn 0.756 -0.645 -0.114
vn 0.707 -0.542 -0.455
vn 0.632 -0.444 -0.635
vn 0.603 -0.410 -0.685
vn 0.667 -0.444 0.599
vn 0.707 -0.455 0.542
vn 0.816 -0.473 0.331
vn 0.894 -0.440 -0.078
vn 0.894 -0.440 -0.078
vn 0.894 -0.440 -0.078
vn 0.816 -0.331 -0.473
vn 0.707 -0.242 -0.664
vn 0.667 -0.213 -0.714
vn 0.707 -0.123 0.696
vn 0.756 -0.114 0.645
vn 0.894 -0.078 0.440
vn 1.000 0.000 0.000
vn 1.000 0.000 0.000
vn 1.000 0.000 0.000
vn 0.894 0.078 -0.440
vn 0.756 0.114 -0.645
vn 0.707 0.123 -0.696
vn 0.707 -0.123 0.696
vn 0.756 -0.114 0.645
vn 0.894 -0.078 0.440
vn 1.000 0.000 0.000
vn 1.000 0.000 0.000
vn 1.000 0.000 0.000
vn 0.894 0.078 -0.440
vn 0.756 0.114 -0.645
vn 0.707 0.123 -0.696
vn 0.707 -0.123 0.696
vn 0.756 -0.114 0.645
vn 0.894 -0.078 0.440
vn 1.000 0.000 0.000
vn 1.000 0.000 0.000
vn 1.000 0.000 0.000
vn 0.894 0.078 -0.440
vn 0.756 0.114 -0.645
vn 0.707 0.123 -0.696
vn 0.667 0.213 0.714
vn 0.707 0.242 0.664
vn 0.816 0.331 0.473
vn 0.894 0.440 0.078
vn 0.894 0.440 0.078
vn 0.894 0.440 0.078
vn 0.816 0.473 -0.331
vn 0.707 0.455 -0.542
vn 0.667 0.444 -0.599
vn 0.603 0.410 0.685
vn 0.632 0.444 0.635
vn 0.707 0.542 0.455
vn 0.756 0.645 0.114
vn 0.756 0.645 0.114
vn 0.756 0.645 0.114
vn 0.707 0.664 -0.242
vn 0.632 0.635 -0.444
vn 0.603 0.619 -0.503
vn 0.577 0.468 0.669
vn 0.603 0.503 0.619
vn 0.667 0.599 0.444
vn 0.707 0.696 0.123
vn 0.707 0.696 0.123
vn 0.707 0.696 0.123
vn 0.667 0.714 -0.213
vn 0.603 0.685 -0.410
vn 0.577 0.669 -0.468
vn -0.577 -0.468 -0.669
vn -0.603 -0.503 -0.619
vn -0.667 -0.599 -0.444
vn -0.707 -0.696 -0.123
vn -0.707 -0.696 -0.123
vn -0.707 -0.696 -0.123
vn -0.667 -0.714 0.213
vn -0.603 -0.685 0.410
vn -0.577 -0.669 0.468
vn -0.603 -0.410 -0.685
vn -0.632 -0.444 -0.635
vn -0.707 -0.542 -0.455
vn -0.756 -0.645 -0.114
vn -0.756 -0.645 -0.114
vn -0.756 -0.645 -0.114
vn -0.707 -0.664 0.242
vn -0.632 -0.635 0.444
vn -0.603 -0.619 0.503
vn -0.667 -0.213 -0.714
vn -0.707 -0.242 -0.664
vn -0.816 -0.331 -0.473
vn -0.894 -0.440 -0.078
vn -0.894 -0.440 -0.078
vn -0.894 -0.440 -0.078
vn -0.816 -0.473 0.331
vn -0.707 -0.455 0.542
vn -0.667 -0.444 0.599
vn -0.707 0.123 -0.696
vn -0.756 0.114 -0.645
vn -0.894 0.078 -0.440
vn -1.000 0.000 0.000
vn -1.000 0.000 0.000
vn -1.000 0.000 0.000
vn -0.894 -0.078 0.440
vn -0.756 -0.114 0.645
vn -0.707 -0.123 0.696
vn -0.707 0.123 -0.696
vn -0.756 0.114 -0.645
vn -0.894 0.078 -0.440
vn -1.000 0.000 0.000
vn -1.000 0.000 0.000
vn -1.000 0.000 0.000
vn -0.894 -0.078 0.440
vn -0.756 -0.114 0.645
vn -0.707 -0.123 0.696
vn -0.707 0.123 -0.696
vn -0.756 0.114 -0.645
vn -0.894 0.078 -0.440
vn -1.000 0.000 0.000
vn -1.000 0.000 0.000
vn -1.000 0.000 0.000
vn -0.894 -0.078 0.440
vn -0.756 -0.114 0.645
vn -0.707 -0.123 0.696
vn -0.667 0.444 -0.599
vn -0.707 0.455 -0.542
vn -0.816 0.473 -0.331
vn -0.894 0.440 0.078
vn -0.894 0.440 0.078
vn -0.894 0.440 0.078
vn -0.816 0.331 0.473
vn -0.707 0.242 0.664
vn -0.667 0.213 0.714
vn -0.603 0.619 -0.503
vn -0.632 0.635 -0.444
vn -0.707 0.664 -0.242
vn -0.756 0.645 0.114
vn -0.756 0.645 0.114
vn -0.756 0.645 0.114
vn -0.707 0.542 0.455
vn -0.632 0.444 0.635
vn -0.603 0.410 0.685
vn -0.577 0.669 -0.468
vn -0.603 0.685 -0.410
vn -0.667 0.714 -0.213
vn -0.707 0.696 0.123
vn -0.707 0.696 0.123
vn -0.707 0.696 0.123
vn -0.667 0.599 0.444
vn -0.603 0.503 0.619
vn -0.577 0.468 0.669
vn -0.577 0.468 0.669
vn -0.522 0.489 0.699
vn -0.333 0.541 0.772
vn 0.000 0.574 0.819
vn 0.000 0.574 0.819
vn 0.000 0.574 0.819
vn 0.333 0.541 0.772
vn 0.522 0.489 0.699
vn 0.577 0.468 0.669
vn -0.603 0.503 0.619
vn -0.548 0.528 0.649
vn -0.354 0.590 0.726
vn 0.000 0.631 0.776
vn 0.000 0.631 0.776
vn 0.000 0.631 0.776
vn 0.354 0.590 0.726
vn 0.548 0.528 0.649
vn 0.603 0.503 0.619
vn -0.667 0.599 0.444
vn -0.612 0.635 0.471
vn -0.408 0.733 0.544
vn 0.000 0.803 0.596
vn 0.000 0.803 0.596
vn 0.000 0.803 0.596
vn 0.408 0.733 0.544
vn 0.612 0.635 0.471
vn 0.667 0.599 0.444
vn -0.707 0.696 0.123
vn -0.655 0.744 0.131
vn -0.447 0.881 0.155
vn 0.000 0.985 0.174
vn 0.000 0.985 0.174
vn 0.000 0.985 0.174
vn 0.447 0.881 0.155
vn 0.655 0.744 0.131
vn 0.707 0.696 0.123
vn -0.707 0.696 0.123
vn -0.655 0.744 0.131
vn -0.447 0.881 0.155
vn 0.000 0.985 0.174
vn 0.000 0.985 0.174
vn 0.000 0.985 0.174
vn 0.447 0.881 0.155
vn 0.655 0.744 0.131
vn 0.707 0.696 0.123
vn -0.707 0.696 0.123
vn -0.655 0.744 0.131
vn -0.447 0.881 0.155
vn 0.000 0.985 0.174
vn 0.000 0.985 0.174
vn 0.000 0.985 0.174
vn 0.447 0.881 0.155
vn 0.655 0.744 0.131
vn 0.707 0.696 0.123
vn -0.667 0.714 -0.213
vn -0.612 0.758 -0.225
vn -0.408 0.875 -0.260
vn 0.000 0.958 -0.285
vn 0.000 0.958 -0.285
vn 0.000 0.958 -0.285
vn 0.408 0.875 -0.260
vn 0.612 0.758 -0.225
vn 0.667 0.714 -0.213
vn -0.603 0.685 -0.410
vn -0.548 0.718 -0.430
vn -0.354 0.803 -0.480
vn 0.000 0.858 -0.513
vn 0.000 0.858 -0.513
vn 0.000 0.858 -0.513
vn 0.354 0.803 -0.480
vn 0.548 0.718 -0.430
vn 0.603 0.685 -0.410
vn -0.577 0.669 -0.468
vn -0.522 0.699 -0.489
vn -0.333 0.772 -0.541
vn 0.000 0.819 -0.574
vn 0.000 0.819 -0.574
vn 0.000 0.819 -0.574
vn 0.333 0.772 -0.541
vn 0.522 0.699 -0.489
vn 0.577 0.669 -0.468
vn -0.577 -0.468 -0.669
vn -0.522 -0.489 -0.699
vn -0.333 -0.541 -0.772
vn 0.000 -0.574 -0.819
vn 0.000 -0.574 -0.819
vn 0.000 -0.574 -0.819
vn 0.333 -0.541 -0.772
vn 0.522 -0.489 -0.699
vn 0.577 -0.468 -0.669
vn -0.603 -0.503 -0.619
vn -0.548 -0.528 -0.649
vn -0.354 -0.590 -0.726
vn 0.000 -0.631 -0.776
vn 0.000 -0.631 -0.776
vn 0.000 -0.631 -0.776
vn 0.354 -0.590 -0.726
vn 0.548 -0.528 -0.649
vn 0.603 -0.503 -0.619
vn -0.667 -0.599 -0.444
vn -0.612 -0.635 -0.471
vn -0.408 -0.733 -0.544
vn 0.000 -0.803 -0.596
vn 0.000 -0.803 -0.596
vn 0.000 -0.803 -0.596
vn 0.408 -0.733 -0.544
vn 0.612 -0.635 -0.471
vn 0.667 -0.599 -0.444
vn -0.707 -0.696 -0.123
vn -0.655 -0.744 -0.131
vn -0.447 -0.881 -0.155
vn 0.000 -0.985 -0.174
vn 0.000 -0.985 -0.174
vn 0.000 -0.985 -0.174
vn 0.447 -0.881 -0.155
vn 0.655 -0.744 -0.131
vn 0.707 -0.696 -0.123
vn -0.707 -0.696 -0.123
vn -0.655 -0.744 -0.131
vn -0.447 -0.881 -0.155
vn 0.000 -0.985 -0.174
vn 0.000 -0.985 -0.174
vn 0.000 -0.985 -0.174
vn 0.447 -0.881 -0.155
vn 0.655 -0.744 -0.131
vn 0.707 -0.696 -0.123
vn -0.707 -0.696 -0.123
vn -0.655 -0.744 -0.131
vn -0.447 -0.881 -0.155
vn 0.000 -0.985 -0.174
vn 0.000 -0.985 -0.174
vn 0.000 -0.985 -0.174
vn 0.447 -0.881 -0.155
vn 0.655 -0.744 -0.131
vn 0.707 -0.696 -0.123
vn -0.667 -0.714 0.213
vn -0.612 -0.758 0.225
vn -0.408 -0.875 0.260
vn 0.000 -0.958 0.285
vn 0.000 -0.958 0.285
vn 0.000 -0.958 0.285
vn 0.408 -0.875 0.260
vn 0.612 -0.758 0.225
vn 0.667 -0.714 0.213
vn -0.603 -0.685 0.410
vn -0.548 -0.718 0.430
vn -0.354 -0.803 0.480
vn 0.000 -0.858 0.513
vn 0.000 -0.858 0.513
vn 0.000 -0.858 0.513
vn 0.354 -0.803 0.480
vn 0.548 -0.718 0.430
vn 0.603 -0.685 0.410
vn -0.577 -0.669 0.468
vn -0.522 -0.699 0.489
vn -0.333 -0.772 0.541
vn 0.000 -0.819 0.574
vn 0.000 -0.819 0.574
vn 0.000 -0.819 0.574
vn 0.333 -0.772 0.541
vn 0.522 -0.699 0.489
vn 0.577 -0.669 0.468
vn 0.577 -0.468 -0.669
vn 0.522 -0.489 -0.699
vn 0.333 -0.541 -0.772
vn 0.000 -0.574 -0.819
vn 0.000 -0.574 -0.819
vn 0.000 -0.574 -0.819
vn -0.333 -0.541 -0.772
vn -0.522 -0.489 -0.699
vn -0.577 -0.468 -0.669
vn 0.603 -0.410 -0.685
vn 0.548 -0.430 -0.718
vn 0.354 -0.480 -0.803
vn 0.000 -0.513 -0.858
vn 0.000 -0.513 -0.858
vn 0.000 -0.513 -0.858
vn -0.354 -0.480 -0.803
vn -0.548 -0.430 -0.718
vn -0.603 -0.410 -0.685
vn 0.667 -0.213 -0.714
vn 0.612 -0.225 -0.758
vn 0.408 -0.260 -0.875
vn 0.000 -0.285 -0.958
vn 0.000 -0.285 -0.958
vn 0.000 -0.285 -0.958
vn -0.408 -0.260 -0.875
vn -0.612 -0.225 -0.758
vn -0.667 -0.213 -0.714
vn 0.707 0.123 -0.696
vn 0.655 0.131 -0.744
vn 0.447 0.155 -0.881
vn 0.000 0.174 -0.985
vn 0.000 0.174 -0.985
vn 0.000 0.174 -0.985
vn -0.447 0.155 -0.881
vn -0.655 0.131 -0.744
vn -0.707 0.123 -0.696
vn 0.707 0.123 -0.696
vn 0.655 0.131 -0.744
vn 0.447 0.155 -0.881
vn 0.000 0.174 -0.985
vn 0.000 0.174 -0.985
vn 0.000 0.174 -0.985
vn -0.447 0.155 -0.881
vn -0.655 0.131 -0.744
vn -0.707 0.123 -0.696
vn 0.707 0.123 -0.696
vn 0.655 0.131 -0.744
vn 0.447 0.155 -0.881
vn 0.000 0.174 -0.985
vn 0.000 0.174 -0.985
vn 0.000 0.174 -0.985
vn -0.447 0.155 -0.881
vn -0.655 0.131 -0.744
vn -0.707 0.123 -0.696
vn 0.667 0.444 -0.599
vn 0.612 0.471 -0.635
vn 0.408 0.544 -0.733
vn 0.000 0.596 -0.803
vn 0.000 0.596 -0.803
vn 0.000 0.596 -0.803
vn -0.408 0.544 -0.733
vn -0.612 0.471 -0.635
vn -0.667 0.444 -0.599
vn 0.603 0.619 -0.503
vn 0.548 0.649 -0.528
vn 0.354 0.726 -0.590
vn 0.000 0.776 -0.631
vn 0.000 0.776 -0.631
vn 0.000 0.776 -0.631
vn -0.354 0.726 -0.590
vn -0.548 0.649 -0.528
vn -0.603 0.619 -0.503
vn 0.577 0.669 -0.468
vn 0.522 0.699 -0.489
vn 0.333 0.772 -0.541
vn 0.000 0.819 -0.574
vn 0.000 0.819 -0.574
vn 0.000 0.819 -0.574
vn -0.333 0.772 -0.541
vn -0.522 0.699 -0.489
vn -0.577 0.669 -0.468
vn -0.060 0.173 -0.983
vn -0.106 0.096 -0.990
vn -0.176 0.055 -0.983
vn -0.006 0.022 -1.000
vn 0.164 -0.005 -0.987
vn 0.093 -0.029 -0.995
vn -0.005 -0.049 -0.999
vn -0.101 -0.066 -0.993
vn -0.169 -0.078 -0.982
vn -0.002 -0.090 -0.996
vn 0.164 -0.096 -0.982
vn 0.095 -0.101 -0.990
vn -0.000 -0.103 -0.995
vn -0.095 -0.101 -0.990
vn -0.164 -0.096 -0.982
vn 0.002 -0.090 -0.996
vn 0.169 -0.078 -0.982
vn 0.101 -0.066 -0.993
vn 0.005 -0.049 -0.999
vn -0.093 -0.029 -0.995
vn -0.164 -0.005 -0.987
vn 0.006 0.022 -1.000
vn 0.176 0.055 -0.983
vn 0.106 0.096 -0.990
vn 0.060 0.173 -0.983
vn -0.270 0.167 -0.948
vn -0.266 0.112 -0.958
vn -0.275 0.080 -0.958
vn -0.093 0.056 -0.994
vn 0.092 0.033 -0.995
vn 0.030 0.013 -0.999
vn -0.058 -0.004 -0.998
vn -0.146 -0.018 -0.989
vn -0.205 -0.030 -0.978
vn -0.029 -0.039 -0.999
vn 0.149 -0.045 -0.988
vn 0.088 -0.050 -0.995
vn -0.000 -0.051 -0.999
vn -0.088 -0.050 -0.995
vn -0.149 -0.045 -0.988
vn 0.029 -0.039 -0.999
vn 0.205 -0.030 -0.978
vn 0.146 -0.018 -0.989
vn 0.058 -0.004 -0.998
vn -0.030 0.013 -0.999
vn -0.092 0.033 -0.995
vn 0.093 0.056 -0.994
vn 0.275 0.080 -0.958
vn 0.266 0.112 -0.958
vn 0.270 0.167 -0.948
vn -0.363 0.162 -0.918
vn -0.343 0.130 -0.930
vn -0.331 0.109 -0.937
vn -0.148 0.094 -0.985
vn 0.044 0.077 -0.996
vn -0.012 0.062 -0.998
vn -0.096 0.047 -0.994
vn -0.177 0.035 -0.984
vn -0.230 0.025 -0.973
vn -0.048 0.018 -0.999
vn 0.138 0.012 -0.990
vn 0.083 0.009 -0.997
vn -0.000 0.008 -1.000
vn -0.083 0.009 -0.997
vn -0.138 0.012 -0.990
vn 0.048 0.018 -0.999
vn 0.230 0.025 -0.973
vn 0.177 0.035 -0.984
vn 0.096 0.047 -0.994
vn 0.012 0.062 -0.998
vn -0.044 0.077 -0.996
vn 0.148 0.094 -0.985
vn 0.331 0.109 -0.937
vn 0.343 0.130 -0.930
vn 0.363 0.162 -0.918
vn -0.433 0.156 -0.888
vn -0.404 0.134 -0.905
vn -0.380 0.119 -0.918
vn -0.198 0.110 -0.974
vn -0.003 0.098 -0.995
vn -0.054 0.085 -0.995
vn -0.132 0.073 -0.989
vn -0.207 0.063 -0.976
vn -0.254 0.054 -0.966
vn -0.068 0.050 -0.996
vn 0.126 0.045 -0.991
vn 0.077 0.042 -0.996
vn -0.000 0.041 -0.999
vn -0.077 0.042 -0.996
vn -0.126 0.045 -0.991
vn 0.068 0.050 -0.996
vn 0.254 0.054 -0.966
vn 0.207 0.063 -0.976
vn 0.132 0.073 -0.989
vn 0.054 0.085 -0.995
vn 0.003 0.098 -0.995
vn 0.198 0.110 -0.974
vn 0.380 0.119 -0.918
vn 0.404 0.134 -0.905
vn 0.433 0.156 -0.888
vn -0.477 0.153 -0.866
vn -0.443 0.143 -0.885
vn -0.410 0.138 -0.902
vn -0.230 0.141 -0.963
vn -0.034 0.139 -0.990
vn -0.081 0.134 -0.988
vn -0.155 0.128 -0.980
vn -0.226 0.123 -0.966
vn -0.270 0.118 -0.956
vn -0.080 0.120 -0.990
vn 0.119 0.118 -0.986
vn 0.073 0.117 -0.990
vn -0.000 0.117 -0.993
vn -0.073 0.117 -0.990
vn -0.119 0.118 -0.986
vn 0.080 0.120 -0.990
vn 0.270 0.118 -0.956
vn 0.226 0.123 -0.966
vn 0.155 0.128 -0.980
vn 0.081 0.134 -0.988
vn 0.034 0.139 -0.990
vn 0.230 0.141 -0.963
vn 0.410 0.138 -0.902
vn 0.443 0.143 -0.885
vn 0.477 0.153 -0.866
vn -0.490 0.151 -0.859
vn -0.451 0.154 -0.879
vn -0.413 0.160 -0.897
vn -0.232 0.175 -0.957
vn -0.034 0.184 -0.982
vn -0.081 0.187 -0.979
vn -0.155 0.189 -0.970
vn -0.226 0.189 -0.956
vn -0.270 0.190 -0.944
vn -0.080 0.199 -0.977
vn 0.120 0.199 -0.973
vn 0.074 0.201 -0.977
vn -0.000 0.202 -0.979
vn -0.074 0.201 -0.977
vn -0.120 0.199 -0.973
vn 0.080 0.199 -0.977
vn 0.270 0.190 -0.944
vn 0.226 0.189 -0.956
vn 0.155 0.189 -0.970
vn 0.081 0.187 -0.979
vn 0.034 0.184 -0.982
vn 0.232 0.175 -0.957
vn 0.413 0.160 -0.897
vn 0.451 0.154 -0.879
vn 0.490 0.151 -0.859
vn -0.479 0.152 -0.864
vn -0.438 0.163 -0.884
vn -0.395 0.175 -0.902
vn -0.210 0.195 -0.958
vn -0.012 0.208 -0.978
vn -0.060 0.216 -0.975
vn -0.136 0.221 -0.966
vn -0.210 0.225 -0.951
vn -0.257 0.228 -0.939
vn -0.069 0.239 -0.968
vn 0.126 0.241 -0.962
vn 0.077 0.245 -0.967
vn -0.000 0.246 -0.969
vn -0.077 0.245 -0.967
vn -0.126 0.241 -0.962
vn 0.069 0.239 -0.968
vn 0.257 0.228 -0.939
vn 0.210 0.225 -0.951
vn 0.136 0.221 -0.966
vn 0.060 0.216 -0.975
vn 0.012 0.208 -0.978
vn 0.210 0.195 -0.958
vn 0.395 0.175 -0.902
vn 0.438 0.163 -0.884
vn 0.479 0.152 -0.864
vn -0.461 0.154 -0.874
vn -0.417 0.166 -0.894
vn -0.372 0.178 -0.911
vn -0.184 0.197 -0.963
vn 0.015 0.208 -0.978
vn -0.036 0.216 -0.976
vn -0.115 0.221 -0.968
vn -0.193 0.224 -0.955
vn -0.243 0.227 -0.943
vn -0.057 0.237 -0.970
vn 0.134 0.238 -0.962
vn 0.081 0.241 -0.967
vn -0.000 0.243 -0.970
vn -0.081 0.241 -0.967
vn -0.134 0.238 -0.962
vn 0.057 0.237 -0.970
vn 0.243 0.227 -0.943
vn 0.193 0.224 -0.955
vn 0.115 0.221 -0.968
vn 0.036 0.216 -0.976
vn -0.015 0.208 -0.978
vn 0.184 0.197 -0.963
vn 0.372 0.178 -0.911
vn 0.417 0.166 -0.894
vn 0.461 0.154 -0.874
vn -0.443 0.156 -0.883
vn -0.399 0.167 -0.902
vn -0.355 0.177 -0.918
vn -0.164 0.192 -0.967
vn 0.033 0.201 -0.979
vn -0.019 0.206 -0.978
vn -0.100 0.209 -0.973
vn -0.180 0.211 -0.961
vn -0.233 0.212 -0.949
vn -0.049 0.220 -0.974
vn 0.140 0.220 -0.965
vn 0.084 0.222 -0.971
vn -0.000 0.223 -0.975
vn -0.084 0.222 -0.971
vn -0.140 0.220 -0.965
vn 0.049 0.220 -0.974
vn 0.233 0.212 -0.949
vn 0.180 0.211 -0.961
vn 0.100 0.209 -0.973
vn 0.019 0.206 -0.978
vn -0.033 0.201 -0.979
vn 0.164 0.192 -0.967
vn 0.355 0.177 -0.918
vn 0.399 0.167 -0.902
vn 0.443 0.156 -0.883
vn -0.425 0.157 -0.892
vn -0.383 0.169 -0.908
vn -0.342 0.178 -0.923
vn -0.151 0.192 -0.970
vn 0.045 0.198 -0.979
vn -0.008 0.202 -0.979
vn -0.091 0.204 -0.975
vn -0.173 0.204 -0.963
vn -0.228 0.204 -0.952
vn -0.044 0.211 -0.976
vn 0.143 0.211 -0.967
vn 0.085 0.213 -0.973
vn -0.000 0.214 -0.977
vn -0.085 0.213 -0.973
vn -0.143 0.211 -0.967
vn 0.044 0.211 -0.976
vn 0.228 0.204 -0.952
vn 0.173 0.204 -0.963
vn 0.091 0.204 -0.975
vn 0.008 0.202 -0.979
vn -0.045 0.198 -0.979
vn 0.151 0.192 -0.970
vn 0.342 0.178 -0.923
vn 0.383 0.169 -0.908
vn 0.425 0.157 -0.892
vn -0.402 0.159 -0.902
vn -0.364 0.173 -0.915
vn -0.329 0.182 -0.926
vn -0.139 0.196 -0.971
vn 0.056 0.202 -0.978
vn 0.001 0.206 -0.979
vn -0.083 0.209 -0.974
vn -0.167 0.209 -0.964
vn -0.223 0.209 -0.952
vn -0.041 0.216 -0.976
vn 0.145 0.215 -0.966
vn 0.087 0.217 -0.972
vn -0.000 0.218 -0.976
vn -0.087 0.217 -0.972
vn -0.145 0.215 -0.966
vn 0.041 0.216 -0.976
vn 0.223 0.209 -0.952
vn 0.167 0.209 -0.964
vn 0.083 0.209 -0.974
vn -0.001 0.206 -0.979
vn -0.056 0.202 -0.978
vn 0.139 0.196 -0.971
vn 0.329 0.182 -0.926
vn 0.364 0.173 -0.915
vn 0.402 0.159 -0.902
vn -0.369 0.161 -0.915
vn -0.338 0.180 -0.924
vn -0.313 0.189 -0.931
vn -0.124 0.205 -0.971
vn 0.069 0.212 -0.975
vn 0.012 0.217 -0.976
vn -0.074 0.220 -0.973
vn -0.159 0.221 -0.962
vn -0.217 0.222 -0.951
vn -0.036 0.229 -0.973
vn 0.148 0.228 -0.962
vn 0.088 0.231 -0.969
vn -0.000 0.232 -0.973
vn -0.088 0.231 -0.969
vn -0.148 0.228 -0.962
vn 0.036 0.229 -0.973
vn 0.217 0.222 -0.951
vn 0.159 0.221 -0.962
vn 0.074 0.220 -0.973
vn -0.012 0.217 -0.976
vn -0.069 0.212 -0.975
vn 0.124 0.205 -0.971
vn 0.313 0.189 -0.931
vn 0.338 0.180 -0.924
vn 0.369 0.161 -0.915
vn -0.322 0.164 -0.932
vn -0.302 0.188 -0.935
vn -0.291 0.201 -0.936
vn -0.104 0.218 -0.970
vn 0.086 0.226 -0.970
vn 0.026 0.234 -0.972
vn -0.062 0.239 -0.969
vn -0.150 0.241 -0.959
vn -0.209 0.242 -0.947
vn -0.030 0.251 -0.968
vn 0.152 0.250 -0.956
vn 0.090 0.253 -0.963
vn -0.000 0.255 -0.967
vn -0.090 0.253 -0.963
vn -0.152 0.250 -0.956
vn 0.030 0.251 -0.968
vn 0.209 0.242 -0.947
vn 0.150 0.241 -0.959
vn 0.062 0.239 -0.969
vn -0.026 0.234 -0.972
vn -0.086 0.226 -0.970
vn 0.104 0.218 -0.970
vn 0.291 0.201 -0.936
vn 0.302 0.188 -0.935
vn 0.322 0.164 -0.932
vn -0.251 0.168 -0.953
vn -0.247 0.216 -0.945
vn -0.257 0.240 -0.936
vn -0.074 0.267 -0.961
vn 0.110 0.282 -0.953
vn 0.047 0.297 -0.954
vn -0.044 0.308 -0.950
vn -0.134 0.315 -0.940
vn -0.197 0.319 -0.927
vn -0.021 0.331 -0.944
vn 0.156 0.331 -0.931
vn 0.092 0.336 -0.937
vn -0.000 0.338 -0.941
vn -0.092 0.336 -0.937
vn -0.156 0.331 -0.931
vn 0.021 0.331 -0.944
vn 0.197 0.319 -0.927
vn 0.134 0.315 -0.940
vn 0.044 0.308 -0.950
vn -0.047 0.297 -0.954
vn -0.110 0.282 -0.953
vn 0.074 0.267 -0.961
vn 0.257 0.240 -0.936
vn 0.247 0.216 -0.945
vn 0.251 0.168 -0.953
vn -0.054 0.173 -0.983
vn -0.100 0.243 -0.965
vn -0.171 0.276 -0.946
vn -0.000 0.307 -0.952
vn 0.169 0.325 -0.931
vn 0.098 0.346 -0.933
vn -0.000 0.363 -0.932
vn -0.098 0.374 -0.922
vn -0.167 0.381 -0.909
vn -0.000 0.394 -0.919
vn 0.167 0.394 -0.904
vn 0.097 0.401 -0.911
vn -0.000 0.404 -0.915
vn -0.097 0.401 -0.911
vn -0.167 0.394 -0.904
vn 0.000 0.394 -0.919
vn 0.167 0.381 -0.909
vn 0.098 0.374 -0.922
vn 0.000 0.363 -0.932
vn -0.098 0.346 -0.933
vn -0.169 0.325 -0.931
vn 0.000 0.307 -0.952
vn 0.171 0.276 -0.946
vn 0.100 0.243 -0.965
vn 0.054 0.173 -0.983
v -0.3992 0.5054 0.2245
v -0.3973 0.5044 0.2252
v -0.3907 0.5018 0.2270
v -0.3790 0.5002 0.2282
v -0.2100 0.5002 0.2282
v -0.0410 0.5002 0.2282
v -0.0293 0.5018 0.2270
v -0.0227 0.5044 0.2252
v -0.0208 0.5054 0.2245
v -0.4001 0.5072 0.2257
v -0.3982 0.5061 0.2266
v -0.3914 0.5034 0.2287
v -0.3790 0.5017 0.2302
v -0.2100 0.5017 0.2302
v -0.0410 0.5017 0.2302
v -0.0286 0.5034 0.2287
v -0.0218 0.5061 0.2266
v -0.0199 0.5072 0.2257
v -0.4023 0.5133 0.2290
v -0.4004 0.5123 0.2303
v -0.3933 0.5098 0.2337
v -0.3790 0.5080 0.2362
v -0.2100 0.5080 0.2362
v -0.0410 0.5080 0.2362
v -0.0267 0.5098 0.2337
v -0.0196 0.5123 0.2303
v -0.0177 0.5133 0.2290
v -0.4037 0.5245 0.2325
v -0.4019 0.5242 0.2341
v -0.3947 0.5234 0.2389
v -0.3790 0.5227 0.2426
v -0.2100 0.5227 0.2426
v -0.0410 0.5227 0.2426
v -0.0253 0.5234 0.2389
v -0.0181 0.5242 0.2341
v -0.0163 0.5245 0.2325
v -0.4037 0.8249 0.2854
v -0.4019 0.8246 0.2871
v -0.3947 0.8238 0.2919
v -0.3790 0.8231 0.2955
v -0.2100 0.8231 0.2955
v -0.0410 0.8231 0.2955
v -0.0253 0.8238 0.2919
v -0.0181 0.8246 0.2871
v -0.0163 0.8249 0.2854
v -0.4037 1.1253 0.3384
v -0.4019 1.1250 0.3401
v -0.3947 1.1241 0.3448
v -0.3790 1.1235 0.3485
v -0.2100 1.1235 0.3485
v -0.0410 1.1235 0.3485
v -0.0253 1.1241 0.3448
v -0.0181 1.1250 0.3401
v -0.0163 1.1253 0.3384
v -0.4023 1.1370 0.3390
v -0.4004 1.1374 0.3405
v -0.3933 1.1387 0.3446
v -0.3790 1.1395 0.3476
v -0.2100 1.1395 0.3476
v -0.0410 1.1395 0.3476
v -0.0267 1.1387 0.3446
v -0.0196 1.1374 0.3405
v -0.0177 1.1370 0.3390
v -0.4001 1.1439 0.3380
v -0.3982 1.1446 0.3391
v -0.3914 1.1464 0.3421
v -0.3790 1.1475 0.3440
v -0.2100 1.1475 0.3440
v -0.0410 1.1475 0.3440
v -0.0286 1.1464 0.3421
v -0.0218 1.1446 0.3391
v -0.0199 1.1439 0.3380
v -0.3992 1.1459 0.3374
v -0.3973 1.1467 0.3385
v -0.3907 1.1485 0.3410
v -0.3790 1.1496 0.3427
v -0.2100 1.1496 0.3427
v -0.0410 1.1496 0.3427
v -0.0293 1.1485 0.3410
v -0.0227 1.1467 0.3385
v -0.0208 1.1459 0.3374
v 0.0208 0.5054 0.2245
v 0.0227 0.5044 0.2252
v 0.0293 0.5018 0.2270
v 0.0410 0.5002 0.2282
v 0.2100 0.5002 0.2282
v 0.3790 0.5002 0.2282
v 0.3907 0.5018 0.2270
v 0.3973 0.5044 0.2252
v 0.3992 0.5054 0.2245
v 0.0199 0.5072 0.2257
v 0.0218 0.5061 0.2266
v 0.0286 0.5034 0.2287
v 0.0410 0.5017 0.2302
v 0.2100 0.5017 0.2302
v 0.3790 0.5017 0.2302
v 0.3914 0.5034 0.2287
v 0.3982 0.5061 0.2266
v 0.4001 0.5072 0.2257
v 0.0177 0.5133 0.2290
v 0.0196 0.5123 0.2303
v 0.0267 0.5098 0.2337
v 0.0410 0.5080 0.2362
v 0.2100 0.5080 0.2362
v 0.3790 0.5080 0.2362
v 0.3933 0.5098 0.2337
v 0.4004 0.5123 0.2303
v 0.4023 0.5133 0.2290
v 0.0163 0.5245 0.2325
v 0.0181 0.5242 0.2341
v 0.0253 0.5234 0.2389
v 0.0410 0.5227 0.2426
v 0.2100 0.5227 0.2426
v 0.3790 0.5227 0.2426
v 0.3947 0.5234 0.2389
v 0.4019 0.5242 0.2341
v 0.4037 0.5245 0.2325
v 0.0163 0.8249 0.2854
v 0.0181 0.8246 0.2871
v 0.0253 0.8238 0.2919
v 0.0410 0.8231 0.2955
v 0.2100 0.8231 0.2955
v 0.3790 0.8231 0.2955
v 0.3947 0.8238 0.2919
v 0.4019 0.8246 0.2871
v 0.4037 0.8249 0.2854
v 0.0163 1.1253 0.3384
v 0.0181 1.1250 0.3401
v 0.0253 1.1241 0.3448
v 0.0410 1.1235 0.3485
v 0.2100 1.1235 0.3485
v 0.3790 1.1235 0.3485
v 0.3947 1.1241 0.3448
v 0.4019 1.1250 0.3401
v 0.4037 1.1253 0.3384
v 0.0177 1.1370 0.3390
v 0.0196 1.1374 0.3405
v 0.0267 1.1387 0.3446
v 0.0410 1.1395 0.3476
v 0.2100 1.1395 0.3476
v 0.3790 1.1395 0.3476
v 0.3933 1.1387 0.3446
v 0.4004 1.1374 0.3405
v 0.4023 1.1370 0.3390
v 0.0199 1.1439 0.3380
v 0.0218 1.1446 0.3391
v 0.0286 1.1464 0.3421
v 0.0410 1.1475 0.3440
v 0.2100 1.1475 0.3440
v 0.3790 1.1475 0.3440
v 0.3914 1.1464 0.3421
v 0.3982 1.1446 0.3391
v 0.4001 1.1439 0.3380
v 0.0208 1.1459 0.3374
v 0.0227 1.1467 0.3385
v 0.0293 1.1485 0.3410
v 0.0410 1.1496 0.3427
v 0.2100 1.1496 0.3427
v 0.3790 1.1496 0.3427
v 0.3907 1.1485 0.3410
v 0.3973 1.1467 0.3385
v 0.3992 1.1459 0.3374
vt 0.0000 0.0000
vt 0.0047 0.0000
vt 0.0175 0.0000
vt 0.0350 0.0000
vt 0.2040 0.0000
vt 0.3730 0.0000
vt 0.3905 0.0000
vt 0.4033 0.0000
vt 0.4080 0.0000
vt 0.0000 0.0047
vt 0.0047 0.0047
vt 0.0175 0.0047
vt 0.0350 0.0047
vt 0.2040 0.0047
vt 0.3730 0.0047
vt 0.3905 0.0047
vt 0.4033 0.0047
vt 0.4080 0.0047
vt 0.0000 0.0175
vt 0.0047 0.0175
vt 0.0175 0.0175
vt 0.0350 0.0175
vt 0.2040 0.0175
vt 0.3730 0.0175
vt 0.3905 0.0175
vt 0.4033 0.0175
vt 0.4080 0.0175
vt 0.0000 0.0350
vt 0.0047 0.0350
vt 0.0175 0.0350
vt 0.0350 0.0350
vt 0.2040 0.0350
vt 0.3730 0.0350
vt 0.3905 0.0350
vt 0.4033 0.0350
vt 0.4080 0.0350
vt 0.0000 0.3400
vt 0.0047 0.3400
vt 0.0175 0.3400
vt 0.0350 0.3400
vt 0.2040 0.3400
vt 0.3730 0.3400
vt 0.3905 0.3400
vt 0.4033 0.3400
vt 0.4080 0.3400
vt 0.0000 0.6450
vt 0.0047 0.6450
vt 0.0175 0.6450
vt 0.0350 0.6450
vt 0.2040 0.6450
vt 0.3730 0.6450
vt 0.3905 0.6450
vt 0.4033 0.6450
vt 0.4080 0.6450
vt 0.0000 0.6625
vt 0.0047 0.6625
vt 0.0175 0.6625
vt 0.0350 0.6625
vt 0.2040 0.6625
vt 0.3730 0.6625
vt 0.3905 0.6625
vt 0.4033 0.6625
vt 0.4080 0.6625
vt 0.0000 0.6753
vt 0.0047 0.6753
vt 0.0175 0.6753
vt 0.0350 0.6753
vt 0.2040 0.6753
vt 0.3730 0.6753
vt 0.3905 0.6753
vt 0.4033 0.6753
vt 0.4080 0.6753
vt 0.0000 0.6800
vt 0.0047 0.6800
vt 0.0175 0.6800
vt 0.0350 0.6800
vt 0.2040 0.6800
vt 0.3730 0.6800
vt 0.3905 0.6800
vt 0.4033 0.6800
vt 0.4080 0.6800
vt 0.0000 0.0000
vt 0.0047 0.0000
vt 0.0175 0.0000
vt 0.0350 0.0000
vt 0.2040 0.0000
vt 0.3730 0.0000
vt 0.3905 0.0000
vt 0.4033 0.0000
vt 0.4080 0.0000
vt 0.0000 0.0047
vt 0.0047 0.0047
vt 0.0175 0.0047
vt 0.0350 0.0047
vt 0.2040 0.0047
vt 0.3730 0.0047
vt 0.3905 0.0047
vt 0.4033 0.0047
vt 0.4080 0.0047
vt 0.0000 0.0175
vt 0.0047 0.0175
vt 0.0175 0.0175
vt 0.0350 0.0175
vt 0.2040 0.0175
vt 0.3730 0.0175
vt 0.3905 0.0175
vt 0.4033 0.0175
vt 0.4080 0.0175
vt 0.0000 0.0350
vt 0.0047 0.0350
vt 0.0175 0.0350
vt 0.0350 0.0350
vt 0.2040 0.0350
vt 0.3730 0.0350
vt 0.3905 0.0350
vt 0.4033 0.0350
vt 0.4080 0.0350
vt 0.0000 0.3400
vt 0.0047 0.3400
vt 0.0175 0.3400
vt 0.0350 0.3400
vt 0.2040 0.3400
vt 0.3730 0.3400
vt 0.3905 0.3400
vt 0.4033 0.3400
vt 0.4080 0.3400
vt 0.0000 0.6450
vt 0.0047 0.6450
vt 0.0175 0.6450
vt 0.0350 0.6450
vt 0.2040 0.6450
vt 0.3730 0.6450
vt 0.3905 0.6450
vt 0.4033 0.6450
vt 0.4080 0.6450
vt 0.0000 0.6625
vt 0.0047 0.6625
vt 0.0175 0.6625
vt 0.0350 0.6625
vt 0.2040 0.6625
vt 0.3730 0.6625
vt 0.3905 0.6625
vt 0.4033 0.6625
vt 0.4080 0.6625
vt 0.0000 0.6753
vt 0.0047 0.6753
vt 0.0175 0.6753
vt 0.0350 0.6753
vt 0.2040 0.6753
vt 0.3730 0.6753
vt 0.3905 0.6753
vt 0.4033 0.6753
vt 0.4080 0.6753
vt 0.0000 0.6800
vt 0.0047 0.6800
vt 0.0175 0.6800
vt 0.0350 0.6800
vt 0.2040 0.6800
vt 0.3730 0.6800
vt 0.3905 0.6800
vt 0.4033 0.6800
vt 0.4080 0.6800
vn -0.577 -0.669 0.468
vn -0.522 -0.699 0.489
vn -0.333 -0.772 0.541
vn 0.000 -0.819 0.574
vn 0.000 -0.819 0.574
vn 0.000 -0.819 0.574
vn 0.333 -0.772 0.541
vn 0.522 -0.699 0.489
vn 0.577 -0.669 0.468
vn -0.603 -0.619 0.503
vn -0.548 -0.649 0.528
vn -0.354 -0.726 0.590
vn 0.000 -0.776 0.631
vn 0.000 -0.776 0.631
vn 0.000 -0.776 0.631
vn 0.354 -0.726 0.590
vn 0.548 -0.649 0.528
vn 0.603 -0.619 0.503
vn -0.667 -0.444 0.599
vn -0.612 -0.471 0.635
vn -0.408 -0.544 0.733
vn 0.000 -0.596 0.803
vn 0.000 -0.596 0.803
vn 0.000 -0.596 0.803
vn 0.408 -0.544 0.733
vn 0.612 -0.471 0.635
vn 0.667 -0.444 0.599
vn -0.707 -0.123 0.696
vn -0.655 -0.131 0.744
vn -0.447 -0.155 0.881
vn 0.000 -0.174 0.985
vn 0.000 -0.174 0.985
vn 0.000 -0.174 0.985
vn 0.447 -0.155 0.881
vn 0.655 -0.131 0.744
vn 0.707 -0.123 0.696
vn -0.707 -0.123 0.696
vn -0.655 -0.131 0.744
vn -0.447 -0.155 0.881
vn 0.000 -0.174 0.985
vn 0.000 -0.174 0.985
vn 0.000 -0.174 0.985
vn 0.447 -0.155 0.881
vn 0.655 -0.131 0.744
vn 0.707 -0.123 0.696
vn -0.707 -0.123 0.696
vn -0.655 -0.131 0.744
vn -0.447 -0.155 0.881
vn 0.000 -0.174 0.985
vn 0.000 -0.174 0.985
vn 0.000 -0.174 0.985
vn 0.447 -0.155 0.881
vn 0.655 -0.131 0.744
vn 0.707 -0.123 0.696
vn -0.667 0.213 0.714
vn -0.612 0.225 0.758
vn -0.408 0.260 0.875
vn 0.000 0.285 0.958
vn 0.000 0.285 0.958
vn 0.000 0.285 0.958
vn 0.408 0.260 0.875
vn 0.612 0.225 0.758
vn 0.667 0.213 0.714
vn -0.603 0.410 0.685
vn -0.548 0.430 0.718
vn -0.354 0.480 0.803
vn 0.000 0.513 0.858
vn 0.000 0.513 0.858
vn 0.000 0.513 0.858
vn 0.354 0.480 0.803
vn 0.548 0.430 0.718
vn 0.603 0.410 0.685
vn -0.577 0.468 0.669
vn -0.522 0.489 0.699
vn -0.333 0.541 0.772
vn 0.000 0.574 0.819
vn 0.000 0.574 0.819
vn 0.000 0.574 0.819
vn 0.333 0.541 0.772
vn 0.522 0.489 0.699
vn 0.577 0.468 0.669
vn -0.577 -0.669 0.468
vn -0.522 -0.699 0.489
vn -0.333 -0.772 0.541
vn 0.000 -0.819 0.574
vn 0.000 -0.819 0.574
vn 0.000 -0.819 0.574
vn 0.333 -0.772 0.541
vn 0.522 -0.699 0.489
vn 0.577 -0.669 0.468
vn -0.603 -0.619 0.503
vn -0.548 -0.649 0.528
vn -0.354 -0.726 0.590
vn 0.000 -0.776 0.631
vn 0.000 -0.776 0.631
vn 0.000 -0.776 0.631
vn 0.354 -0.726 0.590
vn 0.548 -0.649 0.528
vn 0.603 -0.619 0.503
vn -0.667 -0.444 0.599
vn -0.612 -0.471 0.635
vn -0.408 -0.544 0.733
vn 0.000 -0.596 0.803
vn 0.000 -0.596 0.803
vn 0.000 -0.596 0.803
vn 0.408 -0.544 0.733
vn 0.612 -0.471 0.635
vn 0.667 -0.444 0.599
vn -0.707 -0.123 0.696
vn -0.655 -0.131 0.744
vn -0.447 -0.155 0.881
vn 0.000 -0.174 0.985
vn 0.000 -0.174 0.985
vn 0.000 -0.174 0.985
vn 0.447 -0.155 0.881
vn 0.655 -0.131 0.744
vn 0.707 -0.123 0.696
vn -0.707 -0.123 0.696
vn -0.655 -0.131 0.744
vn -0.447 -0.155 0.881
vn 0.000 -0.174 0.985
vn 0.000 -0.174 0.985
vn 0.000 -0.174 0.985
vn 0.447 -0.155 0.881
vn 0.655 -0.131 0.744
vn 0.707 -0.123 0.696
vn -0.707 -0.123 0.696
vn -0.655 -0.131 0.744
vn -0.447 -0.155 0.881
vn 0.000 -0.174 0.985
vn 0.000 -0.174 0.985
vn 0.000 -0.174 0.985
vn 0.447 -0.155 0.881
vn 0.655 -0.131 0.744
vn 0.707 -0.123 0.696
vn -0.667 0.213 0.714
vn -0.612 0.225 0.758
vn -0.408 0.260 0.875
vn 0.000 0.285 0.958
vn 0.000 0.285 0.958
vn 0.000 0.285 0.958
vn 0.408 0.260 0.875
vn 0.612 0.225 0.758
vn 0.667 0.213 0.714
vn -0.603 0.410 0.685
vn -0.548 0.430 0.718
vn -0.354 0.480 0.803
vn 0.000 0.513 0.858
vn 0.000 0.513 0.858
vn 0.000 0.513 0.858
vn 0.354 0.480 0.803
vn 0.548 0.430 0.718
vn 0.603 0.410 0.685
vn -0.577 0.468 0.669
vn -0.522 0.489 0.699
vn -0.333 0.541 0.772
vn 0.000 0.574 0.819
vn 0.000 0.574 0.819
vn 0.000 0.574 0.819
vn 0.333 0.541 0.772
vn 0.522 0.489 0.699
vn 0.577 0.468 0.669
v -0.3880 1.1251 0.3107
v -0.3903 1.1263 0.3037
v -0.3963 1.1270 0.2994
v -0.4037 1.1270 0.2994
v -0.4097 1.1263 0.3037
v -0.4120 1.1251 0.3107
v -0.4097 1.1238 0.3176
v -0.4037 1.1231 0.3219
v -0.3963 1.1231 0.3219
v -0.3903 1.1238 0.3176
v -0.3880 1.1251 0.3107
v -0.3880 1.1839 0.3211
v -0.3903 1.1852 0.3141
v -0.3963 1.1861 0.3098
v -0.4037 1.1862 0.3099
v -0.4097 1.1856 0.3142
v -0.4120 1.1844 0.3211
v -0.4097 1.1831 0.3281
v -0.4037 1.1823 0.3324
v -0.3963 1.1821 0.3323
v -0.3903 1.1827 0.3280
v -0.3880 1.1839 0.3211
v -0.3868 1.1955 0.3231
v -0.3890 1.1972 0.3162
v -0.3948 1.1994 0.3122
v -0.4020 1.2012 0.3125
v -0.4078 1.2019 0.3171
v -0.4100 1.2012 0.3241
v -0.4078 1.1994 0.3310
v -0.4020 1.1972 0.3350
v -0.3948 1.1955 0.3347
v -0.3890 1.1948 0.3301
v -0.3868 1.1955 0.3231
v -0.3836 1.2028 0.3244
v -0.3855 1.2053 0.3177
v -0.3905 1.2093 0.3139
v -0.3967 1.2134 0.3147
v -0.4017 1.2159 0.3195
v -0.4036 1.2159 0.3267
v -0.4017 1.2134 0.3334
v -0.3967 1.2094 0.3371
v -0.3905 1.2054 0.3364
v -0.3855 1.2028 0.3316
v -0.3836 1.2028 0.3244
v -0.3789 1.2074 0.3252
v -0.3802 1.2105 0.3186
v -0.3835 1.2162 0.3152
v -0.3877 1.2223 0.3162
v -0.3910 1.2264 0.3214
v -0.3923 1.2271 0.3287
v -0.3910 1.2240 0.3353
v -0.3877 1.2183 0.3387
v -0.3835 1.2122 0.3376
v -0.3802 1.2081 0.3325
v -0.3789 1.2074 0.3252
v -0.3715 1.2105 0.3257
v -0.3720 1.2139 0.3192
v -0.3735 1.2204 0.3159
v -0.3753 1.2275 0.3172
v -0.3768 1.2325 0.3225
v -0.3773 1.2334 0.3298
v -0.3768 1.2300 0.3363
v -0.3753 1.2235 0.3396
v -0.3735 1.2164 0.3384
v -0.3720 1.2115 0.3331
v -0.3715 1.2105 0.3257
v -0.3600 1.2117 0.3260
v -0.3600 1.2152 0.3194
v -0.3600 1.2219 0.3162
v -0.3600 1.2292 0.3174
v -0.3600 1.2343 0.3228
v -0.3600 1.2354 0.3301
v -0.3600 1.2319 0.3367
v -0.3600 1.2252 0.3399
v -0.3600 1.2179 0.3386
v -0.3600 1.2128 0.3333
v -0.3600 1.2117 0.3260
v 0.3600 1.2117 0.3260
v 0.3600 1.2152 0.3194
v 0.3600 1.2219 0.3162
v 0.3600 1.2292 0.3174
v 0.3600 1.2343 0.3228
v 0.3600 1.2354 0.3301
v 0.3600 1.2319 0.3367
v 0.3600 1.2252 0.3399
v 0.3600 1.2179 0.3386
v 0.3600 1.2128 0.3333
v 0.3600 1.2117 0.3260
v 0.3715 1.2105 0.3257
v 0.3720 1.2139 0.3192
v 0.3735 1.2204 0.3159
v 0.3753 1.2275 0.3172
v 0.3768 1.2325 0.3225
v 0.3773 1.2334 0.3298
v 0.3768 1.2300 0.3363
v 0.3753 1.2235 0.3396
v 0.3735 1.2164 0.3384
v 0.3720 1.2115 0.3331
v 0.3715 1.2105 0.3257
v 0.3789 1.2074 0.3252
v 0.3802 1.2105 0.3186
v 0.3835 1.2162 0.3152
v 0.3877 1.2223 0.3162
v 0.3910 1.2264 0.3214
v 0.3923 1.2271 0.3287
v 0.3910 1.2240 0.3353
v 0.3877 1.2183 0.3387
v 0.3835 1.2122 0.3376
v 0.3802 1.2081 0.3325
v 0.3789 1.2074 0.3252
v 0.3836 1.2028 0.3244
v 0.3855 1.2053 0.3177
v 0.3905 1.2093 0.3139
v 0.3967 1.2134 0.3147
v 0.4017 1.2159 0.3195
v 0.4036 1.2159 0.3267
v 0.4017 1.2134 0.3334
v 0.3967 1.2094 0.3371
v 0.3905 1.2054 0.3364
v 0.3855 1.2028 0.3316
v 0.3836 1.2028 0.3244
v 0.3868 1.1955 0.3231
v 0.3890 1.1972 0.3162
v 0.3948 1.1994 0.3122
v 0.4020 1.2012 0.3125
v 0.4078 1.2019 0.3171
v 0.4100 1.2012 0.3241
v 0.4078 1.1994 0.3310
v 0.4020 1.1972 0.3350
v 0.3948 1.1955 0.3347
v 0.3890 1.1948 0.3301
v 0.3868 1.1955 0.3231
v 0.3880 1.1839 0.3211
v 0.3903 1.1852 0.3141
v 0.3963 1.1861 0.3098
v 0.4037 1.1862 0.3099
v 0.4097 1.1856 0.3142
v 0.4120 1.1844 0.3211
v 0.4097 1.1831 0.3281
v 0.4037 1.1823 0.3324
v 0.3963 1.1821 0.3323
v 0.3903 1.1827 0.3280
v 0.3880 1.1839 0.3211
v 0.3880 1.1251 0.3107
v 0.3903 1.1263 0.3037
v 0.3963 1.1270 0.2994
v 0.4037 1.1270 0.2994
v 0.4097 1.1263 0.3037
v 0.4120 1.1251 0.3107
v 0.4097 1.1238 0.3176
v 0.4037 1.1231 0.3219
v 0.3963 1.1231 0.3219
v 0.3903 1.1238 0.3176
v 0.3880 1.1251 0.3107
v -0.4000 1.1251 0.3107
v -0.3880 1.1251 0.3107
v -0.3903 1.1263 0.3037
v -0.3963 1.1270 0.2994
v -0.4037 1.1270 0.2994
v -0.4097 1.1263 0.3037
v -0.4120 1.1251 0.3107
v -0.4097 1.1238 0.3176
v -0.4037 1.1231 0.3219
v -0.3963 1.1231 0.3219
v -0.3903 1.1238 0.3176
v 0.4000 1.1251 0.3107
v 0.3880 1.1251 0.3107
v 0.3903 1.1263 0.3037
v 0.3963 1.1270 0.2994
v 0.4037 1.1270 0.2994
v 0.4097 1.1263 0.3037
v 0.4120 1.1251 0.3107
v 0.4097 1.1238 0.3176
v 0.4037 1.1231 0.3219
v 0.3963 1.1231 0.3219
v 0.3903 1.1238 0.3176
v -0.1484 0.8179 0.3160
v -0.1473 0.8176 0.3113
v -0.1473 0.8192 0.3024
v -0.1484 0.8210 0.2981
v -0.1473 0.8222 0.3179
v -0.1450 0.8232 0.3123
v -0.1450 0.8248 0.3034
v -0.1473 0.8257 0.2979
v -0.1473 0.8557 0.3238
v -0.1450 0.8567 0.3182
v -0.1450 0.8582 0.3093
v -0.1473 0.8592 0.3038
v -0.1484 0.8604 0.3235
v -0.1473 0.8623 0.3192
v -0.1473 0.8638 0.3103
v -0.1484 0.8636 0.3056
v -0.2716 0.8210 0.2981
v -0.2727 0.8192 0.3024
v -0.2727 0.8176 0.3113
v -0.2716 0.8179 0.3160
v -0.2727 0.8257 0.2979
v -0.2750 0.8248 0.3034
v -0.2750 0.8232 0.3123
v -0.2727 0.8222 0.3179
v -0.2727 0.8592 0.3038
v -0.2750 0.8582 0.3093
v -0.2750 0.8567 0.3182
v -0.2727 0.8557 0.3238
v -0.2716 0.8636 0.3056
v -0.2727 0.8638 0.3103
v -0.2727 0.8623 0.3192
v -0.2716 0.8604 0.3235
v -0.2716 0.8604 0.3235
v -0.2670 0.8613 0.3247
v -0.1530 0.8613 0.3247
v -0.1484 0.8604 0.3235
v -0.2727 0.8623 0.3192
v -0.2670 0.8646 0.3196
v -0.1530 0.8646 0.3196
v -0.1473 0.8623 0.3192
v -0.2727 0.8638 0.3103
v -0.2670 0.8661 0.3107
v -0.1530 0.8661 0.3107
v -0.1473 0.8638 0.3103
v -0.2716 0.8636 0.3056
v -0.2670 0.8648 0.3047
v -0.1530 0.8648 0.3047
v -0.1484 0.8636 0.3056
v -0.2716 0.8210 0.2981
v -0.2670 0.8202 0.2969
v -0.1530 0.8202 0.2969
v -0.1484 0.8210 0.2981
v -0.2727 0.8192 0.3024
v -0.2670 0.8169 0.3020
v -0.1530 0.8169 0.3020
v -0.1473 0.8192 0.3024
v -0.2727 0.8176 0.3113
v -0.2670 0.8153 0.3109
v -0.1530 0.8153 0.3109
v -0.1473 0.8176 0.3113
v -0.2716 0.8179 0.3160
v -0.2670 0.8166 0.3169
v -0.1530 0.8166 0.3169
v -0.1484 0.8179 0.3160
v -0.2716 0.8179 0.3160
v -0.2670 0.8166 0.3169
v -0.1530 0.8166 0.3169
v -0.1484 0.8179 0.3160
v -0.2727 0.8222 0.3179
v -0.2670 0.8218 0.3202
v -0.1530 0.8218 0.3202
v -0.1473 0.8222 0.3179
v -0.2727 0.8557 0.3238
v -0.2670 0.8553 0.3261
v -0.1530 0.8553 0.3261
v -0.1473 0.8557 0.3238
v -0.2716 0.8604 0.3235
v -0.2670 0.8613 0.3247
v -0.1530 0.8613 0.3247
v -0.1484 0.8604 0.3235
v -0.1484 0.8210 0.2981
v -0.1530 0.8202 0.2969
v -0.2670 0.8202 0.2969
v -0.2716 0.8210 0.2981
v -0.1473 0.8257 0.2979
v -0.1530 0.8262 0.2955
v -0.2670 0.8262 0.2955
v -0.2727 0.8257 0.2979
v -0.1473 0.8592 0.3038
v -0.1530 0.8596 0.3014
v -0.2670 0.8596 0.3014
v -0.2727 0.8592 0.3038
v -0.1484 0.8636 0.3056
v -0.1530 0.8648 0.3047
v -0.2670 0.8648 0.3047
v -0.2716 0.8636 0.3056
vt 0.0000 0.0000
vt 0.0000 0.0075
vt 0.0000 0.0151
vt 0.0000 0.0226
vt 0.0000 0.0302
vt 0.0000 0.0377
vt 0.0000 0.0452
vt 0.0000 0.0528
vt 0.0000 0.0603
vt 0.0000 0.0679
vt 0.0000 0.0754
vt 0.0600 0.0000
vt 0.0600 0.0075
vt 0.0600 0.0151
vt 0.0600 0.0226
vt 0.0600 0.0302
vt 0.0600 0.0377
vt 0.0600 0.0452
vt 0.0600 0.0528
vt 0.0600 0.0603
vt 0.0600 0.0679
vt 0.0600 0.0754
vt 0.0745 0.0000
vt 0.0745 0.0075
vt 0.0745 0.0151
vt 0.0745 0.0226
vt 0.0745 0.0302
vt 0.0745 0.0377
vt 0.0745 0.0452
vt 0.0745 0.0528
vt 0.0745 0.0603
vt 0.0745 0.0679
vt 0.0745 0.0754
vt 0.0867 0.0000
vt 0.0867 0.0075
vt 0.0867 0.0151
vt 0.0867 0.0226
vt 0.0867 0.0302
vt 0.0867 0.0377
vt 0.0867 0.0452
vt 0.0867 0.0528
vt 0.0867 0.0603
vt 0.0867 0.0679
vt 0.0867 0.0754
vt 0.0980 0.0000
vt 0.0980 0.0075
vt 0.0980 0.0151
vt 0.0980 0.0226
vt 0.0980 0.0302
vt 0.0980 0.0377
vt 0.0980 0.0452
vt 0.0980 0.0528
vt 0.0980 0.0603
vt 0.0980 0.0679
vt 0.0980 0.0754
vt 0.1102 0.0000
vt 0.1102 0.0075
vt 0.1102 0.0151
vt 0.1102 0.0226
vt 0.1102 0.0302
vt 0.1102 0.0377
vt 0.1102 0.0452
vt 0.1102 0.0528
vt 0.1102 0.0603
vt 0.1102 0.0679
vt 0.1102 0.0754
vt 0.1247 0.0000
vt 0.1247 0.0075
vt 0.1247 0.0151
vt 0.1247 0.0226
vt 0.1247 0.0302
vt 0.1247 0.0377
vt 0.1247 0.0452
vt 0.1247 0.0528
vt 0.1247 0.0603
vt 0.1247 0.0679
vt 0.1247 0.0754
vt 0.8447 0.0000
vt 0.8447 0.0075
vt 0.8447 0.0151
vt 0.8447 0.0226
vt 0.8447 0.0302
vt 0.8447 0.0377
vt 0.8447 0.0452
vt 0.8447 0.0528
vt 0.8447 0.0603
vt 0.8447 0.0679
vt 0.8447 0.0754
vt 0.8592 0.0000
vt 0.8592 0.0075
vt 0.8592 0.0151
vt 0.8592 0.0226
vt 0.8592 0.0302
vt 0.8592 0.0377
vt 0.8592 0.0452
vt 0.8592 0.0528
vt 0.8592 0.0603
vt 0.8592 0.0679
vt 0.8592 0.0754
vt 0.8713 0.0000
vt 0.8713 0.0075
vt 0.8713 0.0151
vt 0.8713 0.0226
vt 0.8713 0.0302
vt 0.8713 0.0377
vt 0.8713 0.0452
vt 0.8713 0.0528
vt 0.8713 0.0603
vt 0.8713 0.0679
vt 0.8713 0.0754
vt 0.8826 0.0000
vt 0.8826 0.0075
vt 0.8826 0.0151
vt 0.8826 0.0226
vt 0.8826 0.0302
vt 0.8826 0.0377
vt 0.8826 0.0452
vt 0.8826 0.0528
vt 0.8826 0.0603
vt 0.8826 0.0679
vt 0.8826 0.0754
vt 0.8948 0.0000
vt 0.8948 0.0075
vt 0.8948 0.0151
vt 0.8948 0.0226
vt 0.8948 0.0302
vt 0.8948 0.0377
vt 0.8948 0.0452
vt 0.8948 0.0528
vt 0.8948 0.0603
vt 0.8948 0.0679
vt 0.8948 0.0754
vt 0.9093 0.0000
vt 0.9093 0.0075
vt 0.9093 0.0151
vt 0.9093 0.0226
vt 0.9093 0.0302
vt 0.9093 0.0377
vt 0.9093 0.0452
vt 0.9093 0.0528
vt 0.9093 0.0603
vt 0.9093 0.0679
vt 0.9093 0.0754
vt 0.9693 0.0000
vt 0.9693 0.0075
vt 0.9693 0.0151
vt 0.9693 0.0226
vt 0.9693 0.0302
vt 0.9693 0.0377
vt 0.9693 0.0452
vt 0.9693 0.0528
vt 0.9693 0.0603
vt 0.9693 0.0679
vt 0.9693 0.0754
vt 0.0000 0.0000
vt 0.0120 0.0000
vt 0.0097 0.0071
vt 0.0037 0.0114
vt -0.0037 0.0114
vt -0.0097 0.0071
vt -0.0120 0.0000
vt -0.0097 -0.0071
vt -0.0037 -0.0114
vt 0.0037 -0.0114
vt 0.0097 -0.0071
vt 0.0000 0.0000
vt 0.0120 0.0000
vt 0.0097 0.0071
vt 0.0037 0.0114
vt -0.0037 0.0114
vt -0.0097 0.0071
vt -0.0120 0.0000
vt -0.0097 -0.0071
vt -0.0037 -0.0114
vt 0.0037 -0.0114
vt 0.0097 -0.0071
vt 0.0000 0.0000
vt 0.0080 0.0000
vt 0.0170 0.0000
vt 0.0250 0.0000
vt 0.0000 0.0080
vt 0.0080 0.0080
vt 0.0170 0.0080
vt 0.0250 0.0080
vt 0.0000 0.0420
vt 0.0080 0.0420
vt 0.0170 0.0420
vt 0.0250 0.0420
vt 0.0000 0.0500
vt 0.0080 0.0500
vt 0.0170 0.0500
vt 0.0250 0.0500
vt 0.0000 0.0000
vt 0.0080 0.0000
vt 0.0170 0.0000
vt 0.0250 0.0000
vt 0.0000 0.0080
vt 0.0080 0.0080
vt 0.0170 0.0080
vt 0.0250 0.0080
vt 0.0000 0.0420
vt 0.0080 0.0420
vt 0.0170 0.0420
vt 0.0250 0.0420
vt 0.0000 0.0500
vt 0.0080 0.0500
vt 0.0170 0.0500
vt 0.0250 0.0500
vt 0.0000 0.0000
vt 0.0080 0.0000
vt 0.1220 0.0000
vt 0.1300 0.0000
vt 0.0000 0.0080
vt 0.0080 0.0080
vt 0.1220 0.0080
vt 0.1300 0.0080
vt 0.0000 0.0170
vt 0.0080 0.0170
vt 0.1220 0.0170
vt 0.1300 0.0170
vt 0.0000 0.0250
vt 0.0080 0.0250
vt 0.1220 0.0250
vt 0.1300 0.0250
vt 0.0000 0.0000
vt 0.0080 0.0000
vt 0.1220 0.0000
vt 0.1300 0.0000
vt 0.0000 0.0080
vt 0.0080 0.0080
vt 0.1220 0.0080
vt 0.1300 0.0080
vt 0.0000 0.0170
vt 0.0080 0.0170
vt 0.1220 0.0170
vt 0.1300 0.0170
vt 0.0000 0.0250
vt 0.0080 0.0250
vt 0.1220 0.0250
vt 0.1300 0.0250
vt 0.0000 0.0000
vt 0.0080 0.0000
vt 0.1220 0.0000
vt 0.1300 0.0000
vt 0.0000 0.0080
vt 0.0080 0.0080
vt 0.1220 0.0080
vt 0.1300 0.0080
vt 0.0000 0.0420
vt 0.0080 0.0420
vt 0.1220 0.0420
vt 0.1300 0.0420
vt 0.0000 0.0500
vt 0.0080 0.0500
vt 0.1220 0.0500
vt 0.1300 0.0500
vt 0.0000 0.0000
vt 0.0080 0.0000
vt 0.1220 0.0000
vt 0.1300 0.0000
vt 0.0000 0.0080
vt 0.0080 0.0080
vt 0.1220 0.0080
vt 0.1300 0.0080
vt 0.0000 0.0420
vt 0.0080 0.0420
vt 0.1220 0.0420
vt 0.1300 0.0420
vt 0.0000 0.0500
vt 0.0080 0.0500
vt 0.1220 0.0500
vt 0.1300 0.0500
vn 1.000 0.000 0.000
vn 0.809 0.102 -0.579
vn 0.309 0.165 -0.937
vn -0.309 0.165 -0.937
vn -0.809 0.102 -0.579
vn -1.000 0.000 -0.000
vn -0.809 -0.102 0.579
vn -0.309 -0.165 0.937
vn 0.309 -0.165 0.937
vn 0.809 -0.102 0.579
vn 1.000 -0.000 0.000
vn 1.000 -0.021 -0.004
vn 0.809 0.085 -0.582
vn 0.309 0.159 -0.938
vn -0.309 0.172 -0.935
vn -0.809 0.119 -0.576
vn -1.000 0.021 0.004
vn -0.809 -0.085 0.582
vn -0.309 -0.159 0.938
vn 0.309 -0.172 0.935
vn 0.809 -0.119 0.576
vn 1.000 -0.021 -0.004
vn 0.970 -0.239 -0.042
vn 0.785 -0.091 -0.613
vn 0.300 0.091 -0.950
vn -0.300 0.239 -0.924
vn -0.785 0.295 -0.545
vn -0.970 0.239 0.042
vn -0.785 0.091 0.613
vn -0.300 -0.091 0.950
vn 0.300 -0.239 0.924
vn 0.785 -0.295 0.545
vn 0.970 -0.239 -0.042
vn 0.832 -0.546 -0.096
vn 0.673 -0.340 -0.657
vn 0.257 -0.004 -0.966
vn -0.257 0.334 -0.907
vn -0.673 0.544 -0.501
vn -0.832 0.546 0.096
vn -0.673 0.340 0.657
vn -0.257 0.004 0.966
vn 0.257 -0.334 0.907
vn 0.673 -0.544 0.501
vn 0.832 -0.546 -0.096
vn 0.555 -0.819 -0.144
vn 0.449 -0.561 -0.696
vn 0.171 -0.088 -0.981
vn -0.171 0.418 -0.892
vn -0.449 0.765 -0.462
vn -0.555 0.819 0.144
vn -0.449 0.561 0.696
vn -0.171 0.088 0.981
vn 0.171 -0.418 0.892
vn 0.449 -0.765 0.462
vn 0.555 -0.819 -0.144
vn 0.243 -0.955 -0.168
vn 0.196 -0.671 -0.715
vn 0.075 -0.130 -0.989
vn -0.075 0.460 -0.885
vn -0.196 0.875 -0.443
vn -0.243 0.955 0.168
vn -0.196 0.671 0.715
vn -0.075 0.130 0.989
vn 0.075 -0.460 0.885
vn 0.196 -0.875 0.443
vn 0.243 -0.955 -0.168
vn 0.002 -0.985 -0.174
vn 0.002 -0.695 -0.719
vn 0.001 -0.139 -0.990
vn -0.001 0.469 -0.883
vn -0.002 0.899 -0.438
vn -0.002 0.985 0.174
vn -0.002 0.695 0.719
vn -0.001 0.139 0.990
vn 0.001 -0.469 0.883
vn 0.002 -0.899 0.438
vn 0.002 -0.985 -0.174
vn -0.002 -0.985 -0.174
vn -0.002 -0.695 -0.719
vn -0.001 -0.139 -0.990
vn 0.001 0.469 -0.883
vn 0.002 0.899 -0.438
vn 0.002 0.985 0.174
vn 0.002 0.695 0.719
vn 0.001 0.139 0.990
vn -0.001 -0.469 0.883
vn -0.002 -0.899 0.438
vn -0.002 -0.985 -0.174
vn -0.243 -0.955 -0.168
vn -0.196 -0.671 -0.715
vn -0.075 -0.130 -0.989
vn 0.075 0.460 -0.885
vn 0.196 0.875 -0.443
vn 0.243 0.955 0.168
vn 0.196 0.671 0.715
vn 0.075 0.130 0.989
vn -0.075 -0.460 0.885
vn -0.196 -0.875 0.443
vn -0.243 -0.955 -0.168
vn -0.555 -0.819 -0.144
vn -0.449 -0.561 -0.696
vn -0.171 -0.088 -0.981
vn 0.171 0.418 -0.892
vn 0.449 0.765 -0.462
vn 0.555 0.819 0.144
vn 0.449 0.561 0.696
vn 0.171 0.088 0.981
vn -0.171 -0.418 0.892
vn -0.449 -0.765 0.462
vn -0.555 -0.819 -0.144
vn -0.832 -0.546 -0.096
vn -0.673 -0.340 -0.657
vn -0.257 -0.004 -0.966
vn 0.257 0.334 -0.907
vn 0.673 0.544 -0.501
vn 0.832 0.546 0.096
vn 0.673 0.340 0.657
vn 0.257 0.004 0.966
vn -0.257 -0.334 0.907
vn -0.673 -0.544 0.501
vn -0.832 -0.546 -0.096
vn -0.970 -0.239 -0.042
vn -0.785 -0.091 -0.613
vn -0.300 0.091 -0.950
vn 0.300 0.239 -0.924
vn 0.785 0.295 -0.545
vn 0.970 0.239 0.042
vn 0.785 0.091 0.613
vn 0.300 -0.091 0.950
vn -0.300 -0.239 0.924
vn -0.785 -0.295 0.545
vn -0.970 -0.239 -0.042
vn -1.000 -0.021 -0.004
vn -0.809 0.085 -0.582
vn -0.309 0.159 -0.938
vn 0.309 0.172 -0.935
vn 0.809 0.119 -0.576
vn 1.000 0.021 0.004
vn 0.809 -0.085 0.582
vn 0.309 -0.159 0.938
vn -0.309 -0.172 0.935
vn -0.809 -0.119 0.576
vn -1.000 -0.021 -0.004
vn -1.000 -0.000 0.000
vn -0.809 0.102 -0.579
vn -0.309 0.165 -0.937
vn 0.309 0.165 -0.937
vn 0.809 0.102 -0.579
vn 1.000 0.000 -0.000
vn 0.809 -0.102 0.579
vn 0.309 -0.165 0.937
vn -0.309 -0.165 0.937
vn -0.809 -0.102 0.579
vn -1.000 -0.000 0.000
vn 0.000 -0.985 -0.174
vn 0.000 -0.985 -0.174
vn 0.000 -0.985 -0.174
vn 0.000 -0.985 -0.174
vn 0.000 -0.985 -0.174
vn 0.000 -0.985 -0.174
vn 0.000 -0.985 -0.174
vn 0.000 -0.985 -0.174
vn 0.000 -0.985 -0.174
vn 0.000 -0.985 -0.174
vn 0.000 -0.985 -0.174
vn 0.000 -0.985 -0.174
vn 0.000 -0.985 -0.174
vn 0.000 -0.985 -0.174
vn 0.000 -0.985 -0.174
vn 0.000 -0.985 -0.174
vn 0.000 -0.985 -0.174
vn 0.000 -0.985 -0.174
vn 0.000 -0.985 -0.174
vn 0.000 -0.985 -0.174
vn 0.000 -0.985 -0.174
vn 0.000 -0.985 -0.174
vn 0.577 -0.669 0.468
vn 0.707 -0.696 -0.123
vn 0.707 -0.696 -0.123
vn 0.577 -0.468 -0.669
vn 0.707 -0.123 0.696
vn 1.000 0.000 0.000
vn 1.000 0.000 0.000
vn 0.707 0.123 -0.696
vn 0.707 -0.123 0.696
vn 1.000 0.000 0.000
vn 1.000 0.000 0.000
vn 0.707 0.123 -0.696
vn 0.577 0.468 0.669
vn 0.707 0.696 0.123
vn 0.707 0.696 0.123
vn 0.577 0.669 -0.468
vn -0.577 -0.468 -0.669
vn -0.707 -0.696 -0.123
vn -0.707 -0.696 -0.123
vn -0.577 -0.669 0.468
vn -0.707 0.123 -0.696
vn -1.000 0.000 0.000
vn -1.000 0.000 0.000
vn -0.707 -0.123 0.696
vn -0.707 0.123 -0.696
vn -1.000 0.000 0.000
vn -1.000 0.000 0.000
vn -0.707 -0.123 0.696
vn -0.577 0.669 -0.468
vn -0.707 0.696 0.123
vn -0.707 0.696 0.123
vn -0.577 0.468 0.669
vn -0.577 0.468 0.669
vn 0.000 0.574 0.819
vn 0.000 0.574 0.819
vn 0.577 0.468 0.669
vn -0.707 0.696 0.123
vn 0.000 0.985 0.174
vn 0.000 0.985 0.174
vn 0.707 0.696 0.123
vn -0.707 0.696 0.123
vn 0.000 0.985 0.174
vn 0.000 0.985 0.174
vn 0.707 0.696 0.123
vn -0.577 0.669 -0.468
vn 0.000 0.819 -0.574
vn 0.000 0.819 -0.574
vn 0.577 0.669 -0.468
vn -0.577 -0.468 -0.669
vn 0.000 -0.574 -0.819
vn 0.000 -0.574 -0.819
vn 0.577 -0.468 -0.669
vn -0.707 -0.696 -0.123
vn 0.000 -0.985 -0.174
vn 0.000 -0.985 -0.174
vn 0.707 -0.696 -0.123
vn -0.707 -0.696 -0.123
vn 0.000 -0.985 -0.174
vn 0.000 -0.985 -0.174
vn 0.707 -0.696 -0.123
vn -0.577 -0.669 0.468
vn 0.000 -0.819 0.574
vn 0.000 -0.819 0.574
vn 0.577 -0.669 0.468
vn -0.577 -0.669 0.468
vn 0.000 -0.819 0.574
vn 0.000 -0.819 0.574
vn 0.577 -0.669 0.468
vn -0.707 -0.123 0.696
vn 0.000 -0.174 0.985
vn 0.000 -0.174 0.985
vn 0.707 -0.123 0.696
vn -0.707 -0.123 0.696
vn 0.000 -0.174 0.985
vn 0.000 -0.174 0.985
vn 0.707 -0.123 0.696
vn -0.577 0.468 0.669
vn 0.000 0.574 0.819
vn 0.000 0.574 0.819
vn 0.577 0.468 0.669
vn 0.577 -0.468 -0.669
vn 0.000 -0.574 -0.819
vn 0.000 -0.574 -0.819
vn -0.577 -0.468 -0.669
vn 0.707 0.123 -0.696
vn 0.000 0.174 -0.985
vn 0.000 0.174 -0.985
vn -0.707 0.123 -0.696
vn 0.707 0.123 -0.696
vn 0.000 0.174 -0.985
vn 0.000 0.174 -0.985
vn -0.707 0.123 -0.696
vn 0.577 0.669 -0.468
vn 0.000 0.819 -0.574
vn 0.000 0.819 -0.574
vn -0.577 0.669 -0.468
usemtl vinyl
f 1/1/1 2/2/2 11/11/11
f 1/1/1 11/11/11 10/10/10
f 2/2/2 3/3/3 12/12/12
f 2/2/2 12/12/12 11/11/11
f 3/3/3 4/4/4 13/13/13
f 3/3/3 13/13/13 12/12/12
f 4/4/4 5/5/5 14/14/14
f 4/4/4 14/14/14 13/13/13
f 5/5/5 6/6/6 15/15/15
f 5/5/5 15/15/15 14/14/14
f 6/6/6 7/7/7 16/16/16
f 6/6/6 16/16/16 15/15/15
f 7/7/7 8/8/8 17/17/17
f 7/7/7 17/17/17 16/16/16
f 8/8/8 9/9/9 18/18/18
f 8/8/8 18/18/18 17/17/17
f 10/10/10 11/11/11 20/20/20
f 10/10/10 20/20/20 19/19/19
f 11/11/11 12/12/12 21/21/21
f 11/11/11 21/21/21 20/20/20
f 12/12/12 13/13/13 22/22/22
f 12/12/12 22/22/22 21/21/21
f 13/13/13 14/14/14 23/23/23
f 13/13/13 23/23/23 22/22/22
f 14/14/14 15/15/15 24/24/24
f 14/14/14 24/24/24 23/23/23
f 15/15/15 16/16/16 25/25/25
f 15/15/15 25/25/25 24/24/24
f 16/16/16 17/17/17 26/26/26
f 16/16/16 26/26/26 25/25/25
f 17/17/17 18/18/18 27/27/27
f 17/17/17 27/27/27 26/26/26
f 19/19/19 20/20/20 29/29/29
f 19/19/19 29/29/29 28/28/28
f 20/20/20 21/21/21 30/30/30
f 20/20/20 30/30/30 29/29/29
f 21/21/21 22/22/22 31/31/31
f 21/21/21 31/31/31 30/30/30
f 22/22/22 23/23/23 32/32/32
f 22/22/22 32/32/32 31/31/31
f 23/23/23 24/24/24 33/33/33
f 23/23/23 33/33/33 32/32/32
f 24/24/24 25/25/25 34/34/34
f 24/24/24 34/34/34 33/33/33
f 25/25/25 26/26/26 35/35/35
f 25/25/25 35/35/35 34/34/34
f 26/26/26 27/27/27 36/36/36
f 26/26/26 36/36/36 35/35/35
f 28/28/28 29/29/29 38/38/38
f 28/28/28 38/38/38 37/37/37
f 29/29/29 30/30/30 39/39/39
f 29/29/29 39/39/39 38/38/38
f 30/30/30 31/31/31 40/40/40
f 30/30/30 40/40/40 39/39/39
f 31/31/31 32/32/32 41/41/41
f 31/31/31 41/41/41 40/40/40
f 32/32/32 33/33/33 42/42/42
f 32/32/32 42/42/42 41/41/41
f 33/33/33 34/34/34 43/43/43
f 33/33/33 43/43/43 42/42/42
f 34/34/34 35/35/35 44/44/44
f 34/34/34 44/44/44 43/43/43
f 35/35/35 36/36/36 45/45/45
f 35/35/35 45/45/45 44/44/44
f 37/37/37 38/38/38 47/47/47
f 37/37/37 47/47/47 46/46/46
f 38/38/38 39/39/39 48/48/48
f 38/38/38 48/48/48 47/47/47
f 39/39/39 40/40/40 49/49/49
f 39/39/39 49/49/49 48/48/48
f 40/40/40 41/41/41 50/50/50
f 40/40/40 50/50/50 49/49/49
f 41/41/41 42/42/42 51/51/51
f 41/41/41 51/51/51 50/50/50
f 42/42/42 43/43/43 52/52/52
f 42/42/42 52/52/52 51/51/51
f 43/43/43 44/44/44 53/53/53
f 43/43/43 53/53/53 52/52/52
f 44/44/44 45/45/45 54/54/54
f 44/44/44 54/54/54 53/53/53
f 46/46/46 47/47/47 56/56/56
f 46/46/46 56/56/56 55/55/55
f 47/47/47 48/48/48 57/57/57
f 47/47/47 57/57/57 56/56/56
f 48/48/48 49/49/49 58/58/58
f 48/48/48 58/58/58 57/57/57
f 49/49/49 50/50/50 59/59/59
f 49/49/49 59/59/59 58/58/58
f 50/50/50 51/51/51 60/60/60
f 50/50/50 60/60/60 59/59/59
f 51/51/51 52/52/52 61/61/61
f 51/51/51 61/61/61 60/60/60
f 52/52/52 53/53/53 62/62/62
f 52/52/52 62/62/62 61/61/61
f 53/53/53 54/54/54 63/63/63
f 53/53/53 63/63/63 62/62/62
f 55/55/55 56/56/56 65/65/65
f 55/55/55 65/65/65 64/64/64
f 56/56/56 57/57/57 66/66/66
f 56/56/56 66/66/66 65/65/65
f 57/57/57 58/58/58 67/67/67
f 57/57/57 67/67/67 66/66/66
f 58/58/58 59/59/59 68/68/68
f 58/58/58 68/68/68 67/67/67
f 59/59/59 60/60/60 69/69/69
f 59/59/59 69/69/69 68/68/68
f 60/60/60 61/61/61 70/70/70
f 60/60/60 70/70/70 69/69/69
f 61/61/61 62/62/62 71/71/71
f 61/61/61 71/71/71 70/70/70
f 62/62/62 63/63/63 72/72/72
f 62/62/62 72/72/72 71/71/71
f 64/64/64 65/65/65 74/74/74
f 64/64/64 74/74/74 73/73/73
f 65/65/65 66/66/66 75/75/75
f 65/65/65 75/75/75 74/74/74
f 66/66/66 67/67/67 76/76/76
f 66/66/66 76/76/76 75/75/75
f 67/67/67 68/68/68 77/77/77
f 67/67/67 77/77/77 76/76/76
f 68/68/68 69/69/69 78/78/78
f 68/68/68 78/78/78 77/77/77
f 69/69/69 70/70/70 79/79/79
f 69/69/69 79/79/79 78/78/78
f 70/70/70 71/71/71 80/80/80
f 70/70/70 80/80/80 79/79/79
f 71/71/71 72/72/72 81/81/81
f 71/71/71 81/81/81 80/80/80
f 82/82/82 83/83/83 92/92/92
f 82/82/82 92/92/92 91/91/91
f 83/83/83 84/84/84 93/93/93
f 83/83/83 93/93/93 92/92/92
f 84/84/84 85/85/85 94/94/94
f 84/84/84 94/94/94 93/93/93
f 85/85/85 86/86/86 95/95/95
f 85/85/85 95/95/95 94/94/94
f 86/86/86 87/87/87 96/96/96
f 86/86/86 96/96/96 95/95/95
f 87/87/87 88/88/88 97/97/97
f 87/87/87 97/97/97 96/96/96
f 88/88/88 89/89/89 98/98/98
f 88/88/88 98/98/98 97/97/97
f 89/89/89 90/90/90 99/99/99
f 89/89/89 99/99/99 98/98/98
f 91/91/91 92/92/92 101/101/101
f 91/91/91 101/101/101 100/100/100
f 92/92/92 93/93/93 102/102/102
f 92/92/92 102/102/102 101/101/101
f 93/93/93 94/94/94 103/103/103
f 93/93/93 103/103/103 102/102/102
f 94/94/94 95/95/95 104/104/104
f 94/94/94 104/104/104 103/103/103
f 95/95/95 96/96/96 105/105/105
f 95/95/95 105/105/105 104/104/104
f 96/96/96 97/97/97 106/106/106
f 96/96/96 106/106/106 105/105/105
f 97/97/97 98/98/98 107/107/107
f 97/97/97 107/107/107 106/106/106
f 98/98/98 99/99/99 108/108/108
f 98/98/98 108/108/108 107/107/107
f 100/100/100 101/101/101 110/110/110
f 100/100/100 110/110/110 109/109/109
f 101/101/101 102/102/102 111/111/111
f 101/101/101 111/111/111 110/110/110
f 102/102/102 103/103/103 112/112/112
f 102/102/102 112/112/112 111/111/111
f 103/103/103 104/104/104 113/113/113
f 103/103/103 113/113/113 112/112/112
f 104/104/104 105/105/105 114/114/114
f 104/104/104 114/114/114 113/113/113
f 105/105/105 106/106/106 115/115/115
f 105/105/105 115/115/115 114/114/114
f 106/106/106 107/107/107 116/116/116
f 106/106/106 116/116/116 115/115/115
f 107/107/107 108/108/108 117/117/117
f 107/107/107 117/117/117 116/116/116
f 109/109/109 110/110/110 119/119/119
f 109/109/109 119/119/119 118/118/118
f 110/110/110 111/111/111 120/120/120
f 110/110/110 120/120/120 119/119/119
f 111/111/111 112/112/112 121/121/121
f 111/111/111 121/121/121 120/120/120
f 112/112/112 113/113/113 122/122/122
f 112/112/112 122/122/122 121/121/121
f 113/113/113 114/114/114 123/123/123
f 113/113/113 123/123/123 122/122/122
f 114/114/114 115/115/115 124/124/124
f 114/114/114 124/124/124 123/123/123
f 115/115/115 116/116/116 125/125/125
f 115/115/115 125/125/125 124/124/124
f 116/116/116 117/117/117 126/126/126
f 116/116/116 126/126/126 125/125/125
f 118/118/118 119/119/119 128/128/128
f 118/118/118 128/128/128 127/127/127
f 119/119/119 120/120/120 129/129/129
f 119/119/119 129/129/129 128/128/128
f 120/120/120 121/121/121 130/130/130
f 120/120/120 130/130/130 129/129/129
f 121/121/121 122/122/122 131/131/131
f 121/121/121 131/131/131 130/130/130
f 122/122/122 123/123/123 132/132/132
f 122/122/122 132/132/132 131/131/131
f 123/123/123 124/124/124 133/133/133
f 123/123/123 133/133/133 132/132/132
f 124/124/124 125/125/125 134/134/134
f 124/124/124 134/134/134 133/133/133
f 125/125/125 126/126/126 135/135/135
f 125/125/125 135/135/135 134/134/134
f 127/127/127 128/128/128 137/137/137
f 127/127/127 137/137/137 136/136/136
f 128/128/128 129/129/129 138/138/138
f 128/128/128 138/138/138 137/137/137
f 129/129/129 130/130/130 139/139/139
f 129/129/129 139/139/139 138/138/138
f 130/130/130 131/131/131 140/140/140
f 130/130/130 140/140/140 139/139/139
f 131/131/131 132/132/132 141/141/141
f 131/131/131 141/141/141 140/140/140
f 132/132/132 133/133/133 142/142/142
f 132/132/132 142/142/142 141/141/141
f 133/133/133 134/134/134 143/143/143
f 133/133/133 143/143/143 142/142/142
f 134/134/134 135/135/135 144/144/144
f 134/134/134 144/144/144 143/143/143
f 136/136/136 137/137/137 146/146/146
f 136/136/136 146/146/146 145/145/145
f 137/137/137 138/138/138 147/147/147
f 137/137/137 147/147/147 146/146/146
f 138/138/138 139/139/139 148/148/148
f 138/138/138 148/148/148 147/147/147
f 139/139/139 140/140/140 149/149/149
f 139/139/139 149/149/149 148/148/148
f 140/140/140 141/141/141 150/150/150
f 140/140/140 150/150/150 149/149/149
f 141/141/141 142/142/142 151/151/151
f 141/141/141 151/151/151 150/150/150
f 142/142/142 143/143/143 152/152/152
f 142/142/142 152/152/152 151/151/151
f 143/143/143 144/144/144 153/153/153
f 143/143/143 153/153/153 152/152/152
f 145/145/145 146/146/146 155/155/155
f 145/145/145 155/155/155 154/154/154
f 146/146/146 147/147/147 156/156/156
f 146/146/146 156/156/156 155/155/155
f 147/147/147 148/148/148 157/157/157
f 147/147/147 157/157/157 156/156/156
f 148/148/148 149/149/149 158/158/158
f 148/148/148 158/158/158 157/157/157
f 149/149/149 150/150/150 159/159/159
f 149/149/149 159/159/159 158/158/158
f 150/150/150 151/151/151 160/160/160
f 150/150/150 160/160/160 159/159/159
f 151/151/151 152/152/152 161/161/161
f 151/151/151 161/161/161 160/160/160
f 152/152/152 153/153/153 162/162/162
f 152/152/152 162/162/162 161/161/161
f 163/163/163 164/164/164 173/173/173
f 163/163/163 173/173/173 172/172/172
f 164/164/164 165/165/165 174/174/174
f 164/164/164 174/174/174 173/173/173
f 165/165/165 166/166/166 175/175/175
f 165/165/165 175/175/175 174/174/174
f 166/166/166 167/167/167 176/176/176
f 166/166/166 176/176/176 175/175/175
f 167/167/167 168/168/168 177/177/177
f 167/167/167 177/177/177 176/176/176
f 168/168/168 169/169/169 178/178/178
f 168/168/168 178/178/178 177/177/177
f 169/169/169 170/170/170 179/179/179
f 169/169/169 179/179/179 178/178/178
f 170/170/170 171/171/171 180/180/180
f 170/170/170 180/180/180 179/179/179
f 172/172/172 173/173/173 182/182/182
f 172/172/172 182/182/182 181/181/181
f 173/173/173 174/174/174 183/183/183
f 173/173/173 183/183/183 182/182/182
f 174/174/174 175/175/175 184/184/184
f 174/174/174 184/184/184 183/183/183
f 175/175/175 176/176/176 185/185/185
f 175/175/175 185/185/185 184/184/184
f 176/176/176 177/177/177 186/186/186
f 176/176/176 186/186/186 185/185/185
f 177/177/177 178/178/178 187/187/187
f 177/177/177 187/187/187 186/186/186
f 178/178/178 179/179/179 188/188/188
f 178/178/178 188/188/188 187/187/187
f 179/179/179 180/180/180 189/189/189
f 179/179/179 189/189/189 188/188/188
f 181/181/181 182/182/182 191/191/191
f 181/181/181 191/191/191 190/190/190
f 182/182/182 183/183/183 192/192/192
f 182/182/182 192/192/192 191/191/191
f 183/183/183 184/184/184 193/193/193
f 183/183/183 193/193/193 192/192/192
f 184/184/184 185/185/185 194/194/194
f 184/184/184 194/194/194 193/193/193
f 185/185/185 186/186/186 195/195/195
f 185/185/185 195/195/195 194/194/194
f 186/186/186 187/187/187 196/196/196
f 186/186/186 196/196/196 195/195/195
f 187/187/187 188/188/188 197/197/197
f 187/187/187 197/197/197 196/196/196
f 188/188/188 189/189/189 198/198/198
f 188/188/188 198/198/198 197/197/197
f 190/190/190 191/191/191 200/200/200
f 190/190/190 200/200/200 199/199/199
f 191/191/191 192/192/192 201/201/201
f 191/191/191 201/201/201 200/200/200
f 192/192/192 193/193/193 202/202/202
f 192/192/192 202/202/202 201/201/201
f 193/193/193 194/194/194 203/203/203
f 193/193/193 203/203/203 202/202/202
f 194/194/194 195/195/195 204/204/204
f 194/194/194 204/204/204 203/203/203
f 195/195/195 196/196/196 205/205/205
f 195/195/195 205/205/205 204/204/204
f 196/196/196 197/197/197 206/206/206
f 196/196/196 206/206/206 205/205/205
f 197/197/197 198/198/198 207/207/207
f 197/197/197 207/207/207 206/206/206
f 199/199/199 200/200/200 209/209/209
f 199/199/199 209/209/209 208/208/208
f 200/200/200 201/201/201 210/210/210
f 200/200/200 210/210/210 209/209/209
f 201/201/201 202/202/202 211/211/211
f 201/201/201 211/211/211 210/210/210
f 202/202/202 203/203/203 212/212/212
f 202/202/202 212/212/212 211/211/211
f 203/203/203 204/204/204 213/213/213
f 203/203/203 213/213/213 212/212/212
f 204/204/204 205/205/205 214/214/214
f 204/204/204 214/214/214 213/213/213
f 205/205/205 206/206/206 215/215/215
f 205/205/205 215/215/215 214/214/214
f 206/206/206 207/207/207 216/216/216
f 206/206/206 216/216/216 215/215/215
f 208/208/208 209/209/209 218/218/218
f 208/208/208 218/218/218 217/217/217
f 209/209/209 210/210/210 219/219/219
f 209/209/209 219/219/219 218/218/218
f 210/210/210 211/211/211 220/220/220
f 210/210/210 220/220/220 219/219/219
f 211/211/211 212/212/212 221/221/221
f 211/211/211 221/221/221 220/220/220
f 212/212/212 213/213/213 222/222/222
f 212/212/212 222/222/222 221/221/221
f 213/213/213 214/214/214 223/223/223
f 213/213/213 223/223/223 222/222/222
f 214/214/214 215/215/215 224/224/224
f 214/214/214 224/224/224 223/223/223
f 215/215/215 216/216/216 225/225/225
f 215/215/215 225/225/225 224/224/224
f 217/217/217 218/218/218 227/227/227
f 217/217/217 227/227/227 226/226/226
f 218/218/218 219/219/219 228/228/228
f 218/218/218 228/228/228 227/227/227
f 219/219/219 220/220/220 229/229/229
f 219/219/219 229/229/229 228/228/228
f 220/220/220 221/221/221 230/230/230
f 220/220/220 230/230/230 229/229/229
f 221/221/221 222/222/222 231/231/231
f 221/221/221 231/231/231 230/230/230
f 222/222/222 223/223/223 232/232/232
f 222/222/222 232/232/232 231/231/231
f 223/223/223 224/224/224 233/233/233
f 223/223/223 233/233/233 232/232/232
f 224/224/224 225/225/225 234/234/234
f 224/224/224 234/234/234 233/233/233
f 226/226/226 227/227/227 236/236/236
f 226/226/226 236/236/236 235/235/235
f 227/227/227 228/228/228 237/237/237
f 227/227/227 237/237/237 236/236/236
f 228/228/228 229/229/229 238/238/238
f 228/228/228 238/238/238 237/237/237
f 229/229/229 230/230/230 239/239/239
f 229/229/229 239/239/239 238/238/238
f 230/230/230 231/231/231 240/240/240
f 230/230/230 240/240/240 239/239/239
f 231/231/231 232/232/232 241/241/241
f 231/231/231 241/241/241 240/240/240
f 232/232/232 233/233/233 242/242/242
f 232/232/232 242/242/242 241/241/241
f 233/233/233 234/234/234 243/243/243
f 233/233/233 243/243/243 242/242/242
f 244/244/244 245/245/245 254/254/254
f 244/244/244 254/254/254 253/253/253
f 245/245/245 246/246/246 255/255/255
f 245/245/245 255/255/255 254/254/254
f 246/246/246 247/247/247 256/256/256
f 246/246/246 256/256/256 255/255/255
f 247/247/247 248/248/248 257/257/257
f 247/247/247 257/257/257 256/256/256
f 248/248/248 249/249/249 258/258/258
f 248/248/248 258/258/258 257/257/257
f 249/249/249 250/250/250 259/259/259
f 249/249/249 259/259/259 258/258/258
f 250/250/250 251/251/251 260/260/260
f 250/250/250 260/260/260 259/259/259
f 251/251/251 252/252/252 261/261/261
f 251/251/251 261/261/261 260/260/260
f 253/253/253 254/254/254 263/263/263
f 253/253/253 263/263/263 262/262/262
f 254/254/254 255/255/255 264/264/264
f 254/254/254 264/264/264 263/263/263
f 255/255/255 256/256/256 265/265/265
f 255/255/255 265/265/265 264/264/264
f 256/256/256 257/257/257 266/266/266
f 256/256/256 266/266/266 265/265/265
f 257/257/257 258/258/258 267/267/267
f 257/257/257 267/267/267 266/266/266
f 258/258/258 259/259/259 268/268/268
f 258/258/258 268/268/268 267/267/267
f 259/259/259 260/260/260 269/269/269
f 259/259/259 269/269/269 268/268/268
f 260/260/260 261/261/261 270/270/270
f 260/260/260 270/270/270 269/269/269
f 262/262/262 263/263/263 272/272/272
f 262/262/262 272/272/272 271/271/271
f 263/263/263 264/264/264 273/273/273
f 263/263/263 273/273/273 272/272/272
f 264/264/264 265/265/265 274/274/274
f 264/264/264 274/274/274 273/273/273
f 265/265/265 266/266/266 275/275/275
f 265/265/265 275/275/275 274/274/274
f 266/266/266 267/267/267 276/276/276
f 266/266/266 276/276/276 275/275/275
f 267/267/267 268/268/268 277/277/277
f 267/267/267 277/277/277 276/276/276
f 268/268/268 269/269/269 278/278/278
f 268/268/268 278/278/278 277/277/277
f 269/269/269 270/270/270 279/279/279
f 269/269/269 279/279/279 278/278/278
f 271/271/271 272/272/272 281/281/281
f 271/271/271 281/281/281 280/280/280
f 272/272/272 273/273/273 282/282/282
f 272/272/272 282/282/282 281/281/281
f 273/273/273 274/274/274 283/283/283
f 273/273/273 283/283/283 282/282/282
f 274/274/274 275/275/275 284/284/284
f 274/274/274 284/284/284 283/283/283
f 275/275/275 276/276/276 285/285/285
f 275/275/275 285/285/285 284/284/284
f 276/276/276 277/277/277 286/286/286
f 276/276/276 286/286/286 285/285/285
f 277/277/277 278/278/278 287/287/287
f 277/277/277 287/287/287 286/286/286
f 278/278/278 279/279/279 288/288/288
f 278/278/278 288/288/288 287/287/287
f 280/280/280 281/281/281 290/290/290
f 280/280/280 290/290/290 289/289/289
f 281/281/281 282/282/282 291/291/291
f 281/281/281 291/291/291 290/290/290
f 282/282/282 283/283/283 292/292/292
f 282/282/282 292/292/292 291/291/291
f 283/283/283 284/284/284 293/293/293
f 283/283/283 293/293/293 292/292/292
f 284/284/284 285/285/285 294/294/294
f 284/284/284 294/294/294 293/293/293
f 285/285/285 286/286/286 295/295/295
f 285/285/285 295/295/295 294/294/294
f 286/286/286 287/287/287 296/296/296
f 286/286/286 296/296/296 295/295/295
f 287/287/287 288/288/288 297/297/297
f 287/287/287 297/297/297 296/296/296
f 289/289/289 290/290/290 299/299/299
f 289/289/289 299/299/299 298/298/298
f 290/290/290 291/291/291 300/300/300
f 290/290/290 300/300/300 299/299/299
f 291/291/291 292/292/292 301/301/301
f 291/291/291 301/301/301 300/300/300
f 292/292/292 293/293/293 302/302/302
f 292/292/292 302/302/302 301/301/301
f 293/293/293 294/294/294 303/303/303
f 293/293/293 303/303/303 302/302/302
f 294/294/294 295/295/295 304/304/304
f 294/294/294 304/304/304 303/303/303
f 295/295/295 296/296/296 305/305/305
f 295/295/295 305/305/305 304/304/304
f 296/296/296 297/297/297 306/306/306
f 296/296/296 306/306/306 305/305/305
f 298/298/298 299/299/299 308/308/308
f 298/298/298 308/308/308 307/307/307
f 299/299/299 300/300/300 309/309/309
f 299/299/299 309/309/309 308/308/308
f 300/300/300 301/301/301 310/310/310
f 300/300/300 310/310/310 309/309/309
f 301/301/301 302/302/302 311/311/311
f 301/301/301 311/311/311 310/310/310
f 302/302/302 303/303/303 312/312/312
f 302/302/302 312/312/312 311/311/311
f 303/303/303 304/304/304 313/313/313
f 303/303/303 313/313/313 312/312/312
f 304/304/304 305/305/305 314/314/314
f 304/304/304 314/314/314 313/313/313
f 305/305/305 306/306/306 315/315/315
f 305/305/305 315/315/315 314/314/314
f 307/307/307 308/308/308 317/317/317
f 307/307/307 317/317/317 316/316/316
f 308/308/308 309/309/309 318/318/318
f 308/308/308 318/318/318 317/317/317
f 309/309/309 310/310/310 319/319/319
f 309/309/309 319/319/319 318/318/318
f 310/310/310 311/311/311 320/320/320
f 310/310/310 320/320/320 319/319/319
f 311/311/311 312/312/312 321/321/321
f 311/311/311 321/321/321 320/320/320
f 312/312/312 313/313/313 322/322/322
f 312/312/312 322/322/322 321/321/321
f 313/313/313 314/314/314 323/323/323
f 313/313/313 323/323/323 322/322/322
f 314/314/314 315/315/315 324/324/324
f 314/314/314 324/324/324 323/323/323
f 325/325/325 326/326/326 335/335/335
f 325/325/325 335/335/335 334/334/334
f 326/326/326 327/327/327 336/336/336
f 326/326/326 336/336/336 335/335/335
f 327/327/327 328/328/328 337/337/337
f 327/327/327 337/337/337 336/336/336
f 328/328/328 329/329/329 338/338/338
f 328/328/328 338/338/338 337/337/337
f 329/329/329 330/330/330 339/339/339
f 329/329/329 339/339/339 338/338/338
f 330/330/330 331/331/331 340/340/340
f 330/330/330 340/340/340 339/339/339
f 331/331/331 332/332/332 341/341/341
f 331/331/331 341/341/341 340/340/340
f 332/332/332 333/333/333 342/342/342
f 332/332/332 342/342/342 341/341/341
f 334/334/334 335/335/335 344/344/344
f 334/334/334 344/344/344 343/343/343
f 335/335/335 336/336/336 345/345/345
f 335/335/335 345/345/345 344/344/344
f 336/336/336 337/337/337 346/346/346
f 336/336/336 346/346/346 345/345/345
f 337/337/337 338/338/338 347/347/347
f 337/337/337 347/347/347 346/346/346
f 338/338/338 339/339/339 348/348/348
f 338/338/338 348/348/348 347/347/347
f 339/339/339 340/340/340 349/349/349
f 339/339/339 349/349/349 348/348/348
f 340/340/340 341/341/341 350/350/350
f 340/340/340 350/350/350 349/349/349
f 341/341/341 342/342/342 351/351/351
f 341/341/341 351/351/351 350/350/350
f 343/343/343 344/344/344 353/353/353
f 343/343/343 353/353/353 352/352/352
f 344/344/344 345/345/345 354/354/354
f 344/344/344 354/354/354 353/353/353
f 345/345/345 346/346/346 355/355/355
f 345/345/345 355/355/355 354/354/354
f 346/346/346 347/347/347 356/356/356
f 346/346/346 356/356/356 355/355/355
f 347/347/347 348/348/348 357/357/357
f 347/347/347 357/357/357 356/356/356
f 348/348/348 349/349/349 358/358/358
f 348/348/348 358/358/358 357/357/357
f 349/349/349 350/350/350 359/359/359
f 349/349/349 359/359/359 358/358/358
f 350/350/350 351/351/351 360/360/360
f 350/350/350 360/360/360 359/359/359
f 352/352/352 353/353/353 362/362/362
f 352/352/352 362/362/362 361/361/361
f 353/353/353 354/354/354 363/363/363
f 353/353/353 363/363/363 362/362/362
f 354/354/354 355/355/355 364/364/364
f 354/354/354 364/364/364 363/363/363
f 355/355/355 356/356/356 365/365/365
f 355/355/355 365/365/365 364/364/364
f 356/356/356 357/357/357 366/366/366
f 356/356/356 366/366/366 365/365/365
f 357/357/357 358/358/358 367/367/367
f 357/357/357 367/367/367 366/366/366
f 358/358/358 359/359/359 368/368/368
f 358/358/358 368/368/368 367/367/367
f 359/359/359 360/360/360 369/369/369
f 359/359/359 369/369/369 368/368/368
f 361/361/361 362/362/362 371/371/371
f 361/361/361 371/371/371 370/370/370
f 362/362/362 363/363/363 372/372/372
f 362/362/362 372/372/372 371/371/371
f 363/363/363 364/364/364 373/373/373
f 363/363/363 373/373/373 372/372/372
f 364/364/364 365/365/365 374/374/374
f 364/364/364 374/374/374 373/373/373
f 365/365/365 366/366/366 375/375/375
f 365/365/365 375/375/375 374/374/374
f 366/366/366 367/367/367 376/376/376
f 366/366/366 376/376/376 375/375/375
f 367/367/367 368/368/368 377/377/377
f 367/367/367 377/377/377 376/376/376
f 368/368/368 369/369/369 378/378/378
f 368/368/368 378/378/378 377/377/377
f 370/370/370 371/371/371 380/380/380
f 370/370/370 380/380/380 379/379/379
f 371/371/371 372/372/372 381/381/381
f 371/371/371 381/381/381 380/380/380
f 372/372/372 373/373/373 382/382/382
f 372/372/372 382/382/382 381/381/381
f 373/373/373 374/374/374 383/383/383
f 373/373/373 383/383/383 382/382/382
f 374/374/374 375/375/375 384/384/384
f 374/374/374 384/384/384 383/383/383
f 375/375/375 376/376/376 385/385/385
f 375/375/375 385/385/385 384/384/384
f 376/376/376 377/377/377 386/386/386
f 376/376/376 386/386/386 385/385/385
f 377/377/377 378/378/378 387/387/387
f 377/377/377 387/387/387 386/386/386
f 379/379/379 380/380/380 389/389/389
f 379/379/379 389/389/389 388/388/388
f 380/380/380 381/381/381 390/390/390
f 380/380/380 390/390/390 389/389/389
f 381/381/381 382/382/382 391/391/391
f 381/381/381 391/391/391 390/390/390
f 382/382/382 383/383/383 392/392/392
f 382/382/382 392/392/392 391/391/391
f 383/383/383 384/384/384 393/393/393
f 383/383/383 393/393/393 392/392/392
f 384/384/384 385/385/385 394/394/394
f 384/384/384 394/394/394 393/393/393
f 385/385/385 386/386/386 395/395/395
f 385/385/385 395/395/395 394/394/394
f 386/386/386 387/387/387 396/396/396
f 386/386/386 396/396/396 395/395/395
f 388/388/388 389/389/389 398/398/398
f 388/388/388 398/398/398 397/397/397
f 389/389/389 390/390/390 399/399/399
f 389/389/389 399/399/399 398/398/398
f 390/390/390 391/391/391 400/400/400
f 390/390/390 400/400/400 399/399/399
f 391/391/391 392/392/392 401/401/401
f 391/391/391 401/401/401 400/400/400
f 392/392/392 393/393/393 402/402/402
f 392/392/392 402/402/402 401/401/401
f 393/393/393 394/394/394 403/403/403
f 393/393/393 403/403/403 402/402/402
f 394/394/394 395/395/395 404/404/404
f 394/394/394 404/404/404 403/403/403
f 395/395/395 396/396/396 405/405/405
f 395/395/395 405/405/405 404/404/404
f 406/406/406 432/432/432 407/407/407
f 406/406/406 431/431/431 432/432/432
f 407/407/407 433/433/433 408/408/408
f 407/407/407 432/432/432 433/433/433
f 408/408/408 434/434/434 409/409/409
f 408/408/408 433/433/433 434/434/434
f 409/409/409 435/435/435 410/410/410
f 409/409/409 434/434/434 435/435/435
f 410/410/410 436/436/436 411/411/411
f 410/410/410 435/435/435 436/436/436
f 411/411/411 437/437/437 412/412/412
f 411/411/411 436/436/436 437/437/437
f 412/412/412 438/438/438 413/413/413
f 412/412/412 437/437/437 438/438/438
f 413/413/413 439/439/439 414/414/414
f 413/413/413 438/438/438 439/439/439
f 414/414/414 440/440/440 415/415/415
f 414/414/414 439/439/439 440/440/440
f 415/415/415 441/441/441 416/416/416
f 415/415/415 440/440/440 441/441/441
f 416/416/416 442/442/442 417/417/417
f 416/416/416 441/441/441 442/442/442
f 417/417/417 443/443/443 418/418/418
f 417/417/417 442/442/442 443/443/443
f 418/418/418 444/444/444 419/419/419
f 418/418/418 443/443/443 444/444/444
f 419/419/419 445/445/445 420/420/420
f 419/419/419 444/444/444 445/445/445
f 420/420/420 446/446/446 421/421/421
f 420/420/420 445/445/445 446/446/446
f 421/421/421 447/447/447 422/422/422
f 421/421/421 446/446/446 447/447/447
f 422/422/422 448/448/448 423/423/423
f 422/422/422 447/447/447 448/448/448
f 423/423/423 449/449/449 424/424/424
f 423/423/423 448/448/448 449/449/449
f 424/424/424 450/450/450 425/425/425
f 424/424/424 449/449/449 450/450/450
f 425/425/425 451/451/451 426/426/426
f 425/425/425 450/450/450 451/451/451
f 426/426/426 452/452/452 427/427/427
f 426/426/426 451/451/451 452/452/452
f 427/427/427 453/453/453 428/428/428
f 427/427/427 452/452/452 453/453/453
f 428/428/428 454/454/454 429/429/429
f 428/428/428 453/453/453 454/454/454
f 429/429/429 455/455/455 430/430/430
f 429/429/429 454/454/454 455/455/455
f 431/431/431 457/457/457 432/432/432
f 431/431/431 456/456/456 457/457/457
f 432/432/432 458/458/458 433/433/433
f 432/432/432 457/457/457 458/458/458
f 433/433/433 459/459/459 434/434/434
f 433/433/433 458/458/458 459/459/459
f 434/434/434 460/460/460 435/435/435
f 434/434/434 459/459/459 460/460/460
f 435/435/435 461/461/461 436/436/436
f 435/435/435 460/460/460 461/461/461
f 436/436/436 462/462/462 437/437/437
f 436/436/436 461/461/461 462/462/462
f 437/437/437 463/463/463 438/438/438
f 437/437/437 462/462/462 463/463/463
f 438/438/438 464/464/464 439/439/439
f 438/438/438 463/463/463 464/464/464
f 439/439/439 465/465/465 440/440/440
f 439/439/439 464/464/464 465/465/465
f 440/440/440 466/466/466 441/441/441
f 440/440/440 465/465/465 466/466/466
f 441/441/441 467/467/467 442/442/442
f 441/441/441 466/466/466 467/467/467
f 442/442/442 468/468/468 443/443/443
f 442/442/442 467/467/467 468/468/468
f 443/443/443 469/469/469 444/444/444
f 443/443/443 468/468/468 469/469/469
f 444/444/444 470/470/470 445/445/445
f 444/444/444 469/469/469 470/470/470
f 445/445/445 471/471/471 446/446/446
f 445/445/445 470/470/470 471/471/471
f 446/446/446 472/472/472 447/447/447
f 446/446/446 471/471/471 472/472/472
f 447/447/447 473/473/473 448/448/448
f 447/447/447 472/472/472 473/473/473
f 448/448/448 474/474/474 449/449/449
f 448/448/448 473/473/473 474/474/474
f 449/449/449 475/475/475 450/450/450
f 449/449/449 474/474/474 475/475/475
f 450/450/450 476/476/476 451/451/451
f 450/450/450 475/475/475 476/476/476
f 451/451/451 477/477/477 452/452/452
f 451/451/451 476/476/476 477/477/477
f 452/452/452 478/478/478 453/453/453
f 452/452/452 477/477/477 478/478/478
f 453/453/453 479/479/479 454/454/454
f 453/453/453 478/478/478 479/479/479
f 454/454/454 480/480/480 455/455/455
f 454/454/454 479/479/479 480/480/480
f 456/456/456 482/482/482 457/457/457
f 456/456/456 481/481/481 482/482/482
f 457/457/457 483/483/483 458/458/458
f 457/457/457 482/482/482 483/483/483
f 458/458/458 484/484/484 459/459/459
f 458/458/458 483/483/483 484/484/484
f 459/459/459 485/485/485 460/460/460
f 459/459/459 484/484/484 485/485/485
f 460/460/460 486/486/486 461/461/461
f 460/460/460 485/485/485 486/486/486
f 461/461/461 487/487/487 462/462/462
f 461/461/461 486/486/486 487/487/487
f 462/462/462 488/488/488 463/463/463
f 462/462/462 487/487/487 488/488/488
f 463/463/463 489/489/489 464/464/464
f 463/463/463 488/488/488 489/489/489
f 464/464/464 490/490/490 465/465/465
f 464/464/464 489/489/489 490/490/490
f 465/465/465 491/491/491 466/466/466
f 465/465/465 490/490/490 491/491/491
f 466/466/466 492/492/492 467/467/467
f 466/466/466 491/491/491 492/492/492
f 467/467/467 493/493/493 468/468/468
f 467/467/467 492/492/492 493/493/493
f 468/468/468 494/494/494 469/469/469
f 468/468/468 493/493/493 494/494/494
f 469/469/469 495/495/495 470/470/470
f 469/469/469 494/494/494 495/495/495
f 470/470/470 496/496/496 471/471/471
f 470/470/470 495/495/495 496/496/496
f 471/471/471 497/497/497 472/472/472
f 471/471/471 496/496/496 497/497/497
f 472/472/472 498/498/498 473/473/473
f 472/472/472 497/497/497 498/498/498
f 473/473/473 499/499/499 474/474/474
f 473/473/473 498/498/498 499/499/499
f 474/474/474 500/500/500 475/475/475
f 474/474/474 499/499/499 500/500/500
f 475/475/475 501/501/501 476/476/476
f 475/475/475 500/500/500 501/501/501
f 476/476/476 502/502/502 477/477/477
f 476/476/476 501/501/501 502/502/502
f 477/477/477 503/503/503 478/478/478
f 477/477/477 502/502/502 503/503/503
f 478/478/478 504/504/504 479/479/479
f 478/478/478 503/503/503 504/504/504
f 479/479/479 505/505/505 480/480/480
f 479/479/479 504/504/504 505/505/505
f 481/481/481 507/507/507 482/482/482
f 481/481/481 506/506/506 507/507/507
f 482/482/482 508/508/508 483/483/483
f 482/482/482 507/507/507 508/508/508
f 483/483/483 509/509/509 484/484/484
f 483/483/483 508/508/508 509/509/509
f 484/484/484 510/510/510 485/485/485
f 484/484/484 509/509/509 510/510/510
f 485/485/485 511/511/511 486/486/486
f 485/485/485 510/510/510 511/511/511
f 486/486/486 512/512/512 487/487/487
f 486/486/486 511/511/511 512/512/512
f 487/487/487 513/513/513 488/488/488
f 487/487/487 512/512/512 513/513/513
f 488/488/488 514/514/514 489/489/489
f 488/488/488 513/513/513 514/514/514
f 489/489/489 515/515/515 490/490/490
f 489/489/489 514/514/514 515/515/515
f 490/490/490 516/516/516 491/491/491
f 490/490/490 515/515/515 516/516/516
f 491/491/491 517/517/517 492/492/492
f 491/491/491 516/516/516 517/517/517
f 492/492/492 518/518/518 493/493/493
f 492/492/492 517/517/517 518/518/518
f 493/493/493 519/519/519 494/494/494
f 493/493/493 518/518/518 519/519/519
f 494/494/494 520/520/520 495/495/495
f 494/494/494 519/519/519 520/520/520
f 495/495/495 521/521/521 496/496/496
f 495/495/495 520/520/520 521/521/521
f 496/496/496 522/522/522 497/497/497
f 496/496/496 521/521/521 522/522/522
f 497/497/497 523/523/523 498/498/498
f 497/497/497 522/522/522 523/523/523
f 498/498/498 524/524/524 499/499/499
f 498/498/498 523/523/523 524/524/524
f 499/499/499 525/525/525 500/500/500
f 499/499/499 524/524/524 525/525/525
f 500/500/500 526/526/526 501/501/501
f 500/500/500 525/525/525 526/526/526
f 501/501/501 527/527/527 502/502/502
f 501/501/501 526/526/526 527/527/527
f 502/502/502 528/528/528 503/503/503
f 502/502/502 527/527/527 528/528/528
f 503/503/503 529/529/529 504/504/504
f 503/503/503 528/528/528 529/529/529
f 504/504/504 530/530/530 505/505/505
f 504/504/504 529/529/529 530/530/530
f 506/506/506 532/532/532 507/507/507
f 506/506/506 531/531/531 532/532/532
f 507/507/507 533/533/533 508/508/508
f 507/507/507 532/532/532 533/533/533
f 508/508/508 534/534/534 509/509/509
f 508/508/508 533/533/533 534/534/534
f 509/509/509 535/535/535 510/510/510
f 509/509/509 534/534/534 535/535/535
f 510/510/510 536/536/536 511/511/511
f 510/510/510 535/535/535 536/536/536
f 511/511/511 537/537/537 512/512/512
f 511/511/511 536/536/536 537/537/537
f 512/512/512 538/538/538 513/513/513
f 512/512/512 537/537/537 538/538/538
f 513/513/513 539/539/539 514/514/514
f 513/513/513 538/538/538 539/539/539
f 514/514/514 540/540/540 515/515/515
f 514/514/514 539/539/539 540/540/540
f 515/515/515 541/541/541 516/516/516
f 515/515/515 540/540/540 541/541/541
f 516/516/516 542/542/542 517/517/517
f 516/516/516 541/541/541 542/542/542
f 517/517/517 543/543/543 518/518/518
f 517/517/517 542/542/542 543/543/543
f 518/518/518 544/544/544 519/519/519
f 518/518/518 543/543/543 544/544/544
f 519/519/519 545/545/545 520/520/520
f 519/519/519 544/544/544 545/545/545
f 520/520/520 546/546/546 521/521/521
f 520/520/520 545/545/545 546/546/546
f 521/521/521 547/547/547 522/522/522
f 521/521/521 546/546/546 547/547/547
f 522/522/522 548/548/548 523/523/523
f 522/522/522 547/547/547 548/548/548
f 523/523/523 549/549/549 524/524/524
f 523/523/523 548/548/548 549/549/549
f 524/524/524 550/550/550 525/525/525
f 524/524/524 549/549/549 550/550/550
f 525/525/525 551/551/551 526/526/526
f 525/525/525 550/550/550 551/551/551
f 526/526/526 552/552/552 527/527/527
f 526/526/526 551/551/551 552/552/552
f 527/527/527 553/553/553 528/528/528
f 527/527/527 552/552/552 553/553/553
f 528/528/528 554/554/554 529/529/529
f 528/528/528 553/553/553 554/554/554
f 529/529/529 555/555/555 530/530/530
f 529/529/529 554/554/554 555/555/555
f 531/531/531 557/557/557 532/532/532
f 531/531/531 556/556/556 557/557/557
f 532/532/532 558/558/558 533/533/533
f 532/532/532 557/557/557 558/558/558
f 533/533/533 559/559/559 534/534/534
f 533/533/533 558/558/558 559/559/559
f 534/534/534 560/560/560 535/535/535
f 534/534/534 559/559/559 560/560/560
f 535/535/535 561/561/561 536/536/536
f 535/535/535 560/560/560 561/561/561
f 536/536/536 562/562/562 537/537/537
f 536/536/536 561/561/561 562/562/562
f 537/537/537 563/563/563 538/538/538
f 537/537/537 562/562/562 563/563/563
f 538/538/538 564/564/564 539/539/539
f 538/538/538 563/563/563 564/564/564
f 539/539/539 565/565/565 540/540/540
f 539/539/539 564/564/564 565/565/565
f 540/540/540 566/566/566 541/541/541
f 540/540/540 565/565/565 566/566/566
f 541/541/541 567/567/567 542/542/542
f 541/541/541 566/566/566 567/567/567
f 542/542/542 568/568/568 543/543/543
f 542/542/542 567/567/567 568/568/568
f 543/543/543 569/569/569 544/544/544
f 543/543/543 568/568/568 569/569/569
f 544/544/544 570/570/570 545/545/545
f 544/544/544 569/569/569 570/570/570
f 545/545/545 571/571/571 546/546/546
f 545/545/545 570/570/570 571/571/571
f 546/546/546 572/572/572 547/547/547
f 546/546/546 571/571/571 572/572/572
f 547/547/547 573/573/573 548/548/548
f 547/547/547 572/572/572 573/573/573
f 548/548/548 574/574/574 549/549/549
f 548/548/548 573/573/573 574/574/574
f 549/549/549 575/575/575 550/550/550
f 549/549/549 574/574/574 575/575/575
f 550/550/550 576/576/576 551/551/551
f 550/550/550 575/575/575 576/576/576
f 551/551/551 577/577/577 552/552/552
f 551/551/551 576/576/576 577/577/577
f 552/552/552 578/578/578 553/553/553
f 552/552/552 577/577/577 578/578/578
f 553/553/553 579/579/579 554/554/554
f 553/553/553 578/578/578 579/579/579
f 554/554/554 580/580/580 555/555/555
f 554/554/554 579/579/579 580/580/580
f 556/556/556 582/582/582 557/557/557
f 556/556/556 581/581/581 582/582/582
f 557/557/557 583/583/583 558/558/558
f 557/557/557 582/582/582 583/583/583
f 558/558/558 584/584/584 559/559/559
f 558/558/558 583/583/583 584/584/584
f 559/559/559 585/585/585 560/560/560
f 559/559/559 584/584/584 585/585/585
f 560/560/560 586/586/586 561/561/561
f 560/560/560 585/585/585 586/586/586
f 561/561/561 587/587/587 562/562/562
f 561/561/561 586/586/586 587/587/587
f 562/562/562 588/588/588 563/563/563
f 562/562/562 587/587/587 588/588/588
f 563/563/563 589/589/589 564/564/564
f 563/563/563 588/588/588 589/589/589
f 564/564/564 590/590/590 565/565/565
f 564/564/564 589/589/589 590/590/590
f 565/565/565 591/591/591 566/566/566
f 565/565/565 590/590/590 591/591/591
f 566/566/566 592/592/592 567/567/567
f 566/566/566 591/591/591 592/592/592
f 567/567/567 593/593/593 568/568/568
f 567/567/567 592/592/592 593/593/593
f 568/568/568 594/594/594 569/569/569
f 568/568/568 593/593/593 594/594/594
f 569/569/569 595/595/595 570/570/570
f 569/569/569 594/594/594 595/595/595
f 570/570/570 596/596/596 571/571/571
f 570/570/570 595/595/595 596/596/596
f 571/571/571 597/597/597 572/572/572
f 571/571/571 596/596/596 597/597/597
f 572/572/572 598/598/598 573/573/573
f 572/572/572 597/597/597 598/598/598
f 573/573/573 599/599/599 574/574/574
f 573/573/573 598/598/598 599/599/599
f 574/574/574 600/600/600 575/575/575
f 574/574/574 599/599/599 600/600/600
f 575/575/575 601/601/601 576/576/576
f 575/575/575 600/600/600 601/601/601
f 576/576/576 602/602/602 577/577/577
f 576/576/576 601/601/601 602/602/602
f 577/577/577 603/603/603 578/578/578
f 577/577/577 602/602/602 603/603/603
f 578/578/578 604/604/604 579/579/579
f 578/578/578 603/603/603 604/604/604
f 579/579/579 605/605/605 580/580/580
f 579/579/579 604/604/604 605/605/605
f 581/581/581 607/607/607 582/582/582
f 581/581/581 606/606/606 607/607/607
f 582/582/582 608/608/608 583/583/583
f 582/582/582 607/607/607 608/608/608
f 583/583/583 609/609/609 584/584/584
f 583/583/583 608/608/608 609/609/609
f 584/584/584 610/610/610 585/585/585
f 584/584/584 609/609/609 610/610/610
f 585/585/585 611/611/611 586/586/586
f 585/585/585 610/610/610 611/611/611
f 586/586/586 612/612/612 587/587/587
f 586/586/586 611/611/611 612/612/612
f 587/587/587 613/613/613 588/588/588
f 587/587/587 612/612/612 613/613/613
f 588/588/588 614/614/614 589/589/589
f 588/588/588 613/613/613 614/614/614
f 589/589/589 615/615/615 590/590/590
f 589/589/589 614/614/614 615/615/615
f 590/590/590 616/616/616 591/591/591
f 590/590/590 615/615/615 616/616/616
f 591/591/591 617/617/617 592/592/592
f 591/591/591 616/616/616 617/617/617
f 592/592/592 618/618/618 593/593/593
f 592/592/592 617/617/617 618/618/618
f 593/593/593 619/619/619 594/594/594
f 593/593/593 618/618/618 619/619/619
f 594/594/594 620/620/620 595/595/595
f 594/594/594 619/619/619 620/620/620
f 595/595/595 621/621/621 596/596/596
f 595/595/595 620/620/620 621/621/621
f 596/596/596 622/622/622 597/597/597
f 596/596/596 621/621/621 622/622/622
f 597/597/597 623/623/623 598/598/598
f 597/597/597 622/622/622 623/623/623
f 598/598/598 624/624/624 599/599/599
f 598/598/598 623/623/623 624/624/624
f 599/599/599 625/625/625 600/600/600
f 599/599/599 624/624/624 625/625/625
f 600/600/600 626/626/626 601/601/601
f 600/600/600 625/625/625 626/626/626
f 601/601/601 627/627/627 602/602/602
f 601/601/601 626/626/626 627/627/627
f 602/602/602 628/628/628 603/603/603
f 602/602/602 627/627/627 628/628/628
f 603/603/603 629/629/629 604/604/604
f 603/603/603 628/628/628 629/629/629
f 604/604/604 630/630/630 605/605/605
f 604/604/604 629/629/629 630/630/630
f 606/606/606 632/632/632 607/607/607
f 606/606/606 631/631/631 632/632/632
f 607/607/607 633/633/633 608/608/608
f 607/607/607 632/632/632 633/633/633
f 608/608/608 634/634/634 609/609/609
f 608/608/608 633/633/633 634/634/634
f 609/609/609 635/635/635 610/610/610
f 609/609/609 634/634/634 635/635/635
f 610/610/610 636/636/636 611/611/611
f 610/610/610 635/635/635 636/636/636
f 611/611/611 637/637/637 612/612/612
f 611/611/611 636/636/636 637/637/637
f 612/612/612 638/638/638 613/613/613
f 612/612/612 637/637/637 638/638/638
f 613/613/613 639/639/639 614/614/614
f 613/613/613 638/638/638 639/639/639
f 614/614/614 640/640/640 615/615/615
f 614/614/614 639/639/639 640/640/640
f 615/615/615 641/641/641 616/616/616
f 615/615/615 640/640/640 641/641/641
f 616/616/616 642/642/642 617/617/617
f 616/616/616 641/641/641 642/642/642
f 617/617/617 643/643/643 618/618/618
f 617/617/617 642/642/642 643/643/643
f 618/618/618 644/644/644 619/619/619
f 618/618/618 643/643/643 644/644/644
f 619/619/619 645/645/645 620/620/620
f 619/619/619 644/644/644 645/645/645
f 620/620/620 646/646/646 621/621/621
f 620/620/620 645/645/645 646/646/646
f 621/621/621 647/647/647 622/622/622
f 621/621/621 646/646/646 647/647/647
f 622/622/622 648/648/648 623/623/623
f 622/622/622 647/647/647 648/648/648
f 623/623/623 649/649/649 624/624/624
f 623/623/623 648/648/648 649/649/649
f 624/624/624 650/650/650 625/625/625
f 624/624/624 649/649/649 650/650/650
f 625/625/625 651/651/651 626/626/626
f 625/625/625 650/650/650 651/651/651
f 626/626/626 652/652/652 627/627/627
f 626/626/626 651/651/651 652/652/652
f 627/627/627 653/653/653 628/628/628
f 627/627/627 652/652/652 653/653/653
f 628/628/628 654/654/654 629/629/629
f 628/628/628 653/653/653 654/654/654
f 629/629/629 655/655/655 630/630/630
f 629/629/629 654/654/654 655/655/655
f 631/631/631 657/657/657 632/632/632
f 631/631/631 656/656/656 657/657/657
f 632/632/632 658/658/658 633/633/633
f 632/632/632 657/657/657 658/658/658
f 633/633/633 659/659/659 634/634/634
f 633/633/633 658/658/658 659/659/659
f 634/634/634 660/660/660 635/635/635
f 634/634/634 659/659/659 660/660/660
f 635/635/635 661/661/661 636/636/636
f 635/635/635 660/660/660 661/661/661
f 636/636/636 662/662/662 637/637/637
f 636/636/636 661/661/661 662/662/662
f 637/637/637 663/663/663 638/638/638
f 637/637/637 662/662/662 663/663/663
f 638/638/638 664/664/664 639/639/639
f 638/638/638 663/663/663 664/664/664
f 639/639/639 665/665/665 640/640/640
f 639/639/639 664/664/664 665/665/665
f 640/640/640 666/666/666 641/641/641
f 640/640/640 665/665/665 666/666/666
f 641/641/641 667/667/667 642/642/642
f 641/641/641 666/666/666 667/667/667
f 642/642/642 668/668/668 643/643/643
f 642/642/642 667/667/667 668/668/668
f 643/643/643 669/669/669 644/644/644
f 643/643/643 668/668/668 669/669/669
f 644/644/644 670/670/670 645/645/645
f 644/644/644 669/669/669 670/670/670
f 645/645/645 671/671/671 646/646/646
f 645/645/645 670/670/670 671/671/671
f 646/646/646 672/672/672 647/647/647
f 646/646/646 671/671/671 672/672/672
f 647/647/647 673/673/673 648/648/648
f 647/647/647 672/672/672 673/673/673
f 648/648/648 674/674/674 649/649/649
f 648/648/648 673/673/673 674/674/674
f 649/649/649 675/675/675 650/650/650
f 649/649/649 674/674/674 675/675/675
f 650/650/650 676/676/676 651/651/651
f 650/650/650 675/675/675 676/676/676
f 651/651/651 677/677/677 652/652/652
f 651/651/651 676/676/676 677/677/677
f 652/652/652 678/678/678 653/653/653
f 652/652/652 677/677/677 678/678/678
f 653/653/653 679/679/679 654/654/654
f 653/653/653 678/678/678 679/679/679
f 654/654/654 680/680/680 655/655/655
f 654/654/654 679/679/679 680/680/680
f 656/656/656 682/682/682 657/657/657
f 656/656/656 681/681/681 682/682/682
f 657/657/657 683/683/683 658/658/658
f 657/657/657 682/682/682 683/683/683
f 658/658/658 684/684/684 659/659/659
f 658/658/658 683/683/683 684/684/684
f 659/659/659 685/685/685 660/660/660
f 659/659/659 684/684/684 685/685/685
f 660/660/660 686/686/686 661/661/661
f 660/660/660 685/685/685 686/686/686
f 661/661/661 687/687/687 662/662/662
f 661/661/661 686/686/686 687/687/687
f 662/662/662 688/688/688 663/663/663
f 662/662/662 687/687/687 688/688/688
f 663/663/663 689/689/689 664/664/664
f 663/663/663 688/688/688 689/689/689
f 664/664/664 690/690/690 665/665/665
f 664/664/664 689/689/689 690/690/690
f 665/665/665 691/691/691 666/666/666
f 665/665/665 690/690/690 691/691/691
f 666/666/666 692/692/692 667/667/667
f 666/666/666 691/691/691 692/692/692
f 667/667/667 693/693/693 668/668/668
f 667/667/667 692/692/692 693/693/693
f 668/668/668 694/694/694 669/669/669
f 668/668/668 693/693/693 694/694/694
f 669/669/669 695/695/695 670/670/670
f 669/669/669 694/694/694 695/695/695
f 670/670/670 696/696/696 671/671/671
f 670/670/670 695/695/695 696/696/696
f 671/671/671 697/697/697 672/672/672
f 671/671/671 696/696/696 697/697/697
f 672/672/672 698/698/698 673/673/673
f 672/672/672 697/697/697 698/698/698
f 673/673/673 699/699/699 674/674/674
f 673/673/673 698/698/698 699/699/699
f 674/674/674 700/700/700 675/675/675
f 674/674/674 699/699/699 700/700/700
f 675/675/675 701/701/701 676/676/676
f 675/675/675 700/700/700 701/701/701
f 676/676/676 702/702/702 677/677/677
f 676/676/676 701/701/701 702/702/702
f 677/677/677 703/703/703 678/678/678
f 677/677/677 702/702/702 703/703/703
f 678/678/678 704/704/704 679/679/679
f 678/678/678 703/703/703 704/704/704
f 679/679/679 705/705/705 680/680/680
f 679/679/679 704/704/704 705/705/705
f 681/681/681 707/707/707 682/682/682
f 681/681/681 706/706/706 707/707/707
f 682/682/682 708/708/708 683/683/683
f 682/682/682 707/707/707 708/708/708
f 683/683/683 709/709/709 684/684/684
f 683/683/683 708/708/708 709/709/709
f 684/684/684 710/710/710 685/685/685
f 684/684/684 709/709/709 710/710/710
f 685/685/685 711/711/711 686/686/686
f 685/685/685 710/710/710 711/711/711
f 686/686/686 712/712/712 687/687/687
f 686/686/686 711/711/711 712/712/712
f 687/687/687 713/713/713 688/688/688
f 687/687/687 712/712/712 713/713/713
f 688/688/688 714/714/714 689/689/689
f 688/688/688 713/713/713 714/714/714
f 689/689/689 715/715/715 690/690/690
f 689/689/689 714/714/714 715/715/715
f 690/690/690 716/716/716 691/691/691
f 690/690/690 715/715/715 716/716/716
f 691/691/691 717/717/717 692/692/692
f 691/691/691 716/716/716 717/717/717
f 692/692/692 718/718/718 693/693/693
f 692/692/692 717/717/717 718/718/718
f 693/693/693 719/719/719 694/694/694
f 693/693/693 718/718/718 719/719/719
f 694/694/694 720/720/720 695/695/695
f 694/694/694 719/719/719 720/720/720
f 695/695/695 721/721/721 696/696/696
f 695/695/695 720/720/720 721/721/721
f 696/696/696 722/722/722 697/697/697
f 696/696/696 721/721/721 722/722/722
f 697/697/697 723/723/723 698/698/698
f 697/697/697 722/722/722 723/723/723
f 698/698/698 724/724/724 699/699/699
f 698/698/698 723/723/723 724/724/724
f 699/699/699 725/725/725 700/700/700
f 699/699/699 724/724/724 725/725/725
f 700/700/700 726/726/726 701/701/701
f 700/700/700 725/725/725 726/726/726
f 701/701/701 727/727/727 702/702/702
f 701/701/701 726/726/726 727/727/727
f 702/702/702 728/728/728 703/703/703
f 702/702/702 727/727/727 728/728/728
f 703/703/703 729/729/729 704/704/704
f 703/703/703 728/728/728 729/729/729
f 704/704/704 730/730/730 705/705/705
f 704/704/704 729/729/729 730/730/730
f 706/706/706 732/732/732 707/707/707
f 706/706/706 731/731/731 732/732/732
f 707/707/707 733/733/733 708/708/708
f 707/707/707 732/732/732 733/733/733
f 708/708/708 734/734/734 709/709/709
f 708/708/708 733/733/733 734/734/734
f 709/709/709 735/735/735 710/710/710
f 709/709/709 734/734/734 735/735/735
f 710/710/710 736/736/736 711/711/711
f 710/710/710 735/735/735 736/736/736
f 711/711/711 737/737/737 712/712/712
f 711/711/711 736/736/736 737/737/737
f 712/712/712 738/738/738 713/713/713
f 712/712/712 737/737/737 738/738/738
f 713/713/713 739/739/739 714/714/714
f 713/713/713 738/738/738 739/739/739
f 714/714/714 740/740/740 715/715/715
f 714/714/714 739/739/739 740/740/740
f 715/715/715 741/741/741 716/716/716
f 715/715/715 740/740/740 741/741/741
f 716/716/716 742/742/742 717/717/717
f 716/716/716 741/741/741 742/742/742
f 717/717/717 743/743/743 718/718/718
f 717/717/717 742/742/742 743/743/743
f 718/718/718 744/744/744 719/719/719
f 718/718/718 743/743/743 744/744/744
f 719/719/719 745/745/745 720/720/720
f 719/719/719 744/744/744 745/745/745
f 720/720/720 746/746/746 721/721/721
f 720/720/720 745/745/745 746/746/746
f 721/721/721 747/747/747 722/722/722
f 721/721/721 746/746/746 747/747/747
f 722/722/722 748/748/748 723/723/723
f 722/722/722 747/747/747 748/748/748
f 723/723/723 749/749/749 724/724/724
f 723/723/723 748/748/748 749/749/749
f 724/724/724 750/750/750 725/725/725
f 724/724/724 749/749/749 750/750/750
f 725/725/725 751/751/751 726/726/726
f 725/725/725 750/750/750 751/751/751
f 726/726/726 752/752/752 727/727/727
f 726/726/726 751/751/751 752/752/752
f 727/727/727 753/753/753 728/728/728
f 727/727/727 752/752/752 753/753/753
f 728/728/728 754/754/754 729/729/729
f 728/728/728 753/753/753 754/754/754
f 729/729/729 755/755/755 730/730/730
f 729/729/729 754/754/754 755/755/755
f 731/731/731 757/757/757 732/732/732
f 731/731/731 756/756/756 757/757/757
f 732/732/732 758/758/758 733/733/733
f 732/732/732 757/757/757 758/758/758
f 733/733/733 759/759/759 734/734/734
f 733/733/733 758/758/758 759/759/759
f 734/734/734 760/760/760 735/735/735
f 734/734/734 759/759/759 760/760/760
f 735/735/735 761/761/761 736/736/736
f 735/735/735 760/760/760 761/761/761
f 736/736/736 762/762/762 737/737/737
f 736/736/736 761/761/761 762/762/762
f 737/737/737 763/763/763 738/738/738
f 737/737/737 762/762/762 763/763/763
f 738/738/738 764/764/764 739/739/739
f 738/738/738 763/763/763 764/764/764
f 739/739/739 765/765/765 740/740/740
f 739/739/739 764/764/764 765/765/765
f 740/740/740 766/766/766 741/741/741
f 740/740/740 765/765/765 766/766/766
f 741/741/741 767/767/767 742/742/742
f 741/741/741 766/766/766 767/767/767
f 742/742/742 768/768/768 743/743/743
f 742/742/742 767/767/767 768/768/768
f 743/743/743 769/769/769 744/744/744
f 743/743/743 768/768/768 769/769/769
f 744/744/744 770/770/770 745/745/745
f 744/744/744 769/769/769 770/770/770
f 745/745/745 771/771/771 746/746/746
f 745/745/745 770/770/770 771/771/771
f 746/746/746 772/772/772 747/747/747
f 746/746/746 771/771/771 772/772/772
f 747/747/747 773/773/773 748/748/748
f 747/747/747 772/772/772 773/773/773
f 748/748/748 774/774/774 749/749/749
f 748/748/748 773/773/773 774/774/774
f 749/749/749 775/775/775 750/750/750
f 749/749/749 774/774/774 775/775/775
f 750/750/750 776/776/776 751/751/751
f 750/750/750 775/775/775 776/776/776
f 751/751/751 777/777/777 752/752/752
f 751/751/751 776/776/776 777/777/777
f 752/752/752 778/778/778 753/753/753
f 752/752/752 777/777/777 778/778/778
f 753/753/753 779/779/779 754/754/754
f 753/753/753 778/778/778 779/779/779
f 754/754/754 780/780/780 755/755/755
f 754/754/754 779/779/779 780/780/780
f 781/781/781 782/782/782 791/791/791
f 781/781/781 791/791/791 790/790/790
f 782/782/782 783/783/783 792/792/792
f 782/782/782 792/792/792 791/791/791
f 783/783/783 784/784/784 793/793/793
f 783/783/783 793/793/793 792/792/792
f 784/784/784 785/785/785 794/794/794
f 784/784/784 794/794/794 793/793/793
f 785/785/785 786/786/786 795/795/795
f 785/785/785 795/795/795 794/794/794
f 786/786/786 787/787/787 796/796/796
f 786/786/786 796/796/796 795/795/795
f 787/787/787 788/788/788 797/797/797
f 787/787/787 797/797/797 796/796/796
f 788/788/788 789/789/789 798/798/798
f 788/788/788 798/798/798 797/797/797
f 790/790/790 791/791/791 800/800/800
f 790/790/790 800/800/800 799/799/799
f 791/791/791 792/792/792 801/801/801
f 791/791/791 801/801/801 800/800/800
f 792/792/792 793/793/793 802/802/802
f 792/792/792 802/802/802 801/801/801
f 793/793/793 794/794/794 803/803/803
f 793/793/793 803/803/803 802/802/802
f 794/794/794 795/795/795 804/804/804
f 794/794/794 804/804/804 803/803/803
f 795/795/795 796/796/796 805/805/805
f 795/795/795 805/805/805 804/804/804
f 796/796/796 797/797/797 806/806/806
f 796/796/796 806/806/806 805/805/805
f 797/797/797 798/798/798 807/807/807
f 797/797/797 807/807/807 806/806/806
f 799/799/799 800/800/800 809/809/809
f 799/799/799 809/809/809 808/808/808
f 800/800/800 801/801/801 810/810/810
f 800/800/800 810/810/810 809/809/809
f 801/801/801 802/802/802 811/811/811
f 801/801/801 811/811/811 810/810/810
f 802/802/802 803/803/803 812/812/812
f 802/802/802 812/812/812 811/811/811
f 803/803/803 804/804/804 813/813/813
f 803/803/803 813/813/813 812/812/812
f 804/804/804 805/805/805 814/814/814
f 804/804/804 814/814/814 813/813/813
f 805/805/805 806/806/806 815/815/815
f 805/805/805 815/815/815 814/814/814
f 806/806/806 807/807/807 816/816/816
f 806/806/806 816/816/816 815/815/815
f 808/808/808 809/809/809 818/818/818
f 808/808/808 818/818/818 817/817/817
f 809/809/809 810/810/810 819/819/819
f 809/809/809 819/819/819 818/818/818
f 810/810/810 811/811/811 820/820/820
f 810/810/810 820/820/820 819/819/819
f 811/811/811 812/812/812 821/821/821
f 811/811/811 821/821/821 820/820/820
f 812/812/812 813/813/813 822/822/822
f 812/812/812 822/822/822 821/821/821
f 813/813/813 814/814/814 823/823/823
f 813/813/813 823/823/823 822/822/822
f 814/814/814 815/815/815 824/824/824
f 814/814/814 824/824/824 823/823/823
f 815/815/815 816/816/816 825/825/825
f 815/815/815 825/825/825 824/824/824
f 817/817/817 818/818/818 827/827/827
f 817/817/817 827/827/827 826/826/826
f 818/818/818 819/819/819 828/828/828
f 818/818/818 828/828/828 827/827/827
f 819/819/819 820/820/820 829/829/829
f 819/819/819 829/829/829 828/828/828
f 820/820/820 821/821/821 830/830/830
f 820/820/820 830/830/830 829/829/829
f 821/821/821 822/822/822 831/831/831
f 821/821/821 831/831/831 830/830/830
f 822/822/822 823/823/823 832/832/832
f 822/822/822 832/832/832 831/831/831
f 823/823/823 824/824/824 833/833/833
f 823/823/823 833/833/833 832/832/832
f 824/824/824 825/825/825 834/834/834
f 824/824/824 834/834/834 833/833/833
f 826/826/826 827/827/827 836/836/836
f 826/826/826 836/836/836 835/835/835
f 827/827/827 828/828/828 837/837/837
f 827/827/827 837/837/837 836/836/836
f 828/828/828 829/829/829 838/838/838
f 828/828/828 838/838/838 837/837/837
f 829/829/829 830/830/830 839/839/839
f 829/829/829 839/839/839 838/838/838
f 830/830/830 831/831/831 840/840/840
f 830/830/830 840/840/840 839/839/839
f 831/831/831 832/832/832 841/841/841
f 831/831/831 841/841/841 840/840/840
f 832/832/832 833/833/833 842/842/842
f 832/832/832 842/842/842 841/841/841
f 833/833/833 834/834/834 843/843/843
f 833/833/833 843/843/843 842/842/842
f 835/835/835 836/836/836 845/845/845
f 835/835/835 845/845/845 844/844/844
f 836/836/836 837/837/837 846/846/846
f 836/836/836 846/846/846 845/845/845
f 837/837/837 838/838/838 847/847/847
f 837/837/837 847/847/847 846/846/846
f 838/838/838 839/839/839 848/848/848
f 838/838/838 848/848/848 847/847/847
f 839/839/839 840/840/840 849/849/849
f 839/839/839 849/849/849 848/848/848
f 840/840/840 841/841/841 850/850/850
f 840/840/840 850/850/850 849/849/849
f 841/841/841 842/842/842 851/851/851
f 841/841/841 851/851/851 850/850/850
f 842/842/842 843/843/843 852/852/852
f 842/842/842 852/852/852 851/851/851
f 844/844/844 845/845/845 854/854/854
f 844/844/844 854/854/854 853/853/853
f 845/845/845 846/846/846 855/855/855
f 845/845/845 855/855/855 854/854/854
f 846/846/846 847/847/847 856/856/856
f 846/846/846 856/856/856 855/855/855
f 847/847/847 848/848/848 857/857/857
f 847/847/847 857/857/857 856/856/856
f 848/848/848 849/849/849 858/858/858
f 848/848/848 858/858/858 857/857/857
f 849/849/849 850/850/850 859/859/859
f 849/849/849 859/859/859 858/858/858
f 850/850/850 851/851/851 860/860/860
f 850/850/850 860/860/860 859/859/859
f 851/851/851 852/852/852 861/861/861
f 851/851/851 861/861/861 860/860/860
f 862/862/862 863/863/863 872/872/872
f 862/862/862 872/872/872 871/871/871
f 863/863/863 864/864/864 873/873/873
f 863/863/863 873/873/873 872/872/872
f 864/864/864 865/865/865 874/874/874
f 864/864/864 874/874/874 873/873/873
f 865/865/865 866/866/866 875/875/875
f 865/865/865 875/875/875 874/874/874
f 866/866/866 867/867/867 876/876/876
f 866/866/866 876/876/876 875/875/875
f 867/867/867 868/868/868 877/877/877
f 867/867/867 877/877/877 876/876/876
f 868/868/868 869/869/869 878/878/878
f 868/868/868 878/878/878 877/877/877
f 869/869/869 870/870/870 879/879/879
f 869/869/869 879/879/879 878/878/878
f 871/871/871 872/872/872 881/881/881
f 871/871/871 881/881/881 880/880/880
f 872/872/872 873/873/873 882/882/882
f 872/872/872 882/882/882 881/881/881
f 873/873/873 874/874/874 883/883/883
f 873/873/873 883/883/883 882/882/882
f 874/874/874 875/875/875 884/884/884
f 874/874/874 884/884/884 883/883/883
f 875/875/875 876/876/876 885/885/885
f 875/875/875 885/885/885 884/884/884
f 876/876/876 877/877/877 886/886/886
f 876/876/876 886/886/886 885/885/885
f 877/877/877 878/878/878 887/887/887
f 877/877/877 887/887/887 886/886/886
f 878/878/878 879/879/879 888/888/888
f 878/878/878 888/888/888 887/887/887
f 880/880/880 881/881/881 890/890/890
f 880/880/880 890/890/890 889/889/889
f 881/881/881 882/882/882 891/891/891
f 881/881/881 891/891/891 890/890/890
f 882/882/882 883/883/883 892/892/892
f 882/882/882 892/892/892 891/891/891
f 883/883/883 884/884/884 893/893/893
f 883/883/883 893/893/893 892/892/892
f 884/884/884 885/885/885 894/894/894
f 884/884/884 894/894/894 893/893/893
f 885/885/885 886/886/886 895/895/895
f 885/885/885 895/895/895 894/894/894
f 886/886/886 887/887/887 896/896/896
f 886/886/886 896/896/896 895/895/895
f 887/887/887 888/888/888 897/897/897
f 887/887/887 897/897/897 896/896/896
f 889/889/889 890/890/890 899/899/899
f 889/889/889 899/899/899 898/898/898
f 890/890/890 891/891/891 900/900/900
f 890/890/890 900/900/900 899/899/899
f 891/891/891 892/892/892 901/901/901
f 891/891/891 901/901/901 900/900/900
f 892/892/892 893/893/893 902/902/902
f 892/892/892 902/902/902 901/901/901
f 893/893/893 894/894/894 903/903/903
f 893/893/893 903/903/903 902/902/902
f 894/894/894 895/895/895 904/904/904
f 894/894/894 904/904/904 903/903/903
f 895/895/895 896/896/896 905/905/905
f 895/895/895 905/905/905 904/904/904
f 896/896/896 897/897/897 906/906/906
f 896/896/896 906/906/906 905/905/905
f 898/898/898 899/899/899 908/908/908
f 898/898/898 908/908/908 907/907/907
f 899/899/899 900/900/900 909/909/909
f 899/899/899 909/909/909 908/908/908
f 900/900/900 901/901/901 910/910/910
f 900/900/900 910/910/910 909/909/909
f 901/901/901 902/902/902 911/911/911
f 901/901/901 911/911/911 910/910/910
f 902/902/902 903/903/903 912/912/912
f 902/902/902 912/912/912 911/911/911
f 903/903/903 904/904/904 913/913/913
f 903/903/903 913/913/913 912/912/912
f 904/904/904 905/905/905 914/914/914
f 904/904/904 914/914/914 913/913/913
f 905/905/905 906/906/906 915/915/915
f 905/905/905 915/915/915 914/914/914
f 907/907/907 908/908/908 917/917/917
f 907/907/907 917/917/917 916/916/916
f 908/908/908 909/909/909 918/918/918
f 908/908/908 918/918/918 917/917/917
f 909/909/909 910/910/910 919/919/919
f 909/909/909 919/919/919 918/918/918
f 910/910/910 911/911/911 920/920/920
f 910/910/910 920/920/920 919/919/919
f 911/911/911 912/912/912 921/921/921
f 911/911/911 921/921/921 920/920/920
f 912/912/912 913/913/913 922/922/922
f 912/912/912 922/922/922 921/921/921
f 913/913/913 914/914/914 923/923/923
f 913/913/913 923/923/923 922/922/922
f 914/914/914 915/915/915 924/924/924
f 914/914/914 924/924/924 923/923/923
f 916/916/916 917/917/917 926/926/926
f 916/916/916 926/926/926 925/925/925
f 917/917/917 918/918/918 927/927/927
f 917/917/917 927/927/927 926/926/926
f 918/918/918 919/919/919 928/928/928
f 918/918/918 928/928/928 927/927/927
f 919/919/919 920/920/920 929/929/929
f 919/919/919 929/929/929 928/928/928
f 920/920/920 921/921/921 930/930/930
f 920/920/920 930/930/930 929/929/929
f 921/921/921 922/922/922 931/931/931
f 921/921/921 931/931/931 930/930/930
f 922/922/922 923/923/923 932/932/932
f 922/922/922 932/932/932 931/931/931
f 923/923/923 924/924/924 933/933/933
f 923/923/923 933/933/933 932/932/932
f 925/925/925 926/926/926 935/935/935
f 925/925/925 935/935/935 934/934/934
f 926/926/926 927/927/927 936/936/936
f 926/926/926 936/936/936 935/935/935
f 927/927/927 928/928/928 937/937/937
f 927/927/927 937/937/937 936/936/936
f 928/928/928 929/929/929 938/938/938
f 928/928/928 938/938/938 937/937/937
f 929/929/929 930/930/930 939/939/939
f 929/929/929 939/939/939 938/938/938
f 930/930/930 931/931/931 940/940/940
f 930/930/930 940/940/940 939/939/939
f 931/931/931 932/932/932 941/941/941
f 931/931/931 941/941/941 940/940/940
f 932/932/932 933/933/933 942/942/942
f 932/932/932 942/942/942 941/941/941
f 943/943/943 944/944/944 953/953/953
f 943/943/943 953/953/953 952/952/952
f 944/944/944 945/945/945 954/954/954
f 944/944/944 954/954/954 953/953/953
f 945/945/945 946/946/946 955/955/955
f 945/945/945 955/955/955 954/954/954
f 946/946/946 947/947/947 956/956/956
f 946/946/946 956/956/956 955/955/955
f 947/947/947 948/948/948 957/957/957
f 947/947/947 957/957/957 956/956/956
f 948/948/948 949/949/949 958/958/958
f 948/948/948 958/958/958 957/957/957
f 949/949/949 950/950/950 959/959/959
f 949/949/949 959/959/959 958/958/958
f 950/950/950 951/951/951 960/960/960
f 950/950/950 960/960/960 959/959/959
f 952/952/952 953/953/953 962/962/962
f 952/952/952 962/962/962 961/961/961
f 953/953/953 954/954/954 963/963/963
f 953/953/953 963/963/963 962/962/962
f 954/954/954 955/955/955 964/964/964
f 954/954/954 964/964/964 963/963/963
f 955/955/955 956/956/956 965/965/965
f 955/955/955 965/965/965 964/964/964
f 956/956/956 957/957/957 966/966/966
f 956/956/956 966/966/966 965/965/965
f 957/957/957 958/958/958 967/967/967
f 957/957/957 967/967/967 966/966/966
f 958/958/958 959/959/959 968/968/968
f 958/958/958 968/968/968 967/967/967
f 959/959/959 960/960/960 969/969/969
f 959/959/959 969/969/969 968/968/968
f 961/961/961 962/962/962 971/971/971
f 961/961/961 971/971/971 970/970/970
f 962/962/962 963/963/963 972/972/972
f 962/962/962 972/972/972 971/971/971
f 963/963/963 964/964/964 973/973/973
f 963/963/963 973/973/973 972/972/972
f 964/964/964 965/965/965 974/974/974
f 964/964/964 974/974/974 973/973/973
f 965/965/965 966/966/966 975/975/975
f 965/965/965 975/975/975 974/974/974
f 966/966/966 967/967/967 976/976/976
f 966/966/966 976/976/976 975/975/975
f 967/967/967 968/968/968 977/977/977
f 967/967/967 977/977/977 976/976/976
f 968/968/968 969/969/969 978/978/978
f 968/968/968 978/978/978 977/977/977
f 970/970/970 971/971/971 980/980/980
f 970/970/970 980/980/980 979/979/979
f 971/971/971 972/972/972 981/981/981
f 971/971/971 981/981/981 980/980/980
f 972/972/972 973/973/973 982/982/982
f 972/972/972 982/982/982 981/981/981
f 973/973/973 974/974/974 983/983/983
f 973/973/973 983/983/983 982/982/982
f 974/974/974 975/975/975 984/984/984
f 974/974/974 984/984/984 983/983/983
f 975/975/975 976/976/976 985/985/985
f 975/975/975 985/985/985 984/984/984
f 976/976/976 977/977/977 986/986/986
f 976/976/976 986/986/986 985/985/985
f 977/977/977 978/978/978 987/987/987
f 977/977/977 987/987/987 986/986/986
f 979/979/979 980/980/980 989/989/989
f 979/979/979 989/989/989 988/988/988
f 980/980/980 981/981/981 990/990/990
f 980/980/980 990/990/990 989/989/989
f 981/981/981 982/982/982 991/991/991
f 981/981/981 991/991/991 990/990/990
f 982/982/982 983/983/983 992/992/992
f 982/982/982 992/992/992 991/991/991
f 983/983/983 984/984/984 993/993/993
f 983/983/983 993/993/993 992/992/992
f 984/984/984 985/985/985 994/994/994
f 984/984/984 994/994/994 993/993/993
f 985/985/985 986/986/986 995/995/995
f 985/985/985 995/995/995 994/994/994
f 986/986/986 987/987/987 996/996/996
f 986/986/986 996/996/996 995/995/995
f 988/988/988 989/989/989 998/998/998
f 988/988/988 998/998/998 997/997/997
f 989/989/989 990/990/990 999/999/999
f 989/989/989 999/999/999 998/998/998
f 990/990/990 991/991/991 1000/1000/1000
f 990/990/990 1000/1000/1000 999/999/999
f 991/991/991 992/992/992 1001/1001/1001
f 991/991/991 1001/1001/1001 1000/1000/1000
f 992/992/992 993/993/993 1002/1002/1002
f 992/992/992 1002/1002/1002 1001/1001/1001
f 993/993/993 994/994/994 1003/1003/1003
f 993/993/993 1003/1003/1003 1002/1002/1002
f 994/994/994 995/995/995 1004/1004/1004
f 994/994/994 1004/1004/1004 1003/1003/1003
f 995/995/995 996/996/996 1005/1005/1005
f 995/995/995 1005/1005/1005 1004/1004/1004
f 997/997/997 998/998/998 1007/1007/1007
f 997/997/997 1007/1007/1007 1006/1006/1006
f 998/998/998 999/999/999 1008/1008/1008
f 998/998/998 1008/1008/1008 1007/1007/1007
f 999/999/999 1000/1000/1000 1009/1009/1009
f 999/999/999 1009/1009/1009 1008/1008/1008
f 1000/1000/1000 1001/1001/1001 1010/1010/1010
f 1000/1000/1000 1010/1010/1010 1009/1009/1009
f 1001/1001/1001 1002/1002/1002 1011/1011/1011
f 1001/1001/1001 1011/1011/1011 1010/1010/1010
f 1002/1002/1002 1003/1003/1003 1012/1012/1012
f 1002/1002/1002 1012/1012/1012 1011/1011/1011
f 1003/1003/1003 1004/1004/1004 1013/1013/1013
f 1003/1003/1003 1013/1013/1013 1012/1012/1012
f 1004/1004/1004 1005/1005/1005 1014/1014/1014
f 1004/1004/1004 1014/1014/1014 1013/1013/1013
f 1006/1006/1006 1007/1007/1007 1016/1016/1016
f 1006/1006/1006 1016/1016/1016 1015/1015/1015
f 1007/1007/1007 1008/1008/1008 1017/1017/1017
f 1007/1007/1007 1017/1017/1017 1016/1016/1016
f 1008/1008/1008 1009/1009/1009 1018/1018/1018
f 1008/1008/1008 1018/1018/1018 1017/1017/1017
f 1009/1009/1009 1010/1010/1010 1019/1019/1019
f 1009/1009/1009 1019/1019/1019 1018/1018/1018
f 1010/1010/1010 1011/1011/1011 1020/1020/1020
f 1010/1010/1010 1020/1020/1020 1019/1019/1019
f 1011/1011/1011 1012/1012/1012 1021/1021/1021
f 1011/1011/1011 1021/1021/1021 1020/1020/1020
f 1012/1012/1012 1013/1013/1013 1022/1022/1022
f 1012/1012/1012 1022/1022/1022 1021/1021/1021
f 1013/1013/1013 1014/1014/1014 1023/1023/1023
f 1013/1013/1013 1023/1023/1023 1022/1022/1022
f 1024/1024/1024 1025/1025/1025 1034/1034/1034
f 1024/1024/1024 1034/1034/1034 1033/1033/1033
f 1025/1025/1025 1026/1026/1026 1035/1035/1035
f 1025/1025/1025 1035/1035/1035 1034/1034/1034
f 1026/1026/1026 1027/1027/1027 1036/1036/1036
f 1026/1026/1026 1036/1036/1036 1035/1035/1035
f 1027/1027/1027 1028/1028/1028 1037/1037/1037
f 1027/1027/1027 1037/1037/1037 1036/1036/1036
f 1028/1028/1028 1029/1029/1029 1038/1038/1038
f 1028/1028/1028 1038/1038/1038 1037/1037/1037
f 1029/1029/1029 1030/1030/1030 1039/1039/1039
f 1029/1029/1029 1039/1039/1039 1038/1038/1038
f 1030/1030/1030 1031/1031/1031 1040/1040/1040
f 1030/1030/1030 1040/1040/1040 1039/1039/1039
f 1031/1031/1031 1032/1032/1032 1041/1041/1041
f 1031/1031/1031 1041/1041/1041 1040/1040/1040
f 1033/1033/1033 1034/1034/1034 1043/1043/1043
f 1033/1033/1033 1043/1043/1043 1042/1042/1042
f 1034/1034/1034 1035/1035/1035 1044/1044/1044
f 1034/1034/1034 1044/1044/1044 1043/1043/1043
f 1035/1035/1035 1036/1036/1036 1045/1045/1045
f 1035/1035/1035 1045/1045/1045 1044/1044/1044
f 1036/1036/1036 1037/1037/1037 1046/1046/1046
f 1036/1036/1036 1046/1046/1046 1045/1045/1045
f 1037/1037/1037 1038/1038/1038 1047/1047/1047
f 1037/1037/1037 1047/1047/1047 1046/1046/1046
f 1038/1038/1038 1039/1039/1039 1048/1048/1048
f 1038/1038/1038 1048/1048/1048 1047/1047/1047
f 1039/1039/1039 1040/1040/1040 1049/1049/1049
f 1039/1039/1039 1049/1049/1049 1048/1048/1048
f 1040/1040/1040 1041/1041/1041 1050/1050/1050
f 1040/1040/1040 1050/1050/1050 1049/1049/1049
f 1042/1042/1042 1043/1043/1043 1052/1052/1052
f 1042/1042/1042 1052/1052/1052 1051/1051/1051
f 1043/1043/1043 1044/1044/1044 1053/1053/1053
f 1043/1043/1043 1053/1053/1053 1052/1052/1052
f 1044/1044/1044 1045/1045/1045 1054/1054/1054
f 1044/1044/1044 1054/1054/1054 1053/1053/1053
f 1045/1045/1045 1046/1046/1046 1055/1055/1055
f 1045/1045/1045 1055/1055/1055 1054/1054/1054
f 1046/1046/1046 1047/1047/1047 1056/1056/1056
f 1046/1046/1046 1056/1056/1056 1055/1055/1055
f 1047/1047/1047 1048/1048/1048 1057/1057/1057
f 1047/1047/1047 1057/1057/1057 1056/1056/1056
f 1048/1048/1048 1049/1049/1049 1058/1058/1058
f 1048/1048/1048 1058/1058/1058 1057/1057/1057
f 1049/1049/1049 1050/1050/1050 1059/1059/1059
f 1049/1049/1049 1059/1059/1059 1058/1058/1058
f 1051/1051/1051 1052/1052/1052 1061/1061/1061
f 1051/1051/1051 1061/1061/1061 1060/1060/1060
f 1052/1052/1052 1053/1053/1053 1062/1062/1062
f 1052/1052/1052 1062/1062/1062 1061/1061/1061
f 1053/1053/1053 1054/1054/1054 1063/1063/1063
f 1053/1053/1053 1063/1063/1063 1062/1062/1062
f 1054/1054/1054 1055/1055/1055 1064/1064/1064
f 1054/1054/1054 1064/1064/1064 1063/1063/1063
f 1055/1055/1055 1056/1056/1056 1065/1065/1065
f 1055/1055/1055 1065/1065/1065 1064/1064/1064
f 1056/1056/1056 1057/1057/1057 1066/1066/1066
f 1056/1056/1056 1066/1066/1066 1065/1065/1065
f 1057/1057/1057 1058/1058/1058 1067/1067/1067
f 1057/1057/1057 1067/1067/1067 1066/1066/1066
f 1058/1058/1058 1059/1059/1059 1068/1068/1068
f 1058/1058/1058 1068/1068/1068 1067/1067/1067
f 1060/1060/1060 1061/1061/1061 1070/1070/1070
f 1060/1060/1060 1070/1070/1070 1069/1069/1069
f 1061/1061/1061 1062/1062/1062 1071/1071/1071
f 1061/1061/1061 1071/1071/1071 1070/1070/1070
f 1062/1062/1062 1063/1063/1063 1072/1072/1072
f 1062/1062/1062 1072/1072/1072 1071/1071/1071
f 1063/1063/1063 1064/1064/1064 1073/1073/1073
f 1063/1063/1063 1073/1073/1073 1072/1072/1072
f 1064/1064/1064 1065/1065/1065 1074/1074/1074
f 1064/1064/1064 1074/1074/1074 1073/1073/1073
f 1065/1065/1065 1066/1066/1066 1075/1075/1075
f 1065/1065/1065 1075/1075/1075 1074/1074/1074
f 1066/1066/1066 1067/1067/1067 1076/1076/1076
f 1066/1066/1066 1076/1076/1076 1075/1075/1075
f 1067/1067/1067 1068/1068/1068 1077/1077/1077
f 1067/1067/1067 1077/1077/1077 1076/1076/1076
f 1069/1069/1069 1070/1070/1070 1079/1079/1079
f 1069/1069/1069 1079/1079/1079 1078/1078/1078
f 1070/1070/1070 1071/1071/1071 1080/1080/1080
f 1070/1070/1070 1080/1080/1080 1079/1079/1079
f 1071/1071/1071 1072/1072/1072 1081/1081/1081
f 1071/1071/1071 1081/1081/1081 1080/1080/1080
f 1072/1072/1072 1073/1073/1073 1082/1082/1082
f 1072/1072/1072 1082/1082/1082 1081/1081/1081
f 1073/1073/1073 1074/1074/1074 1083/1083/1083
f 1073/1073/1073 1083/1083/1083 1082/1082/1082
f 1074/1074/1074 1075/1075/1075 1084/1084/1084
f 1074/1074/1074 1084/1084/1084 1083/1083/1083
f 1075/1075/1075 1076/1076/1076 1085/1085/1085
f 1075/1075/1075 1085/1085/1085 1084/1084/1084
f 1076/1076/1076 1077/1077/1077 1086/1086/1086
f 1076/1076/1076 1086/1086/1086 1085/1085/1085
f 1078/1078/1078 1079/1079/1079 1088/1088/1088
f 1078/1078/1078 1088/1088/1088 1087/1087/1087
f 1079/1079/1079 1080/1080/1080 1089/1089/1089
f 1079/1079/1079 1089/1089/1089 1088/1088/1088
f 1080/1080/1080 1081/1081/1081 1090/1090/1090
f 1080/1080/1080 1090/1090/1090 1089/1089/1089
f 1081/1081/1081 1082/1082/1082 1091/1091/1091
f 1081/1081/1081 1091/1091/1091 1090/1090/1090
f 1082/1082/1082 1083/1083/1083 1092/1092/1092
f 1082/1082/1082 1092/1092/1092 1091/1091/1091
f 1083/1083/1083 1084/1084/1084 1093/1093/1093
f 1083/1083/1083 1093/1093/1093 1092/1092/1092
f 1084/1084/1084 1085/1085/1085 1094/1094/1094
f 1084/1084/1084 1094/1094/1094 1093/1093/1093
f 1085/1085/1085 1086/1086/1086 1095/1095/1095
f 1085/1085/1085 1095/1095/1095 1094/1094/1094
f 1087/1087/1087 1088/1088/1088 1097/1097/1097
f 1087/1087/1087 1097/1097/1097 1096/1096/1096
f 1088/1088/1088 1089/1089/1089 1098/1098/1098
f 1088/1088/1088 1098/1098/1098 1097/1097/1097
f 1089/1089/1089 1090/1090/1090 1099/1099/1099
f 1089/1089/1089 1099/1099/1099 1098/1098/1098
f 1090/1090/1090 1091/1091/1091 1100/1100/1100
f 1090/1090/1090 1100/1100/1100 1099/1099/1099
f 1091/1091/1091 1092/1092/1092 1101/1101/1101
f 1091/1091/1091 1101/1101/1101 1100/1100/1100
f 1092/1092/1092 1093/1093/1093 1102/1102/1102
f 1092/1092/1092 1102/1102/1102 1101/1101/1101
f 1093/1093/1093 1094/1094/1094 1103/1103/1103
f 1093/1093/1093 1103/1103/1103 1102/1102/1102
f 1094/1094/1094 1095/1095/1095 1104/1104/1104
f 1094/1094/1094 1104/1104/1104 1103/1103/1103
f 1105/1105/1105 1106/1106/1106 1115/1115/1115
f 1105/1105/1105 1115/1115/1115 1114/1114/1114
f 1106/1106/1106 1107/1107/1107 1116/1116/1116
f 1106/1106/1106 1116/1116/1116 1115/1115/1115
f 1107/1107/1107 1108/1108/1108 1117/1117/1117
f 1107/1107/1107 1117/1117/1117 1116/1116/1116
f 1108/1108/1108 1109/1109/1109 1118/1118/1118
f 1108/1108/1108 1118/1118/1118 1117/1117/1117
f 1109/1109/1109 1110/1110/1110 1119/1119/1119
f 1109/1109/1109 1119/1119/1119 1118/1118/1118
f 1110/1110/1110 1111/1111/1111 1120/1120/1120
f 1110/1110/1110 1120/1120/1120 1119/1119/1119
f 1111/1111/1111 1112/1112/1112 1121/1121/1121
f 1111/1111/1111 1121/1121/1121 1120/1120/1120
f 1112/1112/1112 1113/1113/1113 1122/1122/1122
f 1112/1112/1112 1122/1122/1122 1121/1121/1121
f 1114/1114/1114 1115/1115/1115 1124/1124/1124
f 1114/1114/1114 1124/1124/1124 1123/1123/1123
f 1115/1115/1115 1116/1116/1116 1125/1125/1125
f 1115/1115/1115 1125/1125/1125 1124/1124/1124
f 1116/1116/1116 1117/1117/1117 1126/1126/1126
f 1116/1116/1116 1126/1126/1126 1125/1125/1125
f 1117/1117/1117 1118/1118/1118 1127/1127/1127
f 1117/1117/1117 1127/1127/1127 1126/1126/1126
f 1118/1118/1118 1119/1119/1119 1128/1128/1128
f 1118/1118/1118 1128/1128/1128 1127/1127/1127
f 1119/1119/1119 1120/1120/1120 1129/1129/1129
f 1119/1119/1119 1129/1129/1129 1128/1128/1128
f 1120/1120/1120 1121/1121/1121 1130/1130/1130
f 1120/1120/1120 1130/1130/1130 1129/1129/1129
f 1121/1121/1121 1122/1122/1122 1131/1131/1131
f 1121/1121/1121 1131/1131/1131 1130/1130/1130
f 1123/1123/1123 1124/1124/1124 1133/1133/1133
f 1123/1123/1123 1133/1133/1133 1132/1132/1132
f 1124/1124/1124 1125/1125/1125 1134/1134/1134
f 1124/1124/1124 1134/1134/1134 1133/1133/1133
f 1125/1125/1125 1126/1126/1126 1135/1135/1135
f 1125/1125/1125 1135/1135/1135 1134/1134/1134
f 1126/1126/1126 1127/1127/1127 1136/1136/1136
f 1126/1126/1126 1136/1136/1136 1135/1135/1135
f 1127/1127/1127 1128/1128/1128 1137/1137/1137
f 1127/1127/1127 1137/1137/1137 1136/1136/1136
f 1128/1128/1128 1129/1129/1129 1138/1138/1138
f 1128/1128/1128 1138/1138/1138 1137/1137/1137
f 1129/1129/1129 1130/1130/1130 1139/1139/1139
f 1129/1129/1129 1139/1139/1139 1138/1138/1138
f 1130/1130/1130 1131/1131/1131 1140/1140/1140
f 1130/1130/1130 1140/1140/1140 1139/1139/1139
f 1132/1132/1132 1133/1133/1133 1142/1142/1142
f 1132/1132/1132 1142/1142/1142 1141/1141/1141
f 1133/1133/1133 1134/1134/1134 1143/1143/1143
f 1133/1133/1133 1143/1143/1143 1142/1142/1142
f 1134/1134/1134 1135/1135/1135 1144/1144/1144
f 1134/1134/1134 1144/1144/1144 1143/1143/1143
f 1135/1135/1135 1136/1136/1136 1145/1145/1145
f 1135/1135/1135 1145/1145/1145 1144/1144/1144
f 1136/1136/1136 1137/1137/1137 1146/1146/1146
f 1136/1136/1136 1146/1146/1146 1145/1145/1145
f 1137/1137/1137 1138/1138/1138 1147/1147/1147
f 1137/1137/1137 1147/1147/1147 1146/1146/1146
f 1138/1138/1138 1139/1139/1139 1148/1148/1148
f 1138/1138/1138 1148/1148/1148 1147/1147/1147
f 1139/1139/1139 1140/1140/1140 1149/1149/1149
f 1139/1139/1139 1149/1149/1149 1148/1148/1148
f 1141/1141/1141 1142/1142/1142 1151/1151/1151
f 1141/1141/1141 1151/1151/1151 1150/1150/1150
f 1142/1142/1142 1143/1143/1143 1152/1152/1152
f 1142/1142/1142 1152/1152/1152 1151/1151/1151
f 1143/1143/1143 1144/1144/1144 1153/1153/1153
f 1143/1143/1143 1153/1153/1153 1152/1152/1152
f 1144/1144/1144 1145/1145/1145 1154/1154/1154
f 1144/1144/1144 1154/1154/1154 1153/1153/1153
f 1145/1145/1145 1146/1146/1146 1155/1155/1155
f 1145/1145/1145 1155/1155/1155 1154/1154/1154
f 1146/1146/1146 1147/1147/1147 1156/1156/1156
f 1146/1146/1146 1156/1156/1156 1155/1155/1155
f 1147/1147/1147 1148/1148/1148 1157/1157/1157
f 1147/1147/1147 1157/1157/1157 1156/1156/1156
f 1148/1148/1148 1149/1149/1149 1158/1158/1158
f 1148/1148/1148 1158/1158/1158 1157/1157/1157
f 1150/1150/1150 1151/1151/1151 1160/1160/1160
f 1150/1150/1150 1160/1160/1160 1159/1159/1159
f 1151/1151/1151 1152/1152/1152 1161/1161/1161
f 1151/1151/1151 1161/1161/1161 1160/1160/1160
f 1152/1152/1152 1153/1153/1153 1162/1162/1162
f 1152/1152/1152 1162/1162/1162 1161/1161/1161
f 1153/1153/1153 1154/1154/1154 1163/1163/1163
f 1153/1153/1153 1163/1163/1163 1162/1162/1162
f 1154/1154/1154 1155/1155/1155 1164/1164/1164
f 1154/1154/1154 1164/1164/1164 1163/1163/1163
f 1155/1155/1155 1156/1156/1156 1165/1165/1165
f 1155/1155/1155 1165/1165/1165 1164/1164/1164
f 1156/1156/1156 1157/1157/1157 1166/1166/1166
f 1156/1156/1156 1166/1166/1166 1165/1165/1165
f 1157/1157/1157 1158/1158/1158 1167/1167/1167
f 1157/1157/1157 1167/1167/1167 1166/1166/1166
f 1159/1159/1159 1160/1160/1160 1169/1169/1169
f 1159/1159/1159 1169/1169/1169 1168/1168/1168
f 1160/1160/1160 1161/1161/1161 1170/1170/1170
f 1160/1160/1160 1170/1170/1170 1169/1169/1169
f 1161/1161/1161 1162/1162/1162 1171/1171/1171
f 1161/1161/1161 1171/1171/1171 1170/1170/1170
f 1162/1162/1162 1163/1163/1163 1172/1172/1172
f 1162/1162/1162 1172/1172/1172 1171/1171/1171
f 1163/1163/1163 1164/1164/1164 1173/1173/1173
f 1163/1163/1163 1173/1173/1173 1172/1172/1172
f 1164/1164/1164 1165/1165/1165 1174/1174/1174
f 1164/1164/1164 1174/1174/1174 1173/1173/1173
f 1165/1165/1165 1166/1166/1166 1175/1175/1175
f 1165/1165/1165 1175/1175/1175 1174/1174/1174
f 1166/1166/1166 1167/1167/1167 1176/1176/1176
f 1166/1166/1166 1176/1176/1176 1175/1175/1175
f 1168/1168/1168 1169/1169/1169 1178/1178/1178
f 1168/1168/1168 1178/1178/1178 1177/1177/1177
f 1169/1169/1169 1170/1170/1170 1179/1179/1179
f 1169/1169/1169 1179/1179/1179 1178/1178/1178
f 1170/1170/1170 1171/1171/1171 1180/1180/1180
f 1170/1170/1170 1180/1180/1180 1179/1179/1179
f 1171/1171/1171 1172/1172/1172 1181/1181/1181
f 1171/1171/1171 1181/1181/1181 1180/1180/1180
f 1172/1172/1172 1173/1173/1173 1182/1182/1182
f 1172/1172/1172 1182/1182/1182 1181/1181/1181
f 1173/1173/1173 1174/1174/1174 1183/1183/1183
f 1173/1173/1173 1183/1183/1183 1182/1182/1182
f 1174/1174/1174 1175/1175/1175 1184/1184/1184
f 1174/1174/1174 1184/1184/1184 1183/1183/1183
f 1175/1175/1175 1176/1176/1176 1185/1185/1185
f 1175/1175/1175 1185/1185/1185 1184/1184/1184
f 1186/1186/1186 1212/1212/1212 1187/1187/1187
f 1186/1186/1186 1211/1211/1211 1212/1212/1212
f 1187/1187/1187 1213/1213/1213 1188/1188/1188
f 1187/1187/1187 1212/1212/1212 1213/1213/1213
f 1188/1188/1188 1214/1214/1214 1189/1189/1189
f 1188/1188/1188 1213/1213/1213 1214/1214/1214
f 1189/1189/1189 1215/1215/1215 1190/1190/1190
f 1189/1189/1189 1214/1214/1214 1215/1215/1215
f 1190/1190/1190 1216/1216/1216 1191/1191/1191
f 1190/1190/1190 1215/1215/1215 1216/1216/1216
f 1191/1191/1191 1217/1217/1217 1192/1192/1192
f 1191/1191/1191 1216/1216/1216 1217/1217/1217
f 1192/1192/1192 1218/1218/1218 1193/1193/1193
f 1192/1192/1192 1217/1217/1217 1218/1218/1218
f 1193/1193/1193 1219/1219/1219 1194/1194/1194
f 1193/1193/1193 1218/1218/1218 1219/1219/1219
f 1194/1194/1194 1220/1220/1220 1195/1195/1195
f 1194/1194/1194 1219/1219/1219 1220/1220/1220
f 1195/1195/1195 1221/1221/1221 1196/1196/1196
f 1195/1195/1195 1220/1220/1220 1221/1221/1221
f 1196/1196/1196 1222/1222/1222 1197/1197/1197
f 1196/1196/1196 1221/1221/1221 1222/1222/1222
f 1197/1197/1197 1223/1223/1223 1198/1198/1198
f 1197/1197/1197 1222/1222/1222 1223/1223/1223
f 1198/1198/1198 1224/1224/1224 1199/1199/1199
f 1198/1198/1198 1223/1223/1223 1224/1224/1224
f 1199/1199/1199 1225/1225/1225 1200/1200/1200
f 1199/1199/1199 1224/1224/1224 1225/1225/1225
f 1200/1200/1200 1226/1226/1226 1201/1201/1201
f 1200/1200/1200 1225/1225/1225 1226/1226/1226
f 1201/1201/1201 1227/1227/1227 1202/1202/1202
f 1201/1201/1201 1226/1226/1226 1227/1227/1227
f 1202/1202/1202 1228/1228/1228 1203/1203/1203
f 1202/1202/1202 1227/1227/1227 1228/1228/1228
f 1203/1203/1203 1229/1229/1229 1204/1204/1204
f 1203/1203/1203 1228/1228/1228 1229/1229/1229
f 1204/1204/1204 1230/1230/1230 1205/1205/1205
f 1204/1204/1204 1229/1229/1229 1230/1230/1230
f 1205/1205/1205 1231/1231/1231 1206/1206/1206
f 1205/1205/1205 1230/1230/1230 1231/1231/1231
f 1206/1206/1206 1232/1232/1232 1207/1207/1207
f 1206/1206/1206 1231/1231/1231 1232/1232/1232
f 1207/1207/1207 1233/1233/1233 1208/1208/1208
f 1207/1207/1207 1232/1232/1232 1233/1233/1233
f 1208/1208/1208 1234/1234/1234 1209/1209/1209
f 1208/1208/1208 1233/1233/1233 1234/1234/1234
f 1209/1209/1209 1235/1235/1235 1210/1210/1210
f 1209/1209/1209 1234/1234/1234 1235/1235/1235
f 1211/1211/1211 1237/1237/1237 1212/1212/1212
f 1211/1211/1211 1236/1236/1236 1237/1237/1237
f 1212/1212/1212 1238/1238/1238 1213/1213/1213
f 1212/1212/1212 1237/1237/1237 1238/1238/1238
f 1213/1213/1213 1239/1239/1239 1214/1214/1214
f 1213/1213/1213 1238/1238/1238 1239/1239/1239
f 1214/1214/1214 1240/1240/1240 1215/1215/1215
f 1214/1214/1214 1239/1239/1239 1240/1240/1240
f 1215/1215/1215 1241/1241/1241 1216/1216/1216
f 1215/1215/1215 1240/1240/1240 1241/1241/1241
f 1216/1216/1216 1242/1242/1242 1217/1217/1217
f 1216/1216/1216 1241/1241/1241 1242/1242/1242
f 1217/1217/1217 1243/1243/1243 1218/1218/1218
f 1217/1217/1217 1242/1242/1242 1243/1243/1243
f 1218/1218/1218 1244/1244/1244 1219/1219/1219
f 1218/1218/1218 1243/1243/1243 1244/1244/1244
f 1219/1219/1219 1245/1245/1245 1220/1220/1220
f 1219/1219/1219 1244/1244/1244 1245/1245/1245
f 1220/1220/1220 1246/1246/1246 1221/1221/1221
f 1220/1220/1220 1245/1245/1245 1246/1246/1246
f 1221/1221/1221 1247/1247/1247 1222/1222/1222
f 1221/1221/1221 1246/1246/1246 1247/1247/1247
f 1222/1222/1222 1248/1248/1248 1223/1223/1223
f 1222/1222/1222 1247/1247/1247 1248/1248/1248
f 1223/1223/1223 1249/1249/1249 1224/1224/1224
f 1223/1223/1223 1248/1248/1248 1249/1249/1249
f 1224/1224/1224 1250/1250/1250 1225/1225/1225
f 1224/1224/1224 1249/1249/1249 1250/1250/1250
f 1225/1225/1225 1251/1251/1251 1226/1226/1226
f 1225/1225/1225 1250/1250/1250 1251/1251/1251
f 1226/1226/1226 1252/1252/1252 1227/1227/1227
f 1226/1226/1226 1251/1251/1251 1252/1252/1252
f 1227/1227/1227 1253/1253/1253 1228/1228/1228
f 1227/1227/1227 1252/1252/1252 1253/1253/1253
f 1228/1228/1228 1254/1254/1254 1229/1229/1229
f 1228/1228/1228 1253/1253/1253 1254/1254/1254
f 1229/1229/1229 1255/1255/1255 1230/1230/1230
f 1229/1229/1229 1254/1254/1254 1255/1255/1255
f 1230/1230/1230 1256/1256/1256 1231/1231/1231
f 1230/1230/1230 1255/1255/1255 1256/1256/1256
f 1231/1231/1231 1257/1257/1257 1232/1232/1232
f 1231/1231/1231 1256/1256/1256 1257/1257/1257
f 1232/1232/1232 1258/1258/1258 1233/1233/1233
f 1232/1232/1232 1257/1257/1257 1258/1258/1258
f 1233/1233/1233 1259/1259/1259 1234/1234/1234
f 1233/1233/1233 1258/1258/1258 1259/1259/1259
f 1234/1234/1234 1260/1260/1260 1235/1235/1235
f 1234/1234/1234 1259/1259/1259 1260/1260/1260
f 1236/1236/1236 1262/1262/1262 1237/1237/1237
f 1236/1236/1236 1261/1261/1261 1262/1262/1262
f 1237/1237/1237 1263/1263/1263 1238/1238/1238
f 1237/1237/1237 1262/1262/1262 1263/1263/1263
f 1238/1238/1238 1264/1264/1264 1239/1239/1239
f 1238/1238/1238 1263/1263/1263 1264/1264/1264
f 1239/1239/1239 1265/1265/1265 1240/1240/1240
f 1239/1239/1239 1264/1264/1264 1265/1265/1265
f 1240/1240/1240 1266/1266/1266 1241/1241/1241
f 1240/1240/1240 1265/1265/1265 1266/1266/1266
f 1241/1241/1241 1267/1267/1267 1242/1242/1242
f 1241/1241/1241 1266/1266/1266 1267/1267/1267
f 1242/1242/1242 1268/1268/1268 1243/1243/1243
f 1242/1242/1242 1267/1267/1267 1268/1268/1268
f 1243/1243/1243 1269/1269/1269 1244/1244/1244
f 1243/1243/1243 1268/1268/1268 1269/1269/1269
f 1244/1244/1244 1270/1270/1270 1245/1245/1245
f 1244/1244/1244 1269/1269/1269 1270/1270/1270
f 1245/1245/1245 1271/1271/1271 1246/1246/1246
f 1245/1245/1245 1270/1270/1270 1271/1271/1271
f 1246/1246/1246 1272/1272/1272 1247/1247/1247
f 1246/1246/1246 1271/1271/1271 1272/1272/1272
f 1247/1247/1247 1273/1273/1273 1248/1248/1248
f 1247/1247/1247 1272/1272/1272 1273/1273/1273
f 1248/1248/1248 1274/1274/1274 1249/1249/1249
f 1248/1248/1248 1273/1273/1273 1274/1274/1274
f 1249/1249/1249 1275/1275/1275 1250/1250/1250
f 1249/1249/1249 1274/1274/1274 1275/1275/1275
f 1250/1250/1250 1276/1276/1276 1251/1251/1251
f 1250/1250/1250 1275/1275/1275 1276/1276/1276
f 1251/1251/1251 1277/1277/1277 1252/1252/1252
f 1251/1251/1251 1276/1276/1276 1277/1277/1277
f 1252/1252/1252 1278/1278/1278 1253/1253/1253
f 1252/1252/1252 1277/1277/1277 1278/1278/1278
f 1253/1253/1253 1279/1279/1279 1254/1254/1254
f 1253/1253/1253 1278/1278/1278 1279/1279/1279
f 1254/1254/1254 1280/1280/1280 1255/1255/1255
f 1254/1254/1254 1279/1279/1279 1280/1280/1280
f 1255/1255/1255 1281/1281/1281 1256/1256/1256
f 1255/1255/1255 1280/1280/1280 1281/1281/1281
f 1256/1256/1256 1282/1282/1282 1257/1257/1257
f 1256/1256/1256 1281/1281/1281 1282/1282/1282
f 1257/1257/1257 1283/1283/1283 1258/1258/1258
f 1257/1257/1257 1282/1282/1282 1283/1283/1283
f 1258/1258/1258 1284/1284/1284 1259/1259/1259
f 1258/1258/1258 1283/1283/1283 1284/1284/1284
f 1259/1259/1259 1285/1285/1285 1260/1260/1260
f 1259/1259/1259 1284/1284/1284 1285/1285/1285
f 1261/1261/1261 1287/1287/1287 1262/1262/1262
f 1261/1261/1261 1286/1286/1286 1287/1287/1287
f 1262/1262/1262 1288/1288/1288 1263/1263/1263
f 1262/1262/1262 1287/1287/1287 1288/1288/1288
f 1263/1263/1263 1289/1289/1289 1264/1264/1264
f 1263/1263/1263 1288/1288/1288 1289/1289/1289
f 1264/1264/1264 1290/1290/1290 1265/1265/1265
f 1264/1264/1264 1289/1289/1289 1290/1290/1290
f 1265/1265/1265 1291/1291/1291 1266/1266/1266
f 1265/1265/1265 1290/1290/1290 1291/1291/1291
f 1266/1266/1266 1292/1292/1292 1267/1267/1267
f 1266/1266/1266 1291/1291/1291 1292/1292/1292
f 1267/1267/1267 1293/1293/1293 1268/1268/1268
f 1267/1267/1267 1292/1292/1292 1293/1293/1293
f 1268/1268/1268 1294/1294/1294 1269/1269/1269
f 1268/1268/1268 1293/1293/1293 1294/1294/1294
f 1269/1269/1269 1295/1295/1295 1270/1270/1270
f 1269/1269/1269 1294/1294/1294 1295/1295/1295
f 1270/1270/1270 1296/1296/1296 1271/1271/1271
f 1270/1270/1270 1295/1295/1295 1296/1296/1296
f 1271/1271/1271 1297/1297/1297 1272/1272/1272
f 1271/1271/1271 1296/1296/1296 1297/1297/1297
f 1272/1272/1272 1298/1298/1298 1273/1273/1273
f 1272/1272/1272 1297/1297/1297 1298/1298/1298
f 1273/1273/1273 1299/1299/1299 1274/1274/1274
f 1273/1273/1273 1298/1298/1298 1299/1299/1299
f 1274/1274/1274 1300/1300/1300 1275/1275/1275
f 1274/1274/1274 1299/1299/1299 1300/1300/1300
f 1275/1275/1275 1301/1301/1301 1276/1276/1276
f 1275/1275/1275 1300/1300/1300 1301/1301/1301
f 1276/1276/1276 1302/1302/1302 1277/1277/1277
f 1276/1276/1276 1301/1301/1301 1302/1302/1302
f 1277/1277/1277 1303/1303/1303 1278/1278/1278
f 1277/1277/1277 1302/1302/1302 1303/1303/1303
f 1278/1278/1278 1304/1304/1304 1279/1279/1279
f 1278/1278/1278 1303/1303/1303 1304/1304/1304
f 1279/1279/1279 1305/1305/1305 1280/1280/1280
f 1279/1279/1279 1304/1304/1304 1305/1305/1305
f 1280/1280/1280 1306/1306/1306 1281/1281/1281
f 1280/1280/1280 1305/1305/1305 1306/1306/1306
f 1281/1281/1281 1307/1307/1307 1282/1282/1282
f 1281/1281/1281 1306/1306/1306 1307/1307/1307
f 1282/1282/1282 1308/1308/1308 1283/1283/1283
f 1282/1282/1282 1307/1307/1307 1308/1308/1308
f 1283/1283/1283 1309/1309/1309 1284/1284/1284
f 1283/1283/1283 1308/1308/1308 1309/1309/1309
f 1284/1284/1284 1310/1310/1310 1285/1285/1285
f 1284/1284/1284 1309/1309/1309 1310/1310/1310
f 1286/1286/1286 1312/1312/1312 1287/1287/1287
f 1286/1286/1286 1311/1311/1311 1312/1312/1312
f 1287/1287/1287 1313/1313/1313 1288/1288/1288
f 1287/1287/1287 1312/1312/1312 1313/1313/1313
f 1288/1288/1288 1314/1314/1314 1289/1289/1289
f 1288/1288/1288 1313/1313/1313 1314/1314/1314
f 1289/1289/1289 1315/1315/1315 1290/1290/1290
f 1289/1289/1289 1314/1314/1314 1315/1315/1315
f 1290/1290/1290 1316/1316/1316 1291/1291/1291
f 1290/1290/1290 1315/1315/1315 1316/1316/1316
f 1291/1291/1291 1317/1317/1317 1292/1292/1292
f 1291/1291/1291 1316/1316/1316 1317/1317/1317
f 1292/1292/1292 1318/1318/1318 1293/1293/1293
f 1292/1292/1292 1317/1317/1317 1318/1318/1318
f 1293/1293/1293 1319/1319/1319 1294/1294/1294
f 1293/1293/1293 1318/1318/1318 1319/1319/1319
f 1294/1294/1294 1320/1320/1320 1295/1295/1295
f 1294/1294/1294 1319/1319/1319 1320/1320/1320
f 1295/1295/1295 1321/1321/1321 1296/1296/1296
f 1295/1295/1295 1320/1320/1320 1321/1321/1321
f 1296/1296/1296 1322/1322/1322 1297/1297/1297
f 1296/1296/1296 1321/1321/1321 1322/1322/1322
f 1297/1297/1297 1323/1323/1323 1298/1298/1298
f 1297/1297/1297 1322/1322/1322 1323/1323/1323
f 1298/1298/1298 1324/1324/1324 1299/1299/1299
f 1298/1298/1298 1323/1323/1323 1324/1324/1324
f 1299/1299/1299 1325/1325/1325 1300/1300/1300
f 1299/1299/1299 1324/1324/1324 1325/1325/1325
f 1300/1300/1300 1326/1326/1326 1301/1301/1301
f 1300/1300/1300 1325/1325/1325 1326/1326/1326
f 1301/1301/1301 1327/1327/1327 1302/1302/1302
f 1301/1301/1301 1326/1326/1326 1327/1327/1327
f 1302/1302/1302 1328/1328/1328 1303/1303/1303
f 1302/1302/1302 1327/1327/1327 1328/1328/1328
f 1303/1303/1303 1329/1329/1329 1304/1304/1304
f 1303/1303/1303 1328/1328/1328 1329/1329/1329
f 1304/1304/1304 1330/1330/1330 1305/1305/1305
f 1304/1304/1304 1329/1329/1329 1330/1330/1330
f 1305/1305/1305 1331/1331/1331 1306/1306/1306
f 1305/1305/1305 1330/1330/1330 1331/1331/1331
f 1306/1306/1306 1332/1332/1332 1307/1307/1307
f 1306/1306/1306 1331/1331/1331 1332/1332/1332
f 1307/1307/1307 1333/1333/1333 1308/1308/1308
f 1307/1307/1307 1332/1332/1332 1333/1333/1333
f 1308/1308/1308 1334/1334/1334 1309/1309/1309
f 1308/1308/1308 1333/1333/1333 1334/1334/1334
f 1309/1309/1309 1335/1335/1335 1310/1310/1310
f 1309/1309/1309 1334/1334/1334 1335/1335/1335
f 1311/1311/1311 1337/1337/1337 1312/1312/1312
f 1311/1311/1311 1336/1336/1336 1337/1337/1337
f 1312/1312/1312 1338/1338/1338 1313/1313/1313
f 1312/1312/1312 1337/1337/1337 1338/1338/1338
f 1313/1313/1313 1339/1339/1339 1314/1314/1314
f 1313/1313/1313 1338/1338/1338 1339/1339/1339
f 1314/1314/1314 1340/1340/1340 1315/1315/1315
f 1314/1314/1314 1339/1339/1339 1340/1340/1340
f 1315/1315/1315 1341/1341/1341 1316/1316/1316
f 1315/1315/1315 1340/1340/1340 1341/1341/1341
f 1316/1316/1316 1342/1342/1342 1317/1317/1317
f 1316/1316/1316 1341/1341/1341 1342/1342/1342
f 1317/1317/1317 1343/1343/1343 1318/1318/1318
f 1317/1317/1317 1342/1342/1342 1343/1343/1343
f 1318/1318/1318 1344/1344/1344 1319/1319/1319
f 1318/1318/1318 1343/1343/1343 1344/1344/1344
f 1319/1319/1319 1345/1345/1345 1320/1320/1320
f 1319/1319/1319 1344/1344/1344 1345/1345/1345
f 1320/1320/1320 1346/1346/1346 1321/1321/1321
f 1320/1320/1320 1345/1345/1345 1346/1346/1346
f 1321/1321/1321 1347/1347/1347 1322/1322/1322
f 1321/1321/1321 1346/1346/1346 1347/1347/1347
f 1322/1322/1322 1348/1348/1348 1323/1323/1323
f 1322/1322/1322 1347/1347/1347 1348/1348/1348
f 1323/1323/1323 1349/1349/1349 1324/1324/1324
f 1323/1323/1323 1348/1348/1348 1349/1349/1349
f 1324/1324/1324 1350/1350/1350 1325/1325/1325
f 1324/1324/1324 1349/1349/1349 1350/1350/1350
f 1325/1325/1325 1351/1351/1351 1326/1326/1326
f 1325/1325/1325 1350/1350/1350 1351/1351/1351
f 1326/1326/1326 1352/1352/1352 1327/1327/1327
f 1326/1326/1326 1351/1351/1351 1352/1352/1352
f 1327/1327/1327 1353/1353/1353 1328/1328/1328
f 1327/1327/1327 1352/1352/1352 1353/1353/1353
f 1328/1328/1328 1354/1354/1354 1329/1329/1329
f 1328/1328/1328 1353/1353/1353 1354/1354/1354
f 1329/1329/1329 1355/1355/1355 1330/1330/1330
f 1329/1329/1329 1354/1354/1354 1355/1355/1355
f 1330/1330/1330 1356/1356/1356 1331/1331/1331
f 1330/1330/1330 1355/1355/1355 1356/1356/1356
f 1331/1331/1331 1357/1357/1357 1332/1332/1332
f 1331/1331/1331 1356/1356/1356 1357/1357/1357
f 1332/1332/1332 1358/1358/1358 1333/1333/1333
f 1332/1332/1332 1357/1357/1357 1358/1358/1358
f 1333/1333/1333 1359/1359/1359 1334/1334/1334
f 1333/1333/1333 1358/1358/1358 1359/1359/1359
f 1334/1334/1334 1360/1360/1360 1335/1335/1335
f 1334/1334/1334 1359/1359/1359 1360/1360/1360
f 1336/1336/1336 1362/1362/1362 1337/1337/1337
f 1336/1336/1336 1361/1361/1361 1362/1362/1362
f 1337/1337/1337 1363/1363/1363 1338/1338/1338
f 1337/1337/1337 1362/1362/1362 1363/1363/1363
f 1338/1338/1338 1364/1364/1364 1339/1339/1339
f 1338/1338/1338 1363/1363/1363 1364/1364/1364
f 1339/1339/1339 1365/1365/1365 1340/1340/1340
f 1339/1339/1339 1364/1364/1364 1365/1365/1365
f 1340/1340/1340 1366/1366/1366 1341/1341/1341
f 1340/1340/1340 1365/1365/1365 1366/1366/1366
f 1341/1341/1341 1367/1367/1367 1342/1342/1342
f 1341/1341/1341 1366/1366/1366 1367/1367/1367
f 1342/1342/1342 1368/1368/1368 1343/1343/1343
f 1342/1342/1342 1367/1367/1367 1368/1368/1368
f 1343/1343/1343 1369/1369/1369 1344/1344/1344
f 1343/1343/1343 1368/1368/1368 1369/1369/1369
f 1344/1344/1344 1370/1370/1370 1345/1345/1345
f 1344/1344/1344 1369/1369/1369 1370/1370/1370
f 1345/1345/1345 1371/1371/1371 1346/1346/1346
f 1345/1345/1345 1370/1370/1370 1371/1371/1371
f 1346/1346/1346 1372/1372/1372 1347/1347/1347
f 1346/1346/1346 1371/1371/1371 1372/1372/1372
f 1347/1347/1347 1373/1373/1373 1348/1348/1348
f 1347/1347/1347 1372/1372/1372 1373/1373/1373
f 1348/1348/1348 1374/1374/1374 1349/1349/1349
f 1348/1348/1348 1373/1373/1373 1374/1374/1374
f 1349/1349/1349 1375/1375/1375 1350/1350/1350
f 1349/1349/1349 1374/1374/1374 1375/1375/1375
f 1350/1350/1350 1376/1376/1376 1351/1351/1351
f 1350/1350/1350 1375/1375/1375 1376/1376/1376
f 1351/1351/1351 1377/1377/1377 1352/1352/1352
f 1351/1351/1351 1376/1376/1376 1377/1377/1377
f 1352/1352/1352 1378/1378/1378 1353/1353/1353
f 1352/1352/1352 1377/1377/1377 1378/1378/1378
f 1353/1353/1353 1379/1379/1379 1354/1354/1354
f 1353/1353/1353 1378/1378/1378 1379/1379/1379
f 1354/1354/1354 1380/1380/1380 1355/1355/1355
f 1354/1354/1354 1379/1379/1379 1380/1380/1380
f 1355/1355/1355 1381/1381/1381 1356/1356/1356
f 1355/1355/1355 1380/1380/1380 1381/1381/1381
f 1356/1356/1356 1382/1382/1382 1357/1357/1357
f 1356/1356/1356 1381/1381/1381 1382/1382/1382
f 1357/1357/1357 1383/1383/1383 1358/1358/1358
f 1357/1357/1357 1382/1382/1382 1383/1383/1383
f 1358/1358/1358 1384/1384/1384 1359/1359/1359
f 1358/1358/1358 1383/1383/1383 1384/1384/1384
f 1359/1359/1359 1385/1385/1385 1360/1360/1360
f 1359/1359/1359 1384/1384/1384 1385/1385/1385
f 1361/1361/1361 1387/1387/1387 1362/1362/1362
f 1361/1361/1361 1386/1386/1386 1387/1387/1387
f 1362/1362/1362 1388/1388/1388 1363/1363/1363
f 1362/1362/1362 1387/1387/1387 1388/1388/1388
f 1363/1363/1363 1389/1389/1389 1364/1364/1364
f 1363/1363/1363 1388/1388/1388 1389/1389/1389
f 1364/1364/1364 1390/1390/1390 1365/1365/1365
f 1364/1364/1364 1389/1389/1389 1390/1390/1390
f 1365/1365/1365 1391/1391/1391 1366/1366/1366
f 1365/1365/1365 1390/1390/1390 1391/1391/1391
f 1366/1366/1366 1392/1392/1392 1367/1367/1367
f 1366/1366/1366 1391/1391/1391 1392/1392/1392
f 1367/1367/1367 1393/1393/1393 1368/1368/1368
f 1367/1367/1367 1392/1392/1392 1393/1393/1393
f 1368/1368/1368 1394/1394/1394 1369/1369/1369
f 1368/1368/1368 1393/1393/1393 1394/1394/1394
f 1369/1369/1369 1395/1395/1395 1370/1370/1370
f 1369/1369/1369 1394/1394/1394 1395/1395/1395
f 1370/1370/1370 1396/1396/1396 1371/1371/1371
f 1370/1370/1370 1395/1395/1395 1396/1396/1396
f 1371/1371/1371 1397/1397/1397 1372/1372/1372
f 1371/1371/1371 1396/1396/1396 1397/1397/1397
f 1372/1372/1372 1398/1398/1398 1373/1373/1373
f 1372/1372/1372 1397/1397/1397 1398/1398/1398
f 1373/1373/1373 1399/1399/1399 1374/1374/1374
f 1373/1373/1373 1398/1398/1398 1399/1399/1399
f 1374/1374/1374 1400/1400/1400 1375/1375/1375
f 1374/1374/1374 1399/1399/1399 1400/1400/1400
f 1375/1375/1375 1401/1401/1401 1376/1376/1376
f 1375/1375/1375 1400/1400/1400 1401/1401/1401
f 1376/1376/1376 1402/1402/1402 1377/1377/1377
f 1376/1376/1376 1401/1401/1401 1402/1402/1402
f 1377/1377/1377 1403/1403/1403 1378/1378/1378
f 1377/1377/1377 1402/1402/1402 1403/1403/1403
f 1378/1378/1378 1404/1404/1404 1379/1379/1379
f 1378/1378/1378 1403/1403/1403 1404/1404/1404
f 1379/1379/1379 1405/1405/1405 1380/1380/1380
f 1379/1379/1379 1404/1404/1404 1405/1405/1405
f 1380/1380/1380 1406/1406/1406 1381/1381/1381
f 1380/1380/1380 1405/1405/1405 1406/1406/1406
f 1381/1381/1381 1407/1407/1407 1382/1382/1382
f 1381/1381/1381 1406/1406/1406 1407/1407/1407
f 1382/1382/1382 1408/1408/1408 1383/1383/1383
f 1382/1382/1382 1407/1407/1407 1408/1408/1408
f 1383/1383/1383 1409/1409/1409 1384/1384/1384
f 1383/1383/1383 1408/1408/1408 1409/1409/1409
f 1384/1384/1384 1410/1410/1410 1385/1385/1385
f 1384/1384/1384 1409/1409/1409 1410/1410/1410
f 1386/1386/1386 1412/1412/1412 1387/1387/1387
f 1386/1386/1386 1411/1411/1411 1412/1412/1412
f 1387/1387/1387 1413/1413/1413 1388/1388/1388
f 1387/1387/1387 1412/1412/1412 1413/1413/1413
f 1388/1388/1388 1414/1414/1414 1389/1389/1389
f 1388/1388/1388 1413/1413/1413 1414/1414/1414
f 1389/1389/1389 1415/1415/1415 1390/1390/1390
f 1389/1389/1389 1414/1414/1414 1415/1415/1415
f 1390/1390/1390 1416/1416/1416 1391/1391/1391
f 1390/1390/1390 1415/1415/1415 1416/1416/1416
f 1391/1391/1391 1417/1417/1417 1392/1392/1392
f 1391/1391/1391 1416/1416/1416 1417/1417/1417
f 1392/1392/1392 1418/1418/1418 1393/1393/1393
f 1392/1392/1392 1417/1417/1417 1418/1418/1418
f 1393/1393/1393 1419/1419/1419 1394/1394/1394
f 1393/1393/1393 1418/1418/1418 1419/1419/1419
f 1394/1394/1394 1420/1420/1420 1395/1395/1395
f 1394/1394/1394 1419/1419/1419 1420/1420/1420
f 1395/1395/1395 1421/1421/1421 1396/1396/1396
f 1395/1395/1395 1420/1420/1420 1421/1421/1421
f 1396/1396/1396 1422/1422/1422 1397/1397/1397
f 1396/1396/1396 1421/1421/1421 1422/1422/1422
f 1397/1397/1397 1423/1423/1423 1398/1398/1398
f 1397/1397/1397 1422/1422/1422 1423/1423/1423
f 1398/1398/1398 1424/1424/1424 1399/1399/1399
f 1398/1398/1398 1423/1423/1423 1424/1424/1424
f 1399/1399/1399 1425/1425/1425 1400/1400/1400
f 1399/1399/1399 1424/1424/1424 1425/1425/1425
f 1400/1400/1400 1426/1426/1426 1401/1401/1401
f 1400/1400/1400 1425/1425/1425 1426/1426/1426
f 1401/1401/1401 1427/1427/1427 1402/1402/1402
f 1401/1401/1401 1426/1426/1426 1427/1427/1427
f 1402/1402/1402 1428/1428/1428 1403/1403/1403
f 1402/1402/1402 1427/1427/1427 1428/1428/1428
f 1403/1403/1403 1429/1429/1429 1404/1404/1404
f 1403/1403/1403 1428/1428/1428 1429/1429/1429
f 1404/1404/1404 1430/1430/1430 1405/1405/1405
f 1404/1404/1404 1429/1429/1429 1430/1430/1430
f 1405/1405/1405 1431/1431/1431 1406/1406/1406
f 1405/1405/1405 1430/1430/1430 1431/1431/1431
f 1406/1406/1406 1432/1432/1432 1407/1407/1407
f 1406/1406/1406 1431/1431/1431 1432/1432/1432
f 1407/1407/1407 1433/1433/1433 1408/1408/1408
f 1407/1407/1407 1432/1432/1432 1433/1433/1433
f 1408/1408/1408 1434/1434/1434 1409/1409/1409
f 1408/1408/1408 1433/1433/1433 1434/1434/1434
f 1409/1409/1409 1435/1435/1435 1410/1410/1410
f 1409/1409/1409 1434/1434/1434 1435/1435/1435
f 1411/1411/1411 1437/1437/1437 1412/1412/1412
f 1411/1411/1411 1436/1436/1436 1437/1437/1437
f 1412/1412/1412 1438/1438/1438 1413/1413/1413
f 1412/1412/1412 1437/1437/1437 1438/1438/1438
f 1413/1413/1413 1439/1439/1439 1414/1414/1414
f 1413/1413/1413 1438/1438/1438 1439/1439/1439
f 1414/1414/1414 1440/1440/1440 1415/1415/1415
f 1414/1414/1414 1439/1439/1439 1440/1440/1440
f 1415/1415/1415 1441/1441/1441 1416/1416/1416
f 1415/1415/1415 1440/1440/1440 1441/1441/1441
f 1416/1416/1416 1442/1442/1442 1417/1417/1417
f 1416/1416/1416 1441/1441/1441 1442/1442/1442
f 1417/1417/1417 1443/1443/1443 1418/1418/1418
f 1417/1417/1417 1442/1442/1442 1443/1443/1443
f 1418/1418/1418 1444/1444/1444 1419/1419/1419
f 1418/1418/1418 1443/1443/1443 1444/1444/1444
f 1419/1419/1419 1445/1445/1445 1420/1420/1420
f 1419/1419/1419 1444/1444/1444 1445/1445/1445
f 1420/1420/1420 1446/1446/1446 1421/1421/1421
f 1420/1420/1420 1445/1445/1445 1446/1446/1446
f 1421/1421/1421 1447/1447/1447 1422/1422/1422
f 1421/1421/1421 1446/1446/1446 1447/1447/1447
f 1422/1422/1422 1448/1448/1448 1423/1423/1423
f 1422/1422/1422 1447/1447/1447 1448/1448/1448
f 1423/1423/1423 1449/1449/1449 1424/1424/1424
f 1423/1423/1423 1448/1448/1448 1449/1449/1449
f 1424/1424/1424 1450/1450/1450 1425/1425/1425
f 1424/1424/1424 1449/1449/1449 1450/1450/1450
f 1425/1425/1425 1451/1451/1451 1426/1426/1426
f 1425/1425/1425 1450/1450/1450 1451/1451/1451
f 1426/1426/1426 1452/1452/1452 1427/1427/1427
f 1426/1426/1426 1451/1451/1451 1452/1452/1452
f 1427/1427/1427 1453/1453/1453 1428/1428/1428
f 1427/1427/1427 1452/1452/1452 1453/1453/1453
f 1428/1428/1428 1454/1454/1454 1429/1429/1429
f 1428/1428/1428 1453/1453/1453 1454/1454/1454
f 1429/1429/1429 1455/1455/1455 1430/1430/1430
f 1429/1429/1429 1454/1454/1454 1455/1455/1455
f 1430/1430/1430 1456/1456/1456 1431/1431/1431
f 1430/1430/1430 1455/1455/1455 1456/1456/1456
f 1431/1431/1431 1457/1457/1457 1432/1432/1432
f 1431/1431/1431 1456/1456/1456 1457/1457/1457
f 1432/1432/1432 1458/1458/1458 1433/1433/1433
f 1432/1432/1432 1457/1457/1457 1458/1458/1458
f 1433/1433/1433 1459/1459/1459 1434/1434/1434
f 1433/1433/1433 1458/1458/1458 1459/1459/1459
f 1434/1434/1434 1460/1460/1460 1435/1435/1435
f 1434/1434/1434 1459/1459/1459 1460/1460/1460
f 1436/1436/1436 1462/1462/1462 1437/1437/1437
f 1436/1436/1436 1461/1461/1461 1462/1462/1462
f 1437/1437/1437 1463/1463/1463 1438/1438/1438
f 1437/1437/1437 1462/1462/1462 1463/1463/1463
f 1438/1438/1438 1464/1464/1464 1439/1439/1439
f 1438/1438/1438 1463/1463/1463 1464/1464/1464
f 1439/1439/1439 1465/1465/1465 1440/1440/1440
f 1439/1439/1439 1464/1464/1464 1465/1465/1465
f 1440/1440/1440 1466/1466/1466 1441/1441/1441
f 1440/1440/1440 1465/1465/1465 1466/1466/1466
f 1441/1441/1441 1467/1467/1467 1442/1442/1442
f 1441/1441/1441 1466/1466/1466 1467/1467/1467
f 1442/1442/1442 1468/1468/1468 1443/1443/1443
f 1442/1442/1442 1467/1467/1467 1468/1468/1468
f 1443/1443/1443 1469/1469/1469 1444/1444/1444
f 1443/1443/1443 1468/1468/1468 1469/1469/1469
f 1444/1444/1444 1470/1470/1470 1445/1445/1445
f 1444/1444/1444 1469/1469/1469 1470/1470/1470
f 1445/1445/1445 1471/1471/1471 1446/1446/1446
f 1445/1445/1445 1470/1470/1470 1471/1471/1471
f 1446/1446/1446 1472/1472/1472 1447/1447/1447
f 1446/1446/1446 1471/1471/1471 1472/1472/1472
f 1447/1447/1447 1473/1473/1473 1448/1448/1448
f 1447/1447/1447 1472/1472/1472 1473/1473/1473
f 1448/1448/1448 1474/1474/1474 1449/1449/1449
f 1448/1448/1448 1473/1473/1473 1474/1474/1474
f 1449/1449/1449 1475/1475/1475 1450/1450/1450
f 1449/1449/1449 1474/1474/1474 1475/1475/1475
f 1450/1450/1450 1476/1476/1476 1451/1451/1451
f 1450/1450/1450 1475/1475/1475 1476/1476/1476
f 1451/1451/1451 1477/1477/1477 1452/1452/1452
f 1451/1451/1451 1476/1476/1476 1477/1477/1477
f 1452/1452/1452 1478/1478/1478 1453/1453/1453
f 1452/1452/1452 1477/1477/1477 1478/1478/1478
f 1453/1453/1453 1479/1479/1479 1454/1454/1454
f 1453/1453/1453 1478/1478/1478 1479/1479/1479
f 1454/1454/1454 1480/1480/1480 1455/1455/1455
f 1454/1454/1454 1479/1479/1479 1480/1480/1480
f 1455/1455/1455 1481/1481/1481 1456/1456/1456
f 1455/1455/1455 1480/1480/1480 1481/1481/1481
f 1456/1456/1456 1482/1482/1482 1457/1457/1457
f 1456/1456/1456 1481/1481/1481 1482/1482/1482
f 1457/1457/1457 1483/1483/1483 1458/1458/1458
f 1457/1457/1457 1482/1482/1482 1483/1483/1483
f 1458/1458/1458 1484/1484/1484 1459/1459/1459
f 1458/1458/1458 1483/1483/1483 1484/1484/1484
f 1459/1459/1459 1485/1485/1485 1460/1460/1460
f 1459/1459/1459 1484/1484/1484 1485/1485/1485
f 1461/1461/1461 1487/1487/1487 1462/1462/1462
f 1461/1461/1461 1486/1486/1486 1487/1487/1487
f 1462/1462/1462 1488/1488/1488 1463/1463/1463
f 1462/1462/1462 1487/1487/1487 1488/1488/1488
f 1463/1463/1463 1489/1489/1489 1464/1464/1464
f 1463/1463/1463 1488/1488/1488 1489/1489/1489
f 1464/1464/1464 1490/1490/1490 1465/1465/1465
f 1464/1464/1464 1489/1489/1489 1490/1490/1490
f 1465/1465/1465 1491/1491/1491 1466/1466/1466
f 1465/1465/1465 1490/1490/1490 1491/1491/1491
f 1466/1466/1466 1492/1492/1492 1467/1467/1467
f 1466/1466/1466 1491/1491/1491 1492/1492/1492
f 1467/1467/1467 1493/1493/1493 1468/1468/1468
f 1467/1467/1467 1492/1492/1492 1493/1493/1493
f 1468/1468/1468 1494/1494/1494 1469/1469/1469
f 1468/1468/1468 1493/1493/1493 1494/1494/1494
f 1469/1469/1469 1495/1495/1495 1470/1470/1470
f 1469/1469/1469 1494/1494/1494 1495/1495/1495
f 1470/1470/1470 1496/1496/1496 1471/1471/1471
f 1470/1470/1470 1495/1495/1495 1496/1496/1496
f 1471/1471/1471 1497/1497/1497 1472/1472/1472
f 1471/1471/1471 1496/1496/1496 1497/1497/1497
f 1472/1472/1472 1498/1498/1498 1473/1473/1473
f 1472/1472/1472 1497/1497/1497 1498/1498/1498
f 1473/1473/1473 1499/1499/1499 1474/1474/1474
f 1473/1473/1473 1498/1498/1498 1499/1499/1499
f 1474/1474/1474 1500/1500/1500 1475/1475/1475
f 1474/1474/1474 1499/1499/1499 1500/1500/1500
f 1475/1475/1475 1501/1501/1501 1476/1476/1476
f 1475/1475/1475 1500/1500/1500 1501/1501/1501
f 1476/1476/1476 1502/1502/1502 1477/1477/1477
f 1476/1476/1476 1501/1501/1501 1502/1502/1502
f 1477/1477/1477 1503/1503/1503 1478/1478/1478
f 1477/1477/1477 1502/1502/1502 1503/1503/1503
f 1478/1478/1478 1504/1504/1504 1479/1479/1479
f 1478/1478/1478 1503/1503/1503 1504/1504/1504
f 1479/1479/1479 1505/1505/1505 1480/1480/1480
f 1479/1479/1479 1504/1504/1504 1505/1505/1505
f 1480/1480/1480 1506/1506/1506 1481/1481/1481
f 1480/1480/1480 1505/1505/1505 1506/1506/1506
f 1481/1481/1481 1507/1507/1507 1482/1482/1482
f 1481/1481/1481 1506/1506/1506 1507/1507/1507
f 1482/1482/1482 1508/1508/1508 1483/1483/1483
f 1482/1482/1482 1507/1507/1507 1508/1508/1508
f 1483/1483/1483 1509/1509/1509 1484/1484/1484
f 1483/1483/1483 1508/1508/1508 1509/1509/1509
f 1484/1484/1484 1510/1510/1510 1485/1485/1485
f 1484/1484/1484 1509/1509/1509 1510/1510/1510
f 1486/1486/1486 1512/1512/1512 1487/1487/1487
f 1486/1486/1486 1511/1511/1511 1512/1512/1512
f 1487/1487/1487 1513/1513/1513 1488/1488/1488
f 1487/1487/1487 1512/1512/1512 1513/1513/1513
f 1488/1488/1488 1514/1514/1514 1489/1489/1489
f 1488/1488/1488 1513/1513/1513 1514/1514/1514
f 1489/1489/1489 1515/1515/1515 1490/1490/1490
f 1489/1489/1489 1514/1514/1514 1515/1515/1515
f 1490/1490/1490 1516/1516/1516 1491/1491/1491
f 1490/1490/1490 1515/1515/1515 1516/1516/1516
f 1491/1491/1491 1517/1517/1517 1492/1492/1492
f 1491/1491/1491 1516/1516/1516 1517/1517/1517
f 1492/1492/1492 1518/1518/1518 1493/1493/1493
f 1492/1492/1492 1517/1517/1517 1518/1518/1518
f 1493/1493/1493 1519/1519/1519 1494/1494/1494
f 1493/1493/1493 1518/1518/1518 1519/1519/1519
f 1494/1494/1494 1520/1520/1520 1495/1495/1495
f 1494/1494/1494 1519/1519/1519 1520/1520/1520
f 1495/1495/1495 1521/1521/1521 1496/1496/1496
f 1495/1495/1495 1520/1520/1520 1521/1521/1521
f 1496/1496/1496 1522/1522/1522 1497/1497/1497
f 1496/1496/1496 1521/1521/1521 1522/1522/1522
f 1497/1497/1497 1523/1523/1523 1498/1498/1498
f 1497/1497/1497 1522/1522/1522 1523/1523/1523
f 1498/1498/1498 1524/1524/1524 1499/1499/1499
f 1498/1498/1498 1523/1523/1523 1524/1524/1524
f 1499/1499/1499 1525/1525/1525 1500/1500/1500
f 1499/1499/1499 1524/1524/1524 1525/1525/1525
f 1500/1500/1500 1526/1526/1526 1501/1501/1501
f 1500/1500/1500 1525/1525/1525 1526/1526/1526
f 1501/1501/1501 1527/1527/1527 1502/1502/1502
f 1501/1501/1501 1526/1526/1526 1527/1527/1527
f 1502/1502/1502 1528/1528/1528 1503/1503/1503
f 1502/1502/1502 1527/1527/1527 1528/1528/1528
f 1503/1503/1503 1529/1529/1529 1504/1504/1504
f 1503/1503/1503 1528/1528/1528 1529/1529/1529
f 1504/1504/1504 1530/1530/1530 1505/1505/1505
f 1504/1504/1504 1529/1529/1529 1530/1530/1530
f 1505/1505/1505 1531/1531/1531 1506/1506/1506
f 1505/1505/1505 1530/1530/1530 1531/1531/1531
f 1506/1506/1506 1532/1532/1532 1507/1507/1507
f 1506/1506/1506 1531/1531/1531 1532/1532/1532
f 1507/1507/1507 1533/1533/1533 1508/1508/1508
f 1507/1507/1507 1532/1532/1532 1533/1533/1533
f 1508/1508/1508 1534/1534/1534 1509/1509/1509
f 1508/1508/1508 1533/1533/1533 1534/1534/1534
f 1509/1509/1509 1535/1535/1535 1510/1510/1510
f 1509/1509/1509 1534/1534/1534 1535/1535/1535
f 1511/1511/1511 1537/1537/1537 1512/1512/1512
f 1511/1511/1511 1536/1536/1536 1537/1537/1537
f 1512/1512/1512 1538/1538/1538 1513/1513/1513
f 1512/1512/1512 1537/1537/1537 1538/1538/1538
f 1513/1513/1513 1539/1539/1539 1514/1514/1514
f 1513/1513/1513 1538/1538/1538 1539/1539/1539
f 1514/1514/1514 1540/1540/1540 1515/1515/1515
f 1514/1514/1514 1539/1539/1539 1540/1540/1540
f 1515/1515/1515 1541/1541/1541 1516/1516/1516
f 1515/1515/1515 1540/1540/1540 1541/1541/1541
f 1516/1516/1516 1542/1542/1542 1517/1517/1517
f 1516/1516/1516 1541/1541/1541 1542/1542/1542
f 1517/1517/1517 1543/1543/1543 1518/1518/1518
f 1517/1517/1517 1542/1542/1542 1543/1543/1543
f 1518/1518/1518 1544/1544/1544 1519/1519/1519
f 1518/1518/1518 1543/1543/1543 1544/1544/1544
f 1519/1519/1519 1545/1545/1545 1520/1520/1520
f 1519/1519/1519 1544/1544/1544 1545/1545/1545
f 1520/1520/1520 1546/1546/1546 1521/1521/1521
f 1520/1520/1520 1545/1545/1545 1546/1546/1546
f 1521/1521/1521 1547/1547/1547 1522/1522/1522
f 1521/1521/1521 1546/1546/1546 1547/1547/1547
f 1522/1522/1522 1548/1548/1548 1523/1523/1523
f 1522/1522/1522 1547/1547/1547 1548/1548/1548
f 1523/1523/1523 1549/1549/1549 1524/1524/1524
f 1523/1523/1523 1548/1548/1548 1549/1549/1549
f 1524/1524/1524 1550/1550/1550 1525/1525/1525
f 1524/1524/1524 1549/1549/1549 1550/1550/1550
f 1525/1525/1525 1551/1551/1551 1526/1526/1526
f 1525/1525/1525 1550/1550/1550 1551/1551/1551
f 1526/1526/1526 1552/1552/1552 1527/1527/1527
f 1526/1526/1526 1551/1551/1551 1552/1552/1552
f 1527/1527/1527 1553/1553/1553 1528/1528/1528
f 1527/1527/1527 1552/1552/1552 1553/1553/1553
f 1528/1528/1528 1554/1554/1554 1529/1529/1529
f 1528/1528/1528 1553/1553/1553 1554/1554/1554
f 1529/1529/1529 1555/1555/1555 1530/1530/1530
f 1529/1529/1529 1554/1554/1554 1555/1555/1555
f 1530/1530/1530 1556/1556/1556 1531/1531/1531
f 1530/1530/1530 1555/1555/1555 1556/1556/1556
f 1531/1531/1531 1557/1557/1557 1532/1532/1532
f 1531/1531/1531 1556/1556/1556 1557/1557/1557
f 1532/1532/1532 1558/1558/1558 1533/1533/1533
f 1532/1532/1532 1557/1557/1557 1558/1558/1558
f 1533/1533/1533 1559/1559/1559 1534/1534/1534
f 1533/1533/1533 1558/1558/1558 1559/1559/1559
f 1534/1534/1534 1560/1560/1560 1535/1535/1535
f 1534/1534/1534 1559/1559/1559 1560/1560/1560
usemtl shell
f 1561/1561/1561 1562/1562/1562 1571/1571/1571
f 1561/1561/1561 1571/1571/1571 1570/1570/1570
f 1562/1562/1562 1563/1563/1563 1572/1572/1572
f 1562/1562/1562 1572/1572/1572 1571/1571/1571
f 1563/1563/1563 1564/1564/1564 1573/1573/1573
f 1563/1563/1563 1573/1573/1573 1572/1572/1572
f 1564/1564/1564 1565/1565/1565 1574/1574/1574
f 1564/1564/1564 1574/1574/1574 1573/1573/1573
f 1565/1565/1565 1566/1566/1566 1575/1575/1575
f 1565/1565/1565 1575/1575/1575 1574/1574/1574
f 1566/1566/1566 1567/1567/1567 1576/1576/1576
f 1566/1566/1566 1576/1576/1576 1575/1575/1575
f 1567/1567/1567 1568/1568/1568 1577/1577/1577
f 1567/1567/1567 1577/1577/1577 1576/1576/1576
f 1568/1568/1568 1569/1569/1569 1578/1578/1578
f 1568/1568/1568 1578/1578/1578 1577/1577/1577
f 1570/1570/1570 1571/1571/1571 1580/1580/1580
f 1570/1570/1570 1580/1580/1580 1579/1579/1579
f 1571/1571/1571 1572/1572/1572 1581/1581/1581
f 1571/1571/1571 1581/1581/1581 1580/1580/1580
f 1572/1572/1572 1573/1573/1573 1582/1582/1582
f 1572/1572/1572 1582/1582/1582 1581/1581/1581
f 1573/1573/1573 1574/1574/1574 1583/1583/1583
f 1573/1573/1573 1583/1583/1583 1582/1582/1582
f 1574/1574/1574 1575/1575/1575 1584/1584/1584
f 1574/1574/1574 1584/1584/1584 1583/1583/1583
f 1575/1575/1575 1576/1576/1576 1585/1585/1585
f 1575/1575/1575 1585/1585/1585 1584/1584/1584
f 1576/1576/1576 1577/1577/1577 1586/1586/1586
f 1576/1576/1576 1586/1586/1586 1585/1585/1585
f 1577/1577/1577 1578/1578/1578 1587/1587/1587
f 1577/1577/1577 1587/1587/1587 1586/1586/1586
f 1579/1579/1579 1580/1580/1580 1589/1589/1589
f 1579/1579/1579 1589/1589/1589 1588/1588/1588
f 1580/1580/1580 1581/1581/1581 1590/1590/1590
f 1580/1580/1580 1590/1590/1590 1589/1589/1589
f 1581/1581/1581 1582/1582/1582 1591/1591/1591
f 1581/1581/1581 1591/1591/1591 1590/1590/1590
f 1582/1582/1582 1583/1583/1583 1592/1592/1592
f 1582/1582/1582 1592/1592/1592 1591/1591/1591
f 1583/1583/1583 1584/1584/1584 1593/1593/1593
f 1583/1583/1583 1593/1593/1593 1592/1592/1592
f 1584/1584/1584 1585/1585/1585 1594/1594/1594
f 1584/1584/1584 1594/1594/1594 1593/1593/1593
f 1585/1585/1585 1586/1586/1586 1595/1595/1595
f 1585/1585/1585 1595/1595/1595 1594/1594/1594
f 1586/1586/1586 1587/1587/1587 1596/1596/1596
f 1586/1586/1586 1596/1596/1596 1595/1595/1595
f 1588/1588/1588 1589/1589/1589 1598/1598/1598
f 1588/1588/1588 1598/1598/1598 1597/1597/1597
f 1589/1589/1589 1590/1590/1590 1599/1599/1599
f 1589/1589/1589 1599/1599/1599 1598/1598/1598
f 1590/1590/1590 1591/1591/1591 1600/1600/1600
f 1590/1590/1590 1600/1600/1600 1599/1599/1599
f 1591/1591/1591 1592/1592/1592 1601/1601/1601
f 1591/1591/1591 1601/1601/1601 1600/1600/1600
f 1592/1592/1592 1593/1593/1593 1602/1602/1602
f 1592/1592/1592 1602/1602/1602 1601/1601/1601
f 1593/1593/1593 1594/1594/1594 1603/1603/1603
f 1593/1593/1593 1603/1603/1603 1602/1602/1602
f 1594/1594/1594 1595/1595/1595 1604/1604/1604
f 1594/1594/1594 1604/1604/1604 1603/1603/1603
f 1595/1595/1595 1596/1596/1596 1605/1605/1605
f 1595/1595/1595 1605/1605/1605 1604/1604/1604
f 1597/1597/1597 1598/1598/1598 1607/1607/1607
f 1597/1597/1597 1607/1607/1607 1606/1606/1606
f 1598/1598/1598 1599/1599/1599 1608/1608/1608
f 1598/1598/1598 1608/1608/1608 1607/1607/1607
f 1599/1599/1599 1600/1600/1600 1609/1609/1609
f 1599/1599/1599 1609/1609/1609 1608/1608/1608
f 1600/1600/1600 1601/1601/1601 1610/1610/1610
f 1600/1600/1600 1610/1610/1610 1609/1609/1609
f 1601/1601/1601 1602/1602/1602 1611/1611/1611
f 1601/1601/1601 1611/1611/1611 1610/1610/1610
f 1602/1602/1602 1603/1603/1603 1612/1612/1612
f 1602/1602/1602 1612/1612/1612 1611/1611/1611
f 1603/1603/1603 1604/1604/1604 1613/1613/1613
f 1603/1603/1603 1613/1613/1613 1612/1612/1612
f 1604/1604/1604 1605/1605/1605 1614/1614/1614
f 1604/1604/1604 1614/1614/1614 1613/1613/1613
f 1606/1606/1606 1607/1607/1607 1616/1616/1616
f 1606/1606/1606 1616/1616/1616 1615/1615/1615
f 1607/1607/1607 1608/1608/1608 1617/1617/1617
f 1607/1607/1607 1617/1617/1617 1616/1616/1616
f 1608/1608/1608 1609/1609/1609 1618/1618/1618
f 1608/1608/1608 1618/1618/1618 1617/1617/1617
f 1609/1609/1609 1610/1610/1610 1619/1619/1619
f 1609/1609/1609 1619/1619/1619 1618/1618/1618
f 1610/1610/1610 1611/1611/1611 1620/1620/1620
f 1610/1610/1610 1620/1620/1620 1619/1619/1619
f 1611/1611/1611 1612/1612/1612 1621/1621/1621
f 1611/1611/1611 1621/1621/1621 1620/1620/1620
f 1612/1612/1612 1613/1613/1613 1622/1622/1622
f 1612/1612/1612 1622/1622/1622 1621/1621/1621
f 1613/1613/1613 1614/1614/1614 1623/1623/1623
f 1613/1613/1613 1623/1623/1623 1622/1622/1622
f 1615/1615/1615 1616/1616/1616 1625/1625/1625
f 1615/1615/1615 1625/1625/1625 1624/1624/1624
f 1616/1616/1616 1617/1617/1617 1626/1626/1626
f 1616/1616/1616 1626/1626/1626 1625/1625/1625
f 1617/1617/1617 1618/1618/1618 1627/1627/1627
f 1617/1617/1617 1627/1627/1627 1626/1626/1626
f 1618/1618/1618 1619/1619/1619 1628/1628/1628
f 1618/1618/1618 1628/1628/1628 1627/1627/1627
f 1619/1619/1619 1620/1620/1620 1629/1629/1629
f 1619/1619/1619 1629/1629/1629 1628/1628/1628
f 1620/1620/1620 1621/1621/1621 1630/1630/1630
f 1620/1620/1620 1630/1630/1630 1629/1629/1629
f 1621/1621/1621 1622/1622/1622 1631/1631/1631
f 1621/1621/1621 1631/1631/1631 1630/1630/1630
f 1622/1622/1622 1623/1623/1623 1632/1632/1632
f 1622/1622/1622 1632/1632/1632 1631/1631/1631
f 1624/1624/1624 1625/1625/1625 1634/1634/1634
f 1624/1624/1624 1634/1634/1634 1633/1633/1633
f 1625/1625/1625 1626/1626/1626 1635/1635/1635
f 1625/1625/1625 1635/1635/1635 1634/1634/1634
f 1626/1626/1626 1627/1627/1627 1636/1636/1636
f 1626/1626/1626 1636/1636/1636 1635/1635/1635
f 1627/1627/1627 1628/1628/1628 1637/1637/1637
f 1627/1627/1627 1637/1637/1637 1636/1636/1636
f 1628/1628/1628 1629/1629/1629 1638/1638/1638
f 1628/1628/1628 1638/1638/1638 1637/1637/1637
f 1629/1629/1629 1630/1630/1630 1639/1639/1639
f 1629/1629/1629 1639/1639/1639 1638/1638/1638
f 1630/1630/1630 1631/1631/1631 1640/1640/1640
f 1630/1630/1630 1640/1640/1640 1639/1639/1639
f 1631/1631/1631 1632/1632/1632 1641/1641/1641
f 1631/1631/1631 1641/1641/1641 1640/1640/1640
f 1642/1642/1642 1643/1643/1643 1652/1652/1652
f 1642/1642/1642 1652/1652/1652 1651/1651/1651
f 1643/1643/1643 1644/1644/1644 1653/1653/1653
f 1643/1643/1643 1653/1653/1653 1652/1652/1652
f 1644/1644/1644 1645/1645/1645 1654/1654/1654
f 1644/1644/1644 1654/1654/1654 1653/1653/1653
f 1645/1645/1645 1646/1646/1646 1655/1655/1655
f 1645/1645/1645 1655/1655/1655 1654/1654/1654
f 1646/1646/1646 1647/1647/1647 1656/1656/1656
f 1646/1646/1646 1656/1656/1656 1655/1655/1655
f 1647/1647/1647 1648/1648/1648 1657/1657/1657
f 1647/1647/1647 1657/1657/1657 1656/1656/1656
f 1648/1648/1648 1649/1649/1649 1658/1658/1658
f 1648/1648/1648 1658/1658/1658 1657/1657/1657
f 1649/1649/1649 1650/1650/1650 1659/1659/1659
f 1649/1649/1649 1659/1659/1659 1658/1658/1658
f 1651/1651/1651 1652/1652/1652 1661/1661/1661
f 1651/1651/1651 1661/1661/1661 1660/1660/1660
f 1652/1652/1652 1653/1653/1653 1662/1662/1662
f 1652/1652/1652 1662/1662/1662 1661/1661/1661
f 1653/1653/1653 1654/1654/1654 1663/1663/1663
f 1653/1653/1653 1663/1663/1663 1662/1662/1662
f 1654/1654/1654 1655/1655/1655 1664/1664/1664
f 1654/1654/1654 1664/1664/1664 1663/1663/1663
f 1655/1655/1655 1656/1656/1656 1665/1665/1665
f 1655/1655/1655 1665/1665/1665 1664/1664/1664
f 1656/1656/1656 1657/1657/1657 1666/1666/1666
f 1656/1656/1656 1666/1666/1666 1665/1665/1665
f 1657/1657/1657 1658/1658/1658 1667/1667/1667
f 1657/1657/1657 1667/1667/1667 1666/1666/1666
f 1658/1658/1658 1659/1659/1659 1668/1668/1668
f 1658/1658/1658 1668/1668/1668 1667/1667/1667
f 1660/1660/1660 1661/1661/1661 1670/1670/1670
f 1660/1660/1660 1670/1670/1670 1669/1669/1669
f 1661/1661/1661 1662/1662/1662 1671/1671/1671
f 1661/1661/1661 1671/1671/1671 1670/1670/1670
f 1662/1662/1662 1663/1663/1663 1672/1672/1672
f 1662/1662/1662 1672/1672/1672 1671/1671/1671
f 1663/1663/1663 1664/1664/1664 1673/1673/1673
f 1663/1663/1663 1673/1673/1673 1672/1672/1672
f 1664/1664/1664 1665/1665/1665 1674/1674/1674
f 1664/1664/1664 1674/1674/1674 1673/1673/1673
f 1665/1665/1665 1666/1666/1666 1675/1675/1675
f 1665/1665/1665 1675/1675/1675 1674/1674/1674
f 1666/1666/1666 1667/1667/1667 1676/1676/1676
f 1666/1666/1666 1676/1676/1676 1675/1675/1675
f 1667/1667/1667 1668/1668/1668 1677/1677/1677
f 1667/1667/1667 1677/1677/1677 1676/1676/1676
f 1669/1669/1669 1670/1670/1670 1679/1679/1679
f 1669/1669/1669 1679/1679/1679 1678/1678/1678
f 1670/1670/1670 1671/1671/1671 1680/1680/1680
f 1670/1670/1670 1680/1680/1680 1679/1679/1679
f 1671/1671/1671 1672/1672/1672 1681/1681/1681
f 1671/1671/1671 1681/1681/1681 1680/1680/1680
f 1672/1672/1672 1673/1673/1673 1682/1682/1682
f 1672/1672/1672 1682/1682/1682 1681/1681/1681
f 1673/1673/1673 1674/1674/1674 1683/1683/1683
f 1673/1673/1673 1683/1683/1683 1682/1682/1682
f 1674/1674/1674 1675/1675/1675 1684/1684/1684
f 1674/1674/1674 1684/1684/1684 1683/1683/1683
f 1675/1675/1675 1676/1676/1676 1685/1685/1685
f 1675/1675/1675 1685/1685/1685 1684/1684/1684
f 1676/1676/1676 1677/1677/1677 1686/1686/1686
f 1676/1676/1676 1686/1686/1686 1685/1685/1685
f 1678/1678/1678 1679/1679/1679 1688/1688/1688
f 1678/1678/1678 1688/1688/1688 1687/1687/1687
f 1679/1679/1679 1680/1680/1680 1689/1689/1689
f 1679/1679/1679 1689/1689/1689 1688/1688/1688
f 1680/1680/1680 1681/1681/1681 1690/1690/1690
f 1680/1680/1680 1690/1690/1690 1689/1689/1689
f 1681/1681/1681 1682/1682/1682 1691/1691/1691
f 1681/1681/1681 1691/1691/1691 1690/1690/1690
f 1682/1682/1682 1683/1683/1683 1692/1692/1692
f 1682/1682/1682 1692/1692/1692 1691/1691/1691
f 1683/1683/1683 1684/1684/1684 1693/1693/1693
f 1683/1683/1683 1693/1693/1693 1692/1692/1692
f 1684/1684/1684 1685/1685/1685 1694/1694/1694
f 1684/1684/1684 1694/1694/1694 1693/1693/1693
f 1685/1685/1685 1686/1686/1686 1695/1695/1695
f 1685/1685/1685 1695/1695/1695 1694/1694/1694
f 1687/1687/1687 1688/1688/1688 1697/1697/1697
f 1687/1687/1687 1697/1697/1697 1696/1696/1696
f 1688/1688/1688 1689/1689/1689 1698/1698/1698
f 1688/1688/1688 1698/1698/1698 1697/1697/1697
f 1689/1689/1689 1690/1690/1690 1699/1699/1699
f 1689/1689/1689 1699/1699/1699 1698/1698/1698
f 1690/1690/1690 1691/1691/1691 1700/1700/1700
f 1690/1690/1690 1700/1700/1700 1699/1699/1699
f 1691/1691/1691 1692/1692/1692 1701/1701/1701
f 1691/1691/1691 1701/1701/1701 1700/1700/1700
f 1692/1692/1692 1693/1693/1693 1702/1702/1702
f 1692/1692/1692 1702/1702/1702 1701/1701/1701
f 1693/1693/1693 1694/1694/1694 1703/1703/1703
f 1693/1693/1693 1703/1703/1703 1702/1702/1702
f 1694/1694/1694 1695/1695/1695 1704/1704/1704
f 1694/1694/1694 1704/1704/1704 1703/1703/1703
f 1696/1696/1696 1697/1697/1697 1706/1706/1706
f 1696/1696/1696 1706/1706/1706 1705/1705/1705
f 1697/1697/1697 1698/1698/1698 1707/1707/1707
f 1697/1697/1697 1707/1707/1707 1706/1706/1706
f 1698/1698/1698 1699/1699/1699 1708/1708/1708
f 1698/1698/1698 1708/1708/1708 1707/1707/1707
f 1699/1699/1699 1700/1700/1700 1709/1709/1709
f 1699/1699/1699 1709/1709/1709 1708/1708/1708
f 1700/1700/1700 1701/1701/1701 1710/1710/1710
f 1700/1700/1700 1710/1710/1710 1709/1709/1709
f 1701/1701/1701 1702/1702/1702 1711/1711/1711
f 1701/1701/1701 1711/1711/1711 1710/1710/1710
f 1702/1702/1702 1703/1703/1703 1712/1712/1712
f 1702/1702/1702 1712/1712/1712 1711/1711/1711
f 1703/1703/1703 1704/1704/1704 1713/1713/1713
f 1703/1703/1703 1713/1713/1713 1712/1712/1712
f 1705/1705/1705 1706/1706/1706 1715/1715/1715
f 1705/1705/1705 1715/1715/1715 1714/1714/1714
f 1706/1706/1706 1707/1707/1707 1716/1716/1716
f 1706/1706/1706 1716/1716/1716 1715/1715/1715
f 1707/1707/1707 1708/1708/1708 1717/1717/1717
f 1707/1707/1707 1717/1717/1717 1716/1716/1716
f 1708/1708/1708 1709/1709/1709 1718/1718/1718
f 1708/1708/1708 1718/1718/1718 1717/1717/1717
f 1709/1709/1709 1710/1710/1710 1719/1719/1719
f 1709/1709/1709 1719/1719/1719 1718/1718/1718
f 1710/1710/1710 1711/1711/1711 1720/1720/1720
f 1710/1710/1710 1720/1720/1720 1719/1719/1719
f 1711/1711/1711 1712/1712/1712 1721/1721/1721
f 1711/1711/1711 1721/1721/1721 1720/1720/1720
f 1712/1712/1712 1713/1713/1713 1722/1722/1722
f 1712/1712/1712 1722/1722/1722 1721/1721/1721
usemtl chrome
f 1723/1723/1723 1724/1724/1724 1735/1735/1735
f 1723/1723/1723 1735/1735/1735 1734/1734/1734
f 1724/1724/1724 1725/1725/1725 1736/1736/1736
f 1724/1724/1724 1736/1736/1736 1735/1735/1735
f 1725/1725/1725 1726/1726/1726 1737/1737/1737
f 1725/1725/1725 1737/1737/1737 1736/1736/1736
f 1726/1726/1726 1727/1727/1727 1738/1738/1738
f 1726/1726/1726 1738/1738/1738 1737/1737/1737
f 1727/1727/1727 1728/1728/1728 1739/1739/1739
f 1727/1727/1727 1739/1739/1739 1738/1738/1738
f 1728/1728/1728 1729/1729/1729 1740/1740/1740
f 1728/1728/1728 1740/1740/1740 1739/1739/1739
f 1729/1729/1729 1730/1730/1730 1741/1741/1741
f 1729/1729/1729 1741/1741/1741 1740/1740/1740
f 1730/1730/1730 1731/1731/1731 1742/1742/1742
f 1730/1730/1730 1742/1742/1742 1741/1741/1741
f 1731/1731/1731 1732/1732/1732 1743/1743/1743
f 1731/1731/1731 1743/1743/1743 1742/1742/1742
f 1732/1732/1732 1733/1733/1733 1744/1744/1744
f 1732/1732/1732 1744/1744/1744 1743/1743/1743
f 1734/1734/1734 1735/1735/1735 1746/1746/1746
f 1734/1734/1734 1746/1746/1746 1745/1745/1745
f 1735/1735/1735 1736/1736/1736 1747/1747/1747
f 1735/1735/1735 1747/1747/1747 1746/1746/1746
f 1736/1736/1736 1737/1737/1737 1748/1748/1748
f 1736/1736/1736 1748/1748/1748 1747/1747/1747
f 1737/1737/1737 1738/1738/1738 1749/1749/1749
f 1737/1737/1737 1749/1749/1749 1748/1748/1748
f 1738/1738/1738 1739/1739/1739 1750/1750/1750
f 1738/1738/1738 1750/1750/1750 1749/1749/1749
f 1739/1739/1739 1740/1740/1740 1751/1751/1751
f 1739/1739/1739 1751/1751/1751 1750/1750/1750
f 1740/1740/1740 1741/1741/1741 1752/1752/1752
f 1740/1740/1740 1752/1752/1752 1751/1751/1751
f 1741/1741/1741 1742/1742/1742 1753/1753/1753
f 1741/1741/1741 1753/1753/1753 1752/1752/1752
f 1742/1742/1742 1743/1743/1743 1754/1754/1754
f 1742/1742/1742 1754/1754/1754 1753/1753/1753
f 1743/1743/1743 1744/1744/1744 1755/1755/1755
f 1743/1743/1743 1755/1755/1755 1754/1754/1754
f 1745/1745/1745 1746/1746/1746 1757/1757/1757
f 1745/1745/1745 1757/1757/1757 1756/1756/1756
f 1746/1746/1746 1747/1747/1747 1758/1758/1758
f 1746/1746/1746 1758/1758/1758 1757/1757/1757
f 1747/1747/1747 1748/1748/1748 1759/1759/1759
f 1747/1747/1747 1759/1759/1759 1758/1758/1758
f 1748/1748/1748 1749/1749/1749 1760/1760/1760
f 1748/1748/1748 1760/1760/1760 1759/1759/1759
f 1749/1749/1749 1750/1750/1750 1761/1761/1761
f 1749/1749/1749 1761/1761/1761 1760/1760/1760
f 1750/1750/1750 1751/1751/1751 1762/1762/1762
f 1750/1750/1750 1762/1762/1762 1761/1761/1761
f 1751/1751/1751 1752/1752/1752 1763/1763/1763
f 1751/1751/1751 1763/1763/1763 1762/1762/1762
f 1752/1752/1752 1753/1753/1753 1764/1764/1764
f 1752/1752/1752 1764/1764/1764 1763/1763/1763
f 1753/1753/1753 1754/1754/1754 1765/1765/1765
f 1753/1753/1753 1765/1765/1765 1764/1764/1764
f 1754/1754/1754 1755/1755/1755 1766/1766/1766
f 1754/1754/1754 1766/1766/1766 1765/1765/1765
f 1756/1756/1756 1757/1757/1757 1768/1768/1768
f 1756/1756/1756 1768/1768/1768 1767/1767/1767
f 1757/1757/1757 1758/1758/1758 1769/1769/1769
f 1757/1757/1757 1769/1769/1769 1768/1768/1768
f 1758/1758/1758 1759/1759/1759 1770/1770/1770
f 1758/1758/1758 1770/1770/1770 1769/1769/1769
f 1759/1759/1759 1760/1760/1760 1771/1771/1771
f 1759/1759/1759 1771/1771/1771 1770/1770/1770
f 1760/1760/1760 1761/1761/1761 1772/1772/1772
f 1760/1760/1760 1772/1772/1772 1771/1771/1771
f 1761/1761/1761 1762/1762/1762 1773/1773/1773
f 1761/1761/1761 1773/1773/1773 1772/1772/1772
f 1762/1762/1762 1763/1763/1763 1774/1774/1774
f 1762/1762/1762 1774/1774/1774 1773/1773/1773
f 1763/1763/1763 1764/1764/1764 1775/1775/1775
f 1763/1763/1763 1775/1775/1775 1774/1774/1774
f 1764/1764/1764 1765/1765/1765 1776/1776/1776
f 1764/1764/1764 1776/1776/1776 1775/1775/1775
f 1765/1765/1765 1766/1766/1766 1777/1777/1777
f 1765/1765/1765 1777/1777/1777 1776/1776/1776
f 1767/1767/1767 1768/1768/1768 1779/1779/1779
f 1767/1767/1767 1779/1779/1779 1778/1778/1778
f 1768/1768/1768 1769/1769/1769 1780/1780/1780
f 1768/1768/1768 1780/1780/1780 1779/1779/1779
f 1769/1769/1769 1770/1770/1770 1781/1781/1781
f 1769/1769/1769 1781/1781/1781 1780/1780/1780
f 1770/1770/1770 1771/1771/1771 1782/1782/1782
f 1770/1770/1770 1782/1782/1782 1781/1781/1781
f 1771/1771/1771 1772/1772/1772 1783/1783/1783
f 1771/1771/1771 1783/1783/1783 1782/1782/1782
f 1772/1772/1772 1773/1773/1773 1784/1784/1784
f 1772/1772/1772 1784/1784/1784 1783/1783/1783
f 1773/1773/1773 1774/1774/1774 1785/1785/1785
f 1773/1773/1773 1785/1785/1785 1784/1784/1784
f 1774/1774/1774 1775/1775/1775 1786/1786/1786
f 1774/1774/1774 1786/1786/1786 1785/1785/1785
f 1775/1775/1775 1776/1776/1776 1787/1787/1787
f 1775/1775/1775 1787/1787/1787 1786/1786/1786
f 1776/1776/1776 1777/1777/1777 1788/1788/1788
f 1776/1776/1776 1788/1788/1788 1787/1787/1787
f 1778/1778/1778 1779/1779/1779 1790/1790/1790
f 1778/1778/1778 1790/1790/1790 1789/1789/1789
f 1779/1779/1779 1780/1780/1780 1791/1791/1791
f 1779/1779/1779 1791/1791/1791 1790/1790/1790
f 1780/1780/1780 1781/1781/1781 1792/1792/1792
f 1780/1780/1780 1792/1792/1792 1791/1791/1791
f 1781/1781/1781 1782/1782/1782 1793/1793/1793
f 1781/1781/1781 1793/1793/1793 1792/1792/1792
f 1782/1782/1782 1783/1783/1783 1794/1794/1794
f 1782/1782/1782 1794/1794/1794 1793/1793/1793
f 1783/1783/1783 1784/1784/1784 1795/1795/1795
f 1783/1783/1783 1795/1795/1795 1794/1794/1794
f 1784/1784/1784 1785/1785/1785 1796/1796/1796
f 1784/1784/1784 1796/1796/1796 1795/1795/1795
f 1785/1785/1785 1786/1786/1786 1797/1797/1797
f 1785/1785/1785 1797/1797/1797 1796/1796/1796
f 1786/1786/1786 1787/1787/1787 1798/1798/1798
f 1786/1786/1786 1798/1798/1798 1797/1797/1797
f 1787/1787/1787 1788/1788/1788 1799/1799/1799
f 1787/1787/1787 1799/1799/1799 1798/1798/1798
f 1789/1789/1789 1790/1790/1790 1801/1801/1801
f 1789/1789/1789 1801/1801/1801 1800/1800/1800
f 1790/1790/1790 1791/1791/1791 1802/1802/1802
f 1790/1790/1790 1802/1802/1802 1801/1801/1801
f 1791/1791/1791 1792/1792/1792 1803/1803/1803
f 1791/1791/1791 1803/1803/1803 1802/1802/1802
f 1792/1792/1792 1793/1793/1793 1804/1804/1804
f 1792/1792/1792 1804/1804/1804 1803/1803/1803
f 1793/1793/1793 1794/1794/1794 1805/1805/1805
f 1793/1793/1793 1805/1805/1805 1804/1804/1804
f 1794/1794/1794 1795/1795/1795 1806/1806/1806
f 1794/1794/1794 1806/1806/1806 1805/1805/1805
f 1795/1795/1795 1796/1796/1796 1807/1807/1807
f 1795/1795/1795 1807/1807/1807 1806/1806/1806
f 1796/1796/1796 1797/1797/1797 1808/1808/1808
f 1796/1796/1796 1808/1808/1808 1807/1807/1807
f 1797/1797/1797 1798/1798/1798 1809/1809/1809
f 1797/1797/1797 1809/1809/1809 1808/1808/1808
f 1798/1798/1798 1799/1799/1799 1810/1810/1810
f 1798/1798/1798 1810/1810/1810 1809/1809/1809
f 1800/1800/1800 1801/1801/1801 1812/1812/1812
f 1800/1800/1800 1812/1812/1812 1811/1811/1811
f 1801/1801/1801 1802/1802/1802 1813/1813/1813
f 1801/1801/1801 1813/1813/1813 1812/1812/1812
f 1802/1802/1802 1803/1803/1803 1814/1814/1814
f 1802/1802/1802 1814/1814/1814 1813/1813/1813
f 1803/1803/1803 1804/1804/1804 1815/1815/1815
f 1803/1803/1803 1815/1815/1815 1814/1814/1814
f 1804/1804/1804 1805/1805/1805 1816/1816/1816
f 1804/1804/1804 1816/1816/1816 1815/1815/1815
f 1805/1805/1805 1806/1806/1806 1817/1817/1817
f 1805/1805/1805 1817/1817/1817 1816/1816/1816
f 1806/1806/1806 1807/1807/1807 1818/1818/1818
f 1806/1806/1806 1818/1818/1818 1817/1817/1817
f 1807/1807/1807 1808/1808/1808 1819/1819/1819
f 1807/1807/1807 1819/1819/1819 1818/1818/1818
f 1808/1808/1808 1809/1809/1809 1820/1820/1820
f 1808/1808/1808 1820/1820/1820 1819/1819/1819
f 1809/1809/1809 1810/1810/1810 1821/1821/1821
f 1809/1809/1809 1821/1821/1821 1820/1820/1820
f 1811/1811/1811 1812/1812/1812 1823/1823/1823
f 1811/1811/1811 1823/1823/1823 1822/1822/1822
f 1812/1812/1812 1813/1813/1813 1824/1824/1824
f 1812/1812/1812 1824/1824/1824 1823/1823/1823
f 1813/1813/1813 1814/1814/1814 1825/1825/1825
f 1813/1813/1813 1825/1825/1825 1824/1824/1824
f 1814/1814/1814 1815/1815/1815 1826/1826/1826
f 1814/1814/1814 1826/1826/1826 1825/1825/1825
f 1815/1815/1815 1816/1816/1816 1827/1827/1827
f 1815/1815/1815 1827/1827/1827 1826/1826/1826
f 1816/1816/1816 1817/1817/1817 1828/1828/1828
f 1816/1816/1816 1828/1828/1828 1827/1827/1827
f 1817/1817/1817 1818/1818/1818 1829/1829/1829
f 1817/1817/1817 1829/1829/1829 1828/1828/1828
f 1818/1818/1818 1819/1819/1819 1830/1830/1830
f 1818/1818/1818 1830/1830/1830 1829/1829/1829
f 1819/1819/1819 1820/1820/1820 1831/1831/1831
f 1819/1819/1819 1831/1831/1831 1830/1830/1830
f 1820/1820/1820 1821/1821/1821 1832/1832/1832
f 1820/1820/1820 1832/1832/1832 1831/1831/1831
f 1822/1822/1822 1823/1823/1823 1834/1834/1834
f 1822/1822/1822 1834/1834/1834 1833/1833/1833
f 1823/1823/1823 1824/1824/1824 1835/1835/1835
f 1823/1823/1823 1835/1835/1835 1834/1834/1834
f 1824/1824/1824 1825/1825/1825 1836/1836/1836
f 1824/1824/1824 1836/1836/1836 1835/1835/1835
f 1825/1825/1825 1826/1826/1826 1837/1837/1837
f 1825/1825/1825 1837/1837/1837 1836/1836/1836
f 1826/1826/1826 1827/1827/1827 1838/1838/1838
f 1826/1826/1826 1838/1838/1838 1837/1837/1837
f 1827/1827/1827 1828/1828/1828 1839/1839/1839
f 1827/1827/1827 1839/1839/1839 1838/1838/1838
f 1828/1828/1828 1829/1829/1829 1840/1840/1840
f 1828/1828/1828 1840/1840/1840 1839/1839/1839
f 1829/1829/1829 1830/1830/1830 1841/1841/1841
f 1829/1829/1829 1841/1841/1841 1840/1840/1840
f 1830/1830/1830 1831/1831/1831 1842/1842/1842
f 1830/1830/1830 1842/1842/1842 1841/1841/1841
f 1831/1831/1831 1832/1832/1832 1843/1843/1843
f 1831/1831/1831 1843/1843/1843 1842/1842/1842
f 1833/1833/1833 1834/1834/1834 1845/1845/1845
f 1833/1833/1833 1845/1845/1845 1844/1844/1844
f 1834/1834/1834 1835/1835/1835 1846/1846/1846
f 1834/1834/1834 1846/1846/1846 1845/1845/1845
f 1835/1835/1835 1836/1836/1836 1847/1847/1847
f 1835/1835/1835 1847/1847/1847 1846/1846/1846
f 1836/1836/1836 1837/1837/1837 1848/1848/1848
f 1836/1836/1836 1848/1848/1848 1847/1847/1847
f 1837/1837/1837 1838/1838/1838 1849/1849/1849
f 1837/1837/1837 1849/1849/1849 1848/1848/1848
f 1838/1838/1838 1839/1839/1839 1850/1850/1850
f 1838/1838/1838 1850/1850/1850 1849/1849/1849
f 1839/1839/1839 1840/1840/1840 1851/1851/1851
f 1839/1839/1839 1851/1851/1851 1850/1850/1850
f 1840/1840/1840 1841/1841/1841 1852/1852/1852
f 1840/1840/1840 1852/1852/1852 1851/1851/1851
f 1841/1841/1841 1842/1842/1842 1853/1853/1853
f 1841/1841/1841 1853/1853/1853 1852/1852/1852
f 1842/1842/1842 1843/1843/1843 1854/1854/1854
f 1842/1842/1842 1854/1854/1854 1853/1853/1853
f 1844/1844/1844 1845/1845/1845 1856/1856/1856
f 1844/1844/1844 1856/1856/1856 1855/1855/1855
f 1845/1845/1845 1846/1846/1846 1857/1857/1857
f 1845/1845/1845 1857/1857/1857 1856/1856/1856
f 1846/1846/1846 1847/1847/1847 1858/1858/1858
f 1846/1846/1846 1858/1858/1858 1857/1857/1857
f 1847/1847/1847 1848/1848/1848 1859/1859/1859
f 1847/1847/1847 1859/1859/1859 1858/1858/1858
f 1848/1848/1848 1849/1849/1849 1860/1860/1860
f 1848/1848/1848 1860/1860/1860 1859/1859/1859
f 1849/1849/1849 1850/1850/1850 1861/1861/1861
f 1849/1849/1849 1861/1861/1861 1860/1860/1860
f 1850/1850/1850 1851/1851/1851 1862/1862/1862
f 1850/1850/1850 1862/1862/1862 1861/1861/1861
f 1851/1851/1851 1852/1852/1852 1863/1863/1863
f 1851/1851/1851 1863/1863/1863 1862/1862/1862
f 1852/1852/1852 1853/1853/1853 1864/1864/1864
f 1852/1852/1852 1864/1864/1864 1863/1863/1863
f 1853/1853/1853 1854/1854/1854 1865/1865/1865
f 1853/1853/1853 1865/1865/1865 1864/1864/1864
f 1855/1855/1855 1856/1856/1856 1867/1867/1867
f 1855/1855/1855 1867/1867/1867 1866/1866/1866
f 1856/1856/1856 1857/1857/1857 1868/1868/1868
f 1856/1856/1856 1868/1868/1868 1867/1867/1867
f 1857/1857/1857 1858/1858/1858 1869/1869/1869
f 1857/1857/1857 1869/1869/1869 1868/1868/1868
f 1858/1858/1858 1859/1859/1859 1870/1870/1870
f 1858/1858/1858 1870/1870/1870 1869/1869/1869
f 1859/1859/1859 1860/1860/1860 1871/1871/1871
f 1859/1859/1859 1871/1871/1871 1870/1870/1870
f 1860/1860/1860 1861/1861/1861 1872/1872/1872
f 1860/1860/1860 1872/1872/1872 1871/1871/1871
f 1861/1861/1861 1862/1862/1862 1873/1873/1873
f 1861/1861/1861 1873/1873/1873 1872/1872/1872
f 1862/1862/1862 1863/1863/1863 1874/1874/1874
f 1862/1862/1862 1874/1874/1874 1873/1873/1873
f 1863/1863/1863 1864/1864/1864 1875/1875/1875
f 1863/1863/1863 1875/1875/1875 1874/1874/1874
f 1864/1864/1864 1865/1865/1865 1876/1876/1876
f 1864/1864/1864 1876/1876/1876 1875/1875/1875
f 1877/1877/1877 1879/1879/1879 1878/1878/1878
f 1877/1877/1877 1880/1880/1880 1879/1879/1879
f 1877/1877/1877 1881/1881/1881 1880/1880/1880
f 1877/1877/1877 1882/1882/1882 1881/1881/1881
f 1877/1877/1877 1883/1883/1883 1882/1882/1882
f 1877/1877/1877 1884/1884/1884 1883/1883/1883
f 1877/1877/1877 1885/1885/1885 1884/1884/1884
f 1877/1877/1877 1886/1886/1886 1885/1885/1885
f 1877/1877/1877 1887/1887/1887 1886/1886/1886
f 1877/1877/1877 1878/1878/1878 1887/1887/1887
f 1888/1888/1888 1889/1889/1889 1890/1890/1890
f 1888/1888/1888 1890/1890/1890 1891/1891/1891
f 1888/1888/1888 1891/1891/1891 1892/1892/1892
f 1888/1888/1888 1892/1892/1892 1893/1893/1893
f 1888/1888/1888 1893/1893/1893 1894/1894/1894
f 1888/1888/1888 1894/1894/1894 1895/1895/1895
f 1888/1888/1888 1895/1895/1895 1896/1896/1896
f 1888/1888/1888 1896/1896/1896 1897/1897/1897
f 1888/1888/1888 1897/1897/1897 1898/1898/1898
f 1888/1888/1888 1898/1898/1898 1889/1889/1889
f 1899/1899/1899 1900/1900/1900 1904/1904/1904
f 1899/1899/1899 1904/1904/1904 1903/1903/1903
f 1900/1900/1900 1901/1901/1901 1905/1905/1905
f 1900/1900/1900 1905/1905/1905 1904/1904/1904
f 1901/1901/1901 1902/1902/1902 1906/1906/1906
f 1901/1901/1901 1906/1906/1906 1905/1905/1905
f 1903/1903/1903 1904/1904/1904 1908/1908/1908
f 1903/1903/1903 1908/1908/1908 1907/1907/1907
f 1904/1904/1904 1905/1905/1905 1909/1909/1909
f 1904/1904/1904 1909/1909/1909 1908/1908/1908
f 1905/1905/1905 1906/1906/1906 1910/1910/1910
f 1905/1905/1905 1910/1910/1910 1909/1909/1909
f 1907/1907/1907 1908/1908/1908 1912/1912/1912
f 1907/1907/1907 1912/1912/1912 1911/1911/1911
f 1908/1908/1908 1909/1909/1909 1913/1913/1913
f 1908/1908/1908 1913/1913/1913 1912/1912/1912
f 1909/1909/1909 1910/1910/1910 1914/1914/1914
f 1909/1909/1909 1914/1914/1914 1913/1913/1913
f 1915/1915/1915 1916/1916/1916 1920/1920/1920
f 1915/1915/1915 1920/1920/1920 1919/1919/1919
f 1916/1916/1916 1917/1917/1917 1921/1921/1921
f 1916/1916/1916 1921/1921/1921 1920/1920/1920
f 1917/1917/1917 1918/1918/1918 1922/1922/1922
f 1917/1917/1917 1922/1922/1922 1921/1921/1921
f 1919/1919/1919 1920/1920/1920 1924/1924/1924
f 1919/1919/1919 1924/1924/1924 1923/1923/1923
f 1920/1920/1920 1921/1921/1921 1925/1925/1925
f 1920/1920/1920 1925/1925/1925 1924/1924/1924
f 1921/1921/1921 1922/1922/1922 1926/1926/1926
f 1921/1921/1921 1926/1926/1926 1925/1925/1925
f 1923/1923/1923 1924/1924/1924 1928/1928/1928
f 1923/1923/1923 1928/1928/1928 1927/1927/1927
f 1924/1924/1924 1925/1925/1925 1929/1929/1929
f 1924/1924/1924 1929/1929/1929 1928/1928/1928
f 1925/1925/1925 1926/1926/1926 1930/1930/1930
f 1925/1925/1925 1930/1930/1930 1929/1929/1929
f 1931/1931/1931 1932/1932/1932 1936/1936/1936
f 1931/1931/1931 1936/1936/1936 1935/1935/1935
f 1932/1932/1932 1933/1933/1933 1937/1937/1937
f 1932/1932/1932 1937/1937/1937 1936/1936/1936
f 1933/1933/1933 1934/1934/1934 1938/1938/1938
f 1933/1933/1933 1938/1938/1938 1937/1937/1937
f 1935/1935/1935 1936/1936/1936 1940/1940/1940
f 1935/1935/1935 1940/1940/1940 1939/1939/1939
f 1936/1936/1936 1937/1937/1937 1941/1941/1941
f 1936/1936/1936 1941/1941/1941 1940/1940/1940
f 1937/1937/1937 1938/1938/1938 1942/1942/1942
f 1937/1937/1937 1942/1942/1942 1941/1941/1941
f 1939/1939/1939 1940/1940/1940 1944/1944/1944
f 1939/1939/1939 1944/1944/1944 1943/1943/1943
f 1940/1940/1940 1941/1941/1941 1945/1945/1945
f 1940/1940/1940 1945/1945/1945 1944/1944/1944
f 1941/1941/1941 1942/1942/1942 1946/1946/1946
f 1941/1941/1941 1946/1946/1946 1945/1945/1945
f 1947/1947/1947 1948/1948/1948 1952/1952/1952
f 1947/1947/1947 1952/1952/1952 1951/1951/1951
f 1948/1948/1948 1949/1949/1949 1953/1953/1953
f 1948/1948/1948 1953/1953/1953 1952/1952/1952
f 1949/1949/1949 1950/1950/1950 1954/1954/1954
f 1949/1949/1949 1954/1954/1954 1953/1953/1953
f 1951/1951/1951 1952/1952/1952 1956/1956/1956
f 1951/1951/1951 1956/1956/1956 1955/1955/1955
f 1952/1952/1952 1953/1953/1953 1957/1957/1957
f 1952/1952/1952 1957/1957/1957 1956/1956/1956
f 1953/1953/1953 1954/1954/1954 1958/1958/1958
f 1953/1953/1953 1958/1958/1958 1957/1957/1957
f 1955/1955/1955 1956/1956/1956 1960/1960/1960
f 1955/1955/1955 1960/1960/1960 1959/1959/1959
f 1956/1956/1956 1957/1957/1957 1961/1961/1961
f 1956/1956/1956 1961/1961/1961 1960/1960/1960
f 1957/1957/1957 1958/1958/1958 1962/1962/1962
f 1957/1957/1957 1962/1962/1962 1961/1961/1961
f 1963/1963/1963 1964/1964/1964 1968/1968/1968
f 1963/1963/1963 1968/1968/1968 1967/1967/1967
f 1964/1964/1964 1965/1965/1965 1969/1969/1969
f 1964/1964/1964 1969/1969/1969 1968/1968/1968
f 1965/1965/1965 1966/1966/1966 1970/1970/1970
f 1965/1965/1965 1970/1970/1970 1969/1969/1969
f 1967/1967/1967 1968/1968/1968 1972/1972/1972
f 1967/1967/1967 1972/1972/1972 1971/1971/1971
f 1968/1968/1968 1969/1969/1969 1973/1973/1973
f 1968/1968/1968 1973/1973/1973 1972/1972/1972
f 1969/1969/1969 1970/1970/1970 1974/1974/1974
f 1969/1969/1969 1974/1974/1974 1973/1973/1973
f 1971/1971/1971 1972/1972/1972 1976/1976/1976
f 1971/1971/1971 1976/1976/1976 1975/1975/1975
f 1972/1972/1972 1973/1973/1973 1977/1977/1977
f 1972/1972/1972 1977/1977/1977 1976/1976/1976
f 1973/1973/1973 1974/1974/1974 1978/1978/1978
f 1973/1973/1973 1978/1978/1978 1977/1977/1977
f 1979/1979/1979 1980/1980/1980 1984/1984/1984
f 1979/1979/1979 1984/1984/1984 1983/1983/1983
f 1980/1980/1980 1981/1981/1981 1985/1985/1985
f 1980/1980/1980 1985/1985/1985 1984/1984/1984
f 1981/1981/1981 1982/1982/1982 1986/1986/1986
f 1981/1981/1981 1986/1986/1986 1985/1985/1985
f 1983/1983/1983 1984/1984/1984 1988/1988/1988
f 1983/1983/1983 1988/1988/1988 1987/1987/1987
f 1984/1984/1984 1985/1985/1985 1989/1989/1989
f 1984/1984/1984 1989/1989/1989 1988/1988/1988
f 1985/1985/1985 1986/1986/1986 1990/1990/1990
f 1985/1985/1985 1990/1990/1990 1989/1989/1989
f 1987/1987/1987 1988/1988/1988 1992/1992/1992
f 1987/1987/1987 1992/1992/1992 1991/1991/1991
f 1988/1988/1988 1989/1989/1989 1993/1993/1993
f 1988/1988/1988 1993/1993/1993 1992/1992/1992
f 1989/1989/1989 1990/1990/1990 1994/1994/1994
f 1989/1989/1989 1994/1994/1994 1993/1993/1993
