# Sinh tự động bởi tools/mesh_kit.py - đừng sửa tay
o seat_cushion_R
v -0.0229 0.4269 0.1831
v -0.0219 0.4259 0.1809
v -0.0193 0.4233 0.1733
v -0.0177 0.4217 0.1600
v -0.0177 0.4217 0.1033
v -0.0177 0.4217 0.0467
v -0.0177 0.4217 -0.0100
v -0.0177 0.4217 -0.0667
v -0.0177 0.4217 -0.1233
v -0.0177 0.4137 -0.1800
v -0.0193 0.4153 -0.1933
v -0.0219 0.4179 -0.2009
v -0.0229 0.4189 -0.2031
v -0.0219 0.4291 0.1841
v -0.0207 0.4281 0.1819
v -0.0177 0.4255 0.1741
v -0.0158 0.4238 0.1600
v -0.0158 0.4238 0.1033
v -0.0158 0.4238 0.0467
v -0.0158 0.4238 -0.0100
v -0.0158 0.4238 -0.0667
v -0.0158 0.4238 -0.1233
v -0.0158 0.4158 -0.1800
v -0.0177 0.4175 -0.1941
v -0.0207 0.4201 -0.2019
v -0.0219 0.4211 -0.2041
v -0.0193 0.4367 0.1867
v -0.0177 0.4359 0.1845
v -0.0133 0.4337 0.1763
v -0.0102 0.4321 0.1600
v -0.0102 0.4321 0.1033
v -0.0102 0.4321 0.0467
v -0.0102 0.4321 -0.0100
v -0.0102 0.4321 -0.0667
v -0.0102 0.4321 -0.1233
v -0.0102 0.4241 -0.1800
v -0.0133 0.4257 -0.1963
v -0.0177 0.4279 -0.2045
v -0.0193 0.4287 -0.2067
v -0.0177 0.4500 0.1883
v -0.0158 0.4500 0.1862
v -0.0102 0.4500 0.1779
v -0.0060 0.4500 0.1600
v -0.0060 0.4500 0.1033
v -0.0060 0.4500 0.0467
v -0.0060 0.4500 -0.0100
v -0.0060 0.4500 -0.0667
v -0.0060 0.4500 -0.1233
v -0.0060 0.4420 -0.1800
v -0.0102 0.4420 -0.1979
v -0.0158 0.4420 -0.2062
v -0.0177 0.4420 -0.2083
v -0.0177 0.4550 0.1883
v -0.0158 0.4550 0.1862
v -0.0102 0.4550 0.1779
v -0.0060 0.4550 0.1600
v -0.0060 0.4550 0.1033
v -0.0060 0.4550 0.0467
v -0.0060 0.4550 -0.0100
v -0.0060 0.4550 -0.0667
v -0.0060 0.4550 -0.1233
v -0.0060 0.4470 -0.1800
v -0.0102 0.4470 -0.1979
v -0.0158 0.4470 -0.2062
v -0.0177 0.4470 -0.2083
v -0.0177 0.4600 0.1883
v -0.0158 0.4600 0.1862
v -0.0102 0.4600 0.1779
v -0.0060 0.4600 0.1600
v -0.0060 0.4600 0.1033
v -0.0060 0.4600 0.0467
v -0.0060 0.4600 -0.0100
v -0.0060 0.4600 -0.0667
v -0.0060 0.4600 -0.1233
v -0.0060 0.4520 -0.1800
v -0.0102 0.4520 -0.1979
v -0.0158 0.4520 -0.2062
v -0.0177 0.4520 -0.2083
v -0.0177 0.4650 0.1883
v -0.0158 0.4650 0.1862
v -0.0102 0.4650 0.1779
v -0.0060 0.4650 0.1600
v -0.0060 0.4650 0.1033
v -0.0060 0.4650 0.0467
v -0.0060 0.4650 -0.0100
v -0.0060 0.4650 -0.0667
v -0.0060 0.4650 -0.1233
v -0.0060 0.4570 -0.1800
v -0.0102 0.4570 -0.1979
v -0.0158 0.4570 -0.2062
v -0.0177 0.4570 -0.2083
v -0.0177 0.4702 0.1883
v -0.0158 0.4702 0.1862
v -0.0102 0.4701 0.1779
v -0.0060 0.4700 0.1600
v -0.0060 0.4700 0.1033
v -0.0060 0.4700 0.0467
v -0.0060 0.4700 -0.0100
v -0.0060 0.4700 -0.0667
v -0.0060 0.4700 -0.1233
v -0.0060 0.4620 -0.1800
v -0.0102 0.4621 -0.1979
v -0.0158 0.4622 -0.2062
v -0.0177 0.4622 -0.2083
v -0.0177 0.4752 0.1883
v -0.0158 0.4752 0.1862
v -0.0102 0.4751 0.1779
v -0.0060 0.4750 0.1600
v -0.0060 0.4750 0.1033
v -0.0060 0.4750 0.0467
v -0.0060 0.4750 -0.0100
v -0.0060 0.4750 -0.0667
v -0.0060 0.4750 -0.1233
v -0.0060 0.4670 -0.1800
v -0.0102 0.4671 -0.1979
v -0.0158 0.4672 -0.2062
v -0.0177 0.4672 -0.2083
v -0.0177 0.4802 0.1883
v -0.0158 0.4802 0.1862
v -0.0102 0.4801 0.1779
v -0.0060 0.4800 0.1600
v -0.0060 0.4800 0.1033
v -0.0060 0.4800 0.0467
v -0.0060 0.4800 -0.0100
v -0.0060 0.4800 -0.0667
v -0.0060 0.4800 -0.1233
v -0.0060 0.4720 -0.1800
v -0.0102 0.4721 -0.1979
v -0.0158 0.4722 -0.2062
v -0.0177 0.4722 -0.2083
v -0.0193 0.4936 0.1867
v -0.0177 0.4944 0.1845
v -0.0133 0.4965 0.1763
v -0.0102 0.4981 0.1600
v -0.0102 0.4983 0.1033
v -0.0102 0.4984 0.0467
v -0.0102 0.4985 -0.0100
v -0.0102 0.4984 -0.0667
v -0.0102 0.4983 -0.1233
v -0.0102 0.4901 -0.1800
v -0.0133 0.4885 -0.1963
v -0.0177 0.4864 -0.2045
v -0.0193 0.4856 -0.2067
v -0.0219 0.5012 0.1841
v -0.0207 0.5022 0.1819
v -0.0177 0.5049 0.1741
v -0.0158 0.5066 0.1600
v -0.0158 0.5071 0.1033
v -0.0158 0.5074 0.0467
v -0.0158 0.5075 -0.0100
v -0.0158 0.5074 -0.0667
v -0.0158 0.5071 -0.1233
v -0.0158 0.4986 -0.1800
v -0.0177 0.4969 -0.1941
v -0.0207 0.4942 -0.2019
v -0.0219 0.4932 -0.2041
v -0.0229 0.5034 0.1831
v -0.0219 0.5045 0.1809
v -0.0193 0.5071 0.1733
v -0.0177 0.5088 0.1600
v -0.0177 0.5094 0.1033
v -0.0177 0.5097 0.0467
v -0.0177 0.5098 -0.0100
v -0.0177 0.5097 -0.0667
v -0.0177 0.5094 -0.1233
v -0.0177 0.5008 -0.1800
v -0.0193 0.4991 -0.1933
v -0.0219 0.4965 -0.2009
v -0.0229 0.4954 -0.2031
v -0.3971 0.4189 -0.2031
v -0.3981 0.4179 -0.2009
v -0.4007 0.4153 -0.1933
v -0.4023 0.4137 -0.1800
v -0.4023 0.4217 -0.1233
v -0.4023 0.4217 -0.0667
v -0.4023 0.4217 -0.0100
v -0.4023 0.4217 0.0467
v -0.4023 0.4217 0.1033
v -0.4023 0.4217 0.1600
v -0.4007 0.4233 0.1733
v -0.3981 0.4259 0.1809
v -0.3971 0.4269 0.1831
v -0.3981 0.4211 -0.2041
v -0.3993 0.4201 -0.2019
v -0.4023 0.4175 -0.1941
v -0.4042 0.4158 -0.1800
v -0.4042 0.4238 -0.1233
v -0.4042 0.4238 -0.0667
v -0.4042 0.4238 -0.0100
v -0.4042 0.4238 0.0467
v -0.4042 0.4238 0.1033
v -0.4042 0.4238 0.1600
v -0.4023 0.4255 0.1741
v -0.3993 0.4281 0.1819
v -0.3981 0.4291 0.1841
v -0.4007 0.4287 -0.2067
v -0.4023 0.4279 -0.2045
v -0.4067 0.4257 -0.1963
v -0.4098 0.4241 -0.1800
v -0.4098 0.4321 -0.1233
v -0.4098 0.4321 -0.0667
v -0.4098 0.4321 -0.0100
v -0.4098 0.4321 0.0467
v -0.4098 0.4321 0.1033
v -0.4098 0.4321 0.1600
v -0.4067 0.4337 0.1763
v -0.4023 0.4359 0.1845
v -0.4007 0.4367 0.1867
v -0.4023 0.4420 -0.2083
v -0.4042 0.4420 -0.2062
v -0.4098 0.4420 -0.1979
v -0.4140 0.4420 -0.1800
v -0.4140 0.4500 -0.1233
v -0.4140 0.4500 -0.0667
v -0.4140 0.4500 -0.0100
v -0.4140 0.4500 0.0467
v -0.4140 0.4500 0.1033
v -0.4140 0.4500 0.1600
v -0.4098 0.4500 0.1779
v -0.4042 0.4500 0.1862
v -0.4023 0.4500 0.1883
v -0.4023 0.4470 -0.2083
v -0.4042 0.4470 -0.2062
v -0.4098 0.4470 -0.1979
v -0.4140 0.4470 -0.1800
v -0.4140 0.4550 -0.1233
v -0.4140 0.4550 -0.0667
v -0.4140 0.4550 -0.0100
v -0.4140 0.4550 0.0467
v -0.4140 0.4550 0.1033
v -0.4140 0.4550 0.1600
v -0.4098 0.4550 0.1779
v -0.4042 0.4550 0.1862
v -0.4023 0.4550 0.1883
v -0.4023 0.4520 -0.2083
v -0.4042 0.4520 -0.2062
v -0.4098 0.4520 -0.1979
v -0.4140 0.4520 -0.1800
v -0.4140 0.4600 -0.1233
v -0.4140 0.4600 -0.0667
v -0.4140 0.4600 -0.0100
v -0.4140 0.4600 0.0467
v -0.4140 0.4600 0.1033
v -0.4140 0.4600 0.1600
v -0.4098 0.4600 0.1779
v -0.4042 0.4600 0.1862
v -0.4023 0.4600 0.1883
v -0.4023 0.4570 -0.2083
v -0.4042 0.4570 -0.2062
v -0.4098 0.4570 -0.1979
v -0.4140 0.4570 -0.1800
v -0.4140 0.4650 -0.1233
v -0.4140 0.4650 -0.0667
v -0.4140 0.4650 -0.0100
v -0.4140 0.4650 0.0467
v -0.4140 0.4650 0.1033
v -0.4140 0.4650 0.1600
v -0.4098 0.4650 0.1779
v -0.4042 0.4650 0.1862
v -0.4023 0.4650 0.1883
v -0.4023 0.4622 -0.2083
v -0.4042 0.4622 -0.2062
v -0.4098 0.4621 -0.1979
v -0.4140 0.4620 -0.1800
v -0.4140 0.4700 -0.1233
v -0.4140 0.4700 -0.0667
v -0.4140 0.4700 -0.0100
v -0.4140 0.4700 0.0467
v -0.4140 0.4700 0.1033
v -0.4140 0.4700 0.1600
v -0.4098 0.4701 0.1779
v -0.4042 0.4702 0.1862
v -0.4023 0.4702 0.1883
v -0.4023 0.4672 -0.2083
v -0.4042 0.4672 -0.2062
v -0.4098 0.4671 -0.1979
v -0.4140 0.4670 -0.1800
v -0.4140 0.4750 -0.1233
v -0.4140 0.4750 -0.0667
v -0.4140 0.4750 -0.0100
v -0.4140 0.4750 0.0467
v -0.4140 0.4750 0.1033
v -0.4140 0.4750 0.1600
v -0.4098 0.4751 0.1779
v -0.4042 0.4752 0.1862
v -0.4023 0.4752 0.1883
v -0.4023 0.4722 -0.2083
v -0.4042 0.4722 -0.2062
v -0.4098 0.4721 -0.1979
v -0.4140 0.4720 -0.1800
v -0.4140 0.4800 -0.1233
v -0.4140 0.4800 -0.0667
v -0.4140 0.4800 -0.0100
v -0.4140 0.4800 0.0467
v -0.4140 0.4800 0.1033
v -0.4140 0.4800 0.1600
v -0.4098 0.4801 0.1779
v -0.4042 0.4802 0.1862
v -0.4023 0.4802 0.1883
v -0.4007 0.4856 -0.2067
v -0.4023 0.4864 -0.2045
v -0.4067 0.4885 -0.1963
v -0.4098 0.4901 -0.1800
v -0.4098 0.4983 -0.1233
v -0.4098 0.4984 -0.0667
v -0.4098 0.4985 -0.0100
v -0.4098 0.4984 0.0467
v -0.4098 0.4983 0.1033
v -0.4098 0.4981 0.1600
v -0.4067 0.4965 0.1763
v -0.4023 0.4944 0.1845
v -0.4007 0.4936 0.1867
v -0.3981 0.4932 -0.2041
v -0.3993 0.4942 -0.2019
v -0.4023 0.4969 -0.1941
v -0.4042 0.4986 -0.1800
v -0.4042 0.5071 -0.1233
v -0.4042 0.5074 -0.0667
v -0.4042 0.5075 -0.0100
v -0.4042 0.5074 0.0467
v -0.4042 0.5071 0.1033
v -0.4042 0.5066 0.1600
v -0.4023 0.5049 0.1741
v -0.3993 0.5022 0.1819
v -0.3981 0.5012 0.1841
v -0.3971 0.4954 -0.2031
v -0.3981 0.4965 -0.2009
v -0.4007 0.4991 -0.1933
v -0.4023 0.5008 -0.1800
v -0.4023 0.5094 -0.1233
v -0.4023 0.5097 -0.0667
v -0.4023 0.5098 -0.0100
v -0.4023 0.5097 0.0467
v -0.4023 0.5094 0.1033
v -0.4023 0.5088 0.1600
v -0.4007 0.5071 0.1733
v -0.3981 0.5045 0.1809
v -0.3971 0.5034 0.1831
v -0.3971 0.5034 0.1831
v -0.3949 0.5045 0.1841
v -0.3873 0.5071 0.1867
v -0.3740 0.5088 0.1883
v -0.3193 0.5094 0.1883
v -0.2647 0.5097 0.1883
v -0.2100 0.5098 0.1883
v -0.1553 0.5097 0.1883
v -0.1007 0.5094 0.1883
v -0.0460 0.5088 0.1883
v -0.0327 0.5071 0.1867
v -0.0251 0.5045 0.1841
v -0.0229 0.5034 0.1831
v -0.3981 0.5045 0.1809
v -0.3959 0.5057 0.1819
v -0.3881 0.5088 0.1845
v -0.3740 0.5109 0.1862
v -0.3193 0.5115 0.1862
v -0.2647 0.5119 0.1862
v -0.2100 0.5120 0.1862
v -0.1553 0.5119 0.1862
v -0.1007 0.5115 0.1862
v -0.0460 0.5109 0.1862
v -0.0319 0.5088 0.1845
v -0.0241 0.5057 0.1819
v -0.0219 0.5045 0.1809
v -0.4007 0.5071 0.1733
v -0.3985 0.5088 0.1741
v -0.3903 0.5133 0.1763
v -0.3740 0.5168 0.1779
v -0.3193 0.5178 0.1779
v -0.2647 0.5184 0.1779
v -0.2100 0.5186 0.1779
v -0.1553 0.5184 0.1779
v -0.1007 0.5178 0.1779
v -0.0460 0.5168 0.1779
v -0.0297 0.5133 0.1763
v -0.0215 0.5088 0.1741
v -0.0193 0.5071 0.1733
v -0.4023 0.5088 0.1600
v -0.4002 0.5109 0.1600
v -0.3919 0.5168 0.1600
v -0.3740 0.5217 0.1600
v -0.3193 0.5234 0.1600
v -0.2647 0.5245 0.1600
v -0.2100 0.5248 0.1600
v -0.1553 0.5245 0.1600
v -0.1007 0.5234 0.1600
v -0.0460 0.5217 0.1600
v -0.0281 0.5168 0.1600
v -0.0198 0.5109 0.1600
v -0.0177 0.5088 0.1600
v -0.4023 0.5094 0.1033
v -0.4002 0.5115 0.1033
v -0.3919 0.5178 0.1033
v -0.3740 0.5235 0.1033
v -0.3193 0.5271 0.1033
v -0.2647 0.5292 0.1033
v -0.2100 0.5299 0.1033
v -0.1553 0.5292 0.1033
v -0.1007 0.5271 0.1033
v -0.0460 0.5235 0.1033
v -0.0281 0.5178 0.1033
v -0.0198 0.5115 0.1033
v -0.0177 0.5094 0.1033
v -0.4023 0.5097 0.0467
v -0.4002 0.5119 0.0467
v -0.3919 0.5184 0.0467
v -0.3740 0.5246 0.0467
v -0.3193 0.5293 0.0467
v -0.2647 0.5320 0.0467
v -0.2100 0.5330 0.0467
v -0.1553 0.5320 0.0467
v -0.1007 0.5293 0.0467
v -0.0460 0.5246 0.0467
v -0.0281 0.5184 0.0467
v -0.0198 0.5119 0.0467
v -0.0177 0.5097 0.0467
v -0.4023 0.5098 -0.0100
v -0.4002 0.5121 -0.0100
v -0.3919 0.5186 -0.0100
v -0.3740 0.5250 -0.0100
v -0.3193 0.5300 -0.0100
v -0.2647 0.5330 -0.0100
v -0.2100 0.5340 -0.0100
v -0.1553 0.5330 -0.0100
v -0.1007 0.5300 -0.0100
v -0.0460 0.5250 -0.0100
v -0.0281 0.5186 -0.0100
v -0.0198 0.5121 -0.0100
v -0.0177 0.5098 -0.0100
v -0.4023 0.5097 -0.0667
v -0.4002 0.5119 -0.0667
v -0.3919 0.5184 -0.0667
v -0.3740 0.5246 -0.0667
v -0.3193 0.5293 -0.0667
v -0.2647 0.5320 -0.0667
v -0.2100 0.5330 -0.0667
v -0.1553 0.5320 -0.0667
v -0.1007 0.5293 -0.0667
v -0.0460 0.5246 -0.0667
v -0.0281 0.5184 -0.0667
v -0.0198 0.5119 -0.0667
v -0.0177 0.5097 -0.0667
v -0.4023 0.5094 -0.1233
v -0.4002 0.5115 -0.1233
v -0.3919 0.5178 -0.1233
v -0.3740 0.5235 -0.1233
v -0.3193 0.5271 -0.1233
v -0.2647 0.5292 -0.1233
v -0.2100 0.5299 -0.1233
v -0.1553 0.5292 -0.1233
v -0.1007 0.5271 -0.1233
v -0.0460 0.5235 -0.1233
v -0.0281 0.5178 -0.1233
v -0.0198 0.5115 -0.1233
v -0.0177 0.5094 -0.1233
v -0.4023 0.5008 -0.1800
v -0.4002 0.5029 -0.1800
v -0.3919 0.5088 -0.1800
v -0.3740 0.5137 -0.1800
v -0.3193 0.5154 -0.1800
v -0.2647 0.5165 -0.1800
v -0.2100 0.5168 -0.1800
v -0.1553 0.5165 -0.1800
v -0.1007 0.5154 -0.1800
v -0.0460 0.5137 -0.1800
v -0.0281 0.5088 -0.1800
v -0.0198 0.5029 -0.1800
v -0.0177 0.5008 -0.1800
v -0.4007 0.4991 -0.1933
v -0.3985 0.5008 -0.1941
v -0.3903 0.5053 -0.1963
v -0.3740 0.5088 -0.1979
v -0.3193 0.5098 -0.1979
v -0.2647 0.5104 -0.1979
v -0.2100 0.5106 -0.1979
v -0.1553 0.5104 -0.1979
v -0.1007 0.5098 -0.1979
v -0.0460 0.5088 -0.1979
v -0.0297 0.5053 -0.1963
v -0.0215 0.5008 -0.1941
v -0.0193 0.4991 -0.1933
v -0.3981 0.4965 -0.2009
v -0.3959 0.4977 -0.2019
v -0.3881 0.5008 -0.2045
v -0.3740 0.5029 -0.2062
v -0.3193 0.5035 -0.2062
v -0.2647 0.5039 -0.2062
v -0.2100 0.5040 -0.2062
v -0.1553 0.5039 -0.2062
v -0.1007 0.5035 -0.2062
v -0.0460 0.5029 -0.2062
v -0.0319 0.5008 -0.2045
v -0.0241 0.4977 -0.2019
v -0.0219 0.4965 -0.2009
v -0.3971 0.4954 -0.2031
v -0.3949 0.4965 -0.2041
v -0.3873 0.4991 -0.2067
v -0.3740 0.5008 -0.2083
v -0.3193 0.5014 -0.2083
v -0.2647 0.5017 -0.2083
v -0.2100 0.5018 -0.2083
v -0.1553 0.5017 -0.2083
v -0.1007 0.5014 -0.2083
v -0.0460 0.5008 -0.2083
v -0.0327 0.4991 -0.2067
v -0.0251 0.4965 -0.2041
v -0.0229 0.4954 -0.2031
v -0.3971 0.4189 -0.2031
v -0.3949 0.4179 -0.2041
v -0.3873 0.4153 -0.2067
v -0.3740 0.4137 -0.2083
v -0.3193 0.4137 -0.2083
v -0.2647 0.4137 -0.2083
v -0.2100 0.4137 -0.2083
v -0.1553 0.4137 -0.2083
v -0.1007 0.4137 -0.2083
v -0.0460 0.4137 -0.2083
v -0.0327 0.4153 -0.2067
v -0.0251 0.4179 -0.2041
v -0.0229 0.4189 -0.2031
v -0.3981 0.4179 -0.2009
v -0.3959 0.4167 -0.2019
v -0.3881 0.4137 -0.2045
v -0.3740 0.4118 -0.2062
v -0.3193 0.4118 -0.2062
v -0.2647 0.4118 -0.2062
v -0.2100 0.4118 -0.2062
v -0.1553 0.4118 -0.2062
v -0.1007 0.4118 -0.2062
v -0.0460 0.4118 -0.2062
v -0.0319 0.4137 -0.2045
v -0.0241 0.4167 -0.2019
v -0.0219 0.4179 -0.2009
v -0.4007 0.4153 -0.1933
v -0.3985 0.4137 -0.1941
v -0.3903 0.4093 -0.1963
v -0.3740 0.4062 -0.1979
v -0.3193 0.4062 -0.1979
v -0.2647 0.4062 -0.1979
v -0.2100 0.4062 -0.1979
v -0.1553 0.4062 -0.1979
v -0.1007 0.4062 -0.1979
v -0.0460 0.4062 -0.1979
v -0.0297 0.4093 -0.1963
v -0.0215 0.4137 -0.1941
v -0.0193 0.4153 -0.1933
v -0.4023 0.4137 -0.1800
v -0.4002 0.4118 -0.1800
v -0.3919 0.4062 -0.1800
v -0.3740 0.4020 -0.1800
v -0.3193 0.4020 -0.1800
v -0.2647 0.4020 -0.1800
v -0.2100 0.4020 -0.1800
v -0.1553 0.4020 -0.1800
v -0.1007 0.4020 -0.1800
v -0.0460 0.4020 -0.1800
v -0.0281 0.4062 -0.1800
v -0.0198 0.4118 -0.1800
v -0.0177 0.4137 -0.1800
v -0.4023 0.4217 -0.1233
v -0.4002 0.4198 -0.1233
v -0.3919 0.4142 -0.1233
v -0.3740 0.4100 -0.1233
v -0.3193 0.4100 -0.1233
v -0.2647 0.4100 -0.1233
v -0.2100 0.4100 -0.1233
v -0.1553 0.4100 -0.1233
v -0.1007 0.4100 -0.1233
v -0.0460 0.4100 -0.1233
v -0.0281 0.4142 -0.1233
v -0.0198 0.4198 -0.1233
v -0.0177 0.4217 -0.1233
v -0.4023 0.4217 -0.0667
v -0.4002 0.4198 -0.0667
v -0.3919 0.4142 -0.0667
v -0.3740 0.4100 -0.0667
v -0.3193 0.4100 -0.0667
v -0.2647 0.4100 -0.0667
v -0.2100 0.4100 -0.0667
v -0.1553 0.4100 -0.0667
v -0.1007 0.4100 -0.0667
v -0.0460 0.4100 -0.0667
v -0.0281 0.4142 -0.0667
v -0.0198 0.4198 -0.0667
v -0.0177 0.4217 -0.0667
v -0.4023 0.4217 -0.0100
v -0.4002 0.4198 -0.0100
v -0.3919 0.4142 -0.0100
v -0.3740 0.4100 -0.0100
v -0.3193 0.4100 -0.0100
v -0.2647 0.4100 -0.0100
v -0.2100 0.4100 -0.0100
v -0.1553 0.4100 -0.0100
v -0.1007 0.4100 -0.0100
v -0.0460 0.4100 -0.0100
v -0.0281 0.4142 -0.0100
v -0.0198 0.4198 -0.0100
v -0.0177 0.4217 -0.0100
v -0.4023 0.4217 0.0467
v -0.4002 0.4198 0.0467
v -0.3919 0.4142 0.0467
v -0.3740 0.4100 0.0467
v -0.3193 0.4100 0.0467
v -0.2647 0.4100 0.0467
v -0.2100 0.4100 0.0467
v -0.1553 0.4100 0.0467
v -0.1007 0.4100 0.0467
v -0.0460 0.4100 0.0467
v -0.0281 0.4142 0.0467
v -0.0198 0.4198 0.0467
v -0.0177 0.4217 0.0467
v -0.4023 0.4217 0.1033
v -0.4002 0.4198 0.1033
v -0.3919 0.4142 0.1033
v -0.3740 0.4100 0.1033
v -0.3193 0.4100 0.1033
v -0.2647 0.4100 0.1033
v -0.2100 0.4100 0.1033
v -0.1553 0.4100 0.1033
v -0.1007 0.4100 0.1033
v -0.0460 0.4100 0.1033
v -0.0281 0.4142 0.1033
v -0.0198 0.4198 0.1033
v -0.0177 0.4217 0.1033
v -0.4023 0.4217 0.1600
v -0.4002 0.4198 0.1600
v -0.3919 0.4142 0.1600
v -0.3740 0.4100 0.1600
v -0.3193 0.4100 0.1600
v -0.2647 0.4100 0.1600
v -0.2100 0.4100 0.1600
v -0.1553 0.4100 0.1600
v -0.1007 0.4100 0.1600
v -0.0460 0.4100 0.1600
v -0.0281 0.4142 0.1600
v -0.0198 0.4198 0.1600
v -0.0177 0.4217 0.1600
v -0.4007 0.4233 0.1733
v -0.3985 0.4217 0.1741
v -0.3903 0.4173 0.1763
v -0.3740 0.4142 0.1779
v -0.3193 0.4142 0.1779
v -0.2647 0.4142 0.1779
v -0.2100 0.4142 0.1779
v -0.1553 0.4142 0.1779
v -0.1007 0.4142 0.1779
v -0.0460 0.4142 0.1779
v -0.0297 0.4173 0.1763
v -0.0215 0.4217 0.1741
v -0.0193 0.4233 0.1733
v -0.3981 0.4259 0.1809
v -0.3959 0.4247 0.1819
v -0.3881 0.4217 0.1845
v -0.3740 0.4198 0.1862
v -0.3193 0.4198 0.1862
v -0.2647 0.4198 0.1862
v -0.2100 0.4198 0.1862
v -0.1553 0.4198 0.1862
v -0.1007 0.4198 0.1862
v -0.0460 0.4198 0.1862
v -0.0319 0.4217 0.1845
v -0.0241 0.4247 0.1819
v -0.0219 0.4259 0.1809
v -0.3971 0.4269 0.1831
v -0.3949 0.4259 0.1841
v -0.3873 0.4233 0.1867
v -0.3740 0.4217 0.1883
v -0.3193 0.4217 0.1883
v -0.2647 0.4217 0.1883
v -0.2100 0.4217 0.1883
v -0.1553 0.4217 0.1883
v -0.1007 0.4217 0.1883
v -0.0460 0.4217 0.1883
v -0.0327 0.4233 0.1867
v -0.0251 0.4259 0.1841
v -0.0229 0.4269 0.1831
v -0.3971 0.4269 0.1831
v -0.3949 0.4259 0.1841
v -0.3873 0.4233 0.1867
v -0.3740 0.4217 0.1883
v -0.3193 0.4217 0.1883
v -0.2647 0.4217 0.1883
v -0.2100 0.4217 0.1883
v -0.1553 0.4217 0.1883
v -0.1007 0.4217 0.1883
v -0.0460 0.4217 0.1883
v -0.0327 0.4233 0.1867
v -0.0251 0.4259 0.1841
v -0.0229 0.4269 0.1831
v -0.3981 0.4291 0.1841
v -0.3959 0.4281 0.1853
v -0.3881 0.4255 0.1883
v -0.3740 0.4238 0.1902
v -0.3193 0.4238 0.1902
v -0.2647 0.4238 0.1902
v -0.2100 0.4238 0.1902
v -0.1553 0.4238 0.1902
v -0.1007 0.4238 0.1902
v -0.0460 0.4238 0.1902
v -0.0319 0.4255 0.1883
v -0.0241 0.4281 0.1853
v -0.0219 0.4291 0.1841
v -0.4007 0.4367 0.1867
v -0.3985 0.4359 0.1883
v -0.3903 0.4337 0.1927
v -0.3740 0.4321 0.1958
v -0.3193 0.4321 0.1958
v -0.2647 0.4321 0.1958
v -0.2100 0.4321 0.1958
v -0.1553 0.4321 0.1958
v -0.1007 0.4321 0.1958
v -0.0460 0.4321 0.1958
v -0.0297 0.4337 0.1927
v -0.0215 0.4359 0.1883
v -0.0193 0.4367 0.1867
v -0.4023 0.4500 0.1883
v -0.4002 0.4500 0.1902
v -0.3919 0.4500 0.1958
v -0.3740 0.4500 0.2000
v -0.3193 0.4500 0.2000
v -0.2647 0.4500 0.2000
v -0.2100 0.4500 0.2000
v -0.1553 0.4500 0.2000
v -0.1007 0.4500 0.2000
v -0.0460 0.4500 0.2000
v -0.0281 0.4500 0.1958
v -0.0198 0.4500 0.1902
v -0.0177 0.4500 0.1883
v -0.4023 0.4550 0.1883
v -0.4002 0.4550 0.1902
v -0.3919 0.4550 0.1958
v -0.3740 0.4550 0.2000
v -0.3193 0.4550 0.2000
v -0.2647 0.4550 0.2000
v -0.2100 0.4550 0.2000
v -0.1553 0.4550 0.2000
v -0.1007 0.4550 0.2000
v -0.0460 0.4550 0.2000
v -0.0281 0.4550 0.1958
v -0.0198 0.4550 0.1902
v -0.0177 0.4550 0.1883
v -0.4023 0.4600 0.1883
v -0.4002 0.4600 0.1902
v -0.3919 0.4600 0.1958
v -0.3740 0.4600 0.2000
v -0.3193 0.4600 0.2000
v -0.2647 0.4600 0.2000
v -0.2100 0.4600 0.2000
v -0.1553 0.4600 0.2000
v -0.1007 0.4600 0.2000
v -0.0460 0.4600 0.2000
v -0.0281 0.4600 0.1958
v -0.0198 0.4600 0.1902
v -0.0177 0.4600 0.1883
v -0.4023 0.4650 0.1883
v -0.4002 0.4650 0.1902
v -0.3919 0.4650 0.1958
v -0.3740 0.4650 0.2000
v -0.3193 0.4650 0.2000
v -0.2647 0.4650 0.2000
v -0.2100 0.4650 0.2000
v -0.1553 0.4650 0.2000
v -0.1007 0.4650 0.2000
v -0.0460 0.4650 0.2000
v -0.0281 0.4650 0.1958
v -0.0198 0.4650 0.1902
v -0.0177 0.4650 0.1883
v -0.4023 0.4702 0.1883
v -0.4002 0.4702 0.1902
v -0.3919 0.4701 0.1958
v -0.3740 0.4700 0.2000
v -0.3193 0.4700 0.2000
v -0.2647 0.4700 0.2000
v -0.2100 0.4700 0.2000
v -0.1553 0.4700 0.2000
v -0.1007 0.4700 0.2000
v -0.0460 0.4700 0.2000
v -0.0281 0.4701 0.1958
v -0.0198 0.4702 0.1902
v -0.0177 0.4702 0.1883
v -0.4023 0.4752 0.1883
v -0.4002 0.4752 0.1902
v -0.3919 0.4751 0.1958
v -0.3740 0.4750 0.2000
v -0.3193 0.4750 0.2000
v -0.2647 0.4750 0.2000
v -0.2100 0.4750 0.2000
v -0.1553 0.4750 0.2000
v -0.1007 0.4750 0.2000
v -0.0460 0.4750 0.2000
v -0.0281 0.4751 0.1958
v -0.0198 0.4752 0.1902
v -0.0177 0.4752 0.1883
v -0.4023 0.4802 0.1883
v -0.4002 0.4802 0.1902
v -0.3919 0.4801 0.1958
v -0.3740 0.4800 0.2000
v -0.3193 0.4800 0.2000
v -0.2647 0.4800 0.2000
v -0.2100 0.4800 0.2000
v -0.1553 0.4800 0.2000
v -0.1007 0.4800 0.2000
v -0.0460 0.4800 0.2000
v -0.0281 0.4801 0.1958
v -0.0198 0.4802 0.1902
v -0.0177 0.4802 0.1883
v -0.4007 0.4936 0.1867
v -0.3985 0.4944 0.1883
v -0.3903 0.4965 0.1927
v -0.3740 0.4981 0.1958
v -0.3193 0.4983 0.1958
v -0.2647 0.4984 0.1958
v -0.2100 0.4984 0.1958
v -0.1553 0.4984 0.1958
v -0.1007 0.4983 0.1958
v -0.0460 0.4981 0.1958
v -0.0297 0.4965 0.1927
v -0.0215 0.4944 0.1883
v -0.0193 0.4936 0.1867
v -0.3981 0.5012 0.1841
v -0.3959 0.5022 0.1853
v -0.3881 0.5049 0.1883
v -0.3740 0.5066 0.1902
v -0.3193 0.5071 0.1902
v -0.2647 0.5074 0.1902
v -0.2100 0.5075 0.1902
v -0.1553 0.5074 0.1902
v -0.1007 0.5071 0.1902
v -0.0460 0.5066 0.1902
v -0.0319 0.5049 0.1883
v -0.0241 0.5022 0.1853
v -0.0219 0.5012 0.1841
v -0.3971 0.5034 0.1831
v -0.3949 0.5045 0.1841
v -0.3873 0.5071 0.1867
v -0.3740 0.5088 0.1883
v -0.3193 0.5094 0.1883
v -0.2647 0.5097 0.1883
v -0.2100 0.5098 0.1883
v -0.1553 0.5097 0.1883
v -0.1007 0.5094 0.1883
v -0.0460 0.5088 0.1883
v -0.0327 0.5071 0.1867
v -0.0251 0.5045 0.1841
v -0.0229 0.5034 0.1831
v -0.0229 0.4189 -0.2031
v -0.0251 0.4179 -0.2041
v -0.0327 0.4153 -0.2067
v -0.0460 0.4137 -0.2083
v -0.1007 0.4137 -0.2083
v -0.1553 0.4137 -0.2083
v -0.2100 0.4137 -0.2083
v -0.2647 0.4137 -0.2083
v -0.3193 0.4137 -0.2083
v -0.3740 0.4137 -0.2083
v -0.3873 0.4153 -0.2067
v -0.3949 0.4179 -0.2041
v -0.3971 0.4189 -0.2031
v -0.0219 0.4211 -0.2041
v -0.0241 0.4201 -0.2053
v -0.0319 0.4175 -0.2083
v -0.0460 0.4158 -0.2102
v -0.1007 0.4158 -0.2102
v -0.1553 0.4158 -0.2102
v -0.2100 0.4158 -0.2102
v -0.2647 0.4158 -0.2102
v -0.3193 0.4158 -0.2102
v -0.3740 0.4158 -0.2102
v -0.3881 0.4175 -0.2083
v -0.3959 0.4201 -0.2053
v -0.3981 0.4211 -0.2041
v -0.0193 0.4287 -0.2067
v -0.0215 0.4279 -0.2083
v -0.0297 0.4257 -0.2127
v -0.0460 0.4241 -0.2158
v -0.1007 0.4241 -0.2158
v -0.1553 0.4241 -0.2158
v -0.2100 0.4241 -0.2158
v -0.2647 0.4241 -0.2158
v -0.3193 0.4241 -0.2158
v -0.3740 0.4241 -0.2158
v -0.3903 0.4257 -0.2127
v -0.3985 0.4279 -0.2083
v -0.4007 0.4287 -0.2067
v -0.0177 0.4420 -0.2083
v -0.0198 0.4420 -0.2102
v -0.0281 0.4420 -0.2158
v -0.0460 0.4420 -0.2200
v -0.1007 0.4420 -0.2200
v -0.1553 0.4420 -0.2200
v -0.2100 0.4420 -0.2200
v -0.2647 0.4420 -0.2200
v -0.3193 0.4420 -0.2200
v -0.3740 0.4420 -0.2200
v -0.3919 0.4420 -0.2158
v -0.4002 0.4420 -0.2102
v -0.4023 0.4420 -0.2083
v -0.0177 0.4470 -0.2083
v -0.0198 0.4470 -0.2102
v -0.0281 0.4470 -0.2158
v -0.0460 0.4470 -0.2200
v -0.1007 0.4470 -0.2200
v -0.1553 0.4470 -0.2200
v -0.2100 0.4470 -0.2200
v -0.2647 0.4470 -0.2200
v -0.3193 0.4470 -0.2200
v -0.3740 0.4470 -0.2200
v -0.3919 0.4470 -0.2158
v -0.4002 0.4470 -0.2102
v -0.4023 0.4470 -0.2083
v -0.0177 0.4520 -0.2083
v -0.0198 0.4520 -0.2102
v -0.0281 0.4520 -0.2158
v -0.0460 0.4520 -0.2200
v -0.1007 0.4520 -0.2200
v -0.1553 0.4520 -0.2200
v -0.2100 0.4520 -0.2200
v -0.2647 0.4520 -0.2200
v -0.3193 0.4520 -0.2200
v -0.3740 0.4520 -0.2200
v -0.3919 0.4520 -0.2158
v -0.4002 0.4520 -0.2102
v -0.4023 0.4520 -0.2083
v -0.0177 0.4570 -0.2083
v -0.0198 0.4570 -0.2102
v -0.0281 0.4570 -0.2158
v -0.0460 0.4570 -0.2200
v -0.1007 0.4570 -0.2200
v -0.1553 0.4570 -0.2200
v -0.2100 0.4570 -0.2200
v -0.2647 0.4570 -0.2200
v -0.3193 0.4570 -0.2200
v -0.3740 0.4570 -0.2200
v -0.3919 0.4570 -0.2158
v -0.4002 0.4570 -0.2102
v -0.4023 0.4570 -0.2083
v -0.0177 0.4622 -0.2083
v -0.0198 0.4622 -0.2102
v -0.0281 0.4621 -0.2158
v -0.0460 0.4620 -0.2200
v -0.1007 0.4620 -0.2200
v -0.1553 0.4620 -0.2200
v -0.2100 0.4620 -0.2200
v -0.2647 0.4620 -0.2200
v -0.3193 0.4620 -0.2200
v -0.3740 0.4620 -0.2200
v -0.3919 0.4621 -0.2158
v -0.4002 0.4622 -0.2102
v -0.4023 0.4622 -0.2083
v -0.0177 0.4672 -0.2083
v -0.0198 0.4672 -0.2102
v -0.0281 0.4671 -0.2158
v -0.0460 0.4670 -0.2200
v -0.1007 0.4670 -0.2200
v -0.1553 0.4670 -0.2200
v -0.2100 0.4670 -0.2200
v -0.2647 0.4670 -0.2200
v -0.3193 0.4670 -0.2200
v -0.3740 0.4670 -0.2200
v -0.3919 0.4671 -0.2158
v -0.4002 0.4672 -0.2102
v -0.4023 0.4672 -0.2083
v -0.0177 0.4722 -0.2083
v -0.0198 0.4722 -0.2102
v -0.0281 0.4721 -0.2158
v -0.0460 0.4720 -0.2200
v -0.1007 0.4720 -0.2200
v -0.1553 0.4720 -0.2200
v -0.2100 0.4720 -0.2200
v -0.2647 0.4720 -0.2200
v -0.3193 0.4720 -0.2200
v -0.3740 0.4720 -0.2200
v -0.3919 0.4721 -0.2158
v -0.4002 0.4722 -0.2102
v -0.4023 0.4722 -0.2083
v -0.0193 0.4856 -0.2067
v -0.0215 0.4864 -0.2083
v -0.0297 0.4885 -0.2127
v -0.0460 0.4901 -0.2158
v -0.1007 0.4903 -0.2158
v -0.1553 0.4904 -0.2158
v -0.2100 0.4904 -0.2158
v -0.2647 0.4904 -0.2158
v -0.3193 0.4903 -0.2158
v -0.3740 0.4901 -0.2158
v -0.3903 0.4885 -0.2127
v -0.3985 0.4864 -0.2083
v -0.4007 0.4856 -0.2067
v -0.0219 0.4932 -0.2041
v -0.0241 0.4942 -0.2053
v -0.0319 0.4969 -0.2083
v -0.0460 0.4986 -0.2102
v -0.1007 0.4991 -0.2102
v -0.1553 0.4994 -0.2102
v -0.2100 0.4995 -0.2102
v -0.2647 0.4994 -0.2102
v -0.3193 0.4991 -0.2102
v -0.3740 0.4986 -0.2102
v -0.3881 0.4969 -0.2083
v -0.3959 0.4942 -0.2053
v -0.3981 0.4932 -0.2041
v -0.0229 0.4954 -0.2031
v -0.0251 0.4965 -0.2041
v -0.0327 0.4991 -0.2067
v -0.0460 0.5008 -0.2083
v -0.1007 0.5014 -0.2083
v -0.1553 0.5017 -0.2083
v -0.2100 0.5018 -0.2083
v -0.2647 0.5017 -0.2083
v -0.3193 0.5014 -0.2083
v -0.3740 0.5008 -0.2083
v -0.3873 0.4991 -0.2067
v -0.3949 0.4965 -0.2041
v -0.3971 0.4954 -0.2031
v 0.3971 0.4269 0.1831
v 0.3981 0.4259 0.1809
v 0.4007 0.4233 0.1733
v 0.4023 0.4217 0.1600
v 0.4023 0.4217 0.1033
v 0.4023 0.4217 0.0467
v 0.4023 0.4217 -0.0100
v 0.4023 0.4217 -0.0667
v 0.4023 0.4217 -0.1233
v 0.4023 0.4137 -0.1800
v 0.4007 0.4153 -0.1933
v 0.3981 0.4179 -0.2009
v 0.3971 0.4189 -0.2031
v 0.3981 0.4291 0.1841
v 0.3993 0.4281 0.1819
v 0.4023 0.4255 0.1741
v 0.4042 0.4238 0.1600
v 0.4042 0.4238 0.1033
v 0.4042 0.4238 0.0467
v 0.4042 0.4238 -0.0100
v 0.4042 0.4238 -0.0667
v 0.4042 0.4238 -0.1233
v 0.4042 0.4158 -0.1800
v 0.4023 0.4175 -0.1941
v 0.3993 0.4201 -0.2019
v 0.3981 0.4211 -0.2041
v 0.4007 0.4367 0.1867
v 0.4023 0.4359 0.1845
v 0.4067 0.4337 0.1763
v 0.4098 0.4321 0.1600
v 0.4098 0.4321 0.1033
v 0.4098 0.4321 0.0467
v 0.4098 0.4321 -0.0100
v 0.4098 0.4321 -0.0667
v 0.4098 0.4321 -0.1233
v 0.4098 0.4241 -0.1800
v 0.4067 0.4257 -0.1963
v 0.4023 0.4279 -0.2045
v 0.4007 0.4287 -0.2067
v 0.4023 0.4500 0.1883
v 0.4042 0.4500 0.1862
v 0.4098 0.4500 0.1779
v 0.4140 0.4500 0.1600
v 0.4140 0.4500 0.1033
v 0.4140 0.4500 0.0467
v 0.4140 0.4500 -0.0100
v 0.4140 0.4500 -0.0667
v 0.4140 0.4500 -0.1233
v 0.4140 0.4420 -0.1800
v 0.4098 0.4420 -0.1979
v 0.4042 0.4420 -0.2062
v 0.4023 0.4420 -0.2083
v 0.4023 0.4550 0.1883
v 0.4042 0.4550 0.1862
v 0.4098 0.4550 0.1779
v 0.4140 0.4550 0.1600
v 0.4140 0.4550 0.1033
v 0.4140 0.4550 0.0467
v 0.4140 0.4550 -0.0100
v 0.4140 0.4550 -0.0667
v 0.4140 0.4550 -0.1233
v 0.4140 0.4470 -0.1800
v 0.4098 0.4470 -0.1979
v 0.4042 0.4470 -0.2062
v 0.4023 0.4470 -0.2083
v 0.4023 0.4600 0.1883
v 0.4042 0.4600 0.1862
v 0.4098 0.4600 0.1779
v 0.4140 0.4600 0.1600
v 0.4140 0.4600 0.1033
v 0.4140 0.4600 0.0467
v 0.4140 0.4600 -0.0100
v 0.4140 0.4600 -0.0667
v 0.4140 0.4600 -0.1233
v 0.4140 0.4520 -0.1800
v 0.4098 0.4520 -0.1979
v 0.4042 0.4520 -0.2062
v 0.4023 0.4520 -0.2083
v 0.4023 0.4650 0.1883
v 0.4042 0.4650 0.1862
v 0.4098 0.4650 0.1779
v 0.4140 0.4650 0.1600
v 0.4140 0.4650 0.1033
v 0.4140 0.4650 0.0467
v 0.4140 0.4650 -0.0100
v 0.4140 0.4650 -0.0667
v 0.4140 0.4650 -0.1233
v 0.4140 0.4570 -0.1800
v 0.4098 0.4570 -0.1979
v 0.4042 0.4570 -0.2062
v 0.4023 0.4570 -0.2083
v 0.4023 0.4702 0.1883
v 0.4042 0.4702 0.1862
v 0.4098 0.4701 0.1779
v 0.4140 0.4700 0.1600
v 0.4140 0.4700 0.1033
v 0.4140 0.4700 0.0467
v 0.4140 0.4700 -0.0100
v 0.4140 0.4700 -0.0667
v 0.4140 0.4700 -0.1233
v 0.4140 0.4620 -0.1800
v 0.4098 0.4621 -0.1979
v 0.4042 0.4622 -0.2062
v 0.4023 0.4622 -0.2083
v 0.4023 0.4752 0.1883
v 0.4042 0.4752 0.1862
v 0.4098 0.4751 0.1779
v 0.4140 0.4750 0.1600
v 0.4140 0.4750 0.1033
v 0.4140 0.4750 0.0467
v 0.4140 0.4750 -0.0100
v 0.4140 0.4750 -0.0667
v 0.4140 0.4750 -0.1233
v 0.4140 0.4670 -0.1800
v 0.4098 0.4671 -0.1979
v 0.4042 0.4672 -0.2062
v 0.4023 0.4672 -0.2083
v 0.4023 0.4802 0.1883
v 0.4042 0.4802 0.1862
v 0.4098 0.4801 0.1779
v 0.4140 0.4800 0.1600
v 0.4140 0.4800 0.1033
v 0.4140 0.4800 0.0467
v 0.4140 0.4800 -0.0100
v 0.4140 0.4800 -0.0667
v 0.4140 0.4800 -0.1233
v 0.4140 0.4720 -0.1800
v 0.4098 0.4721 -0.1979
v 0.4042 0.4722 -0.2062
v 0.4023 0.4722 -0.2083
v 0.4007 0.4936 0.1867
v 0.4023 0.4944 0.1845
v 0.4067 0.4965 0.1763
v 0.4098 0.4981 0.1600
v 0.4098 0.4983 0.1033
v 0.4098 0.4984 0.0467
v 0.4098 0.4985 -0.0100
v 0.4098 0.4984 -0.0667
v 0.4098 0.4983 -0.1233
v 0.4098 0.4901 -0.1800
v 0.4067 0.4885 -0.1963
v 0.4023 0.4864 -0.2045
v 0.4007 0.4856 -0.2067
v 0.3981 0.5012 0.1841
v 0.3993 0.5022 0.1819
v 0.4023 0.5049 0.1741
v 0.4042 0.5066 0.1600
v 0.4042 0.5071 0.1033
v 0.4042 0.5074 0.0467
v 0.4042 0.5075 -0.0100
v 0.4042 0.5074 -0.0667
v 0.4042 0.5071 -0.1233
v 0.4042 0.4986 -0.1800
v 0.4023 0.4969 -0.1941
v 0.3993 0.4942 -0.2019
v 0.3981 0.4932 -0.2041
v 0.3971 0.5034 0.1831
v 0.3981 0.5045 0.1809
v 0.4007 0.5071 0.1733
v 0.4023 0.5088 0.1600
v 0.4023 0.5094 0.1033
v 0.4023 0.5097 0.0467
v 0.4023 0.5098 -0.0100
v 0.4023 0.5097 -0.0667
v 0.4023 0.5094 -0.1233
v 0.4023 0.5008 -0.1800
v 0.4007 0.4991 -0.1933
v 0.3981 0.4965 -0.2009
v 0.3971 0.4954 -0.2031
v 0.0229 0.4189 -0.2031
v 0.0219 0.4179 -0.2009
v 0.0193 0.4153 -0.1933
v 0.0177 0.4137 -0.1800
v 0.0177 0.4217 -0.1233
v 0.0177 0.4217 -0.0667
v 0.0177 0.4217 -0.0100
v 0.0177 0.4217 0.0467
v 0.0177 0.4217 0.1033
v 0.0177 0.4217 0.1600
v 0.0193 0.4233 0.1733
v 0.0219 0.4259 0.1809
v 0.0229 0.4269 0.1831
v 0.0219 0.4211 -0.2041
v 0.0207 0.4201 -0.2019
v 0.0177 0.4175 -0.1941
v 0.0158 0.4158 -0.1800
v 0.0158 0.4238 -0.1233
v 0.0158 0.4238 -0.0667
v 0.0158 0.4238 -0.0100
v 0.0158 0.4238 0.0467
v 0.0158 0.4238 0.1033
v 0.0158 0.4238 0.1600
v 0.0177 0.4255 0.1741
v 0.0207 0.4281 0.1819
v 0.0219 0.4291 0.1841
v 0.0193 0.4287 -0.2067
v 0.0177 0.4279 -0.2045
v 0.0133 0.4257 -0.1963
v 0.0102 0.4241 -0.1800
v 0.0102 0.4321 -0.1233
v 0.0102 0.4321 -0.0667
v 0.0102 0.4321 -0.0100
v 0.0102 0.4321 0.0467
v 0.0102 0.4321 0.1033
v 0.0102 0.4321 0.1600
v 0.0133 0.4337 0.1763
v 0.0177 0.4359 0.1845
v 0.0193 0.4367 0.1867
v 0.0177 0.4420 -0.2083
v 0.0158 0.4420 -0.2062
v 0.0102 0.4420 -0.1979
v 0.0060 0.4420 -0.1800
v 0.0060 0.4500 -0.1233
v 0.0060 0.4500 -0.0667
v 0.0060 0.4500 -0.0100
v 0.0060 0.4500 0.0467
v 0.0060 0.4500 0.1033
v 0.0060 0.4500 0.1600
v 0.0102 0.4500 0.1779
v 0.0158 0.4500 0.1862
v 0.0177 0.4500 0.1883
v 0.0177 0.4470 -0.2083
v 0.0158 0.4470 -0.2062
v 0.0102 0.4470 -0.1979
v 0.0060 0.4470 -0.1800
v 0.0060 0.4550 -0.1233
v 0.0060 0.4550 -0.0667
v 0.0060 0.4550 -0.0100
v 0.0060 0.4550 0.0467
v 0.0060 0.4550 0.1033
v 0.0060 0.4550 0.1600
v 0.0102 0.4550 0.1779
v 0.0158 0.4550 0.1862
v 0.0177 0.4550 0.1883
v 0.0177 0.4520 -0.2083
v 0.0158 0.4520 -0.2062
v 0.0102 0.4520 -0.1979
v 0.0060 0.4520 -0.1800
v 0.0060 0.4600 -0.1233
v 0.0060 0.4600 -0.0667
v 0.0060 0.4600 -0.0100
v 0.0060 0.4600 0.0467
v 0.0060 0.4600 0.1033
v 0.0060 0.4600 0.1600
v 0.0102 0.4600 0.1779
v 0.0158 0.4600 0.1862
v 0.0177 0.4600 0.1883
v 0.0177 0.4570 -0.2083
v 0.0158 0.4570 -0.2062
v 0.0102 0.4570 -0.1979
v 0.0060 0.4570 -0.1800
v 0.0060 0.4650 -0.1233
v 0.0060 0.4650 -0.0667
v 0.0060 0.4650 -0.0100
v 0.0060 0.4650 0.0467
v 0.0060 0.4650 0.1033
v 0.0060 0.4650 0.1600
v 0.0102 0.4650 0.1779
v 0.0158 0.4650 0.1862
v 0.0177 0.4650 0.1883
v 0.0177 0.4622 -0.2083
v 0.0158 0.4622 -0.2062
v 0.0102 0.4621 -0.1979
v 0.0060 0.4620 -0.1800
v 0.0060 0.4700 -0.1233
v 0.0060 0.4700 -0.0667
v 0.0060 0.4700 -0.0100
v 0.0060 0.4700 0.0467
v 0.0060 0.4700 0.1033
v 0.0060 0.4700 0.1600
v 0.0102 0.4701 0.1779
v 0.0158 0.4702 0.1862
v 0.0177 0.4702 0.1883
v 0.0177 0.4672 -0.2083
v 0.0158 0.4672 -0.2062
v 0.0102 0.4671 -0.1979
v 0.0060 0.4670 -0.1800
v 0.0060 0.4750 -0.1233
v 0.0060 0.4750 -0.0667
v 0.0060 0.4750 -0.0100
v 0.0060 0.4750 0.0467
v 0.0060 0.4750 0.1033
v 0.0060 0.4750 0.1600
v 0.0102 0.4751 0.1779
v 0.0158 0.4752 0.1862
v 0.0177 0.4752 0.1883
v 0.0177 0.4722 -0.2083
v 0.0158 0.4722 -0.2062
v 0.0102 0.4721 -0.1979
v 0.0060 0.4720 -0.1800
v 0.0060 0.4800 -0.1233
v 0.0060 0.4800 -0.0667
v 0.0060 0.4800 -0.0100
v 0.0060 0.4800 0.0467
v 0.0060 0.4800 0.1033
v 0.0060 0.4800 0.1600
v 0.0102 0.4801 0.1779
v 0.0158 0.4802 0.1862
v 0.0177 0.4802 0.1883
v 0.0193 0.4856 -0.2067
v 0.0177 0.4864 -0.2045
v 0.0133 0.4885 -0.1963
v 0.0102 0.4901 -0.1800
v 0.0102 0.4983 -0.1233
v 0.0102 0.4984 -0.0667
v 0.0102 0.4985 -0.0100
v 0.0102 0.4984 0.0467
v 0.0102 0.4983 0.1033
v 0.0102 0.4981 0.1600
v 0.0133 0.4965 0.1763
v 0.0177 0.4944 0.1845
v 0.0193 0.4936 0.1867
v 0.0219 0.4932 -0.2041
v 0.0207 0.4942 -0.2019
v 0.0177 0.4969 -0.1941
v 0.0158 0.4986 -0.1800
v 0.0158 0.5071 -0.1233
v 0.0158 0.5074 -0.0667
v 0.0158 0.5075 -0.0100
v 0.0158 0.5074 0.0467
v 0.0158 0.5071 0.1033
v 0.0158 0.5066 0.1600
v 0.0177 0.5049 0.1741
v 0.0207 0.5022 0.1819
v 0.0219 0.5012 0.1841
v 0.0229 0.4954 -0.2031
v 0.0219 0.4965 -0.2009
v 0.0193 0.4991 -0.1933
v 0.0177 0.5008 -0.1800
v 0.0177 0.5094 -0.1233
v 0.0177 0.5097 -0.0667
v 0.0177 0.5098 -0.0100
v 0.0177 0.5097 0.0467
v 0.0177 0.5094 0.1033
v 0.0177 0.5088 0.1600
v 0.0193 0.5071 0.1733
v 0.0219 0.5045 0.1809
v 0.0229 0.5034 0.1831
v 0.0229 0.5034 0.1831
v 0.0251 0.5045 0.1841
v 0.0327 0.5071 0.1867
v 0.0460 0.5088 0.1883
v 0.1007 0.5094 0.1883
v 0.1553 0.5097 0.1883
v 0.2100 0.5098 0.1883
v 0.2647 0.5097 0.1883
v 0.3193 0.5094 0.1883
v 0.3740 0.5088 0.1883
v 0.3873 0.5071 0.1867
v 0.3949 0.5045 0.1841
v 0.3971 0.5034 0.1831
v 0.0219 0.5045 0.1809
v 0.0241 0.5057 0.1819
v 0.0319 0.5088 0.1845
v 0.0460 0.5109 0.1862
v 0.1007 0.5115 0.1862
v 0.1553 0.5119 0.1862
v 0.2100 0.5120 0.1862
v 0.2647 0.5119 0.1862
v 0.3193 0.5115 0.1862
v 0.3740 0.5109 0.1862
v 0.3881 0.5088 0.1845
v 0.3959 0.5057 0.1819
v 0.3981 0.5045 0.1809
v 0.0193 0.5071 0.1733
v 0.0215 0.5088 0.1741
v 0.0297 0.5133 0.1763
v 0.0460 0.5168 0.1779
v 0.1007 0.5178 0.1779
v 0.1553 0.5184 0.1779
v 0.2100 0.5186 0.1779
v 0.2647 0.5184 0.1779
v 0.3193 0.5178 0.1779
v 0.3740 0.5168 0.1779
v 0.3903 0.5133 0.1763
v 0.3985 0.5088 0.1741
v 0.4007 0.5071 0.1733
v 0.0177 0.5088 0.1600
v 0.0198 0.5109 0.1600
v 0.0281 0.5168 0.1600
v 0.0460 0.5217 0.1600
v 0.1007 0.5234 0.1600
v 0.1553 0.5245 0.1600
v 0.2100 0.5248 0.1600
v 0.2647 0.5245 0.1600
v 0.3193 0.5234 0.1600
v 0.3740 0.5217 0.1600
v 0.3919 0.5168 0.1600
v 0.4002 0.5109 0.1600
v 0.4023 0.5088 0.1600
v 0.0177 0.5094 0.1033
v 0.0198 0.5115 0.1033
v 0.0281 0.5178 0.1033
v 0.0460 0.5235 0.1033
v 0.1007 0.5271 0.1033
v 0.1553 0.5292 0.1033
v 0.2100 0.5299 0.1033
v 0.2647 0.5292 0.1033
v 0.3193 0.5271 0.1033
v 0.3740 0.5235 0.1033
v 0.3919 0.5178 0.1033
v 0.4002 0.5115 0.1033
v 0.4023 0.5094 0.1033
v 0.0177 0.5097 0.0467
v 0.0198 0.5119 0.0467
v 0.0281 0.5184 0.0467
v 0.0460 0.5246 0.0467
v 0.1007 0.5293 0.0467
v 0.1553 0.5320 0.0467
v 0.2100 0.5330 0.0467
v 0.2647 0.5320 0.0467
v 0.3193 0.5293 0.0467
v 0.3740 0.5246 0.0467
v 0.3919 0.5184 0.0467
v 0.4002 0.5119 0.0467
v 0.4023 0.5097 0.0467
v 0.0177 0.5098 -0.0100
v 0.0198 0.5121 -0.0100
v 0.0281 0.5186 -0.0100
v 0.0460 0.5250 -0.0100
v 0.1007 0.5300 -0.0100
v 0.1553 0.5330 -0.0100
v 0.2100 0.5340 -0.0100
v 0.2647 0.5330 -0.0100
v 0.3193 0.5300 -0.0100
v 0.3740 0.5250 -0.0100
v 0.3919 0.5186 -0.0100
v 0.4002 0.5121 -0.0100
v 0.4023 0.5098 -0.0100
v 0.0177 0.5097 -0.0667
v 0.0198 0.5119 -0.0667
v 0.0281 0.5184 -0.0667
v 0.0460 0.5246 -0.0667
v 0.1007 0.5293 -0.0667
v 0.1553 0.5320 -0.0667
v 0.2100 0.5330 -0.0667
v 0.2647 0.5320 -0.0667
v 0.3193 0.5293 -0.0667
v 0.3740 0.5246 -0.0667
v 0.3919 0.5184 -0.0667
v 0.4002 0.5119 -0.0667
v 0.4023 0.5097 -0.0667
v 0.0177 0.5094 -0.1233
v 0.0198 0.5115 -0.1233
v 0.0281 0.5178 -0.1233
v 0.0460 0.5235 -0.1233
v 0.1007 0.5271 -0.1233
v 0.1553 0.5292 -0.1233
v 0.2100 0.5299 -0.1233
v 0.2647 0.5292 -0.1233
v 0.3193 0.5271 -0.1233
v 0.3740 0.5235 -0.1233
v 0.3919 0.5178 -0.1233
v 0.4002 0.5115 -0.1233
v 0.4023 0.5094 -0.1233
v 0.0177 0.5008 -0.1800
v 0.0198 0.5029 -0.1800
v 0.0281 0.5088 -0.1800
v 0.0460 0.5137 -0.1800
v 0.1007 0.5154 -0.1800
v 0.1553 0.5165 -0.1800
v 0.2100 0.5168 -0.1800
v 0.2647 0.5165 -0.1800
v 0.3193 0.5154 -0.1800
v 0.3740 0.5137 -0.1800
v 0.3919 0.5088 -0.1800
v 0.4002 0.5029 -0.1800
v 0.4023 0.5008 -0.1800
v 0.0193 0.4991 -0.1933
v 0.0215 0.5008 -0.1941
v 0.0297 0.5053 -0.1963
v 0.0460 0.5088 -0.1979
v 0.1007 0.5098 -0.1979
v 0.1553 0.5104 -0.1979
v 0.2100 0.5106 -0.1979
v 0.2647 0.5104 -0.1979
v 0.3193 0.5098 -0.1979
v 0.3740 0.5088 -0.1979
v 0.3903 0.5053 -0.1963
v 0.3985 0.5008 -0.1941
v 0.4007 0.4991 -0.1933
v 0.0219 0.4965 -0.2009
v 0.0241 0.4977 -0.2019
v 0.0319 0.5008 -0.2045
v 0.0460 0.5029 -0.2062
v 0.1007 0.5035 -0.2062
v 0.1553 0.5039 -0.2062
v 0.2100 0.5040 -0.2062
v 0.2647 0.5039 -0.2062
v 0.3193 0.5035 -0.2062
v 0.3740 0.5029 -0.2062
v 0.3881 0.5008 -0.2045
v 0.3959 0.4977 -0.2019
v 0.3981 0.4965 -0.2009
v 0.0229 0.4954 -0.2031
v 0.0251 0.4965 -0.2041
v 0.0327 0.4991 -0.2067
v 0.0460 0.5008 -0.2083
v 0.1007 0.5014 -0.2083
v 0.1553 0.5017 -0.2083
v 0.2100 0.5018 -0.2083
v 0.2647 0.5017 -0.2083
v 0.3193 0.5014 -0.2083
v 0.3740 0.5008 -0.2083
v 0.3873 0.4991 -0.2067
v 0.3949 0.4965 -0.2041
v 0.3971 0.4954 -0.2031
v 0.0229 0.4189 -0.2031
v 0.0251 0.4179 -0.2041
v 0.0327 0.4153 -0.2067
v 0.0460 0.4137 -0.2083
v 0.1007 0.4137 -0.2083
v 0.1553 0.4137 -0.2083
v 0.2100 0.4137 -0.2083
v 0.2647 0.4137 -0.2083
v 0.3193 0.4137 -0.2083
v 0.3740 0.4137 -0.2083
v 0.3873 0.4153 -0.2067
v 0.3949 0.4179 -0.2041
v 0.3971 0.4189 -0.2031
v 0.0219 0.4179 -0.2009
v 0.0241 0.4167 -0.2019
v 0.0319 0.4137 -0.2045
v 0.0460 0.4118 -0.2062
v 0.1007 0.4118 -0.2062
v 0.1553 0.4118 -0.2062
v 0.2100 0.4118 -0.2062
v 0.2647 0.4118 -0.2062
v 0.3193 0.4118 -0.2062
v 0.3740 0.4118 -0.2062
v 0.3881 0.4137 -0.2045
v 0.3959 0.4167 -0.2019
v 0.3981 0.4179 -0.2009
v 0.0193 0.4153 -0.1933
v 0.0215 0.4137 -0.1941
v 0.0297 0.4093 -0.1963
v 0.0460 0.4062 -0.1979
v 0.1007 0.4062 -0.1979
v 0.1553 0.4062 -0.1979
v 0.2100 0.4062 -0.1979
v 0.2647 0.4062 -0.1979
v 0.3193 0.4062 -0.1979
v 0.3740 0.4062 -0.1979
v 0.3903 0.4093 -0.1963
v 0.3985 0.4137 -0.1941
v 0.4007 0.4153 -0.1933
v 0.0177 0.4137 -0.1800
v 0.0198 0.4118 -0.1800
v 0.0281 0.4062 -0.1800
v 0.0460 0.4020 -0.1800
v 0.1007 0.4020 -0.1800
v 0.1553 0.4020 -0.1800
v 0.2100 0.4020 -0.1800
v 0.2647 0.4020 -0.1800
v 0.3193 0.4020 -0.1800
v 0.3740 0.4020 -0.1800
v 0.3919 0.4062 -0.1800
v 0.4002 0.4118 -0.1800
v 0.4023 0.4137 -0.1800
v 0.0177 0.4217 -0.1233
v 0.0198 0.4198 -0.1233
v 0.0281 0.4142 -0.1233
v 0.0460 0.4100 -0.1233
v 0.1007 0.4100 -0.1233
v 0.1553 0.4100 -0.1233
v 0.2100 0.4100 -0.1233
v 0.2647 0.4100 -0.1233
v 0.3193 0.4100 -0.1233
v 0.3740 0.4100 -0.1233
v 0.3919 0.4142 -0.1233
v 0.4002 0.4198 -0.1233
v 0.4023 0.4217 -0.1233
v 0.0177 0.4217 -0.0667
v 0.0198 0.4198 -0.0667
v 0.0281 0.4142 -0.0667
v 0.0460 0.4100 -0.0667
v 0.1007 0.4100 -0.0667
v 0.1553 0.4100 -0.0667
v 0.2100 0.4100 -0.0667
v 0.2647 0.4100 -0.0667
v 0.3193 0.4100 -0.0667
v 0.3740 0.4100 -0.0667
v 0.3919 0.4142 -0.0667
v 0.4002 0.4198 -0.0667
v 0.4023 0.4217 -0.0667
v 0.0177 0.4217 -0.0100
v 0.0198 0.4198 -0.0100
v 0.0281 0.4142 -0.0100
v 0.0460 0.4100 -0.0100
v 0.1007 0.4100 -0.0100
v 0.1553 0.4100 -0.0100
v 0.2100 0.4100 -0.0100
v 0.2647 0.4100 -0.0100
v 0.3193 0.4100 -0.0100
v 0.3740 0.4100 -0.0100
v 0.3919 0.4142 -0.0100
v 0.4002 0.4198 -0.0100
v 0.4023 0.4217 -0.0100
v 0.0177 0.4217 0.0467
v 0.0198 0.4198 0.0467
v 0.0281 0.4142 0.0467
v 0.0460 0.4100 0.0467
v 0.1007 0.4100 0.0467
v 0.1553 0.4100 0.0467
v 0.2100 0.4100 0.0467
v 0.2647 0.4100 0.0467
v 0.3193 0.4100 0.0467
v 0.3740 0.4100 0.0467
v 0.3919 0.4142 0.0467
v 0.4002 0.4198 0.0467
v 0.4023 0.4217 0.0467
v 0.0177 0.4217 0.1033
v 0.0198 0.4198 0.1033
v 0.0281 0.4142 0.1033
v 0.0460 0.4100 0.1033
v 0.1007 0.4100 0.1033
v 0.1553 0.4100 0.1033
v 0.2100 0.4100 0.1033
v 0.2647 0.4100 0.1033
v 0.3193 0.4100 0.1033
v 0.3740 0.4100 0.1033
v 0.3919 0.4142 0.1033
v 0.4002 0.4198 0.1033
v 0.4023 0.4217 0.1033
v 0.0177 0.4217 0.1600
v 0.0198 0.4198 0.1600
v 0.0281 0.4142 0.1600
v 0.0460 0.4100 0.1600
v 0.1007 0.4100 0.1600
v 0.1553 0.4100 0.1600
v 0.2100 0.4100 0.1600
v 0.2647 0.4100 0.1600
v 0.3193 0.4100 0.1600
v 0.3740 0.4100 0.1600
v 0.3919 0.4142 0.1600
v 0.4002 0.4198 0.1600
v 0.4023 0.4217 0.1600
v 0.0193 0.4233 0.1733
v 0.0215 0.4217 0.1741
v 0.0297 0.4173 0.1763
v 0.0460 0.4142 0.1779
v 0.1007 0.4142 0.1779
v 0.1553 0.4142 0.1779
v 0.2100 0.4142 0.1779
v 0.2647 0.4142 0.1779
v 0.3193 0.4142 0.1779
v 0.3740 0.4142 0.1779
v 0.3903 0.4173 0.1763
v 0.3985 0.4217 0.1741
v 0.4007 0.4233 0.1733
v 0.0219 0.4259 0.1809
v 0.0241 0.4247 0.1819
v 0.0319 0.4217 0.1845
v 0.0460 0.4198 0.1862
v 0.1007 0.4198 0.1862
v 0.1553 0.4198 0.1862
v 0.2100 0.4198 0.1862
v 0.2647 0.4198 0.1862
v 0.3193 0.4198 0.1862
v 0.3740 0.4198 0.1862
v 0.3881 0.4217 0.1845
v 0.3959 0.4247 0.1819
v 0.3981 0.4259 0.1809
v 0.0229 0.4269 0.1831
v 0.0251 0.4259 0.1841
v 0.0327 0.4233 0.1867
v 0.0460 0.4217 0.1883
v 0.1007 0.4217 0.1883
v 0.1553 0.4217 0.1883
v 0.2100 0.4217 0.1883
v 0.2647 0.4217 0.1883
v 0.3193 0.4217 0.1883
v 0.3740 0.4217 0.1883
v 0.3873 0.4233 0.1867
v 0.3949 0.4259 0.1841
v 0.3971 0.4269 0.1831
v 0.0229 0.4269 0.1831
v 0.0251 0.4259 0.1841
v 0.0327 0.4233 0.1867
v 0.0460 0.4217 0.1883
v 0.1007 0.4217 0.1883
v 0.1553 0.4217 0.1883
v 0.2100 0.4217 0.1883
v 0.2647 0.4217 0.1883
v 0.3193 0.4217 0.1883
v 0.3740 0.4217 0.1883
v 0.3873 0.4233 0.1867
v 0.3949 0.4259 0.1841
v 0.3971 0.4269 0.1831
v 0.0219 0.4291 0.1841
v 0.0241 0.4281 0.1853
v 0.0319 0.4255 0.1883
v 0.0460 0.4238 0.1902
v 0.1007 0.4238 0.1902
v 0.1553 0.4238 0.1902
v 0.2100 0.4238 0.1902
v 0.2647 0.4238 0.1902
v 0.3193 0.4238 0.1902
v 0.3740 0.4238 0.1902
v 0.3881 0.4255 0.1883
v 0.3959 0.4281 0.1853
v 0.3981 0.4291 0.1841
v 0.0193 0.4367 0.1867
v 0.0215 0.4359 0.1883
v 0.0297 0.4337 0.1927
v 0.0460 0.4321 0.1958
v 0.1007 0.4321 0.1958
v 0.1553 0.4321 0.1958
v 0.2100 0.4321 0.1958
v 0.2647 0.4321 0.1958
v 0.3193 0.4321 0.1958
v 0.3740 0.4321 0.1958
v 0.3903 0.4337 0.1927
v 0.3985 0.4359 0.1883
v 0.4007 0.4367 0.1867
v 0.0177 0.4500 0.1883
v 0.0198 0.4500 0.1902
v 0.0281 0.4500 0.1958
v 0.0460 0.4500 0.2000
v 0.1007 0.4500 0.2000
v 0.1553 0.4500 0.2000
v 0.2100 0.4500 0.2000
v 0.2647 0.4500 0.2000
v 0.3193 0.4500 0.2000
v 0.3740 0.4500 0.2000
v 0.3919 0.4500 0.1958
v 0.4002 0.4500 0.1902
v 0.4023 0.4500 0.1883
v 0.0177 0.4550 0.1883
v 0.0198 0.4550 0.1902
v 0.0281 0.4550 0.1958
v 0.0460 0.4550 0.2000
v 0.1007 0.4550 0.2000
v 0.1553 0.4550 0.2000
v 0.2100 0.4550 0.2000
v 0.2647 0.4550 0.2000
v 0.3193 0.4550 0.2000
v 0.3740 0.4550 0.2000
v 0.3919 0.4550 0.1958
v 0.4002 0.4550 0.1902
v 0.4023 0.4550 0.1883
v 0.0177 0.4600 0.1883
v 0.0198 0.4600 0.1902
v 0.0281 0.4600 0.1958
v 0.0460 0.4600 0.2000
v 0.1007 0.4600 0.2000
v 0.1553 0.4600 0.2000
v 0.2100 0.4600 0.2000
v 0.2647 0.4600 0.2000
v 0.3193 0.4600 0.2000
v 0.3740 0.4600 0.2000
v 0.3919 0.4600 0.1958
v 0.4002 0.4600 0.1902
v 0.4023 0.4600 0.1883
v 0.0177 0.4650 0.1883
v 0.0198 0.4650 0.1902
v 0.0281 0.4650 0.1958
v 0.0460 0.4650 0.2000
v 0.1007 0.4650 0.2000
v 0.1553 0.4650 0.2000
v 0.2100 0.4650 0.2000
v 0.2647 0.4650 0.2000
v 0.3193 0.4650 0.2000
v 0.3740 0.4650 0.2000
v 0.3919 0.4650 0.1958
v 0.4002 0.4650 0.1902
v 0.4023 0.4650 0.1883
v 0.0177 0.4702 0.1883
v 0.0198 0.4702 0.1902
v 0.0281 0.4701 0.1958
v 0.0460 0.4700 0.2000
v 0.1007 0.4700 0.2000
v 0.1553 0.4700 0.2000
v 0.2100 0.4700 0.2000
v 0.2647 0.4700 0.2000
v 0.3193 0.4700 0.2000
v 0.3740 0.4700 0.2000
v 0.3919 0.4701 0.1958
v 0.4002 0.4702 0.1902
v 0.4023 0.4702 0.1883
v 0.0177 0.4752 0.1883
v 0.0198 0.4752 0.1902
v 0.0281 0.4751 0.1958
v 0.0460 0.4750 0.2000
v 0.1007 0.4750 0.2000
v 0.1553 0.4750 0.2000
v 0.2100 0.4750 0.2000
v 0.2647 0.4750 0.2000
v 0.3193 0.4750 0.2000
v 0.3740 0.4750 0.2000
v 0.3919 0.4751 0.1958
v 0.4002 0.4752 0.1902
v 0.4023 0.4752 0.1883
v 0.0177 0.4802 0.1883
v 0.0198 0.4802 0.1902
v 0.0281 0.4801 0.1958
v 0.0460 0.4800 0.2000
v 0.1007 0.4800 0.2000
v 0.1553 0.4800 0.2000
v 0.2100 0.4800 0.2000
v 0.2647 0.4800 0.2000
v 0.3193 0.4800 0.2000
v 0.3740 0.4800 0.2000
v 0.3919 0.4801 0.1958
v 0.4002 0.4802 0.1902
v 0.4023 0.4802 0.1883
v 0.0193 0.4936 0.1867
v 0.0215 0.4944 0.1883
v 0.0297 0.4965 0.1927
v 0.0460 0.4981 0.1958
v 0.1007 0.4983 0.1958
v 0.1553 0.4984 0.1958
v 0.2100 0.4984 0.1958
v 0.2647 0.4984 0.1958
v 0.3193 0.4983 0.1958
v 0.3740 0.4981 0.1958
v 0.3903 0.4965 0.1927
v 0.3985 0.4944 0.1883
v 0.4007 0.4936 0.1867
v 0.0219 0.5012 0.1841
v 0.0241 0.5022 0.1853
v 0.0319 0.5049 0.1883
v 0.0460 0.5066 0.1902
v 0.1007 0.5071 0.1902
v 0.1553 0.5074 0.1902
v 0.2100 0.5075 0.1902
v 0.2647 0.5074 0.1902
v 0.3193 0.5071 0.1902
v 0.3740 0.5066 0.1902
v 0.3881 0.5049 0.1883
v 0.3959 0.5022 0.1853
v 0.3981 0.5012 0.1841
v 0.0229 0.5034 0.1831
v 0.0251 0.5045 0.1841
v 0.0327 0.5071 0.1867
v 0.0460 0.5088 0.1883
v 0.1007 0.5094 0.1883
v 0.1553 0.5097 0.1883
v 0.2100 0.5098 0.1883
v 0.2647 0.5097 0.1883
v 0.3193 0.5094 0.1883
v 0.3740 0.5088 0.1883
v 0.3873 0.5071 0.1867
v 0.3949 0.5045 0.1841
v 0.3971 0.5034 0.1831
v 0.3971 0.4189 -0.2031
v 0.3949 0.4179 -0.2041
v 0.3873 0.4153 -0.2067
v 0.3740 0.4137 -0.2083
v 0.3193 0.4137 -0.2083
v 0.2647 0.4137 -0.2083
v 0.2100 0.4137 -0.2083
v 0.1553 0.4137 -0.2083
v 0.1007 0.4137 -0.2083
v 0.0460 0.4137 -0.2083
v 0.0327 0.4153 -0.2067
v 0.0251 0.4179 -0.2041
v 0.0229 0.4189 -0.2031
v 0.3981 0.4211 -0.2041
v 0.3959 0.4201 -0.2053
v 0.3881 0.4175 -0.2083
v 0.3740 0.4158 -0.2102
v 0.3193 0.4158 -0.2102
v 0.2647 0.4158 -0.2102
v 0.2100 0.4158 -0.2102
v 0.1553 0.4158 -0.2102
v 0.1007 0.4158 -0.2102
v 0.0460 0.4158 -0.2102
v 0.0319 0.4175 -0.2083
v 0.0241 0.4201 -0.2053
v 0.0219 0.4211 -0.2041
v 0.4007 0.4287 -0.2067
v 0.3985 0.4279 -0.2083
v 0.3903 0.4257 -0.2127
v 0.3740 0.4241 -0.2158
v 0.3193 0.4241 -0.2158
v 0.2647 0.4241 -0.2158
v 0.2100 0.4241 -0.2158
v 0.1553 0.4241 -0.2158
v 0.1007 0.4241 -0.2158
v 0.0460 0.4241 -0.2158
v 0.0297 0.4257 -0.2127
v 0.0215 0.4279 -0.2083
v 0.0193 0.4287 -0.2067
v 0.4023 0.4420 -0.2083
v 0.4002 0.4420 -0.2102
v 0.3919 0.4420 -0.2158
v 0.3740 0.4420 -0.2200
v 0.3193 0.4420 -0.2200
v 0.2647 0.4420 -0.2200
v 0.2100 0.4420 -0.2200
v 0.1553 0.4420 -0.2200
v 0.1007 0.4420 -0.2200
v 0.0460 0.4420 -0.2200
v 0.0281 0.4420 -0.2158
v 0.0198 0.4420 -0.2102
v 0.0177 0.4420 -0.2083
v 0.4023 0.4470 -0.2083
v 0.4002 0.4470 -0.2102
v 0.3919 0.4470 -0.2158
v 0.3740 0.4470 -0.2200
v 0.3193 0.4470 -0.2200
v 0.2647 0.4470 -0.2200
v 0.2100 0.4470 -0.2200
v 0.1553 0.4470 -0.2200
v 0.1007 0.4470 -0.2200
v 0.0460 0.4470 -0.2200
v 0.0281 0.4470 -0.2158
v 0.0198 0.4470 -0.2102
v 0.0177 0.4470 -0.2083
v 0.4023 0.4520 -0.2083
v 0.4002 0.4520 -0.2102
v 0.3919 0.4520 -0.2158
v 0.3740 0.4520 -0.2200
v 0.3193 0.4520 -0.2200
v 0.2647 0.4520 -0.2200
v 0.2100 0.4520 -0.2200
v 0.1553 0.4520 -0.2200
v 0.1007 0.4520 -0.2200
v 0.0460 0.4520 -0.2200
v 0.0281 0.4520 -0.2158
v 0.0198 0.4520 -0.2102
v 0.0177 0.4520 -0.2083
v 0.4023 0.4570 -0.2083
v 0.4002 0.4570 -0.2102
v 0.3919 0.4570 -0.2158
v 0.3740 0.4570 -0.2200
v 0.3193 0.4570 -0.2200
v 0.2647 0.4570 -0.2200
v 0.2100 0.4570 -0.2200
v 0.1553 0.4570 -0.2200
v 0.1007 0.4570 -0.2200
v 0.0460 0.4570 -0.2200
v 0.0281 0.4570 -0.2158
v 0.0198 0.4570 -0.2102
v 0.0177 0.4570 -0.2083
v 0.4023 0.4622 -0.2083
v 0.4002 0.4622 -0.2102
v 0.3919 0.4621 -0.2158
v 0.3740 0.4620 -0.2200
v 0.3193 0.4620 -0.2200
v 0.2647 0.4620 -0.2200
v 0.2100 0.4620 -0.2200
v 0.1553 0.4620 -0.2200
v 0.1007 0.4620 -0.2200
v 0.0460 0.4620 -0.2200
v 0.0281 0.4621 -0.2158
v 0.0198 0.4622 -0.2102
v 0.0177 0.4622 -0.2083
v 0.4023 0.4672 -0.2083
v 0.4002 0.4672 -0.2102
v 0.3919 0.4671 -0.2158
v 0.3740 0.4670 -0.2200
v 0.3193 0.4670 -0.2200
v 0.2647 0.4670 -0.2200
v 0.2100 0.4670 -0.2200
v 0.1553 0.4670 -0.2200
v 0.1007 0.4670 -0.2200
v 0.0460 0.4670 -0.2200
v 0.0281 0.4671 -0.2158
v 0.0198 0.4672 -0.2102
v 0.0177 0.4672 -0.2083
v 0.4023 0.4722 -0.2083
v 0.4002 0.4722 -0.2102
v 0.3919 0.4721 -0.2158
v 0.3740 0.4720 -0.2200
v 0.3193 0.4720 -0.2200
v 0.2647 0.4720 -0.2200
v 0.2100 0.4720 -0.2200
v 0.1553 0.4720 -0.2200
v 0.1007 0.4720 -0.2200
v 0.0460 0.4720 -0.2200
v 0.0281 0.4721 -0.2158
v 0.0198 0.4722 -0.2102
v 0.0177 0.4722 -0.2083
v 0.4007 0.4856 -0.2067
v 0.3985 0.4864 -0.2083
v 0.3903 0.4885 -0.2127
v 0.3740 0.4901 -0.2158
v 0.3193 0.4903 -0.2158
v 0.2647 0.4904 -0.2158
v 0.2100 0.4904 -0.2158
v 0.1553 0.4904 -0.2158
v 0.1007 0.4903 -0.2158
v 0.0460 0.4901 -0.2158
v 0.0297 0.4885 -0.2127
v 0.0215 0.4864 -0.2083
v 0.0193 0.4856 -0.2067
v 0.3981 0.4932 -0.2041
v 0.3959 0.4942 -0.2053
v 0.3881 0.4969 -0.2083
v 0.3740 0.4986 -0.2102
v 0.3193 0.4991 -0.2102
v 0.2647 0.4994 -0.2102
v 0.2100 0.4995 -0.2102
v 0.1553 0.4994 -0.2102
v 0.1007 0.4991 -0.2102
v 0.0460 0.4986 -0.2102
v 0.0319 0.4969 -0.2083
v 0.0241 0.4942 -0.2053
v 0.0219 0.4932 -0.2041
v 0.3971 0.4954 -0.2031
v 0.3949 0.4965 -0.2041
v 0.3873 0.4991 -0.2067
v 0.3740 0.5008 -0.2083
v 0.3193 0.5014 -0.2083
v 0.2647 0.5017 -0.2083
v 0.2100 0.5018 -0.2083
v 0.1553 0.5017 -0.2083
v 0.1007 0.5014 -0.2083
v 0.0460 0.5008 -0.2083
v 0.0327 0.4991 -0.2067
v 0.0251 0.4965 -0.2041
v 0.0229 0.4954 -0.2031
vt 0.0000 0.0000
vt 0.0054 0.0000
vt 0.0200 0.0000
vt 0.0400 0.0000
vt 0.0967 0.0000
vt 0.1533 0.0000
vt 0.2100 0.0000
vt 0.2667 0.0000
vt 0.3233 0.0000
vt 0.3800 0.0000
vt 0.4000 0.0000
vt 0.4146 0.0000
vt 0.4200 0.0000
vt 0.0000 0.0054
vt 0.0054 0.0054
vt 0.0200 0.0054
vt 0.0400 0.0054
vt 0.0967 0.0054
vt 0.1533 0.0054
vt 0.2100 0.0054
vt 0.2667 0.0054
vt 0.3233 0.0054
vt 0.3800 0.0054
vt 0.4000 0.0054
vt 0.4146 0.0054
vt 0.4200 0.0054
vt 0.0000 0.0200
vt 0.0054 0.0200
vt 0.0200 0.0200
vt 0.0400 0.0200
vt 0.0967 0.0200
vt 0.1533 0.0200
vt 0.2100 0.0200
vt 0.2667 0.0200
vt 0.3233 0.0200
vt 0.3800 0.0200
vt 0.4000 0.0200
vt 0.4146 0.0200
vt 0.4200 0.0200
vt 0.0000 0.0400
vt 0.0054 0.0400
vt 0.0200 0.0400
vt 0.0400 0.0400
vt 0.0967 0.0400
vt 0.1533 0.0400
vt 0.2100 0.0400
vt 0.2667 0.0400
vt 0.3233 0.0400
vt 0.3800 0.0400
vt 0.4000 0.0400
vt 0.4146 0.0400
vt 0.4200 0.0400
vt 0.0000 0.0450
vt 0.0054 0.0450
vt 0.0200 0.0450
vt 0.0400 0.0450
vt 0.0967 0.0450
vt 0.1533 0.0450
vt 0.2100 0.0450
vt 0.2667 0.0450
vt 0.3233 0.0450
vt 0.3800 0.0450
vt 0.4000 0.0450
vt 0.4146 0.0450
vt 0.4200 0.0450
vt 0.0000 0.0500
vt 0.0054 0.0500
vt 0.0200 0.0500
vt 0.0400 0.0500
vt 0.0967 0.0500
vt 0.1533 0.0500
vt 0.2100 0.0500
vt 0.2667 0.0500
vt 0.3233 0.0500
vt 0.3800 0.0500
vt 0.4000 0.0500
vt 0.4146 0.0500
vt 0.4200 0.0500
vt 0.0000 0.0550
vt 0.0054 0.0550
vt 0.0200 0.0550
vt 0.0400 0.0550
vt 0.0967 0.0550
vt 0.1533 0.0550
vt 0.2100 0.0550
vt 0.2667 0.0550
vt 0.3233 0.0550
vt 0.3800 0.0550
vt 0.4000 0.0550
vt 0.4146 0.0550
vt 0.4200 0.0550
vt 0.0000 0.0600
vt 0.0054 0.0600
vt 0.0200 0.0600
vt 0.0400 0.0600
vt 0.0967 0.0600
vt 0.1533 0.0600
vt 0.2100 0.0600
vt 0.2667 0.0600
vt 0.3233 0.0600
vt 0.3800 0.0600
vt 0.4000 0.0600
vt 0.4146 0.0600
vt 0.4200 0.0600
vt 0.0000 0.0650
vt 0.0054 0.0650
vt 0.0200 0.0650
vt 0.0400 0.0650
vt 0.0967 0.0650
vt 0.1533 0.0650
vt 0.2100 0.0650
vt 0.2667 0.0650
vt 0.3233 0.0650
vt 0.3800 0.0650
vt 0.4000 0.0650
vt 0.4146 0.0650
vt 0.4200 0.0650
vt 0.0000 0.0700
vt 0.0054 0.0700
vt 0.0200 0.0700
vt 0.0400 0.0700
vt 0.0967 0.0700
vt 0.1533 0.0700
vt 0.2100 0.0700
vt 0.2667 0.0700
vt 0.3233 0.0700
vt 0.3800 0.0700
vt 0.4000 0.0700
vt 0.4146 0.0700
vt 0.4200 0.0700
vt 0.0000 0.0900
vt 0.0054 0.0900
vt 0.0200 0.0900
vt 0.0400 0.0900
vt 0.0967 0.0900
vt 0.1533 0.0900
vt 0.2100 0.0900
vt 0.2667 0.0900
vt 0.3233 0.0900
vt 0.3800 0.0900
vt 0.4000 0.0900
vt 0.4146 0.0900
vt 0.4200 0.0900
vt 0.0000 0.1046
vt 0.0054 0.1046
vt 0.0200 0.1046
vt 0.0400 0.1046
vt 0.0967 0.1046
vt 0.1533 0.1046
vt 0.2100 0.1046
vt 0.2667 0.1046
vt 0.3233 0.1046
vt 0.3800 0.1046
vt 0.4000 0.1046
vt 0.4146 0.1046
vt 0.4200 0.1046
vt 0.0000 0.1100
vt 0.0054 0.1100
vt 0.0200 0.1100
vt 0.0400 0.1100
vt 0.0967 0.1100
vt 0.1533 0.1100
vt 0.2100 0.1100
vt 0.2667 0.1100
vt 0.3233 0.1100
vt 0.3800 0.1100
vt 0.4000 0.1100
vt 0.4146 0.1100
vt 0.4200 0.1100
vt 0.0000 0.0000
vt 0.0054 0.0000
vt 0.0200 0.0000
vt 0.0400 0.0000
vt 0.0967 0.0000
vt 0.1533 0.0000
vt 0.2100 0.0000
vt 0.2667 0.0000
vt 0.3233 0.0000
vt 0.3800 0.0000
vt 0.4000 0.0000
vt 0.4146 0.0000
vt 0.4200 0.0000
vt 0.0000 0.0054
vt 0.0054 0.0054
vt 0.0200 0.0054
vt 0.0400 0.0054
vt 0.0967 0.0054
vt 0.1533 0.0054
vt 0.2100 0.0054
vt 0.2667 0.0054
vt 0.3233 0.0054
vt 0.3800 0.0054
vt 0.4000 0.0054
vt 0.4146 0.0054
vt 0.4200 0.0054
vt 0.0000 0.0200
vt 0.0054 0.0200
vt 0.0200 0.0200
vt 0.0400 0.0200
vt 0.0967 0.0200
vt 0.1533 0.0200
vt 0.2100 0.0200
vt 0.2667 0.0200
vt 0.3233 0.0200
vt 0.3800 0.0200
vt 0.4000 0.0200
vt 0.4146 0.0200
vt 0.4200 0.0200
vt 0.0000 0.0400
vt 0.0054 0.0400
vt 0.0200 0.0400
vt 0.0400 0.0400
vt 0.0967 0.0400
vt 0.1533 0.0400
vt 0.2100 0.0400
vt 0.2667 0.0400
vt 0.3233 0.0400
vt 0.3800 0.0400
vt 0.4000 0.0400
vt 0.4146 0.0400
vt 0.4200 0.0400
vt 0.0000 0.0450
vt 0.0054 0.0450
vt 0.0200 0.0450
vt 0.0400 0.0450
vt 0.0967 0.0450
vt 0.1533 0.0450
vt 0.2100 0.0450
vt 0.2667 0.0450
vt 0.3233 0.0450
vt 0.3800 0.0450
vt 0.4000 0.0450
vt 0.4146 0.0450
vt 0.4200 0.0450
vt 0.0000 0.0500
vt 0.0054 0.0500
vt 0.0200 0.0500
vt 0.0400 0.0500
vt 0.0967 0.0500
vt 0.1533 0.0500
vt 0.2100 0.0500
vt 0.2667 0.0500
vt 0.3233 0.0500
vt 0.3800 0.0500
vt 0.4000 0.0500
vt 0.4146 0.0500
vt 0.4200 0.0500
vt 0.0000 0.0550
vt 0.0054 0.0550
vt 0.0200 0.0550
vt 0.0400 0.0550
vt 0.0967 0.0550
vt 0.1533 0.0550
vt 0.2100 0.0550
vt 0.2667 0.0550
vt 0.3233 0.0550
vt 0.3800 0.0550
vt 0.4000 0.0550
vt 0.4146 0.0550
vt 0.4200 0.0550
vt 0.0000 0.0600
vt 0.0054 0.0600
vt 0.0200 0.0600
vt 0.0400 0.0600
vt 0.0967 0.0600
vt 0.1533 0.0600
vt 0.2100 0.0600
vt 0.2667 0.0600
vt 0.3233 0.0600
vt 0.3800 0.0600
vt 0.4000 0.0600
vt 0.4146 0.0600
vt 0.4200 0.0600
vt 0.0000 0.0650
vt 0.0054 0.0650
vt 0.0200 0.0650
vt 0.0400 0.0650
vt 0.0967 0.0650
vt 0.1533 0.0650
vt 0.2100 0.0650
vt 0.2667 0.0650
vt 0.3233 0.0650
vt 0.3800 0.0650
vt 0.4000 0.0650
vt 0.4146 0.0650
vt 0.4200 0.0650
vt 0.0000 0.0700
vt 0.0054 0.0700
vt 0.0200 0.0700
vt 0.0400 0.0700
vt 0.0967 0.0700
vt 0.1533 0.0700
vt 0.2100 0.0700
vt 0.2667 0.0700
vt 0.3233 0.0700
vt 0.3800 0.0700
vt 0.4000 0.0700
vt 0.4146 0.0700
vt 0.4200 0.0700
vt 0.0000 0.0900
vt 0.0054 0.0900
vt 0.0200 0.0900
vt 0.0400 0.0900
vt 0.0967 0.0900
vt 0.1533 0.0900
vt 0.2100 0.0900
vt 0.2667 0.0900
vt 0.3233 0.0900
vt 0.3800 0.0900
vt 0.4000 0.0900
vt 0.4146 0.0900
vt 0.4200 0.0900
vt 0.0000 0.1046
vt 0.0054 0.1046
vt 0.0200 0.1046
vt 0.0400 0.1046
vt 0.0967 0.1046
vt 0.1533 0.1046
vt 0.2100 0.1046
vt 0.2667 0.1046
vt 0.3233 0.1046
vt 0.3800 0.1046
vt 0.4000 0.1046
vt 0.4146 0.1046
vt 0.4200 0.1046
vt 0.0000 0.1100
vt 0.0054 0.1100
vt 0.0200 0.1100
vt 0.0400 0.1100
vt 0.0967 0.1100
vt 0.1533 0.1100
vt 0.2100 0.1100
vt 0.2667 0.1100
vt 0.3233 0.1100
vt 0.3800 0.1100
vt 0.4000 0.1100
vt 0.4146 0.1100
vt 0.4200 0.1100
vt 0.0000 0.0000
vt 0.0054 0.0000
vt 0.0200 0.0000
vt 0.0400 0.0000
vt 0.0947 0.0000
vt 0.1493 0.0000
vt 0.2040 0.0000
vt 0.2587 0.0000
vt 0.3133 0.0000
vt 0.3680 0.0000
vt 0.3880 0.0000
vt 0.4026 0.0000
vt 0.4080 0.0000
vt 0.0000 0.0054
vt 0.0054 0.0054
vt 0.0200 0.0054
vt 0.0400 0.0054
vt 0.0947 0.0054
vt 0.1493 0.0054
vt 0.2040 0.0054
vt 0.2587 0.0054
vt 0.3133 0.0054
vt 0.3680 0.0054
vt 0.3880 0.0054
vt 0.4026 0.0054
vt 0.4080 0.0054
vt 0.0000 0.0200
vt 0.0054 0.0200
vt 0.0200 0.0200
vt 0.0400 0.0200
vt 0.0947 0.0200
vt 0.1493 0.0200
vt 0.2040 0.0200
vt 0.2587 0.0200
vt 0.3133 0.0200
vt 0.3680 0.0200
vt 0.3880 0.0200
vt 0.4026 0.0200
vt 0.4080 0.0200
vt 0.0000 0.0400
vt 0.0054 0.0400
vt 0.0200 0.0400
vt 0.0400 0.0400
vt 0.0947 0.0400
vt 0.1493 0.0400
vt 0.2040 0.0400
vt 0.2587 0.0400
vt 0.3133 0.0400
vt 0.3680 0.0400
vt 0.3880 0.0400
vt 0.4026 0.0400
vt 0.4080 0.0400
vt 0.0000 0.0967
vt 0.0054 0.0967
vt 0.0200 0.0967
vt 0.0400 0.0967
vt 0.0947 0.0967
vt 0.1493 0.0967
vt 0.2040 0.0967
vt 0.2587 0.0967
vt 0.3133 0.0967
vt 0.3680 0.0967
vt 0.3880 0.0967
vt 0.4026 0.0967
vt 0.4080 0.0967
vt 0.0000 0.1533
vt 0.0054 0.1533
vt 0.0200 0.1533
vt 0.0400 0.1533
vt 0.0947 0.1533
vt 0.1493 0.1533
vt 0.2040 0.1533
vt 0.2587 0.1533
vt 0.3133 0.1533
vt 0.3680 0.1533
vt 0.3880 0.1533
vt 0.4026 0.1533
vt 0.4080 0.1533
vt 0.0000 0.2100
vt 0.0054 0.2100
vt 0.0200 0.2100
vt 0.0400 0.2100
vt 0.0947 0.2100
vt 0.1493 0.2100
vt 0.2040 0.2100
vt 0.2587 0.2100
vt 0.3133 0.2100
vt 0.3680 0.2100
vt 0.3880 0.2100
vt 0.4026 0.2100
vt 0.4080 0.2100
vt 0.0000 0.2667
vt 0.0054 0.2667
vt 0.0200 0.2667
vt 0.0400 0.2667
vt 0.0947 0.2667
vt 0.1493 0.2667
vt 0.2040 0.2667
vt 0.2587 0.2667
vt 0.3133 0.2667
vt 0.3680 0.2667
vt 0.3880 0.2667
vt 0.4026 0.2667
vt 0.4080 0.2667
vt 0.0000 0.3233
vt 0.0054 0.3233
vt 0.0200 0.3233
vt 0.0400 0.3233
vt 0.0947 0.3233
vt 0.1493 0.3233
vt 0.2040 0.3233
vt 0.2587 0.3233
vt 0.3133 0.3233
vt 0.3680 0.3233
vt 0.3880 0.3233
vt 0.4026 0.3233
vt 0.4080 0.3233
vt 0.0000 0.3800
vt 0.0054 0.3800
vt 0.0200 0.3800
vt 0.0400 0.3800
vt 0.0947 0.3800
vt 0.1493 0.3800
vt 0.2040 0.3800
vt 0.2587 0.3800
vt 0.3133 0.3800
vt 0.3680 0.3800
vt 0.3880 0.3800
vt 0.4026 0.3800
vt 0.4080 0.3800
vt 0.0000 0.4000
vt 0.0054 0.4000
vt 0.0200 0.4000
vt 0.0400 0.4000
vt 0.0947 0.4000
vt 0.1493 0.4000
vt 0.2040 0.4000
vt 0.2587 0.4000
vt 0.3133 0.4000
vt 0.3680 0.4000
vt 0.3880 0.4000
vt 0.4026 0.4000
vt 0.4080 0.4000
vt 0.0000 0.4146
vt 0.0054 0.4146
vt 0.0200 0.4146
vt 0.0400 0.4146
vt 0.0947 0.4146
vt 0.1493 0.4146
vt 0.2040 0.4146
vt 0.2587 0.4146
vt 0.3133 0.4146
vt 0.3680 0.4146
vt 0.3880 0.4146
vt 0.4026 0.4146
vt 0.4080 0.4146
vt 0.0000 0.4200
vt 0.0054 0.4200
vt 0.0200 0.4200
vt 0.0400 0.4200
vt 0.0947 0.4200
vt 0.1493 0.4200
vt 0.2040 0.4200
vt 0.2587 0.4200
vt 0.3133 0.4200
vt 0.3680 0.4200
vt 0.3880 0.4200
vt 0.4026 0.4200
vt 0.4080 0.4200
vt 0.0000 0.0000
vt 0.0054 0.0000
vt 0.0200 0.0000
vt 0.0400 0.0000
vt 0.0947 0.0000
vt 0.1493 0.0000
vt 0.2040 0.0000
vt 0.2587 0.0000
vt 0.3133 0.0000
vt 0.3680 0.0000
vt 0.3880 0.0000
vt 0.4026 0.0000
vt 0.4080 0.0000
vt 0.0000 0.0054
vt 0.0054 0.0054
vt 0.0200 0.0054
vt 0.0400 0.0054
vt 0.0947 0.0054
vt 0.1493 0.0054
vt 0.2040 0.0054
vt 0.2587 0.0054
vt 0.3133 0.0054
vt 0.3680 0.0054
vt 0.3880 0.0054
vt 0.4026 0.0054
vt 0.4080 0.0054
vt 0.0000 0.0200
vt 0.0054 0.0200
vt 0.0200 0.0200
vt 0.0400 0.0200
vt 0.0947 0.0200
vt 0.1493 0.0200
vt 0.2040 0.0200
vt 0.2587 0.0200
vt 0.3133 0.0200
vt 0.3680 0.0200
vt 0.3880 0.0200
vt 0.4026 0.0200
vt 0.4080 0.0200
vt 0.0000 0.0400
vt 0.0054 0.0400
vt 0.0200 0.0400
vt 0.0400 0.0400
vt 0.0947 0.0400
vt 0.1493 0.0400
vt 0.2040 0.0400
vt 0.2587 0.0400
vt 0.3133 0.0400
vt 0.3680 0.0400
vt 0.3880 0.0400
vt 0.4026 0.0400
vt 0.4080 0.0400
vt 0.0000 0.0967
vt 0.0054 0.0967
vt 0.0200 0.0967
vt 0.0400 0.0967
vt 0.0947 0.0967
vt 0.1493 0.0967
vt 0.2040 0.0967
vt 0.2587 0.0967
vt 0.3133 0.0967
vt 0.3680 0.0967
vt 0.3880 0.0967
vt 0.4026 0.0967
vt 0.4080 0.0967
vt 0.0000 0.1533
vt 0.0054 0.1533
vt 0.0200 0.1533
vt 0.0400 0.1533
vt 0.0947 0.1533
vt 0.1493 0.1533
vt 0.2040 0.1533
vt 0.2587 0.1533
vt 0.3133 0.1533
vt 0.3680 0.1533
vt 0.3880 0.1533
vt 0.4026 0.1533
vt 0.4080 0.1533
vt 0.0000 0.2100
vt 0.0054 0.2100
vt 0.0200 0.2100
vt 0.0400 0.2100
vt 0.0947 0.2100
vt 0.1493 0.2100
vt 0.2040 0.2100
vt 0.2587 0.2100
vt 0.3133 0.2100
vt 0.3680 0.2100
vt 0.3880 0.2100
vt 0.4026 0.2100
vt 0.4080 0.2100
vt 0.0000 0.2667
vt 0.0054 0.2667
vt 0.0200 0.2667
vt 0.0400 0.2667
vt 0.0947 0.2667
vt 0.1493 0.2667
vt 0.2040 0.2667
vt 0.2587 0.2667
vt 0.3133 0.2667
vt 0.3680 0.2667
vt 0.3880 0.2667
vt 0.4026 0.2667
vt 0.4080 0.2667
vt 0.0000 0.3233
vt 0.0054 0.3233
vt 0.0200 0.3233
vt 0.0400 0.3233
vt 0.0947 0.3233
vt 0.1493 0.3233
vt 0.2040 0.3233
vt 0.2587 0.3233
vt 0.3133 0.3233
vt 0.3680 0.3233
vt 0.3880 0.3233
vt 0.4026 0.3233
vt 0.4080 0.3233
vt 0.0000 0.3800
vt 0.0054 0.3800
vt 0.0200 0.3800
vt 0.0400 0.3800
vt 0.0947 0.3800
vt 0.1493 0.3800
vt 0.2040 0.3800
vt 0.2587 0.3800
vt 0.3133 0.3800
vt 0.3680 0.3800
vt 0.3880 0.3800
vt 0.4026 0.3800
vt 0.4080 0.3800
vt 0.0000 0.4000
vt 0.0054 0.4000
vt 0.0200 0.4000
vt 0.0400 0.4000
vt 0.0947 0.4000
vt 0.1493 0.4000
vt 0.2040 0.4000
vt 0.2587 0.4000
vt 0.3133 0.4000
vt 0.3680 0.4000
vt 0.3880 0.4000
vt 0.4026 0.4000
vt 0.4080 0.4000
vt 0.0000 0.4146
vt 0.0054 0.4146
vt 0.0200 0.4146
vt 0.0400 0.4146
vt 0.0947 0.4146
vt 0.1493 0.4146
vt 0.2040 0.4146
vt 0.2587 0.4146
vt 0.3133 0.4146
vt 0.3680 0.4146
vt 0.3880 0.4146
vt 0.4026 0.4146
vt 0.4080 0.4146
vt 0.0000 0.4200
vt 0.0054 0.4200
vt 0.0200 0.4200
vt 0.0400 0.4200
vt 0.0947 0.4200
vt 0.1493 0.4200
vt 0.2040 0.4200
vt 0.2587 0.4200
vt 0.3133 0.4200
vt 0.3680 0.4200
vt 0.3880 0.4200
vt 0.4026 0.4200
vt 0.4080 0.4200
vt 0.0000 0.0000
vt 0.0054 0.0000
vt 0.0200 0.0000
vt 0.0400 0.0000
vt 0.0947 0.0000
vt 0.1493 0.0000
vt 0.2040 0.0000
vt 0.2587 0.0000
vt 0.3133 0.0000
vt 0.3680 0.0000
vt 0.3880 0.0000
vt 0.4026 0.0000
vt 0.4080 0.0000
vt 0.0000 0.0054
vt 0.0054 0.0054
vt 0.0200 0.0054
vt 0.0400 0.0054
vt 0.0947 0.0054
vt 0.1493 0.0054
vt 0.2040 0.0054
vt 0.2587 0.0054
vt 0.3133 0.0054
vt 0.3680 0.0054
vt 0.3880 0.0054
vt 0.4026 0.0054
vt 0.4080 0.0054
vt 0.0000 0.0200
vt 0.0054 0.0200
vt 0.0200 0.0200
vt 0.0400 0.0200
vt 0.0947 0.0200
vt 0.1493 0.0200
vt 0.2040 0.0200
vt 0.2587 0.0200
vt 0.3133 0.0200
vt 0.3680 0.0200
vt 0.3880 0.0200
vt 0.4026 0.0200
vt 0.4080 0.0200
vt 0.0000 0.0400
vt 0.0054 0.0400
vt 0.0200 0.0400
vt 0.0400 0.0400
vt 0.0947 0.0400
vt 0.1493 0.0400
vt 0.2040 0.0400
vt 0.2587 0.0400
vt 0.3133 0.0400
vt 0.3680 0.0400
vt 0.3880 0.0400
vt 0.4026 0.0400
vt 0.4080 0.0400
vt 0.0000 0.0450
vt 0.0054 0.0450
vt 0.0200 0.0450
vt 0.0400 0.0450
vt 0.0947 0.0450
vt 0.1493 0.0450
vt 0.2040 0.0450
vt 0.2587 0.0450
vt 0.3133 0.0450
vt 0.3680 0.0450
vt 0.3880 0.0450
vt 0.4026 0.0450
vt 0.4080 0.0450
vt 0.0000 0.0500
vt 0.0054 0.0500
vt 0.0200 0.0500
vt 0.0400 0.0500
vt 0.0947 0.0500
vt 0.1493 0.0500
vt 0.2040 0.0500
vt 0.2587 0.0500
vt 0.3133 0.0500
vt 0.3680 0.0500
vt 0.3880 0.0500
vt 0.4026 0.0500
vt 0.4080 0.0500
vt 0.0000 0.0550
vt 0.0054 0.0550
vt 0.0200 0.0550
vt 0.0400 0.0550
vt 0.0947 0.0550
vt 0.1493 0.0550
vt 0.2040 0.0550
vt 0.2587 0.0550
vt 0.3133 0.0550
vt 0.3680 0.0550
vt 0.3880 0.0550
vt 0.4026 0.0550
vt 0.4080 0.0550
vt 0.0000 0.0600
vt 0.0054 0.0600
vt 0.0200 0.0600
vt 0.0400 0.0600
vt 0.0947 0.0600
vt 0.1493 0.0600
vt 0.2040 0.0600
vt 0.2587 0.0600
vt 0.3133 0.0600
vt 0.3680 0.0600
vt 0.3880 0.0600
vt 0.4026 0.0600
vt 0.4080 0.0600
vt 0.0000 0.0650
vt 0.0054 0.0650
vt 0.0200 0.0650
vt 0.0400 0.0650
vt 0.0947 0.0650
vt 0.1493 0.0650
vt 0.2040 0.0650
vt 0.2587 0.0650
vt 0.3133 0.0650
vt 0.3680 0.0650
vt 0.3880 0.0650
vt 0.4026 0.0650
vt 0.4080 0.0650
vt 0.0000 0.0700
vt 0.0054 0.0700
vt 0.0200 0.0700
vt 0.0400 0.0700
vt 0.0947 0.0700
vt 0.1493 0.0700
vt 0.2040 0.0700
vt 0.2587 0.0700
vt 0.3133 0.0700
vt 0.3680 0.0700
vt 0.3880 0.0700
vt 0.4026 0.0700
vt 0.4080 0.0700
vt 0.0000 0.0900
vt 0.0054 0.0900
vt 0.0200 0.0900
vt 0.0400 0.0900
vt 0.0947 0.0900
vt 0.1493 0.0900
vt 0.2040 0.0900
vt 0.2587 0.0900
vt 0.3133 0.0900
vt 0.3680 0.0900
vt 0.3880 0.0900
vt 0.4026 0.0900
vt 0.4080 0.0900
vt 0.0000 0.1046
vt 0.0054 0.1046
vt 0.0200 0.1046
vt 0.0400 0.1046
vt 0.0947 0.1046
vt 0.1493 0.1046
vt 0.2040 0.1046
vt 0.2587 0.1046
vt 0.3133 0.1046
vt 0.3680 0.1046
vt 0.3880 0.1046
vt 0.4026 0.1046
vt 0.4080 0.1046
vt 0.0000 0.1100
vt 0.0054 0.1100
vt 0.0200 0.1100
vt 0.0400 0.1100
vt 0.0947 0.1100
vt 0.1493 0.1100
vt 0.2040 0.1100
vt 0.2587 0.1100
vt 0.3133 0.1100
vt 0.3680 0.1100
vt 0.3880 0.1100
vt 0.4026 0.1100
vt 0.4080 0.1100
vt 0.0000 0.0000
vt 0.0054 0.0000
vt 0.0200 0.0000
vt 0.0400 0.0000
vt 0.0947 0.0000
vt 0.1493 0.0000
vt 0.2040 0.0000
vt 0.2587 0.0000
vt 0.3133 0.0000
vt 0.3680 0.0000
vt 0.3880 0.0000
vt 0.4026 0.0000
vt 0.4080 0.0000
vt 0.0000 0.0054
vt 0.0054 0.0054
vt 0.0200 0.0054
vt 0.0400 0.0054
vt 0.0947 0.0054
vt 0.1493 0.0054
vt 0.2040 0.0054
vt 0.2587 0.0054
vt 0.3133 0.0054
vt 0.3680 0.0054
vt 0.3880 0.0054
vt 0.4026 0.0054
vt 0.4080 0.0054
vt 0.0000 0.0200
vt 0.0054 0.0200
vt 0.0200 0.0200
vt 0.0400 0.0200
vt 0.0947 0.0200
vt 0.1493 0.0200
vt 0.2040 0.0200
vt 0.2587 0.0200
vt 0.3133 0.0200
vt 0.3680 0.0200
vt 0.3880 0.0200
vt 0.4026 0.0200
vt 0.4080 0.0200
vt 0.0000 0.0400
vt 0.0054 0.0400
vt 0.0200 0.0400
vt 0.0400 0.0400
vt 0.0947 0.0400
vt 0.1493 0.0400
vt 0.2040 0.0400
vt 0.2587 0.0400
vt 0.3133 0.0400
vt 0.3680 0.0400
vt 0.3880 0.0400
vt 0.4026 0.0400
vt 0.4080 0.0400
vt 0.0000 0.0450
vt 0.0054 0.0450
vt 0.0200 0.0450
vt 0.0400 0.0450
vt 0.0947 0.0450
vt 0.1493 0.0450
vt 0.2040 0.0450
vt 0.2587 0.0450
vt 0.3133 0.0450
vt 0.3680 0.0450
vt 0.3880 0.0450
vt 0.4026 0.0450
vt 0.4080 0.0450
vt 0.0000 0.0500
vt 0.0054 0.0500
vt 0.0200 0.0500
vt 0.0400 0.0500
vt 0.0947 0.0500
vt 0.1493 0.0500
vt 0.2040 0.0500
vt 0.2587 0.0500
vt 0.3133 0.0500
vt 0.3680 0.0500
vt 0.3880 0.0500
vt 0.4026 0.0500
vt 0.4080 0.0500
vt 0.0000 0.0550
vt 0.0054 0.0550
vt 0.0200 0.0550
vt 0.0400 0.0550
vt 0.0947 0.0550
vt 0.1493 0.0550
vt 0.2040 0.0550
vt 0.2587 0.0550
vt 0.3133 0.0550
vt 0.3680 0.0550
vt 0.3880 0.0550
vt 0.4026 0.0550
vt 0.4080 0.0550
vt 0.0000 0.0600
vt 0.0054 0.0600
vt 0.0200 0.0600
vt 0.0400 0.0600
vt 0.0947 0.0600
vt 0.1493 0.0600
vt 0.2040 0.0600
vt 0.2587 0.0600
vt 0.3133 0.0600
vt 0.3680 0.0600
vt 0.3880 0.0600
vt 0.4026 0.0600
vt 0.4080 0.0600
vt 0.0000 0.0650
vt 0.0054 0.0650
vt 0.0200 0.0650
vt 0.0400 0.0650
vt 0.0947 0.0650
vt 0.1493 0.0650
vt 0.2040 0.0650
vt 0.2587 0.0650
vt 0.3133 0.0650
vt 0.3680 0.0650
vt 0.3880 0.0650
vt 0.4026 0.0650
vt 0.4080 0.0650
vt 0.0000 0.0700
vt 0.0054 0.0700
vt 0.0200 0.0700
vt 0.0400 0.0700
vt 0.0947 0.0700
vt 0.1493 0.0700
vt 0.2040 0.0700
vt 0.2587 0.0700
vt 0.3133 0.0700
vt 0.3680 0.0700
vt 0.3880 0.0700
vt 0.4026 0.0700
vt 0.4080 0.0700
vt 0.0000 0.0900
vt 0.0054 0.0900
vt 0.0200 0.0900
vt 0.0400 0.0900
vt 0.0947 0.0900
vt 0.1493 0.0900
vt 0.2040 0.0900
vt 0.2587 0.0900
vt 0.3133 0.0900
vt 0.3680 0.0900
vt 0.3880 0.0900
vt 0.4026 0.0900
vt 0.4080 0.0900
vt 0.0000 0.1046
vt 0.0054 0.1046
vt 0.0200 0.1046
vt 0.0400 0.1046
vt 0.0947 0.1046
vt 0.1493 0.1046
vt 0.2040 0.1046
vt 0.2587 0.1046
vt 0.3133 0.1046
vt 0.3680 0.1046
vt 0.3880 0.1046
vt 0.4026 0.1046
vt 0.4080 0.1046
vt 0.0000 0.1100
vt 0.0054 0.1100
vt 0.0200 0.1100
vt 0.0400 0.1100
vt 0.0947 0.1100
vt 0.1493 0.1100
vt 0.2040 0.1100
vt 0.2587 0.1100
vt 0.3133 0.1100
vt 0.3680 0.1100
vt 0.3880 0.1100
vt 0.4026 0.1100
vt 0.4080 0.1100
vt 0.0000 0.0000
vt 0.0054 0.0000
vt 0.0200 0.0000
vt 0.0400 0.0000
vt 0.0967 0.0000
vt 0.1533 0.0000
vt 0.2100 0.0000
vt 0.2667 0.0000
vt 0.3233 0.0000
vt 0.3800 0.0000
vt 0.4000 0.0000
vt 0.4146 0.0000
vt 0.4200 0.0000
vt 0.0000 0.0054
vt 0.0054 0.0054
vt 0.0200 0.0054
vt 0.0400 0.0054
vt 0.0967 0.0054
vt 0.1533 0.0054
vt 0.2100 0.0054
vt 0.2667 0.0054
vt 0.3233 0.0054
vt 0.3800 0.0054
vt 0.4000 0.0054
vt 0.4146 0.0054
vt 0.4200 0.0054
vt 0.0000 0.0200
vt 0.0054 0.0200
vt 0.0200 0.0200
vt 0.0400 0.0200
vt 0.0967 0.0200
vt 0.1533 0.0200
vt 0.2100 0.0200
vt 0.2667 0.0200
vt 0.3233 0.0200
vt 0.3800 0.0200
vt 0.4000 0.0200
vt 0.4146 0.0200
vt 0.4200 0.0200
vt 0.0000 0.0400
vt 0.0054 0.0400
vt 0.0200 0.0400
vt 0.0400 0.0400
vt 0.0967 0.0400
vt 0.1533 0.0400
vt 0.2100 0.0400
vt 0.2667 0.0400
vt 0.3233 0.0400
vt 0.3800 0.0400
vt 0.4000 0.0400
vt 0.4146 0.0400
vt 0.4200 0.0400
vt 0.0000 0.0450
vt 0.0054 0.0450
vt 0.0200 0.0450
vt 0.0400 0.0450
vt 0.0967 0.0450
vt 0.1533 0.0450
vt 0.2100 0.0450
vt 0.2667 0.0450
vt 0.3233 0.0450
vt 0.3800 0.0450
vt 0.4000 0.0450
vt 0.4146 0.0450
vt 0.4200 0.0450
vt 0.0000 0.0500
vt 0.0054 0.0500
vt 0.0200 0.0500
vt 0.0400 0.0500
vt 0.0967 0.0500
vt 0.1533 0.0500
vt 0.2100 0.0500
vt 0.2667 0.0500
vt 0.3233 0.0500
vt 0.3800 0.0500
vt 0.4000 0.0500
vt 0.4146 0.0500
vt 0.4200 0.0500
vt 0.0000 0.0550
vt 0.0054 0.0550
vt 0.0200 0.0550
vt 0.0400 0.0550
vt 0.0967 0.0550
vt 0.1533 0.0550
vt 0.2100 0.0550
vt 0.2667 0.0550
vt 0.3233 0.0550
vt 0.3800 0.0550
vt 0.4000 0.0550
vt 0.4146 0.0550
vt 0.4200 0.0550
vt 0.0000 0.0600
vt 0.0054 0.0600
vt 0.0200 0.0600
vt 0.0400 0.0600
vt 0.0967 0.0600
vt 0.1533 0.0600
vt 0.2100 0.0600
vt 0.2667 0.0600
vt 0.3233 0.0600
vt 0.3800 0.0600
vt 0.4000 0.0600
vt 0.4146 0.0600
vt 0.4200 0.0600
vt 0.0000 0.0650
vt 0.0054 0.0650
vt 0.0200 0.0650
vt 0.0400 0.0650
vt 0.0967 0.0650
vt 0.1533 0.0650
vt 0.2100 0.0650
vt 0.2667 0.0650
vt 0.3233 0.0650
vt 0.3800 0.0650
vt 0.4000 0.0650
vt 0.4146 0.0650
vt 0.4200 0.0650
vt 0.0000 0.0700
vt 0.0054 0.0700
vt 0.0200 0.0700
vt 0.0400 0.0700
vt 0.0967 0.0700
vt 0.1533 0.0700
vt 0.2100 0.0700
vt 0.2667 0.0700
vt 0.3233 0.0700
vt 0.3800 0.0700
vt 0.4000 0.0700
vt 0.4146 0.0700
vt 0.4200 0.0700
vt 0.0000 0.0900
vt 0.0054 0.0900
vt 0.0200 0.0900
vt 0.0400 0.0900
vt 0.0967 0.0900
vt 0.1533 0.0900
vt 0.2100 0.0900
vt 0.2667 0.0900
vt 0.3233 0.0900
vt 0.3800 0.0900
vt 0.4000 0.0900
vt 0.4146 0.0900
vt 0.4200 0.0900
vt 0.0000 0.1046
vt 0.0054 0.1046
vt 0.0200 0.1046
vt 0.0400 0.1046
vt 0.0967 0.1046
vt 0.1533 0.1046
vt 0.2100 0.1046
vt 0.2667 0.1046
vt 0.3233 0.1046
vt 0.3800 0.1046
vt 0.4000 0.1046
vt 0.4146 0.1046
vt 0.4200 0.1046
vt 0.0000 0.1100
vt 0.0054 0.1100
vt 0.0200 0.1100
vt 0.0400 0.1100
vt 0.0967 0.1100
vt 0.1533 0.1100
vt 0.2100 0.1100
vt 0.2667 0.1100
vt 0.3233 0.1100
vt 0.3800 0.1100
vt 0.4000 0.1100
vt 0.4146 0.1100
vt 0.4200 0.1100
vt 0.0000 0.0000
vt 0.0054 0.0000
vt 0.0200 0.0000
vt 0.0400 0.0000
vt 0.0967 0.0000
vt 0.1533 0.0000
vt 0.2100 0.0000
vt 0.2667 0.0000
vt 0.3233 0.0000
vt 0.3800 0.0000
vt 0.4000 0.0000
vt 0.4146 0.0000
vt 0.4200 0.0000
vt 0.0000 0.0054
vt 0.0054 0.0054
vt 0.0200 0.0054
vt 0.0400 0.0054
vt 0.0967 0.0054
vt 0.1533 0.0054
vt 0.2100 0.0054
vt 0.2667 0.0054
vt 0.3233 0.0054
vt 0.3800 0.0054
vt 0.4000 0.0054
vt 0.4146 0.0054
vt 0.4200 0.0054
vt 0.0000 0.0200
vt 0.0054 0.0200
vt 0.0200 0.0200
vt 0.0400 0.0200
vt 0.0967 0.0200
vt 0.1533 0.0200
vt 0.2100 0.0200
vt 0.2667 0.0200
vt 0.3233 0.0200
vt 0.3800 0.0200
vt 0.4000 0.0200
vt 0.4146 0.0200
vt 0.4200 0.0200
vt 0.0000 0.0400
vt 0.0054 0.0400
vt 0.0200 0.0400
vt 0.0400 0.0400
vt 0.0967 0.0400
vt 0.1533 0.0400
vt 0.2100 0.0400
vt 0.2667 0.0400
vt 0.3233 0.0400
vt 0.3800 0.0400
vt 0.4000 0.0400
vt 0.4146 0.0400
vt 0.4200 0.0400
vt 0.0000 0.0450
vt 0.0054 0.0450
vt 0.0200 0.0450
vt 0.0400 0.0450
vt 0.0967 0.0450
vt 0.1533 0.0450
vt 0.2100 0.0450
vt 0.2667 0.0450
vt 0.3233 0.0450
vt 0.3800 0.0450
vt 0.4000 0.0450
vt 0.4146 0.0450
vt 0.4200 0.0450
vt 0.0000 0.0500
vt 0.0054 0.0500
vt 0.0200 0.0500
vt 0.0400 0.0500
vt 0.0967 0.0500
vt 0.1533 0.0500
vt 0.2100 0.0500
vt 0.2667 0.0500
vt 0.3233 0.0500
vt 0.3800 0.0500
vt 0.4000 0.0500
vt 0.4146 0.0500
vt 0.4200 0.0500
vt 0.0000 0.0550
vt 0.0054 0.0550
vt 0.0200 0.0550
vt 0.0400 0.0550
vt 0.0967 0.0550
vt 0.1533 0.0550
vt 0.2100 0.0550
vt 0.2667 0.0550
vt 0.3233 0.0550
vt 0.3800 0.0550
vt 0.4000 0.0550
vt 0.4146 0.0550
vt 0.4200 0.0550
vt 0.0000 0.0600
vt 0.0054 0.0600
vt 0.0200 0.0600
vt 0.0400 0.0600
vt 0.0967 0.0600
vt 0.1533 0.0600
vt 0.2100 0.0600
vt 0.2667 0.0600
vt 0.3233 0.0600
vt 0.3800 0.0600
vt 0.4000 0.0600
vt 0.4146 0.0600
vt 0.4200 0.0600
vt 0.0000 0.0650
vt 0.0054 0.0650
vt 0.0200 0.0650
vt 0.0400 0.0650
vt 0.0967 0.0650
vt 0.1533 0.0650
vt 0.2100 0.0650
vt 0.2667 0.0650
vt 0.3233 0.0650
vt 0.3800 0.0650
vt 0.4000 0.0650
vt 0.4146 0.0650
vt 0.4200 0.0650
vt 0.0000 0.0700
vt 0.0054 0.0700
vt 0.0200 0.0700
vt 0.0400 0.0700
vt 0.0967 0.0700
vt 0.1533 0.0700
vt 0.2100 0.0700
vt 0.2667 0.0700
vt 0.3233 0.0700
vt 0.3800 0.0700
vt 0.4000 0.0700
vt 0.4146 0.0700
vt 0.4200 0.0700
vt 0.0000 0.0900
vt 0.0054 0.0900
vt 0.0200 0.0900
vt 0.0400 0.0900
vt 0.0967 0.0900
vt 0.1533 0.0900
vt 0.2100 0.0900
vt 0.2667 0.0900
vt 0.3233 0.0900
vt 0.3800 0.0900
vt 0.4000 0.0900
vt 0.4146 0.0900
vt 0.4200 0.0900
vt 0.0000 0.1046
vt 0.0054 0.1046
vt 0.0200 0.1046
vt 0.0400 0.1046
vt 0.0967 0.1046
vt 0.1533 0.1046
vt 0.2100 0.1046
vt 0.2667 0.1046
vt 0.3233 0.1046
vt 0.3800 0.1046
vt 0.4000 0.1046
vt 0.4146 0.1046
vt 0.4200 0.1046
vt 0.0000 0.1100
vt 0.0054 0.1100
vt 0.0200 0.1100
vt 0.0400 0.1100
vt 0.0967 0.1100
vt 0.1533 0.1100
vt 0.2100 0.1100
vt 0.2667 0.1100
vt 0.3233 0.1100
vt 0.3800 0.1100
vt 0.4000 0.1100
vt 0.4146 0.1100
vt 0.4200 0.1100
vt 0.0000 0.0000
vt 0.0054 0.0000
vt 0.0200 0.0000
vt 0.0400 0.0000
vt 0.0947 0.0000
vt 0.1493 0.0000
vt 0.2040 0.0000
vt 0.2587 0.0000
vt 0.3133 0.0000
vt 0.3680 0.0000
vt 0.3880 0.0000
vt 0.4026 0.0000
vt 0.4080 0.0000
vt 0.0000 0.0054
vt 0.0054 0.0054
vt 0.0200 0.0054
vt 0.0400 0.0054
vt 0.0947 0.0054
vt 0.1493 0.0054
vt 0.2040 0.0054
vt 0.2587 0.0054
vt 0.3133 0.0054
vt 0.3680 0.0054
vt 0.3880 0.0054
vt 0.4026 0.0054
vt 0.4080 0.0054
vt 0.0000 0.0200
vt 0.0054 0.0200
vt 0.0200 0.0200
vt 0.0400 0.0200
vt 0.0947 0.0200
vt 0.1493 0.0200
vt 0.2040 0.0200
vt 0.2587 0.0200
vt 0.3133 0.0200
vt 0.3680 0.0200
vt 0.3880 0.0200
vt 0.4026 0.0200
vt 0.4080 0.0200
vt 0.0000 0.0400
vt 0.0054 0.0400
vt 0.0200 0.0400
vt 0.0400 0.0400
vt 0.0947 0.0400
vt 0.1493 0.0400
vt 0.2040 0.0400
vt 0.2587 0.0400
vt 0.3133 0.0400
vt 0.3680 0.0400
vt 0.3880 0.0400
vt 0.4026 0.0400
vt 0.4080 0.0400
vt 0.0000 0.0967
vt 0.0054 0.0967
vt 0.0200 0.0967
vt 0.0400 0.0967
vt 0.0947 0.0967
vt 0.1493 0.0967
vt 0.2040 0.0967
vt 0.2587 0.0967
vt 0.3133 0.0967
vt 0.3680 0.0967
vt 0.3880 0.0967
vt 0.4026 0.0967
vt 0.4080 0.0967
vt 0.0000 0.1533
vt 0.0054 0.1533
vt 0.0200 0.1533
vt 0.0400 0.1533
vt 0.0947 0.1533
vt 0.1493 0.1533
vt 0.2040 0.1533
vt 0.2587 0.1533
vt 0.3133 0.1533
vt 0.3680 0.1533
vt 0.3880 0.1533
vt 0.4026 0.1533
vt 0.4080 0.1533
vt 0.0000 0.2100
vt 0.0054 0.2100
vt 0.0200 0.2100
vt 0.0400 0.2100
vt 0.0947 0.2100
vt 0.1493 0.2100
vt 0.2040 0.2100
vt 0.2587 0.2100
vt 0.3133 0.2100
vt 0.3680 0.2100
vt 0.3880 0.2100
vt 0.4026 0.2100
vt 0.4080 0.2100
vt 0.0000 0.2667
vt 0.0054 0.2667
vt 0.0200 0.2667
vt 0.0400 0.2667
vt 0.0947 0.2667
vt 0.1493 0.2667
vt 0.2040 0.2667
vt 0.2587 0.2667
vt 0.3133 0.2667
vt 0.3680 0.2667
vt 0.3880 0.2667
vt 0.4026 0.2667
vt 0.4080 0.2667
vt 0.0000 0.3233
vt 0.0054 0.3233
vt 0.0200 0.3233
vt 0.0400 0.3233
vt 0.0947 0.3233
vt 0.1493 0.3233
vt 0.2040 0.3233
vt 0.2587 0.3233
vt 0.3133 0.3233
vt 0.3680 0.3233
vt 0.3880 0.3233
vt 0.4026 0.3233
vt 0.4080 0.3233
vt 0.0000 0.3800
vt 0.0054 0.3800
vt 0.0200 0.3800
vt 0.0400 0.3800
vt 0.0947 0.3800
vt 0.1493 0.3800
vt 0.2040 0.3800
vt 0.2587 0.3800
vt 0.3133 0.3800
vt 0.3680 0.3800
vt 0.3880 0.3800
vt 0.4026 0.3800
vt 0.4080 0.3800
vt 0.0000 0.4000
vt 0.0054 0.4000
vt 0.0200 0.4000
vt 0.0400 0.4000
vt 0.0947 0.4000
vt 0.1493 0.4000
vt 0.2040 0.4000
vt 0.2587 0.4000
vt 0.3133 0.4000
vt 0.3680 0.4000
vt 0.3880 0.4000
vt 0.4026 0.4000
vt 0.4080 0.4000
vt 0.0000 0.4146
vt 0.0054 0.4146
vt 0.0200 0.4146
vt 0.0400 0.4146
vt 0.0947 0.4146
vt 0.1493 0.4146
vt 0.2040 0.4146
vt 0.2587 0.4146
vt 0.3133 0.4146
vt 0.3680 0.4146
vt 0.3880 0.4146
vt 0.4026 0.4146
vt 0.4080 0.4146
vt 0.0000 0.4200
vt 0.0054 0.4200
vt 0.0200 0.4200
vt 0.0400 0.4200
vt 0.0947 0.4200
vt 0.1493 0.4200
vt 0.2040 0.4200
vt 0.2587 0.4200
vt 0.3133 0.4200
vt 0.3680 0.4200
vt 0.3880 0.4200
vt 0.4026 0.4200
vt 0.4080 0.4200
vt 0.0000 0.0000
vt 0.0054 0.0000
vt 0.0200 0.0000
vt 0.0400 0.0000
vt 0.0947 0.0000
vt 0.1493 0.0000
vt 0.2040 0.0000
vt 0.2587 0.0000
vt 0.3133 0.0000
vt 0.3680 0.0000
vt 0.3880 0.0000
vt 0.4026 0.0000
vt 0.4080 0.0000
vt 0.0000 0.0054
vt 0.0054 0.0054
vt 0.0200 0.0054
vt 0.0400 0.0054
vt 0.0947 0.0054
vt 0.1493 0.0054
vt 0.2040 0.0054
vt 0.2587 0.0054
vt 0.3133 0.0054
vt 0.3680 0.0054
vt 0.3880 0.0054
vt 0.4026 0.0054
vt 0.4080 0.0054
vt 0.0000 0.0200
vt 0.0054 0.0200
vt 0.0200 0.0200
vt 0.0400 0.0200
vt 0.0947 0.0200
vt 0.1493 0.0200
vt 0.2040 0.0200
vt 0.2587 0.0200
vt 0.3133 0.0200
vt 0.3680 0.0200
vt 0.3880 0.0200
vt 0.4026 0.0200
vt 0.4080 0.0200
vt 0.0000 0.0400
vt 0.0054 0.0400
vt 0.0200 0.0400
vt 0.0400 0.0400
vt 0.0947 0.0400
vt 0.1493 0.0400
vt 0.2040 0.0400
vt 0.2587 0.0400
vt 0.3133 0.0400
vt 0.3680 0.0400
vt 0.3880 0.0400
vt 0.4026 0.0400
vt 0.4080 0.0400
vt 0.0000 0.0967
vt 0.0054 0.0967
vt 0.0200 0.0967
vt 0.0400 0.0967
vt 0.0947 0.0967
vt 0.1493 0.0967
vt 0.2040 0.0967
vt 0.2587 0.0967
vt 0.3133 0.0967
vt 0.3680 0.0967
vt 0.3880 0.0967
vt 0.4026 0.0967
vt 0.4080 0.0967
vt 0.0000 0.1533
vt 0.0054 0.1533
vt 0.0200 0.1533
vt 0.0400 0.1533
vt 0.0947 0.1533
vt 0.1493 0.1533
vt 0.2040 0.1533
vt 0.2587 0.1533
vt 0.3133 0.1533
vt 0.3680 0.1533
vt 0.3880 0.1533
vt 0.4026 0.1533
vt 0.4080 0.1533
vt 0.0000 0.2100
vt 0.0054 0.2100
vt 0.0200 0.2100
vt 0.0400 0.2100
vt 0.0947 0.2100
vt 0.1493 0.2100
vt 0.2040 0.2100
vt 0.2587 0.2100
vt 0.3133 0.2100
vt 0.3680 0.2100
vt 0.3880 0.2100
vt 0.4026 0.2100
vt 0.4080 0.2100
vt 0.0000 0.2667
vt 0.0054 0.2667
vt 0.0200 0.2667
vt 0.0400 0.2667
vt 0.0947 0.2667
vt 0.1493 0.2667
vt 0.2040 0.2667
vt 0.2587 0.2667
vt 0.3133 0.2667
vt 0.3680 0.2667
vt 0.3880 0.2667
vt 0.4026 0.2667
vt 0.4080 0.2667
vt 0.0000 0.3233
vt 0.0054 0.3233
vt 0.0200 0.3233
vt 0.0400 0.3233
vt 0.0947 0.3233
vt 0.1493 0.3233
vt 0.2040 0.3233
vt 0.2587 0.3233
vt 0.3133 0.3233
vt 0.3680 0.3233
vt 0.3880 0.3233
vt 0.4026 0.3233
vt 0.4080 0.3233
vt 0.0000 0.3800
vt 0.0054 0.3800
vt 0.0200 0.3800
vt 0.0400 0.3800
vt 0.0947 0.3800
vt 0.1493 0.3800
vt 0.2040 0.3800
vt 0.2587 0.3800
vt 0.3133 0.3800
vt 0.3680 0.3800
vt 0.3880 0.3800
vt 0.4026 0.3800
vt 0.4080 0.3800
vt 0.0000 0.4000
vt 0.0054 0.4000
vt 0.0200 0.4000
vt 0.0400 0.4000
vt 0.0947 0.4000
vt 0.1493 0.4000
vt 0.2040 0.4000
vt 0.2587 0.4000
vt 0.3133 0.4000
vt 0.3680 0.4000
vt 0.3880 0.4000
vt 0.4026 0.4000
vt 0.4080 0.4000
vt 0.0000 0.4146
vt 0.0054 0.4146
vt 0.0200 0.4146
vt 0.0400 0.4146
vt 0.0947 0.4146
vt 0.1493 0.4146
vt 0.2040 0.4146
vt 0.2587 0.4146
vt 0.3133 0.4146
vt 0.3680 0.4146
vt 0.3880 0.4146
vt 0.4026 0.4146
vt 0.4080 0.4146
vt 0.0000 0.4200
vt 0.0054 0.4200
vt 0.0200 0.4200
vt 0.0400 0.4200
vt 0.0947 0.4200
vt 0.1493 0.4200
vt 0.2040 0.4200
vt 0.2587 0.4200
vt 0.3133 0.4200
vt 0.3680 0.4200
vt 0.3880 0.4200
vt 0.4026 0.4200
vt 0.4080 0.4200
vt 0.0000 0.0000
vt 0.0054 0.0000
vt 0.0200 0.0000
vt 0.0400 0.0000
vt 0.0947 0.0000
vt 0.1493 0.0000
vt 0.2040 0.0000
vt 0.2587 0.0000
vt 0.3133 0.0000
vt 0.3680 0.0000
vt 0.3880 0.0000
vt 0.4026 0.0000
vt 0.4080 0.0000
vt 0.0000 0.0054
vt 0.0054 0.0054
vt 0.0200 0.0054
vt 0.0400 0.0054
vt 0.0947 0.0054
vt 0.1493 0.0054
vt 0.2040 0.0054
vt 0.2587 0.0054
vt 0.3133 0.0054
vt 0.3680 0.0054
vt 0.3880 0.0054
vt 0.4026 0.0054
vt 0.4080 0.0054
vt 0.0000 0.0200
vt 0.0054 0.0200
vt 0.0200 0.0200
vt 0.0400 0.0200
vt 0.0947 0.0200
vt 0.1493 0.0200
vt 0.2040 0.0200
vt 0.2587 0.0200
vt 0.3133 0.0200
vt 0.3680 0.0200
vt 0.3880 0.0200
vt 0.4026 0.0200
vt 0.4080 0.0200
vt 0.0000 0.0400
vt 0.0054 0.0400
vt 0.0200 0.0400
vt 0.0400 0.0400
vt 0.0947 0.0400
vt 0.1493 0.0400
vt 0.2040 0.0400
vt 0.2587 0.0400
vt 0.3133 0.0400
vt 0.3680 0.0400
vt 0.3880 0.0400
vt 0.4026 0.0400
vt 0.4080 0.0400
vt 0.0000 0.0450
vt 0.0054 0.0450
vt 0.0200 0.0450
vt 0.0400 0.0450
vt 0.0947 0.0450
vt 0.1493 0.0450
vt 0.2040 0.0450
vt 0.2587 0.0450
vt 0.3133 0.0450
vt 0.3680 0.0450
vt 0.3880 0.0450
vt 0.4026 0.0450
vt 0.4080 0.0450
vt 0.0000 0.0500
vt 0.0054 0.0500
vt 0.0200 0.0500
vt 0.0400 0.0500
vt 0.0947 0.0500
vt 0.1493 0.0500
vt 0.2040 0.0500
vt 0.2587 0.0500
vt 0.3133 0.0500
vt 0.3680 0.0500
vt 0.3880 0.0500
vt 0.4026 0.0500
vt 0.4080 0.0500
vt 0.0000 0.0550
vt 0.0054 0.0550
vt 0.0200 0.0550
vt 0.0400 0.0550
vt 0.0947 0.0550
vt 0.1493 0.0550
vt 0.2040 0.0550
vt 0.2587 0.0550
vt 0.3133 0.0550
vt 0.3680 0.0550
vt 0.3880 0.0550
vt 0.4026 0.0550
vt 0.4080 0.0550
vt 0.0000 0.0600
vt 0.0054 0.0600
vt 0.0200 0.0600
vt 0.0400 0.0600
vt 0.0947 0.0600
vt 0.1493 0.0600
vt 0.2040 0.0600
vt 0.2587 0.0600
vt 0.3133 0.0600
vt 0.3680 0.0600
vt 0.3880 0.0600
vt 0.4026 0.0600
vt 0.4080 0.0600
vt 0.0000 0.0650
vt 0.0054 0.0650
vt 0.0200 0.0650
vt 0.0400 0.0650
vt 0.0947 0.0650
vt 0.1493 0.0650
vt 0.2040 0.0650
vt 0.2587 0.0650
vt 0.3133 0.0650
vt 0.3680 0.0650
vt 0.3880 0.0650
vt 0.4026 0.0650
vt 0.4080 0.0650
vt 0.0000 0.0700
vt 0.0054 0.0700
vt 0.0200 0.0700
vt 0.0400 0.0700
vt 0.0947 0.0700
vt 0.1493 0.0700
vt 0.2040 0.0700
vt 0.2587 0.0700
vt 0.3133 0.0700
vt 0.3680 0.0700
vt 0.3880 0.0700
vt 0.4026 0.0700
vt 0.4080 0.0700
vt 0.0000 0.0900
vt 0.0054 0.0900
vt 0.0200 0.0900
vt 0.0400 0.0900
vt 0.0947 0.0900
vt 0.1493 0.0900
vt 0.2040 0.0900
vt 0.2587 0.0900
vt 0.3133 0.0900
vt 0.3680 0.0900
vt 0.3880 0.0900
vt 0.4026 0.0900
vt 0.4080 0.0900
vt 0.0000 0.1046
vt 0.0054 0.1046
vt 0.0200 0.1046
vt 0.0400 0.1046
vt 0.0947 0.1046
vt 0.1493 0.1046
vt 0.2040 0.1046
vt 0.2587 0.1046
vt 0.3133 0.1046
vt 0.3680 0.1046
vt 0.3880 0.1046
vt 0.4026 0.1046
vt 0.4080 0.1046
vt 0.0000 0.1100
vt 0.0054 0.1100
vt 0.0200 0.1100
vt 0.0400 0.1100
vt 0.0947 0.1100
vt 0.1493 0.1100
vt 0.2040 0.1100
vt 0.2587 0.1100
vt 0.3133 0.1100
vt 0.3680 0.1100
vt 0.3880 0.1100
vt 0.4026 0.1100
vt 0.4080 0.1100
vt 0.0000 0.0000
vt 0.0054 0.0000
vt 0.0200 0.0000
vt 0.0400 0.0000
vt 0.0947 0.0000
vt 0.1493 0.0000
vt 0.2040 0.0000
vt 0.2587 0.0000
vt 0.3133 0.0000
vt 0.3680 0.0000
vt 0.3880 0.0000
vt 0.4026 0.0000
vt 0.4080 0.0000
vt 0.0000 0.0054
vt 0.0054 0.0054
vt 0.0200 0.0054
vt 0.0400 0.0054
vt 0.0947 0.0054
vt 0.1493 0.0054
vt 0.2040 0.0054
vt 0.2587 0.0054
vt 0.3133 0.0054
vt 0.3680 0.0054
vt 0.3880 0.0054
vt 0.4026 0.0054
vt 0.4080 0.0054
vt 0.0000 0.0200
vt 0.0054 0.0200
vt 0.0200 0.0200
vt 0.0400 0.0200
vt 0.0947 0.0200
vt 0.1493 0.0200
vt 0.2040 0.0200
vt 0.2587 0.0200
vt 0.3133 0.0200
vt 0.3680 0.0200
vt 0.3880 0.0200
vt 0.4026 0.0200
vt 0.4080 0.0200
vt 0.0000 0.0400
vt 0.0054 0.0400
vt 0.0200 0.0400
vt 0.0400 0.0400
vt 0.0947 0.0400
vt 0.1493 0.0400
vt 0.2040 0.0400
vt 0.2587 0.0400
vt 0.3133 0.0400
vt 0.3680 0.0400
vt 0.3880 0.0400
vt 0.4026 0.0400
vt 0.4080 0.0400
vt 0.0000 0.0450
vt 0.0054 0.0450
vt 0.0200 0.0450
vt 0.0400 0.0450
vt 0.0947 0.0450
vt 0.1493 0.0450
vt 0.2040 0.0450
vt 0.2587 0.0450
vt 0.3133 0.0450
vt 0.3680 0.0450
vt 0.3880 0.0450
vt 0.4026 0.0450
vt 0.4080 0.0450
vt 0.0000 0.0500
vt 0.0054 0.0500
vt 0.0200 0.0500
vt 0.0400 0.0500
vt 0.0947 0.0500
vt 0.1493 0.0500
vt 0.2040 0.0500
vt 0.2587 0.0500
vt 0.3133 0.0500
vt 0.3680 0.0500
vt 0.3880 0.0500
vt 0.4026 0.0500
vt 0.4080 0.0500
vt 0.0000 0.0550
vt 0.0054 0.0550
vt 0.0200 0.0550
vt 0.0400 0.0550
vt 0.0947 0.0550
vt 0.1493 0.0550
vt 0.2040 0.0550
vt 0.2587 0.0550
vt 0.3133 0.0550
vt 0.3680 0.0550
vt 0.3880 0.0550
vt 0.4026 0.0550
vt 0.4080 0.0550
vt 0.0000 0.0600
vt 0.0054 0.0600
vt 0.0200 0.0600
vt 0.0400 0.0600
vt 0.0947 0.0600
vt 0.1493 0.0600
vt 0.2040 0.0600
vt 0.2587 0.0600
vt 0.3133 0.0600
vt 0.3680 0.0600
vt 0.3880 0.0600
vt 0.4026 0.0600
vt 0.4080 0.0600
vt 0.0000 0.0650
vt 0.0054 0.0650
vt 0.0200 0.0650
vt 0.0400 0.0650
vt 0.0947 0.0650
vt 0.1493 0.0650
vt 0.2040 0.0650
vt 0.2587 0.0650
vt 0.3133 0.0650
vt 0.3680 0.0650
vt 0.3880 0.0650
vt 0.4026 0.0650
vt 0.4080 0.0650
vt 0.0000 0.0700
vt 0.0054 0.0700
vt 0.0200 0.0700
vt 0.0400 0.0700
vt 0.0947 0.0700
vt 0.1493 0.0700
vt 0.2040 0.0700
vt 0.2587 0.0700
vt 0.3133 0.0700
vt 0.3680 0.0700
vt 0.3880 0.0700
vt 0.4026 0.0700
vt 0.4080 0.0700
vt 0.0000 0.0900
vt 0.0054 0.0900
vt 0.0200 0.0900
vt 0.0400 0.0900
vt 0.0947 0.0900
vt 0.1493 0.0900
vt 0.2040 0.0900
vt 0.2587 0.0900
vt 0.3133 0.0900
vt 0.3680 0.0900
vt 0.3880 0.0900
vt 0.4026 0.0900
vt 0.4080 0.0900
vt 0.0000 0.1046
vt 0.0054 0.1046
vt 0.0200 0.1046
vt 0.0400 0.1046
vt 0.0947 0.1046
vt 0.1493 0.1046
vt 0.2040 0.1046
vt 0.2587 0.1046
vt 0.3133 0.1046
vt 0.3680 0.1046
vt 0.3880 0.1046
vt 0.4026 0.1046
vt 0.4080 0.1046
vt 0.0000 0.1100
vt 0.0054 0.1100
vt 0.0200 0.1100
vt 0.0400 0.1100
vt 0.0947 0.1100
vt 0.1493 0.1100
vt 0.2040 0.1100
vt 0.2587 0.1100
vt 0.3133 0.1100
vt 0.3680 0.1100
vt 0.3880 0.1100
vt 0.4026 0.1100
vt 0.4080 0.1100
vn 0.577 -0.577 0.577
vn 0.603 -0.603 0.522
vn 0.667 -0.667 0.333
vn 0.707 -0.707 0.000
vn 0.707 -0.707 0.000
vn 0.707 -0.707 0.000
vn 0.707 -0.707 0.000
vn 0.707 -0.707 0.000
vn 0.707 -0.707 0.000
vn 0.707 -0.707 -0.000
vn 0.667 -0.667 -0.333
vn 0.603 -0.603 -0.522
vn 0.577 -0.577 -0.577
vn 0.603 -0.522 0.603
vn 0.632 -0.548 0.548
vn 0.707 -0.612 0.354
vn 0.756 -0.655 0.000
vn 0.756 -0.655 0.000
vn 0.756 -0.655 0.000
vn 0.756 -0.655 0.000
vn 0.756 -0.655 0.000
vn 0.756 -0.655 0.000
vn 0.756 -0.655 -0.000
vn 0.707 -0.612 -0.354
vn 0.632 -0.548 -0.548
vn 0.603 -0.522 -0.603
vn 0.667 -0.333 0.667
vn 0.707 -0.354 0.612
vn 0.816 -0.408 0.408
vn 0.894 -0.447 0.000
vn 0.894 -0.447 0.000
vn 0.894 -0.447 0.000
vn 0.894 -0.447 0.000
vn 0.894 -0.447 0.000
vn 0.894 -0.447 0.000
vn 0.894 -0.447 -0.000
vn 0.816 -0.408 -0.408
vn 0.707 -0.354 -0.612
vn 0.667 -0.333 -0.667
vn 0.707 0.000 0.707
vn 0.756 0.000 0.655
vn 0.894 0.000 0.447
vn 1.000 0.000 0.000
vn 1.000 0.000 0.000
vn 1.000 0.000 0.000
vn 1.000 0.000 0.000
vn 1.000 0.000 0.000
vn 1.000 0.000 0.000
vn 1.000 0.000 -0.000
vn 0.894 0.000 -0.447
vn 0.756 0.000 -0.655
vn 0.707 0.000 -0.707
vn 0.707 0.000 0.707
vn 0.756 0.000 0.655
vn 0.894 0.000 0.447
vn 1.000 0.000 0.000
vn 1.000 0.000 0.000
vn 1.000 0.000 0.000
vn 1.000 0.000 0.000
vn 1.000 0.000 0.000
vn 1.000 0.000 0.000
vn 1.000 0.000 -0.000
vn 0.894 0.000 -0.447
vn 0.756 0.000 -0.655
vn 0.707 0.000 -0.707
vn 0.707 0.000 0.707
vn 0.756 0.000 0.655
vn 0.894 0.000 0.447
vn 1.000 0.000 0.000
vn 1.000 0.000 0.000
vn 1.000 0.000 0.000
vn 1.000 0.000 0.000
vn 1.000 0.000 0.000
vn 1.000 0.000 0.000
vn 1.000 0.000 -0.000
vn 0.894 0.000 -0.447
vn 0.756 0.000 -0.655
vn 0.707 0.000 -0.707
vn 0.707 0.000 0.707
vn 0.756 0.000 0.655
vn 0.894 0.000 0.447
vn 1.000 0.000 0.000
vn 1.000 0.000 0.000
vn 1.000 0.000 0.000
vn 1.000 0.000 0.000
vn 1.000 0.000 0.000
vn 1.000 0.000 0.000
vn 1.000 0.000 -0.000
vn 0.894 0.000 -0.447
vn 0.756 0.000 -0.655
vn 0.707 0.000 -0.707
vn 0.707 0.000 0.707
vn 0.756 0.000 0.655
vn 0.894 0.000 0.447
vn 1.000 0.000 0.000
vn 1.000 0.000 0.000
vn 1.000 0.000 0.000
vn 1.000 0.000 0.000
vn 1.000 0.000 0.000
vn 1.000 0.000 0.000
vn 1.000 0.000 -0.000
vn 0.894 0.000 -0.447
vn 0.756 0.000 -0.655
vn 0.707 0.000 -0.707
vn 0.707 0.000 0.707
vn 0.756 0.000 0.655
vn 0.894 0.000 0.447
vn 1.000 0.000 0.000
vn 1.000 0.000 0.000
vn 1.000 0.000 0.000
vn 1.000 0.000 0.000
vn 1.000 0.000 0.000
vn 1.000 0.000 0.000
vn 1.000 0.000 -0.000
vn 0.894 0.000 -0.447
vn 0.756 0.000 -0.655
vn 0.707 0.000 -0.707
vn 0.707 0.000 0.707
vn 0.756 0.000 0.655
vn 0.894 0.000 0.447
vn 1.000 0.000 0.000
vn 1.000 0.000 0.000
vn 1.000 0.000 0.000
vn 1.000 0.000 0.000
vn 1.000 0.000 0.000
vn 1.000 0.000 0.000
vn 1.000 0.000 -0.000
vn 0.894 0.000 -0.447
vn 0.756 0.000 -0.655
vn 0.707 0.000 -0.707
vn 0.667 0.333 0.667
vn 0.707 0.354 0.612
vn 0.816 0.408 0.408
vn 0.894 0.447 0.000
vn 0.894 0.447 0.000
vn 0.894 0.447 0.000
vn 0.894 0.447 0.000
vn 0.894 0.447 0.000
vn 0.894 0.447 0.000
vn 0.894 0.447 -0.000
vn 0.816 0.408 -0.408
vn 0.707 0.354 -0.612
vn 0.667 0.333 -0.667
vn 0.603 0.522 0.603
vn 0.632 0.548 0.548
vn 0.707 0.612 0.354
vn 0.756 0.655 0.000
vn 0.756 0.655 0.000
vn 0.756 0.655 0.000
vn 0.756 0.655 0.000
vn 0.756 0.655 0.000
vn 0.756 0.655 0.000
vn 0.756 0.655 -0.000
vn 0.707 0.612 -0.354
vn 0.632 0.548 -0.548
vn 0.603 0.522 -0.603
vn 0.577 0.577 0.577
vn 0.603 0.603 0.522
vn 0.667 0.667 0.333
vn 0.707 0.707 0.000
vn 0.707 0.707 0.000
vn 0.707 0.707 0.000
vn 0.707 0.707 0.000
vn 0.707 0.707 0.000
vn 0.707 0.707 0.000
vn 0.707 0.707 -0.000
vn 0.667 0.667 -0.333
vn 0.603 0.603 -0.522
vn 0.577 0.577 -0.577
vn -0.577 -0.577 -0.577
vn -0.603 -0.603 -0.522
vn -0.667 -0.667 -0.333
vn -0.707 -0.707 0.000
vn -0.707 -0.707 0.000
vn -0.707 -0.707 0.000
vn -0.707 -0.707 0.000
vn -0.707 -0.707 0.000
vn -0.707 -0.707 0.000
vn -0.707 -0.707 0.000
vn -0.667 -0.667 0.333
vn -0.603 -0.603 0.522
vn -0.577 -0.577 0.577
vn -0.603 -0.522 -0.603
vn -0.632 -0.548 -0.548
vn -0.707 -0.612 -0.354
vn -0.756 -0.655 0.000
vn -0.756 -0.655 0.000
vn -0.756 -0.655 0.000
vn -0.756 -0.655 0.000
vn -0.756 -0.655 0.000
vn -0.756 -0.655 0.000
vn -0.756 -0.655 0.000
vn -0.707 -0.612 0.354
vn -0.632 -0.548 0.548
vn -0.603 -0.522 0.603
vn -0.667 -0.333 -0.667
vn -0.707 -0.354 -0.612
vn -0.816 -0.408 -0.408
vn -0.894 -0.447 0.000
vn -0.894 -0.447 0.000
vn -0.894 -0.447 0.000
vn -0.894 -0.447 0.000
vn -0.894 -0.447 0.000
vn -0.894 -0.447 0.000
vn -0.894 -0.447 0.000
vn -0.816 -0.408 0.408
vn -0.707 -0.354 0.612
vn -0.667 -0.333 0.667
vn -0.707 0.000 -0.707
vn -0.756 0.000 -0.655
vn -0.894 0.000 -0.447
vn -1.000 0.000 0.000
vn -1.000 0.000 0.000
vn -1.000 0.000 0.000
vn -1.000 0.000 0.000
vn -1.000 0.000 0.000
vn -1.000 0.000 0.000
vn -1.000 0.000 0.000
vn -0.894 0.000 0.447
vn -0.756 0.000 0.655
vn -0.707 0.000 0.707
vn -0.707 0.000 -0.707
vn -0.756 0.000 -0.655
vn -0.894 0.000 -0.447
vn -1.000 0.000 0.000
vn -1.000 0.000 0.000
vn -1.000 0.000 0.000
vn -1.000 0.000 0.000
vn -1.000 0.000 0.000
vn -1.000 0.000 0.000
vn -1.000 0.000 0.000
vn -0.894 0.000 0.447
vn -0.756 0.000 0.655
vn -0.707 0.000 0.707
vn -0.707 0.000 -0.707
vn -0.756 0.000 -0.655
vn -0.894 0.000 -0.447
vn -1.000 0.000 0.000
vn -1.000 0.000 0.000
vn -1.000 0.000 0.000
vn -1.000 0.000 0.000
vn -1.000 0.000 0.000
vn -1.000 0.000 0.000
vn -1.000 0.000 0.000
vn -0.894 0.000 0.447
vn -0.756 0.000 0.655
vn -0.707 0.000 0.707
vn -0.707 0.000 -0.707
vn -0.756 0.000 -0.655
vn -0.894 0.000 -0.447
vn -1.000 0.000 0.000
vn -1.000 0.000 0.000
vn -1.000 0.000 0.000
vn -1.000 0.000 0.000
vn -1.000 0.000 0.000
vn -1.000 0.000 0.000
vn -1.000 0.000 0.000
vn -0.894 0.000 0.447
vn -0.756 0.000 0.655
vn -0.707 0.000 0.707
vn -0.707 0.000 -0.707
vn -0.756 0.000 -0.655
vn -0.894 0.000 -0.447
vn -1.000 0.000 0.000
vn -1.000 0.000 0.000
vn -1.000 0.000 0.000
vn -1.000 0.000 0.000
vn -1.000 0.000 0.000
vn -1.000 0.000 0.000
vn -1.000 0.000 0.000
vn -0.894 0.000 0.447
vn -0.756 0.000 0.655
vn -0.707 0.000 0.707
vn -0.707 0.000 -0.707
vn -0.756 0.000 -0.655
vn -0.894 0.000 -0.447
vn -1.000 0.000 0.000
vn -1.000 0.000 0.000
vn -1.000 0.000 0.000
vn -1.000 0.000 0.000
vn -1.000 0.000 0.000
vn -1.000 0.000 0.000
vn -1.000 0.000 0.000
vn -0.894 0.000 0.447
vn -0.756 0.000 0.655
vn -0.707 0.000 0.707
vn -0.707 0.000 -0.707
vn -0.756 0.000 -0.655
vn -0.894 0.000 -0.447
vn -1.000 0.000 0.000
vn -1.000 0.000 0.000
vn -1.000 0.000 0.000
vn -1.000 0.000 0.000
vn -1.000 0.000 0.000
vn -1.000 0.000 0.000
vn -1.000 0.000 0.000
vn -0.894 0.000 0.447
vn -0.756 0.000 0.655
vn -0.707 0.000 0.707
vn -0.667 0.333 -0.667
vn -0.707 0.354 -0.612
vn -0.816 0.408 -0.408
vn -0.894 0.447 0.000
vn -0.894 0.447 0.000
vn -0.894 0.447 0.000
vn -0.894 0.447 0.000
vn -0.894 0.447 0.000
vn -0.894 0.447 0.000
vn -0.894 0.447 0.000
vn -0.816 0.408 0.408
vn -0.707 0.354 0.612
vn -0.667 0.333 0.667
vn -0.603 0.522 -0.603
vn -0.632 0.548 -0.548
vn -0.707 0.612 -0.354
vn -0.756 0.655 0.000
vn -0.756 0.655 0.000
vn -0.756 0.655 0.000
vn -0.756 0.655 0.000
vn -0.756 0.655 0.000
vn -0.756 0.655 0.000
vn -0.756 0.655 0.000
vn -0.707 0.612 0.354
vn -0.632 0.548 0.548
vn -0.603 0.522 0.603
vn -0.577 0.577 -0.577
vn -0.603 0.603 -0.522
vn -0.667 0.667 -0.333
vn -0.707 0.707 0.000
vn -0.707 0.707 0.000
vn -0.707 0.707 0.000
vn -0.707 0.707 0.000
vn -0.707 0.707 0.000
vn -0.707 0.707 0.000
vn -0.707 0.707 0.000
vn -0.667 0.667 0.333
vn -0.603 0.603 0.522
vn -0.577 0.577 0.577
vn -0.577 0.577 0.577
vn -0.522 0.603 0.603
vn -0.333 0.667 0.667
vn 0.000 0.707 0.707
vn 0.000 0.707 0.707
vn 0.000 0.707 0.707
vn 0.000 0.707 0.707
vn 0.000 0.707 0.707
vn 0.000 0.707 0.707
vn 0.000 0.707 0.707
vn 0.333 0.667 0.667
vn 0.522 0.603 0.603
vn 0.577 0.577 0.577
vn -0.603 0.603 0.522
vn -0.548 0.632 0.548
vn -0.354 0.707 0.612
vn 0.000 0.756 0.655
vn 0.000 0.756 0.655
vn 0.000 0.756 0.655
vn 0.000 0.756 0.655
vn 0.000 0.756 0.655
vn 0.000 0.756 0.655
vn 0.000 0.756 0.655
vn 0.354 0.707 0.612
vn 0.548 0.632 0.548
vn 0.603 0.603 0.522
vn -0.667 0.667 0.333
vn -0.612 0.707 0.354
vn -0.408 0.816 0.408
vn 0.000 0.894 0.447
vn 0.000 0.894 0.447
vn 0.000 0.894 0.447
vn 0.000 0.894 0.447
vn 0.000 0.894 0.447
vn 0.000 0.894 0.447
vn 0.000 0.894 0.447
vn 0.408 0.816 0.408
vn 0.612 0.707 0.354
vn 0.667 0.667 0.333
vn -0.707 0.707 0.000
vn -0.655 0.756 0.000
vn -0.447 0.894 0.000
vn 0.000 1.000 0.000
vn 0.000 1.000 0.000
vn 0.000 1.000 0.000
vn 0.000 1.000 0.000
vn 0.000 1.000 0.000
vn 0.000 1.000 0.000
vn 0.000 1.000 0.000
vn 0.447 0.894 0.000
vn 0.655 0.756 0.000
vn 0.707 0.707 0.000
vn -0.707 0.707 0.000
vn -0.655 0.756 0.000
vn -0.447 0.894 0.000
vn 0.000 1.000 0.000
vn 0.000 1.000 0.000
vn 0.000 1.000 0.000
vn 0.000 1.000 0.000
vn 0.000 1.000 0.000
vn 0.000 1.000 0.000
vn 0.000 1.000 0.000
vn 0.447 0.894 0.000
vn 0.655 0.756 0.000
vn 0.707 0.707 0.000
vn -0.707 0.707 0.000
vn -0.655 0.756 0.000
vn -0.447 0.894 0.000
vn 0.000 1.000 0.000
vn 0.000 1.000 0.000
vn 0.000 1.000 0.000
vn 0.000 1.000 0.000
vn 0.000 1.000 0.000
vn 0.000 1.000 0.000
vn 0.000 1.000 0.000
vn 0.447 0.894 0.000
vn 0.655 0.756 0.000
vn 0.707 0.707 0.000
vn -0.707 0.707 0.000
vn -0.655 0.756 0.000
vn -0.447 0.894 0.000
vn 0.000 1.000 0.000
vn 0.000 1.000 0.000
vn 0.000 1.000 0.000
vn 0.000 1.000 0.000
vn 0.000 1.000 0.000
vn 0.000 1.000 0.000
vn 0.000 1.000 0.000
vn 0.447 0.894 0.000
vn 0.655 0.756 0.000
vn 0.707 0.707 0.000
vn -0.707 0.707 0.000
vn -0.655 0.756 0.000
vn -0.447 0.894 0.000
vn 0.000 1.000 0.000
vn 0.000 1.000 0.000
vn 0.000 1.000 0.000
vn 0.000 1.000 0.000
vn 0.000 1.000 0.000
vn 0.000 1.000 0.000
vn 0.000 1.000 0.000
vn 0.447 0.894 0.000
vn 0.655 0.756 0.000
vn 0.707 0.707 0.000
vn -0.707 0.707 0.000
vn -0.655 0.756 0.000
vn -0.447 0.894 0.000
vn 0.000 1.000 0.000
vn 0.000 1.000 0.000
vn 0.000 1.000 0.000
vn 0.000 1.000 0.000
vn 0.000 1.000 0.000
vn 0.000 1.000 0.000
vn 0.000 1.000 0.000
vn 0.447 0.894 0.000
vn 0.655 0.756 0.000
vn 0.707 0.707 0.000
vn -0.707 0.707 -0.000
vn -0.655 0.756 -0.000
vn -0.447 0.894 -0.000
vn 0.000 1.000 -0.000
vn 0.000 1.000 -0.000
vn 0.000 1.000 -0.000
vn 0.000 1.000 -0.000
vn 0.000 1.000 -0.000
vn 0.000 1.000 -0.000
vn 0.000 1.000 -0.000
vn 0.447 0.894 -0.000
vn 0.655 0.756 -0.000
vn 0.707 0.707 -0.000
vn -0.667 0.667 -0.333
vn -0.612 0.707 -0.354
vn -0.408 0.816 -0.408
vn 0.000 0.894 -0.447
vn 0.000 0.894 -0.447
vn 0.000 0.894 -0.447
vn 0.000 0.894 -0.447
vn 0.000 0.894 -0.447
vn 0.000 0.894 -0.447
vn 0.000 0.894 -0.447
vn 0.408 0.816 -0.408
vn 0.612 0.707 -0.354
vn 0.667 0.667 -0.333
vn -0.603 0.603 -0.522
vn -0.548 0.632 -0.548
vn -0.354 0.707 -0.612
vn 0.000 0.756 -0.655
vn 0.000 0.756 -0.655
vn 0.000 0.756 -0.655
vn 0.000 0.756 -0.655
vn 0.000 0.756 -0.655
vn 0.000 0.756 -0.655
vn 0.000 0.756 -0.655
vn 0.354 0.707 -0.612
vn 0.548 0.632 -0.548
vn 0.603 0.603 -0.522
vn -0.577 0.577 -0.577
vn -0.522 0.603 -0.603
vn -0.333 0.667 -0.667
vn 0.000 0.707 -0.707
vn 0.000 0.707 -0.707
vn 0.000 0.707 -0.707
vn 0.000 0.707 -0.707
vn 0.000 0.707 -0.707
vn 0.000 0.707 -0.707
vn 0.000 0.707 -0.707
vn 0.333 0.667 -0.667
vn 0.522 0.603 -0.603
vn 0.577 0.577 -0.577
vn -0.577 -0.577 -0.577
vn -0.522 -0.603 -0.603
vn -0.333 -0.667 -0.667
vn 0.000 -0.707 -0.707
vn 0.000 -0.707 -0.707
vn 0.000 -0.707 -0.707
vn 0.000 -0.707 -0.707
vn 0.000 -0.707 -0.707
vn 0.000 -0.707 -0.707
vn 0.000 -0.707 -0.707
vn 0.333 -0.667 -0.667
vn 0.522 -0.603 -0.603
vn 0.577 -0.577 -0.577
vn -0.603 -0.603 -0.522
vn -0.548 -0.632 -0.548
vn -0.354 -0.707 -0.612
vn 0.000 -0.756 -0.655
vn 0.000 -0.756 -0.655
vn 0.000 -0.756 -0.655
vn 0.000 -0.756 -0.655
vn 0.000 -0.756 -0.655
vn 0.000 -0.756 -0.655
vn 0.000 -0.756 -0.655
vn 0.354 -0.707 -0.612
vn 0.548 -0.632 -0.548
vn 0.603 -0.603 -0.522
vn -0.667 -0.667 -0.333
vn -0.612 -0.707 -0.354
vn -0.408 -0.816 -0.408
vn 0.000 -0.894 -0.447
vn 0.000 -0.894 -0.447
vn 0.000 -0.894 -0.447
vn 0.000 -0.894 -0.447
vn 0.000 -0.894 -0.447
vn 0.000 -0.894 -0.447
vn 0.000 -0.894 -0.447
vn 0.408 -0.816 -0.408
vn 0.612 -0.707 -0.354
vn 0.667 -0.667 -0.333
vn -0.707 -0.707 0.000
vn -0.655 -0.756 0.000
vn -0.447 -0.894 0.000
vn 0.000 -1.000 0.000
vn 0.000 -1.000 0.000
vn 0.000 -1.000 0.000
vn 0.000 -1.000 0.000
vn 0.000 -1.000 0.000
vn 0.000 -1.000 0.000
vn 0.000 -1.000 0.000
vn 0.447 -0.894 0.000
vn 0.655 -0.756 0.000
vn 0.707 -0.707 0.000
vn -0.707 -0.707 0.000
vn -0.655 -0.756 0.000
vn -0.447 -0.894 0.000
vn 0.000 -1.000 0.000
vn 0.000 -1.000 0.000
vn 0.000 -1.000 0.000
vn 0.000 -1.000 0.000
vn 0.000 -1.000 0.000
vn 0.000 -1.000 0.000
vn 0.000 -1.000 0.000
vn 0.447 -0.894 0.000
vn 0.655 -0.756 0.000
vn 0.707 -0.707 0.000
vn -0.707 -0.707 0.000
vn -0.655 -0.756 0.000
vn -0.447 -0.894 0.000
vn 0.000 -1.000 0.000
vn 0.000 -1.000 0.000
vn 0.000 -1.000 0.000
vn 0.000 -1.000 0.000
vn 0.000 -1.000 0.000
vn 0.000 -1.000 0.000
vn 0.000 -1.000 0.000
vn 0.447 -0.894 0.000
vn 0.655 -0.756 0.000
vn 0.707 -0.707 0.000
vn -0.707 -0.707 0.000
vn -0.655 -0.756 0.000
vn -0.447 -0.894 0.000
vn 0.000 -1.000 0.000
vn 0.000 -1.000 0.000
vn 0.000 -1.000 0.000
vn 0.000 -1.000 0.000
vn 0.000 -1.000 0.000
vn 0.000 -1.000 0.000
vn 0.000 -1.000 0.000
vn 0.447 -0.894 0.000
vn 0.655 -0.756 0.000
vn 0.707 -0.707 0.000
vn -0.707 -0.707 0.000
vn -0.655 -0.756 0.000
vn -0.447 -0.894 0.000
vn 0.000 -1.000 0.000
vn 0.000 -1.000 0.000
vn 0.000 -1.000 0.000
vn 0.000 -1.000 0.000
vn 0.000 -1.000 0.000
vn 0.000 -1.000 0.000
vn 0.000 -1.000 0.000
vn 0.447 -0.894 0.000
vn 0.655 -0.756 0.000
vn 0.707 -0.707 0.000
vn -0.707 -0.707 0.000
vn -0.655 -0.756 0.000
vn -0.447 -0.894 0.000
vn 0.000 -1.000 0.000
vn 0.000 -1.000 0.000
vn 0.000 -1.000 0.000
vn 0.000 -1.000 0.000
vn 0.000 -1.000 0.000
vn 0.000 -1.000 0.000
vn 0.000 -1.000 0.000
vn 0.447 -0.894 0.000
vn 0.655 -0.756 0.000
vn 0.707 -0.707 0.000
vn -0.707 -0.707 0.000
vn -0.655 -0.756 0.000
vn -0.447 -0.894 0.000
vn 0.000 -1.000 0.000
vn 0.000 -1.000 0.000
vn 0.000 -1.000 0.000
vn 0.000 -1.000 0.000
vn 0.000 -1.000 0.000
vn 0.000 -1.000 0.000
vn 0.000 -1.000 0.000
vn 0.447 -0.894 0.000
vn 0.655 -0.756 0.000
vn 0.707 -0.707 0.000
vn -0.667 -0.667 0.333
vn -0.612 -0.707 0.354
vn -0.408 -0.816 0.408
vn 0.000 -0.894 0.447
vn 0.000 -0.894 0.447
vn 0.000 -0.894 0.447
vn 0.000 -0.894 0.447
vn 0.000 -0.894 0.447
vn 0.000 -0.894 0.447
vn 0.000 -0.894 0.447
vn 0.408 -0.816 0.408
vn 0.612 -0.707 0.354
vn 0.667 -0.667 0.333
vn -0.603 -0.603 0.522
vn -0.548 -0.632 0.548
vn -0.354 -0.707 0.612
vn 0.000 -0.756 0.655
vn 0.000 -0.756 0.655
vn 0.000 -0.756 0.655
vn 0.000 -0.756 0.655
vn 0.000 -0.756 0.655
vn 0.000 -0.756 0.655
vn 0.000 -0.756 0.655
vn 0.354 -0.707 0.612
vn 0.548 -0.632 0.548
vn 0.603 -0.603 0.522
vn -0.577 -0.577 0.577
vn -0.522 -0.603 0.603
vn -0.333 -0.667 0.667
vn 0.000 -0.707 0.707
vn 0.000 -0.707 0.707
vn 0.000 -0.707 0.707
vn 0.000 -0.707 0.707
vn 0.000 -0.707 0.707
vn 0.000 -0.707 0.707
vn 0.000 -0.707 0.707
vn 0.333 -0.667 0.667
vn 0.522 -0.603 0.603
vn 0.577 -0.577 0.577
vn -0.577 -0.577 0.577
vn -0.522 -0.603 0.603
vn -0.333 -0.667 0.667
vn 0.000 -0.707 0.707
vn 0.000 -0.707 0.707
vn 0.000 -0.707 0.707
vn 0.000 -0.707 0.707
vn 0.000 -0.707 0.707
vn 0.000 -0.707 0.707
vn 0.000 -0.707 0.707
vn 0.333 -0.667 0.667
vn 0.522 -0.603 0.603
vn 0.577 -0.577 0.577
vn -0.603 -0.522 0.603
vn -0.548 -0.548 0.632
vn -0.354 -0.612 0.707
vn 0.000 -0.655 0.756
vn 0.000 -0.655 0.756
vn 0.000 -0.655 0.756
vn 0.000 -0.655 0.756
vn 0.000 -0.655 0.756
vn 0.000 -0.655 0.756
vn 0.000 -0.655 0.756
vn 0.354 -0.612 0.707
vn 0.548 -0.548 0.632
vn 0.603 -0.522 0.603
vn -0.667 -0.333 0.667
vn -0.612 -0.354 0.707
vn -0.408 -0.408 0.816
vn 0.000 -0.447 0.894
vn 0.000 -0.447 0.894
vn 0.000 -0.447 0.894
vn 0.000 -0.447 0.894
vn 0.000 -0.447 0.894
vn 0.000 -0.447 0.894
vn 0.000 -0.447 0.894
vn 0.408 -0.408 0.816
vn 0.612 -0.354 0.707
vn 0.667 -0.333 0.667
vn -0.707 0.000 0.707
vn -0.655 0.000 0.756
vn -0.447 0.000 0.894
vn 0.000 0.000 1.000
vn 0.000 0.000 1.000
vn 0.000 0.000 1.000
vn 0.000 0.000 1.000
vn 0.000 0.000 1.000
vn 0.000 0.000 1.000
vn 0.000 0.000 1.000
vn 0.447 0.000 0.894
vn 0.655 0.000 0.756
vn 0.707 0.000 0.707
vn -0.707 0.000 0.707
vn -0.655 0.000 0.756
vn -0.447 0.000 0.894
vn 0.000 0.000 1.000
vn 0.000 0.000 1.000
vn 0.000 0.000 1.000
vn 0.000 0.000 1.000
vn 0.000 0.000 1.000
vn 0.000 0.000 1.000
vn 0.000 0.000 1.000
vn 0.447 0.000 0.894
vn 0.655 0.000 0.756
vn 0.707 0.000 0.707
vn -0.707 0.000 0.707
vn -0.655 0.000 0.756
vn -0.447 0.000 0.894
vn 0.000 0.000 1.000
vn 0.000 0.000 1.000
vn 0.000 0.000 1.000
vn 0.000 0.000 1.000
vn 0.000 0.000 1.000
vn 0.000 0.000 1.000
vn 0.000 0.000 1.000
vn 0.447 0.000 0.894
vn 0.655 0.000 0.756
vn 0.707 0.000 0.707
vn -0.707 0.000 0.707
vn -0.655 0.000 0.756
vn -0.447 0.000 0.894
vn 0.000 0.000 1.000
vn 0.000 0.000 1.000
vn 0.000 0.000 1.000
vn 0.000 0.000 1.000
vn 0.000 0.000 1.000
vn 0.000 0.000 1.000
vn 0.000 0.000 1.000
vn 0.447 0.000 0.894
vn 0.655 0.000 0.756
vn 0.707 0.000 0.707
vn -0.707 0.000 0.707
vn -0.655 0.000 0.756
vn -0.447 0.000 0.894
vn 0.000 0.000 1.000
vn 0.000 0.000 1.000
vn 0.000 0.000 1.000
vn 0.000 0.000 1.000
vn 0.000 0.000 1.000
vn 0.000 0.000 1.000
vn 0.000 0.000 1.000
vn 0.447 0.000 0.894
vn 0.655 0.000 0.756
vn 0.707 0.000 0.707
vn -0.707 0.000 0.707
vn -0.655 0.000 0.756
vn -0.447 0.000 0.894
vn 0.000 0.000 1.000
vn 0.000 0.000 1.000
vn 0.000 0.000 1.000
vn 0.000 0.000 1.000
vn 0.000 0.000 1.000
vn 0.000 0.000 1.000
vn 0.000 0.000 1.000
vn 0.447 0.000 0.894
vn 0.655 0.000 0.756
vn 0.707 0.000 0.707
vn -0.707 0.000 0.707
vn -0.655 0.000 0.756
vn -0.447 0.000 0.894
vn 0.000 0.000 1.000
vn 0.000 0.000 1.000
vn 0.000 0.000 1.000
vn 0.000 0.000 1.000
vn 0.000 0.000 1.000
vn 0.000 0.000 1.000
vn 0.000 0.000 1.000
vn 0.447 0.000 0.894
vn 0.655 0.000 0.756
vn 0.707 0.000 0.707
vn -0.667 0.333 0.667
vn -0.612 0.354 0.707
vn -0.408 0.408 0.816
vn 0.000 0.447 0.894
vn 0.000 0.447 0.894
vn 0.000 0.447 0.894
vn 0.000 0.447 0.894
vn 0.000 0.447 0.894
vn 0.000 0.447 0.894
vn 0.000 0.447 0.894
vn 0.408 0.408 0.816
vn 0.612 0.354 0.707
vn 0.667 0.333 0.667
vn -0.603 0.522 0.603
vn -0.548 0.548 0.632
vn -0.354 0.612 0.707
vn 0.000 0.655 0.756
vn 0.000 0.655 0.756
vn 0.000 0.655 0.756
vn 0.000 0.655 0.756
vn 0.000 0.655 0.756
vn 0.000 0.655 0.756
vn 0.000 0.655 0.756
vn 0.354 0.612 0.707
vn 0.548 0.548 0.632
vn 0.603 0.522 0.603
vn -0.577 0.577 0.577
vn -0.522 0.603 0.603
vn -0.333 0.667 0.667
vn 0.000 0.707 0.707
vn 0.000 0.707 0.707
vn 0.000 0.707 0.707
vn 0.000 0.707 0.707
vn 0.000 0.707 0.707
vn 0.000 0.707 0.707
vn 0.000 0.707 0.707
vn 0.333 0.667 0.667
vn 0.522 0.603 0.603
vn 0.577 0.577 0.577
vn 0.577 -0.577 -0.577
vn 0.522 -0.603 -0.603
vn 0.333 -0.667 -0.667
vn 0.000 -0.707 -0.707
vn 0.000 -0.707 -0.707
vn 0.000 -0.707 -0.707
vn 0.000 -0.707 -0.707
vn 0.000 -0.707 -0.707
vn 0.000 -0.707 -0.707
vn 0.000 -0.707 -0.707
vn -0.333 -0.667 -0.667
vn -0.522 -0.603 -0.603
vn -0.577 -0.577 -0.577
vn 0.603 -0.522 -0.603
vn 0.548 -0.548 -0.632
vn 0.354 -0.612 -0.707
vn 0.000 -0.655 -0.756
vn 0.000 -0.655 -0.756
vn 0.000 -0.655 -0.756
vn 0.000 -0.655 -0.756
vn 0.000 -0.655 -0.756
vn 0.000 -0.655 -0.756
vn 0.000 -0.655 -0.756
vn -0.354 -0.612 -0.707
vn -0.548 -0.548 -0.632
vn -0.603 -0.522 -0.603
vn 0.667 -0.333 -0.667
vn 0.612 -0.354 -0.707
vn 0.408 -0.408 -0.816
vn 0.000 -0.447 -0.894
vn 0.000 -0.447 -0.894
vn 0.000 -0.447 -0.894
vn 0.000 -0.447 -0.894
vn 0.000 -0.447 -0.894
vn 0.000 -0.447 -0.894
vn 0.000 -0.447 -0.894
vn -0.408 -0.408 -0.816
vn -0.612 -0.354 -0.707
vn -0.667 -0.333 -0.667
vn 0.707 0.000 -0.707
vn 0.655 0.000 -0.756
vn 0.447 0.000 -0.894
vn 0.000 0.000 -1.000
vn 0.000 0.000 -1.000
vn 0.000 0.000 -1.000
vn 0.000 0.000 -1.000
vn 0.000 0.000 -1.000
vn 0.000 0.000 -1.000
vn 0.000 0.000 -1.000
vn -0.447 0.000 -0.894
vn -0.655 0.000 -0.756
vn -0.707 0.000 -0.707
vn 0.707 0.000 -0.707
vn 0.655 0.000 -0.756
vn 0.447 0.000 -0.894
vn 0.000 0.000 -1.000
vn 0.000 0.000 -1.000
vn 0.000 0.000 -1.000
vn 0.000 0.000 -1.000
vn 0.000 0.000 -1.000
vn 0.000 0.000 -1.000
vn 0.000 0.000 -1.000
vn -0.447 0.000 -0.894
vn -0.655 0.000 -0.756
vn -0.707 0.000 -0.707
vn 0.707 0.000 -0.707
vn 0.655 0.000 -0.756
vn 0.447 0.000 -0.894
vn 0.000 0.000 -1.000
vn 0.000 0.000 -1.000
vn 0.000 0.000 -1.000
vn 0.000 0.000 -1.000
vn 0.000 0.000 -1.000
vn 0.000 0.000 -1.000
vn 0.000 0.000 -1.000
vn -0.447 0.000 -0.894
vn -0.655 0.000 -0.756
vn -0.707 0.000 -0.707
vn 0.707 0.000 -0.707
vn 0.655 0.000 -0.756
vn 0.447 0.000 -0.894
vn 0.000 0.000 -1.000
vn 0.000 0.000 -1.000
vn 0.000 0.000 -1.000
vn 0.000 0.000 -1.000
vn 0.000 0.000 -1.000
vn 0.000 0.000 -1.000
vn 0.000 0.000 -1.000
vn -0.447 0.000 -0.894
vn -0.655 0.000 -0.756
vn -0.707 0.000 -0.707
vn 0.707 0.000 -0.707
vn 0.655 0.000 -0.756
vn 0.447 0.000 -0.894
vn 0.000 0.000 -1.000
vn 0.000 0.000 -1.000
vn 0.000 0.000 -1.000
vn 0.000 0.000 -1.000
vn 0.000 0.000 -1.000
vn 0.000 0.000 -1.000
vn 0.000 0.000 -1.000
vn -0.447 0.000 -0.894
vn -0.655 0.000 -0.756
vn -0.707 0.000 -0.707
vn 0.707 0.000 -0.707
vn 0.655 0.000 -0.756
vn 0.447 0.000 -0.894
vn 0.000 0.000 -1.000
vn 0.000 0.000 -1.000
vn 0.000 0.000 -1.000
vn 0.000 0.000 -1.000
vn 0.000 0.000 -1.000
vn 0.000 0.000 -1.000
vn 0.000 0.000 -1.000
vn -0.447 0.000 -0.894
vn -0.655 0.000 -0.756
vn -0.707 0.000 -0.707
vn 0.707 0.000 -0.707
vn 0.655 0.000 -0.756
vn 0.447 0.000 -0.894
vn 0.000 0.000 -1.000
vn 0.000 0.000 -1.000
vn 0.000 0.000 -1.000
vn 0.000 0.000 -1.000
vn 0.000 0.000 -1.000
vn 0.000 0.000 -1.000
vn 0.000 0.000 -1.000
vn -0.447 0.000 -0.894
vn -0.655 0.000 -0.756
vn -0.707 0.000 -0.707
vn 0.667 0.333 -0.667
vn 0.612 0.354 -0.707
vn 0.408 0.408 -0.816
vn 0.000 0.447 -0.894
vn 0.000 0.447 -0.894
vn 0.000 0.447 -0.894
vn 0.000 0.447 -0.894
vn 0.000 0.447 -0.894
vn 0.000 0.447 -0.894
vn 0.000 0.447 -0.894
vn -0.408 0.408 -0.816
vn -0.612 0.354 -0.707
vn -0.667 0.333 -0.667
vn 0.603 0.522 -0.603
vn 0.548 0.548 -0.632
vn 0.354 0.612 -0.707
vn 0.000 0.655 -0.756
vn 0.000 0.655 -0.756
vn 0.000 0.655 -0.756
vn 0.000 0.655 -0.756
vn 0.000 0.655 -0.756
vn 0.000 0.655 -0.756
vn 0.000 0.655 -0.756
vn -0.354 0.612 -0.707
vn -0.548 0.548 -0.632
vn -0.603 0.522 -0.603
vn 0.577 0.577 -0.577
vn 0.522 0.603 -0.603
vn 0.333 0.667 -0.667
vn 0.000 0.707 -0.707
vn 0.000 0.707 -0.707
vn 0.000 0.707 -0.707
vn 0.000 0.707 -0.707
vn 0.000 0.707 -0.707
vn 0.000 0.707 -0.707
vn 0.000 0.707 -0.707
vn -0.333 0.667 -0.667
vn -0.522 0.603 -0.603
vn -0.577 0.577 -0.577
vn 0.577 -0.577 0.577
vn 0.603 -0.603 0.522
vn 0.667 -0.667 0.333
vn 0.707 -0.707 0.000
vn 0.707 -0.707 0.000
vn 0.707 -0.707 0.000
vn 0.707 -0.707 0.000
vn 0.707 -0.707 0.000
vn 0.707 -0.707 0.000
vn 0.707 -0.707 -0.000
vn 0.667 -0.667 -0.333
vn 0.603 -0.603 -0.522
vn 0.577 -0.577 -0.577
vn 0.603 -0.522 0.603
vn 0.632 -0.548 0.548
vn 0.707 -0.612 0.354
vn 0.756 -0.655 0.000
vn 0.756 -0.655 0.000
vn 0.756 -0.655 0.000
vn 0.756 -0.655 0.000
vn 0.756 -0.655 0.000
vn 0.756 -0.655 0.000
vn 0.756 -0.655 -0.000
vn 0.707 -0.612 -0.354
vn 0.632 -0.548 -0.548
vn 0.603 -0.522 -0.603
vn 0.667 -0.333 0.667
vn 0.707 -0.354 0.612
vn 0.816 -0.408 0.408
vn 0.894 -0.447 0.000
vn 0.894 -0.447 0.000
vn 0.894 -0.447 0.000
vn 0.894 -0.447 0.000
vn 0.894 -0.447 0.000
vn 0.894 -0.447 0.000
vn 0.894 -0.447 -0.000
vn 0.816 -0.408 -0.408
vn 0.707 -0.354 -0.612
vn 0.667 -0.333 -0.667
vn 0.707 0.000 0.707
vn 0.756 0.000 0.655
vn 0.894 0.000 0.447
vn 1.000 0.000 0.000
vn 1.000 0.000 0.000
vn 1.000 0.000 0.000
vn 1.000 0.000 0.000
vn 1.000 0.000 0.000
vn 1.000 0.000 0.000
vn 1.000 0.000 -0.000
vn 0.894 0.000 -0.447
vn 0.756 0.000 -0.655
vn 0.707 0.000 -0.707
vn 0.707 0.000 0.707
vn 0.756 0.000 0.655
vn 0.894 0.000 0.447
vn 1.000 0.000 0.000
vn 1.000 0.000 0.000
vn 1.000 0.000 0.000
vn 1.000 0.000 0.000
vn 1.000 0.000 0.000
vn 1.000 0.000 0.000
vn 1.000 0.000 -0.000
vn 0.894 0.000 -0.447
vn 0.756 0.000 -0.655
vn 0.707 0.000 -0.707
vn 0.707 0.000 0.707
vn 0.756 0.000 0.655
vn 0.894 0.000 0.447
vn 1.000 0.000 0.000
vn 1.000 0.000 0.000
vn 1.000 0.000 0.000
vn 1.000 0.000 0.000
vn 1.000 0.000 0.000
vn 1.000 0.000 0.000
vn 1.000 0.000 -0.000
vn 0.894 0.000 -0.447
vn 0.756 0.000 -0.655
vn 0.707 0.000 -0.707
vn 0.707 0.000 0.707
vn 0.756 0.000 0.655
vn 0.894 0.000 0.447
vn 1.000 0.000 0.000
vn 1.000 0.000 0.000
vn 1.000 0.000 0.000
vn 1.000 0.000 0.000
vn 1.000 0.000 0.000
vn 1.000 0.000 0.000
vn 1.000 0.000 -0.000
vn 0.894 0.000 -0.447
vn 0.756 0.000 -0.655
vn 0.707 0.000 -0.707
vn 0.707 0.000 0.707
vn 0.756 0.000 0.655
vn 0.894 0.000 0.447
vn 1.000 0.000 0.000
vn 1.000 0.000 0.000
vn 1.000 0.000 0.000
vn 1.000 0.000 0.000
vn 1.000 0.000 0.000
vn 1.000 0.000 0.000
vn 1.000 0.000 -0.000
vn 0.894 0.000 -0.447
vn 0.756 0.000 -0.655
vn 0.707 0.000 -0.707
vn 0.707 0.000 0.707
vn 0.756 0.000 0.655
vn 0.894 0.000 0.447
vn 1.000 0.000 0.000
vn 1.000 0.000 0.000
vn 1.000 0.000 0.000
vn 1.000 0.000 0.000
vn 1.000 0.000 0.000
vn 1.000 0.000 0.000
vn 1.000 0.000 -0.000
vn 0.894 0.000 -0.447
vn 0.756 0.000 -0.655
vn 0.707 0.000 -0.707
vn 0.707 0.000 0.707
vn 0.756 0.000 0.655
vn 0.894 0.000 0.447
vn 1.000 0.000 0.000
vn 1.000 0.000 0.000
vn 1.000 0.000 0.000
vn 1.000 0.000 0.000
vn 1.000 0.000 0.000
vn 1.000 0.000 0.000
vn 1.000 0.000 -0.000
vn 0.894 0.000 -0.447
vn 0.756 0.000 -0.655
vn 0.707 0.000 -0.707
vn 0.667 0.333 0.667
vn 0.707 0.354 0.612
vn 0.816 0.408 0.408
vn 0.894 0.447 0.000
vn 0.894 0.447 0.000
vn 0.894 0.447 0.000
vn 0.894 0.447 0.000
vn 0.894 0.447 0.000
vn 0.894 0.447 0.000
vn 0.894 0.447 -0.000
vn 0.816 0.408 -0.408
vn 0.707 0.354 -0.612
vn 0.667 0.333 -0.667
vn 0.603 0.522 0.603
vn 0.632 0.548 0.548
vn 0.707 0.612 0.354
vn 0.756 0.655 0.000
vn 0.756 0.655 0.000
vn 0.756 0.655 0.000
vn 0.756 0.655 0.000
vn 0.756 0.655 0.000
vn 0.756 0.655 0.000
vn 0.756 0.655 -0.000
vn 0.707 0.612 -0.354
vn 0.632 0.548 -0.548
vn 0.603 0.522 -0.603
vn 0.577 0.577 0.577
vn 0.603 0.603 0.522
vn 0.667 0.667 0.333
vn 0.707 0.707 0.000
vn 0.707 0.707 0.000
vn 0.707 0.707 0.000
vn 0.707 0.707 0.000
vn 0.707 0.707 0.000
vn 0.707 0.707 0.000
vn 0.707 0.707 -0.000
vn 0.667 0.667 -0.333
vn 0.603 0.603 -0.522
vn 0.577 0.577 -0.577
vn -0.577 -0.577 -0.577
vn -0.603 -0.603 -0.522
vn -0.667 -0.667 -0.333
vn -0.707 -0.707 0.000
vn -0.707 -0.707 0.000
vn -0.707 -0.707 0.000
vn -0.707 -0.707 0.000
vn -0.707 -0.707 0.000
vn -0.707 -0.707 0.000
vn -0.707 -0.707 0.000
vn -0.667 -0.667 0.333
vn -0.603 -0.603 0.522
vn -0.577 -0.577 0.577
vn -0.603 -0.522 -0.603
vn -0.632 -0.548 -0.548
vn -0.707 -0.612 -0.354
vn -0.756 -0.655 0.000
vn -0.756 -0.655 0.000
vn -0.756 -0.655 0.000
vn -0.756 -0.655 0.000
vn -0.756 -0.655 0.000
vn -0.756 -0.655 0.000
vn -0.756 -0.655 0.000
vn -0.707 -0.612 0.354
vn -0.632 -0.548 0.548
vn -0.603 -0.522 0.603
vn -0.667 -0.333 -0.667
vn -0.707 -0.354 -0.612
vn -0.816 -0.408 -0.408
vn -0.894 -0.447 0.000
vn -0.894 -0.447 0.000
vn -0.894 -0.447 0.000
vn -0.894 -0.447 0.000
vn -0.894 -0.447 0.000
vn -0.894 -0.447 0.000
vn -0.894 -0.447 0.000
vn -0.816 -0.408 0.408
vn -0.707 -0.354 0.612
vn -0.667 -0.333 0.667
vn -0.707 0.000 -0.707
vn -0.756 0.000 -0.655
vn -0.894 0.000 -0.447
vn -1.000 0.000 0.000
vn -1.000 0.000 0.000
vn -1.000 0.000 0.000
vn -1.000 0.000 0.000
vn -1.000 0.000 0.000
vn -1.000 0.000 0.000
vn -1.000 0.000 0.000
vn -0.894 0.000 0.447
vn -0.756 0.000 0.655
vn -0.707 0.000 0.707
vn -0.707 0.000 -0.707
vn -0.756 0.000 -0.655
vn -0.894 0.000 -0.447
vn -1.000 0.000 0.000
vn -1.000 0.000 0.000
vn -1.000 0.000 0.000
vn -1.000 0.000 0.000
vn -1.000 0.000 0.000
vn -1.000 0.000 0.000
vn -1.000 0.000 0.000
vn -0.894 0.000 0.447
vn -0.756 0.000 0.655
vn -0.707 0.000 0.707
vn -0.707 0.000 -0.707
vn -0.756 0.000 -0.655
vn -0.894 0.000 -0.447
vn -1.000 0.000 0.000
vn -1.000 0.000 0.000
vn -1.000 0.000 0.000
vn -1.000 0.000 0.000
vn -1.000 0.000 0.000
vn -1.000 0.000 0.000
vn -1.000 0.000 0.000
vn -0.894 0.000 0.447
vn -0.756 0.000 0.655
vn -0.707 0.000 0.707
vn -0.707 0.000 -0.707
vn -0.756 0.000 -0.655
vn -0.894 0.000 -0.447
vn -1.000 0.000 0.000
vn -1.000 0.000 0.000
vn -1.000 0.000 0.000
vn -1.000 0.000 0.000
vn -1.000 0.000 0.000
vn -1.000 0.000 0.000
vn -1.000 0.000 0.000
vn -0.894 0.000 0.447
vn -0.756 0.000 0.655
vn -0.707 0.000 0.707
vn -0.707 0.000 -0.707
vn -0.756 0.000 -0.655
vn -0.894 0.000 -0.447
vn -1.000 0.000 0.000
vn -1.000 0.000 0.000
vn -1.000 0.000 0.000
vn -1.000 0.000 0.000
vn -1.000 0.000 0.000
vn -1.000 0.000 0.000
vn -1.000 0.000 0.000
vn -0.894 0.000 0.447
vn -0.756 0.000 0.655
vn -0.707 0.000 0.707
vn -0.707 0.000 -0.707
vn -0.756 0.000 -0.655
vn -0.894 0.000 -0.447
vn -1.000 0.000 0.000
vn -1.000 0.000 0.000
vn -1.000 0.000 0.000
vn -1.000 0.000 0.000
vn -1.000 0.000 0.000
vn -1.000 0.000 0.000
vn -1.000 0.000 0.000
vn -0.894 0.000 0.447
vn -0.756 0.000 0.655
vn -0.707 0.000 0.707
vn -0.707 0.000 -0.707
vn -0.756 0.000 -0.655
vn -0.894 0.000 -0.447
vn -1.000 0.000 0.000
vn -1.000 0.000 0.000
vn -1.000 0.000 0.000
vn -1.000 0.000 0.000
vn -1.000 0.000 0.000
vn -1.000 0.000 0.000
vn -1.000 0.000 0.000
vn -0.894 0.000 0.447
vn -0.756 0.000 0.655
vn -0.707 0.000 0.707
vn -0.667 0.333 -0.667
vn -0.707 0.354 -0.612
vn -0.816 0.408 -0.408
vn -0.894 0.447 0.000
vn -0.894 0.447 0.000
vn -0.894 0.447 0.000
vn -0.894 0.447 0.000
vn -0.894 0.447 0.000
vn -0.894 0.447 0.000
vn -0.894 0.447 0.000
vn -0.816 0.408 0.408
vn -0.707 0.354 0.612
vn -0.667 0.333 0.667
vn -0.603 0.522 -0.603
vn -0.632 0.548 -0.548
vn -0.707 0.612 -0.354
vn -0.756 0.655 0.000
vn -0.756 0.655 0.000
vn -0.756 0.655 0.000
vn -0.756 0.655 0.000
vn -0.756 0.655 0.000
vn -0.756 0.655 0.000
vn -0.756 0.655 0.000
vn -0.707 0.612 0.354
vn -0.632 0.548 0.548
vn -0.603 0.522 0.603
vn -0.577 0.577 -0.577
vn -0.603 0.603 -0.522
vn -0.667 0.667 -0.333
vn -0.707 0.707 0.000
vn -0.707 0.707 0.000
vn -0.707 0.707 0.000
vn -0.707 0.707 0.000
vn -0.707 0.707 0.000
vn -0.707 0.707 0.000
vn -0.707 0.707 0.000
vn -0.667 0.667 0.333
vn -0.603 0.603 0.522
vn -0.577 0.577 0.577
vn -0.577 0.577 0.577
vn -0.522 0.603 0.603
vn -0.333 0.667 0.667
vn 0.000 0.707 0.707
vn 0.000 0.707 0.707
vn 0.000 0.707 0.707
vn 0.000 0.707 0.707
vn 0.000 0.707 0.707
vn 0.000 0.707 0.707
vn 0.000 0.707 0.707
vn 0.333 0.667 0.667
vn 0.522 0.603 0.603
vn 0.577 0.577 0.577
vn -0.603 0.603 0.522
vn -0.548 0.632 0.548
vn -0.354 0.707 0.612
vn 0.000 0.756 0.655
vn 0.000 0.756 0.655
vn 0.000 0.756 0.655
vn 0.000 0.756 0.655
vn 0.000 0.756 0.655
vn 0.000 0.756 0.655
vn 0.000 0.756 0.655
vn 0.354 0.707 0.612
vn 0.548 0.632 0.548
vn 0.603 0.603 0.522
vn -0.667 0.667 0.333
vn -0.612 0.707 0.354
vn -0.408 0.816 0.408
vn 0.000 0.894 0.447
vn 0.000 0.894 0.447
vn 0.000 0.894 0.447
vn 0.000 0.894 0.447
vn 0.000 0.894 0.447
vn 0.000 0.894 0.447
vn 0.000 0.894 0.447
vn 0.408 0.816 0.408
vn 0.612 0.707 0.354
vn 0.667 0.667 0.333
vn -0.707 0.707 0.000
vn -0.655 0.756 0.000
vn -0.447 0.894 0.000
vn 0.000 1.000 0.000
vn 0.000 1.000 0.000
vn 0.000 1.000 0.000
vn 0.000 1.000 0.000
vn 0.000 1.000 0.000
vn 0.000 1.000 0.000
vn 0.000 1.000 0.000
vn 0.447 0.894 0.000
vn 0.655 0.756 0.000
vn 0.707 0.707 0.000
vn -0.707 0.707 0.000
vn -0.655 0.756 0.000
vn -0.447 0.894 0.000
vn 0.000 1.000 0.000
vn 0.000 1.000 0.000
vn 0.000 1.000 0.000
vn 0.000 1.000 0.000
vn 0.000 1.000 0.000
vn 0.000 1.000 0.000
vn 0.000 1.000 0.000
vn 0.447 0.894 0.000
vn 0.655 0.756 0.000
vn 0.707 0.707 0.000
vn -0.707 0.707 0.000
vn -0.655 0.756 0.000
vn -0.447 0.894 0.000
vn 0.000 1.000 0.000
vn 0.000 1.000 0.000
vn 0.000 1.000 0.000
vn 0.000 1.000 0.000
vn 0.000 1.000 0.000
vn 0.000 1.000 0.000
vn 0.000 1.000 0.000
vn 0.447 0.894 0.000
vn 0.655 0.756 0.000
vn 0.707 0.707 0.000
vn -0.707 0.707 0.000
vn -0.655 0.756 0.000
vn -0.447 0.894 0.000
vn 0.000 1.000 0.000
vn 0.000 1.000 0.000
vn 0.000 1.000 0.000
vn 0.000 1.000 0.000
vn 0.000 1.000 0.000
vn 0.000 1.000 0.000
vn 0.000 1.000 0.000
vn 0.447 0.894 0.000
vn 0.655 0.756 0.000
vn 0.707 0.707 0.000
vn -0.707 0.707 0.000
vn -0.655 0.756 0.000
vn -0.447 0.894 0.000
vn 0.000 1.000 0.000
vn 0.000 1.000 0.000
vn 0.000 1.000 0.000
vn 0.000 1.000 0.000
vn 0.000 1.000 0.000
vn 0.000 1.000 0.000
vn 0.000 1.000 0.000
vn 0.447 0.894 0.000
vn 0.655 0.756 0.000
vn 0.707 0.707 0.000
vn -0.707 0.707 0.000
vn -0.655 0.756 0.000
vn -0.447 0.894 0.000
vn 0.000 1.000 0.000
vn 0.000 1.000 0.000
vn 0.000 1.000 0.000
vn 0.000 1.000 0.000
vn 0.000 1.000 0.000
vn 0.000 1.000 0.000
vn 0.000 1.000 0.000
vn 0.447 0.894 0.000
vn 0.655 0.756 0.000
vn 0.707 0.707 0.000
vn -0.707 0.707 -0.000
vn -0.655 0.756 -0.000
vn -0.447 0.894 -0.000
vn 0.000 1.000 -0.000
vn 0.000 1.000 -0.000
vn 0.000 1.000 -0.000
vn 0.000 1.000 -0.000
vn 0.000 1.000 -0.000
vn 0.000 1.000 -0.000
vn 0.000 1.000 -0.000
vn 0.447 0.894 -0.000
vn 0.655 0.756 -0.000
vn 0.707 0.707 -0.000
vn -0.667 0.667 -0.333
vn -0.612 0.707 -0.354
vn -0.408 0.816 -0.408
vn 0.000 0.894 -0.447
vn 0.000 0.894 -0.447
vn 0.000 0.894 -0.447
vn 0.000 0.894 -0.447
vn 0.000 0.894 -0.447
vn 0.000 0.894 -0.447
vn 0.000 0.894 -0.447
vn 0.408 0.816 -0.408
vn 0.612 0.707 -0.354
vn 0.667 0.667 -0.333
vn -0.603 0.603 -0.522
vn -0.548 0.632 -0.548
vn -0.354 0.707 -0.612
vn 0.000 0.756 -0.655
vn 0.000 0.756 -0.655
vn 0.000 0.756 -0.655
vn 0.000 0.756 -0.655
vn 0.000 0.756 -0.655
vn 0.000 0.756 -0.655
vn 0.000 0.756 -0.655
vn 0.354 0.707 -0.612
vn 0.548 0.632 -0.548
vn 0.603 0.603 -0.522
vn -0.577 0.577 -0.577
vn -0.522 0.603 -0.603
vn -0.333 0.667 -0.667
vn 0.000 0.707 -0.707
vn 0.000 0.707 -0.707
vn 0.000 0.707 -0.707
vn 0.000 0.707 -0.707
vn 0.000 0.707 -0.707
vn 0.000 0.707 -0.707
vn 0.000 0.707 -0.707
vn 0.333 0.667 -0.667
vn 0.522 0.603 -0.603
vn 0.577 0.577 -0.577
vn -0.577 -0.577 -0.577
vn -0.522 -0.603 -0.603
vn -0.333 -0.667 -0.667
vn 0.000 -0.707 -0.707
vn 0.000 -0.707 -0.707
vn 0.000 -0.707 -0.707
vn 0.000 -0.707 -0.707
vn 0.000 -0.707 -0.707
vn 0.000 -0.707 -0.707
vn 0.000 -0.707 -0.707
vn 0.333 -0.667 -0.667
vn 0.522 -0.603 -0.603
vn 0.577 -0.577 -0.577
vn -0.603 -0.603 -0.522
vn -0.548 -0.632 -0.548
vn -0.354 -0.707 -0.612
vn 0.000 -0.756 -0.655
vn 0.000 -0.756 -0.655
vn 0.000 -0.756 -0.655
vn 0.000 -0.756 -0.655
vn 0.000 -0.756 -0.655
vn 0.000 -0.756 -0.655
vn 0.000 -0.756 -0.655
vn 0.354 -0.707 -0.612
vn 0.548 -0.632 -0.548
vn 0.603 -0.603 -0.522
vn -0.667 -0.667 -0.333
vn -0.612 -0.707 -0.354
vn -0.408 -0.816 -0.408
vn 0.000 -0.894 -0.447
vn 0.000 -0.894 -0.447
vn 0.000 -0.894 -0.447
vn 0.000 -0.894 -0.447
vn 0.000 -0.894 -0.447
vn 0.000 -0.894 -0.447
vn 0.000 -0.894 -0.447
vn 0.408 -0.816 -0.408
vn 0.612 -0.707 -0.354
vn 0.667 -0.667 -0.333
vn -0.707 -0.707 0.000
vn -0.655 -0.756 0.000
vn -0.447 -0.894 0.000
vn 0.000 -1.000 0.000
vn 0.000 -1.000 0.000
vn 0.000 -1.000 0.000
vn 0.000 -1.000 0.000
vn 0.000 -1.000 0.000
vn 0.000 -1.000 0.000
vn 0.000 -1.000 0.000
vn 0.447 -0.894 0.000
vn 0.655 -0.756 0.000
vn 0.707 -0.707 0.000
vn -0.707 -0.707 0.000
vn -0.655 -0.756 0.000
vn -0.447 -0.894 0.000
vn 0.000 -1.000 0.000
vn 0.000 -1.000 0.000
vn 0.000 -1.000 0.000
vn 0.000 -1.000 0.000
vn 0.000 -1.000 0.000
vn 0.000 -1.000 0.000
vn 0.000 -1.000 0.000
vn 0.447 -0.894 0.000
vn 0.655 -0.756 0.000
vn 0.707 -0.707 0.000
vn -0.707 -0.707 0.000
vn -0.655 -0.756 0.000
vn -0.447 -0.894 0.000
vn 0.000 -1.000 0.000
vn 0.000 -1.000 0.000
vn 0.000 -1.000 0.000
vn 0.000 -1.000 0.000
vn 0.000 -1.000 0.000
vn 0.000 -1.000 0.000
vn 0.000 -1.000 0.000
vn 0.447 -0.894 0.000
vn 0.655 -0.756 0.000
vn 0.707 -0.707 0.000
vn -0.707 -0.707 0.000
vn -0.655 -0.756 0.000
vn -0.447 -0.894 0.000
vn 0.000 -1.000 0.000
vn 0.000 -1.000 0.000
vn 0.000 -1.000 0.000
vn 0.000 -1.000 0.000
vn 0.000 -1.000 0.000
vn 0.000 -1.000 0.000
vn 0.000 -1.000 0.000
vn 0.447 -0.894 0.000
vn 0.655 -0.756 0.000
vn 0.707 -0.707 0.000
vn -0.707 -0.707 0.000
vn -0.655 -0.756 0.000
vn -0.447 -0.894 0.000
vn 0.000 -1.000 0.000
vn 0.000 -1.000 0.000
vn 0.000 -1.000 0.000
vn 0.000 -1.000 0.000
vn 0.000 -1.000 0.000
vn 0.000 -1.000 0.000
vn 0.000 -1.000 0.000
vn 0.447 -0.894 0.000
vn 0.655 -0.756 0.000
vn 0.707 -0.707 0.000
vn -0.707 -0.707 0.000
vn -0.655 -0.756 0.000
vn -0.447 -0.894 0.000
vn 0.000 -1.000 0.000
vn 0.000 -1.000 0.000
vn 0.000 -1.000 0.000
vn 0.000 -1.000 0.000
vn 0.000 -1.000 0.000
vn 0.000 -1.000 0.000
vn 0.000 -1.000 0.000
vn 0.447 -0.894 0.000
vn 0.655 -0.756 0.000
vn 0.707 -0.707 0.000
vn -0.707 -0.707 0.000
vn -0.655 -0.756 0.000
vn -0.447 -0.894 0.000
vn 0.000 -1.000 0.000
vn 0.000 -1.000 0.000
vn 0.000 -1.000 0.000
vn 0.000 -1.000 0.000
vn 0.000 -1.000 0.000
vn 0.000 -1.000 0.000
vn 0.000 -1.000 0.000
vn 0.447 -0.894 0.000
vn 0.655 -0.756 0.000
vn 0.707 -0.707 0.000
vn -0.667 -0.667 0.333
vn -0.612 -0.707 0.354
vn -0.408 -0.816 0.408
vn 0.000 -0.894 0.447
vn 0.000 -0.894 0.447
vn 0.000 -0.894 0.447
vn 0.000 -0.894 0.447
vn 0.000 -0.894 0.447
vn 0.000 -0.894 0.447
vn 0.000 -0.894 0.447
vn 0.408 -0.816 0.408
vn 0.612 -0.707 0.354
vn 0.667 -0.667 0.333
vn -0.603 -0.603 0.522
vn -0.548 -0.632 0.548
vn -0.354 -0.707 0.612
vn 0.000 -0.756 0.655
vn 0.000 -0.756 0.655
vn 0.000 -0.756 0.655
vn 0.000 -0.756 0.655
vn 0.000 -0.756 0.655
vn 0.000 -0.756 0.655
vn 0.000 -0.756 0.655
vn 0.354 -0.707 0.612
vn 0.548 -0.632 0.548
vn 0.603 -0.603 0.522
vn -0.577 -0.577 0.577
vn -0.522 -0.603 0.603
vn -0.333 -0.667 0.667
vn 0.000 -0.707 0.707
vn 0.000 -0.707 0.707
vn 0.000 -0.707 0.707
vn 0.000 -0.707 0.707
vn 0.000 -0.707 0.707
vn 0.000 -0.707 0.707
vn 0.000 -0.707 0.707
vn 0.333 -0.667 0.667
vn 0.522 -0.603 0.603
vn 0.577 -0.577 0.577
vn -0.577 -0.577 0.577
vn -0.522 -0.603 0.603
vn -0.333 -0.667 0.667
vn 0.000 -0.707 0.707
vn 0.000 -0.707 0.707
vn 0.000 -0.707 0.707
vn 0.000 -0.707 0.707
vn 0.000 -0.707 0.707
vn 0.000 -0.707 0.707
vn 0.000 -0.707 0.707
vn 0.333 -0.667 0.667
vn 0.522 -0.603 0.603
vn 0.577 -0.577 0.577
vn -0.603 -0.522 0.603
vn -0.548 -0.548 0.632
vn -0.354 -0.612 0.707
vn 0.000 -0.655 0.756
vn 0.000 -0.655 0.756
vn 0.000 -0.655 0.756
vn 0.000 -0.655 0.756
vn 0.000 -0.655 0.756
vn 0.000 -0.655 0.756
vn 0.000 -0.655 0.756
vn 0.354 -0.612 0.707
vn 0.548 -0.548 0.632
vn 0.603 -0.522 0.603
vn -0.667 -0.333 0.667
vn -0.612 -0.354 0.707
vn -0.408 -0.408 0.816
vn 0.000 -0.447 0.894
vn 0.000 -0.447 0.894
vn 0.000 -0.447 0.894
vn 0.000 -0.447 0.894
vn 0.000 -0.447 0.894
vn 0.000 -0.447 0.894
vn 0.000 -0.447 0.894
vn 0.408 -0.408 0.816
vn 0.612 -0.354 0.707
vn 0.667 -0.333 0.667
vn -0.707 0.000 0.707
vn -0.655 0.000 0.756
vn -0.447 0.000 0.894
vn 0.000 0.000 1.000
vn 0.000 0.000 1.000
vn 0.000 0.000 1.000
vn 0.000 0.000 1.000
vn 0.000 0.000 1.000
vn 0.000 0.000 1.000
vn 0.000 0.000 1.000
vn 0.447 0.000 0.894
vn 0.655 0.000 0.756
vn 0.707 0.000 0.707
vn -0.707 0.000 0.707
vn -0.655 0.000 0.756
vn -0.447 0.000 0.894
vn 0.000 0.000 1.000
vn 0.000 0.000 1.000
vn 0.000 0.000 1.000
vn 0.000 0.000 1.000
vn 0.000 0.000 1.000
vn 0.000 0.000 1.000
vn 0.000 0.000 1.000
vn 0.447 0.000 0.894
vn 0.655 0.000 0.756
vn 0.707 0.000 0.707
vn -0.707 0.000 0.707
vn -0.655 0.000 0.756
vn -0.447 0.000 0.894
vn 0.000 0.000 1.000
vn 0.000 0.000 1.000
vn 0.000 0.000 1.000
vn 0.000 0.000 1.000
vn 0.000 0.000 1.000
vn 0.000 0.000 1.000
vn 0.000 0.000 1.000
vn 0.447 0.000 0.894
vn 0.655 0.000 0.756
vn 0.707 0.000 0.707
vn -0.707 0.000 0.707
vn -0.655 0.000 0.756
vn -0.447 0.000 0.894
vn 0.000 0.000 1.000
vn 0.000 0.000 1.000
vn 0.000 0.000 1.000
vn 0.000 0.000 1.000
vn 0.000 0.000 1.000
vn 0.000 0.000 1.000
vn 0.000 0.000 1.000
vn 0.447 0.000 0.894
vn 0.655 0.000 0.756
vn 0.707 0.000 0.707
vn -0.707 0.000 0.707
vn -0.655 0.000 0.756
vn -0.447 0.000 0.894
vn 0.000 0.000 1.000
vn 0.000 0.000 1.000
vn 0.000 0.000 1.000
vn 0.000 0.000 1.000
vn 0.000 0.000 1.000
vn 0.000 0.000 1.000
vn 0.000 0.000 1.000
vn 0.447 0.000 0.894
vn 0.655 0.000 0.756
vn 0.707 0.000 0.707
vn -0.707 0.000 0.707
vn -0.655 0.000 0.756
vn -0.447 0.000 0.894
vn 0.000 0.000 1.000
vn 0.000 0.000 1.000
vn 0.000 0.000 1.000
vn 0.000 0.000 1.000
vn 0.000 0.000 1.000
vn 0.000 0.000 1.000
vn 0.000 0.000 1.000
vn 0.447 0.000 0.894
vn 0.655 0.000 0.756
vn 0.707 0.000 0.707
vn -0.707 0.000 0.707
vn -0.655 0.000 0.756
vn -0.447 0.000 0.894
vn 0.000 0.000 1.000
vn 0.000 0.000 1.000
vn 0.000 0.000 1.000
vn 0.000 0.000 1.000
vn 0.000 0.000 1.000
vn 0.000 0.000 1.000
vn 0.000 0.000 1.000
vn 0.447 0.000 0.894
vn 0.655 0.000 0.756
vn 0.707 0.000 0.707
vn -0.667 0.333 0.667
vn -0.612 0.354 0.707
vn -0.408 0.408 0.816
vn 0.000 0.447 0.894
vn 0.000 0.447 0.894
vn 0.000 0.447 0.894
vn 0.000 0.447 0.894
vn 0.000 0.447 0.894
vn 0.000 0.447 0.894
vn 0.000 0.447 0.894
vn 0.408 0.408 0.816
vn 0.612 0.354 0.707
vn 0.667 0.333 0.667
vn -0.603 0.522 0.603
vn -0.548 0.548 0.632
vn -0.354 0.612 0.707
vn 0.000 0.655 0.756
vn 0.000 0.655 0.756
vn 0.000 0.655 0.756
vn 0.000 0.655 0.756
vn 0.000 0.655 0.756
vn 0.000 0.655 0.756
vn 0.000 0.655 0.756
vn 0.354 0.612 0.707
vn 0.548 0.548 0.632
vn 0.603 0.522 0.603
vn -0.577 0.577 0.577
vn -0.522 0.603 0.603
vn -0.333 0.667 0.667
vn 0.000 0.707 0.707
vn 0.000 0.707 0.707
vn 0.000 0.707 0.707
vn 0.000 0.707 0.707
vn 0.000 0.707 0.707
vn 0.000 0.707 0.707
vn 0.000 0.707 0.707
vn 0.333 0.667 0.667
vn 0.522 0.603 0.603
vn 0.577 0.577 0.577
vn 0.577 -0.577 -0.577
vn 0.522 -0.603 -0.603
vn 0.333 -0.667 -0.667
vn 0.000 -0.707 -0.707
vn 0.000 -0.707 -0.707
vn 0.000 -0.707 -0.707
vn 0.000 -0.707 -0.707
vn 0.000 -0.707 -0.707
vn 0.000 -0.707 -0.707
vn 0.000 -0.707 -0.707
vn -0.333 -0.667 -0.667
vn -0.522 -0.603 -0.603
vn -0.577 -0.577 -0.577
vn 0.603 -0.522 -0.603
vn 0.548 -0.548 -0.632
vn 0.354 -0.612 -0.707
vn 0.000 -0.655 -0.756
vn 0.000 -0.655 -0.756
vn 0.000 -0.655 -0.756
vn 0.000 -0.655 -0.756
vn 0.000 -0.655 -0.756
vn 0.000 -0.655 -0.756
vn 0.000 -0.655 -0.756
vn -0.354 -0.612 -0.707
vn -0.548 -0.548 -0.632
vn -0.603 -0.522 -0.603
vn 0.667 -0.333 -0.667
vn 0.612 -0.354 -0.707
vn 0.408 -0.408 -0.816
vn 0.000 -0.447 -0.894
vn 0.000 -0.447 -0.894
vn 0.000 -0.447 -0.894
vn 0.000 -0.447 -0.894
vn 0.000 -0.447 -0.894
vn 0.000 -0.447 -0.894
vn 0.000 -0.447 -0.894
vn -0.408 -0.408 -0.816
vn -0.612 -0.354 -0.707
vn -0.667 -0.333 -0.667
vn 0.707 0.000 -0.707
vn 0.655 0.000 -0.756
vn 0.447 0.000 -0.894
vn 0.000 0.000 -1.000
vn 0.000 0.000 -1.000
vn 0.000 0.000 -1.000
vn 0.000 0.000 -1.000
vn 0.000 0.000 -1.000
vn 0.000 0.000 -1.000
vn 0.000 0.000 -1.000
vn -0.447 0.000 -0.894
vn -0.655 0.000 -0.756
vn -0.707 0.000 -0.707
vn 0.707 0.000 -0.707
vn 0.655 0.000 -0.756
vn 0.447 0.000 -0.894
vn 0.000 0.000 -1.000
vn 0.000 0.000 -1.000
vn 0.000 0.000 -1.000
vn 0.000 0.000 -1.000
vn 0.000 0.000 -1.000
vn 0.000 0.000 -1.000
vn 0.000 0.000 -1.000
vn -0.447 0.000 -0.894
vn -0.655 0.000 -0.756
vn -0.707 0.000 -0.707
vn 0.707 0.000 -0.707
vn 0.655 0.000 -0.756
vn 0.447 0.000 -0.894
vn 0.000 0.000 -1.000
vn 0.000 0.000 -1.000
vn 0.000 0.000 -1.000
vn 0.000 0.000 -1.000
vn 0.000 0.000 -1.000
vn 0.000 0.000 -1.000
vn 0.000 0.000 -1.000
vn -0.447 0.000 -0.894
vn -0.655 0.000 -0.756
vn -0.707 0.000 -0.707
vn 0.707 0.000 -0.707
vn 0.655 0.000 -0.756
vn 0.447 0.000 -0.894
vn 0.000 0.000 -1.000
vn 0.000 0.000 -1.000
vn 0.000 0.000 -1.000
vn 0.000 0.000 -1.000
vn 0.000 0.000 -1.000
vn 0.000 0.000 -1.000
vn 0.000 0.000 -1.000
vn -0.447 0.000 -0.894
vn -0.655 0.000 -0.756
vn -0.707 0.000 -0.707
vn 0.707 0.000 -0.707
vn 0.655 0.000 -0.756
vn 0.447 0.000 -0.894
vn 0.000 0.000 -1.000
vn 0.000 0.000 -1.000
vn 0.000 0.000 -1.000
vn 0.000 0.000 -1.000
vn 0.000 0.000 -1.000
vn 0.000 0.000 -1.000
vn 0.000 0.000 -1.000
vn -0.447 0.000 -0.894
vn -0.655 0.000 -0.756
vn -0.707 0.000 -0.707
vn 0.707 0.000 -0.707
vn 0.655 0.000 -0.756
vn 0.447 0.000 -0.894
vn 0.000 0.000 -1.000
vn 0.000 0.000 -1.000
vn 0.000 0.000 -1.000
vn 0.000 0.000 -1.000
vn 0.000 0.000 -1.000
vn 0.000 0.000 -1.000
vn 0.000 0.000 -1.000
vn -0.447 0.000 -0.894
vn -0.655 0.000 -0.756
vn -0.707 0.000 -0.707
vn 0.707 0.000 -0.707
vn 0.655 0.000 -0.756
vn 0.447 0.000 -0.894
vn 0.000 0.000 -1.000
vn 0.000 0.000 -1.000
vn 0.000 0.000 -1.000
vn 0.000 0.000 -1.000
vn 0.000 0.000 -1.000
vn 0.000 0.000 -1.000
vn 0.000 0.000 -1.000
vn -0.447 0.000 -0.894
vn -0.655 0.000 -0.756
vn -0.707 0.000 -0.707
vn 0.667 0.333 -0.667
vn 0.612 0.354 -0.707
vn 0.408 0.408 -0.816
vn 0.000 0.447 -0.894
vn 0.000 0.447 -0.894
vn 0.000 0.447 -0.894
vn 0.000 0.447 -0.894
vn 0.000 0.447 -0.894
vn 0.000 0.447 -0.894
vn 0.000 0.447 -0.894
vn -0.408 0.408 -0.816
vn -0.612 0.354 -0.707
vn -0.667 0.333 -0.667
vn 0.603 0.522 -0.603
vn 0.548 0.548 -0.632
vn 0.354 0.612 -0.707
vn 0.000 0.655 -0.756
vn 0.000 0.655 -0.756
vn 0.000 0.655 -0.756
vn 0.000 0.655 -0.756
vn 0.000 0.655 -0.756
vn 0.000 0.655 -0.756
vn 0.000 0.655 -0.756
vn -0.354 0.612 -0.707
vn -0.548 0.548 -0.632
vn -0.603 0.522 -0.603
vn 0.577 0.577 -0.577
vn 0.522 0.603 -0.603
vn 0.333 0.667 -0.667
vn 0.000 0.707 -0.707
vn 0.000 0.707 -0.707
vn 0.000 0.707 -0.707
vn 0.000 0.707 -0.707
vn 0.000 0.707 -0.707
vn 0.000 0.707 -0.707
vn 0.000 0.707 -0.707
vn -0.333 0.667 -0.667
vn -0.522 0.603 -0.603
vn -0.577 0.577 -0.577
usemtl vinyl
f 1/1/1 2/2/2 15/15/15
f 1/1/1 15/15/15 14/14/14
f 2/2/2 3/3/3 16/16/16
f 2/2/2 16/16/16 15/15/15
f 3/3/3 4/4/4 17/17/17
f 3/3/3 17/17/17 16/16/16
f 4/4/4 5/5/5 18/18/18
f 4/4/4 18/18/18 17/17/17
f 5/5/5 6/6/6 19/19/19
f 5/5/5 19/19/19 18/18/18
f 6/6/6 7/7/7 20/20/20
f 6/6/6 20/20/20 19/19/19
f 7/7/7 8/8/8 21/21/21
f 7/7/7 21/21/21 20/20/20
f 8/8/8 9/9/9 22/22/22
f 8/8/8 22/22/22 21/21/21
f 9/9/9 10/10/10 23/23/23
f 9/9/9 23/23/23 22/22/22
f 10/10/10 11/11/11 24/24/24
f 10/10/10 24/24/24 23/23/23
f 11/11/11 12/12/12 25/25/25
f 11/11/11 25/25/25 24/24/24
f 12/12/12 13/13/13 26/26/26
f 12/12/12 26/26/26 25/25/25
f 14/14/14 15/15/15 28/28/28
f 14/14/14 28/28/28 27/27/27
f 15/15/15 16/16/16 29/29/29
f 15/15/15 29/29/29 28/28/28
f 16/16/16 17/17/17 30/30/30
f 16/16/16 30/30/30 29/29/29
f 17/17/17 18/18/18 31/31/31
f 17/17/17 31/31/31 30/30/30
f 18/18/18 19/19/19 32/32/32
f 18/18/18 32/32/32 31/31/31
f 19/19/19 20/20/20 33/33/33
f 19/19/19 33/33/33 32/32/32
f 20/20/20 21/21/21 34/34/34
f 20/20/20 34/34/34 33/33/33
f 21/21/21 22/22/22 35/35/35
f 21/21/21 35/35/35 34/34/34
f 22/22/22 23/23/23 36/36/36
f 22/22/22 36/36/36 35/35/35
f 23/23/23 24/24/24 37/37/37
f 23/23/23 37/37/37 36/36/36
f 24/24/24 25/25/25 38/38/38
f 24/24/24 38/38/38 37/37/37
f 25/25/25 26/26/26 39/39/39
f 25/25/25 39/39/39 38/38/38
f 27/27/27 28/28/28 41/41/41
f 27/27/27 41/41/41 40/40/40
f 28/28/28 29/29/29 42/42/42
f 28/28/28 42/42/42 41/41/41
f 29/29/29 30/30/30 43/43/43
f 29/29/29 43/43/43 42/42/42
f 30/30/30 31/31/31 44/44/44
f 30/30/30 44/44/44 43/43/43
f 31/31/31 32/32/32 45/45/45
f 31/31/31 45/45/45 44/44/44
f 32/32/32 33/33/33 46/46/46
f 32/32/32 46/46/46 45/45/45
f 33/33/33 34/34/34 47/47/47
f 33/33/33 47/47/47 46/46/46
f 34/34/34 35/35/35 48/48/48
f 34/34/34 48/48/48 47/47/47
f 35/35/35 36/36/36 49/49/49
f 35/35/35 49/49/49 48/48/48
f 36/36/36 37/37/37 50/50/50
f 36/36/36 50/50/50 49/49/49
f 37/37/37 38/38/38 51/51/51
f 37/37/37 51/51/51 50/50/50
f 38/38/38 39/39/39 52/52/52
f 38/38/38 52/52/52 51/51/51
f 40/40/40 41/41/41 54/54/54
f 40/40/40 54/54/54 53/53/53
f 41/41/41 42/42/42 55/55/55
f 41/41/41 55/55/55 54/54/54
f 42/42/42 43/43/43 56/56/56
f 42/42/42 56/56/56 55/55/55
f 43/43/43 44/44/44 57/57/57
f 43/43/43 57/57/57 56/56/56
f 44/44/44 45/45/45 58/58/58
f 44/44/44 58/58/58 57/57/57
f 45/45/45 46/46/46 59/59/59
f 45/45/45 59/59/59 58/58/58
f 46/46/46 47/47/47 60/60/60
f 46/46/46 60/60/60 59/59/59
f 47/47/47 48/48/48 61/61/61
f 47/47/47 61/61/61 60/60/60
f 48/48/48 49/49/49 62/62/62
f 48/48/48 62/62/62 61/61/61
f 49/49/49 50/50/50 63/63/63
f 49/49/49 63/63/63 62/62/62
f 50/50/50 51/51/51 64/64/64
f 50/50/50 64/64/64 63/63/63
f 51/51/51 52/52/52 65/65/65
f 51/51/51 65/65/65 64/64/64
f 53/53/53 54/54/54 67/67/67
f 53/53/53 67/67/67 66/66/66
f 54/54/54 55/55/55 68/68/68
f 54/54/54 68/68/68 67/67/67
f 55/55/55 56/56/56 69/69/69
f 55/55/55 69/69/69 68/68/68
f 56/56/56 57/57/57 70/70/70
f 56/56/56 70/70/70 69/69/69
f 57/57/57 58/58/58 71/71/71
f 57/57/57 71/71/71 70/70/70
f 58/58/58 59/59/59 72/72/72
f 58/58/58 72/72/72 71/71/71
f 59/59/59 60/60/60 73/73/73
f 59/59/59 73/73/73 72/72/72
f 60/60/60 61/61/61 74/74/74
f 60/60/60 74/74/74 73/73/73
f 61/61/61 62/62/62 75/75/75
f 61/61/61 75/75/75 74/74/74
f 62/62/62 63/63/63 76/76/76
f 62/62/62 76/76/76 75/75/75
f 63/63/63 64/64/64 77/77/77
f 63/63/63 77/77/77 76/76/76
f 64/64/64 65/65/65 78/78/78
f 64/64/64 78/78/78 77/77/77
f 66/66/66 67/67/67 80/80/80
f 66/66/66 80/80/80 79/79/79
f 67/67/67 68/68/68 81/81/81
f 67/67/67 81/81/81 80/80/80
f 68/68/68 69/69/69 82/82/82
f 68/68/68 82/82/82 81/81/81
f 69/69/69 70/70/70 83/83/83
f 69/69/69 83/83/83 82/82/82
f 70/70/70 71/71/71 84/84/84
f 70/70/70 84/84/84 83/83/83
f 71/71/71 72/72/72 85/85/85
f 71/71/71 85/85/85 84/84/84
f 72/72/72 73/73/73 86/86/86
f 72/72/72 86/86/86 85/85/85
f 73/73/73 74/74/74 87/87/87
f 73/73/73 87/87/87 86/86/86
f 74/74/74 75/75/75 88/88/88
f 74/74/74 88/88/88 87/87/87
f 75/75/75 76/76/76 89/89/89
f 75/75/75 89/89/89 88/88/88
f 76/76/76 77/77/77 90/90/90
f 76/76/76 90/90/90 89/89/89
f 77/77/77 78/78/78 91/91/91
f 77/77/77 91/91/91 90/90/90
f 79/79/79 80/80/80 93/93/93
f 79/79/79 93/93/93 92/92/92
f 80/80/80 81/81/81 94/94/94
f 80/80/80 94/94/94 93/93/93
f 81/81/81 82/82/82 95/95/95
f 81/81/81 95/95/95 94/94/94
f 82/82/82 83/83/83 96/96/96
f 82/82/82 96/96/96 95/95/95
f 83/83/83 84/84/84 97/97/97
f 83/83/83 97/97/97 96/96/96
f 84/84/84 85/85/85 98/98/98
f 84/84/84 98/98/98 97/97/97
f 85/85/85 86/86/86 99/99/99
f 85/85/85 99/99/99 98/98/98
f 86/86/86 87/87/87 100/100/100
f 86/86/86 100/100/100 99/99/99
f 87/87/87 88/88/88 101/101/101
f 87/87/87 101/101/101 100/100/100
f 88/88/88 89/89/89 102/102/102
f 88/88/88 102/102/102 101/101/101
f 89/89/89 90/90/90 103/103/103
f 89/89/89 103/103/103 102/102/102
f 90/90/90 91/91/91 104/104/104
f 90/90/90 104/104/104 103/103/103
f 92/92/92 93/93/93 106/106/106
f 92/92/92 106/106/106 105/105/105
f 93/93/93 94/94/94 107/107/107
f 93/93/93 107/107/107 106/106/106
f 94/94/94 95/95/95 108/108/108
f 94/94/94 108/108/108 107/107/107
f 95/95/95 96/96/96 109/109/109
f 95/95/95 109/109/109 108/108/108
f 96/96/96 97/97/97 110/110/110
f 96/96/96 110/110/110 109/109/109
f 97/97/97 98/98/98 111/111/111
f 97/97/97 111/111/111 110/110/110
f 98/98/98 99/99/99 112/112/112
f 98/98/98 112/112/112 111/111/111
f 99/99/99 100/100/100 113/113/113
f 99/99/99 113/113/113 112/112/112
f 100/100/100 101/101/101 114/114/114
f 100/100/100 114/114/114 113/113/113
f 101/101/101 102/102/102 115/115/115
f 101/101/101 115/115/115 114/114/114
f 102/102/102 103/103/103 116/116/116
f 102/102/102 116/116/116 115/115/115
f 103/103/103 104/104/104 117/117/117
f 103/103/103 117/117/117 116/116/116
f 105/105/105 106/106/106 119/119/119
f 105/105/105 119/119/119 118/118/118
f 106/106/106 107/107/107 120/120/120
f 106/106/106 120/120/120 119/119/119
f 107/107/107 108/108/108 121/121/121
f 107/107/107 121/121/121 120/120/120
f 108/108/108 109/109/109 122/122/122
f 108/108/108 122/122/122 121/121/121
f 109/109/109 110/110/110 123/123/123
f 109/109/109 123/123/123 122/122/122
f 110/110/110 111/111/111 124/124/124
f 110/110/110 124/124/124 123/123/123
f 111/111/111 112/112/112 125/125/125
f 111/111/111 125/125/125 124/124/124
f 112/112/112 113/113/113 126/126/126
f 112/112/112 126/126/126 125/125/125
f 113/113/113 114/114/114 127/127/127
f 113/113/113 127/127/127 126/126/126
f 114/114/114 115/115/115 128/128/128
f 114/114/114 128/128/128 127/127/127
f 115/115/115 116/116/116 129/129/129
f 115/115/115 129/129/129 128/128/128
f 116/116/116 117/117/117 130/130/130
f 116/116/116 130/130/130 129/129/129
f 118/118/118 119/119/119 132/132/132
f 118/118/118 132/132/132 131/131/131
f 119/119/119 120/120/120 133/133/133
f 119/119/119 133/133/133 132/132/132
f 120/120/120 121/121/121 134/134/134
f 120/120/120 134/134/134 133/133/133
f 121/121/121 122/122/122 135/135/135
f 121/121/121 135/135/135 134/134/134
f 122/122/122 123/123/123 136/136/136
f 122/122/122 136/136/136 135/135/135
f 123/123/123 124/124/124 137/137/137
f 123/123/123 137/137/137 136/136/136
f 124/124/124 125/125/125 138/138/138
f 124/124/124 138/138/138 137/137/137
f 125/125/125 126/126/126 139/139/139
f 125/125/125 139/139/139 138/138/138
f 126/126/126 127/127/127 140/140/140
f 126/126/126 140/140/140 139/139/139
f 127/127/127 128/128/128 141/141/141
f 127/127/127 141/141/141 140/140/140
f 128/128/128 129/129/129 142/142/142
f 128/128/128 142/142/142 141/141/141
f 129/129/129 130/130/130 143/143/143
f 129/129/129 143/143/143 142/142/142
f 131/131/131 132/132/132 145/145/145
f 131/131/131 145/145/145 144/144/144
f 132/132/132 133/133/133 146/146/146
f 132/132/132 146/146/146 145/145/145
f 133/133/133 134/134/134 147/147/147
f 133/133/133 147/147/147 146/146/146
f 134/134/134 135/135/135 148/148/148
f 134/134/134 148/148/148 147/147/147
f 135/135/135 136/136/136 149/149/149
f 135/135/135 149/149/149 148/148/148
f 136/136/136 137/137/137 150/150/150
f 136/136/136 150/150/150 149/149/149
f 137/137/137 138/138/138 151/151/151
f 137/137/137 151/151/151 150/150/150
f 138/138/138 139/139/139 152/152/152
f 138/138/138 152/152/152 151/151/151
f 139/139/139 140/140/140 153/153/153
f 139/139/139 153/153/153 152/152/152
f 140/140/140 141/141/141 154/154/154
f 140/140/140 154/154/154 153/153/153
f 141/141/141 142/142/142 155/155/155
f 141/141/141 155/155/155 154/154/154
f 142/142/142 143/143/143 156/156/156
f 142/142/142 156/156/156 155/155/155
f 144/144/144 145/145/145 158/158/158
f 144/144/144 158/158/158 157/157/157
f 145/145/145 146/146/146 159/159/159
f 145/145/145 159/159/159 158/158/158
f 146/146/146 147/147/147 160/160/160
f 146/146/146 160/160/160 159/159/159
f 147/147/147 148/148/148 161/161/161
f 147/147/147 161/161/161 160/160/160
f 148/148/148 149/149/149 162/162/162
f 148/148/148 162/162/162 161/161/161
f 149/149/149 150/150/150 163/163/163
f 149/149/149 163/163/163 162/162/162
f 150/150/150 151/151/151 164/164/164
f 150/150/150 164/164/164 163/163/163
f 151/151/151 152/152/152 165/165/165
f 151/151/151 165/165/165 164/164/164
f 152/152/152 153/153/153 166/166/166
f 152/152/152 166/166/166 165/165/165
f 153/153/153 154/154/154 167/167/167
f 153/153/153 167/167/167 166/166/166
f 154/154/154 155/155/155 168/168/168
f 154/154/154 168/168/168 167/167/167
f 155/155/155 156/156/156 169/169/169
f 155/155/155 169/169/169 168/168/168
f 170/170/170 171/171/171 184/184/184
f 170/170/170 184/184/184 183/183/183
f 171/171/171 172/172/172 185/185/185
f 171/171/171 185/185/185 184/184/184
f 172/172/172 173/173/173 186/186/186
f 172/172/172 186/186/186 185/185/185
f 173/173/173 174/174/174 187/187/187
f 173/173/173 187/187/187 186/186/186
f 174/174/174 175/175/175 188/188/188
f 174/174/174 188/188/188 187/187/187
f 175/175/175 176/176/176 189/189/189
f 175/175/175 189/189/189 188/188/188
f 176/176/176 177/177/177 190/190/190
f 176/176/176 190/190/190 189/189/189
f 177/177/177 178/178/178 191/191/191
f 177/177/177 191/191/191 190/190/190
f 178/178/178 179/179/179 192/192/192
f 178/178/178 192/192/192 191/191/191
f 179/179/179 180/180/180 193/193/193
f 179/179/179 193/193/193 192/192/192
f 180/180/180 181/181/181 194/194/194
f 180/180/180 194/194/194 193/193/193
f 181/181/181 182/182/182 195/195/195
f 181/181/181 195/195/195 194/194/194
f 183/183/183 184/184/184 197/197/197
f 183/183/183 197/197/197 196/196/196
f 184/184/184 185/185/185 198/198/198
f 184/184/184 198/198/198 197/197/197
f 185/185/185 186/186/186 199/199/199
f 185/185/185 199/199/199 198/198/198
f 186/186/186 187/187/187 200/200/200
f 186/186/186 200/200/200 199/199/199
f 187/187/187 188/188/188 201/201/201
f 187/187/187 201/201/201 200/200/200
f 188/188/188 189/189/189 202/202/202
f 188/188/188 202/202/202 201/201/201
f 189/189/189 190/190/190 203/203/203
f 189/189/189 203/203/203 202/202/202
f 190/190/190 191/191/191 204/204/204
f 190/190/190 204/204/204 203/203/203
f 191/191/191 192/192/192 205/205/205
f 191/191/191 205/205/205 204/204/204
f 192/192/192 193/193/193 206/206/206
f 192/192/192 206/206/206 205/205/205
f 193/193/193 194/194/194 207/207/207
f 193/193/193 207/207/207 206/206/206
f 194/194/194 195/195/195 208/208/208
f 194/194/194 208/208/208 207/207/207
f 196/196/196 197/197/197 210/210/210
f 196/196/196 210/210/210 209/209/209
f 197/197/197 198/198/198 211/211/211
f 197/197/197 211/211/211 210/210/210
f 198/198/198 199/199/199 212/212/212
f 198/198/198 212/212/212 211/211/211
f 199/199/199 200/200/200 213/213/213
f 199/199/199 213/213/213 212/212/212
f 200/200/200 201/201/201 214/214/214
f 200/200/200 214/214/214 213/213/213
f 201/201/201 202/202/202 215/215/215
f 201/201/201 215/215/215 214/214/214
f 202/202/202 203/203/203 216/216/216
f 202/202/202 216/216/216 215/215/215
f 203/203/203 204/204/204 217/217/217
f 203/203/203 217/217/217 216/216/216
f 204/204/204 205/205/205 218/218/218
f 204/204/204 218/218/218 217/217/217
f 205/205/205 206/206/206 219/219/219
f 205/205/205 219/219/219 218/218/218
f 206/206/206 207/207/207 220/220/220
f 206/206/206 220/220/220 219/219/219
f 207/207/207 208/208/208 221/221/221
f 207/207/207 221/221/221 220/220/220
f 209/209/209 210/210/210 223/223/223
f 209/209/209 223/223/223 222/222/222
f 210/210/210 211/211/211 224/224/224
f 210/210/210 224/224/224 223/223/223
f 211/211/211 212/212/212 225/225/225
f 211/211/211 225/225/225 224/224/224
f 212/212/212 213/213/213 226/226/226
f 212/212/212 226/226/226 225/225/225
f 213/213/213 214/214/214 227/227/227
f 213/213/213 227/227/227 226/226/226
f 214/214/214 215/215/215 228/228/228
f 214/214/214 228/228/228 227/227/227
f 215/215/215 216/216/216 229/229/229
f 215/215/215 229/229/229 228/228/228
f 216/216/216 217/217/217 230/230/230
f 216/216/216 230/230/230 229/229/229
f 217/217/217 218/218/218 231/231/231
f 217/217/217 231/231/231 230/230/230
f 218/218/218 219/219/219 232/232/232
f 218/218/218 232/232/232 231/231/231
f 219/219/219 220/220/220 233/233/233
f 219/219/219 233/233/233 232/232/232
f 220/220/220 221/221/221 234/234/234
f 220/220/220 234/234/234 233/233/233
f 222/222/222 223/223/223 236/236/236
f 222/222/222 236/236/236 235/235/235
f 223/223/223 224/224/224 237/237/237
f 223/223/223 237/237/237 236/236/236
f 224/224/224 225/225/225 238/238/238
f 224/224/224 238/238/238 237/237/237
f 225/225/225 226/226/226 239/239/239
f 225/225/225 239/239/239 238/238/238
f 226/226/226 227/227/227 240/240/240
f 226/226/226 240/240/240 239/239/239
f 227/227/227 228/228/228 241/241/241
f 227/227/227 241/241/241 240/240/240
f 228/228/228 229/229/229 242/242/242
f 228/228/228 242/242/242 241/241/241
f 229/229/229 230/230/230 243/243/243
f 229/229/229 243/243/243 242/242/242
f 230/230/230 231/231/231 244/244/244
f 230/230/230 244/244/244 243/243/243
f 231/231/231 232/232/232 245/245/245
f 231/231/231 245/245/245 244/244/244
f 232/232/232 233/233/233 246/246/246
f 232/232/232 246/246/246 245/245/245
f 233/233/233 234/234/234 247/247/247
f 233/233/233 247/247/247 246/246/246
f 235/235/235 236/236/236 249/249/249
f 235/235/235 249/249/249 248/248/248
f 236/236/236 237/237/237 250/250/250
f 236/236/236 250/250/250 249/249/249
f 237/237/237 238/238/238 251/251/251
f 237/237/237 251/251/251 250/250/250
f 238/238/238 239/239/239 252/252/252
f 238/238/238 252/252/252 251/251/251
f 239/239/239 240/240/240 253/253/253
f 239/239/239 253/253/253 252/252/252
f 240/240/240 241/241/241 254/254/254
f 240/240/240 254/254/254 253/253/253
f 241/241/241 242/242/242 255/255/255
f 241/241/241 255/255/255 254/254/254
f 242/242/242 243/243/243 256/256/256
f 242/242/242 256/256/256 255/255/255
f 243/243/243 244/244/244 257/257/257
f 243/243/243 257/257/257 256/256/256
f 244/244/244 245/245/245 258/258/258
f 244/244/244 258/258/258 257/257/257
f 245/245/245 246/246/246 259/259/259
f 245/245/245 259/259/259 258/258/258
f 246/246/246 247/247/247 260/260/260
f 246/246/246 260/260/260 259/259/259
f 248/248/248 249/249/249 262/262/262
f 248/248/248 262/262/262 261/261/261
f 249/249/249 250/250/250 263/263/263
f 249/249/249 263/263/263 262/262/262
f 250/250/250 251/251/251 264/264/264
f 250/250/250 264/264/264 263/263/263
f 251/251/251 252/252/252 265/265/265
f 251/251/251 265/265/265 264/264/264
f 252/252/252 253/253/253 266/266/266
f 252/252/252 266/266/266 265/265/265
f 253/253/253 254/254/254 267/267/267
f 253/253/253 267/267/267 266/266/266
f 254/254/254 255/255/255 268/268/268
f 254/254/254 268/268/268 267/267/267
f 255/255/255 256/256/256 269/269/269
f 255/255/255 269/269/269 268/268/268
f 256/256/256 257/257/257 270/270/270
f 256/256/256 270/270/270 269/269/269
f 257/257/257 258/258/258 271/271/271
f 257/257/257 271/271/271 270/270/270
f 258/258/258 259/259/259 272/272/272
f 258/258/258 272/272/272 271/271/271
f 259/259/259 260/260/260 273/273/273
f 259/259/259 273/273/273 272/272/272
f 261/261/261 262/262/262 275/275/275
f 261/261/261 275/275/275 274/274/274
f 262/262/262 263/263/263 276/276/276
f 262/262/262 276/276/276 275/275/275
f 263/263/263 264/264/264 277/277/277
f 263/263/263 277/277/277 276/276/276
f 264/264/264 265/265/265 278/278/278
f 264/264/264 278/278/278 277/277/277
f 265/265/265 266/266/266 279/279/279
f 265/265/265 279/279/279 278/278/278
f 266/266/266 267/267/267 280/280/280
f 266/266/266 280/280/280 279/279/279
f 267/267/267 268/268/268 281/281/281
f 267/267/267 281/281/281 280/280/280
f 268/268/268 269/269/269 282/282/282
f 268/268/268 282/282/282 281/281/281
f 269/269/269 270/270/270 283/283/283
f 269/269/269 283/283/283 282/282/282
f 270/270/270 271/271/271 284/284/284
f 270/270/270 284/284/284 283/283/283
f 271/271/271 272/272/272 285/285/285
f 271/271/271 285/285/285 284/284/284
f 272/272/272 273/273/273 286/286/286
f 272/272/272 286/286/286 285/285/285
f 274/274/274 275/275/275 288/288/288
f 274/274/274 288/288/288 287/287/287
f 275/275/275 276/276/276 289/289/289
f 275/275/275 289/289/289 288/288/288
f 276/276/276 277/277/277 290/290/290
f 276/276/276 290/290/290 289/289/289
f 277/277/277 278/278/278 291/291/291
f 277/277/277 291/291/291 290/290/290
f 278/278/278 279/279/279 292/292/292
f 278/278/278 292/292/292 291/291/291
f 279/279/279 280/280/280 293/293/293
f 279/279/279 293/293/293 292/292/292
f 280/280/280 281/281/281 294/294/294
f 280/280/280 294/294/294 293/293/293
f 281/281/281 282/282/282 295/295/295
f 281/281/281 295/295/295 294/294/294
f 282/282/282 283/283/283 296/296/296
f 282/282/282 296/296/296 295/295/295
f 283/283/283 284/284/284 297/297/297
f 283/283/283 297/297/297 296/296/296
f 284/284/284 285/285/285 298/298/298
f 284/284/284 298/298/298 297/297/297
f 285/285/285 286/286/286 299/299/299
f 285/285/285 299/299/299 298/298/298
f 287/287/287 288/288/288 301/301/301
f 287/287/287 301/301/301 300/300/300
f 288/288/288 289/289/289 302/302/302
f 288/288/288 302/302/302 301/301/301
f 289/289/289 290/290/290 303/303/303
f 289/289/289 303/303/303 302/302/302
f 290/290/290 291/291/291 304/304/304
f 290/290/290 304/304/304 303/303/303
f 291/291/291 292/292/292 305/305/305
f 291/291/291 305/305/305 304/304/304
f 292/292/292 293/293/293 306/306/306
f 292/292/292 306/306/306 305/305/305
f 293/293/293 294/294/294 307/307/307
f 293/293/293 307/307/307 306/306/306
f 294/294/294 295/295/295 308/308/308
f 294/294/294 308/308/308 307/307/307
f 295/295/295 296/296/296 309/309/309
f 295/295/295 309/309/309 308/308/308
f 296/296/296 297/297/297 310/310/310
f 296/296/296 310/310/310 309/309/309
f 297/297/297 298/298/298 311/311/311
f 297/297/297 311/311/311 310/310/310
f 298/298/298 299/299/299 312/312/312
f 298/298/298 312/312/312 311/311/311
f 300/300/300 301/301/301 314/314/314
f 300/300/300 314/314/314 313/313/313
f 301/301/301 302/302/302 315/315/315
f 301/301/301 315/315/315 314/314/314
f 302/302/302 303/303/303 316/316/316
f 302/302/302 316/316/316 315/315/315
f 303/303/303 304/304/304 317/317/317
f 303/303/303 317/317/317 316/316/316
f 304/304/304 305/305/305 318/318/318
f 304/304/304 318/318/318 317/317/317
f 305/305/305 306/306/306 319/319/319
f 305/305/305 319/319/319 318/318/318
f 306/306/306 307/307/307 320/320/320
f 306/306/306 320/320/320 319/319/319
f 307/307/307 308/308/308 321/321/321
f 307/307/307 321/321/321 320/320/320
f 308/308/308 309/309/309 322/322/322
f 308/308/308 322/322/322 321/321/321
f 309/309/309 310/310/310 323/323/323
f 309/309/309 323/323/323 322/322/322
f 310/310/310 311/311/311 324/324/324
f 310/310/310 324/324/324 323/323/323
f 311/311/311 312/312/312 325/325/325
f 311/311/311 325/325/325 324/324/324
f 313/313/313 314/314/314 327/327/327
f 313/313/313 327/327/327 326/326/326
f 314/314/314 315/315/315 328/328/328
f 314/314/314 328/328/328 327/327/327
f 315/315/315 316/316/316 329/329/329
f 315/315/315 329/329/329 328/328/328
f 316/316/316 317/317/317 330/330/330
f 316/316/316 330/330/330 329/329/329
f 317/317/317 318/318/318 331/331/331
f 317/317/317 331/331/331 330/330/330
f 318/318/318 319/319/319 332/332/332
f 318/318/318 332/332/332 331/331/331
f 319/319/319 320/320/320 333/333/333
f 319/319/319 333/333/333 332/332/332
f 320/320/320 321/321/321 334/334/334
f 320/320/320 334/334/334 333/333/333
f 321/321/321 322/322/322 335/335/335
f 321/321/321 335/335/335 334/334/334
f 322/322/322 323/323/323 336/336/336
f 322/322/322 336/336/336 335/335/335
f 323/323/323 324/324/324 337/337/337
f 323/323/323 337/337/337 336/336/336
f 324/324/324 325/325/325 338/338/338
f 324/324/324 338/338/338 337/337/337
f 339/339/339 340/340/340 353/353/353
f 339/339/339 353/353/353 352/352/352
f 340/340/340 341/341/341 354/354/354
f 340/340/340 354/354/354 353/353/353
f 341/341/341 342/342/342 355/355/355
f 341/341/341 355/355/355 354/354/354
f 342/342/342 343/343/343 356/356/356
f 342/342/342 356/356/356 355/355/355
f 343/343/343 344/344/344 357/357/357
f 343/343/343 357/357/357 356/356/356
f 344/344/344 345/345/345 358/358/358
f 344/344/344 358/358/358 357/357/357
f 345/345/345 346/346/346 359/359/359
f 345/345/345 359/359/359 358/358/358
f 346/346/346 347/347/347 360/360/360
f 346/346/346 360/360/360 359/359/359
f 347/347/347 348/348/348 361/361/361
f 347/347/347 361/361/361 360/360/360
f 348/348/348 349/349/349 362/362/362
f 348/348/348 362/362/362 361/361/361
f 349/349/349 350/350/350 363/363/363
f 349/349/349 363/363/363 362/362/362
f 350/350/350 351/351/351 364/364/364
f 350/350/350 364/364/364 363/363/363
f 352/352/352 353/353/353 366/366/366
f 352/352/352 366/366/366 365/365/365
f 353/353/353 354/354/354 367/367/367
f 353/353/353 367/367/367 366/366/366
f 354/354/354 355/355/355 368/368/368
f 354/354/354 368/368/368 367/367/367
f 355/355/355 356/356/356 369/369/369
f 355/355/355 369/369/369 368/368/368
f 356/356/356 357/357/357 370/370/370
f 356/356/356 370/370/370 369/369/369
f 357/357/357 358/358/358 371/371/371
f 357/357/357 371/371/371 370/370/370
f 358/358/358 359/359/359 372/372/372
f 358/358/358 372/372/372 371/371/371
f 359/359/359 360/360/360 373/373/373
f 359/359/359 373/373/373 372/372/372
f 360/360/360 361/361/361 374/374/374
f 360/360/360 374/374/374 373/373/373
f 361/361/361 362/362/362 375/375/375
f 361/361/361 375/375/375 374/374/374
f 362/362/362 363/363/363 376/376/376
f 362/362/362 376/376/376 375/375/375
f 363/363/363 364/364/364 377/377/377
f 363/363/363 377/377/377 376/376/376
f 365/365/365 366/366/366 379/379/379
f 365/365/365 379/379/379 378/378/378
f 366/366/366 367/367/367 380/380/380
f 366/366/366 380/380/380 379/379/379
f 367/367/367 368/368/368 381/381/381
f 367/367/367 381/381/381 380/380/380
f 368/368/368 369/369/369 382/382/382
f 368/368/368 382/382/382 381/381/381
f 369/369/369 370/370/370 383/383/383
f 369/369/369 383/383/383 382/382/382
f 370/370/370 371/371/371 384/384/384
f 370/370/370 384/384/384 383/383/383
f 371/371/371 372/372/372 385/385/385
f 371/371/371 385/385/385 384/384/384
f 372/372/372 373/373/373 386/386/386
f 372/372/372 386/386/386 385/385/385
f 373/373/373 374/374/374 387/387/387
f 373/373/373 387/387/387 386/386/386
f 374/374/374 375/375/375 388/388/388
f 374/374/374 388/388/388 387/387/387
f 375/375/375 376/376/376 389/389/389
f 375/375/375 389/389/389 388/388/388
f 376/376/376 377/377/377 390/390/390
f 376/376/376 390/390/390 389/389/389
f 378/378/378 379/379/379 392/392/392
f 378/378/378 392/392/392 391/391/391
f 379/379/379 380/380/380 393/393/393
f 379/379/379 393/393/393 392/392/392
f 380/380/380 381/381/381 394/394/394
f 380/380/380 394/394/394 393/393/393
f 381/381/381 382/382/382 395/395/395
f 381/381/381 395/395/395 394/394/394
f 382/382/382 383/383/383 396/396/396
f 382/382/382 396/396/396 395/395/395
f 383/383/383 384/384/384 397/397/397
f 383/383/383 397/397/397 396/396/396
f 384/384/384 385/385/385 398/398/398
f 384/384/384 398/398/398 397/397/397
f 385/385/385 386/386/386 399/399/399
f 385/385/385 399/399/399 398/398/398
f 386/386/386 387/387/387 400/400/400
f 386/386/386 400/400/400 399/399/399
f 387/387/387 388/388/388 401/401/401
f 387/387/387 401/401/401 400/400/400
f 388/388/388 389/389/389 402/402/402
f 388/388/388 402/402/402 401/401/401
f 389/389/389 390/390/390 403/403/403
f 389/389/389 403/403/403 402/402/402
f 391/391/391 392/392/392 405/405/405
f 391/391/391 405/405/405 404/404/404
f 392/392/392 393/393/393 406/406/406
f 392/392/392 406/406/406 405/405/405
f 393/393/393 394/394/394 407/407/407
f 393/393/393 407/407/407 406/406/406
f 394/394/394 395/395/395 408/408/408
f 394/394/394 408/408/408 407/407/407
f 395/395/395 396/396/396 409/409/409
f 395/395/395 409/409/409 408/408/408
f 396/396/396 397/397/397 410/410/410
f 396/396/396 410/410/410 409/409/409
f 397/397/397 398/398/398 411/411/411
f 397/397/397 411/411/411 410/410/410
f 398/398/398 399/399/399 412/412/412
f 398/398/398 412/412/412 411/411/411
f 399/399/399 400/400/400 413/413/413
f 399/399/399 413/413/413 412/412/412
f 400/400/400 401/401/401 414/414/414
f 400/400/400 414/414/414 413/413/413
f 401/401/401 402/402/402 415/415/415
f 401/401/401 415/415/415 414/414/414
f 402/402/402 403/403/403 416/416/416
f 402/402/402 416/416/416 415/415/415
f 404/404/404 405/405/405 418/418/418
f 404/404/404 418/418/418 417/417/417
f 405/405/405 406/406/406 419/419/419
f 405/405/405 419/419/419 418/418/418
f 406/406/406 407/407/407 420/420/420
f 406/406/406 420/420/420 419/419/419
f 407/407/407 408/408/408 421/421/421
f 407/407/407 421/421/421 420/420/420
f 408/408/408 409/409/409 422/422/422
f 408/408/408 422/422/422 421/421/421
f 409/409/409 410/410/410 423/423/423
f 409/409/409 423/423/423 422/422/422
f 410/410/410 411/411/411 424/424/424
f 410/410/410 424/424/424 423/423/423
f 411/411/411 412/412/412 425/425/425
f 411/411/411 425/425/425 424/424/424
f 412/412/412 413/413/413 426/426/426
f 412/412/412 426/426/426 425/425/425
f 413/413/413 414/414/414 427/427/427
f 413/413/413 427/427/427 426/426/426
f 414/414/414 415/415/415 428/428/428
f 414/414/414 428/428/428 427/427/427
f 415/415/415 416/416/416 429/429/429
f 415/415/415 429/429/429 428/428/428
f 417/417/417 418/418/418 431/431/431
f 417/417/417 431/431/431 430/430/430
f 418/418/418 419/419/419 432/432/432
f 418/418/418 432/432/432 431/431/431
f 419/419/419 420/420/420 433/433/433
f 419/419/419 433/433/433 432/432/432
f 420/420/420 421/421/421 434/434/434
f 420/420/420 434/434/434 433/433/433
f 421/421/421 422/422/422 435/435/435
f 421/421/421 435/435/435 434/434/434
f 422/422/422 423/423/423 436/436/436
f 422/422/422 436/436/436 435/435/435
f 423/423/423 424/424/424 437/437/437
f 423/423/423 437/437/437 436/436/436
f 424/424/424 425/425/425 438/438/438
f 424/424/424 438/438/438 437/437/437
f 425/425/425 426/426/426 439/439/439
f 425/425/425 439/439/439 438/438/438
f 426/426/426 427/427/427 440/440/440
f 426/426/426 440/440/440 439/439/439
f 427/427/427 428/428/428 441/441/441
f 427/427/427 441/441/441 440/440/440
f 428/428/428 429/429/429 442/442/442
f 428/428/428 442/442/442 441/441/441
f 430/430/430 431/431/431 444/444/444
f 430/430/430 444/444/444 443/443/443
f 431/431/431 432/432/432 445/445/445
f 431/431/431 445/445/445 444/444/444
f 432/432/432 433/433/433 446/446/446
f 432/432/432 446/446/446 445/445/445
f 433/433/433 434/434/434 447/447/447
f 433/433/433 447/447/447 446/446/446
f 434/434/434 435/435/435 448/448/448
f 434/434/434 448/448/448 447/447/447
f 435/435/435 436/436/436 449/449/449
f 435/435/435 449/449/449 448/448/448
f 436/436/436 437/437/437 450/450/450
f 436/436/436 450/450/450 449/449/449
f 437/437/437 438/438/438 451/451/451
f 437/437/437 451/451/451 450/450/450
f 438/438/438 439/439/439 452/452/452
f 438/438/438 452/452/452 451/451/451
f 439/439/439 440/440/440 453/453/453
f 439/439/439 453/453/453 452/452/452
f 440/440/440 441/441/441 454/454/454
f 440/440/440 454/454/454 453/453/453
f 441/441/441 442/442/442 455/455/455
f 441/441/441 455/455/455 454/454/454
f 443/443/443 444/444/444 457/457/457
f 443/443/443 457/457/457 456/456/456
f 444/444/444 445/445/445 458/458/458
f 444/444/444 458/458/458 457/457/457
f 445/445/445 446/446/446 459/459/459
f 445/445/445 459/459/459 458/458/458
f 446/446/446 447/447/447 460/460/460
f 446/446/446 460/460/460 459/459/459
f 447/447/447 448/448/448 461/461/461
f 447/447/447 461/461/461 460/460/460
f 448/448/448 449/449/449 462/462/462
f 448/448/448 462/462/462 461/461/461
f 449/449/449 450/450/450 463/463/463
f 449/449/449 463/463/463 462/462/462
f 450/450/450 451/451/451 464/464/464
f 450/450/450 464/464/464 463/463/463
f 451/451/451 452/452/452 465/465/465
f 451/451/451 465/465/465 464/464/464
f 452/452/452 453/453/453 466/466/466
f 452/452/452 466/466/466 465/465/465
f 453/453/453 454/454/454 467/467/467
f 453/453/453 467/467/467 466/466/466
f 454/454/454 455/455/455 468/468/468
f 454/454/454 468/468/468 467/467/467
f 456/456/456 457/457/457 470/470/470
f 456/456/456 470/470/470 469/469/469
f 457/457/457 458/458/458 471/471/471
f 457/457/457 471/471/471 470/470/470
f 458/458/458 459/459/459 472/472/472
f 458/458/458 472/472/472 471/471/471
f 459/459/459 460/460/460 473/473/473
f 459/459/459 473/473/473 472/472/472
f 460/460/460 461/461/461 474/474/474
f 460/460/460 474/474/474 473/473/473
f 461/461/461 462/462/462 475/475/475
f 461/461/461 475/475/475 474/474/474
f 462/462/462 463/463/463 476/476/476
f 462/462/462 476/476/476 475/475/475
f 463/463/463 464/464/464 477/477/477
f 463/463/463 477/477/477 476/476/476
f 464/464/464 465/465/465 478/478/478
f 464/464/464 478/478/478 477/477/477
f 465/465/465 466/466/466 479/479/479
f 465/465/465 479/479/479 478/478/478
f 466/466/466 467/467/467 480/480/480
f 466/466/466 480/480/480 479/479/479
f 467/467/467 468/468/468 481/481/481
f 467/467/467 481/481/481 480/480/480
f 469/469/469 470/470/470 483/483/483
f 469/469/469 483/483/483 482/482/482
f 470/470/470 471/471/471 484/484/484
f 470/470/470 484/484/484 483/483/483
f 471/471/471 472/472/472 485/485/485
f 471/471/471 485/485/485 484/484/484
f 472/472/472 473/473/473 486/486/486
f 472/472/472 486/486/486 485/485/485
f 473/473/473 474/474/474 487/487/487
f 473/473/473 487/487/487 486/486/486
f 474/474/474 475/475/475 488/488/488
f 474/474/474 488/488/488 487/487/487
f 475/475/475 476/476/476 489/489/489
f 475/475/475 489/489/489 488/488/488
f 476/476/476 477/477/477 490/490/490
f 476/476/476 490/490/490 489/489/489
f 477/477/477 478/478/478 491/491/491
f 477/477/477 491/491/491 490/490/490
f 478/478/478 479/479/479 492/492/492
f 478/478/478 492/492/492 491/491/491
f 479/479/479 480/480/480 493/493/493
f 479/479/479 493/493/493 492/492/492
f 480/480/480 481/481/481 494/494/494
f 480/480/480 494/494/494 493/493/493
f 482/482/482 483/483/483 496/496/496
f 482/482/482 496/496/496 495/495/495
f 483/483/483 484/484/484 497/497/497
f 483/483/483 497/497/497 496/496/496
f 484/484/484 485/485/485 498/498/498
f 484/484/484 498/498/498 497/497/497
f 485/485/485 486/486/486 499/499/499
f 485/485/485 499/499/499 498/498/498
f 486/486/486 487/487/487 500/500/500
f 486/486/486 500/500/500 499/499/499
f 487/487/487 488/488/488 501/501/501
f 487/487/487 501/501/501 500/500/500
f 488/488/488 489/489/489 502/502/502
f 488/488/488 502/502/502 501/501/501
f 489/489/489 490/490/490 503/503/503
f 489/489/489 503/503/503 502/502/502
f 490/490/490 491/491/491 504/504/504
f 490/490/490 504/504/504 503/503/503
f 491/491/491 492/492/492 505/505/505
f 491/491/491 505/505/505 504/504/504
f 492/492/492 493/493/493 506/506/506
f 492/492/492 506/506/506 505/505/505
f 493/493/493 494/494/494 507/507/507
f 493/493/493 507/507/507 506/506/506
f 508/508/508 509/509/509 522/522/522
f 508/508/508 522/522/522 521/521/521
f 509/509/509 510/510/510 523/523/523
f 509/509/509 523/523/523 522/522/522
f 510/510/510 511/511/511 524/524/524
f 510/510/510 524/524/524 523/523/523
f 511/511/511 512/512/512 525/525/525
f 511/511/511 525/525/525 524/524/524
f 512/512/512 513/513/513 526/526/526
f 512/512/512 526/526/526 525/525/525
f 513/513/513 514/514/514 527/527/527
f 513/513/513 527/527/527 526/526/526
f 514/514/514 515/515/515 528/528/528
f 514/514/514 528/528/528 527/527/527
f 515/515/515 516/516/516 529/529/529
f 515/515/515 529/529/529 528/528/528
f 516/516/516 517/517/517 530/530/530
f 516/516/516 530/530/530 529/529/529
f 517/517/517 518/518/518 531/531/531
f 517/517/517 531/531/531 530/530/530
f 518/518/518 519/519/519 532/532/532
f 518/518/518 532/532/532 531/531/531
f 519/519/519 520/520/520 533/533/533
f 519/519/519 533/533/533 532/532/532
f 521/521/521 522/522/522 535/535/535
f 521/521/521 535/535/535 534/534/534
f 522/522/522 523/523/523 536/536/536
f 522/522/522 536/536/536 535/535/535
f 523/523/523 524/524/524 537/537/537
f 523/523/523 537/537/537 536/536/536
f 524/524/524 525/525/525 538/538/538
f 524/524/524 538/538/538 537/537/537
f 525/525/525 526/526/526 539/539/539
f 525/525/525 539/539/539 538/538/538
f 526/526/526 527/527/527 540/540/540
f 526/526/526 540/540/540 539/539/539
f 527/527/527 528/528/528 541/541/541
f 527/527/527 541/541/541 540/540/540
f 528/528/528 529/529/529 542/542/542
f 528/528/528 542/542/542 541/541/541
f 529/529/529 530/530/530 543/543/543
f 529/529/529 543/543/543 542/542/542
f 530/530/530 531/531/531 544/544/544
f 530/530/530 544/544/544 543/543/543
f 531/531/531 532/532/532 545/545/545
f 531/531/531 545/545/545 544/544/544
f 532/532/532 533/533/533 546/546/546
f 532/532/532 546/546/546 545/545/545
f 534/534/534 535/535/535 548/548/548
f 534/534/534 548/548/548 547/547/547
f 535/535/535 536/536/536 549/549/549
f 535/535/535 549/549/549 548/548/548
f 536/536/536 537/537/537 550/550/550
f 536/536/536 550/550/550 549/549/549
f 537/537/537 538/538/538 551/551/551
f 537/537/537 551/551/551 550/550/550
f 538/538/538 539/539/539 552/552/552
f 538/538/538 552/552/552 551/551/551
f 539/539/539 540/540/540 553/553/553
f 539/539/539 553/553/553 552/552/552
f 540/540/540 541/541/541 554/554/554
f 540/540/540 554/554/554 553/553/553
f 541/541/541 542/542/542 555/555/555
f 541/541/541 555/555/555 554/554/554
f 542/542/542 543/543/543 556/556/556
f 542/542/542 556/556/556 555/555/555
f 543/543/543 544/544/544 557/557/557
f 543/543/543 557/557/557 556/556/556
f 544/544/544 545/545/545 558/558/558
f 544/544/544 558/558/558 557/557/557
f 545/545/545 546/546/546 559/559/559
f 545/545/545 559/559/559 558/558/558
f 547/547/547 548/548/548 561/561/561
f 547/547/547 561/561/561 560/560/560
f 548/548/548 549/549/549 562/562/562
f 548/548/548 562/562/562 561/561/561
f 549/549/549 550/550/550 563/563/563
f 549/549/549 563/563/563 562/562/562
f 550/550/550 551/551/551 564/564/564
f 550/550/550 564/564/564 563/563/563
f 551/551/551 552/552/552 565/565/565
f 551/551/551 565/565/565 564/564/564
f 552/552/552 553/553/553 566/566/566
f 552/552/552 566/566/566 565/565/565
f 553/553/553 554/554/554 567/567/567
f 553/553/553 567/567/567 566/566/566
f 554/554/554 555/555/555 568/568/568
f 554/554/554 568/568/568 567/567/567
f 555/555/555 556/556/556 569/569/569
f 555/555/555 569/569/569 568/568/568
f 556/556/556 557/557/557 570/570/570
f 556/556/556 570/570/570 569/569/569
f 557/557/557 558/558/558 571/571/571
f 557/557/557 571/571/571 570/570/570
f 558/558/558 559/559/559 572/572/572
f 558/558/558 572/572/572 571/571/571
f 560/560/560 561/561/561 574/574/574
f 560/560/560 574/574/574 573/573/573
f 561/561/561 562/562/562 575/575/575
f 561/561/561 575/575/575 574/574/574
f 562/562/562 563/563/563 576/576/576
f 562/562/562 576/576/576 575/575/575
f 563/563/563 564/564/564 577/577/577
f 563/563/563 577/577/577 576/576/576
f 564/564/564 565/565/565 578/578/578
f 564/564/564 578/578/578 577/577/577
f 565/565/565 566/566/566 579/579/579
f 565/565/565 579/579/579 578/578/578
f 566/566/566 567/567/567 580/580/580
f 566/566/566 580/580/580 579/579/579
f 567/567/567 568/568/568 581/581/581
f 567/567/567 581/581/581 580/580/580
f 568/568/568 569/569/569 582/582/582
f 568/568/568 582/582/582 581/581/581
f 569/569/569 570/570/570 583/583/583
f 569/569/569 583/583/583 582/582/582
f 570/570/570 571/571/571 584/584/584
f 570/570/570 584/584/584 583/583/583
f 571/571/571 572/572/572 585/585/585
f 571/571/571 585/585/585 584/584/584
f 573/573/573 574/574/574 587/587/587
f 573/573/573 587/587/587 586/586/586
f 574/574/574 575/575/575 588/588/588
f 574/574/574 588/588/588 587/587/587
f 575/575/575 576/576/576 589/589/589
f 575/575/575 589/589/589 588/588/588
f 576/576/576 577/577/577 590/590/590
f 576/576/576 590/590/590 589/589/589
f 577/577/577 578/578/578 591/591/591
f 577/577/577 591/591/591 590/590/590
f 578/578/578 579/579/579 592/592/592
f 578/578/578 592/592/592 591/591/591
f 579/579/579 580/580/580 593/593/593
f 579/579/579 593/593/593 592/592/592
f 580/580/580 581/581/581 594/594/594
f 580/580/580 594/594/594 593/593/593
f 581/581/581 582/582/582 595/595/595
f 581/581/581 595/595/595 594/594/594
f 582/582/582 583/583/583 596/596/596
f 582/582/582 596/596/596 595/595/595
f 583/583/583 584/584/584 597/597/597
f 583/583/583 597/597/597 596/596/596
f 584/584/584 585/585/585 598/598/598
f 584/584/584 598/598/598 597/597/597
f 586/586/586 587/587/587 600/600/600
f 586/586/586 600/600/600 599/599/599
f 587/587/587 588/588/588 601/601/601
f 587/587/587 601/601/601 600/600/600
f 588/588/588 589/589/589 602/602/602
f 588/588/588 602/602/602 601/601/601
f 589/589/589 590/590/590 603/603/603
f 589/589/589 603/603/603 602/602/602
f 590/590/590 591/591/591 604/604/604
f 590/590/590 604/604/604 603/603/603
f 591/591/591 592/592/592 605/605/605
f 591/591/591 605/605/605 604/604/604
f 592/592/592 593/593/593 606/606/606
f 592/592/592 606/606/606 605/605/605
f 593/593/593 594/594/594 607/607/607
f 593/593/593 607/607/607 606/606/606
f 594/594/594 595/595/595 608/608/608
f 594/594/594 608/608/608 607/607/607
f 595/595/595 596/596/596 609/609/609
f 595/595/595 609/609/609 608/608/608
f 596/596/596 597/597/597 610/610/610
f 596/596/596 610/610/610 609/609/609
f 597/597/597 598/598/598 611/611/611
f 597/597/597 611/611/611 610/610/610
f 599/599/599 600/600/600 613/613/613
f 599/599/599 613/613/613 612/612/612
f 600/600/600 601/601/601 614/614/614
f 600/600/600 614/614/614 613/613/613
f 601/601/601 602/602/602 615/615/615
f 601/601/601 615/615/615 614/614/614
f 602/602/602 603/603/603 616/616/616
f 602/602/602 616/616/616 615/615/615
f 603/603/603 604/604/604 617/617/617
f 603/603/603 617/617/617 616/616/616
f 604/604/604 605/605/605 618/618/618
f 604/604/604 618/618/618 617/617/617
f 605/605/605 606/606/606 619/619/619
f 605/605/605 619/619/619 618/618/618
f 606/606/606 607/607/607 620/620/620
f 606/606/606 620/620/620 619/619/619
f 607/607/607 608/608/608 621/621/621
f 607/607/607 621/621/621 620/620/620
f 608/608/608 609/609/609 622/622/622
f 608/608/608 622/622/622 621/621/621
f 609/609/609 610/610/610 623/623/623
f 609/609/609 623/623/623 622/622/622
f 610/610/610 611/611/611 624/624/624
f 610/610/610 624/624/624 623/623/623
f 612/612/612 613/613/613 626/626/626
f 612/612/612 626/626/626 625/625/625
f 613/613/613 614/614/614 627/627/627
f 613/613/613 627/627/627 626/626/626
f 614/614/614 615/615/615 628/628/628
f 614/614/614 628/628/628 627/627/627
f 615/615/615 616/616/616 629/629/629
f 615/615/615 629/629/629 628/628/628
f 616/616/616 617/617/617 630/630/630
f 616/616/616 630/630/630 629/629/629
f 617/617/617 618/618/618 631/631/631
f 617/617/617 631/631/631 630/630/630
f 618/618/618 619/619/619 632/632/632
f 618/618/618 632/632/632 631/631/631
f 619/619/619 620/620/620 633/633/633
f 619/619/619 633/633/633 632/632/632
f 620/620/620 621/621/621 634/634/634
f 620/620/620 634/634/634 633/633/633
f 621/621/621 622/622/622 635/635/635
f 621/621/621 635/635/635 634/634/634
f 622/622/622 623/623/623 636/636/636
f 622/622/622 636/636/636 635/635/635
f 623/623/623 624/624/624 637/637/637
f 623/623/623 637/637/637 636/636/636
f 625/625/625 626/626/626 639/639/639
f 625/625/625 639/639/639 638/638/638
f 626/626/626 627/627/627 640/640/640
f 626/626/626 640/640/640 639/639/639
f 627/627/627 628/628/628 641/641/641
f 627/627/627 641/641/641 640/640/640
f 628/628/628 629/629/629 642/642/642
f 628/628/628 642/642/642 641/641/641
f 629/629/629 630/630/630 643/643/643
f 629/629/629 643/643/643 642/642/642
f 630/630/630 631/631/631 644/644/644
f 630/630/630 644/644/644 643/643/643
f 631/631/631 632/632/632 645/645/645
f 631/631/631 645/645/645 644/644/644
f 632/632/632 633/633/633 646/646/646
f 632/632/632 646/646/646 645/645/645
f 633/633/633 634/634/634 647/647/647
f 633/633/633 647/647/647 646/646/646
f 634/634/634 635/635/635 648/648/648
f 634/634/634 648/648/648 647/647/647
f 635/635/635 636/636/636 649/649/649
f 635/635/635 649/649/649 648/648/648
f 636/636/636 637/637/637 650/650/650
f 636/636/636 650/650/650 649/649/649
f 638/638/638 639/639/639 652/652/652
f 638/638/638 652/652/652 651/651/651
f 639/639/639 640/640/640 653/653/653
f 639/639/639 653/653/653 652/652/652
f 640/640/640 641/641/641 654/654/654
f 640/640/640 654/654/654 653/653/653
f 641/641/641 642/642/642 655/655/655
f 641/641/641 655/655/655 654/654/654
f 642/642/642 643/643/643 656/656/656
f 642/642/642 656/656/656 655/655/655
f 643/643/643 644/644/644 657/657/657
f 643/643/643 657/657/657 656/656/656
f 644/644/644 645/645/645 658/658/658
f 644/644/644 658/658/658 657/657/657
f 645/645/645 646/646/646 659/659/659
f 645/645/645 659/659/659 658/658/658
f 646/646/646 647/647/647 660/660/660
f 646/646/646 660/660/660 659/659/659
f 647/647/647 648/648/648 661/661/661
f 647/647/647 661/661/661 660/660/660
f 648/648/648 649/649/649 662/662/662
f 648/648/648 662/662/662 661/661/661
f 649/649/649 650/650/650 663/663/663
f 649/649/649 663/663/663 662/662/662
f 651/651/651 652/652/652 665/665/665
f 651/651/651 665/665/665 664/664/664
f 652/652/652 653/653/653 666/666/666
f 652/652/652 666/666/666 665/665/665
f 653/653/653 654/654/654 667/667/667
f 653/653/653 667/667/667 666/666/666
f 654/654/654 655/655/655 668/668/668
f 654/654/654 668/668/668 667/667/667
f 655/655/655 656/656/656 669/669/669
f 655/655/655 669/669/669 668/668/668
f 656/656/656 657/657/657 670/670/670
f 656/656/656 670/670/670 669/669/669
f 657/657/657 658/658/658 671/671/671
f 657/657/657 671/671/671 670/670/670
f 658/658/658 659/659/659 672/672/672
f 658/658/658 672/672/672 671/671/671
f 659/659/659 660/660/660 673/673/673
f 659/659/659 673/673/673 672/672/672
f 660/660/660 661/661/661 674/674/674
f 660/660/660 674/674/674 673/673/673
f 661/661/661 662/662/662 675/675/675
f 661/661/661 675/675/675 674/674/674
f 662/662/662 663/663/663 676/676/676
f 662/662/662 676/676/676 675/675/675
f 677/677/677 678/678/678 691/691/691
f 677/677/677 691/691/691 690/690/690
f 678/678/678 679/679/679 692/692/692
f 678/678/678 692/692/692 691/691/691
f 679/679/679 680/680/680 693/693/693
f 679/679/679 693/693/693 692/692/692
f 680/680/680 681/681/681 694/694/694
f 680/680/680 694/694/694 693/693/693
f 681/681/681 682/682/682 695/695/695
f 681/681/681 695/695/695 694/694/694
f 682/682/682 683/683/683 696/696/696
f 682/682/682 696/696/696 695/695/695
f 683/683/683 684/684/684 697/697/697
f 683/683/683 697/697/697 696/696/696
f 684/684/684 685/685/685 698/698/698
f 684/684/684 698/698/698 697/697/697
f 685/685/685 686/686/686 699/699/699
f 685/685/685 699/699/699 698/698/698
f 686/686/686 687/687/687 700/700/700
f 686/686/686 700/700/700 699/699/699
f 687/687/687 688/688/688 701/701/701
f 687/687/687 701/701/701 700/700/700
f 688/688/688 689/689/689 702/702/702
f 688/688/688 702/702/702 701/701/701
f 690/690/690 691/691/691 704/704/704
f 690/690/690 704/704/704 703/703/703
f 691/691/691 692/692/692 705/705/705
f 691/691/691 705/705/705 704/704/704
f 692/692/692 693/693/693 706/706/706
f 692/692/692 706/706/706 705/705/705
f 693/693/693 694/694/694 707/707/707
f 693/693/693 707/707/707 706/706/706
f 694/694/694 695/695/695 708/708/708
f 694/694/694 708/708/708 707/707/707
f 695/695/695 696/696/696 709/709/709
f 695/695/695 709/709/709 708/708/708
f 696/696/696 697/697/697 710/710/710
f 696/696/696 710/710/710 709/709/709
f 697/697/697 698/698/698 711/711/711
f 697/697/697 711/711/711 710/710/710
f 698/698/698 699/699/699 712/712/712
f 698/698/698 712/712/712 711/711/711
f 699/699/699 700/700/700 713/713/713
f 699/699/699 713/713/713 712/712/712
f 700/700/700 701/701/701 714/714/714
f 700/700/700 714/714/714 713/713/713
f 701/701/701 702/702/702 715/715/715
f 701/701/701 715/715/715 714/714/714
f 703/703/703 704/704/704 717/717/717
f 703/703/703 717/717/717 716/716/716
f 704/704/704 705/705/705 718/718/718
f 704/704/704 718/718/718 717/717/717
f 705/705/705 706/706/706 719/719/719
f 705/705/705 719/719/719 718/718/718
f 706/706/706 707/707/707 720/720/720
f 706/706/706 720/720/720 719/719/719
f 707/707/707 708/708/708 721/721/721
f 707/707/707 721/721/721 720/720/720
f 708/708/708 709/709/709 722/722/722
f 708/708/708 722/722/722 721/721/721
f 709/709/709 710/710/710 723/723/723
f 709/709/709 723/723/723 722/722/722
f 710/710/710 711/711/711 724/724/724
f 710/710/710 724/724/724 723/723/723
f 711/711/711 712/712/712 725/725/725
f 711/711/711 725/725/725 724/724/724
f 712/712/712 713/713/713 726/726/726
f 712/712/712 726/726/726 725/725/725
f 713/713/713 714/714/714 727/727/727
f 713/713/713 727/727/727 726/726/726
f 714/714/714 715/715/715 728/728/728
f 714/714/714 728/728/728 727/727/727
f 716/716/716 717/717/717 730/730/730
f 716/716/716 730/730/730 729/729/729
f 717/717/717 718/718/718 731/731/731
f 717/717/717 731/731/731 730/730/730
f 718/718/718 719/719/719 732/732/732
f 718/718/718 732/732/732 731/731/731
f 719/719/719 720/720/720 733/733/733
f 719/719/719 733/733/733 732/732/732
f 720/720/720 721/721/721 734/734/734
f 720/720/720 734/734/734 733/733/733
f 721/721/721 722/722/722 735/735/735
f 721/721/721 735/735/735 734/734/734
f 722/722/722 723/723/723 736/736/736
f 722/722/722 736/736/736 735/735/735
f 723/723/723 724/724/724 737/737/737
f 723/723/723 737/737/737 736/736/736
f 724/724/724 725/725/725 738/738/738
f 724/724/724 738/738/738 737/737/737
f 725/725/725 726/726/726 739/739/739
f 725/725/725 739/739/739 738/738/738
f 726/726/726 727/727/727 740/740/740
f 726/726/726 740/740/740 739/739/739
f 727/727/727 728/728/728 741/741/741
f 727/727/727 741/741/741 740/740/740
f 729/729/729 730/730/730 743/743/743
f 729/729/729 743/743/743 742/742/742
f 730/730/730 731/731/731 744/744/744
f 730/730/730 744/744/744 743/743/743
f 731/731/731 732/732/732 745/745/745
f 731/731/731 745/745/745 744/744/744
f 732/732/732 733/733/733 746/746/746
f 732/732/732 746/746/746 745/745/745
f 733/733/733 734/734/734 747/747/747
f 733/733/733 747/747/747 746/746/746
f 734/734/734 735/735/735 748/748/748
f 734/734/734 748/748/748 747/747/747
f 735/735/735 736/736/736 749/749/749
f 735/735/735 749/749/749 748/748/748
f 736/736/736 737/737/737 750/750/750
f 736/736/736 750/750/750 749/749/749
f 737/737/737 738/738/738 751/751/751
f 737/737/737 751/751/751 750/750/750
f 738/738/738 739/739/739 752/752/752
f 738/738/738 752/752/752 751/751/751
f 739/739/739 740/740/740 753/753/753
f 739/739/739 753/753/753 752/752/752
f 740/740/740 741/741/741 754/754/754
f 740/740/740 754/754/754 753/753/753
f 742/742/742 743/743/743 756/756/756
f 742/742/742 756/756/756 755/755/755
f 743/743/743 744/744/744 757/757/757
f 743/743/743 757/757/757 756/756/756
f 744/744/744 745/745/745 758/758/758
f 744/744/744 758/758/758 757/757/757
f 745/745/745 746/746/746 759/759/759
f 745/745/745 759/759/759 758/758/758
f 746/746/746 747/747/747 760/760/760
f 746/746/746 760/760/760 759/759/759
f 747/747/747 748/748/748 761/761/761
f 747/747/747 761/761/761 760/760/760
f 748/748/748 749/749/749 762/762/762
f 748/748/748 762/762/762 761/761/761
f 749/749/749 750/750/750 763/763/763
f 749/749/749 763/763/763 762/762/762
f 750/750/750 751/751/751 764/764/764
f 750/750/750 764/764/764 763/763/763
f 751/751/751 752/752/752 765/765/765
f 751/751/751 765/765/765 764/764/764
f 752/752/752 753/753/753 766/766/766
f 752/752/752 766/766/766 765/765/765
f 753/753/753 754/754/754 767/767/767
f 753/753/753 767/767/767 766/766/766
f 755/755/755 756/756/756 769/769/769
f 755/755/755 769/769/769 768/768/768
f 756/756/756 757/757/757 770/770/770
f 756/756/756 770/770/770 769/769/769
f 757/757/757 758/758/758 771/771/771
f 757/757/757 771/771/771 770/770/770
f 758/758/758 759/759/759 772/772/772
f 758/758/758 772/772/772 771/771/771
f 759/759/759 760/760/760 773/773/773
f 759/759/759 773/773/773 772/772/772
f 760/760/760 761/761/761 774/774/774
f 760/760/760 774/774/774 773/773/773
f 761/761/761 762/762/762 775/775/775
f 761/761/761 775/775/775 774/774/774
f 762/762/762 763/763/763 776/776/776
f 762/762/762 776/776/776 775/775/775
f 763/763/763 764/764/764 777/777/777
f 763/763/763 777/777/777 776/776/776
f 764/764/764 765/765/765 778/778/778
f 764/764/764 778/778/778 777/777/777
f 765/765/765 766/766/766 779/779/779
f 765/765/765 779/779/779 778/778/778
f 766/766/766 767/767/767 780/780/780
f 766/766/766 780/780/780 779/779/779
f 768/768/768 769/769/769 782/782/782
f 768/768/768 782/782/782 781/781/781
f 769/769/769 770/770/770 783/783/783
f 769/769/769 783/783/783 782/782/782
f 770/770/770 771/771/771 784/784/784
f 770/770/770 784/784/784 783/783/783
f 771/771/771 772/772/772 785/785/785
f 771/771/771 785/785/785 784/784/784
f 772/772/772 773/773/773 786/786/786
f 772/772/772 786/786/786 785/785/785
f 773/773/773 774/774/774 787/787/787
f 773/773/773 787/787/787 786/786/786
f 774/774/774 775/775/775 788/788/788
f 774/774/774 788/788/788 787/787/787
f 775/775/775 776/776/776 789/789/789
f 775/775/775 789/789/789 788/788/788
f 776/776/776 777/777/777 790/790/790
f 776/776/776 790/790/790 789/789/789
f 777/777/777 778/778/778 791/791/791
f 777/777/777 791/791/791 790/790/790
f 778/778/778 779/779/779 792/792/792
f 778/778/778 792/792/792 791/791/791
f 779/779/779 780/780/780 793/793/793
f 779/779/779 793/793/793 792/792/792
f 781/781/781 782/782/782 795/795/795
f 781/781/781 795/795/795 794/794/794
f 782/782/782 783/783/783 796/796/796
f 782/782/782 796/796/796 795/795/795
f 783/783/783 784/784/784 797/797/797
f 783/783/783 797/797/797 796/796/796
f 784/784/784 785/785/785 798/798/798
f 784/784/784 798/798/798 797/797/797
f 785/785/785 786/786/786 799/799/799
f 785/785/785 799/799/799 798/798/798
f 786/786/786 787/787/787 800/800/800
f 786/786/786 800/800/800 799/799/799
f 787/787/787 788/788/788 801/801/801
f 787/787/787 801/801/801 800/800/800
f 788/788/788 789/789/789 802/802/802
f 788/788/788 802/802/802 801/801/801
f 789/789/789 790/790/790 803/803/803
f 789/789/789 803/803/803 802/802/802
f 790/790/790 791/791/791 804/804/804
f 790/790/790 804/804/804 803/803/803
f 791/791/791 792/792/792 805/805/805
f 791/791/791 805/805/805 804/804/804
f 792/792/792 793/793/793 806/806/806
f 792/792/792 806/806/806 805/805/805
f 794/794/794 795/795/795 808/808/808
f 794/794/794 808/808/808 807/807/807
f 795/795/795 796/796/796 809/809/809
f 795/795/795 809/809/809 808/808/808
f 796/796/796 797/797/797 810/810/810
f 796/796/796 810/810/810 809/809/809
f 797/797/797 798/798/798 811/811/811
f 797/797/797 811/811/811 810/810/810
f 798/798/798 799/799/799 812/812/812
f 798/798/798 812/812/812 811/811/811
f 799/799/799 800/800/800 813/813/813
f 799/799/799 813/813/813 812/812/812
f 800/800/800 801/801/801 814/814/814
f 800/800/800 814/814/814 813/813/813
f 801/801/801 802/802/802 815/815/815
f 801/801/801 815/815/815 814/814/814
f 802/802/802 803/803/803 816/816/816
f 802/802/802 816/816/816 815/815/815
f 803/803/803 804/804/804 817/817/817
f 803/803/803 817/817/817 816/816/816
f 804/804/804 805/805/805 818/818/818
f 804/804/804 818/818/818 817/817/817
f 805/805/805 806/806/806 819/819/819
f 805/805/805 819/819/819 818/818/818
f 807/807/807 808/808/808 821/821/821
f 807/807/807 821/821/821 820/820/820
f 808/808/808 809/809/809 822/822/822
f 808/808/808 822/822/822 821/821/821
f 809/809/809 810/810/810 823/823/823
f 809/809/809 823/823/823 822/822/822
f 810/810/810 811/811/811 824/824/824
f 810/810/810 824/824/824 823/823/823
f 811/811/811 812/812/812 825/825/825
f 811/811/811 825/825/825 824/824/824
f 812/812/812 813/813/813 826/826/826
f 812/812/812 826/826/826 825/825/825
f 813/813/813 814/814/814 827/827/827
f 813/813/813 827/827/827 826/826/826
f 814/814/814 815/815/815 828/828/828
f 814/814/814 828/828/828 827/827/827
f 815/815/815 816/816/816 829/829/829
f 815/815/815 829/829/829 828/828/828
f 816/816/816 817/817/817 830/830/830
f 816/816/816 830/830/830 829/829/829
f 817/817/817 818/818/818 831/831/831
f 817/817/817 831/831/831 830/830/830
f 818/818/818 819/819/819 832/832/832
f 818/818/818 832/832/832 831/831/831
f 820/820/820 821/821/821 834/834/834
f 820/820/820 834/834/834 833/833/833
f 821/821/821 822/822/822 835/835/835
f 821/821/821 835/835/835 834/834/834
f 822/822/822 823/823/823 836/836/836
f 822/822/822 836/836/836 835/835/835
f 823/823/823 824/824/824 837/837/837
f 823/823/823 837/837/837 836/836/836
f 824/824/824 825/825/825 838/838/838
f 824/824/824 838/838/838 837/837/837
f 825/825/825 826/826/826 839/839/839
f 825/825/825 839/839/839 838/838/838
f 826/826/826 827/827/827 840/840/840
f 826/826/826 840/840/840 839/839/839
f 827/827/827 828/828/828 841/841/841
f 827/827/827 841/841/841 840/840/840
f 828/828/828 829/829/829 842/842/842
f 828/828/828 842/842/842 841/841/841
f 829/829/829 830/830/830 843/843/843
f 829/829/829 843/843/843 842/842/842
f 830/830/830 831/831/831 844/844/844
f 830/830/830 844/844/844 843/843/843
f 831/831/831 832/832/832 845/845/845
f 831/831/831 845/845/845 844/844/844
f 846/846/846 847/847/847 860/860/860
f 846/846/846 860/860/860 859/859/859
f 847/847/847 848/848/848 861/861/861
f 847/847/847 861/861/861 860/860/860
f 848/848/848 849/849/849 862/862/862
f 848/848/848 862/862/862 861/861/861
f 849/849/849 850/850/850 863/863/863
f 849/849/849 863/863/863 862/862/862
f 850/850/850 851/851/851 864/864/864
f 850/850/850 864/864/864 863/863/863
f 851/851/851 852/852/852 865/865/865
f 851/851/851 865/865/865 864/864/864
f 852/852/852 853/853/853 866/866/866
f 852/852/852 866/866/866 865/865/865
f 853/853/853 854/854/854 867/867/867
f 853/853/853 867/867/867 866/866/866
f 854/854/854 855/855/855 868/868/868
f 854/854/854 868/868/868 867/867/867
f 855/855/855 856/856/856 869/869/869
f 855/855/855 869/869/869 868/868/868
f 856/856/856 857/857/857 870/870/870
f 856/856/856 870/870/870 869/869/869
f 857/857/857 858/858/858 871/871/871
f 857/857/857 871/871/871 870/870/870
f 859/859/859 860/860/860 873/873/873
f 859/859/859 873/873/873 872/872/872
f 860/860/860 861/861/861 874/874/874
f 860/860/860 874/874/874 873/873/873
f 861/861/861 862/862/862 875/875/875
f 861/861/861 875/875/875 874/874/874
f 862/862/862 863/863/863 876/876/876
f 862/862/862 876/876/876 875/875/875
f 863/863/863 864/864/864 877/877/877
f 863/863/863 877/877/877 876/876/876
f 864/864/864 865/865/865 878/878/878
f 864/864/864 878/878/878 877/877/877
f 865/865/865 866/866/866 879/879/879
f 865/865/865 879/879/879 878/878/878
f 866/866/866 867/867/867 880/880/880
f 866/866/866 880/880/880 879/879/879
f 867/867/867 868/868/868 881/881/881
f 867/867/867 881/881/881 880/880/880
f 868/868/868 869/869/869 882/882/882
f 868/868/868 882/882/882 881/881/881
f 869/869/869 870/870/870 883/883/883
f 869/869/869 883/883/883 882/882/882
f 870/870/870 871/871/871 884/884/884
f 870/870/870 884/884/884 883/883/883
f 872/872/872 873/873/873 886/886/886
f 872/872/872 886/886/886 885/885/885
f 873/873/873 874/874/874 887/887/887
f 873/873/873 887/887/887 886/886/886
f 874/874/874 875/875/875 888/888/888
f 874/874/874 888/888/888 887/887/887
f 875/875/875 876/876/876 889/889/889
f 875/875/875 889/889/889 888/888/888
f 876/876/876 877/877/877 890/890/890
f 876/876/876 890/890/890 889/889/889
f 877/877/877 878/878/878 891/891/891
f 877/877/877 891/891/891 890/890/890
f 878/878/878 879/879/879 892/892/892
f 878/878/878 892/892/892 891/891/891
f 879/879/879 880/880/880 893/893/893
f 879/879/879 893/893/893 892/892/892
f 880/880/880 881/881/881 894/894/894
f 880/880/880 894/894/894 893/893/893
f 881/881/881 882/882/882 895/895/895
f 881/881/881 895/895/895 894/894/894
f 882/882/882 883/883/883 896/896/896
f 882/882/882 896/896/896 895/895/895
f 883/883/883 884/884/884 897/897/897
f 883/883/883 897/897/897 896/896/896
f 885/885/885 886/886/886 899/899/899
f 885/885/885 899/899/899 898/898/898
f 886/886/886 887/887/887 900/900/900
f 886/886/886 900/900/900 899/899/899
f 887/887/887 888/888/888 901/901/901
f 887/887/887 901/901/901 900/900/900
f 888/888/888 889/889/889 902/902/902
f 888/888/888 902/902/902 901/901/901
f 889/889/889 890/890/890 903/903/903
f 889/889/889 903/903/903 902/902/902
f 890/890/890 891/891/891 904/904/904
f 890/890/890 904/904/904 903/903/903
f 891/891/891 892/892/892 905/905/905
f 891/891/891 905/905/905 904/904/904
f 892/892/892 893/893/893 906/906/906
f 892/892/892 906/906/906 905/905/905
f 893/893/893 894/894/894 907/907/907
f 893/893/893 907/907/907 906/906/906
f 894/894/894 895/895/895 908/908/908
f 894/894/894 908/908/908 907/907/907
f 895/895/895 896/896/896 909/909/909
f 895/895/895 909/909/909 908/908/908
f 896/896/896 897/897/897 910/910/910
f 896/896/896 910/910/910 909/909/909
f 898/898/898 899/899/899 912/912/912
f 898/898/898 912/912/912 911/911/911
f 899/899/899 900/900/900 913/913/913
f 899/899/899 913/913/913 912/912/912
f 900/900/900 901/901/901 914/914/914
f 900/900/900 914/914/914 913/913/913
f 901/901/901 902/902/902 915/915/915
f 901/901/901 915/915/915 914/914/914
f 902/902/902 903/903/903 916/916/916
f 902/902/902 916/916/916 915/915/915
f 903/903/903 904/904/904 917/917/917
f 903/903/903 917/917/917 916/916/916
f 904/904/904 905/905/905 918/918/918
f 904/904/904 918/918/918 917/917/917
f 905/905/905 906/906/906 919/919/919
f 905/905/905 919/919/919 918/918/918
f 906/906/906 907/907/907 920/920/920
f 906/906/906 920/920/920 919/919/919
f 907/907/907 908/908/908 921/921/921
f 907/907/907 921/921/921 920/920/920
f 908/908/908 909/909/909 922/922/922
f 908/908/908 922/922/922 921/921/921
f 909/909/909 910/910/910 923/923/923
f 909/909/909 923/923/923 922/922/922
f 911/911/911 912/912/912 925/925/925
f 911/911/911 925/925/925 924/924/924
f 912/912/912 913/913/913 926/926/926
f 912/912/912 926/926/926 925/925/925
f 913/913/913 914/914/914 927/927/927
f 913/913/913 927/927/927 926/926/926
f 914/914/914 915/915/915 928/928/928
f 914/914/914 928/928/928 927/927/927
f 915/915/915 916/916/916 929/929/929
f 915/915/915 929/929/929 928/928/928
f 916/916/916 917/917/917 930/930/930
f 916/916/916 930/930/930 929/929/929
f 917/917/917 918/918/918 931/931/931
f 917/917/917 931/931/931 930/930/930
f 918/918/918 919/919/919 932/932/932
f 918/918/918 932/932/932 931/931/931
f 919/919/919 920/920/920 933/933/933
f 919/919/919 933/933/933 932/932/932
f 920/920/920 921/921/921 934/934/934
f 920/920/920 934/934/934 933/933/933
f 921/921/921 922/922/922 935/935/935
f 921/921/921 935/935/935 934/934/934
f 922/922/922 923/923/923 936/936/936
f 922/922/922 936/936/936 935/935/935
f 924/924/924 925/925/925 938/938/938
f 924/924/924 938/938/938 937/937/937
f 925/925/925 926/926/926 939/939/939
f 925/925/925 939/939/939 938/938/938
f 926/926/926 927/927/927 940/940/940
f 926/926/926 940/940/940 939/939/939
f 927/927/927 928/928/928 941/941/941
f 927/927/927 941/941/941 940/940/940
f 928/928/928 929/929/929 942/942/942
f 928/928/928 942/942/942 941/941/941
f 929/929/929 930/930/930 943/943/943
f 929/929/929 943/943/943 942/942/942
f 930/930/930 931/931/931 944/944/944
f 930/930/930 944/944/944 943/943/943
f 931/931/931 932/932/932 945/945/945
f 931/931/931 945/945/945 944/944/944
f 932/932/932 933/933/933 946/946/946
f 932/932/932 946/946/946 945/945/945
f 933/933/933 934/934/934 947/947/947
f 933/933/933 947/947/947 946/946/946
f 934/934/934 935/935/935 948/948/948
f 934/934/934 948/948/948 947/947/947
f 935/935/935 936/936/936 949/949/949
f 935/935/935 949/949/949 948/948/948
f 937/937/937 938/938/938 951/951/951
f 937/937/937 951/951/951 950/950/950
f 938/938/938 939/939/939 952/952/952
f 938/938/938 952/952/952 951/951/951
f 939/939/939 940/940/940 953/953/953
f 939/939/939 953/953/953 952/952/952
f 940/940/940 941/941/941 954/954/954
f 940/940/940 954/954/954 953/953/953
f 941/941/941 942/942/942 955/955/955
f 941/941/941 955/955/955 954/954/954
f 942/942/942 943/943/943 956/956/956
f 942/942/942 956/956/956 955/955/955
f 943/943/943 944/944/944 957/957/957
f 943/943/943 957/957/957 956/956/956
f 944/944/944 945/945/945 958/958/958
f 944/944/944 958/958/958 957/957/957
f 945/945/945 946/946/946 959/959/959
f 945/945/945 959/959/959 958/958/958
f 946/946/946 947/947/947 960/960/960
f 946/946/946 960/960/960 959/959/959
f 947/947/947 948/948/948 961/961/961
f 947/947/947 961/961/961 960/960/960
f 948/948/948 949/949/949 962/962/962
f 948/948/948 962/962/962 961/961/961
f 950/950/950 951/951/951 964/964/964
f 950/950/950 964/964/964 963/963/963
f 951/951/951 952/952/952 965/965/965
f 951/951/951 965/965/965 964/964/964
f 952/952/952 953/953/953 966/966/966
f 952/952/952 966/966/966 965/965/965
f 953/953/953 954/954/954 967/967/967
f 953/953/953 967/967/967 966/966/966
f 954/954/954 955/955/955 968/968/968
f 954/954/954 968/968/968 967/967/967
f 955/955/955 956/956/956 969/969/969
f 955/955/955 969/969/969 968/968/968
f 956/956/956 957/957/957 970/970/970
f 956/956/956 970/970/970 969/969/969
f 957/957/957 958/958/958 971/971/971
f 957/957/957 971/971/971 970/970/970
f 958/958/958 959/959/959 972/972/972
f 958/958/958 972/972/972 971/971/971
f 959/959/959 960/960/960 973/973/973
f 959/959/959 973/973/973 972/972/972
f 960/960/960 961/961/961 974/974/974
f 960/960/960 974/974/974 973/973/973
f 961/961/961 962/962/962 975/975/975
f 961/961/961 975/975/975 974/974/974
f 963/963/963 964/964/964 977/977/977
f 963/963/963 977/977/977 976/976/976
f 964/964/964 965/965/965 978/978/978
f 964/964/964 978/978/978 977/977/977
f 965/965/965 966/966/966 979/979/979
f 965/965/965 979/979/979 978/978/978
f 966/966/966 967/967/967 980/980/980
f 966/966/966 980/980/980 979/979/979
f 967/967/967 968/968/968 981/981/981
f 967/967/967 981/981/981 980/980/980
f 968/968/968 969/969/969 982/982/982
f 968/968/968 982/982/982 981/981/981
f 969/969/969 970/970/970 983/983/983
f 969/969/969 983/983/983 982/982/982
f 970/970/970 971/971/971 984/984/984
f 970/970/970 984/984/984 983/983/983
f 971/971/971 972/972/972 985/985/985
f 971/971/971 985/985/985 984/984/984
f 972/972/972 973/973/973 986/986/986
f 972/972/972 986/986/986 985/985/985
f 973/973/973 974/974/974 987/987/987
f 973/973/973 987/987/987 986/986/986
f 974/974/974 975/975/975 988/988/988
f 974/974/974 988/988/988 987/987/987
f 976/976/976 977/977/977 990/990/990
f 976/976/976 990/990/990 989/989/989
f 977/977/977 978/978/978 991/991/991
f 977/977/977 991/991/991 990/990/990
f 978/978/978 979/979/979 992/992/992
f 978/978/978 992/992/992 991/991/991
f 979/979/979 980/980/980 993/993/993
f 979/979/979 993/993/993 992/992/992
f 980/980/980 981/981/981 994/994/994
f 980/980/980 994/994/994 993/993/993
f 981/981/981 982/982/982 995/995/995
f 981/981/981 995/995/995 994/994/994
f 982/982/982 983/983/983 996/996/996
f 982/982/982 996/996/996 995/995/995
f 983/983/983 984/984/984 997/997/997
f 983/983/983 997/997/997 996/996/996
f 984/984/984 985/985/985 998/998/998
f 984/984/984 998/998/998 997/997/997
f 985/985/985 986/986/986 999/999/999
f 985/985/985 999/999/999 998/998/998
f 986/986/986 987/987/987 1000/1000/1000
f 986/986/986 1000/1000/1000 999/999/999
f 987/987/987 988/988/988 1001/1001/1001
f 987/987/987 1001/1001/1001 1000/1000/1000
f 989/989/989 990/990/990 1003/1003/1003
f 989/989/989 1003/1003/1003 1002/1002/1002
f 990/990/990 991/991/991 1004/1004/1004
f 990/990/990 1004/1004/1004 1003/1003/1003
f 991/991/991 992/992/992 1005/1005/1005
f 991/991/991 1005/1005/1005 1004/1004/1004
f 992/992/992 993/993/993 1006/1006/1006
f 992/992/992 1006/1006/1006 1005/1005/1005
f 993/993/993 994/994/994 1007/1007/1007
f 993/993/993 1007/1007/1007 1006/1006/1006
f 994/994/994 995/995/995 1008/1008/1008
f 994/994/994 1008/1008/1008 1007/1007/1007
f 995/995/995 996/996/996 1009/1009/1009
f 995/995/995 1009/1009/1009 1008/1008/1008
f 996/996/996 997/997/997 1010/1010/1010
f 996/996/996 1010/1010/1010 1009/1009/1009
f 997/997/997 998/998/998 1011/1011/1011
f 997/997/997 1011/1011/1011 1010/1010/1010
f 998/998/998 999/999/999 1012/1012/1012
f 998/998/998 1012/1012/1012 1011/1011/1011
f 999/999/999 1000/1000/1000 1013/1013/1013
f 999/999/999 1013/1013/1013 1012/1012/1012
f 1000/1000/1000 1001/1001/1001 1014/1014/1014
f 1000/1000/1000 1014/1014/1014 1013/1013/1013
f 1015/1015/1015 1016/1016/1016 1029/1029/1029
f 1015/1015/1015 1029/1029/1029 1028/1028/1028
f 1016/1016/1016 1017/1017/1017 1030/1030/1030
f 1016/1016/1016 1030/1030/1030 1029/1029/1029
f 1017/1017/1017 1018/1018/1018 1031/1031/1031
f 1017/1017/1017 1031/1031/1031 1030/1030/1030
f 1018/1018/1018 1019/1019/1019 1032/1032/1032
f 1018/1018/1018 1032/1032/1032 1031/1031/1031
f 1019/1019/1019 1020/1020/1020 1033/1033/1033
f 1019/1019/1019 1033/1033/1033 1032/1032/1032
f 1020/1020/1020 1021/1021/1021 1034/1034/1034
f 1020/1020/1020 1034/1034/1034 1033/1033/1033
f 1021/1021/1021 1022/1022/1022 1035/1035/1035
f 1021/1021/1021 1035/1035/1035 1034/1034/1034
f 1022/1022/1022 1023/1023/1023 1036/1036/1036
f 1022/1022/1022 1036/1036/1036 1035/1035/1035
f 1023/1023/1023 1024/1024/1024 1037/1037/1037
f 1023/1023/1023 1037/1037/1037 1036/1036/1036
f 1024/1024/1024 1025/1025/1025 1038/1038/1038
f 1024/1024/1024 1038/1038/1038 1037/1037/1037
f 1025/1025/1025 1026/1026/1026 1039/1039/1039
f 1025/1025/1025 1039/1039/1039 1038/1038/1038
f 1026/1026/1026 1027/1027/1027 1040/1040/1040
f 1026/1026/1026 1040/1040/1040 1039/1039/1039
f 1028/1028/1028 1029/1029/1029 1042/1042/1042
f 1028/1028/1028 1042/1042/1042 1041/1041/1041
f 1029/1029/1029 1030/1030/1030 1043/1043/1043
f 1029/1029/1029 1043/1043/1043 1042/1042/1042
f 1030/1030/1030 1031/1031/1031 1044/1044/1044
f 1030/1030/1030 1044/1044/1044 1043/1043/1043
f 1031/1031/1031 1032/1032/1032 1045/1045/1045
f 1031/1031/1031 1045/1045/1045 1044/1044/1044
f 1032/1032/1032 1033/1033/1033 1046/1046/1046
f 1032/1032/1032 1046/1046/1046 1045/1045/1045
f 1033/1033/1033 1034/1034/1034 1047/1047/1047
f 1033/1033/1033 1047/1047/1047 1046/1046/1046
f 1034/1034/1034 1035/1035/1035 1048/1048/1048
f 1034/1034/1034 1048/1048/1048 1047/1047/1047
f 1035/1035/1035 1036/1036/1036 1049/1049/1049
f 1035/1035/1035 1049/1049/1049 1048/1048/1048
f 1036/1036/1036 1037/1037/1037 1050/1050/1050
f 1036/1036/1036 1050/1050/1050 1049/1049/1049
f 1037/1037/1037 1038/1038/1038 1051/1051/1051
f 1037/1037/1037 1051/1051/1051 1050/1050/1050
f 1038/1038/1038 1039/1039/1039 1052/1052/1052
f 1038/1038/1038 1052/1052/1052 1051/1051/1051
f 1039/1039/1039 1040/1040/1040 1053/1053/1053
f 1039/1039/1039 1053/1053/1053 1052/1052/1052
f 1041/1041/1041 1042/1042/1042 1055/1055/1055
f 1041/1041/1041 1055/1055/1055 1054/1054/1054
f 1042/1042/1042 1043/1043/1043 1056/1056/1056
f 1042/1042/1042 1056/1056/1056 1055/1055/1055
f 1043/1043/1043 1044/1044/1044 1057/1057/1057
f 1043/1043/1043 1057/1057/1057 1056/1056/1056
f 1044/1044/1044 1045/1045/1045 1058/1058/1058
f 1044/1044/1044 1058/1058/1058 1057/1057/1057
f 1045/1045/1045 1046/1046/1046 1059/1059/1059
f 1045/1045/1045 1059/1059/1059 1058/1058/1058
f 1046/1046/1046 1047/1047/1047 1060/1060/1060
f 1046/1046/1046 1060/1060/1060 1059/1059/1059
f 1047/1047/1047 1048/1048/1048 1061/1061/1061
f 1047/1047/1047 1061/1061/1061 1060/1060/1060
f 1048/1048/1048 1049/1049/1049 1062/1062/1062
f 1048/1048/1048 1062/1062/1062 1061/1061/1061
f 1049/1049/1049 1050/1050/1050 1063/1063/1063
f 1049/1049/1049 1063/1063/1063 1062/1062/1062
f 1050/1050/1050 1051/1051/1051 1064/1064/1064
f 1050/1050/1050 1064/1064/1064 1063/1063/1063
f 1051/1051/1051 1052/1052/1052 1065/1065/1065
f 1051/1051/1051 1065/1065/1065 1064/1064/1064
f 1052/1052/1052 1053/1053/1053 1066/1066/1066
f 1052/1052/1052 1066/1066/1066 1065/1065/1065
f 1054/1054/1054 1055/1055/1055 1068/1068/1068
f 1054/1054/1054 1068/1068/1068 1067/1067/1067
f 1055/1055/1055 1056/1056/1056 1069/1069/1069
f 1055/1055/1055 1069/1069/1069 1068/1068/1068
f 1056/1056/1056 1057/1057/1057 1070/1070/1070
f 1056/1056/1056 1070/1070/1070 1069/1069/1069
f 1057/1057/1057 1058/1058/1058 1071/1071/1071
f 1057/1057/1057 1071/1071/1071 1070/1070/1070
f 1058/1058/1058 1059/1059/1059 1072/1072/1072
f 1058/1058/1058 1072/1072/1072 1071/1071/1071
f 1059/1059/1059 1060/1060/1060 1073/1073/1073
f 1059/1059/1059 1073/1073/1073 1072/1072/1072
f 1060/1060/1060 1061/1061/1061 1074/1074/1074
f 1060/1060/1060 1074/1074/1074 1073/1073/1073
f 1061/1061/1061 1062/1062/1062 1075/1075/1075
f 1061/1061/1061 1075/1075/1075 1074/1074/1074
f 1062/1062/1062 1063/1063/1063 1076/1076/1076
f 1062/1062/1062 1076/1076/1076 1075/1075/1075
f 1063/1063/1063 1064/1064/1064 1077/1077/1077
f 1063/1063/1063 1077/1077/1077 1076/1076/1076
f 1064/1064/1064 1065/1065/1065 1078/1078/1078
f 1064/1064/1064 1078/1078/1078 1077/1077/1077
f 1065/1065/1065 1066/1066/1066 1079/1079/1079
f 1065/1065/1065 1079/1079/1079 1078/1078/1078
f 1067/1067/1067 1068/1068/1068 1081/1081/1081
f 1067/1067/1067 1081/1081/1081 1080/1080/1080
f 1068/1068/1068 1069/1069/1069 1082/1082/1082
f 1068/1068/1068 1082/1082/1082 1081/1081/1081
f 1069/1069/1069 1070/1070/1070 1083/1083/1083
f 1069/1069/1069 1083/1083/1083 1082/1082/1082
f 1070/1070/1070 1071/1071/1071 1084/1084/1084
f 1070/1070/1070 1084/1084/1084 1083/1083/1083
f 1071/1071/1071 1072/1072/1072 1085/1085/1085
f 1071/1071/1071 1085/1085/1085 1084/1084/1084
f 1072/1072/1072 1073/1073/1073 1086/1086/1086
f 1072/1072/1072 1086/1086/1086 1085/1085/1085
f 1073/1073/1073 1074/1074/1074 1087/1087/1087
f 1073/1073/1073 1087/1087/1087 1086/1086/1086
f 1074/1074/1074 1075/1075/1075 1088/1088/1088
f 1074/1074/1074 1088/1088/1088 1087/1087/1087
f 1075/1075/1075 1076/1076/1076 1089/1089/1089
f 1075/1075/1075 1089/1089/1089 1088/1088/1088
f 1076/1076/1076 1077/1077/1077 1090/1090/1090
f 1076/1076/1076 1090/1090/1090 1089/1089/1089
f 1077/1077/1077 1078/1078/1078 1091/1091/1091
f 1077/1077/1077 1091/1091/1091 1090/1090/1090
f 1078/1078/1078 1079/1079/1079 1092/1092/1092
f 1078/1078/1078 1092/1092/1092 1091/1091/1091
f 1080/1080/1080 1081/1081/1081 1094/1094/1094
f 1080/1080/1080 1094/1094/1094 1093/1093/1093
f 1081/1081/1081 1082/1082/1082 1095/1095/1095
f 1081/1081/1081 1095/1095/1095 1094/1094/1094
f 1082/1082/1082 1083/1083/1083 1096/1096/1096
f 1082/1082/1082 1096/1096/1096 1095/1095/1095
f 1083/1083/1083 1084/1084/1084 1097/1097/1097
f 1083/1083/1083 1097/1097/1097 1096/1096/1096
f 1084/1084/1084 1085/1085/1085 1098/1098/1098
f 1084/1084/1084 1098/1098/1098 1097/1097/1097
f 1085/1085/1085 1086/1086/1086 1099/1099/1099
f 1085/1085/1085 1099/1099/1099 1098/1098/1098
f 1086/1086/1086 1087/1087/1087 1100/1100/1100
f 1086/1086/1086 1100/1100/1100 1099/1099/1099
f 1087/1087/1087 1088/1088/1088 1101/1101/1101
f 1087/1087/1087 1101/1101/1101 1100/1100/1100
f 1088/1088/1088 1089/1089/1089 1102/1102/1102
f 1088/1088/1088 1102/1102/1102 1101/1101/1101
f 1089/1089/1089 1090/1090/1090 1103/1103/1103
f 1089/1089/1089 1103/1103/1103 1102/1102/1102
f 1090/1090/1090 1091/1091/1091 1104/1104/1104
f 1090/1090/1090 1104/1104/1104 1103/1103/1103
f 1091/1091/1091 1092/1092/1092 1105/1105/1105
f 1091/1091/1091 1105/1105/1105 1104/1104/1104
f 1093/1093/1093 1094/1094/1094 1107/1107/1107
f 1093/1093/1093 1107/1107/1107 1106/1106/1106
f 1094/1094/1094 1095/1095/1095 1108/1108/1108
f 1094/1094/1094 1108/1108/1108 1107/1107/1107
f 1095/1095/1095 1096/1096/1096 1109/1109/1109
f 1095/1095/1095 1109/1109/1109 1108/1108/1108
f 1096/1096/1096 1097/1097/1097 1110/1110/1110
f 1096/1096/1096 1110/1110/1110 1109/1109/1109
f 1097/1097/1097 1098/1098/1098 1111/1111/1111
f 1097/1097/1097 1111/1111/1111 1110/1110/1110
f 1098/1098/1098 1099/1099/1099 1112/1112/1112
f 1098/1098/1098 1112/1112/1112 1111/1111/1111
f 1099/1099/1099 1100/1100/1100 1113/1113/1113
f 1099/1099/1099 1113/1113/1113 1112/1112/1112
f 1100/1100/1100 1101/1101/1101 1114/1114/1114
f 1100/1100/1100 1114/1114/1114 1113/1113/1113
f 1101/1101/1101 1102/1102/1102 1115/1115/1115
f 1101/1101/1101 1115/1115/1115 1114/1114/1114
f 1102/1102/1102 1103/1103/1103 1116/1116/1116
f 1102/1102/1102 1116/1116/1116 1115/1115/1115
f 1103/1103/1103 1104/1104/1104 1117/1117/1117
f 1103/1103/1103 1117/1117/1117 1116/1116/1116
f 1104/1104/1104 1105/1105/1105 1118/1118/1118
f 1104/1104/1104 1118/1118/1118 1117/1117/1117
f 1106/1106/1106 1107/1107/1107 1120/1120/1120
f 1106/1106/1106 1120/1120/1120 1119/1119/1119
f 1107/1107/1107 1108/1108/1108 1121/1121/1121
f 1107/1107/1107 1121/1121/1121 1120/1120/1120
f 1108/1108/1108 1109/1109/1109 1122/1122/1122
f 1108/1108/1108 1122/1122/1122 1121/1121/1121
f 1109/1109/1109 1110/1110/1110 1123/1123/1123
f 1109/1109/1109 1123/1123/1123 1122/1122/1122
f 1110/1110/1110 1111/1111/1111 1124/1124/1124
f 1110/1110/1110 1124/1124/1124 1123/1123/1123
f 1111/1111/1111 1112/1112/1112 1125/1125/1125
f 1111/1111/1111 1125/1125/1125 1124/1124/1124
f 1112/1112/1112 1113/1113/1113 1126/1126/1126
f 1112/1112/1112 1126/1126/1126 1125/1125/1125
f 1113/1113/1113 1114/1114/1114 1127/1127/1127
f 1113/1113/1113 1127/1127/1127 1126/1126/1126
f 1114/1114/1114 1115/1115/1115 1128/1128/1128
f 1114/1114/1114 1128/1128/1128 1127/1127/1127
f 1115/1115/1115 1116/1116/1116 1129/1129/1129
f 1115/1115/1115 1129/1129/1129 1128/1128/1128
f 1116/1116/1116 1117/1117/1117 1130/1130/1130
f 1116/1116/1116 1130/1130/1130 1129/1129/1129
f 1117/1117/1117 1118/1118/1118 1131/1131/1131
f 1117/1117/1117 1131/1131/1131 1130/1130/1130
f 1119/1119/1119 1120/1120/1120 1133/1133/1133
f 1119/1119/1119 1133/1133/1133 1132/1132/1132
f 1120/1120/1120 1121/1121/1121 1134/1134/1134
f 1120/1120/1120 1134/1134/1134 1133/1133/1133
f 1121/1121/1121 1122/1122/1122 1135/1135/1135
f 1121/1121/1121 1135/1135/1135 1134/1134/1134
f 1122/1122/1122 1123/1123/1123 1136/1136/1136
f 1122/1122/1122 1136/1136/1136 1135/1135/1135
f 1123/1123/1123 1124/1124/1124 1137/1137/1137
f 1123/1123/1123 1137/1137/1137 1136/1136/1136
f 1124/1124/1124 1125/1125/1125 1138/1138/1138
f 1124/1124/1124 1138/1138/1138 1137/1137/1137
f 1125/1125/1125 1126/1126/1126 1139/1139/1139
f 1125/1125/1125 1139/1139/1139 1138/1138/1138
f 1126/1126/1126 1127/1127/1127 1140/1140/1140
f 1126/1126/1126 1140/1140/1140 1139/1139/1139
f 1127/1127/1127 1128/1128/1128 1141/1141/1141
f 1127/1127/1127 1141/1141/1141 1140/1140/1140
f 1128/1128/1128 1129/1129/1129 1142/1142/1142
f 1128/1128/1128 1142/1142/1142 1141/1141/1141
f 1129/1129/1129 1130/1130/1130 1143/1143/1143
f 1129/1129/1129 1143/1143/1143 1142/1142/1142
f 1130/1130/1130 1131/1131/1131 1144/1144/1144
f 1130/1130/1130 1144/1144/1144 1143/1143/1143
f 1132/1132/1132 1133/1133/1133 1146/1146/1146
f 1132/1132/1132 1146/1146/1146 1145/1145/1145
f 1133/1133/1133 1134/1134/1134 1147/1147/1147
f 1133/1133/1133 1147/1147/1147 1146/1146/1146
f 1134/1134/1134 1135/1135/1135 1148/1148/1148
f 1134/1134/1134 1148/1148/1148 1147/1147/1147
f 1135/1135/1135 1136/1136/1136 1149/1149/1149
f 1135/1135/1135 1149/1149/1149 1148/1148/1148
f 1136/1136/1136 1137/1137/1137 1150/1150/1150
f 1136/1136/1136 1150/1150/1150 1149/1149/1149
f 1137/1137/1137 1138/1138/1138 1151/1151/1151
f 1137/1137/1137 1151/1151/1151 1150/1150/1150
f 1138/1138/1138 1139/1139/1139 1152/1152/1152
f 1138/1138/1138 1152/1152/1152 1151/1151/1151
f 1139/1139/1139 1140/1140/1140 1153/1153/1153
f 1139/1139/1139 1153/1153/1153 1152/1152/1152
f 1140/1140/1140 1141/1141/1141 1154/1154/1154
f 1140/1140/1140 1154/1154/1154 1153/1153/1153
f 1141/1141/1141 1142/1142/1142 1155/1155/1155
f 1141/1141/1141 1155/1155/1155 1154/1154/1154
f 1142/1142/1142 1143/1143/1143 1156/1156/1156
f 1142/1142/1142 1156/1156/1156 1155/1155/1155
f 1143/1143/1143 1144/1144/1144 1157/1157/1157
f 1143/1143/1143 1157/1157/1157 1156/1156/1156
f 1145/1145/1145 1146/1146/1146 1159/1159/1159
f 1145/1145/1145 1159/1159/1159 1158/1158/1158
f 1146/1146/1146 1147/1147/1147 1160/1160/1160
f 1146/1146/1146 1160/1160/1160 1159/1159/1159
f 1147/1147/1147 1148/1148/1148 1161/1161/1161
f 1147/1147/1147 1161/1161/1161 1160/1160/1160
f 1148/1148/1148 1149/1149/1149 1162/1162/1162
f 1148/1148/1148 1162/1162/1162 1161/1161/1161
f 1149/1149/1149 1150/1150/1150 1163/1163/1163
f 1149/1149/1149 1163/1163/1163 1162/1162/1162
f 1150/1150/1150 1151/1151/1151 1164/1164/1164
f 1150/1150/1150 1164/1164/1164 1163/1163/1163
f 1151/1151/1151 1152/1152/1152 1165/1165/1165
f 1151/1151/1151 1165/1165/1165 1164/1164/1164
f 1152/1152/1152 1153/1153/1153 1166/1166/1166
f 1152/1152/1152 1166/1166/1166 1165/1165/1165
f 1153/1153/1153 1154/1154/1154 1167/1167/1167
f 1153/1153/1153 1167/1167/1167 1166/1166/1166
f 1154/1154/1154 1155/1155/1155 1168/1168/1168
f 1154/1154/1154 1168/1168/1168 1167/1167/1167
f 1155/1155/1155 1156/1156/1156 1169/1169/1169
f 1155/1155/1155 1169/1169/1169 1168/1168/1168
f 1156/1156/1156 1157/1157/1157 1170/1170/1170
f 1156/1156/1156 1170/1170/1170 1169/1169/1169
f 1158/1158/1158 1159/1159/1159 1172/1172/1172
f 1158/1158/1158 1172/1172/1172 1171/1171/1171
f 1159/1159/1159 1160/1160/1160 1173/1173/1173
f 1159/1159/1159 1173/1173/1173 1172/1172/1172
f 1160/1160/1160 1161/1161/1161 1174/1174/1174
f 1160/1160/1160 1174/1174/1174 1173/1173/1173
f 1161/1161/1161 1162/1162/1162 1175/1175/1175
f 1161/1161/1161 1175/1175/1175 1174/1174/1174
f 1162/1162/1162 1163/1163/1163 1176/1176/1176
f 1162/1162/1162 1176/1176/1176 1175/1175/1175
f 1163/1163/1163 1164/1164/1164 1177/1177/1177
f 1163/1163/1163 1177/1177/1177 1176/1176/1176
f 1164/1164/1164 1165/1165/1165 1178/1178/1178
f 1164/1164/1164 1178/1178/1178 1177/1177/1177
f 1165/1165/1165 1166/1166/1166 1179/1179/1179
f 1165/1165/1165 1179/1179/1179 1178/1178/1178
f 1166/1166/1166 1167/1167/1167 1180/1180/1180
f 1166/1166/1166 1180/1180/1180 1179/1179/1179
f 1167/1167/1167 1168/1168/1168 1181/1181/1181
f 1167/1167/1167 1181/1181/1181 1180/1180/1180
f 1168/1168/1168 1169/1169/1169 1182/1182/1182
f 1168/1168/1168 1182/1182/1182 1181/1181/1181
f 1169/1169/1169 1170/1170/1170 1183/1183/1183
f 1169/1169/1169 1183/1183/1183 1182/1182/1182
f 1184/1184/1184 1185/1185/1185 1198/1198/1198
f 1184/1184/1184 1198/1198/1198 1197/1197/1197
f 1185/1185/1185 1186/1186/1186 1199/1199/1199
f 1185/1185/1185 1199/1199/1199 1198/1198/1198
f 1186/1186/1186 1187/1187/1187 1200/1200/1200
f 1186/1186/1186 1200/1200/1200 1199/1199/1199
f 1187/1187/1187 1188/1188/1188 1201/1201/1201
f 1187/1187/1187 1201/1201/1201 1200/1200/1200
f 1188/1188/1188 1189/1189/1189 1202/1202/1202
f 1188/1188/1188 1202/1202/1202 1201/1201/1201
f 1189/1189/1189 1190/1190/1190 1203/1203/1203
f 1189/1189/1189 1203/1203/1203 1202/1202/1202
f 1190/1190/1190 1191/1191/1191 1204/1204/1204
f 1190/1190/1190 1204/1204/1204 1203/1203/1203
f 1191/1191/1191 1192/1192/1192 1205/1205/1205
f 1191/1191/1191 1205/1205/1205 1204/1204/1204
f 1192/1192/1192 1193/1193/1193 1206/1206/1206
f 1192/1192/1192 1206/1206/1206 1205/1205/1205
f 1193/1193/1193 1194/1194/1194 1207/1207/1207
f 1193/1193/1193 1207/1207/1207 1206/1206/1206
f 1194/1194/1194 1195/1195/1195 1208/1208/1208
f 1194/1194/1194 1208/1208/1208 1207/1207/1207
f 1195/1195/1195 1196/1196/1196 1209/1209/1209
f 1195/1195/1195 1209/1209/1209 1208/1208/1208
f 1197/1197/1197 1198/1198/1198 1211/1211/1211
f 1197/1197/1197 1211/1211/1211 1210/1210/1210
f 1198/1198/1198 1199/1199/1199 1212/1212/1212
f 1198/1198/1198 1212/1212/1212 1211/1211/1211
f 1199/1199/1199 1200/1200/1200 1213/1213/1213
f 1199/1199/1199 1213/1213/1213 1212/1212/1212
f 1200/1200/1200 1201/1201/1201 1214/1214/1214
f 1200/1200/1200 1214/1214/1214 1213/1213/1213
f 1201/1201/1201 1202/1202/1202 1215/1215/1215
f 1201/1201/1201 1215/1215/1215 1214/1214/1214
f 1202/1202/1202 1203/1203/1203 1216/1216/1216
f 1202/1202/1202 1216/1216/1216 1215/1215/1215
f 1203/1203/1203 1204/1204/1204 1217/1217/1217
f 1203/1203/1203 1217/1217/1217 1216/1216/1216
f 1204/1204/1204 1205/1205/1205 1218/1218/1218
f 1204/1204/1204 1218/1218/1218 1217/1217/1217
f 1205/1205/1205 1206/1206/1206 1219/1219/1219
f 1205/1205/1205 1219/1219/1219 1218/1218/1218
f 1206/1206/1206 1207/1207/1207 1220/1220/1220
f 1206/1206/1206 1220/1220/1220 1219/1219/1219
f 1207/1207/1207 1208/1208/1208 1221/1221/1221
f 1207/1207/1207 1221/1221/1221 1220/1220/1220
f 1208/1208/1208 1209/1209/1209 1222/1222/1222
f 1208/1208/1208 1222/1222/1222 1221/1221/1221
f 1210/1210/1210 1211/1211/1211 1224/1224/1224
f 1210/1210/1210 1224/1224/1224 1223/1223/1223
f 1211/1211/1211 1212/1212/1212 1225/1225/1225
f 1211/1211/1211 1225/1225/1225 1224/1224/1224
f 1212/1212/1212 1213/1213/1213 1226/1226/1226
f 1212/1212/1212 1226/1226/1226 1225/1225/1225
f 1213/1213/1213 1214/1214/1214 1227/1227/1227
f 1213/1213/1213 1227/1227/1227 1226/1226/1226
f 1214/1214/1214 1215/1215/1215 1228/1228/1228
f 1214/1214/1214 1228/1228/1228 1227/1227/1227
f 1215/1215/1215 1216/1216/1216 1229/1229/1229
f 1215/1215/1215 1229/1229/1229 1228/1228/1228
f 1216/1216/1216 1217/1217/1217 1230/1230/1230
f 1216/1216/1216 1230/1230/1230 1229/1229/1229
f 1217/1217/1217 1218/1218/1218 1231/1231/1231
f 1217/1217/1217 1231/1231/1231 1230/1230/1230
f 1218/1218/1218 1219/1219/1219 1232/1232/1232
f 1218/1218/1218 1232/1232/1232 1231/1231/1231
f 1219/1219/1219 1220/1220/1220 1233/1233/1233
f 1219/1219/1219 1233/1233/1233 1232/1232/1232
f 1220/1220/1220 1221/1221/1221 1234/1234/1234
f 1220/1220/1220 1234/1234/1234 1233/1233/1233
f 1221/1221/1221 1222/1222/1222 1235/1235/1235
f 1221/1221/1221 1235/1235/1235 1234/1234/1234
f 1223/1223/1223 1224/1224/1224 1237/1237/1237
f 1223/1223/1223 1237/1237/1237 1236/1236/1236
f 1224/1224/1224 1225/1225/1225 1238/1238/1238
f 1224/1224/1224 1238/1238/1238 1237/1237/1237
f 1225/1225/1225 1226/1226/1226 1239/1239/1239
f 1225/1225/1225 1239/1239/1239 1238/1238/1238
f 1226/1226/1226 1227/1227/1227 1240/1240/1240
f 1226/1226/1226 1240/1240/1240 1239/1239/1239
f 1227/1227/1227 1228/1228/1228 1241/1241/1241
f 1227/1227/1227 1241/1241/1241 1240/1240/1240
f 1228/1228/1228 1229/1229/1229 1242/1242/1242
f 1228/1228/1228 1242/1242/1242 1241/1241/1241
f 1229/1229/1229 1230/1230/1230 1243/1243/1243
f 1229/1229/1229 1243/1243/1243 1242/1242/1242
f 1230/1230/1230 1231/1231/1231 1244/1244/1244
f 1230/1230/1230 1244/1244/1244 1243/1243/1243
f 1231/1231/1231 1232/1232/1232 1245/1245/1245
f 1231/1231/1231 1245/1245/1245 1244/1244/1244
f 1232/1232/1232 1233/1233/1233 1246/1246/1246
f 1232/1232/1232 1246/1246/1246 1245/1245/1245
f 1233/1233/1233 1234/1234/1234 1247/1247/1247
f 1233/1233/1233 1247/1247/1247 1246/1246/1246
f 1234/1234/1234 1235/1235/1235 1248/1248/1248
f 1234/1234/1234 1248/1248/1248 1247/1247/1247
f 1236/1236/1236 1237/1237/1237 1250/1250/1250
f 1236/1236/1236 1250/1250/1250 1249/1249/1249
f 1237/1237/1237 1238/1238/1238 1251/1251/1251
f 1237/1237/1237 1251/1251/1251 1250/1250/1250
f 1238/1238/1238 1239/1239/1239 1252/1252/1252
f 1238/1238/1238 1252/1252/1252 1251/1251/1251
f 1239/1239/1239 1240/1240/1240 1253/1253/1253
f 1239/1239/1239 1253/1253/1253 1252/1252/1252
f 1240/1240/1240 1241/1241/1241 1254/1254/1254
f 1240/1240/1240 1254/1254/1254 1253/1253/1253
f 1241/1241/1241 1242/1242/1242 1255/1255/1255
f 1241/1241/1241 1255/1255/1255 1254/1254/1254
f 1242/1242/1242 1243/1243/1243 1256/1256/1256
f 1242/1242/1242 1256/1256/1256 1255/1255/1255
f 1243/1243/1243 1244/1244/1244 1257/1257/1257
f 1243/1243/1243 1257/1257/1257 1256/1256/1256
f 1244/1244/1244 1245/1245/1245 1258/1258/1258
f 1244/1244/1244 1258/1258/1258 1257/1257/1257
f 1245/1245/1245 1246/1246/1246 1259/1259/1259
f 1245/1245/1245 1259/1259/1259 1258/1258/1258
f 1246/1246/1246 1247/1247/1247 1260/1260/1260
f 1246/1246/1246 1260/1260/1260 1259/1259/1259
f 1247/1247/1247 1248/1248/1248 1261/1261/1261
f 1247/1247/1247 1261/1261/1261 1260/1260/1260
f 1249/1249/1249 1250/1250/1250 1263/1263/1263
f 1249/1249/1249 1263/1263/1263 1262/1262/1262
f 1250/1250/1250 1251/1251/1251 1264/1264/1264
f 1250/1250/1250 1264/1264/1264 1263/1263/1263
f 1251/1251/1251 1252/1252/1252 1265/1265/1265
f 1251/1251/1251 1265/1265/1265 1264/1264/1264
f 1252/1252/1252 1253/1253/1253 1266/1266/1266
f 1252/1252/1252 1266/1266/1266 1265/1265/1265
f 1253/1253/1253 1254/1254/1254 1267/1267/1267
f 1253/1253/1253 1267/1267/1267 1266/1266/1266
f 1254/1254/1254 1255/1255/1255 1268/1268/1268
f 1254/1254/1254 1268/1268/1268 1267/1267/1267
f 1255/1255/1255 1256/1256/1256 1269/1269/1269
f 1255/1255/1255 1269/1269/1269 1268/1268/1268
f 1256/1256/1256 1257/1257/1257 1270/1270/1270
f 1256/1256/1256 1270/1270/1270 1269/1269/1269
f 1257/1257/1257 1258/1258/1258 1271/1271/1271
f 1257/1257/1257 1271/1271/1271 1270/1270/1270
f 1258/1258/1258 1259/1259/1259 1272/1272/1272
f 1258/1258/1258 1272/1272/1272 1271/1271/1271
f 1259/1259/1259 1260/1260/1260 1273/1273/1273
f 1259/1259/1259 1273/1273/1273 1272/1272/1272
f 1260/1260/1260 1261/1261/1261 1274/1274/1274
f 1260/1260/1260 1274/1274/1274 1273/1273/1273
f 1262/1262/1262 1263/1263/1263 1276/1276/1276
f 1262/1262/1262 1276/1276/1276 1275/1275/1275
f 1263/1263/1263 1264/1264/1264 1277/1277/1277
f 1263/1263/1263 1277/1277/1277 1276/1276/1276
f 1264/1264/1264 1265/1265/1265 1278/1278/1278
f 1264/1264/1264 1278/1278/1278 1277/1277/1277
f 1265/1265/1265 1266/1266/1266 1279/1279/1279
f 1265/1265/1265 1279/1279/1279 1278/1278/1278
f 1266/1266/1266 1267/1267/1267 1280/1280/1280
f 1266/1266/1266 1280/1280/1280 1279/1279/1279
f 1267/1267/1267 1268/1268/1268 1281/1281/1281
f 1267/1267/1267 1281/1281/1281 1280/1280/1280
f 1268/1268/1268 1269/1269/1269 1282/1282/1282
f 1268/1268/1268 1282/1282/1282 1281/1281/1281
f 1269/1269/1269 1270/1270/1270 1283/1283/1283
f 1269/1269/1269 1283/1283/1283 1282/1282/1282
f 1270/1270/1270 1271/1271/1271 1284/1284/1284
f 1270/1270/1270 1284/1284/1284 1283/1283/1283
f 1271/1271/1271 1272/1272/1272 1285/1285/1285
f 1271/1271/1271 1285/1285/1285 1284/1284/1284
f 1272/1272/1272 1273/1273/1273 1286/1286/1286
f 1272/1272/1272 1286/1286/1286 1285/1285/1285
f 1273/1273/1273 1274/1274/1274 1287/1287/1287
f 1273/1273/1273 1287/1287/1287 1286/1286/1286
f 1275/1275/1275 1276/1276/1276 1289/1289/1289
f 1275/1275/1275 1289/1289/1289 1288/1288/1288
f 1276/1276/1276 1277/1277/1277 1290/1290/1290
f 1276/1276/1276 1290/1290/1290 1289/1289/1289
f 1277/1277/1277 1278/1278/1278 1291/1291/1291
f 1277/1277/1277 1291/1291/1291 1290/1290/1290
f 1278/1278/1278 1279/1279/1279 1292/1292/1292
f 1278/1278/1278 1292/1292/1292 1291/1291/1291
f 1279/1279/1279 1280/1280/1280 1293/1293/1293
f 1279/1279/1279 1293/1293/1293 1292/1292/1292
f 1280/1280/1280 1281/1281/1281 1294/1294/1294
f 1280/1280/1280 1294/1294/1294 1293/1293/1293
f 1281/1281/1281 1282/1282/1282 1295/1295/1295
f 1281/1281/1281 1295/1295/1295 1294/1294/1294
f 1282/1282/1282 1283/1283/1283 1296/1296/1296
f 1282/1282/1282 1296/1296/1296 1295/1295/1295
f 1283/1283/1283 1284/1284/1284 1297/1297/1297
f 1283/1283/1283 1297/1297/1297 1296/1296/1296
f 1284/1284/1284 1285/1285/1285 1298/1298/1298
f 1284/1284/1284 1298/1298/1298 1297/1297/1297
f 1285/1285/1285 1286/1286/1286 1299/1299/1299
f 1285/1285/1285 1299/1299/1299 1298/1298/1298
f 1286/1286/1286 1287/1287/1287 1300/1300/1300
f 1286/1286/1286 1300/1300/1300 1299/1299/1299
f 1288/1288/1288 1289/1289/1289 1302/1302/1302
f 1288/1288/1288 1302/1302/1302 1301/1301/1301
f 1289/1289/1289 1290/1290/1290 1303/1303/1303
f 1289/1289/1289 1303/1303/1303 1302/1302/1302
f 1290/1290/1290 1291/1291/1291 1304/1304/1304
f 1290/1290/1290 1304/1304/1304 1303/1303/1303
f 1291/1291/1291 1292/1292/1292 1305/1305/1305
f 1291/1291/1291 1305/1305/1305 1304/1304/1304
f 1292/1292/1292 1293/1293/1293 1306/1306/1306
f 1292/1292/1292 1306/1306/1306 1305/1305/1305
f 1293/1293/1293 1294/1294/1294 1307/1307/1307
f 1293/1293/1293 1307/1307/1307 1306/1306/1306
f 1294/1294/1294 1295/1295/1295 1308/1308/1308
f 1294/1294/1294 1308/1308/1308 1307/1307/1307
f 1295/1295/1295 1296/1296/1296 1309/1309/1309
f 1295/1295/1295 1309/1309/1309 1308/1308/1308
f 1296/1296/1296 1297/1297/1297 1310/1310/1310
f 1296/1296/1296 1310/1310/1310 1309/1309/1309
f 1297/1297/1297 1298/1298/1298 1311/1311/1311
f 1297/1297/1297 1311/1311/1311 1310/1310/1310
f 1298/1298/1298 1299/1299/1299 1312/1312/1312
f 1298/1298/1298 1312/1312/1312 1311/1311/1311
f 1299/1299/1299 1300/1300/1300 1313/1313/1313
f 1299/1299/1299 1313/1313/1313 1312/1312/1312
f 1301/1301/1301 1302/1302/1302 1315/1315/1315
f 1301/1301/1301 1315/1315/1315 1314/1314/1314
f 1302/1302/1302 1303/1303/1303 1316/1316/1316
f 1302/1302/1302 1316/1316/1316 1315/1315/1315
f 1303/1303/1303 1304/1304/1304 1317/1317/1317
f 1303/1303/1303 1317/1317/1317 1316/1316/1316
f 1304/1304/1304 1305/1305/1305 1318/1318/1318
f 1304/1304/1304 1318/1318/1318 1317/1317/1317
f 1305/1305/1305 1306/1306/1306 1319/1319/1319
f 1305/1305/1305 1319/1319/1319 1318/1318/1318
f 1306/1306/1306 1307/1307/1307 1320/1320/1320
f 1306/1306/1306 1320/1320/1320 1319/1319/1319
f 1307/1307/1307 1308/1308/1308 1321/1321/1321
f 1307/1307/1307 1321/1321/1321 1320/1320/1320
f 1308/1308/1308 1309/1309/1309 1322/1322/1322
f 1308/1308/1308 1322/1322/1322 1321/1321/1321
f 1309/1309/1309 1310/1310/1310 1323/1323/1323
f 1309/1309/1309 1323/1323/1323 1322/1322/1322
f 1310/1310/1310 1311/1311/1311 1324/1324/1324
f 1310/1310/1310 1324/1324/1324 1323/1323/1323
f 1311/1311/1311 1312/1312/1312 1325/1325/1325
f 1311/1311/1311 1325/1325/1325 1324/1324/1324
f 1312/1312/1312 1313/1313/1313 1326/1326/1326
f 1312/1312/1312 1326/1326/1326 1325/1325/1325
f 1314/1314/1314 1315/1315/1315 1328/1328/1328
f 1314/1314/1314 1328/1328/1328 1327/1327/1327
f 1315/1315/1315 1316/1316/1316 1329/1329/1329
f 1315/1315/1315 1329/1329/1329 1328/1328/1328
f 1316/1316/1316 1317/1317/1317 1330/1330/1330
f 1316/1316/1316 1330/1330/1330 1329/1329/1329
f 1317/1317/1317 1318/1318/1318 1331/1331/1331
f 1317/1317/1317 1331/1331/1331 1330/1330/1330
f 1318/1318/1318 1319/1319/1319 1332/1332/1332
f 1318/1318/1318 1332/1332/1332 1331/1331/1331
f 1319/1319/1319 1320/1320/1320 1333/1333/1333
f 1319/1319/1319 1333/1333/1333 1332/1332/1332
f 1320/1320/1320 1321/1321/1321 1334/1334/1334
f 1320/1320/1320 1334/1334/1334 1333/1333/1333
f 1321/1321/1321 1322/1322/1322 1335/1335/1335
f 1321/1321/1321 1335/1335/1335 1334/1334/1334
f 1322/1322/1322 1323/1323/1323 1336/1336/1336
f 1322/1322/1322 1336/1336/1336 1335/1335/1335
f 1323/1323/1323 1324/1324/1324 1337/1337/1337
f 1323/1323/1323 1337/1337/1337 1336/1336/1336
f 1324/1324/1324 1325/1325/1325 1338/1338/1338
f 1324/1324/1324 1338/1338/1338 1337/1337/1337
f 1325/1325/1325 1326/1326/1326 1339/1339/1339
f 1325/1325/1325 1339/1339/1339 1338/1338/1338
f 1327/1327/1327 1328/1328/1328 1341/1341/1341
f 1327/1327/1327 1341/1341/1341 1340/1340/1340
f 1328/1328/1328 1329/1329/1329 1342/1342/1342
f 1328/1328/1328 1342/1342/1342 1341/1341/1341
f 1329/1329/1329 1330/1330/1330 1343/1343/1343
f 1329/1329/1329 1343/1343/1343 1342/1342/1342
f 1330/1330/1330 1331/1331/1331 1344/1344/1344
f 1330/1330/1330 1344/1344/1344 1343/1343/1343
f 1331/1331/1331 1332/1332/1332 1345/1345/1345
f 1331/1331/1331 1345/1345/1345 1344/1344/1344
f 1332/1332/1332 1333/1333/1333 1346/1346/1346
f 1332/1332/1332 1346/1346/1346 1345/1345/1345
f 1333/1333/1333 1334/1334/1334 1347/1347/1347
f 1333/1333/1333 1347/1347/1347 1346/1346/1346
f 1334/1334/1334 1335/1335/1335 1348/1348/1348
f 1334/1334/1334 1348/1348/1348 1347/1347/1347
f 1335/1335/1335 1336/1336/1336 1349/1349/1349
f 1335/1335/1335 1349/1349/1349 1348/1348/1348
f 1336/1336/1336 1337/1337/1337 1350/1350/1350
f 1336/1336/1336 1350/1350/1350 1349/1349/1349
f 1337/1337/1337 1338/1338/1338 1351/1351/1351
f 1337/1337/1337 1351/1351/1351 1350/1350/1350
f 1338/1338/1338 1339/1339/1339 1352/1352/1352
f 1338/1338/1338 1352/1352/1352 1351/1351/1351
f 1353/1353/1353 1354/1354/1354 1367/1367/1367
f 1353/1353/1353 1367/1367/1367 1366/1366/1366
f 1354/1354/1354 1355/1355/1355 1368/1368/1368
f 1354/1354/1354 1368/1368/1368 1367/1367/1367
f 1355/1355/1355 1356/1356/1356 1369/1369/1369
f 1355/1355/1355 1369/1369/1369 1368/1368/1368
f 1356/1356/1356 1357/1357/1357 1370/1370/1370
f 1356/1356/1356 1370/1370/1370 1369/1369/1369
f 1357/1357/1357 1358/1358/1358 1371/1371/1371
f 1357/1357/1357 1371/1371/1371 1370/1370/1370
f 1358/1358/1358 1359/1359/1359 1372/1372/1372
f 1358/1358/1358 1372/1372/1372 1371/1371/1371
f 1359/1359/1359 1360/1360/1360 1373/1373/1373
f 1359/1359/1359 1373/1373/1373 1372/1372/1372
f 1360/1360/1360 1361/1361/1361 1374/1374/1374
f 1360/1360/1360 1374/1374/1374 1373/1373/1373
f 1361/1361/1361 1362/1362/1362 1375/1375/1375
f 1361/1361/1361 1375/1375/1375 1374/1374/1374
f 1362/1362/1362 1363/1363/1363 1376/1376/1376
f 1362/1362/1362 1376/1376/1376 1375/1375/1375
f 1363/1363/1363 1364/1364/1364 1377/1377/1377
f 1363/1363/1363 1377/1377/1377 1376/1376/1376
f 1364/1364/1364 1365/1365/1365 1378/1378/1378
f 1364/1364/1364 1378/1378/1378 1377/1377/1377
f 1366/1366/1366 1367/1367/1367 1380/1380/1380
f 1366/1366/1366 1380/1380/1380 1379/1379/1379
f 1367/1367/1367 1368/1368/1368 1381/1381/1381
f 1367/1367/1367 1381/1381/1381 1380/1380/1380
f 1368/1368/1368 1369/1369/1369 1382/1382/1382
f 1368/1368/1368 1382/1382/1382 1381/1381/1381
f 1369/1369/1369 1370/1370/1370 1383/1383/1383
f 1369/1369/1369 1383/1383/1383 1382/1382/1382
f 1370/1370/1370 1371/1371/1371 1384/1384/1384
f 1370/1370/1370 1384/1384/1384 1383/1383/1383
f 1371/1371/1371 1372/1372/1372 1385/1385/1385
f 1371/1371/1371 1385/1385/1385 1384/1384/1384
f 1372/1372/1372 1373/1373/1373 1386/1386/1386
f 1372/1372/1372 1386/1386/1386 1385/1385/1385
f 1373/1373/1373 1374/1374/1374 1387/1387/1387
f 1373/1373/1373 1387/1387/1387 1386/1386/1386
f 1374/1374/1374 1375/1375/1375 1388/1388/1388
f 1374/1374/1374 1388/1388/1388 1387/1387/1387
f 1375/1375/1375 1376/1376/1376 1389/1389/1389
f 1375/1375/1375 1389/1389/1389 1388/1388/1388
f 1376/1376/1376 1377/1377/1377 1390/1390/1390
f 1376/1376/1376 1390/1390/1390 1389/1389/1389
f 1377/1377/1377 1378/1378/1378 1391/1391/1391
f 1377/1377/1377 1391/1391/1391 1390/1390/1390
f 1379/1379/1379 1380/1380/1380 1393/1393/1393
f 1379/1379/1379 1393/1393/1393 1392/1392/1392
f 1380/1380/1380 1381/1381/1381 1394/1394/1394
f 1380/1380/1380 1394/1394/1394 1393/1393/1393
f 1381/1381/1381 1382/1382/1382 1395/1395/1395
f 1381/1381/1381 1395/1395/1395 1394/1394/1394
f 1382/1382/1382 1383/1383/1383 1396/1396/1396
f 1382/1382/1382 1396/1396/1396 1395/1395/1395
f 1383/1383/1383 1384/1384/1384 1397/1397/1397
f 1383/1383/1383 1397/1397/1397 1396/1396/1396
f 1384/1384/1384 1385/1385/1385 1398/1398/1398
f 1384/1384/1384 1398/1398/1398 1397/1397/1397
f 1385/1385/1385 1386/1386/1386 1399/1399/1399
f 1385/1385/1385 1399/1399/1399 1398/1398/1398
f 1386/1386/1386 1387/1387/1387 1400/1400/1400
f 1386/1386/1386 1400/1400/1400 1399/1399/1399
f 1387/1387/1387 1388/1388/1388 1401/1401/1401
f 1387/1387/1387 1401/1401/1401 1400/1400/1400
f 1388/1388/1388 1389/1389/1389 1402/1402/1402
f 1388/1388/1388 1402/1402/1402 1401/1401/1401
f 1389/1389/1389 1390/1390/1390 1403/1403/1403
f 1389/1389/1389 1403/1403/1403 1402/1402/1402
f 1390/1390/1390 1391/1391/1391 1404/1404/1404
f 1390/1390/1390 1404/1404/1404 1403/1403/1403
f 1392/1392/1392 1393/1393/1393 1406/1406/1406
f 1392/1392/1392 1406/1406/1406 1405/1405/1405
f 1393/1393/1393 1394/1394/1394 1407/1407/1407
f 1393/1393/1393 1407/1407/1407 1406/1406/1406
f 1394/1394/1394 1395/1395/1395 1408/1408/1408
f 1394/1394/1394 1408/1408/1408 1407/1407/1407
f 1395/1395/1395 1396/1396/1396 1409/1409/1409
f 1395/1395/1395 1409/1409/1409 1408/1408/1408
f 1396/1396/1396 1397/1397/1397 1410/1410/1410
f 1396/1396/1396 1410/1410/1410 1409/1409/1409
f 1397/1397/1397 1398/1398/1398 1411/1411/1411
f 1397/1397/1397 1411/1411/1411 1410/1410/1410
f 1398/1398/1398 1399/1399/1399 1412/1412/1412
f 1398/1398/1398 1412/1412/1412 1411/1411/1411
f 1399/1399/1399 1400/1400/1400 1413/1413/1413
f 1399/1399/1399 1413/1413/1413 1412/1412/1412
f 1400/1400/1400 1401/1401/1401 1414/1414/1414
f 1400/1400/1400 1414/1414/1414 1413/1413/1413
f 1401/1401/1401 1402/1402/1402 1415/1415/1415
f 1401/1401/1401 1415/1415/1415 1414/1414/1414
f 1402/1402/1402 1403/1403/1403 1416/1416/1416
f 1402/1402/1402 1416/1416/1416 1415/1415/1415
f 1403/1403/1403 1404/1404/1404 1417/1417/1417
f 1403/1403/1403 1417/1417/1417 1416/1416/1416
f 1405/1405/1405 1406/1406/1406 1419/1419/1419
f 1405/1405/1405 1419/1419/1419 1418/1418/1418
f 1406/1406/1406 1407/1407/1407 1420/1420/1420
f 1406/1406/1406 1420/1420/1420 1419/1419/1419
f 1407/1407/1407 1408/1408/1408 1421/1421/1421
f 1407/1407/1407 1421/1421/1421 1420/1420/1420
f 1408/1408/1408 1409/1409/1409 1422/1422/1422
f 1408/1408/1408 1422/1422/1422 1421/1421/1421
f 1409/1409/1409 1410/1410/1410 1423/1423/1423
f 1409/1409/1409 1423/1423/1423 1422/1422/1422
f 1410/1410/1410 1411/1411/1411 1424/1424/1424
f 1410/1410/1410 1424/1424/1424 1423/1423/1423
f 1411/1411/1411 1412/1412/1412 1425/1425/1425
f 1411/1411/1411 1425/1425/1425 1424/1424/1424
f 1412/1412/1412 1413/1413/1413 1426/1426/1426
f 1412/1412/1412 1426/1426/1426 1425/1425/1425
f 1413/1413/1413 1414/1414/1414 1427/1427/1427
f 1413/1413/1413 1427/1427/1427 1426/1426/1426
f 1414/1414/1414 1415/1415/1415 1428/1428/1428
f 1414/1414/1414 1428/1428/1428 1427/1427/1427
f 1415/1415/1415 1416/1416/1416 1429/1429/1429
f 1415/1415/1415 1429/1429/1429 1428/1428/1428
f 1416/1416/1416 1417/1417/1417 1430/1430/1430
f 1416/1416/1416 1430/1430/1430 1429/1429/1429
f 1418/1418/1418 1419/1419/1419 1432/1432/1432
f 1418/1418/1418 1432/1432/1432 1431/1431/1431
f 1419/1419/1419 1420/1420/1420 1433/1433/1433
f 1419/1419/1419 1433/1433/1433 1432/1432/1432
f 1420/1420/1420 1421/1421/1421 1434/1434/1434
f 1420/1420/1420 1434/1434/1434 1433/1433/1433
f 1421/1421/1421 1422/1422/1422 1435/1435/1435
f 1421/1421/1421 1435/1435/1435 1434/1434/1434
f 1422/1422/1422 1423/1423/1423 1436/1436/1436
f 1422/1422/1422 1436/1436/1436 1435/1435/1435
f 1423/1423/1423 1424/1424/1424 1437/1437/1437
f 1423/1423/1423 1437/1437/1437 1436/1436/1436
f 1424/1424/1424 1425/1425/1425 1438/1438/1438
f 1424/1424/1424 1438/1438/1438 1437/1437/1437
f 1425/1425/1425 1426/1426/1426 1439/1439/1439
f 1425/1425/1425 1439/1439/1439 1438/1438/1438
f 1426/1426/1426 1427/1427/1427 1440/1440/1440
f 1426/1426/1426 1440/1440/1440 1439/1439/1439
f 1427/1427/1427 1428/1428/1428 1441/1441/1441
f 1427/1427/1427 1441/1441/1441 1440/1440/1440
f 1428/1428/1428 1429/1429/1429 1442/1442/1442
f 1428/1428/1428 1442/1442/1442 1441/1441/1441
f 1429/1429/1429 1430/1430/1430 1443/1443/1443
f 1429/1429/1429 1443/1443/1443 1442/1442/1442
f 1431/1431/1431 1432/1432/1432 1445/1445/1445
f 1431/1431/1431 1445/1445/1445 1444/1444/1444
f 1432/1432/1432 1433/1433/1433 1446/1446/1446
f 1432/1432/1432 1446/1446/1446 1445/1445/1445
f 1433/1433/1433 1434/1434/1434 1447/1447/1447
f 1433/1433/1433 1447/1447/1447 1446/1446/1446
f 1434/1434/1434 1435/1435/1435 1448/1448/1448
f 1434/1434/1434 1448/1448/1448 1447/1447/1447
f 1435/1435/1435 1436/1436/1436 1449/1449/1449
f 1435/1435/1435 1449/1449/1449 1448/1448/1448
f 1436/1436/1436 1437/1437/1437 1450/1450/1450
f 1436/1436/1436 1450/1450/1450 1449/1449/1449
f 1437/1437/1437 1438/1438/1438 1451/1451/1451
f 1437/1437/1437 1451/1451/1451 1450/1450/1450
f 1438/1438/1438 1439/1439/1439 1452/1452/1452
f 1438/1438/1438 1452/1452/1452 1451/1451/1451
f 1439/1439/1439 1440/1440/1440 1453/1453/1453
f 1439/1439/1439 1453/1453/1453 1452/1452/1452
f 1440/1440/1440 1441/1441/1441 1454/1454/1454
f 1440/1440/1440 1454/1454/1454 1453/1453/1453
f 1441/1441/1441 1442/1442/1442 1455/1455/1455
f 1441/1441/1441 1455/1455/1455 1454/1454/1454
f 1442/1442/1442 1443/1443/1443 1456/1456/1456
f 1442/1442/1442 1456/1456/1456 1455/1455/1455
f 1444/1444/1444 1445/1445/1445 1458/1458/1458
f 1444/1444/1444 1458/1458/1458 1457/1457/1457
f 1445/1445/1445 1446/1446/1446 1459/1459/1459
f 1445/1445/1445 1459/1459/1459 1458/1458/1458
f 1446/1446/1446 1447/1447/1447 1460/1460/1460
f 1446/1446/1446 1460/1460/1460 1459/1459/1459
f 1447/1447/1447 1448/1448/1448 1461/1461/1461
f 1447/1447/1447 1461/1461/1461 1460/1460/1460
f 1448/1448/1448 1449/1449/1449 1462/1462/1462
f 1448/1448/1448 1462/1462/1462 1461/1461/1461
f 1449/1449/1449 1450/1450/1450 1463/1463/1463
f 1449/1449/1449 1463/1463/1463 1462/1462/1462
f 1450/1450/1450 1451/1451/1451 1464/1464/1464
f 1450/1450/1450 1464/1464/1464 1463/1463/1463
f 1451/1451/1451 1452/1452/1452 1465/1465/1465
f 1451/1451/1451 1465/1465/1465 1464/1464/1464
f 1452/1452/1452 1453/1453/1453 1466/1466/1466
f 1452/1452/1452 1466/1466/1466 1465/1465/1465
f 1453/1453/1453 1454/1454/1454 1467/1467/1467
f 1453/1453/1453 1467/1467/1467 1466/1466/1466
f 1454/1454/1454 1455/1455/1455 1468/1468/1468
f 1454/1454/1454 1468/1468/1468 1467/1467/1467
f 1455/1455/1455 1456/1456/1456 1469/1469/1469
f 1455/1455/1455 1469/1469/1469 1468/1468/1468
f 1457/1457/1457 1458/1458/1458 1471/1471/1471
f 1457/1457/1457 1471/1471/1471 1470/1470/1470
f 1458/1458/1458 1459/1459/1459 1472/1472/1472
f 1458/1458/1458 1472/1472/1472 1471/1471/1471
f 1459/1459/1459 1460/1460/1460 1473/1473/1473
f 1459/1459/1459 1473/1473/1473 1472/1472/1472
f 1460/1460/1460 1461/1461/1461 1474/1474/1474
f 1460/1460/1460 1474/1474/1474 1473/1473/1473
f 1461/1461/1461 1462/1462/1462 1475/1475/1475
f 1461/1461/1461 1475/1475/1475 1474/1474/1474
f 1462/1462/1462 1463/1463/1463 1476/1476/1476
f 1462/1462/1462 1476/1476/1476 1475/1475/1475
f 1463/1463/1463 1464/1464/1464 1477/1477/1477
f 1463/1463/1463 1477/1477/1477 1476/1476/1476
f 1464/1464/1464 1465/1465/1465 1478/1478/1478
f 1464/1464/1464 1478/1478/1478 1477/1477/1477
f 1465/1465/1465 1466/1466/1466 1479/1479/1479
f 1465/1465/1465 1479/1479/1479 1478/1478/1478
f 1466/1466/1466 1467/1467/1467 1480/1480/1480
f 1466/1466/1466 1480/1480/1480 1479/1479/1479
f 1467/1467/1467 1468/1468/1468 1481/1481/1481
f 1467/1467/1467 1481/1481/1481 1480/1480/1480
f 1468/1468/1468 1469/1469/1469 1482/1482/1482
f 1468/1468/1468 1482/1482/1482 1481/1481/1481
f 1470/1470/1470 1471/1471/1471 1484/1484/1484
f 1470/1470/1470 1484/1484/1484 1483/1483/1483
f 1471/1471/1471 1472/1472/1472 1485/1485/1485
f 1471/1471/1471 1485/1485/1485 1484/1484/1484
f 1472/1472/1472 1473/1473/1473 1486/1486/1486
f 1472/1472/1472 1486/1486/1486 1485/1485/1485
f 1473/1473/1473 1474/1474/1474 1487/1487/1487
f 1473/1473/1473 1487/1487/1487 1486/1486/1486
f 1474/1474/1474 1475/1475/1475 1488/1488/1488
f 1474/1474/1474 1488/1488/1488 1487/1487/1487
f 1475/1475/1475 1476/1476/1476 1489/1489/1489
f 1475/1475/1475 1489/1489/1489 1488/1488/1488
f 1476/1476/1476 1477/1477/1477 1490/1490/1490
f 1476/1476/1476 1490/1490/1490 1489/1489/1489
f 1477/1477/1477 1478/1478/1478 1491/1491/1491
f 1477/1477/1477 1491/1491/1491 1490/1490/1490
f 1478/1478/1478 1479/1479/1479 1492/1492/1492
f 1478/1478/1478 1492/1492/1492 1491/1491/1491
f 1479/1479/1479 1480/1480/1480 1493/1493/1493
f 1479/1479/1479 1493/1493/1493 1492/1492/1492
f 1480/1480/1480 1481/1481/1481 1494/1494/1494
f 1480/1480/1480 1494/1494/1494 1493/1493/1493
f 1481/1481/1481 1482/1482/1482 1495/1495/1495
f 1481/1481/1481 1495/1495/1495 1494/1494/1494
f 1483/1483/1483 1484/1484/1484 1497/1497/1497
f 1483/1483/1483 1497/1497/1497 1496/1496/1496
f 1484/1484/1484 1485/1485/1485 1498/1498/1498
f 1484/1484/1484 1498/1498/1498 1497/1497/1497
f 1485/1485/1485 1486/1486/1486 1499/1499/1499
f 1485/1485/1485 1499/1499/1499 1498/1498/1498
f 1486/1486/1486 1487/1487/1487 1500/1500/1500
f 1486/1486/1486 1500/1500/1500 1499/1499/1499
f 1487/1487/1487 1488/1488/1488 1501/1501/1501
f 1487/1487/1487 1501/1501/1501 1500/1500/1500
f 1488/1488/1488 1489/1489/1489 1502/1502/1502
f 1488/1488/1488 1502/1502/1502 1501/1501/1501
f 1489/1489/1489 1490/1490/1490 1503/1503/1503
f 1489/1489/1489 1503/1503/1503 1502/1502/1502
f 1490/1490/1490 1491/1491/1491 1504/1504/1504
f 1490/1490/1490 1504/1504/1504 1503/1503/1503
f 1491/1491/1491 1492/1492/1492 1505/1505/1505
f 1491/1491/1491 1505/1505/1505 1504/1504/1504
f 1492/1492/1492 1493/1493/1493 1506/1506/1506
f 1492/1492/1492 1506/1506/1506 1505/1505/1505
f 1493/1493/1493 1494/1494/1494 1507/1507/1507
f 1493/1493/1493 1507/1507/1507 1506/1506/1506
f 1494/1494/1494 1495/1495/1495 1508/1508/1508
f 1494/1494/1494 1508/1508/1508 1507/1507/1507
f 1496/1496/1496 1497/1497/1497 1510/1510/1510
f 1496/1496/1496 1510/1510/1510 1509/1509/1509
f 1497/1497/1497 1498/1498/1498 1511/1511/1511
f 1497/1497/1497 1511/1511/1511 1510/1510/1510
f 1498/1498/1498 1499/1499/1499 1512/1512/1512
f 1498/1498/1498 1512/1512/1512 1511/1511/1511
f 1499/1499/1499 1500/1500/1500 1513/1513/1513
f 1499/1499/1499 1513/1513/1513 1512/1512/1512
f 1500/1500/1500 1501/1501/1501 1514/1514/1514
f 1500/1500/1500 1514/1514/1514 1513/1513/1513
f 1501/1501/1501 1502/1502/1502 1515/1515/1515
f 1501/1501/1501 1515/1515/1515 1514/1514/1514
f 1502/1502/1502 1503/1503/1503 1516/1516/1516
f 1502/1502/1502 1516/1516/1516 1515/1515/1515
f 1503/1503/1503 1504/1504/1504 1517/1517/1517
f 1503/1503/1503 1517/1517/1517 1516/1516/1516
f 1504/1504/1504 1505/1505/1505 1518/1518/1518
f 1504/1504/1504 1518/1518/1518 1517/1517/1517
f 1505/1505/1505 1506/1506/1506 1519/1519/1519
f 1505/1505/1505 1519/1519/1519 1518/1518/1518
f 1506/1506/1506 1507/1507/1507 1520/1520/1520
f 1506/1506/1506 1520/1520/1520 1519/1519/1519
f 1507/1507/1507 1508/1508/1508 1521/1521/1521
f 1507/1507/1507 1521/1521/1521 1520/1520/1520
f 1522/1522/1522 1523/1523/1523 1536/1536/1536
f 1522/1522/1522 1536/1536/1536 1535/1535/1535
f 1523/1523/1523 1524/1524/1524 1537/1537/1537
f 1523/1523/1523 1537/1537/1537 1536/1536/1536
f 1524/1524/1524 1525/1525/1525 1538/1538/1538
f 1524/1524/1524 1538/1538/1538 1537/1537/1537
f 1525/1525/1525 1526/1526/1526 1539/1539/1539
f 1525/1525/1525 1539/1539/1539 1538/1538/1538
f 1526/1526/1526 1527/1527/1527 1540/1540/1540
f 1526/1526/1526 1540/1540/1540 1539/1539/1539
f 1527/1527/1527 1528/1528/1528 1541/1541/1541
f 1527/1527/1527 1541/1541/1541 1540/1540/1540
f 1528/1528/1528 1529/1529/1529 1542/1542/1542
f 1528/1528/1528 1542/1542/1542 1541/1541/1541
f 1529/1529/1529 1530/1530/1530 1543/1543/1543
f 1529/1529/1529 1543/1543/1543 1542/1542/1542
f 1530/1530/1530 1531/1531/1531 1544/1544/1544
f 1530/1530/1530 1544/1544/1544 1543/1543/1543
f 1531/1531/1531 1532/1532/1532 1545/1545/1545
f 1531/1531/1531 1545/1545/1545 1544/1544/1544
f 1532/1532/1532 1533/1533/1533 1546/1546/1546
f 1532/1532/1532 1546/1546/1546 1545/1545/1545
f 1533/1533/1533 1534/1534/1534 1547/1547/1547
f 1533/1533/1533 1547/1547/1547 1546/1546/1546
f 1535/1535/1535 1536/1536/1536 1549/1549/1549
f 1535/1535/1535 1549/1549/1549 1548/1548/1548
f 1536/1536/1536 1537/1537/1537 1550/1550/1550
f 1536/1536/1536 1550/1550/1550 1549/1549/1549
f 1537/1537/1537 1538/1538/1538 1551/1551/1551
f 1537/1537/1537 1551/1551/1551 1550/1550/1550
f 1538/1538/1538 1539/1539/1539 1552/1552/1552
f 1538/1538/1538 1552/1552/1552 1551/1551/1551
f 1539/1539/1539 1540/1540/1540 1553/1553/1553
f 1539/1539/1539 1553/1553/1553 1552/1552/1552
f 1540/1540/1540 1541/1541/1541 1554/1554/1554
f 1540/1540/1540 1554/1554/1554 1553/1553/1553
f 1541/1541/1541 1542/1542/1542 1555/1555/1555
f 1541/1541/1541 1555/1555/1555 1554/1554/1554
f 1542/1542/1542 1543/1543/1543 1556/1556/1556
f 1542/1542/1542 1556/1556/1556 1555/1555/1555
f 1543/1543/1543 1544/1544/1544 1557/1557/1557
f 1543/1543/1543 1557/1557/1557 1556/1556/1556
f 1544/1544/1544 1545/1545/1545 1558/1558/1558
f 1544/1544/1544 1558/1558/1558 1557/1557/1557
f 1545/1545/1545 1546/1546/1546 1559/1559/1559
f 1545/1545/1545 1559/1559/1559 1558/1558/1558
f 1546/1546/1546 1547/1547/1547 1560/1560/1560
f 1546/1546/1546 1560/1560/1560 1559/1559/1559
f 1548/1548/1548 1549/1549/1549 1562/1562/1562
f 1548/1548/1548 1562/1562/1562 1561/1561/1561
f 1549/1549/1549 1550/1550/1550 1563/1563/1563
f 1549/1549/1549 1563/1563/1563 1562/1562/1562
f 1550/1550/1550 1551/1551/1551 1564/1564/1564
f 1550/1550/1550 1564/1564/1564 1563/1563/1563
f 1551/1551/1551 1552/1552/1552 1565/1565/1565
f 1551/1551/1551 1565/1565/1565 1564/1564/1564
f 1552/1552/1552 1553/1553/1553 1566/1566/1566
f 1552/1552/1552 1566/1566/1566 1565/1565/1565
f 1553/1553/1553 1554/1554/1554 1567/1567/1567
f 1553/1553/1553 1567/1567/1567 1566/1566/1566
f 1554/1554/1554 1555/1555/1555 1568/1568/1568
f 1554/1554/1554 1568/1568/1568 1567/1567/1567
f 1555/1555/1555 1556/1556/1556 1569/1569/1569
f 1555/1555/1555 1569/1569/1569 1568/1568/1568
f 1556/1556/1556 1557/1557/1557 1570/1570/1570
f 1556/1556/1556 1570/1570/1570 1569/1569/1569
f 1557/1557/1557 1558/1558/1558 1571/1571/1571
f 1557/1557/1557 1571/1571/1571 1570/1570/1570
f 1558/1558/1558 1559/1559/1559 1572/1572/1572
f 1558/1558/1558 1572/1572/1572 1571/1571/1571
f 1559/1559/1559 1560/1560/1560 1573/1573/1573
f 1559/1559/1559 1573/1573/1573 1572/1572/1572
f 1561/1561/1561 1562/1562/1562 1575/1575/1575
f 1561/1561/1561 1575/1575/1575 1574/1574/1574
f 1562/1562/1562 1563/1563/1563 1576/1576/1576
f 1562/1562/1562 1576/1576/1576 1575/1575/1575
f 1563/1563/1563 1564/1564/1564 1577/1577/1577
f 1563/1563/1563 1577/1577/1577 1576/1576/1576
f 1564/1564/1564 1565/1565/1565 1578/1578/1578
f 1564/1564/1564 1578/1578/1578 1577/1577/1577
f 1565/1565/1565 1566/1566/1566 1579/1579/1579
f 1565/1565/1565 1579/1579/1579 1578/1578/1578
f 1566/1566/1566 1567/1567/1567 1580/1580/1580
f 1566/1566/1566 1580/1580/1580 1579/1579/1579
f 1567/1567/1567 1568/1568/1568 1581/1581/1581
f 1567/1567/1567 1581/1581/1581 1580/1580/1580
f 1568/1568/1568 1569/1569/1569 1582/1582/1582
f 1568/1568/1568 1582/1582/1582 1581/1581/1581
f 1569/1569/1569 1570/1570/1570 1583/1583/1583
f 1569/1569/1569 1583/1583/1583 1582/1582/1582
f 1570/1570/1570 1571/1571/1571 1584/1584/1584
f 1570/1570/1570 1584/1584/1584 1583/1583/1583
f 1571/1571/1571 1572/1572/1572 1585/1585/1585
f 1571/1571/1571 1585/1585/1585 1584/1584/1584
f 1572/1572/1572 1573/1573/1573 1586/1586/1586
f 1572/1572/1572 1586/1586/1586 1585/1585/1585
f 1574/1574/1574 1575/1575/1575 1588/1588/1588
f 1574/1574/1574 1588/1588/1588 1587/1587/1587
f 1575/1575/1575 1576/1576/1576 1589/1589/1589
f 1575/1575/1575 1589/1589/1589 1588/1588/1588
f 1576/1576/1576 1577/1577/1577 1590/1590/1590
f 1576/1576/1576 1590/1590/1590 1589/1589/1589
f 1577/1577/1577 1578/1578/1578 1591/1591/1591
f 1577/1577/1577 1591/1591/1591 1590/1590/1590
f 1578/1578/1578 1579/1579/1579 1592/1592/1592
f 1578/1578/1578 1592/1592/1592 1591/1591/1591
f 1579/1579/1579 1580/1580/1580 1593/1593/1593
f 1579/1579/1579 1593/1593/1593 1592/1592/1592
f 1580/1580/1580 1581/1581/1581 1594/1594/1594
f 1580/1580/1580 1594/1594/1594 1593/1593/1593
f 1581/1581/1581 1582/1582/1582 1595/1595/1595
f 1581/1581/1581 1595/1595/1595 1594/1594/1594
f 1582/1582/1582 1583/1583/1583 1596/1596/1596
f 1582/1582/1582 1596/1596/1596 1595/1595/1595
f 1583/1583/1583 1584/1584/1584 1597/1597/1597
f 1583/1583/1583 1597/1597/1597 1596/1596/1596
f 1584/1584/1584 1585/1585/1585 1598/1598/1598
f 1584/1584/1584 1598/1598/1598 1597/1597/1597
f 1585/1585/1585 1586/1586/1586 1599/1599/1599
f 1585/1585/1585 1599/1599/1599 1598/1598/1598
f 1587/1587/1587 1588/1588/1588 1601/1601/1601
f 1587/1587/1587 1601/1601/1601 1600/1600/1600
f 1588/1588/1588 1589/1589/1589 1602/1602/1602
f 1588/1588/1588 1602/1602/1602 1601/1601/1601
f 1589/1589/1589 1590/1590/1590 1603/1603/1603
f 1589/1589/1589 1603/1603/1603 1602/1602/1602
f 1590/1590/1590 1591/1591/1591 1604/1604/1604
f 1590/1590/1590 1604/1604/1604 1603/1603/1603
f 1591/1591/1591 1592/1592/1592 1605/1605/1605
f 1591/1591/1591 1605/1605/1605 1604/1604/1604
f 1592/1592/1592 1593/1593/1593 1606/1606/1606
f 1592/1592/1592 1606/1606/1606 1605/1605/1605
f 1593/1593/1593 1594/1594/1594 1607/1607/1607
f 1593/1593/1593 1607/1607/1607 1606/1606/1606
f 1594/1594/1594 1595/1595/1595 1608/1608/1608
f 1594/1594/1594 1608/1608/1608 1607/1607/1607
f 1595/1595/1595 1596/1596/1596 1609/1609/1609
f 1595/1595/1595 1609/1609/1609 1608/1608/1608
f 1596/1596/1596 1597/1597/1597 1610/1610/1610
f 1596/1596/1596 1610/1610/1610 1609/1609/1609
f 1597/1597/1597 1598/1598/1598 1611/1611/1611
f 1597/1597/1597 1611/1611/1611 1610/1610/1610
f 1598/1598/1598 1599/1599/1599 1612/1612/1612
f 1598/1598/1598 1612/1612/1612 1611/1611/1611
f 1600/1600/1600 1601/1601/1601 1614/1614/1614
f 1600/1600/1600 1614/1614/1614 1613/1613/1613
f 1601/1601/1601 1602/1602/1602 1615/1615/1615
f 1601/1601/1601 1615/1615/1615 1614/1614/1614
f 1602/1602/1602 1603/1603/1603 1616/1616/1616
f 1602/1602/1602 1616/1616/1616 1615/1615/1615
f 1603/1603/1603 1604/1604/1604 1617/1617/1617
f 1603/1603/1603 1617/1617/1617 1616/1616/1616
f 1604/1604/1604 1605/1605/1605 1618/1618/1618
f 1604/1604/1604 1618/1618/1618 1617/1617/1617
f 1605/1605/1605 1606/1606/1606 1619/1619/1619
f 1605/1605/1605 1619/1619/1619 1618/1618/1618
f 1606/1606/1606 1607/1607/1607 1620/1620/1620
f 1606/1606/1606 1620/1620/1620 1619/1619/1619
f 1607/1607/1607 1608/1608/1608 1621/1621/1621
f 1607/1607/1607 1621/1621/1621 1620/1620/1620
f 1608/1608/1608 1609/1609/1609 1622/1622/1622
f 1608/1608/1608 1622/1622/1622 1621/1621/1621
f 1609/1609/1609 1610/1610/1610 1623/1623/1623
f 1609/1609/1609 1623/1623/1623 1622/1622/1622
f 1610/1610/1610 1611/1611/1611 1624/1624/1624
f 1610/1610/1610 1624/1624/1624 1623/1623/1623
f 1611/1611/1611 1612/1612/1612 1625/1625/1625
f 1611/1611/1611 1625/1625/1625 1624/1624/1624
f 1613/1613/1613 1614/1614/1614 1627/1627/1627
f 1613/1613/1613 1627/1627/1627 1626/1626/1626
f 1614/1614/1614 1615/1615/1615 1628/1628/1628
f 1614/1614/1614 1628/1628/1628 1627/1627/1627
f 1615/1615/1615 1616/1616/1616 1629/1629/1629
f 1615/1615/1615 1629/1629/1629 1628/1628/1628
f 1616/1616/1616 1617/1617/1617 1630/1630/1630
f 1616/1616/1616 1630/1630/1630 1629/1629/1629
f 1617/1617/1617 1618/1618/1618 1631/1631/1631
f 1617/1617/1617 1631/1631/1631 1630/1630/1630
f 1618/1618/1618 1619/1619/1619 1632/1632/1632
f 1618/1618/1618 1632/1632/1632 1631/1631/1631
f 1619/1619/1619 1620/1620/1620 1633/1633/1633
f 1619/1619/1619 1633/1633/1633 1632/1632/1632
f 1620/1620/1620 1621/1621/1621 1634/1634/1634
f 1620/1620/1620 1634/1634/1634 1633/1633/1633
f 1621/1621/1621 1622/1622/1622 1635/1635/1635
f 1621/1621/1621 1635/1635/1635 1634/1634/1634
f 1622/1622/1622 1623/1623/1623 1636/1636/1636
f 1622/1622/1622 1636/1636/1636 1635/1635/1635
f 1623/1623/1623 1624/1624/1624 1637/1637/1637
f 1623/1623/1623 1637/1637/1637 1636/1636/1636
f 1624/1624/1624 1625/1625/1625 1638/1638/1638
f 1624/1624/1624 1638/1638/1638 1637/1637/1637
f 1626/1626/1626 1627/1627/1627 1640/1640/1640
f 1626/1626/1626 1640/1640/1640 1639/1639/1639
f 1627/1627/1627 1628/1628/1628 1641/1641/1641
f 1627/1627/1627 1641/1641/1641 1640/1640/1640
f 1628/1628/1628 1629/1629/1629 1642/1642/1642
f 1628/1628/1628 1642/1642/1642 1641/1641/1641
f 1629/1629/1629 1630/1630/1630 1643/1643/1643
f 1629/1629/1629 1643/1643/1643 1642/1642/1642
f 1630/1630/1630 1631/1631/1631 1644/1644/1644
f 1630/1630/1630 1644/1644/1644 1643/1643/1643
f 1631/1631/1631 1632/1632/1632 1645/1645/1645
f 1631/1631/1631 1645/1645/1645 1644/1644/1644
f 1632/1632/1632 1633/1633/1633 1646/1646/1646
f 1632/1632/1632 1646/1646/1646 1645/1645/1645
f 1633/1633/1633 1634/1634/1634 1647/1647/1647
f 1633/1633/1633 1647/1647/1647 1646/1646/1646
f 1634/1634/1634 1635/1635/1635 1648/1648/1648
f 1634/1634/1634 1648/1648/1648 1647/1647/1647
f 1635/1635/1635 1636/1636/1636 1649/1649/1649
f 1635/1635/1635 1649/1649/1649 1648/1648/1648
f 1636/1636/1636 1637/1637/1637 1650/1650/1650
f 1636/1636/1636 1650/1650/1650 1649/1649/1649
f 1637/1637/1637 1638/1638/1638 1651/1651/1651
f 1637/1637/1637 1651/1651/1651 1650/1650/1650
f 1639/1639/1639 1640/1640/1640 1653/1653/1653
f 1639/1639/1639 1653/1653/1653 1652/1652/1652
f 1640/1640/1640 1641/1641/1641 1654/1654/1654
f 1640/1640/1640 1654/1654/1654 1653/1653/1653
f 1641/1641/1641 1642/1642/1642 1655/1655/1655
f 1641/1641/1641 1655/1655/1655 1654/1654/1654
f 1642/1642/1642 1643/1643/1643 1656/1656/1656
f 1642/1642/1642 1656/1656/1656 1655/1655/1655
f 1643/1643/1643 1644/1644/1644 1657/1657/1657
f 1643/1643/1643 1657/1657/1657 1656/1656/1656
f 1644/1644/1644 1645/1645/1645 1658/1658/1658
f 1644/1644/1644 1658/1658/1658 1657/1657/1657
f 1645/1645/1645 1646/1646/1646 1659/1659/1659
f 1645/1645/1645 1659/1659/1659 1658/1658/1658
f 1646/1646/1646 1647/1647/1647 1660/1660/1660
f 1646/1646/1646 1660/1660/1660 1659/1659/1659
f 1647/1647/1647 1648/1648/1648 1661/1661/1661
f 1647/1647/1647 1661/1661/1661 1660/1660/1660
f 1648/1648/1648 1649/1649/1649 1662/1662/1662
f 1648/1648/1648 1662/1662/1662 1661/1661/1661
f 1649/1649/1649 1650/1650/1650 1663/1663/1663
f 1649/1649/1649 1663/1663/1663 1662/1662/1662
f 1650/1650/1650 1651/1651/1651 1664/1664/1664
f 1650/1650/1650 1664/1664/1664 1663/1663/1663
f 1652/1652/1652 1653/1653/1653 1666/1666/1666
f 1652/1652/1652 1666/1666/1666 1665/1665/1665
f 1653/1653/1653 1654/1654/1654 1667/1667/1667
f 1653/1653/1653 1667/1667/1667 1666/1666/1666
f 1654/1654/1654 1655/1655/1655 1668/1668/1668
f 1654/1654/1654 1668/1668/1668 1667/1667/1667
f 1655/1655/1655 1656/1656/1656 1669/1669/1669
f 1655/1655/1655 1669/1669/1669 1668/1668/1668
f 1656/1656/1656 1657/1657/1657 1670/1670/1670
f 1656/1656/1656 1670/1670/1670 1669/1669/1669
f 1657/1657/1657 1658/1658/1658 1671/1671/1671
f 1657/1657/1657 1671/1671/1671 1670/1670/1670
f 1658/1658/1658 1659/1659/1659 1672/1672/1672
f 1658/1658/1658 1672/1672/1672 1671/1671/1671
f 1659/1659/1659 1660/1660/1660 1673/1673/1673
f 1659/1659/1659 1673/1673/1673 1672/1672/1672
f 1660/1660/1660 1661/1661/1661 1674/1674/1674
f 1660/1660/1660 1674/1674/1674 1673/1673/1673
f 1661/1661/1661 1662/1662/1662 1675/1675/1675
f 1661/1661/1661 1675/1675/1675 1674/1674/1674
f 1662/1662/1662 1663/1663/1663 1676/1676/1676
f 1662/1662/1662 1676/1676/1676 1675/1675/1675
f 1663/1663/1663 1664/1664/1664 1677/1677/1677
f 1663/1663/1663 1677/1677/1677 1676/1676/1676
f 1665/1665/1665 1666/1666/1666 1679/1679/1679
f 1665/1665/1665 1679/1679/1679 1678/1678/1678
f 1666/1666/1666 1667/1667/1667 1680/1680/1680
f 1666/1666/1666 1680/1680/1680 1679/1679/1679
f 1667/1667/1667 1668/1668/1668 1681/1681/1681
f 1667/1667/1667 1681/1681/1681 1680/1680/1680
f 1668/1668/1668 1669/1669/1669 1682/1682/1682
f 1668/1668/1668 1682/1682/1682 1681/1681/1681
f 1669/1669/1669 1670/1670/1670 1683/1683/1683
f 1669/1669/1669 1683/1683/1683 1682/1682/1682
f 1670/1670/1670 1671/1671/1671 1684/1684/1684
f 1670/1670/1670 1684/1684/1684 1683/1683/1683
f 1671/1671/1671 1672/1672/1672 1685/1685/1685
f 1671/1671/1671 1685/1685/1685 1684/1684/1684
f 1672/1672/1672 1673/1673/1673 1686/1686/1686
f 1672/1672/1672 1686/1686/1686 1685/1685/1685
f 1673/1673/1673 1674/1674/1674 1687/1687/1687
f 1673/1673/1673 1687/1687/1687 1686/1686/1686
f 1674/1674/1674 1675/1675/1675 1688/1688/1688
f 1674/1674/1674 1688/1688/1688 1687/1687/1687
f 1675/1675/1675 1676/1676/1676 1689/1689/1689
f 1675/1675/1675 1689/1689/1689 1688/1688/1688
f 1676/1676/1676 1677/1677/1677 1690/1690/1690
f 1676/1676/1676 1690/1690/1690 1689/1689/1689
f 1691/1691/1691 1692/1692/1692 1705/1705/1705
f 1691/1691/1691 1705/1705/1705 1704/1704/1704
f 1692/1692/1692 1693/1693/1693 1706/1706/1706
f 1692/1692/1692 1706/1706/1706 1705/1705/1705
f 1693/1693/1693 1694/1694/1694 1707/1707/1707
f 1693/1693/1693 1707/1707/1707 1706/1706/1706
f 1694/1694/1694 1695/1695/1695 1708/1708/1708
f 1694/1694/1694 1708/1708/1708 1707/1707/1707
f 1695/1695/1695 1696/1696/1696 1709/1709/1709
f 1695/1695/1695 1709/1709/1709 1708/1708/1708
f 1696/1696/1696 1697/1697/1697 1710/1710/1710
f 1696/1696/1696 1710/1710/1710 1709/1709/1709
f 1697/1697/1697 1698/1698/1698 1711/1711/1711
f 1697/1697/1697 1711/1711/1711 1710/1710/1710
f 1698/1698/1698 1699/1699/1699 1712/1712/1712
f 1698/1698/1698 1712/1712/1712 1711/1711/1711
f 1699/1699/1699 1700/1700/1700 1713/1713/1713
f 1699/1699/1699 1713/1713/1713 1712/1712/1712
f 1700/1700/1700 1701/1701/1701 1714/1714/1714
f 1700/1700/1700 1714/1714/1714 1713/1713/1713
f 1701/1701/1701 1702/1702/1702 1715/1715/1715
f 1701/1701/1701 1715/1715/1715 1714/1714/1714
f 1702/1702/1702 1703/1703/1703 1716/1716/1716
f 1702/1702/1702 1716/1716/1716 1715/1715/1715
f 1704/1704/1704 1705/1705/1705 1718/1718/1718
f 1704/1704/1704 1718/1718/1718 1717/1717/1717
f 1705/1705/1705 1706/1706/1706 1719/1719/1719
f 1705/1705/1705 1719/1719/1719 1718/1718/1718
f 1706/1706/1706 1707/1707/1707 1720/1720/1720
f 1706/1706/1706 1720/1720/1720 1719/1719/1719
f 1707/1707/1707 1708/1708/1708 1721/1721/1721
f 1707/1707/1707 1721/1721/1721 1720/1720/1720
f 1708/1708/1708 1709/1709/1709 1722/1722/1722
f 1708/1708/1708 1722/1722/1722 1721/1721/1721
f 1709/1709/1709 1710/1710/1710 1723/1723/1723
f 1709/1709/1709 1723/1723/1723 1722/1722/1722
f 1710/1710/1710 1711/1711/1711 1724/1724/1724
f 1710/1710/1710 1724/1724/1724 1723/1723/1723
f 1711/1711/1711 1712/1712/1712 1725/1725/1725
f 1711/1711/1711 1725/1725/1725 1724/1724/1724
f 1712/1712/1712 1713/1713/1713 1726/1726/1726
f 1712/1712/1712 1726/1726/1726 1725/1725/1725
f 1713/1713/1713 1714/1714/1714 1727/1727/1727
f 1713/1713/1713 1727/1727/1727 1726/1726/1726
f 1714/1714/1714 1715/1715/1715 1728/1728/1728
f 1714/1714/1714 1728/1728/1728 1727/1727/1727
f 1715/1715/1715 1716/1716/1716 1729/1729/1729
f 1715/1715/1715 1729/1729/1729 1728/1728/1728
f 1717/1717/1717 1718/1718/1718 1731/1731/1731
f 1717/1717/1717 1731/1731/1731 1730/1730/1730
f 1718/1718/1718 1719/1719/1719 1732/1732/1732
f 1718/1718/1718 1732/1732/1732 1731/1731/1731
f 1719/1719/1719 1720/1720/1720 1733/1733/1733
f 1719/1719/1719 1733/1733/1733 1732/1732/1732
f 1720/1720/1720 1721/1721/1721 1734/1734/1734
f 1720/1720/1720 1734/1734/1734 1733/1733/1733
f 1721/1721/1721 1722/1722/1722 1735/1735/1735
f 1721/1721/1721 1735/1735/1735 1734/1734/1734
f 1722/1722/1722 1723/1723/1723 1736/1736/1736
f 1722/1722/1722 1736/1736/1736 1735/1735/1735
f 1723/1723/1723 1724/1724/1724 1737/1737/1737
f 1723/1723/1723 1737/1737/1737 1736/1736/1736
f 1724/1724/1724 1725/1725/1725 1738/1738/1738
f 1724/1724/1724 1738/1738/1738 1737/1737/1737
f 1725/1725/1725 1726/1726/1726 1739/1739/1739
f 1725/1725/1725 1739/1739/1739 1738/1738/1738
f 1726/1726/1726 1727/1727/1727 1740/1740/1740
f 1726/1726/1726 1740/1740/1740 1739/1739/1739
f 1727/1727/1727 1728/1728/1728 1741/1741/1741
f 1727/1727/1727 1741/1741/1741 1740/1740/1740
f 1728/1728/1728 1729/1729/1729 1742/1742/1742
f 1728/1728/1728 1742/1742/1742 1741/1741/1741
f 1730/1730/1730 1731/1731/1731 1744/1744/1744
f 1730/1730/1730 1744/1744/1744 1743/1743/1743
f 1731/1731/1731 1732/1732/1732 1745/1745/1745
f 1731/1731/1731 1745/1745/1745 1744/1744/1744
f 1732/1732/1732 1733/1733/1733 1746/1746/1746
f 1732/1732/1732 1746/1746/1746 1745/1745/1745
f 1733/1733/1733 1734/1734/1734 1747/1747/1747
f 1733/1733/1733 1747/1747/1747 1746/1746/1746
f 1734/1734/1734 1735/1735/1735 1748/1748/1748
f 1734/1734/1734 1748/1748/1748 1747/1747/1747
f 1735/1735/1735 1736/1736/1736 1749/1749/1749
f 1735/1735/1735 1749/1749/1749 1748/1748/1748
f 1736/1736/1736 1737/1737/1737 1750/1750/1750
f 1736/1736/1736 1750/1750/1750 1749/1749/1749
f 1737/1737/1737 1738/1738/1738 1751/1751/1751
f 1737/1737/1737 1751/1751/1751 1750/1750/1750
f 1738/1738/1738 1739/1739/1739 1752/1752/1752
f 1738/1738/1738 1752/1752/1752 1751/1751/1751
f 1739/1739/1739 1740/1740/1740 1753/1753/1753
f 1739/1739/1739 1753/1753/1753 1752/1752/1752
f 1740/1740/1740 1741/1741/1741 1754/1754/1754
f 1740/1740/1740 1754/1754/1754 1753/1753/1753
f 1741/1741/1741 1742/1742/1742 1755/1755/1755
f 1741/1741/1741 1755/1755/1755 1754/1754/1754
f 1743/1743/1743 1744/1744/1744 1757/1757/1757
f 1743/1743/1743 1757/1757/1757 1756/1756/1756
f 1744/1744/1744 1745/1745/1745 1758/1758/1758
f 1744/1744/1744 1758/1758/1758 1757/1757/1757
f 1745/1745/1745 1746/1746/1746 1759/1759/1759
f 1745/1745/1745 1759/1759/1759 1758/1758/1758
f 1746/1746/1746 1747/1747/1747 1760/1760/1760
f 1746/1746/1746 1760/1760/1760 1759/1759/1759
f 1747/1747/1747 1748/1748/1748 1761/1761/1761
f 1747/1747/1747 1761/1761/1761 1760/1760/1760
f 1748/1748/1748 1749/1749/1749 1762/1762/1762
f 1748/1748/1748 1762/1762/1762 1761/1761/1761
f 1749/1749/1749 1750/1750/1750 1763/1763/1763
f 1749/1749/1749 1763/1763/1763 1762/1762/1762
f 1750/1750/1750 1751/1751/1751 1764/1764/1764
f 1750/1750/1750 1764/1764/1764 1763/1763/1763
f 1751/1751/1751 1752/1752/1752 1765/1765/1765
f 1751/1751/1751 1765/1765/1765 1764/1764/1764
f 1752/1752/1752 1753/1753/1753 1766/1766/1766
f 1752/1752/1752 1766/1766/1766 1765/1765/1765
f 1753/1753/1753 1754/1754/1754 1767/1767/1767
f 1753/1753/1753 1767/1767/1767 1766/1766/1766
f 1754/1754/1754 1755/1755/1755 1768/1768/1768
f 1754/1754/1754 1768/1768/1768 1767/1767/1767
f 1756/1756/1756 1757/1757/1757 1770/1770/1770
f 1756/1756/1756 1770/1770/1770 1769/1769/1769
f 1757/1757/1757 1758/1758/1758 1771/1771/1771
f 1757/1757/1757 1771/1771/1771 1770/1770/1770
f 1758/1758/1758 1759/1759/1759 1772/1772/1772
f 1758/1758/1758 1772/1772/1772 1771/1771/1771
f 1759/1759/1759 1760/1760/1760 1773/1773/1773
f 1759/1759/1759 1773/1773/1773 1772/1772/1772
f 1760/1760/1760 1761/1761/1761 1774/1774/1774
f 1760/1760/1760 1774/1774/1774 1773/1773/1773
f 1761/1761/1761 1762/1762/1762 1775/1775/1775
f 1761/1761/1761 1775/1775/1775 1774/1774/1774
f 1762/1762/1762 1763/1763/1763 1776/1776/1776
f 1762/1762/1762 1776/1776/1776 1775/1775/1775
f 1763/1763/1763 1764/1764/1764 1777/1777/1777
f 1763/1763/1763 1777/1777/1777 1776/1776/1776
f 1764/1764/1764 1765/1765/1765 1778/1778/1778
f 1764/1764/1764 1778/1778/1778 1777/1777/1777
f 1765/1765/1765 1766/1766/1766 1779/1779/1779
f 1765/1765/1765 1779/1779/1779 1778/1778/1778
f 1766/1766/1766 1767/1767/1767 1780/1780/1780
f 1766/1766/1766 1780/1780/1780 1779/1779/1779
f 1767/1767/1767 1768/1768/1768 1781/1781/1781
f 1767/1767/1767 1781/1781/1781 1780/1780/1780
f 1769/1769/1769 1770/1770/1770 1783/1783/1783
f 1769/1769/1769 1783/1783/1783 1782/1782/1782
f 1770/1770/1770 1771/1771/1771 1784/1784/1784
f 1770/1770/1770 1784/1784/1784 1783/1783/1783
f 1771/1771/1771 1772/1772/1772 1785/1785/1785
f 1771/1771/1771 1785/1785/1785 1784/1784/1784
f 1772/1772/1772 1773/1773/1773 1786/1786/1786
f 1772/1772/1772 1786/1786/1786 1785/1785/1785
f 1773/1773/1773 1774/1774/1774 1787/1787/1787
f 1773/1773/1773 1787/1787/1787 1786/1786/1786
f 1774/1774/1774 1775/1775/1775 1788/1788/1788
f 1774/1774/1774 1788/1788/1788 1787/1787/1787
f 1775/1775/1775 1776/1776/1776 1789/1789/1789
f 1775/1775/1775 1789/1789/1789 1788/1788/1788
f 1776/1776/1776 1777/1777/1777 1790/1790/1790
f 1776/1776/1776 1790/1790/1790 1789/1789/1789
f 1777/1777/1777 1778/1778/1778 1791/1791/1791
f 1777/1777/1777 1791/1791/1791 1790/1790/1790
f 1778/1778/1778 1779/1779/1779 1792/1792/1792
f 1778/1778/1778 1792/1792/1792 1791/1791/1791
f 1779/1779/1779 1780/1780/1780 1793/1793/1793
f 1779/1779/1779 1793/1793/1793 1792/1792/1792
f 1780/1780/1780 1781/1781/1781 1794/1794/1794
f 1780/1780/1780 1794/1794/1794 1793/1793/1793
f 1782/1782/1782 1783/1783/1783 1796/1796/1796
f 1782/1782/1782 1796/1796/1796 1795/1795/1795
f 1783/1783/1783 1784/1784/1784 1797/1797/1797
f 1783/1783/1783 1797/1797/1797 1796/1796/1796
f 1784/1784/1784 1785/1785/1785 1798/1798/1798
f 1784/1784/1784 1798/1798/1798 1797/1797/1797
f 1785/1785/1785 1786/1786/1786 1799/1799/1799
f 1785/1785/1785 1799/1799/1799 1798/1798/1798
f 1786/1786/1786 1787/1787/1787 1800/1800/1800
f 1786/1786/1786 1800/1800/1800 1799/1799/1799
f 1787/1787/1787 1788/1788/1788 1801/1801/1801
f 1787/1787/1787 1801/1801/1801 1800/1800/1800
f 1788/1788/1788 1789/1789/1789 1802/1802/1802
f 1788/1788/1788 1802/1802/1802 1801/1801/1801
f 1789/1789/1789 1790/1790/1790 1803/1803/1803
f 1789/1789/1789 1803/1803/1803 1802/1802/1802
f 1790/1790/1790 1791/1791/1791 1804/1804/1804
f 1790/1790/1790 1804/1804/1804 1803/1803/1803
f 1791/1791/1791 1792/1792/1792 1805/1805/1805
f 1791/1791/1791 1805/1805/1805 1804/1804/1804
f 1792/1792/1792 1793/1793/1793 1806/1806/1806
f 1792/1792/1792 1806/1806/1806 1805/1805/1805
f 1793/1793/1793 1794/1794/1794 1807/1807/1807
f 1793/1793/1793 1807/1807/1807 1806/1806/1806
f 1795/1795/1795 1796/1796/1796 1809/1809/1809
f 1795/1795/1795 1809/1809/1809 1808/1808/1808
f 1796/1796/1796 1797/1797/1797 1810/1810/1810
f 1796/1796/1796 1810/1810/1810 1809/1809/1809
f 1797/1797/1797 1798/1798/1798 1811/1811/1811
f 1797/1797/1797 1811/1811/1811 1810/1810/1810
f 1798/1798/1798 1799/1799/1799 1812/1812/1812
f 1798/1798/1798 1812/1812/1812 1811/1811/1811
f 1799/1799/1799 1800/1800/1800 1813/1813/1813
f 1799/1799/1799 1813/1813/1813 1812/1812/1812
f 1800/1800/1800 1801/1801/1801 1814/1814/1814
f 1800/1800/1800 1814/1814/1814 1813/1813/1813
f 1801/1801/1801 1802/1802/1802 1815/1815/1815
f 1801/1801/1801 1815/1815/1815 1814/1814/1814
f 1802/1802/1802 1803/1803/1803 1816/1816/1816
f 1802/1802/1802 1816/1816/1816 1815/1815/1815
f 1803/1803/1803 1804/1804/1804 1817/1817/1817
f 1803/1803/1803 1817/1817/1817 1816/1816/1816
f 1804/1804/1804 1805/1805/1805 1818/1818/1818
f 1804/1804/1804 1818/1818/1818 1817/1817/1817
f 1805/1805/1805 1806/1806/1806 1819/1819/1819
f 1805/1805/1805 1819/1819/1819 1818/1818/1818
f 1806/1806/1806 1807/1807/1807 1820/1820/1820
f 1806/1806/1806 1820/1820/1820 1819/1819/1819
f 1808/1808/1808 1809/1809/1809 1822/1822/1822
f 1808/1808/1808 1822/1822/1822 1821/1821/1821
f 1809/1809/1809 1810/1810/1810 1823/1823/1823
f 1809/1809/1809 1823/1823/1823 1822/1822/1822
f 1810/1810/1810 1811/1811/1811 1824/1824/1824
f 1810/1810/1810 1824/1824/1824 1823/1823/1823
f 1811/1811/1811 1812/1812/1812 1825/1825/1825
f 1811/1811/1811 1825/1825/1825 1824/1824/1824
f 1812/1812/1812 1813/1813/1813 1826/1826/1826
f 1812/1812/1812 1826/1826/1826 1825/1825/1825
f 1813/1813/1813 1814/1814/1814 1827/1827/1827
f 1813/1813/1813 1827/1827/1827 1826/1826/1826
f 1814/1814/1814 1815/1815/1815 1828/1828/1828
f 1814/1814/1814 1828/1828/1828 1827/1827/1827
f 1815/1815/1815 1816/1816/1816 1829/1829/1829
f 1815/1815/1815 1829/1829/1829 1828/1828/1828
f 1816/1816/1816 1817/1817/1817 1830/1830/1830
f 1816/1816/1816 1830/1830/1830 1829/1829/1829
f 1817/1817/1817 1818/1818/1818 1831/1831/1831
f 1817/1817/1817 1831/1831/1831 1830/1830/1830
f 1818/1818/1818 1819/1819/1819 1832/1832/1832
f 1818/1818/1818 1832/1832/1832 1831/1831/1831
f 1819/1819/1819 1820/1820/1820 1833/1833/1833
f 1819/1819/1819 1833/1833/1833 1832/1832/1832
f 1821/1821/1821 1822/1822/1822 1835/1835/1835
f 1821/1821/1821 1835/1835/1835 1834/1834/1834
f 1822/1822/1822 1823/1823/1823 1836/1836/1836
f 1822/1822/1822 1836/1836/1836 1835/1835/1835
f 1823/1823/1823 1824/1824/1824 1837/1837/1837
f 1823/1823/1823 1837/1837/1837 1836/1836/1836
f 1824/1824/1824 1825/1825/1825 1838/1838/1838
f 1824/1824/1824 1838/1838/1838 1837/1837/1837
f 1825/1825/1825 1826/1826/1826 1839/1839/1839
f 1825/1825/1825 1839/1839/1839 1838/1838/1838
f 1826/1826/1826 1827/1827/1827 1840/1840/1840
f 1826/1826/1826 1840/1840/1840 1839/1839/1839
f 1827/1827/1827 1828/1828/1828 1841/1841/1841
f 1827/1827/1827 1841/1841/1841 1840/1840/1840
f 1828/1828/1828 1829/1829/1829 1842/1842/1842
f 1828/1828/1828 1842/1842/1842 1841/1841/1841
f 1829/1829/1829 1830/1830/1830 1843/1843/1843
f 1829/1829/1829 1843/1843/1843 1842/1842/1842
f 1830/1830/1830 1831/1831/1831 1844/1844/1844
f 1830/1830/1830 1844/1844/1844 1843/1843/1843
f 1831/1831/1831 1832/1832/1832 1845/1845/1845
f 1831/1831/1831 1845/1845/1845 1844/1844/1844
f 1832/1832/1832 1833/1833/1833 1846/1846/1846
f 1832/1832/1832 1846/1846/1846 1845/1845/1845
f 1834/1834/1834 1835/1835/1835 1848/1848/1848
f 1834/1834/1834 1848/1848/1848 1847/1847/1847
f 1835/1835/1835 1836/1836/1836 1849/1849/1849
f 1835/1835/1835 1849/1849/1849 1848/1848/1848
f 1836/1836/1836 1837/1837/1837 1850/1850/1850
f 1836/1836/1836 1850/1850/1850 1849/1849/1849
f 1837/1837/1837 1838/1838/1838 1851/1851/1851
f 1837/1837/1837 1851/1851/1851 1850/1850/1850
f 1838/1838/1838 1839/1839/1839 1852/1852/1852
f 1838/1838/1838 1852/1852/1852 1851/1851/1851
f 1839/1839/1839 1840/1840/1840 1853/1853/1853
f 1839/1839/1839 1853/1853/1853 1852/1852/1852
f 1840/1840/1840 1841/1841/1841 1854/1854/1854
f 1840/1840/1840 1854/1854/1854 1853/1853/1853
f 1841/1841/1841 1842/1842/1842 1855/1855/1855
f 1841/1841/1841 1855/1855/1855 1854/1854/1854
f 1842/1842/1842 1843/1843/1843 1856/1856/1856
f 1842/1842/1842 1856/1856/1856 1855/1855/1855
f 1843/1843/1843 1844/1844/1844 1857/1857/1857
f 1843/1843/1843 1857/1857/1857 1856/1856/1856
f 1844/1844/1844 1845/1845/1845 1858/1858/1858
f 1844/1844/1844 1858/1858/1858 1857/1857/1857
f 1845/1845/1845 1846/1846/1846 1859/1859/1859
f 1845/1845/1845 1859/1859/1859 1858/1858/1858
f 1860/1860/1860 1861/1861/1861 1874/1874/1874
f 1860/1860/1860 1874/1874/1874 1873/1873/1873
f 1861/1861/1861 1862/1862/1862 1875/1875/1875
f 1861/1861/1861 1875/1875/1875 1874/1874/1874
f 1862/1862/1862 1863/1863/1863 1876/1876/1876
f 1862/1862/1862 1876/1876/1876 1875/1875/1875
f 1863/1863/1863 1864/1864/1864 1877/1877/1877
f 1863/1863/1863 1877/1877/1877 1876/1876/1876
f 1864/1864/1864 1865/1865/1865 1878/1878/1878
f 1864/1864/1864 1878/1878/1878 1877/1877/1877
f 1865/1865/1865 1866/1866/1866 1879/1879/1879
f 1865/1865/1865 1879/1879/1879 1878/1878/1878
f 1866/1866/1866 1867/1867/1867 1880/1880/1880
f 1866/1866/1866 1880/1880/1880 1879/1879/1879
f 1867/1867/1867 1868/1868/1868 1881/1881/1881
f 1867/1867/1867 1881/1881/1881 1880/1880/1880
f 1868/1868/1868 1869/1869/1869 1882/1882/1882
f 1868/1868/1868 1882/1882/1882 1881/1881/1881
f 1869/1869/1869 1870/1870/1870 1883/1883/1883
f 1869/1869/1869 1883/1883/1883 1882/1882/1882
f 1870/1870/1870 1871/1871/1871 1884/1884/1884
f 1870/1870/1870 1884/1884/1884 1883/1883/1883
f 1871/1871/1871 1872/1872/1872 1885/1885/1885
f 1871/1871/1871 1885/1885/1885 1884/1884/1884
f 1873/1873/1873 1874/1874/1874 1887/1887/1887
f 1873/1873/1873 1887/1887/1887 1886/1886/1886
f 1874/1874/1874 1875/1875/1875 1888/1888/1888
f 1874/1874/1874 1888/1888/1888 1887/1887/1887
f 1875/1875/1875 1876/1876/1876 1889/1889/1889
f 1875/1875/1875 1889/1889/1889 1888/1888/1888
f 1876/1876/1876 1877/1877/1877 1890/1890/1890
f 1876/1876/1876 1890/1890/1890 1889/1889/1889
f 1877/1877/1877 1878/1878/1878 1891/1891/1891
f 1877/1877/1877 1891/1891/1891 1890/1890/1890
f 1878/1878/1878 1879/1879/1879 1892/1892/1892
f 1878/1878/1878 1892/1892/1892 1891/1891/1891
f 1879/1879/1879 1880/1880/1880 1893/1893/1893
f 1879/1879/1879 1893/1893/1893 1892/1892/1892
f 1880/1880/1880 1881/1881/1881 1894/1894/1894
f 1880/1880/1880 1894/1894/1894 1893/1893/1893
f 1881/1881/1881 1882/1882/1882 1895/1895/1895
f 1881/1881/1881 1895/1895/1895 1894/1894/1894
f 1882/1882/1882 1883/1883/1883 1896/1896/1896
f 1882/1882/1882 1896/1896/1896 1895/1895/1895
f 1883/1883/1883 1884/1884/1884 1897/1897/1897
f 1883/1883/1883 1897/1897/1897 1896/1896/1896
f 1884/1884/1884 1885/1885/1885 1898/1898/1898
f 1884/1884/1884 1898/1898/1898 1897/1897/1897
f 1886/1886/1886 1887/1887/1887 1900/1900/1900
f 1886/1886/1886 1900/1900/1900 1899/1899/1899
f 1887/1887/1887 1888/1888/1888 1901/1901/1901
f 1887/1887/1887 1901/1901/1901 1900/1900/1900
f 1888/1888/1888 1889/1889/1889 1902/1902/1902
f 1888/1888/1888 1902/1902/1902 1901/1901/1901
f 1889/1889/1889 1890/1890/1890 1903/1903/1903
f 1889/1889/1889 1903/1903/1903 1902/1902/1902
f 1890/1890/1890 1891/1891/1891 1904/1904/1904
f 1890/1890/1890 1904/1904/1904 1903/1903/1903
f 1891/1891/1891 1892/1892/1892 1905/1905/1905
f 1891/1891/1891 1905/1905/1905 1904/1904/1904
f 1892/1892/1892 1893/1893/1893 1906/1906/1906
f 1892/1892/1892 1906/1906/1906 1905/1905/1905
f 1893/1893/1893 1894/1894/1894 1907/1907/1907
f 1893/1893/1893 1907/1907/1907 1906/1906/1906
f 1894/1894/1894 1895/1895/1895 1908/1908/1908
f 1894/1894/1894 1908/1908/1908 1907/1907/1907
f 1895/1895/1895 1896/1896/1896 1909/1909/1909
f 1895/1895/1895 1909/1909/1909 1908/1908/1908
f 1896/1896/1896 1897/1897/1897 1910/1910/1910
f 1896/1896/1896 1910/1910/1910 1909/1909/1909
f 1897/1897/1897 1898/1898/1898 1911/1911/1911
f 1897/1897/1897 1911/1911/1911 1910/1910/1910
f 1899/1899/1899 1900/1900/1900 1913/1913/1913
f 1899/1899/1899 1913/1913/1913 1912/1912/1912
f 1900/1900/1900 1901/1901/1901 1914/1914/1914
f 1900/1900/1900 1914/1914/1914 1913/1913/1913
f 1901/1901/1901 1902/1902/1902 1915/1915/1915
f 1901/1901/1901 1915/1915/1915 1914/1914/1914
f 1902/1902/1902 1903/1903/1903 1916/1916/1916
f 1902/1902/1902 1916/1916/1916 1915/1915/1915
f 1903/1903/1903 1904/1904/1904 1917/1917/1917
f 1903/1903/1903 1917/1917/1917 1916/1916/1916
f 1904/1904/1904 1905/1905/1905 1918/1918/1918
f 1904/1904/1904 1918/1918/1918 1917/1917/1917
f 1905/1905/1905 1906/1906/1906 1919/1919/1919
f 1905/1905/1905 1919/1919/1919 1918/1918/1918
f 1906/1906/1906 1907/1907/1907 1920/1920/1920
f 1906/1906/1906 1920/1920/1920 1919/1919/1919
f 1907/1907/1907 1908/1908/1908 1921/1921/1921
f 1907/1907/1907 1921/1921/1921 1920/1920/1920
f 1908/1908/1908 1909/1909/1909 1922/1922/1922
f 1908/1908/1908 1922/1922/1922 1921/1921/1921
f 1909/1909/1909 1910/1910/1910 1923/1923/1923
f 1909/1909/1909 1923/1923/1923 1922/1922/1922
f 1910/1910/1910 1911/1911/1911 1924/1924/1924
f 1910/1910/1910 1924/1924/1924 1923/1923/1923
f 1912/1912/1912 1913/1913/1913 1926/1926/1926
f 1912/1912/1912 1926/1926/1926 1925/1925/1925
f 1913/1913/1913 1914/1914/1914 1927/1927/1927
f 1913/1913/1913 1927/1927/1927 1926/1926/1926
f 1914/1914/1914 1915/1915/1915 1928/1928/1928
f 1914/1914/1914 1928/1928/1928 1927/1927/1927
f 1915/1915/1915 1916/1916/1916 1929/1929/1929
f 1915/1915/1915 1929/1929/1929 1928/1928/1928
f 1916/1916/1916 1917/1917/1917 1930/1930/1930
f 1916/1916/1916 1930/1930/1930 1929/1929/1929
f 1917/1917/1917 1918/1918/1918 1931/1931/1931
f 1917/1917/1917 1931/1931/1931 1930/1930/1930
f 1918/1918/1918 1919/1919/1919 1932/1932/1932
f 1918/1918/1918 1932/1932/1932 1931/1931/1931
f 1919/1919/1919 1920/1920/1920 1933/1933/1933
f 1919/1919/1919 1933/1933/1933 1932/1932/1932
f 1920/1920/1920 1921/1921/1921 1934/1934/1934
f 1920/1920/1920 1934/1934/1934 1933/1933/1933
f 1921/1921/1921 1922/1922/1922 1935/1935/1935
f 1921/1921/1921 1935/1935/1935 1934/1934/1934
f 1922/1922/1922 1923/1923/1923 1936/1936/1936
f 1922/1922/1922 1936/1936/1936 1935/1935/1935
f 1923/1923/1923 1924/1924/1924 1937/1937/1937
f 1923/1923/1923 1937/1937/1937 1936/1936/1936
f 1925/1925/1925 1926/1926/1926 1939/1939/1939
f 1925/1925/1925 1939/1939/1939 1938/1938/1938
f 1926/1926/1926 1927/1927/1927 1940/1940/1940
f 1926/1926/1926 1940/1940/1940 1939/1939/1939
f 1927/1927/1927 1928/1928/1928 1941/1941/1941
f 1927/1927/1927 1941/1941/1941 1940/1940/1940
f 1928/1928/1928 1929/1929/1929 1942/1942/1942
f 1928/1928/1928 1942/1942/1942 1941/1941/1941
f 1929/1929/1929 1930/1930/1930 1943/1943/1943
f 1929/1929/1929 1943/1943/1943 1942/1942/1942
f 1930/1930/1930 1931/1931/1931 1944/1944/1944
f 1930/1930/1930 1944/1944/1944 1943/1943/1943
f 1931/1931/1931 1932/1932/1932 1945/1945/1945
f 1931/1931/1931 1945/1945/1945 1944/1944/1944
f 1932/1932/1932 1933/1933/1933 1946/1946/1946
f 1932/1932/1932 1946/1946/1946 1945/1945/1945
f 1933/1933/1933 1934/1934/1934 1947/1947/1947
f 1933/1933/1933 1947/1947/1947 1946/1946/1946
f 1934/1934/1934 1935/1935/1935 1948/1948/1948
f 1934/1934/1934 1948/1948/1948 1947/1947/1947
f 1935/1935/1935 1936/1936/1936 1949/1949/1949
f 1935/1935/1935 1949/1949/1949 1948/1948/1948
f 1936/1936/1936 1937/1937/1937 1950/1950/1950
f 1936/1936/1936 1950/1950/1950 1949/1949/1949
f 1938/1938/1938 1939/1939/1939 1952/1952/1952
f 1938/1938/1938 1952/1952/1952 1951/1951/1951
f 1939/1939/1939 1940/1940/1940 1953/1953/1953
f 1939/1939/1939 1953/1953/1953 1952/1952/1952
f 1940/1940/1940 1941/1941/1941 1954/1954/1954
f 1940/1940/1940 1954/1954/1954 1953/1953/1953
f 1941/1941/1941 1942/1942/1942 1955/1955/1955
f 1941/1941/1941 1955/1955/1955 1954/1954/1954
f 1942/1942/1942 1943/1943/1943 1956/1956/1956
f 1942/1942/1942 1956/1956/1956 1955/1955/1955
f 1943/1943/1943 1944/1944/1944 1957/1957/1957
f 1943/1943/1943 1957/1957/1957 1956/1956/1956
f 1944/1944/1944 1945/1945/1945 1958/1958/1958
f 1944/1944/1944 1958/1958/1958 1957/1957/1957
f 1945/1945/1945 1946/1946/1946 1959/1959/1959
f 1945/1945/1945 1959/1959/1959 1958/1958/1958
f 1946/1946/1946 1947/1947/1947 1960/1960/1960
f 1946/1946/1946 1960/1960/1960 1959/1959/1959
f 1947/1947/1947 1948/1948/1948 1961/1961/1961
f 1947/1947/1947 1961/1961/1961 1960/1960/1960
f 1948/1948/1948 1949/1949/1949 1962/1962/1962
f 1948/1948/1948 1962/1962/1962 1961/1961/1961
f 1949/1949/1949 1950/1950/1950 1963/1963/1963
f 1949/1949/1949 1963/1963/1963 1962/1962/1962
f 1951/1951/1951 1952/1952/1952 1965/1965/1965
f 1951/1951/1951 1965/1965/1965 1964/1964/1964
f 1952/1952/1952 1953/1953/1953 1966/1966/1966
f 1952/1952/1952 1966/1966/1966 1965/1965/1965
f 1953/1953/1953 1954/1954/1954 1967/1967/1967
f 1953/1953/1953 1967/1967/1967 1966/1966/1966
f 1954/1954/1954 1955/1955/1955 1968/1968/1968
f 1954/1954/1954 1968/1968/1968 1967/1967/1967
f 1955/1955/1955 1956/1956/1956 1969/1969/1969
f 1955/1955/1955 1969/1969/1969 1968/1968/1968
f 1956/1956/1956 1957/1957/1957 1970/1970/1970
f 1956/1956/1956 1970/1970/1970 1969/1969/1969
f 1957/1957/1957 1958/1958/1958 1971/1971/1971
f 1957/1957/1957 1971/1971/1971 1970/1970/1970
f 1958/1958/1958 1959/1959/1959 1972/1972/1972
f 1958/1958/1958 1972/1972/1972 1971/1971/1971
f 1959/1959/1959 1960/1960/1960 1973/1973/1973
f 1959/1959/1959 1973/1973/1973 1972/1972/1972
f 1960/1960/1960 1961/1961/1961 1974/1974/1974
f 1960/1960/1960 1974/1974/1974 1973/1973/1973
f 1961/1961/1961 1962/1962/1962 1975/1975/1975
f 1961/1961/1961 1975/1975/1975 1974/1974/1974
f 1962/1962/1962 1963/1963/1963 1976/1976/1976
f 1962/1962/1962 1976/1976/1976 1975/1975/1975
f 1964/1964/1964 1965/1965/1965 1978/1978/1978
f 1964/1964/1964 1978/1978/1978 1977/1977/1977
f 1965/1965/1965 1966/1966/1966 1979/1979/1979
f 1965/1965/1965 1979/1979/1979 1978/1978/1978
f 1966/1966/1966 1967/1967/1967 1980/1980/1980
f 1966/1966/1966 1980/1980/1980 1979/1979/1979
f 1967/1967/1967 1968/1968/1968 1981/1981/1981
f 1967/1967/1967 1981/1981/1981 1980/1980/1980
f 1968/1968/1968 1969/1969/1969 1982/1982/1982
f 1968/1968/1968 1982/1982/1982 1981/1981/1981
f 1969/1969/1969 1970/1970/1970 1983/1983/1983
f 1969/1969/1969 1983/1983/1983 1982/1982/1982
f 1970/1970/1970 1971/1971/1971 1984/1984/1984
f 1970/1970/1970 1984/1984/1984 1983/1983/1983
f 1971/1971/1971 1972/1972/1972 1985/1985/1985
f 1971/1971/1971 1985/1985/1985 1984/1984/1984
f 1972/1972/1972 1973/1973/1973 1986/1986/1986
f 1972/1972/1972 1986/1986/1986 1985/1985/1985
f 1973/1973/1973 1974/1974/1974 1987/1987/1987
f 1973/1973/1973 1987/1987/1987 1986/1986/1986
f 1974/1974/1974 1975/1975/1975 1988/1988/1988
f 1974/1974/1974 1988/1988/1988 1987/1987/1987
f 1975/1975/1975 1976/1976/1976 1989/1989/1989
f 1975/1975/1975 1989/1989/1989 1988/1988/1988
f 1977/1977/1977 1978/1978/1978 1991/1991/1991
f 1977/1977/1977 1991/1991/1991 1990/1990/1990
f 1978/1978/1978 1979/1979/1979 1992/1992/1992
f 1978/1978/1978 1992/1992/1992 1991/1991/1991
f 1979/1979/1979 1980/1980/1980 1993/1993/1993
f 1979/1979/1979 1993/1993/1993 1992/1992/1992
f 1980/1980/1980 1981/1981/1981 1994/1994/1994
f 1980/1980/1980 1994/1994/1994 1993/1993/1993
f 1981/1981/1981 1982/1982/1982 1995/1995/1995
f 1981/1981/1981 1995/1995/1995 1994/1994/1994
f 1982/1982/1982 1983/1983/1983 1996/1996/1996
f 1982/1982/1982 1996/1996/1996 1995/1995/1995
f 1983/1983/1983 1984/1984/1984 1997/1997/1997
f 1983/1983/1983 1997/1997/1997 1996/1996/1996
f 1984/1984/1984 1985/1985/1985 1998/1998/1998
f 1984/1984/1984 1998/1998/1998 1997/1997/1997
f 1985/1985/1985 1986/1986/1986 1999/1999/1999
f 1985/1985/1985 1999/1999/1999 1998/1998/1998
f 1986/1986/1986 1987/1987/1987 2000/2000/2000
f 1986/1986/1986 2000/2000/2000 1999/1999/1999
f 1987/1987/1987 1988/1988/1988 2001/2001/2001
f 1987/1987/1987 2001/2001/2001 2000/2000/2000
f 1988/1988/1988 1989/1989/1989 2002/2002/2002
f 1988/1988/1988 2002/2002/2002 2001/2001/2001
f 1990/1990/1990 1991/1991/1991 2004/2004/2004
f 1990/1990/1990 2004/2004/2004 2003/2003/2003
f 1991/1991/1991 1992/1992/1992 2005/2005/2005
f 1991/1991/1991 2005/2005/2005 2004/2004/2004
f 1992/1992/1992 1993/1993/1993 2006/2006/2006
f 1992/1992/1992 2006/2006/2006 2005/2005/2005
f 1993/1993/1993 1994/1994/1994 2007/2007/2007
f 1993/1993/1993 2007/2007/2007 2006/2006/2006
f 1994/1994/1994 1995/1995/1995 2008/2008/2008
f 1994/1994/1994 2008/2008/2008 2007/2007/2007
f 1995/1995/1995 1996/1996/1996 2009/2009/2009
f 1995/1995/1995 2009/2009/2009 2008/2008/2008
f 1996/1996/1996 1997/1997/1997 2010/2010/2010
f 1996/1996/1996 2010/2010/2010 2009/2009/2009
f 1997/1997/1997 1998/1998/1998 2011/2011/2011
f 1997/1997/1997 2011/2011/2011 2010/2010/2010
f 1998/1998/1998 1999/1999/1999 2012/2012/2012
f 1998/1998/1998 2012/2012/2012 2011/2011/2011
f 1999/1999/1999 2000/2000/2000 2013/2013/2013
f 1999/1999/1999 2013/2013/2013 2012/2012/2012
f 2000/2000/2000 2001/2001/2001 2014/2014/2014
f 2000/2000/2000 2014/2014/2014 2013/2013/2013
f 2001/2001/2001 2002/2002/2002 2015/2015/2015
f 2001/2001/2001 2015/2015/2015 2014/2014/2014
f 2003/2003/2003 2004/2004/2004 2017/2017/2017
f 2003/2003/2003 2017/2017/2017 2016/2016/2016
f 2004/2004/2004 2005/2005/2005 2018/2018/2018
f 2004/2004/2004 2018/2018/2018 2017/2017/2017
f 2005/2005/2005 2006/2006/2006 2019/2019/2019
f 2005/2005/2005 2019/2019/2019 2018/2018/2018
f 2006/2006/2006 2007/2007/2007 2020/2020/2020
f 2006/2006/2006 2020/2020/2020 2019/2019/2019
f 2007/2007/2007 2008/2008/2008 2021/2021/2021
f 2007/2007/2007 2021/2021/2021 2020/2020/2020
f 2008/2008/2008 2009/2009/2009 2022/2022/2022
f 2008/2008/2008 2022/2022/2022 2021/2021/2021
f 2009/2009/2009 2010/2010/2010 2023/2023/2023
f 2009/2009/2009 2023/2023/2023 2022/2022/2022
f 2010/2010/2010 2011/2011/2011 2024/2024/2024
f 2010/2010/2010 2024/2024/2024 2023/2023/2023
f 2011/2011/2011 2012/2012/2012 2025/2025/2025
f 2011/2011/2011 2025/2025/2025 2024/2024/2024
f 2012/2012/2012 2013/2013/2013 2026/2026/2026
f 2012/2012/2012 2026/2026/2026 2025/2025/2025
f 2013/2013/2013 2014/2014/2014 2027/2027/2027
f 2013/2013/2013 2027/2027/2027 2026/2026/2026
f 2014/2014/2014 2015/2015/2015 2028/2028/2028
f 2014/2014/2014 2028/2028/2028 2027/2027/2027
